<?xml version="1.0" encoding="UTF-8"?>
<routes>
  <route no="42" destination="Alvøen kai" url="http://www.web2051.no/bin/tp/zuginfo.exe/on/636420/213586/923828/249774/1/" trafficDays="kjører Ti - Lø, ikke 14., 18., 25. Mai">
    <stop departure="0:05" routeNo="42">Bergen Busstasjon</stop>
    <stop arrival="0:08" departure="0:08">Olav Kyrres gate</stop>
    <stop arrival="0:09" departure="0:09">Møhlenpris v/ Industrihuset</stop>
    <stop arrival="0:14" departure="0:14">Lyngbø Motorvei R555</stop>
    <stop arrival="0:19" departure="0:19">Bjørndalstre krysset</stop>
    <stop arrival="0:20" departure="0:20">Loddefjord term.</stop>
    <stop arrival="0:23" departure="0:23">Hetlevikskiftet</stop>
    <stop arrival="0:23" departure="0:23">Hetlevikstrømmen</stop>
    <stop arrival="0:25" departure="0:25">Notaneset</stop>
    <stop arrival="0:26" departure="0:26">Haakonsvern/Mathopen</stop>
    <stop arrival="0:27" departure="0:27">Mathopen Sætre</stop>
    <stop arrival="0:28" departure="0:28">Skare (Mathopen skole)</stop>
    <stop arrival="0:30" departure="0:30">Hilleren</stop>
    <stop arrival="0:31" departure="0:31">Medhaugflaten</stop>
    <stop arrival="0:32" departure="0:32">Storingavika</stop>
    <stop arrival="0:32" departure="0:32">Lille Kongshaug</stop>
    <stop arrival="0:33" departure="0:33">Håkonshella Feriehjemmet</stop>
    <stop arrival="0:33" departure="0:33">Håkonshella Feriehjemmet</stop>
    <stop arrival="0:34" departure="0:34">Håkonshella Myren</stop>
    <stop arrival="0:34" departure="0:34">Håkonshella Skansen</stop>
    <stop arrival="0:35" departure="0:35">Håkonshella Ungdomshuset</stop>
    <stop arrival="0:36" departure="0:36">Håkonshella</stop>
    <stop arrival="0:39" departure="0:39">Hillehaugen</stop>
    <stop arrival="0:40" departure="0:40">Ørnefjellet</stop>
    <stop arrival="0:41" departure="0:41">Alvøen gård</stop>
    <stop arrival="0:42" departure="0:42">Alvøen kryss holdepl.</stop>
    <stop arrival="0:42" departure="0:42">Alvøen nede</stop>
    <stop arrival="0:43">Alvøen kai</stop>
  </route>
</routes>
