<?xml version="1.0" encoding="UTF-8"?>
<routes>
  <route no="493" destination="Krokåsfeltet snuplass" url="http://www.web2051.no/bin/tp/zuginfo.exe/on/487857/165397/599178/136970/1/" trafficDays="kjører Lø, ikke 1. Mai">
    <stop departure="23:40" routeNo="493">Bergen Busstasjon</stop>
    <stop arrival="23:43" departure="23:43">Olav Kyrres gate</stop>
    <stop arrival="23:44" departure="23:44">Møhlenpris v/ Industrihuset</stop>
    <stop arrival="23:49" departure="23:49">Lyngbø Motorvei R555</stop>
    <stop arrival="23:54" departure="23:54">Frida Fasmer R555</stop>
    <stop arrival="23:55" departure="23:55">Storavatnet term.</stop>
    <stop arrival="23:58" departure="23:58">Brøstaneset</stop>
    <stop arrival="0:00" departure="0:00">Storeklubben (Askøy)</stop>
    <stop arrival="0:02" departure="0:02">Holmedal (Askøy)</stop>
    <stop arrival="0:05" departure="0:05">Kleppestø term.</stop>
    <stop arrival="0:06" departure="0:06">Kleppestø senter</stop>
    <stop arrival="0:07" departure="0:07">Askøy Helsetun</stop>
    <stop arrival="0:08" departure="0:08">Kleppestø ungdomsskole</stop>
    <stop arrival="0:08" departure="0:08">Florvågskiftet F216</stop>
    <stop arrival="0:09" departure="0:09">Kyrkjelmyra (Askøy)</stop>
    <stop arrival="0:10" departure="0:10">Øvre Kleppe v/Heimliveg</stop>
    <stop arrival="0:10" departure="0:10">Øvre Kleppe Toppen</stop>
    <stop arrival="0:11" departure="0:11">Rossvoll (Askøy)</stop>
    <stop arrival="0:12" departure="0:12">Ø.Kleppe Karisvingen</stop>
    <stop arrival="0:13" departure="0:13">Askøy senter</stop>
    <stop arrival="0:14" departure="0:14">Krokåsskiftet (Askøy)</stop>
    <stop arrival="0:15" departure="0:15">Juvikflaten (Askøy)</stop>
    <stop arrival="0:15" departure="0:15">Krokåsfeltet Svartadalstjønna</stop>
    <stop arrival="0:15" departure="0:15">Krokåsfeltet Ospedalshaugen</stop>
    <stop arrival="0:15" departure="0:15">Krokåsfeltet Peragjeret</stop>
    <stop arrival="0:20">Krokåsfeltet snuplass</stop>
  </route>
  <route no="493" destination="Krokåsfeltet snuplass" url="http://www.web2051.no/bin/tp/zuginfo.exe/on/447051/151796/247018/25508/1/" trafficDays="kjører">
    <stop departure="23:38" routeNo="493">Bergen Busstasjon</stop>
    <stop arrival="23:43" departure="23:43">Olav Kyrres gate</stop>
    <stop arrival="23:44" departure="23:44">Møhlenpris v/ Industrihuset</stop>
    <stop arrival="23:49" departure="23:49">Lyngbø Motorvei R555</stop>
    <stop arrival="23:54" departure="23:54">Frida Fasmer R555</stop>
    <stop arrival="23:55" departure="23:55">Storavatnet term.</stop>
    <stop arrival="23:58" departure="23:58">Brøstaneset</stop>
    <stop arrival="0:00" departure="0:00">Storeklubben (Askøy)</stop>
    <stop arrival="0:02" departure="0:02">Holmedal (Askøy)</stop>
    <stop arrival="0:05" departure="0:05">Kleppestø term.</stop>
    <stop arrival="0:06" departure="0:06">Kleppestø senter</stop>
    <stop arrival="0:07" departure="0:07">Askøy Helsetun</stop>
    <stop arrival="0:08" departure="0:08">Kleppestø ungdomsskole</stop>
    <stop arrival="0:08" departure="0:08">Florvågskiftet F216</stop>
    <stop arrival="0:09" departure="0:09">Kyrkjelmyra (Askøy)</stop>
    <stop arrival="0:10" departure="0:10">Øvre Kleppe v/Heimliveg</stop>
    <stop arrival="0:10" departure="0:10">Øvre Kleppe Toppen</stop>
    <stop arrival="0:11" departure="0:11">Rossvoll (Askøy)</stop>
    <stop arrival="0:12" departure="0:12">Ø.Kleppe Karisvingen</stop>
    <stop arrival="0:13" departure="0:13">Askøy senter</stop>
    <stop arrival="0:14" departure="0:14">Krokåsskiftet (Askøy)</stop>
    <stop arrival="0:15" departure="0:15">Juvikflaten (Askøy)</stop>
    <stop arrival="0:15" departure="0:15">Krokåsfeltet Svartadalstjønna</stop>
    <stop arrival="0:15" departure="0:15">Krokåsfeltet Ospedalshaugen</stop>
    <stop arrival="0:15" departure="0:15">Krokåsfeltet Peragjeret</stop>
    <stop arrival="0:25">Krokåsfeltet snuplass</stop>
  </route>
  <route no="493" destination="Krokåsfeltet snuplass" url="http://www.web2051.no/bin/tp/zuginfo.exe/on/646428/218238/814672/191861/1/" trafficDays="kjører Ti - Lø, ikke 14., 18., 25. Mai">
    <stop departure="0:35" routeNo="493">Kleppestø term.</stop>
    <stop arrival="0:36" departure="0:36">Kleppestø senter</stop>
    <stop arrival="0:37" departure="0:37">Askøy Helsetun</stop>
    <stop arrival="0:38" departure="0:38">Kleppestø ungdomsskole</stop>
    <stop arrival="0:38" departure="0:38">Florvågskiftet F216</stop>
    <stop arrival="0:39" departure="0:39">Kyrkjelmyra (Askøy)</stop>
    <stop arrival="0:40" departure="0:40">Øvre Kleppe v/Heimliveg</stop>
    <stop arrival="0:40" departure="0:40">Øvre Kleppe Toppen</stop>
    <stop arrival="0:41" departure="0:41">Rossvoll (Askøy)</stop>
    <stop arrival="0:42" departure="0:42">Ø.Kleppe Karisvingen</stop>
    <stop arrival="0:43" departure="0:43">Askøy senter</stop>
    <stop arrival="0:44" departure="0:44">Krokåsskiftet (Askøy)</stop>
    <stop arrival="0:45" departure="0:45">Juvikflaten (Askøy)</stop>
    <stop arrival="0:45" departure="0:45">Krokåsfeltet Svartadalstjønna</stop>
    <stop arrival="0:45" departure="0:45">Krokåsfeltet Ospedalshaugen</stop>
    <stop arrival="0:45" departure="0:45">Krokåsfeltet Peragjeret</stop>
    <stop arrival="0:50">Krokåsfeltet snuplass</stop>
  </route>
  <route no="494" destination="Ravnanger term." url="http://www.web2051.no/bin/tp/zuginfo.exe/on/961002/323160/258352/191158/1/" trafficDays="kjører Sø, ikke 2. Mai">
    <stop departure="0:10" routeNo="494">Bergen Busstasjon</stop>
    <stop arrival="0:13" departure="0:13">Olav Kyrres gate</stop>
    <stop arrival="0:14" departure="0:14">Møhlenpris v/ Industrihuset</stop>
    <stop arrival="0:19" departure="0:19">Lyngbø Motorvei R555</stop>
    <stop arrival="0:24" departure="0:24">Frida Fasmer R555</stop>
    <stop arrival="0:25" departure="0:25">Storavatnet term.</stop>
    <stop arrival="0:28" departure="0:28">Brøstaneset</stop>
    <stop arrival="0:30" departure="0:30">Storeklubben (Askøy)</stop>
    <stop arrival="0:32" departure="0:32">Holmedal (Askøy)</stop>
    <stop arrival="0:35" departure="0:35">Kleppestø term.</stop>
    <stop arrival="0:36" departure="0:36">Kleppestø senter</stop>
    <stop arrival="0:37" departure="0:37">Askøy Helsetun</stop>
    <stop arrival="0:37" departure="0:37">Kleppestø ungdomsskole</stop>
    <stop arrival="0:38" departure="0:38">Florvågskiftet F216</stop>
    <stop arrival="0:38" departure="0:38">Torvgården (Askøy)</stop>
    <stop arrival="0:39" departure="0:39">Skansen (Askøy)</stop>
    <stop arrival="0:39" departure="0:39">Svingen F216 (Askøy)</stop>
    <stop arrival="0:39" departure="0:39">Askøy senter</stop>
    <stop arrival="0:40" departure="0:40">Krokåsskiftet (Askøy)</stop>
    <stop arrival="0:41" departure="0:41">Juvikflaten (Askøy)</stop>
    <stop arrival="0:42" departure="0:42">Juvik bedehus (Askøy)</stop>
    <stop arrival="0:43" departure="0:43">Lavikskiftet (Askøy)</stop>
    <stop arrival="0:44" departure="0:44">Pålelva (Askøy)</stop>
    <stop arrival="0:44" departure="0:44">Kråvik (Askøy)</stop>
    <stop arrival="0:45" departure="0:45">Haugland Verkstedet (Askøy)</stop>
    <stop arrival="0:46" departure="0:46">Fjellveien (Askøy)</stop>
    <stop arrival="0:48" departure="0:48">Haugland skole (Askøy)</stop>
    <stop arrival="0:49" departure="0:49">Haugland bedehus (Askøy)</stop>
    <stop arrival="0:51" departure="0:51">Ravnanger</stop>
    <stop arrival="0:52">Ravnanger term.</stop>
  </route>
</routes>
