<?xml version="1.0" encoding="UTF-8"?>
<routes>
  <route no="20" destination="Rådal ved Lagunen" url="http://www.web2051.no/bin/tp/zuginfo.exe/on/879039/296834/991258/202617/1/" trafficDays="kjører Sø, ikke 2. Mai">
    <stop departure="0:00" routeNo="20">Gaia Fana</stop>
    <stop departure="0:02">Fana kirke</stop>
    <stop arrival="0:02" departure="0:02">Norheimsveien</stop>
    <stop arrival="0:03" departure="0:03">Kvernabekkvegen</stop>
    <stop arrival="0:04" departure="0:04">Titlestad</stop>
    <stop arrival="0:04" departure="0:04">Rydland (Titlestad, Fana)</stop>
    <stop arrival="0:05" departure="0:05">Øvre Titlestad</stop>
    <stop arrival="0:06" departure="0:06">Bergheim</stop>
    <stop arrival="0:06" departure="0:06">Bergheim</stop>
    <stop arrival="0:08" departure="0:08">Hordnesskiftet Stend</stop>
    <stop arrival="0:09" departure="0:09">Steinknuseverket</stop>
    <stop arrival="0:09" departure="0:09">Rådalshaug</stop>
    <stop arrival="0:10" departure="0:10">Sunea</stop>
    <stop arrival="0:11" departure="0:11">Rådal</stop>
    <stop arrival="0:12">Rådal ved Lagunen</stop>
  </route>
  <route no="20" destination="Rådal ved Lagunen" url="http://www.web2051.no/bin/tp/zuginfo.exe/on/326112/112525/705860/244227/1/" trafficDays="kjører Sø, ikke 2. Mai">
    <stop departure="0:00" routeNo="20">Gaia Fana</stop>
    <stop departure="0:02">Fana kirke</stop>
    <stop arrival="0:02" departure="0:02">Norheimsveien</stop>
    <stop arrival="0:03" departure="0:03">Kvernabekkvegen</stop>
    <stop arrival="0:04" departure="0:04">Titlestad</stop>
    <stop arrival="0:04" departure="0:04">Rydland (Titlestad, Fana)</stop>
    <stop arrival="0:05" departure="0:05">Øvre Titlestad</stop>
    <stop arrival="0:06" departure="0:06">Bergheim</stop>
    <stop arrival="0:06" departure="0:06">Bergheim</stop>
    <stop arrival="0:08" departure="0:08">Hordnesskiftet Stend</stop>
    <stop arrival="0:09" departure="0:09">Steinknuseverket</stop>
    <stop arrival="0:09" departure="0:09">Rådalshaug</stop>
    <stop arrival="0:10" departure="0:10">Sunea</stop>
    <stop arrival="0:11" departure="0:11">Rådal</stop>
    <stop arrival="0:12">Rådal ved Lagunen</stop>
  </route>
  <route no="20" destination="Lønborglien snuplass" url="http://www.web2051.no/bin/tp/zuginfo.exe/on/482610/164796/68714/126514/1/" trafficDays="kjører Ti - Lø, ikke 14., 18., 25. Mai">
    <stop departure="0:08" routeNo="20">Gaia Fana</stop>
    <stop arrival="0:10" departure="0:10">Fana kirke</stop>
    <stop arrival="0:10" departure="0:10">Norheimsveien</stop>
    <stop arrival="0:11" departure="0:11">Kvernabekkvegen</stop>
    <stop arrival="0:12" departure="0:12">Titlestad</stop>
    <stop arrival="0:12" departure="0:12">Rydland (Titlestad, Fana)</stop>
    <stop arrival="0:13" departure="0:13">Øvre Titlestad</stop>
    <stop arrival="0:14" departure="0:14">Bergheim</stop>
    <stop arrival="0:14" departure="0:14">Bergheim</stop>
    <stop arrival="0:16" departure="0:16">Hordnesskiftet Stend</stop>
    <stop arrival="0:17" departure="0:17">Steinknuseverket</stop>
    <stop arrival="0:17" departure="0:17">Rådalshaug</stop>
    <stop arrival="0:18" departure="0:18">Sunea</stop>
    <stop arrival="0:19" departure="0:19">Rådal</stop>
    <stop arrival="0:20" departure="0:20">Rådal ved Lagunen</stop>
    <stop arrival="0:23" departure="0:23">Skjold skole</stop>
    <stop arrival="0:25" departure="0:25">Mårdalen</stop>
    <stop arrival="0:26" departure="0:26">Nesttunbrekka</stop>
    <stop arrival="0:26" departure="0:26">Skjoldskiftet</stop>
    <stop arrival="0:27" departure="0:27">Nesttun</stop>
    <stop arrival="0:28" departure="0:28">Nesttun terminal</stop>
    <stop arrival="0:29" departure="0:29">Hopsbro</stop>
    <stop arrival="0:30" departure="0:30">Tveiteråsskiftet</stop>
    <stop arrival="0:31" departure="0:31">Paradis</stop>
    <stop arrival="0:33" departure="0:33">Nydalen</stop>
    <stop arrival="0:34" departure="0:34">Fantoft</stop>
    <stop arrival="0:35" departure="0:35">Storetveit</stop>
    <stop arrival="0:35" departure="0:35">Elvebakken</stop>
    <stop arrival="0:36" departure="0:36">Minde</stop>
    <stop arrival="0:39" departure="0:39">Mindemyren</stop>
    <stop arrival="0:40" departure="0:40">Postterminalen</stop>
    <stop arrival="0:41" departure="0:41">Kanalveien v/LBK</stop>
    <stop arrival="0:43" departure="0:43">Danmarksplass v/Forum kino</stop>
    <stop arrival="0:46" departure="0:46">Bergen Busstasjon</stop>
    <stop arrival="0:48" departure="0:48">Christies gate (Festplassen)</stop>
    <stop arrival="0:51" departure="0:51">Torget v/DnB</stop>
    <stop arrival="0:52" departure="0:52">Bryggen</stop>
    <stop arrival="0:52" departure="0:52">Slottsgaten</stop>
    <stop arrival="0:53" departure="0:53">Bontelabo</stop>
    <stop arrival="0:54" departure="0:54">Skutevikstorget</stop>
    <stop arrival="0:54" departure="0:54">Sjøgaten</stop>
    <stop arrival="0:55" departure="0:55">Sandvikstorget</stop>
    <stop arrival="0:56" departure="0:56">Ludebryggen</stop>
    <stop arrival="0:56" departure="0:56">Munkebotten</stop>
    <stop arrival="0:58" departure="0:58">Nyhavnsvei (Gamle Bergen)</stop>
    <stop arrival="0:59" departure="0:59">Handelshøyskolen</stop>
    <stop arrival="1:00" departure="1:00">Solbakken</stop>
    <stop arrival="1:00" departure="1:00">Eikeviken</stop>
    <stop arrival="1:01" departure="1:01">Hellebakken</stop>
    <stop arrival="1:02" departure="1:02">Brunestykket</stop>
    <stop arrival="1:03" departure="1:03">Lønborg</stop>
    <stop arrival="1:03" departure="1:03">Nordre Lønborg</stop>
    <stop arrival="1:05" departure="1:05">Lønborglien 1</stop>
    <stop arrival="1:06" departure="1:06">Lønborglien 2</stop>
    <stop arrival="1:07">Lønborglien snuplass</stop>
  </route>
  <route no="20" destination="Lønborglien snuplass" url="http://www.web2051.no/bin/tp/zuginfo.exe/on/375399/129059/949462/349599/1/" trafficDays="kjører Ti - Lø, ikke 14., 18., 25. Mai">
    <stop departure="0:08" routeNo="20">Gaia Fana</stop>
    <stop arrival="0:10" departure="0:10">Fana kirke</stop>
    <stop arrival="0:10" departure="0:10">Norheimsveien</stop>
    <stop arrival="0:11" departure="0:11">Kvernabekkvegen</stop>
    <stop arrival="0:12" departure="0:12">Titlestad</stop>
    <stop arrival="0:12" departure="0:12">Rydland (Titlestad, Fana)</stop>
    <stop arrival="0:13" departure="0:13">Øvre Titlestad</stop>
    <stop arrival="0:14" departure="0:14">Bergheim</stop>
    <stop arrival="0:14" departure="0:14">Bergheim</stop>
    <stop arrival="0:16" departure="0:16">Hordnesskiftet Stend</stop>
    <stop arrival="0:17" departure="0:17">Steinknuseverket</stop>
    <stop arrival="0:17" departure="0:17">Rådalshaug</stop>
    <stop arrival="0:18" departure="0:18">Sunea</stop>
    <stop arrival="0:19" departure="0:19">Rådal</stop>
    <stop arrival="0:20" departure="0:20">Rådal ved Lagunen</stop>
    <stop arrival="0:23" departure="0:23">Skjold skole</stop>
    <stop arrival="0:25" departure="0:25">Mårdalen</stop>
    <stop arrival="0:26" departure="0:26">Nesttunbrekka</stop>
    <stop arrival="0:26" departure="0:26">Skjoldskiftet</stop>
    <stop arrival="0:27" departure="0:27">Nesttun</stop>
    <stop arrival="0:28" departure="0:28">Nesttun terminal</stop>
    <stop arrival="0:29" departure="0:29">Hopsbro</stop>
    <stop arrival="0:30" departure="0:30">Tveiteråsskiftet</stop>
    <stop arrival="0:31" departure="0:31">Paradis</stop>
    <stop arrival="0:33" departure="0:33">Nydalen</stop>
    <stop arrival="0:34" departure="0:34">Fantoft</stop>
    <stop arrival="0:35" departure="0:35">Storetveit</stop>
    <stop arrival="0:35" departure="0:35">Elvebakken</stop>
    <stop arrival="0:36" departure="0:36">Minde</stop>
    <stop arrival="0:39" departure="0:39">Mindemyren</stop>
    <stop arrival="0:40" departure="0:40">Postterminalen</stop>
    <stop arrival="0:41" departure="0:41">Kanalveien v/LBK</stop>
    <stop arrival="0:43" departure="0:43">Danmarksplass v/Forum kino</stop>
    <stop arrival="0:46" departure="0:46">Bergen Busstasjon</stop>
    <stop arrival="0:48" departure="0:48">Christies gate (Festplassen)</stop>
    <stop arrival="0:51" departure="0:51">Torget v/DnB</stop>
    <stop arrival="0:52" departure="0:52">Bryggen</stop>
    <stop arrival="0:52" departure="0:52">Slottsgaten</stop>
    <stop arrival="0:53" departure="0:53">Bontelabo</stop>
    <stop arrival="0:54" departure="0:54">Skutevikstorget</stop>
    <stop arrival="0:54" departure="0:54">Sjøgaten</stop>
    <stop arrival="0:55" departure="0:55">Sandvikstorget</stop>
    <stop arrival="0:56" departure="0:56">Ludebryggen</stop>
    <stop arrival="0:56" departure="0:56">Munkebotten</stop>
    <stop arrival="0:58" departure="0:58">Nyhavnsvei (Gamle Bergen)</stop>
    <stop arrival="0:59" departure="0:59">Handelshøyskolen</stop>
    <stop arrival="1:00" departure="1:00">Solbakken</stop>
    <stop arrival="1:00" departure="1:00">Eikeviken</stop>
    <stop arrival="1:01" departure="1:01">Hellebakken</stop>
    <stop arrival="1:02" departure="1:02">Brunestykket</stop>
    <stop arrival="1:03" departure="1:03">Lønborg</stop>
    <stop arrival="1:03" departure="1:03">Nordre Lønborg</stop>
    <stop arrival="1:05" departure="1:05">Lønborglien 1</stop>
    <stop arrival="1:06" departure="1:06">Lønborglien 2</stop>
    <stop arrival="1:07">Lønborglien snuplass</stop>
  </route>
  <route no="560" destination="Krokeide Yrkesskole" url="http://www.web2051.no/bin/tp/zuginfo.exe/on/657675/224787/671286/116418/1/" trafficDays="kjører Ti - Lø, ikke 14., 18., 25. Mai">
    <stop departure="0:16" routeNo="560">Fana</stop>
    <stop arrival="0:16" departure="0:16">Gaia Fana</stop>
    <stop arrival="0:17" departure="0:17">Vollaskiftet</stop>
    <stop arrival="0:18" departure="0:18">Fossen</stop>
    <stop arrival="0:18" departure="0:18">Saganeset 1</stop>
    <stop arrival="0:18" departure="0:18">Saganeset 2</stop>
    <stop arrival="0:19" departure="0:19">Salbu</stop>
    <stop arrival="0:20" departure="0:20">Rød, Krokeideveien</stop>
    <stop arrival="0:21" departure="0:21">Rød, Krokeideveien</stop>
    <stop arrival="0:22" departure="0:22">Breivik (Fana)</stop>
    <stop arrival="0:23" departure="0:23">Krokeide skole 1</stop>
    <stop arrival="0:23" departure="0:23">Krokeide skole 2</stop>
    <stop arrival="0:24" departure="0:24">Krokeide</stop>
    <stop arrival="0:25" departure="0:25">Krokeide</stop>
    <stop arrival="0:25" departure="0:25">Krokeide krysset</stop>
    <stop arrival="0:26">Krokeide Yrkesskole</stop>
  </route>
  <route no="560" destination="Krokeide Yrkesskole" url="http://www.web2051.no/bin/tp/zuginfo.exe/on/26184/14290/994610/488577/1/" trafficDays="kjører Ti - Lø, ikke 14., 18., 25. Mai">
    <stop departure="0:16" routeNo="560">Fana</stop>
    <stop arrival="0:16" departure="0:16">Gaia Fana</stop>
    <stop arrival="0:17" departure="0:17">Vollaskiftet</stop>
    <stop arrival="0:18" departure="0:18">Fossen</stop>
    <stop arrival="0:18" departure="0:18">Saganeset 1</stop>
    <stop arrival="0:18" departure="0:18">Saganeset 2</stop>
    <stop arrival="0:19" departure="0:19">Salbu</stop>
    <stop arrival="0:20" departure="0:20">Rød, Krokeideveien</stop>
    <stop arrival="0:21" departure="0:21">Rød, Krokeideveien</stop>
    <stop arrival="0:22" departure="0:22">Breivik (Fana)</stop>
    <stop arrival="0:23" departure="0:23">Krokeide skole 1</stop>
    <stop arrival="0:23" departure="0:23">Krokeide skole 2</stop>
    <stop arrival="0:24" departure="0:24">Krokeide</stop>
    <stop arrival="0:25" departure="0:25">Krokeide</stop>
    <stop arrival="0:25" departure="0:25">Krokeide krysset</stop>
    <stop arrival="0:26">Krokeide Yrkesskole</stop>
  </route>
</routes>
