<?xml version="1.0" encoding="UTF-8"?>
<routes>
  <route no="560" destination="Krokeide Yrkesskole" url="http://www.web2051.no/bin/tp/zuginfo.exe/on/43710/20132/367114/168987/1/" trafficDays="kjører Ti - Lø, ikke 14., 18., 25. Mai">
    <stop departure="0:16" routeNo="560">Fana</stop>
    <stop arrival="0:16" departure="0:16">Gaia Fana</stop>
    <stop arrival="0:17" departure="0:17">Vollaskiftet</stop>
    <stop arrival="0:18" departure="0:18">Fossen</stop>
    <stop arrival="0:18" departure="0:18">Saganeset 1</stop>
    <stop arrival="0:18" departure="0:18">Saganeset 2</stop>
    <stop arrival="0:19" departure="0:19">Salbu</stop>
    <stop arrival="0:20" departure="0:20">Rød, Krokeideveien</stop>
    <stop arrival="0:21" departure="0:21">Rød, Krokeideveien</stop>
    <stop arrival="0:22" departure="0:22">Breivik (Fana)</stop>
    <stop arrival="0:23" departure="0:23">Krokeide skole 1</stop>
    <stop arrival="0:23" departure="0:23">Krokeide skole 2</stop>
    <stop arrival="0:24" departure="0:24">Krokeide</stop>
    <stop arrival="0:25" departure="0:25">Krokeide</stop>
    <stop arrival="0:25" departure="0:25">Krokeide krysset</stop>
    <stop arrival="0:26">Krokeide Yrkesskole</stop>
  </route>
</routes>
