<?xml version="1.0" encoding="UTF-8"?>
<routes>
  <route no="270" destination="Åsane terminal" url="http://www.web2051.no/bin/tp/zuginfo.exe/on/387915/134393/779900/260645/1/" trafficDays="kjører Sø, ikke 2. Mai">
    <stop departure="0:10" routeNo="270">Sletta snuplass</stop>
    <stop arrival="0:11" departure="0:11">Sægarsveg</stop>
    <stop arrival="0:13" departure="0:13">Ytre Arna Kirke</stop>
    <stop arrival="0:14" departure="0:14">Ytre Arna Sentrum</stop>
    <stop arrival="0:14" departure="0:14">Bankaskiftet</stop>
    <stop arrival="0:15" departure="0:15">Orfallet</stop>
    <stop arrival="0:16" departure="0:16">Gamsevegen</stop>
    <stop arrival="0:17" departure="0:17">Neset (Gaupås)</stop>
    <stop arrival="0:18" departure="0:18">Hauglandskiftet</stop>
    <stop arrival="0:18" departure="0:18">Kalsåsvegen</stop>
    <stop arrival="0:19" departure="0:19">Kalsåsvatn</stop>
    <stop arrival="0:20" departure="0:20">Hetlebakkskiftet</stop>
    <stop arrival="0:20" departure="0:20">Blindheim øst</stop>
    <stop arrival="0:21" departure="0:21">Blindheim vest</stop>
    <stop arrival="0:22" departure="0:22">Blindheimsdalen</stop>
    <stop arrival="0:23" departure="0:23">Birkeland (Åsane)</stop>
    <stop arrival="0:24" departure="0:24">Vågsbotn</stop>
    <stop arrival="0:24" departure="0:24">Liavegen (Åsane)</stop>
    <stop arrival="0:24" departure="0:24">Domus Nyborg</stop>
    <stop arrival="0:25" departure="0:25">Nyborg</stop>
    <stop arrival="0:26" departure="0:26">Salhuskrysset</stop>
    <stop arrival="0:27" departure="0:27">Litleåskryss</stop>
    <stop arrival="0:28" departure="0:28">Rollandskrysset</stop>
    <stop arrival="0:30">Åsane terminal</stop>
  </route>
  <route no="270" destination="Arna terminal" url="http://www.web2051.no/bin/tp/zuginfo.exe/on/174387/63259/480724/182235/1/" trafficDays="kjører Ti - Lø, ikke 14., 18., 25. Mai">
    <stop departure="0:35" routeNo="270">Åsane terminal</stop>
    <stop arrival="0:36" departure="0:36">Rollandskrysset</stop>
    <stop arrival="0:36" departure="0:36">Litleåskryss</stop>
    <stop arrival="0:37" departure="0:37">Salhuskrysset</stop>
    <stop arrival="0:38" departure="0:38">Nyborg</stop>
    <stop arrival="0:40" departure="0:40">Domus Nyborg</stop>
    <stop arrival="0:41" departure="0:41">Liavegen (Åsane)</stop>
    <stop arrival="0:42" departure="0:42">Vågsbotn</stop>
    <stop arrival="0:43" departure="0:43">Birkeland (Åsane)</stop>
    <stop arrival="0:43" departure="0:43">Blindheimsdalen</stop>
    <stop arrival="0:44" departure="0:44">Blindheim vest</stop>
    <stop arrival="0:44" departure="0:44">Blindheim øst</stop>
    <stop arrival="0:44" departure="0:44">Hetlebakkskiftet</stop>
    <stop arrival="0:45" departure="0:45">Kalsåsvatn</stop>
    <stop arrival="0:46" departure="0:46">Kalsåsvegen</stop>
    <stop arrival="0:46" departure="0:46">Hauglandskiftet</stop>
    <stop arrival="0:47" departure="0:47">Neset (Gaupås)</stop>
    <stop arrival="0:48" departure="0:48">Gamsevegen</stop>
    <stop arrival="0:49" departure="0:49">Orfallet</stop>
    <stop arrival="0:50" departure="0:50">Ytre Arna Sentrum</stop>
    <stop arrival="0:51" departure="0:51">Ytre Arna Kirke</stop>
    <stop arrival="0:52" departure="0:52">Sægarsveg</stop>
    <stop arrival="0:52" departure="0:52">Sletta snuplass</stop>
    <stop arrival="0:53" departure="0:53">Kvamstø</stop>
    <stop arrival="0:54" departure="0:54">Festtangen</stop>
    <stop arrival="0:55" departure="0:55">Ytre Arna gård</stop>
    <stop arrival="0:55" departure="0:55">Solberg (Bergen)</stop>
    <stop arrival="0:56" departure="0:56">Holmen (Arna)</stop>
    <stop arrival="0:56" departure="0:56">Listøl</stop>
    <stop arrival="0:57" departure="0:57">Listøl</stop>
    <stop arrival="0:58" departure="0:58">Ytre Arna vegen v.nr 204</stop>
    <stop arrival="1:00">Arna terminal</stop>
  </route>
</routes>
