<?xml version="1.0" encoding="UTF-8"?>
<routes>
  <route no="23" destination="Birkelandskrysset Terminal" url="http://www.web2051.no/bin/tp/zuginfo.exe/on/144258/52241/479868/191849/1/" trafficDays="kjører Ma - Fr, ikke 13., 17., 24. Mai">
    <stop departure="23:52" routeNo="23">Øyjorden (Bergen)</stop>
    <stop arrival="23:53" departure="23:53">Øyjordsveien</stop>
    <stop arrival="23:54" departure="23:54">Skytterveien</stop>
    <stop arrival="23:54" departure="23:54">Hatleberg</stop>
    <stop arrival="23:55" departure="23:55">Handelshøyskolen</stop>
    <stop arrival="23:56" departure="23:56">Nyhavnsvei (Gamle Bergen)</stop>
    <stop arrival="23:57" departure="23:57">Munkebotten</stop>
    <stop arrival="23:58" departure="23:58">Ludebryggen</stop>
    <stop arrival="0:00" departure="0:00">Sandvikstorget</stop>
    <stop arrival="0:02" departure="0:02">Skutevikstorget</stop>
    <stop arrival="0:02" departure="0:02">Bontelabo</stop>
    <stop arrival="0:03" departure="0:03">Slottsgaten</stop>
    <stop arrival="0:04" departure="0:04">Bryggen</stop>
    <stop arrival="0:05" departure="0:05">Olav Kyrres gate</stop>
    <stop arrival="0:10" departure="0:10">Bergen Busstasjon</stop>
    <stop arrival="0:14" departure="0:14">Danmarksplass</stop>
    <stop arrival="0:15" departure="0:15">Solheimsgaten</stop>
    <stop arrival="0:16" departure="0:16">Reperbanen</stop>
    <stop arrival="0:18" departure="0:18">Fjøsangerveien/ Minde Allè</stop>
    <stop arrival="0:21" departure="0:21">Minde</stop>
    <stop arrival="0:22" departure="0:22">Elvebakken</stop>
    <stop arrival="0:22" departure="0:22">Storetveit</stop>
    <stop arrival="0:22" departure="0:22">Fantoft</stop>
    <stop arrival="0:23" departure="0:23">Nydalen</stop>
    <stop arrival="0:24" departure="0:24">Paradis</stop>
    <stop arrival="0:25" departure="0:25">Tveiteråsskiftet</stop>
    <stop arrival="0:26" departure="0:26">Hopsbro</stop>
    <stop arrival="0:28" departure="0:28">Hopstangen</stop>
    <stop arrival="0:29" departure="0:29">Nesttun terminal</stop>
    <stop arrival="0:31" departure="0:31">Nesttun</stop>
    <stop arrival="0:34" departure="0:34">Skjoldskiftet</stop>
    <stop arrival="0:34" departure="0:34">Nesttunbrekka</stop>
    <stop arrival="0:35" departure="0:35">Mårdalen</stop>
    <stop arrival="0:35" departure="0:35">Skjoldhøgda</stop>
    <stop arrival="0:35" departure="0:35">Skjold skole</stop>
    <stop arrival="0:36" departure="0:36">Lagunen</stop>
    <stop arrival="0:38" departure="0:38">Rådal</stop>
    <stop arrival="0:39" departure="0:39">Meyerskiftet</stop>
    <stop arrival="0:44" departure="0:44">Håvardstun</stop>
    <stop arrival="0:45" departure="0:45">Sandsliskiftet</stop>
    <stop arrival="0:46" departure="0:46">Gomarhaug</stop>
    <stop arrival="0:48">Birkelandskrysset Terminal</stop>
  </route>
</routes>
