<?xml version="1.0" encoding="UTF-8"?>
<routes>
  <route no="280" destination="Klauvarinden" url="http://www.web2051.no/bin/tp/zuginfo.exe/on/324771/113461/858176/320831/1/" trafficDays="kjører Ti - Lø, ikke 14., 18., 25. Mai">
    <stop departure="0:15" routeNo="280">Bergen Busstasjon</stop>
    <stop arrival="0:16" departure="0:16">Christies gate (Festplassen)</stop>
    <stop arrival="0:18" departure="0:18">Torget (Bergen)</stop>
    <stop arrival="0:19" departure="0:19">Bryggen</stop>
    <stop arrival="0:19" departure="0:19">Slottsgaten</stop>
    <stop arrival="0:21" departure="0:21">Bontelabo</stop>
    <stop arrival="0:21" departure="0:21">Skutevikstorget</stop>
    <stop arrival="0:22" departure="0:22">Sjøgaten</stop>
    <stop arrival="0:23" departure="0:23">Sandvikstorget</stop>
    <stop arrival="0:24" departure="0:24">Ludebryggen</stop>
    <stop arrival="0:25" departure="0:25">Munkebotten</stop>
    <stop arrival="0:26" departure="0:26">Nyhavnsvei (Gamle Bergen)</stop>
    <stop arrival="0:28" departure="0:28">Handelshøyskolen</stop>
    <stop arrival="0:30" departure="0:30">Eidsvåg</stop>
    <stop arrival="0:35" departure="0:35">Åsane terminal</stop>
    <stop arrival="0:36" departure="0:36">Rollandskrysset</stop>
    <stop arrival="0:36" departure="0:36">Litleåskryss</stop>
    <stop arrival="0:37" departure="0:37">Salhuskrysset</stop>
    <stop arrival="0:38" departure="0:38">Nyborg</stop>
    <stop arrival="0:40" departure="0:40">Domus Nyborg</stop>
    <stop arrival="0:41" departure="0:41">Liavegen (Åsane)</stop>
    <stop arrival="0:42" departure="0:42">Vågsbotn</stop>
    <stop arrival="0:42" departure="0:42">Eikås</stop>
    <stop arrival="0:43" departure="0:43">Vikaleitet</stop>
    <stop arrival="0:44" departure="0:44">Haukåsvegen</stop>
    <stop arrival="0:45" departure="0:45">Haukås barnehage</stop>
    <stop arrival="0:45" departure="0:45">Myrsæter</stop>
    <stop arrival="0:46" departure="0:46">Haukåsskogen</stop>
    <stop arrival="0:47" departure="0:47">Almåsvegen</stop>
    <stop arrival="0:48" departure="0:48">Hylkje</stop>
    <stop arrival="0:49" departure="0:49">Tuft (Åsane)</stop>
    <stop arrival="0:50" departure="0:50">Langamyrene</stop>
    <stop arrival="0:50" departure="0:50">Nesjavegen</stop>
    <stop arrival="0:51" departure="0:51">Grøvle (Åsane)</stop>
    <stop arrival="0:51" departure="0:51">Hordvikhamnen</stop>
    <stop arrival="0:52" departure="0:52">Ulstein kryss</stop>
    <stop arrival="0:52" departure="0:52">Ulstein</stop>
    <stop arrival="0:53" departure="0:53">Ulstein snuplass</stop>
    <stop arrival="0:55" departure="0:55">Grøvle (Åsane)</stop>
    <stop arrival="0:55" departure="0:55">Grøvlesvingen</stop>
    <stop arrival="0:56" departure="0:56">Hordvik gård</stop>
    <stop arrival="0:57" departure="0:57">Hordvik skole</stop>
    <stop arrival="0:58" departure="0:58">Falkangervegen</stop>
    <stop arrival="0:59" departure="0:59">Tellevik</stop>
    <stop arrival="1:00">Klauvarinden</stop>
  </route>
</routes>
