<?xml version="1.0" encoding="UTF-8"?>
<routes>
  <route no="485" destination="Ravnanger term." url="http://www.web2051.no/bin/tp/zuginfo.exe/on/362547/123456/853140/305721/1/" trafficDays="kjører Ma - Fr, ikke 13., 17., 24. Mai">
    <stop departure="23:10" routeNo="485">Bergen Busstasjon</stop>
    <stop arrival="23:13" departure="23:13">Olav Kyrres gate</stop>
    <stop arrival="23:14" departure="23:14">Møhlenpris v/ Industrihuset</stop>
    <stop arrival="23:19" departure="23:19">Lyngbø Motorvei R555</stop>
    <stop arrival="23:24" departure="23:24">Frida Fasmer R555</stop>
    <stop arrival="23:25" departure="23:25">Storavatnet term.</stop>
    <stop arrival="23:28" departure="23:28">Brøstaneset</stop>
    <stop arrival="23:30" departure="23:30">Storeklubben (Askøy)</stop>
    <stop arrival="23:32" departure="23:32">Holmedal (Askøy)</stop>
    <stop arrival="23:35" departure="23:35">Kleppestø term.</stop>
    <stop arrival="23:36" departure="23:36">Kleppestø senter</stop>
    <stop arrival="23:36" departure="23:36">Solhålo (Kleppestø)</stop>
    <stop arrival="23:37" departure="23:37">Strand (Florvåg)</stop>
    <stop arrival="23:37" departure="23:37">Florvåg verk</stop>
    <stop arrival="23:38" departure="23:38">Florvåg ungdomsskole</stop>
    <stop arrival="23:39" departure="23:39">Florvåg Øenkrysset</stop>
    <stop arrival="23:40" departure="23:40">Florvåg Bakervågen</stop>
    <stop arrival="23:41" departure="23:41">Østerdalen (Askøy)</stop>
    <stop arrival="23:42" departure="23:42">Erdal sør</stop>
    <stop arrival="23:43" departure="23:43">Myren (Askøy)</stop>
    <stop arrival="23:43" departure="23:43">Erdal skole</stop>
    <stop arrival="23:44" departure="23:44">Nordre Erdal</stop>
    <stop arrival="23:45" departure="23:45">Eideskiftet (Askøy)</stop>
    <stop arrival="23:45" departure="23:45">Olufsen (Askøy)</stop>
    <stop arrival="23:46" departure="23:46">Djupamyr (Askøy)</stop>
    <stop arrival="23:47" departure="23:47">Erdal skole</stop>
    <stop arrival="23:48" departure="23:48">Nordre Erdal</stop>
    <stop arrival="23:50" departure="23:50">Skogvik (Askøy)</stop>
    <stop arrival="23:51" departure="23:51">Olaviken (Askøy)</stop>
    <stop arrival="23:52" departure="23:52">Furuly (Askøy)</stop>
    <stop arrival="23:53" departure="23:53">Strømsneshøyden (Askøy)</stop>
    <stop arrival="23:54" departure="23:54">Strømsnes (Askøy)</stop>
    <stop arrival="23:55" departure="23:55">Blåkors (Askøy)</stop>
    <stop arrival="23:56" departure="23:56">Ellingsen gartneri (Askøy)</stop>
    <stop arrival="23:57" departure="23:57">Hop (Askøy aldershjem)</stop>
    <stop arrival="23:58" departure="23:58">Hop skole (Askøy)</stop>
    <stop arrival="23:59" departure="23:59">Ask v/Florida (Askøy)</stop>
    <stop arrival="0:00" departure="0:00">Asketoppen</stop>
    <stop arrival="0:00" departure="0:00">Kirkevik (Askøy)</stop>
    <stop arrival="0:01" departure="0:01">Bakkeland/Tumyr</stop>
    <stop arrival="0:02" departure="0:02">Lille Brevik (Askøy)</stop>
    <stop arrival="0:02" departure="0:02">Lille Brevik nord (Askøy)</stop>
    <stop arrival="0:03" departure="0:03">Solviken (Askøy)</stop>
    <stop arrival="0:03" departure="0:03">Vikøren (Askøy)</stop>
    <stop arrival="0:04" departure="0:04">Lærdal (Askøy)</stop>
    <stop arrival="0:05" departure="0:05">Sæterstøl (Askøy)</stop>
    <stop arrival="0:06" departure="0:06">Hanevik</stop>
    <stop arrival="0:08" departure="0:08">Hanevik</stop>
    <stop arrival="0:10" departure="0:10">Åsebøvatnet (Stien)</stop>
    <stop arrival="0:11" departure="0:11">Åsebø (Askøy)</stop>
    <stop arrival="0:14" departure="0:14">Heiavatnet (Askøy)</stop>
    <stop arrival="0:14" departure="0:14">Ravnanger nord</stop>
    <stop arrival="0:16">Ravnanger term.</stop>
  </route>
</routes>
