<?xml version="1.0" encoding="UTF-8"?>
<routes>
  <route no="20" destination="Fana" url="http://www.web2051.no/bin/tp/zuginfo.exe/on/660474/223933/706618/133151/1/" trafficDays="kjører Sø, også 1., 13., 17., 24. Mai">
    <stop departure="23:58" routeNo="20">Lønborglien snuplass</stop>
    <stop arrival="23:58" departure="23:58">Lønborglien 2</stop>
    <stop arrival="23:59" departure="23:59">Lønborglien 1</stop>
    <stop arrival="0:00" departure="0:00">Nordre Lønborg</stop>
    <stop arrival="0:01" departure="0:01">Lønborg</stop>
    <stop arrival="0:01" departure="0:01">Brunestykket</stop>
    <stop arrival="0:02" departure="0:02">Hellebakken</stop>
    <stop arrival="0:03" departure="0:03">Eikeviken</stop>
    <stop arrival="0:04" departure="0:04">Solbakken</stop>
    <stop arrival="0:05" departure="0:05">Handelshøyskolen</stop>
    <stop arrival="0:06" departure="0:06">Nyhavnsvei (Gamle Bergen)</stop>
    <stop arrival="0:07" departure="0:07">Munkebotten</stop>
    <stop arrival="0:08" departure="0:08">Ludebryggen</stop>
    <stop arrival="0:10" departure="0:10">Sandvikstorget</stop>
    <stop arrival="0:12" departure="0:12">Skutevikstorget</stop>
    <stop arrival="0:12" departure="0:12">Bontelabo</stop>
    <stop arrival="0:13" departure="0:13">Slottsgaten</stop>
    <stop arrival="0:14" departure="0:14">Bryggen</stop>
    <stop arrival="0:15" departure="0:15">Olav Kyrres gate</stop>
    <stop arrival="0:20" departure="0:20">Bergen Busstasjon</stop>
    <stop arrival="0:24" departure="0:24">Danmarksplass</stop>
    <stop arrival="0:25" departure="0:25">Solheimsgaten</stop>
    <stop arrival="0:26" departure="0:26">Reperbanen</stop>
    <stop arrival="0:27" departure="0:27">Fjøsangerveien/ Minde Allè</stop>
    <stop arrival="0:30" departure="0:30">Minde</stop>
    <stop arrival="0:31" departure="0:31">Elvebakken</stop>
    <stop arrival="0:32" departure="0:32">Storetveit</stop>
    <stop arrival="0:32" departure="0:32">Fantoft</stop>
    <stop arrival="0:33" departure="0:33">Nydalen</stop>
    <stop arrival="0:34" departure="0:34">Paradis</stop>
    <stop arrival="0:35" departure="0:35">Tveiteråsskiftet</stop>
    <stop arrival="0:36" departure="0:36">Hopsbro</stop>
    <stop arrival="0:38" departure="0:38">Hopstangen</stop>
    <stop arrival="0:39" departure="0:39">Nesttun terminal</stop>
    <stop arrival="0:41" departure="0:41">Nesttun</stop>
    <stop arrival="0:44" departure="0:44">Skjold skole</stop>
    <stop arrival="0:46" departure="0:46">Søråsveien</stop>
    <stop arrival="0:46" departure="0:46">Kilden senter</stop>
    <stop arrival="0:47" departure="0:47">Nordåsgrenda</stop>
    <stop arrival="0:48" departure="0:48">Nordåstræet</stop>
    <stop arrival="0:49" departure="0:49">Nordås</stop>
    <stop arrival="0:50" departure="0:50">Nordåstræet</stop>
    <stop arrival="0:51" departure="0:51">Nordåsgrenda</stop>
    <stop arrival="0:53" departure="0:53">Søråsgrenda</stop>
    <stop arrival="0:54" departure="0:54">Søråshøgda snuplass</stop>
    <stop arrival="0:54" departure="0:54">Søråsgrenda</stop>
    <stop arrival="0:55" departure="0:55">Kilden senter</stop>
    <stop arrival="0:55" departure="0:55">Søråsveien</stop>
    <stop arrival="0:56" departure="0:56">Lagunen</stop>
    <stop arrival="0:57" departure="0:57">Rådal</stop>
    <stop arrival="0:58" departure="0:58">Sunea</stop>
    <stop arrival="0:58" departure="0:58">Rådalshaug</stop>
    <stop arrival="0:58" departure="0:58">Steinknuseverket</stop>
    <stop arrival="0:59" departure="0:59">Hordnesskiftet Stend</stop>
    <stop arrival="1:01" departure="1:01">Bergheim</stop>
    <stop arrival="1:02" departure="1:02">Bergheim</stop>
    <stop arrival="1:03" departure="1:03">Øvre Titlestad</stop>
    <stop arrival="1:05" departure="1:05">Rydland (Titlestad, Fana)</stop>
    <stop arrival="1:06" departure="1:06">Titlestad</stop>
    <stop arrival="1:07" departure="1:07">Kvernabekkvegen</stop>
    <stop arrival="1:08" departure="1:08">Norheimsveien</stop>
    <stop arrival="1:09">Fana</stop>
  </route>
  <route no="22" destination="Birkelundstoppen" url="http://www.web2051.no/bin/tp/zuginfo.exe/on/916533/309549/388348/111337/1/" trafficDays="kjører Lø, ikke 1. Mai">
    <stop departure="23:44" routeNo="22">Åsane terminal</stop>
    <stop arrival="23:45" departure="23:45">Hesthaugen</stop>
    <stop arrival="23:46" departure="23:46">Stamskaret</stop>
    <stop arrival="23:47" departure="23:47">Tertneskrysset gamleveien</stop>
    <stop arrival="23:48" departure="23:48">Griggastemma</stop>
    <stop arrival="23:48" departure="23:48">Åstveitvegen</stop>
    <stop arrival="23:49" departure="23:49">Ervik øvre</stop>
    <stop arrival="23:50" departure="23:50">Ervik nedre (Sellesvingen)</stop>
    <stop arrival="23:51" departure="23:51">Selvikvegen</stop>
    <stop arrival="23:52" departure="23:52">Eidsvåg gamlevegen</stop>
    <stop arrival="23:53" departure="23:53">Fabrikkvegen</stop>
    <stop arrival="23:55" departure="23:55">Hagebyen (Eidsvåg)</stop>
    <stop arrival="23:57" departure="23:57">Lillevågen</stop>
    <stop arrival="23:57" departure="23:57">Tømmervågen</stop>
    <stop arrival="23:58" departure="23:58">Trollbekken</stop>
    <stop arrival="23:58" departure="23:58">Trolldalen (Eidsvågneset)</stop>
    <stop arrival="23:59" departure="23:59">Fagerbakken</stop>
    <stop arrival="0:00" departure="0:00">Nordre Lønborg</stop>
    <stop arrival="0:01" departure="0:01">Lønborg</stop>
    <stop arrival="0:01" departure="0:01">Brunestykket</stop>
    <stop arrival="0:02" departure="0:02">Hellebakken</stop>
    <stop arrival="0:03" departure="0:03">Eikeviken</stop>
    <stop arrival="0:04" departure="0:04">Solbakken</stop>
    <stop arrival="0:05" departure="0:05">Handelshøyskolen</stop>
    <stop arrival="0:06" departure="0:06">Nyhavnsvei (Gamle Bergen)</stop>
    <stop arrival="0:08" departure="0:08">Munkebotten</stop>
    <stop arrival="0:09" departure="0:09">Ludebryggen</stop>
    <stop arrival="0:10" departure="0:10">Sandvikstorget</stop>
    <stop arrival="0:11" departure="0:11">Skutevikstorget</stop>
    <stop arrival="0:12" departure="0:12">Bontelabo</stop>
    <stop arrival="0:13" departure="0:13">Slottsgaten</stop>
    <stop arrival="0:14" departure="0:14">Bryggen</stop>
    <stop arrival="0:15" departure="0:15">Olav Kyrres gate</stop>
    <stop arrival="0:20" departure="0:20">Bergen Busstasjon</stop>
    <stop arrival="0:24" departure="0:24">Danmarksplass</stop>
    <stop arrival="0:25" departure="0:25">Solheimsgaten</stop>
    <stop arrival="0:26" departure="0:26">Reperbanen</stop>
    <stop arrival="0:28" departure="0:28">Fjøsangerveien/ Minde Allè</stop>
    <stop arrival="0:31" departure="0:31">Minde</stop>
    <stop arrival="0:32" departure="0:32">Elvebakken</stop>
    <stop arrival="0:33" departure="0:33">Storetveit</stop>
    <stop arrival="0:33" departure="0:33">Fantoft</stop>
    <stop arrival="0:34" departure="0:34">Nydalen</stop>
    <stop arrival="0:35" departure="0:35">Paradis</stop>
    <stop arrival="0:36" departure="0:36">Tveiteråsskiftet</stop>
    <stop arrival="0:37" departure="0:37">Hopsbro</stop>
    <stop arrival="0:39" departure="0:39">Hopstangen</stop>
    <stop arrival="0:40" departure="0:40">Nesttun terminal</stop>
    <stop arrival="0:41" departure="0:41">Nesttun</stop>
    <stop arrival="0:41" departure="0:41">Herredshuset, Nesttun</stop>
    <stop arrival="0:42" departure="0:42">Midtun bro</stop>
    <stop arrival="0:44" departure="0:44">Midttunflaten</stop>
    <stop arrival="0:45" departure="0:45">Sandbrekkeveien</stop>
    <stop arrival="0:45" departure="0:45">Sandalskollen</stop>
    <stop arrival="0:47" departure="0:47">Kringlebotn</stop>
    <stop arrival="0:48" departure="0:48">Kjenndalslia</stop>
    <stop arrival="0:49" departure="0:49">Kjenndalsåsen</stop>
    <stop arrival="0:50" departure="0:50">Sandalsringen snuplass</stop>
    <stop arrival="0:51" departure="0:51">Helldalslia</stop>
    <stop arrival="0:52" departure="0:52">Helldalslia</stop>
    <stop arrival="0:52" departure="0:52">Indre Sædal</stop>
    <stop arrival="0:53" departure="0:53">Rinddalen</stop>
    <stop arrival="0:55" departure="0:55">Merkurvegen (nyeveien)</stop>
    <stop arrival="0:56" departure="0:56">Nattland gård (nyeveien)</stop>
    <stop arrival="0:57">Birkelundstoppen</stop>
  </route>
  <route no="21" destination="Søråshøgda snuplass" url="http://www.web2051.no/bin/tp/zuginfo.exe/on/158622/56871/389844/142048/1/" trafficDays="kjører Ti - Lø, ikke 14., 18., 25. Mai">
    <stop departure="0:05" routeNo="21">Lønborglien snuplass</stop>
    <stop arrival="0:05" departure="0:05">Lønborglien 2</stop>
    <stop arrival="0:06" departure="0:06">Lønborglien 1</stop>
    <stop arrival="0:07" departure="0:07">Nordre Lønborg</stop>
    <stop arrival="0:08" departure="0:08">Lønborg</stop>
    <stop arrival="0:08" departure="0:08">Brunestykket</stop>
    <stop arrival="0:09" departure="0:09">Hellebakken</stop>
    <stop arrival="0:10" departure="0:10">Eikeviken</stop>
    <stop arrival="0:11" departure="0:11">Solbakken</stop>
    <stop arrival="0:12" departure="0:12">Handelshøyskolen</stop>
    <stop arrival="0:13" departure="0:13">Nyhavnsvei (Gamle Bergen)</stop>
    <stop arrival="0:14" departure="0:14">Munkebotten</stop>
    <stop arrival="0:15" departure="0:15">Ludebryggen</stop>
    <stop arrival="0:17" departure="0:17">Sandvikstorget</stop>
    <stop arrival="0:19" departure="0:19">Skutevikstorget</stop>
    <stop arrival="0:19" departure="0:19">Bontelabo</stop>
    <stop arrival="0:20" departure="0:20">Slottsgaten</stop>
    <stop arrival="0:21" departure="0:21">Bryggen</stop>
    <stop arrival="0:22" departure="0:22">Olav Kyrres gate</stop>
    <stop arrival="0:27" departure="0:27">Bergen Busstasjon</stop>
    <stop arrival="0:29" departure="0:29">Danmarksplass</stop>
    <stop arrival="0:31" departure="0:31">Solheimsgaten</stop>
    <stop arrival="0:33" departure="0:33">Reperbanen</stop>
    <stop arrival="0:35" departure="0:35">Fjøsangerveien/ Minde Allè</stop>
    <stop arrival="0:39" departure="0:39">Minde</stop>
    <stop arrival="0:40" departure="0:40">Elvebakken</stop>
    <stop arrival="0:40" departure="0:40">Storetveit</stop>
    <stop arrival="0:40" departure="0:40">Fantoft</stop>
    <stop arrival="0:41" departure="0:41">Nydalen</stop>
    <stop arrival="0:42" departure="0:42">Paradis</stop>
    <stop arrival="0:43" departure="0:43">Tveiteråsskiftet</stop>
    <stop arrival="0:44" departure="0:44">Hopsbro</stop>
    <stop arrival="0:46" departure="0:46">Hopstangen</stop>
    <stop arrival="0:47" departure="0:47">Nesttun terminal</stop>
    <stop arrival="0:49" departure="0:49">Nesttun</stop>
    <stop arrival="0:52" departure="0:52">Skjoldskiftet</stop>
    <stop arrival="0:52" departure="0:52">Nesttunbrekka</stop>
    <stop arrival="0:53" departure="0:53">Mårdalen</stop>
    <stop arrival="0:53" departure="0:53">Skjoldhøgda</stop>
    <stop arrival="0:53" departure="0:53">Skjold skole</stop>
    <stop arrival="0:54" departure="0:54">Søråsveien</stop>
    <stop arrival="0:54" departure="0:54">Kilden senter</stop>
    <stop arrival="0:55" departure="0:55">Nordåsgrenda</stop>
    <stop arrival="0:56" departure="0:56">Nordåstræet</stop>
    <stop arrival="0:57" departure="0:57">Nordås</stop>
    <stop arrival="0:58" departure="0:58">Nordåstræet</stop>
    <stop arrival="0:59" departure="0:59">Nordåsgrenda</stop>
    <stop arrival="1:01" departure="1:01">Søråsgrenda</stop>
    <stop arrival="1:02">Søråshøgda snuplass</stop>
  </route>
  <route no="21" destination="Søråshøgda snuplass" url="http://www.web2051.no/bin/tp/zuginfo.exe/on/245175/85693/61956/50747/1/" trafficDays="kjører Sø, ikke 2. Mai">
    <stop departure="0:08" routeNo="21">Lønborglien snuplass</stop>
    <stop arrival="0:08" departure="0:08">Lønborglien 2</stop>
    <stop arrival="0:09" departure="0:09">Lønborglien 1</stop>
    <stop arrival="0:10" departure="0:10">Nordre Lønborg</stop>
    <stop arrival="0:11" departure="0:11">Lønborg</stop>
    <stop arrival="0:11" departure="0:11">Brunestykket</stop>
    <stop arrival="0:12" departure="0:12">Hellebakken</stop>
    <stop arrival="0:13" departure="0:13">Eikeviken</stop>
    <stop arrival="0:14" departure="0:14">Solbakken</stop>
    <stop arrival="0:15" departure="0:15">Handelshøyskolen</stop>
    <stop arrival="0:16" departure="0:16">Nyhavnsvei (Gamle Bergen)</stop>
    <stop arrival="0:17" departure="0:17">Munkebotten</stop>
    <stop arrival="0:18" departure="0:18">Ludebryggen</stop>
    <stop arrival="0:20" departure="0:20">Sandvikstorget</stop>
    <stop arrival="0:22" departure="0:22">Skutevikstorget</stop>
    <stop arrival="0:22" departure="0:22">Bontelabo</stop>
    <stop arrival="0:23" departure="0:23">Slottsgaten</stop>
    <stop arrival="0:24" departure="0:24">Bryggen</stop>
    <stop arrival="0:25" departure="0:25">Olav Kyrres gate</stop>
    <stop arrival="0:30" departure="0:30">Bergen Busstasjon</stop>
    <stop arrival="0:34" departure="0:34">Danmarksplass</stop>
    <stop arrival="0:35" departure="0:35">Solheimsgaten</stop>
    <stop arrival="0:36" departure="0:36">Reperbanen</stop>
    <stop arrival="0:38" departure="0:38">Fjøsangerveien/ Minde Allè</stop>
    <stop arrival="0:41" departure="0:41">Minde</stop>
    <stop arrival="0:42" departure="0:42">Elvebakken</stop>
    <stop arrival="0:43" departure="0:43">Storetveit</stop>
    <stop arrival="0:43" departure="0:43">Fantoft</stop>
    <stop arrival="0:44" departure="0:44">Nydalen</stop>
    <stop arrival="0:45" departure="0:45">Paradis</stop>
    <stop arrival="0:46" departure="0:46">Tveiteråsskiftet</stop>
    <stop arrival="0:47" departure="0:47">Hopsbro</stop>
    <stop arrival="0:49" departure="0:49">Hopstangen</stop>
    <stop arrival="0:50" departure="0:50">Nesttun terminal</stop>
    <stop arrival="0:52" departure="0:52">Nesttun</stop>
    <stop arrival="0:55" departure="0:55">Skjoldskiftet</stop>
    <stop arrival="0:55" departure="0:55">Nesttunbrekka</stop>
    <stop arrival="0:56" departure="0:56">Mårdalen</stop>
    <stop arrival="0:56" departure="0:56">Skjoldhøgda</stop>
    <stop arrival="0:56" departure="0:56">Skjold skole</stop>
    <stop arrival="0:57" departure="0:57">Søråsveien</stop>
    <stop arrival="0:57" departure="0:57">Kilden senter</stop>
    <stop arrival="0:58" departure="0:58">Nordåsgrenda</stop>
    <stop arrival="0:59" departure="0:59">Nordåstræet</stop>
    <stop arrival="1:00" departure="1:00">Nordås</stop>
    <stop arrival="1:01" departure="1:01">Nordåstræet</stop>
    <stop arrival="1:02" departure="1:02">Nordåsgrenda</stop>
    <stop arrival="1:04" departure="1:04">Søråsgrenda</stop>
    <stop arrival="1:05">Søråshøgda snuplass</stop>
  </route>
  <route no="20" destination="Nordre Lønborg" url="http://www.web2051.no/bin/tp/zuginfo.exe/on/227313/79545/710748/279603/1/" trafficDays="kjører Sø, også 1., 13., 17., 24. Mai">
    <stop departure="23:20" routeNo="20">Gaia Fana</stop>
    <stop arrival="23:22" departure="23:22">Fana kirke</stop>
    <stop arrival="23:22" departure="23:22">Norheimsveien</stop>
    <stop arrival="23:23" departure="23:23">Kvernabekkvegen</stop>
    <stop arrival="23:24" departure="23:24">Titlestad</stop>
    <stop arrival="23:24" departure="23:24">Rydland (Titlestad, Fana)</stop>
    <stop arrival="23:25" departure="23:25">Øvre Titlestad</stop>
    <stop arrival="23:26" departure="23:26">Bergheim</stop>
    <stop arrival="23:26" departure="23:26">Bergheim</stop>
    <stop arrival="23:28" departure="23:28">Hordnesskiftet Stend</stop>
    <stop arrival="23:29" departure="23:29">Steinknuseverket</stop>
    <stop arrival="23:29" departure="23:29">Rådalshaug</stop>
    <stop arrival="23:30" departure="23:30">Sunea</stop>
    <stop arrival="23:31" departure="23:31">Rådal</stop>
    <stop arrival="23:32" departure="23:32">Rådal ved Lagunen</stop>
    <stop arrival="23:35" departure="23:35">Skjold skole</stop>
    <stop arrival="23:37" departure="23:37">Mårdalen</stop>
    <stop arrival="23:38" departure="23:38">Nesttunbrekka</stop>
    <stop arrival="23:38" departure="23:38">Skjoldskiftet</stop>
    <stop arrival="23:39" departure="23:39">Nesttun</stop>
    <stop arrival="23:40" departure="23:40">Nesttun terminal</stop>
    <stop arrival="23:41" departure="23:41">Hopsbro</stop>
    <stop arrival="23:42" departure="23:42">Tveiteråsskiftet</stop>
    <stop arrival="23:43" departure="23:43">Paradis</stop>
    <stop arrival="23:45" departure="23:45">Nydalen</stop>
    <stop arrival="23:46" departure="23:46">Fantoft</stop>
    <stop arrival="23:47" departure="23:47">Storetveit</stop>
    <stop arrival="23:47" departure="23:47">Elvebakken</stop>
    <stop arrival="23:48" departure="23:48">Minde</stop>
    <stop arrival="23:51" departure="23:51">Mindemyren</stop>
    <stop arrival="23:52" departure="23:52">Postterminalen</stop>
    <stop arrival="23:52" departure="23:52">Kanalveien v/LBK</stop>
    <stop arrival="23:54" departure="23:54">Danmarksplass v/Forum kino</stop>
    <stop arrival="23:58" departure="23:58">Bergen Busstasjon</stop>
    <stop arrival="0:01" departure="0:01">Christies gate (Festplassen)</stop>
    <stop arrival="0:04" departure="0:04">Torget v/DnB</stop>
    <stop arrival="0:05" departure="0:05">Bryggen</stop>
    <stop arrival="0:05" departure="0:05">Slottsgaten</stop>
    <stop arrival="0:06" departure="0:06">Bontelabo</stop>
    <stop arrival="0:07" departure="0:07">Skutevikstorget</stop>
    <stop arrival="0:07" departure="0:07">Sjøgaten</stop>
    <stop arrival="0:08" departure="0:08">Sandvikstorget</stop>
    <stop arrival="0:09" departure="0:09">Ludebryggen</stop>
    <stop arrival="0:09" departure="0:09">Munkebotten</stop>
    <stop arrival="0:11" departure="0:11">Nyhavnsvei (Gamle Bergen)</stop>
    <stop arrival="0:12" departure="0:12">Handelshøyskolen</stop>
    <stop arrival="0:12" departure="0:12">Solbakken</stop>
    <stop arrival="0:13" departure="0:13">Eikeviken</stop>
    <stop arrival="0:13" departure="0:13">Hellebakken</stop>
    <stop arrival="0:13" departure="0:13">Brunestykket</stop>
    <stop arrival="0:14" departure="0:14">Lønborg</stop>
    <stop arrival="0:14">Nordre Lønborg</stop>
  </route>
  <route no="20" destination="Lønborglien snuplass" url="http://www.web2051.no/bin/tp/zuginfo.exe/on/379239/130346/801546/274360/1/" trafficDays="kjører Ma - Fr, ikke 13., 17., 24. Mai">
    <stop departure="23:25" routeNo="20">Fana Stadion</stop>
    <stop arrival="23:30" departure="23:30">Rådal ved Lagunen</stop>
    <stop arrival="23:35" departure="23:35">Skjold skole</stop>
    <stop arrival="23:37" departure="23:37">Mårdalen</stop>
    <stop arrival="23:38" departure="23:38">Nesttunbrekka</stop>
    <stop arrival="23:38" departure="23:38">Skjoldskiftet</stop>
    <stop arrival="23:39" departure="23:39">Nesttun</stop>
    <stop arrival="23:40" departure="23:40">Nesttun terminal</stop>
    <stop arrival="23:41" departure="23:41">Hopsbro</stop>
    <stop arrival="23:42" departure="23:42">Tveiteråsskiftet</stop>
    <stop arrival="23:43" departure="23:43">Paradis</stop>
    <stop arrival="23:45" departure="23:45">Nydalen</stop>
    <stop arrival="23:46" departure="23:46">Fantoft</stop>
    <stop arrival="23:47" departure="23:47">Storetveit</stop>
    <stop arrival="23:47" departure="23:47">Elvebakken</stop>
    <stop arrival="23:48" departure="23:48">Minde</stop>
    <stop arrival="23:51" departure="23:51">Mindemyren</stop>
    <stop arrival="23:52" departure="23:52">Postterminalen</stop>
    <stop arrival="23:53" departure="23:53">Kanalveien v/LBK</stop>
    <stop arrival="23:55" departure="23:55">Danmarksplass v/Forum kino</stop>
    <stop arrival="23:57" departure="23:57">Bergen Busstasjon</stop>
    <stop arrival="0:00" departure="0:00">Christies gate (Festplassen)</stop>
    <stop arrival="0:03" departure="0:03">Torget v/DnB</stop>
    <stop arrival="0:04" departure="0:04">Bryggen</stop>
    <stop arrival="0:04" departure="0:04">Slottsgaten</stop>
    <stop arrival="0:05" departure="0:05">Bontelabo</stop>
    <stop arrival="0:06" departure="0:06">Skutevikstorget</stop>
    <stop arrival="0:06" departure="0:06">Sjøgaten</stop>
    <stop arrival="0:07" departure="0:07">Sandvikstorget</stop>
    <stop arrival="0:08" departure="0:08">Ludebryggen</stop>
    <stop arrival="0:08" departure="0:08">Munkebotten</stop>
    <stop arrival="0:10" departure="0:10">Nyhavnsvei (Gamle Bergen)</stop>
    <stop arrival="0:11" departure="0:11">Handelshøyskolen</stop>
    <stop arrival="0:12" departure="0:12">Solbakken</stop>
    <stop arrival="0:12" departure="0:12">Eikeviken</stop>
    <stop arrival="0:13" departure="0:13">Hellebakken</stop>
    <stop arrival="0:14" departure="0:14">Brunestykket</stop>
    <stop arrival="0:15" departure="0:15">Lønborg</stop>
    <stop arrival="0:15" departure="0:15">Nordre Lønborg</stop>
    <stop arrival="0:17" departure="0:17">Lønborglien 1</stop>
    <stop arrival="0:18" departure="0:18">Lønborglien 2</stop>
    <stop arrival="0:19">Lønborglien snuplass</stop>
  </route>
  <route no="22" destination="Åsane terminal" url="http://www.web2051.no/bin/tp/zuginfo.exe/on/421125/144412/114392/83180/1/" trafficDays="kjører Lø, ikke 1. Mai">
    <stop departure="23:30" routeNo="22">Birkelundstoppen</stop>
    <stop arrival="23:31" departure="23:31">Nattland gård (nyeveien)</stop>
    <stop arrival="23:32" departure="23:32">Merkurvegen (nyeveien)</stop>
    <stop arrival="23:34" departure="23:34">Rinddalen</stop>
    <stop arrival="23:35" departure="23:35">Indre Sædal</stop>
    <stop arrival="23:35" departure="23:35">Helldalslia</stop>
    <stop arrival="23:35" departure="23:35">Helldalslia</stop>
    <stop arrival="23:36" departure="23:36">Helldalsåsen</stop>
    <stop arrival="23:37" departure="23:37">Kjenndalsåsen</stop>
    <stop arrival="23:38" departure="23:38">Kjenndalslia</stop>
    <stop arrival="23:39" departure="23:39">Kringlebotn</stop>
    <stop arrival="23:40" departure="23:40">Sandalskollen</stop>
    <stop arrival="23:41" departure="23:41">Sandbrekkeveien</stop>
    <stop arrival="23:42" departure="23:42">Midttunflaten</stop>
    <stop arrival="23:42" departure="23:42">Midtun bro</stop>
    <stop arrival="23:44" departure="23:44">Herredshuset, Nesttun</stop>
    <stop arrival="23:44" departure="23:44">Nesttun</stop>
    <stop arrival="23:45" departure="23:45">Nesttun terminal</stop>
    <stop arrival="23:46" departure="23:46">Hopsbro</stop>
    <stop arrival="23:47" departure="23:47">Tveiteråsskiftet</stop>
    <stop arrival="23:48" departure="23:48">Paradis</stop>
    <stop arrival="23:50" departure="23:50">Nydalen</stop>
    <stop arrival="23:51" departure="23:51">Fantoft</stop>
    <stop arrival="23:52" departure="23:52">Storetveit</stop>
    <stop arrival="23:52" departure="23:52">Elvebakken</stop>
    <stop arrival="23:53" departure="23:53">Minde</stop>
    <stop arrival="23:57" departure="23:57">Mindemyren</stop>
    <stop arrival="23:58" departure="23:58">Postterminalen</stop>
    <stop arrival="23:58" departure="23:58">Kanalveien v/LBK</stop>
    <stop arrival="0:00" departure="0:00">Danmarksplass v/Forum kino</stop>
    <stop arrival="0:04" departure="0:04">Bergen Busstasjon</stop>
    <stop arrival="0:07" departure="0:07">Christies gate (Festplassen)</stop>
    <stop arrival="0:10" departure="0:10">Torget v/DnB</stop>
    <stop arrival="0:11" departure="0:11">Bryggen</stop>
    <stop arrival="0:11" departure="0:11">Slottsgaten</stop>
    <stop arrival="0:12" departure="0:12">Bontelabo</stop>
    <stop arrival="0:13" departure="0:13">Skutevikstorget</stop>
    <stop arrival="0:13" departure="0:13">Sjøgaten</stop>
    <stop arrival="0:14" departure="0:14">Sandvikstorget</stop>
    <stop arrival="0:15" departure="0:15">Ludebryggen</stop>
    <stop arrival="0:15" departure="0:15">Munkebotten</stop>
    <stop arrival="0:17" departure="0:17">Nyhavnsvei (Gamle Bergen)</stop>
    <stop arrival="0:18" departure="0:18">Handelshøyskolen</stop>
    <stop arrival="0:19" departure="0:19">Solbakken</stop>
    <stop arrival="0:19" departure="0:19">Eikeviken</stop>
    <stop arrival="0:20" departure="0:20">Hellebakken</stop>
    <stop arrival="0:21" departure="0:21">Brunestykket</stop>
    <stop arrival="0:22" departure="0:22">Lønborg</stop>
    <stop arrival="0:22" departure="0:22">Nordre Lønborg</stop>
    <stop arrival="0:22" departure="0:22">Fagerbakken</stop>
    <stop arrival="0:23" departure="0:23">Eidsvågneset</stop>
    <stop arrival="0:23" departure="0:23">Trolldalen (Eidsvågneset)</stop>
    <stop arrival="0:23" departure="0:23">Trollbekken</stop>
    <stop arrival="0:24" departure="0:24">Tømmervågen</stop>
    <stop arrival="0:24" departure="0:24">Lillevågen</stop>
    <stop arrival="0:25" departure="0:25">Hagebyen (Eidsvåg)</stop>
    <stop arrival="0:25" departure="0:25">Fabrikkvegen</stop>
    <stop arrival="0:26" departure="0:26">Eidsvåg gamlevegen</stop>
    <stop arrival="0:27" departure="0:27">Selvikvegen</stop>
    <stop arrival="0:28" departure="0:28">Ervik nedre (Sellesvingen)</stop>
    <stop arrival="0:28" departure="0:28">Ervik øvre</stop>
    <stop arrival="0:29" departure="0:29">Åstveitvegen</stop>
    <stop arrival="0:30" departure="0:30">Griggastemma</stop>
    <stop arrival="0:31" departure="0:31">Tertneskrysset gamleveien</stop>
    <stop arrival="0:33" departure="0:33">Stamskaret</stop>
    <stop arrival="0:33" departure="0:33">Hesthaugen</stop>
    <stop arrival="0:34">Åsane terminal</stop>
  </route>
  <route no="20" destination="Fanahammeren" url="http://www.web2051.no/bin/tp/zuginfo.exe/on/296226/102676/394800/98658/1/" trafficDays="kjører Ti - Lø, ikke 14., 18., 25. Mai">
    <stop departure="0:20" routeNo="20">Lønborglien snuplass</stop>
    <stop arrival="0:20" departure="0:20">Lønborglien 2</stop>
    <stop arrival="0:21" departure="0:21">Lønborglien 1</stop>
    <stop arrival="0:22" departure="0:22">Nordre Lønborg</stop>
    <stop arrival="0:23" departure="0:23">Lønborg</stop>
    <stop arrival="0:23" departure="0:23">Brunestykket</stop>
    <stop arrival="0:24" departure="0:24">Hellebakken</stop>
    <stop arrival="0:25" departure="0:25">Eikeviken</stop>
    <stop arrival="0:26" departure="0:26">Solbakken</stop>
    <stop arrival="0:27" departure="0:27">Handelshøyskolen</stop>
    <stop arrival="0:28" departure="0:28">Nyhavnsvei (Gamle Bergen)</stop>
    <stop arrival="0:29" departure="0:29">Munkebotten</stop>
    <stop arrival="0:30" departure="0:30">Ludebryggen</stop>
    <stop arrival="0:32" departure="0:32">Sandvikstorget</stop>
    <stop arrival="0:34" departure="0:34">Skutevikstorget</stop>
    <stop arrival="0:34" departure="0:34">Bontelabo</stop>
    <stop arrival="0:35" departure="0:35">Slottsgaten</stop>
    <stop arrival="0:36" departure="0:36">Bryggen</stop>
    <stop arrival="0:37" departure="0:37">Olav Kyrres gate</stop>
    <stop arrival="0:42" departure="0:42">Bergen Busstasjon</stop>
    <stop arrival="0:45" departure="0:45">Danmarksplass</stop>
    <stop arrival="0:46" departure="0:46">Solheimsgaten</stop>
    <stop arrival="0:47" departure="0:47">Reperbanen</stop>
    <stop arrival="0:49" departure="0:49">Fjøsangerveien/ Minde Allè</stop>
    <stop arrival="0:50" departure="0:50">Minde</stop>
    <stop arrival="0:51" departure="0:51">Elvebakken</stop>
    <stop arrival="0:51" departure="0:51">Storetveit</stop>
    <stop arrival="0:51" departure="0:51">Fantoft</stop>
    <stop arrival="0:52" departure="0:52">Nydalen</stop>
    <stop arrival="0:53" departure="0:53">Paradis</stop>
    <stop arrival="0:54" departure="0:54">Tveiteråsskiftet</stop>
    <stop arrival="0:55" departure="0:55">Hopsbro</stop>
    <stop arrival="0:57" departure="0:57">Hopstangen</stop>
    <stop arrival="0:58" departure="0:58">Nesttun terminal</stop>
    <stop arrival="1:00" departure="1:00">Nesttun</stop>
    <stop arrival="1:03" departure="1:03">Skjoldskiftet</stop>
    <stop arrival="1:03" departure="1:03">Nesttunbrekka</stop>
    <stop arrival="1:04" departure="1:04">Mårdalen</stop>
    <stop arrival="1:04" departure="1:04">Skjoldhøgda</stop>
    <stop arrival="1:04" departure="1:04">Skjold skole</stop>
    <stop arrival="1:05" departure="1:05">Lagunen</stop>
    <stop arrival="1:06" departure="1:06">Rådal</stop>
    <stop arrival="1:07" departure="1:07">Sunea</stop>
    <stop arrival="1:07" departure="1:07">Rådalshaug</stop>
    <stop arrival="1:07" departure="1:07">Steinknuseverket</stop>
    <stop arrival="1:08" departure="1:08">Hordnesskiftet Stend</stop>
    <stop arrival="1:10" departure="1:10">Bergheim</stop>
    <stop arrival="1:11" departure="1:11">Bergheim</stop>
    <stop arrival="1:12" departure="1:12">Øvre Titlestad</stop>
    <stop arrival="1:14" departure="1:14">Rydland (Titlestad, Fana)</stop>
    <stop arrival="1:15" departure="1:15">Titlestad</stop>
    <stop arrival="1:16" departure="1:16">Kvernabekkvegen</stop>
    <stop arrival="1:17" departure="1:17">Norheimsveien</stop>
    <stop arrival="1:18" departure="1:18">Fana</stop>
    <stop arrival="1:18" departure="1:18">Gaia Fana</stop>
    <stop arrival="1:19" departure="1:19">Vollaskiftet</stop>
    <stop arrival="1:19" departure="1:19">Volladalen</stop>
    <stop arrival="1:20">Fanahammeren</stop>
  </route>
  <route no="22" destination="Åsane terminal" url="http://www.web2051.no/bin/tp/zuginfo.exe/on/309774/107333/905278/349382/1/" trafficDays="kjører Ma - Fr, ikke 13., 17., 24. Mai">
    <stop departure="23:43" routeNo="22">Birkelundstoppen</stop>
    <stop arrival="23:44" departure="23:44">Nattland gård (nyeveien)</stop>
    <stop arrival="23:45" departure="23:45">Merkurvegen (nyeveien)</stop>
    <stop arrival="23:47" departure="23:47">Rinddalen</stop>
    <stop arrival="23:48" departure="23:48">Indre Sædal</stop>
    <stop arrival="23:48" departure="23:48">Helldalslia</stop>
    <stop arrival="23:48" departure="23:48">Helldalslia</stop>
    <stop arrival="23:49" departure="23:49">Helldalsåsen</stop>
    <stop arrival="23:50" departure="23:50">Kjenndalsåsen</stop>
    <stop arrival="23:51" departure="23:51">Kjenndalslia</stop>
    <stop arrival="23:52" departure="23:52">Kringlebotn</stop>
    <stop arrival="23:53" departure="23:53">Sandalskollen</stop>
    <stop arrival="23:54" departure="23:54">Sandbrekkeveien</stop>
    <stop arrival="23:55" departure="23:55">Midttunflaten</stop>
    <stop arrival="23:55" departure="23:55">Midtun bro</stop>
    <stop arrival="23:57" departure="23:57">Herredshuset, Nesttun</stop>
    <stop arrival="23:57" departure="23:57">Nesttun</stop>
    <stop arrival="23:58" departure="23:58">Nesttun terminal</stop>
    <stop arrival="23:59" departure="23:59">Hopsbro</stop>
    <stop arrival="0:00" departure="0:00">Tveiteråsskiftet</stop>
    <stop arrival="0:01" departure="0:01">Paradis</stop>
    <stop arrival="0:03" departure="0:03">Nydalen</stop>
    <stop arrival="0:04" departure="0:04">Fantoft</stop>
    <stop arrival="0:05" departure="0:05">Storetveit</stop>
    <stop arrival="0:05" departure="0:05">Elvebakken</stop>
    <stop arrival="0:06" departure="0:06">Minde</stop>
    <stop arrival="0:09" departure="0:09">Mindemyren</stop>
    <stop arrival="0:10" departure="0:10">Postterminalen</stop>
    <stop arrival="0:11" departure="0:11">Kanalveien v/LBK</stop>
    <stop arrival="0:13" departure="0:13">Danmarksplass v/Forum kino</stop>
    <stop arrival="0:16" departure="0:16">Bergen Busstasjon</stop>
    <stop arrival="0:18" departure="0:18">Christies gate (Festplassen)</stop>
    <stop arrival="0:21" departure="0:21">Torget v/DnB</stop>
    <stop arrival="0:22" departure="0:22">Bryggen</stop>
    <stop arrival="0:22" departure="0:22">Slottsgaten</stop>
    <stop arrival="0:23" departure="0:23">Bontelabo</stop>
    <stop arrival="0:24" departure="0:24">Skutevikstorget</stop>
    <stop arrival="0:24" departure="0:24">Sjøgaten</stop>
    <stop arrival="0:25" departure="0:25">Sandvikstorget</stop>
    <stop arrival="0:26" departure="0:26">Ludebryggen</stop>
    <stop arrival="0:26" departure="0:26">Munkebotten</stop>
    <stop arrival="0:28" departure="0:28">Nyhavnsvei (Gamle Bergen)</stop>
    <stop arrival="0:29" departure="0:29">Handelshøyskolen</stop>
    <stop arrival="0:30" departure="0:30">Solbakken</stop>
    <stop arrival="0:30" departure="0:30">Eikeviken</stop>
    <stop arrival="0:31" departure="0:31">Hellebakken</stop>
    <stop arrival="0:32" departure="0:32">Brunestykket</stop>
    <stop arrival="0:33" departure="0:33">Lønborg</stop>
    <stop arrival="0:33" departure="0:33">Nordre Lønborg</stop>
    <stop arrival="0:33" departure="0:33">Fagerbakken</stop>
    <stop arrival="0:34" departure="0:34">Eidsvågneset</stop>
    <stop arrival="0:34" departure="0:34">Trolldalen (Eidsvågneset)</stop>
    <stop arrival="0:34" departure="0:34">Trollbekken</stop>
    <stop arrival="0:35" departure="0:35">Tømmervågen</stop>
    <stop arrival="0:35" departure="0:35">Lillevågen</stop>
    <stop arrival="0:36" departure="0:36">Hagebyen (Eidsvåg)</stop>
    <stop arrival="0:37" departure="0:37">Fabrikkvegen</stop>
    <stop arrival="0:38" departure="0:38">Eidsvåg gamlevegen</stop>
    <stop arrival="0:39" departure="0:39">Selvikvegen</stop>
    <stop arrival="0:40" departure="0:40">Ervik nedre (Sellesvingen)</stop>
    <stop arrival="0:40" departure="0:40">Ervik øvre</stop>
    <stop arrival="0:41" departure="0:41">Åstveitvegen</stop>
    <stop arrival="0:42" departure="0:42">Griggastemma</stop>
    <stop arrival="0:43" departure="0:43">Tertneskrysset gamleveien</stop>
    <stop arrival="0:45" departure="0:45">Stamskaret</stop>
    <stop arrival="0:45" departure="0:45">Hesthaugen</stop>
    <stop arrival="0:46">Åsane terminal</stop>
  </route>
  <route no="22" destination="Birkelundstoppen" url="http://www.web2051.no/bin/tp/zuginfo.exe/on/395169/135799/596094/166324/1/" trafficDays="kjører Ti - Lø, ikke 14., 18., 25. Mai">
    <stop departure="0:20" routeNo="22">Åsane terminal</stop>
    <stop arrival="0:21" departure="0:21">Hesthaugen</stop>
    <stop arrival="0:22" departure="0:22">Stamskaret</stop>
    <stop arrival="0:23" departure="0:23">Tertneskrysset gamleveien</stop>
    <stop arrival="0:24" departure="0:24">Griggastemma</stop>
    <stop arrival="0:24" departure="0:24">Åstveitvegen</stop>
    <stop arrival="0:25" departure="0:25">Ervik øvre</stop>
    <stop arrival="0:26" departure="0:26">Ervik nedre (Sellesvingen)</stop>
    <stop arrival="0:27" departure="0:27">Selvikvegen</stop>
    <stop arrival="0:28" departure="0:28">Eidsvåg gamlevegen</stop>
    <stop arrival="0:28" departure="0:28">Fabrikkvegen</stop>
    <stop arrival="0:29" departure="0:29">Hagebyen (Eidsvåg)</stop>
    <stop arrival="0:30" departure="0:30">Lillevågen</stop>
    <stop arrival="0:31" departure="0:31">Tømmervågen</stop>
    <stop arrival="0:31" departure="0:31">Trollbekken</stop>
    <stop arrival="0:32" departure="0:32">Trolldalen (Eidsvågneset)</stop>
    <stop arrival="0:34" departure="0:34">Fagerbakken</stop>
    <stop arrival="0:35" departure="0:35">Nordre Lønborg</stop>
    <stop arrival="0:36" departure="0:36">Lønborg</stop>
    <stop arrival="0:36" departure="0:36">Brunestykket</stop>
    <stop arrival="0:37" departure="0:37">Hellebakken</stop>
    <stop arrival="0:38" departure="0:38">Eikeviken</stop>
    <stop arrival="0:39" departure="0:39">Solbakken</stop>
    <stop arrival="0:40" departure="0:40">Handelshøyskolen</stop>
    <stop arrival="0:41" departure="0:41">Nyhavnsvei (Gamle Bergen)</stop>
    <stop arrival="0:43" departure="0:43">Munkebotten</stop>
    <stop arrival="0:44" departure="0:44">Ludebryggen</stop>
    <stop arrival="0:45" departure="0:45">Sandvikstorget</stop>
    <stop arrival="0:46" departure="0:46">Skutevikstorget</stop>
    <stop arrival="0:47" departure="0:47">Bontelabo</stop>
    <stop arrival="0:48" departure="0:48">Slottsgaten</stop>
    <stop arrival="0:49" departure="0:49">Bryggen</stop>
    <stop arrival="0:50" departure="0:50">Olav Kyrres gate</stop>
    <stop arrival="0:55" departure="0:55">Bergen Busstasjon</stop>
    <stop arrival="0:59" departure="0:59">Danmarksplass</stop>
    <stop arrival="1:00" departure="1:00">Solheimsgaten</stop>
    <stop arrival="1:01" departure="1:01">Reperbanen</stop>
    <stop arrival="1:03" departure="1:03">Fjøsangerveien/ Minde Allè</stop>
    <stop arrival="1:07" departure="1:07">Minde</stop>
    <stop arrival="1:08" departure="1:08">Elvebakken</stop>
    <stop arrival="1:08" departure="1:08">Storetveit</stop>
    <stop arrival="1:08" departure="1:08">Fantoft</stop>
    <stop arrival="1:09" departure="1:09">Nydalen</stop>
    <stop arrival="1:10" departure="1:10">Paradis</stop>
    <stop arrival="1:11" departure="1:11">Tveiteråsskiftet</stop>
    <stop arrival="1:12" departure="1:12">Hopsbro</stop>
    <stop arrival="1:14" departure="1:14">Hopstangen</stop>
    <stop arrival="1:15" departure="1:15">Nesttun terminal</stop>
    <stop arrival="1:16" departure="1:16">Nesttun</stop>
    <stop arrival="1:16" departure="1:16">Herredshuset, Nesttun</stop>
    <stop arrival="1:17" departure="1:17">Midtun bro</stop>
    <stop arrival="1:18" departure="1:18">Midttunflaten</stop>
    <stop arrival="1:19" departure="1:19">Sandbrekkeveien</stop>
    <stop arrival="1:20" departure="1:20">Sandalskollen</stop>
    <stop arrival="1:21" departure="1:21">Kringlebotn</stop>
    <stop arrival="1:22" departure="1:22">Kjenndalslia</stop>
    <stop arrival="1:23" departure="1:23">Kjenndalsåsen</stop>
    <stop arrival="1:24" departure="1:24">Sandalsringen snuplass</stop>
    <stop arrival="1:25" departure="1:25">Helldalslia</stop>
    <stop arrival="1:25" departure="1:25">Helldalslia</stop>
    <stop arrival="1:25" departure="1:25">Indre Sædal</stop>
    <stop arrival="1:26" departure="1:26">Rinddalen</stop>
    <stop arrival="1:27" departure="1:27">Merkurvegen (nyeveien)</stop>
    <stop arrival="1:27" departure="1:27">Nattland gård (nyeveien)</stop>
    <stop arrival="1:28">Birkelundstoppen</stop>
  </route>
  <route no="21" destination="Lønborglien snuplass" url="http://www.web2051.no/bin/tp/zuginfo.exe/on/791331/267744/137442/195057/1/" trafficDays="kjører Lø, ikke 1. Mai">
    <stop departure="23:56" routeNo="21">Søråshøgda snuplass</stop>
    <stop arrival="23:57" departure="23:57">Søråsgrenda</stop>
    <stop arrival="23:59" departure="23:59">Nordåsgrenda</stop>
    <stop arrival="0:00" departure="0:00">Nordåstræet</stop>
    <stop arrival="0:01" departure="0:01">Nordås</stop>
    <stop arrival="0:03" departure="0:03">Nordåstræet</stop>
    <stop arrival="0:04" departure="0:04">Nordåsgrenda</stop>
    <stop arrival="0:04" departure="0:04">Kilden senter</stop>
    <stop arrival="0:05" departure="0:05">Søråsveien</stop>
    <stop arrival="0:06" departure="0:06">Skjold skole</stop>
    <stop arrival="0:08" departure="0:08">Mårdalen</stop>
    <stop arrival="0:09" departure="0:09">Nesttunbrekka</stop>
    <stop arrival="0:09" departure="0:09">Skjoldskiftet</stop>
    <stop arrival="0:10" departure="0:10">Nesttun</stop>
    <stop arrival="0:11" departure="0:11">Nesttun terminal</stop>
    <stop arrival="0:12" departure="0:12">Hopsbro</stop>
    <stop arrival="0:13" departure="0:13">Tveiteråsskiftet</stop>
    <stop arrival="0:14" departure="0:14">Paradis</stop>
    <stop arrival="0:16" departure="0:16">Nydalen</stop>
    <stop arrival="0:17" departure="0:17">Fantoft</stop>
    <stop arrival="0:18" departure="0:18">Storetveit</stop>
    <stop arrival="0:18" departure="0:18">Elvebakken</stop>
    <stop arrival="0:19" departure="0:19">Minde</stop>
    <stop arrival="0:23" departure="0:23">Mindemyren</stop>
    <stop arrival="0:24" departure="0:24">Postterminalen</stop>
    <stop arrival="0:24" departure="0:24">Kanalveien v/LBK</stop>
    <stop arrival="0:26" departure="0:26">Danmarksplass v/Forum kino</stop>
    <stop arrival="0:30" departure="0:30">Bergen Busstasjon</stop>
    <stop arrival="0:33" departure="0:33">Christies gate (Festplassen)</stop>
    <stop arrival="0:36" departure="0:36">Torget v/DnB</stop>
    <stop arrival="0:37" departure="0:37">Bryggen</stop>
    <stop arrival="0:37" departure="0:37">Slottsgaten</stop>
    <stop arrival="0:38" departure="0:38">Bontelabo</stop>
    <stop arrival="0:39" departure="0:39">Skutevikstorget</stop>
    <stop arrival="0:39" departure="0:39">Sjøgaten</stop>
    <stop arrival="0:40" departure="0:40">Sandvikstorget</stop>
    <stop arrival="0:41" departure="0:41">Ludebryggen</stop>
    <stop arrival="0:41" departure="0:41">Munkebotten</stop>
    <stop arrival="0:43" departure="0:43">Nyhavnsvei (Gamle Bergen)</stop>
    <stop arrival="0:44" departure="0:44">Handelshøyskolen</stop>
    <stop arrival="0:45" departure="0:45">Solbakken</stop>
    <stop arrival="0:45" departure="0:45">Eikeviken</stop>
    <stop arrival="0:46" departure="0:46">Hellebakken</stop>
    <stop arrival="0:47" departure="0:47">Brunestykket</stop>
    <stop arrival="0:48" departure="0:48">Lønborg</stop>
    <stop arrival="0:48" departure="0:48">Nordre Lønborg</stop>
    <stop arrival="0:50" departure="0:50">Lønborglien 1</stop>
    <stop arrival="0:51" departure="0:51">Lønborglien 2</stop>
    <stop arrival="0:52">Lønborglien snuplass</stop>
  </route>
  <route no="20" destination="Lønborglien snuplass" url="http://www.web2051.no/bin/tp/zuginfo.exe/on/550143/187197/761526/197384/1/" trafficDays="kjører Sø, ikke 2. Mai">
    <stop departure="0:13" routeNo="20">Rådal ved Lagunen</stop>
    <stop arrival="0:16" departure="0:16">Skjold skole</stop>
    <stop arrival="0:18" departure="0:18">Mårdalen</stop>
    <stop arrival="0:19" departure="0:19">Nesttunbrekka</stop>
    <stop arrival="0:19" departure="0:19">Skjoldskiftet</stop>
    <stop arrival="0:20" departure="0:20">Nesttun</stop>
    <stop arrival="0:21" departure="0:21">Nesttun terminal</stop>
    <stop arrival="0:22" departure="0:22">Hopsbro</stop>
    <stop arrival="0:23" departure="0:23">Tveiteråsskiftet</stop>
    <stop arrival="0:24" departure="0:24">Paradis</stop>
    <stop arrival="0:26" departure="0:26">Nydalen</stop>
    <stop arrival="0:27" departure="0:27">Fantoft</stop>
    <stop arrival="0:28" departure="0:28">Storetveit</stop>
    <stop arrival="0:28" departure="0:28">Elvebakken</stop>
    <stop arrival="0:29" departure="0:29">Minde</stop>
    <stop arrival="0:33" departure="0:33">Mindemyren</stop>
    <stop arrival="0:34" departure="0:34">Postterminalen</stop>
    <stop arrival="0:34" departure="0:34">Kanalveien v/LBK</stop>
    <stop arrival="0:36" departure="0:36">Danmarksplass v/Forum kino</stop>
    <stop arrival="0:40" departure="0:40">Bergen Busstasjon</stop>
    <stop arrival="0:43" departure="0:43">Christies gate (Festplassen)</stop>
    <stop arrival="0:46" departure="0:46">Torget v/DnB</stop>
    <stop arrival="0:47" departure="0:47">Bryggen</stop>
    <stop arrival="0:47" departure="0:47">Slottsgaten</stop>
    <stop arrival="0:48" departure="0:48">Bontelabo</stop>
    <stop arrival="0:49" departure="0:49">Skutevikstorget</stop>
    <stop arrival="0:49" departure="0:49">Sjøgaten</stop>
    <stop arrival="0:50" departure="0:50">Sandvikstorget</stop>
    <stop arrival="0:51" departure="0:51">Ludebryggen</stop>
    <stop arrival="0:51" departure="0:51">Munkebotten</stop>
    <stop arrival="0:53" departure="0:53">Nyhavnsvei (Gamle Bergen)</stop>
    <stop arrival="0:54" departure="0:54">Handelshøyskolen</stop>
    <stop arrival="0:55" departure="0:55">Solbakken</stop>
    <stop arrival="0:55" departure="0:55">Eikeviken</stop>
    <stop arrival="0:56" departure="0:56">Hellebakken</stop>
    <stop arrival="0:57" departure="0:57">Brunestykket</stop>
    <stop arrival="0:58" departure="0:58">Lønborg</stop>
    <stop arrival="0:58" departure="0:58">Nordre Lønborg</stop>
    <stop arrival="1:00" departure="1:00">Lønborglien 1</stop>
    <stop arrival="1:01" departure="1:01">Lønborglien 2</stop>
    <stop arrival="1:02">Lønborglien snuplass</stop>
  </route>
</routes>
