<?xml version="1.0" encoding="UTF-8"?>
<routes>
  <route no="90" destination="Åsane terminal" url="http://www.web2051.no/bin/tp/zuginfo.exe/on/138411/51086/330288/119007/1/" trafficDays="kjører Ti - Lø, ikke 14., 18., 25. Mai">
    <stop departure="0:00" routeNo="90">Sletten (Bergen)</stop>
    <stop arrival="0:02" departure="0:02">Johan Hjorts vei</stop>
    <stop arrival="0:03" departure="0:03">Bergenshallen</stop>
    <stop arrival="0:04" departure="0:04">Sletten Shoppingsenter</stop>
    <stop arrival="0:05" departure="0:05">Fageråsen</stop>
    <stop arrival="0:06" departure="0:06">Hagerups vei</stop>
    <stop arrival="0:07" departure="0:07">Natlandsv. v/Hagerupsvei</stop>
    <stop arrival="0:08" departure="0:08">Langhaugen</stop>
    <stop arrival="0:09" departure="0:09">Fridalen</stop>
    <stop arrival="0:10" departure="0:10">Haukelandsveien</stop>
    <stop arrival="0:11" departure="0:11">Ibsens gate /Haukeland sykehus</stop>
    <stop arrival="0:13" departure="0:13">Bjørnsons gate</stop>
    <stop arrival="0:15" departure="0:15">Årstad VGS</stop>
    <stop arrival="0:16" departure="0:16">Danmarksplass v/Forum kino</stop>
    <stop arrival="0:18" departure="0:18">Bergen Busstasjon</stop>
    <stop arrival="0:20" departure="0:20">Christies gate (Festplassen)</stop>
    <stop arrival="0:23" departure="0:23">Torget (Bergen)</stop>
    <stop arrival="0:24" departure="0:24">Bryggen</stop>
    <stop arrival="0:24" departure="0:24">Slottsgaten</stop>
    <stop arrival="0:25" departure="0:25">Bontelabo</stop>
    <stop arrival="0:26" departure="0:26">Skutevikstorget</stop>
    <stop arrival="0:26" departure="0:26">Sjøgaten</stop>
    <stop arrival="0:27" departure="0:27">Sandvikstorget</stop>
    <stop arrival="0:28" departure="0:28">Ludebryggen</stop>
    <stop arrival="0:28" departure="0:28">Munkebotten</stop>
    <stop arrival="0:30" departure="0:30">Nyhavnsvei (Gamle Bergen)</stop>
    <stop arrival="0:31" departure="0:31">Handelshøyskolen</stop>
    <stop arrival="0:33" departure="0:33">Eidsvåg</stop>
    <stop arrival="0:39">Åsane terminal</stop>
  </route>
  <route no="90" destination="Sletten (Bergen)" url="http://www.web2051.no/bin/tp/zuginfo.exe/on/85038/33237/510392/226850/1/" trafficDays="kjører Ma - Lø, ikke 1., 13., 17., 24. Mai">
    <stop departure="23:10" routeNo="90">Salhus kai</stop>
    <stop arrival="23:10" departure="23:10">Langeland (Åsane)</stop>
    <stop arrival="23:11" departure="23:11">Nygård, Salhus</stop>
    <stop arrival="23:12" departure="23:12">Ranten</stop>
    <stop arrival="23:13" departure="23:13">Kistebakkane</stop>
    <stop arrival="23:14" departure="23:14">Matre</stop>
    <stop arrival="23:15" departure="23:15">Støbotn snuplass</stop>
    <stop arrival="23:16" departure="23:16">Toppe</stop>
    <stop arrival="23:17" departure="23:17">Marikollen</stop>
    <stop arrival="23:17" departure="23:17">Slettestølen</stop>
    <stop arrival="23:18" departure="23:18">Lokketodalen</stop>
    <stop arrival="23:19" departure="23:19">Saudalskleivane</stop>
    <stop arrival="23:21" departure="23:21">Kollbudalen</stop>
    <stop arrival="23:22" departure="23:22">Bakketoppen, Morvik</stop>
    <stop arrival="23:23" departure="23:23">Viddalen</stop>
    <stop arrival="23:25" departure="23:25">Morvikbotn</stop>
    <stop arrival="23:26" departure="23:26">Torvbakken</stop>
    <stop arrival="23:27" departure="23:27">Spondalen</stop>
    <stop arrival="23:28" departure="23:28">Flatevad</stop>
    <stop arrival="23:29" departure="23:29">Åsane Brannstasjon</stop>
    <stop arrival="23:30" departure="23:30">Åsane terminal</stop>
    <stop arrival="23:35" departure="23:35">Eidsvåg</stop>
    <stop arrival="23:37" departure="23:37">Handelshøyskolen</stop>
    <stop arrival="23:38" departure="23:38">Nyhavnsvei (Gamle Bergen)</stop>
    <stop arrival="23:40" departure="23:40">Munkebotten</stop>
    <stop arrival="23:41" departure="23:41">Ludebryggen</stop>
    <stop arrival="23:42" departure="23:42">Sandvikstorget</stop>
    <stop arrival="23:43" departure="23:43">Skutevikstorget</stop>
    <stop arrival="23:44" departure="23:44">Bontelabo</stop>
    <stop arrival="23:45" departure="23:45">Slottsgaten</stop>
    <stop arrival="23:46" departure="23:46">Bryggen</stop>
    <stop arrival="23:47" departure="23:47">Olav Kyrres gate</stop>
    <stop arrival="23:52" departure="23:52">Bergen Busstasjon</stop>
    <stop arrival="23:57" departure="23:57">Danmarksplass/ Ibsens gt.</stop>
    <stop arrival="0:00" departure="0:00">Bjørnsons gate</stop>
    <stop arrival="0:02" departure="0:02">Haukelandsveien</stop>
    <stop arrival="0:03" departure="0:03">Fridalen</stop>
    <stop arrival="0:04" departure="0:04">Langhaugen</stop>
    <stop arrival="0:05" departure="0:05">Landåssvingen</stop>
    <stop arrival="0:06" departure="0:06">Hagerups vei</stop>
    <stop arrival="0:07" departure="0:07">Fageråsen</stop>
    <stop arrival="0:08" departure="0:08">Sletten Shoppingsenter</stop>
    <stop arrival="0:09" departure="0:09">Bergenshallen</stop>
    <stop arrival="0:10" departure="0:10">Johan Hjorts vei</stop>
    <stop arrival="0:12">Sletten (Bergen)</stop>
  </route>
  <route no="90" destination="Salhus kai" url="http://www.web2051.no/bin/tp/zuginfo.exe/on/541419/185334/728042/183549/1/" trafficDays="kjører Ma, også 2., 14., 18., 25. Mai">
    <stop departure="0:08" routeNo="90">Sletten (Bergen)</stop>
    <stop arrival="0:10" departure="0:10">Johan Hjorts vei</stop>
    <stop arrival="0:11" departure="0:11">Bergenshallen</stop>
    <stop arrival="0:12" departure="0:12">Sletten Shoppingsenter</stop>
    <stop arrival="0:13" departure="0:13">Fageråsen</stop>
    <stop arrival="0:14" departure="0:14">Hagerups vei</stop>
    <stop arrival="0:15" departure="0:15">Natlandsv. v/Hagerupsvei</stop>
    <stop arrival="0:16" departure="0:16">Langhaugen</stop>
    <stop arrival="0:17" departure="0:17">Fridalen</stop>
    <stop arrival="0:18" departure="0:18">Haukelandsveien</stop>
    <stop arrival="0:19" departure="0:19">Ibsens gate /Haukeland sykehus</stop>
    <stop arrival="0:21" departure="0:21">Bjørnsons gate</stop>
    <stop arrival="0:23" departure="0:23">Årstad VGS</stop>
    <stop arrival="0:24" departure="0:24">Danmarksplass v/Forum kino</stop>
    <stop arrival="0:28" departure="0:28">Bergen Busstasjon</stop>
    <stop arrival="0:30" departure="0:30">Christies gate (Festplassen)</stop>
    <stop arrival="0:33" departure="0:33">Torget (Bergen)</stop>
    <stop arrival="0:34" departure="0:34">Bryggen</stop>
    <stop arrival="0:34" departure="0:34">Slottsgaten</stop>
    <stop arrival="0:35" departure="0:35">Bontelabo</stop>
    <stop arrival="0:36" departure="0:36">Skutevikstorget</stop>
    <stop arrival="0:36" departure="0:36">Sjøgaten</stop>
    <stop arrival="0:37" departure="0:37">Sandvikstorget</stop>
    <stop arrival="0:38" departure="0:38">Ludebryggen</stop>
    <stop arrival="0:38" departure="0:38">Munkebotten</stop>
    <stop arrival="0:40" departure="0:40">Nyhavnsvei (Gamle Bergen)</stop>
    <stop arrival="0:41" departure="0:41">Handelshøyskolen</stop>
    <stop arrival="0:43" departure="0:43">Eidsvåg</stop>
    <stop arrival="0:46" departure="0:46">Tertneskrysset nyevegen</stop>
    <stop arrival="0:48" departure="0:48">Stamskaret</stop>
    <stop arrival="0:48" departure="0:48">Hesthaugen</stop>
    <stop arrival="0:49" departure="0:49">Åsane terminal</stop>
    <stop arrival="0:50" departure="0:50">Åsane Brannstasjon</stop>
    <stop arrival="0:51" departure="0:51">Flatevad</stop>
    <stop arrival="0:52" departure="0:52">Spondalen</stop>
    <stop arrival="0:52" departure="0:52">Torvbakken</stop>
    <stop arrival="0:53" departure="0:53">Morvikbotn</stop>
    <stop arrival="0:54" departure="0:54">Viddalen</stop>
    <stop arrival="0:55" departure="0:55">Bakketoppen, Morvik</stop>
    <stop arrival="0:57" departure="0:57">Kollbudalen</stop>
    <stop arrival="0:58" departure="0:58">Saudalen</stop>
    <stop arrival="0:59" departure="0:59">Saudalskleivane</stop>
    <stop arrival="1:00" departure="1:00">Lokketodalen</stop>
    <stop arrival="1:01" departure="1:01">Slettestølen</stop>
    <stop arrival="1:02" departure="1:02">Marikollen</stop>
    <stop arrival="1:03" departure="1:03">Toppe</stop>
    <stop arrival="1:04" departure="1:04">Støbotn snuplass</stop>
    <stop arrival="1:05" departure="1:05">Matre</stop>
    <stop arrival="1:05" departure="1:05">Kistebakkane</stop>
    <stop arrival="1:06" departure="1:06">Nygård, Salhus</stop>
    <stop arrival="1:07" departure="1:07">Langeland (Åsane)</stop>
    <stop arrival="1:07">Salhus kai</stop>
  </route>
  <route no="90" destination="Salhus kai" url="http://www.web2051.no/bin/tp/zuginfo.exe/on/842598/285761/410898/75417/1/" trafficDays="kjører Sø, ikke 2. Mai">
    <stop departure="0:30" routeNo="90">Sletten (Bergen)</stop>
    <stop arrival="0:32" departure="0:32">Johan Hjorts vei</stop>
    <stop arrival="0:33" departure="0:33">Bergenshallen</stop>
    <stop arrival="0:34" departure="0:34">Sletten Shoppingsenter</stop>
    <stop arrival="0:35" departure="0:35">Fageråsen</stop>
    <stop arrival="0:36" departure="0:36">Hagerups vei</stop>
    <stop arrival="0:37" departure="0:37">Natlandsv. v/Hagerupsvei</stop>
    <stop arrival="0:38" departure="0:38">Langhaugen</stop>
    <stop arrival="0:39" departure="0:39">Fridalen</stop>
    <stop arrival="0:40" departure="0:40">Haukelandsveien</stop>
    <stop arrival="0:41" departure="0:41">Ibsens gate /Haukeland sykehus</stop>
    <stop arrival="0:42" departure="0:42">Bjørnsons gate</stop>
    <stop arrival="0:44" departure="0:44">Årstad VGS</stop>
    <stop arrival="0:45" departure="0:45">Danmarksplass v/Forum kino</stop>
    <stop arrival="0:48" departure="0:48">Bergen Busstasjon</stop>
    <stop arrival="0:50" departure="0:50">Christies gate (Festplassen)</stop>
    <stop arrival="0:53" departure="0:53">Torget (Bergen)</stop>
    <stop arrival="0:54" departure="0:54">Bryggen</stop>
    <stop arrival="0:54" departure="0:54">Slottsgaten</stop>
    <stop arrival="0:55" departure="0:55">Bontelabo</stop>
    <stop arrival="0:56" departure="0:56">Skutevikstorget</stop>
    <stop arrival="0:56" departure="0:56">Sjøgaten</stop>
    <stop arrival="0:57" departure="0:57">Sandvikstorget</stop>
    <stop arrival="0:58" departure="0:58">Ludebryggen</stop>
    <stop arrival="0:58" departure="0:58">Munkebotten</stop>
    <stop arrival="1:00" departure="1:00">Nyhavnsvei (Gamle Bergen)</stop>
    <stop arrival="1:01" departure="1:01">Handelshøyskolen</stop>
    <stop arrival="1:03" departure="1:03">Eidsvåg</stop>
    <stop arrival="1:08" departure="1:08">Åsane terminal</stop>
    <stop arrival="1:09" departure="1:09">Åsane Brannstasjon</stop>
    <stop arrival="1:10" departure="1:10">Flatevad</stop>
    <stop arrival="1:11" departure="1:11">Spondalen</stop>
    <stop arrival="1:11" departure="1:11">Torvbakken</stop>
    <stop arrival="1:12" departure="1:12">Morvikbotn</stop>
    <stop arrival="1:13" departure="1:13">Viddalen</stop>
    <stop arrival="1:14" departure="1:14">Bakketoppen, Morvik</stop>
    <stop arrival="1:16" departure="1:16">Kollbudalen</stop>
    <stop arrival="1:17" departure="1:17">Saudalen</stop>
    <stop arrival="1:18" departure="1:18">Saudalskleivane</stop>
    <stop arrival="1:19" departure="1:19">Lokketodalen</stop>
    <stop arrival="1:20" departure="1:20">Slettestølen</stop>
    <stop arrival="1:21" departure="1:21">Marikollen</stop>
    <stop arrival="1:22" departure="1:22">Toppe</stop>
    <stop arrival="1:23" departure="1:23">Støbotn snuplass</stop>
    <stop arrival="1:24" departure="1:24">Matre</stop>
    <stop arrival="1:24" departure="1:24">Kistebakkane</stop>
    <stop arrival="1:25" departure="1:25">Nygård, Salhus</stop>
    <stop arrival="1:26" departure="1:26">Langeland (Åsane)</stop>
    <stop arrival="1:26">Salhus kai</stop>
  </route>
  <route no="90" destination="Sletten (Bergen)" url="http://www.web2051.no/bin/tp/zuginfo.exe/on/696456/237015/523664/29680/1/" trafficDays="kjører Sø, også 1., 13., 17., 24. Mai">
    <stop departure="23:40" routeNo="90">Salhus kai</stop>
    <stop arrival="23:40" departure="23:40">Langeland (Åsane)</stop>
    <stop arrival="23:41" departure="23:41">Nygård, Salhus</stop>
    <stop arrival="23:42" departure="23:42">Ranten</stop>
    <stop arrival="23:43" departure="23:43">Kistebakkane</stop>
    <stop arrival="23:44" departure="23:44">Matre</stop>
    <stop arrival="23:45" departure="23:45">Støbotn snuplass</stop>
    <stop arrival="23:46" departure="23:46">Toppe</stop>
    <stop arrival="23:47" departure="23:47">Marikollen</stop>
    <stop arrival="23:47" departure="23:47">Slettestølen</stop>
    <stop arrival="23:48" departure="23:48">Lokketodalen</stop>
    <stop arrival="23:49" departure="23:49">Saudalskleivane</stop>
    <stop arrival="23:51" departure="23:51">Kollbudalen</stop>
    <stop arrival="23:52" departure="23:52">Bakketoppen, Morvik</stop>
    <stop arrival="23:53" departure="23:53">Viddalen</stop>
    <stop arrival="23:55" departure="23:55">Morvikbotn</stop>
    <stop arrival="23:56" departure="23:56">Torvbakken</stop>
    <stop arrival="23:57" departure="23:57">Spondalen</stop>
    <stop arrival="23:58" departure="23:58">Flatevad</stop>
    <stop arrival="23:59" departure="23:59">Åsane Brannstasjon</stop>
    <stop arrival="0:00" departure="0:00">Åsane terminal</stop>
    <stop arrival="0:05" departure="0:05">Eidsvåg</stop>
    <stop arrival="0:07" departure="0:07">Handelshøyskolen</stop>
    <stop arrival="0:08" departure="0:08">Nyhavnsvei (Gamle Bergen)</stop>
    <stop arrival="0:10" departure="0:10">Munkebotten</stop>
    <stop arrival="0:11" departure="0:11">Ludebryggen</stop>
    <stop arrival="0:12" departure="0:12">Sandvikstorget</stop>
    <stop arrival="0:13" departure="0:13">Skutevikstorget</stop>
    <stop arrival="0:14" departure="0:14">Bontelabo</stop>
    <stop arrival="0:15" departure="0:15">Slottsgaten</stop>
    <stop arrival="0:16" departure="0:16">Bryggen</stop>
    <stop arrival="0:17" departure="0:17">Olav Kyrres gate</stop>
    <stop arrival="0:22" departure="0:22">Bergen Busstasjon</stop>
    <stop arrival="0:27" departure="0:27">Danmarksplass/ Ibsens gt.</stop>
    <stop arrival="0:30" departure="0:30">Bjørnsons gate</stop>
    <stop arrival="0:32" departure="0:32">Haukelandsveien</stop>
    <stop arrival="0:33" departure="0:33">Fridalen</stop>
    <stop arrival="0:34" departure="0:34">Langhaugen</stop>
    <stop arrival="0:35" departure="0:35">Landåssvingen</stop>
    <stop arrival="0:36" departure="0:36">Hagerups vei</stop>
    <stop arrival="0:37" departure="0:37">Fageråsen</stop>
    <stop arrival="0:38" departure="0:38">Sletten Shoppingsenter</stop>
    <stop arrival="0:39" departure="0:39">Bergenshallen</stop>
    <stop arrival="0:40" departure="0:40">Johan Hjorts vei</stop>
    <stop arrival="0:42">Sletten (Bergen)</stop>
  </route>
</routes>
