<?xml version="1.0" encoding="UTF-8"?>
<routes>
  <route no="494" destination="Ravnanger term." url="http://www.web2051.no/bin/tp/zuginfo.exe/on/185379/64619/383432/129923/1/" trafficDays="kjører Sø, ikke 2. Mai">
    <stop departure="0:10" routeNo="494">Bergen Busstasjon</stop>
    <stop arrival="0:13" departure="0:13">Olav Kyrres gate</stop>
    <stop arrival="0:14" departure="0:14">Møhlenpris v/ Industrihuset</stop>
    <stop arrival="0:19" departure="0:19">Lyngbø Motorvei R555</stop>
    <stop arrival="0:24" departure="0:24">Frida Fasmer R555</stop>
    <stop arrival="0:25" departure="0:25">Storavatnet term.</stop>
    <stop arrival="0:28" departure="0:28">Brøstaneset</stop>
    <stop arrival="0:30" departure="0:30">Storeklubben (Askøy)</stop>
    <stop arrival="0:32" departure="0:32">Holmedal (Askøy)</stop>
    <stop arrival="0:35" departure="0:35">Kleppestø term.</stop>
    <stop arrival="0:36" departure="0:36">Kleppestø senter</stop>
    <stop arrival="0:37" departure="0:37">Askøy Helsetun</stop>
    <stop arrival="0:37" departure="0:37">Kleppestø ungdomsskole</stop>
    <stop arrival="0:38" departure="0:38">Florvågskiftet F216</stop>
    <stop arrival="0:38" departure="0:38">Torvgården (Askøy)</stop>
    <stop arrival="0:39" departure="0:39">Skansen (Askøy)</stop>
    <stop arrival="0:39" departure="0:39">Svingen F216 (Askøy)</stop>
    <stop arrival="0:39" departure="0:39">Askøy senter</stop>
    <stop arrival="0:40" departure="0:40">Krokåsskiftet (Askøy)</stop>
    <stop arrival="0:41" departure="0:41">Juvikflaten (Askøy)</stop>
    <stop arrival="0:42" departure="0:42">Juvik bedehus (Askøy)</stop>
    <stop arrival="0:43" departure="0:43">Lavikskiftet (Askøy)</stop>
    <stop arrival="0:44" departure="0:44">Pålelva (Askøy)</stop>
    <stop arrival="0:44" departure="0:44">Kråvik (Askøy)</stop>
    <stop arrival="0:45" departure="0:45">Haugland Verkstedet (Askøy)</stop>
    <stop arrival="0:46" departure="0:46">Fjellveien (Askøy)</stop>
    <stop arrival="0:48" departure="0:48">Haugland skole (Askøy)</stop>
    <stop arrival="0:49" departure="0:49">Haugland bedehus (Askøy)</stop>
    <stop arrival="0:51" departure="0:51">Ravnanger</stop>
    <stop arrival="0:52">Ravnanger term.</stop>
  </route>
</routes>
