<?xml version="1.0" encoding="UTF-8"?>
<routes>
  <route no="285" destination="Breistein snuplass" url="http://www.web2051.no/bin/tp/zuginfo.exe/on/878022/297921/686098/50375/1/" trafficDays="kjører Ti - Lø, ikke 14., 18., 25. Mai">
    <stop departure="0:35" routeNo="285">Åsane terminal</stop>
    <stop arrival="0:36" departure="0:36">Rollandskrysset</stop>
    <stop arrival="0:36" departure="0:36">Litleåskryss</stop>
    <stop arrival="0:37" departure="0:37">Salhuskrysset</stop>
    <stop arrival="0:38" departure="0:38">Nyborg</stop>
    <stop arrival="0:40" departure="0:40">Domus Nyborg</stop>
    <stop arrival="0:40" departure="0:40">Liavegen (Åsane)</stop>
    <stop arrival="0:40" departure="0:40">Vågsbotn</stop>
    <stop arrival="0:40" departure="0:40">Eikås</stop>
    <stop arrival="0:41" departure="0:41">Vikaleitet</stop>
    <stop arrival="0:42" departure="0:42">Haukåsvegen</stop>
    <stop arrival="0:42" departure="0:42">Haukås barnehage</stop>
    <stop arrival="0:42" departure="0:42">Myrsæter</stop>
    <stop arrival="0:43" departure="0:43">Bergen Travpark</stop>
    <stop arrival="0:44" departure="0:44">Vestlandsheimen</stop>
    <stop arrival="0:46" departure="0:46">Vollane</stop>
    <stop arrival="0:46" departure="0:46">Kaiveg</stop>
    <stop arrival="0:47" departure="0:47">Breistein kai</stop>
    <stop arrival="0:51" departure="0:51">Eikemo (Åsane)</stop>
    <stop arrival="0:52" departure="0:52">Såtavegen</stop>
    <stop arrival="0:55">Breistein snuplass</stop>
  </route>
  <route no="285" destination="Breistein snuplass" url="http://www.web2051.no/bin/tp/zuginfo.exe/on/892479/302719/406752/94117/1/" trafficDays="kjører Sø, ikke 2. Mai">
    <stop departure="0:35" routeNo="285">Åsane terminal</stop>
    <stop arrival="0:36" departure="0:36">Rollandskrysset</stop>
    <stop arrival="0:36" departure="0:36">Litleåskryss</stop>
    <stop arrival="0:37" departure="0:37">Salhuskrysset</stop>
    <stop arrival="0:38" departure="0:38">Nyborg</stop>
    <stop arrival="0:40" departure="0:40">Domus Nyborg</stop>
    <stop arrival="0:41" departure="0:41">Liavegen (Åsane)</stop>
    <stop arrival="0:42" departure="0:42">Vågsbotn</stop>
    <stop arrival="0:42" departure="0:42">Eikås</stop>
    <stop arrival="0:43" departure="0:43">Vikaleitet</stop>
    <stop arrival="0:44" departure="0:44">Haukåsvegen</stop>
    <stop arrival="0:45" departure="0:45">Haukås barnehage</stop>
    <stop arrival="0:45" departure="0:45">Myrsæter</stop>
    <stop arrival="0:46" departure="0:46">Bergen Travpark</stop>
    <stop arrival="0:47" departure="0:47">Vestlandsheimen</stop>
    <stop arrival="0:49" departure="0:49">Vollane</stop>
    <stop arrival="0:49" departure="0:49">Kaiveg</stop>
    <stop arrival="0:50" departure="0:50">Breistein kai</stop>
    <stop arrival="0:52" departure="0:52">Eikemo (Åsane)</stop>
    <stop arrival="0:53" departure="0:53">Såtavegen</stop>
    <stop arrival="0:55">Breistein snuplass</stop>
  </route>
</routes>
