<?xml version="1.0" encoding="UTF-8"?>
<routes>
  <route no="270" destination="Arna terminal" url="http://www.web2051.no/bin/tp/zuginfo.exe/on/333777/116389/861076/319281/1/" trafficDays="kjører Ti - Lø, ikke 14., 18., 25. Mai">
    <stop departure="0:35" routeNo="270">Åsane terminal</stop>
    <stop arrival="0:36" departure="0:36">Rollandskrysset</stop>
    <stop arrival="0:36" departure="0:36">Litleåskryss</stop>
    <stop arrival="0:37" departure="0:37">Salhuskrysset</stop>
    <stop arrival="0:38" departure="0:38">Nyborg</stop>
    <stop arrival="0:40" departure="0:40">Domus Nyborg</stop>
    <stop arrival="0:41" departure="0:41">Liavegen (Åsane)</stop>
    <stop arrival="0:42" departure="0:42">Vågsbotn</stop>
    <stop arrival="0:43" departure="0:43">Birkeland (Åsane)</stop>
    <stop arrival="0:43" departure="0:43">Blindheimsdalen</stop>
    <stop arrival="0:44" departure="0:44">Blindheim vest</stop>
    <stop arrival="0:44" departure="0:44">Blindheim øst</stop>
    <stop arrival="0:44" departure="0:44">Hetlebakkskiftet</stop>
    <stop arrival="0:45" departure="0:45">Kalsåsvatn</stop>
    <stop arrival="0:46" departure="0:46">Kalsåsvegen</stop>
    <stop arrival="0:46" departure="0:46">Hauglandskiftet</stop>
    <stop arrival="0:47" departure="0:47">Neset (Gaupås)</stop>
    <stop arrival="0:48" departure="0:48">Gamsevegen</stop>
    <stop arrival="0:49" departure="0:49">Orfallet</stop>
    <stop arrival="0:50" departure="0:50">Ytre Arna Sentrum</stop>
    <stop arrival="0:51" departure="0:51">Ytre Arna Kirke</stop>
    <stop arrival="0:52" departure="0:52">Sægarsveg</stop>
    <stop arrival="0:52" departure="0:52">Sletta snuplass</stop>
    <stop arrival="0:53" departure="0:53">Kvamstø</stop>
    <stop arrival="0:54" departure="0:54">Festtangen</stop>
    <stop arrival="0:55" departure="0:55">Ytre Arna gård</stop>
    <stop arrival="0:55" departure="0:55">Solberg (Bergen)</stop>
    <stop arrival="0:56" departure="0:56">Holmen (Arna)</stop>
    <stop arrival="0:56" departure="0:56">Listøl</stop>
    <stop arrival="0:57" departure="0:57">Listøl</stop>
    <stop arrival="0:58" departure="0:58">Ytre Arna vegen v.nr 204</stop>
    <stop arrival="1:00">Arna terminal</stop>
  </route>
</routes>
