<?xml version="1.0" encoding="UTF-8"?>
<routes>
  <route no="31" destination="Varden" url="http://www.web2051.no/bin/tp/zuginfo.exe/on/417237/143547/33110/122524/1/" trafficDays="kjører Ma - Fr, ikke 13., 17., 24. Mai">
    <stop departure="23:35" routeNo="31">Mannsverk vognstasjon</stop>
    <stop arrival="23:35" departure="23:35">Wiers -Jenssens vei</stop>
    <stop arrival="23:36" departure="23:36">Strimmelen</stop>
    <stop arrival="23:37" departure="23:37">Kolstien</stop>
    <stop arrival="23:39" departure="23:39">Kanonhaugen</stop>
    <stop arrival="23:40" departure="23:40">Lægdene</stop>
    <stop arrival="23:40" departure="23:40">Lægdenesvingen</stop>
    <stop arrival="23:41" departure="23:41">Montana</stop>
    <stop arrival="23:42" departure="23:42">Sollien v/nr. 57</stop>
    <stop arrival="23:42" departure="23:42">Sollien v/nr. 87</stop>
    <stop arrival="23:43" departure="23:43">Sollien v/nr. 126</stop>
    <stop arrival="23:43" departure="23:43">Lægdene</stop>
    <stop arrival="23:44" departure="23:44">Lærerskolen, Landås</stop>
    <stop arrival="23:45" departure="23:45">Langhaugen</stop>
    <stop arrival="23:45" departure="23:45">Fridalen</stop>
    <stop arrival="23:46" departure="23:46">Haukeland sykehus sør</stop>
    <stop arrival="23:47" departure="23:47">Haukeland sykehus nord</stop>
    <stop arrival="23:47" departure="23:47">Haraldsplass sykehus</stop>
    <stop arrival="23:48" departure="23:48">Haukeland skole</stop>
    <stop arrival="23:50" departure="23:50">Svartediksveien</stop>
    <stop arrival="23:51" departure="23:51">Kalvedalsveien</stop>
    <stop arrival="23:53" departure="23:53">Kalfarlien</stop>
    <stop arrival="23:54" departure="23:54">Stadsporten (jernbanen)</stop>
    <stop arrival="23:56" departure="23:56">Kong Oscars gate</stop>
    <stop arrival="23:57" departure="23:57">Allehelgensgate</stop>
    <stop arrival="0:00" departure="0:00">Olav Kyrres gate</stop>
    <stop arrival="0:02" departure="0:02">Møhlenpris v/ Industrihuset</stop>
    <stop arrival="0:03" departure="0:03">Gyldenpris</stop>
    <stop arrival="0:06" departure="0:06">Løvstakktunnelen</stop>
    <stop arrival="0:06" departure="0:06">Sikthaugen</stop>
    <stop arrival="0:07" departure="0:07">Hamregården</stop>
    <stop arrival="0:07" departure="0:07">Nebbeveien</stop>
    <stop arrival="0:07" departure="0:07">Løvås</stop>
    <stop arrival="0:08" departure="0:08">Oasen Terminal</stop>
    <stop arrival="0:09" departure="0:09">Skarphaugen</stop>
    <stop arrival="0:10" departure="0:10">St.Hanshaugen</stop>
    <stop arrival="0:11" departure="0:11">Krokatjønnveien</stop>
    <stop arrival="0:11" departure="0:11">Myrholtet</stop>
    <stop arrival="0:12" departure="0:12">Allestadveien</stop>
    <stop arrival="0:12" departure="0:12">Allestadhaugen</stop>
    <stop arrival="0:13" departure="0:13">Hesjaholtet</stop>
    <stop arrival="0:14" departure="0:14">Allestadhaugen</stop>
    <stop arrival="0:14" departure="0:14">Allestadveien</stop>
    <stop arrival="0:15" departure="0:15">Varden skole</stop>
    <stop arrival="0:16" departure="0:16">Vardesvingen</stop>
    <stop arrival="0:16" departure="0:16">Vardeveien</stop>
    <stop arrival="0:17">Varden</stop>
  </route>
  <route no="30" destination="Bergen Busstasjon" url="http://www.web2051.no/bin/tp/zuginfo.exe/on/954954/322645/566008/35316/1/" trafficDays="kjører Lø, ikke 1. Mai">
    <stop departure="23:50" routeNo="30">Birkelandskrysset Terminal</stop>
    <stop arrival="23:52" departure="23:52">Birkelandsflaten</stop>
    <stop arrival="23:53" departure="23:53">Birkelandsflaten</stop>
    <stop arrival="23:53" departure="23:53">Sandslislusen</stop>
    <stop arrival="23:53" departure="23:53">Sandslisnuplass</stop>
    <stop arrival="23:54" departure="23:54">Sandsligården</stop>
    <stop arrival="23:55" departure="23:55">Statoil (Sandsli)</stop>
    <stop arrival="23:55" departure="23:55">Statoil stasjon Sandsli</stop>
    <stop arrival="23:56" departure="23:56">Hydro Sandsli</stop>
    <stop arrival="23:56" departure="23:56">Petedalsheia</stop>
    <stop arrival="23:57" departure="23:57">Fanatorget</stop>
    <stop arrival="0:01" departure="0:01">Dolvik terminal</stop>
    <stop arrival="0:01" departure="0:01">Dolvikbakken</stop>
    <stop arrival="0:02" departure="0:02">Søreide skole</stop>
    <stop arrival="0:03" departure="0:03">Søreide v/Hydrostasjonen</stop>
    <stop arrival="0:03" departure="0:03">Straume bro</stop>
    <stop arrival="0:03" departure="0:03">Bergen Motorbåtforening</stop>
    <stop arrival="0:04" departure="0:04">Sementbroen</stop>
    <stop arrival="0:05" departure="0:05">Sandeide terminal</stop>
    <stop arrival="0:07" departure="0:07">Fyllingsdalsveien v/Shell</stop>
    <stop arrival="0:09" departure="0:09">Skarphaugen</stop>
    <stop arrival="0:10" departure="0:10">Oasen Terminal</stop>
    <stop arrival="0:11" departure="0:11">Løvås</stop>
    <stop arrival="0:11" departure="0:11">Nebbeveien</stop>
    <stop arrival="0:11" departure="0:11">Hamregården</stop>
    <stop arrival="0:12" departure="0:12">Sikthaugen</stop>
    <stop arrival="0:15" departure="0:15">Gyldenpris</stop>
    <stop arrival="0:16" departure="0:16">Møhlenpris v/ Industrihuset</stop>
    <stop arrival="0:18" departure="0:18">Nygårdsgaten</stop>
    <stop arrival="0:23">Bergen Busstasjon</stop>
  </route>
  <route no="30" destination="Bergen Busstasjon" url="http://www.web2051.no/bin/tp/zuginfo.exe/on/227031/80066/526908/187780/1/" trafficDays="kjører Ma - Fr, ikke 13., 17., 24. Mai">
    <stop departure="23:50" routeNo="30">Birkelandskrysset Terminal</stop>
    <stop arrival="23:52" departure="23:52">Birkelandsflaten</stop>
    <stop arrival="23:53" departure="23:53">Birkelandsflaten</stop>
    <stop arrival="23:53" departure="23:53">Sandslislusen</stop>
    <stop arrival="23:53" departure="23:53">Sandslisnuplass</stop>
    <stop arrival="23:54" departure="23:54">Sandsligården</stop>
    <stop arrival="23:54" departure="23:54">Statoil (Sandsli)</stop>
    <stop arrival="23:54" departure="23:54">Statoil stasjon Sandsli</stop>
    <stop arrival="23:55" departure="23:55">Hydro Sandsli</stop>
    <stop arrival="23:56" departure="23:56">Petedalsheia</stop>
    <stop arrival="23:56" departure="23:56">Fanatorget</stop>
    <stop arrival="23:58" departure="23:58">Regnbueåsen</stop>
    <stop arrival="0:01" departure="0:01">Skranevegen</stop>
    <stop arrival="0:01" departure="0:01">Dolvik terminal</stop>
    <stop arrival="0:01" departure="0:01">Dolvikbakken</stop>
    <stop arrival="0:02" departure="0:02">Søreide skole</stop>
    <stop arrival="0:03" departure="0:03">Søreide v/Hydrostasjonen</stop>
    <stop arrival="0:03" departure="0:03">Straume bro</stop>
    <stop arrival="0:03" departure="0:03">Bergen Motorbåtforening</stop>
    <stop arrival="0:04" departure="0:04">Sementbroen</stop>
    <stop arrival="0:05" departure="0:05">Sandeide terminal</stop>
    <stop arrival="0:07" departure="0:07">Fyllingsdalsveien v/Shell</stop>
    <stop arrival="0:09" departure="0:09">Skarphaugen</stop>
    <stop arrival="0:10" departure="0:10">Oasen Terminal</stop>
    <stop arrival="0:11" departure="0:11">Løvås</stop>
    <stop arrival="0:11" departure="0:11">Nebbeveien</stop>
    <stop arrival="0:12" departure="0:12">Hamregården</stop>
    <stop arrival="0:13" departure="0:13">Sikthaugen</stop>
    <stop arrival="0:17" departure="0:17">Gyldenpris</stop>
    <stop arrival="0:18" departure="0:18">Møhlenpris v/ Industrihuset</stop>
    <stop arrival="0:20" departure="0:20">Nygårdsgaten</stop>
    <stop arrival="0:25">Bergen Busstasjon</stop>
  </route>
  <route no="31" destination="Mannsverk vognstasjon" url="http://www.web2051.no/bin/tp/zuginfo.exe/on/391212/134873/190112/35348/1/" trafficDays="kjører Ti - Lø, ikke 14., 18., 25. Mai">
    <stop departure="0:05" routeNo="31">Varden</stop>
    <stop arrival="0:06" departure="0:06">Vardeveien</stop>
    <stop arrival="0:06" departure="0:06">Vardesvingen</stop>
    <stop arrival="0:07" departure="0:07">Varden skole</stop>
    <stop arrival="0:08" departure="0:08">Allestadveien</stop>
    <stop arrival="0:08" departure="0:08">Allestadhaugen</stop>
    <stop arrival="0:09" departure="0:09">Hesjaholtet</stop>
    <stop arrival="0:10" departure="0:10">Allestadhaugen</stop>
    <stop arrival="0:10" departure="0:10">Allestadveien</stop>
    <stop arrival="0:12" departure="0:12">Myrholtet</stop>
    <stop arrival="0:12" departure="0:12">Krokatjønnveien</stop>
    <stop arrival="0:13" departure="0:13">St.Hanshaugen</stop>
    <stop arrival="0:14" departure="0:14">Skarphaugen</stop>
    <stop arrival="0:15" departure="0:15">Oasen Terminal</stop>
    <stop arrival="0:17" departure="0:17">Løvås</stop>
    <stop arrival="0:19" departure="0:19">Løvåsveien</stop>
    <stop arrival="0:20" departure="0:20">Seljedalen skole</stop>
    <stop arrival="0:20" departure="0:20">Vestlund beh.sent.</stop>
    <stop arrival="0:20" departure="0:20">Storhammeren (Betanien)</stop>
    <stop arrival="0:21" departure="0:21">Vestlundveien</stop>
    <stop arrival="0:25" departure="0:25">Gyldenpris</stop>
    <stop arrival="0:27" departure="0:27">Møhlenpris v/ Industrihuset</stop>
    <stop arrival="0:29" departure="0:29">Nøstet</stop>
    <stop arrival="0:31" departure="0:31">Strandgaten (Svaneapoteket)</stop>
    <stop arrival="0:33" departure="0:33">Småstrandgaten</stop>
    <stop arrival="0:34" departure="0:34">Nygaten</stop>
    <stop arrival="0:35" departure="0:35">Statsporten (jernbanen)</stop>
    <stop arrival="0:38" departure="0:38">Kalfarlien</stop>
    <stop arrival="0:39" departure="0:39">Kalvedalsveien</stop>
    <stop arrival="0:40" departure="0:40">Svartediksveien</stop>
    <stop arrival="0:41" departure="0:41">Statsarkivet</stop>
    <stop arrival="0:42" departure="0:42">Haraldsplass sykehus</stop>
    <stop arrival="0:43" departure="0:43">Haukeland sykehus nord</stop>
    <stop arrival="0:45" departure="0:45">Haukeland sykehus sør</stop>
    <stop arrival="0:46" departure="0:46">Fridalen</stop>
    <stop arrival="0:47" departure="0:47">Langhaugen</stop>
    <stop arrival="0:49" departure="0:49">Lærerskolen, Landås</stop>
    <stop arrival="0:50" departure="0:50">Lægdene</stop>
    <stop arrival="0:50" departure="0:50">Lægdenesvingen</stop>
    <stop arrival="0:51" departure="0:51">Montana</stop>
    <stop arrival="0:52" departure="0:52">Sollien v/nr. 57</stop>
    <stop arrival="0:52" departure="0:52">Sollien v/nr. 87</stop>
    <stop arrival="0:53" departure="0:53">Sollien v/nr. 126</stop>
    <stop arrival="0:53" departure="0:53">Kanonhaugen</stop>
    <stop arrival="0:54" departure="0:54">Kolstien</stop>
    <stop arrival="0:54" departure="0:54">Strimmelen</stop>
    <stop arrival="0:55">Mannsverk vognstasjon</stop>
  </route>
  <route no="30" destination="Birkelandskrysset Terminal" url="http://www.web2051.no/bin/tp/zuginfo.exe/on/943347/318756/998926/185015/1/" trafficDays="kjører Ma, også 2., 14., 18., 25. Mai">
    <stop departure="0:05" routeNo="30">Bergen Busstasjon</stop>
    <stop arrival="0:10" departure="0:10">Olav Kyrres gate</stop>
    <stop arrival="0:11" departure="0:11">Møhlenpris v/ Industrihuset</stop>
    <stop arrival="0:12" departure="0:12">Gyldenpris</stop>
    <stop arrival="0:15" departure="0:15">Løvstakktunnelen</stop>
    <stop arrival="0:16" departure="0:16">Sikthaugen</stop>
    <stop arrival="0:16" departure="0:16">Hamregården</stop>
    <stop arrival="0:17" departure="0:17">Nebbeveien</stop>
    <stop arrival="0:17" departure="0:17">Løvås</stop>
    <stop arrival="0:18" departure="0:18">Oasen Terminal</stop>
    <stop arrival="0:19" departure="0:19">Skarphaugen</stop>
    <stop arrival="0:21" departure="0:21">Fyllingdsalsveien v/Shell</stop>
    <stop arrival="0:23" departure="0:23">Sandeide terminal</stop>
    <stop arrival="0:25" departure="0:25">Bjørgeveien</stop>
    <stop arrival="0:27" departure="0:27">Sementbroen</stop>
    <stop arrival="0:29" departure="0:29">Straume bro</stop>
    <stop arrival="0:30" departure="0:30">Søreide v/Hydrostasjonen</stop>
    <stop arrival="0:31" departure="0:31">Dolvik terminal</stop>
    <stop arrival="0:34" departure="0:34">Fanatorget</stop>
    <stop arrival="0:35" departure="0:35">Petedalsheia</stop>
    <stop arrival="0:35" departure="0:35">Hydro Sandsli</stop>
    <stop arrival="0:36" departure="0:36">Statoil (Sandsli)</stop>
    <stop arrival="0:37" departure="0:37">Sandsligården</stop>
    <stop arrival="0:38" departure="0:38">Sandslisnuplass</stop>
    <stop arrival="0:38" departure="0:38">Sandslislusen</stop>
    <stop arrival="0:39" departure="0:39">Birkelandsflaten</stop>
    <stop arrival="0:42" departure="0:42">Birkelandsflaten</stop>
    <stop arrival="0:45">Birkelandskrysset Terminal</stop>
  </route>
  <route no="30" destination="Birkelandskrysset Terminal" url="http://www.web2051.no/bin/tp/zuginfo.exe/on/585324/199437/15888/187164/1/" trafficDays="kjører Sø, ikke 2. Mai">
    <stop departure="0:05" routeNo="30">Bergen Busstasjon</stop>
    <stop arrival="0:10" departure="0:10">Olav Kyrres gate</stop>
    <stop arrival="0:11" departure="0:11">Møhlenpris v/ Industrihuset</stop>
    <stop arrival="0:12" departure="0:12">Gyldenpris</stop>
    <stop arrival="0:15" departure="0:15">Løvstakktunnelen</stop>
    <stop arrival="0:16" departure="0:16">Sikthaugen</stop>
    <stop arrival="0:16" departure="0:16">Hamregården</stop>
    <stop arrival="0:17" departure="0:17">Nebbeveien</stop>
    <stop arrival="0:17" departure="0:17">Løvås</stop>
    <stop arrival="0:18" departure="0:18">Oasen Terminal</stop>
    <stop arrival="0:19" departure="0:19">Skarphaugen</stop>
    <stop arrival="0:21" departure="0:21">Fyllingdsalsveien v/Shell</stop>
    <stop arrival="0:23" departure="0:23">Sandeide terminal</stop>
    <stop arrival="0:25" departure="0:25">Bjørgeveien</stop>
    <stop arrival="0:27" departure="0:27">Sementbroen</stop>
    <stop arrival="0:29" departure="0:29">Straume bro</stop>
    <stop arrival="0:30" departure="0:30">Søreide v/Hydrostasjonen</stop>
    <stop arrival="0:31" departure="0:31">Søreide skole</stop>
    <stop arrival="0:31" departure="0:31">Dolvik terminal</stop>
    <stop arrival="0:34" departure="0:34">Fanatorget</stop>
    <stop arrival="0:35" departure="0:35">Petedalsheia</stop>
    <stop arrival="0:35" departure="0:35">Hydro Sandsli</stop>
    <stop arrival="0:36" departure="0:36">Statoil (Sandsli)</stop>
    <stop arrival="0:37" departure="0:37">Sandsligården</stop>
    <stop arrival="0:38" departure="0:38">Sandslisnuplass</stop>
    <stop arrival="0:38" departure="0:38">Sandslislusen</stop>
    <stop arrival="0:39" departure="0:39">Birkelandsflaten</stop>
    <stop arrival="0:42" departure="0:42">Birkelandsflaten</stop>
    <stop arrival="0:45">Birkelandskrysset Terminal</stop>
  </route>
  <route no="30" destination="Birkelandskrysset Terminal" url="http://www.web2051.no/bin/tp/zuginfo.exe/on/694953/236041/945008/240854/1/" trafficDays="kjører Ti - Lø, ikke 14., 18., 25. Mai">
    <stop departure="0:05" routeNo="30">Bergen Busstasjon</stop>
    <stop arrival="0:10" departure="0:10">Olav Kyrres gate</stop>
    <stop arrival="0:11" departure="0:11">Møhlenpris v/ Industrihuset</stop>
    <stop arrival="0:12" departure="0:12">Gyldenpris</stop>
    <stop arrival="0:15" departure="0:15">Løvstakktunnelen</stop>
    <stop arrival="0:16" departure="0:16">Sikthaugen</stop>
    <stop arrival="0:16" departure="0:16">Hamregården</stop>
    <stop arrival="0:17" departure="0:17">Nebbeveien</stop>
    <stop arrival="0:17" departure="0:17">Løvås</stop>
    <stop arrival="0:18" departure="0:18">Oasen Terminal</stop>
    <stop arrival="0:18" departure="0:18">Skarphaugen</stop>
    <stop arrival="0:19" departure="0:19">Fyllingdsalsveien v/Shell</stop>
    <stop arrival="0:20" departure="0:20">Sandeide terminal</stop>
    <stop arrival="0:23" departure="0:23">Bjørgeveien</stop>
    <stop arrival="0:25" departure="0:25">Sementbroen</stop>
    <stop arrival="0:27" departure="0:27">Straume bro</stop>
    <stop arrival="0:29" departure="0:29">Søreide v/Hydrostasjonen</stop>
    <stop arrival="0:29" departure="0:29">Søreide skole</stop>
    <stop arrival="0:30" departure="0:30">Grimstadskiftet</stop>
    <stop arrival="0:30" departure="0:30">Dolvik terminal</stop>
    <stop arrival="0:30" departure="0:30">Skranevegen</stop>
    <stop arrival="0:31" departure="0:31">Regnbueåsen</stop>
    <stop arrival="0:32" departure="0:32">Fanatorget</stop>
    <stop arrival="0:33" departure="0:33">Petedalsheia</stop>
    <stop arrival="0:34" departure="0:34">Hydro Sandsli</stop>
    <stop arrival="0:35" departure="0:35">Statoil (Sandsli)</stop>
    <stop arrival="0:37" departure="0:37">Sandsligården</stop>
    <stop arrival="0:38" departure="0:38">Sandslisnuplass</stop>
    <stop arrival="0:38" departure="0:38">Sandslislusen</stop>
    <stop arrival="0:39" departure="0:39">Birkelandsflaten</stop>
    <stop arrival="0:42" departure="0:42">Birkelandsflaten</stop>
    <stop arrival="0:45">Birkelandskrysset Terminal</stop>
  </route>
  <route no="31" destination="Mannsverk vognstasjon" url="http://www.web2051.no/bin/tp/zuginfo.exe/on/994338/335873/841926/89525/1/" trafficDays="kjører Sø, ikke 2. Mai">
    <stop departure="0:15" routeNo="31">Varden</stop>
    <stop arrival="0:16" departure="0:16">Vardeveien</stop>
    <stop arrival="0:16" departure="0:16">Vardesvingen</stop>
    <stop arrival="0:17" departure="0:17">Varden skole</stop>
    <stop arrival="0:18" departure="0:18">Allestadveien</stop>
    <stop arrival="0:18" departure="0:18">Allestadhaugen</stop>
    <stop arrival="0:19" departure="0:19">Hesjaholtet</stop>
    <stop arrival="0:20" departure="0:20">Allestadhaugen</stop>
    <stop arrival="0:20" departure="0:20">Allestadveien</stop>
    <stop arrival="0:22" departure="0:22">Myrholtet</stop>
    <stop arrival="0:22" departure="0:22">Krokatjønnveien</stop>
    <stop arrival="0:23" departure="0:23">St.Hanshaugen</stop>
    <stop arrival="0:24" departure="0:24">Skarphaugen</stop>
    <stop arrival="0:25" departure="0:25">Oasen Terminal</stop>
    <stop arrival="0:26" departure="0:26">Løvås</stop>
    <stop arrival="0:26" departure="0:26">Nebbeveien</stop>
    <stop arrival="0:27" departure="0:27">Hamregården</stop>
    <stop arrival="0:28" departure="0:28">Sikthaugen</stop>
    <stop arrival="0:32" departure="0:32">Gyldenpris</stop>
    <stop arrival="0:34" departure="0:34">Møhlenpris v/ Industrihuset</stop>
    <stop arrival="0:36" departure="0:36">Nøstet</stop>
    <stop arrival="0:40" departure="0:40">Strandgaten (Svaneapoteket)</stop>
    <stop arrival="0:42" departure="0:42">Småstrandgaten</stop>
    <stop arrival="0:43" departure="0:43">Nygaten</stop>
    <stop arrival="0:44" departure="0:44">Statsporten (jernbanen)</stop>
    <stop arrival="0:47" departure="0:47">Kalfarlien</stop>
    <stop arrival="0:48" departure="0:48">Kalvedalsveien</stop>
    <stop arrival="0:49" departure="0:49">Svartediksveien</stop>
    <stop arrival="0:50" departure="0:50">Statsarkivet</stop>
    <stop arrival="0:51" departure="0:51">Haraldsplass sykehus</stop>
    <stop arrival="0:52" departure="0:52">Haukeland sykehus nord</stop>
    <stop arrival="0:54" departure="0:54">Haukeland sykehus sør</stop>
    <stop arrival="0:55" departure="0:55">Fridalen</stop>
    <stop arrival="0:56" departure="0:56">Langhaugen</stop>
    <stop arrival="0:58" departure="0:58">Lærerskolen, Landås</stop>
    <stop arrival="0:59" departure="0:59">Lægdene</stop>
    <stop arrival="1:00" departure="1:00">Lægdenesvingen</stop>
    <stop arrival="1:00" departure="1:00">Montana</stop>
    <stop arrival="1:01" departure="1:01">Sollien v/nr. 57</stop>
    <stop arrival="1:02" departure="1:02">Sollien v/nr. 87</stop>
    <stop arrival="1:02" departure="1:02">Sollien v/nr. 126</stop>
    <stop arrival="1:03" departure="1:03">Kanonhaugen</stop>
    <stop arrival="1:03" departure="1:03">Kolstien</stop>
    <stop arrival="1:04" departure="1:04">Strimmelen</stop>
    <stop arrival="1:05">Mannsverk vognstasjon</stop>
  </route>
  <route no="32" destination="Loddefjord term." url="http://www.web2051.no/bin/tp/zuginfo.exe/on/938511/314133/297732/163971/1/" trafficDays="kjører Sø, ikke 2. Mai">
    <stop departure="0:15" routeNo="32">Bergen Busstasjon</stop>
    <stop arrival="0:18" departure="0:18">Olav Kyrres gate</stop>
    <stop arrival="0:20" departure="0:20">Møhlenpris v/ Industrihuset</stop>
    <stop arrival="0:21" departure="0:21">Gyldenpris</stop>
    <stop arrival="0:26" departure="0:26">Løvstakktunnelen</stop>
    <stop arrival="0:27" departure="0:27">Sikthaugen</stop>
    <stop arrival="0:28" departure="0:28">Hamregården</stop>
    <stop arrival="0:28" departure="0:28">Nebbeveien</stop>
    <stop arrival="0:29" departure="0:29">Løvås</stop>
    <stop arrival="0:30" departure="0:30">Oasen Terminal</stop>
    <stop arrival="0:31" departure="0:31">Skarphaugen</stop>
    <stop arrival="0:33" departure="0:33">Fyllingdsalsveien v/Shell</stop>
    <stop arrival="0:35" departure="0:35">Sandeide terminal</stop>
    <stop arrival="0:36" departure="0:36">Sandeidet barnehage</stop>
    <stop arrival="0:36" departure="0:36">Sandeidbråtet</stop>
    <stop arrival="0:37" departure="0:37">Bjørge</stop>
    <stop arrival="0:39" departure="0:39">Kjerreidviken</stop>
    <stop arrival="0:41" departure="0:41">Bjørndalsskogen</stop>
    <stop arrival="0:42" departure="0:42">Sætermyr</stop>
    <stop arrival="0:43" departure="0:43">Ravnestølen</stop>
    <stop arrival="0:45" departure="0:45">Bjørndalstræ R557</stop>
    <stop arrival="0:47">Loddefjord term.</stop>
  </route>
  <route no="31" destination="Mannsverk vognstasjon" url="http://www.web2051.no/bin/tp/zuginfo.exe/on/564573/192599/739286/181452/1/" trafficDays="kjører Ma, også 2., 14., 18., 25. Mai">
    <stop departure="0:20" routeNo="31">Varden</stop>
    <stop arrival="0:21" departure="0:21">Vardeveien</stop>
    <stop arrival="0:21" departure="0:21">Vardesvingen</stop>
    <stop arrival="0:22" departure="0:22">Varden skole</stop>
    <stop arrival="0:23" departure="0:23">Allestadveien</stop>
    <stop arrival="0:23" departure="0:23">Allestadhaugen</stop>
    <stop arrival="0:24" departure="0:24">Hesjaholtet</stop>
    <stop arrival="0:25" departure="0:25">Allestadhaugen</stop>
    <stop arrival="0:25" departure="0:25">Allestadveien</stop>
    <stop arrival="0:27" departure="0:27">Myrholtet</stop>
    <stop arrival="0:27" departure="0:27">Krokatjønnveien</stop>
    <stop arrival="0:28" departure="0:28">St.Hanshaugen</stop>
    <stop arrival="0:29" departure="0:29">Skarphaugen</stop>
    <stop arrival="0:30" departure="0:30">Oasen Terminal</stop>
    <stop arrival="0:31" departure="0:31">Løvås</stop>
    <stop arrival="0:31" departure="0:31">Nebbeveien</stop>
    <stop arrival="0:31" departure="0:31">Hamregården</stop>
    <stop arrival="0:32" departure="0:32">Sikthaugen</stop>
    <stop arrival="0:35" departure="0:35">Gyldenpris</stop>
    <stop arrival="0:37" departure="0:37">Møhlenpris v/ Industrihuset</stop>
    <stop arrival="0:40" departure="0:40">Nøstet</stop>
    <stop arrival="0:40" departure="0:40">Strandgaten (Svaneapoteket)</stop>
    <stop arrival="0:42" departure="0:42">Småstrandgaten</stop>
    <stop arrival="0:43" departure="0:43">Nygaten</stop>
    <stop arrival="0:45" departure="0:45">Statsporten (jernbanen)</stop>
    <stop arrival="0:47" departure="0:47">Kalfarlien</stop>
    <stop arrival="0:48" departure="0:48">Kalvedalsveien</stop>
    <stop arrival="0:50" departure="0:50">Svartediksveien</stop>
    <stop arrival="0:51" departure="0:51">Statsarkivet</stop>
    <stop arrival="0:52" departure="0:52">Haraldsplass sykehus</stop>
    <stop arrival="0:53" departure="0:53">Haukeland sykehus nord</stop>
    <stop arrival="0:55" departure="0:55">Haukeland sykehus sør</stop>
    <stop arrival="0:57" departure="0:57">Fridalen</stop>
    <stop arrival="0:58" departure="0:58">Langhaugen</stop>
    <stop arrival="1:00" departure="1:00">Lærerskolen, Landås</stop>
    <stop arrival="1:02" departure="1:02">Lægdene</stop>
    <stop arrival="1:03" departure="1:03">Lægdenesvingen</stop>
    <stop arrival="1:04" departure="1:04">Montana</stop>
    <stop arrival="1:04" departure="1:04">Sollien v/nr. 57</stop>
    <stop arrival="1:06" departure="1:06">Sollien v/nr. 87</stop>
    <stop arrival="1:06" departure="1:06">Sollien v/nr. 126</stop>
    <stop arrival="1:07" departure="1:07">Kanonhaugen</stop>
    <stop arrival="1:08" departure="1:08">Kolstien</stop>
    <stop arrival="1:09" departure="1:09">Strimmelen</stop>
    <stop arrival="1:10">Mannsverk vognstasjon</stop>
  </route>
  <route no="31" destination="Varden" url="http://www.web2051.no/bin/tp/zuginfo.exe/on/723516/245594/266066/108143/1/" trafficDays="kjører Sø, ikke 2. Mai">
    <stop departure="0:08" routeNo="31">Mannsverk vognstasjon</stop>
    <stop arrival="0:08" departure="0:08">Wiers -Jenssens vei</stop>
    <stop arrival="0:09" departure="0:09">Strimmelen</stop>
    <stop arrival="0:10" departure="0:10">Kolstien</stop>
    <stop arrival="0:12" departure="0:12">Kanonhaugen</stop>
    <stop arrival="0:13" departure="0:13">Lægdene</stop>
    <stop arrival="0:13" departure="0:13">Lægdenesvingen</stop>
    <stop arrival="0:14" departure="0:14">Montana</stop>
    <stop arrival="0:14" departure="0:14">Sollien v/nr. 57</stop>
    <stop arrival="0:15" departure="0:15">Sollien v/nr. 87</stop>
    <stop arrival="0:15" departure="0:15">Sollien v/nr. 126</stop>
    <stop arrival="0:15" departure="0:15">Lægdene</stop>
    <stop arrival="0:16" departure="0:16">Lærerskolen, Landås</stop>
    <stop arrival="0:16" departure="0:16">Langhaugen</stop>
    <stop arrival="0:17" departure="0:17">Fridalen</stop>
    <stop arrival="0:17" departure="0:17">Haukeland sykehus sør</stop>
    <stop arrival="0:18" departure="0:18">Haukeland sykehus nord</stop>
    <stop arrival="0:18" departure="0:18">Haraldsplass sykehus</stop>
    <stop arrival="0:19" departure="0:19">Haukeland skole</stop>
    <stop arrival="0:21" departure="0:21">Svartediksveien</stop>
    <stop arrival="0:22" departure="0:22">Kalvedalsveien</stop>
    <stop arrival="0:24" departure="0:24">Kalfarlien</stop>
    <stop arrival="0:25" departure="0:25">Stadsporten (jernbanen)</stop>
    <stop arrival="0:27" departure="0:27">Kong Oscars gate</stop>
    <stop arrival="0:28" departure="0:28">Allehelgensgate</stop>
    <stop arrival="0:30" departure="0:30">Olav Kyrres gate</stop>
    <stop arrival="0:32" departure="0:32">Møhlenpris v/ Industrihuset</stop>
    <stop arrival="0:33" departure="0:33">Gyldenpris</stop>
    <stop arrival="0:36" departure="0:36">Løvstakktunnelen</stop>
    <stop arrival="0:36" departure="0:36">Sikthaugen</stop>
    <stop arrival="0:37" departure="0:37">Hamregården</stop>
    <stop arrival="0:37" departure="0:37">Nebbeveien</stop>
    <stop arrival="0:37" departure="0:37">Løvås</stop>
    <stop arrival="0:38" departure="0:38">Oasen Terminal</stop>
    <stop arrival="0:39" departure="0:39">Skarphaugen</stop>
    <stop arrival="0:40" departure="0:40">St.Hanshaugen</stop>
    <stop arrival="0:41" departure="0:41">Krokatjønnveien</stop>
    <stop arrival="0:41" departure="0:41">Myrholtet</stop>
    <stop arrival="0:42" departure="0:42">Allestadveien</stop>
    <stop arrival="0:42" departure="0:42">Allestadhaugen</stop>
    <stop arrival="0:43" departure="0:43">Hesjaholtet</stop>
    <stop arrival="0:44" departure="0:44">Allestadhaugen</stop>
    <stop arrival="0:44" departure="0:44">Allestadveien</stop>
    <stop arrival="0:45" departure="0:45">Varden skole</stop>
    <stop arrival="0:46" departure="0:46">Vardesvingen</stop>
    <stop arrival="0:46" departure="0:46">Vardeveien</stop>
    <stop arrival="0:47">Varden</stop>
  </route>
  <route no="31" destination="Mannsverk vognstasjon" url="http://www.web2051.no/bin/tp/zuginfo.exe/on/52776/22057/146146/55482/1/" trafficDays="kjører Ti - Lø, ikke 14., 18., 25. Mai">
    <stop departure="0:30" routeNo="31">Varden</stop>
    <stop arrival="0:31" departure="0:31">Vardeveien</stop>
    <stop arrival="0:31" departure="0:31">Vardesvingen</stop>
    <stop arrival="0:32" departure="0:32">Varden skole</stop>
    <stop arrival="0:33" departure="0:33">Allestadveien</stop>
    <stop arrival="0:33" departure="0:33">Allestadhaugen</stop>
    <stop arrival="0:34" departure="0:34">Hesjaholtet</stop>
    <stop arrival="0:35" departure="0:35">Allestadhaugen</stop>
    <stop arrival="0:35" departure="0:35">Allestadveien</stop>
    <stop arrival="0:37" departure="0:37">Myrholtet</stop>
    <stop arrival="0:37" departure="0:37">Krokatjønnveien</stop>
    <stop arrival="0:38" departure="0:38">St.Hanshaugen</stop>
    <stop arrival="0:39" departure="0:39">Skarphaugen</stop>
    <stop arrival="0:40" departure="0:40">Oasen Terminal</stop>
    <stop arrival="0:41" departure="0:41">Løvås</stop>
    <stop arrival="0:41" departure="0:41">Nebbeveien</stop>
    <stop arrival="0:42" departure="0:42">Hamregården</stop>
    <stop arrival="0:43" departure="0:43">Sikthaugen</stop>
    <stop arrival="0:47" departure="0:47">Gyldenpris</stop>
    <stop arrival="0:49" departure="0:49">Møhlenpris v/ Industrihuset</stop>
    <stop arrival="0:51" departure="0:51">Nøstet</stop>
    <stop arrival="0:53" departure="0:53">Strandgaten (Svaneapoteket)</stop>
    <stop arrival="0:55" departure="0:55">Småstrandgaten</stop>
    <stop arrival="0:56" departure="0:56">Nygaten</stop>
    <stop arrival="0:57" departure="0:57">Statsporten (jernbanen)</stop>
    <stop arrival="1:00" departure="1:00">Kalfarlien</stop>
    <stop arrival="1:01" departure="1:01">Kalvedalsveien</stop>
    <stop arrival="1:02" departure="1:02">Svartediksveien</stop>
    <stop arrival="1:03" departure="1:03">Statsarkivet</stop>
    <stop arrival="1:04" departure="1:04">Haraldsplass sykehus</stop>
    <stop arrival="1:05" departure="1:05">Haukeland sykehus nord</stop>
    <stop arrival="1:07" departure="1:07">Haukeland sykehus sør</stop>
    <stop arrival="1:08" departure="1:08">Fridalen</stop>
    <stop arrival="1:09" departure="1:09">Langhaugen</stop>
    <stop arrival="1:11" departure="1:11">Lærerskolen, Landås</stop>
    <stop arrival="1:12" departure="1:12">Lægdene</stop>
    <stop arrival="1:12" departure="1:12">Lægdenesvingen</stop>
    <stop arrival="1:13" departure="1:13">Montana</stop>
    <stop arrival="1:14" departure="1:14">Sollien v/nr. 57</stop>
    <stop arrival="1:14" departure="1:14">Sollien v/nr. 87</stop>
    <stop arrival="1:15" departure="1:15">Sollien v/nr. 126</stop>
    <stop arrival="1:15" departure="1:15">Kanonhaugen</stop>
    <stop arrival="1:16" departure="1:16">Kolstien</stop>
    <stop arrival="1:16" departure="1:16">Strimmelen</stop>
    <stop arrival="1:17">Mannsverk vognstasjon</stop>
  </route>
  <route no="30" destination="Birkelandskrysset Terminal" url="http://www.web2051.no/bin/tp/zuginfo.exe/on/542523/185232/406296/22307/1/" trafficDays="kjører Ti - Lø, ikke 14., 18., 25. Mai">
    <stop departure="0:35" routeNo="30">Bergen Busstasjon</stop>
    <stop arrival="0:40" departure="0:40">Olav Kyrres gate</stop>
    <stop arrival="0:41" departure="0:41">Møhlenpris v/ Industrihuset</stop>
    <stop arrival="0:42" departure="0:42">Gyldenpris</stop>
    <stop arrival="0:45" departure="0:45">Løvstakktunnelen</stop>
    <stop arrival="0:46" departure="0:46">Sikthaugen</stop>
    <stop arrival="0:46" departure="0:46">Hamregården</stop>
    <stop arrival="0:47" departure="0:47">Nebbeveien</stop>
    <stop arrival="0:47" departure="0:47">Løvås</stop>
    <stop arrival="0:48" departure="0:48">Oasen Terminal</stop>
    <stop arrival="0:49" departure="0:49">Skarphaugen</stop>
    <stop arrival="0:50" departure="0:50">St.Hanshaugen</stop>
    <stop arrival="0:51" departure="0:51">Krokatjønnveien</stop>
    <stop arrival="0:51" departure="0:51">Myrholtet</stop>
    <stop arrival="0:52" departure="0:52">Allestadveien</stop>
    <stop arrival="0:52" departure="0:52">Allestadhaugen</stop>
    <stop arrival="0:53" departure="0:53">Hesjaholtet</stop>
    <stop arrival="0:53" departure="0:53">Allestadhaugen</stop>
    <stop arrival="0:54" departure="0:54">Allestadveien</stop>
    <stop arrival="0:55" departure="0:55">Varden skole</stop>
    <stop arrival="0:55" departure="0:55">Vardesvingen</stop>
    <stop arrival="0:56" departure="0:56">Vardeveien</stop>
    <stop arrival="0:56" departure="0:56">Varden</stop>
    <stop arrival="0:57" departure="0:57">Sandeidet barnehage</stop>
    <stop arrival="0:57" departure="0:57">Sandeide terminal</stop>
    <stop arrival="0:59" departure="0:59">Bjørgeveien</stop>
    <stop arrival="1:01" departure="1:01">Sementbroen</stop>
    <stop arrival="1:03" departure="1:03">Straume bro</stop>
    <stop arrival="1:05" departure="1:05">Søreide v/Hydrostasjonen</stop>
    <stop arrival="1:05" departure="1:05">Søreide skole</stop>
    <stop arrival="1:06" departure="1:06">Grimstadskiftet</stop>
    <stop arrival="1:07" departure="1:07">Skranevegen</stop>
    <stop arrival="1:07" departure="1:07">Regnbueåsen</stop>
    <stop arrival="1:08" departure="1:08">Fanatorget</stop>
    <stop arrival="1:08" departure="1:08">Petedalsheia</stop>
    <stop arrival="1:09" departure="1:09">Hydro Sandsli</stop>
    <stop arrival="1:10" departure="1:10">Statoil (Sandsli)</stop>
    <stop arrival="1:10" departure="1:10">Sandsliskiftet</stop>
    <stop arrival="1:12" departure="1:12">Gomarhaug</stop>
    <stop arrival="1:16">Birkelandskrysset Terminal</stop>
  </route>
</routes>
