<?xml version="1.0" encoding="UTF-8"?>
<routes>
  <route no="31" destination="Mannsverk vognstasjon" url="http://www.web2051.no/bin/tp/zuginfo.exe/on/370602/127961/72426/87327/1/" trafficDays="kjører Lø, ikke 1. Mai">
    <stop departure="23:15" routeNo="31">Varden</stop>
    <stop arrival="23:16" departure="23:16">Vardeveien</stop>
    <stop arrival="23:16" departure="23:16">Vardesvingen</stop>
    <stop arrival="23:17" departure="23:17">Varden skole</stop>
    <stop arrival="23:18" departure="23:18">Allestadveien</stop>
    <stop arrival="23:18" departure="23:18">Allestadhaugen</stop>
    <stop arrival="23:19" departure="23:19">Hesjaholtet</stop>
    <stop arrival="23:20" departure="23:20">Allestadhaugen</stop>
    <stop arrival="23:20" departure="23:20">Allestadveien</stop>
    <stop arrival="23:22" departure="23:22">Myrholtet</stop>
    <stop arrival="23:22" departure="23:22">Krokatjønnveien</stop>
    <stop arrival="23:23" departure="23:23">St.Hanshaugen</stop>
    <stop arrival="23:24" departure="23:24">Skarphaugen</stop>
    <stop arrival="23:25" departure="23:25">Oasen Terminal</stop>
    <stop arrival="23:26" departure="23:26">Løvås</stop>
    <stop arrival="23:26" departure="23:26">Nebbeveien</stop>
    <stop arrival="23:27" departure="23:27">Hamregården</stop>
    <stop arrival="23:28" departure="23:28">Sikthaugen</stop>
    <stop arrival="23:32" departure="23:32">Gyldenpris</stop>
    <stop arrival="23:34" departure="23:34">Møhlenpris v/ Industrihuset</stop>
    <stop arrival="23:36" departure="23:36">Nøstet</stop>
    <stop arrival="23:40" departure="23:40">Strandgaten (Svaneapoteket)</stop>
    <stop arrival="23:42" departure="23:42">Småstrandgaten</stop>
    <stop arrival="23:43" departure="23:43">Nygaten</stop>
    <stop arrival="23:44" departure="23:44">Statsporten (jernbanen)</stop>
    <stop arrival="23:47" departure="23:47">Kalfarlien</stop>
    <stop arrival="23:48" departure="23:48">Kalvedalsveien</stop>
    <stop arrival="23:49" departure="23:49">Svartediksveien</stop>
    <stop arrival="23:50" departure="23:50">Statsarkivet</stop>
    <stop arrival="23:51" departure="23:51">Haraldsplass sykehus</stop>
    <stop arrival="23:52" departure="23:52">Haukeland sykehus nord</stop>
    <stop arrival="23:54" departure="23:54">Haukeland sykehus sør</stop>
    <stop arrival="23:55" departure="23:55">Fridalen</stop>
    <stop arrival="23:56" departure="23:56">Langhaugen</stop>
    <stop arrival="23:58" departure="23:58">Lærerskolen, Landås</stop>
    <stop arrival="23:59" departure="23:59">Lægdene</stop>
    <stop arrival="0:00" departure="0:00">Lægdenesvingen</stop>
    <stop arrival="0:00" departure="0:00">Montana</stop>
    <stop arrival="0:01" departure="0:01">Sollien v/nr. 57</stop>
    <stop arrival="0:02" departure="0:02">Sollien v/nr. 87</stop>
    <stop arrival="0:02" departure="0:02">Sollien v/nr. 126</stop>
    <stop arrival="0:03" departure="0:03">Kanonhaugen</stop>
    <stop arrival="0:03" departure="0:03">Kolstien</stop>
    <stop arrival="0:04" departure="0:04">Strimmelen</stop>
    <stop arrival="0:05">Mannsverk vognstasjon</stop>
  </route>
  <route no="31" destination="Mannsverk vognstasjon" url="http://www.web2051.no/bin/tp/zuginfo.exe/on/688569/233990/137738/160656/1/" trafficDays="kjører Ma - Fr, ikke 13., 17., 24. Mai">
    <stop departure="23:25" routeNo="31">Varden</stop>
    <stop arrival="23:26" departure="23:26">Vardeveien</stop>
    <stop arrival="23:26" departure="23:26">Vardesvingen</stop>
    <stop arrival="23:27" departure="23:27">Varden skole</stop>
    <stop arrival="23:28" departure="23:28">Allestadveien</stop>
    <stop arrival="23:28" departure="23:28">Allestadhaugen</stop>
    <stop arrival="23:29" departure="23:29">Hesjaholtet</stop>
    <stop arrival="23:30" departure="23:30">Allestadhaugen</stop>
    <stop arrival="23:30" departure="23:30">Allestadveien</stop>
    <stop arrival="23:32" departure="23:32">Myrholtet</stop>
    <stop arrival="23:32" departure="23:32">Krokatjønnveien</stop>
    <stop arrival="23:33" departure="23:33">St.Hanshaugen</stop>
    <stop arrival="23:34" departure="23:34">Skarphaugen</stop>
    <stop arrival="23:35" departure="23:35">Oasen Terminal</stop>
    <stop arrival="23:36" departure="23:36">Løvås</stop>
    <stop arrival="23:36" departure="23:36">Nebbeveien</stop>
    <stop arrival="23:37" departure="23:37">Hamregården</stop>
    <stop arrival="23:38" departure="23:38">Sikthaugen</stop>
    <stop arrival="23:42" departure="23:42">Gyldenpris</stop>
    <stop arrival="23:44" departure="23:44">Møhlenpris v/ Industrihuset</stop>
    <stop arrival="23:46" departure="23:46">Nøstet</stop>
    <stop arrival="23:48" departure="23:48">Strandgaten (Svaneapoteket)</stop>
    <stop arrival="23:50" departure="23:50">Småstrandgaten</stop>
    <stop arrival="23:51" departure="23:51">Nygaten</stop>
    <stop arrival="23:52" departure="23:52">Statsporten (jernbanen)</stop>
    <stop arrival="23:55" departure="23:55">Kalfarlien</stop>
    <stop arrival="23:56" departure="23:56">Kalvedalsveien</stop>
    <stop arrival="23:57" departure="23:57">Svartediksveien</stop>
    <stop arrival="23:58" departure="23:58">Statsarkivet</stop>
    <stop arrival="23:59" departure="23:59">Haraldsplass sykehus</stop>
    <stop arrival="0:00" departure="0:00">Haukeland sykehus nord</stop>
    <stop arrival="0:02" departure="0:02">Haukeland sykehus sør</stop>
    <stop arrival="0:03" departure="0:03">Fridalen</stop>
    <stop arrival="0:04" departure="0:04">Langhaugen</stop>
    <stop arrival="0:06" departure="0:06">Lærerskolen, Landås</stop>
    <stop arrival="0:07" departure="0:07">Lægdene</stop>
    <stop arrival="0:07" departure="0:07">Lægdenesvingen</stop>
    <stop arrival="0:08" departure="0:08">Montana</stop>
    <stop arrival="0:09" departure="0:09">Sollien v/nr. 57</stop>
    <stop arrival="0:09" departure="0:09">Sollien v/nr. 87</stop>
    <stop arrival="0:10" departure="0:10">Sollien v/nr. 126</stop>
    <stop arrival="0:10" departure="0:10">Kanonhaugen</stop>
    <stop arrival="0:11" departure="0:11">Kolstien</stop>
    <stop arrival="0:11" departure="0:11">Strimmelen</stop>
    <stop arrival="0:12">Mannsverk vognstasjon</stop>
  </route>
  <route no="31" destination="Mannsverk vognstasjon" url="http://www.web2051.no/bin/tp/zuginfo.exe/on/742620/252007/418154/38465/1/" trafficDays="kjører Ma - Fr, ikke 13., 17., 24. Mai">
    <stop departure="23:25" routeNo="31">Varden</stop>
    <stop arrival="23:26" departure="23:26">Vardeveien</stop>
    <stop arrival="23:26" departure="23:26">Vardesvingen</stop>
    <stop arrival="23:27" departure="23:27">Varden skole</stop>
    <stop arrival="23:28" departure="23:28">Allestadveien</stop>
    <stop arrival="23:28" departure="23:28">Allestadhaugen</stop>
    <stop arrival="23:29" departure="23:29">Hesjaholtet</stop>
    <stop arrival="23:30" departure="23:30">Allestadhaugen</stop>
    <stop arrival="23:30" departure="23:30">Allestadveien</stop>
    <stop arrival="23:32" departure="23:32">Myrholtet</stop>
    <stop arrival="23:32" departure="23:32">Krokatjønnveien</stop>
    <stop arrival="23:33" departure="23:33">St.Hanshaugen</stop>
    <stop arrival="23:34" departure="23:34">Skarphaugen</stop>
    <stop arrival="23:35" departure="23:35">Oasen Terminal</stop>
    <stop arrival="23:36" departure="23:36">Løvås</stop>
    <stop arrival="23:36" departure="23:36">Nebbeveien</stop>
    <stop arrival="23:37" departure="23:37">Hamregården</stop>
    <stop arrival="23:38" departure="23:38">Sikthaugen</stop>
    <stop arrival="23:42" departure="23:42">Gyldenpris</stop>
    <stop arrival="23:44" departure="23:44">Møhlenpris v/ Industrihuset</stop>
    <stop arrival="23:46" departure="23:46">Nøstet</stop>
    <stop arrival="23:48" departure="23:48">Strandgaten (Svaneapoteket)</stop>
    <stop arrival="23:50" departure="23:50">Småstrandgaten</stop>
    <stop arrival="23:51" departure="23:51">Nygaten</stop>
    <stop arrival="23:52" departure="23:52">Statsporten (jernbanen)</stop>
    <stop arrival="23:55" departure="23:55">Kalfarlien</stop>
    <stop arrival="23:56" departure="23:56">Kalvedalsveien</stop>
    <stop arrival="23:57" departure="23:57">Svartediksveien</stop>
    <stop arrival="23:58" departure="23:58">Statsarkivet</stop>
    <stop arrival="23:59" departure="23:59">Haraldsplass sykehus</stop>
    <stop arrival="0:00" departure="0:00">Haukeland sykehus nord</stop>
    <stop arrival="0:02" departure="0:02">Haukeland sykehus sør</stop>
    <stop arrival="0:03" departure="0:03">Fridalen</stop>
    <stop arrival="0:04" departure="0:04">Langhaugen</stop>
    <stop arrival="0:06" departure="0:06">Lærerskolen, Landås</stop>
    <stop arrival="0:07" departure="0:07">Lægdene</stop>
    <stop arrival="0:07" departure="0:07">Lægdenesvingen</stop>
    <stop arrival="0:08" departure="0:08">Montana</stop>
    <stop arrival="0:09" departure="0:09">Sollien v/nr. 57</stop>
    <stop arrival="0:09" departure="0:09">Sollien v/nr. 87</stop>
    <stop arrival="0:10" departure="0:10">Sollien v/nr. 126</stop>
    <stop arrival="0:10" departure="0:10">Kanonhaugen</stop>
    <stop arrival="0:11" departure="0:11">Kolstien</stop>
    <stop arrival="0:11" departure="0:11">Strimmelen</stop>
    <stop arrival="0:12">Mannsverk vognstasjon</stop>
  </route>
  <route no="31" destination="Varden" url="http://www.web2051.no/bin/tp/zuginfo.exe/on/111894/41720/464310/194861/1/" trafficDays="kjører Sø, ikke 2. Mai">
    <stop departure="0:08" routeNo="31">Mannsverk vognstasjon</stop>
    <stop arrival="0:08" departure="0:08">Wiers -Jenssens vei</stop>
    <stop arrival="0:09" departure="0:09">Strimmelen</stop>
    <stop arrival="0:10" departure="0:10">Kolstien</stop>
    <stop arrival="0:12" departure="0:12">Kanonhaugen</stop>
    <stop arrival="0:13" departure="0:13">Lægdene</stop>
    <stop arrival="0:13" departure="0:13">Lægdenesvingen</stop>
    <stop arrival="0:14" departure="0:14">Montana</stop>
    <stop arrival="0:14" departure="0:14">Sollien v/nr. 57</stop>
    <stop arrival="0:15" departure="0:15">Sollien v/nr. 87</stop>
    <stop arrival="0:15" departure="0:15">Sollien v/nr. 126</stop>
    <stop arrival="0:15" departure="0:15">Lægdene</stop>
    <stop arrival="0:16" departure="0:16">Lærerskolen, Landås</stop>
    <stop arrival="0:16" departure="0:16">Langhaugen</stop>
    <stop arrival="0:17" departure="0:17">Fridalen</stop>
    <stop arrival="0:17" departure="0:17">Haukeland sykehus sør</stop>
    <stop arrival="0:18" departure="0:18">Haukeland sykehus nord</stop>
    <stop arrival="0:18" departure="0:18">Haraldsplass sykehus</stop>
    <stop arrival="0:19" departure="0:19">Haukeland skole</stop>
    <stop arrival="0:21" departure="0:21">Svartediksveien</stop>
    <stop arrival="0:22" departure="0:22">Kalvedalsveien</stop>
    <stop arrival="0:24" departure="0:24">Kalfarlien</stop>
    <stop arrival="0:25" departure="0:25">Stadsporten (jernbanen)</stop>
    <stop arrival="0:27" departure="0:27">Kong Oscars gate</stop>
    <stop arrival="0:28" departure="0:28">Allehelgensgate</stop>
    <stop arrival="0:30" departure="0:30">Olav Kyrres gate</stop>
    <stop arrival="0:32" departure="0:32">Møhlenpris v/ Industrihuset</stop>
    <stop arrival="0:33" departure="0:33">Gyldenpris</stop>
    <stop arrival="0:36" departure="0:36">Løvstakktunnelen</stop>
    <stop arrival="0:36" departure="0:36">Sikthaugen</stop>
    <stop arrival="0:37" departure="0:37">Hamregården</stop>
    <stop arrival="0:37" departure="0:37">Nebbeveien</stop>
    <stop arrival="0:37" departure="0:37">Løvås</stop>
    <stop arrival="0:38" departure="0:38">Oasen Terminal</stop>
    <stop arrival="0:39" departure="0:39">Skarphaugen</stop>
    <stop arrival="0:40" departure="0:40">St.Hanshaugen</stop>
    <stop arrival="0:41" departure="0:41">Krokatjønnveien</stop>
    <stop arrival="0:41" departure="0:41">Myrholtet</stop>
    <stop arrival="0:42" departure="0:42">Allestadveien</stop>
    <stop arrival="0:42" departure="0:42">Allestadhaugen</stop>
    <stop arrival="0:43" departure="0:43">Hesjaholtet</stop>
    <stop arrival="0:44" departure="0:44">Allestadhaugen</stop>
    <stop arrival="0:44" departure="0:44">Allestadveien</stop>
    <stop arrival="0:45" departure="0:45">Varden skole</stop>
    <stop arrival="0:46" departure="0:46">Vardesvingen</stop>
    <stop arrival="0:46" departure="0:46">Vardeveien</stop>
    <stop arrival="0:47">Varden</stop>
  </route>
  <route no="31" destination="Varden" url="http://www.web2051.no/bin/tp/zuginfo.exe/on/52260/21842/248734/106951/1/" trafficDays="kjører Sø, ikke 2. Mai">
    <stop departure="0:08" routeNo="31">Mannsverk vognstasjon</stop>
    <stop arrival="0:08" departure="0:08">Wiers -Jenssens vei</stop>
    <stop arrival="0:09" departure="0:09">Strimmelen</stop>
    <stop arrival="0:10" departure="0:10">Kolstien</stop>
    <stop arrival="0:12" departure="0:12">Kanonhaugen</stop>
    <stop arrival="0:13" departure="0:13">Lægdene</stop>
    <stop arrival="0:13" departure="0:13">Lægdenesvingen</stop>
    <stop arrival="0:14" departure="0:14">Montana</stop>
    <stop arrival="0:14" departure="0:14">Sollien v/nr. 57</stop>
    <stop arrival="0:15" departure="0:15">Sollien v/nr. 87</stop>
    <stop arrival="0:15" departure="0:15">Sollien v/nr. 126</stop>
    <stop arrival="0:15" departure="0:15">Lægdene</stop>
    <stop arrival="0:16" departure="0:16">Lærerskolen, Landås</stop>
    <stop arrival="0:16" departure="0:16">Langhaugen</stop>
    <stop arrival="0:17" departure="0:17">Fridalen</stop>
    <stop arrival="0:17" departure="0:17">Haukeland sykehus sør</stop>
    <stop arrival="0:18" departure="0:18">Haukeland sykehus nord</stop>
    <stop arrival="0:18" departure="0:18">Haraldsplass sykehus</stop>
    <stop arrival="0:19" departure="0:19">Haukeland skole</stop>
    <stop arrival="0:21" departure="0:21">Svartediksveien</stop>
    <stop arrival="0:22" departure="0:22">Kalvedalsveien</stop>
    <stop arrival="0:24" departure="0:24">Kalfarlien</stop>
    <stop arrival="0:25" departure="0:25">Stadsporten (jernbanen)</stop>
    <stop arrival="0:27" departure="0:27">Kong Oscars gate</stop>
    <stop arrival="0:28" departure="0:28">Allehelgensgate</stop>
    <stop arrival="0:30" departure="0:30">Olav Kyrres gate</stop>
    <stop arrival="0:32" departure="0:32">Møhlenpris v/ Industrihuset</stop>
    <stop arrival="0:33" departure="0:33">Gyldenpris</stop>
    <stop arrival="0:36" departure="0:36">Løvstakktunnelen</stop>
    <stop arrival="0:36" departure="0:36">Sikthaugen</stop>
    <stop arrival="0:37" departure="0:37">Hamregården</stop>
    <stop arrival="0:37" departure="0:37">Nebbeveien</stop>
    <stop arrival="0:37" departure="0:37">Løvås</stop>
    <stop arrival="0:38" departure="0:38">Oasen Terminal</stop>
    <stop arrival="0:39" departure="0:39">Skarphaugen</stop>
    <stop arrival="0:40" departure="0:40">St.Hanshaugen</stop>
    <stop arrival="0:41" departure="0:41">Krokatjønnveien</stop>
    <stop arrival="0:41" departure="0:41">Myrholtet</stop>
    <stop arrival="0:42" departure="0:42">Allestadveien</stop>
    <stop arrival="0:42" departure="0:42">Allestadhaugen</stop>
    <stop arrival="0:43" departure="0:43">Hesjaholtet</stop>
    <stop arrival="0:44" departure="0:44">Allestadhaugen</stop>
    <stop arrival="0:44" departure="0:44">Allestadveien</stop>
    <stop arrival="0:45" departure="0:45">Varden skole</stop>
    <stop arrival="0:46" departure="0:46">Vardesvingen</stop>
    <stop arrival="0:46" departure="0:46">Vardeveien</stop>
    <stop arrival="0:47">Varden</stop>
  </route>
  <route no="31" destination="Varden" url="http://www.web2051.no/bin/tp/zuginfo.exe/on/108228/40498/735172/331514/1/" trafficDays="kjører Sø, ikke 2. Mai">
    <stop departure="0:08" routeNo="31">Mannsverk vognstasjon</stop>
    <stop arrival="0:08" departure="0:08">Wiers -Jenssens vei</stop>
    <stop arrival="0:09" departure="0:09">Strimmelen</stop>
    <stop arrival="0:10" departure="0:10">Kolstien</stop>
    <stop arrival="0:12" departure="0:12">Kanonhaugen</stop>
    <stop arrival="0:13" departure="0:13">Lægdene</stop>
    <stop arrival="0:13" departure="0:13">Lægdenesvingen</stop>
    <stop arrival="0:14" departure="0:14">Montana</stop>
    <stop arrival="0:14" departure="0:14">Sollien v/nr. 57</stop>
    <stop arrival="0:15" departure="0:15">Sollien v/nr. 87</stop>
    <stop arrival="0:15" departure="0:15">Sollien v/nr. 126</stop>
    <stop arrival="0:15" departure="0:15">Lægdene</stop>
    <stop arrival="0:16" departure="0:16">Lærerskolen, Landås</stop>
    <stop arrival="0:16" departure="0:16">Langhaugen</stop>
    <stop arrival="0:17" departure="0:17">Fridalen</stop>
    <stop arrival="0:17" departure="0:17">Haukeland sykehus sør</stop>
    <stop arrival="0:18" departure="0:18">Haukeland sykehus nord</stop>
    <stop arrival="0:18" departure="0:18">Haraldsplass sykehus</stop>
    <stop arrival="0:19" departure="0:19">Haukeland skole</stop>
    <stop arrival="0:21" departure="0:21">Svartediksveien</stop>
    <stop arrival="0:22" departure="0:22">Kalvedalsveien</stop>
    <stop arrival="0:24" departure="0:24">Kalfarlien</stop>
    <stop arrival="0:25" departure="0:25">Stadsporten (jernbanen)</stop>
    <stop arrival="0:27" departure="0:27">Kong Oscars gate</stop>
    <stop arrival="0:28" departure="0:28">Allehelgensgate</stop>
    <stop arrival="0:30" departure="0:30">Olav Kyrres gate</stop>
    <stop arrival="0:32" departure="0:32">Møhlenpris v/ Industrihuset</stop>
    <stop arrival="0:33" departure="0:33">Gyldenpris</stop>
    <stop arrival="0:36" departure="0:36">Løvstakktunnelen</stop>
    <stop arrival="0:36" departure="0:36">Sikthaugen</stop>
    <stop arrival="0:37" departure="0:37">Hamregården</stop>
    <stop arrival="0:37" departure="0:37">Nebbeveien</stop>
    <stop arrival="0:37" departure="0:37">Løvås</stop>
    <stop arrival="0:38" departure="0:38">Oasen Terminal</stop>
    <stop arrival="0:39" departure="0:39">Skarphaugen</stop>
    <stop arrival="0:40" departure="0:40">St.Hanshaugen</stop>
    <stop arrival="0:41" departure="0:41">Krokatjønnveien</stop>
    <stop arrival="0:41" departure="0:41">Myrholtet</stop>
    <stop arrival="0:42" departure="0:42">Allestadveien</stop>
    <stop arrival="0:42" departure="0:42">Allestadhaugen</stop>
    <stop arrival="0:43" departure="0:43">Hesjaholtet</stop>
    <stop arrival="0:44" departure="0:44">Allestadhaugen</stop>
    <stop arrival="0:44" departure="0:44">Allestadveien</stop>
    <stop arrival="0:45" departure="0:45">Varden skole</stop>
    <stop arrival="0:46" departure="0:46">Vardesvingen</stop>
    <stop arrival="0:46" departure="0:46">Vardeveien</stop>
    <stop arrival="0:47">Varden</stop>
  </route>
  <route no="31" destination="Mannsverk vognstasjon" url="http://www.web2051.no/bin/tp/zuginfo.exe/on/281496/98238/991364/401854/1/" trafficDays="kjører Sø, også 1., 13., 17., 24. Mai">
    <stop departure="23:35" routeNo="31">Varden</stop>
    <stop arrival="23:36" departure="23:36">Vardeveien</stop>
    <stop arrival="23:36" departure="23:36">Vardesvingen</stop>
    <stop arrival="23:37" departure="23:37">Varden skole</stop>
    <stop arrival="23:38" departure="23:38">Allestadveien</stop>
    <stop arrival="23:38" departure="23:38">Allestadhaugen</stop>
    <stop arrival="23:39" departure="23:39">Hesjaholtet</stop>
    <stop arrival="23:40" departure="23:40">Allestadhaugen</stop>
    <stop arrival="23:40" departure="23:40">Allestadveien</stop>
    <stop arrival="23:42" departure="23:42">Myrholtet</stop>
    <stop arrival="23:42" departure="23:42">Krokatjønnveien</stop>
    <stop arrival="23:43" departure="23:43">St.Hanshaugen</stop>
    <stop arrival="23:44" departure="23:44">Skarphaugen</stop>
    <stop arrival="23:45" departure="23:45">Oasen Terminal</stop>
    <stop arrival="23:46" departure="23:46">Løvås</stop>
    <stop arrival="23:46" departure="23:46">Nebbeveien</stop>
    <stop arrival="23:46" departure="23:46">Hamregården</stop>
    <stop arrival="23:47" departure="23:47">Sikthaugen</stop>
    <stop arrival="23:50" departure="23:50">Gyldenpris</stop>
    <stop arrival="23:52" departure="23:52">Møhlenpris v/ Industrihuset</stop>
    <stop arrival="23:55" departure="23:55">Nøstet</stop>
    <stop arrival="0:00" departure="0:00">Strandgaten (Svaneapoteket)</stop>
    <stop arrival="0:02" departure="0:02">Småstrandgaten</stop>
    <stop arrival="0:03" departure="0:03">Nygaten</stop>
    <stop arrival="0:04" departure="0:04">Statsporten (jernbanen)</stop>
    <stop arrival="0:07" departure="0:07">Kalfarlien</stop>
    <stop arrival="0:08" departure="0:08">Kalvedalsveien</stop>
    <stop arrival="0:09" departure="0:09">Svartediksveien</stop>
    <stop arrival="0:10" departure="0:10">Statsarkivet</stop>
    <stop arrival="0:11" departure="0:11">Haraldsplass sykehus</stop>
    <stop arrival="0:12" departure="0:12">Haukeland sykehus nord</stop>
    <stop arrival="0:14" departure="0:14">Haukeland sykehus sør</stop>
    <stop arrival="0:15" departure="0:15">Fridalen</stop>
    <stop arrival="0:16" departure="0:16">Langhaugen</stop>
    <stop arrival="0:18" departure="0:18">Lærerskolen, Landås</stop>
    <stop arrival="0:19" departure="0:19">Lægdene</stop>
    <stop arrival="0:20" departure="0:20">Lægdenesvingen</stop>
    <stop arrival="0:20" departure="0:20">Montana</stop>
    <stop arrival="0:21" departure="0:21">Sollien v/nr. 57</stop>
    <stop arrival="0:22" departure="0:22">Sollien v/nr. 87</stop>
    <stop arrival="0:22" departure="0:22">Sollien v/nr. 126</stop>
    <stop arrival="0:23" departure="0:23">Kanonhaugen</stop>
    <stop arrival="0:23" departure="0:23">Kolstien</stop>
    <stop arrival="0:24" departure="0:24">Strimmelen</stop>
    <stop arrival="0:25">Mannsverk vognstasjon</stop>
  </route>
  <route no="31" destination="Mannsverk vognstasjon" url="http://www.web2051.no/bin/tp/zuginfo.exe/on/88899/34039/114956/27849/1/" trafficDays="kjører Sø, også 1., 13., 17., 24. Mai">
    <stop departure="23:35" routeNo="31">Varden</stop>
    <stop arrival="23:36" departure="23:36">Vardeveien</stop>
    <stop arrival="23:36" departure="23:36">Vardesvingen</stop>
    <stop arrival="23:37" departure="23:37">Varden skole</stop>
    <stop arrival="23:38" departure="23:38">Allestadveien</stop>
    <stop arrival="23:38" departure="23:38">Allestadhaugen</stop>
    <stop arrival="23:39" departure="23:39">Hesjaholtet</stop>
    <stop arrival="23:40" departure="23:40">Allestadhaugen</stop>
    <stop arrival="23:40" departure="23:40">Allestadveien</stop>
    <stop arrival="23:42" departure="23:42">Myrholtet</stop>
    <stop arrival="23:42" departure="23:42">Krokatjønnveien</stop>
    <stop arrival="23:43" departure="23:43">St.Hanshaugen</stop>
    <stop arrival="23:44" departure="23:44">Skarphaugen</stop>
    <stop arrival="23:45" departure="23:45">Oasen Terminal</stop>
    <stop arrival="23:46" departure="23:46">Løvås</stop>
    <stop arrival="23:46" departure="23:46">Nebbeveien</stop>
    <stop arrival="23:46" departure="23:46">Hamregården</stop>
    <stop arrival="23:47" departure="23:47">Sikthaugen</stop>
    <stop arrival="23:50" departure="23:50">Gyldenpris</stop>
    <stop arrival="23:52" departure="23:52">Møhlenpris v/ Industrihuset</stop>
    <stop arrival="23:55" departure="23:55">Nøstet</stop>
    <stop arrival="0:00" departure="0:00">Strandgaten (Svaneapoteket)</stop>
    <stop arrival="0:02" departure="0:02">Småstrandgaten</stop>
    <stop arrival="0:03" departure="0:03">Nygaten</stop>
    <stop arrival="0:04" departure="0:04">Statsporten (jernbanen)</stop>
    <stop arrival="0:07" departure="0:07">Kalfarlien</stop>
    <stop arrival="0:08" departure="0:08">Kalvedalsveien</stop>
    <stop arrival="0:09" departure="0:09">Svartediksveien</stop>
    <stop arrival="0:10" departure="0:10">Statsarkivet</stop>
    <stop arrival="0:11" departure="0:11">Haraldsplass sykehus</stop>
    <stop arrival="0:12" departure="0:12">Haukeland sykehus nord</stop>
    <stop arrival="0:14" departure="0:14">Haukeland sykehus sør</stop>
    <stop arrival="0:15" departure="0:15">Fridalen</stop>
    <stop arrival="0:16" departure="0:16">Langhaugen</stop>
    <stop arrival="0:18" departure="0:18">Lærerskolen, Landås</stop>
    <stop arrival="0:19" departure="0:19">Lægdene</stop>
    <stop arrival="0:20" departure="0:20">Lægdenesvingen</stop>
    <stop arrival="0:20" departure="0:20">Montana</stop>
    <stop arrival="0:21" departure="0:21">Sollien v/nr. 57</stop>
    <stop arrival="0:22" departure="0:22">Sollien v/nr. 87</stop>
    <stop arrival="0:22" departure="0:22">Sollien v/nr. 126</stop>
    <stop arrival="0:23" departure="0:23">Kanonhaugen</stop>
    <stop arrival="0:23" departure="0:23">Kolstien</stop>
    <stop arrival="0:24" departure="0:24">Strimmelen</stop>
    <stop arrival="0:25">Mannsverk vognstasjon</stop>
  </route>
  <route no="31" destination="Mannsverk vognstasjon" url="http://www.web2051.no/bin/tp/zuginfo.exe/on/849198/287493/491856/37145/1/" trafficDays="kjører Lø, ikke 1. Mai">
    <stop departure="23:45" routeNo="31">Varden</stop>
    <stop arrival="23:46" departure="23:46">Vardeveien</stop>
    <stop arrival="23:46" departure="23:46">Vardesvingen</stop>
    <stop arrival="23:47" departure="23:47">Varden skole</stop>
    <stop arrival="23:48" departure="23:48">Allestadveien</stop>
    <stop arrival="23:48" departure="23:48">Allestadhaugen</stop>
    <stop arrival="23:49" departure="23:49">Hesjaholtet</stop>
    <stop arrival="23:50" departure="23:50">Allestadhaugen</stop>
    <stop arrival="23:50" departure="23:50">Allestadveien</stop>
    <stop arrival="23:52" departure="23:52">Myrholtet</stop>
    <stop arrival="23:52" departure="23:52">Krokatjønnveien</stop>
    <stop arrival="23:53" departure="23:53">St.Hanshaugen</stop>
    <stop arrival="23:54" departure="23:54">Skarphaugen</stop>
    <stop arrival="23:55" departure="23:55">Oasen Terminal</stop>
    <stop arrival="23:56" departure="23:56">Løvås</stop>
    <stop arrival="23:56" departure="23:56">Nebbeveien</stop>
    <stop arrival="23:57" departure="23:57">Hamregården</stop>
    <stop arrival="23:58" departure="23:58">Sikthaugen</stop>
    <stop arrival="0:02" departure="0:02">Gyldenpris</stop>
    <stop arrival="0:04" departure="0:04">Møhlenpris v/ Industrihuset</stop>
    <stop arrival="0:06" departure="0:06">Nøstet</stop>
    <stop arrival="0:10" departure="0:10">Strandgaten (Svaneapoteket)</stop>
    <stop arrival="0:12" departure="0:12">Småstrandgaten</stop>
    <stop arrival="0:13" departure="0:13">Nygaten</stop>
    <stop arrival="0:14" departure="0:14">Statsporten (jernbanen)</stop>
    <stop arrival="0:17" departure="0:17">Kalfarlien</stop>
    <stop arrival="0:18" departure="0:18">Kalvedalsveien</stop>
    <stop arrival="0:19" departure="0:19">Svartediksveien</stop>
    <stop arrival="0:20" departure="0:20">Statsarkivet</stop>
    <stop arrival="0:21" departure="0:21">Haraldsplass sykehus</stop>
    <stop arrival="0:22" departure="0:22">Haukeland sykehus nord</stop>
    <stop arrival="0:24" departure="0:24">Haukeland sykehus sør</stop>
    <stop arrival="0:25" departure="0:25">Fridalen</stop>
    <stop arrival="0:26" departure="0:26">Langhaugen</stop>
    <stop arrival="0:28" departure="0:28">Lærerskolen, Landås</stop>
    <stop arrival="0:29" departure="0:29">Lægdene</stop>
    <stop arrival="0:30" departure="0:30">Lægdenesvingen</stop>
    <stop arrival="0:30" departure="0:30">Montana</stop>
    <stop arrival="0:31" departure="0:31">Sollien v/nr. 57</stop>
    <stop arrival="0:32" departure="0:32">Sollien v/nr. 87</stop>
    <stop arrival="0:32" departure="0:32">Sollien v/nr. 126</stop>
    <stop arrival="0:33" departure="0:33">Kanonhaugen</stop>
    <stop arrival="0:33" departure="0:33">Kolstien</stop>
    <stop arrival="0:34" departure="0:34">Strimmelen</stop>
    <stop arrival="0:35">Mannsverk vognstasjon</stop>
  </route>
  <route no="31" destination="Mannsverk vognstasjon" url="http://www.web2051.no/bin/tp/zuginfo.exe/on/390594/134625/578446/159032/1/" trafficDays="kjører Lø, ikke 1. Mai">
    <stop departure="23:45" routeNo="31">Varden</stop>
    <stop arrival="23:46" departure="23:46">Vardeveien</stop>
    <stop arrival="23:46" departure="23:46">Vardesvingen</stop>
    <stop arrival="23:47" departure="23:47">Varden skole</stop>
    <stop arrival="23:48" departure="23:48">Allestadveien</stop>
    <stop arrival="23:48" departure="23:48">Allestadhaugen</stop>
    <stop arrival="23:49" departure="23:49">Hesjaholtet</stop>
    <stop arrival="23:50" departure="23:50">Allestadhaugen</stop>
    <stop arrival="23:50" departure="23:50">Allestadveien</stop>
    <stop arrival="23:52" departure="23:52">Myrholtet</stop>
    <stop arrival="23:52" departure="23:52">Krokatjønnveien</stop>
    <stop arrival="23:53" departure="23:53">St.Hanshaugen</stop>
    <stop arrival="23:54" departure="23:54">Skarphaugen</stop>
    <stop arrival="23:55" departure="23:55">Oasen Terminal</stop>
    <stop arrival="23:56" departure="23:56">Løvås</stop>
    <stop arrival="23:56" departure="23:56">Nebbeveien</stop>
    <stop arrival="23:57" departure="23:57">Hamregården</stop>
    <stop arrival="23:58" departure="23:58">Sikthaugen</stop>
    <stop arrival="0:02" departure="0:02">Gyldenpris</stop>
    <stop arrival="0:04" departure="0:04">Møhlenpris v/ Industrihuset</stop>
    <stop arrival="0:06" departure="0:06">Nøstet</stop>
    <stop arrival="0:10" departure="0:10">Strandgaten (Svaneapoteket)</stop>
    <stop arrival="0:12" departure="0:12">Småstrandgaten</stop>
    <stop arrival="0:13" departure="0:13">Nygaten</stop>
    <stop arrival="0:14" departure="0:14">Statsporten (jernbanen)</stop>
    <stop arrival="0:17" departure="0:17">Kalfarlien</stop>
    <stop arrival="0:18" departure="0:18">Kalvedalsveien</stop>
    <stop arrival="0:19" departure="0:19">Svartediksveien</stop>
    <stop arrival="0:20" departure="0:20">Statsarkivet</stop>
    <stop arrival="0:21" departure="0:21">Haraldsplass sykehus</stop>
    <stop arrival="0:22" departure="0:22">Haukeland sykehus nord</stop>
    <stop arrival="0:24" departure="0:24">Haukeland sykehus sør</stop>
    <stop arrival="0:25" departure="0:25">Fridalen</stop>
    <stop arrival="0:26" departure="0:26">Langhaugen</stop>
    <stop arrival="0:28" departure="0:28">Lærerskolen, Landås</stop>
    <stop arrival="0:29" departure="0:29">Lægdene</stop>
    <stop arrival="0:30" departure="0:30">Lægdenesvingen</stop>
    <stop arrival="0:30" departure="0:30">Montana</stop>
    <stop arrival="0:31" departure="0:31">Sollien v/nr. 57</stop>
    <stop arrival="0:32" departure="0:32">Sollien v/nr. 87</stop>
    <stop arrival="0:32" departure="0:32">Sollien v/nr. 126</stop>
    <stop arrival="0:33" departure="0:33">Kanonhaugen</stop>
    <stop arrival="0:33" departure="0:33">Kolstien</stop>
    <stop arrival="0:34" departure="0:34">Strimmelen</stop>
    <stop arrival="0:35">Mannsverk vognstasjon</stop>
  </route>
  <route no="31" destination="Mannsverk vognstasjon" url="http://www.web2051.no/bin/tp/zuginfo.exe/on/303165/105524/782268/290079/1/" trafficDays="kjører Ti - Lø, ikke 14., 18., 25. Mai">
    <stop departure="0:05" routeNo="31">Varden</stop>
    <stop arrival="0:06" departure="0:06">Vardeveien</stop>
    <stop arrival="0:06" departure="0:06">Vardesvingen</stop>
    <stop arrival="0:07" departure="0:07">Varden skole</stop>
    <stop arrival="0:08" departure="0:08">Allestadveien</stop>
    <stop arrival="0:08" departure="0:08">Allestadhaugen</stop>
    <stop arrival="0:09" departure="0:09">Hesjaholtet</stop>
    <stop arrival="0:10" departure="0:10">Allestadhaugen</stop>
    <stop arrival="0:10" departure="0:10">Allestadveien</stop>
    <stop arrival="0:12" departure="0:12">Myrholtet</stop>
    <stop arrival="0:12" departure="0:12">Krokatjønnveien</stop>
    <stop arrival="0:13" departure="0:13">St.Hanshaugen</stop>
    <stop arrival="0:14" departure="0:14">Skarphaugen</stop>
    <stop arrival="0:15" departure="0:15">Oasen Terminal</stop>
    <stop arrival="0:17" departure="0:17">Løvås</stop>
    <stop arrival="0:19" departure="0:19">Løvåsveien</stop>
    <stop arrival="0:20" departure="0:20">Seljedalen skole</stop>
    <stop arrival="0:20" departure="0:20">Vestlund beh.sent.</stop>
    <stop arrival="0:20" departure="0:20">Storhammeren (Betanien)</stop>
    <stop arrival="0:21" departure="0:21">Vestlundveien</stop>
    <stop arrival="0:25" departure="0:25">Gyldenpris</stop>
    <stop arrival="0:27" departure="0:27">Møhlenpris v/ Industrihuset</stop>
    <stop arrival="0:29" departure="0:29">Nøstet</stop>
    <stop arrival="0:31" departure="0:31">Strandgaten (Svaneapoteket)</stop>
    <stop arrival="0:33" departure="0:33">Småstrandgaten</stop>
    <stop arrival="0:34" departure="0:34">Nygaten</stop>
    <stop arrival="0:35" departure="0:35">Statsporten (jernbanen)</stop>
    <stop arrival="0:38" departure="0:38">Kalfarlien</stop>
    <stop arrival="0:39" departure="0:39">Kalvedalsveien</stop>
    <stop arrival="0:40" departure="0:40">Svartediksveien</stop>
    <stop arrival="0:41" departure="0:41">Statsarkivet</stop>
    <stop arrival="0:42" departure="0:42">Haraldsplass sykehus</stop>
    <stop arrival="0:43" departure="0:43">Haukeland sykehus nord</stop>
    <stop arrival="0:45" departure="0:45">Haukeland sykehus sør</stop>
    <stop arrival="0:46" departure="0:46">Fridalen</stop>
    <stop arrival="0:47" departure="0:47">Langhaugen</stop>
    <stop arrival="0:49" departure="0:49">Lærerskolen, Landås</stop>
    <stop arrival="0:50" departure="0:50">Lægdene</stop>
    <stop arrival="0:50" departure="0:50">Lægdenesvingen</stop>
    <stop arrival="0:51" departure="0:51">Montana</stop>
    <stop arrival="0:52" departure="0:52">Sollien v/nr. 57</stop>
    <stop arrival="0:52" departure="0:52">Sollien v/nr. 87</stop>
    <stop arrival="0:53" departure="0:53">Sollien v/nr. 126</stop>
    <stop arrival="0:53" departure="0:53">Kanonhaugen</stop>
    <stop arrival="0:54" departure="0:54">Kolstien</stop>
    <stop arrival="0:54" departure="0:54">Strimmelen</stop>
    <stop arrival="0:55">Mannsverk vognstasjon</stop>
  </route>
  <route no="31" destination="Mannsverk vognstasjon" url="http://www.web2051.no/bin/tp/zuginfo.exe/on/607677/207028/552146/73514/1/" trafficDays="kjører Ti - Lø, ikke 14., 18., 25. Mai">
    <stop departure="0:05" routeNo="31">Varden</stop>
    <stop arrival="0:06" departure="0:06">Vardeveien</stop>
    <stop arrival="0:06" departure="0:06">Vardesvingen</stop>
    <stop arrival="0:07" departure="0:07">Varden skole</stop>
    <stop arrival="0:08" departure="0:08">Allestadveien</stop>
    <stop arrival="0:08" departure="0:08">Allestadhaugen</stop>
    <stop arrival="0:09" departure="0:09">Hesjaholtet</stop>
    <stop arrival="0:10" departure="0:10">Allestadhaugen</stop>
    <stop arrival="0:10" departure="0:10">Allestadveien</stop>
    <stop arrival="0:12" departure="0:12">Myrholtet</stop>
    <stop arrival="0:12" departure="0:12">Krokatjønnveien</stop>
    <stop arrival="0:13" departure="0:13">St.Hanshaugen</stop>
    <stop arrival="0:14" departure="0:14">Skarphaugen</stop>
    <stop arrival="0:15" departure="0:15">Oasen Terminal</stop>
    <stop arrival="0:17" departure="0:17">Løvås</stop>
    <stop arrival="0:19" departure="0:19">Løvåsveien</stop>
    <stop arrival="0:20" departure="0:20">Seljedalen skole</stop>
    <stop arrival="0:20" departure="0:20">Vestlund beh.sent.</stop>
    <stop arrival="0:20" departure="0:20">Storhammeren (Betanien)</stop>
    <stop arrival="0:21" departure="0:21">Vestlundveien</stop>
    <stop arrival="0:25" departure="0:25">Gyldenpris</stop>
    <stop arrival="0:27" departure="0:27">Møhlenpris v/ Industrihuset</stop>
    <stop arrival="0:29" departure="0:29">Nøstet</stop>
    <stop arrival="0:31" departure="0:31">Strandgaten (Svaneapoteket)</stop>
    <stop arrival="0:33" departure="0:33">Småstrandgaten</stop>
    <stop arrival="0:34" departure="0:34">Nygaten</stop>
    <stop arrival="0:35" departure="0:35">Statsporten (jernbanen)</stop>
    <stop arrival="0:38" departure="0:38">Kalfarlien</stop>
    <stop arrival="0:39" departure="0:39">Kalvedalsveien</stop>
    <stop arrival="0:40" departure="0:40">Svartediksveien</stop>
    <stop arrival="0:41" departure="0:41">Statsarkivet</stop>
    <stop arrival="0:42" departure="0:42">Haraldsplass sykehus</stop>
    <stop arrival="0:43" departure="0:43">Haukeland sykehus nord</stop>
    <stop arrival="0:45" departure="0:45">Haukeland sykehus sør</stop>
    <stop arrival="0:46" departure="0:46">Fridalen</stop>
    <stop arrival="0:47" departure="0:47">Langhaugen</stop>
    <stop arrival="0:49" departure="0:49">Lærerskolen, Landås</stop>
    <stop arrival="0:50" departure="0:50">Lægdene</stop>
    <stop arrival="0:50" departure="0:50">Lægdenesvingen</stop>
    <stop arrival="0:51" departure="0:51">Montana</stop>
    <stop arrival="0:52" departure="0:52">Sollien v/nr. 57</stop>
    <stop arrival="0:52" departure="0:52">Sollien v/nr. 87</stop>
    <stop arrival="0:53" departure="0:53">Sollien v/nr. 126</stop>
    <stop arrival="0:53" departure="0:53">Kanonhaugen</stop>
    <stop arrival="0:54" departure="0:54">Kolstien</stop>
    <stop arrival="0:54" departure="0:54">Strimmelen</stop>
    <stop arrival="0:55">Mannsverk vognstasjon</stop>
  </route>
  <route no="31" destination="Mannsverk vognstasjon" url="http://www.web2051.no/bin/tp/zuginfo.exe/on/92007/35096/573362/256020/1/" trafficDays="kjører Sø, ikke 2. Mai">
    <stop departure="0:15" routeNo="31">Varden</stop>
    <stop arrival="0:16" departure="0:16">Vardeveien</stop>
    <stop arrival="0:16" departure="0:16">Vardesvingen</stop>
    <stop arrival="0:17" departure="0:17">Varden skole</stop>
    <stop arrival="0:18" departure="0:18">Allestadveien</stop>
    <stop arrival="0:18" departure="0:18">Allestadhaugen</stop>
    <stop arrival="0:19" departure="0:19">Hesjaholtet</stop>
    <stop arrival="0:20" departure="0:20">Allestadhaugen</stop>
    <stop arrival="0:20" departure="0:20">Allestadveien</stop>
    <stop arrival="0:22" departure="0:22">Myrholtet</stop>
    <stop arrival="0:22" departure="0:22">Krokatjønnveien</stop>
    <stop arrival="0:23" departure="0:23">St.Hanshaugen</stop>
    <stop arrival="0:24" departure="0:24">Skarphaugen</stop>
    <stop arrival="0:25" departure="0:25">Oasen Terminal</stop>
    <stop arrival="0:26" departure="0:26">Løvås</stop>
    <stop arrival="0:26" departure="0:26">Nebbeveien</stop>
    <stop arrival="0:27" departure="0:27">Hamregården</stop>
    <stop arrival="0:28" departure="0:28">Sikthaugen</stop>
    <stop arrival="0:32" departure="0:32">Gyldenpris</stop>
    <stop arrival="0:34" departure="0:34">Møhlenpris v/ Industrihuset</stop>
    <stop arrival="0:36" departure="0:36">Nøstet</stop>
    <stop arrival="0:40" departure="0:40">Strandgaten (Svaneapoteket)</stop>
    <stop arrival="0:42" departure="0:42">Småstrandgaten</stop>
    <stop arrival="0:43" departure="0:43">Nygaten</stop>
    <stop arrival="0:44" departure="0:44">Statsporten (jernbanen)</stop>
    <stop arrival="0:47" departure="0:47">Kalfarlien</stop>
    <stop arrival="0:48" departure="0:48">Kalvedalsveien</stop>
    <stop arrival="0:49" departure="0:49">Svartediksveien</stop>
    <stop arrival="0:50" departure="0:50">Statsarkivet</stop>
    <stop arrival="0:51" departure="0:51">Haraldsplass sykehus</stop>
    <stop arrival="0:52" departure="0:52">Haukeland sykehus nord</stop>
    <stop arrival="0:54" departure="0:54">Haukeland sykehus sør</stop>
    <stop arrival="0:55" departure="0:55">Fridalen</stop>
    <stop arrival="0:56" departure="0:56">Langhaugen</stop>
    <stop arrival="0:58" departure="0:58">Lærerskolen, Landås</stop>
    <stop arrival="0:59" departure="0:59">Lægdene</stop>
    <stop arrival="1:00" departure="1:00">Lægdenesvingen</stop>
    <stop arrival="1:00" departure="1:00">Montana</stop>
    <stop arrival="1:01" departure="1:01">Sollien v/nr. 57</stop>
    <stop arrival="1:02" departure="1:02">Sollien v/nr. 87</stop>
    <stop arrival="1:02" departure="1:02">Sollien v/nr. 126</stop>
    <stop arrival="1:03" departure="1:03">Kanonhaugen</stop>
    <stop arrival="1:03" departure="1:03">Kolstien</stop>
    <stop arrival="1:04" departure="1:04">Strimmelen</stop>
    <stop arrival="1:05">Mannsverk vognstasjon</stop>
  </route>
</routes>
