<?xml version="1.0" encoding="UTF-8"?>
<routes>
  <route no="23" destination="Øyjorden (Bergen)" url="http://www.web2051.no/bin/tp/zuginfo.exe/on/149982/54104/29670/35164/1/" trafficDays="kjører Lø, ikke 1. Mai">
    <stop departure="23:55" routeNo="23">Birkelandskrysset Terminal</stop>
    <stop arrival="23:57" departure="23:57">Gomarhaug</stop>
    <stop arrival="23:57" departure="23:57">Sandsliskiftet</stop>
    <stop arrival="23:58" departure="23:58">Håvardstun</stop>
    <stop arrival="0:00" departure="0:00">Meyer</stop>
    <stop arrival="0:01" departure="0:01">Rådal</stop>
    <stop arrival="0:02" departure="0:02">Rådal ved Lagunen</stop>
    <stop arrival="0:05" departure="0:05">Skjold skole</stop>
    <stop arrival="0:07" departure="0:07">Mårdalen</stop>
    <stop arrival="0:08" departure="0:08">Nesttunbrekka</stop>
    <stop arrival="0:08" departure="0:08">Skjoldskiftet</stop>
    <stop arrival="0:09" departure="0:09">Nesttun</stop>
    <stop arrival="0:10" departure="0:10">Nesttun terminal</stop>
    <stop arrival="0:11" departure="0:11">Hopsbro</stop>
    <stop arrival="0:12" departure="0:12">Tveiteråsskiftet</stop>
    <stop arrival="0:13" departure="0:13">Paradis</stop>
    <stop arrival="0:15" departure="0:15">Nydalen</stop>
    <stop arrival="0:16" departure="0:16">Fantoft</stop>
    <stop arrival="0:16" departure="0:16">Storetveit</stop>
    <stop arrival="0:17" departure="0:17">Elvebakken</stop>
    <stop arrival="0:17" departure="0:17">Minde</stop>
    <stop arrival="0:21" departure="0:21">Mindemyren</stop>
    <stop arrival="0:22" departure="0:22">Postterminalen</stop>
    <stop arrival="0:22" departure="0:22">Kanalveien v/LBK</stop>
    <stop arrival="0:24" departure="0:24">Danmarksplass v/Forum kino</stop>
    <stop arrival="0:28" departure="0:28">Bergen Busstasjon</stop>
    <stop arrival="0:31" departure="0:31">Christies gate (Festplassen)</stop>
    <stop arrival="0:34" departure="0:34">Torget v/DnB</stop>
    <stop arrival="0:35" departure="0:35">Bryggen</stop>
    <stop arrival="0:35" departure="0:35">Slottsgaten</stop>
    <stop arrival="0:36" departure="0:36">Bontelabo</stop>
    <stop arrival="0:37" departure="0:37">Skutevikstorget</stop>
    <stop arrival="0:37" departure="0:37">Sjøgaten</stop>
    <stop arrival="0:38" departure="0:38">Sandvikstorget</stop>
    <stop arrival="0:39" departure="0:39">Ludebryggen</stop>
    <stop arrival="0:39" departure="0:39">Munkebotten</stop>
    <stop arrival="0:41" departure="0:41">Nyhavnsvei (Gamle Bergen)</stop>
    <stop arrival="0:42" departure="0:42">Handelshøyskolen</stop>
    <stop arrival="0:43" departure="0:43">Hatleberg</stop>
    <stop arrival="0:43" departure="0:43">Skytterveien</stop>
    <stop arrival="0:44" departure="0:44">Øyjordsveien</stop>
    <stop arrival="0:45">Øyjorden (Bergen)</stop>
  </route>
  <route no="23" destination="Birkelandskrysset Terminal" url="http://www.web2051.no/bin/tp/zuginfo.exe/on/120624/44363/763920/341753/1/" trafficDays="kjører Ma - Fr, ikke 13., 17., 24. Mai">
    <stop departure="23:52" routeNo="23">Øyjorden (Bergen)</stop>
    <stop arrival="23:53" departure="23:53">Øyjordsveien</stop>
    <stop arrival="23:54" departure="23:54">Skytterveien</stop>
    <stop arrival="23:54" departure="23:54">Hatleberg</stop>
    <stop arrival="23:55" departure="23:55">Handelshøyskolen</stop>
    <stop arrival="23:56" departure="23:56">Nyhavnsvei (Gamle Bergen)</stop>
    <stop arrival="23:57" departure="23:57">Munkebotten</stop>
    <stop arrival="23:58" departure="23:58">Ludebryggen</stop>
    <stop arrival="0:00" departure="0:00">Sandvikstorget</stop>
    <stop arrival="0:02" departure="0:02">Skutevikstorget</stop>
    <stop arrival="0:02" departure="0:02">Bontelabo</stop>
    <stop arrival="0:03" departure="0:03">Slottsgaten</stop>
    <stop arrival="0:04" departure="0:04">Bryggen</stop>
    <stop arrival="0:05" departure="0:05">Olav Kyrres gate</stop>
    <stop arrival="0:10" departure="0:10">Bergen Busstasjon</stop>
    <stop arrival="0:14" departure="0:14">Danmarksplass</stop>
    <stop arrival="0:15" departure="0:15">Solheimsgaten</stop>
    <stop arrival="0:16" departure="0:16">Reperbanen</stop>
    <stop arrival="0:18" departure="0:18">Fjøsangerveien/ Minde Allè</stop>
    <stop arrival="0:21" departure="0:21">Minde</stop>
    <stop arrival="0:22" departure="0:22">Elvebakken</stop>
    <stop arrival="0:22" departure="0:22">Storetveit</stop>
    <stop arrival="0:22" departure="0:22">Fantoft</stop>
    <stop arrival="0:23" departure="0:23">Nydalen</stop>
    <stop arrival="0:24" departure="0:24">Paradis</stop>
    <stop arrival="0:25" departure="0:25">Tveiteråsskiftet</stop>
    <stop arrival="0:26" departure="0:26">Hopsbro</stop>
    <stop arrival="0:28" departure="0:28">Hopstangen</stop>
    <stop arrival="0:29" departure="0:29">Nesttun terminal</stop>
    <stop arrival="0:31" departure="0:31">Nesttun</stop>
    <stop arrival="0:34" departure="0:34">Skjoldskiftet</stop>
    <stop arrival="0:34" departure="0:34">Nesttunbrekka</stop>
    <stop arrival="0:35" departure="0:35">Mårdalen</stop>
    <stop arrival="0:35" departure="0:35">Skjoldhøgda</stop>
    <stop arrival="0:35" departure="0:35">Skjold skole</stop>
    <stop arrival="0:36" departure="0:36">Lagunen</stop>
    <stop arrival="0:38" departure="0:38">Rådal</stop>
    <stop arrival="0:39" departure="0:39">Meyerskiftet</stop>
    <stop arrival="0:44" departure="0:44">Håvardstun</stop>
    <stop arrival="0:45" departure="0:45">Sandsliskiftet</stop>
    <stop arrival="0:46" departure="0:46">Gomarhaug</stop>
    <stop arrival="0:48">Birkelandskrysset Terminal</stop>
  </route>
  <route no="23" destination="Birkelandskrysset Terminal" url="http://www.web2051.no/bin/tp/zuginfo.exe/on/474243/162194/934742/309293/1/" trafficDays="kjører Lø, ikke 1. Mai">
    <stop departure="23:52" routeNo="23">Øyjorden (Bergen)</stop>
    <stop arrival="23:53" departure="23:53">Øyjordsveien</stop>
    <stop arrival="23:54" departure="23:54">Skytterveien</stop>
    <stop arrival="23:54" departure="23:54">Hatleberg</stop>
    <stop arrival="23:55" departure="23:55">Handelshøyskolen</stop>
    <stop arrival="23:56" departure="23:56">Nyhavnsvei (Gamle Bergen)</stop>
    <stop arrival="23:57" departure="23:57">Munkebotten</stop>
    <stop arrival="23:58" departure="23:58">Ludebryggen</stop>
    <stop arrival="0:00" departure="0:00">Sandvikstorget</stop>
    <stop arrival="0:02" departure="0:02">Skutevikstorget</stop>
    <stop arrival="0:02" departure="0:02">Bontelabo</stop>
    <stop arrival="0:03" departure="0:03">Slottsgaten</stop>
    <stop arrival="0:04" departure="0:04">Bryggen</stop>
    <stop arrival="0:05" departure="0:05">Olav Kyrres gate</stop>
    <stop arrival="0:10" departure="0:10">Bergen Busstasjon</stop>
    <stop arrival="0:14" departure="0:14">Danmarksplass</stop>
    <stop arrival="0:15" departure="0:15">Solheimsgaten</stop>
    <stop arrival="0:16" departure="0:16">Reperbanen</stop>
    <stop arrival="0:18" departure="0:18">Fjøsangerveien/ Minde Allè</stop>
    <stop arrival="0:21" departure="0:21">Minde</stop>
    <stop arrival="0:22" departure="0:22">Elvebakken</stop>
    <stop arrival="0:23" departure="0:23">Storetveit</stop>
    <stop arrival="0:23" departure="0:23">Fantoft</stop>
    <stop arrival="0:24" departure="0:24">Nydalen</stop>
    <stop arrival="0:25" departure="0:25">Paradis</stop>
    <stop arrival="0:26" departure="0:26">Tveiteråsskiftet</stop>
    <stop arrival="0:27" departure="0:27">Hopsbro</stop>
    <stop arrival="0:29" departure="0:29">Hopstangen</stop>
    <stop arrival="0:30" departure="0:30">Nesttun terminal</stop>
    <stop arrival="0:32" departure="0:32">Nesttun</stop>
    <stop arrival="0:35" departure="0:35">Skjoldskiftet</stop>
    <stop arrival="0:35" departure="0:35">Nesttunbrekka</stop>
    <stop arrival="0:36" departure="0:36">Mårdalen</stop>
    <stop arrival="0:36" departure="0:36">Skjoldhøgda</stop>
    <stop arrival="0:36" departure="0:36">Skjold skole</stop>
    <stop arrival="0:37" departure="0:37">Lagunen</stop>
    <stop arrival="0:38" departure="0:38">Rådal</stop>
    <stop arrival="0:40" departure="0:40">Meyerskiftet</stop>
    <stop arrival="0:44" departure="0:44">Håvardstun</stop>
    <stop arrival="0:45" departure="0:45">Sandsliskiftet</stop>
    <stop arrival="0:46" departure="0:46">Gomarhaug</stop>
    <stop arrival="0:48">Birkelandskrysset Terminal</stop>
  </route>
</routes>
