<?xml version="1.0" encoding="UTF-8"?>
<routes>
  <route no="620" destination="Christies gate (Festplassen)" url="http://www.web2051.no/bin/tp/zuginfo.exe/on/809691/275643/706178/83192/1/" trafficDays="kjører Sø, ikke 2. Mai">
    <stop departure="0:10" routeNo="620">Os - Osøyro</stop>
    <stop arrival="0:11" departure="0:11">Fjellheim</stop>
    <stop arrival="0:12" departure="0:12">Kuven</stop>
    <stop arrival="0:13" departure="0:13">Flåten (Os)</stop>
    <stop arrival="0:14" departure="0:14">Flåten Senter</stop>
    <stop arrival="0:15" departure="0:15">Tøsdalskiftet</stop>
    <stop arrival="0:15" departure="0:15">Ulvenskiftet</stop>
    <stop arrival="0:16" departure="0:16">Hetleflåten</stop>
    <stop arrival="0:17" departure="0:17">Helleflåttre</stop>
    <stop arrival="0:18" departure="0:18">Storestraumen</stop>
    <stop arrival="0:19" departure="0:19">Søfteland skule</stop>
    <stop arrival="0:20" departure="0:20">Søfteland</stop>
    <stop arrival="0:20" departure="0:20">Gåssandskiftet</stop>
    <stop arrival="0:21" departure="0:21">Tømmernes</stop>
    <stop arrival="0:21" departure="0:21">Røykenes (Os)</stop>
    <stop arrival="0:22" departure="0:22">Bahus</stop>
    <stop arrival="0:23" departure="0:23">Fløysand</stop>
    <stop arrival="0:23" departure="0:23">Kalandseid</stop>
    <stop arrival="0:24" departure="0:24">Austevoll (Fana)</stop>
    <stop arrival="0:25" departure="0:25">Kaland (Fana)</stop>
    <stop arrival="0:25" departure="0:25">Smådalen (Kaland i Fana)</stop>
    <stop arrival="0:26" departure="0:26">Kaland skole (Fana)</stop>
    <stop arrival="0:27" departure="0:27">Nedre Sandven</stop>
    <stop arrival="0:27" departure="0:27">Sandven</stop>
    <stop arrival="0:28" departure="0:28">Øvre Hatlestad</stop>
    <stop arrival="0:29" departure="0:29">Hatlestadlia</stop>
    <stop arrival="0:29" departure="0:29">Hatlestad terr.</stop>
    <stop arrival="0:30" departure="0:30">Valle (Fana)</stop>
    <stop arrival="0:31" departure="0:31">Kirkebirkeland</stop>
    <stop arrival="0:32" departure="0:32">Lilletvedt</stop>
    <stop arrival="0:33" departure="0:33">Bjørkåsen</stop>
    <stop arrival="0:33" departure="0:33">Elvenes vegkryss</stop>
    <stop arrival="0:34" departure="0:34">Skjoldskiftet</stop>
    <stop arrival="0:34" departure="0:34">Nesttun</stop>
    <stop arrival="0:35" departure="0:35">Nesttun terminal</stop>
    <stop arrival="0:36" departure="0:36">Hopsbro</stop>
    <stop arrival="0:37" departure="0:37">Tveiteråsskiftet</stop>
    <stop arrival="0:38" departure="0:38">Paradis</stop>
    <stop arrival="0:40" departure="0:40">Nydalen</stop>
    <stop arrival="0:41" departure="0:41">Fantoft</stop>
    <stop arrival="0:42" departure="0:42">Storetveit</stop>
    <stop arrival="0:42" departure="0:42">Elvebakken</stop>
    <stop arrival="0:43" departure="0:43">Minde</stop>
    <stop arrival="0:47" departure="0:47">Mindemyren</stop>
    <stop arrival="0:48" departure="0:48">Postterminalen</stop>
    <stop arrival="0:48" departure="0:48">Kanalveien v/LBK</stop>
    <stop arrival="0:50" departure="0:50">Danmarksplass v/Forum kino</stop>
    <stop arrival="0:54" departure="0:54">Bergen Busstasjon</stop>
    <stop arrival="0:57">Christies gate (Festplassen)</stop>
  </route>
  <route no="620" destination="Christies gate (Festplassen)" url="http://www.web2051.no/bin/tp/zuginfo.exe/on/825441/280974/158928/195683/1/" trafficDays="kjører Lø">
    <stop departure="0:25" routeNo="620">Os - Osøyro</stop>
    <stop arrival="0:26" departure="0:26">Fjellheim</stop>
    <stop arrival="0:27" departure="0:27">Kuven</stop>
    <stop arrival="0:28" departure="0:28">Flåten (Os)</stop>
    <stop arrival="0:29" departure="0:29">Flåten Senter</stop>
    <stop arrival="0:30" departure="0:30">Tøsdalskiftet</stop>
    <stop arrival="0:30" departure="0:30">Ulvenskiftet</stop>
    <stop arrival="0:31" departure="0:31">Hetleflåten</stop>
    <stop arrival="0:32" departure="0:32">Helleflåttre</stop>
    <stop arrival="0:33" departure="0:33">Storestraumen</stop>
    <stop arrival="0:34" departure="0:34">Søfteland skule</stop>
    <stop arrival="0:35" departure="0:35">Søfteland</stop>
    <stop arrival="0:35" departure="0:35">Gåssandskiftet</stop>
    <stop arrival="0:36" departure="0:36">Tømmernes</stop>
    <stop arrival="0:36" departure="0:36">Røykenes (Os)</stop>
    <stop arrival="0:37" departure="0:37">Bahus</stop>
    <stop arrival="0:38" departure="0:38">Fløysand</stop>
    <stop arrival="0:38" departure="0:38">Kalandseid</stop>
    <stop arrival="0:39" departure="0:39">Austevoll (Fana)</stop>
    <stop arrival="0:40" departure="0:40">Kaland (Fana)</stop>
    <stop arrival="0:41" departure="0:41">Smådalen (Kaland i Fana)</stop>
    <stop arrival="0:41" departure="0:41">Kaland skole (Fana)</stop>
    <stop arrival="0:43" departure="0:43">Nedre Sandven</stop>
    <stop arrival="0:43" departure="0:43">Sandven</stop>
    <stop arrival="0:44" departure="0:44">Øvre Hatlestad</stop>
    <stop arrival="0:45" departure="0:45">Hatlestadlia</stop>
    <stop arrival="0:45" departure="0:45">Hatlestad terr.</stop>
    <stop arrival="0:46" departure="0:46">Valle (Fana)</stop>
    <stop arrival="0:47" departure="0:47">Kirkebirkeland</stop>
    <stop arrival="0:48" departure="0:48">Lilletvedt</stop>
    <stop arrival="0:49" departure="0:49">Bjørkåsen</stop>
    <stop arrival="0:49" departure="0:49">Elvenes vegkryss</stop>
    <stop arrival="0:50" departure="0:50">Skjoldskiftet</stop>
    <stop arrival="0:50" departure="0:50">Nesttun</stop>
    <stop arrival="0:51" departure="0:51">Nesttun terminal</stop>
    <stop arrival="0:52" departure="0:52">Hopsbro</stop>
    <stop arrival="0:53" departure="0:53">Tveiteråsskiftet</stop>
    <stop arrival="0:54" departure="0:54">Paradis</stop>
    <stop arrival="0:56" departure="0:56">Nydalen</stop>
    <stop arrival="0:57" departure="0:57">Fantoft</stop>
    <stop arrival="0:58" departure="0:58">Storetveit</stop>
    <stop arrival="0:58" departure="0:58">Elvebakken</stop>
    <stop arrival="0:59" departure="0:59">Minde</stop>
    <stop arrival="1:02" departure="1:02">Mindemyren</stop>
    <stop arrival="1:03" departure="1:03">Postterminalen</stop>
    <stop arrival="1:04" departure="1:04">Kanalveien v/LBK</stop>
    <stop arrival="1:06" departure="1:06">Danmarksplass v/Forum kino</stop>
    <stop arrival="1:09" departure="1:09">Bergen Busstasjon</stop>
    <stop arrival="1:11">Christies gate (Festplassen)</stop>
  </route>
  <route no="620" destination="Os - Osøyro" url="http://www.web2051.no/bin/tp/zuginfo.exe/on/29358/15531/154338/67384/1/" trafficDays="kjører Sø, ikke 2. Mai">
    <stop departure="0:15" routeNo="620">Olav Kyrres gate</stop>
    <stop arrival="0:20" departure="0:20">Bergen Busstasjon</stop>
    <stop arrival="0:23" departure="0:23">Danmarksplass</stop>
    <stop arrival="0:24" departure="0:24">Solheimsgaten</stop>
    <stop arrival="0:25" departure="0:25">Reperbanen</stop>
    <stop arrival="0:27" departure="0:27">Fjøsangerveien/ Minde Allè</stop>
    <stop arrival="0:28" departure="0:28">Minde</stop>
    <stop arrival="0:29" departure="0:29">Elvebakken</stop>
    <stop arrival="0:29" departure="0:29">Storetveit</stop>
    <stop arrival="0:29" departure="0:29">Fantoft</stop>
    <stop arrival="0:30" departure="0:30">Nydalen</stop>
    <stop arrival="0:31" departure="0:31">Paradis</stop>
    <stop arrival="0:32" departure="0:32">Tveiteråsskiftet</stop>
    <stop arrival="0:33" departure="0:33">Hopsbro</stop>
    <stop arrival="0:35" departure="0:35">Hopstangen</stop>
    <stop arrival="0:36" departure="0:36">Nesttun terminal</stop>
    <stop arrival="0:36" departure="0:36">Nesttun</stop>
    <stop arrival="0:37" departure="0:37">Skjoldskiftet</stop>
    <stop arrival="0:38" departure="0:38">Elvenes vegkryss</stop>
    <stop arrival="0:38" departure="0:38">Bjørkåsen</stop>
    <stop arrival="0:39" departure="0:39">Lilletvedt</stop>
    <stop arrival="0:40" departure="0:40">Kirkebirkeland</stop>
    <stop arrival="0:41" departure="0:41">Valle (Fana)</stop>
    <stop arrival="0:42" departure="0:42">Hatlestad terr.</stop>
    <stop arrival="0:44" departure="0:44">Øvre Hatlestad</stop>
    <stop arrival="0:45" departure="0:45">Sandven</stop>
    <stop arrival="0:46" departure="0:46">Nedre Sandven</stop>
    <stop arrival="0:47" departure="0:47">Kaland skole (Fana)</stop>
    <stop arrival="0:48" departure="0:48">Kaland (Fana)</stop>
    <stop arrival="0:49" departure="0:49">Austevoll (Fana)</stop>
    <stop arrival="0:50" departure="0:50">Kalandseid</stop>
    <stop arrival="0:50" departure="0:50">Fløysand</stop>
    <stop arrival="0:51" departure="0:51">Bahus</stop>
    <stop arrival="0:52" departure="0:52">Røykenes (Os)</stop>
    <stop arrival="0:53" departure="0:53">Tømmernes</stop>
    <stop arrival="0:54" departure="0:54">Gåssandskiftet</stop>
    <stop arrival="0:54" departure="0:54">Søfteland</stop>
    <stop arrival="0:55" departure="0:55">Søfteland skule</stop>
    <stop arrival="0:56" departure="0:56">Storestraumen</stop>
    <stop arrival="0:58" departure="0:58">Hetleflåttre</stop>
    <stop arrival="0:59" departure="0:59">Hetleflåten</stop>
    <stop arrival="1:00" departure="1:00">Ulvenskiftet</stop>
    <stop arrival="1:00" departure="1:00">Tøsdalskiftet</stop>
    <stop arrival="1:01" departure="1:01">Flåten Senter</stop>
    <stop arrival="1:02" departure="1:02">Flåten (Os)</stop>
    <stop arrival="1:03" departure="1:03">Kuven</stop>
    <stop arrival="1:04" departure="1:04">Fjellheim</stop>
    <stop arrival="1:05">Os - Osøyro</stop>
  </route>
  <route no="620" destination="Os - Osøyro" url="http://www.web2051.no/bin/tp/zuginfo.exe/on/278370/98616/486008/150214/1/" trafficDays="kjører Ti - Lø, ikke 14., 18., 25. Mai">
    <stop departure="0:15" routeNo="620">Olav Kyrres gate</stop>
    <stop arrival="0:20" departure="0:20">Bergen Busstasjon</stop>
    <stop arrival="0:23" departure="0:23">Danmarksplass</stop>
    <stop arrival="0:24" departure="0:24">Solheimsgaten</stop>
    <stop arrival="0:25" departure="0:25">Reperbanen</stop>
    <stop arrival="0:27" departure="0:27">Fjøsangerveien/ Minde Allè</stop>
    <stop arrival="0:28" departure="0:28">Minde</stop>
    <stop arrival="0:29" departure="0:29">Elvebakken</stop>
    <stop arrival="0:29" departure="0:29">Storetveit</stop>
    <stop arrival="0:29" departure="0:29">Fantoft</stop>
    <stop arrival="0:30" departure="0:30">Nydalen</stop>
    <stop arrival="0:31" departure="0:31">Paradis</stop>
    <stop arrival="0:32" departure="0:32">Tveiteråsskiftet</stop>
    <stop arrival="0:33" departure="0:33">Hopsbro</stop>
    <stop arrival="0:35" departure="0:35">Hopstangen</stop>
    <stop arrival="0:36" departure="0:36">Nesttun terminal</stop>
    <stop arrival="0:36" departure="0:36">Nesttun</stop>
    <stop arrival="0:37" departure="0:37">Skjoldskiftet</stop>
    <stop arrival="0:38" departure="0:38">Elvenes vegkryss</stop>
    <stop arrival="0:38" departure="0:38">Bjørkåsen</stop>
    <stop arrival="0:39" departure="0:39">Lilletvedt</stop>
    <stop arrival="0:40" departure="0:40">Kirkebirkeland</stop>
    <stop arrival="0:41" departure="0:41">Valle (Fana)</stop>
    <stop arrival="0:42" departure="0:42">Hatlestad terr.</stop>
    <stop arrival="0:44" departure="0:44">Øvre Hatlestad</stop>
    <stop arrival="0:46" departure="0:46">Sandven</stop>
    <stop arrival="0:47" departure="0:47">Nedre Sandven</stop>
    <stop arrival="0:48" departure="0:48">Kaland skole (Fana)</stop>
    <stop arrival="0:49" departure="0:49">Kaland (Fana)</stop>
    <stop arrival="0:50" departure="0:50">Austevoll (Fana)</stop>
    <stop arrival="0:51" departure="0:51">Kalandseid</stop>
    <stop arrival="0:51" departure="0:51">Fløysand</stop>
    <stop arrival="0:52" departure="0:52">Bahus</stop>
    <stop arrival="0:53" departure="0:53">Røykenes (Os)</stop>
    <stop arrival="0:54" departure="0:54">Tømmernes</stop>
    <stop arrival="0:55" departure="0:55">Gåssandskiftet</stop>
    <stop arrival="0:55" departure="0:55">Søfteland</stop>
    <stop arrival="0:56" departure="0:56">Søfteland skule</stop>
    <stop arrival="0:57" departure="0:57">Storestraumen</stop>
    <stop arrival="0:59" departure="0:59">Hetleflåttre</stop>
    <stop arrival="1:00" departure="1:00">Hetleflåten</stop>
    <stop arrival="1:01" departure="1:01">Ulvenskiftet</stop>
    <stop arrival="1:01" departure="1:01">Tøsdalskiftet</stop>
    <stop arrival="1:02" departure="1:02">Flåten Senter</stop>
    <stop arrival="1:03" departure="1:03">Flåten (Os)</stop>
    <stop arrival="1:04" departure="1:04">Kuven</stop>
    <stop arrival="1:05" departure="1:05">Fjellheim</stop>
    <stop arrival="1:06">Os - Osøyro</stop>
  </route>
  <route no="620" destination="Os - Osøyro" url="http://www.web2051.no/bin/tp/zuginfo.exe/on/886248/301128/933542/171355/1/" trafficDays="kjører Ma, også 2., 14., 18., 25. Mai">
    <stop departure="0:15" routeNo="620">Olav Kyrres gate</stop>
    <stop arrival="0:20" departure="0:20">Bergen Busstasjon</stop>
    <stop arrival="0:23" departure="0:23">Danmarksplass</stop>
    <stop arrival="0:24" departure="0:24">Solheimsgaten</stop>
    <stop arrival="0:25" departure="0:25">Reperbanen</stop>
    <stop arrival="0:27" departure="0:27">Fjøsangerveien/ Minde Allè</stop>
    <stop arrival="0:28" departure="0:28">Minde</stop>
    <stop arrival="0:29" departure="0:29">Elvebakken</stop>
    <stop arrival="0:29" departure="0:29">Storetveit</stop>
    <stop arrival="0:29" departure="0:29">Fantoft</stop>
    <stop arrival="0:30" departure="0:30">Nydalen</stop>
    <stop arrival="0:31" departure="0:31">Paradis</stop>
    <stop arrival="0:32" departure="0:32">Tveiteråsskiftet</stop>
    <stop arrival="0:33" departure="0:33">Hopsbro</stop>
    <stop arrival="0:35" departure="0:35">Hopstangen</stop>
    <stop arrival="0:36" departure="0:36">Nesttun terminal</stop>
    <stop arrival="0:37" departure="0:37">Nesttun</stop>
    <stop arrival="0:37" departure="0:37">Skjoldskiftet</stop>
    <stop arrival="0:38" departure="0:38">Elvenes vegkryss</stop>
    <stop arrival="0:39" departure="0:39">Bjørkåsen</stop>
    <stop arrival="0:40" departure="0:40">Lilletvedt</stop>
    <stop arrival="0:42" departure="0:42">Kirkebirkeland</stop>
    <stop arrival="0:43" departure="0:43">Valle (Fana)</stop>
    <stop arrival="0:44" departure="0:44">Hatlestad terr.</stop>
    <stop arrival="0:46" departure="0:46">Øvre Hatlestad</stop>
    <stop arrival="0:48" departure="0:48">Sandven</stop>
    <stop arrival="0:49" departure="0:49">Nedre Sandven</stop>
    <stop arrival="0:50" departure="0:50">Kaland skole (Fana)</stop>
    <stop arrival="0:52" departure="0:52">Kaland (Fana)</stop>
    <stop arrival="0:53" departure="0:53">Austevoll (Fana)</stop>
    <stop arrival="0:54" departure="0:54">Kalandseid</stop>
    <stop arrival="0:54" departure="0:54">Fløysand</stop>
    <stop arrival="0:55" departure="0:55">Bahus</stop>
    <stop arrival="0:56" departure="0:56">Røykenes (Os)</stop>
    <stop arrival="0:57" departure="0:57">Tømmernes</stop>
    <stop arrival="0:58" departure="0:58">Gåssandskiftet</stop>
    <stop arrival="0:58" departure="0:58">Søfteland</stop>
    <stop arrival="0:59" departure="0:59">Søfteland skule</stop>
    <stop arrival="1:00" departure="1:00">Storestraumen</stop>
    <stop arrival="1:02" departure="1:02">Hetleflåttre</stop>
    <stop arrival="1:03" departure="1:03">Hetleflåten</stop>
    <stop arrival="1:04" departure="1:04">Ulvenskiftet</stop>
    <stop arrival="1:04" departure="1:04">Tøsdalskiftet</stop>
    <stop arrival="1:05" departure="1:05">Flåten Senter</stop>
    <stop arrival="1:06" departure="1:06">Flåten (Os)</stop>
    <stop arrival="1:07" departure="1:07">Kuven</stop>
    <stop arrival="1:08" departure="1:08">Fjellheim</stop>
    <stop arrival="1:09">Os - Osøyro</stop>
  </route>
</routes>
