<?xml version="1.0" encoding="UTF-8"?>
<routes>
  <route no="71" destination="Nipedalen" url="http://www.web2051.no/bin/tp/zuginfo.exe/on/277170/97096/705204/260218/1/" trafficDays="kjører Sø, ikke 2. Mai">
    <stop departure="0:05" routeNo="71">Viddalen</stop>
    <stop arrival="0:07" departure="0:07">Bryggedalen</stop>
    <stop arrival="0:08" departure="0:08">Åsane sand + singel</stop>
    <stop arrival="0:08" departure="0:08">Kvernevikstemma</stop>
    <stop arrival="0:09" departure="0:09">Tertitten</stop>
    <stop arrival="0:10" departure="0:10">Bekkjarvik (Åsane)</stop>
    <stop arrival="0:11" departure="0:11">Nesmyr</stop>
    <stop arrival="0:11" departure="0:11">Storevarden</stop>
    <stop arrival="0:12" departure="0:12">Kipo</stop>
    <stop arrival="0:12" departure="0:12">Bekkjarvikkryss (Åsane)</stop>
    <stop arrival="0:13" departure="0:13">Sjøveien</stop>
    <stop arrival="0:14" departure="0:14">Haukedalsvegen</stop>
    <stop arrival="0:15" departure="0:15">Botnane</stop>
    <stop arrival="0:16" departure="0:16">Haukeberget</stop>
    <stop arrival="0:17" departure="0:17">Ulsetåsen</stop>
    <stop arrival="0:18" departure="0:18">Åsane Brannstasjon</stop>
    <stop arrival="0:20" departure="0:20">Åsane terminal</stop>
    <stop arrival="0:21" departure="0:21">Hesthaugen</stop>
    <stop arrival="0:22" departure="0:22">Stamskaret</stop>
    <stop arrival="0:24" departure="0:24">Tertneskrysset nyevegen</stop>
    <stop arrival="0:26" departure="0:26">Eidsvåg</stop>
    <stop arrival="0:28" departure="0:28">Handelshøyskolen</stop>
    <stop arrival="0:29" departure="0:29">Nyhavnsvei (Gamle Bergen)</stop>
    <stop arrival="0:31" departure="0:31">Munkebotten</stop>
    <stop arrival="0:32" departure="0:32">Ludebryggen</stop>
    <stop arrival="0:33" departure="0:33">Sandvikstorget</stop>
    <stop arrival="0:34" departure="0:34">Skutevikstorget</stop>
    <stop arrival="0:35" departure="0:35">Bontelabo</stop>
    <stop arrival="0:36" departure="0:36">Slottsgaten</stop>
    <stop arrival="0:37" departure="0:37">Bryggen</stop>
    <stop arrival="0:38" departure="0:38">Olav Kyrres gate</stop>
    <stop arrival="0:40" departure="0:40">Møhlenpris v/ Industrihuset</stop>
    <stop arrival="0:41" departure="0:41">Gyldenpris</stop>
    <stop arrival="0:42" departure="0:42">Solveien</stop>
    <stop arrival="0:43" departure="0:43">Jansongården</stop>
    <stop arrival="0:44" departure="0:44">Fergeveien</stop>
    <stop arrival="0:45" departure="0:45">Vågedalen</stop>
    <stop arrival="0:46" departure="0:46">Oldernes</stop>
    <stop arrival="0:47" departure="0:47">Kringsjå</stop>
    <stop arrival="0:48" departure="0:48">Nygård, Laksevåg</stop>
    <stop arrival="0:48" departure="0:48">Haustbeitet</stop>
    <stop arrival="0:49" departure="0:49">Nygårdslien</stop>
    <stop arrival="0:50" departure="0:50">Lyngbøveien</stop>
    <stop arrival="0:51" departure="0:51">Nipedalen v/Lyngbøveien</stop>
    <stop arrival="0:52" departure="0:52">Nipedalen v/nr. 23</stop>
    <stop arrival="0:54" departure="0:54">Lyngbøkollen</stop>
    <stop arrival="0:55">Nipedalen</stop>
  </route>
  <route no="71" destination="Viddalen" url="http://www.web2051.no/bin/tp/zuginfo.exe/on/423006/145690/446524/82265/1/" trafficDays="kjører Ma, også 2., 14., 18., 25. Mai">
    <stop departure="0:10" routeNo="71">Åsane terminal</stop>
    <stop arrival="0:12" departure="0:12">Ulsetåsen</stop>
    <stop arrival="0:13" departure="0:13">Haukeberget</stop>
    <stop arrival="0:15" departure="0:15">Botnane</stop>
    <stop arrival="0:16" departure="0:16">Haukedalsvegen</stop>
    <stop arrival="0:17" departure="0:17">Sjøveien</stop>
    <stop arrival="0:18" departure="0:18">Tertitten</stop>
    <stop arrival="0:18" departure="0:18">Kipo</stop>
    <stop arrival="0:19" departure="0:19">Storevarden</stop>
    <stop arrival="0:19" departure="0:19">Nesmyr</stop>
    <stop arrival="0:20" departure="0:20">Bekkjarvik (Åsane)</stop>
    <stop arrival="0:21" departure="0:21">Bekkjarvikkryss (Åsane)</stop>
    <stop arrival="0:22" departure="0:22">Kvernevikstemma</stop>
    <stop arrival="0:22" departure="0:22">Åsane sand + singel</stop>
    <stop arrival="0:23" departure="0:23">Bryggedalen</stop>
    <stop arrival="0:25">Viddalen</stop>
  </route>
  <route no="71" destination="Nipedalen" url="http://www.web2051.no/bin/tp/zuginfo.exe/on/530661/181644/720442/183334/1/" trafficDays="kjører Ti - Lø, ikke 14., 18., 25. Mai">
    <stop departure="0:15" routeNo="71">Viddalen</stop>
    <stop arrival="0:17" departure="0:17">Bryggedalen</stop>
    <stop arrival="0:18" departure="0:18">Åsane sand + singel</stop>
    <stop arrival="0:18" departure="0:18">Kvernevikstemma</stop>
    <stop arrival="0:19" departure="0:19">Tertitten</stop>
    <stop arrival="0:20" departure="0:20">Bekkjarvik (Åsane)</stop>
    <stop arrival="0:21" departure="0:21">Nesmyr</stop>
    <stop arrival="0:21" departure="0:21">Storevarden</stop>
    <stop arrival="0:22" departure="0:22">Kipo</stop>
    <stop arrival="0:22" departure="0:22">Bekkjarvikkryss (Åsane)</stop>
    <stop arrival="0:23" departure="0:23">Sjøveien</stop>
    <stop arrival="0:24" departure="0:24">Haukedalsvegen</stop>
    <stop arrival="0:25" departure="0:25">Botnane</stop>
    <stop arrival="0:26" departure="0:26">Haukeberget</stop>
    <stop arrival="0:27" departure="0:27">Ulsetåsen</stop>
    <stop arrival="0:28" departure="0:28">Åsane Brannstasjon</stop>
    <stop arrival="0:30" departure="0:30">Åsane terminal</stop>
    <stop arrival="0:31" departure="0:31">Hesthaugen</stop>
    <stop arrival="0:32" departure="0:32">Stamskaret</stop>
    <stop arrival="0:33" departure="0:33">Tertneskrysset nyevegen</stop>
    <stop arrival="0:35" departure="0:35">Eidsvåg</stop>
    <stop arrival="0:37" departure="0:37">Handelshøyskolen</stop>
    <stop arrival="0:38" departure="0:38">Nyhavnsvei (Gamle Bergen)</stop>
    <stop arrival="0:39" departure="0:39">Munkebotten</stop>
    <stop arrival="0:40" departure="0:40">Ludebryggen</stop>
    <stop arrival="0:41" departure="0:41">Sandvikstorget</stop>
    <stop arrival="0:42" departure="0:42">Skutevikstorget</stop>
    <stop arrival="0:43" departure="0:43">Bontelabo</stop>
    <stop arrival="0:43" departure="0:43">Slottsgaten</stop>
    <stop arrival="0:44" departure="0:44">Bryggen</stop>
    <stop arrival="0:45" departure="0:45">Olav Kyrres gate</stop>
    <stop arrival="0:47" departure="0:47">Møhlenpris v/ Industrihuset</stop>
    <stop arrival="0:48" departure="0:48">Gyldenpris</stop>
    <stop arrival="0:50" departure="0:50">Solveien</stop>
    <stop arrival="0:51" departure="0:51">Jansongården</stop>
    <stop arrival="0:53" departure="0:53">Fergeveien</stop>
    <stop arrival="0:54" departure="0:54">Vågedalen</stop>
    <stop arrival="0:56" departure="0:56">Oldernes</stop>
    <stop arrival="0:57" departure="0:57">Kringsjå</stop>
    <stop arrival="0:58" departure="0:58">Nygård, Laksevåg</stop>
    <stop arrival="0:59" departure="0:59">Haustbeitet</stop>
    <stop arrival="1:00" departure="1:00">Nygårdslien</stop>
    <stop arrival="1:01" departure="1:01">Lyngbøveien</stop>
    <stop arrival="1:02" departure="1:02">Nipedalen v/Lyngbøveien</stop>
    <stop arrival="1:03" departure="1:03">Nipedalen v/nr. 23</stop>
    <stop arrival="1:05" departure="1:05">Lyngbøkollen</stop>
    <stop arrival="1:07">Nipedalen</stop>
  </route>
  <route no="71" destination="Viddalen" url="http://www.web2051.no/bin/tp/zuginfo.exe/on/771579/261902/534436/10025/1/" trafficDays="kjører Sø, ikke 2. Mai">
    <stop departure="0:00" routeNo="71">Nipedalen</stop>
    <stop arrival="0:01" departure="0:01">Lyngbøkollen</stop>
    <stop arrival="0:02" departure="0:02">Øvre Lyngbø</stop>
    <stop arrival="0:03" departure="0:03">Nipedalen v/nr.23</stop>
    <stop arrival="0:03" departure="0:03">Nipedalen v/Lyngbøveien</stop>
    <stop arrival="0:04" departure="0:04">Lyngbøveien</stop>
    <stop arrival="0:05" departure="0:05">Nygårdslien</stop>
    <stop arrival="0:06" departure="0:06">Haustbeitet</stop>
    <stop arrival="0:07" departure="0:07">Nygård, Laksevåg</stop>
    <stop arrival="0:08" departure="0:08">Kringsjå</stop>
    <stop arrival="0:09" departure="0:09">Oldernes</stop>
    <stop arrival="0:10" departure="0:10">Vågedalen</stop>
    <stop arrival="0:12" departure="0:12">Fergeveien</stop>
    <stop arrival="0:14" departure="0:14">Jansongården</stop>
    <stop arrival="0:16" departure="0:16">Solveien</stop>
    <stop arrival="0:17" departure="0:17">Gyldenpris</stop>
    <stop arrival="0:19" departure="0:19">Møhlenpris v/ Industrihuset</stop>
    <stop arrival="0:20" departure="0:20">Christies gate (Festplassen)</stop>
    <stop arrival="0:23" departure="0:23">Torget (Bergen)</stop>
    <stop arrival="0:24" departure="0:24">Bryggen</stop>
    <stop arrival="0:24" departure="0:24">Slottsgaten</stop>
    <stop arrival="0:25" departure="0:25">Bontelabo</stop>
    <stop arrival="0:26" departure="0:26">Skutevikstorget</stop>
    <stop arrival="0:26" departure="0:26">Sjøgaten</stop>
    <stop arrival="0:27" departure="0:27">Sandvikstorget</stop>
    <stop arrival="0:28" departure="0:28">Ludebryggen</stop>
    <stop arrival="0:28" departure="0:28">Munkebotten</stop>
    <stop arrival="0:30" departure="0:30">Nyhavnsvei (Gamle Bergen)</stop>
    <stop arrival="0:31" departure="0:31">Handelshøyskolen</stop>
    <stop arrival="0:33" departure="0:33">Eidsvåg</stop>
    <stop arrival="0:36" departure="0:36">Tertneskrysset nyevegen</stop>
    <stop arrival="0:38" departure="0:38">Stamskaret</stop>
    <stop arrival="0:38" departure="0:38">Hesthaugen</stop>
    <stop arrival="0:39" departure="0:39">Åsane terminal</stop>
    <stop arrival="0:41" departure="0:41">Ulsetåsen</stop>
    <stop arrival="0:42" departure="0:42">Haukeberget</stop>
    <stop arrival="0:44" departure="0:44">Botnane</stop>
    <stop arrival="0:45" departure="0:45">Haukedalsvegen</stop>
    <stop arrival="0:46" departure="0:46">Sjøveien</stop>
    <stop arrival="0:47" departure="0:47">Tertitten</stop>
    <stop arrival="0:47" departure="0:47">Kipo</stop>
    <stop arrival="0:48" departure="0:48">Storevarden</stop>
    <stop arrival="0:48" departure="0:48">Nesmyr</stop>
    <stop arrival="0:49" departure="0:49">Bekkjarvik (Åsane)</stop>
    <stop arrival="0:50" departure="0:50">Bekkjarvikkryss (Åsane)</stop>
    <stop arrival="0:51" departure="0:51">Kvernevikstemma</stop>
    <stop arrival="0:51" departure="0:51">Åsane sand + singel</stop>
    <stop arrival="0:52" departure="0:52">Bryggedalen</stop>
    <stop arrival="0:54">Viddalen</stop>
  </route>
  <route no="71" destination="Viddalen" url="http://www.web2051.no/bin/tp/zuginfo.exe/on/508095/174121/699238/180255/1/" trafficDays="kjører Ti - Lø, ikke 14., 18., 25. Mai">
    <stop departure="0:10" routeNo="71">Nipedalen</stop>
    <stop arrival="0:11" departure="0:11">Lyngbøkollen</stop>
    <stop arrival="0:12" departure="0:12">Øvre Lyngbø</stop>
    <stop arrival="0:13" departure="0:13">Nipedalen v/nr.23</stop>
    <stop arrival="0:13" departure="0:13">Nipedalen v/Lyngbøveien</stop>
    <stop arrival="0:14" departure="0:14">Lyngbøveien</stop>
    <stop arrival="0:15" departure="0:15">Nygårdslien</stop>
    <stop arrival="0:15" departure="0:15">Haustbeitet</stop>
    <stop arrival="0:16" departure="0:16">Nygård, Laksevåg</stop>
    <stop arrival="0:18" departure="0:18">Kringsjå</stop>
    <stop arrival="0:19" departure="0:19">Oldernes</stop>
    <stop arrival="0:20" departure="0:20">Vågedalen</stop>
    <stop arrival="0:21" departure="0:21">Fergeveien</stop>
    <stop arrival="0:23" departure="0:23">Jansongården</stop>
    <stop arrival="0:24" departure="0:24">Solveien</stop>
    <stop arrival="0:25" departure="0:25">Gyldenpris</stop>
    <stop arrival="0:28" departure="0:28">Møhlenpris v/ Industrihuset</stop>
    <stop arrival="0:30" departure="0:30">Christies gate (Festplassen)</stop>
    <stop arrival="0:33" departure="0:33">Torget (Bergen)</stop>
    <stop arrival="0:34" departure="0:34">Bryggen</stop>
    <stop arrival="0:34" departure="0:34">Slottsgaten</stop>
    <stop arrival="0:35" departure="0:35">Bontelabo</stop>
    <stop arrival="0:36" departure="0:36">Skutevikstorget</stop>
    <stop arrival="0:36" departure="0:36">Sjøgaten</stop>
    <stop arrival="0:37" departure="0:37">Sandvikstorget</stop>
    <stop arrival="0:38" departure="0:38">Ludebryggen</stop>
    <stop arrival="0:38" departure="0:38">Munkebotten</stop>
    <stop arrival="0:40" departure="0:40">Nyhavnsvei (Gamle Bergen)</stop>
    <stop arrival="0:41" departure="0:41">Handelshøyskolen</stop>
    <stop arrival="0:43" departure="0:43">Eidsvåg</stop>
    <stop arrival="0:46" departure="0:46">Tertneskrysset nyevegen</stop>
    <stop arrival="0:48" departure="0:48">Stamskaret</stop>
    <stop arrival="0:48" departure="0:48">Hesthaugen</stop>
    <stop arrival="0:49" departure="0:49">Åsane terminal</stop>
    <stop arrival="0:51" departure="0:51">Ulsetåsen</stop>
    <stop arrival="0:52" departure="0:52">Haukeberget</stop>
    <stop arrival="0:54" departure="0:54">Botnane</stop>
    <stop arrival="0:55" departure="0:55">Haukedalsvegen</stop>
    <stop arrival="0:56" departure="0:56">Sjøveien</stop>
    <stop arrival="0:57" departure="0:57">Tertitten</stop>
    <stop arrival="0:57" departure="0:57">Kipo</stop>
    <stop arrival="0:58" departure="0:58">Storevarden</stop>
    <stop arrival="0:58" departure="0:58">Nesmyr</stop>
    <stop arrival="0:59" departure="0:59">Bekkjarvik (Åsane)</stop>
    <stop arrival="1:00" departure="1:00">Bekkjarvikkryss (Åsane)</stop>
    <stop arrival="1:01" departure="1:01">Kvernevikstemma</stop>
    <stop arrival="1:01" departure="1:01">Åsane sand + singel</stop>
    <stop arrival="1:02" departure="1:02">Bryggedalen</stop>
    <stop arrival="1:04">Viddalen</stop>
  </route>
</routes>
