<?xml version="1.0" encoding="UTF-8"?>
<routes>
  <route no="80" destination="Flaktveit snuplass" url="http://www.web2051.no/bin/tp/zuginfo.exe/on/390729/135035/298008/18762/1/" trafficDays="kjører Sø, ikke 2. Mai">
    <stop departure="0:00" routeNo="80">Oasen Terminal</stop>
    <stop arrival="0:02" departure="0:02">Skarphaugen</stop>
    <stop arrival="0:03" departure="0:03">Sælen skole</stop>
    <stop arrival="0:04" departure="0:04">Torgny Segersteds vei</stop>
    <stop arrival="0:05" departure="0:05">Smiberget</stop>
    <stop arrival="0:05" departure="0:05">Ortustranden</stop>
    <stop arrival="0:06" departure="0:06">Lyshovden skole</stop>
    <stop arrival="0:06" departure="0:06">Sælemyr</stop>
    <stop arrival="0:07" departure="0:07">Hjalmar Brantings vei</stop>
    <stop arrival="0:08" departure="0:08">Træet (Benshaugen)</stop>
    <stop arrival="0:08" departure="0:08">Dag Hammarskjølds vei</stop>
    <stop arrival="0:09" departure="0:09">Lynghaug skole</stop>
    <stop arrival="0:09" departure="0:09">Hamregården</stop>
    <stop arrival="0:10" departure="0:10">Sikthaugen</stop>
    <stop arrival="0:14" departure="0:14">Gyldenpris</stop>
    <stop arrival="0:18" departure="0:18">Bergen Busstasjon</stop>
    <stop arrival="0:21" departure="0:21">Christies gate (Festplassen)</stop>
    <stop arrival="0:24" departure="0:24">Torget (Bergen)</stop>
    <stop arrival="0:25" departure="0:25">Bryggen</stop>
    <stop arrival="0:25" departure="0:25">Slottsgaten</stop>
    <stop arrival="0:26" departure="0:26">Bontelabo</stop>
    <stop arrival="0:27" departure="0:27">Skutevikstorget</stop>
    <stop arrival="0:28" departure="0:28">Sjøgaten</stop>
    <stop arrival="0:28" departure="0:28">Sandvikstorget</stop>
    <stop arrival="0:29" departure="0:29">Ludebryggen</stop>
    <stop arrival="0:29" departure="0:29">Munkebotten</stop>
    <stop arrival="0:31" departure="0:31">Nyhavnsvei (Gamle Bergen)</stop>
    <stop arrival="0:32" departure="0:32">Handelshøyskolen</stop>
    <stop arrival="0:34" departure="0:34">Eidsvåg</stop>
    <stop arrival="0:39" departure="0:39">Åsane terminal</stop>
    <stop arrival="0:40" departure="0:40">Rollandskrysset</stop>
    <stop arrival="0:40" departure="0:40">Litleåskryss</stop>
    <stop arrival="0:41" departure="0:41">Salhuskrysset</stop>
    <stop arrival="0:42" departure="0:42">Nyborg</stop>
    <stop arrival="0:44" departure="0:44">Gullgruven</stop>
    <stop arrival="0:45" departure="0:45">Industrihuset</stop>
    <stop arrival="0:46" departure="0:46">Liakroken</stop>
    <stop arrival="0:47" departure="0:47">Lid (Åsane)</stop>
    <stop arrival="0:49" departure="0:49">Flaktveitrinden</stop>
    <stop arrival="0:50" departure="0:50">Flaktveitsvingane</stop>
    <stop arrival="0:51" departure="0:51">Træsgrenda (Ulsberglia)</stop>
    <stop arrival="0:52" departure="0:52">Ulvhøyen</stop>
    <stop arrival="0:53" departure="0:53">Breimyra</stop>
    <stop arrival="0:54">Flaktveit snuplass</stop>
  </route>
  <route no="80" destination="Flaktveit snuplass" url="http://www.web2051.no/bin/tp/zuginfo.exe/on/83163/32491/259974/102267/1/" trafficDays="kjører Ma, også 2., 14., 18., 25. Mai">
    <stop departure="0:05" routeNo="80">Oasen Terminal</stop>
    <stop arrival="0:07" departure="0:07">Skarphaugen</stop>
    <stop arrival="0:08" departure="0:08">Sælen skole</stop>
    <stop arrival="0:09" departure="0:09">Torgny Segersteds vei</stop>
    <stop arrival="0:10" departure="0:10">Smiberget</stop>
    <stop arrival="0:10" departure="0:10">Ortustranden</stop>
    <stop arrival="0:11" departure="0:11">Lyshovden skole</stop>
    <stop arrival="0:11" departure="0:11">Sælemyr</stop>
    <stop arrival="0:12" departure="0:12">Hjalmar Brantings vei</stop>
    <stop arrival="0:13" departure="0:13">Træet (Benshaugen)</stop>
    <stop arrival="0:13" departure="0:13">Dag Hammarskjølds vei</stop>
    <stop arrival="0:13" departure="0:13">Lynghaug skole</stop>
    <stop arrival="0:14" departure="0:14">Hamregården</stop>
    <stop arrival="0:14" departure="0:14">Sikthaugen</stop>
    <stop arrival="0:18" departure="0:18">Gyldenpris</stop>
    <stop arrival="0:22" departure="0:22">Bergen Busstasjon</stop>
    <stop arrival="0:25" departure="0:25">Christies gate (Festplassen)</stop>
    <stop arrival="0:28" departure="0:28">Torget (Bergen)</stop>
    <stop arrival="0:29" departure="0:29">Bryggen</stop>
    <stop arrival="0:29" departure="0:29">Slottsgaten</stop>
    <stop arrival="0:30" departure="0:30">Bontelabo</stop>
    <stop arrival="0:31" departure="0:31">Skutevikstorget</stop>
    <stop arrival="0:32" departure="0:32">Sjøgaten</stop>
    <stop arrival="0:32" departure="0:32">Sandvikstorget</stop>
    <stop arrival="0:33" departure="0:33">Ludebryggen</stop>
    <stop arrival="0:33" departure="0:33">Munkebotten</stop>
    <stop arrival="0:35" departure="0:35">Nyhavnsvei (Gamle Bergen)</stop>
    <stop arrival="0:36" departure="0:36">Handelshøyskolen</stop>
    <stop arrival="0:38" departure="0:38">Eidsvåg</stop>
    <stop arrival="0:43" departure="0:43">Åsane terminal</stop>
    <stop arrival="0:44" departure="0:44">Rollandskrysset</stop>
    <stop arrival="0:44" departure="0:44">Litleåskryss</stop>
    <stop arrival="0:45" departure="0:45">Salhuskrysset</stop>
    <stop arrival="0:46" departure="0:46">Nyborg</stop>
    <stop arrival="0:48" departure="0:48">Gullgruven</stop>
    <stop arrival="0:49" departure="0:49">Industrihuset</stop>
    <stop arrival="0:50" departure="0:50">Liakroken</stop>
    <stop arrival="0:51" departure="0:51">Lid (Åsane)</stop>
    <stop arrival="0:53" departure="0:53">Flaktveitrinden</stop>
    <stop arrival="0:54" departure="0:54">Flaktveitsvingane</stop>
    <stop arrival="0:55" departure="0:55">Træsgrenda (Ulsberglia)</stop>
    <stop arrival="0:56" departure="0:56">Ulvhøyen</stop>
    <stop arrival="0:57" departure="0:57">Breimyra</stop>
    <stop arrival="0:58">Flaktveit snuplass</stop>
  </route>
  <route no="80" destination="Oasen Terminal" url="http://www.web2051.no/bin/tp/zuginfo.exe/on/923571/312693/315316/150199/1/" trafficDays="kjører Fr">
    <stop departure="23:30" routeNo="80">Flaktveit snuplass</stop>
    <stop arrival="23:31" departure="23:31">Breimyra</stop>
    <stop arrival="23:32" departure="23:32">Ulvhøyen</stop>
    <stop arrival="23:33" departure="23:33">Træsgrenda (Ulsberglia)</stop>
    <stop arrival="23:34" departure="23:34">Flaktveitsvingane</stop>
    <stop arrival="23:35" departure="23:35">Flaktveitrinden</stop>
    <stop arrival="23:37" departure="23:37">Lid (Åsane)</stop>
    <stop arrival="23:38" departure="23:38">Liakroken</stop>
    <stop arrival="23:39" departure="23:39">Industrihuset</stop>
    <stop arrival="23:40" departure="23:40">Gullgruven</stop>
    <stop arrival="23:42" departure="23:42">Nyborg</stop>
    <stop arrival="23:43" departure="23:43">Salhuskrysset</stop>
    <stop arrival="23:44" departure="23:44">Litleåskryss</stop>
    <stop arrival="23:44" departure="23:44">Rollandskrysset</stop>
    <stop arrival="23:45" departure="23:45">Åsane terminal</stop>
    <stop arrival="23:50" departure="23:50">Eidsvåg</stop>
    <stop arrival="23:52" departure="23:52">Handelshøyskolen</stop>
    <stop arrival="23:53" departure="23:53">Nyhavnsvei (Gamle Bergen)</stop>
    <stop arrival="23:54" departure="23:54">Munkebotten</stop>
    <stop arrival="23:55" departure="23:55">Ludebryggen</stop>
    <stop arrival="23:57" departure="23:57">Sandvikstorget</stop>
    <stop arrival="23:59" departure="23:59">Skutevikstorget</stop>
    <stop arrival="23:59" departure="23:59">Bontelabo</stop>
    <stop arrival="0:00" departure="0:00">Slottsgaten</stop>
    <stop arrival="0:01" departure="0:01">Bryggen</stop>
    <stop arrival="0:02" departure="0:02">Olav Kyrres gate</stop>
    <stop arrival="0:07" departure="0:07">Bergen Busstasjon</stop>
    <stop arrival="0:10" departure="0:10">Gyldenpris</stop>
    <stop arrival="0:14" departure="0:14">Løvstakktunnelen</stop>
    <stop arrival="0:14" departure="0:14">Sikthaugen</stop>
    <stop arrival="0:16" departure="0:16">Lynghaug skole</stop>
    <stop arrival="0:16" departure="0:16">Dag Hammarskjølds vei</stop>
    <stop arrival="0:17" departure="0:17">Træet (Benshaugen)</stop>
    <stop arrival="0:18" departure="0:18">Hjalmar Brantings vei</stop>
    <stop arrival="0:18" departure="0:18">Sælemyr</stop>
    <stop arrival="0:19" departure="0:19">Lyshovden skole</stop>
    <stop arrival="0:19" departure="0:19">Ortustranden</stop>
    <stop arrival="0:20" departure="0:20">Smiberget</stop>
    <stop arrival="0:21" departure="0:21">Torgny Segersteds vei</stop>
    <stop arrival="0:22" departure="0:22">Sælen skole</stop>
    <stop arrival="0:24" departure="0:24">Skarphaugen</stop>
    <stop arrival="0:25">Oasen Terminal</stop>
  </route>
  <route no="80" destination="Oasen Terminal" url="http://www.web2051.no/bin/tp/zuginfo.exe/on/545478/186614/537516/86943/1/" trafficDays="kjører Lø, ikke 1. Mai">
    <stop departure="23:30" routeNo="80">Flaktveit snuplass</stop>
    <stop arrival="23:31" departure="23:31">Breimyra</stop>
    <stop arrival="23:32" departure="23:32">Ulvhøyen</stop>
    <stop arrival="23:33" departure="23:33">Træsgrenda (Ulsberglia)</stop>
    <stop arrival="23:34" departure="23:34">Flaktveitsvingane</stop>
    <stop arrival="23:35" departure="23:35">Flaktveitrinden</stop>
    <stop arrival="23:37" departure="23:37">Lid (Åsane)</stop>
    <stop arrival="23:38" departure="23:38">Liakroken</stop>
    <stop arrival="23:39" departure="23:39">Industrihuset</stop>
    <stop arrival="23:40" departure="23:40">Gullgruven</stop>
    <stop arrival="23:42" departure="23:42">Nyborg</stop>
    <stop arrival="23:43" departure="23:43">Salhuskrysset</stop>
    <stop arrival="23:44" departure="23:44">Litleåskryss</stop>
    <stop arrival="23:44" departure="23:44">Rollandskrysset</stop>
    <stop arrival="23:45" departure="23:45">Åsane terminal</stop>
    <stop arrival="23:50" departure="23:50">Eidsvåg</stop>
    <stop arrival="23:52" departure="23:52">Handelshøyskolen</stop>
    <stop arrival="23:53" departure="23:53">Nyhavnsvei (Gamle Bergen)</stop>
    <stop arrival="23:54" departure="23:54">Munkebotten</stop>
    <stop arrival="23:55" departure="23:55">Ludebryggen</stop>
    <stop arrival="23:57" departure="23:57">Sandvikstorget</stop>
    <stop arrival="23:59" departure="23:59">Skutevikstorget</stop>
    <stop arrival="23:59" departure="23:59">Bontelabo</stop>
    <stop arrival="0:00" departure="0:00">Slottsgaten</stop>
    <stop arrival="0:01" departure="0:01">Bryggen</stop>
    <stop arrival="0:02" departure="0:02">Olav Kyrres gate</stop>
    <stop arrival="0:07" departure="0:07">Bergen Busstasjon</stop>
    <stop arrival="0:12" departure="0:12">Gyldenpris</stop>
    <stop arrival="0:16" departure="0:16">Løvstakktunnelen</stop>
    <stop arrival="0:16" departure="0:16">Sikthaugen</stop>
    <stop arrival="0:18" departure="0:18">Lynghaug skole</stop>
    <stop arrival="0:18" departure="0:18">Dag Hammarskjølds vei</stop>
    <stop arrival="0:19" departure="0:19">Træet (Benshaugen)</stop>
    <stop arrival="0:20" departure="0:20">Hjalmar Brantings vei</stop>
    <stop arrival="0:20" departure="0:20">Sælemyr</stop>
    <stop arrival="0:21" departure="0:21">Lyshovden skole</stop>
    <stop arrival="0:21" departure="0:21">Ortustranden</stop>
    <stop arrival="0:22" departure="0:22">Smiberget</stop>
    <stop arrival="0:23" departure="0:23">Torgny Segersteds vei</stop>
    <stop arrival="0:24" departure="0:24">Sælen skole</stop>
    <stop arrival="0:26" departure="0:26">Skarphaugen</stop>
    <stop arrival="0:27">Oasen Terminal</stop>
  </route>
  <route no="80" destination="Flaktveit snuplass" url="http://www.web2051.no/bin/tp/zuginfo.exe/on/699468/237993/518998/26343/1/" trafficDays="kjører Ti - Lø, ikke 14., 18., 25. Mai">
    <stop departure="0:20" routeNo="80">Oasen Terminal</stop>
    <stop arrival="0:22" departure="0:22">Skarphaugen</stop>
    <stop arrival="0:23" departure="0:23">Sælen skole</stop>
    <stop arrival="0:24" departure="0:24">Torgny Segersteds vei</stop>
    <stop arrival="0:25" departure="0:25">Smiberget</stop>
    <stop arrival="0:25" departure="0:25">Ortustranden</stop>
    <stop arrival="0:26" departure="0:26">Lyshovden skole</stop>
    <stop arrival="0:26" departure="0:26">Sælemyr</stop>
    <stop arrival="0:27" departure="0:27">Hjalmar Brantings vei</stop>
    <stop arrival="0:28" departure="0:28">Træet (Benshaugen)</stop>
    <stop arrival="0:28" departure="0:28">Dag Hammarskjølds vei</stop>
    <stop arrival="0:28" departure="0:28">Lynghaug skole</stop>
    <stop arrival="0:29" departure="0:29">Hamregården</stop>
    <stop arrival="0:29" departure="0:29">Sikthaugen</stop>
    <stop arrival="0:33" departure="0:33">Gyldenpris</stop>
    <stop arrival="0:38" departure="0:38">Bergen Busstasjon</stop>
    <stop arrival="0:40" departure="0:40">Christies gate (Festplassen)</stop>
    <stop arrival="0:43" departure="0:43">Torget (Bergen)</stop>
    <stop arrival="0:44" departure="0:44">Bryggen</stop>
    <stop arrival="0:44" departure="0:44">Slottsgaten</stop>
    <stop arrival="0:45" departure="0:45">Bontelabo</stop>
    <stop arrival="0:46" departure="0:46">Skutevikstorget</stop>
    <stop arrival="0:47" departure="0:47">Sjøgaten</stop>
    <stop arrival="0:47" departure="0:47">Sandvikstorget</stop>
    <stop arrival="0:48" departure="0:48">Ludebryggen</stop>
    <stop arrival="0:48" departure="0:48">Munkebotten</stop>
    <stop arrival="0:50" departure="0:50">Nyhavnsvei (Gamle Bergen)</stop>
    <stop arrival="0:51" departure="0:51">Handelshøyskolen</stop>
    <stop arrival="0:53" departure="0:53">Eidsvåg</stop>
    <stop arrival="0:58" departure="0:58">Åsane terminal</stop>
    <stop arrival="0:59" departure="0:59">Rollandskrysset</stop>
    <stop arrival="0:59" departure="0:59">Litleåskryss</stop>
    <stop arrival="1:00" departure="1:00">Salhuskrysset</stop>
    <stop arrival="1:01" departure="1:01">Nyborg</stop>
    <stop arrival="1:03" departure="1:03">Gullgruven</stop>
    <stop arrival="1:04" departure="1:04">Industrihuset</stop>
    <stop arrival="1:05" departure="1:05">Liakroken</stop>
    <stop arrival="1:06" departure="1:06">Lid (Åsane)</stop>
    <stop arrival="1:08" departure="1:08">Flaktveitrinden</stop>
    <stop arrival="1:09" departure="1:09">Flaktveitsvingane</stop>
    <stop arrival="1:10" departure="1:10">Træsgrenda (Ulsberglia)</stop>
    <stop arrival="1:11" departure="1:11">Ulvhøyen</stop>
    <stop arrival="1:12" departure="1:12">Breimyra</stop>
    <stop arrival="1:13">Flaktveit snuplass</stop>
  </route>
  <route no="80" destination="Oasen Terminal" url="http://www.web2051.no/bin/tp/zuginfo.exe/on/797166/270491/162876/184285/1/" trafficDays="kjører Ma - Lø, også 2. Mai">
    <stop departure="0:00" routeNo="80">Flaktveit snuplass</stop>
    <stop arrival="0:01" departure="0:01">Breimyra</stop>
    <stop arrival="0:02" departure="0:02">Ulvhøyen</stop>
    <stop arrival="0:03" departure="0:03">Træsgrenda (Ulsberglia)</stop>
    <stop arrival="0:04" departure="0:04">Flaktveitsvingane</stop>
    <stop arrival="0:05" departure="0:05">Flaktveitrinden</stop>
    <stop arrival="0:07" departure="0:07">Lid (Åsane)</stop>
    <stop arrival="0:08" departure="0:08">Liakroken</stop>
    <stop arrival="0:09" departure="0:09">Industrihuset</stop>
    <stop arrival="0:10" departure="0:10">Gullgruven</stop>
    <stop arrival="0:12" departure="0:12">Nyborg</stop>
    <stop arrival="0:13" departure="0:13">Salhuskrysset</stop>
    <stop arrival="0:14" departure="0:14">Litleåskryss</stop>
    <stop arrival="0:14" departure="0:14">Rollandskrysset</stop>
    <stop arrival="0:15" departure="0:15">Åsane terminal</stop>
    <stop arrival="0:20" departure="0:20">Eidsvåg</stop>
    <stop arrival="0:22" departure="0:22">Handelshøyskolen</stop>
    <stop arrival="0:23" departure="0:23">Nyhavnsvei (Gamle Bergen)</stop>
    <stop arrival="0:24" departure="0:24">Munkebotten</stop>
    <stop arrival="0:25" departure="0:25">Ludebryggen</stop>
    <stop arrival="0:27" departure="0:27">Sandvikstorget</stop>
    <stop arrival="0:29" departure="0:29">Skutevikstorget</stop>
    <stop arrival="0:29" departure="0:29">Bontelabo</stop>
    <stop arrival="0:30" departure="0:30">Slottsgaten</stop>
    <stop arrival="0:31" departure="0:31">Bryggen</stop>
    <stop arrival="0:32" departure="0:32">Olav Kyrres gate</stop>
    <stop arrival="0:37" departure="0:37">Bergen Busstasjon</stop>
    <stop arrival="0:40" departure="0:40">Gyldenpris</stop>
    <stop arrival="0:44" departure="0:44">Løvstakktunnelen</stop>
    <stop arrival="0:44" departure="0:44">Sikthaugen</stop>
    <stop arrival="0:46" departure="0:46">Lynghaug skole</stop>
    <stop arrival="0:46" departure="0:46">Dag Hammarskjølds vei</stop>
    <stop arrival="0:47" departure="0:47">Træet (Benshaugen)</stop>
    <stop arrival="0:48" departure="0:48">Hjalmar Brantings vei</stop>
    <stop arrival="0:48" departure="0:48">Sælemyr</stop>
    <stop arrival="0:49" departure="0:49">Lyshovden skole</stop>
    <stop arrival="0:49" departure="0:49">Ortustranden</stop>
    <stop arrival="0:50" departure="0:50">Smiberget</stop>
    <stop arrival="0:51" departure="0:51">Torgny Segersteds vei</stop>
    <stop arrival="0:52" departure="0:52">Sælen skole</stop>
    <stop arrival="0:54" departure="0:54">Skarphaugen</stop>
    <stop arrival="0:55">Oasen Terminal</stop>
  </route>
  <route no="80" destination="Oasen Terminal" url="http://www.web2051.no/bin/tp/zuginfo.exe/on/736239/250201/237660/126595/1/" trafficDays="kjører Sø, ikke 2. Mai">
    <stop departure="0:00" routeNo="80">Flaktveit snuplass</stop>
    <stop arrival="0:01" departure="0:01">Breimyra</stop>
    <stop arrival="0:02" departure="0:02">Ulvhøyen</stop>
    <stop arrival="0:03" departure="0:03">Træsgrenda (Ulsberglia)</stop>
    <stop arrival="0:04" departure="0:04">Flaktveitsvingane</stop>
    <stop arrival="0:05" departure="0:05">Flaktveitrinden</stop>
    <stop arrival="0:07" departure="0:07">Lid (Åsane)</stop>
    <stop arrival="0:08" departure="0:08">Liakroken</stop>
    <stop arrival="0:09" departure="0:09">Industrihuset</stop>
    <stop arrival="0:10" departure="0:10">Gullgruven</stop>
    <stop arrival="0:12" departure="0:12">Nyborg</stop>
    <stop arrival="0:13" departure="0:13">Salhuskrysset</stop>
    <stop arrival="0:14" departure="0:14">Litleåskryss</stop>
    <stop arrival="0:14" departure="0:14">Rollandskrysset</stop>
    <stop arrival="0:15" departure="0:15">Åsane terminal</stop>
    <stop arrival="0:20" departure="0:20">Eidsvåg</stop>
    <stop arrival="0:22" departure="0:22">Handelshøyskolen</stop>
    <stop arrival="0:23" departure="0:23">Nyhavnsvei (Gamle Bergen)</stop>
    <stop arrival="0:24" departure="0:24">Munkebotten</stop>
    <stop arrival="0:25" departure="0:25">Ludebryggen</stop>
    <stop arrival="0:27" departure="0:27">Sandvikstorget</stop>
    <stop arrival="0:29" departure="0:29">Skutevikstorget</stop>
    <stop arrival="0:29" departure="0:29">Bontelabo</stop>
    <stop arrival="0:30" departure="0:30">Slottsgaten</stop>
    <stop arrival="0:31" departure="0:31">Bryggen</stop>
    <stop arrival="0:32" departure="0:32">Olav Kyrres gate</stop>
    <stop arrival="0:37" departure="0:37">Bergen Busstasjon</stop>
    <stop arrival="0:42" departure="0:42">Gyldenpris</stop>
    <stop arrival="0:46" departure="0:46">Løvstakktunnelen</stop>
    <stop arrival="0:46" departure="0:46">Sikthaugen</stop>
    <stop arrival="0:48" departure="0:48">Lynghaug skole</stop>
    <stop arrival="0:48" departure="0:48">Dag Hammarskjølds vei</stop>
    <stop arrival="0:49" departure="0:49">Træet (Benshaugen)</stop>
    <stop arrival="0:50" departure="0:50">Hjalmar Brantings vei</stop>
    <stop arrival="0:50" departure="0:50">Sælemyr</stop>
    <stop arrival="0:51" departure="0:51">Lyshovden skole</stop>
    <stop arrival="0:51" departure="0:51">Ortustranden</stop>
    <stop arrival="0:52" departure="0:52">Smiberget</stop>
    <stop arrival="0:53" departure="0:53">Torgny Segersteds vei</stop>
    <stop arrival="0:54" departure="0:54">Sælen skole</stop>
    <stop arrival="0:56" departure="0:56">Skarphaugen</stop>
    <stop arrival="0:57">Oasen Terminal</stop>
  </route>
</routes>
