<?xml version="1.0" encoding="UTF-8"?>
<routes>
  <route no="900" destination="Bergen Busstasjon" url="http://www.web2051.no/bin/tp/zuginfo.exe/on/805647/269710/349836/93631/1/" trafficDays="kjører Fr, Sø, også 1., 13., 17., 24. Mai">
    <stop departure="23:18" routeNo="900">Arna terminal</stop>
    <stop arrival="23:20" departure="23:20">Bommane (Arnatveitvegen)</stop>
    <stop arrival="23:21" departure="23:21">Indre Arna skule</stop>
    <stop arrival="23:21" departure="23:21">Rokneholo</stop>
    <stop arrival="23:22" departure="23:22">Roknetoppen</stop>
    <stop arrival="23:23" departure="23:23">Stølsvegen øst</stop>
    <stop arrival="23:23" departure="23:23">Stølsvegen</stop>
    <stop arrival="23:26" departure="23:26">Stølsvegen vest</stop>
    <stop arrival="23:26" departure="23:26">Arnatveit</stop>
    <stop arrival="23:27" departure="23:27">Arna busser</stop>
    <stop arrival="23:27" departure="23:27">Sæthre steinindustri</stop>
    <stop arrival="23:29" departure="23:29">Espelandsmyrane fylkesvn.</stop>
    <stop arrival="23:30" departure="23:30">Espeland Janus (Arna)</stop>
    <stop arrival="23:31" departure="23:31">Espelandshallen (Arna)</stop>
    <stop arrival="23:32" departure="23:32">Lone øst</stop>
    <stop arrival="23:33" departure="23:33">Lone vest</stop>
    <stop arrival="23:34" departure="23:34">Haukeland øst (Arna)</stop>
    <stop arrival="23:34" departure="23:34">Haukeland (Arna)</stop>
    <stop arrival="23:35" departure="23:35">Haukeland vest (Arna)</stop>
    <stop arrival="23:36" departure="23:36">Søylen (Espeland)</stop>
    <stop arrival="23:36" departure="23:36">Bratland</stop>
    <stop arrival="23:37" departure="23:37">Grimen øst</stop>
    <stop arrival="23:38" departure="23:38">Grimen</stop>
    <stop arrival="23:39" departure="23:39">Helldal skole</stop>
    <stop arrival="23:40" departure="23:40">Helldal, Frank Mohn</stop>
    <stop arrival="23:40" departure="23:40">Helldal (Fana)</stop>
    <stop arrival="23:42" departure="23:42">BKK Trafo (Helldal)</stop>
    <stop arrival="23:44" departure="23:44">Midttunflaten</stop>
    <stop arrival="23:45" departure="23:45">Midtun bro</stop>
    <stop arrival="23:47" departure="23:47">Herredshuset, Nesttun</stop>
    <stop arrival="23:48" departure="23:48">Nesttun</stop>
    <stop arrival="23:49" departure="23:49">Nesttun terminal</stop>
    <stop arrival="23:51" departure="23:51">Hopsbro</stop>
    <stop arrival="23:53" departure="23:53">Tveiteråsskiftet</stop>
    <stop arrival="23:54" departure="23:54">Paradis</stop>
    <stop arrival="23:55" departure="23:55">Nydalen</stop>
    <stop arrival="23:57" departure="23:57">Fantoft</stop>
    <stop arrival="23:58" departure="23:58">Storetveit</stop>
    <stop arrival="23:59" departure="23:59">Elvebakken</stop>
    <stop arrival="0:01" departure="0:01">Minde</stop>
    <stop arrival="0:02" departure="0:02">Mindemyren</stop>
    <stop arrival="0:03" departure="0:03">Postterminalen</stop>
    <stop arrival="0:03" departure="0:03">Kanalveien v/LBK</stop>
    <stop arrival="0:05" departure="0:05">Danmarksplass v/Forum kino</stop>
    <stop arrival="0:09">Bergen Busstasjon</stop>
  </route>
  <route no="20" destination="Bergen Busstasjon" url="http://www.web2051.no/bin/tp/zuginfo.exe/on/763986/258485/60572/224376/1/" trafficDays="kjører Lø, ikke 1. Mai">
    <stop departure="23:55" routeNo="20">Nesttun terminal</stop>
    <stop arrival="23:56" departure="23:56">Hopsbro</stop>
    <stop arrival="23:57" departure="23:57">Tveiteråsskiftet</stop>
    <stop arrival="23:58" departure="23:58">Paradis</stop>
    <stop arrival="0:00" departure="0:00">Nydalen</stop>
    <stop arrival="0:01" departure="0:01">Fantoft</stop>
    <stop arrival="0:02" departure="0:02">Storetveit</stop>
    <stop arrival="0:02" departure="0:02">Elvebakken</stop>
    <stop arrival="0:03" departure="0:03">Minde</stop>
    <stop arrival="0:07" departure="0:07">Mindemyren</stop>
    <stop arrival="0:08" departure="0:08">Postterminalen</stop>
    <stop arrival="0:08" departure="0:08">Kanalveien v/LBK</stop>
    <stop arrival="0:10" departure="0:10">Danmarksplass v/Forum kino</stop>
    <stop arrival="0:14">Bergen Busstasjon</stop>
  </route>
  <route no="525" destination="Bergen Busstasjon" url="http://www.web2051.no/bin/tp/zuginfo.exe/on/222288/79483/837656/344733/1/" trafficDays="kjører Ma - Fr, ikke 13., 17., 24. Mai">
    <stop departure="23:25" routeNo="525">Milde</stop>
    <stop arrival="23:26" departure="23:26">Fana folkehøgskole (Aboretet)</stop>
    <stop arrival="23:27" departure="23:27">Geilen</stop>
    <stop arrival="23:27" departure="23:27">Grendatunvegen</stop>
    <stop arrival="23:28" departure="23:28">Planteskogen (Milde)</stop>
    <stop arrival="23:30" departure="23:30">Hjellestadskiftet</stop>
    <stop arrival="23:31" departure="23:31">Seilforeningen</stop>
    <stop arrival="23:32" departure="23:32">Hjellestad post</stop>
    <stop arrival="23:32" departure="23:32">Hjellestad</stop>
    <stop arrival="23:32" departure="23:32">Hjellestad post</stop>
    <stop arrival="23:34" departure="23:34">Seilforeningen</stop>
    <stop arrival="23:35" departure="23:35">Hjellestadskiftet</stop>
    <stop arrival="23:36" departure="23:36">K.Kaland</stop>
    <stop arrival="23:37" departure="23:37">Ådlandsbro</stop>
    <stop arrival="23:38" departure="23:38">Heggernesskiftet</stop>
    <stop arrival="23:39" departure="23:39">Kartveitskiftet</stop>
    <stop arrival="23:40" departure="23:40">Ådlandsskiftet</stop>
    <stop arrival="23:41" departure="23:41">Ådlandsflaten</stop>
    <stop arrival="23:41" departure="23:41">Blomsterdalen</stop>
    <stop arrival="23:45" departure="23:45">Birkelandskrysset Terminal</stop>
    <stop arrival="23:45" departure="23:45">Scandic</stop>
    <stop arrival="23:45" departure="23:45">Nera</stop>
    <stop arrival="23:46" departure="23:46">BKK , Kokstad</stop>
    <stop arrival="23:46" departure="23:46">Kokstad Bilhandel</stop>
    <stop arrival="23:54" departure="23:54">Dolvik terminal</stop>
    <stop arrival="23:54" departure="23:54">Dolvikbakken</stop>
    <stop arrival="23:55" departure="23:55">Søreide skole</stop>
    <stop arrival="23:56" departure="23:56">Søreide v/Hydrostasjonen</stop>
    <stop arrival="23:58" departure="23:58">Straume bro</stop>
    <stop arrival="23:58" departure="23:58">Bergen Motorbåtforening</stop>
    <stop arrival="0:00" departure="0:00">Straume (Straumeveien, Fana)</stop>
    <stop arrival="0:00" departure="0:00">Bøjarnesvegen (Toftegård)</stop>
    <stop arrival="0:01" departure="0:01">Bønesskiftet</stop>
    <stop arrival="0:02" departure="0:02">Kråkenes 2 (Kleiva)</stop>
    <stop arrival="0:02" departure="0:02">Kråkenes 1</stop>
    <stop arrival="0:02" departure="0:02">Langebekken</stop>
    <stop arrival="0:03" departure="0:03">Langegården</stop>
    <stop arrival="0:03" departure="0:03">Krambua</stop>
    <stop arrival="0:03" departure="0:03">Fjøsanger</stop>
    <stop arrival="0:07" departure="0:07">Kanalveien v/NRK</stop>
    <stop arrival="0:08" departure="0:08">Mindemyren</stop>
    <stop arrival="0:09" departure="0:09">Postterminalen</stop>
    <stop arrival="0:09" departure="0:09">Kanalveien v/LBK</stop>
    <stop arrival="0:11" departure="0:11">Danmarksplass v/Forum kino</stop>
    <stop arrival="0:14" departure="0:14">Bergen Busstasjon</stop>
    <stop arrival="0:16" departure="0:16">Christies gate (Festplassen)</stop>
    <stop arrival="0:21">Bergen Busstasjon</stop>
  </route>
  <route no="22" destination="Åsane terminal" url="http://www.web2051.no/bin/tp/zuginfo.exe/on/264084/92103/227448/25697/1/" trafficDays="kjører Ma - Fr, ikke 13., 17., 24. Mai">
    <stop departure="23:43" routeNo="22">Birkelundstoppen</stop>
    <stop arrival="23:44" departure="23:44">Nattland gård (nyeveien)</stop>
    <stop arrival="23:45" departure="23:45">Merkurvegen (nyeveien)</stop>
    <stop arrival="23:47" departure="23:47">Rinddalen</stop>
    <stop arrival="23:48" departure="23:48">Indre Sædal</stop>
    <stop arrival="23:48" departure="23:48">Helldalslia</stop>
    <stop arrival="23:48" departure="23:48">Helldalslia</stop>
    <stop arrival="23:49" departure="23:49">Helldalsåsen</stop>
    <stop arrival="23:50" departure="23:50">Kjenndalsåsen</stop>
    <stop arrival="23:51" departure="23:51">Kjenndalslia</stop>
    <stop arrival="23:52" departure="23:52">Kringlebotn</stop>
    <stop arrival="23:53" departure="23:53">Sandalskollen</stop>
    <stop arrival="23:54" departure="23:54">Sandbrekkeveien</stop>
    <stop arrival="23:55" departure="23:55">Midttunflaten</stop>
    <stop arrival="23:55" departure="23:55">Midtun bro</stop>
    <stop arrival="23:57" departure="23:57">Herredshuset, Nesttun</stop>
    <stop arrival="23:57" departure="23:57">Nesttun</stop>
    <stop arrival="23:58" departure="23:58">Nesttun terminal</stop>
    <stop arrival="23:59" departure="23:59">Hopsbro</stop>
    <stop arrival="0:00" departure="0:00">Tveiteråsskiftet</stop>
    <stop arrival="0:01" departure="0:01">Paradis</stop>
    <stop arrival="0:03" departure="0:03">Nydalen</stop>
    <stop arrival="0:04" departure="0:04">Fantoft</stop>
    <stop arrival="0:05" departure="0:05">Storetveit</stop>
    <stop arrival="0:05" departure="0:05">Elvebakken</stop>
    <stop arrival="0:06" departure="0:06">Minde</stop>
    <stop arrival="0:09" departure="0:09">Mindemyren</stop>
    <stop arrival="0:10" departure="0:10">Postterminalen</stop>
    <stop arrival="0:11" departure="0:11">Kanalveien v/LBK</stop>
    <stop arrival="0:13" departure="0:13">Danmarksplass v/Forum kino</stop>
    <stop arrival="0:16" departure="0:16">Bergen Busstasjon</stop>
    <stop arrival="0:18" departure="0:18">Christies gate (Festplassen)</stop>
    <stop arrival="0:21" departure="0:21">Torget v/DnB</stop>
    <stop arrival="0:22" departure="0:22">Bryggen</stop>
    <stop arrival="0:22" departure="0:22">Slottsgaten</stop>
    <stop arrival="0:23" departure="0:23">Bontelabo</stop>
    <stop arrival="0:24" departure="0:24">Skutevikstorget</stop>
    <stop arrival="0:24" departure="0:24">Sjøgaten</stop>
    <stop arrival="0:25" departure="0:25">Sandvikstorget</stop>
    <stop arrival="0:26" departure="0:26">Ludebryggen</stop>
    <stop arrival="0:26" departure="0:26">Munkebotten</stop>
    <stop arrival="0:28" departure="0:28">Nyhavnsvei (Gamle Bergen)</stop>
    <stop arrival="0:29" departure="0:29">Handelshøyskolen</stop>
    <stop arrival="0:30" departure="0:30">Solbakken</stop>
    <stop arrival="0:30" departure="0:30">Eikeviken</stop>
    <stop arrival="0:31" departure="0:31">Hellebakken</stop>
    <stop arrival="0:32" departure="0:32">Brunestykket</stop>
    <stop arrival="0:33" departure="0:33">Lønborg</stop>
    <stop arrival="0:33" departure="0:33">Nordre Lønborg</stop>
    <stop arrival="0:33" departure="0:33">Fagerbakken</stop>
    <stop arrival="0:34" departure="0:34">Eidsvågneset</stop>
    <stop arrival="0:34" departure="0:34">Trolldalen (Eidsvågneset)</stop>
    <stop arrival="0:34" departure="0:34">Trollbekken</stop>
    <stop arrival="0:35" departure="0:35">Tømmervågen</stop>
    <stop arrival="0:35" departure="0:35">Lillevågen</stop>
    <stop arrival="0:36" departure="0:36">Hagebyen (Eidsvåg)</stop>
    <stop arrival="0:37" departure="0:37">Fabrikkvegen</stop>
    <stop arrival="0:38" departure="0:38">Eidsvåg gamlevegen</stop>
    <stop arrival="0:39" departure="0:39">Selvikvegen</stop>
    <stop arrival="0:40" departure="0:40">Ervik nedre (Sellesvingen)</stop>
    <stop arrival="0:40" departure="0:40">Ervik øvre</stop>
    <stop arrival="0:41" departure="0:41">Åstveitvegen</stop>
    <stop arrival="0:42" departure="0:42">Griggastemma</stop>
    <stop arrival="0:43" departure="0:43">Tertneskrysset gamleveien</stop>
    <stop arrival="0:45" departure="0:45">Stamskaret</stop>
    <stop arrival="0:45" departure="0:45">Hesthaugen</stop>
    <stop arrival="0:46">Åsane terminal</stop>
  </route>
  <route no="60" destination="Bergen Busstasjon" url="http://www.web2051.no/bin/tp/zuginfo.exe/on/825789/279885/783728/116607/1/" trafficDays="kjører Ma, også 2., 14., 18., 25. Mai">
    <stop departure="0:00" routeNo="60">Bønes senter</stop>
    <stop arrival="0:01" departure="0:01">Våkleiva</stop>
    <stop arrival="0:01" departure="0:01">Bønes hagesenter</stop>
    <stop arrival="0:03" departure="0:03">Bønes skole</stop>
    <stop arrival="0:04" departure="0:04">Kråkenestoppen</stop>
    <stop arrival="0:05" departure="0:05">Bergvegen</stop>
    <stop arrival="0:06" departure="0:06">Langebekken</stop>
    <stop arrival="0:07" departure="0:07">Langegården</stop>
    <stop arrival="0:07" departure="0:07">Krambua</stop>
    <stop arrival="0:08" departure="0:08">Fjøsanger</stop>
    <stop arrival="0:12" departure="0:12">Kanalveien v/NRK</stop>
    <stop arrival="0:13" departure="0:13">Mindemyren</stop>
    <stop arrival="0:14" departure="0:14">Postterminalen</stop>
    <stop arrival="0:15" departure="0:15">Kanalveien v/LBK</stop>
    <stop arrival="0:17" departure="0:17">Danmarksplass v/Forum kino</stop>
    <stop arrival="0:20" departure="0:20">Bergen Busstasjon</stop>
    <stop arrival="0:20" departure="0:20">Christies gate (Festplassen)</stop>
    <stop arrival="0:25">Bergen Busstasjon</stop>
  </route>
  <route no="60" destination="Bergen Busstasjon" url="http://www.web2051.no/bin/tp/zuginfo.exe/on/958632/324215/606278/16407/1/" trafficDays="kjører Ti - Lø, ikke 14., 18., 25. Mai">
    <stop departure="0:00" routeNo="60">Bønes senter</stop>
    <stop arrival="0:01" departure="0:01">Våkleiva</stop>
    <stop arrival="0:01" departure="0:01">Bønes hagesenter</stop>
    <stop arrival="0:03" departure="0:03">Bønes skole</stop>
    <stop arrival="0:04" departure="0:04">Kråkenestoppen</stop>
    <stop arrival="0:05" departure="0:05">Bergvegen</stop>
    <stop arrival="0:06" departure="0:06">Langebekken</stop>
    <stop arrival="0:07" departure="0:07">Langegården</stop>
    <stop arrival="0:07" departure="0:07">Krambua</stop>
    <stop arrival="0:08" departure="0:08">Fjøsanger</stop>
    <stop arrival="0:12" departure="0:12">Kanalveien v/NRK</stop>
    <stop arrival="0:13" departure="0:13">Mindemyren</stop>
    <stop arrival="0:14" departure="0:14">Postterminalen</stop>
    <stop arrival="0:14" departure="0:14">Kanalveien v/LBK</stop>
    <stop arrival="0:16" departure="0:16">Danmarksplass v/Forum kino</stop>
    <stop arrival="0:19" departure="0:19">Bergen Busstasjon</stop>
    <stop arrival="0:20" departure="0:20">Christies gate (Festplassen)</stop>
    <stop arrival="0:25">Bergen Busstasjon</stop>
  </route>
  <route no="24" destination="Christies gate (Festplassen)" url="http://www.web2051.no/bin/tp/zuginfo.exe/on/541275/184671/620836/129993/1/" trafficDays="kjører Lø">
    <stop departure="0:08" routeNo="24">Nesttun terminal</stop>
    <stop arrival="0:09" departure="0:09">Hopsbro</stop>
    <stop arrival="0:10" departure="0:10">Tveiteråsskiftet</stop>
    <stop arrival="0:11" departure="0:11">Paradis</stop>
    <stop arrival="0:13" departure="0:13">Nydalen</stop>
    <stop arrival="0:14" departure="0:14">Fantoft</stop>
    <stop arrival="0:15" departure="0:15">Storetveit</stop>
    <stop arrival="0:15" departure="0:15">Elvebakken</stop>
    <stop arrival="0:16" departure="0:16">Minde</stop>
    <stop arrival="0:19" departure="0:19">Mindemyren</stop>
    <stop arrival="0:20" departure="0:20">Postterminalen</stop>
    <stop arrival="0:21" departure="0:21">Kanalveien v/LBK</stop>
    <stop arrival="0:23" departure="0:23">Danmarksplass v/Forum kino</stop>
    <stop arrival="0:26" departure="0:26">Bergen Busstasjon</stop>
    <stop arrival="0:28">Christies gate (Festplassen)</stop>
  </route>
  <route no="23" destination="Øyjorden (Bergen)" url="http://www.web2051.no/bin/tp/zuginfo.exe/on/613263/208531/171670/118591/1/" trafficDays="kjører Lø, ikke 1. Mai">
    <stop departure="23:55" routeNo="23">Birkelandskrysset Terminal</stop>
    <stop arrival="23:57" departure="23:57">Gomarhaug</stop>
    <stop arrival="23:57" departure="23:57">Sandsliskiftet</stop>
    <stop arrival="23:58" departure="23:58">Håvardstun</stop>
    <stop arrival="0:00" departure="0:00">Meyer</stop>
    <stop arrival="0:01" departure="0:01">Rådal</stop>
    <stop arrival="0:02" departure="0:02">Rådal ved Lagunen</stop>
    <stop arrival="0:05" departure="0:05">Skjold skole</stop>
    <stop arrival="0:07" departure="0:07">Mårdalen</stop>
    <stop arrival="0:08" departure="0:08">Nesttunbrekka</stop>
    <stop arrival="0:08" departure="0:08">Skjoldskiftet</stop>
    <stop arrival="0:09" departure="0:09">Nesttun</stop>
    <stop arrival="0:10" departure="0:10">Nesttun terminal</stop>
    <stop arrival="0:11" departure="0:11">Hopsbro</stop>
    <stop arrival="0:12" departure="0:12">Tveiteråsskiftet</stop>
    <stop arrival="0:13" departure="0:13">Paradis</stop>
    <stop arrival="0:15" departure="0:15">Nydalen</stop>
    <stop arrival="0:16" departure="0:16">Fantoft</stop>
    <stop arrival="0:16" departure="0:16">Storetveit</stop>
    <stop arrival="0:17" departure="0:17">Elvebakken</stop>
    <stop arrival="0:17" departure="0:17">Minde</stop>
    <stop arrival="0:21" departure="0:21">Mindemyren</stop>
    <stop arrival="0:22" departure="0:22">Postterminalen</stop>
    <stop arrival="0:22" departure="0:22">Kanalveien v/LBK</stop>
    <stop arrival="0:24" departure="0:24">Danmarksplass v/Forum kino</stop>
    <stop arrival="0:28" departure="0:28">Bergen Busstasjon</stop>
    <stop arrival="0:31" departure="0:31">Christies gate (Festplassen)</stop>
    <stop arrival="0:34" departure="0:34">Torget v/DnB</stop>
    <stop arrival="0:35" departure="0:35">Bryggen</stop>
    <stop arrival="0:35" departure="0:35">Slottsgaten</stop>
    <stop arrival="0:36" departure="0:36">Bontelabo</stop>
    <stop arrival="0:37" departure="0:37">Skutevikstorget</stop>
    <stop arrival="0:37" departure="0:37">Sjøgaten</stop>
    <stop arrival="0:38" departure="0:38">Sandvikstorget</stop>
    <stop arrival="0:39" departure="0:39">Ludebryggen</stop>
    <stop arrival="0:39" departure="0:39">Munkebotten</stop>
    <stop arrival="0:41" departure="0:41">Nyhavnsvei (Gamle Bergen)</stop>
    <stop arrival="0:42" departure="0:42">Handelshøyskolen</stop>
    <stop arrival="0:43" departure="0:43">Hatleberg</stop>
    <stop arrival="0:43" departure="0:43">Skytterveien</stop>
    <stop arrival="0:44" departure="0:44">Øyjordsveien</stop>
    <stop arrival="0:45">Øyjorden (Bergen)</stop>
  </route>
  <route no="21" destination="Lønborglien snuplass" url="http://www.web2051.no/bin/tp/zuginfo.exe/on/477792/163231/983068/332271/1/" trafficDays="kjører Lø, ikke 1. Mai">
    <stop departure="23:56" routeNo="21">Søråshøgda snuplass</stop>
    <stop arrival="23:57" departure="23:57">Søråsgrenda</stop>
    <stop arrival="23:59" departure="23:59">Nordåsgrenda</stop>
    <stop arrival="0:00" departure="0:00">Nordåstræet</stop>
    <stop arrival="0:01" departure="0:01">Nordås</stop>
    <stop arrival="0:03" departure="0:03">Nordåstræet</stop>
    <stop arrival="0:04" departure="0:04">Nordåsgrenda</stop>
    <stop arrival="0:04" departure="0:04">Kilden senter</stop>
    <stop arrival="0:05" departure="0:05">Søråsveien</stop>
    <stop arrival="0:06" departure="0:06">Skjold skole</stop>
    <stop arrival="0:08" departure="0:08">Mårdalen</stop>
    <stop arrival="0:09" departure="0:09">Nesttunbrekka</stop>
    <stop arrival="0:09" departure="0:09">Skjoldskiftet</stop>
    <stop arrival="0:10" departure="0:10">Nesttun</stop>
    <stop arrival="0:11" departure="0:11">Nesttun terminal</stop>
    <stop arrival="0:12" departure="0:12">Hopsbro</stop>
    <stop arrival="0:13" departure="0:13">Tveiteråsskiftet</stop>
    <stop arrival="0:14" departure="0:14">Paradis</stop>
    <stop arrival="0:16" departure="0:16">Nydalen</stop>
    <stop arrival="0:17" departure="0:17">Fantoft</stop>
    <stop arrival="0:18" departure="0:18">Storetveit</stop>
    <stop arrival="0:18" departure="0:18">Elvebakken</stop>
    <stop arrival="0:19" departure="0:19">Minde</stop>
    <stop arrival="0:23" departure="0:23">Mindemyren</stop>
    <stop arrival="0:24" departure="0:24">Postterminalen</stop>
    <stop arrival="0:24" departure="0:24">Kanalveien v/LBK</stop>
    <stop arrival="0:26" departure="0:26">Danmarksplass v/Forum kino</stop>
    <stop arrival="0:30" departure="0:30">Bergen Busstasjon</stop>
    <stop arrival="0:33" departure="0:33">Christies gate (Festplassen)</stop>
    <stop arrival="0:36" departure="0:36">Torget v/DnB</stop>
    <stop arrival="0:37" departure="0:37">Bryggen</stop>
    <stop arrival="0:37" departure="0:37">Slottsgaten</stop>
    <stop arrival="0:38" departure="0:38">Bontelabo</stop>
    <stop arrival="0:39" departure="0:39">Skutevikstorget</stop>
    <stop arrival="0:39" departure="0:39">Sjøgaten</stop>
    <stop arrival="0:40" departure="0:40">Sandvikstorget</stop>
    <stop arrival="0:41" departure="0:41">Ludebryggen</stop>
    <stop arrival="0:41" departure="0:41">Munkebotten</stop>
    <stop arrival="0:43" departure="0:43">Nyhavnsvei (Gamle Bergen)</stop>
    <stop arrival="0:44" departure="0:44">Handelshøyskolen</stop>
    <stop arrival="0:45" departure="0:45">Solbakken</stop>
    <stop arrival="0:45" departure="0:45">Eikeviken</stop>
    <stop arrival="0:46" departure="0:46">Hellebakken</stop>
    <stop arrival="0:47" departure="0:47">Brunestykket</stop>
    <stop arrival="0:48" departure="0:48">Lønborg</stop>
    <stop arrival="0:48" departure="0:48">Nordre Lønborg</stop>
    <stop arrival="0:50" departure="0:50">Lønborglien 1</stop>
    <stop arrival="0:51" departure="0:51">Lønborglien 2</stop>
    <stop arrival="0:52">Lønborglien snuplass</stop>
  </route>
  <route no="20" destination="Lønborglien snuplass" url="http://www.web2051.no/bin/tp/zuginfo.exe/on/235158/82202/225598/34415/1/" trafficDays="kjører Sø, ikke 2. Mai">
    <stop departure="0:13" routeNo="20">Rådal ved Lagunen</stop>
    <stop arrival="0:16" departure="0:16">Skjold skole</stop>
    <stop arrival="0:18" departure="0:18">Mårdalen</stop>
    <stop arrival="0:19" departure="0:19">Nesttunbrekka</stop>
    <stop arrival="0:19" departure="0:19">Skjoldskiftet</stop>
    <stop arrival="0:20" departure="0:20">Nesttun</stop>
    <stop arrival="0:21" departure="0:21">Nesttun terminal</stop>
    <stop arrival="0:22" departure="0:22">Hopsbro</stop>
    <stop arrival="0:23" departure="0:23">Tveiteråsskiftet</stop>
    <stop arrival="0:24" departure="0:24">Paradis</stop>
    <stop arrival="0:26" departure="0:26">Nydalen</stop>
    <stop arrival="0:27" departure="0:27">Fantoft</stop>
    <stop arrival="0:28" departure="0:28">Storetveit</stop>
    <stop arrival="0:28" departure="0:28">Elvebakken</stop>
    <stop arrival="0:29" departure="0:29">Minde</stop>
    <stop arrival="0:33" departure="0:33">Mindemyren</stop>
    <stop arrival="0:34" departure="0:34">Postterminalen</stop>
    <stop arrival="0:34" departure="0:34">Kanalveien v/LBK</stop>
    <stop arrival="0:36" departure="0:36">Danmarksplass v/Forum kino</stop>
    <stop arrival="0:40" departure="0:40">Bergen Busstasjon</stop>
    <stop arrival="0:43" departure="0:43">Christies gate (Festplassen)</stop>
    <stop arrival="0:46" departure="0:46">Torget v/DnB</stop>
    <stop arrival="0:47" departure="0:47">Bryggen</stop>
    <stop arrival="0:47" departure="0:47">Slottsgaten</stop>
    <stop arrival="0:48" departure="0:48">Bontelabo</stop>
    <stop arrival="0:49" departure="0:49">Skutevikstorget</stop>
    <stop arrival="0:49" departure="0:49">Sjøgaten</stop>
    <stop arrival="0:50" departure="0:50">Sandvikstorget</stop>
    <stop arrival="0:51" departure="0:51">Ludebryggen</stop>
    <stop arrival="0:51" departure="0:51">Munkebotten</stop>
    <stop arrival="0:53" departure="0:53">Nyhavnsvei (Gamle Bergen)</stop>
    <stop arrival="0:54" departure="0:54">Handelshøyskolen</stop>
    <stop arrival="0:55" departure="0:55">Solbakken</stop>
    <stop arrival="0:55" departure="0:55">Eikeviken</stop>
    <stop arrival="0:56" departure="0:56">Hellebakken</stop>
    <stop arrival="0:57" departure="0:57">Brunestykket</stop>
    <stop arrival="0:58" departure="0:58">Lønborg</stop>
    <stop arrival="0:58" departure="0:58">Nordre Lønborg</stop>
    <stop arrival="1:00" departure="1:00">Lønborglien 1</stop>
    <stop arrival="1:01" departure="1:01">Lønborglien 2</stop>
    <stop arrival="1:02">Lønborglien snuplass</stop>
  </route>
  <route no="60" destination="Bergen Busstasjon" url="http://www.web2051.no/bin/tp/zuginfo.exe/on/779064/264330/591052/35838/1/" trafficDays="kjører Sø, ikke 2. Mai">
    <stop departure="0:25" routeNo="60">Bønes senter</stop>
    <stop arrival="0:26" departure="0:26">Våkleiva</stop>
    <stop arrival="0:26" departure="0:26">Bønes hagesenter</stop>
    <stop arrival="0:28" departure="0:28">Bønes skole</stop>
    <stop arrival="0:29" departure="0:29">Kråkenestoppen</stop>
    <stop arrival="0:30" departure="0:30">Bergvegen</stop>
    <stop arrival="0:31" departure="0:31">Langebekken</stop>
    <stop arrival="0:32" departure="0:32">Langegården</stop>
    <stop arrival="0:32" departure="0:32">Krambua</stop>
    <stop arrival="0:33" departure="0:33">Fjøsanger</stop>
    <stop arrival="0:37" departure="0:37">Kanalveien v/NRK</stop>
    <stop arrival="0:38" departure="0:38">Mindemyren</stop>
    <stop arrival="0:39" departure="0:39">Postterminalen</stop>
    <stop arrival="0:39" departure="0:39">Kanalveien v/LBK</stop>
    <stop arrival="0:41" departure="0:41">Danmarksplass v/Forum kino</stop>
    <stop arrival="0:44" departure="0:44">Bergen Busstasjon</stop>
    <stop arrival="0:45" departure="0:45">Christies gate (Festplassen)</stop>
    <stop arrival="0:50">Bergen Busstasjon</stop>
  </route>
  <route no="20" destination="Lønborglien snuplass" url="http://www.web2051.no/bin/tp/zuginfo.exe/on/135426/49068/584998/247358/1/" trafficDays="kjører Ti - Lø, ikke 14., 18., 25. Mai">
    <stop departure="0:08" routeNo="20">Gaia Fana</stop>
    <stop arrival="0:10" departure="0:10">Fana kirke</stop>
    <stop arrival="0:10" departure="0:10">Norheimsveien</stop>
    <stop arrival="0:11" departure="0:11">Kvernabekkvegen</stop>
    <stop arrival="0:12" departure="0:12">Titlestad</stop>
    <stop arrival="0:12" departure="0:12">Rydland (Titlestad, Fana)</stop>
    <stop arrival="0:13" departure="0:13">Øvre Titlestad</stop>
    <stop arrival="0:14" departure="0:14">Bergheim</stop>
    <stop arrival="0:14" departure="0:14">Bergheim</stop>
    <stop arrival="0:16" departure="0:16">Hordnesskiftet Stend</stop>
    <stop arrival="0:17" departure="0:17">Steinknuseverket</stop>
    <stop arrival="0:17" departure="0:17">Rådalshaug</stop>
    <stop arrival="0:18" departure="0:18">Sunea</stop>
    <stop arrival="0:19" departure="0:19">Rådal</stop>
    <stop arrival="0:20" departure="0:20">Rådal ved Lagunen</stop>
    <stop arrival="0:23" departure="0:23">Skjold skole</stop>
    <stop arrival="0:25" departure="0:25">Mårdalen</stop>
    <stop arrival="0:26" departure="0:26">Nesttunbrekka</stop>
    <stop arrival="0:26" departure="0:26">Skjoldskiftet</stop>
    <stop arrival="0:27" departure="0:27">Nesttun</stop>
    <stop arrival="0:28" departure="0:28">Nesttun terminal</stop>
    <stop arrival="0:29" departure="0:29">Hopsbro</stop>
    <stop arrival="0:30" departure="0:30">Tveiteråsskiftet</stop>
    <stop arrival="0:31" departure="0:31">Paradis</stop>
    <stop arrival="0:33" departure="0:33">Nydalen</stop>
    <stop arrival="0:34" departure="0:34">Fantoft</stop>
    <stop arrival="0:35" departure="0:35">Storetveit</stop>
    <stop arrival="0:35" departure="0:35">Elvebakken</stop>
    <stop arrival="0:36" departure="0:36">Minde</stop>
    <stop arrival="0:39" departure="0:39">Mindemyren</stop>
    <stop arrival="0:40" departure="0:40">Postterminalen</stop>
    <stop arrival="0:41" departure="0:41">Kanalveien v/LBK</stop>
    <stop arrival="0:43" departure="0:43">Danmarksplass v/Forum kino</stop>
    <stop arrival="0:46" departure="0:46">Bergen Busstasjon</stop>
    <stop arrival="0:48" departure="0:48">Christies gate (Festplassen)</stop>
    <stop arrival="0:51" departure="0:51">Torget v/DnB</stop>
    <stop arrival="0:52" departure="0:52">Bryggen</stop>
    <stop arrival="0:52" departure="0:52">Slottsgaten</stop>
    <stop arrival="0:53" departure="0:53">Bontelabo</stop>
    <stop arrival="0:54" departure="0:54">Skutevikstorget</stop>
    <stop arrival="0:54" departure="0:54">Sjøgaten</stop>
    <stop arrival="0:55" departure="0:55">Sandvikstorget</stop>
    <stop arrival="0:56" departure="0:56">Ludebryggen</stop>
    <stop arrival="0:56" departure="0:56">Munkebotten</stop>
    <stop arrival="0:58" departure="0:58">Nyhavnsvei (Gamle Bergen)</stop>
    <stop arrival="0:59" departure="0:59">Handelshøyskolen</stop>
    <stop arrival="1:00" departure="1:00">Solbakken</stop>
    <stop arrival="1:00" departure="1:00">Eikeviken</stop>
    <stop arrival="1:01" departure="1:01">Hellebakken</stop>
    <stop arrival="1:02" departure="1:02">Brunestykket</stop>
    <stop arrival="1:03" departure="1:03">Lønborg</stop>
    <stop arrival="1:03" departure="1:03">Nordre Lønborg</stop>
    <stop arrival="1:05" departure="1:05">Lønborglien 1</stop>
    <stop arrival="1:06" departure="1:06">Lønborglien 2</stop>
    <stop arrival="1:07">Lønborglien snuplass</stop>
  </route>
  <route no="620" destination="Christies gate (Festplassen)" url="http://www.web2051.no/bin/tp/zuginfo.exe/on/696690/237976/450530/6965/1/" trafficDays="kjører Sø, ikke 2. Mai">
    <stop departure="0:10" routeNo="620">Os - Osøyro</stop>
    <stop arrival="0:11" departure="0:11">Fjellheim</stop>
    <stop arrival="0:12" departure="0:12">Kuven</stop>
    <stop arrival="0:13" departure="0:13">Flåten (Os)</stop>
    <stop arrival="0:14" departure="0:14">Flåten Senter</stop>
    <stop arrival="0:15" departure="0:15">Tøsdalskiftet</stop>
    <stop arrival="0:15" departure="0:15">Ulvenskiftet</stop>
    <stop arrival="0:16" departure="0:16">Hetleflåten</stop>
    <stop arrival="0:17" departure="0:17">Helleflåttre</stop>
    <stop arrival="0:18" departure="0:18">Storestraumen</stop>
    <stop arrival="0:19" departure="0:19">Søfteland skule</stop>
    <stop arrival="0:20" departure="0:20">Søfteland</stop>
    <stop arrival="0:20" departure="0:20">Gåssandskiftet</stop>
    <stop arrival="0:21" departure="0:21">Tømmernes</stop>
    <stop arrival="0:21" departure="0:21">Røykenes (Os)</stop>
    <stop arrival="0:22" departure="0:22">Bahus</stop>
    <stop arrival="0:23" departure="0:23">Fløysand</stop>
    <stop arrival="0:23" departure="0:23">Kalandseid</stop>
    <stop arrival="0:24" departure="0:24">Austevoll (Fana)</stop>
    <stop arrival="0:25" departure="0:25">Kaland (Fana)</stop>
    <stop arrival="0:25" departure="0:25">Smådalen (Kaland i Fana)</stop>
    <stop arrival="0:26" departure="0:26">Kaland skole (Fana)</stop>
    <stop arrival="0:27" departure="0:27">Nedre Sandven</stop>
    <stop arrival="0:27" departure="0:27">Sandven</stop>
    <stop arrival="0:28" departure="0:28">Øvre Hatlestad</stop>
    <stop arrival="0:29" departure="0:29">Hatlestadlia</stop>
    <stop arrival="0:29" departure="0:29">Hatlestad terr.</stop>
    <stop arrival="0:30" departure="0:30">Valle (Fana)</stop>
    <stop arrival="0:31" departure="0:31">Kirkebirkeland</stop>
    <stop arrival="0:32" departure="0:32">Lilletvedt</stop>
    <stop arrival="0:33" departure="0:33">Bjørkåsen</stop>
    <stop arrival="0:33" departure="0:33">Elvenes vegkryss</stop>
    <stop arrival="0:34" departure="0:34">Skjoldskiftet</stop>
    <stop arrival="0:34" departure="0:34">Nesttun</stop>
    <stop arrival="0:35" departure="0:35">Nesttun terminal</stop>
    <stop arrival="0:36" departure="0:36">Hopsbro</stop>
    <stop arrival="0:37" departure="0:37">Tveiteråsskiftet</stop>
    <stop arrival="0:38" departure="0:38">Paradis</stop>
    <stop arrival="0:40" departure="0:40">Nydalen</stop>
    <stop arrival="0:41" departure="0:41">Fantoft</stop>
    <stop arrival="0:42" departure="0:42">Storetveit</stop>
    <stop arrival="0:42" departure="0:42">Elvebakken</stop>
    <stop arrival="0:43" departure="0:43">Minde</stop>
    <stop arrival="0:47" departure="0:47">Mindemyren</stop>
    <stop arrival="0:48" departure="0:48">Postterminalen</stop>
    <stop arrival="0:48" departure="0:48">Kanalveien v/LBK</stop>
    <stop arrival="0:50" departure="0:50">Danmarksplass v/Forum kino</stop>
    <stop arrival="0:54" departure="0:54">Bergen Busstasjon</stop>
    <stop arrival="0:57">Christies gate (Festplassen)</stop>
  </route>
  <route no="22" destination="Eidsvåg gamlevegen" url="http://www.web2051.no/bin/tp/zuginfo.exe/on/244305/85474/295082/66106/1/" trafficDays="kjører Sø, ikke 2. Mai">
    <stop departure="0:25" routeNo="22">Birkelundstoppen</stop>
    <stop arrival="0:26" departure="0:26">Nattland gård (nyeveien)</stop>
    <stop arrival="0:27" departure="0:27">Merkurvegen (nyeveien)</stop>
    <stop arrival="0:29" departure="0:29">Rinddalen</stop>
    <stop arrival="0:30" departure="0:30">Indre Sædal</stop>
    <stop arrival="0:30" departure="0:30">Helldalslia</stop>
    <stop arrival="0:30" departure="0:30">Helldalslia</stop>
    <stop arrival="0:31" departure="0:31">Helldalsåsen</stop>
    <stop arrival="0:32" departure="0:32">Kjenndalsåsen</stop>
    <stop arrival="0:33" departure="0:33">Kjenndalslia</stop>
    <stop arrival="0:34" departure="0:34">Kringlebotn</stop>
    <stop arrival="0:35" departure="0:35">Sandalskollen</stop>
    <stop arrival="0:36" departure="0:36">Sandbrekkeveien</stop>
    <stop arrival="0:37" departure="0:37">Midttunflaten</stop>
    <stop arrival="0:37" departure="0:37">Midtun bro</stop>
    <stop arrival="0:39" departure="0:39">Herredshuset, Nesttun</stop>
    <stop arrival="0:39" departure="0:39">Nesttun</stop>
    <stop arrival="0:40" departure="0:40">Nesttun terminal</stop>
    <stop arrival="0:41" departure="0:41">Hopsbro</stop>
    <stop arrival="0:42" departure="0:42">Tveiteråsskiftet</stop>
    <stop arrival="0:43" departure="0:43">Paradis</stop>
    <stop arrival="0:45" departure="0:45">Nydalen</stop>
    <stop arrival="0:46" departure="0:46">Fantoft</stop>
    <stop arrival="0:47" departure="0:47">Storetveit</stop>
    <stop arrival="0:47" departure="0:47">Elvebakken</stop>
    <stop arrival="0:48" departure="0:48">Minde</stop>
    <stop arrival="0:52" departure="0:52">Mindemyren</stop>
    <stop arrival="0:53" departure="0:53">Postterminalen</stop>
    <stop arrival="0:53" departure="0:53">Kanalveien v/LBK</stop>
    <stop arrival="0:55" departure="0:55">Danmarksplass v/Forum kino</stop>
    <stop arrival="0:59" departure="0:59">Bergen Busstasjon</stop>
    <stop arrival="1:02" departure="1:02">Christies gate (Festplassen)</stop>
    <stop arrival="1:05" departure="1:05">Torget v/DnB</stop>
    <stop arrival="1:06" departure="1:06">Bryggen</stop>
    <stop arrival="1:06" departure="1:06">Slottsgaten</stop>
    <stop arrival="1:07" departure="1:07">Bontelabo</stop>
    <stop arrival="1:08" departure="1:08">Skutevikstorget</stop>
    <stop arrival="1:08" departure="1:08">Sjøgaten</stop>
    <stop arrival="1:09" departure="1:09">Sandvikstorget</stop>
    <stop arrival="1:10" departure="1:10">Ludebryggen</stop>
    <stop arrival="1:10" departure="1:10">Munkebotten</stop>
    <stop arrival="1:12" departure="1:12">Nyhavnsvei (Gamle Bergen)</stop>
    <stop arrival="1:13" departure="1:13">Handelshøyskolen</stop>
    <stop arrival="1:14" departure="1:14">Solbakken</stop>
    <stop arrival="1:14" departure="1:14">Eikeviken</stop>
    <stop arrival="1:15" departure="1:15">Hellebakken</stop>
    <stop arrival="1:16" departure="1:16">Brunestykket</stop>
    <stop arrival="1:17" departure="1:17">Lønborg</stop>
    <stop arrival="1:17" departure="1:17">Nordre Lønborg</stop>
    <stop arrival="1:17" departure="1:17">Fagerbakken</stop>
    <stop arrival="1:18" departure="1:18">Eidsvågneset</stop>
    <stop arrival="1:18" departure="1:18">Trolldalen (Eidsvågneset)</stop>
    <stop arrival="1:18" departure="1:18">Trollbekken</stop>
    <stop arrival="1:19" departure="1:19">Tømmervågen</stop>
    <stop arrival="1:19" departure="1:19">Lillevågen</stop>
    <stop arrival="1:20" departure="1:20">Hagebyen (Eidsvåg)</stop>
    <stop arrival="1:20" departure="1:20">Fabrikkvegen</stop>
    <stop arrival="1:21">Eidsvåg gamlevegen</stop>
  </route>
</routes>
