<?xml version="1.0" encoding="UTF-8"?>
<routes>
  <route no="5" destination="Grønnestølen" url="http://www.web2051.no/bin/tp/zuginfo.exe/on/74415/28323/802010/376200/1/" trafficDays="kjører Sø, ikke 2. Mai">
    <stop departure="0:00" routeNo="5">Mulen</stop>
    <stop arrival="0:01" departure="0:01">Prahls vei</stop>
    <stop arrival="0:02" departure="0:02">Øvre Sandviksvei</stop>
    <stop arrival="0:04" departure="0:04">Ladegårdsgaten</stop>
    <stop arrival="0:04" departure="0:04">Helgesens gate</stop>
    <stop arrival="0:06" departure="0:06">Øvre Dreggsalmenningen</stop>
    <stop arrival="0:08" departure="0:08">Bryggen</stop>
    <stop arrival="0:09" departure="0:09">Torget v/Lido</stop>
    <stop arrival="0:10" departure="0:10">Olav Kyrres gate v/Hagelin</stop>
    <stop arrival="0:13" departure="0:13">Møhlenpris v/ Industrihuset</stop>
    <stop arrival="0:15" departure="0:15">Gyldenpris</stop>
    <stop arrival="0:17" departure="0:17">Gyldenprisveien</stop>
    <stop arrival="0:18" departure="0:18">Lien nord (Gyldenpris)</stop>
    <stop arrival="0:20" departure="0:20">Frydenbølien</stop>
    <stop arrival="0:21" departure="0:21">Solheimslien - nord</stop>
    <stop arrival="0:22" departure="0:22">Solheimslien</stop>
    <stop arrival="0:22" departure="0:22">Solheimslien v/nr. 32</stop>
    <stop arrival="0:23" departure="0:23">Solheimslien v/høyblokk</stop>
    <stop arrival="0:24" departure="0:24">Løvstakkveien</stop>
    <stop arrival="0:25" departure="0:25">Blekenberg</stop>
    <stop arrival="0:26" departure="0:26">Sygnagaten</stop>
    <stop arrival="0:26" departure="0:26">Søre Skogvei v/Løvstaklien</stop>
    <stop arrival="0:26" departure="0:26">Lærerbakken</stop>
    <stop arrival="0:27" departure="0:27">Kristian Bings vei</stop>
    <stop arrival="0:27" departure="0:27">Søndre Skogvei v/Mindeveien</stop>
    <stop arrival="0:27" departure="0:27">Mindeveien v/nr. 73</stop>
    <stop arrival="0:28" departure="0:28">Minde Allé</stop>
    <stop arrival="0:28" departure="0:28">Fjøsangerveien/Minde Allé</stop>
    <stop arrival="0:29" departure="0:29">Kristianborg</stop>
    <stop arrival="0:30" departure="0:30">Løbergsalleen</stop>
    <stop arrival="0:30">Grønnestølen</stop>
  </route>
  <route no="5" destination="Grønnestølen" url="http://www.web2051.no/bin/tp/zuginfo.exe/on/244416/84990/764674/300865/1/" trafficDays="kjører Sø, ikke 2. Mai">
    <stop departure="0:00" routeNo="5">Mulen</stop>
    <stop arrival="0:01" departure="0:01">Prahls vei</stop>
    <stop arrival="0:02" departure="0:02">Øvre Sandviksvei</stop>
    <stop arrival="0:04" departure="0:04">Ladegårdsgaten</stop>
    <stop arrival="0:04" departure="0:04">Helgesens gate</stop>
    <stop arrival="0:06" departure="0:06">Øvre Dreggsalmenningen</stop>
    <stop arrival="0:08" departure="0:08">Bryggen</stop>
    <stop arrival="0:09" departure="0:09">Torget v/Lido</stop>
    <stop arrival="0:10" departure="0:10">Olav Kyrres gate v/Hagelin</stop>
    <stop arrival="0:13" departure="0:13">Møhlenpris v/ Industrihuset</stop>
    <stop arrival="0:15" departure="0:15">Gyldenpris</stop>
    <stop arrival="0:17" departure="0:17">Gyldenprisveien</stop>
    <stop arrival="0:18" departure="0:18">Lien nord (Gyldenpris)</stop>
    <stop arrival="0:20" departure="0:20">Frydenbølien</stop>
    <stop arrival="0:21" departure="0:21">Solheimslien - nord</stop>
    <stop arrival="0:22" departure="0:22">Solheimslien</stop>
    <stop arrival="0:22" departure="0:22">Solheimslien v/nr. 32</stop>
    <stop arrival="0:23" departure="0:23">Solheimslien v/høyblokk</stop>
    <stop arrival="0:24" departure="0:24">Løvstakkveien</stop>
    <stop arrival="0:25" departure="0:25">Blekenberg</stop>
    <stop arrival="0:26" departure="0:26">Sygnagaten</stop>
    <stop arrival="0:26" departure="0:26">Søre Skogvei v/Løvstaklien</stop>
    <stop arrival="0:26" departure="0:26">Lærerbakken</stop>
    <stop arrival="0:27" departure="0:27">Kristian Bings vei</stop>
    <stop arrival="0:27" departure="0:27">Søndre Skogvei v/Mindeveien</stop>
    <stop arrival="0:27" departure="0:27">Mindeveien v/nr. 73</stop>
    <stop arrival="0:28" departure="0:28">Minde Allé</stop>
    <stop arrival="0:28" departure="0:28">Fjøsangerveien/Minde Allé</stop>
    <stop arrival="0:29" departure="0:29">Kristianborg</stop>
    <stop arrival="0:30" departure="0:30">Løbergsalleen</stop>
    <stop arrival="0:30">Grønnestølen</stop>
  </route>
</routes>
