<?xml version="1.0" encoding="UTF-8"?>
<routes>
  <route no="30" destination="Birkelandskrysset Terminal" url="http://www.web2051.no/bin/tp/zuginfo.exe/on/233538/82236/540152/192231/1/" trafficDays="kjører Ti - Lø, ikke 14., 18., 25. Mai">
    <stop departure="0:05" routeNo="30">Bergen Busstasjon</stop>
    <stop arrival="0:10" departure="0:10">Olav Kyrres gate</stop>
    <stop arrival="0:11" departure="0:11">Møhlenpris v/ Industrihuset</stop>
    <stop arrival="0:12" departure="0:12">Gyldenpris</stop>
    <stop arrival="0:15" departure="0:15">Løvstakktunnelen</stop>
    <stop arrival="0:16" departure="0:16">Sikthaugen</stop>
    <stop arrival="0:16" departure="0:16">Hamregården</stop>
    <stop arrival="0:17" departure="0:17">Nebbeveien</stop>
    <stop arrival="0:17" departure="0:17">Løvås</stop>
    <stop arrival="0:18" departure="0:18">Oasen Terminal</stop>
    <stop arrival="0:18" departure="0:18">Skarphaugen</stop>
    <stop arrival="0:19" departure="0:19">Fyllingdsalsveien v/Shell</stop>
    <stop arrival="0:20" departure="0:20">Sandeide terminal</stop>
    <stop arrival="0:23" departure="0:23">Bjørgeveien</stop>
    <stop arrival="0:25" departure="0:25">Sementbroen</stop>
    <stop arrival="0:27" departure="0:27">Straume bro</stop>
    <stop arrival="0:29" departure="0:29">Søreide v/Hydrostasjonen</stop>
    <stop arrival="0:29" departure="0:29">Søreide skole</stop>
    <stop arrival="0:30" departure="0:30">Grimstadskiftet</stop>
    <stop arrival="0:30" departure="0:30">Dolvik terminal</stop>
    <stop arrival="0:30" departure="0:30">Skranevegen</stop>
    <stop arrival="0:31" departure="0:31">Regnbueåsen</stop>
    <stop arrival="0:32" departure="0:32">Fanatorget</stop>
    <stop arrival="0:33" departure="0:33">Petedalsheia</stop>
    <stop arrival="0:34" departure="0:34">Hydro Sandsli</stop>
    <stop arrival="0:35" departure="0:35">Statoil (Sandsli)</stop>
    <stop arrival="0:37" departure="0:37">Sandsligården</stop>
    <stop arrival="0:38" departure="0:38">Sandslisnuplass</stop>
    <stop arrival="0:38" departure="0:38">Sandslislusen</stop>
    <stop arrival="0:39" departure="0:39">Birkelandsflaten</stop>
    <stop arrival="0:42" departure="0:42">Birkelandsflaten</stop>
    <stop arrival="0:45">Birkelandskrysset Terminal</stop>
  </route>
</routes>
