<?xml version="1.0" encoding="UTF-8"?>
<routes>
  <route no="22" destination="Birkelundstoppen" url="http://www.web2051.no/bin/tp/zuginfo.exe/on/280026/97376/800702/307010/1/" trafficDays="kjører Lø, ikke 1. Mai">
    <stop departure="23:10" routeNo="22">Åsane terminal</stop>
    <stop arrival="23:11" departure="23:11">Hesthaugen</stop>
    <stop arrival="23:12" departure="23:12">Stamskaret</stop>
    <stop arrival="23:13" departure="23:13">Tertneskrysset gamleveien</stop>
    <stop arrival="23:14" departure="23:14">Griggastemma</stop>
    <stop arrival="23:14" departure="23:14">Åstveitvegen</stop>
    <stop arrival="23:15" departure="23:15">Ervik øvre</stop>
    <stop arrival="23:16" departure="23:16">Ervik nedre (Sellesvingen)</stop>
    <stop arrival="23:17" departure="23:17">Selvikvegen</stop>
    <stop arrival="23:18" departure="23:18">Eidsvåg gamlevegen</stop>
    <stop arrival="23:19" departure="23:19">Fabrikkvegen</stop>
    <stop arrival="23:21" departure="23:21">Hagebyen (Eidsvåg)</stop>
    <stop arrival="23:23" departure="23:23">Lillevågen</stop>
    <stop arrival="23:23" departure="23:23">Tømmervågen</stop>
    <stop arrival="23:24" departure="23:24">Trollbekken</stop>
    <stop arrival="23:24" departure="23:24">Trolldalen (Eidsvågneset)</stop>
    <stop arrival="23:25" departure="23:25">Fagerbakken</stop>
    <stop arrival="23:26" departure="23:26">Nordre Lønborg</stop>
    <stop arrival="23:27" departure="23:27">Lønborg</stop>
    <stop arrival="23:27" departure="23:27">Brunestykket</stop>
    <stop arrival="23:28" departure="23:28">Hellebakken</stop>
    <stop arrival="23:29" departure="23:29">Eikeviken</stop>
    <stop arrival="23:30" departure="23:30">Solbakken</stop>
    <stop arrival="23:31" departure="23:31">Handelshøyskolen</stop>
    <stop arrival="23:32" departure="23:32">Nyhavnsvei (Gamle Bergen)</stop>
    <stop arrival="23:34" departure="23:34">Munkebotten</stop>
    <stop arrival="23:35" departure="23:35">Ludebryggen</stop>
    <stop arrival="23:36" departure="23:36">Sandvikstorget</stop>
    <stop arrival="23:37" departure="23:37">Skutevikstorget</stop>
    <stop arrival="23:38" departure="23:38">Bontelabo</stop>
    <stop arrival="23:39" departure="23:39">Slottsgaten</stop>
    <stop arrival="23:40" departure="23:40">Bryggen</stop>
    <stop arrival="23:41" departure="23:41">Olav Kyrres gate</stop>
    <stop arrival="23:46" departure="23:46">Bergen Busstasjon</stop>
    <stop arrival="23:50" departure="23:50">Danmarksplass</stop>
    <stop arrival="23:51" departure="23:51">Solheimsgaten</stop>
    <stop arrival="23:52" departure="23:52">Reperbanen</stop>
    <stop arrival="23:54" departure="23:54">Fjøsangerveien/ Minde Allè</stop>
    <stop arrival="23:57" departure="23:57">Minde</stop>
    <stop arrival="23:58" departure="23:58">Elvebakken</stop>
    <stop arrival="23:59" departure="23:59">Storetveit</stop>
    <stop arrival="23:59" departure="23:59">Fantoft</stop>
    <stop arrival="0:00" departure="0:00">Nydalen</stop>
    <stop arrival="0:01" departure="0:01">Paradis</stop>
    <stop arrival="0:02" departure="0:02">Tveiteråsskiftet</stop>
    <stop arrival="0:03" departure="0:03">Hopsbro</stop>
    <stop arrival="0:05" departure="0:05">Hopstangen</stop>
    <stop arrival="0:06" departure="0:06">Nesttun terminal</stop>
    <stop arrival="0:07" departure="0:07">Nesttun</stop>
    <stop arrival="0:07" departure="0:07">Herredshuset, Nesttun</stop>
    <stop arrival="0:08" departure="0:08">Midtun bro</stop>
    <stop arrival="0:10" departure="0:10">Midttunflaten</stop>
    <stop arrival="0:11" departure="0:11">Sandbrekkeveien</stop>
    <stop arrival="0:11" departure="0:11">Sandalskollen</stop>
    <stop arrival="0:13" departure="0:13">Kringlebotn</stop>
    <stop arrival="0:14" departure="0:14">Kjenndalslia</stop>
    <stop arrival="0:15" departure="0:15">Kjenndalsåsen</stop>
    <stop arrival="0:16" departure="0:16">Sandalsringen snuplass</stop>
    <stop arrival="0:17" departure="0:17">Helldalslia</stop>
    <stop arrival="0:18" departure="0:18">Helldalslia</stop>
    <stop arrival="0:18" departure="0:18">Indre Sædal</stop>
    <stop arrival="0:19" departure="0:19">Rinddalen</stop>
    <stop arrival="0:21" departure="0:21">Merkurvegen (nyeveien)</stop>
    <stop arrival="0:22" departure="0:22">Nattland gård (nyeveien)</stop>
    <stop arrival="0:23">Birkelundstoppen</stop>
  </route>
  <route no="22" destination="Birkelundstoppen" url="http://www.web2051.no/bin/tp/zuginfo.exe/on/453519/155246/420454/59055/1/" trafficDays="kjører Ma - Fr, ikke 13., 17., 24. Mai">
    <stop departure="23:20" routeNo="22">Åsane terminal</stop>
    <stop arrival="23:21" departure="23:21">Hesthaugen</stop>
    <stop arrival="23:22" departure="23:22">Stamskaret</stop>
    <stop arrival="23:23" departure="23:23">Tertneskrysset gamleveien</stop>
    <stop arrival="23:24" departure="23:24">Griggastemma</stop>
    <stop arrival="23:24" departure="23:24">Åstveitvegen</stop>
    <stop arrival="23:25" departure="23:25">Ervik øvre</stop>
    <stop arrival="23:26" departure="23:26">Ervik nedre (Sellesvingen)</stop>
    <stop arrival="23:27" departure="23:27">Selvikvegen</stop>
    <stop arrival="23:28" departure="23:28">Eidsvåg gamlevegen</stop>
    <stop arrival="23:28" departure="23:28">Fabrikkvegen</stop>
    <stop arrival="23:29" departure="23:29">Hagebyen (Eidsvåg)</stop>
    <stop arrival="23:30" departure="23:30">Lillevågen</stop>
    <stop arrival="23:31" departure="23:31">Tømmervågen</stop>
    <stop arrival="23:31" departure="23:31">Trollbekken</stop>
    <stop arrival="23:32" departure="23:32">Trolldalen (Eidsvågneset)</stop>
    <stop arrival="23:34" departure="23:34">Fagerbakken</stop>
    <stop arrival="23:35" departure="23:35">Nordre Lønborg</stop>
    <stop arrival="23:36" departure="23:36">Lønborg</stop>
    <stop arrival="23:36" departure="23:36">Brunestykket</stop>
    <stop arrival="23:37" departure="23:37">Hellebakken</stop>
    <stop arrival="23:38" departure="23:38">Eikeviken</stop>
    <stop arrival="23:39" departure="23:39">Solbakken</stop>
    <stop arrival="23:40" departure="23:40">Handelshøyskolen</stop>
    <stop arrival="23:41" departure="23:41">Nyhavnsvei (Gamle Bergen)</stop>
    <stop arrival="23:43" departure="23:43">Munkebotten</stop>
    <stop arrival="23:44" departure="23:44">Ludebryggen</stop>
    <stop arrival="23:45" departure="23:45">Sandvikstorget</stop>
    <stop arrival="23:46" departure="23:46">Skutevikstorget</stop>
    <stop arrival="23:47" departure="23:47">Bontelabo</stop>
    <stop arrival="23:48" departure="23:48">Slottsgaten</stop>
    <stop arrival="23:49" departure="23:49">Bryggen</stop>
    <stop arrival="23:50" departure="23:50">Olav Kyrres gate</stop>
    <stop arrival="23:55" departure="23:55">Bergen Busstasjon</stop>
    <stop arrival="23:59" departure="23:59">Danmarksplass</stop>
    <stop arrival="0:00" departure="0:00">Solheimsgaten</stop>
    <stop arrival="0:01" departure="0:01">Reperbanen</stop>
    <stop arrival="0:03" departure="0:03">Fjøsangerveien/ Minde Allè</stop>
    <stop arrival="0:07" departure="0:07">Minde</stop>
    <stop arrival="0:08" departure="0:08">Elvebakken</stop>
    <stop arrival="0:08" departure="0:08">Storetveit</stop>
    <stop arrival="0:08" departure="0:08">Fantoft</stop>
    <stop arrival="0:09" departure="0:09">Nydalen</stop>
    <stop arrival="0:10" departure="0:10">Paradis</stop>
    <stop arrival="0:11" departure="0:11">Tveiteråsskiftet</stop>
    <stop arrival="0:12" departure="0:12">Hopsbro</stop>
    <stop arrival="0:14" departure="0:14">Hopstangen</stop>
    <stop arrival="0:15" departure="0:15">Nesttun terminal</stop>
    <stop arrival="0:16" departure="0:16">Nesttun</stop>
    <stop arrival="0:16" departure="0:16">Herredshuset, Nesttun</stop>
    <stop arrival="0:17" departure="0:17">Midtun bro</stop>
    <stop arrival="0:18" departure="0:18">Midttunflaten</stop>
    <stop arrival="0:19" departure="0:19">Sandbrekkeveien</stop>
    <stop arrival="0:20" departure="0:20">Sandalskollen</stop>
    <stop arrival="0:21" departure="0:21">Kringlebotn</stop>
    <stop arrival="0:22" departure="0:22">Kjenndalslia</stop>
    <stop arrival="0:23" departure="0:23">Kjenndalsåsen</stop>
    <stop arrival="0:24" departure="0:24">Sandalsringen snuplass</stop>
    <stop arrival="0:25" departure="0:25">Helldalslia</stop>
    <stop arrival="0:25" departure="0:25">Helldalslia</stop>
    <stop arrival="0:25" departure="0:25">Indre Sædal</stop>
    <stop arrival="0:26" departure="0:26">Rinddalen</stop>
    <stop arrival="0:27" departure="0:27">Merkurvegen (nyeveien)</stop>
    <stop arrival="0:27" departure="0:27">Nattland gård (nyeveien)</stop>
    <stop arrival="0:28">Birkelundstoppen</stop>
  </route>
  <route no="22" destination="Birkelundstoppen" url="http://www.web2051.no/bin/tp/zuginfo.exe/on/179757/63937/224582/52373/1/" trafficDays="kjører Sø, også 1., 13., 17., 24. Mai">
    <stop departure="23:19" routeNo="22">Åsane terminal</stop>
    <stop arrival="23:20" departure="23:20">Hesthaugen</stop>
    <stop arrival="23:21" departure="23:21">Stamskaret</stop>
    <stop arrival="23:22" departure="23:22">Tertneskrysset gamleveien</stop>
    <stop arrival="23:23" departure="23:23">Griggastemma</stop>
    <stop arrival="23:23" departure="23:23">Åstveitvegen</stop>
    <stop arrival="23:24" departure="23:24">Ervik øvre</stop>
    <stop arrival="23:25" departure="23:25">Ervik nedre (Sellesvingen)</stop>
    <stop arrival="23:26" departure="23:26">Selvikvegen</stop>
    <stop arrival="23:27" departure="23:27">Eidsvåg gamlevegen</stop>
    <stop arrival="23:28" departure="23:28">Fabrikkvegen</stop>
    <stop arrival="23:30" departure="23:30">Hagebyen (Eidsvåg)</stop>
    <stop arrival="23:32" departure="23:32">Lillevågen</stop>
    <stop arrival="23:32" departure="23:32">Tømmervågen</stop>
    <stop arrival="23:33" departure="23:33">Trollbekken</stop>
    <stop arrival="23:33" departure="23:33">Trolldalen (Eidsvågneset)</stop>
    <stop arrival="23:34" departure="23:34">Fagerbakken</stop>
    <stop arrival="23:35" departure="23:35">Nordre Lønborg</stop>
    <stop arrival="23:36" departure="23:36">Lønborg</stop>
    <stop arrival="23:36" departure="23:36">Brunestykket</stop>
    <stop arrival="23:37" departure="23:37">Hellebakken</stop>
    <stop arrival="23:38" departure="23:38">Eikeviken</stop>
    <stop arrival="23:39" departure="23:39">Solbakken</stop>
    <stop arrival="23:40" departure="23:40">Handelshøyskolen</stop>
    <stop arrival="23:41" departure="23:41">Nyhavnsvei (Gamle Bergen)</stop>
    <stop arrival="23:43" departure="23:43">Munkebotten</stop>
    <stop arrival="23:44" departure="23:44">Ludebryggen</stop>
    <stop arrival="23:45" departure="23:45">Sandvikstorget</stop>
    <stop arrival="23:46" departure="23:46">Skutevikstorget</stop>
    <stop arrival="23:47" departure="23:47">Bontelabo</stop>
    <stop arrival="23:48" departure="23:48">Slottsgaten</stop>
    <stop arrival="23:49" departure="23:49">Bryggen</stop>
    <stop arrival="23:50" departure="23:50">Olav Kyrres gate</stop>
    <stop arrival="23:55" departure="23:55">Bergen Busstasjon</stop>
    <stop arrival="23:59" departure="23:59">Danmarksplass</stop>
    <stop arrival="0:00" departure="0:00">Solheimsgaten</stop>
    <stop arrival="0:01" departure="0:01">Reperbanen</stop>
    <stop arrival="0:02" departure="0:02">Fjøsangerveien/ Minde Allè</stop>
    <stop arrival="0:05" departure="0:05">Minde</stop>
    <stop arrival="0:06" departure="0:06">Elvebakken</stop>
    <stop arrival="0:07" departure="0:07">Storetveit</stop>
    <stop arrival="0:07" departure="0:07">Fantoft</stop>
    <stop arrival="0:08" departure="0:08">Nydalen</stop>
    <stop arrival="0:09" departure="0:09">Paradis</stop>
    <stop arrival="0:10" departure="0:10">Tveiteråsskiftet</stop>
    <stop arrival="0:11" departure="0:11">Hopsbro</stop>
    <stop arrival="0:13" departure="0:13">Hopstangen</stop>
    <stop arrival="0:14" departure="0:14">Nesttun terminal</stop>
    <stop arrival="0:15" departure="0:15">Nesttun</stop>
    <stop arrival="0:15" departure="0:15">Herredshuset, Nesttun</stop>
    <stop arrival="0:16" departure="0:16">Midtun bro</stop>
    <stop arrival="0:18" departure="0:18">Midttunflaten</stop>
    <stop arrival="0:19" departure="0:19">Sandbrekkeveien</stop>
    <stop arrival="0:19" departure="0:19">Sandalskollen</stop>
    <stop arrival="0:21" departure="0:21">Kringlebotn</stop>
    <stop arrival="0:22" departure="0:22">Kjenndalslia</stop>
    <stop arrival="0:23" departure="0:23">Kjenndalsåsen</stop>
    <stop arrival="0:24" departure="0:24">Sandalsringen snuplass</stop>
    <stop arrival="0:25" departure="0:25">Helldalslia</stop>
    <stop arrival="0:26" departure="0:26">Helldalslia</stop>
    <stop arrival="0:26" departure="0:26">Indre Sædal</stop>
    <stop arrival="0:28" departure="0:28">Rinddalen</stop>
    <stop arrival="0:32" departure="0:32">Merkurvegen (nyeveien)</stop>
    <stop arrival="0:34" departure="0:34">Nattland gård (nyeveien)</stop>
    <stop arrival="0:36">Birkelundstoppen</stop>
  </route>
  <route no="22" destination="Birkelundstoppen" url="http://www.web2051.no/bin/tp/zuginfo.exe/on/841671/284595/159844/200635/1/" trafficDays="kjører Lø, ikke 1. Mai">
    <stop departure="23:44" routeNo="22">Åsane terminal</stop>
    <stop arrival="23:45" departure="23:45">Hesthaugen</stop>
    <stop arrival="23:46" departure="23:46">Stamskaret</stop>
    <stop arrival="23:47" departure="23:47">Tertneskrysset gamleveien</stop>
    <stop arrival="23:48" departure="23:48">Griggastemma</stop>
    <stop arrival="23:48" departure="23:48">Åstveitvegen</stop>
    <stop arrival="23:49" departure="23:49">Ervik øvre</stop>
    <stop arrival="23:50" departure="23:50">Ervik nedre (Sellesvingen)</stop>
    <stop arrival="23:51" departure="23:51">Selvikvegen</stop>
    <stop arrival="23:52" departure="23:52">Eidsvåg gamlevegen</stop>
    <stop arrival="23:53" departure="23:53">Fabrikkvegen</stop>
    <stop arrival="23:55" departure="23:55">Hagebyen (Eidsvåg)</stop>
    <stop arrival="23:57" departure="23:57">Lillevågen</stop>
    <stop arrival="23:57" departure="23:57">Tømmervågen</stop>
    <stop arrival="23:58" departure="23:58">Trollbekken</stop>
    <stop arrival="23:58" departure="23:58">Trolldalen (Eidsvågneset)</stop>
    <stop arrival="23:59" departure="23:59">Fagerbakken</stop>
    <stop arrival="0:00" departure="0:00">Nordre Lønborg</stop>
    <stop arrival="0:01" departure="0:01">Lønborg</stop>
    <stop arrival="0:01" departure="0:01">Brunestykket</stop>
    <stop arrival="0:02" departure="0:02">Hellebakken</stop>
    <stop arrival="0:03" departure="0:03">Eikeviken</stop>
    <stop arrival="0:04" departure="0:04">Solbakken</stop>
    <stop arrival="0:05" departure="0:05">Handelshøyskolen</stop>
    <stop arrival="0:06" departure="0:06">Nyhavnsvei (Gamle Bergen)</stop>
    <stop arrival="0:08" departure="0:08">Munkebotten</stop>
    <stop arrival="0:09" departure="0:09">Ludebryggen</stop>
    <stop arrival="0:10" departure="0:10">Sandvikstorget</stop>
    <stop arrival="0:11" departure="0:11">Skutevikstorget</stop>
    <stop arrival="0:12" departure="0:12">Bontelabo</stop>
    <stop arrival="0:13" departure="0:13">Slottsgaten</stop>
    <stop arrival="0:14" departure="0:14">Bryggen</stop>
    <stop arrival="0:15" departure="0:15">Olav Kyrres gate</stop>
    <stop arrival="0:20" departure="0:20">Bergen Busstasjon</stop>
    <stop arrival="0:24" departure="0:24">Danmarksplass</stop>
    <stop arrival="0:25" departure="0:25">Solheimsgaten</stop>
    <stop arrival="0:26" departure="0:26">Reperbanen</stop>
    <stop arrival="0:28" departure="0:28">Fjøsangerveien/ Minde Allè</stop>
    <stop arrival="0:31" departure="0:31">Minde</stop>
    <stop arrival="0:32" departure="0:32">Elvebakken</stop>
    <stop arrival="0:33" departure="0:33">Storetveit</stop>
    <stop arrival="0:33" departure="0:33">Fantoft</stop>
    <stop arrival="0:34" departure="0:34">Nydalen</stop>
    <stop arrival="0:35" departure="0:35">Paradis</stop>
    <stop arrival="0:36" departure="0:36">Tveiteråsskiftet</stop>
    <stop arrival="0:37" departure="0:37">Hopsbro</stop>
    <stop arrival="0:39" departure="0:39">Hopstangen</stop>
    <stop arrival="0:40" departure="0:40">Nesttun terminal</stop>
    <stop arrival="0:41" departure="0:41">Nesttun</stop>
    <stop arrival="0:41" departure="0:41">Herredshuset, Nesttun</stop>
    <stop arrival="0:42" departure="0:42">Midtun bro</stop>
    <stop arrival="0:44" departure="0:44">Midttunflaten</stop>
    <stop arrival="0:45" departure="0:45">Sandbrekkeveien</stop>
    <stop arrival="0:45" departure="0:45">Sandalskollen</stop>
    <stop arrival="0:47" departure="0:47">Kringlebotn</stop>
    <stop arrival="0:48" departure="0:48">Kjenndalslia</stop>
    <stop arrival="0:49" departure="0:49">Kjenndalsåsen</stop>
    <stop arrival="0:50" departure="0:50">Sandalsringen snuplass</stop>
    <stop arrival="0:51" departure="0:51">Helldalslia</stop>
    <stop arrival="0:52" departure="0:52">Helldalslia</stop>
    <stop arrival="0:52" departure="0:52">Indre Sædal</stop>
    <stop arrival="0:53" departure="0:53">Rinddalen</stop>
    <stop arrival="0:55" departure="0:55">Merkurvegen (nyeveien)</stop>
    <stop arrival="0:56" departure="0:56">Nattland gård (nyeveien)</stop>
    <stop arrival="0:57">Birkelundstoppen</stop>
  </route>
</routes>
