<?xml version="1.0" encoding="UTF-8"?>
<routes>
  <route no="900" destination="Arna terminal" url="http://www.web2051.no/bin/tp/zuginfo.exe/on/37320/13593/956216/465668/1/" trafficDays="kjører Ma - Fr, ikke 13., 17., 24. Mai">
    <stop departure="23:20" routeNo="900">Bergen Busstasjon</stop>
    <stop arrival="23:23" departure="23:23">Danmarksplass</stop>
    <stop arrival="23:24" departure="23:24">Solheimsgaten</stop>
    <stop arrival="23:25" departure="23:25">Reperbanen</stop>
    <stop arrival="23:27" departure="23:27">Fjøsangerveien/ Minde Allè</stop>
    <stop arrival="23:29" departure="23:29">Minde</stop>
    <stop arrival="23:30" departure="23:30">Elvebakken</stop>
    <stop arrival="23:31" departure="23:31">Storetveit</stop>
    <stop arrival="23:32" departure="23:32">Fantoft</stop>
    <stop arrival="23:34" departure="23:34">Nydalen</stop>
    <stop arrival="23:35" departure="23:35">Paradis</stop>
    <stop arrival="23:36" departure="23:36">Tveiteråsskiftet</stop>
    <stop arrival="23:38" departure="23:38">Hopsbro</stop>
    <stop arrival="23:39" departure="23:39">Hopstangen</stop>
    <stop arrival="23:40" departure="23:40">Nesttun terminal</stop>
    <stop arrival="23:41" departure="23:41">Nesttun</stop>
    <stop arrival="23:41" departure="23:41">Herredshuset, Nesttun</stop>
    <stop arrival="23:42" departure="23:42">Midtun bro</stop>
    <stop arrival="23:43" departure="23:43">Midttunflaten</stop>
    <stop arrival="23:45" departure="23:45">BKK Trafo (Helldal)</stop>
    <stop arrival="23:46" departure="23:46">Helldal (Fana)</stop>
    <stop arrival="23:47" departure="23:47">Helldal, Frank Mohn</stop>
    <stop arrival="23:48" departure="23:48">Helldal skole</stop>
    <stop arrival="23:49" departure="23:49">Grimen</stop>
    <stop arrival="23:50" departure="23:50">Grimen øst</stop>
    <stop arrival="23:51" departure="23:51">Bratland</stop>
    <stop arrival="23:52" departure="23:52">Søylen (Espeland)</stop>
    <stop arrival="23:53" departure="23:53">Haukeland vest (Arna)</stop>
    <stop arrival="23:53" departure="23:53">Haukeland (Arna)</stop>
    <stop arrival="23:54" departure="23:54">Haukeland øst (Arna)</stop>
    <stop arrival="23:54" departure="23:54">Lone vest</stop>
    <stop arrival="23:55" departure="23:55">Lone øst</stop>
    <stop arrival="23:55" departure="23:55">Espelandshallen (Arna)</stop>
    <stop arrival="23:56" departure="23:56">Espeland Janus (Arna)</stop>
    <stop arrival="23:58" departure="23:58">Espelandsmyrane fylkesvn.</stop>
    <stop arrival="23:59" departure="23:59">Sæthre steinindustri</stop>
    <stop arrival="0:00" departure="0:00">Arna busser</stop>
    <stop arrival="0:00" departure="0:00">Arnatveit</stop>
    <stop arrival="0:01" departure="0:01">Hølbekken</stop>
    <stop arrival="0:01" departure="0:01">Stølsvegen vest</stop>
    <stop arrival="0:02" departure="0:02">Stølsvegen</stop>
    <stop arrival="0:03" departure="0:03">Stølsvegen øst</stop>
    <stop arrival="0:05" departure="0:05">Roknetoppen</stop>
    <stop arrival="0:07" departure="0:07">Rokneholo</stop>
    <stop arrival="0:08" departure="0:08">Indre Arna skule</stop>
    <stop arrival="0:11" departure="0:11">Bommane (Åsane)</stop>
    <stop arrival="0:15">Arna terminal</stop>
  </route>
</routes>
