<?xml version="1.0" encoding="UTF-8"?>
<routes>
  <route no="30" destination="Birkelandskrysset Terminal" url="http://www.web2051.no/bin/tp/zuginfo.exe/on/907386/306852/930794/162936/1/" trafficDays="kjører Ti - Lø, ikke 14., 18., 25. Mai">
    <stop departure="0:05" routeNo="30">Bergen Busstasjon</stop>
    <stop arrival="0:10" departure="0:10">Olav Kyrres gate</stop>
    <stop arrival="0:11" departure="0:11">Møhlenpris v/ Industrihuset</stop>
    <stop arrival="0:12" departure="0:12">Gyldenpris</stop>
    <stop arrival="0:15" departure="0:15">Løvstakktunnelen</stop>
    <stop arrival="0:16" departure="0:16">Sikthaugen</stop>
    <stop arrival="0:16" departure="0:16">Hamregården</stop>
    <stop arrival="0:17" departure="0:17">Nebbeveien</stop>
    <stop arrival="0:17" departure="0:17">Løvås</stop>
    <stop arrival="0:18" departure="0:18">Oasen Terminal</stop>
    <stop arrival="0:18" departure="0:18">Skarphaugen</stop>
    <stop arrival="0:19" departure="0:19">Fyllingdsalsveien v/Shell</stop>
    <stop arrival="0:20" departure="0:20">Sandeide terminal</stop>
    <stop arrival="0:23" departure="0:23">Bjørgeveien</stop>
    <stop arrival="0:25" departure="0:25">Sementbroen</stop>
    <stop arrival="0:27" departure="0:27">Straume bro</stop>
    <stop arrival="0:29" departure="0:29">Søreide v/Hydrostasjonen</stop>
    <stop arrival="0:29" departure="0:29">Søreide skole</stop>
    <stop arrival="0:30" departure="0:30">Grimstadskiftet</stop>
    <stop arrival="0:30" departure="0:30">Dolvik terminal</stop>
    <stop arrival="0:30" departure="0:30">Skranevegen</stop>
    <stop arrival="0:31" departure="0:31">Regnbueåsen</stop>
    <stop arrival="0:32" departure="0:32">Fanatorget</stop>
    <stop arrival="0:33" departure="0:33">Petedalsheia</stop>
    <stop arrival="0:34" departure="0:34">Hydro Sandsli</stop>
    <stop arrival="0:35" departure="0:35">Statoil (Sandsli)</stop>
    <stop arrival="0:37" departure="0:37">Sandsligården</stop>
    <stop arrival="0:38" departure="0:38">Sandslisnuplass</stop>
    <stop arrival="0:38" departure="0:38">Sandslislusen</stop>
    <stop arrival="0:39" departure="0:39">Birkelandsflaten</stop>
    <stop arrival="0:42" departure="0:42">Birkelandsflaten</stop>
    <stop arrival="0:45">Birkelandskrysset Terminal</stop>
  </route>
  <route no="30" destination="Birkelandskrysset Terminal" url="http://www.web2051.no/bin/tp/zuginfo.exe/on/134241/49054/484176/197342/1/" trafficDays="kjører Ma, også 2., 14., 18., 25. Mai">
    <stop departure="0:05" routeNo="30">Bergen Busstasjon</stop>
    <stop arrival="0:10" departure="0:10">Olav Kyrres gate</stop>
    <stop arrival="0:11" departure="0:11">Møhlenpris v/ Industrihuset</stop>
    <stop arrival="0:12" departure="0:12">Gyldenpris</stop>
    <stop arrival="0:15" departure="0:15">Løvstakktunnelen</stop>
    <stop arrival="0:16" departure="0:16">Sikthaugen</stop>
    <stop arrival="0:16" departure="0:16">Hamregården</stop>
    <stop arrival="0:17" departure="0:17">Nebbeveien</stop>
    <stop arrival="0:17" departure="0:17">Løvås</stop>
    <stop arrival="0:18" departure="0:18">Oasen Terminal</stop>
    <stop arrival="0:19" departure="0:19">Skarphaugen</stop>
    <stop arrival="0:21" departure="0:21">Fyllingdsalsveien v/Shell</stop>
    <stop arrival="0:23" departure="0:23">Sandeide terminal</stop>
    <stop arrival="0:25" departure="0:25">Bjørgeveien</stop>
    <stop arrival="0:27" departure="0:27">Sementbroen</stop>
    <stop arrival="0:29" departure="0:29">Straume bro</stop>
    <stop arrival="0:30" departure="0:30">Søreide v/Hydrostasjonen</stop>
    <stop arrival="0:31" departure="0:31">Dolvik terminal</stop>
    <stop arrival="0:34" departure="0:34">Fanatorget</stop>
    <stop arrival="0:35" departure="0:35">Petedalsheia</stop>
    <stop arrival="0:35" departure="0:35">Hydro Sandsli</stop>
    <stop arrival="0:36" departure="0:36">Statoil (Sandsli)</stop>
    <stop arrival="0:37" departure="0:37">Sandsligården</stop>
    <stop arrival="0:38" departure="0:38">Sandslisnuplass</stop>
    <stop arrival="0:38" departure="0:38">Sandslislusen</stop>
    <stop arrival="0:39" departure="0:39">Birkelandsflaten</stop>
    <stop arrival="0:42" departure="0:42">Birkelandsflaten</stop>
    <stop arrival="0:45">Birkelandskrysset Terminal</stop>
  </route>
  <route no="23" destination="Birkelandskrysset Terminal" url="http://www.web2051.no/bin/tp/zuginfo.exe/on/968940/327135/883518/118780/1/" trafficDays="kjører Ma - Fr, ikke 13., 17., 24. Mai">
    <stop departure="23:52" routeNo="23">Øyjorden (Bergen)</stop>
    <stop arrival="23:53" departure="23:53">Øyjordsveien</stop>
    <stop arrival="23:54" departure="23:54">Skytterveien</stop>
    <stop arrival="23:54" departure="23:54">Hatleberg</stop>
    <stop arrival="23:55" departure="23:55">Handelshøyskolen</stop>
    <stop arrival="23:56" departure="23:56">Nyhavnsvei (Gamle Bergen)</stop>
    <stop arrival="23:57" departure="23:57">Munkebotten</stop>
    <stop arrival="23:58" departure="23:58">Ludebryggen</stop>
    <stop arrival="0:00" departure="0:00">Sandvikstorget</stop>
    <stop arrival="0:02" departure="0:02">Skutevikstorget</stop>
    <stop arrival="0:02" departure="0:02">Bontelabo</stop>
    <stop arrival="0:03" departure="0:03">Slottsgaten</stop>
    <stop arrival="0:04" departure="0:04">Bryggen</stop>
    <stop arrival="0:05" departure="0:05">Olav Kyrres gate</stop>
    <stop arrival="0:10" departure="0:10">Bergen Busstasjon</stop>
    <stop arrival="0:14" departure="0:14">Danmarksplass</stop>
    <stop arrival="0:15" departure="0:15">Solheimsgaten</stop>
    <stop arrival="0:16" departure="0:16">Reperbanen</stop>
    <stop arrival="0:18" departure="0:18">Fjøsangerveien/ Minde Allè</stop>
    <stop arrival="0:21" departure="0:21">Minde</stop>
    <stop arrival="0:22" departure="0:22">Elvebakken</stop>
    <stop arrival="0:22" departure="0:22">Storetveit</stop>
    <stop arrival="0:22" departure="0:22">Fantoft</stop>
    <stop arrival="0:23" departure="0:23">Nydalen</stop>
    <stop arrival="0:24" departure="0:24">Paradis</stop>
    <stop arrival="0:25" departure="0:25">Tveiteråsskiftet</stop>
    <stop arrival="0:26" departure="0:26">Hopsbro</stop>
    <stop arrival="0:28" departure="0:28">Hopstangen</stop>
    <stop arrival="0:29" departure="0:29">Nesttun terminal</stop>
    <stop arrival="0:31" departure="0:31">Nesttun</stop>
    <stop arrival="0:34" departure="0:34">Skjoldskiftet</stop>
    <stop arrival="0:34" departure="0:34">Nesttunbrekka</stop>
    <stop arrival="0:35" departure="0:35">Mårdalen</stop>
    <stop arrival="0:35" departure="0:35">Skjoldhøgda</stop>
    <stop arrival="0:35" departure="0:35">Skjold skole</stop>
    <stop arrival="0:36" departure="0:36">Lagunen</stop>
    <stop arrival="0:38" departure="0:38">Rådal</stop>
    <stop arrival="0:39" departure="0:39">Meyerskiftet</stop>
    <stop arrival="0:44" departure="0:44">Håvardstun</stop>
    <stop arrival="0:45" departure="0:45">Sandsliskiftet</stop>
    <stop arrival="0:46" departure="0:46">Gomarhaug</stop>
    <stop arrival="0:48">Birkelandskrysset Terminal</stop>
  </route>
</routes>
