<?xml version="1.0" encoding="UTF-8"?>
<routes>
  <route no="90" destination="Salhus kai" url="http://www.web2051.no/bin/tp/zuginfo.exe/on/670956/228538/644814/98757/1/" trafficDays="kjører Lø, ikke 1. Mai">
    <stop departure="23:10" routeNo="90">Sletten (Bergen)</stop>
    <stop arrival="23:12" departure="23:12">Johan Hjorts vei</stop>
    <stop arrival="23:13" departure="23:13">Bergenshallen</stop>
    <stop arrival="23:14" departure="23:14">Sletten Shoppingsenter</stop>
    <stop arrival="23:15" departure="23:15">Fageråsen</stop>
    <stop arrival="23:16" departure="23:16">Hagerups vei</stop>
    <stop arrival="23:17" departure="23:17">Natlandsv. v/Hagerupsvei</stop>
    <stop arrival="23:18" departure="23:18">Langhaugen</stop>
    <stop arrival="23:19" departure="23:19">Fridalen</stop>
    <stop arrival="23:20" departure="23:20">Haukelandsveien</stop>
    <stop arrival="23:21" departure="23:21">Ibsens gate /Haukeland sykehus</stop>
    <stop arrival="23:22" departure="23:22">Bjørnsons gate</stop>
    <stop arrival="23:24" departure="23:24">Årstad VGS</stop>
    <stop arrival="23:25" departure="23:25">Danmarksplass v/Forum kino</stop>
    <stop arrival="23:28" departure="23:28">Bergen Busstasjon</stop>
    <stop arrival="23:31" departure="23:31">Christies gate (Festplassen)</stop>
    <stop arrival="23:34" departure="23:34">Torget (Bergen)</stop>
    <stop arrival="23:35" departure="23:35">Bryggen</stop>
    <stop arrival="23:35" departure="23:35">Slottsgaten</stop>
    <stop arrival="23:36" departure="23:36">Bontelabo</stop>
    <stop arrival="23:37" departure="23:37">Skutevikstorget</stop>
    <stop arrival="23:37" departure="23:37">Sjøgaten</stop>
    <stop arrival="23:38" departure="23:38">Sandvikstorget</stop>
    <stop arrival="23:39" departure="23:39">Ludebryggen</stop>
    <stop arrival="23:39" departure="23:39">Munkebotten</stop>
    <stop arrival="23:41" departure="23:41">Nyhavnsvei (Gamle Bergen)</stop>
    <stop arrival="23:42" departure="23:42">Handelshøyskolen</stop>
    <stop arrival="23:44" departure="23:44">Eidsvåg</stop>
    <stop arrival="23:49" departure="23:49">Åsane terminal</stop>
    <stop arrival="23:50" departure="23:50">Åsane Brannstasjon</stop>
    <stop arrival="23:51" departure="23:51">Flatevad</stop>
    <stop arrival="23:52" departure="23:52">Spondalen</stop>
    <stop arrival="23:52" departure="23:52">Torvbakken</stop>
    <stop arrival="23:53" departure="23:53">Morvikbotn</stop>
    <stop arrival="23:54" departure="23:54">Viddalen</stop>
    <stop arrival="23:55" departure="23:55">Bakketoppen, Morvik</stop>
    <stop arrival="23:57" departure="23:57">Kollbudalen</stop>
    <stop arrival="23:58" departure="23:58">Saudalen</stop>
    <stop arrival="23:59" departure="23:59">Saudalskleivane</stop>
    <stop arrival="0:00" departure="0:00">Lokketodalen</stop>
    <stop arrival="0:01" departure="0:01">Slettestølen</stop>
    <stop arrival="0:02" departure="0:02">Marikollen</stop>
    <stop arrival="0:03" departure="0:03">Toppe</stop>
    <stop arrival="0:04" departure="0:04">Støbotn snuplass</stop>
    <stop arrival="0:05" departure="0:05">Matre</stop>
    <stop arrival="0:05" departure="0:05">Kistebakkane</stop>
    <stop arrival="0:06" departure="0:06">Nygård, Salhus</stop>
    <stop arrival="0:07" departure="0:07">Langeland (Åsane)</stop>
    <stop arrival="0:07">Salhus kai</stop>
  </route>
  <route no="90" destination="Salhus kai" url="http://www.web2051.no/bin/tp/zuginfo.exe/on/401907/138916/543942/138003/1/" trafficDays="kjører Ma - Fr, ikke 13., 17., 24. Mai">
    <stop departure="23:10" routeNo="90">Sletten (Bergen)</stop>
    <stop arrival="23:12" departure="23:12">Johan Hjorts vei</stop>
    <stop arrival="23:13" departure="23:13">Bergenshallen</stop>
    <stop arrival="23:14" departure="23:14">Sletten Shoppingsenter</stop>
    <stop arrival="23:15" departure="23:15">Fageråsen</stop>
    <stop arrival="23:16" departure="23:16">Hagerups vei</stop>
    <stop arrival="23:17" departure="23:17">Natlandsv. v/Hagerupsvei</stop>
    <stop arrival="23:18" departure="23:18">Langhaugen</stop>
    <stop arrival="23:19" departure="23:19">Fridalen</stop>
    <stop arrival="23:20" departure="23:20">Haukelandsveien</stop>
    <stop arrival="23:21" departure="23:21">Ibsens gate /Haukeland sykehus</stop>
    <stop arrival="23:23" departure="23:23">Bjørnsons gate</stop>
    <stop arrival="23:25" departure="23:25">Årstad VGS</stop>
    <stop arrival="23:26" departure="23:26">Danmarksplass v/Forum kino</stop>
    <stop arrival="23:28" departure="23:28">Bergen Busstasjon</stop>
    <stop arrival="23:30" departure="23:30">Christies gate (Festplassen)</stop>
    <stop arrival="23:33" departure="23:33">Torget (Bergen)</stop>
    <stop arrival="23:34" departure="23:34">Bryggen</stop>
    <stop arrival="23:34" departure="23:34">Slottsgaten</stop>
    <stop arrival="23:35" departure="23:35">Bontelabo</stop>
    <stop arrival="23:36" departure="23:36">Skutevikstorget</stop>
    <stop arrival="23:36" departure="23:36">Sjøgaten</stop>
    <stop arrival="23:37" departure="23:37">Sandvikstorget</stop>
    <stop arrival="23:38" departure="23:38">Ludebryggen</stop>
    <stop arrival="23:38" departure="23:38">Munkebotten</stop>
    <stop arrival="23:40" departure="23:40">Nyhavnsvei (Gamle Bergen)</stop>
    <stop arrival="23:41" departure="23:41">Handelshøyskolen</stop>
    <stop arrival="23:43" departure="23:43">Eidsvåg</stop>
    <stop arrival="23:48" departure="23:48">Åsane terminal</stop>
    <stop arrival="23:49" departure="23:49">Åsane Brannstasjon</stop>
    <stop arrival="23:50" departure="23:50">Flatevad</stop>
    <stop arrival="23:51" departure="23:51">Spondalen</stop>
    <stop arrival="23:51" departure="23:51">Torvbakken</stop>
    <stop arrival="23:52" departure="23:52">Morvikbotn</stop>
    <stop arrival="23:53" departure="23:53">Viddalen</stop>
    <stop arrival="23:54" departure="23:54">Bakketoppen, Morvik</stop>
    <stop arrival="23:56" departure="23:56">Kollbudalen</stop>
    <stop arrival="23:57" departure="23:57">Saudalen</stop>
    <stop arrival="23:58" departure="23:58">Saudalskleivane</stop>
    <stop arrival="23:59" departure="23:59">Lokketodalen</stop>
    <stop arrival="0:00" departure="0:00">Slettestølen</stop>
    <stop arrival="0:01" departure="0:01">Marikollen</stop>
    <stop arrival="0:02" departure="0:02">Toppe</stop>
    <stop arrival="0:03" departure="0:03">Støbotn snuplass</stop>
    <stop arrival="0:04" departure="0:04">Matre</stop>
    <stop arrival="0:05" departure="0:05">Kistebakkane</stop>
    <stop arrival="0:07" departure="0:07">Nygård, Salhus</stop>
    <stop arrival="0:07" departure="0:07">Langeland (Åsane)</stop>
    <stop arrival="0:08">Salhus kai</stop>
  </route>
  <route no="90" destination="Sletten (Bergen)" url="http://www.web2051.no/bin/tp/zuginfo.exe/on/967854/327512/176212/234512/1/" trafficDays="kjører Sø, ikke 2. Mai">
    <stop departure="0:10" routeNo="90">Salhus kai</stop>
    <stop arrival="0:10" departure="0:10">Langeland (Åsane)</stop>
    <stop arrival="0:11" departure="0:11">Nygård, Salhus</stop>
    <stop arrival="0:12" departure="0:12">Ranten</stop>
    <stop arrival="0:13" departure="0:13">Kistebakkane</stop>
    <stop arrival="0:14" departure="0:14">Matre</stop>
    <stop arrival="0:15" departure="0:15">Støbotn snuplass</stop>
    <stop arrival="0:16" departure="0:16">Toppe</stop>
    <stop arrival="0:17" departure="0:17">Marikollen</stop>
    <stop arrival="0:17" departure="0:17">Slettestølen</stop>
    <stop arrival="0:18" departure="0:18">Lokketodalen</stop>
    <stop arrival="0:19" departure="0:19">Saudalskleivane</stop>
    <stop arrival="0:21" departure="0:21">Kollbudalen</stop>
    <stop arrival="0:22" departure="0:22">Bakketoppen, Morvik</stop>
    <stop arrival="0:23" departure="0:23">Viddalen</stop>
    <stop arrival="0:25" departure="0:25">Morvikbotn</stop>
    <stop arrival="0:26" departure="0:26">Torvbakken</stop>
    <stop arrival="0:27" departure="0:27">Spondalen</stop>
    <stop arrival="0:28" departure="0:28">Flatevad</stop>
    <stop arrival="0:29" departure="0:29">Åsane Brannstasjon</stop>
    <stop arrival="0:30" departure="0:30">Åsane terminal</stop>
    <stop arrival="0:35" departure="0:35">Eidsvåg</stop>
    <stop arrival="0:37" departure="0:37">Handelshøyskolen</stop>
    <stop arrival="0:38" departure="0:38">Nyhavnsvei (Gamle Bergen)</stop>
    <stop arrival="0:40" departure="0:40">Munkebotten</stop>
    <stop arrival="0:41" departure="0:41">Ludebryggen</stop>
    <stop arrival="0:42" departure="0:42">Sandvikstorget</stop>
    <stop arrival="0:43" departure="0:43">Skutevikstorget</stop>
    <stop arrival="0:44" departure="0:44">Bontelabo</stop>
    <stop arrival="0:45" departure="0:45">Slottsgaten</stop>
    <stop arrival="0:46" departure="0:46">Bryggen</stop>
    <stop arrival="0:47" departure="0:47">Olav Kyrres gate</stop>
    <stop arrival="0:52" departure="0:52">Bergen Busstasjon</stop>
    <stop arrival="0:57" departure="0:57">Danmarksplass/ Ibsens gt.</stop>
    <stop arrival="1:00" departure="1:00">Bjørnsons gate</stop>
    <stop arrival="1:02" departure="1:02">Haukelandsveien</stop>
    <stop arrival="1:03" departure="1:03">Fridalen</stop>
    <stop arrival="1:04" departure="1:04">Langhaugen</stop>
    <stop arrival="1:05" departure="1:05">Landåssvingen</stop>
    <stop arrival="1:06" departure="1:06">Hagerups vei</stop>
    <stop arrival="1:07" departure="1:07">Fageråsen</stop>
    <stop arrival="1:08" departure="1:08">Sletten Shoppingsenter</stop>
    <stop arrival="1:09" departure="1:09">Bergenshallen</stop>
    <stop arrival="1:10" departure="1:10">Johan Hjorts vei</stop>
    <stop arrival="1:12">Sletten (Bergen)</stop>
  </route>
  <route no="90" destination="Sletten (Bergen)" url="http://www.web2051.no/bin/tp/zuginfo.exe/on/651417/222033/772930/169326/1/" trafficDays="kjører Sø, ikke 2. Mai">
    <stop departure="0:10" routeNo="90">Salhus kai</stop>
    <stop arrival="0:10" departure="0:10">Langeland (Åsane)</stop>
    <stop arrival="0:11" departure="0:11">Nygård, Salhus</stop>
    <stop arrival="0:12" departure="0:12">Ranten</stop>
    <stop arrival="0:13" departure="0:13">Kistebakkane</stop>
    <stop arrival="0:14" departure="0:14">Matre</stop>
    <stop arrival="0:15" departure="0:15">Støbotn snuplass</stop>
    <stop arrival="0:16" departure="0:16">Toppe</stop>
    <stop arrival="0:17" departure="0:17">Marikollen</stop>
    <stop arrival="0:17" departure="0:17">Slettestølen</stop>
    <stop arrival="0:18" departure="0:18">Lokketodalen</stop>
    <stop arrival="0:19" departure="0:19">Saudalskleivane</stop>
    <stop arrival="0:21" departure="0:21">Kollbudalen</stop>
    <stop arrival="0:22" departure="0:22">Bakketoppen, Morvik</stop>
    <stop arrival="0:23" departure="0:23">Viddalen</stop>
    <stop arrival="0:25" departure="0:25">Morvikbotn</stop>
    <stop arrival="0:26" departure="0:26">Torvbakken</stop>
    <stop arrival="0:27" departure="0:27">Spondalen</stop>
    <stop arrival="0:28" departure="0:28">Flatevad</stop>
    <stop arrival="0:29" departure="0:29">Åsane Brannstasjon</stop>
    <stop arrival="0:30" departure="0:30">Åsane terminal</stop>
    <stop arrival="0:35" departure="0:35">Eidsvåg</stop>
    <stop arrival="0:37" departure="0:37">Handelshøyskolen</stop>
    <stop arrival="0:38" departure="0:38">Nyhavnsvei (Gamle Bergen)</stop>
    <stop arrival="0:40" departure="0:40">Munkebotten</stop>
    <stop arrival="0:41" departure="0:41">Ludebryggen</stop>
    <stop arrival="0:42" departure="0:42">Sandvikstorget</stop>
    <stop arrival="0:43" departure="0:43">Skutevikstorget</stop>
    <stop arrival="0:44" departure="0:44">Bontelabo</stop>
    <stop arrival="0:45" departure="0:45">Slottsgaten</stop>
    <stop arrival="0:46" departure="0:46">Bryggen</stop>
    <stop arrival="0:47" departure="0:47">Olav Kyrres gate</stop>
    <stop arrival="0:52" departure="0:52">Bergen Busstasjon</stop>
    <stop arrival="0:57" departure="0:57">Danmarksplass/ Ibsens gt.</stop>
    <stop arrival="1:00" departure="1:00">Bjørnsons gate</stop>
    <stop arrival="1:02" departure="1:02">Haukelandsveien</stop>
    <stop arrival="1:03" departure="1:03">Fridalen</stop>
    <stop arrival="1:04" departure="1:04">Langhaugen</stop>
    <stop arrival="1:05" departure="1:05">Landåssvingen</stop>
    <stop arrival="1:06" departure="1:06">Hagerups vei</stop>
    <stop arrival="1:07" departure="1:07">Fageråsen</stop>
    <stop arrival="1:08" departure="1:08">Sletten Shoppingsenter</stop>
    <stop arrival="1:09" departure="1:09">Bergenshallen</stop>
    <stop arrival="1:10" departure="1:10">Johan Hjorts vei</stop>
    <stop arrival="1:12">Sletten (Bergen)</stop>
  </route>
  <route no="90" destination="Åsane terminal" url="http://www.web2051.no/bin/tp/zuginfo.exe/on/52455/22435/937022/451026/1/" trafficDays="kjører Ti - Lø, ikke 14., 18., 25. Mai">
    <stop departure="0:20" routeNo="90">Salhus kai</stop>
    <stop arrival="0:20" departure="0:20">Langeland (Åsane)</stop>
    <stop arrival="0:21" departure="0:21">Nygård, Salhus</stop>
    <stop arrival="0:22" departure="0:22">Ranten</stop>
    <stop arrival="0:23" departure="0:23">Kistebakkane</stop>
    <stop arrival="0:24" departure="0:24">Matre</stop>
    <stop arrival="0:25" departure="0:25">Støbotn snuplass</stop>
    <stop arrival="0:26" departure="0:26">Toppe</stop>
    <stop arrival="0:27" departure="0:27">Marikollen</stop>
    <stop arrival="0:27" departure="0:27">Slettestølen</stop>
    <stop arrival="0:28" departure="0:28">Lokketodalen</stop>
    <stop arrival="0:29" departure="0:29">Saudalskleivane</stop>
    <stop arrival="0:31" departure="0:31">Kollbudalen</stop>
    <stop arrival="0:32" departure="0:32">Bakketoppen, Morvik</stop>
    <stop arrival="0:33" departure="0:33">Viddalen</stop>
    <stop arrival="0:34" departure="0:34">Morvikbotn</stop>
    <stop arrival="0:35" departure="0:35">Torvbakken</stop>
    <stop arrival="0:36" departure="0:36">Spondalen</stop>
    <stop arrival="0:37" departure="0:37">Flatevad</stop>
    <stop arrival="0:38" departure="0:38">Åsane Brannstasjon</stop>
    <stop arrival="0:39">Åsane terminal</stop>
  </route>
  <route no="90" destination="Åsane terminal" url="http://www.web2051.no/bin/tp/zuginfo.exe/on/439434/151428/796112/251578/1/" trafficDays="kjører Ti - Lø, ikke 14., 18., 25. Mai">
    <stop departure="0:20" routeNo="90">Salhus kai</stop>
    <stop arrival="0:20" departure="0:20">Langeland (Åsane)</stop>
    <stop arrival="0:21" departure="0:21">Nygård, Salhus</stop>
    <stop arrival="0:22" departure="0:22">Ranten</stop>
    <stop arrival="0:23" departure="0:23">Kistebakkane</stop>
    <stop arrival="0:24" departure="0:24">Matre</stop>
    <stop arrival="0:25" departure="0:25">Støbotn snuplass</stop>
    <stop arrival="0:26" departure="0:26">Toppe</stop>
    <stop arrival="0:27" departure="0:27">Marikollen</stop>
    <stop arrival="0:27" departure="0:27">Slettestølen</stop>
    <stop arrival="0:28" departure="0:28">Lokketodalen</stop>
    <stop arrival="0:29" departure="0:29">Saudalskleivane</stop>
    <stop arrival="0:31" departure="0:31">Kollbudalen</stop>
    <stop arrival="0:32" departure="0:32">Bakketoppen, Morvik</stop>
    <stop arrival="0:33" departure="0:33">Viddalen</stop>
    <stop arrival="0:34" departure="0:34">Morvikbotn</stop>
    <stop arrival="0:35" departure="0:35">Torvbakken</stop>
    <stop arrival="0:36" departure="0:36">Spondalen</stop>
    <stop arrival="0:37" departure="0:37">Flatevad</stop>
    <stop arrival="0:38" departure="0:38">Åsane Brannstasjon</stop>
    <stop arrival="0:39">Åsane terminal</stop>
  </route>
  <route no="90" destination="Salhus kai" url="http://www.web2051.no/bin/tp/zuginfo.exe/on/371214/128689/629954/191239/1/" trafficDays="kjører Ti - Lø, ikke 14., 18., 25. Mai">
    <stop departure="0:39" routeNo="90">Åsane terminal</stop>
    <stop arrival="0:40" departure="0:40">Åsane Brannstasjon</stop>
    <stop arrival="0:41" departure="0:41">Flatevad</stop>
    <stop arrival="0:42" departure="0:42">Spondalen</stop>
    <stop arrival="0:42" departure="0:42">Torvbakken</stop>
    <stop arrival="0:43" departure="0:43">Morvikbotn</stop>
    <stop arrival="0:44" departure="0:44">Viddalen</stop>
    <stop arrival="0:45" departure="0:45">Bakketoppen, Morvik</stop>
    <stop arrival="0:47" departure="0:47">Kollbudalen</stop>
    <stop arrival="0:48" departure="0:48">Saudalen</stop>
    <stop arrival="0:49" departure="0:49">Saudalskleivane</stop>
    <stop arrival="0:50" departure="0:50">Lokketodalen</stop>
    <stop arrival="0:51" departure="0:51">Slettestølen</stop>
    <stop arrival="0:52" departure="0:52">Marikollen</stop>
    <stop arrival="0:53" departure="0:53">Toppe</stop>
    <stop arrival="0:54" departure="0:54">Støbotn snuplass</stop>
    <stop arrival="0:55" departure="0:55">Matre</stop>
    <stop arrival="0:56" departure="0:56">Kistebakkane</stop>
    <stop arrival="0:58" departure="0:58">Nygård, Salhus</stop>
    <stop arrival="0:58" departure="0:58">Langeland (Åsane)</stop>
    <stop arrival="0:59">Salhus kai</stop>
  </route>
</routes>
