<?xml version="1.0" encoding="UTF-8"?>
<routes>
  <route no="525" destination="Milde" url="http://www.web2051.no/bin/tp/zuginfo.exe/on/528990/181656/497674/72510/1/" trafficDays="kjører Ma, også 2., 14., 18., 25. Mai">
    <stop departure="0:25" routeNo="525">Bergen Busstasjon</stop>
    <stop arrival="0:27" departure="0:27">Danmarksplass</stop>
    <stop arrival="0:27" departure="0:27">Solheimsgaten</stop>
    <stop arrival="0:28" departure="0:28">Reperbanen</stop>
    <stop arrival="0:28" departure="0:28">Fjøsangerveien/ Minde Allè</stop>
    <stop arrival="0:28" departure="0:28">Kristianborg</stop>
    <stop arrival="0:29" departure="0:29">Grønnestølsbakken</stop>
    <stop arrival="0:29" departure="0:29">Fjøsanger</stop>
    <stop arrival="0:29" departure="0:29">Langegården</stop>
    <stop arrival="0:30" departure="0:30">Langebekken</stop>
    <stop arrival="0:30" departure="0:30">Kråkenes 1</stop>
    <stop arrival="0:31" departure="0:31">Kråkenes 2 (Kleiva)</stop>
    <stop arrival="0:31" departure="0:31">Bønesskiftet</stop>
    <stop arrival="0:32" departure="0:32">Bøjarnesvegen (Toftegård)</stop>
    <stop arrival="0:32" departure="0:32">Straume (Straumeveien, Fana)</stop>
    <stop arrival="0:35" departure="0:35">Sementbroen</stop>
    <stop arrival="0:37" departure="0:37">Straume bro</stop>
    <stop arrival="0:40" departure="0:40">Søreide v/Hydrostasjonen</stop>
    <stop arrival="0:41" departure="0:41">Søreide skole</stop>
    <stop arrival="0:41" departure="0:41">Dolvik terminal</stop>
    <stop arrival="0:42" departure="0:42">Kokstad Bilhandel</stop>
    <stop arrival="0:44" departure="0:44">BKK , Kokstad</stop>
    <stop arrival="0:46" departure="0:46">Nera</stop>
    <stop arrival="0:47" departure="0:47">Scandic</stop>
    <stop arrival="0:50" departure="0:50">Birkelandskrysset Terminal</stop>
    <stop arrival="0:51" departure="0:51">Blomsterdalen</stop>
    <stop arrival="0:51" departure="0:51">Ådlandsflaten</stop>
    <stop arrival="0:52" departure="0:52">Ådlandsskiftet</stop>
    <stop arrival="0:52" departure="0:52">Kartveitskiftet</stop>
    <stop arrival="0:52" departure="0:52">Heggernesskiftet</stop>
    <stop arrival="0:53" departure="0:53">Ådlandsbro</stop>
    <stop arrival="0:53" departure="0:53">K.Kaland</stop>
    <stop arrival="0:53" departure="0:53">Hjellestadskiftet</stop>
    <stop arrival="0:56" departure="0:56">Seilforeningen</stop>
    <stop arrival="0:59" departure="0:59">Hjellestad post</stop>
    <stop arrival="1:00" departure="1:00">Hjellestad</stop>
    <stop arrival="1:00" departure="1:00">Hjellestad post</stop>
    <stop arrival="1:02" departure="1:02">Seilforeningen</stop>
    <stop arrival="1:04" departure="1:04">Hjellestadskiftet</stop>
    <stop arrival="1:04" departure="1:04">Planteskogen (Milde)</stop>
    <stop arrival="1:06" departure="1:06">Planteskogen (Milde)</stop>
    <stop arrival="1:07" departure="1:07">Grendatunvegen</stop>
    <stop arrival="1:08" departure="1:08">Geilen</stop>
    <stop arrival="1:09" departure="1:09">Fana folkehøgskole (Aboretet)</stop>
    <stop arrival="1:10">Milde</stop>
  </route>
  <route no="525" destination="Milde" url="http://www.web2051.no/bin/tp/zuginfo.exe/on/454818/156994/680166/188478/1/" trafficDays="kjører Ti - Lø, ikke 14., 18., 25. Mai">
    <stop departure="0:25" routeNo="525">Bergen Busstasjon</stop>
    <stop arrival="0:28" departure="0:28">Danmarksplass</stop>
    <stop arrival="0:28" departure="0:28">Solheimsgaten</stop>
    <stop arrival="0:29" departure="0:29">Reperbanen</stop>
    <stop arrival="0:29" departure="0:29">Fjøsangerveien/ Minde Allè</stop>
    <stop arrival="0:30" departure="0:30">Kristianborg</stop>
    <stop arrival="0:31" departure="0:31">Grønnestølsbakken</stop>
    <stop arrival="0:32" departure="0:32">Fjøsanger</stop>
    <stop arrival="0:32" departure="0:32">Langegården</stop>
    <stop arrival="0:33" departure="0:33">Langebekken</stop>
    <stop arrival="0:34" departure="0:34">Kråkenes 1</stop>
    <stop arrival="0:34" departure="0:34">Kråkenes 2 (Kleiva)</stop>
    <stop arrival="0:35" departure="0:35">Bønesskiftet</stop>
    <stop arrival="0:36" departure="0:36">Bøjarnesvegen (Toftegård)</stop>
    <stop arrival="0:36" departure="0:36">Straume (Straumeveien, Fana)</stop>
    <stop arrival="0:38" departure="0:38">Sementbroen</stop>
    <stop arrival="0:40" departure="0:40">Straume bro</stop>
    <stop arrival="0:42" departure="0:42">Søreide v/Hydrostasjonen</stop>
    <stop arrival="0:42" departure="0:42">Søreide skole</stop>
    <stop arrival="0:43" departure="0:43">Grimstadskiftet</stop>
    <stop arrival="0:43" departure="0:43">Dolvik terminal</stop>
    <stop arrival="0:44" departure="0:44">Kokstad Bilhandel</stop>
    <stop arrival="0:47" departure="0:47">BKK , Kokstad</stop>
    <stop arrival="0:50" departure="0:50">Nera</stop>
    <stop arrival="0:51" departure="0:51">Scandic</stop>
    <stop arrival="0:55" departure="0:55">Birkelandskrysset Terminal</stop>
    <stop arrival="0:57" departure="0:57">Blomsterdalen</stop>
    <stop arrival="0:58" departure="0:58">Ådlandsflaten</stop>
    <stop arrival="0:59" departure="0:59">Ådlandsskiftet</stop>
    <stop arrival="1:00" departure="1:00">Kartveitskiftet</stop>
    <stop arrival="1:00" departure="1:00">Heggernesskiftet</stop>
    <stop arrival="1:02" departure="1:02">Ådlandsbro</stop>
    <stop arrival="1:02" departure="1:02">K.Kaland</stop>
    <stop arrival="1:03" departure="1:03">Hjellestadskiftet</stop>
    <stop arrival="1:04" departure="1:04">Seilforeningen</stop>
    <stop arrival="1:05" departure="1:05">Hjellestad post</stop>
    <stop arrival="1:05" departure="1:05">Hjellestad</stop>
    <stop arrival="1:05" departure="1:05">Hjellestad post</stop>
    <stop arrival="1:07" departure="1:07">Seilforeningen</stop>
    <stop arrival="1:09" departure="1:09">Hjellestadskiftet</stop>
    <stop arrival="1:09" departure="1:09">Planteskogen (Milde)</stop>
    <stop arrival="1:11" departure="1:11">Planteskogen (Milde)</stop>
    <stop arrival="1:12" departure="1:12">Grendatunvegen</stop>
    <stop arrival="1:13" departure="1:13">Geilen</stop>
    <stop arrival="1:14" departure="1:14">Fana folkehøgskole (Aboretet)</stop>
    <stop arrival="1:15">Milde</stop>
  </route>
</routes>
