<?xml version="1.0" encoding="UTF-8"?>
<routes>
  <route no="30" destination="Bergen Busstasjon" url="http://www.web2051.no/bin/tp/zuginfo.exe/on/5310/6097/205416/100940/1/" trafficDays="kjører Lø, ikke 1. Mai">
    <stop departure="23:50" routeNo="30">Birkelandskrysset Terminal</stop>
    <stop arrival="23:52" departure="23:52">Birkelandsflaten</stop>
    <stop arrival="23:53" departure="23:53">Birkelandsflaten</stop>
    <stop arrival="23:53" departure="23:53">Sandslislusen</stop>
    <stop arrival="23:53" departure="23:53">Sandslisnuplass</stop>
    <stop arrival="23:54" departure="23:54">Sandsligården</stop>
    <stop arrival="23:55" departure="23:55">Statoil (Sandsli)</stop>
    <stop arrival="23:55" departure="23:55">Statoil stasjon Sandsli</stop>
    <stop arrival="23:56" departure="23:56">Hydro Sandsli</stop>
    <stop arrival="23:56" departure="23:56">Petedalsheia</stop>
    <stop arrival="23:57" departure="23:57">Fanatorget</stop>
    <stop arrival="0:01" departure="0:01">Dolvik terminal</stop>
    <stop arrival="0:01" departure="0:01">Dolvikbakken</stop>
    <stop arrival="0:02" departure="0:02">Søreide skole</stop>
    <stop arrival="0:03" departure="0:03">Søreide v/Hydrostasjonen</stop>
    <stop arrival="0:03" departure="0:03">Straume bro</stop>
    <stop arrival="0:03" departure="0:03">Bergen Motorbåtforening</stop>
    <stop arrival="0:04" departure="0:04">Sementbroen</stop>
    <stop arrival="0:05" departure="0:05">Sandeide terminal</stop>
    <stop arrival="0:07" departure="0:07">Fyllingsdalsveien v/Shell</stop>
    <stop arrival="0:09" departure="0:09">Skarphaugen</stop>
    <stop arrival="0:10" departure="0:10">Oasen Terminal</stop>
    <stop arrival="0:11" departure="0:11">Løvås</stop>
    <stop arrival="0:11" departure="0:11">Nebbeveien</stop>
    <stop arrival="0:11" departure="0:11">Hamregården</stop>
    <stop arrival="0:12" departure="0:12">Sikthaugen</stop>
    <stop arrival="0:15" departure="0:15">Gyldenpris</stop>
    <stop arrival="0:16" departure="0:16">Møhlenpris v/ Industrihuset</stop>
    <stop arrival="0:18" departure="0:18">Nygårdsgaten</stop>
    <stop arrival="0:23">Bergen Busstasjon</stop>
  </route>
  <route no="30" destination="Bergen Busstasjon" url="http://www.web2051.no/bin/tp/zuginfo.exe/on/905091/306086/822784/109698/1/" trafficDays="kjører Ma - Fr, ikke 13., 17., 24. Mai">
    <stop departure="23:50" routeNo="30">Birkelandskrysset Terminal</stop>
    <stop arrival="23:52" departure="23:52">Birkelandsflaten</stop>
    <stop arrival="23:53" departure="23:53">Birkelandsflaten</stop>
    <stop arrival="23:53" departure="23:53">Sandslislusen</stop>
    <stop arrival="23:53" departure="23:53">Sandslisnuplass</stop>
    <stop arrival="23:54" departure="23:54">Sandsligården</stop>
    <stop arrival="23:54" departure="23:54">Statoil (Sandsli)</stop>
    <stop arrival="23:54" departure="23:54">Statoil stasjon Sandsli</stop>
    <stop arrival="23:55" departure="23:55">Hydro Sandsli</stop>
    <stop arrival="23:56" departure="23:56">Petedalsheia</stop>
    <stop arrival="23:56" departure="23:56">Fanatorget</stop>
    <stop arrival="23:58" departure="23:58">Regnbueåsen</stop>
    <stop arrival="0:01" departure="0:01">Skranevegen</stop>
    <stop arrival="0:01" departure="0:01">Dolvik terminal</stop>
    <stop arrival="0:01" departure="0:01">Dolvikbakken</stop>
    <stop arrival="0:02" departure="0:02">Søreide skole</stop>
    <stop arrival="0:03" departure="0:03">Søreide v/Hydrostasjonen</stop>
    <stop arrival="0:03" departure="0:03">Straume bro</stop>
    <stop arrival="0:03" departure="0:03">Bergen Motorbåtforening</stop>
    <stop arrival="0:04" departure="0:04">Sementbroen</stop>
    <stop arrival="0:05" departure="0:05">Sandeide terminal</stop>
    <stop arrival="0:07" departure="0:07">Fyllingsdalsveien v/Shell</stop>
    <stop arrival="0:09" departure="0:09">Skarphaugen</stop>
    <stop arrival="0:10" departure="0:10">Oasen Terminal</stop>
    <stop arrival="0:11" departure="0:11">Løvås</stop>
    <stop arrival="0:11" departure="0:11">Nebbeveien</stop>
    <stop arrival="0:12" departure="0:12">Hamregården</stop>
    <stop arrival="0:13" departure="0:13">Sikthaugen</stop>
    <stop arrival="0:17" departure="0:17">Gyldenpris</stop>
    <stop arrival="0:18" departure="0:18">Møhlenpris v/ Industrihuset</stop>
    <stop arrival="0:20" departure="0:20">Nygårdsgaten</stop>
    <stop arrival="0:25">Bergen Busstasjon</stop>
  </route>
  <route no="30" destination="Bergen Busstasjon" url="http://www.web2051.no/bin/tp/zuginfo.exe/on/123006/45329/361964/139982/1/" trafficDays="kjører Lø, ikke 1. Mai">
    <stop departure="23:50" routeNo="30">Birkelandskrysset Terminal</stop>
    <stop arrival="23:52" departure="23:52">Birkelandsflaten</stop>
    <stop arrival="23:53" departure="23:53">Birkelandsflaten</stop>
    <stop arrival="23:53" departure="23:53">Sandslislusen</stop>
    <stop arrival="23:53" departure="23:53">Sandslisnuplass</stop>
    <stop arrival="23:54" departure="23:54">Sandsligården</stop>
    <stop arrival="23:55" departure="23:55">Statoil (Sandsli)</stop>
    <stop arrival="23:55" departure="23:55">Statoil stasjon Sandsli</stop>
    <stop arrival="23:56" departure="23:56">Hydro Sandsli</stop>
    <stop arrival="23:56" departure="23:56">Petedalsheia</stop>
    <stop arrival="23:57" departure="23:57">Fanatorget</stop>
    <stop arrival="0:01" departure="0:01">Dolvik terminal</stop>
    <stop arrival="0:01" departure="0:01">Dolvikbakken</stop>
    <stop arrival="0:02" departure="0:02">Søreide skole</stop>
    <stop arrival="0:03" departure="0:03">Søreide v/Hydrostasjonen</stop>
    <stop arrival="0:03" departure="0:03">Straume bro</stop>
    <stop arrival="0:03" departure="0:03">Bergen Motorbåtforening</stop>
    <stop arrival="0:04" departure="0:04">Sementbroen</stop>
    <stop arrival="0:05" departure="0:05">Sandeide terminal</stop>
    <stop arrival="0:07" departure="0:07">Fyllingsdalsveien v/Shell</stop>
    <stop arrival="0:09" departure="0:09">Skarphaugen</stop>
    <stop arrival="0:10" departure="0:10">Oasen Terminal</stop>
    <stop arrival="0:11" departure="0:11">Løvås</stop>
    <stop arrival="0:11" departure="0:11">Nebbeveien</stop>
    <stop arrival="0:11" departure="0:11">Hamregården</stop>
    <stop arrival="0:12" departure="0:12">Sikthaugen</stop>
    <stop arrival="0:15" departure="0:15">Gyldenpris</stop>
    <stop arrival="0:16" departure="0:16">Møhlenpris v/ Industrihuset</stop>
    <stop arrival="0:18" departure="0:18">Nygårdsgaten</stop>
    <stop arrival="0:23">Bergen Busstasjon</stop>
  </route>
  <route no="30" destination="Bergen Busstasjon" url="http://www.web2051.no/bin/tp/zuginfo.exe/on/679407/230858/879854/213461/1/" trafficDays="kjører Ma - Fr, ikke 13., 17., 24. Mai">
    <stop departure="23:50" routeNo="30">Birkelandskrysset Terminal</stop>
    <stop arrival="23:52" departure="23:52">Birkelandsflaten</stop>
    <stop arrival="23:53" departure="23:53">Birkelandsflaten</stop>
    <stop arrival="23:53" departure="23:53">Sandslislusen</stop>
    <stop arrival="23:53" departure="23:53">Sandslisnuplass</stop>
    <stop arrival="23:54" departure="23:54">Sandsligården</stop>
    <stop arrival="23:54" departure="23:54">Statoil (Sandsli)</stop>
    <stop arrival="23:54" departure="23:54">Statoil stasjon Sandsli</stop>
    <stop arrival="23:55" departure="23:55">Hydro Sandsli</stop>
    <stop arrival="23:56" departure="23:56">Petedalsheia</stop>
    <stop arrival="23:56" departure="23:56">Fanatorget</stop>
    <stop arrival="23:58" departure="23:58">Regnbueåsen</stop>
    <stop arrival="0:01" departure="0:01">Skranevegen</stop>
    <stop arrival="0:01" departure="0:01">Dolvik terminal</stop>
    <stop arrival="0:01" departure="0:01">Dolvikbakken</stop>
    <stop arrival="0:02" departure="0:02">Søreide skole</stop>
    <stop arrival="0:03" departure="0:03">Søreide v/Hydrostasjonen</stop>
    <stop arrival="0:03" departure="0:03">Straume bro</stop>
    <stop arrival="0:03" departure="0:03">Bergen Motorbåtforening</stop>
    <stop arrival="0:04" departure="0:04">Sementbroen</stop>
    <stop arrival="0:05" departure="0:05">Sandeide terminal</stop>
    <stop arrival="0:07" departure="0:07">Fyllingsdalsveien v/Shell</stop>
    <stop arrival="0:09" departure="0:09">Skarphaugen</stop>
    <stop arrival="0:10" departure="0:10">Oasen Terminal</stop>
    <stop arrival="0:11" departure="0:11">Løvås</stop>
    <stop arrival="0:11" departure="0:11">Nebbeveien</stop>
    <stop arrival="0:12" departure="0:12">Hamregården</stop>
    <stop arrival="0:13" departure="0:13">Sikthaugen</stop>
    <stop arrival="0:17" departure="0:17">Gyldenpris</stop>
    <stop arrival="0:18" departure="0:18">Møhlenpris v/ Industrihuset</stop>
    <stop arrival="0:20" departure="0:20">Nygårdsgaten</stop>
    <stop arrival="0:25">Bergen Busstasjon</stop>
  </route>
  <route no="30" destination="Birkelandskrysset Terminal" url="http://www.web2051.no/bin/tp/zuginfo.exe/on/275577/96249/552910/184597/1/" trafficDays="kjører Ti - Lø, ikke 14., 18., 25. Mai">
    <stop departure="0:05" routeNo="30">Bergen Busstasjon</stop>
    <stop arrival="0:10" departure="0:10">Olav Kyrres gate</stop>
    <stop arrival="0:11" departure="0:11">Møhlenpris v/ Industrihuset</stop>
    <stop arrival="0:12" departure="0:12">Gyldenpris</stop>
    <stop arrival="0:15" departure="0:15">Løvstakktunnelen</stop>
    <stop arrival="0:16" departure="0:16">Sikthaugen</stop>
    <stop arrival="0:16" departure="0:16">Hamregården</stop>
    <stop arrival="0:17" departure="0:17">Nebbeveien</stop>
    <stop arrival="0:17" departure="0:17">Løvås</stop>
    <stop arrival="0:18" departure="0:18">Oasen Terminal</stop>
    <stop arrival="0:18" departure="0:18">Skarphaugen</stop>
    <stop arrival="0:19" departure="0:19">Fyllingdsalsveien v/Shell</stop>
    <stop arrival="0:20" departure="0:20">Sandeide terminal</stop>
    <stop arrival="0:23" departure="0:23">Bjørgeveien</stop>
    <stop arrival="0:25" departure="0:25">Sementbroen</stop>
    <stop arrival="0:27" departure="0:27">Straume bro</stop>
    <stop arrival="0:29" departure="0:29">Søreide v/Hydrostasjonen</stop>
    <stop arrival="0:29" departure="0:29">Søreide skole</stop>
    <stop arrival="0:30" departure="0:30">Grimstadskiftet</stop>
    <stop arrival="0:30" departure="0:30">Dolvik terminal</stop>
    <stop arrival="0:30" departure="0:30">Skranevegen</stop>
    <stop arrival="0:31" departure="0:31">Regnbueåsen</stop>
    <stop arrival="0:32" departure="0:32">Fanatorget</stop>
    <stop arrival="0:33" departure="0:33">Petedalsheia</stop>
    <stop arrival="0:34" departure="0:34">Hydro Sandsli</stop>
    <stop arrival="0:35" departure="0:35">Statoil (Sandsli)</stop>
    <stop arrival="0:37" departure="0:37">Sandsligården</stop>
    <stop arrival="0:38" departure="0:38">Sandslisnuplass</stop>
    <stop arrival="0:38" departure="0:38">Sandslislusen</stop>
    <stop arrival="0:39" departure="0:39">Birkelandsflaten</stop>
    <stop arrival="0:42" departure="0:42">Birkelandsflaten</stop>
    <stop arrival="0:45">Birkelandskrysset Terminal</stop>
  </route>
  <route no="30" destination="Birkelandskrysset Terminal" url="http://www.web2051.no/bin/tp/zuginfo.exe/on/38973/17298/529328/251674/1/" trafficDays="kjører Ma, også 2., 14., 18., 25. Mai">
    <stop departure="0:05" routeNo="30">Bergen Busstasjon</stop>
    <stop arrival="0:10" departure="0:10">Olav Kyrres gate</stop>
    <stop arrival="0:11" departure="0:11">Møhlenpris v/ Industrihuset</stop>
    <stop arrival="0:12" departure="0:12">Gyldenpris</stop>
    <stop arrival="0:15" departure="0:15">Løvstakktunnelen</stop>
    <stop arrival="0:16" departure="0:16">Sikthaugen</stop>
    <stop arrival="0:16" departure="0:16">Hamregården</stop>
    <stop arrival="0:17" departure="0:17">Nebbeveien</stop>
    <stop arrival="0:17" departure="0:17">Løvås</stop>
    <stop arrival="0:18" departure="0:18">Oasen Terminal</stop>
    <stop arrival="0:19" departure="0:19">Skarphaugen</stop>
    <stop arrival="0:21" departure="0:21">Fyllingdsalsveien v/Shell</stop>
    <stop arrival="0:23" departure="0:23">Sandeide terminal</stop>
    <stop arrival="0:25" departure="0:25">Bjørgeveien</stop>
    <stop arrival="0:27" departure="0:27">Sementbroen</stop>
    <stop arrival="0:29" departure="0:29">Straume bro</stop>
    <stop arrival="0:30" departure="0:30">Søreide v/Hydrostasjonen</stop>
    <stop arrival="0:31" departure="0:31">Dolvik terminal</stop>
    <stop arrival="0:34" departure="0:34">Fanatorget</stop>
    <stop arrival="0:35" departure="0:35">Petedalsheia</stop>
    <stop arrival="0:35" departure="0:35">Hydro Sandsli</stop>
    <stop arrival="0:36" departure="0:36">Statoil (Sandsli)</stop>
    <stop arrival="0:37" departure="0:37">Sandsligården</stop>
    <stop arrival="0:38" departure="0:38">Sandslisnuplass</stop>
    <stop arrival="0:38" departure="0:38">Sandslislusen</stop>
    <stop arrival="0:39" departure="0:39">Birkelandsflaten</stop>
    <stop arrival="0:42" departure="0:42">Birkelandsflaten</stop>
    <stop arrival="0:45">Birkelandskrysset Terminal</stop>
  </route>
  <route no="30" destination="Birkelandskrysset Terminal" url="http://www.web2051.no/bin/tp/zuginfo.exe/on/31065/14684/241366/110328/1/" trafficDays="kjører Sø, ikke 2. Mai">
    <stop departure="0:05" routeNo="30">Bergen Busstasjon</stop>
    <stop arrival="0:10" departure="0:10">Olav Kyrres gate</stop>
    <stop arrival="0:11" departure="0:11">Møhlenpris v/ Industrihuset</stop>
    <stop arrival="0:12" departure="0:12">Gyldenpris</stop>
    <stop arrival="0:15" departure="0:15">Løvstakktunnelen</stop>
    <stop arrival="0:16" departure="0:16">Sikthaugen</stop>
    <stop arrival="0:16" departure="0:16">Hamregården</stop>
    <stop arrival="0:17" departure="0:17">Nebbeveien</stop>
    <stop arrival="0:17" departure="0:17">Løvås</stop>
    <stop arrival="0:18" departure="0:18">Oasen Terminal</stop>
    <stop arrival="0:19" departure="0:19">Skarphaugen</stop>
    <stop arrival="0:21" departure="0:21">Fyllingdsalsveien v/Shell</stop>
    <stop arrival="0:23" departure="0:23">Sandeide terminal</stop>
    <stop arrival="0:25" departure="0:25">Bjørgeveien</stop>
    <stop arrival="0:27" departure="0:27">Sementbroen</stop>
    <stop arrival="0:29" departure="0:29">Straume bro</stop>
    <stop arrival="0:30" departure="0:30">Søreide v/Hydrostasjonen</stop>
    <stop arrival="0:31" departure="0:31">Søreide skole</stop>
    <stop arrival="0:31" departure="0:31">Dolvik terminal</stop>
    <stop arrival="0:34" departure="0:34">Fanatorget</stop>
    <stop arrival="0:35" departure="0:35">Petedalsheia</stop>
    <stop arrival="0:35" departure="0:35">Hydro Sandsli</stop>
    <stop arrival="0:36" departure="0:36">Statoil (Sandsli)</stop>
    <stop arrival="0:37" departure="0:37">Sandsligården</stop>
    <stop arrival="0:38" departure="0:38">Sandslisnuplass</stop>
    <stop arrival="0:38" departure="0:38">Sandslislusen</stop>
    <stop arrival="0:39" departure="0:39">Birkelandsflaten</stop>
    <stop arrival="0:42" departure="0:42">Birkelandsflaten</stop>
    <stop arrival="0:45">Birkelandskrysset Terminal</stop>
  </route>
  <route no="525" destination="Milde" url="http://www.web2051.no/bin/tp/zuginfo.exe/on/510396/175458/7144/166563/1/" trafficDays="kjører Ma, også 2., 14., 18., 25. Mai">
    <stop departure="0:25" routeNo="525">Bergen Busstasjon</stop>
    <stop arrival="0:27" departure="0:27">Danmarksplass</stop>
    <stop arrival="0:27" departure="0:27">Solheimsgaten</stop>
    <stop arrival="0:28" departure="0:28">Reperbanen</stop>
    <stop arrival="0:28" departure="0:28">Fjøsangerveien/ Minde Allè</stop>
    <stop arrival="0:28" departure="0:28">Kristianborg</stop>
    <stop arrival="0:29" departure="0:29">Grønnestølsbakken</stop>
    <stop arrival="0:29" departure="0:29">Fjøsanger</stop>
    <stop arrival="0:29" departure="0:29">Langegården</stop>
    <stop arrival="0:30" departure="0:30">Langebekken</stop>
    <stop arrival="0:30" departure="0:30">Kråkenes 1</stop>
    <stop arrival="0:31" departure="0:31">Kråkenes 2 (Kleiva)</stop>
    <stop arrival="0:31" departure="0:31">Bønesskiftet</stop>
    <stop arrival="0:32" departure="0:32">Bøjarnesvegen (Toftegård)</stop>
    <stop arrival="0:32" departure="0:32">Straume (Straumeveien, Fana)</stop>
    <stop arrival="0:35" departure="0:35">Sementbroen</stop>
    <stop arrival="0:37" departure="0:37">Straume bro</stop>
    <stop arrival="0:40" departure="0:40">Søreide v/Hydrostasjonen</stop>
    <stop arrival="0:41" departure="0:41">Søreide skole</stop>
    <stop arrival="0:41" departure="0:41">Dolvik terminal</stop>
    <stop arrival="0:42" departure="0:42">Kokstad Bilhandel</stop>
    <stop arrival="0:44" departure="0:44">BKK , Kokstad</stop>
    <stop arrival="0:46" departure="0:46">Nera</stop>
    <stop arrival="0:47" departure="0:47">Scandic</stop>
    <stop arrival="0:50" departure="0:50">Birkelandskrysset Terminal</stop>
    <stop arrival="0:51" departure="0:51">Blomsterdalen</stop>
    <stop arrival="0:51" departure="0:51">Ådlandsflaten</stop>
    <stop arrival="0:52" departure="0:52">Ådlandsskiftet</stop>
    <stop arrival="0:52" departure="0:52">Kartveitskiftet</stop>
    <stop arrival="0:52" departure="0:52">Heggernesskiftet</stop>
    <stop arrival="0:53" departure="0:53">Ådlandsbro</stop>
    <stop arrival="0:53" departure="0:53">K.Kaland</stop>
    <stop arrival="0:53" departure="0:53">Hjellestadskiftet</stop>
    <stop arrival="0:56" departure="0:56">Seilforeningen</stop>
    <stop arrival="0:59" departure="0:59">Hjellestad post</stop>
    <stop arrival="1:00" departure="1:00">Hjellestad</stop>
    <stop arrival="1:00" departure="1:00">Hjellestad post</stop>
    <stop arrival="1:02" departure="1:02">Seilforeningen</stop>
    <stop arrival="1:04" departure="1:04">Hjellestadskiftet</stop>
    <stop arrival="1:04" departure="1:04">Planteskogen (Milde)</stop>
    <stop arrival="1:06" departure="1:06">Planteskogen (Milde)</stop>
    <stop arrival="1:07" departure="1:07">Grendatunvegen</stop>
    <stop arrival="1:08" departure="1:08">Geilen</stop>
    <stop arrival="1:09" departure="1:09">Fana folkehøgskole (Aboretet)</stop>
    <stop arrival="1:10">Milde</stop>
  </route>
  <route no="525" destination="Milde" url="http://www.web2051.no/bin/tp/zuginfo.exe/on/145737/53915/542408/222628/1/" trafficDays="kjører Sø, ikke 2. Mai">
    <stop departure="0:25" routeNo="525">Bergen Busstasjon</stop>
    <stop arrival="0:27" departure="0:27">Danmarksplass</stop>
    <stop arrival="0:28" departure="0:28">Solheimsgaten</stop>
    <stop arrival="0:28" departure="0:28">Reperbanen</stop>
    <stop arrival="0:29" departure="0:29">Fjøsangerveien/ Minde Allè</stop>
    <stop arrival="0:30" departure="0:30">Kristianborg</stop>
    <stop arrival="0:30" departure="0:30">Grønnestølsbakken</stop>
    <stop arrival="0:31" departure="0:31">Fjøsanger</stop>
    <stop arrival="0:31" departure="0:31">Langegården</stop>
    <stop arrival="0:32" departure="0:32">Langebekken</stop>
    <stop arrival="0:32" departure="0:32">Kråkenes 1</stop>
    <stop arrival="0:32" departure="0:32">Kråkenes 2 (Kleiva)</stop>
    <stop arrival="0:33" departure="0:33">Bønesskiftet</stop>
    <stop arrival="0:33" departure="0:33">Bøjarnesvegen (Toftegård)</stop>
    <stop arrival="0:33" departure="0:33">Straume (Straumeveien, Fana)</stop>
    <stop arrival="0:36" departure="0:36">Sementbroen</stop>
    <stop arrival="0:38" departure="0:38">Straume bro</stop>
    <stop arrival="0:40" departure="0:40">Søreide v/Hydrostasjonen</stop>
    <stop arrival="0:41" departure="0:41">Søreide skole</stop>
    <stop arrival="0:41" departure="0:41">Dolvik terminal</stop>
    <stop arrival="0:42" departure="0:42">Kokstad Bilhandel</stop>
    <stop arrival="0:44" departure="0:44">BKK , Kokstad</stop>
    <stop arrival="0:46" departure="0:46">Nera</stop>
    <stop arrival="0:47" departure="0:47">Scandic</stop>
    <stop arrival="0:50" departure="0:50">Birkelandskrysset Terminal</stop>
    <stop arrival="0:51" departure="0:51">Blomsterdalen</stop>
    <stop arrival="0:51" departure="0:51">Ådlandsflaten</stop>
    <stop arrival="0:52" departure="0:52">Ådlandsskiftet</stop>
    <stop arrival="0:52" departure="0:52">Kartveitskiftet</stop>
    <stop arrival="0:52" departure="0:52">Heggernesskiftet</stop>
    <stop arrival="0:53" departure="0:53">Ådlandsbro</stop>
    <stop arrival="0:53" departure="0:53">K.Kaland</stop>
    <stop arrival="0:53" departure="0:53">Hjellestadskiftet</stop>
    <stop arrival="0:56" departure="0:56">Seilforeningen</stop>
    <stop arrival="0:59" departure="0:59">Hjellestad post</stop>
    <stop arrival="1:00" departure="1:00">Hjellestad</stop>
    <stop arrival="1:00" departure="1:00">Hjellestad post</stop>
    <stop arrival="1:02" departure="1:02">Seilforeningen</stop>
    <stop arrival="1:04" departure="1:04">Hjellestadskiftet</stop>
    <stop arrival="1:04" departure="1:04">Planteskogen (Milde)</stop>
    <stop arrival="1:06" departure="1:06">Planteskogen (Milde)</stop>
    <stop arrival="1:07" departure="1:07">Grendatunvegen</stop>
    <stop arrival="1:08" departure="1:08">Geilen</stop>
    <stop arrival="1:09" departure="1:09">Fana folkehøgskole (Aboretet)</stop>
    <stop arrival="1:10">Milde</stop>
  </route>
  <route no="525" destination="Milde" url="http://www.web2051.no/bin/tp/zuginfo.exe/on/969957/328707/113728/266456/1/" trafficDays="kjører Ti - Lø, ikke 14., 18., 25. Mai">
    <stop departure="0:25" routeNo="525">Bergen Busstasjon</stop>
    <stop arrival="0:28" departure="0:28">Danmarksplass</stop>
    <stop arrival="0:28" departure="0:28">Solheimsgaten</stop>
    <stop arrival="0:29" departure="0:29">Reperbanen</stop>
    <stop arrival="0:29" departure="0:29">Fjøsangerveien/ Minde Allè</stop>
    <stop arrival="0:30" departure="0:30">Kristianborg</stop>
    <stop arrival="0:31" departure="0:31">Grønnestølsbakken</stop>
    <stop arrival="0:32" departure="0:32">Fjøsanger</stop>
    <stop arrival="0:32" departure="0:32">Langegården</stop>
    <stop arrival="0:33" departure="0:33">Langebekken</stop>
    <stop arrival="0:34" departure="0:34">Kråkenes 1</stop>
    <stop arrival="0:34" departure="0:34">Kråkenes 2 (Kleiva)</stop>
    <stop arrival="0:35" departure="0:35">Bønesskiftet</stop>
    <stop arrival="0:36" departure="0:36">Bøjarnesvegen (Toftegård)</stop>
    <stop arrival="0:36" departure="0:36">Straume (Straumeveien, Fana)</stop>
    <stop arrival="0:38" departure="0:38">Sementbroen</stop>
    <stop arrival="0:40" departure="0:40">Straume bro</stop>
    <stop arrival="0:42" departure="0:42">Søreide v/Hydrostasjonen</stop>
    <stop arrival="0:42" departure="0:42">Søreide skole</stop>
    <stop arrival="0:43" departure="0:43">Grimstadskiftet</stop>
    <stop arrival="0:43" departure="0:43">Dolvik terminal</stop>
    <stop arrival="0:44" departure="0:44">Kokstad Bilhandel</stop>
    <stop arrival="0:47" departure="0:47">BKK , Kokstad</stop>
    <stop arrival="0:50" departure="0:50">Nera</stop>
    <stop arrival="0:51" departure="0:51">Scandic</stop>
    <stop arrival="0:55" departure="0:55">Birkelandskrysset Terminal</stop>
    <stop arrival="0:57" departure="0:57">Blomsterdalen</stop>
    <stop arrival="0:58" departure="0:58">Ådlandsflaten</stop>
    <stop arrival="0:59" departure="0:59">Ådlandsskiftet</stop>
    <stop arrival="1:00" departure="1:00">Kartveitskiftet</stop>
    <stop arrival="1:00" departure="1:00">Heggernesskiftet</stop>
    <stop arrival="1:02" departure="1:02">Ådlandsbro</stop>
    <stop arrival="1:02" departure="1:02">K.Kaland</stop>
    <stop arrival="1:03" departure="1:03">Hjellestadskiftet</stop>
    <stop arrival="1:04" departure="1:04">Seilforeningen</stop>
    <stop arrival="1:05" departure="1:05">Hjellestad post</stop>
    <stop arrival="1:05" departure="1:05">Hjellestad</stop>
    <stop arrival="1:05" departure="1:05">Hjellestad post</stop>
    <stop arrival="1:07" departure="1:07">Seilforeningen</stop>
    <stop arrival="1:09" departure="1:09">Hjellestadskiftet</stop>
    <stop arrival="1:09" departure="1:09">Planteskogen (Milde)</stop>
    <stop arrival="1:11" departure="1:11">Planteskogen (Milde)</stop>
    <stop arrival="1:12" departure="1:12">Grendatunvegen</stop>
    <stop arrival="1:13" departure="1:13">Geilen</stop>
    <stop arrival="1:14" departure="1:14">Fana folkehøgskole (Aboretet)</stop>
    <stop arrival="1:15">Milde</stop>
  </route>
</routes>
