<?xml version="1.0" encoding="UTF-8"?>
<routes>
  <route no="454" destination="Skogsskiftet term." url="http://www.web2051.no/bin/tp/zuginfo.exe/on/909987/305451/431176/87741/1/" trafficDays="kjører Lø">
    <stop departure="0:10" routeNo="454">Bergen Busstasjon</stop>
    <stop arrival="0:11" departure="0:11">Olav Kyrres gate</stop>
    <stop arrival="0:13" departure="0:13">Møhlenpris v/ Industrihuset</stop>
    <stop arrival="0:18" departure="0:18">Lyngbø Motorvei R555</stop>
    <stop arrival="0:24" departure="0:24">Frida Fasmer R555</stop>
    <stop arrival="0:25" departure="0:25">Storavatnet term.</stop>
    <stop arrival="0:27" departure="0:27">Breivikskiftet</stop>
    <stop arrival="0:29" departure="0:29">Drotningsvik Rv 555</stop>
    <stop arrival="0:31" departure="0:31">Knarrevik</stop>
    <stop arrival="0:35" departure="0:35">Straume term.</stop>
    <stop arrival="0:36" departure="0:36">Bildøy</stop>
    <stop arrival="0:39" departure="0:39">Fjell Blommen</stop>
    <stop arrival="0:39" departure="0:39">Fjell Heljedalen</stop>
    <stop arrival="0:40" departure="0:40">Fjell</stop>
    <stop arrival="0:40" departure="0:40">Fjell kyrkje</stop>
    <stop arrival="0:40" departure="0:40">Fjell Leite</stop>
    <stop arrival="0:41" departure="0:41">Fjell Søre</stop>
    <stop arrival="0:41" departure="0:41">Fjell Podlagrinda</stop>
    <stop arrival="0:42" departure="0:42">Fjell Krossleite</stop>
    <stop arrival="0:42" departure="0:42">Fjell søre Krossleite</stop>
    <stop arrival="0:43" departure="0:43">Tellnesskogen</stop>
    <stop arrival="0:44" departure="0:44">Tellnes Bruabrekko</stop>
    <stop arrival="0:45" departure="0:45">Tellnesskiftet</stop>
    <stop arrival="0:45" departure="0:45">Tellnes skule</stop>
    <stop arrival="0:47" departure="0:47">Dala (Fjell)</stop>
    <stop arrival="0:47" departure="0:47">Dala (Fjell)</stop>
    <stop arrival="0:48" departure="0:48">Dalseide (Fjell)</stop>
    <stop arrival="0:53" departure="0:53">Trengereid Slettebakken (Fjell</stop>
    <stop arrival="0:54" departure="0:54">Trengereid (Fjell)</stop>
    <stop arrival="0:55" departure="0:55">Skogsskiftet term.</stop>
    <stop arrival="0:58" departure="0:58">Hammersland (Sund)</stop>
    <stop arrival="0:58" departure="0:58">Hammersland (Sund)</stop>
    <stop arrival="0:59" departure="0:59">Eidesjøen Tveitaneset</stop>
    <stop arrival="1:00" departure="1:00">Eidesjøen</stop>
    <stop arrival="1:01" departure="1:01">Eidesund</stop>
    <stop arrival="1:02" departure="1:02">Vorland nord</stop>
    <stop arrival="1:03" departure="1:03">Vorland</stop>
    <stop arrival="1:04" departure="1:04">Vorland Haugeheim</stop>
    <stop arrival="1:05" departure="1:05">Berge (Sund)</stop>
    <stop arrival="1:06" departure="1:06">Berge (Sund)</stop>
    <stop arrival="1:06" departure="1:06">Bakka (Sund)</stop>
    <stop arrival="1:07" departure="1:07">Hamre kryss (Sund)</stop>
    <stop arrival="1:07" departure="1:07">Hamre (Sund)</stop>
    <stop arrival="1:09" departure="1:09">Steinslandskitfet (Sund)</stop>
    <stop arrival="1:10" departure="1:10">Steinslansd Trena (Sund)</stop>
    <stop arrival="1:11" departure="1:11">Steinsland Ungdomshus (Sund)</stop>
    <stop arrival="1:12" departure="1:12">Stranda Skole</stop>
    <stop arrival="1:12" departure="1:12">Forlandskiftet</stop>
    <stop arrival="1:14" departure="1:14">Kleppe utmark (Sund)</stop>
    <stop arrival="1:15" departure="1:15">Kleppe barnehage (Sund)</stop>
    <stop arrival="1:15" departure="1:15">Kleppe (Sund)</stop>
    <stop arrival="1:16" departure="1:16">Kleppevik (Sund)</stop>
    <stop arrival="1:16" departure="1:16">Høyland Bakeriet (Sund)</stop>
    <stop arrival="1:17" departure="1:17">Høyland (Sund)</stop>
    <stop arrival="1:18" departure="1:18">Høyland grustaket (Sund)</stop>
    <stop arrival="1:19" departure="1:19">Førdestraumen sør (Sund)</stop>
    <stop arrival="1:19" departure="1:19">Førdestraumen (Sund)</stop>
    <stop arrival="1:20" departure="1:20">Førde Melkevik (Sund)</stop>
    <stop arrival="1:21" departure="1:21">Førde (Sund)</stop>
    <stop arrival="1:22" departure="1:22">Førde Stauradalen (Sund)</stop>
    <stop arrival="1:23" departure="1:23">Klokkarvik Børnes</stop>
    <stop arrival="1:24" departure="1:24">Klokkarvik Sund barneskule</stop>
    <stop arrival="1:24" departure="1:24">Klokkarvik Limavåg</stop>
    <stop arrival="1:25" departure="1:25">Klokkarvik</stop>
    <stop arrival="1:26" departure="1:26">Klokkarvik Kyrkjevegen</stop>
    <stop arrival="1:26" departure="1:26">Klokkarvik Stølen</stop>
    <stop arrival="1:26" departure="1:26">Klokkarvik Laksen</stop>
    <stop arrival="1:27" departure="1:27">Sundskogen</stop>
    <stop arrival="1:28" departure="1:28">Skogsvåg Oppedal</stop>
    <stop arrival="1:29" departure="1:29">Skogsvåg Dommedalen</stop>
    <stop arrival="1:30" departure="1:30">Skogsvåg Aurabekken</stop>
    <stop arrival="1:30" departure="1:30">Sangoltskiftet</stop>
    <stop arrival="1:31" departure="1:31">Skogsvåg gamle skule</stop>
    <stop arrival="1:34" departure="1:34">Skoge Kvalvågen (Sund)</stop>
    <stop arrival="1:36" departure="1:36">Skoge (Sund)</stop>
    <stop arrival="1:38" departure="1:38">Skogsskiftet Midtstegen</stop>
    <stop arrival="1:39" departure="1:39">Skogsskiftet Hald Stadion</stop>
    <stop arrival="1:40">Skogsskiftet term.</stop>
  </route>
</routes>
