<?xml version="1.0" encoding="UTF-8"?>
<routes>
  <route no="24" destination="Smørås snuplass" url="http://www.web2051.no/bin/tp/zuginfo.exe/on/502869/171784/345314/5034/1/" trafficDays="kjører Sø, også 1., 13., 17., 24. Mai">
    <stop departure="23:40" routeNo="24">Olav Kyrres gate</stop>
    <stop arrival="23:45" departure="23:45">Bergen Busstasjon</stop>
    <stop arrival="23:49" departure="23:49">Danmarksplass</stop>
    <stop arrival="23:50" departure="23:50">Solheimsgaten</stop>
    <stop arrival="23:51" departure="23:51">Reperbanen</stop>
    <stop arrival="23:52" departure="23:52">Fjøsangerveien/ Minde Allè</stop>
    <stop arrival="23:55" departure="23:55">Minde</stop>
    <stop arrival="23:56" departure="23:56">Elvebakken</stop>
    <stop arrival="23:57" departure="23:57">Storetveit</stop>
    <stop arrival="23:57" departure="23:57">Fantoft</stop>
    <stop arrival="23:58" departure="23:58">Nydalen</stop>
    <stop arrival="23:59" departure="23:59">Paradis</stop>
    <stop arrival="0:00" departure="0:00">Tveiteråsskiftet</stop>
    <stop arrival="0:01" departure="0:01">Hopsbro</stop>
    <stop arrival="0:03" departure="0:03">Hopstangen</stop>
    <stop arrival="0:04" departure="0:04">Nesttun terminal</stop>
    <stop arrival="0:04" departure="0:04">Nesttun</stop>
    <stop arrival="0:06" departure="0:06">Nesttunhallen</stop>
    <stop arrival="0:06" departure="0:06">Gamle kyrkjeveg</stop>
    <stop arrival="0:06" departure="0:06">Tranevegen</stop>
    <stop arrival="0:07" departure="0:07">Hjortevegen</stop>
    <stop arrival="0:07" departure="0:07">Dådyrvegen</stop>
    <stop arrival="0:08" departure="0:08">Nedre Smøråsvegen</stop>
    <stop arrival="0:09" departure="0:09">Smørås</stop>
    <stop arrival="0:10">Smørås snuplass</stop>
  </route>
  <route no="513" destination="Rådal ved Lagunen" url="http://www.web2051.no/bin/tp/zuginfo.exe/on/577968/197939/299304/43004/1/" trafficDays="kjører Sø, ikke 2. Mai">
    <stop departure="0:15" routeNo="513">Nesttun terminal</stop>
    <stop arrival="0:15" departure="0:15">Nesttun</stop>
    <stop arrival="0:17" departure="0:17">Nesttunhallen</stop>
    <stop arrival="0:17" departure="0:17">Gamle kyrkjeveg</stop>
    <stop arrival="0:17" departure="0:17">Tranevegen</stop>
    <stop arrival="0:18" departure="0:18">Hjortevegen</stop>
    <stop arrival="0:18" departure="0:18">Dådyrvegen</stop>
    <stop arrival="0:19" departure="0:19">Nedre Smøråsvegen</stop>
    <stop arrival="0:20" departure="0:20">Smørås</stop>
    <stop arrival="0:21" departure="0:21">Smørås snuplass</stop>
    <stop arrival="0:22" departure="0:22">Smørås</stop>
    <stop arrival="0:23" departure="0:23">Nedre Smøråsvegen</stop>
    <stop arrival="0:23" departure="0:23">Dådyrvegen</stop>
    <stop arrival="0:24" departure="0:24">Hjortevegen</stop>
    <stop arrival="0:24" departure="0:24">Dyrhaugen</stop>
    <stop arrival="0:25" departure="0:25">Skjold (Fana)</stop>
    <stop arrival="0:30">Rådal ved Lagunen</stop>
  </route>
</routes>
