<?xml version="1.0" encoding="UTF-8"?>
<routes>
  <route no="465" destination="Ågotnes terminal" url="http://www.web2051.no/bin/tp/zuginfo.exe/on/53496/20126/331214/147775/1/" trafficDays="kjører Lø">
    <stop departure="0:10" routeNo="465">Bergen Busstasjon</stop>
    <stop arrival="0:11" departure="0:11">Olav Kyrres gate</stop>
    <stop arrival="0:13" departure="0:13">Møhlenpris v/ Industrihuset</stop>
    <stop arrival="0:18" departure="0:18">Lyngbø Motorvei R555</stop>
    <stop arrival="0:24" departure="0:24">Frida Fasmer R555</stop>
    <stop arrival="0:25" departure="0:25">Storavatnet term.</stop>
    <stop arrival="0:27" departure="0:27">Breivikskiftet</stop>
    <stop arrival="0:28" departure="0:28">Drotningsvik Rv 555</stop>
    <stop arrival="0:30" departure="0:30">Knarrevik</stop>
    <stop arrival="0:35" departure="0:35">Straume term.</stop>
    <stop arrival="0:37" departure="0:37">Bildøy</stop>
    <stop arrival="0:41" departure="0:41">Fjell Blommen</stop>
    <stop arrival="0:41" departure="0:41">Fjell Heljedalen</stop>
    <stop arrival="0:42" departure="0:42">Fjell</stop>
    <stop arrival="0:42" departure="0:42">Fjell kyrkje</stop>
    <stop arrival="0:43" departure="0:43">Fjell Kleivane</stop>
    <stop arrival="0:44" departure="0:44">Fjell Prestasmauet</stop>
    <stop arrival="0:44" departure="0:44">Fjell Litlakvilet</stop>
    <stop arrival="0:45" departure="0:45">Ulveseth</stop>
    <stop arrival="0:46" departure="0:46">Ulveseth skule</stop>
    <stop arrival="0:46" departure="0:46">Ytre Ulveseth</stop>
    <stop arrival="0:47" departure="0:47">Møvik Halsvarden (Fjell)</stop>
    <stop arrival="0:48" departure="0:48">Møvik, Åse kryss</stop>
    <stop arrival="0:49" departure="0:49">Møvik (Fjell)</stop>
    <stop arrival="0:49" departure="0:49">Møvik, Leirvik</stop>
    <stop arrival="0:50" departure="0:50">Skålevik utmark (Fjell)</stop>
    <stop arrival="0:51" departure="0:51">Skålevik gravplass (Fjell)</stop>
    <stop arrival="0:51" departure="0:51">Skålevik stølen (Fjell)</stop>
    <stop arrival="0:52" departure="0:52">Skålevik Kuaneset (Fjell)</stop>
    <stop arrival="0:53" departure="0:53">Skålevik skule (Fjell)</stop>
    <stop arrival="0:53" departure="0:53">Algrøy kryss</stop>
    <stop arrival="0:54" departure="0:54">Sekkingstad (Apalvågen)</stop>
    <stop arrival="0:55" departure="0:55">Sekkingstad (Lillebø)</stop>
    <stop arrival="0:55" departure="0:55">Sekkingstad (bakketoppen)</stop>
    <stop arrival="0:56" departure="0:56">Sekkingstad (butikken)</stop>
    <stop arrival="0:57" departure="0:57">Sekkingstad (Skjenavatne)</stop>
    <stop arrival="0:57" departure="0:57">Sekkingstad (Møyvatn)</stop>
    <stop arrival="0:58" departure="0:58">Sekkingstad Glattkjøringsbane</stop>
    <stop arrival="0:59" departure="0:59">Kårtveit (Nymark)</stop>
    <stop arrival="1:00" departure="1:00">Kårtveit (Snekkerbua)</stop>
    <stop arrival="1:01" departure="1:01">Kårtveit Eide kryss</stop>
    <stop arrival="1:01" departure="1:01">Kårtveit Eide butikk</stop>
    <stop arrival="1:02" departure="1:02">Kårtveit (Fjell)</stop>
    <stop arrival="1:02" departure="1:02">Kårtveit Nordli</stop>
    <stop arrival="1:04" departure="1:04">Kårtveit (gamleskule)</stop>
    <stop arrival="1:05">Ågotnes terminal</stop>
  </route>
</routes>
