<?xml version="1.0" encoding="UTF-8"?>
<routes>
  <route no="80" destination="Oasen Terminal" url="http://www.web2051.no/bin/tp/zuginfo.exe/on/346416/120241/806456/287757/1/" trafficDays="kjører Ma - Lø, også 2. Mai">
    <stop departure="0:00" routeNo="80">Flaktveit snuplass</stop>
    <stop arrival="0:01" departure="0:01">Breimyra</stop>
    <stop arrival="0:02" departure="0:02">Ulvhøyen</stop>
    <stop arrival="0:03" departure="0:03">Træsgrenda (Ulsberglia)</stop>
    <stop arrival="0:04" departure="0:04">Flaktveitsvingane</stop>
    <stop arrival="0:05" departure="0:05">Flaktveitrinden</stop>
    <stop arrival="0:07" departure="0:07">Lid (Åsane)</stop>
    <stop arrival="0:08" departure="0:08">Liakroken</stop>
    <stop arrival="0:09" departure="0:09">Industrihuset</stop>
    <stop arrival="0:10" departure="0:10">Gullgruven</stop>
    <stop arrival="0:12" departure="0:12">Nyborg</stop>
    <stop arrival="0:13" departure="0:13">Salhuskrysset</stop>
    <stop arrival="0:14" departure="0:14">Litleåskryss</stop>
    <stop arrival="0:14" departure="0:14">Rollandskrysset</stop>
    <stop arrival="0:15" departure="0:15">Åsane terminal</stop>
    <stop arrival="0:20" departure="0:20">Eidsvåg</stop>
    <stop arrival="0:22" departure="0:22">Handelshøyskolen</stop>
    <stop arrival="0:23" departure="0:23">Nyhavnsvei (Gamle Bergen)</stop>
    <stop arrival="0:24" departure="0:24">Munkebotten</stop>
    <stop arrival="0:25" departure="0:25">Ludebryggen</stop>
    <stop arrival="0:27" departure="0:27">Sandvikstorget</stop>
    <stop arrival="0:29" departure="0:29">Skutevikstorget</stop>
    <stop arrival="0:29" departure="0:29">Bontelabo</stop>
    <stop arrival="0:30" departure="0:30">Slottsgaten</stop>
    <stop arrival="0:31" departure="0:31">Bryggen</stop>
    <stop arrival="0:32" departure="0:32">Olav Kyrres gate</stop>
    <stop arrival="0:37" departure="0:37">Bergen Busstasjon</stop>
    <stop arrival="0:40" departure="0:40">Gyldenpris</stop>
    <stop arrival="0:44" departure="0:44">Løvstakktunnelen</stop>
    <stop arrival="0:44" departure="0:44">Sikthaugen</stop>
    <stop arrival="0:46" departure="0:46">Lynghaug skole</stop>
    <stop arrival="0:46" departure="0:46">Dag Hammarskjølds vei</stop>
    <stop arrival="0:47" departure="0:47">Træet (Benshaugen)</stop>
    <stop arrival="0:48" departure="0:48">Hjalmar Brantings vei</stop>
    <stop arrival="0:48" departure="0:48">Sælemyr</stop>
    <stop arrival="0:49" departure="0:49">Lyshovden skole</stop>
    <stop arrival="0:49" departure="0:49">Ortustranden</stop>
    <stop arrival="0:50" departure="0:50">Smiberget</stop>
    <stop arrival="0:51" departure="0:51">Torgny Segersteds vei</stop>
    <stop arrival="0:52" departure="0:52">Sælen skole</stop>
    <stop arrival="0:54" departure="0:54">Skarphaugen</stop>
    <stop arrival="0:55">Oasen Terminal</stop>
  </route>
  <route no="80" destination="Oasen Terminal" url="http://www.web2051.no/bin/tp/zuginfo.exe/on/102576/38980/408758/170199/1/" trafficDays="kjører Sø, ikke 2. Mai">
    <stop departure="0:00" routeNo="80">Flaktveit snuplass</stop>
    <stop arrival="0:01" departure="0:01">Breimyra</stop>
    <stop arrival="0:02" departure="0:02">Ulvhøyen</stop>
    <stop arrival="0:03" departure="0:03">Træsgrenda (Ulsberglia)</stop>
    <stop arrival="0:04" departure="0:04">Flaktveitsvingane</stop>
    <stop arrival="0:05" departure="0:05">Flaktveitrinden</stop>
    <stop arrival="0:07" departure="0:07">Lid (Åsane)</stop>
    <stop arrival="0:08" departure="0:08">Liakroken</stop>
    <stop arrival="0:09" departure="0:09">Industrihuset</stop>
    <stop arrival="0:10" departure="0:10">Gullgruven</stop>
    <stop arrival="0:12" departure="0:12">Nyborg</stop>
    <stop arrival="0:13" departure="0:13">Salhuskrysset</stop>
    <stop arrival="0:14" departure="0:14">Litleåskryss</stop>
    <stop arrival="0:14" departure="0:14">Rollandskrysset</stop>
    <stop arrival="0:15" departure="0:15">Åsane terminal</stop>
    <stop arrival="0:20" departure="0:20">Eidsvåg</stop>
    <stop arrival="0:22" departure="0:22">Handelshøyskolen</stop>
    <stop arrival="0:23" departure="0:23">Nyhavnsvei (Gamle Bergen)</stop>
    <stop arrival="0:24" departure="0:24">Munkebotten</stop>
    <stop arrival="0:25" departure="0:25">Ludebryggen</stop>
    <stop arrival="0:27" departure="0:27">Sandvikstorget</stop>
    <stop arrival="0:29" departure="0:29">Skutevikstorget</stop>
    <stop arrival="0:29" departure="0:29">Bontelabo</stop>
    <stop arrival="0:30" departure="0:30">Slottsgaten</stop>
    <stop arrival="0:31" departure="0:31">Bryggen</stop>
    <stop arrival="0:32" departure="0:32">Olav Kyrres gate</stop>
    <stop arrival="0:37" departure="0:37">Bergen Busstasjon</stop>
    <stop arrival="0:42" departure="0:42">Gyldenpris</stop>
    <stop arrival="0:46" departure="0:46">Løvstakktunnelen</stop>
    <stop arrival="0:46" departure="0:46">Sikthaugen</stop>
    <stop arrival="0:48" departure="0:48">Lynghaug skole</stop>
    <stop arrival="0:48" departure="0:48">Dag Hammarskjølds vei</stop>
    <stop arrival="0:49" departure="0:49">Træet (Benshaugen)</stop>
    <stop arrival="0:50" departure="0:50">Hjalmar Brantings vei</stop>
    <stop arrival="0:50" departure="0:50">Sælemyr</stop>
    <stop arrival="0:51" departure="0:51">Lyshovden skole</stop>
    <stop arrival="0:51" departure="0:51">Ortustranden</stop>
    <stop arrival="0:52" departure="0:52">Smiberget</stop>
    <stop arrival="0:53" departure="0:53">Torgny Segersteds vei</stop>
    <stop arrival="0:54" departure="0:54">Sælen skole</stop>
    <stop arrival="0:56" departure="0:56">Skarphaugen</stop>
    <stop arrival="0:57">Oasen Terminal</stop>
  </route>
  <route no="80" destination="Bergen Busstasjon" url="http://www.web2051.no/bin/tp/zuginfo.exe/on/124758/46379/159902/38365/1/" trafficDays="kjører Sø, ikke 2. Mai">
    <stop departure="0:00" routeNo="80">Flaktveit snuplass</stop>
    <stop arrival="0:01" departure="0:01">Breimyra</stop>
    <stop arrival="0:02" departure="0:02">Ulvhøyen</stop>
    <stop arrival="0:03" departure="0:03">Træsgrenda (Ulsberglia)</stop>
    <stop arrival="0:04" departure="0:04">Flaktveitsvingane</stop>
    <stop arrival="0:05" departure="0:05">Flaktveitrinden</stop>
    <stop arrival="0:07" departure="0:07">Lid (Åsane)</stop>
    <stop arrival="0:08" departure="0:08">Liakroken</stop>
    <stop arrival="0:09" departure="0:09">Industrihuset</stop>
    <stop arrival="0:10" departure="0:10">Gullgruven</stop>
    <stop arrival="0:12" departure="0:12">Nyborg</stop>
    <stop arrival="0:13" departure="0:13">Salhuskrysset</stop>
    <stop arrival="0:14" departure="0:14">Litleåskryss</stop>
    <stop arrival="0:14" departure="0:14">Rollandskrysset</stop>
    <stop arrival="0:15" departure="0:15">Åsane terminal</stop>
    <stop arrival="0:20" departure="0:20">Eidsvåg</stop>
    <stop arrival="0:22" departure="0:22">Handelshøyskolen</stop>
    <stop arrival="0:23" departure="0:23">Nyhavnsvei (Gamle Bergen)</stop>
    <stop arrival="0:24" departure="0:24">Munkebotten</stop>
    <stop arrival="0:25" departure="0:25">Ludebryggen</stop>
    <stop arrival="0:27" departure="0:27">Sandvikstorget</stop>
    <stop arrival="0:29" departure="0:29">Skutevikstorget</stop>
    <stop arrival="0:29" departure="0:29">Bontelabo</stop>
    <stop arrival="0:30" departure="0:30">Slottsgaten</stop>
    <stop arrival="0:31" departure="0:31">Bryggen</stop>
    <stop arrival="0:32" departure="0:32">Olav Kyrres gate</stop>
    <stop arrival="0:35">Bergen Busstasjon</stop>
  </route>
  <route no="80" destination="Oasen Terminal" url="http://www.web2051.no/bin/tp/zuginfo.exe/on/392655/135654/973328/355780/1/" trafficDays="kjører Ma - Lø, også 2. Mai">
    <stop departure="0:00" routeNo="80">Flaktveit snuplass</stop>
    <stop arrival="0:01" departure="0:01">Breimyra</stop>
    <stop arrival="0:02" departure="0:02">Ulvhøyen</stop>
    <stop arrival="0:03" departure="0:03">Træsgrenda (Ulsberglia)</stop>
    <stop arrival="0:04" departure="0:04">Flaktveitsvingane</stop>
    <stop arrival="0:05" departure="0:05">Flaktveitrinden</stop>
    <stop arrival="0:07" departure="0:07">Lid (Åsane)</stop>
    <stop arrival="0:08" departure="0:08">Liakroken</stop>
    <stop arrival="0:09" departure="0:09">Industrihuset</stop>
    <stop arrival="0:10" departure="0:10">Gullgruven</stop>
    <stop arrival="0:12" departure="0:12">Nyborg</stop>
    <stop arrival="0:13" departure="0:13">Salhuskrysset</stop>
    <stop arrival="0:14" departure="0:14">Litleåskryss</stop>
    <stop arrival="0:14" departure="0:14">Rollandskrysset</stop>
    <stop arrival="0:15" departure="0:15">Åsane terminal</stop>
    <stop arrival="0:20" departure="0:20">Eidsvåg</stop>
    <stop arrival="0:22" departure="0:22">Handelshøyskolen</stop>
    <stop arrival="0:23" departure="0:23">Nyhavnsvei (Gamle Bergen)</stop>
    <stop arrival="0:24" departure="0:24">Munkebotten</stop>
    <stop arrival="0:25" departure="0:25">Ludebryggen</stop>
    <stop arrival="0:27" departure="0:27">Sandvikstorget</stop>
    <stop arrival="0:29" departure="0:29">Skutevikstorget</stop>
    <stop arrival="0:29" departure="0:29">Bontelabo</stop>
    <stop arrival="0:30" departure="0:30">Slottsgaten</stop>
    <stop arrival="0:31" departure="0:31">Bryggen</stop>
    <stop arrival="0:32" departure="0:32">Olav Kyrres gate</stop>
    <stop arrival="0:37" departure="0:37">Bergen Busstasjon</stop>
    <stop arrival="0:40" departure="0:40">Gyldenpris</stop>
    <stop arrival="0:44" departure="0:44">Løvstakktunnelen</stop>
    <stop arrival="0:44" departure="0:44">Sikthaugen</stop>
    <stop arrival="0:46" departure="0:46">Lynghaug skole</stop>
    <stop arrival="0:46" departure="0:46">Dag Hammarskjølds vei</stop>
    <stop arrival="0:47" departure="0:47">Træet (Benshaugen)</stop>
    <stop arrival="0:48" departure="0:48">Hjalmar Brantings vei</stop>
    <stop arrival="0:48" departure="0:48">Sælemyr</stop>
    <stop arrival="0:49" departure="0:49">Lyshovden skole</stop>
    <stop arrival="0:49" departure="0:49">Ortustranden</stop>
    <stop arrival="0:50" departure="0:50">Smiberget</stop>
    <stop arrival="0:51" departure="0:51">Torgny Segersteds vei</stop>
    <stop arrival="0:52" departure="0:52">Sælen skole</stop>
    <stop arrival="0:54" departure="0:54">Skarphaugen</stop>
    <stop arrival="0:55">Oasen Terminal</stop>
  </route>
  <route no="80" destination="Oasen Terminal" url="http://www.web2051.no/bin/tp/zuginfo.exe/on/140562/51642/778552/342434/1/" trafficDays="kjører Sø, ikke 2. Mai">
    <stop departure="0:00" routeNo="80">Flaktveit snuplass</stop>
    <stop arrival="0:01" departure="0:01">Breimyra</stop>
    <stop arrival="0:02" departure="0:02">Ulvhøyen</stop>
    <stop arrival="0:03" departure="0:03">Træsgrenda (Ulsberglia)</stop>
    <stop arrival="0:04" departure="0:04">Flaktveitsvingane</stop>
    <stop arrival="0:05" departure="0:05">Flaktveitrinden</stop>
    <stop arrival="0:07" departure="0:07">Lid (Åsane)</stop>
    <stop arrival="0:08" departure="0:08">Liakroken</stop>
    <stop arrival="0:09" departure="0:09">Industrihuset</stop>
    <stop arrival="0:10" departure="0:10">Gullgruven</stop>
    <stop arrival="0:12" departure="0:12">Nyborg</stop>
    <stop arrival="0:13" departure="0:13">Salhuskrysset</stop>
    <stop arrival="0:14" departure="0:14">Litleåskryss</stop>
    <stop arrival="0:14" departure="0:14">Rollandskrysset</stop>
    <stop arrival="0:15" departure="0:15">Åsane terminal</stop>
    <stop arrival="0:20" departure="0:20">Eidsvåg</stop>
    <stop arrival="0:22" departure="0:22">Handelshøyskolen</stop>
    <stop arrival="0:23" departure="0:23">Nyhavnsvei (Gamle Bergen)</stop>
    <stop arrival="0:24" departure="0:24">Munkebotten</stop>
    <stop arrival="0:25" departure="0:25">Ludebryggen</stop>
    <stop arrival="0:27" departure="0:27">Sandvikstorget</stop>
    <stop arrival="0:29" departure="0:29">Skutevikstorget</stop>
    <stop arrival="0:29" departure="0:29">Bontelabo</stop>
    <stop arrival="0:30" departure="0:30">Slottsgaten</stop>
    <stop arrival="0:31" departure="0:31">Bryggen</stop>
    <stop arrival="0:32" departure="0:32">Olav Kyrres gate</stop>
    <stop arrival="0:37" departure="0:37">Bergen Busstasjon</stop>
    <stop arrival="0:42" departure="0:42">Gyldenpris</stop>
    <stop arrival="0:46" departure="0:46">Løvstakktunnelen</stop>
    <stop arrival="0:46" departure="0:46">Sikthaugen</stop>
    <stop arrival="0:48" departure="0:48">Lynghaug skole</stop>
    <stop arrival="0:48" departure="0:48">Dag Hammarskjølds vei</stop>
    <stop arrival="0:49" departure="0:49">Træet (Benshaugen)</stop>
    <stop arrival="0:50" departure="0:50">Hjalmar Brantings vei</stop>
    <stop arrival="0:50" departure="0:50">Sælemyr</stop>
    <stop arrival="0:51" departure="0:51">Lyshovden skole</stop>
    <stop arrival="0:51" departure="0:51">Ortustranden</stop>
    <stop arrival="0:52" departure="0:52">Smiberget</stop>
    <stop arrival="0:53" departure="0:53">Torgny Segersteds vei</stop>
    <stop arrival="0:54" departure="0:54">Sælen skole</stop>
    <stop arrival="0:56" departure="0:56">Skarphaugen</stop>
    <stop arrival="0:57">Oasen Terminal</stop>
  </route>
  <route no="80" destination="Bergen Busstasjon" url="http://www.web2051.no/bin/tp/zuginfo.exe/on/871524/295301/983930/201457/1/" trafficDays="kjører Sø, ikke 2. Mai">
    <stop departure="0:00" routeNo="80">Flaktveit snuplass</stop>
    <stop arrival="0:01" departure="0:01">Breimyra</stop>
    <stop arrival="0:02" departure="0:02">Ulvhøyen</stop>
    <stop arrival="0:03" departure="0:03">Træsgrenda (Ulsberglia)</stop>
    <stop arrival="0:04" departure="0:04">Flaktveitsvingane</stop>
    <stop arrival="0:05" departure="0:05">Flaktveitrinden</stop>
    <stop arrival="0:07" departure="0:07">Lid (Åsane)</stop>
    <stop arrival="0:08" departure="0:08">Liakroken</stop>
    <stop arrival="0:09" departure="0:09">Industrihuset</stop>
    <stop arrival="0:10" departure="0:10">Gullgruven</stop>
    <stop arrival="0:12" departure="0:12">Nyborg</stop>
    <stop arrival="0:13" departure="0:13">Salhuskrysset</stop>
    <stop arrival="0:14" departure="0:14">Litleåskryss</stop>
    <stop arrival="0:14" departure="0:14">Rollandskrysset</stop>
    <stop arrival="0:15" departure="0:15">Åsane terminal</stop>
    <stop arrival="0:20" departure="0:20">Eidsvåg</stop>
    <stop arrival="0:22" departure="0:22">Handelshøyskolen</stop>
    <stop arrival="0:23" departure="0:23">Nyhavnsvei (Gamle Bergen)</stop>
    <stop arrival="0:24" departure="0:24">Munkebotten</stop>
    <stop arrival="0:25" departure="0:25">Ludebryggen</stop>
    <stop arrival="0:27" departure="0:27">Sandvikstorget</stop>
    <stop arrival="0:29" departure="0:29">Skutevikstorget</stop>
    <stop arrival="0:29" departure="0:29">Bontelabo</stop>
    <stop arrival="0:30" departure="0:30">Slottsgaten</stop>
    <stop arrival="0:31" departure="0:31">Bryggen</stop>
    <stop arrival="0:32" departure="0:32">Olav Kyrres gate</stop>
    <stop arrival="0:35">Bergen Busstasjon</stop>
  </route>
  <route no="80" destination="Flaktveit snuplass" url="http://www.web2051.no/bin/tp/zuginfo.exe/on/476274/163550/835286/258885/1/" trafficDays="kjører Lø, ikke 1. Mai">
    <stop departure="23:30" routeNo="80">Oasen Terminal</stop>
    <stop arrival="23:32" departure="23:32">Skarphaugen</stop>
    <stop arrival="23:33" departure="23:33">Sælen skole</stop>
    <stop arrival="23:34" departure="23:34">Torgny Segersteds vei</stop>
    <stop arrival="23:35" departure="23:35">Smiberget</stop>
    <stop arrival="23:35" departure="23:35">Ortustranden</stop>
    <stop arrival="23:36" departure="23:36">Lyshovden skole</stop>
    <stop arrival="23:36" departure="23:36">Sælemyr</stop>
    <stop arrival="23:37" departure="23:37">Hjalmar Brantings vei</stop>
    <stop arrival="23:38" departure="23:38">Træet (Benshaugen)</stop>
    <stop arrival="23:38" departure="23:38">Dag Hammarskjølds vei</stop>
    <stop arrival="23:39" departure="23:39">Lynghaug skole</stop>
    <stop arrival="23:39" departure="23:39">Hamregården</stop>
    <stop arrival="23:40" departure="23:40">Sikthaugen</stop>
    <stop arrival="23:44" departure="23:44">Gyldenpris</stop>
    <stop arrival="23:48" departure="23:48">Bergen Busstasjon</stop>
    <stop arrival="23:51" departure="23:51">Christies gate (Festplassen)</stop>
    <stop arrival="23:54" departure="23:54">Torget (Bergen)</stop>
    <stop arrival="23:55" departure="23:55">Bryggen</stop>
    <stop arrival="23:55" departure="23:55">Slottsgaten</stop>
    <stop arrival="23:56" departure="23:56">Bontelabo</stop>
    <stop arrival="23:57" departure="23:57">Skutevikstorget</stop>
    <stop arrival="23:58" departure="23:58">Sjøgaten</stop>
    <stop arrival="23:58" departure="23:58">Sandvikstorget</stop>
    <stop arrival="23:59" departure="23:59">Ludebryggen</stop>
    <stop arrival="23:59" departure="23:59">Munkebotten</stop>
    <stop arrival="0:01" departure="0:01">Nyhavnsvei (Gamle Bergen)</stop>
    <stop arrival="0:02" departure="0:02">Handelshøyskolen</stop>
    <stop arrival="0:04" departure="0:04">Eidsvåg</stop>
    <stop arrival="0:09" departure="0:09">Åsane terminal</stop>
    <stop arrival="0:10" departure="0:10">Rollandskrysset</stop>
    <stop arrival="0:10" departure="0:10">Litleåskryss</stop>
    <stop arrival="0:11" departure="0:11">Salhuskrysset</stop>
    <stop arrival="0:12" departure="0:12">Nyborg</stop>
    <stop arrival="0:14" departure="0:14">Gullgruven</stop>
    <stop arrival="0:15" departure="0:15">Industrihuset</stop>
    <stop arrival="0:16" departure="0:16">Liakroken</stop>
    <stop arrival="0:17" departure="0:17">Lid (Åsane)</stop>
    <stop arrival="0:19" departure="0:19">Flaktveitrinden</stop>
    <stop arrival="0:20" departure="0:20">Flaktveitsvingane</stop>
    <stop arrival="0:21" departure="0:21">Træsgrenda (Ulsberglia)</stop>
    <stop arrival="0:22" departure="0:22">Ulvhøyen</stop>
    <stop arrival="0:23" departure="0:23">Breimyra</stop>
    <stop arrival="0:24">Flaktveit snuplass</stop>
  </route>
  <route no="80" destination="Flaktveit snuplass" url="http://www.web2051.no/bin/tp/zuginfo.exe/on/222594/78990/221222/36413/1/" trafficDays="kjører Lø, ikke 1. Mai">
    <stop departure="23:30" routeNo="80">Oasen Terminal</stop>
    <stop arrival="23:32" departure="23:32">Skarphaugen</stop>
    <stop arrival="23:33" departure="23:33">Sælen skole</stop>
    <stop arrival="23:34" departure="23:34">Torgny Segersteds vei</stop>
    <stop arrival="23:35" departure="23:35">Smiberget</stop>
    <stop arrival="23:35" departure="23:35">Ortustranden</stop>
    <stop arrival="23:36" departure="23:36">Lyshovden skole</stop>
    <stop arrival="23:36" departure="23:36">Sælemyr</stop>
    <stop arrival="23:37" departure="23:37">Hjalmar Brantings vei</stop>
    <stop arrival="23:38" departure="23:38">Træet (Benshaugen)</stop>
    <stop arrival="23:38" departure="23:38">Dag Hammarskjølds vei</stop>
    <stop arrival="23:39" departure="23:39">Lynghaug skole</stop>
    <stop arrival="23:39" departure="23:39">Hamregården</stop>
    <stop arrival="23:40" departure="23:40">Sikthaugen</stop>
    <stop arrival="23:44" departure="23:44">Gyldenpris</stop>
    <stop arrival="23:48" departure="23:48">Bergen Busstasjon</stop>
    <stop arrival="23:51" departure="23:51">Christies gate (Festplassen)</stop>
    <stop arrival="23:54" departure="23:54">Torget (Bergen)</stop>
    <stop arrival="23:55" departure="23:55">Bryggen</stop>
    <stop arrival="23:55" departure="23:55">Slottsgaten</stop>
    <stop arrival="23:56" departure="23:56">Bontelabo</stop>
    <stop arrival="23:57" departure="23:57">Skutevikstorget</stop>
    <stop arrival="23:58" departure="23:58">Sjøgaten</stop>
    <stop arrival="23:58" departure="23:58">Sandvikstorget</stop>
    <stop arrival="23:59" departure="23:59">Ludebryggen</stop>
    <stop arrival="23:59" departure="23:59">Munkebotten</stop>
    <stop arrival="0:01" departure="0:01">Nyhavnsvei (Gamle Bergen)</stop>
    <stop arrival="0:02" departure="0:02">Handelshøyskolen</stop>
    <stop arrival="0:04" departure="0:04">Eidsvåg</stop>
    <stop arrival="0:09" departure="0:09">Åsane terminal</stop>
    <stop arrival="0:10" departure="0:10">Rollandskrysset</stop>
    <stop arrival="0:10" departure="0:10">Litleåskryss</stop>
    <stop arrival="0:11" departure="0:11">Salhuskrysset</stop>
    <stop arrival="0:12" departure="0:12">Nyborg</stop>
    <stop arrival="0:14" departure="0:14">Gullgruven</stop>
    <stop arrival="0:15" departure="0:15">Industrihuset</stop>
    <stop arrival="0:16" departure="0:16">Liakroken</stop>
    <stop arrival="0:17" departure="0:17">Lid (Åsane)</stop>
    <stop arrival="0:19" departure="0:19">Flaktveitrinden</stop>
    <stop arrival="0:20" departure="0:20">Flaktveitsvingane</stop>
    <stop arrival="0:21" departure="0:21">Træsgrenda (Ulsberglia)</stop>
    <stop arrival="0:22" departure="0:22">Ulvhøyen</stop>
    <stop arrival="0:23" departure="0:23">Breimyra</stop>
    <stop arrival="0:24">Flaktveit snuplass</stop>
  </route>
  <route no="80" destination="Flaktveit snuplass" url="http://www.web2051.no/bin/tp/zuginfo.exe/on/389358/134616/772370/256400/1/" trafficDays="kjører Ma - Fr, ikke 13., 17., 24. Mai">
    <stop departure="23:35" routeNo="80">Oasen Terminal</stop>
    <stop arrival="23:37" departure="23:37">Skarphaugen</stop>
    <stop arrival="23:38" departure="23:38">Sælen skole</stop>
    <stop arrival="23:39" departure="23:39">Torgny Segersteds vei</stop>
    <stop arrival="23:40" departure="23:40">Smiberget</stop>
    <stop arrival="23:40" departure="23:40">Ortustranden</stop>
    <stop arrival="23:41" departure="23:41">Lyshovden skole</stop>
    <stop arrival="23:41" departure="23:41">Sælemyr</stop>
    <stop arrival="23:42" departure="23:42">Hjalmar Brantings vei</stop>
    <stop arrival="23:43" departure="23:43">Træet (Benshaugen)</stop>
    <stop arrival="23:43" departure="23:43">Dag Hammarskjølds vei</stop>
    <stop arrival="23:43" departure="23:43">Lynghaug skole</stop>
    <stop arrival="23:44" departure="23:44">Hamregården</stop>
    <stop arrival="23:44" departure="23:44">Sikthaugen</stop>
    <stop arrival="23:48" departure="23:48">Gyldenpris</stop>
    <stop arrival="23:53" departure="23:53">Bergen Busstasjon</stop>
    <stop arrival="23:55" departure="23:55">Christies gate (Festplassen)</stop>
    <stop arrival="23:58" departure="23:58">Torget (Bergen)</stop>
    <stop arrival="23:59" departure="23:59">Bryggen</stop>
    <stop arrival="23:59" departure="23:59">Slottsgaten</stop>
    <stop arrival="0:00" departure="0:00">Bontelabo</stop>
    <stop arrival="0:01" departure="0:01">Skutevikstorget</stop>
    <stop arrival="0:02" departure="0:02">Sjøgaten</stop>
    <stop arrival="0:02" departure="0:02">Sandvikstorget</stop>
    <stop arrival="0:03" departure="0:03">Ludebryggen</stop>
    <stop arrival="0:03" departure="0:03">Munkebotten</stop>
    <stop arrival="0:05" departure="0:05">Nyhavnsvei (Gamle Bergen)</stop>
    <stop arrival="0:06" departure="0:06">Handelshøyskolen</stop>
    <stop arrival="0:08" departure="0:08">Eidsvåg</stop>
    <stop arrival="0:13" departure="0:13">Åsane terminal</stop>
    <stop arrival="0:14" departure="0:14">Rollandskrysset</stop>
    <stop arrival="0:14" departure="0:14">Litleåskryss</stop>
    <stop arrival="0:15" departure="0:15">Salhuskrysset</stop>
    <stop arrival="0:16" departure="0:16">Nyborg</stop>
    <stop arrival="0:18" departure="0:18">Gullgruven</stop>
    <stop arrival="0:19" departure="0:19">Industrihuset</stop>
    <stop arrival="0:20" departure="0:20">Liakroken</stop>
    <stop arrival="0:21" departure="0:21">Lid (Åsane)</stop>
    <stop arrival="0:23" departure="0:23">Flaktveitrinden</stop>
    <stop arrival="0:24" departure="0:24">Flaktveitsvingane</stop>
    <stop arrival="0:25" departure="0:25">Træsgrenda (Ulsberglia)</stop>
    <stop arrival="0:26" departure="0:26">Ulvhøyen</stop>
    <stop arrival="0:27" departure="0:27">Breimyra</stop>
    <stop arrival="0:28">Flaktveit snuplass</stop>
  </route>
  <route no="80" destination="Flaktveit snuplass" url="http://www.web2051.no/bin/tp/zuginfo.exe/on/380673/131721/383080/64650/1/" trafficDays="kjører Ma - Fr, ikke 13., 17., 24. Mai">
    <stop departure="23:35" routeNo="80">Oasen Terminal</stop>
    <stop arrival="23:37" departure="23:37">Skarphaugen</stop>
    <stop arrival="23:38" departure="23:38">Sælen skole</stop>
    <stop arrival="23:39" departure="23:39">Torgny Segersteds vei</stop>
    <stop arrival="23:40" departure="23:40">Smiberget</stop>
    <stop arrival="23:40" departure="23:40">Ortustranden</stop>
    <stop arrival="23:41" departure="23:41">Lyshovden skole</stop>
    <stop arrival="23:41" departure="23:41">Sælemyr</stop>
    <stop arrival="23:42" departure="23:42">Hjalmar Brantings vei</stop>
    <stop arrival="23:43" departure="23:43">Træet (Benshaugen)</stop>
    <stop arrival="23:43" departure="23:43">Dag Hammarskjølds vei</stop>
    <stop arrival="23:43" departure="23:43">Lynghaug skole</stop>
    <stop arrival="23:44" departure="23:44">Hamregården</stop>
    <stop arrival="23:44" departure="23:44">Sikthaugen</stop>
    <stop arrival="23:48" departure="23:48">Gyldenpris</stop>
    <stop arrival="23:53" departure="23:53">Bergen Busstasjon</stop>
    <stop arrival="23:55" departure="23:55">Christies gate (Festplassen)</stop>
    <stop arrival="23:58" departure="23:58">Torget (Bergen)</stop>
    <stop arrival="23:59" departure="23:59">Bryggen</stop>
    <stop arrival="23:59" departure="23:59">Slottsgaten</stop>
    <stop arrival="0:00" departure="0:00">Bontelabo</stop>
    <stop arrival="0:01" departure="0:01">Skutevikstorget</stop>
    <stop arrival="0:02" departure="0:02">Sjøgaten</stop>
    <stop arrival="0:02" departure="0:02">Sandvikstorget</stop>
    <stop arrival="0:03" departure="0:03">Ludebryggen</stop>
    <stop arrival="0:03" departure="0:03">Munkebotten</stop>
    <stop arrival="0:05" departure="0:05">Nyhavnsvei (Gamle Bergen)</stop>
    <stop arrival="0:06" departure="0:06">Handelshøyskolen</stop>
    <stop arrival="0:08" departure="0:08">Eidsvåg</stop>
    <stop arrival="0:13" departure="0:13">Åsane terminal</stop>
    <stop arrival="0:14" departure="0:14">Rollandskrysset</stop>
    <stop arrival="0:14" departure="0:14">Litleåskryss</stop>
    <stop arrival="0:15" departure="0:15">Salhuskrysset</stop>
    <stop arrival="0:16" departure="0:16">Nyborg</stop>
    <stop arrival="0:18" departure="0:18">Gullgruven</stop>
    <stop arrival="0:19" departure="0:19">Industrihuset</stop>
    <stop arrival="0:20" departure="0:20">Liakroken</stop>
    <stop arrival="0:21" departure="0:21">Lid (Åsane)</stop>
    <stop arrival="0:23" departure="0:23">Flaktveitrinden</stop>
    <stop arrival="0:24" departure="0:24">Flaktveitsvingane</stop>
    <stop arrival="0:25" departure="0:25">Træsgrenda (Ulsberglia)</stop>
    <stop arrival="0:26" departure="0:26">Ulvhøyen</stop>
    <stop arrival="0:27" departure="0:27">Breimyra</stop>
    <stop arrival="0:28">Flaktveit snuplass</stop>
  </route>
  <route no="80" destination="Flaktveit snuplass" url="http://www.web2051.no/bin/tp/zuginfo.exe/on/91179/35185/900012/419614/1/" trafficDays="kjører Sø, ikke 2. Mai">
    <stop departure="0:00" routeNo="80">Oasen Terminal</stop>
    <stop arrival="0:02" departure="0:02">Skarphaugen</stop>
    <stop arrival="0:03" departure="0:03">Sælen skole</stop>
    <stop arrival="0:04" departure="0:04">Torgny Segersteds vei</stop>
    <stop arrival="0:05" departure="0:05">Smiberget</stop>
    <stop arrival="0:05" departure="0:05">Ortustranden</stop>
    <stop arrival="0:06" departure="0:06">Lyshovden skole</stop>
    <stop arrival="0:06" departure="0:06">Sælemyr</stop>
    <stop arrival="0:07" departure="0:07">Hjalmar Brantings vei</stop>
    <stop arrival="0:08" departure="0:08">Træet (Benshaugen)</stop>
    <stop arrival="0:08" departure="0:08">Dag Hammarskjølds vei</stop>
    <stop arrival="0:09" departure="0:09">Lynghaug skole</stop>
    <stop arrival="0:09" departure="0:09">Hamregården</stop>
    <stop arrival="0:10" departure="0:10">Sikthaugen</stop>
    <stop arrival="0:14" departure="0:14">Gyldenpris</stop>
    <stop arrival="0:18" departure="0:18">Bergen Busstasjon</stop>
    <stop arrival="0:21" departure="0:21">Christies gate (Festplassen)</stop>
    <stop arrival="0:24" departure="0:24">Torget (Bergen)</stop>
    <stop arrival="0:25" departure="0:25">Bryggen</stop>
    <stop arrival="0:25" departure="0:25">Slottsgaten</stop>
    <stop arrival="0:26" departure="0:26">Bontelabo</stop>
    <stop arrival="0:27" departure="0:27">Skutevikstorget</stop>
    <stop arrival="0:28" departure="0:28">Sjøgaten</stop>
    <stop arrival="0:28" departure="0:28">Sandvikstorget</stop>
    <stop arrival="0:29" departure="0:29">Ludebryggen</stop>
    <stop arrival="0:29" departure="0:29">Munkebotten</stop>
    <stop arrival="0:31" departure="0:31">Nyhavnsvei (Gamle Bergen)</stop>
    <stop arrival="0:32" departure="0:32">Handelshøyskolen</stop>
    <stop arrival="0:34" departure="0:34">Eidsvåg</stop>
    <stop arrival="0:39" departure="0:39">Åsane terminal</stop>
    <stop arrival="0:40" departure="0:40">Rollandskrysset</stop>
    <stop arrival="0:40" departure="0:40">Litleåskryss</stop>
    <stop arrival="0:41" departure="0:41">Salhuskrysset</stop>
    <stop arrival="0:42" departure="0:42">Nyborg</stop>
    <stop arrival="0:44" departure="0:44">Gullgruven</stop>
    <stop arrival="0:45" departure="0:45">Industrihuset</stop>
    <stop arrival="0:46" departure="0:46">Liakroken</stop>
    <stop arrival="0:47" departure="0:47">Lid (Åsane)</stop>
    <stop arrival="0:49" departure="0:49">Flaktveitrinden</stop>
    <stop arrival="0:50" departure="0:50">Flaktveitsvingane</stop>
    <stop arrival="0:51" departure="0:51">Træsgrenda (Ulsberglia)</stop>
    <stop arrival="0:52" departure="0:52">Ulvhøyen</stop>
    <stop arrival="0:53" departure="0:53">Breimyra</stop>
    <stop arrival="0:54">Flaktveit snuplass</stop>
  </route>
  <route no="80" destination="Flaktveit snuplass" url="http://www.web2051.no/bin/tp/zuginfo.exe/on/129912/48096/741058/327226/1/" trafficDays="kjører Sø, ikke 2. Mai">
    <stop departure="0:00" routeNo="80">Oasen Terminal</stop>
    <stop arrival="0:02" departure="0:02">Skarphaugen</stop>
    <stop arrival="0:03" departure="0:03">Sælen skole</stop>
    <stop arrival="0:04" departure="0:04">Torgny Segersteds vei</stop>
    <stop arrival="0:05" departure="0:05">Smiberget</stop>
    <stop arrival="0:05" departure="0:05">Ortustranden</stop>
    <stop arrival="0:06" departure="0:06">Lyshovden skole</stop>
    <stop arrival="0:06" departure="0:06">Sælemyr</stop>
    <stop arrival="0:07" departure="0:07">Hjalmar Brantings vei</stop>
    <stop arrival="0:08" departure="0:08">Træet (Benshaugen)</stop>
    <stop arrival="0:08" departure="0:08">Dag Hammarskjølds vei</stop>
    <stop arrival="0:09" departure="0:09">Lynghaug skole</stop>
    <stop arrival="0:09" departure="0:09">Hamregården</stop>
    <stop arrival="0:10" departure="0:10">Sikthaugen</stop>
    <stop arrival="0:14" departure="0:14">Gyldenpris</stop>
    <stop arrival="0:18" departure="0:18">Bergen Busstasjon</stop>
    <stop arrival="0:21" departure="0:21">Christies gate (Festplassen)</stop>
    <stop arrival="0:24" departure="0:24">Torget (Bergen)</stop>
    <stop arrival="0:25" departure="0:25">Bryggen</stop>
    <stop arrival="0:25" departure="0:25">Slottsgaten</stop>
    <stop arrival="0:26" departure="0:26">Bontelabo</stop>
    <stop arrival="0:27" departure="0:27">Skutevikstorget</stop>
    <stop arrival="0:28" departure="0:28">Sjøgaten</stop>
    <stop arrival="0:28" departure="0:28">Sandvikstorget</stop>
    <stop arrival="0:29" departure="0:29">Ludebryggen</stop>
    <stop arrival="0:29" departure="0:29">Munkebotten</stop>
    <stop arrival="0:31" departure="0:31">Nyhavnsvei (Gamle Bergen)</stop>
    <stop arrival="0:32" departure="0:32">Handelshøyskolen</stop>
    <stop arrival="0:34" departure="0:34">Eidsvåg</stop>
    <stop arrival="0:39" departure="0:39">Åsane terminal</stop>
    <stop arrival="0:40" departure="0:40">Rollandskrysset</stop>
    <stop arrival="0:40" departure="0:40">Litleåskryss</stop>
    <stop arrival="0:41" departure="0:41">Salhuskrysset</stop>
    <stop arrival="0:42" departure="0:42">Nyborg</stop>
    <stop arrival="0:44" departure="0:44">Gullgruven</stop>
    <stop arrival="0:45" departure="0:45">Industrihuset</stop>
    <stop arrival="0:46" departure="0:46">Liakroken</stop>
    <stop arrival="0:47" departure="0:47">Lid (Åsane)</stop>
    <stop arrival="0:49" departure="0:49">Flaktveitrinden</stop>
    <stop arrival="0:50" departure="0:50">Flaktveitsvingane</stop>
    <stop arrival="0:51" departure="0:51">Træsgrenda (Ulsberglia)</stop>
    <stop arrival="0:52" departure="0:52">Ulvhøyen</stop>
    <stop arrival="0:53" departure="0:53">Breimyra</stop>
    <stop arrival="0:54">Flaktveit snuplass</stop>
  </route>
  <route no="80" destination="Flaktveit snuplass" url="http://www.web2051.no/bin/tp/zuginfo.exe/on/646119/220143/524650/46953/1/" trafficDays="kjører Ma, også 2., 14., 18., 25. Mai">
    <stop departure="0:05" routeNo="80">Oasen Terminal</stop>
    <stop arrival="0:07" departure="0:07">Skarphaugen</stop>
    <stop arrival="0:08" departure="0:08">Sælen skole</stop>
    <stop arrival="0:09" departure="0:09">Torgny Segersteds vei</stop>
    <stop arrival="0:10" departure="0:10">Smiberget</stop>
    <stop arrival="0:10" departure="0:10">Ortustranden</stop>
    <stop arrival="0:11" departure="0:11">Lyshovden skole</stop>
    <stop arrival="0:11" departure="0:11">Sælemyr</stop>
    <stop arrival="0:12" departure="0:12">Hjalmar Brantings vei</stop>
    <stop arrival="0:13" departure="0:13">Træet (Benshaugen)</stop>
    <stop arrival="0:13" departure="0:13">Dag Hammarskjølds vei</stop>
    <stop arrival="0:13" departure="0:13">Lynghaug skole</stop>
    <stop arrival="0:14" departure="0:14">Hamregården</stop>
    <stop arrival="0:14" departure="0:14">Sikthaugen</stop>
    <stop arrival="0:18" departure="0:18">Gyldenpris</stop>
    <stop arrival="0:22" departure="0:22">Bergen Busstasjon</stop>
    <stop arrival="0:25" departure="0:25">Christies gate (Festplassen)</stop>
    <stop arrival="0:28" departure="0:28">Torget (Bergen)</stop>
    <stop arrival="0:29" departure="0:29">Bryggen</stop>
    <stop arrival="0:29" departure="0:29">Slottsgaten</stop>
    <stop arrival="0:30" departure="0:30">Bontelabo</stop>
    <stop arrival="0:31" departure="0:31">Skutevikstorget</stop>
    <stop arrival="0:32" departure="0:32">Sjøgaten</stop>
    <stop arrival="0:32" departure="0:32">Sandvikstorget</stop>
    <stop arrival="0:33" departure="0:33">Ludebryggen</stop>
    <stop arrival="0:33" departure="0:33">Munkebotten</stop>
    <stop arrival="0:35" departure="0:35">Nyhavnsvei (Gamle Bergen)</stop>
    <stop arrival="0:36" departure="0:36">Handelshøyskolen</stop>
    <stop arrival="0:38" departure="0:38">Eidsvåg</stop>
    <stop arrival="0:43" departure="0:43">Åsane terminal</stop>
    <stop arrival="0:44" departure="0:44">Rollandskrysset</stop>
    <stop arrival="0:44" departure="0:44">Litleåskryss</stop>
    <stop arrival="0:45" departure="0:45">Salhuskrysset</stop>
    <stop arrival="0:46" departure="0:46">Nyborg</stop>
    <stop arrival="0:48" departure="0:48">Gullgruven</stop>
    <stop arrival="0:49" departure="0:49">Industrihuset</stop>
    <stop arrival="0:50" departure="0:50">Liakroken</stop>
    <stop arrival="0:51" departure="0:51">Lid (Åsane)</stop>
    <stop arrival="0:53" departure="0:53">Flaktveitrinden</stop>
    <stop arrival="0:54" departure="0:54">Flaktveitsvingane</stop>
    <stop arrival="0:55" departure="0:55">Træsgrenda (Ulsberglia)</stop>
    <stop arrival="0:56" departure="0:56">Ulvhøyen</stop>
    <stop arrival="0:57" departure="0:57">Breimyra</stop>
    <stop arrival="0:58">Flaktveit snuplass</stop>
  </route>
  <route no="80" destination="Flaktveit snuplass" url="http://www.web2051.no/bin/tp/zuginfo.exe/on/217527/77279/994922/424953/1/" trafficDays="kjører Ma, også 2., 14., 18., 25. Mai">
    <stop departure="0:05" routeNo="80">Oasen Terminal</stop>
    <stop arrival="0:07" departure="0:07">Skarphaugen</stop>
    <stop arrival="0:08" departure="0:08">Sælen skole</stop>
    <stop arrival="0:09" departure="0:09">Torgny Segersteds vei</stop>
    <stop arrival="0:10" departure="0:10">Smiberget</stop>
    <stop arrival="0:10" departure="0:10">Ortustranden</stop>
    <stop arrival="0:11" departure="0:11">Lyshovden skole</stop>
    <stop arrival="0:11" departure="0:11">Sælemyr</stop>
    <stop arrival="0:12" departure="0:12">Hjalmar Brantings vei</stop>
    <stop arrival="0:13" departure="0:13">Træet (Benshaugen)</stop>
    <stop arrival="0:13" departure="0:13">Dag Hammarskjølds vei</stop>
    <stop arrival="0:13" departure="0:13">Lynghaug skole</stop>
    <stop arrival="0:14" departure="0:14">Hamregården</stop>
    <stop arrival="0:14" departure="0:14">Sikthaugen</stop>
    <stop arrival="0:18" departure="0:18">Gyldenpris</stop>
    <stop arrival="0:22" departure="0:22">Bergen Busstasjon</stop>
    <stop arrival="0:25" departure="0:25">Christies gate (Festplassen)</stop>
    <stop arrival="0:28" departure="0:28">Torget (Bergen)</stop>
    <stop arrival="0:29" departure="0:29">Bryggen</stop>
    <stop arrival="0:29" departure="0:29">Slottsgaten</stop>
    <stop arrival="0:30" departure="0:30">Bontelabo</stop>
    <stop arrival="0:31" departure="0:31">Skutevikstorget</stop>
    <stop arrival="0:32" departure="0:32">Sjøgaten</stop>
    <stop arrival="0:32" departure="0:32">Sandvikstorget</stop>
    <stop arrival="0:33" departure="0:33">Ludebryggen</stop>
    <stop arrival="0:33" departure="0:33">Munkebotten</stop>
    <stop arrival="0:35" departure="0:35">Nyhavnsvei (Gamle Bergen)</stop>
    <stop arrival="0:36" departure="0:36">Handelshøyskolen</stop>
    <stop arrival="0:38" departure="0:38">Eidsvåg</stop>
    <stop arrival="0:43" departure="0:43">Åsane terminal</stop>
    <stop arrival="0:44" departure="0:44">Rollandskrysset</stop>
    <stop arrival="0:44" departure="0:44">Litleåskryss</stop>
    <stop arrival="0:45" departure="0:45">Salhuskrysset</stop>
    <stop arrival="0:46" departure="0:46">Nyborg</stop>
    <stop arrival="0:48" departure="0:48">Gullgruven</stop>
    <stop arrival="0:49" departure="0:49">Industrihuset</stop>
    <stop arrival="0:50" departure="0:50">Liakroken</stop>
    <stop arrival="0:51" departure="0:51">Lid (Åsane)</stop>
    <stop arrival="0:53" departure="0:53">Flaktveitrinden</stop>
    <stop arrival="0:54" departure="0:54">Flaktveitsvingane</stop>
    <stop arrival="0:55" departure="0:55">Træsgrenda (Ulsberglia)</stop>
    <stop arrival="0:56" departure="0:56">Ulvhøyen</stop>
    <stop arrival="0:57" departure="0:57">Breimyra</stop>
    <stop arrival="0:58">Flaktveit snuplass</stop>
  </route>
</routes>
