<?xml version="1.0" encoding="UTF-8"?>
<routes>
  <route no="546" destination="Nesttun terminal" url="http://www.web2051.no/bin/tp/zuginfo.exe/on/183435/66576/469962/173836/1/" trafficDays="kjører Ma, også 2., 14., 18., 25. Mai">
    <stop departure="0:10" routeNo="546">Nesttun terminal</stop>
    <stop arrival="0:11" departure="0:11">Nesttun</stop>
    <stop arrival="0:11" departure="0:11">Herredshuset, Nesttun</stop>
    <stop arrival="0:12" departure="0:12">Midtun bro</stop>
    <stop arrival="0:13" departure="0:13">Midttunflaten</stop>
    <stop arrival="0:14" departure="0:14">Ulsmågveien 12-14</stop>
    <stop arrival="0:14" departure="0:14">Ulsmågveien 29</stop>
    <stop arrival="0:15" departure="0:15">Ulsmåg skole</stop>
    <stop arrival="0:16" departure="0:16">Elvaneset 4</stop>
    <stop arrival="0:17" departure="0:17">Elvaneset 3</stop>
    <stop arrival="0:17" departure="0:17">Sørlia</stop>
    <stop arrival="0:19" departure="0:19">Øvsttun</stop>
    <stop arrival="0:20" departure="0:20">Solåsen</stop>
    <stop arrival="0:20" departure="0:20">Øvsttun kapell</stop>
    <stop arrival="0:21" departure="0:21">Dynevoll</stop>
    <stop arrival="0:21" departure="0:21">Elvenes</stop>
    <stop arrival="0:23" departure="0:23">Elvenes 1</stop>
    <stop arrival="0:23" departure="0:23">Elvenes 2</stop>
    <stop arrival="0:24" departure="0:24">Elvaneset 4</stop>
    <stop arrival="0:25" departure="0:25">Elvaneset 5</stop>
    <stop arrival="0:26" departure="0:26">Ulsmåg skole</stop>
    <stop arrival="0:27" departure="0:27">Ulsmågveien 29</stop>
    <stop arrival="0:28" departure="0:28">Ulsmågveien 12-14</stop>
    <stop arrival="0:30" departure="0:30">Midttunflaten</stop>
    <stop arrival="0:31" departure="0:31">Midtun bro</stop>
    <stop arrival="0:33" departure="0:33">Herredshuset, Nesttun</stop>
    <stop arrival="0:34" departure="0:34">Nesttun</stop>
    <stop arrival="0:35">Nesttun terminal</stop>
  </route>
  <route no="546" destination="Nesttun terminal" url="http://www.web2051.no/bin/tp/zuginfo.exe/on/790428/268907/993160/233104/1/" trafficDays="kjører Ma, også 2., 14., 18., 25. Mai">
    <stop departure="0:10" routeNo="546">Nesttun terminal</stop>
    <stop arrival="0:11" departure="0:11">Nesttun</stop>
    <stop arrival="0:11" departure="0:11">Herredshuset, Nesttun</stop>
    <stop arrival="0:12" departure="0:12">Midtun bro</stop>
    <stop arrival="0:13" departure="0:13">Midttunflaten</stop>
    <stop arrival="0:14" departure="0:14">Ulsmågveien 12-14</stop>
    <stop arrival="0:14" departure="0:14">Ulsmågveien 29</stop>
    <stop arrival="0:15" departure="0:15">Ulsmåg skole</stop>
    <stop arrival="0:16" departure="0:16">Elvaneset 4</stop>
    <stop arrival="0:17" departure="0:17">Elvaneset 3</stop>
    <stop arrival="0:17" departure="0:17">Sørlia</stop>
    <stop arrival="0:19" departure="0:19">Øvsttun</stop>
    <stop arrival="0:20" departure="0:20">Solåsen</stop>
    <stop arrival="0:20" departure="0:20">Øvsttun kapell</stop>
    <stop arrival="0:21" departure="0:21">Dynevoll</stop>
    <stop arrival="0:21" departure="0:21">Elvenes</stop>
    <stop arrival="0:23" departure="0:23">Elvenes 1</stop>
    <stop arrival="0:23" departure="0:23">Elvenes 2</stop>
    <stop arrival="0:24" departure="0:24">Elvaneset 4</stop>
    <stop arrival="0:25" departure="0:25">Elvaneset 5</stop>
    <stop arrival="0:26" departure="0:26">Ulsmåg skole</stop>
    <stop arrival="0:27" departure="0:27">Ulsmågveien 29</stop>
    <stop arrival="0:28" departure="0:28">Ulsmågveien 12-14</stop>
    <stop arrival="0:30" departure="0:30">Midttunflaten</stop>
    <stop arrival="0:31" departure="0:31">Midtun bro</stop>
    <stop arrival="0:33" departure="0:33">Herredshuset, Nesttun</stop>
    <stop arrival="0:34" departure="0:34">Nesttun</stop>
    <stop arrival="0:35">Nesttun terminal</stop>
  </route>
</routes>
