<?xml version="1.0" encoding="UTF-8"?>
<routes>
  <route no="390" destination="Hatland v ungdomsskulen" url="http://www.web2051.no/bin/tp/zuginfo.exe/on/198201/67067/533262/200564/1/" trafficDays="kjører Sø, også 1., 13., 17., 24. Mai">
    <stop departure="23:18" routeNo="390">Arna terminal</stop>
    <stop arrival="23:19" departure="23:19">Bommane (Arna)</stop>
    <stop arrival="23:20" departure="23:20">Beyer (Arna)</stop>
    <stop arrival="23:21" departure="23:21">Seimsmark</stop>
    <stop arrival="23:22" departure="23:22">Garneshøgden</stop>
    <stop arrival="23:23" departure="23:23">Garnes- v Gymnaset</stop>
    <stop arrival="23:24" departure="23:24">Garnes vid.skule</stop>
    <stop arrival="23:25" departure="23:25">Garnesmarka vest</stop>
    <stop arrival="23:25" departure="23:25">Garnesmarka</stop>
    <stop arrival="23:26" departure="23:26">Garnesmarka øst</stop>
    <stop arrival="23:27" departure="23:27">Tunes</stop>
    <stop arrival="23:27" departure="23:27">Tunes skule</stop>
    <stop arrival="23:28" departure="23:28">Tunestveit</stop>
    <stop arrival="23:29" departure="23:29">Tunestveit</stop>
    <stop arrival="23:30" departure="23:30">Takvam rundkøyring</stop>
    <stop arrival="23:30" departure="23:30">Takvam E16</stop>
    <stop arrival="23:31" departure="23:31">Herland Kvistibru</stop>
    <stop arrival="23:33" departure="23:33">Kvisti (Osterøy)</stop>
    <stop arrival="23:34" departure="23:34">Vikne sør</stop>
    <stop arrival="23:35" departure="23:35">Vikne</stop>
    <stop arrival="23:36" departure="23:36">Vikne nord</stop>
    <stop arrival="23:37" departure="23:37">Leikneset</stop>
    <stop arrival="23:38" departure="23:38">Leikneset</stop>
    <stop arrival="23:39" departure="23:39">Leikneset</stop>
    <stop arrival="23:40" departure="23:40">Haus</stop>
    <stop arrival="23:40" departure="23:40">Åsheimveien</stop>
    <stop arrival="23:41" departure="23:41">Haus</stop>
    <stop arrival="23:43" departure="23:43">Mjeldalen v gml kommunehus</stop>
    <stop arrival="23:44" departure="23:44">Mjeldalen</stop>
    <stop arrival="23:44" departure="23:44">Mjeldalen v Ungdomsshus</stop>
    <stop arrival="23:45" departure="23:45">Mjeldalen Øvre</stop>
    <stop arrival="23:46" departure="23:46">Ambogen vkr</stop>
    <stop arrival="23:46" departure="23:46">Kolabakken</stop>
    <stop arrival="23:47" departure="23:47">Veset</stop>
    <stop arrival="23:48" departure="23:48">Veset</stop>
    <stop arrival="23:48" departure="23:48">Vinåsen</stop>
    <stop arrival="23:49" departure="23:49">Rødland</stop>
    <stop arrival="23:49" departure="23:49">Rolland (Osterøy)</stop>
    <stop arrival="23:51" departure="23:51">Hannisdal nyeveien</stop>
    <stop arrival="23:54" departure="23:54">Hauge (Osterøy)</stop>
    <stop arrival="23:54" departure="23:54">Hauge Industrier (Osterøy)</stop>
    <stop arrival="23:55" departure="23:55">Halland S, Osterøy</stop>
    <stop arrival="23:56" departure="23:56">Halland, Osterøy</stop>
    <stop arrival="23:57" departure="23:57">Småland</stop>
    <stop arrival="23:59" departure="23:59">Loftås (Osterøy)</stop>
    <stop arrival="0:00" departure="0:00">Elvikneset</stop>
    <stop arrival="0:02" departure="0:02">Bullabrekka (Osterøy)</stop>
    <stop arrival="0:03" departure="0:03">Valestrand</stop>
    <stop arrival="0:04" departure="0:04">Valestrand</stop>
    <stop arrival="0:04" departure="0:04">Valestrand</stop>
    <stop arrival="0:05" departure="0:05">Bullabrekka (Osterøy)</stop>
    <stop arrival="0:06" departure="0:06">Elvikneset</stop>
    <stop arrival="0:07" departure="0:07">Loftås (Osterøy)</stop>
    <stop arrival="0:08" departure="0:08">Småland</stop>
    <stop arrival="0:08" departure="0:08">Halland, Osterøy</stop>
    <stop arrival="0:09" departure="0:09">Halland S, Osterøy</stop>
    <stop arrival="0:09" departure="0:09">Hauge Industrier (Osterøy)</stop>
    <stop arrival="0:10" departure="0:10">Hauge (Osterøy)</stop>
    <stop arrival="0:11" departure="0:11">Hauge skule (Osterøy)</stop>
    <stop arrival="0:12" departure="0:12">Haugsviksvingen</stop>
    <stop arrival="0:13" departure="0:13">Øyjordsbru</stop>
    <stop arrival="0:16" departure="0:16">Revheim</stop>
    <stop arrival="0:17" departure="0:17">Revheim</stop>
    <stop arrival="0:19" departure="0:19">Lone Bru, Osterøy</stop>
    <stop arrival="0:19" departure="0:19">Lone, Osterøy</stop>
    <stop arrival="0:21" departure="0:21">Lone N , Osterøy</stop>
    <stop arrival="0:23" departure="0:23">Kårvik vkr. (Osterøy)</stop>
    <stop arrival="0:24" departure="0:24">Lonevåg terminal</stop>
    <stop arrival="0:25" departure="0:25">Lonevåg v Coop</stop>
    <stop arrival="0:26" departure="0:26">Lonevåg v Rådhuset</stop>
    <stop arrival="0:26">Hatland v ungdomsskulen</stop>
  </route>
  <route no="390" destination="Hatland v ungdomsskulen" url="http://www.web2051.no/bin/tp/zuginfo.exe/on/463125/155375/838234/264742/1/" trafficDays="kjører Sø, også 1., 13., 17., 24. Mai">
    <stop departure="23:18" routeNo="390">Arna terminal</stop>
    <stop arrival="23:19" departure="23:19">Bommane (Arna)</stop>
    <stop arrival="23:20" departure="23:20">Beyer (Arna)</stop>
    <stop arrival="23:21" departure="23:21">Seimsmark</stop>
    <stop arrival="23:22" departure="23:22">Garneshøgden</stop>
    <stop arrival="23:23" departure="23:23">Garnes- v Gymnaset</stop>
    <stop arrival="23:24" departure="23:24">Garnes vid.skule</stop>
    <stop arrival="23:25" departure="23:25">Garnesmarka vest</stop>
    <stop arrival="23:25" departure="23:25">Garnesmarka</stop>
    <stop arrival="23:26" departure="23:26">Garnesmarka øst</stop>
    <stop arrival="23:27" departure="23:27">Tunes</stop>
    <stop arrival="23:27" departure="23:27">Tunes skule</stop>
    <stop arrival="23:28" departure="23:28">Tunestveit</stop>
    <stop arrival="23:29" departure="23:29">Tunestveit</stop>
    <stop arrival="23:30" departure="23:30">Takvam rundkøyring</stop>
    <stop arrival="23:30" departure="23:30">Takvam E16</stop>
    <stop arrival="23:31" departure="23:31">Herland Kvistibru</stop>
    <stop arrival="23:33" departure="23:33">Kvisti (Osterøy)</stop>
    <stop arrival="23:34" departure="23:34">Vikne sør</stop>
    <stop arrival="23:35" departure="23:35">Vikne</stop>
    <stop arrival="23:36" departure="23:36">Vikne nord</stop>
    <stop arrival="23:37" departure="23:37">Leikneset</stop>
    <stop arrival="23:38" departure="23:38">Leikneset</stop>
    <stop arrival="23:39" departure="23:39">Leikneset</stop>
    <stop arrival="23:40" departure="23:40">Haus</stop>
    <stop arrival="23:40" departure="23:40">Åsheimveien</stop>
    <stop arrival="23:41" departure="23:41">Haus</stop>
    <stop arrival="23:43" departure="23:43">Mjeldalen v gml kommunehus</stop>
    <stop arrival="23:44" departure="23:44">Mjeldalen</stop>
    <stop arrival="23:44" departure="23:44">Mjeldalen v Ungdomsshus</stop>
    <stop arrival="23:45" departure="23:45">Mjeldalen Øvre</stop>
    <stop arrival="23:46" departure="23:46">Ambogen vkr</stop>
    <stop arrival="23:46" departure="23:46">Kolabakken</stop>
    <stop arrival="23:47" departure="23:47">Veset</stop>
    <stop arrival="23:48" departure="23:48">Veset</stop>
    <stop arrival="23:48" departure="23:48">Vinåsen</stop>
    <stop arrival="23:49" departure="23:49">Rødland</stop>
    <stop arrival="23:49" departure="23:49">Rolland (Osterøy)</stop>
    <stop arrival="23:51" departure="23:51">Hannisdal nyeveien</stop>
    <stop arrival="23:54" departure="23:54">Hauge (Osterøy)</stop>
    <stop arrival="23:54" departure="23:54">Hauge Industrier (Osterøy)</stop>
    <stop arrival="23:55" departure="23:55">Halland S, Osterøy</stop>
    <stop arrival="23:56" departure="23:56">Halland, Osterøy</stop>
    <stop arrival="23:57" departure="23:57">Småland</stop>
    <stop arrival="23:59" departure="23:59">Loftås (Osterøy)</stop>
    <stop arrival="0:00" departure="0:00">Elvikneset</stop>
    <stop arrival="0:02" departure="0:02">Bullabrekka (Osterøy)</stop>
    <stop arrival="0:03" departure="0:03">Valestrand</stop>
    <stop arrival="0:04" departure="0:04">Valestrand</stop>
    <stop arrival="0:04" departure="0:04">Valestrand</stop>
    <stop arrival="0:05" departure="0:05">Bullabrekka (Osterøy)</stop>
    <stop arrival="0:06" departure="0:06">Elvikneset</stop>
    <stop arrival="0:07" departure="0:07">Loftås (Osterøy)</stop>
    <stop arrival="0:08" departure="0:08">Småland</stop>
    <stop arrival="0:08" departure="0:08">Halland, Osterøy</stop>
    <stop arrival="0:09" departure="0:09">Halland S, Osterøy</stop>
    <stop arrival="0:09" departure="0:09">Hauge Industrier (Osterøy)</stop>
    <stop arrival="0:10" departure="0:10">Hauge (Osterøy)</stop>
    <stop arrival="0:11" departure="0:11">Hauge skule (Osterøy)</stop>
    <stop arrival="0:12" departure="0:12">Haugsviksvingen</stop>
    <stop arrival="0:13" departure="0:13">Øyjordsbru</stop>
    <stop arrival="0:16" departure="0:16">Revheim</stop>
    <stop arrival="0:17" departure="0:17">Revheim</stop>
    <stop arrival="0:19" departure="0:19">Lone Bru, Osterøy</stop>
    <stop arrival="0:19" departure="0:19">Lone, Osterøy</stop>
    <stop arrival="0:21" departure="0:21">Lone N , Osterøy</stop>
    <stop arrival="0:23" departure="0:23">Kårvik vkr. (Osterøy)</stop>
    <stop arrival="0:24" departure="0:24">Lonevåg terminal</stop>
    <stop arrival="0:25" departure="0:25">Lonevåg v Coop</stop>
    <stop arrival="0:26" departure="0:26">Lonevåg v Rådhuset</stop>
    <stop arrival="0:26">Hatland v ungdomsskulen</stop>
  </route>
  <route no="390" destination="Lonevåg terminal" url="http://www.web2051.no/bin/tp/zuginfo.exe/on/576564/193179/921870/268748/1/" trafficDays="kjører Sø, ikke 2. Mai">
    <stop departure="0:18" routeNo="390">Arna terminal</stop>
    <stop arrival="0:19" departure="0:19">Bommane (Arna)</stop>
    <stop arrival="0:20" departure="0:20">Beyer (Arna)</stop>
    <stop arrival="0:21" departure="0:21">Seimsmark</stop>
    <stop arrival="0:22" departure="0:22">Garneshøgden</stop>
    <stop arrival="0:23" departure="0:23">Garnes- v Gymnaset</stop>
    <stop arrival="0:24" departure="0:24">Garnes vid.skule</stop>
    <stop arrival="0:25" departure="0:25">Garnesmarka vest</stop>
    <stop arrival="0:25" departure="0:25">Garnesmarka</stop>
    <stop arrival="0:26" departure="0:26">Garnesmarka øst</stop>
    <stop arrival="0:27" departure="0:27">Tunes</stop>
    <stop arrival="0:27" departure="0:27">Tunes skule</stop>
    <stop arrival="0:28" departure="0:28">Tunestveit</stop>
    <stop arrival="0:29" departure="0:29">Tunestveit</stop>
    <stop arrival="0:30" departure="0:30">Takvam rundkøyring</stop>
    <stop arrival="0:30" departure="0:30">Takvam E16</stop>
    <stop arrival="0:31" departure="0:31">Herland Kvistibru</stop>
    <stop arrival="0:33" departure="0:33">Kvisti (Osterøy)</stop>
    <stop arrival="0:34" departure="0:34">Vikne sør</stop>
    <stop arrival="0:35" departure="0:35">Vikne</stop>
    <stop arrival="0:36" departure="0:36">Vikne nord</stop>
    <stop arrival="0:37" departure="0:37">Leikneset</stop>
    <stop arrival="0:38" departure="0:38">Leikneset</stop>
    <stop arrival="0:39" departure="0:39">Leikneset</stop>
    <stop arrival="0:40" departure="0:40">Haus</stop>
    <stop arrival="0:40" departure="0:40">Åsheimveien</stop>
    <stop arrival="0:41" departure="0:41">Haus</stop>
    <stop arrival="0:43" departure="0:43">Mjeldalen v gml kommunehus</stop>
    <stop arrival="0:44" departure="0:44">Mjeldalen</stop>
    <stop arrival="0:44" departure="0:44">Mjeldalen v Ungdomsshus</stop>
    <stop arrival="0:45" departure="0:45">Mjeldalen Øvre</stop>
    <stop arrival="0:46" departure="0:46">Ambogen vkr</stop>
    <stop arrival="0:46" departure="0:46">Kolabakken</stop>
    <stop arrival="0:47" departure="0:47">Veset</stop>
    <stop arrival="0:48" departure="0:48">Veset</stop>
    <stop arrival="0:48" departure="0:48">Vinåsen</stop>
    <stop arrival="0:49" departure="0:49">Rødland</stop>
    <stop arrival="0:49" departure="0:49">Rolland (Osterøy)</stop>
    <stop arrival="0:51" departure="0:51">Hannisdal nyeveien</stop>
    <stop arrival="0:54" departure="0:54">Hauge (Osterøy)</stop>
    <stop arrival="0:54" departure="0:54">Hauge Industrier (Osterøy)</stop>
    <stop arrival="0:55" departure="0:55">Halland S, Osterøy</stop>
    <stop arrival="0:55" departure="0:55">Halland, Osterøy</stop>
    <stop arrival="0:56" departure="0:56">Småland</stop>
    <stop arrival="0:56" departure="0:56">Loftås (Osterøy)</stop>
    <stop arrival="0:57" departure="0:57">Elvikneset</stop>
    <stop arrival="0:58" departure="0:58">Bullabrekka (Osterøy)</stop>
    <stop arrival="0:59" departure="0:59">Valestrand</stop>
    <stop arrival="0:59" departure="0:59">Valestrand</stop>
    <stop arrival="0:59" departure="0:59">Valestrand</stop>
    <stop arrival="1:00" departure="1:00">Bullabrekka (Osterøy)</stop>
    <stop arrival="1:01" departure="1:01">Elvikneset</stop>
    <stop arrival="1:02" departure="1:02">Loftås (Osterøy)</stop>
    <stop arrival="1:03" departure="1:03">Småland</stop>
    <stop arrival="1:03" departure="1:03">Halland, Osterøy</stop>
    <stop arrival="1:04" departure="1:04">Halland S, Osterøy</stop>
    <stop arrival="1:04" departure="1:04">Hauge Industrier (Osterøy)</stop>
    <stop arrival="1:05" departure="1:05">Hauge (Osterøy)</stop>
    <stop arrival="1:06" departure="1:06">Hauge skule (Osterøy)</stop>
    <stop arrival="1:07" departure="1:07">Haugsviksvingen</stop>
    <stop arrival="1:07" departure="1:07">Øyjordsbru</stop>
    <stop arrival="1:09" departure="1:09">Revheim</stop>
    <stop arrival="1:10" departure="1:10">Revheim</stop>
    <stop arrival="1:11" departure="1:11">Lone Bru, Osterøy</stop>
    <stop arrival="1:11" departure="1:11">Lone, Osterøy</stop>
    <stop arrival="1:12" departure="1:12">Lone N , Osterøy</stop>
    <stop arrival="1:13" departure="1:13">Kårvik vkr. (Osterøy)</stop>
    <stop arrival="1:14">Lonevåg terminal</stop>
  </route>
</routes>
