<?xml version="1.0" encoding="UTF-8"?>
<routes>
  <route no="24" destination="Åsane terminal" url="http://www.web2051.no/bin/tp/zuginfo.exe/on/848901/287129/627664/30865/1/" trafficDays="kjører Ma, også 2., 14., 18., 25. Mai">
    <stop departure="0:16" routeNo="24">Nordre Lønborg</stop>
    <stop arrival="0:16" departure="0:16">Fagerbakken</stop>
    <stop arrival="0:17" departure="0:17">Eidsvågneset</stop>
    <stop arrival="0:17" departure="0:17">Trolldalen (Eidsvågneset)</stop>
    <stop arrival="0:17" departure="0:17">Trollbekken</stop>
    <stop arrival="0:18" departure="0:18">Tømmervågen</stop>
    <stop arrival="0:18" departure="0:18">Lillevågen</stop>
    <stop arrival="0:19" departure="0:19">Hagebyen (Eidsvåg)</stop>
    <stop arrival="0:19" departure="0:19">Fabrikkvegen</stop>
    <stop arrival="0:20" departure="0:20">Eidsvåg gamlevegen</stop>
    <stop arrival="0:21" departure="0:21">Selvikvegen</stop>
    <stop arrival="0:22" departure="0:22">Ervik nedre (Sellesvingen)</stop>
    <stop arrival="0:22" departure="0:22">Ervik øvre</stop>
    <stop arrival="0:23" departure="0:23">Åstveitvegen</stop>
    <stop arrival="0:24" departure="0:24">Griggastemma</stop>
    <stop arrival="0:25" departure="0:25">Tertneskrysset gamleveien</stop>
    <stop arrival="0:27" departure="0:27">Stamskaret</stop>
    <stop arrival="0:27" departure="0:27">Hesthaugen</stop>
    <stop arrival="0:28">Åsane terminal</stop>
  </route>
  <route no="22" destination="Birkelundstoppen" url="http://www.web2051.no/bin/tp/zuginfo.exe/on/165645/59291/445690/167630/1/" trafficDays="kjører Ti - Lø, ikke 14., 18., 25. Mai">
    <stop departure="0:20" routeNo="22">Åsane terminal</stop>
    <stop arrival="0:21" departure="0:21">Hesthaugen</stop>
    <stop arrival="0:22" departure="0:22">Stamskaret</stop>
    <stop arrival="0:23" departure="0:23">Tertneskrysset gamleveien</stop>
    <stop arrival="0:24" departure="0:24">Griggastemma</stop>
    <stop arrival="0:24" departure="0:24">Åstveitvegen</stop>
    <stop arrival="0:25" departure="0:25">Ervik øvre</stop>
    <stop arrival="0:26" departure="0:26">Ervik nedre (Sellesvingen)</stop>
    <stop arrival="0:27" departure="0:27">Selvikvegen</stop>
    <stop arrival="0:28" departure="0:28">Eidsvåg gamlevegen</stop>
    <stop arrival="0:28" departure="0:28">Fabrikkvegen</stop>
    <stop arrival="0:29" departure="0:29">Hagebyen (Eidsvåg)</stop>
    <stop arrival="0:30" departure="0:30">Lillevågen</stop>
    <stop arrival="0:31" departure="0:31">Tømmervågen</stop>
    <stop arrival="0:31" departure="0:31">Trollbekken</stop>
    <stop arrival="0:32" departure="0:32">Trolldalen (Eidsvågneset)</stop>
    <stop arrival="0:34" departure="0:34">Fagerbakken</stop>
    <stop arrival="0:35" departure="0:35">Nordre Lønborg</stop>
    <stop arrival="0:36" departure="0:36">Lønborg</stop>
    <stop arrival="0:36" departure="0:36">Brunestykket</stop>
    <stop arrival="0:37" departure="0:37">Hellebakken</stop>
    <stop arrival="0:38" departure="0:38">Eikeviken</stop>
    <stop arrival="0:39" departure="0:39">Solbakken</stop>
    <stop arrival="0:40" departure="0:40">Handelshøyskolen</stop>
    <stop arrival="0:41" departure="0:41">Nyhavnsvei (Gamle Bergen)</stop>
    <stop arrival="0:43" departure="0:43">Munkebotten</stop>
    <stop arrival="0:44" departure="0:44">Ludebryggen</stop>
    <stop arrival="0:45" departure="0:45">Sandvikstorget</stop>
    <stop arrival="0:46" departure="0:46">Skutevikstorget</stop>
    <stop arrival="0:47" departure="0:47">Bontelabo</stop>
    <stop arrival="0:48" departure="0:48">Slottsgaten</stop>
    <stop arrival="0:49" departure="0:49">Bryggen</stop>
    <stop arrival="0:50" departure="0:50">Olav Kyrres gate</stop>
    <stop arrival="0:55" departure="0:55">Bergen Busstasjon</stop>
    <stop arrival="0:59" departure="0:59">Danmarksplass</stop>
    <stop arrival="1:00" departure="1:00">Solheimsgaten</stop>
    <stop arrival="1:01" departure="1:01">Reperbanen</stop>
    <stop arrival="1:03" departure="1:03">Fjøsangerveien/ Minde Allè</stop>
    <stop arrival="1:07" departure="1:07">Minde</stop>
    <stop arrival="1:08" departure="1:08">Elvebakken</stop>
    <stop arrival="1:08" departure="1:08">Storetveit</stop>
    <stop arrival="1:08" departure="1:08">Fantoft</stop>
    <stop arrival="1:09" departure="1:09">Nydalen</stop>
    <stop arrival="1:10" departure="1:10">Paradis</stop>
    <stop arrival="1:11" departure="1:11">Tveiteråsskiftet</stop>
    <stop arrival="1:12" departure="1:12">Hopsbro</stop>
    <stop arrival="1:14" departure="1:14">Hopstangen</stop>
    <stop arrival="1:15" departure="1:15">Nesttun terminal</stop>
    <stop arrival="1:16" departure="1:16">Nesttun</stop>
    <stop arrival="1:16" departure="1:16">Herredshuset, Nesttun</stop>
    <stop arrival="1:17" departure="1:17">Midtun bro</stop>
    <stop arrival="1:18" departure="1:18">Midttunflaten</stop>
    <stop arrival="1:19" departure="1:19">Sandbrekkeveien</stop>
    <stop arrival="1:20" departure="1:20">Sandalskollen</stop>
    <stop arrival="1:21" departure="1:21">Kringlebotn</stop>
    <stop arrival="1:22" departure="1:22">Kjenndalslia</stop>
    <stop arrival="1:23" departure="1:23">Kjenndalsåsen</stop>
    <stop arrival="1:24" departure="1:24">Sandalsringen snuplass</stop>
    <stop arrival="1:25" departure="1:25">Helldalslia</stop>
    <stop arrival="1:25" departure="1:25">Helldalslia</stop>
    <stop arrival="1:25" departure="1:25">Indre Sædal</stop>
    <stop arrival="1:26" departure="1:26">Rinddalen</stop>
    <stop arrival="1:27" departure="1:27">Merkurvegen (nyeveien)</stop>
    <stop arrival="1:27" departure="1:27">Nattland gård (nyeveien)</stop>
    <stop arrival="1:28">Birkelundstoppen</stop>
  </route>
  <route no="22" destination="Åsane terminal" url="http://www.web2051.no/bin/tp/zuginfo.exe/on/856326/289479/792562/110840/1/" trafficDays="kjører Lø, ikke 1. Mai">
    <stop departure="23:30" routeNo="22">Birkelundstoppen</stop>
    <stop arrival="23:31" departure="23:31">Nattland gård (nyeveien)</stop>
    <stop arrival="23:32" departure="23:32">Merkurvegen (nyeveien)</stop>
    <stop arrival="23:34" departure="23:34">Rinddalen</stop>
    <stop arrival="23:35" departure="23:35">Indre Sædal</stop>
    <stop arrival="23:35" departure="23:35">Helldalslia</stop>
    <stop arrival="23:35" departure="23:35">Helldalslia</stop>
    <stop arrival="23:36" departure="23:36">Helldalsåsen</stop>
    <stop arrival="23:37" departure="23:37">Kjenndalsåsen</stop>
    <stop arrival="23:38" departure="23:38">Kjenndalslia</stop>
    <stop arrival="23:39" departure="23:39">Kringlebotn</stop>
    <stop arrival="23:40" departure="23:40">Sandalskollen</stop>
    <stop arrival="23:41" departure="23:41">Sandbrekkeveien</stop>
    <stop arrival="23:42" departure="23:42">Midttunflaten</stop>
    <stop arrival="23:42" departure="23:42">Midtun bro</stop>
    <stop arrival="23:44" departure="23:44">Herredshuset, Nesttun</stop>
    <stop arrival="23:44" departure="23:44">Nesttun</stop>
    <stop arrival="23:45" departure="23:45">Nesttun terminal</stop>
    <stop arrival="23:46" departure="23:46">Hopsbro</stop>
    <stop arrival="23:47" departure="23:47">Tveiteråsskiftet</stop>
    <stop arrival="23:48" departure="23:48">Paradis</stop>
    <stop arrival="23:50" departure="23:50">Nydalen</stop>
    <stop arrival="23:51" departure="23:51">Fantoft</stop>
    <stop arrival="23:52" departure="23:52">Storetveit</stop>
    <stop arrival="23:52" departure="23:52">Elvebakken</stop>
    <stop arrival="23:53" departure="23:53">Minde</stop>
    <stop arrival="23:57" departure="23:57">Mindemyren</stop>
    <stop arrival="23:58" departure="23:58">Postterminalen</stop>
    <stop arrival="23:58" departure="23:58">Kanalveien v/LBK</stop>
    <stop arrival="0:00" departure="0:00">Danmarksplass v/Forum kino</stop>
    <stop arrival="0:04" departure="0:04">Bergen Busstasjon</stop>
    <stop arrival="0:07" departure="0:07">Christies gate (Festplassen)</stop>
    <stop arrival="0:10" departure="0:10">Torget v/DnB</stop>
    <stop arrival="0:11" departure="0:11">Bryggen</stop>
    <stop arrival="0:11" departure="0:11">Slottsgaten</stop>
    <stop arrival="0:12" departure="0:12">Bontelabo</stop>
    <stop arrival="0:13" departure="0:13">Skutevikstorget</stop>
    <stop arrival="0:13" departure="0:13">Sjøgaten</stop>
    <stop arrival="0:14" departure="0:14">Sandvikstorget</stop>
    <stop arrival="0:15" departure="0:15">Ludebryggen</stop>
    <stop arrival="0:15" departure="0:15">Munkebotten</stop>
    <stop arrival="0:17" departure="0:17">Nyhavnsvei (Gamle Bergen)</stop>
    <stop arrival="0:18" departure="0:18">Handelshøyskolen</stop>
    <stop arrival="0:19" departure="0:19">Solbakken</stop>
    <stop arrival="0:19" departure="0:19">Eikeviken</stop>
    <stop arrival="0:20" departure="0:20">Hellebakken</stop>
    <stop arrival="0:21" departure="0:21">Brunestykket</stop>
    <stop arrival="0:22" departure="0:22">Lønborg</stop>
    <stop arrival="0:22" departure="0:22">Nordre Lønborg</stop>
    <stop arrival="0:22" departure="0:22">Fagerbakken</stop>
    <stop arrival="0:23" departure="0:23">Eidsvågneset</stop>
    <stop arrival="0:23" departure="0:23">Trolldalen (Eidsvågneset)</stop>
    <stop arrival="0:23" departure="0:23">Trollbekken</stop>
    <stop arrival="0:24" departure="0:24">Tømmervågen</stop>
    <stop arrival="0:24" departure="0:24">Lillevågen</stop>
    <stop arrival="0:25" departure="0:25">Hagebyen (Eidsvåg)</stop>
    <stop arrival="0:25" departure="0:25">Fabrikkvegen</stop>
    <stop arrival="0:26" departure="0:26">Eidsvåg gamlevegen</stop>
    <stop arrival="0:27" departure="0:27">Selvikvegen</stop>
    <stop arrival="0:28" departure="0:28">Ervik nedre (Sellesvingen)</stop>
    <stop arrival="0:28" departure="0:28">Ervik øvre</stop>
    <stop arrival="0:29" departure="0:29">Åstveitvegen</stop>
    <stop arrival="0:30" departure="0:30">Griggastemma</stop>
    <stop arrival="0:31" departure="0:31">Tertneskrysset gamleveien</stop>
    <stop arrival="0:33" departure="0:33">Stamskaret</stop>
    <stop arrival="0:33" departure="0:33">Hesthaugen</stop>
    <stop arrival="0:34">Åsane terminal</stop>
  </route>
  <route no="22" destination="Åsane terminal" url="http://www.web2051.no/bin/tp/zuginfo.exe/on/575040/195755/578082/97362/1/" trafficDays="kjører Ma - Fr, ikke 13., 17., 24. Mai">
    <stop departure="23:43" routeNo="22">Birkelundstoppen</stop>
    <stop arrival="23:44" departure="23:44">Nattland gård (nyeveien)</stop>
    <stop arrival="23:45" departure="23:45">Merkurvegen (nyeveien)</stop>
    <stop arrival="23:47" departure="23:47">Rinddalen</stop>
    <stop arrival="23:48" departure="23:48">Indre Sædal</stop>
    <stop arrival="23:48" departure="23:48">Helldalslia</stop>
    <stop arrival="23:48" departure="23:48">Helldalslia</stop>
    <stop arrival="23:49" departure="23:49">Helldalsåsen</stop>
    <stop arrival="23:50" departure="23:50">Kjenndalsåsen</stop>
    <stop arrival="23:51" departure="23:51">Kjenndalslia</stop>
    <stop arrival="23:52" departure="23:52">Kringlebotn</stop>
    <stop arrival="23:53" departure="23:53">Sandalskollen</stop>
    <stop arrival="23:54" departure="23:54">Sandbrekkeveien</stop>
    <stop arrival="23:55" departure="23:55">Midttunflaten</stop>
    <stop arrival="23:55" departure="23:55">Midtun bro</stop>
    <stop arrival="23:57" departure="23:57">Herredshuset, Nesttun</stop>
    <stop arrival="23:57" departure="23:57">Nesttun</stop>
    <stop arrival="23:58" departure="23:58">Nesttun terminal</stop>
    <stop arrival="23:59" departure="23:59">Hopsbro</stop>
    <stop arrival="0:00" departure="0:00">Tveiteråsskiftet</stop>
    <stop arrival="0:01" departure="0:01">Paradis</stop>
    <stop arrival="0:03" departure="0:03">Nydalen</stop>
    <stop arrival="0:04" departure="0:04">Fantoft</stop>
    <stop arrival="0:05" departure="0:05">Storetveit</stop>
    <stop arrival="0:05" departure="0:05">Elvebakken</stop>
    <stop arrival="0:06" departure="0:06">Minde</stop>
    <stop arrival="0:09" departure="0:09">Mindemyren</stop>
    <stop arrival="0:10" departure="0:10">Postterminalen</stop>
    <stop arrival="0:11" departure="0:11">Kanalveien v/LBK</stop>
    <stop arrival="0:13" departure="0:13">Danmarksplass v/Forum kino</stop>
    <stop arrival="0:16" departure="0:16">Bergen Busstasjon</stop>
    <stop arrival="0:18" departure="0:18">Christies gate (Festplassen)</stop>
    <stop arrival="0:21" departure="0:21">Torget v/DnB</stop>
    <stop arrival="0:22" departure="0:22">Bryggen</stop>
    <stop arrival="0:22" departure="0:22">Slottsgaten</stop>
    <stop arrival="0:23" departure="0:23">Bontelabo</stop>
    <stop arrival="0:24" departure="0:24">Skutevikstorget</stop>
    <stop arrival="0:24" departure="0:24">Sjøgaten</stop>
    <stop arrival="0:25" departure="0:25">Sandvikstorget</stop>
    <stop arrival="0:26" departure="0:26">Ludebryggen</stop>
    <stop arrival="0:26" departure="0:26">Munkebotten</stop>
    <stop arrival="0:28" departure="0:28">Nyhavnsvei (Gamle Bergen)</stop>
    <stop arrival="0:29" departure="0:29">Handelshøyskolen</stop>
    <stop arrival="0:30" departure="0:30">Solbakken</stop>
    <stop arrival="0:30" departure="0:30">Eikeviken</stop>
    <stop arrival="0:31" departure="0:31">Hellebakken</stop>
    <stop arrival="0:32" departure="0:32">Brunestykket</stop>
    <stop arrival="0:33" departure="0:33">Lønborg</stop>
    <stop arrival="0:33" departure="0:33">Nordre Lønborg</stop>
    <stop arrival="0:33" departure="0:33">Fagerbakken</stop>
    <stop arrival="0:34" departure="0:34">Eidsvågneset</stop>
    <stop arrival="0:34" departure="0:34">Trolldalen (Eidsvågneset)</stop>
    <stop arrival="0:34" departure="0:34">Trollbekken</stop>
    <stop arrival="0:35" departure="0:35">Tømmervågen</stop>
    <stop arrival="0:35" departure="0:35">Lillevågen</stop>
    <stop arrival="0:36" departure="0:36">Hagebyen (Eidsvåg)</stop>
    <stop arrival="0:37" departure="0:37">Fabrikkvegen</stop>
    <stop arrival="0:38" departure="0:38">Eidsvåg gamlevegen</stop>
    <stop arrival="0:39" departure="0:39">Selvikvegen</stop>
    <stop arrival="0:40" departure="0:40">Ervik nedre (Sellesvingen)</stop>
    <stop arrival="0:40" departure="0:40">Ervik øvre</stop>
    <stop arrival="0:41" departure="0:41">Åstveitvegen</stop>
    <stop arrival="0:42" departure="0:42">Griggastemma</stop>
    <stop arrival="0:43" departure="0:43">Tertneskrysset gamleveien</stop>
    <stop arrival="0:45" departure="0:45">Stamskaret</stop>
    <stop arrival="0:45" departure="0:45">Hesthaugen</stop>
    <stop arrival="0:46">Åsane terminal</stop>
  </route>
</routes>
