<?xml version="1.0" encoding="UTF-8"?>
<routes>
  <route no="441" destination="Hjelteryggen Nordre knappen" url="http://www.web2051.no/bin/tp/zuginfo.exe/on/150837/52159/327602/113522/1/" trafficDays="kjører Sø, ikke 2. Mai">
    <stop departure="0:10" routeNo="441">Bergen Busstasjon</stop>
    <stop arrival="0:11" departure="0:11">Olav Kyrres gate</stop>
    <stop arrival="0:13" departure="0:13">Møhlenpris v/ Industrihuset</stop>
    <stop arrival="0:18" departure="0:18">Lyngbø Motorvei R555</stop>
    <stop arrival="0:24" departure="0:24">Frida Fasmer R555</stop>
    <stop arrival="0:25" departure="0:25">Storavatnet term.</stop>
    <stop arrival="0:26" departure="0:26">Ørjebekk</stop>
    <stop arrival="0:27" departure="0:27">Øvre Godvik</stop>
    <stop arrival="0:28" departure="0:28">Nedre Godvik</stop>
    <stop arrival="0:28" departure="0:28">Kiplehaugen</stop>
    <stop arrival="0:28" departure="0:28">Breivikskiftet</stop>
    <stop arrival="0:29" departure="0:29">Breivikdalen</stop>
    <stop arrival="0:30" departure="0:30">Stiaberget</stop>
    <stop arrival="0:30" departure="0:30">Drotningsvik v/Hydro</stop>
    <stop arrival="0:31" departure="0:31">Drotningsvik Rv 555</stop>
    <stop arrival="0:33" departure="0:33">Knarrevik</stop>
    <stop arrival="0:34" departure="0:34">Knarrevik under brua</stop>
    <stop arrival="0:35" departure="0:35">Hjelteryggen Svensveien</stop>
    <stop arrival="0:37" departure="0:37">Hjelteryggen Søre Knappen</stop>
    <stop arrival="0:37">Hjelteryggen Nordre knappen</stop>
  </route>
  <route no="44" destination="Storavatnet term." url="http://www.web2051.no/bin/tp/zuginfo.exe/on/752634/252443/454838/23459/1/" trafficDays="kjører Ma - Lø, ikke 17., 18. Mai">
    <stop departure="0:05" routeNo="44">Bergen Busstasjon</stop>
    <stop arrival="0:08" departure="0:08">Olav Kyrres gate</stop>
    <stop arrival="0:09" departure="0:09">Møhlenpris v/ Industrihuset</stop>
    <stop arrival="0:14" departure="0:14">Lyngbø Motorvei R555</stop>
    <stop arrival="0:19" departure="0:19">Bjørndalstre krysset</stop>
    <stop arrival="0:20" departure="0:20">Loddefjord term.</stop>
    <stop arrival="0:22" departure="0:22">Loddefjorddalen</stop>
    <stop arrival="0:23" departure="0:23">Frida Fasmer</stop>
    <stop arrival="0:24" departure="0:24">Rishaugen</stop>
    <stop arrival="0:25" departure="0:25">Brønndalen snuplass</stop>
    <stop arrival="0:28" departure="0:28">Skjenlia</stop>
    <stop arrival="0:29" departure="0:29">Fredheim</stop>
    <stop arrival="0:29" departure="0:29">Olsvik senter</stop>
    <stop arrival="0:30" departure="0:30">Olsvikstallen</stop>
    <stop>Olsvikskjenet snuplass</stop>
    <stop arrival="0:31" departure="0:31">Olsvikfjellet</stop>
    <stop arrival="0:32" departure="0:32">Olsvikskiftet</stop>
    <stop arrival="0:32" departure="0:32">Fagerdalen (Godvik)</stop>
    <stop arrival="0:33" departure="0:33">Gjeringskjenet</stop>
    <stop arrival="0:34" departure="0:34">Leirvikneset</stop>
    <stop arrival="0:35" departure="0:35">Leirvikåsen</stop>
    <stop arrival="0:36" departure="0:36">Godvik barnehage</stop>
    <stop arrival="0:38" departure="0:38">Ørjebekk</stop>
    <stop arrival="0:40">Storavatnet term.</stop>
  </route>
</routes>
