<?xml version="1.0" encoding="UTF-8"?>
<routes>
  <route no="468" destination="Straume term." url="http://www.web2051.no/bin/tp/zuginfo.exe/on/720480/242552/950176/234928/1/" trafficDays="kjører Ma, Sø, ikke 2., 17. Mai; også 14., 25. Mai">
    <stop departure="0:10" routeNo="468">Bergen Busstasjon</stop>
    <stop arrival="0:13" departure="0:13">Olav Kyrres gate</stop>
    <stop arrival="0:14" departure="0:14">Møhlenpris v/ Industrihuset</stop>
    <stop arrival="0:19" departure="0:19">Lyngbø Motorvei R555</stop>
    <stop arrival="0:24" departure="0:24">Frida Fasmer R555</stop>
    <stop arrival="0:25" departure="0:25">Storavatnet term.</stop>
    <stop arrival="0:27" departure="0:27">Breivikskiftet</stop>
    <stop arrival="0:28" departure="0:28">Drotningsvik Rv 555</stop>
    <stop arrival="0:30" departure="0:30">Knarrevik</stop>
    <stop arrival="0:35" departure="0:35">Straume term.</stop>
    <stop arrival="0:36" departure="0:36">Bildøy</stop>
    <stop arrival="0:38" departure="0:38">Bildøy bro</stop>
    <stop arrival="0:38" departure="0:38">Døsjeskiftet</stop>
    <stop arrival="0:38" departure="0:38">Kolltveit kryss</stop>
    <stop arrival="0:39" departure="0:39">Kolltveit ved skulen</stop>
    <stop arrival="0:39" departure="0:39">Kolltveit sør</stop>
    <stop arrival="0:39" departure="0:39">Kolltveit Bergasletto</stop>
    <stop arrival="0:40" departure="0:40">Kolltveit kai</stop>
    <stop arrival="0:40" departure="0:40">Kolltveit senter</stop>
    <stop arrival="0:42" departure="0:42">Morland ved bensinstasjon</stop>
    <stop arrival="0:43" departure="0:43">Morlandstø</stop>
    <stop arrival="0:44" departure="0:44">Knappskog utmark</stop>
    <stop arrival="0:45" departure="0:45">Fjæreide kryss</stop>
    <stop arrival="0:46" departure="0:46">Knappskog</stop>
    <stop arrival="0:48" departure="0:48">Ormevik</stop>
    <stop arrival="0:49" departure="0:49">Spjeld</stop>
    <stop arrival="0:50" departure="0:50">Spjeldbrekko</stop>
    <stop arrival="0:51" departure="0:51">Ågotnes Vanntanken</stop>
    <stop arrival="0:53" departure="0:53">Ågotnes</stop>
    <stop arrival="0:54" departure="0:54">Ågotnes Maggevarden</stop>
    <stop arrival="0:54" departure="0:54">Ågotnes Kryss CCB</stop>
    <stop arrival="0:55" departure="0:55">Ågotnes terminal</stop>
    <stop arrival="0:56" departure="0:56">Kårtveit (gamleskule)</stop>
    <stop arrival="0:57" departure="0:57">Kårtveit Nordli</stop>
    <stop arrival="0:58" departure="0:58">Kårtveit (Fjell)</stop>
    <stop arrival="0:58" departure="0:58">Kårtveit Eide butikk</stop>
    <stop arrival="0:59" departure="0:59">Kårtveit Eide kryss</stop>
    <stop arrival="0:59" departure="0:59">Kårtveit (Snekkerbua)</stop>
    <stop arrival="1:00" departure="1:00">Kårtveit (Nymark)</stop>
    <stop arrival="1:01" departure="1:01">Sekkingstad Glattkjøringsbane</stop>
    <stop arrival="1:01" departure="1:01">Sekkingstad (Møyvatn)</stop>
    <stop arrival="1:02" departure="1:02">Sekkingstad (Skjenavatne)</stop>
    <stop arrival="1:02" departure="1:02">Sekkingstad (butikken)</stop>
    <stop arrival="1:03" departure="1:03">Sekkingstad (bakketoppen)</stop>
    <stop arrival="1:03" departure="1:03">Sekkingstad (Lillebø)</stop>
    <stop arrival="1:04" departure="1:04">Sekkingstad (Apalvågen)</stop>
    <stop arrival="1:05" departure="1:05">Algrøy kryss</stop>
    <stop arrival="1:05" departure="1:05">Skålevik skule (Fjell)</stop>
    <stop arrival="1:06" departure="1:06">Skålevik Kuaneset (Fjell)</stop>
    <stop arrival="1:07" departure="1:07">Skålevik stølen (Fjell)</stop>
    <stop arrival="1:08" departure="1:08">Skålevik gravplass (Fjell)</stop>
    <stop arrival="1:09" departure="1:09">Skålevik utmark (Fjell)</stop>
    <stop arrival="1:10" departure="1:10">Møvik, Leirvik</stop>
    <stop arrival="1:10" departure="1:10">Møvik (Fjell)</stop>
    <stop arrival="1:11" departure="1:11">Møvik, Åse kryss</stop>
    <stop arrival="1:12" departure="1:12">Møvik Halsvarden (Fjell)</stop>
    <stop arrival="1:13" departure="1:13">Ytre Ulveseth</stop>
    <stop arrival="1:14" departure="1:14">Ulveseth skule</stop>
    <stop arrival="1:15" departure="1:15">Ulveseth</stop>
    <stop arrival="1:16" departure="1:16">Fjell Litlakvilet</stop>
    <stop arrival="1:17" departure="1:17">Fjell Prestasmauet</stop>
    <stop arrival="1:18" departure="1:18">Fjell Kleivane</stop>
    <stop arrival="1:19" departure="1:19">Fjell kyrkje</stop>
    <stop arrival="1:20" departure="1:20">Fjell</stop>
    <stop arrival="1:20" departure="1:20">Fjell Heljedalen</stop>
    <stop arrival="1:21" departure="1:21">Fjell Blommen</stop>
    <stop arrival="1:27" departure="1:27">Bildøy</stop>
    <stop arrival="1:30">Straume term.</stop>
  </route>
</routes>
