<?xml version="1.0" encoding="UTF-8"?>
<routes>
  <route no="484" destination="Steinrusten snuplass" url="http://www.web2051.no/bin/tp/zuginfo.exe/on/952959/320228/353908/140699/1/" trafficDays="kjører Sø, ikke 2. Mai">
    <stop departure="0:10" routeNo="484">Bergen Busstasjon</stop>
    <stop arrival="0:13" departure="0:13">Olav Kyrres gate</stop>
    <stop arrival="0:14" departure="0:14">Møhlenpris v/ Industrihuset</stop>
    <stop arrival="0:19" departure="0:19">Lyngbø Motorvei R555</stop>
    <stop arrival="0:24" departure="0:24">Frida Fasmer R555</stop>
    <stop arrival="0:25" departure="0:25">Storavatnet term.</stop>
    <stop arrival="0:28" departure="0:28">Brøstaneset</stop>
    <stop arrival="0:30" departure="0:30">Storeklubben (Askøy)</stop>
    <stop arrival="0:32" departure="0:32">Holmedal (Askøy)</stop>
    <stop arrival="0:35" departure="0:35">Kleppestø term.</stop>
    <stop arrival="0:36" departure="0:36">Kleppestø senter</stop>
    <stop arrival="0:36" departure="0:36">Solhålo (Kleppestø)</stop>
    <stop arrival="0:37" departure="0:37">Strand (Florvåg)</stop>
    <stop arrival="0:37" departure="0:37">Florvåg verk</stop>
    <stop arrival="0:38" departure="0:38">Florvåg ungdomsskole</stop>
    <stop arrival="0:39" departure="0:39">Florvåg Øenkrysset</stop>
    <stop arrival="0:40" departure="0:40">Florvåg Bakervågen</stop>
    <stop arrival="0:41" departure="0:41">Østerdalen (Askøy)</stop>
    <stop arrival="0:42" departure="0:42">Erdal sør</stop>
    <stop arrival="0:43" departure="0:43">Myren (Askøy)</stop>
    <stop arrival="0:43" departure="0:43">Erdal skole</stop>
    <stop arrival="0:44" departure="0:44">Nordre Erdal</stop>
    <stop arrival="0:45" departure="0:45">Eideskiftet (Askøy)</stop>
    <stop arrival="0:46" departure="0:46">Olufsen (Askøy)</stop>
    <stop arrival="0:47" departure="0:47">Djupamyr (Askøy)</stop>
    <stop arrival="0:48">Steinrusten snuplass</stop>
  </route>
  <route no="484" destination="Steinrusten snuplass" url="http://www.web2051.no/bin/tp/zuginfo.exe/on/342339/116711/77298/75464/1/" trafficDays="kjører 2., 17., 18. Mai">
    <stop departure="0:08" routeNo="484">Bergen Busstasjon</stop>
    <stop arrival="0:13" departure="0:13">Olav Kyrres gate</stop>
    <stop arrival="0:14" departure="0:14">Møhlenpris v/ Industrihuset</stop>
    <stop arrival="0:19" departure="0:19">Lyngbø Motorvei R555</stop>
    <stop arrival="0:24" departure="0:24">Frida Fasmer R555</stop>
    <stop arrival="0:25" departure="0:25">Storavatnet term.</stop>
    <stop arrival="0:28" departure="0:28">Brøstaneset</stop>
    <stop arrival="0:30" departure="0:30">Storeklubben (Askøy)</stop>
    <stop arrival="0:32" departure="0:32">Holmedal (Askøy)</stop>
    <stop arrival="0:35" departure="0:35">Kleppestø term.</stop>
    <stop arrival="0:36" departure="0:36">Kleppestø senter</stop>
    <stop arrival="0:36" departure="0:36">Solhålo (Kleppestø)</stop>
    <stop arrival="0:37" departure="0:37">Strand (Florvåg)</stop>
    <stop arrival="0:37" departure="0:37">Florvåg verk</stop>
    <stop arrival="0:38" departure="0:38">Florvåg ungdomsskole</stop>
    <stop arrival="0:39" departure="0:39">Florvåg Øenkrysset</stop>
    <stop arrival="0:40" departure="0:40">Florvåg Bakervågen</stop>
    <stop arrival="0:41" departure="0:41">Østerdalen (Askøy)</stop>
    <stop arrival="0:42" departure="0:42">Erdal sør</stop>
    <stop arrival="0:43" departure="0:43">Myren (Askøy)</stop>
    <stop arrival="0:43" departure="0:43">Erdal skole</stop>
    <stop arrival="0:44" departure="0:44">Nordre Erdal</stop>
    <stop arrival="0:46" departure="0:46">Eideskiftet (Askøy)</stop>
    <stop arrival="0:47" departure="0:47">Olufsen (Askøy)</stop>
    <stop arrival="0:48" departure="0:48">Djupamyr (Askøy)</stop>
    <stop arrival="0:50">Steinrusten snuplass</stop>
  </route>
  <route no="494" destination="Ravnanger term." url="http://www.web2051.no/bin/tp/zuginfo.exe/on/674985/227798/51662/199164/1/" trafficDays="kjører Ti - Lø, ikke 14., 18., 25. Mai">
    <stop departure="0:10" routeNo="494">Bergen Busstasjon</stop>
    <stop arrival="0:13" departure="0:13">Olav Kyrres gate</stop>
    <stop arrival="0:14" departure="0:14">Møhlenpris v/ Industrihuset</stop>
    <stop arrival="0:19" departure="0:19">Lyngbø Motorvei R555</stop>
    <stop arrival="0:24" departure="0:24">Frida Fasmer R555</stop>
    <stop arrival="0:25" departure="0:25">Storavatnet term.</stop>
    <stop arrival="0:28" departure="0:28">Brøstaneset</stop>
    <stop arrival="0:30" departure="0:30">Storeklubben (Askøy)</stop>
    <stop arrival="0:32" departure="0:32">Holmedal (Askøy)</stop>
    <stop arrival="0:35" departure="0:35">Kleppestø term.</stop>
    <stop arrival="0:36" departure="0:36">Kleppestø senter</stop>
    <stop arrival="0:36" departure="0:36">Solhålo (Kleppestø)</stop>
    <stop arrival="0:37" departure="0:37">Strand (Florvåg)</stop>
    <stop arrival="0:37" departure="0:37">Florvåg verk</stop>
    <stop arrival="0:38" departure="0:38">Florvåg ungdomsskole</stop>
    <stop arrival="0:39" departure="0:39">Florvåg Øenkrysset</stop>
    <stop arrival="0:40" departure="0:40">Florvåg Bakervågen</stop>
    <stop arrival="0:41" departure="0:41">Østerdalen (Askøy)</stop>
    <stop arrival="0:42" departure="0:42">Erdal sør</stop>
    <stop arrival="0:43" departure="0:43">Myren (Askøy)</stop>
    <stop arrival="0:43" departure="0:43">Erdal skole</stop>
    <stop arrival="0:44" departure="0:44">Nordre Erdal</stop>
    <stop arrival="0:45" departure="0:45">Eideskiftet (Askøy)</stop>
    <stop arrival="0:46" departure="0:46">Olufsen (Askøy)</stop>
    <stop arrival="0:46" departure="0:46">Djupamyr (Askøy)</stop>
    <stop arrival="0:47" departure="0:47">Steinrusten snuplass</stop>
    <stop arrival="0:50" departure="0:50">Pålelva (Askøy)</stop>
    <stop arrival="0:51" departure="0:51">Kråvik (Askøy)</stop>
    <stop arrival="0:52" departure="0:52">Haugland Verkstedet (Askøy)</stop>
    <stop arrival="0:55" departure="0:55">Fjellveien (Askøy)</stop>
    <stop arrival="1:01" departure="1:01">Haugland skole (Askøy)</stop>
    <stop arrival="1:05" departure="1:05">Haugland bedehus (Askøy)</stop>
    <stop arrival="1:08" departure="1:08">Ravnanger</stop>
    <stop arrival="1:12">Ravnanger term.</stop>
  </route>
</routes>
