<?xml version="1.0" encoding="UTF-8"?>
<routes>
  <route no="613" destination="Sør Strøno snuplass" url="http://www.web2051.no/bin/tp/zuginfo.exe/on/767625/261557/631188/59719/1/" trafficDays="kjører Ma - Fr, ikke 13., 17., 24. Mai">
    <stop departure="10:20" routeNo="613">Os - Osøyro</stop>
    <stop arrival="10:21" departure="10:21">Fjellheim</stop>
    <stop arrival="10:22" departure="10:22">Kuven</stop>
    <stop arrival="10:23" departure="10:23">Flåten (Os)</stop>
    <stop arrival="10:24" departure="10:24">Flåten Senter</stop>
    <stop arrival="10:25" departure="10:25">Tøsdalskiftet</stop>
    <stop arrival="10:26" departure="10:26">Vaktdal</stop>
    <stop arrival="10:27" departure="10:27">Os Vidaregåande skule</stop>
    <stop arrival="10:28" departure="10:28">Ulvensletta</stop>
    <stop arrival="10:29" departure="10:29">Vaksinen</stop>
    <stop arrival="10:30" departure="10:30">Ådnadalen</stop>
    <stop arrival="10:31" departure="10:31">Irgenskryss</stop>
    <stop arrival="10:31" departure="10:31">Hagevik 1</stop>
    <stop arrival="10:32" departure="10:32">Hagevik 2</stop>
    <stop arrival="10:32" departure="10:32">Hagavik (Hovland - Os)</stop>
    <stop arrival="10:33" departure="10:33">Ytre Hovland</stop>
    <stop arrival="10:33" departure="10:33">Grøvle (Os)</stop>
    <stop arrival="10:33" departure="10:33">Askvik (Os)</stop>
    <stop arrival="10:34" departure="10:34">Askvikskogen</stop>
    <stop arrival="10:35" departure="10:35">Hildershavn</stop>
    <stop arrival="10:35" departure="10:35">Strøno vegkryss</stop>
    <stop arrival="10:36" departure="10:36">Stokkavik 1</stop>
    <stop arrival="10:36" departure="10:36">Nore Øyane skule</stop>
    <stop arrival="10:38" departure="10:38">Strøno 1</stop>
    <stop arrival="10:38" departure="10:38">Strøno 2</stop>
    <stop arrival="10:39" departure="10:39">Strøno Ungdomshuset</stop>
    <stop arrival="10:40" departure="10:40">Nord Strøno Snuplass</stop>
    <stop arrival="10:41" departure="10:41">Strøno Ungdomshuset</stop>
    <stop arrival="10:42" departure="10:42">Strøno 2</stop>
    <stop arrival="10:42" departure="10:42">Strøno 1</stop>
    <stop arrival="10:44" departure="10:44">Nore Øyane skule</stop>
    <stop arrival="10:44" departure="10:44">Stokkavik 1</stop>
    <stop arrival="10:48" departure="10:48">Sør Strøno 1</stop>
    <stop arrival="10:49" departure="10:49">Sør Strøno 2</stop>
    <stop arrival="10:50">Sør Strøno snuplass</stop>
  </route>
  <route no="613" destination="Os - Osøyro" url="http://www.web2051.no/bin/tp/zuginfo.exe/on/272898/96649/530044/174056/1/" trafficDays="kjører Ma - Fr, ikke 13., 17., 24. Mai">
    <stop departure="10:50" routeNo="613">Sør Strøno snuplass</stop>
    <stop arrival="10:51" departure="10:51">Sør Strøno 2</stop>
    <stop arrival="10:52" departure="10:52">Sør Strøno 1</stop>
    <stop arrival="10:54" departure="10:54">Strøno vegkryss</stop>
    <stop arrival="10:54" departure="10:54">Hildershavn</stop>
    <stop arrival="10:55" departure="10:55">Askvikskogen</stop>
    <stop arrival="10:56" departure="10:56">Askvik (Os)</stop>
    <stop arrival="10:56" departure="10:56">Grøvle (Os)</stop>
    <stop arrival="10:56" departure="10:56">Ytre Hovland</stop>
    <stop arrival="10:57" departure="10:57">Hagavik (Hovland - Os)</stop>
    <stop arrival="10:57" departure="10:57">Hagevik 2</stop>
    <stop arrival="10:58" departure="10:58">Hagevik 1</stop>
    <stop arrival="10:58" departure="10:58">Irgenskryss</stop>
    <stop arrival="10:59" departure="10:59">Ådnadalen</stop>
    <stop arrival="11:00" departure="11:00">Vaksinen</stop>
    <stop arrival="11:01" departure="11:01">Ulvensletta</stop>
    <stop arrival="11:02" departure="11:02">Os Vidaregåande skule</stop>
    <stop arrival="11:03" departure="11:03">Kolskogen</stop>
    <stop arrival="11:04" departure="11:04">Tøsdalskiftet</stop>
    <stop arrival="11:05" departure="11:05">Flåten Senter</stop>
    <stop arrival="11:06" departure="11:06">Flåten (Os)</stop>
    <stop arrival="11:07" departure="11:07">Kuven</stop>
    <stop arrival="11:08" departure="11:08">Fjellheim</stop>
    <stop arrival="11:09">Os - Osøyro</stop>
  </route>
</routes>
