<?xml version="1.0" encoding="UTF-8"?>
<routes>
  <route no="11" destination="Tollbodalmenningen" url="http://www.web2051.no/bin/tp/zuginfo.exe/on/380724/130576/94428/79697/1/" trafficDays="kjører Ma - Lø, ikke 1., 13., 17., 24. Mai">
    <stop departure="10:00" routeNo="11">Starefoss</stop>
    <stop arrival="10:00" departure="10:00">Starefossveien</stop>
    <stop arrival="10:01" departure="10:01">Starefossbakken</stop>
    <stop arrival="10:02" departure="10:02">Nystuveien</stop>
    <stop arrival="10:03" departure="10:03">Fjellveien (Bergen)</stop>
    <stop arrival="10:04" departure="10:04">Bellevue</stop>
    <stop arrival="10:05" departure="10:05">Svartediksvei</stop>
    <stop arrival="10:06" departure="10:06">Kalvedalsveien</stop>
    <stop arrival="10:08" departure="10:08">Kalfarlien</stop>
    <stop arrival="10:10" departure="10:10">Stadsporten (jernbanen)</stop>
    <stop arrival="10:11" departure="10:11">Kong Oscars gate</stop>
    <stop arrival="10:12" departure="10:12">Allehelgensgate</stop>
    <stop arrival="10:15" departure="10:15">Bergen Strandkai terminal</stop>
    <stop arrival="10:18" departure="10:18">Christiand Michelsens gate</stop>
    <stop arrival="10:20" departure="10:20">Klosteret</stop>
    <stop arrival="10:21" departure="10:21">Fredriksberg</stop>
    <stop arrival="10:22" departure="10:22">Nordnes skole</stop>
    <stop arrival="10:23" departure="10:23">Akvariet</stop>
    <stop arrival="10:25">Tollbodalmenningen</stop>
  </route>
</routes>
