<?xml version="1.0" encoding="UTF-8"?>
<routes>
  <route no="900" destination="Arna terminal" url="http://www.web2051.no/bin/tp/zuginfo.exe/on/605337/202956/393182/5188/1/" trafficDays="kjører Ma - Fr, ikke 13., 17., 24. Mai">
    <stop departure="9:40" routeNo="900">Nesttun terminal</stop>
    <stop arrival="9:41" departure="9:41">Nesttun</stop>
    <stop arrival="9:41" departure="9:41">Herredshuset, Nesttun</stop>
    <stop arrival="9:42" departure="9:42">Midtun bro</stop>
    <stop arrival="9:43" departure="9:43">Midttunflaten</stop>
    <stop arrival="9:45" departure="9:45">BKK Trafo (Helldal)</stop>
    <stop arrival="9:46" departure="9:46">Helldal (Fana)</stop>
    <stop arrival="9:47" departure="9:47">Helldal, Frank Mohn</stop>
    <stop arrival="9:48" departure="9:48">Helldal skole</stop>
    <stop arrival="9:49" departure="9:49">Grimen</stop>
    <stop arrival="9:50" departure="9:50">Grimen øst</stop>
    <stop arrival="9:51" departure="9:51">Bratland</stop>
    <stop arrival="9:52" departure="9:52">Søylen (Espeland)</stop>
    <stop arrival="9:53" departure="9:53">Haukeland vest (Arna)</stop>
    <stop arrival="9:53" departure="9:53">Haukeland (Arna)</stop>
    <stop arrival="9:54" departure="9:54">Haukeland øst (Arna)</stop>
    <stop arrival="9:54" departure="9:54">Lone vest</stop>
    <stop arrival="9:55" departure="9:55">Lone øst</stop>
    <stop arrival="9:55" departure="9:55">Espelandshallen (Arna)</stop>
    <stop arrival="9:56" departure="9:56">Espeland Janus (Arna)</stop>
    <stop arrival="9:58" departure="9:58">Espelandsmyrane fylkesvn.</stop>
    <stop arrival="9:59" departure="9:59">Sæthre steinindustri</stop>
    <stop arrival="10:00" departure="10:00">Arna busser</stop>
    <stop arrival="10:00" departure="10:00">Arnatveit</stop>
    <stop arrival="10:01" departure="10:01">Hølbekken</stop>
    <stop arrival="10:01" departure="10:01">Stølsvegen vest</stop>
    <stop arrival="10:02" departure="10:02">Stølsvegen</stop>
    <stop arrival="10:03" departure="10:03">Stølsvegen øst</stop>
    <stop arrival="10:05" departure="10:05">Roknetoppen</stop>
    <stop arrival="10:07" departure="10:07">Rokneholo</stop>
    <stop arrival="10:08" departure="10:08">Indre Arna skule</stop>
    <stop arrival="10:11" departure="10:11">Bommane (Åsane)</stop>
    <stop arrival="10:15">Arna terminal</stop>
  </route>
  <route no="900" destination="Arna terminal" url="http://www.web2051.no/bin/tp/zuginfo.exe/on/690/1407/493544/246542/1/" trafficDays="kjører Ma - Fr, ikke 13., 17., 24. Mai">
    <stop departure="9:40" routeNo="900">Nesttun terminal</stop>
    <stop arrival="9:41" departure="9:41">Nesttun</stop>
    <stop arrival="9:41" departure="9:41">Herredshuset, Nesttun</stop>
    <stop arrival="9:42" departure="9:42">Midtun bro</stop>
    <stop arrival="9:43" departure="9:43">Midttunflaten</stop>
    <stop arrival="9:45" departure="9:45">BKK Trafo (Helldal)</stop>
    <stop arrival="9:46" departure="9:46">Helldal (Fana)</stop>
    <stop arrival="9:47" departure="9:47">Helldal, Frank Mohn</stop>
    <stop arrival="9:48" departure="9:48">Helldal skole</stop>
    <stop arrival="9:49" departure="9:49">Grimen</stop>
    <stop arrival="9:50" departure="9:50">Grimen øst</stop>
    <stop arrival="9:51" departure="9:51">Bratland</stop>
    <stop arrival="9:52" departure="9:52">Søylen (Espeland)</stop>
    <stop arrival="9:53" departure="9:53">Haukeland vest (Arna)</stop>
    <stop arrival="9:53" departure="9:53">Haukeland (Arna)</stop>
    <stop arrival="9:54" departure="9:54">Haukeland øst (Arna)</stop>
    <stop arrival="9:54" departure="9:54">Lone vest</stop>
    <stop arrival="9:55" departure="9:55">Lone øst</stop>
    <stop arrival="9:55" departure="9:55">Espelandshallen (Arna)</stop>
    <stop arrival="9:56" departure="9:56">Espeland Janus (Arna)</stop>
    <stop arrival="9:58" departure="9:58">Espelandsmyrane fylkesvn.</stop>
    <stop arrival="9:59" departure="9:59">Sæthre steinindustri</stop>
    <stop arrival="10:00" departure="10:00">Arna busser</stop>
    <stop arrival="10:00" departure="10:00">Arnatveit</stop>
    <stop arrival="10:01" departure="10:01">Hølbekken</stop>
    <stop arrival="10:01" departure="10:01">Stølsvegen vest</stop>
    <stop arrival="10:02" departure="10:02">Stølsvegen</stop>
    <stop arrival="10:03" departure="10:03">Stølsvegen øst</stop>
    <stop arrival="10:05" departure="10:05">Roknetoppen</stop>
    <stop arrival="10:07" departure="10:07">Rokneholo</stop>
    <stop arrival="10:08" departure="10:08">Indre Arna skule</stop>
    <stop arrival="10:11" departure="10:11">Bommane (Åsane)</stop>
    <stop arrival="10:15">Arna terminal</stop>
  </route>
  <route no="900" destination="Arna terminal" url="http://www.web2051.no/bin/tp/zuginfo.exe/on/165318/56283/622844/256316/1/" trafficDays="kjører Ma - Fr, ikke 13., 17., 24. Mai">
    <stop departure="9:40" routeNo="900">Nesttun terminal</stop>
    <stop arrival="9:41" departure="9:41">Nesttun</stop>
    <stop arrival="9:41" departure="9:41">Herredshuset, Nesttun</stop>
    <stop arrival="9:42" departure="9:42">Midtun bro</stop>
    <stop arrival="9:43" departure="9:43">Midttunflaten</stop>
    <stop arrival="9:45" departure="9:45">BKK Trafo (Helldal)</stop>
    <stop arrival="9:46" departure="9:46">Helldal (Fana)</stop>
    <stop arrival="9:47" departure="9:47">Helldal, Frank Mohn</stop>
    <stop arrival="9:48" departure="9:48">Helldal skole</stop>
    <stop arrival="9:49" departure="9:49">Grimen</stop>
    <stop arrival="9:50" departure="9:50">Grimen øst</stop>
    <stop arrival="9:51" departure="9:51">Bratland</stop>
    <stop arrival="9:52" departure="9:52">Søylen (Espeland)</stop>
    <stop arrival="9:53" departure="9:53">Haukeland vest (Arna)</stop>
    <stop arrival="9:53" departure="9:53">Haukeland (Arna)</stop>
    <stop arrival="9:54" departure="9:54">Haukeland øst (Arna)</stop>
    <stop arrival="9:54" departure="9:54">Lone vest</stop>
    <stop arrival="9:55" departure="9:55">Lone øst</stop>
    <stop arrival="9:55" departure="9:55">Espelandshallen (Arna)</stop>
    <stop arrival="9:56" departure="9:56">Espeland Janus (Arna)</stop>
    <stop arrival="9:58" departure="9:58">Espelandsmyrane fylkesvn.</stop>
    <stop arrival="9:59" departure="9:59">Sæthre steinindustri</stop>
    <stop arrival="10:00" departure="10:00">Arna busser</stop>
    <stop arrival="10:00" departure="10:00">Arnatveit</stop>
    <stop arrival="10:01" departure="10:01">Hølbekken</stop>
    <stop arrival="10:01" departure="10:01">Stølsvegen vest</stop>
    <stop arrival="10:02" departure="10:02">Stølsvegen</stop>
    <stop arrival="10:03" departure="10:03">Stølsvegen øst</stop>
    <stop arrival="10:05" departure="10:05">Roknetoppen</stop>
    <stop arrival="10:07" departure="10:07">Rokneholo</stop>
    <stop arrival="10:08" departure="10:08">Indre Arna skule</stop>
    <stop arrival="10:11" departure="10:11">Bommane (Åsane)</stop>
    <stop arrival="10:15">Arna terminal</stop>
  </route>
  <route no="900" destination="Nesttun terminal" url="http://www.web2051.no/bin/tp/zuginfo.exe/on/994389/332604/982186/159630/1/" trafficDays="kjører Ma - Fr, Sø, også 1. Mai">
    <stop departure="10:18" routeNo="900">Arna terminal</stop>
    <stop arrival="10:20" departure="10:20">Bommane (Arnatveitvegen)</stop>
    <stop arrival="10:21" departure="10:21">Indre Arna skule</stop>
    <stop arrival="10:21" departure="10:21">Rokneholo</stop>
    <stop arrival="10:22" departure="10:22">Roknetoppen</stop>
    <stop arrival="10:23" departure="10:23">Stølsvegen øst</stop>
    <stop arrival="10:23" departure="10:23">Stølsvegen</stop>
    <stop arrival="10:26" departure="10:26">Stølsvegen vest</stop>
    <stop arrival="10:26" departure="10:26">Arnatveit</stop>
    <stop arrival="10:27" departure="10:27">Arna busser</stop>
    <stop arrival="10:27" departure="10:27">Sæthre steinindustri</stop>
    <stop arrival="10:29" departure="10:29">Espelandsmyrane fylkesvn.</stop>
    <stop arrival="10:30" departure="10:30">Espeland Janus (Arna)</stop>
    <stop arrival="10:31" departure="10:31">Espelandshallen (Arna)</stop>
    <stop arrival="10:32" departure="10:32">Lone øst</stop>
    <stop arrival="10:33" departure="10:33">Lone vest</stop>
    <stop arrival="10:34" departure="10:34">Haukeland øst (Arna)</stop>
    <stop arrival="10:34" departure="10:34">Haukeland (Arna)</stop>
    <stop arrival="10:35" departure="10:35">Haukeland vest (Arna)</stop>
    <stop arrival="10:36" departure="10:36">Søylen (Espeland)</stop>
    <stop arrival="10:36" departure="10:36">Bratland</stop>
    <stop arrival="10:37" departure="10:37">Grimen øst</stop>
    <stop arrival="10:38" departure="10:38">Grimen</stop>
    <stop arrival="10:39" departure="10:39">Helldal skole</stop>
    <stop arrival="10:40" departure="10:40">Helldal, Frank Mohn</stop>
    <stop arrival="10:40" departure="10:40">Helldal (Fana)</stop>
    <stop arrival="10:42" departure="10:42">BKK Trafo (Helldal)</stop>
    <stop arrival="10:44" departure="10:44">Midttunflaten</stop>
    <stop arrival="10:45" departure="10:45">Midtun bro</stop>
    <stop arrival="10:47" departure="10:47">Herredshuset, Nesttun</stop>
    <stop arrival="10:48" departure="10:48">Nesttun</stop>
    <stop arrival="10:49">Nesttun terminal</stop>
  </route>
  <route no="900" destination="Nesttun terminal" url="http://www.web2051.no/bin/tp/zuginfo.exe/on/610539/204654/298026/54500/1/" trafficDays="kjører Ma - Fr, Sø, også 1. Mai">
    <stop departure="10:18" routeNo="900">Arna terminal</stop>
    <stop arrival="10:20" departure="10:20">Bommane (Arnatveitvegen)</stop>
    <stop arrival="10:21" departure="10:21">Indre Arna skule</stop>
    <stop arrival="10:21" departure="10:21">Rokneholo</stop>
    <stop arrival="10:22" departure="10:22">Roknetoppen</stop>
    <stop arrival="10:23" departure="10:23">Stølsvegen øst</stop>
    <stop arrival="10:23" departure="10:23">Stølsvegen</stop>
    <stop arrival="10:26" departure="10:26">Stølsvegen vest</stop>
    <stop arrival="10:26" departure="10:26">Arnatveit</stop>
    <stop arrival="10:27" departure="10:27">Arna busser</stop>
    <stop arrival="10:27" departure="10:27">Sæthre steinindustri</stop>
    <stop arrival="10:29" departure="10:29">Espelandsmyrane fylkesvn.</stop>
    <stop arrival="10:30" departure="10:30">Espeland Janus (Arna)</stop>
    <stop arrival="10:31" departure="10:31">Espelandshallen (Arna)</stop>
    <stop arrival="10:32" departure="10:32">Lone øst</stop>
    <stop arrival="10:33" departure="10:33">Lone vest</stop>
    <stop arrival="10:34" departure="10:34">Haukeland øst (Arna)</stop>
    <stop arrival="10:34" departure="10:34">Haukeland (Arna)</stop>
    <stop arrival="10:35" departure="10:35">Haukeland vest (Arna)</stop>
    <stop arrival="10:36" departure="10:36">Søylen (Espeland)</stop>
    <stop arrival="10:36" departure="10:36">Bratland</stop>
    <stop arrival="10:37" departure="10:37">Grimen øst</stop>
    <stop arrival="10:38" departure="10:38">Grimen</stop>
    <stop arrival="10:39" departure="10:39">Helldal skole</stop>
    <stop arrival="10:40" departure="10:40">Helldal, Frank Mohn</stop>
    <stop arrival="10:40" departure="10:40">Helldal (Fana)</stop>
    <stop arrival="10:42" departure="10:42">BKK Trafo (Helldal)</stop>
    <stop arrival="10:44" departure="10:44">Midttunflaten</stop>
    <stop arrival="10:45" departure="10:45">Midtun bro</stop>
    <stop arrival="10:47" departure="10:47">Herredshuset, Nesttun</stop>
    <stop arrival="10:48" departure="10:48">Nesttun</stop>
    <stop arrival="10:49">Nesttun terminal</stop>
  </route>
  <route no="900" destination="Arna terminal" url="http://www.web2051.no/bin/tp/zuginfo.exe/on/787176/263532/441438/41673/1/" trafficDays="kjører Ma - Fr, ikke 13., 17., 24. Mai">
    <stop departure="9:45" routeNo="900">Bergen Busstasjon</stop>
    <stop arrival="9:48" departure="9:48">Danmarksplass</stop>
    <stop arrival="9:50" departure="9:50">Solheimsgaten</stop>
    <stop arrival="9:52" departure="9:52">Reperbanen</stop>
    <stop arrival="9:54" departure="9:54">Fjøsangerveien/ Minde Allè</stop>
    <stop arrival="9:56" departure="9:56">Minde</stop>
    <stop arrival="9:58" departure="9:58">Elvebakken</stop>
    <stop arrival="9:59" departure="9:59">Storetveit</stop>
    <stop arrival="10:00" departure="10:00">Fantoft</stop>
    <stop arrival="10:02" departure="10:02">Nydalen</stop>
    <stop arrival="10:04" departure="10:04">Paradis</stop>
    <stop arrival="10:05" departure="10:05">Tveiteråsskiftet</stop>
    <stop arrival="10:07" departure="10:07">Hopsbro</stop>
    <stop arrival="10:08" departure="10:08">Hopstangen</stop>
    <stop arrival="10:10" departure="10:10">Nesttun terminal</stop>
    <stop arrival="10:11" departure="10:11">Nesttun</stop>
    <stop arrival="10:11" departure="10:11">Herredshuset, Nesttun</stop>
    <stop arrival="10:12" departure="10:12">Midtun bro</stop>
    <stop arrival="10:13" departure="10:13">Midttunflaten</stop>
    <stop arrival="10:15" departure="10:15">BKK Trafo (Helldal)</stop>
    <stop arrival="10:16" departure="10:16">Helldal (Fana)</stop>
    <stop arrival="10:17" departure="10:17">Helldal, Frank Mohn</stop>
    <stop arrival="10:18" departure="10:18">Helldal skole</stop>
    <stop arrival="10:19" departure="10:19">Grimen</stop>
    <stop arrival="10:20" departure="10:20">Grimen øst</stop>
    <stop arrival="10:21" departure="10:21">Bratland</stop>
    <stop arrival="10:22" departure="10:22">Søylen (Espeland)</stop>
    <stop arrival="10:23" departure="10:23">Haukeland vest (Arna)</stop>
    <stop arrival="10:23" departure="10:23">Haukeland (Arna)</stop>
    <stop arrival="10:24" departure="10:24">Haukeland øst (Arna)</stop>
    <stop arrival="10:24" departure="10:24">Lone vest</stop>
    <stop arrival="10:25" departure="10:25">Lone øst</stop>
    <stop arrival="10:25" departure="10:25">Espelandshallen (Arna)</stop>
    <stop arrival="10:26" departure="10:26">Espeland Janus (Arna)</stop>
    <stop arrival="10:28" departure="10:28">Espelandsmyrane fylkesvn.</stop>
    <stop arrival="10:29" departure="10:29">Sæthre steinindustri</stop>
    <stop arrival="10:30" departure="10:30">Arna busser</stop>
    <stop arrival="10:30" departure="10:30">Arnatveit</stop>
    <stop arrival="10:31" departure="10:31">Hølbekken</stop>
    <stop arrival="10:31" departure="10:31">Stølsvegen vest</stop>
    <stop arrival="10:32" departure="10:32">Stølsvegen</stop>
    <stop arrival="10:33" departure="10:33">Stølsvegen øst</stop>
    <stop arrival="10:35" departure="10:35">Roknetoppen</stop>
    <stop arrival="10:37" departure="10:37">Rokneholo</stop>
    <stop arrival="10:38" departure="10:38">Indre Arna skule</stop>
    <stop arrival="10:41" departure="10:41">Bommane (Åsane)</stop>
    <stop arrival="10:45">Arna terminal</stop>
  </route>
  <route no="900" destination="Arna terminal" url="http://www.web2051.no/bin/tp/zuginfo.exe/on/130467/44629/955588/434305/1/" trafficDays="kjører Ma - Fr, ikke 13., 17., 24. Mai">
    <stop departure="9:45" routeNo="900">Bergen Busstasjon</stop>
    <stop arrival="9:48" departure="9:48">Danmarksplass</stop>
    <stop arrival="9:50" departure="9:50">Solheimsgaten</stop>
    <stop arrival="9:52" departure="9:52">Reperbanen</stop>
    <stop arrival="9:54" departure="9:54">Fjøsangerveien/ Minde Allè</stop>
    <stop arrival="9:56" departure="9:56">Minde</stop>
    <stop arrival="9:58" departure="9:58">Elvebakken</stop>
    <stop arrival="9:59" departure="9:59">Storetveit</stop>
    <stop arrival="10:00" departure="10:00">Fantoft</stop>
    <stop arrival="10:02" departure="10:02">Nydalen</stop>
    <stop arrival="10:04" departure="10:04">Paradis</stop>
    <stop arrival="10:05" departure="10:05">Tveiteråsskiftet</stop>
    <stop arrival="10:07" departure="10:07">Hopsbro</stop>
    <stop arrival="10:08" departure="10:08">Hopstangen</stop>
    <stop arrival="10:10" departure="10:10">Nesttun terminal</stop>
    <stop arrival="10:11" departure="10:11">Nesttun</stop>
    <stop arrival="10:11" departure="10:11">Herredshuset, Nesttun</stop>
    <stop arrival="10:12" departure="10:12">Midtun bro</stop>
    <stop arrival="10:13" departure="10:13">Midttunflaten</stop>
    <stop arrival="10:15" departure="10:15">BKK Trafo (Helldal)</stop>
    <stop arrival="10:16" departure="10:16">Helldal (Fana)</stop>
    <stop arrival="10:17" departure="10:17">Helldal, Frank Mohn</stop>
    <stop arrival="10:18" departure="10:18">Helldal skole</stop>
    <stop arrival="10:19" departure="10:19">Grimen</stop>
    <stop arrival="10:20" departure="10:20">Grimen øst</stop>
    <stop arrival="10:21" departure="10:21">Bratland</stop>
    <stop arrival="10:22" departure="10:22">Søylen (Espeland)</stop>
    <stop arrival="10:23" departure="10:23">Haukeland vest (Arna)</stop>
    <stop arrival="10:23" departure="10:23">Haukeland (Arna)</stop>
    <stop arrival="10:24" departure="10:24">Haukeland øst (Arna)</stop>
    <stop arrival="10:24" departure="10:24">Lone vest</stop>
    <stop arrival="10:25" departure="10:25">Lone øst</stop>
    <stop arrival="10:25" departure="10:25">Espelandshallen (Arna)</stop>
    <stop arrival="10:26" departure="10:26">Espeland Janus (Arna)</stop>
    <stop arrival="10:28" departure="10:28">Espelandsmyrane fylkesvn.</stop>
    <stop arrival="10:29" departure="10:29">Sæthre steinindustri</stop>
    <stop arrival="10:30" departure="10:30">Arna busser</stop>
    <stop arrival="10:30" departure="10:30">Arnatveit</stop>
    <stop arrival="10:31" departure="10:31">Hølbekken</stop>
    <stop arrival="10:31" departure="10:31">Stølsvegen vest</stop>
    <stop arrival="10:32" departure="10:32">Stølsvegen</stop>
    <stop arrival="10:33" departure="10:33">Stølsvegen øst</stop>
    <stop arrival="10:35" departure="10:35">Roknetoppen</stop>
    <stop arrival="10:37" departure="10:37">Rokneholo</stop>
    <stop arrival="10:38" departure="10:38">Indre Arna skule</stop>
    <stop arrival="10:41" departure="10:41">Bommane (Åsane)</stop>
    <stop arrival="10:45">Arna terminal</stop>
  </route>
  <route no="900" destination="Arna terminal" url="http://www.web2051.no/bin/tp/zuginfo.exe/on/823995/275805/246596/151367/1/" trafficDays="kjører Ma - Fr, ikke 13., 17., 24. Mai">
    <stop departure="9:45" routeNo="900">Bergen Busstasjon</stop>
    <stop arrival="9:48" departure="9:48">Danmarksplass</stop>
    <stop arrival="9:50" departure="9:50">Solheimsgaten</stop>
    <stop arrival="9:52" departure="9:52">Reperbanen</stop>
    <stop arrival="9:54" departure="9:54">Fjøsangerveien/ Minde Allè</stop>
    <stop arrival="9:56" departure="9:56">Minde</stop>
    <stop arrival="9:58" departure="9:58">Elvebakken</stop>
    <stop arrival="9:59" departure="9:59">Storetveit</stop>
    <stop arrival="10:00" departure="10:00">Fantoft</stop>
    <stop arrival="10:02" departure="10:02">Nydalen</stop>
    <stop arrival="10:04" departure="10:04">Paradis</stop>
    <stop arrival="10:05" departure="10:05">Tveiteråsskiftet</stop>
    <stop arrival="10:07" departure="10:07">Hopsbro</stop>
    <stop arrival="10:08" departure="10:08">Hopstangen</stop>
    <stop arrival="10:10" departure="10:10">Nesttun terminal</stop>
    <stop arrival="10:11" departure="10:11">Nesttun</stop>
    <stop arrival="10:11" departure="10:11">Herredshuset, Nesttun</stop>
    <stop arrival="10:12" departure="10:12">Midtun bro</stop>
    <stop arrival="10:13" departure="10:13">Midttunflaten</stop>
    <stop arrival="10:15" departure="10:15">BKK Trafo (Helldal)</stop>
    <stop arrival="10:16" departure="10:16">Helldal (Fana)</stop>
    <stop arrival="10:17" departure="10:17">Helldal, Frank Mohn</stop>
    <stop arrival="10:18" departure="10:18">Helldal skole</stop>
    <stop arrival="10:19" departure="10:19">Grimen</stop>
    <stop arrival="10:20" departure="10:20">Grimen øst</stop>
    <stop arrival="10:21" departure="10:21">Bratland</stop>
    <stop arrival="10:22" departure="10:22">Søylen (Espeland)</stop>
    <stop arrival="10:23" departure="10:23">Haukeland vest (Arna)</stop>
    <stop arrival="10:23" departure="10:23">Haukeland (Arna)</stop>
    <stop arrival="10:24" departure="10:24">Haukeland øst (Arna)</stop>
    <stop arrival="10:24" departure="10:24">Lone vest</stop>
    <stop arrival="10:25" departure="10:25">Lone øst</stop>
    <stop arrival="10:25" departure="10:25">Espelandshallen (Arna)</stop>
    <stop arrival="10:26" departure="10:26">Espeland Janus (Arna)</stop>
    <stop arrival="10:28" departure="10:28">Espelandsmyrane fylkesvn.</stop>
    <stop arrival="10:29" departure="10:29">Sæthre steinindustri</stop>
    <stop arrival="10:30" departure="10:30">Arna busser</stop>
    <stop arrival="10:30" departure="10:30">Arnatveit</stop>
    <stop arrival="10:31" departure="10:31">Hølbekken</stop>
    <stop arrival="10:31" departure="10:31">Stølsvegen vest</stop>
    <stop arrival="10:32" departure="10:32">Stølsvegen</stop>
    <stop arrival="10:33" departure="10:33">Stølsvegen øst</stop>
    <stop arrival="10:35" departure="10:35">Roknetoppen</stop>
    <stop arrival="10:37" departure="10:37">Rokneholo</stop>
    <stop arrival="10:38" departure="10:38">Indre Arna skule</stop>
    <stop arrival="10:41" departure="10:41">Bommane (Åsane)</stop>
    <stop arrival="10:45">Arna terminal</stop>
  </route>
  <route no="900" destination="Nesttun terminal" url="http://www.web2051.no/bin/tp/zuginfo.exe/on/650865/218175/49508/192202/1/" trafficDays="kjører Ma - Fr, ikke 13., 17., 24. Mai">
    <stop departure="10:48" routeNo="900">Arna terminal</stop>
    <stop arrival="10:50" departure="10:50">Bommane (Arnatveitvegen)</stop>
    <stop arrival="10:51" departure="10:51">Indre Arna skule</stop>
    <stop arrival="10:51" departure="10:51">Rokneholo</stop>
    <stop arrival="10:52" departure="10:52">Roknetoppen</stop>
    <stop arrival="10:53" departure="10:53">Stølsvegen øst</stop>
    <stop arrival="10:53" departure="10:53">Stølsvegen</stop>
    <stop arrival="10:56" departure="10:56">Stølsvegen vest</stop>
    <stop arrival="10:56" departure="10:56">Arnatveit</stop>
    <stop arrival="10:57" departure="10:57">Arna busser</stop>
    <stop arrival="10:57" departure="10:57">Sæthre steinindustri</stop>
    <stop arrival="10:59" departure="10:59">Espelandsmyrane fylkesvn.</stop>
    <stop arrival="11:00" departure="11:00">Espeland Janus (Arna)</stop>
    <stop arrival="11:01" departure="11:01">Espelandshallen (Arna)</stop>
    <stop arrival="11:02" departure="11:02">Lone øst</stop>
    <stop arrival="11:03" departure="11:03">Lone vest</stop>
    <stop arrival="11:04" departure="11:04">Haukeland øst (Arna)</stop>
    <stop arrival="11:04" departure="11:04">Haukeland (Arna)</stop>
    <stop arrival="11:05" departure="11:05">Haukeland vest (Arna)</stop>
    <stop arrival="11:06" departure="11:06">Søylen (Espeland)</stop>
    <stop arrival="11:06" departure="11:06">Bratland</stop>
    <stop arrival="11:07" departure="11:07">Grimen øst</stop>
    <stop arrival="11:08" departure="11:08">Grimen</stop>
    <stop arrival="11:09" departure="11:09">Helldal skole</stop>
    <stop arrival="11:10" departure="11:10">Helldal, Frank Mohn</stop>
    <stop arrival="11:10" departure="11:10">Helldal (Fana)</stop>
    <stop arrival="11:12" departure="11:12">BKK Trafo (Helldal)</stop>
    <stop arrival="11:14" departure="11:14">Midttunflaten</stop>
    <stop arrival="11:15" departure="11:15">Midtun bro</stop>
    <stop arrival="11:17" departure="11:17">Herredshuset, Nesttun</stop>
    <stop arrival="11:18" departure="11:18">Nesttun</stop>
    <stop arrival="11:19">Nesttun terminal</stop>
  </route>
  <route no="900" destination="Nesttun terminal" url="http://www.web2051.no/bin/tp/zuginfo.exe/on/912669/305443/137024/235712/1/" trafficDays="kjører Ma - Fr, ikke 13., 17., 24. Mai">
    <stop departure="10:48" routeNo="900">Arna terminal</stop>
    <stop arrival="10:50" departure="10:50">Bommane (Arnatveitvegen)</stop>
    <stop arrival="10:51" departure="10:51">Indre Arna skule</stop>
    <stop arrival="10:51" departure="10:51">Rokneholo</stop>
    <stop arrival="10:52" departure="10:52">Roknetoppen</stop>
    <stop arrival="10:53" departure="10:53">Stølsvegen øst</stop>
    <stop arrival="10:53" departure="10:53">Stølsvegen</stop>
    <stop arrival="10:56" departure="10:56">Stølsvegen vest</stop>
    <stop arrival="10:56" departure="10:56">Arnatveit</stop>
    <stop arrival="10:57" departure="10:57">Arna busser</stop>
    <stop arrival="10:57" departure="10:57">Sæthre steinindustri</stop>
    <stop arrival="10:59" departure="10:59">Espelandsmyrane fylkesvn.</stop>
    <stop arrival="11:00" departure="11:00">Espeland Janus (Arna)</stop>
    <stop arrival="11:01" departure="11:01">Espelandshallen (Arna)</stop>
    <stop arrival="11:02" departure="11:02">Lone øst</stop>
    <stop arrival="11:03" departure="11:03">Lone vest</stop>
    <stop arrival="11:04" departure="11:04">Haukeland øst (Arna)</stop>
    <stop arrival="11:04" departure="11:04">Haukeland (Arna)</stop>
    <stop arrival="11:05" departure="11:05">Haukeland vest (Arna)</stop>
    <stop arrival="11:06" departure="11:06">Søylen (Espeland)</stop>
    <stop arrival="11:06" departure="11:06">Bratland</stop>
    <stop arrival="11:07" departure="11:07">Grimen øst</stop>
    <stop arrival="11:08" departure="11:08">Grimen</stop>
    <stop arrival="11:09" departure="11:09">Helldal skole</stop>
    <stop arrival="11:10" departure="11:10">Helldal, Frank Mohn</stop>
    <stop arrival="11:10" departure="11:10">Helldal (Fana)</stop>
    <stop arrival="11:12" departure="11:12">BKK Trafo (Helldal)</stop>
    <stop arrival="11:14" departure="11:14">Midttunflaten</stop>
    <stop arrival="11:15" departure="11:15">Midtun bro</stop>
    <stop arrival="11:17" departure="11:17">Herredshuset, Nesttun</stop>
    <stop arrival="11:18" departure="11:18">Nesttun</stop>
    <stop arrival="11:19">Nesttun terminal</stop>
  </route>
</routes>
