<?xml version="1.0" encoding="UTF-8"?>
<routes>
  <route no="479" destination="Straume term." url="http://www.web2051.no/bin/tp/zuginfo.exe/on/954768/320732/543992/46261/1/" trafficDays="kjører Ma - Fr, ikke 13., 17., 24. Mai">
    <stop departure="10:10" routeNo="479">Hellesøy kai</stop>
    <stop arrival="10:11" departure="10:11">Hellesøy (Øygarden)</stop>
    <stop arrival="10:11" departure="10:11">Hellesund (Øygarden)</stop>
    <stop arrival="10:12" departure="10:12">Kalfaret (Øygarden)</stop>
    <stop arrival="10:12" departure="10:12">Svellingen</stop>
    <stop arrival="10:13" departure="10:13">Bakken skule (Øygarden)</stop>
    <stop arrival="10:13" departure="10:13">Hjelme gravplass</stop>
    <stop arrival="10:14" departure="10:14">Hjelme kyrkje</stop>
    <stop arrival="10:14" departure="10:14">Halvardskryss</stop>
    <stop arrival="10:15" departure="10:15">Hjelme kryss</stop>
    <stop arrival="10:16" departure="10:16">Trollvatn (Øygarden)</stop>
    <stop arrival="10:17" departure="10:17">Storhilderen (Øygarden)</stop>
    <stop arrival="10:18" departure="10:18">Stølsnes (Øygarden)</stop>
    <stop arrival="10:18" departure="10:18">Nautnes</stop>
    <stop arrival="10:18" departure="10:18">Nordvik nord (Øygarden)</stop>
    <stop arrival="10:19" departure="10:19">Nordvik sør (Øygarden)</stop>
    <stop arrival="10:19" departure="10:19">Gamle Sturekryss</stop>
    <stop arrival="10:20" departure="10:20">Skjold (Øygarden)</stop>
    <stop arrival="10:22" departure="10:22">Sture oljeterm. kryss</stop>
    <stop arrival="10:25" departure="10:25">Alvheimstre</stop>
    <stop arrival="10:27" departure="10:27">Alvheim skule</stop>
    <stop arrival="10:27" departure="10:27">Dåvøy kryss</stop>
    <stop arrival="10:28" departure="10:28">Alvheim kryss</stop>
    <stop arrival="10:30" departure="10:30">Tjeldstø terminal</stop>
    <stop arrival="10:31" departure="10:31">Tjeldstøstraumen</stop>
    <stop arrival="10:31" departure="10:31">Sauøy (Øygarden)</stop>
    <stop arrival="10:32" departure="10:32">Straumøy (Øygarden)</stop>
    <stop arrival="10:34" departure="10:34">Østlandet (Øygarden)</stop>
    <stop arrival="10:35" departure="10:35">Ovågen Kystmuseum</stop>
    <stop arrival="10:36" departure="10:36">Rossnes (Øygarden)</stop>
    <stop arrival="10:36" departure="10:36">Nålura (Øygarden)</stop>
    <stop arrival="10:37" departure="10:37">Kollsnes Næringspark</stop>
    <stop arrival="10:40" departure="10:40">Dale (Øygarden)</stop>
    <stop arrival="10:40" departure="10:40">Blomvåg terminal</stop>
    <stop arrival="10:41" departure="10:41">Blom (Øygarden)</stop>
    <stop arrival="10:42" departure="10:42">Søre Sæle (Øygarden)</stop>
    <stop arrival="10:42" departure="10:42">Søre Sæle (Butikken) Øygarden</stop>
    <stop arrival="10:44" departure="10:44">Rong Kulturhus</stop>
    <stop arrival="10:45" departure="10:45">Rong senter</stop>
    <stop arrival="10:46" departure="10:46">Rong Arseta</stop>
    <stop arrival="10:46" departure="10:46">Rong Austamarka</stop>
    <stop arrival="10:47" departure="10:47">Rong Raudhammeren</stop>
    <stop arrival="10:49" departure="10:49">Toftøy Stekabakken</stop>
    <stop arrival="10:50" departure="10:50">Torsvik kryss (Øygarden)</stop>
    <stop arrival="10:51" departure="10:51">Toftøy ved fotballbanen</stop>
    <stop arrival="10:51" departure="10:51">Toftøy Hyttegrenda</stop>
    <stop arrival="10:52" departure="10:52">Vik (Øygarden)</stop>
    <stop arrival="10:53" departure="10:53">Stegavika</stop>
    <stop arrival="10:53" departure="10:53">Svelgen bro</stop>
    <stop arrival="10:54" departure="10:54">Misje nord</stop>
    <stop arrival="10:54" departure="10:54">Misje</stop>
    <stop arrival="10:55" departure="10:55">Misje sør</stop>
    <stop arrival="10:57" departure="10:57">Solsvik Elvebakken R561</stop>
    <stop arrival="11:01" departure="11:01">Vindenes kryss</stop>
    <stop arrival="11:05" departure="11:05">Ågotnes terminal</stop>
    <stop arrival="11:06" departure="11:06">Ågotnes Kryss CCB</stop>
    <stop arrival="11:06" departure="11:06">Ågotnes Maggevarden</stop>
    <stop arrival="11:07" departure="11:07">Ågotnes</stop>
    <stop arrival="11:08" departure="11:08">Ågotnes Vanntanken</stop>
    <stop arrival="11:10" departure="11:10">Spjeldbrekko</stop>
    <stop arrival="11:11" departure="11:11">Spjeld</stop>
    <stop arrival="11:11" departure="11:11">Ormevik</stop>
    <stop arrival="11:12" departure="11:12">Knappskog</stop>
    <stop arrival="11:13" departure="11:13">Fjæreide kryss</stop>
    <stop arrival="11:15" departure="11:15">Knappskog utmark</stop>
    <stop arrival="11:16" departure="11:16">Morlandstø</stop>
    <stop arrival="11:17" departure="11:17">Morland ved bensinstasjon</stop>
    <stop arrival="11:18" departure="11:18">Kolltveit senter</stop>
    <stop arrival="11:19" departure="11:19">Kolltveit kai</stop>
    <stop arrival="11:20" departure="11:20">Kolltveit Bergasletto</stop>
    <stop arrival="11:21" departure="11:21">Kolltveit sør</stop>
    <stop arrival="11:21" departure="11:21">Kolltveit ved skulen</stop>
    <stop arrival="11:22" departure="11:22">Kolltveit kryss</stop>
    <stop arrival="11:23" departure="11:23">Døsjeskiftet</stop>
    <stop arrival="11:24" departure="11:24">Bildøy bro</stop>
    <stop arrival="11:26" departure="11:26">Bildøy</stop>
    <stop arrival="11:30">Straume term.</stop>
  </route>
  <route no="479" destination="Straume term." url="http://www.web2051.no/bin/tp/zuginfo.exe/on/643533/217006/693806/132393/1/" trafficDays="kjører Lø, ikke 1. Mai">
    <stop departure="10:10" routeNo="479">Hellesøy kai</stop>
    <stop arrival="10:11" departure="10:11">Hellesøy (Øygarden)</stop>
    <stop arrival="10:11" departure="10:11">Hellesund (Øygarden)</stop>
    <stop arrival="10:12" departure="10:12">Kalfaret (Øygarden)</stop>
    <stop arrival="10:12" departure="10:12">Svellingen</stop>
    <stop arrival="10:13" departure="10:13">Bakken skule (Øygarden)</stop>
    <stop arrival="10:13" departure="10:13">Hjelme gravplass</stop>
    <stop arrival="10:14" departure="10:14">Hjelme kyrkje</stop>
    <stop arrival="10:14" departure="10:14">Halvardskryss</stop>
    <stop arrival="10:15" departure="10:15">Hjelme kryss</stop>
    <stop arrival="10:16" departure="10:16">Trollvatn (Øygarden)</stop>
    <stop arrival="10:17" departure="10:17">Storhilderen (Øygarden)</stop>
    <stop arrival="10:18" departure="10:18">Stølsnes (Øygarden)</stop>
    <stop arrival="10:18" departure="10:18">Nautnes</stop>
    <stop arrival="10:18" departure="10:18">Nordvik nord (Øygarden)</stop>
    <stop arrival="10:19" departure="10:19">Nordvik sør (Øygarden)</stop>
    <stop arrival="10:19" departure="10:19">Gamle Sturekryss</stop>
    <stop arrival="10:20" departure="10:20">Skjold (Øygarden)</stop>
    <stop arrival="10:22" departure="10:22">Sture oljeterm. kryss</stop>
    <stop arrival="10:25" departure="10:25">Alvheimstre</stop>
    <stop arrival="10:27" departure="10:27">Alvheim skule</stop>
    <stop arrival="10:27" departure="10:27">Dåvøy kryss</stop>
    <stop arrival="10:28" departure="10:28">Alvheim kryss</stop>
    <stop arrival="10:30" departure="10:30">Tjeldstø terminal</stop>
    <stop arrival="10:31" departure="10:31">Tjeldstøstraumen</stop>
    <stop arrival="10:31" departure="10:31">Sauøy (Øygarden)</stop>
    <stop arrival="10:32" departure="10:32">Straumøy (Øygarden)</stop>
    <stop arrival="10:34" departure="10:34">Østlandet (Øygarden)</stop>
    <stop arrival="10:35" departure="10:35">Ovågen Kystmuseum</stop>
    <stop arrival="10:36" departure="10:36">Rossnes (Øygarden)</stop>
    <stop arrival="10:36" departure="10:36">Nålura (Øygarden)</stop>
    <stop arrival="10:37" departure="10:37">Kollsnes Næringspark</stop>
    <stop arrival="10:40" departure="10:40">Dale (Øygarden)</stop>
    <stop arrival="10:40" departure="10:40">Blomvåg terminal</stop>
    <stop arrival="10:41" departure="10:41">Blom (Øygarden)</stop>
    <stop arrival="10:42" departure="10:42">Søre Sæle (Øygarden)</stop>
    <stop arrival="10:42" departure="10:42">Søre Sæle (Butikken) Øygarden</stop>
    <stop arrival="10:44" departure="10:44">Rong Kulturhus</stop>
    <stop arrival="10:45" departure="10:45">Rong senter</stop>
    <stop arrival="10:46" departure="10:46">Rong Arseta</stop>
    <stop arrival="10:46" departure="10:46">Rong Austamarka</stop>
    <stop arrival="10:47" departure="10:47">Rong Raudhammeren</stop>
    <stop arrival="10:49" departure="10:49">Toftøy Stekabakken</stop>
    <stop arrival="10:50" departure="10:50">Torsvik kryss (Øygarden)</stop>
    <stop arrival="10:51" departure="10:51">Toftøy ved fotballbanen</stop>
    <stop arrival="10:52" departure="10:52">Toftøy Hyttegrenda</stop>
    <stop arrival="10:52" departure="10:52">Vik (Øygarden)</stop>
    <stop arrival="10:54" departure="10:54">Stegavika</stop>
    <stop arrival="10:54" departure="10:54">Svelgen bro</stop>
    <stop arrival="10:55" departure="10:55">Misje nord</stop>
    <stop arrival="10:56" departure="10:56">Misje</stop>
    <stop arrival="10:57" departure="10:57">Misje sør</stop>
    <stop arrival="10:58" departure="10:58">Solsvik Elvebakken R561</stop>
    <stop arrival="11:02" departure="11:02">Vindenes kryss</stop>
    <stop arrival="11:05" departure="11:05">Ågotnes terminal</stop>
    <stop arrival="11:06" departure="11:06">Ågotnes Kryss CCB</stop>
    <stop arrival="11:06" departure="11:06">Ågotnes Maggevarden</stop>
    <stop arrival="11:07" departure="11:07">Ågotnes</stop>
    <stop arrival="11:08" departure="11:08">Ågotnes Vanntanken</stop>
    <stop arrival="11:10" departure="11:10">Spjeldbrekko</stop>
    <stop arrival="11:11" departure="11:11">Spjeld</stop>
    <stop arrival="11:11" departure="11:11">Ormevik</stop>
    <stop arrival="11:12" departure="11:12">Knappskog</stop>
    <stop arrival="11:13" departure="11:13">Fjæreide kryss</stop>
    <stop arrival="11:15" departure="11:15">Knappskog utmark</stop>
    <stop arrival="11:16" departure="11:16">Morlandstø</stop>
    <stop arrival="11:17" departure="11:17">Morland ved bensinstasjon</stop>
    <stop arrival="11:18" departure="11:18">Kolltveit senter</stop>
    <stop arrival="11:19" departure="11:19">Kolltveit kai</stop>
    <stop arrival="11:20" departure="11:20">Kolltveit Bergasletto</stop>
    <stop arrival="11:21" departure="11:21">Kolltveit sør</stop>
    <stop arrival="11:21" departure="11:21">Kolltveit ved skulen</stop>
    <stop arrival="11:22" departure="11:22">Kolltveit kryss</stop>
    <stop arrival="11:23" departure="11:23">Døsjeskiftet</stop>
    <stop arrival="11:24" departure="11:24">Bildøy bro</stop>
    <stop arrival="11:26" departure="11:26">Bildøy</stop>
    <stop arrival="11:30">Straume term.</stop>
  </route>
  <route no="479" destination="Straume term." url="http://www.web2051.no/bin/tp/zuginfo.exe/on/675333/227617/956264/253021/1/" trafficDays="kjører Sø, også 1., 13., 17., 24. Mai">
    <stop departure="10:15" routeNo="479">Hellesøy kai</stop>
    <stop arrival="10:16" departure="10:16">Hellesøy (Øygarden)</stop>
    <stop arrival="10:16" departure="10:16">Hellesund (Øygarden)</stop>
    <stop arrival="10:17" departure="10:17">Kalfaret (Øygarden)</stop>
    <stop arrival="10:17" departure="10:17">Svellingen</stop>
    <stop arrival="10:18" departure="10:18">Bakken skule (Øygarden)</stop>
    <stop arrival="10:18" departure="10:18">Hjelme gravplass</stop>
    <stop arrival="10:19" departure="10:19">Hjelme kyrkje</stop>
    <stop arrival="10:19" departure="10:19">Halvardskryss</stop>
    <stop arrival="10:20" departure="10:20">Hjelme kryss</stop>
    <stop arrival="10:21" departure="10:21">Trollvatn (Øygarden)</stop>
    <stop arrival="10:22" departure="10:22">Storhilderen (Øygarden)</stop>
    <stop arrival="10:23" departure="10:23">Stølsnes (Øygarden)</stop>
    <stop arrival="10:23" departure="10:23">Nautnes</stop>
    <stop arrival="10:23" departure="10:23">Nordvik nord (Øygarden)</stop>
    <stop arrival="10:24" departure="10:24">Nordvik sør (Øygarden)</stop>
    <stop arrival="10:24" departure="10:24">Gamle Sturekryss</stop>
    <stop arrival="10:25" departure="10:25">Skjold (Øygarden)</stop>
    <stop arrival="10:27" departure="10:27">Sture oljeterm. kryss</stop>
    <stop arrival="10:30" departure="10:30">Alvheimstre</stop>
    <stop arrival="10:32" departure="10:32">Alvheim skule</stop>
    <stop arrival="10:32" departure="10:32">Dåvøy kryss</stop>
    <stop arrival="10:33" departure="10:33">Alvheim kryss</stop>
    <stop arrival="10:35" departure="10:35">Tjeldstø terminal</stop>
    <stop arrival="10:36" departure="10:36">Tjeldstøstraumen</stop>
    <stop arrival="10:36" departure="10:36">Sauøy (Øygarden)</stop>
    <stop arrival="10:37" departure="10:37">Straumøy (Øygarden)</stop>
    <stop arrival="10:39" departure="10:39">Østlandet (Øygarden)</stop>
    <stop arrival="10:40" departure="10:40">Ovågen Kystmuseum</stop>
    <stop arrival="10:41" departure="10:41">Rossnes (Øygarden)</stop>
    <stop arrival="10:41" departure="10:41">Nålura (Øygarden)</stop>
    <stop arrival="10:42" departure="10:42">Kollsnes Næringspark</stop>
    <stop arrival="10:45" departure="10:45">Dale (Øygarden)</stop>
    <stop arrival="10:45" departure="10:45">Blomvåg terminal</stop>
    <stop arrival="10:46" departure="10:46">Blom (Øygarden)</stop>
    <stop arrival="10:47" departure="10:47">Søre Sæle (Øygarden)</stop>
    <stop arrival="10:47" departure="10:47">Søre Sæle (Butikken) Øygarden</stop>
    <stop arrival="10:49" departure="10:49">Rong Kulturhus</stop>
    <stop arrival="10:50" departure="10:50">Rong senter</stop>
    <stop arrival="10:51" departure="10:51">Rong Arseta</stop>
    <stop arrival="10:51" departure="10:51">Rong Austamarka</stop>
    <stop arrival="10:52" departure="10:52">Rong Raudhammeren</stop>
    <stop arrival="10:54" departure="10:54">Toftøy Stekabakken</stop>
    <stop arrival="10:55" departure="10:55">Torsvik kryss (Øygarden)</stop>
    <stop arrival="10:56" departure="10:56">Toftøy ved fotballbanen</stop>
    <stop arrival="10:56" departure="10:56">Toftøy Hyttegrenda</stop>
    <stop arrival="10:57" departure="10:57">Vik (Øygarden)</stop>
    <stop arrival="10:58" departure="10:58">Stegavika</stop>
    <stop arrival="10:58" departure="10:58">Svelgen bro</stop>
    <stop arrival="10:59" departure="10:59">Misje nord</stop>
    <stop arrival="10:59" departure="10:59">Misje</stop>
    <stop arrival="11:00" departure="11:00">Misje sør</stop>
    <stop arrival="11:01" departure="11:01">Solsvik Elvebakken R561</stop>
    <stop arrival="11:03" departure="11:03">Vindenes kryss</stop>
    <stop arrival="11:05" departure="11:05">Ågotnes terminal</stop>
    <stop arrival="11:06" departure="11:06">Ågotnes Kryss CCB</stop>
    <stop arrival="11:06" departure="11:06">Ågotnes Maggevarden</stop>
    <stop arrival="11:07" departure="11:07">Ågotnes</stop>
    <stop arrival="11:08" departure="11:08">Ågotnes Vanntanken</stop>
    <stop arrival="11:10" departure="11:10">Spjeldbrekko</stop>
    <stop arrival="11:11" departure="11:11">Spjeld</stop>
    <stop arrival="11:11" departure="11:11">Ormevik</stop>
    <stop arrival="11:12" departure="11:12">Knappskog</stop>
    <stop arrival="11:13" departure="11:13">Fjæreide kryss</stop>
    <stop arrival="11:15" departure="11:15">Knappskog utmark</stop>
    <stop arrival="11:16" departure="11:16">Morlandstø</stop>
    <stop arrival="11:17" departure="11:17">Morland ved bensinstasjon</stop>
    <stop arrival="11:18" departure="11:18">Kolltveit senter</stop>
    <stop arrival="11:19" departure="11:19">Kolltveit kai</stop>
    <stop arrival="11:20" departure="11:20">Kolltveit Bergasletto</stop>
    <stop arrival="11:21" departure="11:21">Kolltveit sør</stop>
    <stop arrival="11:21" departure="11:21">Kolltveit ved skulen</stop>
    <stop arrival="11:22" departure="11:22">Kolltveit kryss</stop>
    <stop arrival="11:23" departure="11:23">Døsjeskiftet</stop>
    <stop arrival="11:24" departure="11:24">Bildøy bro</stop>
    <stop arrival="11:26" departure="11:26">Bildøy</stop>
    <stop arrival="11:30">Straume term.</stop>
  </route>
</routes>
