<?xml version="1.0" encoding="UTF-8"?>
<routes>
  <route no="42" destination="Bergen Busstasjon" url="http://www.web2051.no/bin/tp/zuginfo.exe/on/102387/35613/948390/440068/1/" trafficDays="kjører 17. Mai">
    <stop departure="10:20" routeNo="42">Alvøen kai</stop>
    <stop arrival="10:21" departure="10:21">Alvøen nede</stop>
    <stop arrival="10:21" departure="10:21">Alvøen kryss holdepl.</stop>
    <stop arrival="10:22" departure="10:22">Alvøen gård</stop>
    <stop arrival="10:23" departure="10:23">Ørnefjellet</stop>
    <stop arrival="10:24" departure="10:24">Hillehaugen</stop>
    <stop arrival="10:26" departure="10:26">Håkonshella</stop>
    <stop arrival="10:27" departure="10:27">Håkonshella Ungdomshuset</stop>
    <stop arrival="10:28" departure="10:28">Håkonshella Skansen</stop>
    <stop arrival="10:28" departure="10:28">Håkonshella Myren</stop>
    <stop arrival="10:29" departure="10:29">Håkonshella Feriehjemmet</stop>
    <stop arrival="10:30" departure="10:30">Lille Kongshaug</stop>
    <stop arrival="10:31" departure="10:31">Storingavika</stop>
    <stop arrival="10:31" departure="10:31">Medhaugflaten</stop>
    <stop arrival="10:32" departure="10:32">Hilleren</stop>
    <stop arrival="10:33" departure="10:33">Skaretoppen</stop>
    <stop arrival="10:33" departure="10:33">Skare (Mathopen skole)</stop>
    <stop arrival="10:34" departure="10:34">Mathopen Sætre</stop>
    <stop arrival="10:35" departure="10:35">Haakonsvern/Mathopen</stop>
    <stop arrival="10:37" departure="10:37">Notaneset</stop>
    <stop arrival="10:40" departure="10:40">Hetlevikstrømmen</stop>
    <stop arrival="10:41" departure="10:41">Hetlevikskiftet</stop>
    <stop arrival="10:45" departure="10:45">Loddefjord term.</stop>
    <stop arrival="10:46" departure="10:46">Bjørndalstre krysset</stop>
    <stop arrival="10:47" departure="10:47">Tennebekk</stop>
    <stop arrival="10:51" departure="10:51">Lyngbø Motorvei R555</stop>
    <stop arrival="10:56" departure="10:56">Møhlenpris v/ Industrihuset</stop>
    <stop arrival="10:57" departure="10:57">Christies gate (Festplassen)</stop>
    <stop arrival="11:00">Bergen Busstasjon</stop>
  </route>
  <route no="42" destination="Bergen Busstasjon" url="http://www.web2051.no/bin/tp/zuginfo.exe/on/602850/202436/628156/113128/1/" trafficDays="kjører 17. Mai">
    <stop departure="10:50" routeNo="42">Alvøen kai</stop>
    <stop arrival="10:51" departure="10:51">Alvøen nede</stop>
    <stop arrival="10:51" departure="10:51">Alvøen kryss holdepl.</stop>
    <stop arrival="10:52" departure="10:52">Alvøen gård</stop>
    <stop arrival="10:53" departure="10:53">Ørnefjellet</stop>
    <stop arrival="10:54" departure="10:54">Hillehaugen</stop>
    <stop arrival="10:56" departure="10:56">Håkonshella</stop>
    <stop arrival="10:57" departure="10:57">Håkonshella Ungdomshuset</stop>
    <stop arrival="10:58" departure="10:58">Håkonshella Skansen</stop>
    <stop arrival="10:58" departure="10:58">Håkonshella Myren</stop>
    <stop arrival="10:59" departure="10:59">Håkonshella Feriehjemmet</stop>
    <stop arrival="11:00" departure="11:00">Lille Kongshaug</stop>
    <stop arrival="11:01" departure="11:01">Storingavika</stop>
    <stop arrival="11:01" departure="11:01">Medhaugflaten</stop>
    <stop arrival="11:02" departure="11:02">Hilleren</stop>
    <stop arrival="11:03" departure="11:03">Skaretoppen</stop>
    <stop arrival="11:03" departure="11:03">Skare (Mathopen skole)</stop>
    <stop arrival="11:04" departure="11:04">Mathopen Sætre</stop>
    <stop arrival="11:05" departure="11:05">Haakonsvern/Mathopen</stop>
    <stop arrival="11:07" departure="11:07">Notaneset</stop>
    <stop arrival="11:10" departure="11:10">Hetlevikstrømmen</stop>
    <stop arrival="11:11" departure="11:11">Hetlevikskiftet</stop>
    <stop arrival="11:15" departure="11:15">Loddefjord term.</stop>
    <stop arrival="11:16" departure="11:16">Bjørndalstre krysset</stop>
    <stop arrival="11:17" departure="11:17">Tennebekk</stop>
    <stop arrival="11:21" departure="11:21">Lyngbø Motorvei R555</stop>
    <stop arrival="11:26" departure="11:26">Møhlenpris v/ Industrihuset</stop>
    <stop arrival="11:27" departure="11:27">Christies gate (Festplassen)</stop>
    <stop arrival="11:30">Bergen Busstasjon</stop>
  </route>
</routes>
