<?xml version="1.0" encoding="UTF-8"?>
<routes>
  <route no="445" destination="Anglevik snuplass" url="http://www.web2051.no/bin/tp/zuginfo.exe/on/544266/183467/685040/161098/1/" trafficDays="kjører Lø, ikke 1. Mai">
    <stop departure="9:40" routeNo="445">Bergen Busstasjon</stop>
    <stop arrival="9:41" departure="9:41">Olav Kyrres gate</stop>
    <stop arrival="9:43" departure="9:43">Møhlenpris v/ Industrihuset</stop>
    <stop arrival="9:48" departure="9:48">Lyngbø Motorvei R555</stop>
    <stop arrival="9:54" departure="9:54">Frida Fasmer R555</stop>
    <stop arrival="9:55" departure="9:55">Storavatnet term.</stop>
    <stop arrival="9:57" departure="9:57">Breivikskiftet</stop>
    <stop arrival="9:58" departure="9:58">Drotningsvik Rv 555</stop>
    <stop arrival="10:00" departure="10:00">Knarrevik</stop>
    <stop arrival="10:05" departure="10:05">Straume term.</stop>
    <stop arrival="10:06" departure="10:06">Storhilleren (Foldnesveg)</stop>
    <stop arrival="10:07" departure="10:07">Åttringavegen</stop>
    <stop arrival="10:08" departure="10:08">Sotraheimen</stop>
    <stop arrival="10:08" departure="10:08">Foldnes Grunnavågen</stop>
    <stop arrival="10:09" departure="10:09">Foldnesvegen</stop>
    <stop arrival="10:10" departure="10:10">Foldnes</stop>
    <stop arrival="10:11" departure="10:11">Vågaleite (Fjell)</stop>
    <stop arrival="10:12" departure="10:12">Våge kryss (Fjell)</stop>
    <stop arrival="10:14" departure="10:14">Anglevik</stop>
    <stop arrival="10:15">Anglevik snuplass</stop>
  </route>
  <route no="445" destination="Bergen Busstasjon" url="http://www.web2051.no/bin/tp/zuginfo.exe/on/900606/302263/368478/115963/1/" trafficDays="kjører Sø, også 1., 13., 17., 24. Mai">
    <stop departure="10:15" routeNo="445">Anglevik snuplass</stop>
    <stop arrival="10:16" departure="10:16">Anglevik</stop>
    <stop arrival="10:16" departure="10:16">Våge kryss (Fjell)</stop>
    <stop arrival="10:17" departure="10:17">Vågaleite (Fjell)</stop>
    <stop arrival="10:18" departure="10:18">Foldnes</stop>
    <stop arrival="10:20" departure="10:20">Foldnesvegen</stop>
    <stop arrival="10:22" departure="10:22">Foldnes Grunnavågen</stop>
    <stop arrival="10:24" departure="10:24">Sotraheimen</stop>
    <stop arrival="10:26" departure="10:26">Åttringavegen</stop>
    <stop arrival="10:28" departure="10:28">Storhilleren (Foldnesveg)</stop>
    <stop arrival="10:30" departure="10:30">Straume term.</stop>
    <stop arrival="10:33" departure="10:33">Knarrevik</stop>
    <stop arrival="10:36" departure="10:36">Drotningsvik Rv 555</stop>
    <stop arrival="10:37" departure="10:37">Breivikskiftet</stop>
    <stop arrival="10:40" departure="10:40">Storavatnet term.</stop>
    <stop arrival="10:41" departure="10:41">Frida Fasmer</stop>
    <stop arrival="10:47" departure="10:47">Lyngbø Motorvei R555</stop>
    <stop arrival="10:52" departure="10:52">Møhlenpris v/ Industrihuset</stop>
    <stop arrival="10:54" departure="10:54">Christies gate (Festplassen)</stop>
    <stop arrival="10:54" departure="10:54">Kaigaten/v. Jernbanen</stop>
    <stop arrival="10:55">Bergen Busstasjon</stop>
  </route>
  <route no="445" destination="Anglevik snuplass" url="http://www.web2051.no/bin/tp/zuginfo.exe/on/890097/298726/573608/9895/1/" trafficDays="kjører Ma - Fr, ikke 13., 17., 24. Mai">
    <stop departure="10:35" routeNo="445">Straume term.</stop>
    <stop arrival="10:36" departure="10:36">Storhilleren (Foldnesveg)</stop>
    <stop arrival="10:37" departure="10:37">Åttringavegen</stop>
    <stop arrival="10:38" departure="10:38">Sotraheimen</stop>
    <stop arrival="10:38" departure="10:38">Foldnes Grunnavågen</stop>
    <stop arrival="10:39" departure="10:39">Foldnesvegen</stop>
    <stop arrival="10:40" departure="10:40">Foldnes</stop>
    <stop arrival="10:41" departure="10:41">Vågaleite (Fjell)</stop>
    <stop arrival="10:42" departure="10:42">Våge kryss (Fjell)</stop>
    <stop arrival="10:44" departure="10:44">Anglevik</stop>
    <stop arrival="10:45">Anglevik snuplass</stop>
  </route>
  <route no="445" destination="Bergen Busstasjon" url="http://www.web2051.no/bin/tp/zuginfo.exe/on/62283/22793/802756/380617/1/" trafficDays="kjører Ma - Fr, ikke 13., 17., 24. Mai">
    <stop departure="10:45" routeNo="445">Anglevik snuplass</stop>
    <stop arrival="10:46" departure="10:46">Anglevik</stop>
    <stop arrival="10:46" departure="10:46">Våge kryss (Fjell)</stop>
    <stop arrival="10:47" departure="10:47">Vågaleite (Fjell)</stop>
    <stop arrival="10:48" departure="10:48">Foldnes</stop>
    <stop arrival="10:50" departure="10:50">Foldnesvegen</stop>
    <stop arrival="10:52" departure="10:52">Foldnes Grunnavågen</stop>
    <stop arrival="10:54" departure="10:54">Sotraheimen</stop>
    <stop arrival="10:56" departure="10:56">Åttringavegen</stop>
    <stop arrival="10:58" departure="10:58">Storhilleren (Foldnesveg)</stop>
    <stop arrival="11:00" departure="11:00">Straume term.</stop>
    <stop arrival="11:03" departure="11:03">Knarrevik</stop>
    <stop arrival="11:06" departure="11:06">Drotningsvik Rv 555</stop>
    <stop arrival="11:07" departure="11:07">Breivikskiftet</stop>
    <stop arrival="11:10" departure="11:10">Storavatnet term.</stop>
    <stop arrival="11:11" departure="11:11">Frida Fasmer</stop>
    <stop arrival="11:17" departure="11:17">Lyngbø Motorvei R555</stop>
    <stop arrival="11:22" departure="11:22">Møhlenpris v/ Industrihuset</stop>
    <stop arrival="11:24" departure="11:24">Nygårdsgaten</stop>
    <stop arrival="11:25">Bergen Busstasjon</stop>
  </route>
</routes>
