<?xml version="1.0" encoding="UTF-8"?>
<routes>
  <route no="270" destination="Åsane terminal" url="http://www.web2051.no/bin/tp/zuginfo.exe/on/859305/291510/201142/185866/1/" trafficDays="kjører Lø, ikke 1. Mai">
    <stop departure="10:16" routeNo="270">Arna terminal</stop>
    <stop arrival="10:17" departure="10:17">Ytre Arna vegen v.nr 204</stop>
    <stop arrival="10:18" departure="10:18">Listøl</stop>
    <stop arrival="10:18" departure="10:18">Listøl</stop>
    <stop arrival="10:19" departure="10:19">Holmen (Arna)</stop>
    <stop arrival="10:19" departure="10:19">Solberg (Bergen)</stop>
    <stop arrival="10:19" departure="10:19">Ytre Arna gård</stop>
    <stop arrival="10:20" departure="10:20">Festtangen</stop>
    <stop arrival="10:20" departure="10:20">Kvamstø</stop>
    <stop arrival="10:21" departure="10:21">Sletta snuplass</stop>
    <stop arrival="10:23" departure="10:23">Sægarsveg</stop>
    <stop arrival="10:24" departure="10:24">Ytre Arna Kirke</stop>
    <stop arrival="10:26" departure="10:26">Ytre Arna Sentrum</stop>
    <stop arrival="10:26" departure="10:26">Bankaskiftet</stop>
    <stop arrival="10:27" departure="10:27">Orfallet</stop>
    <stop arrival="10:28" departure="10:28">Gamsevegen</stop>
    <stop arrival="10:29" departure="10:29">Neset (Gaupås)</stop>
    <stop arrival="10:30" departure="10:30">Hauglandskiftet</stop>
    <stop arrival="10:30" departure="10:30">Kalsåsvegen</stop>
    <stop arrival="10:31" departure="10:31">Kalsåsvatn</stop>
    <stop arrival="10:32" departure="10:32">Hetlebakkskiftet</stop>
    <stop arrival="10:33" departure="10:33">Blindheim øst</stop>
    <stop arrival="10:33" departure="10:33">Blindheim vest</stop>
    <stop arrival="10:34" departure="10:34">Blindheimsdalen</stop>
    <stop arrival="10:36" departure="10:36">Birkeland (Åsane)</stop>
    <stop arrival="10:38" departure="10:38">Vågsbotn</stop>
    <stop arrival="10:39" departure="10:39">Liavegen (Åsane)</stop>
    <stop arrival="10:39" departure="10:39">Domus Nyborg</stop>
    <stop arrival="10:40" departure="10:40">Nyborg</stop>
    <stop arrival="10:41" departure="10:41">Salhuskrysset</stop>
    <stop arrival="10:42" departure="10:42">Litleåskryss</stop>
    <stop arrival="10:43" departure="10:43">Rollandskrysset</stop>
    <stop arrival="10:45">Åsane terminal</stop>
  </route>
  <route no="390" destination="Lonevåg terminal" url="http://www.web2051.no/bin/tp/zuginfo.exe/on/392514/131818/514956/126640/1/" trafficDays="kjører Ma - Fr, ikke 13., 17., 24. Mai">
    <stop departure="10:18" routeNo="390">Arna terminal</stop>
    <stop arrival="10:19" departure="10:19">Bommane (Arna)</stop>
    <stop arrival="10:20" departure="10:20">Beyer (Arna)</stop>
    <stop arrival="10:21" departure="10:21">Seimsmark</stop>
    <stop arrival="10:22" departure="10:22">Garneshøgden</stop>
    <stop arrival="10:23" departure="10:23">Garnes- v Gymnaset</stop>
    <stop arrival="10:24" departure="10:24">Garnes vid.skule</stop>
    <stop arrival="10:25" departure="10:25">Garnesmarka vest</stop>
    <stop arrival="10:25" departure="10:25">Garnesmarka</stop>
    <stop arrival="10:26" departure="10:26">Garnesmarka øst</stop>
    <stop arrival="10:27" departure="10:27">Tunes</stop>
    <stop arrival="10:27" departure="10:27">Tunes skule</stop>
    <stop arrival="10:28" departure="10:28">Tunestveit</stop>
    <stop arrival="10:29" departure="10:29">Tunestveit</stop>
    <stop arrival="10:30" departure="10:30">Takvam rundkøyring</stop>
    <stop arrival="10:30" departure="10:30">Takvam E16</stop>
    <stop arrival="10:31" departure="10:31">Herland Kvistibru</stop>
    <stop arrival="10:33" departure="10:33">Kvisti (Osterøy)</stop>
    <stop arrival="10:34" departure="10:34">Vikne sør</stop>
    <stop arrival="10:35" departure="10:35">Vikne</stop>
    <stop arrival="10:36" departure="10:36">Vikne nord</stop>
    <stop arrival="10:37" departure="10:37">Leikneset</stop>
    <stop arrival="10:38" departure="10:38">Leikneset</stop>
    <stop arrival="10:39" departure="10:39">Leikneset</stop>
    <stop arrival="10:40" departure="10:40">Haus</stop>
    <stop arrival="10:40" departure="10:40">Åsheimveien</stop>
    <stop arrival="10:41" departure="10:41">Haus</stop>
    <stop arrival="10:43" departure="10:43">Mjeldalen v gml kommunehus</stop>
    <stop arrival="10:44" departure="10:44">Mjeldalen</stop>
    <stop arrival="10:44" departure="10:44">Mjeldalen v Ungdomsshus</stop>
    <stop arrival="10:45" departure="10:45">Mjeldalen Øvre</stop>
    <stop arrival="10:46" departure="10:46">Ambogen vkr</stop>
    <stop arrival="10:46" departure="10:46">Kolabakken</stop>
    <stop arrival="10:47" departure="10:47">Veset</stop>
    <stop arrival="10:48" departure="10:48">Veset</stop>
    <stop arrival="10:48" departure="10:48">Vinåsen</stop>
    <stop arrival="10:49" departure="10:49">Rødland</stop>
    <stop arrival="10:49" departure="10:49">Rolland (Osterøy)</stop>
    <stop arrival="10:51" departure="10:51">Hannisdal nyeveien</stop>
    <stop arrival="10:54" departure="10:54">Hauge (Osterøy)</stop>
    <stop arrival="10:54" departure="10:54">Hauge Industrier (Osterøy)</stop>
    <stop arrival="10:55" departure="10:55">Hauge (Osterøy)</stop>
    <stop arrival="10:56" departure="10:56">Hauge skule (Osterøy)</stop>
    <stop arrival="10:57" departure="10:57">Haugsviksvingen</stop>
    <stop arrival="10:58" departure="10:58">Øyjordsbru</stop>
    <stop arrival="11:01" departure="11:01">Revheim</stop>
    <stop arrival="11:02" departure="11:02">Revheim</stop>
    <stop arrival="11:04" departure="11:04">Lone Bru, Osterøy</stop>
    <stop arrival="11:04" departure="11:04">Lone, Osterøy</stop>
    <stop arrival="11:06" departure="11:06">Lone N , Osterøy</stop>
    <stop arrival="11:08" departure="11:08">Kårvik vkr. (Osterøy)</stop>
    <stop arrival="11:09">Lonevåg terminal</stop>
  </route>
  <route no="390" destination="Valestrand" url="http://www.web2051.no/bin/tp/zuginfo.exe/on/676545/226512/561210/55090/1/" trafficDays="kjører Lø, ikke 1. Mai">
    <stop departure="10:18" routeNo="390">Arna terminal</stop>
    <stop arrival="10:19" departure="10:19">Bommane (Arna)</stop>
    <stop arrival="10:20" departure="10:20">Beyer (Arna)</stop>
    <stop arrival="10:21" departure="10:21">Seimsmark</stop>
    <stop arrival="10:22" departure="10:22">Garneshøgden</stop>
    <stop arrival="10:23" departure="10:23">Garnes- v Gymnaset</stop>
    <stop arrival="10:24" departure="10:24">Garnes vid.skule</stop>
    <stop arrival="10:25" departure="10:25">Garnesmarka vest</stop>
    <stop arrival="10:25" departure="10:25">Garnesmarka</stop>
    <stop arrival="10:26" departure="10:26">Garnesmarka øst</stop>
    <stop arrival="10:27" departure="10:27">Tunes</stop>
    <stop arrival="10:27" departure="10:27">Tunes skule</stop>
    <stop arrival="10:28" departure="10:28">Tunestveit</stop>
    <stop arrival="10:29" departure="10:29">Tunestveit</stop>
    <stop arrival="10:30" departure="10:30">Takvam rundkøyring</stop>
    <stop arrival="10:30" departure="10:30">Takvam E16</stop>
    <stop arrival="10:31" departure="10:31">Herland Kvistibru</stop>
    <stop arrival="10:33" departure="10:33">Kvisti (Osterøy)</stop>
    <stop arrival="10:34" departure="10:34">Vikne sør</stop>
    <stop arrival="10:35" departure="10:35">Vikne</stop>
    <stop arrival="10:36" departure="10:36">Vikne nord</stop>
    <stop arrival="10:37" departure="10:37">Leikneset</stop>
    <stop arrival="10:38" departure="10:38">Leikneset</stop>
    <stop arrival="10:39" departure="10:39">Leikneset</stop>
    <stop arrival="10:40" departure="10:40">Haus</stop>
    <stop arrival="10:40" departure="10:40">Åsheimveien</stop>
    <stop arrival="10:41" departure="10:41">Haus</stop>
    <stop arrival="10:43" departure="10:43">Mjeldalen v gml kommunehus</stop>
    <stop arrival="10:44" departure="10:44">Mjeldalen</stop>
    <stop arrival="10:44" departure="10:44">Mjeldalen v Ungdomsshus</stop>
    <stop arrival="10:45" departure="10:45">Mjeldalen Øvre</stop>
    <stop arrival="10:46" departure="10:46">Ambogen vkr</stop>
    <stop arrival="10:46" departure="10:46">Kolabakken</stop>
    <stop arrival="10:47" departure="10:47">Veset</stop>
    <stop arrival="10:48" departure="10:48">Veset</stop>
    <stop arrival="10:48" departure="10:48">Vinåsen</stop>
    <stop arrival="10:49" departure="10:49">Rødland</stop>
    <stop arrival="10:49" departure="10:49">Rolland (Osterøy)</stop>
    <stop arrival="10:51" departure="10:51">Hannisdal nyeveien</stop>
    <stop arrival="10:54" departure="10:54">Hauge (Osterøy)</stop>
    <stop arrival="10:54" departure="10:54">Hauge Industrier (Osterøy)</stop>
    <stop arrival="10:55" departure="10:55">Halland S, Osterøy</stop>
    <stop arrival="10:55" departure="10:55">Halland, Osterøy</stop>
    <stop arrival="10:56" departure="10:56">Småland</stop>
    <stop arrival="10:56" departure="10:56">Loftås (Osterøy)</stop>
    <stop arrival="10:57" departure="10:57">Elvikneset</stop>
    <stop arrival="10:58" departure="10:58">Bullabrekka (Osterøy)</stop>
    <stop arrival="10:59" departure="10:59">Valestrand</stop>
    <stop arrival="10:59">Valestrand</stop>
  </route>
  <route no="392" destination="Lonevåg terminal" url="http://www.web2051.no/bin/tp/zuginfo.exe/on/444951/149346/491176/97271/1/" trafficDays="kjører Sø, også 1., 13., 17., 24. Mai">
    <stop departure="10:18" routeNo="392">Arna terminal</stop>
    <stop arrival="10:19" departure="10:19">Bommane (Arna)</stop>
    <stop arrival="10:20" departure="10:20">Beyer (Arna)</stop>
    <stop arrival="10:21" departure="10:21">Seimsmark</stop>
    <stop arrival="10:22" departure="10:22">Garneshøgden</stop>
    <stop arrival="10:23" departure="10:23">Garnes- v Gymnaset</stop>
    <stop arrival="10:24" departure="10:24">Garnes vid.skule</stop>
    <stop arrival="10:25" departure="10:25">Garnesmarka vest</stop>
    <stop arrival="10:25" departure="10:25">Garnesmarka</stop>
    <stop arrival="10:26" departure="10:26">Garnesmarka øst</stop>
    <stop arrival="10:27" departure="10:27">Tunes</stop>
    <stop arrival="10:27" departure="10:27">Tunes skule</stop>
    <stop arrival="10:28" departure="10:28">Tunestveit</stop>
    <stop arrival="10:29" departure="10:29">Tunestveit</stop>
    <stop arrival="10:30" departure="10:30">Takvam rundkøyring</stop>
    <stop arrival="10:30" departure="10:30">Takvam E16</stop>
    <stop arrival="10:31" departure="10:31">Herland Kvistibru</stop>
    <stop arrival="10:33" departure="10:33">Kvisti (Osterøy)</stop>
    <stop arrival="10:34" departure="10:34">Vikne sør</stop>
    <stop arrival="10:35" departure="10:35">Vikne</stop>
    <stop arrival="10:36" departure="10:36">Vikne nord</stop>
    <stop arrival="10:37" departure="10:37">Leikneset</stop>
    <stop arrival="10:38" departure="10:38">Leikneset</stop>
    <stop arrival="10:39" departure="10:39">Leikneset</stop>
    <stop arrival="10:40" departure="10:40">Haus</stop>
    <stop arrival="10:40" departure="10:40">Åsheimveien</stop>
    <stop arrival="10:41" departure="10:41">Haus</stop>
    <stop arrival="10:43" departure="10:43">Mjeldalen v gml kommunehus</stop>
    <stop arrival="10:44" departure="10:44">Mjeldalen</stop>
    <stop arrival="10:44" departure="10:44">Mjeldalen v Ungdomsshus</stop>
    <stop arrival="10:45" departure="10:45">Mjeldalen Øvre</stop>
    <stop arrival="10:46" departure="10:46">Ambogen vkr</stop>
    <stop arrival="10:46" departure="10:46">Kolabakken</stop>
    <stop arrival="10:47" departure="10:47">Veset</stop>
    <stop arrival="10:48" departure="10:48">Veset</stop>
    <stop arrival="10:48" departure="10:48">Vinåsen</stop>
    <stop arrival="10:49" departure="10:49">Rødland</stop>
    <stop arrival="10:49" departure="10:49">Rolland vkr. (Osterøy)</stop>
    <stop arrival="10:51" departure="10:51">Orrheia, Osterøy</stop>
    <stop arrival="10:51" departure="10:51">Mæle</stop>
    <stop arrival="10:51" departure="10:51">Mæle</stop>
    <stop arrival="10:52" departure="10:52">Ranen (Osterøy)</stop>
    <stop arrival="10:53" departure="10:53">Korsåsen byggefelt (Osterøy)</stop>
    <stop arrival="10:54" departure="10:54">Litunsvingen</stop>
    <stop arrival="10:54" departure="10:54">Hartveit (Osterøy)</stop>
    <stop arrival="10:55" departure="10:55">Hartveit (Osterøy)</stop>
    <stop arrival="10:55" departure="10:55">Seljerinden</stop>
    <stop arrival="10:56" departure="10:56">Presttun</stop>
    <stop arrival="10:57" departure="10:57">Presttun</stop>
    <stop arrival="10:57" departure="10:57">Skistad, Osterøy</stop>
    <stop arrival="10:58" departure="10:58">Solberg (Osterøy)</stop>
    <stop arrival="10:58" departure="10:58">Solberg (Osterøy)</stop>
    <stop arrival="10:59" departure="10:59">Flatevad, Osterøy</stop>
    <stop arrival="11:00" departure="11:00">Flatevad N, Osterøy</stop>
    <stop arrival="11:00" departure="11:00">Nyleitet, Osterøy</stop>
    <stop arrival="11:01" departure="11:01">Hatland v ungdomsskulen</stop>
    <stop arrival="11:02" departure="11:02">Lonevåg v Rådhuset</stop>
    <stop arrival="11:03" departure="11:03">Lonevåg v Coop</stop>
    <stop arrival="11:04">Lonevåg terminal</stop>
  </route>
  <route no="900" destination="Nesttun terminal" url="http://www.web2051.no/bin/tp/zuginfo.exe/on/419514/140979/944064/332194/1/" trafficDays="kjører Ma - Fr, Sø, også 1. Mai">
    <stop departure="10:18" routeNo="900">Arna terminal</stop>
    <stop arrival="10:20" departure="10:20">Bommane (Arnatveitvegen)</stop>
    <stop arrival="10:21" departure="10:21">Indre Arna skule</stop>
    <stop arrival="10:21" departure="10:21">Rokneholo</stop>
    <stop arrival="10:22" departure="10:22">Roknetoppen</stop>
    <stop arrival="10:23" departure="10:23">Stølsvegen øst</stop>
    <stop arrival="10:23" departure="10:23">Stølsvegen</stop>
    <stop arrival="10:26" departure="10:26">Stølsvegen vest</stop>
    <stop arrival="10:26" departure="10:26">Arnatveit</stop>
    <stop arrival="10:27" departure="10:27">Arna busser</stop>
    <stop arrival="10:27" departure="10:27">Sæthre steinindustri</stop>
    <stop arrival="10:29" departure="10:29">Espelandsmyrane fylkesvn.</stop>
    <stop arrival="10:30" departure="10:30">Espeland Janus (Arna)</stop>
    <stop arrival="10:31" departure="10:31">Espelandshallen (Arna)</stop>
    <stop arrival="10:32" departure="10:32">Lone øst</stop>
    <stop arrival="10:33" departure="10:33">Lone vest</stop>
    <stop arrival="10:34" departure="10:34">Haukeland øst (Arna)</stop>
    <stop arrival="10:34" departure="10:34">Haukeland (Arna)</stop>
    <stop arrival="10:35" departure="10:35">Haukeland vest (Arna)</stop>
    <stop arrival="10:36" departure="10:36">Søylen (Espeland)</stop>
    <stop arrival="10:36" departure="10:36">Bratland</stop>
    <stop arrival="10:37" departure="10:37">Grimen øst</stop>
    <stop arrival="10:38" departure="10:38">Grimen</stop>
    <stop arrival="10:39" departure="10:39">Helldal skole</stop>
    <stop arrival="10:40" departure="10:40">Helldal, Frank Mohn</stop>
    <stop arrival="10:40" departure="10:40">Helldal (Fana)</stop>
    <stop arrival="10:42" departure="10:42">BKK Trafo (Helldal)</stop>
    <stop arrival="10:44" departure="10:44">Midttunflaten</stop>
    <stop arrival="10:45" departure="10:45">Midtun bro</stop>
    <stop arrival="10:47" departure="10:47">Herredshuset, Nesttun</stop>
    <stop arrival="10:48" departure="10:48">Nesttun</stop>
    <stop arrival="10:49">Nesttun terminal</stop>
  </route>
  <route no="270" destination="Åsane terminal" url="http://www.web2051.no/bin/tp/zuginfo.exe/on/248658/87993/284660/59444/1/" trafficDays="kjører Ma - Fr, ikke 13., 17., 24. Mai">
    <stop departure="10:18" routeNo="270">Arna terminal</stop>
    <stop arrival="10:19" departure="10:19">Ytre Arna vegen v.nr 204</stop>
    <stop arrival="10:20" departure="10:20">Listøl</stop>
    <stop arrival="10:20" departure="10:20">Listøl</stop>
    <stop arrival="10:21" departure="10:21">Holmen (Arna)</stop>
    <stop arrival="10:21" departure="10:21">Solberg (Bergen)</stop>
    <stop arrival="10:21" departure="10:21">Ytre Arna gård</stop>
    <stop arrival="10:22" departure="10:22">Festtangen</stop>
    <stop arrival="10:22" departure="10:22">Kvamstø</stop>
    <stop arrival="10:23" departure="10:23">Sletta snuplass</stop>
    <stop arrival="10:25" departure="10:25">Sægarsveg</stop>
    <stop arrival="10:26" departure="10:26">Ytre Arna Kirke</stop>
    <stop arrival="10:28" departure="10:28">Ytre Arna Sentrum</stop>
    <stop arrival="10:29" departure="10:29">Bankaskiftet</stop>
    <stop arrival="10:29" departure="10:29">Orfallet</stop>
    <stop arrival="10:30" departure="10:30">Gamsevegen</stop>
    <stop arrival="10:31" departure="10:31">Neset (Gaupås)</stop>
    <stop arrival="10:32" departure="10:32">Hauglandskiftet</stop>
    <stop arrival="10:33" departure="10:33">Kalsåsvegen</stop>
    <stop arrival="10:34" departure="10:34">Kalsåsvatn</stop>
    <stop arrival="10:35" departure="10:35">Hetlebakkskiftet</stop>
    <stop arrival="10:36" departure="10:36">Blindheim øst</stop>
    <stop arrival="10:36" departure="10:36">Blindheim vest</stop>
    <stop arrival="10:37" departure="10:37">Blindheimsdalen</stop>
    <stop arrival="10:38" departure="10:38">Birkeland (Åsane)</stop>
    <stop arrival="10:40" departure="10:40">Vågsbotn</stop>
    <stop arrival="10:41" departure="10:41">Liavegen (Åsane)</stop>
    <stop arrival="10:42" departure="10:42">Domus Nyborg</stop>
    <stop arrival="10:44" departure="10:44">Nyborg</stop>
    <stop arrival="10:45" departure="10:45">Salhuskrysset</stop>
    <stop arrival="10:46" departure="10:46">Litleåskryss</stop>
    <stop arrival="10:46" departure="10:46">Rollandskrysset</stop>
    <stop arrival="10:47">Åsane terminal</stop>
  </route>
  <route no="900" destination="Takvam rundkøyring" url="http://www.web2051.no/bin/tp/zuginfo.exe/on/773223/258858/916374/200447/1/" trafficDays="kjører Ma - Fr, ikke 13., 17., 24. Mai">
    <stop departure="10:48" routeNo="900">Arna terminal</stop>
    <stop arrival="10:49" departure="10:49">Bommane (Arna)</stop>
    <stop arrival="10:50" departure="10:50">Beyer (Arna)</stop>
    <stop arrival="10:51" departure="10:51">Seimsmark</stop>
    <stop arrival="10:52" departure="10:52">Garneshøgden</stop>
    <stop arrival="10:53" departure="10:53">Garnes- v Gymnaset</stop>
    <stop arrival="10:54" departure="10:54">Garnes vid.skule</stop>
    <stop arrival="10:55" departure="10:55">Garnesmarka vest</stop>
    <stop arrival="10:55" departure="10:55">Garnesmarka</stop>
    <stop arrival="10:56" departure="10:56">Garnesmarka øst</stop>
    <stop arrival="10:57" departure="10:57">Tunes</stop>
    <stop arrival="10:57" departure="10:57">Tunes skule</stop>
    <stop arrival="10:58" departure="10:58">Tunestveit</stop>
    <stop arrival="10:59" departure="10:59">Tunestveit</stop>
    <stop arrival="11:00">Takvam rundkøyring</stop>
  </route>
  <route no="900" destination="Nesttun terminal" url="http://www.web2051.no/bin/tp/zuginfo.exe/on/717087/240249/680802/101373/1/" trafficDays="kjører Ma - Fr, ikke 13., 17., 24. Mai">
    <stop departure="10:48" routeNo="900">Arna terminal</stop>
    <stop arrival="10:50" departure="10:50">Bommane (Arnatveitvegen)</stop>
    <stop arrival="10:51" departure="10:51">Indre Arna skule</stop>
    <stop arrival="10:51" departure="10:51">Rokneholo</stop>
    <stop arrival="10:52" departure="10:52">Roknetoppen</stop>
    <stop arrival="10:53" departure="10:53">Stølsvegen øst</stop>
    <stop arrival="10:53" departure="10:53">Stølsvegen</stop>
    <stop arrival="10:56" departure="10:56">Stølsvegen vest</stop>
    <stop arrival="10:56" departure="10:56">Arnatveit</stop>
    <stop arrival="10:57" departure="10:57">Arna busser</stop>
    <stop arrival="10:57" departure="10:57">Sæthre steinindustri</stop>
    <stop arrival="10:59" departure="10:59">Espelandsmyrane fylkesvn.</stop>
    <stop arrival="11:00" departure="11:00">Espeland Janus (Arna)</stop>
    <stop arrival="11:01" departure="11:01">Espelandshallen (Arna)</stop>
    <stop arrival="11:02" departure="11:02">Lone øst</stop>
    <stop arrival="11:03" departure="11:03">Lone vest</stop>
    <stop arrival="11:04" departure="11:04">Haukeland øst (Arna)</stop>
    <stop arrival="11:04" departure="11:04">Haukeland (Arna)</stop>
    <stop arrival="11:05" departure="11:05">Haukeland vest (Arna)</stop>
    <stop arrival="11:06" departure="11:06">Søylen (Espeland)</stop>
    <stop arrival="11:06" departure="11:06">Bratland</stop>
    <stop arrival="11:07" departure="11:07">Grimen øst</stop>
    <stop arrival="11:08" departure="11:08">Grimen</stop>
    <stop arrival="11:09" departure="11:09">Helldal skole</stop>
    <stop arrival="11:10" departure="11:10">Helldal, Frank Mohn</stop>
    <stop arrival="11:10" departure="11:10">Helldal (Fana)</stop>
    <stop arrival="11:12" departure="11:12">BKK Trafo (Helldal)</stop>
    <stop arrival="11:14" departure="11:14">Midttunflaten</stop>
    <stop arrival="11:15" departure="11:15">Midtun bro</stop>
    <stop arrival="11:17" departure="11:17">Herredshuset, Nesttun</stop>
    <stop arrival="11:18" departure="11:18">Nesttun</stop>
    <stop arrival="11:19">Nesttun terminal</stop>
  </route>
</routes>
