<?xml version="1.0" encoding="UTF-8"?>
<routes>
  <route no="409" destination="Flesland kai" url="http://www.web2051.no/bin/tp/zuginfo.exe/on/258801/86272/389914/108690/1/" trafficDays="kjører 24. Apr">
    <stop departure="10:25" routeNo="409">Flesland Flyplass</stop>
    <stop arrival="10:32">Flesland kai</stop>
  </route>
  <route no="523" destination="Birkelandskrysset Terminal" url="http://www.web2051.no/bin/tp/zuginfo.exe/on/953517/323131/513866/60906/1/" trafficDays="kjører Ma - Fr, ikke 13., 17., 24. Mai">
    <stop departure="10:30" routeNo="523">Flesland snuplass</stop>
    <stop arrival="10:30" departure="10:30">Flesland</stop>
    <stop arrival="10:31" departure="10:31">Flesland bruktjern</stop>
    <stop arrival="10:32" departure="10:32">Flesland gård</stop>
    <stop arrival="10:32" departure="10:32">Slettenskiftet</stop>
    <stop arrival="10:34" departure="10:34">Sommerleiren</stop>
    <stop arrival="10:35" departure="10:35">Nobi</stop>
    <stop arrival="10:36" departure="10:36">Grana</stop>
    <stop arrival="10:37" departure="10:37">Blomsterdalen</stop>
    <stop arrival="10:38" departure="10:38">Liland skole</stop>
    <stop arrival="10:38" departure="10:38">Liland (Fana)</stop>
    <stop arrival="10:39" departure="10:39">Lønningen (Fana)</stop>
    <stop arrival="10:40" departure="10:40">Flesland Flyplass</stop>
    <stop arrival="10:42" departure="10:42">Liland (Flyplassvegen)</stop>
    <stop arrival="10:45" departure="10:45">Kokstadskiftet</stop>
    <stop arrival="10:45">Birkelandskrysset Terminal</stop>
  </route>
  <route no="524" destination="Espeland kai (Fana)" url="http://www.web2051.no/bin/tp/zuginfo.exe/on/66150/27350/153418/54659/1/" trafficDays="kjører Lø, ikke 1. Mai">
    <stop departure="10:50" routeNo="524">Birkelandskrysset Terminal</stop>
    <stop arrival="10:51" departure="10:51">Kokstadskiftet</stop>
    <stop arrival="10:53" departure="10:53">Liland (Flyplassvegen)</stop>
    <stop arrival="10:55" departure="10:55">Flesland Flyplass</stop>
    <stop arrival="10:56" departure="10:56">Lønningen (Fana)</stop>
    <stop arrival="10:56" departure="10:56">Liland (Fana)</stop>
    <stop arrival="10:56" departure="10:56">Liland skole</stop>
    <stop arrival="10:57" departure="10:57">Blomsterdalen</stop>
    <stop arrival="10:58" departure="10:58">Grana</stop>
    <stop arrival="10:59" departure="10:59">Nobi</stop>
    <stop arrival="11:00" departure="11:00">Sommerleiren</stop>
    <stop arrival="11:02" departure="11:02">Slettenskiftet</stop>
    <stop arrival="11:03" departure="11:03">Flesland gård</stop>
    <stop arrival="11:04" departure="11:04">Flesland bruktjern</stop>
    <stop arrival="11:05" departure="11:05">Flesland</stop>
    <stop arrival="11:05" departure="11:05">Flesland snuplass</stop>
    <stop arrival="11:06" departure="11:06">Flesland</stop>
    <stop arrival="11:06" departure="11:06">Flesland bruktjern</stop>
    <stop arrival="11:07" departure="11:07">Flesland gård</stop>
    <stop arrival="11:08" departure="11:08">Slettenskiftet</stop>
    <stop arrival="11:10" departure="11:10">Sommerleiren</stop>
    <stop arrival="11:11" departure="11:11">Nobi</stop>
    <stop arrival="11:13" departure="11:13">Grana</stop>
    <stop arrival="11:14" departure="11:14">Blomsterdalen</stop>
    <stop arrival="11:15" departure="11:15">Ådlandsflaten</stop>
    <stop arrival="11:16" departure="11:16">Ådlandsskiftet</stop>
    <stop arrival="11:17" departure="11:17">E. Espeland</stop>
    <stop arrival="11:18" departure="11:18">Myntevik</stop>
    <stop arrival="11:19" departure="11:19">M. Espeland</stop>
    <stop arrival="11:19" departure="11:19">Wiikskiftet</stop>
    <stop arrival="11:20">Espeland kai (Fana)</stop>
  </route>
</routes>
