<?xml version="1.0" encoding="UTF-8"?>
<routes>
  <route no="620" destination="Os - Osøyro" url="http://www.web2051.no/bin/tp/zuginfo.exe/on/680742/232636/349368/52230/1/" trafficDays="kjører Lø, ikke 1. Mai">
    <stop departure="9:15" routeNo="620">Olav Kyrres gate</stop>
    <stop arrival="9:20" departure="9:20">Bergen Busstasjon</stop>
    <stop arrival="9:23" departure="9:23">Danmarksplass</stop>
    <stop arrival="9:24" departure="9:24">Solheimsgaten</stop>
    <stop arrival="9:25" departure="9:25">Reperbanen</stop>
    <stop arrival="9:27" departure="9:27">Fjøsangerveien/ Minde Allè</stop>
    <stop arrival="9:28" departure="9:28">Minde</stop>
    <stop arrival="9:29" departure="9:29">Elvebakken</stop>
    <stop arrival="9:29" departure="9:29">Storetveit</stop>
    <stop arrival="9:29" departure="9:29">Fantoft</stop>
    <stop arrival="9:30" departure="9:30">Nydalen</stop>
    <stop arrival="9:31" departure="9:31">Paradis</stop>
    <stop arrival="9:32" departure="9:32">Tveiteråsskiftet</stop>
    <stop arrival="9:33" departure="9:33">Hopsbro</stop>
    <stop arrival="9:35" departure="9:35">Hopstangen</stop>
    <stop arrival="9:36" departure="9:36">Nesttun terminal</stop>
    <stop arrival="9:36" departure="9:36">Nesttun</stop>
    <stop arrival="9:37" departure="9:37">Skjoldskiftet</stop>
    <stop arrival="9:38" departure="9:38">Elvenes vegkryss</stop>
    <stop arrival="9:38" departure="9:38">Bjørkåsen</stop>
    <stop arrival="9:39" departure="9:39">Lilletvedt</stop>
    <stop arrival="9:40" departure="9:40">Kirkebirkeland</stop>
    <stop arrival="9:41" departure="9:41">Valle (Fana)</stop>
    <stop arrival="9:42" departure="9:42">Hatlestad terr.</stop>
    <stop arrival="9:43" departure="9:43">Øvre Hatlestad</stop>
    <stop arrival="9:44" departure="9:44">Sandven</stop>
    <stop arrival="9:45" departure="9:45">Nedre Sandven</stop>
    <stop arrival="9:46" departure="9:46">Kaland skole (Fana)</stop>
    <stop arrival="9:47" departure="9:47">Kaland (Fana)</stop>
    <stop arrival="9:48" departure="9:48">Austevoll (Fana)</stop>
    <stop arrival="9:49" departure="9:49">Kalandseid</stop>
    <stop arrival="9:49" departure="9:49">Fløysand</stop>
    <stop arrival="9:49" departure="9:49">Bahus</stop>
    <stop arrival="9:50" departure="9:50">Røykenes (Os)</stop>
    <stop arrival="9:50" departure="9:50">Tømmernes</stop>
    <stop arrival="9:51" departure="9:51">Gåssandskiftet</stop>
    <stop arrival="9:51" departure="9:51">Søfteland</stop>
    <stop arrival="9:51" departure="9:51">Søfteland skule</stop>
    <stop arrival="9:52" departure="9:52">Storestraumen</stop>
    <stop arrival="9:54" departure="9:54">Hetleflåttre</stop>
    <stop arrival="9:55" departure="9:55">Hetleflåten</stop>
    <stop arrival="9:56" departure="9:56">Ulvenskiftet</stop>
    <stop arrival="9:56" departure="9:56">Tøsdalskiftet</stop>
    <stop arrival="9:57" departure="9:57">Flåten Senter</stop>
    <stop arrival="9:58" departure="9:58">Flåten (Os)</stop>
    <stop arrival="9:59" departure="9:59">Kuven</stop>
    <stop arrival="10:00" departure="10:00">Fjellheim</stop>
    <stop arrival="10:01">Os - Osøyro</stop>
  </route>
  <route no="567" destination="Eidsvik snuplass" url="http://www.web2051.no/bin/tp/zuginfo.exe/on/372132/129638/508256/130085/1/" trafficDays="kjører Lø, ikke 1. Mai">
    <stop departure="10:00" routeNo="567">Os - Osøyro</stop>
    <stop arrival="10:01" departure="10:01">Fjellheim</stop>
    <stop arrival="10:02" departure="10:02">Kuven</stop>
    <stop arrival="10:03" departure="10:03">Flåten (Os)</stop>
    <stop arrival="10:04" departure="10:04">Flåten Senter</stop>
    <stop arrival="10:05" departure="10:05">Tøsdalskiftet</stop>
    <stop arrival="10:06" departure="10:06">Ulvenskiftet</stop>
    <stop arrival="10:07" departure="10:07">Vaktdal</stop>
    <stop arrival="10:08" departure="10:08">Os Vidaregåande skule</stop>
    <stop arrival="10:11" departure="10:11">Ulven leir</stop>
    <stop arrival="10:13" departure="10:13">Åsen vegkryss (Os)</stop>
    <stop arrival="10:14" departure="10:14">Åsen (Os)</stop>
    <stop arrival="10:14" departure="10:14">Åsen (Os)</stop>
    <stop arrival="10:14" departure="10:14">Åsen (Os)</stop>
    <stop arrival="10:16" departure="10:16">Langedalen</stop>
    <stop arrival="10:17" departure="10:17">Lysekloster ruiner</stop>
    <stop arrival="10:17" departure="10:17">Lysekloster gård</stop>
    <stop arrival="10:18" departure="10:18">Smeabakken</stop>
    <stop arrival="10:19" departure="10:19">Buena</stop>
    <stop arrival="10:19" departure="10:19">Søvik (Os)</stop>
    <stop arrival="10:19" departure="10:19">Søvik (Os)</stop>
    <stop arrival="10:20" departure="10:20">Søvik (Os)</stop>
    <stop arrival="10:20" departure="10:20">Lysekloster skule</stop>
    <stop arrival="10:22" departure="10:22">Søvik Gamleskulen</stop>
    <stop arrival="10:23" departure="10:23">Salbuvik</stop>
    <stop arrival="10:25" departure="10:25">Bjoarvik</stop>
    <stop arrival="10:25" departure="10:25">Drangshaug</stop>
    <stop arrival="10:26" departure="10:26">Drange (Os)</stop>
    <stop arrival="10:27" departure="10:27">Drange handel</stop>
    <stop arrival="10:28" departure="10:28">Drangevågen</stop>
    <stop arrival="10:29" departure="10:29">Eidsvik</stop>
    <stop arrival="10:30">Eidsvik snuplass</stop>
  </route>
  <route no="626" destination="Røttingen snuplass" url="http://www.web2051.no/bin/tp/zuginfo.exe/on/715620/244384/857660/190290/1/" trafficDays="kjører Lø, ikke 1. Mai">
    <stop departure="10:00" routeNo="626">Os - Osøyro</stop>
    <stop arrival="10:01" departure="10:01">Fjellheim</stop>
    <stop arrival="10:02" departure="10:02">Kuven</stop>
    <stop arrival="10:03" departure="10:03">Flåten (Os)</stop>
    <stop arrival="10:04" departure="10:04">Flåten Senter</stop>
    <stop arrival="10:05" departure="10:05">Tøsdalskiftet</stop>
    <stop arrival="10:08" departure="10:08">Os Vidaregåande skule</stop>
    <stop arrival="10:10" departure="10:10">Ulvensletta</stop>
    <stop arrival="10:11" departure="10:11">Vaksinen</stop>
    <stop arrival="10:11" departure="10:11">Ådnadalen</stop>
    <stop arrival="10:12" departure="10:12">Irgenskryss</stop>
    <stop arrival="10:13" departure="10:13">Nore Neset skule</stop>
    <stop arrival="10:14" departure="10:14">Skeie (Os)</stop>
    <stop arrival="10:15" departure="10:15">Grindevoll snuplass</stop>
    <stop arrival="10:16" departure="10:16">Ravneberghaugen</stop>
    <stop arrival="10:16" departure="10:16">Storum (Os)</stop>
    <stop arrival="10:17" departure="10:17">Storumhammeren</stop>
    <stop arrival="10:19" departure="10:19">Blindesund</stop>
    <stop arrival="10:19" departure="10:19">Lepsøy</stop>
    <stop arrival="10:21" departure="10:21">Lepsøy kai</stop>
    <stop arrival="10:22" departure="10:22">Sundøy</stop>
    <stop arrival="10:22" departure="10:22">Bruarøy</stop>
    <stop arrival="10:23" departure="10:23">Bruarøy Ungdomshuset</stop>
    <stop arrival="10:24" departure="10:24">Hauane (Røtinga)</stop>
    <stop arrival="10:25">Røttingen snuplass</stop>
  </route>
  <route no="620" destination="Os - Osøyro" url="http://www.web2051.no/bin/tp/zuginfo.exe/on/805146/274161/661848/62542/1/" trafficDays="kjører Ma - Fr, ikke 13., 17., 24. Mai">
    <stop departure="9:30" routeNo="620">Bergen Busstasjon</stop>
    <stop arrival="9:33" departure="9:33">Danmarksplass</stop>
    <stop arrival="9:34" departure="9:34">Solheimsgaten</stop>
    <stop arrival="9:35" departure="9:35">Reperbanen</stop>
    <stop arrival="9:37" departure="9:37">Fjøsangerveien/ Minde Allè</stop>
    <stop arrival="9:38" departure="9:38">Minde</stop>
    <stop arrival="9:39" departure="9:39">Elvebakken</stop>
    <stop arrival="9:39" departure="9:39">Storetveit</stop>
    <stop arrival="9:39" departure="9:39">Fantoft</stop>
    <stop arrival="9:40" departure="9:40">Nydalen</stop>
    <stop arrival="9:41" departure="9:41">Paradis</stop>
    <stop arrival="9:42" departure="9:42">Tveiteråsskiftet</stop>
    <stop arrival="9:43" departure="9:43">Hopsbro</stop>
    <stop arrival="9:45" departure="9:45">Hopstangen</stop>
    <stop arrival="9:46" departure="9:46">Nesttun terminal</stop>
    <stop arrival="9:46" departure="9:46">Nesttun</stop>
    <stop arrival="9:47" departure="9:47">Skjoldskiftet</stop>
    <stop arrival="9:48" departure="9:48">Elvenes vegkryss</stop>
    <stop arrival="9:48" departure="9:48">Bjørkåsen</stop>
    <stop arrival="9:49" departure="9:49">Lilletvedt</stop>
    <stop arrival="9:50" departure="9:50">Kirkebirkeland</stop>
    <stop arrival="9:51" departure="9:51">Valle (Fana)</stop>
    <stop arrival="9:52" departure="9:52">Hatlestad terr.</stop>
    <stop arrival="9:54" departure="9:54">Øvre Hatlestad</stop>
    <stop arrival="9:56" departure="9:56">Sandven</stop>
    <stop arrival="9:57" departure="9:57">Nedre Sandven</stop>
    <stop arrival="9:58" departure="9:58">Kaland skole (Fana)</stop>
    <stop arrival="9:59" departure="9:59">Kaland (Fana)</stop>
    <stop arrival="10:00" departure="10:00">Austevoll (Fana)</stop>
    <stop arrival="10:01" departure="10:01">Kalandseid</stop>
    <stop arrival="10:01" departure="10:01">Fløysand</stop>
    <stop arrival="10:02" departure="10:02">Bahus</stop>
    <stop arrival="10:03" departure="10:03">Røykenes (Os)</stop>
    <stop arrival="10:04" departure="10:04">Tømmernes</stop>
    <stop arrival="10:05" departure="10:05">Gåssandskiftet</stop>
    <stop arrival="10:05" departure="10:05">Søfteland</stop>
    <stop arrival="10:06" departure="10:06">Søfteland skule</stop>
    <stop arrival="10:07" departure="10:07">Storestraumen</stop>
    <stop arrival="10:09" departure="10:09">Hetleflåttre</stop>
    <stop arrival="10:10" departure="10:10">Hetleflåten</stop>
    <stop arrival="10:11" departure="10:11">Ulvenskiftet</stop>
    <stop arrival="10:11" departure="10:11">Tøsdalskiftet</stop>
    <stop arrival="10:12" departure="10:12">Flåten Senter</stop>
    <stop arrival="10:13" departure="10:13">Flåten (Os)</stop>
    <stop arrival="10:14" departure="10:14">Kuven</stop>
    <stop arrival="10:15" departure="10:15">Fjellheim</stop>
    <stop arrival="10:16">Os - Osøyro</stop>
  </route>
  <route no="620" destination="Bergen Busstasjon" url="http://www.web2051.no/bin/tp/zuginfo.exe/on/868452/295181/487692/45638/1/" trafficDays="kjører Sø, også 1., 13., 17., 24. Mai">
    <stop departure="10:15" routeNo="620">Os - Osøyro</stop>
    <stop arrival="10:16" departure="10:16">Fjellheim</stop>
    <stop arrival="10:17" departure="10:17">Kuven</stop>
    <stop arrival="10:18" departure="10:18">Flåten (Os)</stop>
    <stop arrival="10:19" departure="10:19">Flåten Senter</stop>
    <stop arrival="10:20" departure="10:20">Tøsdalskiftet</stop>
    <stop arrival="10:20" departure="10:20">Ulvenskiftet</stop>
    <stop arrival="10:21" departure="10:21">Hetleflåten</stop>
    <stop arrival="10:22" departure="10:22">Helleflåttre</stop>
    <stop arrival="10:23" departure="10:23">Storestraumen</stop>
    <stop arrival="10:24" departure="10:24">Søfteland skule</stop>
    <stop arrival="10:25" departure="10:25">Søfteland</stop>
    <stop arrival="10:25" departure="10:25">Gåssandskiftet</stop>
    <stop arrival="10:26" departure="10:26">Tømmernes</stop>
    <stop arrival="10:26" departure="10:26">Røykenes (Os)</stop>
    <stop arrival="10:27" departure="10:27">Bahus</stop>
    <stop arrival="10:28" departure="10:28">Fløysand</stop>
    <stop arrival="10:28" departure="10:28">Kalandseid</stop>
    <stop arrival="10:29" departure="10:29">Austevoll (Fana)</stop>
    <stop arrival="10:30" departure="10:30">Kaland (Fana)</stop>
    <stop arrival="10:31" departure="10:31">Smådalen (Kaland i Fana)</stop>
    <stop arrival="10:31" departure="10:31">Kaland skole (Fana)</stop>
    <stop arrival="10:33" departure="10:33">Nedre Sandven</stop>
    <stop arrival="10:33" departure="10:33">Sandven</stop>
    <stop arrival="10:34" departure="10:34">Øvre Hatlestad</stop>
    <stop arrival="10:35" departure="10:35">Hatlestadlia</stop>
    <stop arrival="10:36" departure="10:36">Hatlestad terr.</stop>
    <stop arrival="10:37" departure="10:37">Valle (Fana)</stop>
    <stop arrival="10:38" departure="10:38">Kirkebirkeland</stop>
    <stop arrival="10:39" departure="10:39">Lilletvedt</stop>
    <stop arrival="10:40" departure="10:40">Bjørkåsen</stop>
    <stop arrival="10:41" departure="10:41">Elvenes vegkryss</stop>
    <stop arrival="10:42" departure="10:42">Skjoldskiftet</stop>
    <stop arrival="10:42" departure="10:42">Nesttun</stop>
    <stop arrival="10:43" departure="10:43">Nesttun terminal</stop>
    <stop arrival="10:45" departure="10:45">Hopsbro</stop>
    <stop arrival="10:47" departure="10:47">Tveiteråsskiftet</stop>
    <stop arrival="10:48" departure="10:48">Paradis</stop>
    <stop arrival="10:50" departure="10:50">Nydalen</stop>
    <stop arrival="10:52" departure="10:52">Fantoft</stop>
    <stop arrival="10:53" departure="10:53">Storetveit</stop>
    <stop arrival="10:53" departure="10:53">Elvebakken</stop>
    <stop arrival="10:54" departure="10:54">Minde</stop>
    <stop arrival="10:57" departure="10:57">Mindemyren</stop>
    <stop arrival="10:58" departure="10:58">Postterminalen</stop>
    <stop arrival="10:58" departure="10:58">Kanalveien v/LBK</stop>
    <stop arrival="11:00" departure="11:00">Danmarksplass v/Forum kino</stop>
    <stop arrival="11:05" departure="11:05">Bergen Busstasjon</stop>
    <stop arrival="11:08" departure="11:08">Christies gate (Festplassen)</stop>
    <stop arrival="11:13">Bergen Busstasjon</stop>
  </route>
  <route no="620" destination="Bergen Busstasjon" url="http://www.web2051.no/bin/tp/zuginfo.exe/on/486528/167901/489562/82605/1/" trafficDays="kjører Lø, ikke 1. Mai">
    <stop departure="10:15" routeNo="620">Os - Osøyro</stop>
    <stop arrival="10:16" departure="10:16">Fjellheim</stop>
    <stop arrival="10:17" departure="10:17">Kuven</stop>
    <stop arrival="10:18" departure="10:18">Flåten (Os)</stop>
    <stop arrival="10:19" departure="10:19">Flåten Senter</stop>
    <stop arrival="10:20" departure="10:20">Tøsdalskiftet</stop>
    <stop arrival="10:20" departure="10:20">Ulvenskiftet</stop>
    <stop arrival="10:21" departure="10:21">Hetleflåten</stop>
    <stop arrival="10:22" departure="10:22">Helleflåttre</stop>
    <stop arrival="10:24" departure="10:24">Storestraumen</stop>
    <stop arrival="10:25" departure="10:25">Søfteland skule</stop>
    <stop arrival="10:26" departure="10:26">Søfteland</stop>
    <stop arrival="10:26" departure="10:26">Gåssandskiftet</stop>
    <stop arrival="10:27" departure="10:27">Tømmernes</stop>
    <stop arrival="10:28" departure="10:28">Røykenes (Os)</stop>
    <stop arrival="10:29" departure="10:29">Bahus</stop>
    <stop arrival="10:30" departure="10:30">Fløysand</stop>
    <stop arrival="10:30" departure="10:30">Kalandseid</stop>
    <stop arrival="10:31" departure="10:31">Austevoll (Fana)</stop>
    <stop arrival="10:32" departure="10:32">Kaland (Fana)</stop>
    <stop arrival="10:33" departure="10:33">Smådalen (Kaland i Fana)</stop>
    <stop arrival="10:33" departure="10:33">Kaland skole (Fana)</stop>
    <stop arrival="10:35" departure="10:35">Nedre Sandven</stop>
    <stop arrival="10:35" departure="10:35">Sandven</stop>
    <stop arrival="10:36" departure="10:36">Øvre Hatlestad</stop>
    <stop arrival="10:37" departure="10:37">Hatlestadlia</stop>
    <stop arrival="10:38" departure="10:38">Hatlestad terr.</stop>
    <stop arrival="10:39" departure="10:39">Valle (Fana)</stop>
    <stop arrival="10:40" departure="10:40">Kirkebirkeland</stop>
    <stop arrival="10:41" departure="10:41">Lilletvedt</stop>
    <stop arrival="10:42" departure="10:42">Bjørkåsen</stop>
    <stop arrival="10:43" departure="10:43">Elvenes vegkryss</stop>
    <stop arrival="10:44" departure="10:44">Skjoldskiftet</stop>
    <stop arrival="10:44" departure="10:44">Nesttun</stop>
    <stop arrival="10:45" departure="10:45">Nesttun terminal</stop>
    <stop arrival="10:47" departure="10:47">Hopsbro</stop>
    <stop arrival="10:49" departure="10:49">Tveiteråsskiftet</stop>
    <stop arrival="10:50" departure="10:50">Paradis</stop>
    <stop arrival="10:52" departure="10:52">Nydalen</stop>
    <stop arrival="10:54" departure="10:54">Fantoft</stop>
    <stop arrival="10:55" departure="10:55">Storetveit</stop>
    <stop arrival="10:55" departure="10:55">Elvebakken</stop>
    <stop arrival="10:56" departure="10:56">Minde</stop>
    <stop arrival="11:00" departure="11:00">Mindemyren</stop>
    <stop arrival="11:01" departure="11:01">Postterminalen</stop>
    <stop arrival="11:01" departure="11:01">Kanalveien v/LBK</stop>
    <stop arrival="11:03" departure="11:03">Danmarksplass v/Forum kino</stop>
    <stop arrival="11:08" departure="11:08">Bergen Busstasjon</stop>
    <stop arrival="11:11" departure="11:11">Christies gate (Festplassen)</stop>
    <stop arrival="11:16">Bergen Busstasjon</stop>
  </route>
  <route no="620" destination="Bergen Busstasjon" url="http://www.web2051.no/bin/tp/zuginfo.exe/on/455184/157506/586748/141649/1/" trafficDays="kjører Ma - Fr, ikke 13., 17., 24. Mai">
    <stop departure="10:15" routeNo="620">Os - Osøyro</stop>
    <stop arrival="10:16" departure="10:16">Fjellheim</stop>
    <stop arrival="10:17" departure="10:17">Kuven</stop>
    <stop arrival="10:18" departure="10:18">Flåten (Os)</stop>
    <stop arrival="10:19" departure="10:19">Flåten Senter</stop>
    <stop arrival="10:20" departure="10:20">Tøsdalskiftet</stop>
    <stop arrival="10:20" departure="10:20">Ulvenskiftet</stop>
    <stop arrival="10:21" departure="10:21">Hetleflåten</stop>
    <stop arrival="10:22" departure="10:22">Helleflåttre</stop>
    <stop arrival="10:24" departure="10:24">Storestraumen</stop>
    <stop arrival="10:25" departure="10:25">Søfteland skule</stop>
    <stop arrival="10:26" departure="10:26">Søfteland</stop>
    <stop arrival="10:26" departure="10:26">Gåssandskiftet</stop>
    <stop arrival="10:27" departure="10:27">Tømmernes</stop>
    <stop arrival="10:28" departure="10:28">Røykenes (Os)</stop>
    <stop arrival="10:29" departure="10:29">Bahus</stop>
    <stop arrival="10:30" departure="10:30">Fløysand</stop>
    <stop arrival="10:30" departure="10:30">Kalandseid</stop>
    <stop arrival="10:31" departure="10:31">Austevoll (Fana)</stop>
    <stop arrival="10:32" departure="10:32">Kaland (Fana)</stop>
    <stop arrival="10:33" departure="10:33">Smådalen (Kaland i Fana)</stop>
    <stop arrival="10:33" departure="10:33">Kaland skole (Fana)</stop>
    <stop arrival="10:35" departure="10:35">Nedre Sandven</stop>
    <stop arrival="10:35" departure="10:35">Sandven</stop>
    <stop arrival="10:36" departure="10:36">Øvre Hatlestad</stop>
    <stop arrival="10:37" departure="10:37">Hatlestadlia</stop>
    <stop arrival="10:38" departure="10:38">Hatlestad terr.</stop>
    <stop arrival="10:39" departure="10:39">Valle (Fana)</stop>
    <stop arrival="10:40" departure="10:40">Kirkebirkeland</stop>
    <stop arrival="10:41" departure="10:41">Lilletvedt</stop>
    <stop arrival="10:42" departure="10:42">Bjørkåsen</stop>
    <stop arrival="10:43" departure="10:43">Elvenes vegkryss</stop>
    <stop arrival="10:44" departure="10:44">Skjoldskiftet</stop>
    <stop arrival="10:44" departure="10:44">Nesttun</stop>
    <stop arrival="10:45" departure="10:45">Nesttun terminal</stop>
    <stop arrival="10:47" departure="10:47">Hopsbro</stop>
    <stop arrival="10:49" departure="10:49">Tveiteråsskiftet</stop>
    <stop arrival="10:50" departure="10:50">Paradis</stop>
    <stop arrival="10:52" departure="10:52">Nydalen</stop>
    <stop arrival="10:54" departure="10:54">Fantoft</stop>
    <stop arrival="10:55" departure="10:55">Storetveit</stop>
    <stop arrival="10:55" departure="10:55">Elvebakken</stop>
    <stop arrival="10:56" departure="10:56">Minde</stop>
    <stop arrival="10:59" departure="10:59">Mindemyren</stop>
    <stop arrival="11:00" departure="11:00">Postterminalen</stop>
    <stop arrival="11:01" departure="11:01">Kanalveien v/LBK</stop>
    <stop arrival="11:03" departure="11:03">Danmarksplass v/Forum kino</stop>
    <stop arrival="11:08" departure="11:08">Bergen Busstasjon</stop>
    <stop arrival="11:10" departure="11:10">Christies gate (Festplassen)</stop>
    <stop arrival="11:15">Bergen Busstasjon</stop>
  </route>
  <route no="613" destination="Sør Strøno snuplass" url="http://www.web2051.no/bin/tp/zuginfo.exe/on/472923/163323/552856/118787/1/" trafficDays="kjører Ma - Fr, ikke 13., 17., 24. Mai">
    <stop departure="10:20" routeNo="613">Os - Osøyro</stop>
    <stop arrival="10:21" departure="10:21">Fjellheim</stop>
    <stop arrival="10:22" departure="10:22">Kuven</stop>
    <stop arrival="10:23" departure="10:23">Flåten (Os)</stop>
    <stop arrival="10:24" departure="10:24">Flåten Senter</stop>
    <stop arrival="10:25" departure="10:25">Tøsdalskiftet</stop>
    <stop arrival="10:26" departure="10:26">Vaktdal</stop>
    <stop arrival="10:27" departure="10:27">Os Vidaregåande skule</stop>
    <stop arrival="10:28" departure="10:28">Ulvensletta</stop>
    <stop arrival="10:29" departure="10:29">Vaksinen</stop>
    <stop arrival="10:30" departure="10:30">Ådnadalen</stop>
    <stop arrival="10:31" departure="10:31">Irgenskryss</stop>
    <stop arrival="10:31" departure="10:31">Hagevik 1</stop>
    <stop arrival="10:32" departure="10:32">Hagevik 2</stop>
    <stop arrival="10:32" departure="10:32">Hagavik (Hovland - Os)</stop>
    <stop arrival="10:33" departure="10:33">Ytre Hovland</stop>
    <stop arrival="10:33" departure="10:33">Grøvle (Os)</stop>
    <stop arrival="10:33" departure="10:33">Askvik (Os)</stop>
    <stop arrival="10:34" departure="10:34">Askvikskogen</stop>
    <stop arrival="10:35" departure="10:35">Hildershavn</stop>
    <stop arrival="10:35" departure="10:35">Strøno vegkryss</stop>
    <stop arrival="10:36" departure="10:36">Stokkavik 1</stop>
    <stop arrival="10:36" departure="10:36">Nore Øyane skule</stop>
    <stop arrival="10:38" departure="10:38">Strøno 1</stop>
    <stop arrival="10:38" departure="10:38">Strøno 2</stop>
    <stop arrival="10:39" departure="10:39">Strøno Ungdomshuset</stop>
    <stop arrival="10:40" departure="10:40">Nord Strøno Snuplass</stop>
    <stop arrival="10:41" departure="10:41">Strøno Ungdomshuset</stop>
    <stop arrival="10:42" departure="10:42">Strøno 2</stop>
    <stop arrival="10:42" departure="10:42">Strøno 1</stop>
    <stop arrival="10:44" departure="10:44">Nore Øyane skule</stop>
    <stop arrival="10:44" departure="10:44">Stokkavik 1</stop>
    <stop arrival="10:48" departure="10:48">Sør Strøno 1</stop>
    <stop arrival="10:49" departure="10:49">Sør Strøno 2</stop>
    <stop arrival="10:50">Sør Strøno snuplass</stop>
  </route>
  <route no="626" destination="Os - Osøyro" url="http://www.web2051.no/bin/tp/zuginfo.exe/on/685800/234453/242766/107217/1/" trafficDays="kjører Ma - Fr, ikke 13., 17., 24. Mai">
    <stop departure="10:05" routeNo="626">Røttingen snuplass</stop>
    <stop arrival="10:06" departure="10:06">Hauane (Røtinga)</stop>
    <stop arrival="10:07" departure="10:07">Bruarøy Ungdomshuset</stop>
    <stop arrival="10:08" departure="10:08">Bruarøy</stop>
    <stop arrival="10:08" departure="10:08">Sundøy</stop>
    <stop arrival="10:10" departure="10:10">Lepsøy kai</stop>
    <stop arrival="10:11" departure="10:11">Lepsøy</stop>
    <stop arrival="10:12" departure="10:12">Blindesund</stop>
    <stop arrival="10:14" departure="10:14">Storumhammeren</stop>
    <stop arrival="10:14" departure="10:14">Storum (Os)</stop>
    <stop arrival="10:15" departure="10:15">Ravneberghaugen</stop>
    <stop arrival="10:15" departure="10:15">Grindevoll</stop>
    <stop arrival="10:15" departure="10:15">Grindevoll snuplass</stop>
    <stop arrival="10:16" departure="10:16">Skeie (Os)</stop>
    <stop arrival="10:16" departure="10:16">Nore Neset skule</stop>
    <stop arrival="10:17" departure="10:17">Irgenskryss</stop>
    <stop arrival="10:18" departure="10:18">Ådnadalen</stop>
    <stop arrival="10:19" departure="10:19">Vaksinen</stop>
    <stop arrival="10:20" departure="10:20">Ulvensletta</stop>
    <stop arrival="10:22" departure="10:22">Os Vidaregåande skule</stop>
    <stop arrival="10:24" departure="10:24">Kolskogen</stop>
    <stop arrival="10:25" departure="10:25">Tøsdalskiftet</stop>
    <stop arrival="10:26" departure="10:26">Flåten Senter</stop>
    <stop arrival="10:27" departure="10:27">Flåten (Os)</stop>
    <stop arrival="10:28" departure="10:28">Kuven</stop>
    <stop arrival="10:29" departure="10:29">Fjellheim</stop>
    <stop arrival="10:30">Os - Osøyro</stop>
  </route>
  <route no="620" destination="Os - Osøyro" url="http://www.web2051.no/bin/tp/zuginfo.exe/on/474258/163782/139134/88520/1/" trafficDays="kjører Sø, også 1., 13., 17., 24. Mai">
    <stop departure="9:45" routeNo="620">Olav Kyrres gate</stop>
    <stop arrival="9:50" departure="9:50">Bergen Busstasjon</stop>
    <stop arrival="9:53" departure="9:53">Danmarksplass</stop>
    <stop arrival="9:54" departure="9:54">Solheimsgaten</stop>
    <stop arrival="9:55" departure="9:55">Reperbanen</stop>
    <stop arrival="9:57" departure="9:57">Fjøsangerveien/ Minde Allè</stop>
    <stop arrival="9:58" departure="9:58">Minde</stop>
    <stop arrival="9:59" departure="9:59">Elvebakken</stop>
    <stop arrival="9:59" departure="9:59">Storetveit</stop>
    <stop arrival="9:59" departure="9:59">Fantoft</stop>
    <stop arrival="10:00" departure="10:00">Nydalen</stop>
    <stop arrival="10:01" departure="10:01">Paradis</stop>
    <stop arrival="10:02" departure="10:02">Tveiteråsskiftet</stop>
    <stop arrival="10:03" departure="10:03">Hopsbro</stop>
    <stop arrival="10:05" departure="10:05">Hopstangen</stop>
    <stop arrival="10:06" departure="10:06">Nesttun terminal</stop>
    <stop arrival="10:06" departure="10:06">Nesttun</stop>
    <stop arrival="10:07" departure="10:07">Skjoldskiftet</stop>
    <stop arrival="10:07" departure="10:07">Elvenes vegkryss</stop>
    <stop arrival="10:08" departure="10:08">Bjørkåsen</stop>
    <stop arrival="10:09" departure="10:09">Lilletvedt</stop>
    <stop arrival="10:09" departure="10:09">Kirkebirkeland</stop>
    <stop arrival="10:10" departure="10:10">Valle (Fana)</stop>
    <stop arrival="10:11" departure="10:11">Hatlestad terr.</stop>
    <stop arrival="10:12" departure="10:12">Øvre Hatlestad</stop>
    <stop arrival="10:13" departure="10:13">Sandven</stop>
    <stop arrival="10:14" departure="10:14">Nedre Sandven</stop>
    <stop arrival="10:15" departure="10:15">Kaland skole (Fana)</stop>
    <stop arrival="10:17" departure="10:17">Kaland (Fana)</stop>
    <stop arrival="10:18" departure="10:18">Austevoll (Fana)</stop>
    <stop arrival="10:19" departure="10:19">Kalandseid</stop>
    <stop arrival="10:19" departure="10:19">Fløysand</stop>
    <stop arrival="10:19" departure="10:19">Bahus</stop>
    <stop arrival="10:20" departure="10:20">Røykenes (Os)</stop>
    <stop arrival="10:20" departure="10:20">Tømmernes</stop>
    <stop arrival="10:21" departure="10:21">Gåssandskiftet</stop>
    <stop arrival="10:21" departure="10:21">Søfteland</stop>
    <stop arrival="10:21" departure="10:21">Søfteland skule</stop>
    <stop arrival="10:22" departure="10:22">Storestraumen</stop>
    <stop arrival="10:24" departure="10:24">Hetleflåttre</stop>
    <stop arrival="10:25" departure="10:25">Hetleflåten</stop>
    <stop arrival="10:26" departure="10:26">Ulvenskiftet</stop>
    <stop arrival="10:26" departure="10:26">Tøsdalskiftet</stop>
    <stop arrival="10:27" departure="10:27">Flåten Senter</stop>
    <stop arrival="10:28" departure="10:28">Flåten (Os)</stop>
    <stop arrival="10:29" departure="10:29">Kuven</stop>
    <stop arrival="10:30" departure="10:30">Fjellheim</stop>
    <stop arrival="10:31">Os - Osøyro</stop>
  </route>
  <route no="620" destination="Os - Osøyro" url="http://www.web2051.no/bin/tp/zuginfo.exe/on/139776/52358/659534/283176/1/" trafficDays="kjører Ma - Fr, ikke 13., 17., 24. Mai">
    <stop departure="9:50" routeNo="620">Bergen Busstasjon</stop>
    <stop arrival="9:53" departure="9:53">Danmarksplass</stop>
    <stop arrival="9:54" departure="9:54">Solheimsgaten</stop>
    <stop arrival="9:55" departure="9:55">Reperbanen</stop>
    <stop arrival="9:57" departure="9:57">Fjøsangerveien/ Minde Allè</stop>
    <stop arrival="9:58" departure="9:58">Minde</stop>
    <stop arrival="9:59" departure="9:59">Elvebakken</stop>
    <stop arrival="9:59" departure="9:59">Storetveit</stop>
    <stop arrival="9:59" departure="9:59">Fantoft</stop>
    <stop arrival="10:00" departure="10:00">Nydalen</stop>
    <stop arrival="10:01" departure="10:01">Paradis</stop>
    <stop arrival="10:02" departure="10:02">Tveiteråsskiftet</stop>
    <stop arrival="10:03" departure="10:03">Hopsbro</stop>
    <stop arrival="10:05" departure="10:05">Hopstangen</stop>
    <stop arrival="10:06" departure="10:06">Nesttun terminal</stop>
    <stop arrival="10:06" departure="10:06">Nesttun</stop>
    <stop arrival="10:07" departure="10:07">Skjoldskiftet</stop>
    <stop arrival="10:08" departure="10:08">Elvenes vegkryss</stop>
    <stop arrival="10:08" departure="10:08">Bjørkåsen</stop>
    <stop arrival="10:09" departure="10:09">Lilletvedt</stop>
    <stop arrival="10:10" departure="10:10">Kirkebirkeland</stop>
    <stop arrival="10:11" departure="10:11">Valle (Fana)</stop>
    <stop arrival="10:12" departure="10:12">Hatlestad terr.</stop>
    <stop arrival="10:14" departure="10:14">Øvre Hatlestad</stop>
    <stop arrival="10:16" departure="10:16">Sandven</stop>
    <stop arrival="10:17" departure="10:17">Nedre Sandven</stop>
    <stop arrival="10:18" departure="10:18">Kaland skole (Fana)</stop>
    <stop arrival="10:19" departure="10:19">Kaland (Fana)</stop>
    <stop arrival="10:20" departure="10:20">Austevoll (Fana)</stop>
    <stop arrival="10:21" departure="10:21">Kalandseid</stop>
    <stop arrival="10:21" departure="10:21">Fløysand</stop>
    <stop arrival="10:22" departure="10:22">Bahus</stop>
    <stop arrival="10:23" departure="10:23">Røykenes (Os)</stop>
    <stop arrival="10:24" departure="10:24">Tømmernes</stop>
    <stop arrival="10:25" departure="10:25">Gåssandskiftet</stop>
    <stop arrival="10:25" departure="10:25">Søfteland</stop>
    <stop arrival="10:26" departure="10:26">Søfteland skule</stop>
    <stop arrival="10:27" departure="10:27">Storestraumen</stop>
    <stop arrival="10:29" departure="10:29">Hetleflåttre</stop>
    <stop arrival="10:30" departure="10:30">Hetleflåten</stop>
    <stop arrival="10:31" departure="10:31">Ulvenskiftet</stop>
    <stop arrival="10:31" departure="10:31">Tøsdalskiftet</stop>
    <stop arrival="10:32" departure="10:32">Flåten Senter</stop>
    <stop arrival="10:33" departure="10:33">Flåten (Os)</stop>
    <stop arrival="10:34" departure="10:34">Kuven</stop>
    <stop arrival="10:35" departure="10:35">Fjellheim</stop>
    <stop arrival="10:36">Os - Osøyro</stop>
  </route>
  <route no="620" destination="Bergen Busstasjon" url="http://www.web2051.no/bin/tp/zuginfo.exe/on/205896/74410/362978/112861/1/" trafficDays="kjører Ma - Fr, ikke 13., 17., 24. Mai">
    <stop departure="10:35" routeNo="620">Os - Osøyro</stop>
    <stop arrival="10:36" departure="10:36">Fjellheim</stop>
    <stop arrival="10:37" departure="10:37">Kuven</stop>
    <stop arrival="10:38" departure="10:38">Flåten (Os)</stop>
    <stop arrival="10:39" departure="10:39">Flåten Senter</stop>
    <stop arrival="10:40" departure="10:40">Tøsdalskiftet</stop>
    <stop arrival="10:40" departure="10:40">Ulvenskiftet</stop>
    <stop arrival="10:41" departure="10:41">Hetleflåten</stop>
    <stop arrival="10:42" departure="10:42">Helleflåttre</stop>
    <stop arrival="10:44" departure="10:44">Storestraumen</stop>
    <stop arrival="10:45" departure="10:45">Søfteland skule</stop>
    <stop arrival="10:46" departure="10:46">Søfteland</stop>
    <stop arrival="10:46" departure="10:46">Gåssandskiftet</stop>
    <stop arrival="10:47" departure="10:47">Tømmernes</stop>
    <stop arrival="10:48" departure="10:48">Røykenes (Os)</stop>
    <stop arrival="10:49" departure="10:49">Bahus</stop>
    <stop arrival="10:50" departure="10:50">Fløysand</stop>
    <stop arrival="10:50" departure="10:50">Kalandseid</stop>
    <stop arrival="10:51" departure="10:51">Austevoll (Fana)</stop>
    <stop arrival="10:52" departure="10:52">Kaland (Fana)</stop>
    <stop arrival="10:53" departure="10:53">Smådalen (Kaland i Fana)</stop>
    <stop arrival="10:53" departure="10:53">Kaland skole (Fana)</stop>
    <stop arrival="10:55" departure="10:55">Nedre Sandven</stop>
    <stop arrival="10:55" departure="10:55">Sandven</stop>
    <stop arrival="10:56" departure="10:56">Øvre Hatlestad</stop>
    <stop arrival="10:57" departure="10:57">Hatlestadlia</stop>
    <stop arrival="10:58" departure="10:58">Hatlestad terr.</stop>
    <stop arrival="10:59" departure="10:59">Valle (Fana)</stop>
    <stop arrival="11:00" departure="11:00">Kirkebirkeland</stop>
    <stop arrival="11:01" departure="11:01">Lilletvedt</stop>
    <stop arrival="11:02" departure="11:02">Bjørkåsen</stop>
    <stop arrival="11:03" departure="11:03">Elvenes vegkryss</stop>
    <stop arrival="11:04" departure="11:04">Skjoldskiftet</stop>
    <stop arrival="11:04" departure="11:04">Nesttun</stop>
    <stop arrival="11:05" departure="11:05">Nesttun terminal</stop>
    <stop arrival="11:07" departure="11:07">Hopsbro</stop>
    <stop arrival="11:09" departure="11:09">Tveiteråsskiftet</stop>
    <stop arrival="11:10" departure="11:10">Paradis</stop>
    <stop arrival="11:12" departure="11:12">Nydalen</stop>
    <stop arrival="11:14" departure="11:14">Fantoft</stop>
    <stop arrival="11:15" departure="11:15">Storetveit</stop>
    <stop arrival="11:15" departure="11:15">Elvebakken</stop>
    <stop arrival="11:16" departure="11:16">Minde</stop>
    <stop arrival="11:19" departure="11:19">Mindemyren</stop>
    <stop arrival="11:20" departure="11:20">Postterminalen</stop>
    <stop arrival="11:21" departure="11:21">Kanalveien v/LBK</stop>
    <stop arrival="11:23" departure="11:23">Danmarksplass v/Forum kino</stop>
    <stop arrival="11:28" departure="11:28">Bergen Busstasjon</stop>
    <stop arrival="11:30" departure="11:30">Christies gate (Festplassen)</stop>
    <stop arrival="11:35">Bergen Busstasjon</stop>
  </route>
  <route no="567" destination="Eidsvik snuplass" url="http://www.web2051.no/bin/tp/zuginfo.exe/on/105510/40774/162478/46069/1/" trafficDays="kjører Ma - Fr, ikke 13., 17., 24. Mai">
    <stop departure="10:40" routeNo="567">Os - Osøyro</stop>
    <stop arrival="10:41" departure="10:41">Fjellheim</stop>
    <stop arrival="10:42" departure="10:42">Kuven</stop>
    <stop arrival="10:43" departure="10:43">Flåten (Os)</stop>
    <stop arrival="10:44" departure="10:44">Flåten Senter</stop>
    <stop arrival="10:45" departure="10:45">Tøsdalskiftet</stop>
    <stop arrival="10:46" departure="10:46">Ulvenskiftet</stop>
    <stop arrival="10:47" departure="10:47">Vaktdal</stop>
    <stop arrival="10:48" departure="10:48">Os Vidaregåande skule</stop>
    <stop arrival="10:51" departure="10:51">Ulven leir</stop>
    <stop arrival="10:53" departure="10:53">Åsen vegkryss (Os)</stop>
    <stop arrival="10:54" departure="10:54">Åsen (Os)</stop>
    <stop arrival="10:54" departure="10:54">Åsen (Os)</stop>
    <stop arrival="10:54" departure="10:54">Åsen (Os)</stop>
    <stop arrival="10:56" departure="10:56">Langedalen</stop>
    <stop arrival="10:57" departure="10:57">Lysekloster ruiner</stop>
    <stop arrival="10:57" departure="10:57">Lysekloster gård</stop>
    <stop arrival="10:58" departure="10:58">Smeabakken</stop>
    <stop arrival="10:59" departure="10:59">Buena</stop>
    <stop arrival="10:59" departure="10:59">Søvik (Os)</stop>
    <stop arrival="10:59" departure="10:59">Søvik (Os)</stop>
    <stop arrival="11:00" departure="11:00">Søvik (Os)</stop>
    <stop arrival="11:00" departure="11:00">Lysekloster skule</stop>
    <stop arrival="11:02" departure="11:02">Søvik Gamleskulen</stop>
    <stop arrival="11:03" departure="11:03">Salbuvik</stop>
    <stop arrival="11:05" departure="11:05">Bjoarvik</stop>
    <stop arrival="11:05" departure="11:05">Drangshaug</stop>
    <stop arrival="11:06" departure="11:06">Drange (Os)</stop>
    <stop arrival="11:07" departure="11:07">Drange handel</stop>
    <stop arrival="11:08" departure="11:08">Drangevågen</stop>
    <stop arrival="11:09" departure="11:09">Eidsvik</stop>
    <stop arrival="11:10">Eidsvik snuplass</stop>
  </route>
  <route no="620" destination="Bergen Busstasjon" url="http://www.web2051.no/bin/tp/zuginfo.exe/on/87564/34913/243226/92426/1/" trafficDays="kjører Lø, ikke 1. Mai">
    <stop departure="10:45" routeNo="620">Os - Osøyro</stop>
    <stop arrival="10:46" departure="10:46">Fjellheim</stop>
    <stop arrival="10:47" departure="10:47">Kuven</stop>
    <stop arrival="10:48" departure="10:48">Flåten (Os)</stop>
    <stop arrival="10:49" departure="10:49">Flåten Senter</stop>
    <stop arrival="10:50" departure="10:50">Tøsdalskiftet</stop>
    <stop arrival="10:50" departure="10:50">Ulvenskiftet</stop>
    <stop arrival="10:51" departure="10:51">Hetleflåten</stop>
    <stop arrival="10:52" departure="10:52">Helleflåttre</stop>
    <stop arrival="10:54" departure="10:54">Storestraumen</stop>
    <stop arrival="10:55" departure="10:55">Søfteland skule</stop>
    <stop arrival="10:56" departure="10:56">Søfteland</stop>
    <stop arrival="10:56" departure="10:56">Gåssandskiftet</stop>
    <stop arrival="10:57" departure="10:57">Tømmernes</stop>
    <stop arrival="10:58" departure="10:58">Røykenes (Os)</stop>
    <stop arrival="10:59" departure="10:59">Bahus</stop>
    <stop arrival="11:00" departure="11:00">Fløysand</stop>
    <stop arrival="11:00" departure="11:00">Kalandseid</stop>
    <stop arrival="11:01" departure="11:01">Austevoll (Fana)</stop>
    <stop arrival="11:02" departure="11:02">Kaland (Fana)</stop>
    <stop arrival="11:03" departure="11:03">Smådalen (Kaland i Fana)</stop>
    <stop arrival="11:03" departure="11:03">Kaland skole (Fana)</stop>
    <stop arrival="11:05" departure="11:05">Nedre Sandven</stop>
    <stop arrival="11:05" departure="11:05">Sandven</stop>
    <stop arrival="11:06" departure="11:06">Øvre Hatlestad</stop>
    <stop arrival="11:07" departure="11:07">Hatlestadlia</stop>
    <stop arrival="11:08" departure="11:08">Hatlestad terr.</stop>
    <stop arrival="11:09" departure="11:09">Valle (Fana)</stop>
    <stop arrival="11:10" departure="11:10">Kirkebirkeland</stop>
    <stop arrival="11:11" departure="11:11">Lilletvedt</stop>
    <stop arrival="11:12" departure="11:12">Bjørkåsen</stop>
    <stop arrival="11:13" departure="11:13">Elvenes vegkryss</stop>
    <stop arrival="11:14" departure="11:14">Skjoldskiftet</stop>
    <stop arrival="11:14" departure="11:14">Nesttun</stop>
    <stop arrival="11:15" departure="11:15">Nesttun terminal</stop>
    <stop arrival="11:17" departure="11:17">Hopsbro</stop>
    <stop arrival="11:19" departure="11:19">Tveiteråsskiftet</stop>
    <stop arrival="11:20" departure="11:20">Paradis</stop>
    <stop arrival="11:22" departure="11:22">Nydalen</stop>
    <stop arrival="11:24" departure="11:24">Fantoft</stop>
    <stop arrival="11:25" departure="11:25">Storetveit</stop>
    <stop arrival="11:25" departure="11:25">Elvebakken</stop>
    <stop arrival="11:26" departure="11:26">Minde</stop>
    <stop arrival="11:30" departure="11:30">Mindemyren</stop>
    <stop arrival="11:31" departure="11:31">Postterminalen</stop>
    <stop arrival="11:31" departure="11:31">Kanalveien v/LBK</stop>
    <stop arrival="11:33" departure="11:33">Danmarksplass v/Forum kino</stop>
    <stop arrival="11:38" departure="11:38">Bergen Busstasjon</stop>
    <stop arrival="11:41" departure="11:41">Christies gate (Festplassen)</stop>
    <stop arrival="11:46">Bergen Busstasjon</stop>
  </route>
  <route no="626" destination="Os - Osøyro" url="http://www.web2051.no/bin/tp/zuginfo.exe/on/24510/14012/932588/458125/1/" trafficDays="kjører Lø, ikke 1. Mai">
    <stop departure="10:25" routeNo="626">Røttingen snuplass</stop>
    <stop arrival="10:26" departure="10:26">Hauane (Røtinga)</stop>
    <stop arrival="10:27" departure="10:27">Bruarøy Ungdomshuset</stop>
    <stop arrival="10:28" departure="10:28">Bruarøy</stop>
    <stop arrival="10:28" departure="10:28">Sundøy</stop>
    <stop arrival="10:30" departure="10:30">Lepsøy kai</stop>
    <stop arrival="10:31" departure="10:31">Lepsøy</stop>
    <stop arrival="10:32" departure="10:32">Blindesund</stop>
    <stop arrival="10:34" departure="10:34">Storumhammeren</stop>
    <stop arrival="10:34" departure="10:34">Storum (Os)</stop>
    <stop arrival="10:35" departure="10:35">Ravneberghaugen</stop>
    <stop arrival="10:35" departure="10:35">Grindevoll</stop>
    <stop arrival="10:35" departure="10:35">Grindevoll snuplass</stop>
    <stop arrival="10:36" departure="10:36">Skeie (Os)</stop>
    <stop arrival="10:37" departure="10:37">Nore Neset skule</stop>
    <stop arrival="10:38" departure="10:38">Irgenskryss</stop>
    <stop arrival="10:39" departure="10:39">Ådnadalen</stop>
    <stop arrival="10:39" departure="10:39">Vaksinen</stop>
    <stop arrival="10:40" departure="10:40">Ulvensletta</stop>
    <stop arrival="10:42" departure="10:42">Os Vidaregåande skule</stop>
    <stop arrival="10:44" departure="10:44">Kolskogen</stop>
    <stop arrival="10:45" departure="10:45">Tøsdalskiftet</stop>
    <stop arrival="10:46" departure="10:46">Flåten Senter</stop>
    <stop arrival="10:47" departure="10:47">Flåten (Os)</stop>
    <stop arrival="10:48" departure="10:48">Kuven</stop>
    <stop arrival="10:49" departure="10:49">Fjellheim</stop>
    <stop arrival="10:50">Os - Osøyro</stop>
  </route>
  <route no="612" destination="Os - Osøyro" url="http://www.web2051.no/bin/tp/zuginfo.exe/on/353394/123466/290760/27582/1/" trafficDays="kjører Ma - Fr, ikke 13., 17., 24. Mai">
    <stop departure="10:49" routeNo="612">Os - Osøyro</stop>
    <stop arrival="10:50" departure="10:50">Fjellheim</stop>
    <stop arrival="10:51" departure="10:51">Kuven</stop>
    <stop arrival="10:52" departure="10:52">Flåten (Os)</stop>
    <stop arrival="10:53" departure="10:53">Flåten Senter</stop>
    <stop arrival="10:54" departure="10:54">Tøsdalskiftet</stop>
    <stop arrival="10:56" departure="10:56">Os Vidaregåande skule</stop>
    <stop arrival="10:57" departure="10:57">Ulvensletta</stop>
    <stop arrival="10:58" departure="10:58">Vaksinen</stop>
    <stop arrival="10:59" departure="10:59">Ådnadalen</stop>
    <stop arrival="11:00" departure="11:00">Irgenskryss</stop>
    <stop arrival="11:00" departure="11:00">Hagevik 1</stop>
    <stop arrival="11:01" departure="11:01">Hagevik 2</stop>
    <stop arrival="11:01" departure="11:01">Hagavik (Hovland - Os)</stop>
    <stop arrival="11:01" departure="11:01">Hagavik (Hovland - Os)</stop>
    <stop arrival="11:02" departure="11:02">Hagevik 2</stop>
    <stop arrival="11:02" departure="11:02">Hagevik 1</stop>
    <stop arrival="11:03" departure="11:03">Irgenskryss</stop>
    <stop arrival="11:04" departure="11:04">Nore Neset skule</stop>
    <stop arrival="11:05" departure="11:05">Skeie (Os)</stop>
    <stop arrival="11:06" departure="11:06">Grindevoll snuplass</stop>
    <stop arrival="11:07" departure="11:07">Grindevoll</stop>
    <stop arrival="11:07" departure="11:07">Thuen</stop>
    <stop arrival="11:09" departure="11:09">Thuen Bedehuset</stop>
    <stop arrival="11:12" departure="11:12">Mobergslien</stop>
    <stop arrival="11:13" departure="11:13">Moberg</stop>
    <stop arrival="11:14" departure="11:14">Mobergsbakken</stop>
    <stop arrival="11:15" departure="11:15">Os kai</stop>
    <stop arrival="11:15">Os - Osøyro</stop>
  </route>
  <route no="620" destination="Os - Osøyro" url="http://www.web2051.no/bin/tp/zuginfo.exe/on/163869/60395/923364/407060/1/" trafficDays="kjører Ma - Fr, ikke 13., 17., 24. Mai">
    <stop departure="10:10" routeNo="620">Bergen Busstasjon</stop>
    <stop arrival="10:13" departure="10:13">Danmarksplass</stop>
    <stop arrival="10:14" departure="10:14">Solheimsgaten</stop>
    <stop arrival="10:15" departure="10:15">Reperbanen</stop>
    <stop arrival="10:17" departure="10:17">Fjøsangerveien/ Minde Allè</stop>
    <stop arrival="10:18" departure="10:18">Minde</stop>
    <stop arrival="10:19" departure="10:19">Elvebakken</stop>
    <stop arrival="10:19" departure="10:19">Storetveit</stop>
    <stop arrival="10:19" departure="10:19">Fantoft</stop>
    <stop arrival="10:20" departure="10:20">Nydalen</stop>
    <stop arrival="10:21" departure="10:21">Paradis</stop>
    <stop arrival="10:22" departure="10:22">Tveiteråsskiftet</stop>
    <stop arrival="10:23" departure="10:23">Hopsbro</stop>
    <stop arrival="10:25" departure="10:25">Hopstangen</stop>
    <stop arrival="10:26" departure="10:26">Nesttun terminal</stop>
    <stop arrival="10:26" departure="10:26">Nesttun</stop>
    <stop arrival="10:27" departure="10:27">Skjoldskiftet</stop>
    <stop arrival="10:28" departure="10:28">Elvenes vegkryss</stop>
    <stop arrival="10:28" departure="10:28">Bjørkåsen</stop>
    <stop arrival="10:29" departure="10:29">Lilletvedt</stop>
    <stop arrival="10:30" departure="10:30">Kirkebirkeland</stop>
    <stop arrival="10:31" departure="10:31">Valle (Fana)</stop>
    <stop arrival="10:32" departure="10:32">Hatlestad terr.</stop>
    <stop arrival="10:34" departure="10:34">Øvre Hatlestad</stop>
    <stop arrival="10:36" departure="10:36">Sandven</stop>
    <stop arrival="10:37" departure="10:37">Nedre Sandven</stop>
    <stop arrival="10:38" departure="10:38">Kaland skole (Fana)</stop>
    <stop arrival="10:39" departure="10:39">Kaland (Fana)</stop>
    <stop arrival="10:40" departure="10:40">Austevoll (Fana)</stop>
    <stop arrival="10:41" departure="10:41">Kalandseid</stop>
    <stop arrival="10:41" departure="10:41">Fløysand</stop>
    <stop arrival="10:42" departure="10:42">Bahus</stop>
    <stop arrival="10:43" departure="10:43">Røykenes (Os)</stop>
    <stop arrival="10:44" departure="10:44">Tømmernes</stop>
    <stop arrival="10:45" departure="10:45">Gåssandskiftet</stop>
    <stop arrival="10:45" departure="10:45">Søfteland</stop>
    <stop arrival="10:46" departure="10:46">Søfteland skule</stop>
    <stop arrival="10:47" departure="10:47">Storestraumen</stop>
    <stop arrival="10:49" departure="10:49">Hetleflåttre</stop>
    <stop arrival="10:50" departure="10:50">Hetleflåten</stop>
    <stop arrival="10:51" departure="10:51">Ulvenskiftet</stop>
    <stop arrival="10:51" departure="10:51">Tøsdalskiftet</stop>
    <stop arrival="10:52" departure="10:52">Flåten Senter</stop>
    <stop arrival="10:53" departure="10:53">Flåten (Os)</stop>
    <stop arrival="10:54" departure="10:54">Kuven</stop>
    <stop arrival="10:55" departure="10:55">Fjellheim</stop>
    <stop arrival="10:56">Os - Osøyro</stop>
  </route>
  <route no="620" destination="Bergen Busstasjon" url="http://www.web2051.no/bin/tp/zuginfo.exe/on/669609/228981/776136/164870/1/" trafficDays="kjører Ma - Fr, ikke 13., 17., 24. Mai">
    <stop departure="10:55" routeNo="620">Os - Osøyro</stop>
    <stop arrival="10:56" departure="10:56">Fjellheim</stop>
    <stop arrival="10:57" departure="10:57">Kuven</stop>
    <stop arrival="10:58" departure="10:58">Flåten (Os)</stop>
    <stop arrival="10:59" departure="10:59">Flåten Senter</stop>
    <stop arrival="11:00" departure="11:00">Tøsdalskiftet</stop>
    <stop arrival="11:00" departure="11:00">Ulvenskiftet</stop>
    <stop arrival="11:01" departure="11:01">Hetleflåten</stop>
    <stop arrival="11:02" departure="11:02">Helleflåttre</stop>
    <stop arrival="11:04" departure="11:04">Storestraumen</stop>
    <stop arrival="11:05" departure="11:05">Søfteland skule</stop>
    <stop arrival="11:06" departure="11:06">Søfteland</stop>
    <stop arrival="11:06" departure="11:06">Gåssandskiftet</stop>
    <stop arrival="11:07" departure="11:07">Tømmernes</stop>
    <stop arrival="11:08" departure="11:08">Røykenes (Os)</stop>
    <stop arrival="11:09" departure="11:09">Bahus</stop>
    <stop arrival="11:10" departure="11:10">Fløysand</stop>
    <stop arrival="11:10" departure="11:10">Kalandseid</stop>
    <stop arrival="11:11" departure="11:11">Austevoll (Fana)</stop>
    <stop arrival="11:12" departure="11:12">Kaland (Fana)</stop>
    <stop arrival="11:13" departure="11:13">Smådalen (Kaland i Fana)</stop>
    <stop arrival="11:13" departure="11:13">Kaland skole (Fana)</stop>
    <stop arrival="11:15" departure="11:15">Nedre Sandven</stop>
    <stop arrival="11:15" departure="11:15">Sandven</stop>
    <stop arrival="11:16" departure="11:16">Øvre Hatlestad</stop>
    <stop arrival="11:17" departure="11:17">Hatlestadlia</stop>
    <stop arrival="11:18" departure="11:18">Hatlestad terr.</stop>
    <stop arrival="11:19" departure="11:19">Valle (Fana)</stop>
    <stop arrival="11:20" departure="11:20">Kirkebirkeland</stop>
    <stop arrival="11:21" departure="11:21">Lilletvedt</stop>
    <stop arrival="11:22" departure="11:22">Bjørkåsen</stop>
    <stop arrival="11:23" departure="11:23">Elvenes vegkryss</stop>
    <stop arrival="11:24" departure="11:24">Skjoldskiftet</stop>
    <stop arrival="11:24" departure="11:24">Nesttun</stop>
    <stop arrival="11:25" departure="11:25">Nesttun terminal</stop>
    <stop arrival="11:27" departure="11:27">Hopsbro</stop>
    <stop arrival="11:29" departure="11:29">Tveiteråsskiftet</stop>
    <stop arrival="11:30" departure="11:30">Paradis</stop>
    <stop arrival="11:32" departure="11:32">Nydalen</stop>
    <stop arrival="11:34" departure="11:34">Fantoft</stop>
    <stop arrival="11:35" departure="11:35">Storetveit</stop>
    <stop arrival="11:35" departure="11:35">Elvebakken</stop>
    <stop arrival="11:36" departure="11:36">Minde</stop>
    <stop arrival="11:39" departure="11:39">Mindemyren</stop>
    <stop arrival="11:40" departure="11:40">Postterminalen</stop>
    <stop arrival="11:41" departure="11:41">Kanalveien v/LBK</stop>
    <stop arrival="11:43" departure="11:43">Danmarksplass v/Forum kino</stop>
    <stop arrival="11:48" departure="11:48">Bergen Busstasjon</stop>
    <stop arrival="11:50" departure="11:50">Christies gate (Festplassen)</stop>
    <stop arrival="11:55">Bergen Busstasjon</stop>
  </route>
</routes>
