<?xml version="1.0" encoding="UTF-8"?>
<routes>
  <route no="90" destination="Sletten (Bergen)" url="http://www.web2051.no/bin/tp/zuginfo.exe/on/106338/40311/58594/6150/1/" trafficDays="kjører Lø, ikke 1. Mai">
    <stop departure="9:10" routeNo="90">Salhus kai</stop>
    <stop arrival="9:10" departure="9:10">Langeland (Åsane)</stop>
    <stop arrival="9:11" departure="9:11">Nygård, Salhus</stop>
    <stop arrival="9:12" departure="9:12">Ranten</stop>
    <stop arrival="9:13" departure="9:13">Kistebakkane</stop>
    <stop arrival="9:14" departure="9:14">Matre</stop>
    <stop arrival="9:15" departure="9:15">Støbotn snuplass</stop>
    <stop arrival="9:16" departure="9:16">Toppe</stop>
    <stop arrival="9:17" departure="9:17">Marikollen</stop>
    <stop arrival="9:17" departure="9:17">Slettestølen</stop>
    <stop arrival="9:18" departure="9:18">Lokketodalen</stop>
    <stop arrival="9:19" departure="9:19">Saudalskleivane</stop>
    <stop arrival="9:21" departure="9:21">Kollbudalen</stop>
    <stop arrival="9:22" departure="9:22">Bakketoppen, Morvik</stop>
    <stop arrival="9:23" departure="9:23">Viddalen</stop>
    <stop arrival="9:25" departure="9:25">Morvikbotn</stop>
    <stop arrival="9:26" departure="9:26">Torvbakken</stop>
    <stop arrival="9:27" departure="9:27">Spondalen</stop>
    <stop arrival="9:28" departure="9:28">Flatevad</stop>
    <stop arrival="9:29" departure="9:29">Åsane Brannstasjon</stop>
    <stop arrival="9:30" departure="9:30">Åsane terminal</stop>
    <stop arrival="9:35" departure="9:35">Eidsvåg</stop>
    <stop arrival="9:37" departure="9:37">Handelshøyskolen</stop>
    <stop arrival="9:38" departure="9:38">Nyhavnsvei (Gamle Bergen)</stop>
    <stop arrival="9:40" departure="9:40">Munkebotten</stop>
    <stop arrival="9:41" departure="9:41">Ludebryggen</stop>
    <stop arrival="9:42" departure="9:42">Sandvikstorget</stop>
    <stop arrival="9:43" departure="9:43">Skutevikstorget</stop>
    <stop arrival="9:44" departure="9:44">Bontelabo</stop>
    <stop arrival="9:45" departure="9:45">Slottsgaten</stop>
    <stop arrival="9:46" departure="9:46">Bryggen</stop>
    <stop arrival="9:47" departure="9:47">Olav Kyrres gate</stop>
    <stop arrival="9:52" departure="9:52">Bergen Busstasjon</stop>
    <stop arrival="9:57" departure="9:57">Danmarksplass/ Ibsens gt.</stop>
    <stop arrival="10:00" departure="10:00">Bjørnsons gate</stop>
    <stop arrival="10:02" departure="10:02">Haukelandsveien</stop>
    <stop arrival="10:02" departure="10:02">Fridalen</stop>
    <stop arrival="10:03" departure="10:03">Langhaugen</stop>
    <stop arrival="10:03" departure="10:03">Landåssvingen</stop>
    <stop arrival="10:04" departure="10:04">Hagerups vei</stop>
    <stop arrival="10:05" departure="10:05">Fageråsen</stop>
    <stop arrival="10:05" departure="10:05">Sletten Shoppingsenter</stop>
    <stop arrival="10:06" departure="10:06">Bergenshallen</stop>
    <stop arrival="10:06" departure="10:06">Johan Hjorts vei</stop>
    <stop arrival="10:07">Sletten (Bergen)</stop>
  </route>
  <route no="90" destination="Støbotn snuplass" url="http://www.web2051.no/bin/tp/zuginfo.exe/on/636510/217045/696970/136315/1/" trafficDays="kjører Lø, ikke 1. Mai">
    <stop departure="10:05" routeNo="90">Sletten (Bergen)</stop>
    <stop arrival="10:07" departure="10:07">Johan Hjorts vei</stop>
    <stop arrival="10:08" departure="10:08">Bergenshallen</stop>
    <stop arrival="10:09" departure="10:09">Sletten Shoppingsenter</stop>
    <stop arrival="10:10" departure="10:10">Fageråsen</stop>
    <stop arrival="10:11" departure="10:11">Hagerups vei</stop>
    <stop arrival="10:12" departure="10:12">Natlandsv. v/Hagerupsvei</stop>
    <stop arrival="10:13" departure="10:13">Langhaugen</stop>
    <stop arrival="10:14" departure="10:14">Fridalen</stop>
    <stop arrival="10:15" departure="10:15">Haukelandsveien</stop>
    <stop arrival="10:16" departure="10:16">Ibsens gate /Haukeland sykehus</stop>
    <stop arrival="10:17" departure="10:17">Bjørnsons gate</stop>
    <stop arrival="10:19" departure="10:19">Årstad VGS</stop>
    <stop arrival="10:20" departure="10:20">Danmarksplass v/Forum kino</stop>
    <stop arrival="10:25" departure="10:25">Bergen Busstasjon</stop>
    <stop arrival="10:30" departure="10:30">Christies gate (Festplassen)</stop>
    <stop arrival="10:33" departure="10:33">Torget (Bergen)</stop>
    <stop arrival="10:34" departure="10:34">Bryggen</stop>
    <stop arrival="10:34" departure="10:34">Slottsgaten</stop>
    <stop arrival="10:35" departure="10:35">Bontelabo</stop>
    <stop arrival="10:36" departure="10:36">Skutevikstorget</stop>
    <stop arrival="10:36" departure="10:36">Sjøgaten</stop>
    <stop arrival="10:37" departure="10:37">Sandvikstorget</stop>
    <stop arrival="10:38" departure="10:38">Ludebryggen</stop>
    <stop arrival="10:38" departure="10:38">Munkebotten</stop>
    <stop arrival="10:40" departure="10:40">Nyhavnsvei (Gamle Bergen)</stop>
    <stop arrival="10:41" departure="10:41">Handelshøyskolen</stop>
    <stop arrival="10:43" departure="10:43">Eidsvåg</stop>
    <stop arrival="10:48" departure="10:48">Åsane terminal</stop>
    <stop arrival="10:49" departure="10:49">Åsane Brannstasjon</stop>
    <stop arrival="10:50" departure="10:50">Flatevad</stop>
    <stop arrival="10:51" departure="10:51">Spondalen</stop>
    <stop arrival="10:51" departure="10:51">Torvbakken</stop>
    <stop arrival="10:52" departure="10:52">Morvikbotn</stop>
    <stop arrival="10:53" departure="10:53">Viddalen</stop>
    <stop arrival="10:54" departure="10:54">Bakketoppen, Morvik</stop>
    <stop arrival="10:56" departure="10:56">Kollbudalen</stop>
    <stop arrival="10:57" departure="10:57">Saudalen</stop>
    <stop arrival="10:58" departure="10:58">Saudalskleivane</stop>
    <stop arrival="10:59" departure="10:59">Lokketodalen</stop>
    <stop arrival="11:00" departure="11:00">Slettestølen</stop>
    <stop arrival="11:01" departure="11:01">Marikollen</stop>
    <stop arrival="11:02" departure="11:02">Toppe</stop>
    <stop arrival="11:03">Støbotn snuplass</stop>
  </route>
  <route no="90" destination="Salhus kai" url="http://www.web2051.no/bin/tp/zuginfo.exe/on/349572/121368/680384/223669/1/" trafficDays="kjører Sø, også 1., 13., 17., 24. Mai">
    <stop departure="10:10" routeNo="90">Sletten (Bergen)</stop>
    <stop arrival="10:12" departure="10:12">Johan Hjorts vei</stop>
    <stop arrival="10:13" departure="10:13">Bergenshallen</stop>
    <stop arrival="10:14" departure="10:14">Sletten Shoppingsenter</stop>
    <stop arrival="10:15" departure="10:15">Fageråsen</stop>
    <stop arrival="10:16" departure="10:16">Hagerups vei</stop>
    <stop arrival="10:17" departure="10:17">Natlandsv. v/Hagerupsvei</stop>
    <stop arrival="10:18" departure="10:18">Langhaugen</stop>
    <stop arrival="10:19" departure="10:19">Fridalen</stop>
    <stop arrival="10:20" departure="10:20">Haukelandsveien</stop>
    <stop arrival="10:21" departure="10:21">Ibsens gate /Haukeland sykehus</stop>
    <stop arrival="10:22" departure="10:22">Bjørnsons gate</stop>
    <stop arrival="10:24" departure="10:24">Årstad VGS</stop>
    <stop arrival="10:25" departure="10:25">Danmarksplass v/Forum kino</stop>
    <stop arrival="10:28" departure="10:28">Bergen Busstasjon</stop>
    <stop arrival="10:30" departure="10:30">Christies gate (Festplassen)</stop>
    <stop arrival="10:33" departure="10:33">Torget (Bergen)</stop>
    <stop arrival="10:34" departure="10:34">Bryggen</stop>
    <stop arrival="10:34" departure="10:34">Slottsgaten</stop>
    <stop arrival="10:35" departure="10:35">Bontelabo</stop>
    <stop arrival="10:36" departure="10:36">Skutevikstorget</stop>
    <stop arrival="10:36" departure="10:36">Sjøgaten</stop>
    <stop arrival="10:37" departure="10:37">Sandvikstorget</stop>
    <stop arrival="10:38" departure="10:38">Ludebryggen</stop>
    <stop arrival="10:38" departure="10:38">Munkebotten</stop>
    <stop arrival="10:40" departure="10:40">Nyhavnsvei (Gamle Bergen)</stop>
    <stop arrival="10:41" departure="10:41">Handelshøyskolen</stop>
    <stop arrival="10:43" departure="10:43">Eidsvåg</stop>
    <stop arrival="10:48" departure="10:48">Åsane terminal</stop>
    <stop arrival="10:49" departure="10:49">Åsane Brannstasjon</stop>
    <stop arrival="10:50" departure="10:50">Flatevad</stop>
    <stop arrival="10:51" departure="10:51">Spondalen</stop>
    <stop arrival="10:51" departure="10:51">Torvbakken</stop>
    <stop arrival="10:52" departure="10:52">Morvikbotn</stop>
    <stop arrival="10:53" departure="10:53">Viddalen</stop>
    <stop arrival="10:54" departure="10:54">Bakketoppen, Morvik</stop>
    <stop arrival="10:56" departure="10:56">Kollbudalen</stop>
    <stop arrival="10:57" departure="10:57">Saudalen</stop>
    <stop arrival="10:58" departure="10:58">Saudalskleivane</stop>
    <stop arrival="10:59" departure="10:59">Lokketodalen</stop>
    <stop arrival="11:00" departure="11:00">Slettestølen</stop>
    <stop arrival="11:01" departure="11:01">Marikollen</stop>
    <stop arrival="11:02" departure="11:02">Toppe</stop>
    <stop arrival="11:03" departure="11:03">Støbotn snuplass</stop>
    <stop arrival="11:04" departure="11:04">Matre</stop>
    <stop arrival="11:05" departure="11:05">Kistebakkane</stop>
    <stop arrival="11:07" departure="11:07">Nygård, Salhus</stop>
    <stop arrival="11:07" departure="11:07">Langeland (Åsane)</stop>
    <stop arrival="11:08">Salhus kai</stop>
  </route>
  <route no="90" destination="Støbotn snuplass" url="http://www.web2051.no/bin/tp/zuginfo.exe/on/990519/335088/23786/318282/1/" trafficDays="kjører Ma - Fr, ikke 13., 17., 24. Mai">
    <stop departure="10:10" routeNo="90">Sletten (Bergen)</stop>
    <stop arrival="10:12" departure="10:12">Johan Hjorts vei</stop>
    <stop arrival="10:13" departure="10:13">Bergenshallen</stop>
    <stop arrival="10:14" departure="10:14">Sletten Shoppingsenter</stop>
    <stop arrival="10:15" departure="10:15">Fageråsen</stop>
    <stop arrival="10:16" departure="10:16">Hagerups vei</stop>
    <stop arrival="10:17" departure="10:17">Natlandsv. v/Hagerupsvei</stop>
    <stop arrival="10:18" departure="10:18">Langhaugen</stop>
    <stop arrival="10:19" departure="10:19">Fridalen</stop>
    <stop arrival="10:20" departure="10:20">Haukelandsveien</stop>
    <stop arrival="10:22" departure="10:22">Ibsens gate /Haukeland sykehus</stop>
    <stop arrival="10:24" departure="10:24">Bjørnsons gate</stop>
    <stop arrival="10:28" departure="10:28">Årstad VGS</stop>
    <stop arrival="10:29" departure="10:29">Danmarksplass v/Forum kino</stop>
    <stop arrival="10:33" departure="10:33">Bergen Busstasjon</stop>
    <stop arrival="10:35" departure="10:35">Christies gate (Festplassen)</stop>
    <stop arrival="10:38" departure="10:38">Torget (Bergen)</stop>
    <stop arrival="10:39" departure="10:39">Bryggen</stop>
    <stop arrival="10:39" departure="10:39">Slottsgaten</stop>
    <stop arrival="10:40" departure="10:40">Bontelabo</stop>
    <stop arrival="10:41" departure="10:41">Skutevikstorget</stop>
    <stop arrival="10:41" departure="10:41">Sjøgaten</stop>
    <stop arrival="10:42" departure="10:42">Sandvikstorget</stop>
    <stop arrival="10:43" departure="10:43">Ludebryggen</stop>
    <stop arrival="10:43" departure="10:43">Munkebotten</stop>
    <stop arrival="10:45" departure="10:45">Nyhavnsvei (Gamle Bergen)</stop>
    <stop arrival="10:46" departure="10:46">Handelshøyskolen</stop>
    <stop arrival="10:48" departure="10:48">Eidsvåg</stop>
    <stop arrival="10:53" departure="10:53">Åsane terminal</stop>
    <stop arrival="10:54" departure="10:54">Åsane Brannstasjon</stop>
    <stop arrival="10:55" departure="10:55">Flatevad</stop>
    <stop arrival="10:56" departure="10:56">Spondalen</stop>
    <stop arrival="10:56" departure="10:56">Torvbakken</stop>
    <stop arrival="10:57" departure="10:57">Morvikbotn</stop>
    <stop arrival="10:58" departure="10:58">Viddalen</stop>
    <stop arrival="10:59" departure="10:59">Bakketoppen, Morvik</stop>
    <stop arrival="11:01" departure="11:01">Kollbudalen</stop>
    <stop arrival="11:02" departure="11:02">Saudalen</stop>
    <stop arrival="11:03" departure="11:03">Saudalskleivane</stop>
    <stop arrival="11:04" departure="11:04">Lokketodalen</stop>
    <stop arrival="11:05" departure="11:05">Slettestølen</stop>
    <stop arrival="11:06" departure="11:06">Marikollen</stop>
    <stop arrival="11:07" departure="11:07">Toppe</stop>
    <stop arrival="11:08">Støbotn snuplass</stop>
  </route>
  <route no="90" destination="Sletten (Bergen)" url="http://www.web2051.no/bin/tp/zuginfo.exe/on/646548/220435/144160/143437/1/" trafficDays="kjører Ma - Fr, ikke 13., 17., 24. Mai">
    <stop departure="9:20" routeNo="90">Støbotn snuplass</stop>
    <stop arrival="9:21" departure="9:21">Toppe</stop>
    <stop arrival="9:22" departure="9:22">Marikollen</stop>
    <stop arrival="9:22" departure="9:22">Slettestølen</stop>
    <stop arrival="9:23" departure="9:23">Lokketodalen</stop>
    <stop arrival="9:24" departure="9:24">Saudalskleivane</stop>
    <stop arrival="9:26" departure="9:26">Kollbudalen</stop>
    <stop arrival="9:27" departure="9:27">Bakketoppen, Morvik</stop>
    <stop arrival="9:28" departure="9:28">Viddalen</stop>
    <stop arrival="9:30" departure="9:30">Morvikbotn</stop>
    <stop arrival="9:31" departure="9:31">Torvbakken</stop>
    <stop arrival="9:32" departure="9:32">Spondalen</stop>
    <stop arrival="9:33" departure="9:33">Flatevad</stop>
    <stop arrival="9:34" departure="9:34">Åsane Brannstasjon</stop>
    <stop arrival="9:35" departure="9:35">Åsane terminal</stop>
    <stop arrival="9:40" departure="9:40">Eidsvåg</stop>
    <stop arrival="9:42" departure="9:42">Handelshøyskolen</stop>
    <stop arrival="9:44" departure="9:44">Nyhavnsvei (Gamle Bergen)</stop>
    <stop arrival="9:46" departure="9:46">Munkebotten</stop>
    <stop arrival="9:47" departure="9:47">Ludebryggen</stop>
    <stop arrival="9:48" departure="9:48">Sandvikstorget</stop>
    <stop arrival="9:50" departure="9:50">Skutevikstorget</stop>
    <stop arrival="9:51" departure="9:51">Bontelabo</stop>
    <stop arrival="9:52" departure="9:52">Slottsgaten</stop>
    <stop arrival="9:54" departure="9:54">Bryggen</stop>
    <stop arrival="9:55" departure="9:55">Olav Kyrres gate</stop>
    <stop arrival="10:00" departure="10:00">Bergen Busstasjon</stop>
    <stop arrival="10:06" departure="10:06">Danmarksplass/ Ibsens gt.</stop>
    <stop arrival="10:09" departure="10:09">Bjørnsons gate</stop>
    <stop arrival="10:12" departure="10:12">Haukelandsveien</stop>
    <stop arrival="10:13" departure="10:13">Fridalen</stop>
    <stop arrival="10:14" departure="10:14">Langhaugen</stop>
    <stop arrival="10:15" departure="10:15">Landåssvingen</stop>
    <stop arrival="10:16" departure="10:16">Hagerups vei</stop>
    <stop arrival="10:17" departure="10:17">Fageråsen</stop>
    <stop arrival="10:18" departure="10:18">Sletten Shoppingsenter</stop>
    <stop arrival="10:19" departure="10:19">Bergenshallen</stop>
    <stop arrival="10:20" departure="10:20">Johan Hjorts vei</stop>
    <stop arrival="10:22">Sletten (Bergen)</stop>
  </route>
  <route no="90" destination="Sletten (Bergen)" url="http://www.web2051.no/bin/tp/zuginfo.exe/on/121362/45296/505248/212172/1/" trafficDays="kjører Sø, også 1., 13., 17., 24. Mai">
    <stop departure="9:25" routeNo="90">Salhus kai</stop>
    <stop arrival="9:25" departure="9:25">Langeland (Åsane)</stop>
    <stop arrival="9:26" departure="9:26">Nygård, Salhus</stop>
    <stop arrival="9:27" departure="9:27">Ranten</stop>
    <stop arrival="9:28" departure="9:28">Kistebakkane</stop>
    <stop arrival="9:29" departure="9:29">Matre</stop>
    <stop arrival="9:30" departure="9:30">Støbotn snuplass</stop>
    <stop arrival="9:31" departure="9:31">Toppe</stop>
    <stop arrival="9:32" departure="9:32">Marikollen</stop>
    <stop arrival="9:32" departure="9:32">Slettestølen</stop>
    <stop arrival="9:33" departure="9:33">Lokketodalen</stop>
    <stop arrival="9:34" departure="9:34">Saudalskleivane</stop>
    <stop arrival="9:36" departure="9:36">Kollbudalen</stop>
    <stop arrival="9:37" departure="9:37">Bakketoppen, Morvik</stop>
    <stop arrival="9:38" departure="9:38">Viddalen</stop>
    <stop arrival="9:40" departure="9:40">Morvikbotn</stop>
    <stop arrival="9:41" departure="9:41">Torvbakken</stop>
    <stop arrival="9:42" departure="9:42">Spondalen</stop>
    <stop arrival="9:43" departure="9:43">Flatevad</stop>
    <stop arrival="9:44" departure="9:44">Åsane Brannstasjon</stop>
    <stop arrival="9:45" departure="9:45">Åsane terminal</stop>
    <stop arrival="9:46" departure="9:46">Hesthaugen</stop>
    <stop arrival="9:47" departure="9:47">Stamskaret</stop>
    <stop arrival="9:48" departure="9:48">Tertneskrysset nyevegen</stop>
    <stop arrival="9:50" departure="9:50">Eidsvåg</stop>
    <stop arrival="9:52" departure="9:52">Handelshøyskolen</stop>
    <stop arrival="9:53" departure="9:53">Nyhavnsvei (Gamle Bergen)</stop>
    <stop arrival="9:55" departure="9:55">Munkebotten</stop>
    <stop arrival="9:56" departure="9:56">Ludebryggen</stop>
    <stop arrival="9:57" departure="9:57">Sandvikstorget</stop>
    <stop arrival="9:58" departure="9:58">Skutevikstorget</stop>
    <stop arrival="9:59" departure="9:59">Bontelabo</stop>
    <stop arrival="10:00" departure="10:00">Slottsgaten</stop>
    <stop arrival="10:01" departure="10:01">Bryggen</stop>
    <stop arrival="10:02" departure="10:02">Olav Kyrres gate</stop>
    <stop arrival="10:07" departure="10:07">Bergen Busstasjon</stop>
    <stop arrival="10:12" departure="10:12">Danmarksplass/ Ibsens gt.</stop>
    <stop arrival="10:15" departure="10:15">Bjørnsons gate</stop>
    <stop arrival="10:17" departure="10:17">Haukelandsveien</stop>
    <stop arrival="10:17" departure="10:17">Fridalen</stop>
    <stop arrival="10:18" departure="10:18">Langhaugen</stop>
    <stop arrival="10:18" departure="10:18">Landåssvingen</stop>
    <stop arrival="10:19" departure="10:19">Hagerups vei</stop>
    <stop arrival="10:20" departure="10:20">Fageråsen</stop>
    <stop arrival="10:20" departure="10:20">Sletten Shoppingsenter</stop>
    <stop arrival="10:21" departure="10:21">Bergenshallen</stop>
    <stop arrival="10:21" departure="10:21">Johan Hjorts vei</stop>
    <stop arrival="10:22">Sletten (Bergen)</stop>
  </route>
  <route no="90" destination="Støbotn snuplass" url="http://www.web2051.no/bin/tp/zuginfo.exe/on/583287/199345/533492/72319/1/" trafficDays="kjører Ma - Fr, ikke 13., 17., 24. Mai">
    <stop departure="10:30" routeNo="90">Sletten (Bergen)</stop>
    <stop arrival="10:32" departure="10:32">Johan Hjorts vei</stop>
    <stop arrival="10:33" departure="10:33">Bergenshallen</stop>
    <stop arrival="10:34" departure="10:34">Sletten Shoppingsenter</stop>
    <stop arrival="10:35" departure="10:35">Fageråsen</stop>
    <stop arrival="10:36" departure="10:36">Hagerups vei</stop>
    <stop arrival="10:37" departure="10:37">Natlandsv. v/Hagerupsvei</stop>
    <stop arrival="10:38" departure="10:38">Langhaugen</stop>
    <stop arrival="10:39" departure="10:39">Fridalen</stop>
    <stop arrival="10:40" departure="10:40">Haukelandsveien</stop>
    <stop arrival="10:42" departure="10:42">Ibsens gate /Haukeland sykehus</stop>
    <stop arrival="10:44" departure="10:44">Bjørnsons gate</stop>
    <stop arrival="10:48" departure="10:48">Årstad VGS</stop>
    <stop arrival="10:49" departure="10:49">Danmarksplass v/Forum kino</stop>
    <stop arrival="10:53" departure="10:53">Bergen Busstasjon</stop>
    <stop arrival="10:55" departure="10:55">Christies gate (Festplassen)</stop>
    <stop arrival="10:58" departure="10:58">Torget (Bergen)</stop>
    <stop arrival="10:59" departure="10:59">Bryggen</stop>
    <stop arrival="10:59" departure="10:59">Slottsgaten</stop>
    <stop arrival="11:00" departure="11:00">Bontelabo</stop>
    <stop arrival="11:01" departure="11:01">Skutevikstorget</stop>
    <stop arrival="11:01" departure="11:01">Sjøgaten</stop>
    <stop arrival="11:02" departure="11:02">Sandvikstorget</stop>
    <stop arrival="11:03" departure="11:03">Ludebryggen</stop>
    <stop arrival="11:03" departure="11:03">Munkebotten</stop>
    <stop arrival="11:05" departure="11:05">Nyhavnsvei (Gamle Bergen)</stop>
    <stop arrival="11:06" departure="11:06">Handelshøyskolen</stop>
    <stop arrival="11:08" departure="11:08">Eidsvåg</stop>
    <stop arrival="11:13" departure="11:13">Åsane terminal</stop>
    <stop arrival="11:14" departure="11:14">Åsane Brannstasjon</stop>
    <stop arrival="11:15" departure="11:15">Flatevad</stop>
    <stop arrival="11:16" departure="11:16">Spondalen</stop>
    <stop arrival="11:16" departure="11:16">Torvbakken</stop>
    <stop arrival="11:17" departure="11:17">Morvikbotn</stop>
    <stop arrival="11:18" departure="11:18">Viddalen</stop>
    <stop arrival="11:19" departure="11:19">Bakketoppen, Morvik</stop>
    <stop arrival="11:21" departure="11:21">Kollbudalen</stop>
    <stop arrival="11:22" departure="11:22">Saudalen</stop>
    <stop arrival="11:23" departure="11:23">Saudalskleivane</stop>
    <stop arrival="11:24" departure="11:24">Lokketodalen</stop>
    <stop arrival="11:25" departure="11:25">Slettestølen</stop>
    <stop arrival="11:26" departure="11:26">Marikollen</stop>
    <stop arrival="11:27" departure="11:27">Toppe</stop>
    <stop arrival="11:28">Støbotn snuplass</stop>
  </route>
  <route no="90" destination="Sletten (Bergen)" url="http://www.web2051.no/bin/tp/zuginfo.exe/on/597987/204248/537240/69293/1/" trafficDays="kjører Ma - Fr, ikke 13., 17., 24. Mai">
    <stop departure="9:40" routeNo="90">Støbotn snuplass</stop>
    <stop arrival="9:41" departure="9:41">Toppe</stop>
    <stop arrival="9:42" departure="9:42">Marikollen</stop>
    <stop arrival="9:42" departure="9:42">Slettestølen</stop>
    <stop arrival="9:43" departure="9:43">Lokketodalen</stop>
    <stop arrival="9:44" departure="9:44">Saudalskleivane</stop>
    <stop arrival="9:46" departure="9:46">Kollbudalen</stop>
    <stop arrival="9:47" departure="9:47">Bakketoppen, Morvik</stop>
    <stop arrival="9:48" departure="9:48">Viddalen</stop>
    <stop arrival="9:50" departure="9:50">Morvikbotn</stop>
    <stop arrival="9:51" departure="9:51">Torvbakken</stop>
    <stop arrival="9:52" departure="9:52">Spondalen</stop>
    <stop arrival="9:53" departure="9:53">Flatevad</stop>
    <stop arrival="9:54" departure="9:54">Åsane Brannstasjon</stop>
    <stop arrival="9:55" departure="9:55">Åsane terminal</stop>
    <stop arrival="10:00" departure="10:00">Eidsvåg</stop>
    <stop arrival="10:02" departure="10:02">Handelshøyskolen</stop>
    <stop arrival="10:04" departure="10:04">Nyhavnsvei (Gamle Bergen)</stop>
    <stop arrival="10:06" departure="10:06">Munkebotten</stop>
    <stop arrival="10:07" departure="10:07">Ludebryggen</stop>
    <stop arrival="10:08" departure="10:08">Sandvikstorget</stop>
    <stop arrival="10:10" departure="10:10">Skutevikstorget</stop>
    <stop arrival="10:11" departure="10:11">Bontelabo</stop>
    <stop arrival="10:12" departure="10:12">Slottsgaten</stop>
    <stop arrival="10:14" departure="10:14">Bryggen</stop>
    <stop arrival="10:15" departure="10:15">Olav Kyrres gate</stop>
    <stop arrival="10:20" departure="10:20">Bergen Busstasjon</stop>
    <stop arrival="10:26" departure="10:26">Danmarksplass/ Ibsens gt.</stop>
    <stop arrival="10:29" departure="10:29">Bjørnsons gate</stop>
    <stop arrival="10:32" departure="10:32">Haukelandsveien</stop>
    <stop arrival="10:33" departure="10:33">Fridalen</stop>
    <stop arrival="10:34" departure="10:34">Langhaugen</stop>
    <stop arrival="10:35" departure="10:35">Landåssvingen</stop>
    <stop arrival="10:36" departure="10:36">Hagerups vei</stop>
    <stop arrival="10:37" departure="10:37">Fageråsen</stop>
    <stop arrival="10:38" departure="10:38">Sletten Shoppingsenter</stop>
    <stop arrival="10:39" departure="10:39">Bergenshallen</stop>
    <stop arrival="10:40" departure="10:40">Johan Hjorts vei</stop>
    <stop arrival="10:42">Sletten (Bergen)</stop>
  </route>
  <route no="90" destination="Støbotn snuplass" url="http://www.web2051.no/bin/tp/zuginfo.exe/on/368853/127798/202650/21626/1/" trafficDays="kjører Sø, også 1., 13., 17., 24. Mai">
    <stop departure="10:35" routeNo="90">Sletten (Bergen)</stop>
    <stop arrival="10:37" departure="10:37">Johan Hjorts vei</stop>
    <stop arrival="10:38" departure="10:38">Bergenshallen</stop>
    <stop arrival="10:39" departure="10:39">Sletten Shoppingsenter</stop>
    <stop arrival="10:40" departure="10:40">Fageråsen</stop>
    <stop arrival="10:41" departure="10:41">Hagerups vei</stop>
    <stop arrival="10:42" departure="10:42">Natlandsv. v/Hagerupsvei</stop>
    <stop arrival="10:43" departure="10:43">Langhaugen</stop>
    <stop arrival="10:44" departure="10:44">Fridalen</stop>
    <stop arrival="10:45" departure="10:45">Haukelandsveien</stop>
    <stop arrival="10:46" departure="10:46">Ibsens gate /Haukeland sykehus</stop>
    <stop arrival="10:48" departure="10:48">Bjørnsons gate</stop>
    <stop arrival="10:50" departure="10:50">Årstad VGS</stop>
    <stop arrival="10:52" departure="10:52">Danmarksplass v/Forum kino</stop>
    <stop arrival="10:58" departure="10:58">Bergen Busstasjon</stop>
    <stop arrival="11:00" departure="11:00">Christies gate (Festplassen)</stop>
    <stop arrival="11:03" departure="11:03">Torget (Bergen)</stop>
    <stop arrival="11:04" departure="11:04">Bryggen</stop>
    <stop arrival="11:04" departure="11:04">Slottsgaten</stop>
    <stop arrival="11:05" departure="11:05">Bontelabo</stop>
    <stop arrival="11:06" departure="11:06">Skutevikstorget</stop>
    <stop arrival="11:06" departure="11:06">Sjøgaten</stop>
    <stop arrival="11:07" departure="11:07">Sandvikstorget</stop>
    <stop arrival="11:08" departure="11:08">Ludebryggen</stop>
    <stop arrival="11:08" departure="11:08">Munkebotten</stop>
    <stop arrival="11:10" departure="11:10">Nyhavnsvei (Gamle Bergen)</stop>
    <stop arrival="11:11" departure="11:11">Handelshøyskolen</stop>
    <stop arrival="11:13" departure="11:13">Eidsvåg</stop>
    <stop arrival="11:16" departure="11:16">Tertneskrysset nyevegen</stop>
    <stop arrival="11:18" departure="11:18">Stamskaret</stop>
    <stop arrival="11:19" departure="11:19">Hesthaugen</stop>
    <stop arrival="11:20" departure="11:20">Åsane terminal</stop>
    <stop arrival="11:21" departure="11:21">Åsane Brannstasjon</stop>
    <stop arrival="11:22" departure="11:22">Flatevad</stop>
    <stop arrival="11:23" departure="11:23">Spondalen</stop>
    <stop arrival="11:23" departure="11:23">Torvbakken</stop>
    <stop arrival="11:24" departure="11:24">Morvikbotn</stop>
    <stop arrival="11:25" departure="11:25">Viddalen</stop>
    <stop arrival="11:26" departure="11:26">Bakketoppen, Morvik</stop>
    <stop arrival="11:28" departure="11:28">Kollbudalen</stop>
    <stop arrival="11:29" departure="11:29">Saudalen</stop>
    <stop arrival="11:30" departure="11:30">Saudalskleivane</stop>
    <stop arrival="11:31" departure="11:31">Lokketodalen</stop>
    <stop arrival="11:32" departure="11:32">Slettestølen</stop>
    <stop arrival="11:33" departure="11:33">Marikollen</stop>
    <stop arrival="11:34" departure="11:34">Toppe</stop>
    <stop arrival="11:35">Støbotn snuplass</stop>
  </route>
  <route no="90" destination="Støbotn snuplass" url="http://www.web2051.no/bin/tp/zuginfo.exe/on/185841/66824/538108/207107/1/" trafficDays="kjører Lø, ikke 1. Mai">
    <stop departure="10:35" routeNo="90">Sletten (Bergen)</stop>
    <stop arrival="10:37" departure="10:37">Johan Hjorts vei</stop>
    <stop arrival="10:38" departure="10:38">Bergenshallen</stop>
    <stop arrival="10:39" departure="10:39">Sletten Shoppingsenter</stop>
    <stop arrival="10:40" departure="10:40">Fageråsen</stop>
    <stop arrival="10:41" departure="10:41">Hagerups vei</stop>
    <stop arrival="10:42" departure="10:42">Natlandsv. v/Hagerupsvei</stop>
    <stop arrival="10:43" departure="10:43">Langhaugen</stop>
    <stop arrival="10:44" departure="10:44">Fridalen</stop>
    <stop arrival="10:45" departure="10:45">Haukelandsveien</stop>
    <stop arrival="10:46" departure="10:46">Ibsens gate /Haukeland sykehus</stop>
    <stop arrival="10:48" departure="10:48">Bjørnsons gate</stop>
    <stop arrival="10:50" departure="10:50">Årstad VGS</stop>
    <stop arrival="10:51" departure="10:51">Danmarksplass v/Forum kino</stop>
    <stop arrival="10:55" departure="10:55">Bergen Busstasjon</stop>
    <stop arrival="10:58" departure="10:58">Christies gate (Festplassen)</stop>
    <stop arrival="11:01" departure="11:01">Torget (Bergen)</stop>
    <stop arrival="11:02" departure="11:02">Bryggen</stop>
    <stop arrival="11:02" departure="11:02">Slottsgaten</stop>
    <stop arrival="11:03" departure="11:03">Bontelabo</stop>
    <stop arrival="11:04" departure="11:04">Skutevikstorget</stop>
    <stop arrival="11:04" departure="11:04">Sjøgaten</stop>
    <stop arrival="11:05" departure="11:05">Sandvikstorget</stop>
    <stop arrival="11:06" departure="11:06">Ludebryggen</stop>
    <stop arrival="11:06" departure="11:06">Munkebotten</stop>
    <stop arrival="11:08" departure="11:08">Nyhavnsvei (Gamle Bergen)</stop>
    <stop arrival="11:09" departure="11:09">Handelshøyskolen</stop>
    <stop arrival="11:11" departure="11:11">Eidsvåg</stop>
    <stop arrival="11:16" departure="11:16">Åsane terminal</stop>
    <stop arrival="11:17" departure="11:17">Åsane Brannstasjon</stop>
    <stop arrival="11:18" departure="11:18">Flatevad</stop>
    <stop arrival="11:19" departure="11:19">Spondalen</stop>
    <stop arrival="11:19" departure="11:19">Torvbakken</stop>
    <stop arrival="11:20" departure="11:20">Morvikbotn</stop>
    <stop arrival="11:21" departure="11:21">Viddalen</stop>
    <stop arrival="11:22" departure="11:22">Bakketoppen, Morvik</stop>
    <stop arrival="11:24" departure="11:24">Kollbudalen</stop>
    <stop arrival="11:25" departure="11:25">Saudalen</stop>
    <stop arrival="11:26" departure="11:26">Saudalskleivane</stop>
    <stop arrival="11:27" departure="11:27">Lokketodalen</stop>
    <stop arrival="11:28" departure="11:28">Slettestølen</stop>
    <stop arrival="11:29" departure="11:29">Marikollen</stop>
    <stop arrival="11:30" departure="11:30">Toppe</stop>
    <stop arrival="11:31">Støbotn snuplass</stop>
  </route>
  <route no="90" destination="Støbotn snuplass" url="http://www.web2051.no/bin/tp/zuginfo.exe/on/751698/255484/920268/209570/1/" trafficDays="kjører Ma - Fr, ikke 13., 17., 24. Mai">
    <stop departure="10:50" routeNo="90">Sletten (Bergen)</stop>
    <stop arrival="10:52" departure="10:52">Johan Hjorts vei</stop>
    <stop arrival="10:53" departure="10:53">Bergenshallen</stop>
    <stop arrival="10:54" departure="10:54">Sletten Shoppingsenter</stop>
    <stop arrival="10:55" departure="10:55">Fageråsen</stop>
    <stop arrival="10:56" departure="10:56">Hagerups vei</stop>
    <stop arrival="10:57" departure="10:57">Natlandsv. v/Hagerupsvei</stop>
    <stop arrival="10:58" departure="10:58">Langhaugen</stop>
    <stop arrival="10:59" departure="10:59">Fridalen</stop>
    <stop arrival="11:00" departure="11:00">Haukelandsveien</stop>
    <stop arrival="11:02" departure="11:02">Ibsens gate /Haukeland sykehus</stop>
    <stop arrival="11:04" departure="11:04">Bjørnsons gate</stop>
    <stop arrival="11:08" departure="11:08">Årstad VGS</stop>
    <stop arrival="11:09" departure="11:09">Danmarksplass v/Forum kino</stop>
    <stop arrival="11:13" departure="11:13">Bergen Busstasjon</stop>
    <stop arrival="11:15" departure="11:15">Christies gate (Festplassen)</stop>
    <stop arrival="11:18" departure="11:18">Torget (Bergen)</stop>
    <stop arrival="11:19" departure="11:19">Bryggen</stop>
    <stop arrival="11:19" departure="11:19">Slottsgaten</stop>
    <stop arrival="11:20" departure="11:20">Bontelabo</stop>
    <stop arrival="11:21" departure="11:21">Skutevikstorget</stop>
    <stop arrival="11:21" departure="11:21">Sjøgaten</stop>
    <stop arrival="11:22" departure="11:22">Sandvikstorget</stop>
    <stop arrival="11:23" departure="11:23">Ludebryggen</stop>
    <stop arrival="11:23" departure="11:23">Munkebotten</stop>
    <stop arrival="11:25" departure="11:25">Nyhavnsvei (Gamle Bergen)</stop>
    <stop arrival="11:26" departure="11:26">Handelshøyskolen</stop>
    <stop arrival="11:28" departure="11:28">Eidsvåg</stop>
    <stop arrival="11:33" departure="11:33">Åsane terminal</stop>
    <stop arrival="11:34" departure="11:34">Åsane Brannstasjon</stop>
    <stop arrival="11:35" departure="11:35">Flatevad</stop>
    <stop arrival="11:36" departure="11:36">Spondalen</stop>
    <stop arrival="11:36" departure="11:36">Torvbakken</stop>
    <stop arrival="11:37" departure="11:37">Morvikbotn</stop>
    <stop arrival="11:38" departure="11:38">Viddalen</stop>
    <stop arrival="11:39" departure="11:39">Bakketoppen, Morvik</stop>
    <stop arrival="11:41" departure="11:41">Kollbudalen</stop>
    <stop arrival="11:42" departure="11:42">Saudalen</stop>
    <stop arrival="11:43" departure="11:43">Saudalskleivane</stop>
    <stop arrival="11:44" departure="11:44">Lokketodalen</stop>
    <stop arrival="11:45" departure="11:45">Slettestølen</stop>
    <stop arrival="11:46" departure="11:46">Marikollen</stop>
    <stop arrival="11:47" departure="11:47">Toppe</stop>
    <stop arrival="11:48">Støbotn snuplass</stop>
  </route>
  <route no="90" destination="Sletten (Bergen)" url="http://www.web2051.no/bin/tp/zuginfo.exe/on/234927/83228/75650/40487/1/" trafficDays="kjører Ma - Fr, ikke 13., 17., 24. Mai">
    <stop departure="10:00" routeNo="90">Støbotn snuplass</stop>
    <stop arrival="10:01" departure="10:01">Toppe</stop>
    <stop arrival="10:02" departure="10:02">Marikollen</stop>
    <stop arrival="10:02" departure="10:02">Slettestølen</stop>
    <stop arrival="10:03" departure="10:03">Lokketodalen</stop>
    <stop arrival="10:04" departure="10:04">Saudalskleivane</stop>
    <stop arrival="10:06" departure="10:06">Kollbudalen</stop>
    <stop arrival="10:07" departure="10:07">Bakketoppen, Morvik</stop>
    <stop arrival="10:08" departure="10:08">Viddalen</stop>
    <stop arrival="10:10" departure="10:10">Morvikbotn</stop>
    <stop arrival="10:11" departure="10:11">Torvbakken</stop>
    <stop arrival="10:12" departure="10:12">Spondalen</stop>
    <stop arrival="10:13" departure="10:13">Flatevad</stop>
    <stop arrival="10:14" departure="10:14">Åsane Brannstasjon</stop>
    <stop arrival="10:15" departure="10:15">Åsane terminal</stop>
    <stop arrival="10:20" departure="10:20">Eidsvåg</stop>
    <stop arrival="10:22" departure="10:22">Handelshøyskolen</stop>
    <stop arrival="10:24" departure="10:24">Nyhavnsvei (Gamle Bergen)</stop>
    <stop arrival="10:26" departure="10:26">Munkebotten</stop>
    <stop arrival="10:27" departure="10:27">Ludebryggen</stop>
    <stop arrival="10:28" departure="10:28">Sandvikstorget</stop>
    <stop arrival="10:30" departure="10:30">Skutevikstorget</stop>
    <stop arrival="10:31" departure="10:31">Bontelabo</stop>
    <stop arrival="10:32" departure="10:32">Slottsgaten</stop>
    <stop arrival="10:34" departure="10:34">Bryggen</stop>
    <stop arrival="10:35" departure="10:35">Olav Kyrres gate</stop>
    <stop arrival="10:40" departure="10:40">Bergen Busstasjon</stop>
    <stop arrival="10:46" departure="10:46">Danmarksplass/ Ibsens gt.</stop>
    <stop arrival="10:49" departure="10:49">Bjørnsons gate</stop>
    <stop arrival="10:52" departure="10:52">Haukelandsveien</stop>
    <stop arrival="10:53" departure="10:53">Fridalen</stop>
    <stop arrival="10:54" departure="10:54">Langhaugen</stop>
    <stop arrival="10:55" departure="10:55">Landåssvingen</stop>
    <stop arrival="10:56" departure="10:56">Hagerups vei</stop>
    <stop arrival="10:57" departure="10:57">Fageråsen</stop>
    <stop arrival="10:58" departure="10:58">Sletten Shoppingsenter</stop>
    <stop arrival="10:59" departure="10:59">Bergenshallen</stop>
    <stop arrival="11:00" departure="11:00">Johan Hjorts vei</stop>
    <stop arrival="11:02">Sletten (Bergen)</stop>
  </route>
</routes>
