<?xml version="1.0" encoding="UTF-8"?>
<routes>
  <route no="50" destination="Dolvik terminal" url="http://www.web2051.no/bin/tp/zuginfo.exe/on/334815/112417/551868/164330/1/" trafficDays="kjører Lø, ikke 1. Mai">
    <stop departure="9:00" routeNo="50">Åsane terminal</stop>
    <stop arrival="9:01" departure="9:01">Hesthaugen</stop>
    <stop arrival="9:01" departure="9:01">Stamskaret</stop>
    <stop arrival="9:02" departure="9:02">Tertneskrysset gamleveien</stop>
    <stop arrival="9:03" departure="9:03">Griggastemma</stop>
    <stop arrival="9:04" departure="9:04">Åstveitvegen</stop>
    <stop arrival="9:04" departure="9:04">Ervik øvre</stop>
    <stop arrival="9:05" departure="9:05">Ervik nedre (Sellesvingen)</stop>
    <stop arrival="9:06" departure="9:06">Selvikvegen</stop>
    <stop arrival="9:07" departure="9:07">Eidsvåg</stop>
    <stop arrival="9:09" departure="9:09">Handelshøyskolen</stop>
    <stop arrival="9:10" departure="9:10">Nyhavnsvei (Gamle Bergen)</stop>
    <stop arrival="9:12" departure="9:12">Munkebotten</stop>
    <stop arrival="9:13" departure="9:13">Ludebryggen</stop>
    <stop arrival="9:14" departure="9:14">Sandvikstorget</stop>
    <stop arrival="9:15" departure="9:15">Skutevikstorget</stop>
    <stop arrival="9:16" departure="9:16">Bontelabo</stop>
    <stop arrival="9:17" departure="9:17">Slottsgaten</stop>
    <stop arrival="9:18" departure="9:18">Bryggen</stop>
    <stop arrival="9:19" departure="9:19">Småstrandgaten</stop>
    <stop arrival="9:20" departure="9:20">Nygaten</stop>
    <stop arrival="9:21" departure="9:21">Statsporten (jernbanen)</stop>
    <stop arrival="9:24" departure="9:24">Kalfarlien</stop>
    <stop arrival="9:25" departure="9:25">Kalvedalsveien</stop>
    <stop arrival="9:26" departure="9:26">Svartediksveien</stop>
    <stop arrival="9:27" departure="9:27">Statsarkivet</stop>
    <stop arrival="9:28" departure="9:28">Haraldsplass sykehus</stop>
    <stop arrival="9:29" departure="9:29">Haukeland sykehus nord</stop>
    <stop arrival="9:29" departure="9:29">Haukeland sykehus sør</stop>
    <stop arrival="9:30" departure="9:30">Fridalen</stop>
    <stop arrival="9:30" departure="9:30">Langhaugen</stop>
    <stop arrival="9:31" departure="9:31">Landåssvingen</stop>
    <stop arrival="9:31" departure="9:31">Landåstorget</stop>
    <stop arrival="9:31" departure="9:31">Erleveien</stop>
    <stop arrival="9:32" departure="9:32">Wier-Jenssens vei</stop>
    <stop arrival="9:32" departure="9:32">Mannsverk</stop>
    <stop arrival="9:33" departure="9:33">Bolstad</stop>
    <stop arrival="9:34" departure="9:34">Hans Jægers vei</stop>
    <stop arrival="9:35" departure="9:35">Kolstibotn</stop>
    <stop arrival="9:36" departure="9:36">Knausen</stop>
    <stop arrival="9:37" departure="9:37">Birkelundstoppen</stop>
    <stop arrival="9:38" departure="9:38">Birkelundsbakken</stop>
    <stop arrival="9:38" departure="9:38">Natlandslien</stop>
    <stop arrival="9:38" departure="9:38">Stavkirken</stop>
    <stop arrival="9:39" departure="9:39">Paradis</stop>
    <stop arrival="9:40" departure="9:40">Tveiteråsskiftet</stop>
    <stop arrival="9:41" departure="9:41">Hopsbro</stop>
    <stop arrival="9:42" departure="9:42">Hopstangen</stop>
    <stop arrival="9:43" departure="9:43">Nesttun terminal</stop>
    <stop arrival="9:45" departure="9:45">Nesttun</stop>
    <stop arrival="9:48" departure="9:48">Skjoldskiftet</stop>
    <stop arrival="9:48" departure="9:48">Nesttunbrekka</stop>
    <stop arrival="9:49" departure="9:49">Mårdalen</stop>
    <stop arrival="9:49" departure="9:49">Skjoldhøgda</stop>
    <stop arrival="9:49" departure="9:49">Skjold skole</stop>
    <stop arrival="9:50" departure="9:50">Lagunen</stop>
    <stop arrival="9:51" departure="9:51">Rådal</stop>
    <stop arrival="9:52" departure="9:52">Meyerskiftet</stop>
    <stop arrival="9:56" departure="9:56">Håvardstun</stop>
    <stop arrival="9:57" departure="9:57">Statoil stasjon Sandsli</stop>
    <stop arrival="9:58" departure="9:58">Hydro Sandsli</stop>
    <stop arrival="9:59" departure="9:59">Petedalsheia</stop>
    <stop arrival="10:00" departure="10:00">Fanatorget</stop>
    <stop arrival="10:00" departure="10:00">Regnbueåsen</stop>
    <stop arrival="10:01">Dolvik terminal</stop>
  </route>
  <route no="30" destination="Birkelandskrysset Terminal" url="http://www.web2051.no/bin/tp/zuginfo.exe/on/467976/160303/220016/45986/1/" trafficDays="kjører Lø, ikke 1. Mai">
    <stop departure="9:35" routeNo="30">Bergen Busstasjon</stop>
    <stop arrival="9:40" departure="9:40">Olav Kyrres gate</stop>
    <stop arrival="9:41" departure="9:41">Møhlenpris v/ Industrihuset</stop>
    <stop arrival="9:42" departure="9:42">Gyldenpris</stop>
    <stop arrival="9:45" departure="9:45">Løvstakktunnelen</stop>
    <stop arrival="9:46" departure="9:46">Sikthaugen</stop>
    <stop arrival="9:46" departure="9:46">Hamregården</stop>
    <stop arrival="9:47" departure="9:47">Nebbeveien</stop>
    <stop arrival="9:47" departure="9:47">Løvås</stop>
    <stop arrival="9:48" departure="9:48">Oasen Terminal</stop>
    <stop arrival="9:49" departure="9:49">Skarphaugen</stop>
    <stop arrival="9:51" departure="9:51">Fyllingdsalsveien v/Shell</stop>
    <stop arrival="9:53" departure="9:53">Sandeide terminal</stop>
    <stop arrival="9:55" departure="9:55">Bjørgeveien</stop>
    <stop arrival="9:57" departure="9:57">Sementbroen</stop>
    <stop arrival="9:59" departure="9:59">Straume bro</stop>
    <stop arrival="10:00" departure="10:00">Søreide v/Hydrostasjonen</stop>
    <stop arrival="10:01" departure="10:01">Søreide skole</stop>
    <stop arrival="10:01" departure="10:01">Dolvik terminal</stop>
    <stop arrival="10:04" departure="10:04">Fanatorget</stop>
    <stop arrival="10:05" departure="10:05">Petedalsheia</stop>
    <stop arrival="10:05" departure="10:05">Hydro Sandsli</stop>
    <stop arrival="10:06" departure="10:06">Statoil (Sandsli)</stop>
    <stop arrival="10:07" departure="10:07">Sandsligården</stop>
    <stop arrival="10:08" departure="10:08">Sandslisnuplass</stop>
    <stop arrival="10:08" departure="10:08">Sandslislusen</stop>
    <stop arrival="10:09" departure="10:09">Birkelandsflaten</stop>
    <stop arrival="10:12" departure="10:12">Birkelandsflaten</stop>
    <stop arrival="10:15">Birkelandskrysset Terminal</stop>
  </route>
  <route no="30" destination="Birkelandskrysset Terminal" url="http://www.web2051.no/bin/tp/zuginfo.exe/on/363597/125545/469928/113767/1/" trafficDays="kjører Ma - Fr, ikke 13., 17., 24. Mai">
    <stop departure="9:35" routeNo="30">Bergen Busstasjon</stop>
    <stop arrival="9:40" departure="9:40">Olav Kyrres gate</stop>
    <stop arrival="9:42" departure="9:42">Møhlenpris v/ Industrihuset</stop>
    <stop arrival="9:43" departure="9:43">Gyldenpris</stop>
    <stop arrival="9:47" departure="9:47">Løvstakktunnelen</stop>
    <stop arrival="9:47" departure="9:47">Sikthaugen</stop>
    <stop arrival="9:48" departure="9:48">Hamregården</stop>
    <stop arrival="9:48" departure="9:48">Nebbeveien</stop>
    <stop arrival="9:49" departure="9:49">Løvås</stop>
    <stop arrival="9:50" departure="9:50">Oasen Terminal</stop>
    <stop arrival="9:50" departure="9:50">Skarphaugen</stop>
    <stop arrival="9:51" departure="9:51">Fyllingdsalsveien v/Shell</stop>
    <stop arrival="9:52" departure="9:52">Sandeide terminal</stop>
    <stop arrival="9:55" departure="9:55">Bjørgeveien</stop>
    <stop arrival="9:57" departure="9:57">Sementbroen</stop>
    <stop arrival="10:00" departure="10:00">Straume bro</stop>
    <stop arrival="10:02" departure="10:02">Søreide v/Hydrostasjonen</stop>
    <stop arrival="10:02" departure="10:02">Søreide skole</stop>
    <stop arrival="10:03" departure="10:03">Grimstadskiftet</stop>
    <stop arrival="10:03" departure="10:03">Dolvik terminal</stop>
    <stop arrival="10:03" departure="10:03">Skranevegen</stop>
    <stop arrival="10:04" departure="10:04">Regnbueåsen</stop>
    <stop arrival="10:05" departure="10:05">Fanatorget</stop>
    <stop arrival="10:06" departure="10:06">Petedalsheia</stop>
    <stop arrival="10:07" departure="10:07">Hydro Sandsli</stop>
    <stop arrival="10:08" departure="10:08">Statoil (Sandsli)</stop>
    <stop arrival="10:09" departure="10:09">Sandsligården</stop>
    <stop arrival="10:10" departure="10:10">Sandslisnuplass</stop>
    <stop arrival="10:10" departure="10:10">Sandslislusen</stop>
    <stop arrival="10:12" departure="10:12">Birkelandsflaten</stop>
    <stop arrival="10:16" departure="10:16">Birkelandsflaten</stop>
    <stop arrival="10:20">Birkelandskrysset Terminal</stop>
  </route>
  <route no="50" destination="Åsane terminal" url="http://www.web2051.no/bin/tp/zuginfo.exe/on/822630/275026/412666/67877/1/" trafficDays="kjører Lø, ikke 1. Mai">
    <stop departure="10:08" routeNo="50">Dolvik terminal</stop>
    <stop arrival="10:08" departure="10:08">Skranevegen</stop>
    <stop arrival="10:09" departure="10:09">Regnbueåsen</stop>
    <stop arrival="10:10" departure="10:10">Fanatorget</stop>
    <stop arrival="10:11" departure="10:11">Petedalsheia</stop>
    <stop arrival="10:12" departure="10:12">Hydro Sandsli</stop>
    <stop arrival="10:15" departure="10:15">Håvardstun</stop>
    <stop arrival="10:18" departure="10:18">Meyer</stop>
    <stop arrival="10:19" departure="10:19">Rådal</stop>
    <stop arrival="10:20" departure="10:20">Rådal ved Lagunen</stop>
    <stop arrival="10:23" departure="10:23">Skjold skole</stop>
    <stop arrival="10:25" departure="10:25">Mårdalen</stop>
    <stop arrival="10:26" departure="10:26">Nesttunbrekka</stop>
    <stop arrival="10:26" departure="10:26">Skjoldskiftet</stop>
    <stop arrival="10:27" departure="10:27">Nesttun</stop>
    <stop arrival="10:28" departure="10:28">Nesttun terminal</stop>
    <stop arrival="10:30" departure="10:30">Hopsbro</stop>
    <stop arrival="10:31" departure="10:31">Tveiteråsskiftet</stop>
    <stop arrival="10:32" departure="10:32">Paradis/50</stop>
    <stop arrival="10:34" departure="10:34">Stavkirken</stop>
    <stop arrival="10:35" departure="10:35">Natlandslien</stop>
    <stop arrival="10:36" departure="10:36">Birkelundsbakken</stop>
    <stop arrival="10:37" departure="10:37">Birkelundstoppen</stop>
    <stop arrival="10:38" departure="10:38">Knausen</stop>
    <stop arrival="10:38" departure="10:38">Kolstibotn</stop>
    <stop arrival="10:39" departure="10:39">H. Jægers vei</stop>
    <stop arrival="10:39" departure="10:39">Bolstad</stop>
    <stop arrival="10:40" departure="10:40">Mannsverk</stop>
    <stop arrival="10:40" departure="10:40">Wiers -Jenssens vei</stop>
    <stop arrival="10:41" departure="10:41">Erleveien</stop>
    <stop arrival="10:41" departure="10:41">Landåstorget</stop>
    <stop arrival="10:42" departure="10:42">Natlandsv. v/Hagerupsvei</stop>
    <stop arrival="10:42" departure="10:42">Langhaugen</stop>
    <stop arrival="10:43" departure="10:43">Fridalen</stop>
    <stop arrival="10:44" departure="10:44">Haukeland sykehus sør</stop>
    <stop arrival="10:45" departure="10:45">Haukeland sykehus nord</stop>
    <stop arrival="10:46" departure="10:46">Haraldsplass sykehus</stop>
    <stop arrival="10:47" departure="10:47">Haukeland skole</stop>
    <stop arrival="10:48" departure="10:48">Svartediksveien</stop>
    <stop arrival="10:49" departure="10:49">Kalvedalsveien</stop>
    <stop arrival="10:50" departure="10:50">Kalfarlien</stop>
    <stop arrival="10:52" departure="10:52">Stadsporten (jernbanen)</stop>
    <stop arrival="10:53" departure="10:53">Kong Oscars gate</stop>
    <stop arrival="10:54" departure="10:54">Allehelgensgate</stop>
    <stop arrival="10:54" departure="10:54">Torget (Bergen)</stop>
    <stop arrival="10:55" departure="10:55">Bryggen</stop>
    <stop arrival="10:56" departure="10:56">Slottsgaten</stop>
    <stop arrival="10:57" departure="10:57">Bontelabo</stop>
    <stop arrival="10:57" departure="10:57">Skutevikstorget</stop>
    <stop arrival="10:58" departure="10:58">Sjøgaten</stop>
    <stop arrival="10:58" departure="10:58">Sandvikstorget</stop>
    <stop arrival="10:59" departure="10:59">Ludebryggen</stop>
    <stop arrival="11:00" departure="11:00">Munkebotten</stop>
    <stop arrival="11:01" departure="11:01">Nyhavnsvei (Gamle Bergen)</stop>
    <stop arrival="11:02" departure="11:02">Handelshøyskolen</stop>
    <stop arrival="11:04" departure="11:04">Eidsvåg gamlevegen</stop>
    <stop arrival="11:05" departure="11:05">Selvikvegen</stop>
    <stop arrival="11:06" departure="11:06">Ervik nedre (Sellesvingen)</stop>
    <stop arrival="11:06" departure="11:06">Ervik øvre</stop>
    <stop arrival="11:07" departure="11:07">Åstveitvegen</stop>
    <stop arrival="11:08" departure="11:08">Griggastemma</stop>
    <stop arrival="11:09" departure="11:09">Tertneskrysset gamleveien</stop>
    <stop arrival="11:11" departure="11:11">Stamskaret</stop>
    <stop arrival="11:12" departure="11:12">Hesthaugen</stop>
    <stop arrival="11:14">Åsane terminal</stop>
  </route>
  <route no="50" destination="Åsane terminal" url="http://www.web2051.no/bin/tp/zuginfo.exe/on/822831/275120/961688/206568/1/" trafficDays="kjører Ma - Fr, ikke 13., 17., 24. Mai">
    <stop departure="10:08" routeNo="50">Dolvik terminal</stop>
    <stop arrival="10:08" departure="10:08">Skranevegen</stop>
    <stop arrival="10:09" departure="10:09">Regnbueåsen</stop>
    <stop arrival="10:10" departure="10:10">Fanatorget</stop>
    <stop arrival="10:11" departure="10:11">Petedalsheia</stop>
    <stop arrival="10:12" departure="10:12">Hydro Sandsli</stop>
    <stop arrival="10:15" departure="10:15">Håvardstun</stop>
    <stop arrival="10:18" departure="10:18">Meyer</stop>
    <stop arrival="10:19" departure="10:19">Rådal</stop>
    <stop arrival="10:20" departure="10:20">Rådal ved Lagunen</stop>
    <stop arrival="10:25" departure="10:25">Skjold skole</stop>
    <stop arrival="10:27" departure="10:27">Mårdalen</stop>
    <stop arrival="10:28" departure="10:28">Nesttunbrekka</stop>
    <stop arrival="10:28" departure="10:28">Skjoldskiftet</stop>
    <stop arrival="10:29" departure="10:29">Nesttun</stop>
    <stop arrival="10:30" departure="10:30">Nesttun terminal</stop>
    <stop arrival="10:32" departure="10:32">Hopsbro</stop>
    <stop arrival="10:34" departure="10:34">Tveiteråsskiftet</stop>
    <stop arrival="10:35" departure="10:35">Paradis/50</stop>
    <stop arrival="10:36" departure="10:36">Stavkirken</stop>
    <stop arrival="10:36" departure="10:36">Natlandslien</stop>
    <stop arrival="10:37" departure="10:37">Birkelundsbakken</stop>
    <stop arrival="10:37" departure="10:37">Birkelundstoppen</stop>
    <stop arrival="10:38" departure="10:38">Knausen</stop>
    <stop arrival="10:38" departure="10:38">Kolstibotn</stop>
    <stop arrival="10:39" departure="10:39">H. Jægers vei</stop>
    <stop arrival="10:39" departure="10:39">Bolstad</stop>
    <stop arrival="10:40" departure="10:40">Mannsverk</stop>
    <stop arrival="10:41" departure="10:41">Wiers -Jenssens vei</stop>
    <stop arrival="10:42" departure="10:42">Erleveien</stop>
    <stop arrival="10:42" departure="10:42">Landåstorget</stop>
    <stop arrival="10:44" departure="10:44">Natlandsv. v/Hagerupsvei</stop>
    <stop arrival="10:44" departure="10:44">Langhaugen</stop>
    <stop arrival="10:45" departure="10:45">Fridalen</stop>
    <stop arrival="10:47" departure="10:47">Haukeland sykehus sør</stop>
    <stop arrival="10:48" departure="10:48">Haukeland sykehus nord</stop>
    <stop arrival="10:49" departure="10:49">Haraldsplass sykehus</stop>
    <stop arrival="10:50" departure="10:50">Haukeland skole</stop>
    <stop arrival="10:51" departure="10:51">Svartediksveien</stop>
    <stop arrival="10:52" departure="10:52">Kalvedalsveien</stop>
    <stop arrival="10:53" departure="10:53">Kalfarlien</stop>
    <stop arrival="10:55" departure="10:55">Stadsporten (jernbanen)</stop>
    <stop arrival="10:56" departure="10:56">Kong Oscars gate</stop>
    <stop arrival="10:57" departure="10:57">Allehelgensgate</stop>
    <stop arrival="10:57" departure="10:57">Torget (Bergen)</stop>
    <stop arrival="10:58" departure="10:58">Bryggen</stop>
    <stop arrival="10:59" departure="10:59">Slottsgaten</stop>
    <stop arrival="11:00" departure="11:00">Bontelabo</stop>
    <stop arrival="11:00" departure="11:00">Skutevikstorget</stop>
    <stop arrival="11:01" departure="11:01">Sjøgaten</stop>
    <stop arrival="11:01" departure="11:01">Sandvikstorget</stop>
    <stop arrival="11:02" departure="11:02">Ludebryggen</stop>
    <stop arrival="11:03" departure="11:03">Munkebotten</stop>
    <stop arrival="11:04" departure="11:04">Nyhavnsvei (Gamle Bergen)</stop>
    <stop arrival="11:05" departure="11:05">Handelshøyskolen</stop>
    <stop arrival="11:07" departure="11:07">Eidsvåg gamlevegen</stop>
    <stop arrival="11:08" departure="11:08">Selvikvegen</stop>
    <stop arrival="11:09" departure="11:09">Ervik nedre (Sellesvingen)</stop>
    <stop arrival="11:09" departure="11:09">Ervik øvre</stop>
    <stop arrival="11:10" departure="11:10">Åstveitvegen</stop>
    <stop arrival="11:11" departure="11:11">Griggastemma</stop>
    <stop arrival="11:12" departure="11:12">Tertneskrysset gamleveien</stop>
    <stop arrival="11:16" departure="11:16">Stamskaret</stop>
    <stop arrival="11:17" departure="11:17">Hesthaugen</stop>
    <stop arrival="11:20">Åsane terminal</stop>
  </route>
  <route no="50" destination="Dolvik terminal" url="http://www.web2051.no/bin/tp/zuginfo.exe/on/385230/129260/231694/12563/1/" trafficDays="kjører Ma - Fr, ikke 13., 17., 24. Mai">
    <stop departure="9:10" routeNo="50">Åsane terminal</stop>
    <stop arrival="9:11" departure="9:11">Hesthaugen</stop>
    <stop arrival="9:12" departure="9:12">Stamskaret</stop>
    <stop arrival="9:13" departure="9:13">Tertneskrysset gamleveien</stop>
    <stop arrival="9:14" departure="9:14">Griggastemma</stop>
    <stop arrival="9:15" departure="9:15">Åstveitvegen</stop>
    <stop arrival="9:15" departure="9:15">Ervik øvre</stop>
    <stop arrival="9:16" departure="9:16">Ervik nedre (Sellesvingen)</stop>
    <stop arrival="9:17" departure="9:17">Selvikvegen</stop>
    <stop arrival="9:18" departure="9:18">Eidsvåg</stop>
    <stop arrival="9:20" departure="9:20">Handelshøyskolen</stop>
    <stop arrival="9:22" departure="9:22">Nyhavnsvei (Gamle Bergen)</stop>
    <stop arrival="9:24" departure="9:24">Munkebotten</stop>
    <stop arrival="9:25" departure="9:25">Ludebryggen</stop>
    <stop arrival="9:26" departure="9:26">Sandvikstorget</stop>
    <stop arrival="9:28" departure="9:28">Skutevikstorget</stop>
    <stop arrival="9:29" departure="9:29">Bontelabo</stop>
    <stop arrival="9:31" departure="9:31">Slottsgaten</stop>
    <stop arrival="9:32" departure="9:32">Bryggen</stop>
    <stop arrival="9:33" departure="9:33">Småstrandgaten</stop>
    <stop arrival="9:34" departure="9:34">Nygaten</stop>
    <stop arrival="9:35" departure="9:35">Statsporten (jernbanen)</stop>
    <stop arrival="9:38" departure="9:38">Kalfarlien</stop>
    <stop arrival="9:39" departure="9:39">Kalvedalsveien</stop>
    <stop arrival="9:40" departure="9:40">Svartediksveien</stop>
    <stop arrival="9:41" departure="9:41">Statsarkivet</stop>
    <stop arrival="9:42" departure="9:42">Haraldsplass sykehus</stop>
    <stop arrival="9:43" departure="9:43">Haukeland sykehus nord</stop>
    <stop arrival="9:44" departure="9:44">Haukeland sykehus sør</stop>
    <stop arrival="9:45" departure="9:45">Fridalen</stop>
    <stop arrival="9:45" departure="9:45">Langhaugen</stop>
    <stop arrival="9:46" departure="9:46">Landåssvingen</stop>
    <stop arrival="9:46" departure="9:46">Landåstorget</stop>
    <stop arrival="9:47" departure="9:47">Erleveien</stop>
    <stop arrival="9:47" departure="9:47">Wier-Jenssens vei</stop>
    <stop arrival="9:48" departure="9:48">Mannsverk</stop>
    <stop arrival="9:48" departure="9:48">Bolstad</stop>
    <stop arrival="9:49" departure="9:49">Hans Jægers vei</stop>
    <stop arrival="9:49" departure="9:49">Kolstibotn</stop>
    <stop arrival="9:49" departure="9:49">Knausen</stop>
    <stop arrival="9:50" departure="9:50">Birkelundstoppen</stop>
    <stop arrival="9:51" departure="9:51">Birkelundsbakken</stop>
    <stop arrival="9:51" departure="9:51">Natlandslien</stop>
    <stop arrival="9:52" departure="9:52">Stavkirken</stop>
    <stop arrival="9:53" departure="9:53">Paradis</stop>
    <stop arrival="9:54" departure="9:54">Tveiteråsskiftet</stop>
    <stop arrival="9:55" departure="9:55">Hopsbro</stop>
    <stop arrival="9:57" departure="9:57">Hopstangen</stop>
    <stop arrival="9:58" departure="9:58">Nesttun terminal</stop>
    <stop arrival="10:00" departure="10:00">Nesttun</stop>
    <stop arrival="10:03" departure="10:03">Skjoldskiftet</stop>
    <stop arrival="10:03" departure="10:03">Nesttunbrekka</stop>
    <stop arrival="10:04" departure="10:04">Mårdalen</stop>
    <stop arrival="10:04" departure="10:04">Skjoldhøgda</stop>
    <stop arrival="10:04" departure="10:04">Skjold skole</stop>
    <stop arrival="10:05" departure="10:05">Lagunen</stop>
    <stop arrival="10:06" departure="10:06">Rådal</stop>
    <stop arrival="10:07" departure="10:07">Meyerskiftet</stop>
    <stop arrival="10:11" departure="10:11">Håvardstun</stop>
    <stop arrival="10:12" departure="10:12">Statoil stasjon Sandsli</stop>
    <stop arrival="10:13" departure="10:13">Hydro Sandsli</stop>
    <stop arrival="10:14" departure="10:14">Petedalsheia</stop>
    <stop arrival="10:15" departure="10:15">Fanatorget</stop>
    <stop arrival="10:17">Dolvik terminal</stop>
  </route>
  <route no="30" destination="Bergen Busstasjon" url="http://www.web2051.no/bin/tp/zuginfo.exe/on/148311/53750/695682/298404/1/" trafficDays="kjører Lø, ikke 1. Mai">
    <stop departure="10:20" routeNo="30">Birkelandskrysset Terminal</stop>
    <stop arrival="10:22" departure="10:22">Birkelandsflaten</stop>
    <stop arrival="10:23" departure="10:23">Birkelandsflaten</stop>
    <stop arrival="10:23" departure="10:23">Sandslislusen</stop>
    <stop arrival="10:23" departure="10:23">Sandslisnuplass</stop>
    <stop arrival="10:24" departure="10:24">Sandsligården</stop>
    <stop arrival="10:25" departure="10:25">Statoil (Sandsli)</stop>
    <stop arrival="10:25" departure="10:25">Statoil stasjon Sandsli</stop>
    <stop arrival="10:26" departure="10:26">Hydro Sandsli</stop>
    <stop arrival="10:26" departure="10:26">Petedalsheia</stop>
    <stop arrival="10:27" departure="10:27">Fanatorget</stop>
    <stop arrival="10:31" departure="10:31">Dolvik terminal</stop>
    <stop arrival="10:31" departure="10:31">Dolvikbakken</stop>
    <stop arrival="10:32" departure="10:32">Søreide skole</stop>
    <stop arrival="10:33" departure="10:33">Søreide v/Hydrostasjonen</stop>
    <stop arrival="10:33" departure="10:33">Straume bro</stop>
    <stop arrival="10:33" departure="10:33">Bergen Motorbåtforening</stop>
    <stop arrival="10:34" departure="10:34">Sementbroen</stop>
    <stop arrival="10:35" departure="10:35">Sandeide terminal</stop>
    <stop arrival="10:38" departure="10:38">Fyllingsdalsveien v/Shell</stop>
    <stop arrival="10:42" departure="10:42">Skarphaugen</stop>
    <stop arrival="10:43" departure="10:43">Oasen Terminal</stop>
    <stop arrival="10:44" departure="10:44">Løvås</stop>
    <stop arrival="10:44" departure="10:44">Nebbeveien</stop>
    <stop arrival="10:44" departure="10:44">Hamregården</stop>
    <stop arrival="10:45" departure="10:45">Sikthaugen</stop>
    <stop arrival="10:48" departure="10:48">Gyldenpris</stop>
    <stop arrival="10:50" departure="10:50">Møhlenpris v/ Industrihuset</stop>
    <stop arrival="10:53" departure="10:53">Nygårdsgaten</stop>
    <stop arrival="10:58">Bergen Busstasjon</stop>
  </route>
  <route no="30" destination="Bergen Busstasjon" url="http://www.web2051.no/bin/tp/zuginfo.exe/on/883053/298700/531014/28846/1/" trafficDays="kjører Ma - Fr, ikke 13., 17., 24. Mai">
    <stop departure="10:20" routeNo="30">Birkelandskrysset Terminal</stop>
    <stop arrival="10:22" departure="10:22">Birkelandsflaten</stop>
    <stop arrival="10:23" departure="10:23">Birkelandsflaten</stop>
    <stop arrival="10:23" departure="10:23">Sandslislusen</stop>
    <stop arrival="10:23" departure="10:23">Sandslisnuplass</stop>
    <stop arrival="10:24" departure="10:24">Sandsligården</stop>
    <stop arrival="10:25" departure="10:25">Statoil (Sandsli)</stop>
    <stop arrival="10:25" departure="10:25">Statoil stasjon Sandsli</stop>
    <stop arrival="10:26" departure="10:26">Hydro Sandsli</stop>
    <stop arrival="10:26" departure="10:26">Petedalsheia</stop>
    <stop arrival="10:27" departure="10:27">Fanatorget</stop>
    <stop arrival="10:30" departure="10:30">Regnbueåsen</stop>
    <stop arrival="10:33" departure="10:33">Skranevegen</stop>
    <stop arrival="10:33" departure="10:33">Dolvik terminal</stop>
    <stop arrival="10:33" departure="10:33">Dolvikbakken</stop>
    <stop arrival="10:34" departure="10:34">Søreide skole</stop>
    <stop arrival="10:35" departure="10:35">Søreide v/Hydrostasjonen</stop>
    <stop arrival="10:36" departure="10:36">Straume bro</stop>
    <stop arrival="10:36" departure="10:36">Bergen Motorbåtforening</stop>
    <stop arrival="10:36" departure="10:36">Sementbroen</stop>
    <stop arrival="10:38" departure="10:38">Sandeide terminal</stop>
    <stop arrival="10:40" departure="10:40">Fyllingsdalsveien v/Shell</stop>
    <stop arrival="10:42" departure="10:42">Skarphaugen</stop>
    <stop arrival="10:43" departure="10:43">Oasen Terminal</stop>
    <stop arrival="10:44" departure="10:44">Løvås</stop>
    <stop arrival="10:45" departure="10:45">Nebbeveien</stop>
    <stop arrival="10:45" departure="10:45">Hamregården</stop>
    <stop arrival="10:46" departure="10:46">Sikthaugen</stop>
    <stop arrival="10:51" departure="10:51">Gyldenpris</stop>
    <stop arrival="10:53" departure="10:53">Møhlenpris v/ Industrihuset</stop>
    <stop arrival="10:56" departure="10:56">Nygårdsgaten</stop>
    <stop arrival="11:01">Bergen Busstasjon</stop>
  </route>
  <route no="30" destination="Birkelandskrysset Terminal" url="http://www.web2051.no/bin/tp/zuginfo.exe/on/848064/286984/787162/110895/1/" trafficDays="kjører Sø, også 1., 13., 17., 24. Mai">
    <stop departure="10:05" routeNo="30">Bergen Busstasjon</stop>
    <stop arrival="10:10" departure="10:10">Olav Kyrres gate</stop>
    <stop arrival="10:11" departure="10:11">Møhlenpris v/ Industrihuset</stop>
    <stop arrival="10:12" departure="10:12">Gyldenpris</stop>
    <stop arrival="10:15" departure="10:15">Løvstakktunnelen</stop>
    <stop arrival="10:16" departure="10:16">Sikthaugen</stop>
    <stop arrival="10:16" departure="10:16">Hamregården</stop>
    <stop arrival="10:17" departure="10:17">Nebbeveien</stop>
    <stop arrival="10:17" departure="10:17">Løvås</stop>
    <stop arrival="10:18" departure="10:18">Oasen Terminal</stop>
    <stop arrival="10:19" departure="10:19">Skarphaugen</stop>
    <stop arrival="10:21" departure="10:21">Fyllingdsalsveien v/Shell</stop>
    <stop arrival="10:23" departure="10:23">Sandeide terminal</stop>
    <stop arrival="10:25" departure="10:25">Bjørgeveien</stop>
    <stop arrival="10:27" departure="10:27">Sementbroen</stop>
    <stop arrival="10:29" departure="10:29">Straume bro</stop>
    <stop arrival="10:30" departure="10:30">Søreide v/Hydrostasjonen</stop>
    <stop arrival="10:31" departure="10:31">Dolvik terminal</stop>
    <stop arrival="10:34" departure="10:34">Fanatorget</stop>
    <stop arrival="10:35" departure="10:35">Petedalsheia</stop>
    <stop arrival="10:35" departure="10:35">Hydro Sandsli</stop>
    <stop arrival="10:36" departure="10:36">Statoil (Sandsli)</stop>
    <stop arrival="10:37" departure="10:37">Sandsligården</stop>
    <stop arrival="10:38" departure="10:38">Sandslisnuplass</stop>
    <stop arrival="10:38" departure="10:38">Sandslislusen</stop>
    <stop arrival="10:39" departure="10:39">Birkelandsflaten</stop>
    <stop arrival="10:42" departure="10:42">Birkelandsflaten</stop>
    <stop arrival="10:45">Birkelandskrysset Terminal</stop>
  </route>
  <route no="30" destination="Birkelandskrysset Terminal" url="http://www.web2051.no/bin/tp/zuginfo.exe/on/229437/80825/195794/21421/1/" trafficDays="kjører Ma - Fr, ikke 13., 17., 24. Mai">
    <stop departure="10:05" routeNo="30">Bergen Busstasjon</stop>
    <stop arrival="10:10" departure="10:10">Olav Kyrres gate</stop>
    <stop arrival="10:12" departure="10:12">Møhlenpris v/ Industrihuset</stop>
    <stop arrival="10:13" departure="10:13">Gyldenpris</stop>
    <stop arrival="10:17" departure="10:17">Løvstakktunnelen</stop>
    <stop arrival="10:17" departure="10:17">Sikthaugen</stop>
    <stop arrival="10:18" departure="10:18">Hamregården</stop>
    <stop arrival="10:18" departure="10:18">Nebbeveien</stop>
    <stop arrival="10:19" departure="10:19">Løvås</stop>
    <stop arrival="10:20" departure="10:20">Oasen Terminal</stop>
    <stop arrival="10:20" departure="10:20">Skarphaugen</stop>
    <stop arrival="10:21" departure="10:21">Fyllingdsalsveien v/Shell</stop>
    <stop arrival="10:22" departure="10:22">Sandeide terminal</stop>
    <stop arrival="10:25" departure="10:25">Bjørgeveien</stop>
    <stop arrival="10:27" departure="10:27">Sementbroen</stop>
    <stop arrival="10:30" departure="10:30">Straume bro</stop>
    <stop arrival="10:32" departure="10:32">Søreide v/Hydrostasjonen</stop>
    <stop arrival="10:32" departure="10:32">Søreide skole</stop>
    <stop arrival="10:33" departure="10:33">Grimstadskiftet</stop>
    <stop arrival="10:33" departure="10:33">Dolvik terminal</stop>
    <stop arrival="10:33" departure="10:33">Skranevegen</stop>
    <stop arrival="10:34" departure="10:34">Regnbueåsen</stop>
    <stop arrival="10:35" departure="10:35">Fanatorget</stop>
    <stop arrival="10:36" departure="10:36">Petedalsheia</stop>
    <stop arrival="10:37" departure="10:37">Hydro Sandsli</stop>
    <stop arrival="10:38" departure="10:38">Statoil (Sandsli)</stop>
    <stop arrival="10:39" departure="10:39">Sandsligården</stop>
    <stop arrival="10:40" departure="10:40">Sandslisnuplass</stop>
    <stop arrival="10:40" departure="10:40">Sandslislusen</stop>
    <stop arrival="10:42" departure="10:42">Birkelandsflaten</stop>
    <stop arrival="10:46" departure="10:46">Birkelandsflaten</stop>
    <stop arrival="10:50">Birkelandskrysset Terminal</stop>
  </route>
  <route no="50" destination="Åsane terminal" url="http://www.web2051.no/bin/tp/zuginfo.exe/on/187956/63470/96348/14478/1/" trafficDays="kjører Lø, ikke 1. Mai">
    <stop departure="10:38" routeNo="50">Dolvik terminal</stop>
    <stop arrival="10:38" departure="10:38">Skranevegen</stop>
    <stop arrival="10:39" departure="10:39">Regnbueåsen</stop>
    <stop arrival="10:40" departure="10:40">Fanatorget</stop>
    <stop arrival="10:41" departure="10:41">Petedalsheia</stop>
    <stop arrival="10:42" departure="10:42">Hydro Sandsli</stop>
    <stop arrival="10:45" departure="10:45">Håvardstun</stop>
    <stop arrival="10:48" departure="10:48">Meyer</stop>
    <stop arrival="10:49" departure="10:49">Rådal</stop>
    <stop arrival="10:50" departure="10:50">Rådal ved Lagunen</stop>
    <stop arrival="10:53" departure="10:53">Skjold skole</stop>
    <stop arrival="10:55" departure="10:55">Mårdalen</stop>
    <stop arrival="10:56" departure="10:56">Nesttunbrekka</stop>
    <stop arrival="10:56" departure="10:56">Skjoldskiftet</stop>
    <stop arrival="10:57" departure="10:57">Nesttun</stop>
    <stop arrival="10:58" departure="10:58">Nesttun terminal</stop>
    <stop arrival="11:00" departure="11:00">Hopsbro</stop>
    <stop arrival="11:02" departure="11:02">Tveiteråsskiftet</stop>
    <stop arrival="11:03" departure="11:03">Paradis/50</stop>
    <stop arrival="11:05" departure="11:05">Stavkirken</stop>
    <stop arrival="11:06" departure="11:06">Natlandslien</stop>
    <stop arrival="11:07" departure="11:07">Birkelundsbakken</stop>
    <stop arrival="11:08" departure="11:08">Birkelundstoppen</stop>
    <stop arrival="11:09" departure="11:09">Knausen</stop>
    <stop arrival="11:09" departure="11:09">Kolstibotn</stop>
    <stop arrival="11:10" departure="11:10">H. Jægers vei</stop>
    <stop arrival="11:10" departure="11:10">Bolstad</stop>
    <stop arrival="11:11" departure="11:11">Mannsverk</stop>
    <stop arrival="11:11" departure="11:11">Wiers -Jenssens vei</stop>
    <stop arrival="11:12" departure="11:12">Erleveien</stop>
    <stop arrival="11:12" departure="11:12">Landåstorget</stop>
    <stop arrival="11:13" departure="11:13">Natlandsv. v/Hagerupsvei</stop>
    <stop arrival="11:13" departure="11:13">Langhaugen</stop>
    <stop arrival="11:14" departure="11:14">Fridalen</stop>
    <stop arrival="11:15" departure="11:15">Haukeland sykehus sør</stop>
    <stop arrival="11:16" departure="11:16">Haukeland sykehus nord</stop>
    <stop arrival="11:17" departure="11:17">Haraldsplass sykehus</stop>
    <stop arrival="11:18" departure="11:18">Haukeland skole</stop>
    <stop arrival="11:19" departure="11:19">Svartediksveien</stop>
    <stop arrival="11:20" departure="11:20">Kalvedalsveien</stop>
    <stop arrival="11:21" departure="11:21">Kalfarlien</stop>
    <stop arrival="11:23" departure="11:23">Stadsporten (jernbanen)</stop>
    <stop arrival="11:24" departure="11:24">Kong Oscars gate</stop>
    <stop arrival="11:25" departure="11:25">Allehelgensgate</stop>
    <stop arrival="11:25" departure="11:25">Torget (Bergen)</stop>
    <stop arrival="11:26" departure="11:26">Bryggen</stop>
    <stop arrival="11:27" departure="11:27">Slottsgaten</stop>
    <stop arrival="11:28" departure="11:28">Bontelabo</stop>
    <stop arrival="11:28" departure="11:28">Skutevikstorget</stop>
    <stop arrival="11:29" departure="11:29">Sjøgaten</stop>
    <stop arrival="11:29" departure="11:29">Sandvikstorget</stop>
    <stop arrival="11:30" departure="11:30">Ludebryggen</stop>
    <stop arrival="11:31" departure="11:31">Munkebotten</stop>
    <stop arrival="11:32" departure="11:32">Nyhavnsvei (Gamle Bergen)</stop>
    <stop arrival="11:33" departure="11:33">Handelshøyskolen</stop>
    <stop arrival="11:35" departure="11:35">Eidsvåg gamlevegen</stop>
    <stop arrival="11:36" departure="11:36">Selvikvegen</stop>
    <stop arrival="11:37" departure="11:37">Ervik nedre (Sellesvingen)</stop>
    <stop arrival="11:37" departure="11:37">Ervik øvre</stop>
    <stop arrival="11:38" departure="11:38">Åstveitvegen</stop>
    <stop arrival="11:39" departure="11:39">Griggastemma</stop>
    <stop arrival="11:40" departure="11:40">Tertneskrysset gamleveien</stop>
    <stop arrival="11:42" departure="11:42">Stamskaret</stop>
    <stop arrival="11:43" departure="11:43">Hesthaugen</stop>
    <stop arrival="11:45">Åsane terminal</stop>
  </route>
  <route no="50" destination="Åsane terminal" url="http://www.web2051.no/bin/tp/zuginfo.exe/on/371820/124791/765088/258605/1/" trafficDays="kjører Ma - Fr, ikke 13., 17., 24. Mai">
    <stop departure="10:38" routeNo="50">Dolvik terminal</stop>
    <stop arrival="10:38" departure="10:38">Skranevegen</stop>
    <stop arrival="10:39" departure="10:39">Regnbueåsen</stop>
    <stop arrival="10:40" departure="10:40">Fanatorget</stop>
    <stop arrival="10:41" departure="10:41">Petedalsheia</stop>
    <stop arrival="10:42" departure="10:42">Hydro Sandsli</stop>
    <stop arrival="10:45" departure="10:45">Håvardstun</stop>
    <stop arrival="10:48" departure="10:48">Meyer</stop>
    <stop arrival="10:49" departure="10:49">Rådal</stop>
    <stop arrival="10:50" departure="10:50">Rådal ved Lagunen</stop>
    <stop arrival="10:55" departure="10:55">Skjold skole</stop>
    <stop arrival="10:57" departure="10:57">Mårdalen</stop>
    <stop arrival="10:58" departure="10:58">Nesttunbrekka</stop>
    <stop arrival="10:58" departure="10:58">Skjoldskiftet</stop>
    <stop arrival="10:59" departure="10:59">Nesttun</stop>
    <stop arrival="11:00" departure="11:00">Nesttun terminal</stop>
    <stop arrival="11:02" departure="11:02">Hopsbro</stop>
    <stop arrival="11:04" departure="11:04">Tveiteråsskiftet</stop>
    <stop arrival="11:05" departure="11:05">Paradis/50</stop>
    <stop arrival="11:06" departure="11:06">Stavkirken</stop>
    <stop arrival="11:06" departure="11:06">Natlandslien</stop>
    <stop arrival="11:07" departure="11:07">Birkelundsbakken</stop>
    <stop arrival="11:07" departure="11:07">Birkelundstoppen</stop>
    <stop arrival="11:08" departure="11:08">Knausen</stop>
    <stop arrival="11:08" departure="11:08">Kolstibotn</stop>
    <stop arrival="11:09" departure="11:09">H. Jægers vei</stop>
    <stop arrival="11:09" departure="11:09">Bolstad</stop>
    <stop arrival="11:10" departure="11:10">Mannsverk</stop>
    <stop arrival="11:11" departure="11:11">Wiers -Jenssens vei</stop>
    <stop arrival="11:12" departure="11:12">Erleveien</stop>
    <stop arrival="11:12" departure="11:12">Landåstorget</stop>
    <stop arrival="11:14" departure="11:14">Natlandsv. v/Hagerupsvei</stop>
    <stop arrival="11:14" departure="11:14">Langhaugen</stop>
    <stop arrival="11:15" departure="11:15">Fridalen</stop>
    <stop arrival="11:17" departure="11:17">Haukeland sykehus sør</stop>
    <stop arrival="11:18" departure="11:18">Haukeland sykehus nord</stop>
    <stop arrival="11:19" departure="11:19">Haraldsplass sykehus</stop>
    <stop arrival="11:20" departure="11:20">Haukeland skole</stop>
    <stop arrival="11:21" departure="11:21">Svartediksveien</stop>
    <stop arrival="11:22" departure="11:22">Kalvedalsveien</stop>
    <stop arrival="11:23" departure="11:23">Kalfarlien</stop>
    <stop arrival="11:25" departure="11:25">Stadsporten (jernbanen)</stop>
    <stop arrival="11:26" departure="11:26">Kong Oscars gate</stop>
    <stop arrival="11:27" departure="11:27">Allehelgensgate</stop>
    <stop arrival="11:27" departure="11:27">Torget (Bergen)</stop>
    <stop arrival="11:28" departure="11:28">Bryggen</stop>
    <stop arrival="11:29" departure="11:29">Slottsgaten</stop>
    <stop arrival="11:30" departure="11:30">Bontelabo</stop>
    <stop arrival="11:30" departure="11:30">Skutevikstorget</stop>
    <stop arrival="11:31" departure="11:31">Sjøgaten</stop>
    <stop arrival="11:31" departure="11:31">Sandvikstorget</stop>
    <stop arrival="11:32" departure="11:32">Ludebryggen</stop>
    <stop arrival="11:33" departure="11:33">Munkebotten</stop>
    <stop arrival="11:34" departure="11:34">Nyhavnsvei (Gamle Bergen)</stop>
    <stop arrival="11:35" departure="11:35">Handelshøyskolen</stop>
    <stop arrival="11:37" departure="11:37">Eidsvåg gamlevegen</stop>
    <stop arrival="11:38" departure="11:38">Selvikvegen</stop>
    <stop arrival="11:39" departure="11:39">Ervik nedre (Sellesvingen)</stop>
    <stop arrival="11:39" departure="11:39">Ervik øvre</stop>
    <stop arrival="11:40" departure="11:40">Åstveitvegen</stop>
    <stop arrival="11:41" departure="11:41">Griggastemma</stop>
    <stop arrival="11:42" departure="11:42">Tertneskrysset gamleveien</stop>
    <stop arrival="11:44" departure="11:44">Stamskaret</stop>
    <stop arrival="11:45" departure="11:45">Hesthaugen</stop>
    <stop arrival="11:46">Åsane terminal</stop>
  </route>
  <route no="50" destination="Dolvik terminal" url="http://www.web2051.no/bin/tp/zuginfo.exe/on/942918/315152/197694/215460/1/" trafficDays="kjører Ma - Fr, ikke 13., 17., 24. Mai">
    <stop departure="9:40" routeNo="50">Åsane terminal</stop>
    <stop arrival="9:41" departure="9:41">Hesthaugen</stop>
    <stop arrival="9:42" departure="9:42">Stamskaret</stop>
    <stop arrival="9:43" departure="9:43">Tertneskrysset gamleveien</stop>
    <stop arrival="9:44" departure="9:44">Griggastemma</stop>
    <stop arrival="9:45" departure="9:45">Åstveitvegen</stop>
    <stop arrival="9:45" departure="9:45">Ervik øvre</stop>
    <stop arrival="9:46" departure="9:46">Ervik nedre (Sellesvingen)</stop>
    <stop arrival="9:47" departure="9:47">Selvikvegen</stop>
    <stop arrival="9:48" departure="9:48">Eidsvåg</stop>
    <stop arrival="9:50" departure="9:50">Handelshøyskolen</stop>
    <stop arrival="9:52" departure="9:52">Nyhavnsvei (Gamle Bergen)</stop>
    <stop arrival="9:54" departure="9:54">Munkebotten</stop>
    <stop arrival="9:55" departure="9:55">Ludebryggen</stop>
    <stop arrival="9:56" departure="9:56">Sandvikstorget</stop>
    <stop arrival="9:58" departure="9:58">Skutevikstorget</stop>
    <stop arrival="9:59" departure="9:59">Bontelabo</stop>
    <stop arrival="10:01" departure="10:01">Slottsgaten</stop>
    <stop arrival="10:02" departure="10:02">Bryggen</stop>
    <stop arrival="10:03" departure="10:03">Småstrandgaten</stop>
    <stop arrival="10:04" departure="10:04">Nygaten</stop>
    <stop arrival="10:05" departure="10:05">Statsporten (jernbanen)</stop>
    <stop arrival="10:08" departure="10:08">Kalfarlien</stop>
    <stop arrival="10:09" departure="10:09">Kalvedalsveien</stop>
    <stop arrival="10:10" departure="10:10">Svartediksveien</stop>
    <stop arrival="10:11" departure="10:11">Statsarkivet</stop>
    <stop arrival="10:12" departure="10:12">Haraldsplass sykehus</stop>
    <stop arrival="10:13" departure="10:13">Haukeland sykehus nord</stop>
    <stop arrival="10:14" departure="10:14">Haukeland sykehus sør</stop>
    <stop arrival="10:15" departure="10:15">Fridalen</stop>
    <stop arrival="10:15" departure="10:15">Langhaugen</stop>
    <stop arrival="10:16" departure="10:16">Landåssvingen</stop>
    <stop arrival="10:16" departure="10:16">Landåstorget</stop>
    <stop arrival="10:17" departure="10:17">Erleveien</stop>
    <stop arrival="10:17" departure="10:17">Wier-Jenssens vei</stop>
    <stop arrival="10:18" departure="10:18">Mannsverk</stop>
    <stop arrival="10:18" departure="10:18">Bolstad</stop>
    <stop arrival="10:19" departure="10:19">Hans Jægers vei</stop>
    <stop arrival="10:19" departure="10:19">Kolstibotn</stop>
    <stop arrival="10:19" departure="10:19">Knausen</stop>
    <stop arrival="10:20" departure="10:20">Birkelundstoppen</stop>
    <stop arrival="10:21" departure="10:21">Birkelundsbakken</stop>
    <stop arrival="10:21" departure="10:21">Natlandslien</stop>
    <stop arrival="10:22" departure="10:22">Stavkirken</stop>
    <stop arrival="10:23" departure="10:23">Paradis</stop>
    <stop arrival="10:24" departure="10:24">Tveiteråsskiftet</stop>
    <stop arrival="10:25" departure="10:25">Hopsbro</stop>
    <stop arrival="10:27" departure="10:27">Hopstangen</stop>
    <stop arrival="10:28" departure="10:28">Nesttun terminal</stop>
    <stop arrival="10:30" departure="10:30">Nesttun</stop>
    <stop arrival="10:33" departure="10:33">Skjoldskiftet</stop>
    <stop arrival="10:33" departure="10:33">Nesttunbrekka</stop>
    <stop arrival="10:34" departure="10:34">Mårdalen</stop>
    <stop arrival="10:34" departure="10:34">Skjoldhøgda</stop>
    <stop arrival="10:34" departure="10:34">Skjold skole</stop>
    <stop arrival="10:35" departure="10:35">Lagunen</stop>
    <stop arrival="10:36" departure="10:36">Rådal</stop>
    <stop arrival="10:37" departure="10:37">Meyerskiftet</stop>
    <stop arrival="10:41" departure="10:41">Håvardstun</stop>
    <stop arrival="10:42" departure="10:42">Statoil stasjon Sandsli</stop>
    <stop arrival="10:43" departure="10:43">Hydro Sandsli</stop>
    <stop arrival="10:44" departure="10:44">Petedalsheia</stop>
    <stop arrival="10:45" departure="10:45">Fanatorget</stop>
    <stop arrival="10:50">Dolvik terminal</stop>
  </route>
  <route no="30" destination="Bergen Busstasjon" url="http://www.web2051.no/bin/tp/zuginfo.exe/on/724455/245834/67846/207565/1/" trafficDays="kjører Ma - Fr, ikke 13., 17., 24. Mai">
    <stop departure="10:50" routeNo="30">Birkelandskrysset Terminal</stop>
    <stop arrival="10:52" departure="10:52">Birkelandsflaten</stop>
    <stop arrival="10:53" departure="10:53">Birkelandsflaten</stop>
    <stop arrival="10:53" departure="10:53">Sandslislusen</stop>
    <stop arrival="10:53" departure="10:53">Sandslisnuplass</stop>
    <stop arrival="10:54" departure="10:54">Sandsligården</stop>
    <stop arrival="10:55" departure="10:55">Statoil (Sandsli)</stop>
    <stop arrival="10:55" departure="10:55">Statoil stasjon Sandsli</stop>
    <stop arrival="10:56" departure="10:56">Hydro Sandsli</stop>
    <stop arrival="10:56" departure="10:56">Petedalsheia</stop>
    <stop arrival="10:57" departure="10:57">Fanatorget</stop>
    <stop arrival="11:00" departure="11:00">Regnbueåsen</stop>
    <stop arrival="11:03" departure="11:03">Skranevegen</stop>
    <stop arrival="11:03" departure="11:03">Dolvik terminal</stop>
    <stop arrival="11:03" departure="11:03">Dolvikbakken</stop>
    <stop arrival="11:04" departure="11:04">Søreide skole</stop>
    <stop arrival="11:05" departure="11:05">Søreide v/Hydrostasjonen</stop>
    <stop arrival="11:06" departure="11:06">Straume bro</stop>
    <stop arrival="11:06" departure="11:06">Bergen Motorbåtforening</stop>
    <stop arrival="11:06" departure="11:06">Sementbroen</stop>
    <stop arrival="11:08" departure="11:08">Sandeide terminal</stop>
    <stop arrival="11:10" departure="11:10">Fyllingsdalsveien v/Shell</stop>
    <stop arrival="11:12" departure="11:12">Skarphaugen</stop>
    <stop arrival="11:13" departure="11:13">Oasen Terminal</stop>
    <stop arrival="11:14" departure="11:14">Løvås</stop>
    <stop arrival="11:15" departure="11:15">Nebbeveien</stop>
    <stop arrival="11:15" departure="11:15">Hamregården</stop>
    <stop arrival="11:16" departure="11:16">Sikthaugen</stop>
    <stop arrival="11:21" departure="11:21">Gyldenpris</stop>
    <stop arrival="11:23" departure="11:23">Møhlenpris v/ Industrihuset</stop>
    <stop arrival="11:26" departure="11:26">Nygårdsgaten</stop>
    <stop arrival="11:31">Bergen Busstasjon</stop>
  </route>
  <route no="30" destination="Bergen Busstasjon" url="http://www.web2051.no/bin/tp/zuginfo.exe/on/521439/178111/903950/278162/1/" trafficDays="kjører Sø, også 1., 13., 17., 24. Mai">
    <stop departure="10:50" routeNo="30">Birkelandskrysset Terminal</stop>
    <stop arrival="10:51" departure="10:51">Birkelandsflaten</stop>
    <stop arrival="10:52" departure="10:52">Birkelandsflaten</stop>
    <stop arrival="10:53" departure="10:53">Sandslislusen</stop>
    <stop arrival="10:53" departure="10:53">Sandslisnuplass</stop>
    <stop arrival="10:54" departure="10:54">Sandsligården</stop>
    <stop arrival="10:55" departure="10:55">Statoil (Sandsli)</stop>
    <stop arrival="10:56" departure="10:56">Statoil stasjon Sandsli</stop>
    <stop arrival="10:57" departure="10:57">Hydro Sandsli</stop>
    <stop arrival="10:58" departure="10:58">Petedalsheia</stop>
    <stop arrival="10:59" departure="10:59">Fanatorget</stop>
    <stop arrival="11:03" departure="11:03">Dolvik terminal</stop>
    <stop arrival="11:04" departure="11:04">Søreide skole</stop>
    <stop arrival="11:05" departure="11:05">Søreide v/Hydrostasjonen</stop>
    <stop arrival="11:05" departure="11:05">Straume bro</stop>
    <stop arrival="11:05" departure="11:05">Bergen Motorbåtforening</stop>
    <stop arrival="11:06" departure="11:06">Sementbroen</stop>
    <stop arrival="11:07" departure="11:07">Sandeide terminal</stop>
    <stop arrival="11:09" departure="11:09">Fyllingsdalsveien v/Shell</stop>
    <stop arrival="11:11" departure="11:11">Skarphaugen</stop>
    <stop arrival="11:12" departure="11:12">Oasen Terminal</stop>
    <stop arrival="11:13" departure="11:13">Løvås</stop>
    <stop arrival="11:13" departure="11:13">Nebbeveien</stop>
    <stop arrival="11:13" departure="11:13">Hamregården</stop>
    <stop arrival="11:14" departure="11:14">Sikthaugen</stop>
    <stop arrival="11:17" departure="11:17">Gyldenpris</stop>
    <stop arrival="11:19" departure="11:19">Møhlenpris v/ Industrihuset</stop>
    <stop arrival="11:22" departure="11:22">Nygårdsgaten</stop>
    <stop arrival="11:27">Bergen Busstasjon</stop>
  </route>
  <route no="30" destination="Bergen Busstasjon" url="http://www.web2051.no/bin/tp/zuginfo.exe/on/357000/123314/602366/182183/1/" trafficDays="kjører Lø, ikke 1. Mai">
    <stop departure="10:50" routeNo="30">Birkelandskrysset Terminal</stop>
    <stop arrival="10:52" departure="10:52">Birkelandsflaten</stop>
    <stop arrival="10:53" departure="10:53">Birkelandsflaten</stop>
    <stop arrival="10:53" departure="10:53">Sandslislusen</stop>
    <stop arrival="10:53" departure="10:53">Sandslisnuplass</stop>
    <stop arrival="10:54" departure="10:54">Sandsligården</stop>
    <stop arrival="10:55" departure="10:55">Statoil (Sandsli)</stop>
    <stop arrival="10:56" departure="10:56">Statoil stasjon Sandsli</stop>
    <stop arrival="10:57" departure="10:57">Hydro Sandsli</stop>
    <stop arrival="10:58" departure="10:58">Petedalsheia</stop>
    <stop arrival="10:59" departure="10:59">Fanatorget</stop>
    <stop arrival="11:03" departure="11:03">Dolvik terminal</stop>
    <stop arrival="11:03" departure="11:03">Dolvikbakken</stop>
    <stop arrival="11:04" departure="11:04">Søreide skole</stop>
    <stop arrival="11:05" departure="11:05">Søreide v/Hydrostasjonen</stop>
    <stop arrival="11:05" departure="11:05">Straume bro</stop>
    <stop arrival="11:05" departure="11:05">Bergen Motorbåtforening</stop>
    <stop arrival="11:06" departure="11:06">Sementbroen</stop>
    <stop arrival="11:07" departure="11:07">Sandeide terminal</stop>
    <stop arrival="11:10" departure="11:10">Fyllingsdalsveien v/Shell</stop>
    <stop arrival="11:14" departure="11:14">Skarphaugen</stop>
    <stop arrival="11:15" departure="11:15">Oasen Terminal</stop>
    <stop arrival="11:16" departure="11:16">Løvås</stop>
    <stop arrival="11:16" departure="11:16">Nebbeveien</stop>
    <stop arrival="11:16" departure="11:16">Hamregården</stop>
    <stop arrival="11:17" departure="11:17">Sikthaugen</stop>
    <stop arrival="11:20" departure="11:20">Gyldenpris</stop>
    <stop arrival="11:22" departure="11:22">Møhlenpris v/ Industrihuset</stop>
    <stop arrival="11:25" departure="11:25">Nygårdsgaten</stop>
    <stop arrival="11:30">Bergen Busstasjon</stop>
  </route>
</routes>
