<?xml version="1.0" encoding="UTF-8"?>
<routes>
  <route no="620" destination="Bergen Busstasjon" url="http://www.web2051.no/bin/tp/zuginfo.exe/on/423195/146785/73166/104486/1/" trafficDays="kjører Lø, ikke 1. Mai">
    <stop departure="9:45" routeNo="620">Os - Osøyro</stop>
    <stop arrival="9:46" departure="9:46">Fjellheim</stop>
    <stop arrival="9:47" departure="9:47">Kuven</stop>
    <stop arrival="9:48" departure="9:48">Flåten (Os)</stop>
    <stop arrival="9:49" departure="9:49">Flåten Senter</stop>
    <stop arrival="9:50" departure="9:50">Tøsdalskiftet</stop>
    <stop arrival="9:50" departure="9:50">Ulvenskiftet</stop>
    <stop arrival="9:51" departure="9:51">Hetleflåten</stop>
    <stop arrival="9:52" departure="9:52">Helleflåttre</stop>
    <stop arrival="9:54" departure="9:54">Storestraumen</stop>
    <stop arrival="9:55" departure="9:55">Søfteland skule</stop>
    <stop arrival="9:56" departure="9:56">Søfteland</stop>
    <stop arrival="9:56" departure="9:56">Gåssandskiftet</stop>
    <stop arrival="9:57" departure="9:57">Tømmernes</stop>
    <stop arrival="9:58" departure="9:58">Røykenes (Os)</stop>
    <stop arrival="9:59" departure="9:59">Bahus</stop>
    <stop arrival="10:00" departure="10:00">Fløysand</stop>
    <stop arrival="10:00" departure="10:00">Kalandseid</stop>
    <stop arrival="10:01" departure="10:01">Austevoll (Fana)</stop>
    <stop arrival="10:02" departure="10:02">Kaland (Fana)</stop>
    <stop arrival="10:03" departure="10:03">Smådalen (Kaland i Fana)</stop>
    <stop arrival="10:03" departure="10:03">Kaland skole (Fana)</stop>
    <stop arrival="10:05" departure="10:05">Nedre Sandven</stop>
    <stop arrival="10:05" departure="10:05">Sandven</stop>
    <stop arrival="10:06" departure="10:06">Øvre Hatlestad</stop>
    <stop arrival="10:06" departure="10:06">Hatlestadlia</stop>
    <stop arrival="10:06" departure="10:06">Hatlestad terr.</stop>
    <stop arrival="10:07" departure="10:07">Valle (Fana)</stop>
    <stop arrival="10:08" departure="10:08">Kirkebirkeland</stop>
    <stop arrival="10:09" departure="10:09">Lilletvedt</stop>
    <stop arrival="10:10" departure="10:10">Bjørkåsen</stop>
    <stop arrival="10:10" departure="10:10">Elvenes vegkryss</stop>
    <stop arrival="10:11" departure="10:11">Skjoldskiftet</stop>
    <stop arrival="10:11" departure="10:11">Nesttun</stop>
    <stop arrival="10:12" departure="10:12">Nesttun terminal</stop>
    <stop arrival="10:13" departure="10:13">Hopsbro</stop>
    <stop arrival="10:14" departure="10:14">Tveiteråsskiftet</stop>
    <stop arrival="10:15" departure="10:15">Paradis</stop>
    <stop arrival="10:17" departure="10:17">Nydalen</stop>
    <stop arrival="10:18" departure="10:18">Fantoft</stop>
    <stop arrival="10:19" departure="10:19">Storetveit</stop>
    <stop arrival="10:19" departure="10:19">Elvebakken</stop>
    <stop arrival="10:20" departure="10:20">Minde</stop>
    <stop arrival="10:24" departure="10:24">Mindemyren</stop>
    <stop arrival="10:25" departure="10:25">Postterminalen</stop>
    <stop arrival="10:25" departure="10:25">Kanalveien v/LBK</stop>
    <stop arrival="10:27" departure="10:27">Danmarksplass v/Forum kino</stop>
    <stop arrival="10:31" departure="10:31">Bergen Busstasjon</stop>
    <stop arrival="10:34" departure="10:34">Christies gate (Festplassen)</stop>
    <stop arrival="10:39">Bergen Busstasjon</stop>
  </route>
  <route no="620" destination="Os - Osøyro" url="http://www.web2051.no/bin/tp/zuginfo.exe/on/870201/295846/2220/288957/1/" trafficDays="kjører Ma - Fr, ikke 13., 17., 24. Mai">
    <stop departure="9:30" routeNo="620">Bergen Busstasjon</stop>
    <stop arrival="9:33" departure="9:33">Danmarksplass</stop>
    <stop arrival="9:34" departure="9:34">Solheimsgaten</stop>
    <stop arrival="9:35" departure="9:35">Reperbanen</stop>
    <stop arrival="9:37" departure="9:37">Fjøsangerveien/ Minde Allè</stop>
    <stop arrival="9:38" departure="9:38">Minde</stop>
    <stop arrival="9:39" departure="9:39">Elvebakken</stop>
    <stop arrival="9:39" departure="9:39">Storetveit</stop>
    <stop arrival="9:39" departure="9:39">Fantoft</stop>
    <stop arrival="9:40" departure="9:40">Nydalen</stop>
    <stop arrival="9:41" departure="9:41">Paradis</stop>
    <stop arrival="9:42" departure="9:42">Tveiteråsskiftet</stop>
    <stop arrival="9:43" departure="9:43">Hopsbro</stop>
    <stop arrival="9:45" departure="9:45">Hopstangen</stop>
    <stop arrival="9:46" departure="9:46">Nesttun terminal</stop>
    <stop arrival="9:46" departure="9:46">Nesttun</stop>
    <stop arrival="9:47" departure="9:47">Skjoldskiftet</stop>
    <stop arrival="9:48" departure="9:48">Elvenes vegkryss</stop>
    <stop arrival="9:48" departure="9:48">Bjørkåsen</stop>
    <stop arrival="9:49" departure="9:49">Lilletvedt</stop>
    <stop arrival="9:50" departure="9:50">Kirkebirkeland</stop>
    <stop arrival="9:51" departure="9:51">Valle (Fana)</stop>
    <stop arrival="9:52" departure="9:52">Hatlestad terr.</stop>
    <stop arrival="9:54" departure="9:54">Øvre Hatlestad</stop>
    <stop arrival="9:56" departure="9:56">Sandven</stop>
    <stop arrival="9:57" departure="9:57">Nedre Sandven</stop>
    <stop arrival="9:58" departure="9:58">Kaland skole (Fana)</stop>
    <stop arrival="9:59" departure="9:59">Kaland (Fana)</stop>
    <stop arrival="10:00" departure="10:00">Austevoll (Fana)</stop>
    <stop arrival="10:01" departure="10:01">Kalandseid</stop>
    <stop arrival="10:01" departure="10:01">Fløysand</stop>
    <stop arrival="10:02" departure="10:02">Bahus</stop>
    <stop arrival="10:03" departure="10:03">Røykenes (Os)</stop>
    <stop arrival="10:04" departure="10:04">Tømmernes</stop>
    <stop arrival="10:05" departure="10:05">Gåssandskiftet</stop>
    <stop arrival="10:05" departure="10:05">Søfteland</stop>
    <stop arrival="10:06" departure="10:06">Søfteland skule</stop>
    <stop arrival="10:07" departure="10:07">Storestraumen</stop>
    <stop arrival="10:09" departure="10:09">Hetleflåttre</stop>
    <stop arrival="10:10" departure="10:10">Hetleflåten</stop>
    <stop arrival="10:11" departure="10:11">Ulvenskiftet</stop>
    <stop arrival="10:11" departure="10:11">Tøsdalskiftet</stop>
    <stop arrival="10:12" departure="10:12">Flåten Senter</stop>
    <stop arrival="10:13" departure="10:13">Flåten (Os)</stop>
    <stop arrival="10:14" departure="10:14">Kuven</stop>
    <stop arrival="10:15" departure="10:15">Fjellheim</stop>
    <stop arrival="10:16">Os - Osøyro</stop>
  </route>
  <route no="620" destination="Bergen Busstasjon" url="http://www.web2051.no/bin/tp/zuginfo.exe/on/43053/20129/243274/107288/1/" trafficDays="kjører Ma - Fr, ikke 13., 17., 24. Mai">
    <stop departure="9:55" routeNo="620">Os - Osøyro</stop>
    <stop arrival="9:56" departure="9:56">Fjellheim</stop>
    <stop arrival="9:57" departure="9:57">Kuven</stop>
    <stop arrival="9:58" departure="9:58">Flåten (Os)</stop>
    <stop arrival="9:59" departure="9:59">Flåten Senter</stop>
    <stop arrival="10:00" departure="10:00">Tøsdalskiftet</stop>
    <stop arrival="10:00" departure="10:00">Ulvenskiftet</stop>
    <stop arrival="10:01" departure="10:01">Hetleflåten</stop>
    <stop arrival="10:02" departure="10:02">Helleflåttre</stop>
    <stop arrival="10:04" departure="10:04">Storestraumen</stop>
    <stop arrival="10:05" departure="10:05">Søfteland skule</stop>
    <stop arrival="10:06" departure="10:06">Søfteland</stop>
    <stop arrival="10:06" departure="10:06">Gåssandskiftet</stop>
    <stop arrival="10:07" departure="10:07">Tømmernes</stop>
    <stop arrival="10:08" departure="10:08">Røykenes (Os)</stop>
    <stop arrival="10:09" departure="10:09">Bahus</stop>
    <stop arrival="10:10" departure="10:10">Fløysand</stop>
    <stop arrival="10:10" departure="10:10">Kalandseid</stop>
    <stop arrival="10:11" departure="10:11">Austevoll (Fana)</stop>
    <stop arrival="10:12" departure="10:12">Kaland (Fana)</stop>
    <stop arrival="10:13" departure="10:13">Smådalen (Kaland i Fana)</stop>
    <stop arrival="10:13" departure="10:13">Kaland skole (Fana)</stop>
    <stop arrival="10:15" departure="10:15">Nedre Sandven</stop>
    <stop arrival="10:15" departure="10:15">Sandven</stop>
    <stop arrival="10:16" departure="10:16">Øvre Hatlestad</stop>
    <stop arrival="10:17" departure="10:17">Hatlestadlia</stop>
    <stop arrival="10:18" departure="10:18">Hatlestad terr.</stop>
    <stop arrival="10:19" departure="10:19">Valle (Fana)</stop>
    <stop arrival="10:20" departure="10:20">Kirkebirkeland</stop>
    <stop arrival="10:21" departure="10:21">Lilletvedt</stop>
    <stop arrival="10:22" departure="10:22">Bjørkåsen</stop>
    <stop arrival="10:23" departure="10:23">Elvenes vegkryss</stop>
    <stop arrival="10:24" departure="10:24">Skjoldskiftet</stop>
    <stop arrival="10:24" departure="10:24">Nesttun</stop>
    <stop arrival="10:25" departure="10:25">Nesttun terminal</stop>
    <stop arrival="10:27" departure="10:27">Hopsbro</stop>
    <stop arrival="10:29" departure="10:29">Tveiteråsskiftet</stop>
    <stop arrival="10:30" departure="10:30">Paradis</stop>
    <stop arrival="10:32" departure="10:32">Nydalen</stop>
    <stop arrival="10:34" departure="10:34">Fantoft</stop>
    <stop arrival="10:35" departure="10:35">Storetveit</stop>
    <stop arrival="10:35" departure="10:35">Elvebakken</stop>
    <stop arrival="10:36" departure="10:36">Minde</stop>
    <stop arrival="10:39" departure="10:39">Mindemyren</stop>
    <stop arrival="10:40" departure="10:40">Postterminalen</stop>
    <stop arrival="10:41" departure="10:41">Kanalveien v/LBK</stop>
    <stop arrival="10:43" departure="10:43">Danmarksplass v/Forum kino</stop>
    <stop arrival="10:48" departure="10:48">Bergen Busstasjon</stop>
    <stop arrival="10:50" departure="10:50">Christies gate (Festplassen)</stop>
    <stop arrival="10:55">Bergen Busstasjon</stop>
  </route>
  <route no="620" destination="Os - Osøyro" url="http://www.web2051.no/bin/tp/zuginfo.exe/on/487440/168176/758528/216785/1/" trafficDays="kjører Sø, også 1., 13., 17., 24. Mai">
    <stop departure="9:45" routeNo="620">Olav Kyrres gate</stop>
    <stop arrival="9:50" departure="9:50">Bergen Busstasjon</stop>
    <stop arrival="9:53" departure="9:53">Danmarksplass</stop>
    <stop arrival="9:54" departure="9:54">Solheimsgaten</stop>
    <stop arrival="9:55" departure="9:55">Reperbanen</stop>
    <stop arrival="9:57" departure="9:57">Fjøsangerveien/ Minde Allè</stop>
    <stop arrival="9:58" departure="9:58">Minde</stop>
    <stop arrival="9:59" departure="9:59">Elvebakken</stop>
    <stop arrival="9:59" departure="9:59">Storetveit</stop>
    <stop arrival="9:59" departure="9:59">Fantoft</stop>
    <stop arrival="10:00" departure="10:00">Nydalen</stop>
    <stop arrival="10:01" departure="10:01">Paradis</stop>
    <stop arrival="10:02" departure="10:02">Tveiteråsskiftet</stop>
    <stop arrival="10:03" departure="10:03">Hopsbro</stop>
    <stop arrival="10:05" departure="10:05">Hopstangen</stop>
    <stop arrival="10:06" departure="10:06">Nesttun terminal</stop>
    <stop arrival="10:06" departure="10:06">Nesttun</stop>
    <stop arrival="10:07" departure="10:07">Skjoldskiftet</stop>
    <stop arrival="10:07" departure="10:07">Elvenes vegkryss</stop>
    <stop arrival="10:08" departure="10:08">Bjørkåsen</stop>
    <stop arrival="10:09" departure="10:09">Lilletvedt</stop>
    <stop arrival="10:09" departure="10:09">Kirkebirkeland</stop>
    <stop arrival="10:10" departure="10:10">Valle (Fana)</stop>
    <stop arrival="10:11" departure="10:11">Hatlestad terr.</stop>
    <stop arrival="10:12" departure="10:12">Øvre Hatlestad</stop>
    <stop arrival="10:13" departure="10:13">Sandven</stop>
    <stop arrival="10:14" departure="10:14">Nedre Sandven</stop>
    <stop arrival="10:15" departure="10:15">Kaland skole (Fana)</stop>
    <stop arrival="10:17" departure="10:17">Kaland (Fana)</stop>
    <stop arrival="10:18" departure="10:18">Austevoll (Fana)</stop>
    <stop arrival="10:19" departure="10:19">Kalandseid</stop>
    <stop arrival="10:19" departure="10:19">Fløysand</stop>
    <stop arrival="10:19" departure="10:19">Bahus</stop>
    <stop arrival="10:20" departure="10:20">Røykenes (Os)</stop>
    <stop arrival="10:20" departure="10:20">Tømmernes</stop>
    <stop arrival="10:21" departure="10:21">Gåssandskiftet</stop>
    <stop arrival="10:21" departure="10:21">Søfteland</stop>
    <stop arrival="10:21" departure="10:21">Søfteland skule</stop>
    <stop arrival="10:22" departure="10:22">Storestraumen</stop>
    <stop arrival="10:24" departure="10:24">Hetleflåttre</stop>
    <stop arrival="10:25" departure="10:25">Hetleflåten</stop>
    <stop arrival="10:26" departure="10:26">Ulvenskiftet</stop>
    <stop arrival="10:26" departure="10:26">Tøsdalskiftet</stop>
    <stop arrival="10:27" departure="10:27">Flåten Senter</stop>
    <stop arrival="10:28" departure="10:28">Flåten (Os)</stop>
    <stop arrival="10:29" departure="10:29">Kuven</stop>
    <stop arrival="10:30" departure="10:30">Fjellheim</stop>
    <stop arrival="10:31">Os - Osøyro</stop>
  </route>
  <route no="620" destination="Os - Osøyro" url="http://www.web2051.no/bin/tp/zuginfo.exe/on/62151/26483/491690/225129/1/" trafficDays="kjører Ma - Fr, ikke 13., 17., 24. Mai">
    <stop departure="9:50" routeNo="620">Bergen Busstasjon</stop>
    <stop arrival="9:53" departure="9:53">Danmarksplass</stop>
    <stop arrival="9:54" departure="9:54">Solheimsgaten</stop>
    <stop arrival="9:55" departure="9:55">Reperbanen</stop>
    <stop arrival="9:57" departure="9:57">Fjøsangerveien/ Minde Allè</stop>
    <stop arrival="9:58" departure="9:58">Minde</stop>
    <stop arrival="9:59" departure="9:59">Elvebakken</stop>
    <stop arrival="9:59" departure="9:59">Storetveit</stop>
    <stop arrival="9:59" departure="9:59">Fantoft</stop>
    <stop arrival="10:00" departure="10:00">Nydalen</stop>
    <stop arrival="10:01" departure="10:01">Paradis</stop>
    <stop arrival="10:02" departure="10:02">Tveiteråsskiftet</stop>
    <stop arrival="10:03" departure="10:03">Hopsbro</stop>
    <stop arrival="10:05" departure="10:05">Hopstangen</stop>
    <stop arrival="10:06" departure="10:06">Nesttun terminal</stop>
    <stop arrival="10:06" departure="10:06">Nesttun</stop>
    <stop arrival="10:07" departure="10:07">Skjoldskiftet</stop>
    <stop arrival="10:08" departure="10:08">Elvenes vegkryss</stop>
    <stop arrival="10:08" departure="10:08">Bjørkåsen</stop>
    <stop arrival="10:09" departure="10:09">Lilletvedt</stop>
    <stop arrival="10:10" departure="10:10">Kirkebirkeland</stop>
    <stop arrival="10:11" departure="10:11">Valle (Fana)</stop>
    <stop arrival="10:12" departure="10:12">Hatlestad terr.</stop>
    <stop arrival="10:14" departure="10:14">Øvre Hatlestad</stop>
    <stop arrival="10:16" departure="10:16">Sandven</stop>
    <stop arrival="10:17" departure="10:17">Nedre Sandven</stop>
    <stop arrival="10:18" departure="10:18">Kaland skole (Fana)</stop>
    <stop arrival="10:19" departure="10:19">Kaland (Fana)</stop>
    <stop arrival="10:20" departure="10:20">Austevoll (Fana)</stop>
    <stop arrival="10:21" departure="10:21">Kalandseid</stop>
    <stop arrival="10:21" departure="10:21">Fløysand</stop>
    <stop arrival="10:22" departure="10:22">Bahus</stop>
    <stop arrival="10:23" departure="10:23">Røykenes (Os)</stop>
    <stop arrival="10:24" departure="10:24">Tømmernes</stop>
    <stop arrival="10:25" departure="10:25">Gåssandskiftet</stop>
    <stop arrival="10:25" departure="10:25">Søfteland</stop>
    <stop arrival="10:26" departure="10:26">Søfteland skule</stop>
    <stop arrival="10:27" departure="10:27">Storestraumen</stop>
    <stop arrival="10:29" departure="10:29">Hetleflåttre</stop>
    <stop arrival="10:30" departure="10:30">Hetleflåten</stop>
    <stop arrival="10:31" departure="10:31">Ulvenskiftet</stop>
    <stop arrival="10:31" departure="10:31">Tøsdalskiftet</stop>
    <stop arrival="10:32" departure="10:32">Flåten Senter</stop>
    <stop arrival="10:33" departure="10:33">Flåten (Os)</stop>
    <stop arrival="10:34" departure="10:34">Kuven</stop>
    <stop arrival="10:35" departure="10:35">Fjellheim</stop>
    <stop arrival="10:36">Os - Osøyro</stop>
  </route>
  <route no="620" destination="Bergen Busstasjon" url="http://www.web2051.no/bin/tp/zuginfo.exe/on/347490/121527/553492/160916/1/" trafficDays="kjører Sø, også 1., 13., 17., 24. Mai">
    <stop departure="10:15" routeNo="620">Os - Osøyro</stop>
    <stop arrival="10:16" departure="10:16">Fjellheim</stop>
    <stop arrival="10:17" departure="10:17">Kuven</stop>
    <stop arrival="10:18" departure="10:18">Flåten (Os)</stop>
    <stop arrival="10:19" departure="10:19">Flåten Senter</stop>
    <stop arrival="10:20" departure="10:20">Tøsdalskiftet</stop>
    <stop arrival="10:20" departure="10:20">Ulvenskiftet</stop>
    <stop arrival="10:21" departure="10:21">Hetleflåten</stop>
    <stop arrival="10:22" departure="10:22">Helleflåttre</stop>
    <stop arrival="10:23" departure="10:23">Storestraumen</stop>
    <stop arrival="10:24" departure="10:24">Søfteland skule</stop>
    <stop arrival="10:25" departure="10:25">Søfteland</stop>
    <stop arrival="10:25" departure="10:25">Gåssandskiftet</stop>
    <stop arrival="10:26" departure="10:26">Tømmernes</stop>
    <stop arrival="10:26" departure="10:26">Røykenes (Os)</stop>
    <stop arrival="10:27" departure="10:27">Bahus</stop>
    <stop arrival="10:28" departure="10:28">Fløysand</stop>
    <stop arrival="10:28" departure="10:28">Kalandseid</stop>
    <stop arrival="10:29" departure="10:29">Austevoll (Fana)</stop>
    <stop arrival="10:30" departure="10:30">Kaland (Fana)</stop>
    <stop arrival="10:31" departure="10:31">Smådalen (Kaland i Fana)</stop>
    <stop arrival="10:31" departure="10:31">Kaland skole (Fana)</stop>
    <stop arrival="10:33" departure="10:33">Nedre Sandven</stop>
    <stop arrival="10:33" departure="10:33">Sandven</stop>
    <stop arrival="10:34" departure="10:34">Øvre Hatlestad</stop>
    <stop arrival="10:35" departure="10:35">Hatlestadlia</stop>
    <stop arrival="10:36" departure="10:36">Hatlestad terr.</stop>
    <stop arrival="10:37" departure="10:37">Valle (Fana)</stop>
    <stop arrival="10:38" departure="10:38">Kirkebirkeland</stop>
    <stop arrival="10:39" departure="10:39">Lilletvedt</stop>
    <stop arrival="10:40" departure="10:40">Bjørkåsen</stop>
    <stop arrival="10:41" departure="10:41">Elvenes vegkryss</stop>
    <stop arrival="10:42" departure="10:42">Skjoldskiftet</stop>
    <stop arrival="10:42" departure="10:42">Nesttun</stop>
    <stop arrival="10:43" departure="10:43">Nesttun terminal</stop>
    <stop arrival="10:45" departure="10:45">Hopsbro</stop>
    <stop arrival="10:47" departure="10:47">Tveiteråsskiftet</stop>
    <stop arrival="10:48" departure="10:48">Paradis</stop>
    <stop arrival="10:50" departure="10:50">Nydalen</stop>
    <stop arrival="10:52" departure="10:52">Fantoft</stop>
    <stop arrival="10:53" departure="10:53">Storetveit</stop>
    <stop arrival="10:53" departure="10:53">Elvebakken</stop>
    <stop arrival="10:54" departure="10:54">Minde</stop>
    <stop arrival="10:57" departure="10:57">Mindemyren</stop>
    <stop arrival="10:58" departure="10:58">Postterminalen</stop>
    <stop arrival="10:58" departure="10:58">Kanalveien v/LBK</stop>
    <stop arrival="11:00" departure="11:00">Danmarksplass v/Forum kino</stop>
    <stop arrival="11:05" departure="11:05">Bergen Busstasjon</stop>
    <stop arrival="11:08" departure="11:08">Christies gate (Festplassen)</stop>
    <stop arrival="11:13">Bergen Busstasjon</stop>
  </route>
  <route no="620" destination="Bergen Busstasjon" url="http://www.web2051.no/bin/tp/zuginfo.exe/on/888141/301772/866440/137173/1/" trafficDays="kjører Lø, ikke 1. Mai">
    <stop departure="10:15" routeNo="620">Os - Osøyro</stop>
    <stop arrival="10:16" departure="10:16">Fjellheim</stop>
    <stop arrival="10:17" departure="10:17">Kuven</stop>
    <stop arrival="10:18" departure="10:18">Flåten (Os)</stop>
    <stop arrival="10:19" departure="10:19">Flåten Senter</stop>
    <stop arrival="10:20" departure="10:20">Tøsdalskiftet</stop>
    <stop arrival="10:20" departure="10:20">Ulvenskiftet</stop>
    <stop arrival="10:21" departure="10:21">Hetleflåten</stop>
    <stop arrival="10:22" departure="10:22">Helleflåttre</stop>
    <stop arrival="10:24" departure="10:24">Storestraumen</stop>
    <stop arrival="10:25" departure="10:25">Søfteland skule</stop>
    <stop arrival="10:26" departure="10:26">Søfteland</stop>
    <stop arrival="10:26" departure="10:26">Gåssandskiftet</stop>
    <stop arrival="10:27" departure="10:27">Tømmernes</stop>
    <stop arrival="10:28" departure="10:28">Røykenes (Os)</stop>
    <stop arrival="10:29" departure="10:29">Bahus</stop>
    <stop arrival="10:30" departure="10:30">Fløysand</stop>
    <stop arrival="10:30" departure="10:30">Kalandseid</stop>
    <stop arrival="10:31" departure="10:31">Austevoll (Fana)</stop>
    <stop arrival="10:32" departure="10:32">Kaland (Fana)</stop>
    <stop arrival="10:33" departure="10:33">Smådalen (Kaland i Fana)</stop>
    <stop arrival="10:33" departure="10:33">Kaland skole (Fana)</stop>
    <stop arrival="10:35" departure="10:35">Nedre Sandven</stop>
    <stop arrival="10:35" departure="10:35">Sandven</stop>
    <stop arrival="10:36" departure="10:36">Øvre Hatlestad</stop>
    <stop arrival="10:37" departure="10:37">Hatlestadlia</stop>
    <stop arrival="10:38" departure="10:38">Hatlestad terr.</stop>
    <stop arrival="10:39" departure="10:39">Valle (Fana)</stop>
    <stop arrival="10:40" departure="10:40">Kirkebirkeland</stop>
    <stop arrival="10:41" departure="10:41">Lilletvedt</stop>
    <stop arrival="10:42" departure="10:42">Bjørkåsen</stop>
    <stop arrival="10:43" departure="10:43">Elvenes vegkryss</stop>
    <stop arrival="10:44" departure="10:44">Skjoldskiftet</stop>
    <stop arrival="10:44" departure="10:44">Nesttun</stop>
    <stop arrival="10:45" departure="10:45">Nesttun terminal</stop>
    <stop arrival="10:47" departure="10:47">Hopsbro</stop>
    <stop arrival="10:49" departure="10:49">Tveiteråsskiftet</stop>
    <stop arrival="10:50" departure="10:50">Paradis</stop>
    <stop arrival="10:52" departure="10:52">Nydalen</stop>
    <stop arrival="10:54" departure="10:54">Fantoft</stop>
    <stop arrival="10:55" departure="10:55">Storetveit</stop>
    <stop arrival="10:55" departure="10:55">Elvebakken</stop>
    <stop arrival="10:56" departure="10:56">Minde</stop>
    <stop arrival="11:00" departure="11:00">Mindemyren</stop>
    <stop arrival="11:01" departure="11:01">Postterminalen</stop>
    <stop arrival="11:01" departure="11:01">Kanalveien v/LBK</stop>
    <stop arrival="11:03" departure="11:03">Danmarksplass v/Forum kino</stop>
    <stop arrival="11:08" departure="11:08">Bergen Busstasjon</stop>
    <stop arrival="11:11" departure="11:11">Christies gate (Festplassen)</stop>
    <stop arrival="11:16">Bergen Busstasjon</stop>
  </route>
  <route no="620" destination="Bergen Busstasjon" url="http://www.web2051.no/bin/tp/zuginfo.exe/on/198333/71889/234776/51280/1/" trafficDays="kjører Ma - Fr, ikke 13., 17., 24. Mai">
    <stop departure="10:15" routeNo="620">Os - Osøyro</stop>
    <stop arrival="10:16" departure="10:16">Fjellheim</stop>
    <stop arrival="10:17" departure="10:17">Kuven</stop>
    <stop arrival="10:18" departure="10:18">Flåten (Os)</stop>
    <stop arrival="10:19" departure="10:19">Flåten Senter</stop>
    <stop arrival="10:20" departure="10:20">Tøsdalskiftet</stop>
    <stop arrival="10:20" departure="10:20">Ulvenskiftet</stop>
    <stop arrival="10:21" departure="10:21">Hetleflåten</stop>
    <stop arrival="10:22" departure="10:22">Helleflåttre</stop>
    <stop arrival="10:24" departure="10:24">Storestraumen</stop>
    <stop arrival="10:25" departure="10:25">Søfteland skule</stop>
    <stop arrival="10:26" departure="10:26">Søfteland</stop>
    <stop arrival="10:26" departure="10:26">Gåssandskiftet</stop>
    <stop arrival="10:27" departure="10:27">Tømmernes</stop>
    <stop arrival="10:28" departure="10:28">Røykenes (Os)</stop>
    <stop arrival="10:29" departure="10:29">Bahus</stop>
    <stop arrival="10:30" departure="10:30">Fløysand</stop>
    <stop arrival="10:30" departure="10:30">Kalandseid</stop>
    <stop arrival="10:31" departure="10:31">Austevoll (Fana)</stop>
    <stop arrival="10:32" departure="10:32">Kaland (Fana)</stop>
    <stop arrival="10:33" departure="10:33">Smådalen (Kaland i Fana)</stop>
    <stop arrival="10:33" departure="10:33">Kaland skole (Fana)</stop>
    <stop arrival="10:35" departure="10:35">Nedre Sandven</stop>
    <stop arrival="10:35" departure="10:35">Sandven</stop>
    <stop arrival="10:36" departure="10:36">Øvre Hatlestad</stop>
    <stop arrival="10:37" departure="10:37">Hatlestadlia</stop>
    <stop arrival="10:38" departure="10:38">Hatlestad terr.</stop>
    <stop arrival="10:39" departure="10:39">Valle (Fana)</stop>
    <stop arrival="10:40" departure="10:40">Kirkebirkeland</stop>
    <stop arrival="10:41" departure="10:41">Lilletvedt</stop>
    <stop arrival="10:42" departure="10:42">Bjørkåsen</stop>
    <stop arrival="10:43" departure="10:43">Elvenes vegkryss</stop>
    <stop arrival="10:44" departure="10:44">Skjoldskiftet</stop>
    <stop arrival="10:44" departure="10:44">Nesttun</stop>
    <stop arrival="10:45" departure="10:45">Nesttun terminal</stop>
    <stop arrival="10:47" departure="10:47">Hopsbro</stop>
    <stop arrival="10:49" departure="10:49">Tveiteråsskiftet</stop>
    <stop arrival="10:50" departure="10:50">Paradis</stop>
    <stop arrival="10:52" departure="10:52">Nydalen</stop>
    <stop arrival="10:54" departure="10:54">Fantoft</stop>
    <stop arrival="10:55" departure="10:55">Storetveit</stop>
    <stop arrival="10:55" departure="10:55">Elvebakken</stop>
    <stop arrival="10:56" departure="10:56">Minde</stop>
    <stop arrival="10:59" departure="10:59">Mindemyren</stop>
    <stop arrival="11:00" departure="11:00">Postterminalen</stop>
    <stop arrival="11:01" departure="11:01">Kanalveien v/LBK</stop>
    <stop arrival="11:03" departure="11:03">Danmarksplass v/Forum kino</stop>
    <stop arrival="11:08" departure="11:08">Bergen Busstasjon</stop>
    <stop arrival="11:10" departure="11:10">Christies gate (Festplassen)</stop>
    <stop arrival="11:15">Bergen Busstasjon</stop>
  </route>
  <route no="620" destination="Os - Osøyro" url="http://www.web2051.no/bin/tp/zuginfo.exe/on/825864/281060/18076/266251/1/" trafficDays="kjører Ma - Fr, ikke 13., 17., 24. Mai">
    <stop departure="10:10" routeNo="620">Bergen Busstasjon</stop>
    <stop arrival="10:13" departure="10:13">Danmarksplass</stop>
    <stop arrival="10:14" departure="10:14">Solheimsgaten</stop>
    <stop arrival="10:15" departure="10:15">Reperbanen</stop>
    <stop arrival="10:17" departure="10:17">Fjøsangerveien/ Minde Allè</stop>
    <stop arrival="10:18" departure="10:18">Minde</stop>
    <stop arrival="10:19" departure="10:19">Elvebakken</stop>
    <stop arrival="10:19" departure="10:19">Storetveit</stop>
    <stop arrival="10:19" departure="10:19">Fantoft</stop>
    <stop arrival="10:20" departure="10:20">Nydalen</stop>
    <stop arrival="10:21" departure="10:21">Paradis</stop>
    <stop arrival="10:22" departure="10:22">Tveiteråsskiftet</stop>
    <stop arrival="10:23" departure="10:23">Hopsbro</stop>
    <stop arrival="10:25" departure="10:25">Hopstangen</stop>
    <stop arrival="10:26" departure="10:26">Nesttun terminal</stop>
    <stop arrival="10:26" departure="10:26">Nesttun</stop>
    <stop arrival="10:27" departure="10:27">Skjoldskiftet</stop>
    <stop arrival="10:28" departure="10:28">Elvenes vegkryss</stop>
    <stop arrival="10:28" departure="10:28">Bjørkåsen</stop>
    <stop arrival="10:29" departure="10:29">Lilletvedt</stop>
    <stop arrival="10:30" departure="10:30">Kirkebirkeland</stop>
    <stop arrival="10:31" departure="10:31">Valle (Fana)</stop>
    <stop arrival="10:32" departure="10:32">Hatlestad terr.</stop>
    <stop arrival="10:34" departure="10:34">Øvre Hatlestad</stop>
    <stop arrival="10:36" departure="10:36">Sandven</stop>
    <stop arrival="10:37" departure="10:37">Nedre Sandven</stop>
    <stop arrival="10:38" departure="10:38">Kaland skole (Fana)</stop>
    <stop arrival="10:39" departure="10:39">Kaland (Fana)</stop>
    <stop arrival="10:40" departure="10:40">Austevoll (Fana)</stop>
    <stop arrival="10:41" departure="10:41">Kalandseid</stop>
    <stop arrival="10:41" departure="10:41">Fløysand</stop>
    <stop arrival="10:42" departure="10:42">Bahus</stop>
    <stop arrival="10:43" departure="10:43">Røykenes (Os)</stop>
    <stop arrival="10:44" departure="10:44">Tømmernes</stop>
    <stop arrival="10:45" departure="10:45">Gåssandskiftet</stop>
    <stop arrival="10:45" departure="10:45">Søfteland</stop>
    <stop arrival="10:46" departure="10:46">Søfteland skule</stop>
    <stop arrival="10:47" departure="10:47">Storestraumen</stop>
    <stop arrival="10:49" departure="10:49">Hetleflåttre</stop>
    <stop arrival="10:50" departure="10:50">Hetleflåten</stop>
    <stop arrival="10:51" departure="10:51">Ulvenskiftet</stop>
    <stop arrival="10:51" departure="10:51">Tøsdalskiftet</stop>
    <stop arrival="10:52" departure="10:52">Flåten Senter</stop>
    <stop arrival="10:53" departure="10:53">Flåten (Os)</stop>
    <stop arrival="10:54" departure="10:54">Kuven</stop>
    <stop arrival="10:55" departure="10:55">Fjellheim</stop>
    <stop arrival="10:56">Os - Osøyro</stop>
  </route>
  <route no="620" destination="Bergen Busstasjon" url="http://www.web2051.no/bin/tp/zuginfo.exe/on/570375/195903/450228/34993/1/" trafficDays="kjører Ma - Fr, ikke 13., 17., 24. Mai">
    <stop departure="10:35" routeNo="620">Os - Osøyro</stop>
    <stop arrival="10:36" departure="10:36">Fjellheim</stop>
    <stop arrival="10:37" departure="10:37">Kuven</stop>
    <stop arrival="10:38" departure="10:38">Flåten (Os)</stop>
    <stop arrival="10:39" departure="10:39">Flåten Senter</stop>
    <stop arrival="10:40" departure="10:40">Tøsdalskiftet</stop>
    <stop arrival="10:40" departure="10:40">Ulvenskiftet</stop>
    <stop arrival="10:41" departure="10:41">Hetleflåten</stop>
    <stop arrival="10:42" departure="10:42">Helleflåttre</stop>
    <stop arrival="10:44" departure="10:44">Storestraumen</stop>
    <stop arrival="10:45" departure="10:45">Søfteland skule</stop>
    <stop arrival="10:46" departure="10:46">Søfteland</stop>
    <stop arrival="10:46" departure="10:46">Gåssandskiftet</stop>
    <stop arrival="10:47" departure="10:47">Tømmernes</stop>
    <stop arrival="10:48" departure="10:48">Røykenes (Os)</stop>
    <stop arrival="10:49" departure="10:49">Bahus</stop>
    <stop arrival="10:50" departure="10:50">Fløysand</stop>
    <stop arrival="10:50" departure="10:50">Kalandseid</stop>
    <stop arrival="10:51" departure="10:51">Austevoll (Fana)</stop>
    <stop arrival="10:52" departure="10:52">Kaland (Fana)</stop>
    <stop arrival="10:53" departure="10:53">Smådalen (Kaland i Fana)</stop>
    <stop arrival="10:53" departure="10:53">Kaland skole (Fana)</stop>
    <stop arrival="10:55" departure="10:55">Nedre Sandven</stop>
    <stop arrival="10:55" departure="10:55">Sandven</stop>
    <stop arrival="10:56" departure="10:56">Øvre Hatlestad</stop>
    <stop arrival="10:57" departure="10:57">Hatlestadlia</stop>
    <stop arrival="10:58" departure="10:58">Hatlestad terr.</stop>
    <stop arrival="10:59" departure="10:59">Valle (Fana)</stop>
    <stop arrival="11:00" departure="11:00">Kirkebirkeland</stop>
    <stop arrival="11:01" departure="11:01">Lilletvedt</stop>
    <stop arrival="11:02" departure="11:02">Bjørkåsen</stop>
    <stop arrival="11:03" departure="11:03">Elvenes vegkryss</stop>
    <stop arrival="11:04" departure="11:04">Skjoldskiftet</stop>
    <stop arrival="11:04" departure="11:04">Nesttun</stop>
    <stop arrival="11:05" departure="11:05">Nesttun terminal</stop>
    <stop arrival="11:07" departure="11:07">Hopsbro</stop>
    <stop arrival="11:09" departure="11:09">Tveiteråsskiftet</stop>
    <stop arrival="11:10" departure="11:10">Paradis</stop>
    <stop arrival="11:12" departure="11:12">Nydalen</stop>
    <stop arrival="11:14" departure="11:14">Fantoft</stop>
    <stop arrival="11:15" departure="11:15">Storetveit</stop>
    <stop arrival="11:15" departure="11:15">Elvebakken</stop>
    <stop arrival="11:16" departure="11:16">Minde</stop>
    <stop arrival="11:19" departure="11:19">Mindemyren</stop>
    <stop arrival="11:20" departure="11:20">Postterminalen</stop>
    <stop arrival="11:21" departure="11:21">Kanalveien v/LBK</stop>
    <stop arrival="11:23" departure="11:23">Danmarksplass v/Forum kino</stop>
    <stop arrival="11:28" departure="11:28">Bergen Busstasjon</stop>
    <stop arrival="11:30" departure="11:30">Christies gate (Festplassen)</stop>
    <stop arrival="11:35">Bergen Busstasjon</stop>
  </route>
  <route no="620" destination="Os - Osøyro" url="http://www.web2051.no/bin/tp/zuginfo.exe/on/795876/271016/302106/114239/1/" trafficDays="kjører Lø, ikke 1. Mai">
    <stop departure="10:15" routeNo="620">Olav Kyrres gate</stop>
    <stop arrival="10:20" departure="10:20">Bergen Busstasjon</stop>
    <stop arrival="10:23" departure="10:23">Danmarksplass</stop>
    <stop arrival="10:24" departure="10:24">Solheimsgaten</stop>
    <stop arrival="10:25" departure="10:25">Reperbanen</stop>
    <stop arrival="10:27" departure="10:27">Fjøsangerveien/ Minde Allè</stop>
    <stop arrival="10:28" departure="10:28">Minde</stop>
    <stop arrival="10:29" departure="10:29">Elvebakken</stop>
    <stop arrival="10:29" departure="10:29">Storetveit</stop>
    <stop arrival="10:29" departure="10:29">Fantoft</stop>
    <stop arrival="10:30" departure="10:30">Nydalen</stop>
    <stop arrival="10:31" departure="10:31">Paradis</stop>
    <stop arrival="10:32" departure="10:32">Tveiteråsskiftet</stop>
    <stop arrival="10:33" departure="10:33">Hopsbro</stop>
    <stop arrival="10:35" departure="10:35">Hopstangen</stop>
    <stop arrival="10:36" departure="10:36">Nesttun terminal</stop>
    <stop arrival="10:36" departure="10:36">Nesttun</stop>
    <stop arrival="10:37" departure="10:37">Skjoldskiftet</stop>
    <stop arrival="10:38" departure="10:38">Elvenes vegkryss</stop>
    <stop arrival="10:38" departure="10:38">Bjørkåsen</stop>
    <stop arrival="10:39" departure="10:39">Lilletvedt</stop>
    <stop arrival="10:40" departure="10:40">Kirkebirkeland</stop>
    <stop arrival="10:41" departure="10:41">Valle (Fana)</stop>
    <stop arrival="10:42" departure="10:42">Hatlestad terr.</stop>
    <stop arrival="10:44" departure="10:44">Øvre Hatlestad</stop>
    <stop arrival="10:46" departure="10:46">Sandven</stop>
    <stop arrival="10:47" departure="10:47">Nedre Sandven</stop>
    <stop arrival="10:48" departure="10:48">Kaland skole (Fana)</stop>
    <stop arrival="10:49" departure="10:49">Kaland (Fana)</stop>
    <stop arrival="10:50" departure="10:50">Austevoll (Fana)</stop>
    <stop arrival="10:51" departure="10:51">Kalandseid</stop>
    <stop arrival="10:51" departure="10:51">Fløysand</stop>
    <stop arrival="10:52" departure="10:52">Bahus</stop>
    <stop arrival="10:53" departure="10:53">Røykenes (Os)</stop>
    <stop arrival="10:54" departure="10:54">Tømmernes</stop>
    <stop arrival="10:55" departure="10:55">Gåssandskiftet</stop>
    <stop arrival="10:55" departure="10:55">Søfteland</stop>
    <stop arrival="10:56" departure="10:56">Søfteland skule</stop>
    <stop arrival="10:57" departure="10:57">Storestraumen</stop>
    <stop arrival="10:59" departure="10:59">Hetleflåttre</stop>
    <stop arrival="11:00" departure="11:00">Hetleflåten</stop>
    <stop arrival="11:01" departure="11:01">Ulvenskiftet</stop>
    <stop arrival="11:01" departure="11:01">Tøsdalskiftet</stop>
    <stop arrival="11:02" departure="11:02">Flåten Senter</stop>
    <stop arrival="11:03" departure="11:03">Flåten (Os)</stop>
    <stop arrival="11:04" departure="11:04">Kuven</stop>
    <stop arrival="11:05" departure="11:05">Fjellheim</stop>
    <stop arrival="11:06">Os - Osøyro</stop>
  </route>
</routes>
