<?xml version="1.0" encoding="UTF-8"?>
<routes>
  <route no="512" destination="Søreide skole" url="http://www.web2051.no/bin/tp/zuginfo.exe/on/302352/106052/271040/34736/1/" trafficDays="kjører Ma - Fr, ikke 13., 17., 24. Mai">
    <stop departure="10:50" routeNo="512">Grimstad (Fana)</stop>
    <stop arrival="10:51" departure="10:51">Grimstad handel (Fana)</stop>
    <stop arrival="10:53" departure="10:53">Ytre Hope</stop>
    <stop arrival="10:55" departure="10:55">Hope (Grimstad, Fana)</stop>
    <stop arrival="10:56" departure="10:56">Ytre Hammersland</stop>
    <stop arrival="10:57" departure="10:57">Hammersland (Grimstadvn.)</stop>
    <stop arrival="11:00">Søreide skole</stop>
  </route>
</routes>
