<?xml version="1.0" encoding="UTF-8"?>
<routes>
  <route no="398" destination="Olsnesskiftet" url="http://www.web2051.no/bin/tp/zuginfo.exe/on/864837/289372/416698/79930/1/" trafficDays="kjører Ti - Fr, ikke 13. Mai">
    <stop departure="9:57" routeNo="398">Kvisti (Osterøy)</stop>
    <stop arrival="9:59" departure="9:59">Hundhammer (Osterøy)</stop>
    <stop arrival="10:00" departure="10:00">Blom (Osterøy)</stop>
    <stop arrival="10:00" departure="10:00">Blom (Osterøy)</stop>
    <stop arrival="10:01" departure="10:01">Havrå</stop>
    <stop arrival="10:02" departure="10:02">Vimmelvik</stop>
    <stop arrival="10:02" departure="10:02">Vimmelvik</stop>
    <stop arrival="10:03" departure="10:03">Stokke (Osterøy)</stop>
    <stop arrival="10:04" departure="10:04">Stokke (Osterøy)</stop>
    <stop arrival="10:04" departure="10:04">Vik (Bruvik)</stop>
    <stop arrival="10:05" departure="10:05">Vik (Bruvik)</stop>
    <stop arrival="10:05" departure="10:05">Vik (Bruvik)</stop>
    <stop arrival="10:05" departure="10:05">Skaftå m butikk</stop>
    <stop arrival="10:06" departure="10:06">Skaftå bru</stop>
    <stop arrival="10:09" departure="10:09">Hekland</stop>
    <stop arrival="10:10" departure="10:10">Hekland</stop>
    <stop arrival="10:11" departure="10:11">Bruvik Ytre</stop>
    <stop arrival="10:12" departure="10:12">Bruvik v Lushalien</stop>
    <stop arrival="10:15" departure="10:15">Bruvik 1</stop>
    <stop arrival="10:16" departure="10:16">Bruvik v butikken</stop>
    <stop arrival="10:16" departure="10:16">Bruvik v byggefelt</stop>
    <stop arrival="10:18" departure="10:18">Olsnesskiftet</stop>
    <stop arrival="10:19">Olsnesskiftet</stop>
  </route>
  <route no="398" destination="Arna terminal" url="http://www.web2051.no/bin/tp/zuginfo.exe/on/884337/295887/529992/29783/1/" trafficDays="kjører Lø, ikke 1. Mai">
    <stop departure="10:18" routeNo="398">Olsnesskiftet</stop>
    <stop arrival="10:19" departure="10:19">Olsnesskiftet</stop>
    <stop arrival="10:20" departure="10:20">Bruvik v byggefelt</stop>
    <stop arrival="10:20" departure="10:20">Bruvik v butikken</stop>
    <stop arrival="10:21" departure="10:21">Bruvik 1</stop>
    <stop arrival="10:24" departure="10:24">Bruvik v Lushalien</stop>
    <stop arrival="10:24" departure="10:24">Bruvik Ytre</stop>
    <stop arrival="10:25" departure="10:25">Hekland</stop>
    <stop arrival="10:26" departure="10:26">Hekland</stop>
    <stop arrival="10:29" departure="10:29">Skaftå bru</stop>
    <stop arrival="10:30" departure="10:30">Skaftå m butikk</stop>
    <stop arrival="10:30" departure="10:30">Vik (Bruvik)</stop>
    <stop arrival="10:31" departure="10:31">Vik (Bruvik)</stop>
    <stop arrival="10:31" departure="10:31">Vik (Bruvik)</stop>
    <stop arrival="10:32" departure="10:32">Stokke (Osterøy)</stop>
    <stop arrival="10:32" departure="10:32">Stokke (Osterøy)</stop>
    <stop arrival="10:33" departure="10:33">Vimmelvik</stop>
    <stop arrival="10:34" departure="10:34">Vimmelvik</stop>
    <stop arrival="10:35" departure="10:35">Havrå</stop>
    <stop arrival="10:36" departure="10:36">Blom (Osterøy)</stop>
    <stop arrival="10:36" departure="10:36">Blom (Osterøy)</stop>
    <stop arrival="10:37" departure="10:37">Hundhammer (Osterøy)</stop>
    <stop arrival="10:39" departure="10:39">Kvisti (Osterøy)</stop>
    <stop arrival="10:44" departure="10:44">Ambogen vkr</stop>
    <stop arrival="10:45" departure="10:45">Mjeldalen Øvre</stop>
    <stop arrival="10:46" departure="10:46">Mjeldalen v Ungdomsshus</stop>
    <stop arrival="10:46" departure="10:46">Mjeldalen</stop>
    <stop arrival="10:47" departure="10:47">Mjeldalen v gml kommunehus</stop>
    <stop arrival="10:49" departure="10:49">Haus</stop>
    <stop arrival="10:50" departure="10:50">Åsheimveien</stop>
    <stop arrival="10:50" departure="10:50">Haus</stop>
    <stop arrival="10:50" departure="10:50">Leikneset</stop>
    <stop arrival="10:51" departure="10:51">Leikneset</stop>
    <stop arrival="10:52" departure="10:52">Leikneset</stop>
    <stop arrival="10:54" departure="10:54">Vikne nord</stop>
    <stop arrival="10:55" departure="10:55">Vikne</stop>
    <stop arrival="10:56" departure="10:56">Vikne sør</stop>
    <stop arrival="10:57" departure="10:57">Kvisti (Osterøy)</stop>
    <stop arrival="11:00" departure="11:00">Takvam rundkøyring</stop>
    <stop arrival="11:01" departure="11:01">Tunestveit</stop>
    <stop arrival="11:02" departure="11:02">Tunestveit</stop>
    <stop arrival="11:02" departure="11:02">Tunes skule</stop>
    <stop arrival="11:02" departure="11:02">Tunes</stop>
    <stop arrival="11:03" departure="11:03">Garnesmarka øst</stop>
    <stop arrival="11:04" departure="11:04">Garnesmarka</stop>
    <stop arrival="11:04" departure="11:04">Garnesmarka vest</stop>
    <stop arrival="11:04" departure="11:04">Garnes vid.skule</stop>
    <stop arrival="11:05" departure="11:05">Garnes- v Gymnaset</stop>
    <stop arrival="11:07" departure="11:07">Garneshøgden</stop>
    <stop arrival="11:08" departure="11:08">Seimsmark</stop>
    <stop arrival="11:10" departure="11:10">Beyer (Arna)</stop>
    <stop arrival="11:12" departure="11:12">Bommane (Arna)</stop>
    <stop arrival="11:15">Arna terminal</stop>
  </route>
</routes>
