<?xml version="1.0" encoding="UTF-8"?>
<routes>
  <route no="24" destination="Nesttun terminal" url="http://www.web2051.no/bin/tp/zuginfo.exe/on/747204/253274/756528/129198/1/" trafficDays="kjører Ma - Fr, ikke 13., 17., 24. Mai">
    <stop departure="9:04" routeNo="24">Åsane terminal</stop>
    <stop arrival="9:05" departure="9:05">Hesthaugen</stop>
    <stop arrival="9:06" departure="9:06">Stamskaret</stop>
    <stop arrival="9:07" departure="9:07">Tertneskrysset gamleveien</stop>
    <stop arrival="9:08" departure="9:08">Griggastemma</stop>
    <stop arrival="9:08" departure="9:08">Åstveitvegen</stop>
    <stop arrival="9:09" departure="9:09">Ervik øvre</stop>
    <stop arrival="9:10" departure="9:10">Ervik nedre (Sellesvingen)</stop>
    <stop arrival="9:11" departure="9:11">Selvikvegen</stop>
    <stop arrival="9:12" departure="9:12">Eidsvåg gamlevegen</stop>
    <stop arrival="9:12" departure="9:12">Fabrikkvegen</stop>
    <stop arrival="9:14" departure="9:14">Hagebyen (Eidsvåg)</stop>
    <stop arrival="9:15" departure="9:15">Lillevågen</stop>
    <stop arrival="9:16" departure="9:16">Tømmervågen</stop>
    <stop arrival="9:17" departure="9:17">Trollbekken</stop>
    <stop arrival="9:18" departure="9:18">Trolldalen (Eidsvågneset)</stop>
    <stop arrival="9:20" departure="9:20">Fagerbakken</stop>
    <stop arrival="9:22" departure="9:22">Nordre Lønborg</stop>
    <stop arrival="9:23" departure="9:23">Lønborg</stop>
    <stop arrival="9:23" departure="9:23">Brunestykket</stop>
    <stop arrival="9:24" departure="9:24">Hellebakken</stop>
    <stop arrival="9:25" departure="9:25">Eikeviken</stop>
    <stop arrival="9:26" departure="9:26">Solbakken</stop>
    <stop arrival="9:27" departure="9:27">Handelshøyskolen</stop>
    <stop arrival="9:29" departure="9:29">Nyhavnsvei (Gamle Bergen)</stop>
    <stop arrival="9:31" departure="9:31">Munkebotten</stop>
    <stop arrival="9:32" departure="9:32">Ludebryggen</stop>
    <stop arrival="9:33" departure="9:33">Sandvikstorget</stop>
    <stop arrival="9:35" departure="9:35">Skutevikstorget</stop>
    <stop arrival="9:36" departure="9:36">Bontelabo</stop>
    <stop arrival="9:38" departure="9:38">Slottsgaten</stop>
    <stop arrival="9:39" departure="9:39">Bryggen</stop>
    <stop arrival="9:40" departure="9:40">Olav Kyrres gate</stop>
    <stop arrival="9:45" departure="9:45">Bergen Busstasjon</stop>
    <stop arrival="9:49" departure="9:49">Danmarksplass</stop>
    <stop arrival="9:50" departure="9:50">Solheimsgaten</stop>
    <stop arrival="9:51" departure="9:51">Reperbanen</stop>
    <stop arrival="9:53" departure="9:53">Fjøsangerveien/ Minde Allè</stop>
    <stop arrival="9:57" departure="9:57">Minde</stop>
    <stop arrival="9:58" departure="9:58">Elvebakken</stop>
    <stop arrival="9:58" departure="9:58">Storetveit</stop>
    <stop arrival="9:58" departure="9:58">Fantoft</stop>
    <stop arrival="9:59" departure="9:59">Nydalen</stop>
    <stop arrival="10:00" departure="10:00">Paradis</stop>
    <stop arrival="10:01" departure="10:01">Tveiteråsskiftet</stop>
    <stop arrival="10:02" departure="10:02">Hopsbro</stop>
    <stop arrival="10:04" departure="10:04">Hopstangen</stop>
    <stop arrival="10:05">Nesttun terminal</stop>
  </route>
  <route no="620" destination="Os - Osøyro" url="http://www.web2051.no/bin/tp/zuginfo.exe/on/691233/236107/632274/85727/1/" trafficDays="kjører Sø, også 1., 13., 17., 24. Mai">
    <stop departure="9:45" routeNo="620">Olav Kyrres gate</stop>
    <stop arrival="9:50" departure="9:50">Bergen Busstasjon</stop>
    <stop arrival="9:53" departure="9:53">Danmarksplass</stop>
    <stop arrival="9:54" departure="9:54">Solheimsgaten</stop>
    <stop arrival="9:55" departure="9:55">Reperbanen</stop>
    <stop arrival="9:57" departure="9:57">Fjøsangerveien/ Minde Allè</stop>
    <stop arrival="9:58" departure="9:58">Minde</stop>
    <stop arrival="9:59" departure="9:59">Elvebakken</stop>
    <stop arrival="9:59" departure="9:59">Storetveit</stop>
    <stop arrival="9:59" departure="9:59">Fantoft</stop>
    <stop arrival="10:00" departure="10:00">Nydalen</stop>
    <stop arrival="10:01" departure="10:01">Paradis</stop>
    <stop arrival="10:02" departure="10:02">Tveiteråsskiftet</stop>
    <stop arrival="10:03" departure="10:03">Hopsbro</stop>
    <stop arrival="10:05" departure="10:05">Hopstangen</stop>
    <stop arrival="10:06" departure="10:06">Nesttun terminal</stop>
    <stop arrival="10:06" departure="10:06">Nesttun</stop>
    <stop arrival="10:07" departure="10:07">Skjoldskiftet</stop>
    <stop arrival="10:07" departure="10:07">Elvenes vegkryss</stop>
    <stop arrival="10:08" departure="10:08">Bjørkåsen</stop>
    <stop arrival="10:09" departure="10:09">Lilletvedt</stop>
    <stop arrival="10:09" departure="10:09">Kirkebirkeland</stop>
    <stop arrival="10:10" departure="10:10">Valle (Fana)</stop>
    <stop arrival="10:11" departure="10:11">Hatlestad terr.</stop>
    <stop arrival="10:12" departure="10:12">Øvre Hatlestad</stop>
    <stop arrival="10:13" departure="10:13">Sandven</stop>
    <stop arrival="10:14" departure="10:14">Nedre Sandven</stop>
    <stop arrival="10:15" departure="10:15">Kaland skole (Fana)</stop>
    <stop arrival="10:17" departure="10:17">Kaland (Fana)</stop>
    <stop arrival="10:18" departure="10:18">Austevoll (Fana)</stop>
    <stop arrival="10:19" departure="10:19">Kalandseid</stop>
    <stop arrival="10:19" departure="10:19">Fløysand</stop>
    <stop arrival="10:19" departure="10:19">Bahus</stop>
    <stop arrival="10:20" departure="10:20">Røykenes (Os)</stop>
    <stop arrival="10:20" departure="10:20">Tømmernes</stop>
    <stop arrival="10:21" departure="10:21">Gåssandskiftet</stop>
    <stop arrival="10:21" departure="10:21">Søfteland</stop>
    <stop arrival="10:21" departure="10:21">Søfteland skule</stop>
    <stop arrival="10:22" departure="10:22">Storestraumen</stop>
    <stop arrival="10:24" departure="10:24">Hetleflåttre</stop>
    <stop arrival="10:25" departure="10:25">Hetleflåten</stop>
    <stop arrival="10:26" departure="10:26">Ulvenskiftet</stop>
    <stop arrival="10:26" departure="10:26">Tøsdalskiftet</stop>
    <stop arrival="10:27" departure="10:27">Flåten Senter</stop>
    <stop arrival="10:28" departure="10:28">Flåten (Os)</stop>
    <stop arrival="10:29" departure="10:29">Kuven</stop>
    <stop arrival="10:30" departure="10:30">Fjellheim</stop>
    <stop arrival="10:31">Os - Osøyro</stop>
  </route>
  <route no="620" destination="Os - Osøyro" url="http://www.web2051.no/bin/tp/zuginfo.exe/on/443649/153606/376272/40253/1/" trafficDays="kjører Lø, ikke 1. Mai">
    <stop departure="9:45" routeNo="620">Olav Kyrres gate</stop>
    <stop arrival="9:50" departure="9:50">Bergen Busstasjon</stop>
    <stop arrival="9:53" departure="9:53">Danmarksplass</stop>
    <stop arrival="9:54" departure="9:54">Solheimsgaten</stop>
    <stop arrival="9:55" departure="9:55">Reperbanen</stop>
    <stop arrival="9:57" departure="9:57">Fjøsangerveien/ Minde Allè</stop>
    <stop arrival="9:58" departure="9:58">Minde</stop>
    <stop arrival="9:59" departure="9:59">Elvebakken</stop>
    <stop arrival="9:59" departure="9:59">Storetveit</stop>
    <stop arrival="9:59" departure="9:59">Fantoft</stop>
    <stop arrival="10:00" departure="10:00">Nydalen</stop>
    <stop arrival="10:01" departure="10:01">Paradis</stop>
    <stop arrival="10:02" departure="10:02">Tveiteråsskiftet</stop>
    <stop arrival="10:03" departure="10:03">Hopsbro</stop>
    <stop arrival="10:05" departure="10:05">Hopstangen</stop>
    <stop arrival="10:06" departure="10:06">Nesttun terminal</stop>
    <stop arrival="10:06" departure="10:06">Nesttun</stop>
    <stop arrival="10:07" departure="10:07">Skjoldskiftet</stop>
    <stop arrival="10:08" departure="10:08">Elvenes vegkryss</stop>
    <stop arrival="10:08" departure="10:08">Bjørkåsen</stop>
    <stop arrival="10:09" departure="10:09">Lilletvedt</stop>
    <stop arrival="10:10" departure="10:10">Kirkebirkeland</stop>
    <stop arrival="10:11" departure="10:11">Valle (Fana)</stop>
    <stop arrival="10:12" departure="10:12">Hatlestad terr.</stop>
    <stop arrival="10:13" departure="10:13">Øvre Hatlestad</stop>
    <stop arrival="10:14" departure="10:14">Sandven</stop>
    <stop arrival="10:15" departure="10:15">Nedre Sandven</stop>
    <stop arrival="10:16" departure="10:16">Kaland skole (Fana)</stop>
    <stop arrival="10:17" departure="10:17">Kaland (Fana)</stop>
    <stop arrival="10:18" departure="10:18">Austevoll (Fana)</stop>
    <stop arrival="10:19" departure="10:19">Kalandseid</stop>
    <stop arrival="10:19" departure="10:19">Fløysand</stop>
    <stop arrival="10:19" departure="10:19">Bahus</stop>
    <stop arrival="10:20" departure="10:20">Røykenes (Os)</stop>
    <stop arrival="10:20" departure="10:20">Tømmernes</stop>
    <stop arrival="10:21" departure="10:21">Gåssandskiftet</stop>
    <stop arrival="10:21" departure="10:21">Søfteland</stop>
    <stop arrival="10:21" departure="10:21">Søfteland skule</stop>
    <stop arrival="10:22" departure="10:22">Storestraumen</stop>
    <stop arrival="10:24" departure="10:24">Hetleflåttre</stop>
    <stop arrival="10:25" departure="10:25">Hetleflåten</stop>
    <stop arrival="10:26" departure="10:26">Ulvenskiftet</stop>
    <stop arrival="10:26" departure="10:26">Tøsdalskiftet</stop>
    <stop arrival="10:27" departure="10:27">Flåten Senter</stop>
    <stop arrival="10:28" departure="10:28">Flåten (Os)</stop>
    <stop arrival="10:29" departure="10:29">Kuven</stop>
    <stop arrival="10:30" departure="10:30">Fjellheim</stop>
    <stop arrival="10:31">Os - Osøyro</stop>
  </route>
  <route no="620" destination="Os - Osøyro" url="http://www.web2051.no/bin/tp/zuginfo.exe/on/588447/201915/815774/211739/1/" trafficDays="kjører Ma - Fr, ikke 13., 17., 24. Mai">
    <stop departure="9:50" routeNo="620">Bergen Busstasjon</stop>
    <stop arrival="9:53" departure="9:53">Danmarksplass</stop>
    <stop arrival="9:54" departure="9:54">Solheimsgaten</stop>
    <stop arrival="9:55" departure="9:55">Reperbanen</stop>
    <stop arrival="9:57" departure="9:57">Fjøsangerveien/ Minde Allè</stop>
    <stop arrival="9:58" departure="9:58">Minde</stop>
    <stop arrival="9:59" departure="9:59">Elvebakken</stop>
    <stop arrival="9:59" departure="9:59">Storetveit</stop>
    <stop arrival="9:59" departure="9:59">Fantoft</stop>
    <stop arrival="10:00" departure="10:00">Nydalen</stop>
    <stop arrival="10:01" departure="10:01">Paradis</stop>
    <stop arrival="10:02" departure="10:02">Tveiteråsskiftet</stop>
    <stop arrival="10:03" departure="10:03">Hopsbro</stop>
    <stop arrival="10:05" departure="10:05">Hopstangen</stop>
    <stop arrival="10:06" departure="10:06">Nesttun terminal</stop>
    <stop arrival="10:06" departure="10:06">Nesttun</stop>
    <stop arrival="10:07" departure="10:07">Skjoldskiftet</stop>
    <stop arrival="10:08" departure="10:08">Elvenes vegkryss</stop>
    <stop arrival="10:08" departure="10:08">Bjørkåsen</stop>
    <stop arrival="10:09" departure="10:09">Lilletvedt</stop>
    <stop arrival="10:10" departure="10:10">Kirkebirkeland</stop>
    <stop arrival="10:11" departure="10:11">Valle (Fana)</stop>
    <stop arrival="10:12" departure="10:12">Hatlestad terr.</stop>
    <stop arrival="10:14" departure="10:14">Øvre Hatlestad</stop>
    <stop arrival="10:16" departure="10:16">Sandven</stop>
    <stop arrival="10:17" departure="10:17">Nedre Sandven</stop>
    <stop arrival="10:18" departure="10:18">Kaland skole (Fana)</stop>
    <stop arrival="10:19" departure="10:19">Kaland (Fana)</stop>
    <stop arrival="10:20" departure="10:20">Austevoll (Fana)</stop>
    <stop arrival="10:21" departure="10:21">Kalandseid</stop>
    <stop arrival="10:21" departure="10:21">Fløysand</stop>
    <stop arrival="10:22" departure="10:22">Bahus</stop>
    <stop arrival="10:23" departure="10:23">Røykenes (Os)</stop>
    <stop arrival="10:24" departure="10:24">Tømmernes</stop>
    <stop arrival="10:25" departure="10:25">Gåssandskiftet</stop>
    <stop arrival="10:25" departure="10:25">Søfteland</stop>
    <stop arrival="10:26" departure="10:26">Søfteland skule</stop>
    <stop arrival="10:27" departure="10:27">Storestraumen</stop>
    <stop arrival="10:29" departure="10:29">Hetleflåttre</stop>
    <stop arrival="10:30" departure="10:30">Hetleflåten</stop>
    <stop arrival="10:31" departure="10:31">Ulvenskiftet</stop>
    <stop arrival="10:31" departure="10:31">Tøsdalskiftet</stop>
    <stop arrival="10:32" departure="10:32">Flåten Senter</stop>
    <stop arrival="10:33" departure="10:33">Flåten (Os)</stop>
    <stop arrival="10:34" departure="10:34">Kuven</stop>
    <stop arrival="10:35" departure="10:35">Fjellheim</stop>
    <stop arrival="10:36">Os - Osøyro</stop>
  </route>
  <route no="22" destination="Birkelundstoppen" url="http://www.web2051.no/bin/tp/zuginfo.exe/on/148659/53609/752992/326945/1/" trafficDays="kjører Ma - Fr, ikke 13., 17., 24. Mai">
    <stop departure="9:45" routeNo="22">Olav Kyrres gate</stop>
    <stop arrival="9:50" departure="9:50">Bergen Busstasjon</stop>
    <stop arrival="9:55" departure="9:55">Danmarksplass</stop>
    <stop arrival="9:56" departure="9:56">Solheimsgaten</stop>
    <stop arrival="9:57" departure="9:57">Reperbanen</stop>
    <stop arrival="9:58" departure="9:58">Fjøsangerveien/ Minde Allè</stop>
    <stop arrival="10:00" departure="10:00">Minde</stop>
    <stop arrival="10:01" departure="10:01">Elvebakken</stop>
    <stop arrival="10:01" departure="10:01">Storetveit</stop>
    <stop arrival="10:01" departure="10:01">Fantoft</stop>
    <stop arrival="10:02" departure="10:02">Nydalen</stop>
    <stop arrival="10:03" departure="10:03">Paradis</stop>
    <stop arrival="10:04" departure="10:04">Tveiteråsskiftet</stop>
    <stop arrival="10:05" departure="10:05">Hopsbro</stop>
    <stop arrival="10:07" departure="10:07">Hopstangen</stop>
    <stop arrival="10:08" departure="10:08">Nesttun terminal</stop>
    <stop arrival="10:09" departure="10:09">Nesttun</stop>
    <stop arrival="10:09" departure="10:09">Herredshuset, Nesttun</stop>
    <stop arrival="10:10" departure="10:10">Midtun bro</stop>
    <stop arrival="10:12" departure="10:12">Midttunflaten</stop>
    <stop arrival="10:13" departure="10:13">Sandbrekkeveien</stop>
    <stop arrival="10:13" departure="10:13">Sandalskollen</stop>
    <stop arrival="10:15" departure="10:15">Kringlebotn</stop>
    <stop arrival="10:16" departure="10:16">Kjenndalslia</stop>
    <stop arrival="10:17" departure="10:17">Kjenndalsåsen</stop>
    <stop arrival="10:18" departure="10:18">Sandalsringen snuplass</stop>
    <stop arrival="10:19" departure="10:19">Helldalslia</stop>
    <stop arrival="10:20" departure="10:20">Helldalslia</stop>
    <stop arrival="10:20" departure="10:20">Indre Sædal</stop>
    <stop arrival="10:21" departure="10:21">Rinddalen</stop>
    <stop arrival="10:23" departure="10:23">Merkurvegen (nyeveien)</stop>
    <stop arrival="10:24" departure="10:24">Nattland gård (nyeveien)</stop>
    <stop arrival="10:25">Birkelundstoppen</stop>
  </route>
  <route no="900" destination="Arna terminal" url="http://www.web2051.no/bin/tp/zuginfo.exe/on/691881/231767/228820/116217/1/" trafficDays="kjører Ma - Fr, ikke 13., 17., 24. Mai">
    <stop departure="9:45" routeNo="900">Bergen Busstasjon</stop>
    <stop arrival="9:48" departure="9:48">Danmarksplass</stop>
    <stop arrival="9:50" departure="9:50">Solheimsgaten</stop>
    <stop arrival="9:52" departure="9:52">Reperbanen</stop>
    <stop arrival="9:54" departure="9:54">Fjøsangerveien/ Minde Allè</stop>
    <stop arrival="9:56" departure="9:56">Minde</stop>
    <stop arrival="9:58" departure="9:58">Elvebakken</stop>
    <stop arrival="9:59" departure="9:59">Storetveit</stop>
    <stop arrival="10:00" departure="10:00">Fantoft</stop>
    <stop arrival="10:02" departure="10:02">Nydalen</stop>
    <stop arrival="10:04" departure="10:04">Paradis</stop>
    <stop arrival="10:05" departure="10:05">Tveiteråsskiftet</stop>
    <stop arrival="10:07" departure="10:07">Hopsbro</stop>
    <stop arrival="10:08" departure="10:08">Hopstangen</stop>
    <stop arrival="10:10" departure="10:10">Nesttun terminal</stop>
    <stop arrival="10:11" departure="10:11">Nesttun</stop>
    <stop arrival="10:11" departure="10:11">Herredshuset, Nesttun</stop>
    <stop arrival="10:12" departure="10:12">Midtun bro</stop>
    <stop arrival="10:13" departure="10:13">Midttunflaten</stop>
    <stop arrival="10:15" departure="10:15">BKK Trafo (Helldal)</stop>
    <stop arrival="10:16" departure="10:16">Helldal (Fana)</stop>
    <stop arrival="10:17" departure="10:17">Helldal, Frank Mohn</stop>
    <stop arrival="10:18" departure="10:18">Helldal skole</stop>
    <stop arrival="10:19" departure="10:19">Grimen</stop>
    <stop arrival="10:20" departure="10:20">Grimen øst</stop>
    <stop arrival="10:21" departure="10:21">Bratland</stop>
    <stop arrival="10:22" departure="10:22">Søylen (Espeland)</stop>
    <stop arrival="10:23" departure="10:23">Haukeland vest (Arna)</stop>
    <stop arrival="10:23" departure="10:23">Haukeland (Arna)</stop>
    <stop arrival="10:24" departure="10:24">Haukeland øst (Arna)</stop>
    <stop arrival="10:24" departure="10:24">Lone vest</stop>
    <stop arrival="10:25" departure="10:25">Lone øst</stop>
    <stop arrival="10:25" departure="10:25">Espelandshallen (Arna)</stop>
    <stop arrival="10:26" departure="10:26">Espeland Janus (Arna)</stop>
    <stop arrival="10:28" departure="10:28">Espelandsmyrane fylkesvn.</stop>
    <stop arrival="10:29" departure="10:29">Sæthre steinindustri</stop>
    <stop arrival="10:30" departure="10:30">Arna busser</stop>
    <stop arrival="10:30" departure="10:30">Arnatveit</stop>
    <stop arrival="10:31" departure="10:31">Hølbekken</stop>
    <stop arrival="10:31" departure="10:31">Stølsvegen vest</stop>
    <stop arrival="10:32" departure="10:32">Stølsvegen</stop>
    <stop arrival="10:33" departure="10:33">Stølsvegen øst</stop>
    <stop arrival="10:35" departure="10:35">Roknetoppen</stop>
    <stop arrival="10:37" departure="10:37">Rokneholo</stop>
    <stop arrival="10:38" departure="10:38">Indre Arna skule</stop>
    <stop arrival="10:41" departure="10:41">Bommane (Åsane)</stop>
    <stop arrival="10:45">Arna terminal</stop>
  </route>
  <route no="22" destination="Birkelundstoppen" url="http://www.web2051.no/bin/tp/zuginfo.exe/on/258087/90052/950216/389080/1/" trafficDays="kjører Lø, ikke 1. Mai">
    <stop departure="9:45" routeNo="22">Olav Kyrres gate</stop>
    <stop arrival="9:50" departure="9:50">Bergen Busstasjon</stop>
    <stop arrival="9:54" departure="9:54">Danmarksplass</stop>
    <stop arrival="9:55" departure="9:55">Solheimsgaten</stop>
    <stop arrival="9:56" departure="9:56">Reperbanen</stop>
    <stop arrival="9:58" departure="9:58">Fjøsangerveien/ Minde Allè</stop>
    <stop arrival="10:01" departure="10:01">Minde</stop>
    <stop arrival="10:02" departure="10:02">Elvebakken</stop>
    <stop arrival="10:02" departure="10:02">Storetveit</stop>
    <stop arrival="10:02" departure="10:02">Fantoft</stop>
    <stop arrival="10:03" departure="10:03">Nydalen</stop>
    <stop arrival="10:04" departure="10:04">Paradis</stop>
    <stop arrival="10:05" departure="10:05">Tveiteråsskiftet</stop>
    <stop arrival="10:06" departure="10:06">Hopsbro</stop>
    <stop arrival="10:08" departure="10:08">Hopstangen</stop>
    <stop arrival="10:09" departure="10:09">Nesttun terminal</stop>
    <stop arrival="10:10" departure="10:10">Nesttun</stop>
    <stop arrival="10:10" departure="10:10">Herredshuset, Nesttun</stop>
    <stop arrival="10:11" departure="10:11">Midtun bro</stop>
    <stop arrival="10:12" departure="10:12">Midttunflaten</stop>
    <stop arrival="10:13" departure="10:13">Sandbrekkeveien</stop>
    <stop arrival="10:14" departure="10:14">Sandalskollen</stop>
    <stop arrival="10:15" departure="10:15">Kringlebotn</stop>
    <stop arrival="10:16" departure="10:16">Kjenndalslia</stop>
    <stop arrival="10:17" departure="10:17">Kjenndalsåsen</stop>
    <stop arrival="10:18" departure="10:18">Sandalsringen snuplass</stop>
    <stop arrival="10:19" departure="10:19">Helldalslia</stop>
    <stop arrival="10:19" departure="10:19">Helldalslia</stop>
    <stop arrival="10:19" departure="10:19">Indre Sædal</stop>
    <stop arrival="10:20" departure="10:20">Rinddalen</stop>
    <stop arrival="10:21" departure="10:21">Merkurvegen (nyeveien)</stop>
    <stop arrival="10:21" departure="10:21">Nattland gård (nyeveien)</stop>
    <stop arrival="10:22">Birkelundstoppen</stop>
  </route>
  <route no="20" destination="Lagunen" url="http://www.web2051.no/bin/tp/zuginfo.exe/on/410925/140831/403428/64739/1/" trafficDays="kjører Ma - Fr, ikke 13., 17., 24. Mai">
    <stop departure="9:30" routeNo="20">Lønborglien snuplass</stop>
    <stop arrival="9:30" departure="9:30">Lønborglien 2</stop>
    <stop arrival="9:31" departure="9:31">Lønborglien 1</stop>
    <stop arrival="9:32" departure="9:32">Nordre Lønborg</stop>
    <stop arrival="9:33" departure="9:33">Lønborg</stop>
    <stop arrival="9:33" departure="9:33">Brunestykket</stop>
    <stop arrival="9:34" departure="9:34">Hellebakken</stop>
    <stop arrival="9:35" departure="9:35">Eikeviken</stop>
    <stop arrival="9:36" departure="9:36">Solbakken</stop>
    <stop arrival="9:37" departure="9:37">Handelshøyskolen</stop>
    <stop arrival="9:38" departure="9:38">Nyhavnsvei (Gamle Bergen)</stop>
    <stop arrival="9:40" departure="9:40">Munkebotten</stop>
    <stop arrival="9:41" departure="9:41">Ludebryggen</stop>
    <stop arrival="9:44" departure="9:44">Sandvikstorget</stop>
    <stop arrival="9:46" departure="9:46">Skutevikstorget</stop>
    <stop arrival="9:47" departure="9:47">Bontelabo</stop>
    <stop arrival="9:48" departure="9:48">Slottsgaten</stop>
    <stop arrival="9:49" departure="9:49">Bryggen</stop>
    <stop arrival="9:50" departure="9:50">Olav Kyrres gate</stop>
    <stop arrival="9:55" departure="9:55">Bergen Busstasjon</stop>
    <stop arrival="9:58" departure="9:58">Danmarksplass</stop>
    <stop arrival="9:59" departure="9:59">Solheimsgaten</stop>
    <stop arrival="10:00" departure="10:00">Reperbanen</stop>
    <stop arrival="10:02" departure="10:02">Fjøsangerveien/ Minde Allè</stop>
    <stop arrival="10:03" departure="10:03">Minde</stop>
    <stop arrival="10:04" departure="10:04">Elvebakken</stop>
    <stop arrival="10:04" departure="10:04">Storetveit</stop>
    <stop arrival="10:04" departure="10:04">Fantoft</stop>
    <stop arrival="10:05" departure="10:05">Nydalen</stop>
    <stop arrival="10:06" departure="10:06">Paradis</stop>
    <stop arrival="10:07" departure="10:07">Tveiteråsskiftet</stop>
    <stop arrival="10:08" departure="10:08">Hopsbro</stop>
    <stop arrival="10:10" departure="10:10">Hopstangen</stop>
    <stop arrival="10:11" departure="10:11">Nesttun terminal</stop>
    <stop arrival="10:13" departure="10:13">Nesttun</stop>
    <stop arrival="10:16" departure="10:16">Skjoldskiftet</stop>
    <stop arrival="10:16" departure="10:16">Nesttunbrekka</stop>
    <stop arrival="10:17" departure="10:17">Mårdalen</stop>
    <stop arrival="10:17" departure="10:17">Skjoldhøgda</stop>
    <stop arrival="10:17" departure="10:17">Skjold skole</stop>
    <stop arrival="10:18">Lagunen</stop>
  </route>
  <route no="560" destination="Krokeide Yrkesskole" url="http://www.web2051.no/bin/tp/zuginfo.exe/on/879687/298742/353346/116557/1/" trafficDays="kjører Lø, ikke 1. Mai">
    <stop departure="10:00" routeNo="560">Bergen Busstasjon</stop>
    <stop arrival="10:04" departure="10:04">Danmarksplass</stop>
    <stop arrival="10:05" departure="10:05">Solheimsgaten</stop>
    <stop arrival="10:06" departure="10:06">Reperbanen</stop>
    <stop arrival="10:08" departure="10:08">Fjøsangerveien/ Minde Allè</stop>
    <stop arrival="10:11" departure="10:11">Minde</stop>
    <stop arrival="10:12" departure="10:12">Elvebakken</stop>
    <stop arrival="10:12" departure="10:12">Storetveit</stop>
    <stop arrival="10:12" departure="10:12">Fantoft</stop>
    <stop arrival="10:13" departure="10:13">Nydalen</stop>
    <stop arrival="10:14" departure="10:14">Paradis</stop>
    <stop arrival="10:15" departure="10:15">Tveiteråsskiftet</stop>
    <stop arrival="10:16" departure="10:16">Hopsbro</stop>
    <stop arrival="10:18" departure="10:18">Hopstangen</stop>
    <stop arrival="10:19" departure="10:19">Nesttun terminal</stop>
    <stop arrival="10:21" departure="10:21">Nesttun</stop>
    <stop arrival="10:24" departure="10:24">Skjoldskiftet</stop>
    <stop arrival="10:24" departure="10:24">Nesttunbrekka</stop>
    <stop arrival="10:25" departure="10:25">Mårdalen</stop>
    <stop arrival="10:25" departure="10:25">Skjoldhøgda</stop>
    <stop arrival="10:25" departure="10:25">Skjold skole</stop>
    <stop arrival="10:26" departure="10:26">Lagunen</stop>
    <stop arrival="10:27" departure="10:27">Rådal</stop>
    <stop arrival="10:28" departure="10:28">Sunea</stop>
    <stop arrival="10:28" departure="10:28">Rådalshaug</stop>
    <stop arrival="10:28" departure="10:28">Steinknuseverket</stop>
    <stop arrival="10:29" departure="10:29">Hordnesskiftet Stend</stop>
    <stop arrival="10:30" departure="10:30">Konowskiftet</stop>
    <stop arrival="10:31" departure="10:31">Krykkjehaugen</stop>
    <stop arrival="10:32" departure="10:32">Fana</stop>
    <stop arrival="10:32" departure="10:32">Gaia Fana</stop>
    <stop arrival="10:33" departure="10:33">Vollaskiftet</stop>
    <stop arrival="10:34" departure="10:34">Fossen</stop>
    <stop arrival="10:34" departure="10:34">Saganeset 1</stop>
    <stop arrival="10:34" departure="10:34">Saganeset 2</stop>
    <stop arrival="10:35" departure="10:35">Salbu</stop>
    <stop arrival="10:36" departure="10:36">Rød, Krokeideveien</stop>
    <stop arrival="10:37" departure="10:37">Rød, Krokeideveien</stop>
    <stop arrival="10:38" departure="10:38">Breivik (Fana)</stop>
    <stop arrival="10:39" departure="10:39">Krokeide skole 1</stop>
    <stop arrival="10:39" departure="10:39">Krokeide skole 2</stop>
    <stop arrival="10:40" departure="10:40">Krokeide</stop>
    <stop arrival="10:41" departure="10:41">Krokeide</stop>
    <stop arrival="10:41" departure="10:41">Krokeide krysset</stop>
    <stop arrival="10:42">Krokeide Yrkesskole</stop>
  </route>
  <route no="21" destination="Søråshøgda snuplass" url="http://www.web2051.no/bin/tp/zuginfo.exe/on/741015/250983/519120/12560/1/" trafficDays="kjører Ma - Fr, ikke 13., 17., 24. Mai">
    <stop departure="9:55" routeNo="21">Olav Kyrres gate</stop>
    <stop arrival="10:00" departure="10:00">Bergen Busstasjon</stop>
    <stop arrival="10:04" departure="10:04">Danmarksplass</stop>
    <stop arrival="10:05" departure="10:05">Solheimsgaten</stop>
    <stop arrival="10:06" departure="10:06">Reperbanen</stop>
    <stop arrival="10:08" departure="10:08">Fjøsangerveien/ Minde Allè</stop>
    <stop arrival="10:12" departure="10:12">Minde</stop>
    <stop arrival="10:13" departure="10:13">Elvebakken</stop>
    <stop arrival="10:13" departure="10:13">Storetveit</stop>
    <stop arrival="10:13" departure="10:13">Fantoft</stop>
    <stop arrival="10:14" departure="10:14">Nydalen</stop>
    <stop arrival="10:15" departure="10:15">Paradis</stop>
    <stop arrival="10:16" departure="10:16">Tveiteråsskiftet</stop>
    <stop arrival="10:17" departure="10:17">Hopsbro</stop>
    <stop arrival="10:19" departure="10:19">Hopstangen</stop>
    <stop arrival="10:20" departure="10:20">Nesttun terminal</stop>
    <stop arrival="10:22" departure="10:22">Nesttun</stop>
    <stop arrival="10:25" departure="10:25">Skjoldskiftet</stop>
    <stop arrival="10:25" departure="10:25">Nesttunbrekka</stop>
    <stop arrival="10:26" departure="10:26">Mårdalen</stop>
    <stop arrival="10:26" departure="10:26">Skjoldhøgda</stop>
    <stop arrival="10:26" departure="10:26">Skjold skole</stop>
    <stop arrival="10:27" departure="10:27">Søråsveien</stop>
    <stop arrival="10:27" departure="10:27">Kilden senter</stop>
    <stop arrival="10:28" departure="10:28">Nordåsgrenda</stop>
    <stop arrival="10:29" departure="10:29">Nordåstræet</stop>
    <stop arrival="10:30" departure="10:30">Nordås</stop>
    <stop arrival="10:31" departure="10:31">Nordåstræet</stop>
    <stop arrival="10:32" departure="10:32">Nordåsgrenda</stop>
    <stop arrival="10:34" departure="10:34">Søråsgrenda</stop>
    <stop arrival="10:35">Søråshøgda snuplass</stop>
  </route>
  <route no="560" destination="Krokeide Yrkesskole" url="http://www.web2051.no/bin/tp/zuginfo.exe/on/554535/190384/402182/16246/1/" trafficDays="kjører Ma - Fr, ikke 13., 17., 24. Mai">
    <stop departure="10:00" routeNo="560">Bergen Busstasjon</stop>
    <stop arrival="10:05" departure="10:05">Danmarksplass</stop>
    <stop arrival="10:06" departure="10:06">Solheimsgaten</stop>
    <stop arrival="10:07" departure="10:07">Reperbanen</stop>
    <stop arrival="10:09" departure="10:09">Fjøsangerveien/ Minde Allè</stop>
    <stop arrival="10:13" departure="10:13">Minde</stop>
    <stop arrival="10:14" departure="10:14">Elvebakken</stop>
    <stop arrival="10:14" departure="10:14">Storetveit</stop>
    <stop arrival="10:14" departure="10:14">Fantoft</stop>
    <stop arrival="10:15" departure="10:15">Nydalen</stop>
    <stop arrival="10:16" departure="10:16">Paradis</stop>
    <stop arrival="10:17" departure="10:17">Tveiteråsskiftet</stop>
    <stop arrival="10:18" departure="10:18">Hopsbro</stop>
    <stop arrival="10:20" departure="10:20">Hopstangen</stop>
    <stop arrival="10:21" departure="10:21">Nesttun terminal</stop>
    <stop arrival="10:23" departure="10:23">Nesttun</stop>
    <stop arrival="10:26" departure="10:26">Skjoldskiftet</stop>
    <stop arrival="10:26" departure="10:26">Nesttunbrekka</stop>
    <stop arrival="10:27" departure="10:27">Mårdalen</stop>
    <stop arrival="10:27" departure="10:27">Skjoldhøgda</stop>
    <stop arrival="10:27" departure="10:27">Skjold skole</stop>
    <stop arrival="10:28" departure="10:28">Lagunen</stop>
    <stop arrival="10:29" departure="10:29">Rådal</stop>
    <stop arrival="10:30" departure="10:30">Sunea</stop>
    <stop arrival="10:30" departure="10:30">Rådalshaug</stop>
    <stop arrival="10:30" departure="10:30">Steinknuseverket</stop>
    <stop arrival="10:31" departure="10:31">Hordnesskiftet Stend</stop>
    <stop arrival="10:32" departure="10:32">Konowskiftet</stop>
    <stop arrival="10:33" departure="10:33">Krykkjehaugen</stop>
    <stop arrival="10:34" departure="10:34">Fana</stop>
    <stop arrival="10:34" departure="10:34">Gaia Fana</stop>
    <stop arrival="10:35" departure="10:35">Vollaskiftet</stop>
    <stop arrival="10:36" departure="10:36">Fossen</stop>
    <stop arrival="10:36" departure="10:36">Saganeset 1</stop>
    <stop arrival="10:36" departure="10:36">Saganeset 2</stop>
    <stop arrival="10:37" departure="10:37">Salbu</stop>
    <stop arrival="10:38" departure="10:38">Rød, Krokeideveien</stop>
    <stop arrival="10:39" departure="10:39">Rød, Krokeideveien</stop>
    <stop arrival="10:40" departure="10:40">Breivik (Fana)</stop>
    <stop arrival="10:41" departure="10:41">Krokeide skole 1</stop>
    <stop arrival="10:41" departure="10:41">Krokeide skole 2</stop>
    <stop arrival="10:42" departure="10:42">Krokeide</stop>
    <stop arrival="10:43" departure="10:43">Krokeide</stop>
    <stop arrival="10:43" departure="10:43">Krokeide krysset</stop>
    <stop arrival="10:44">Krokeide Yrkesskole</stop>
  </route>
  <route no="23" destination="Birkelandskrysset Terminal" url="http://www.web2051.no/bin/tp/zuginfo.exe/on/568536/193608/969194/295085/1/" trafficDays="kjører Lø, ikke 1. Mai">
    <stop departure="10:00" routeNo="23">Olav Kyrres gate</stop>
    <stop arrival="10:05" departure="10:05">Bergen Busstasjon</stop>
    <stop arrival="10:09" departure="10:09">Danmarksplass</stop>
    <stop arrival="10:10" departure="10:10">Solheimsgaten</stop>
    <stop arrival="10:11" departure="10:11">Reperbanen</stop>
    <stop arrival="10:13" departure="10:13">Fjøsangerveien/ Minde Allè</stop>
    <stop arrival="10:16" departure="10:16">Minde</stop>
    <stop arrival="10:17" departure="10:17">Elvebakken</stop>
    <stop arrival="10:17" departure="10:17">Storetveit</stop>
    <stop arrival="10:17" departure="10:17">Fantoft</stop>
    <stop arrival="10:18" departure="10:18">Nydalen</stop>
    <stop arrival="10:19" departure="10:19">Paradis</stop>
    <stop arrival="10:20" departure="10:20">Tveiteråsskiftet</stop>
    <stop arrival="10:21" departure="10:21">Hopsbro</stop>
    <stop arrival="10:23" departure="10:23">Hopstangen</stop>
    <stop arrival="10:24" departure="10:24">Nesttun terminal</stop>
    <stop arrival="10:26" departure="10:26">Nesttun</stop>
    <stop arrival="10:29" departure="10:29">Skjoldskiftet</stop>
    <stop arrival="10:30" departure="10:30">Nesttunbrekka</stop>
    <stop arrival="10:30" departure="10:30">Mårdalen</stop>
    <stop arrival="10:31" departure="10:31">Skjoldhøgda</stop>
    <stop arrival="10:32" departure="10:32">Skjold skole</stop>
    <stop arrival="10:33" departure="10:33">Lagunen</stop>
    <stop arrival="10:35" departure="10:35">Rådal</stop>
    <stop arrival="10:36" departure="10:36">Meyerskiftet</stop>
    <stop arrival="10:42" departure="10:42">Håvardstun</stop>
    <stop arrival="10:43" departure="10:43">Sandsliskiftet</stop>
    <stop arrival="10:44" departure="10:44">Gomarhaug</stop>
    <stop arrival="10:46">Birkelandskrysset Terminal</stop>
  </route>
  <route no="24" destination="Smørås snuplass" url="http://www.web2051.no/bin/tp/zuginfo.exe/on/32427/14977/301020/139701/1/" trafficDays="kjører Lø, ikke 1. Mai">
    <stop departure="9:43" routeNo="24">Lønborglien snuplass</stop>
    <stop arrival="9:43" departure="9:43">Lønborglien 2</stop>
    <stop arrival="9:44" departure="9:44">Lønborglien 1</stop>
    <stop arrival="9:45" departure="9:45">Nordre Lønborg</stop>
    <stop arrival="9:46" departure="9:46">Lønborg</stop>
    <stop arrival="9:46" departure="9:46">Brunestykket</stop>
    <stop arrival="9:47" departure="9:47">Hellebakken</stop>
    <stop arrival="9:48" departure="9:48">Eikeviken</stop>
    <stop arrival="9:49" departure="9:49">Solbakken</stop>
    <stop arrival="9:50" departure="9:50">Handelshøyskolen</stop>
    <stop arrival="9:51" departure="9:51">Nyhavnsvei (Gamle Bergen)</stop>
    <stop arrival="9:52" departure="9:52">Munkebotten</stop>
    <stop arrival="9:53" departure="9:53">Ludebryggen</stop>
    <stop arrival="9:55" departure="9:55">Sandvikstorget</stop>
    <stop arrival="9:57" departure="9:57">Skutevikstorget</stop>
    <stop arrival="9:57" departure="9:57">Bontelabo</stop>
    <stop arrival="9:58" departure="9:58">Slottsgaten</stop>
    <stop arrival="9:59" departure="9:59">Bryggen</stop>
    <stop arrival="10:00" departure="10:00">Olav Kyrres gate</stop>
    <stop arrival="10:05" departure="10:05">Bergen Busstasjon</stop>
    <stop arrival="10:09" departure="10:09">Danmarksplass</stop>
    <stop arrival="10:10" departure="10:10">Solheimsgaten</stop>
    <stop arrival="10:11" departure="10:11">Reperbanen</stop>
    <stop arrival="10:13" departure="10:13">Fjøsangerveien/ Minde Allè</stop>
    <stop arrival="10:16" departure="10:16">Minde</stop>
    <stop arrival="10:17" departure="10:17">Elvebakken</stop>
    <stop arrival="10:17" departure="10:17">Storetveit</stop>
    <stop arrival="10:17" departure="10:17">Fantoft</stop>
    <stop arrival="10:18" departure="10:18">Nydalen</stop>
    <stop arrival="10:19" departure="10:19">Paradis</stop>
    <stop arrival="10:20" departure="10:20">Tveiteråsskiftet</stop>
    <stop arrival="10:21" departure="10:21">Hopsbro</stop>
    <stop arrival="10:23" departure="10:23">Hopstangen</stop>
    <stop arrival="10:24" departure="10:24">Nesttun terminal</stop>
    <stop arrival="10:24" departure="10:24">Nesttun</stop>
    <stop arrival="10:26" departure="10:26">Nesttunhallen</stop>
    <stop arrival="10:26" departure="10:26">Gamle kyrkjeveg</stop>
    <stop arrival="10:26" departure="10:26">Tranevegen</stop>
    <stop arrival="10:27" departure="10:27">Hjortevegen</stop>
    <stop arrival="10:27" departure="10:27">Dådyrvegen</stop>
    <stop arrival="10:28" departure="10:28">Nedre Smøråsvegen</stop>
    <stop arrival="10:29" departure="10:29">Smørås</stop>
    <stop arrival="10:30">Smørås snuplass</stop>
  </route>
  <route no="23" destination="Birkelandskrysset Terminal" url="http://www.web2051.no/bin/tp/zuginfo.exe/on/163011/58460/883504/387420/1/" trafficDays="kjører Ma - Fr, ikke 13., 17., 24. Mai">
    <stop departure="10:00" routeNo="23">Olav Kyrres gate</stop>
    <stop arrival="10:05" departure="10:05">Bergen Busstasjon</stop>
    <stop arrival="10:10" departure="10:10">Danmarksplass</stop>
    <stop arrival="10:11" departure="10:11">Solheimsgaten</stop>
    <stop arrival="10:12" departure="10:12">Reperbanen</stop>
    <stop arrival="10:14" departure="10:14">Fjøsangerveien/ Minde Allè</stop>
    <stop arrival="10:17" departure="10:17">Minde</stop>
    <stop arrival="10:18" departure="10:18">Elvebakken</stop>
    <stop arrival="10:18" departure="10:18">Storetveit</stop>
    <stop arrival="10:18" departure="10:18">Fantoft</stop>
    <stop arrival="10:19" departure="10:19">Nydalen</stop>
    <stop arrival="10:20" departure="10:20">Paradis</stop>
    <stop arrival="10:21" departure="10:21">Tveiteråsskiftet</stop>
    <stop arrival="10:22" departure="10:22">Hopsbro</stop>
    <stop arrival="10:24" departure="10:24">Hopstangen</stop>
    <stop arrival="10:25" departure="10:25">Nesttun terminal</stop>
    <stop arrival="10:27" departure="10:27">Nesttun</stop>
    <stop arrival="10:30" departure="10:30">Skjoldskiftet</stop>
    <stop arrival="10:30" departure="10:30">Nesttunbrekka</stop>
    <stop arrival="10:31" departure="10:31">Mårdalen</stop>
    <stop arrival="10:31" departure="10:31">Skjoldhøgda</stop>
    <stop arrival="10:31" departure="10:31">Skjold skole</stop>
    <stop arrival="10:32" departure="10:32">Lagunen</stop>
    <stop arrival="10:34" departure="10:34">Rådal</stop>
    <stop arrival="10:37" departure="10:37">Meyerskiftet</stop>
    <stop arrival="10:44" departure="10:44">Håvardstun</stop>
    <stop arrival="10:45" departure="10:45">Sandsliskiftet</stop>
    <stop arrival="10:47" departure="10:47">Gomarhaug</stop>
    <stop arrival="10:50">Birkelandskrysset Terminal</stop>
  </route>
  <route no="24" destination="Smørås snuplass" url="http://www.web2051.no/bin/tp/zuginfo.exe/on/621849/211483/238038/88269/1/" trafficDays="kjører Ma - Fr, ikke 13., 17., 24. Mai">
    <stop departure="9:40" routeNo="24">Lønborglien snuplass</stop>
    <stop arrival="9:40" departure="9:40">Lønborglien 2</stop>
    <stop arrival="9:41" departure="9:41">Lønborglien 1</stop>
    <stop arrival="9:42" departure="9:42">Nordre Lønborg</stop>
    <stop arrival="9:43" departure="9:43">Lønborg</stop>
    <stop arrival="9:43" departure="9:43">Brunestykket</stop>
    <stop arrival="9:44" departure="9:44">Hellebakken</stop>
    <stop arrival="9:45" departure="9:45">Eikeviken</stop>
    <stop arrival="9:46" departure="9:46">Solbakken</stop>
    <stop arrival="9:47" departure="9:47">Handelshøyskolen</stop>
    <stop arrival="9:48" departure="9:48">Nyhavnsvei (Gamle Bergen)</stop>
    <stop arrival="9:50" departure="9:50">Munkebotten</stop>
    <stop arrival="9:51" departure="9:51">Ludebryggen</stop>
    <stop arrival="9:54" departure="9:54">Sandvikstorget</stop>
    <stop arrival="9:56" departure="9:56">Skutevikstorget</stop>
    <stop arrival="9:57" departure="9:57">Bontelabo</stop>
    <stop arrival="9:58" departure="9:58">Slottsgaten</stop>
    <stop arrival="9:59" departure="9:59">Bryggen</stop>
    <stop arrival="10:00" departure="10:00">Olav Kyrres gate</stop>
    <stop arrival="10:05" departure="10:05">Bergen Busstasjon</stop>
    <stop arrival="10:09" departure="10:09">Danmarksplass</stop>
    <stop arrival="10:10" departure="10:10">Solheimsgaten</stop>
    <stop arrival="10:11" departure="10:11">Reperbanen</stop>
    <stop arrival="10:13" departure="10:13">Fjøsangerveien/ Minde Allè</stop>
    <stop arrival="10:17" departure="10:17">Minde</stop>
    <stop arrival="10:18" departure="10:18">Elvebakken</stop>
    <stop arrival="10:18" departure="10:18">Storetveit</stop>
    <stop arrival="10:18" departure="10:18">Fantoft</stop>
    <stop arrival="10:19" departure="10:19">Nydalen</stop>
    <stop arrival="10:20" departure="10:20">Paradis</stop>
    <stop arrival="10:21" departure="10:21">Tveiteråsskiftet</stop>
    <stop arrival="10:22" departure="10:22">Hopsbro</stop>
    <stop arrival="10:24" departure="10:24">Hopstangen</stop>
    <stop arrival="10:25" departure="10:25">Nesttun terminal</stop>
    <stop arrival="10:25" departure="10:25">Nesttun</stop>
    <stop arrival="10:27" departure="10:27">Nesttunhallen</stop>
    <stop arrival="10:27" departure="10:27">Gamle kyrkjeveg</stop>
    <stop arrival="10:27" departure="10:27">Tranevegen</stop>
    <stop arrival="10:28" departure="10:28">Hjortevegen</stop>
    <stop arrival="10:29" departure="10:29">Dådyrvegen</stop>
    <stop arrival="10:29" departure="10:29">Nedre Smøråsvegen</stop>
    <stop arrival="10:31" departure="10:31">Smørås</stop>
    <stop arrival="10:32">Smørås snuplass</stop>
  </route>
  <route no="620" destination="Os - Osøyro" url="http://www.web2051.no/bin/tp/zuginfo.exe/on/767955/261757/714086/101059/1/" trafficDays="kjører Ma - Fr, ikke 13., 17., 24. Mai">
    <stop departure="10:10" routeNo="620">Bergen Busstasjon</stop>
    <stop arrival="10:13" departure="10:13">Danmarksplass</stop>
    <stop arrival="10:14" departure="10:14">Solheimsgaten</stop>
    <stop arrival="10:15" departure="10:15">Reperbanen</stop>
    <stop arrival="10:17" departure="10:17">Fjøsangerveien/ Minde Allè</stop>
    <stop arrival="10:18" departure="10:18">Minde</stop>
    <stop arrival="10:19" departure="10:19">Elvebakken</stop>
    <stop arrival="10:19" departure="10:19">Storetveit</stop>
    <stop arrival="10:19" departure="10:19">Fantoft</stop>
    <stop arrival="10:20" departure="10:20">Nydalen</stop>
    <stop arrival="10:21" departure="10:21">Paradis</stop>
    <stop arrival="10:22" departure="10:22">Tveiteråsskiftet</stop>
    <stop arrival="10:23" departure="10:23">Hopsbro</stop>
    <stop arrival="10:25" departure="10:25">Hopstangen</stop>
    <stop arrival="10:26" departure="10:26">Nesttun terminal</stop>
    <stop arrival="10:26" departure="10:26">Nesttun</stop>
    <stop arrival="10:27" departure="10:27">Skjoldskiftet</stop>
    <stop arrival="10:28" departure="10:28">Elvenes vegkryss</stop>
    <stop arrival="10:28" departure="10:28">Bjørkåsen</stop>
    <stop arrival="10:29" departure="10:29">Lilletvedt</stop>
    <stop arrival="10:30" departure="10:30">Kirkebirkeland</stop>
    <stop arrival="10:31" departure="10:31">Valle (Fana)</stop>
    <stop arrival="10:32" departure="10:32">Hatlestad terr.</stop>
    <stop arrival="10:34" departure="10:34">Øvre Hatlestad</stop>
    <stop arrival="10:36" departure="10:36">Sandven</stop>
    <stop arrival="10:37" departure="10:37">Nedre Sandven</stop>
    <stop arrival="10:38" departure="10:38">Kaland skole (Fana)</stop>
    <stop arrival="10:39" departure="10:39">Kaland (Fana)</stop>
    <stop arrival="10:40" departure="10:40">Austevoll (Fana)</stop>
    <stop arrival="10:41" departure="10:41">Kalandseid</stop>
    <stop arrival="10:41" departure="10:41">Fløysand</stop>
    <stop arrival="10:42" departure="10:42">Bahus</stop>
    <stop arrival="10:43" departure="10:43">Røykenes (Os)</stop>
    <stop arrival="10:44" departure="10:44">Tømmernes</stop>
    <stop arrival="10:45" departure="10:45">Gåssandskiftet</stop>
    <stop arrival="10:45" departure="10:45">Søfteland</stop>
    <stop arrival="10:46" departure="10:46">Søfteland skule</stop>
    <stop arrival="10:47" departure="10:47">Storestraumen</stop>
    <stop arrival="10:49" departure="10:49">Hetleflåttre</stop>
    <stop arrival="10:50" departure="10:50">Hetleflåten</stop>
    <stop arrival="10:51" departure="10:51">Ulvenskiftet</stop>
    <stop arrival="10:51" departure="10:51">Tøsdalskiftet</stop>
    <stop arrival="10:52" departure="10:52">Flåten Senter</stop>
    <stop arrival="10:53" departure="10:53">Flåten (Os)</stop>
    <stop arrival="10:54" departure="10:54">Kuven</stop>
    <stop arrival="10:55" departure="10:55">Fjellheim</stop>
    <stop arrival="10:56">Os - Osøyro</stop>
  </route>
  <route no="50" destination="Dolvik terminal" url="http://www.web2051.no/bin/tp/zuginfo.exe/on/456783/153107/574936/135208/1/" trafficDays="kjører Ma - Fr, ikke 13., 17., 24. Mai">
    <stop departure="9:40" routeNo="50">Åsane terminal</stop>
    <stop arrival="9:41" departure="9:41">Hesthaugen</stop>
    <stop arrival="9:42" departure="9:42">Stamskaret</stop>
    <stop arrival="9:43" departure="9:43">Tertneskrysset gamleveien</stop>
    <stop arrival="9:44" departure="9:44">Griggastemma</stop>
    <stop arrival="9:45" departure="9:45">Åstveitvegen</stop>
    <stop arrival="9:45" departure="9:45">Ervik øvre</stop>
    <stop arrival="9:46" departure="9:46">Ervik nedre (Sellesvingen)</stop>
    <stop arrival="9:47" departure="9:47">Selvikvegen</stop>
    <stop arrival="9:48" departure="9:48">Eidsvåg</stop>
    <stop arrival="9:50" departure="9:50">Handelshøyskolen</stop>
    <stop arrival="9:52" departure="9:52">Nyhavnsvei (Gamle Bergen)</stop>
    <stop arrival="9:54" departure="9:54">Munkebotten</stop>
    <stop arrival="9:55" departure="9:55">Ludebryggen</stop>
    <stop arrival="9:56" departure="9:56">Sandvikstorget</stop>
    <stop arrival="9:58" departure="9:58">Skutevikstorget</stop>
    <stop arrival="9:59" departure="9:59">Bontelabo</stop>
    <stop arrival="10:01" departure="10:01">Slottsgaten</stop>
    <stop arrival="10:02" departure="10:02">Bryggen</stop>
    <stop arrival="10:03" departure="10:03">Småstrandgaten</stop>
    <stop arrival="10:04" departure="10:04">Nygaten</stop>
    <stop arrival="10:05" departure="10:05">Statsporten (jernbanen)</stop>
    <stop arrival="10:08" departure="10:08">Kalfarlien</stop>
    <stop arrival="10:09" departure="10:09">Kalvedalsveien</stop>
    <stop arrival="10:10" departure="10:10">Svartediksveien</stop>
    <stop arrival="10:11" departure="10:11">Statsarkivet</stop>
    <stop arrival="10:12" departure="10:12">Haraldsplass sykehus</stop>
    <stop arrival="10:13" departure="10:13">Haukeland sykehus nord</stop>
    <stop arrival="10:14" departure="10:14">Haukeland sykehus sør</stop>
    <stop arrival="10:15" departure="10:15">Fridalen</stop>
    <stop arrival="10:15" departure="10:15">Langhaugen</stop>
    <stop arrival="10:16" departure="10:16">Landåssvingen</stop>
    <stop arrival="10:16" departure="10:16">Landåstorget</stop>
    <stop arrival="10:17" departure="10:17">Erleveien</stop>
    <stop arrival="10:17" departure="10:17">Wier-Jenssens vei</stop>
    <stop arrival="10:18" departure="10:18">Mannsverk</stop>
    <stop arrival="10:18" departure="10:18">Bolstad</stop>
    <stop arrival="10:19" departure="10:19">Hans Jægers vei</stop>
    <stop arrival="10:19" departure="10:19">Kolstibotn</stop>
    <stop arrival="10:19" departure="10:19">Knausen</stop>
    <stop arrival="10:20" departure="10:20">Birkelundstoppen</stop>
    <stop arrival="10:21" departure="10:21">Birkelundsbakken</stop>
    <stop arrival="10:21" departure="10:21">Natlandslien</stop>
    <stop arrival="10:22" departure="10:22">Stavkirken</stop>
    <stop arrival="10:23" departure="10:23">Paradis</stop>
    <stop arrival="10:24" departure="10:24">Tveiteråsskiftet</stop>
    <stop arrival="10:25" departure="10:25">Hopsbro</stop>
    <stop arrival="10:27" departure="10:27">Hopstangen</stop>
    <stop arrival="10:28" departure="10:28">Nesttun terminal</stop>
    <stop arrival="10:30" departure="10:30">Nesttun</stop>
    <stop arrival="10:33" departure="10:33">Skjoldskiftet</stop>
    <stop arrival="10:33" departure="10:33">Nesttunbrekka</stop>
    <stop arrival="10:34" departure="10:34">Mårdalen</stop>
    <stop arrival="10:34" departure="10:34">Skjoldhøgda</stop>
    <stop arrival="10:34" departure="10:34">Skjold skole</stop>
    <stop arrival="10:35" departure="10:35">Lagunen</stop>
    <stop arrival="10:36" departure="10:36">Rådal</stop>
    <stop arrival="10:37" departure="10:37">Meyerskiftet</stop>
    <stop arrival="10:41" departure="10:41">Håvardstun</stop>
    <stop arrival="10:42" departure="10:42">Statoil stasjon Sandsli</stop>
    <stop arrival="10:43" departure="10:43">Hydro Sandsli</stop>
    <stop arrival="10:44" departure="10:44">Petedalsheia</stop>
    <stop arrival="10:45" departure="10:45">Fanatorget</stop>
    <stop arrival="10:50">Dolvik terminal</stop>
  </route>
  <route no="23" destination="Birkelandskrysset Terminal" url="http://www.web2051.no/bin/tp/zuginfo.exe/on/328752/113664/73014/73079/1/" trafficDays="kjører Sø, også 1., 13., 17., 24. Mai">
    <stop departure="10:05" routeNo="23">Olav Kyrres gate</stop>
    <stop arrival="10:10" departure="10:10">Bergen Busstasjon</stop>
    <stop arrival="10:14" departure="10:14">Danmarksplass</stop>
    <stop arrival="10:15" departure="10:15">Solheimsgaten</stop>
    <stop arrival="10:16" departure="10:16">Reperbanen</stop>
    <stop arrival="10:17" departure="10:17">Fjøsangerveien/ Minde Allè</stop>
    <stop arrival="10:20" departure="10:20">Minde</stop>
    <stop arrival="10:21" departure="10:21">Elvebakken</stop>
    <stop arrival="10:22" departure="10:22">Storetveit</stop>
    <stop arrival="10:22" departure="10:22">Fantoft</stop>
    <stop arrival="10:23" departure="10:23">Nydalen</stop>
    <stop arrival="10:24" departure="10:24">Paradis</stop>
    <stop arrival="10:25" departure="10:25">Tveiteråsskiftet</stop>
    <stop arrival="10:26" departure="10:26">Hopsbro</stop>
    <stop arrival="10:28" departure="10:28">Hopstangen</stop>
    <stop arrival="10:29" departure="10:29">Nesttun terminal</stop>
    <stop arrival="10:31" departure="10:31">Nesttun</stop>
    <stop arrival="10:34" departure="10:34">Skjoldskiftet</stop>
    <stop arrival="10:34" departure="10:34">Nesttunbrekka</stop>
    <stop arrival="10:35" departure="10:35">Mårdalen</stop>
    <stop arrival="10:35" departure="10:35">Skjoldhøgda</stop>
    <stop arrival="10:35" departure="10:35">Skjold skole</stop>
    <stop arrival="10:36" departure="10:36">Lagunen</stop>
    <stop arrival="10:38" departure="10:38">Rådal</stop>
    <stop arrival="10:39" departure="10:39">Meyerskiftet</stop>
    <stop arrival="10:45" departure="10:45">Håvardstun</stop>
    <stop arrival="10:46" departure="10:46">Sandsliskiftet</stop>
    <stop arrival="10:47" departure="10:47">Gomarhaug</stop>
    <stop arrival="10:49">Birkelandskrysset Terminal</stop>
  </route>
  <route no="24" destination="Nesttun terminal" url="http://www.web2051.no/bin/tp/zuginfo.exe/on/24753/12416/15340/582/1/" trafficDays="kjører Lø, ikke 1. Mai">
    <stop departure="9:37" routeNo="24">Åsane terminal</stop>
    <stop arrival="9:38" departure="9:38">Hesthaugen</stop>
    <stop arrival="9:39" departure="9:39">Stamskaret</stop>
    <stop arrival="9:40" departure="9:40">Tertneskrysset gamleveien</stop>
    <stop arrival="9:41" departure="9:41">Griggastemma</stop>
    <stop arrival="9:43" departure="9:43">Nedre Åstveit snuplass</stop>
    <stop arrival="9:45" departure="9:45">Åstveitvegen</stop>
    <stop arrival="9:46" departure="9:46">Ervik øvre</stop>
    <stop arrival="9:47" departure="9:47">Ervik nedre (Sellesvingen)</stop>
    <stop arrival="9:48" departure="9:48">Eidsvåg gamlevegen</stop>
    <stop arrival="9:48" departure="9:48">Fabrikkvegen</stop>
    <stop arrival="9:51" departure="9:51">Hagebyen (Eidsvåg)</stop>
    <stop arrival="9:52" departure="9:52">Lillevågen</stop>
    <stop arrival="9:52" departure="9:52">Tømmervågen</stop>
    <stop arrival="9:53" departure="9:53">Trollbekken</stop>
    <stop arrival="9:53" departure="9:53">Trolldalen (Eidsvågneset)</stop>
    <stop arrival="9:54" departure="9:54">Fagerbakken</stop>
    <stop arrival="9:55" departure="9:55">Nordre Lønborg</stop>
    <stop arrival="9:56" departure="9:56">Lønborg</stop>
    <stop arrival="9:56" departure="9:56">Brunestykket</stop>
    <stop arrival="9:57" departure="9:57">Hellebakken</stop>
    <stop arrival="9:58" departure="9:58">Eikeviken</stop>
    <stop arrival="9:59" departure="9:59">Solbakken</stop>
    <stop arrival="10:00" departure="10:00">Handelshøyskolen</stop>
    <stop arrival="10:01" departure="10:01">Nyhavnsvei (Gamle Bergen)</stop>
    <stop arrival="10:02" departure="10:02">Munkebotten</stop>
    <stop arrival="10:03" departure="10:03">Ludebryggen</stop>
    <stop arrival="10:05" departure="10:05">Sandvikstorget</stop>
    <stop arrival="10:07" departure="10:07">Skutevikstorget</stop>
    <stop arrival="10:07" departure="10:07">Bontelabo</stop>
    <stop arrival="10:08" departure="10:08">Slottsgaten</stop>
    <stop arrival="10:09" departure="10:09">Bryggen</stop>
    <stop arrival="10:10" departure="10:10">Olav Kyrres gate</stop>
    <stop arrival="10:15" departure="10:15">Bergen Busstasjon</stop>
    <stop arrival="10:19" departure="10:19">Danmarksplass</stop>
    <stop arrival="10:20" departure="10:20">Solheimsgaten</stop>
    <stop arrival="10:21" departure="10:21">Reperbanen</stop>
    <stop arrival="10:23" departure="10:23">Fjøsangerveien/ Minde Allè</stop>
    <stop arrival="10:26" departure="10:26">Minde</stop>
    <stop arrival="10:27" departure="10:27">Elvebakken</stop>
    <stop arrival="10:27" departure="10:27">Storetveit</stop>
    <stop arrival="10:27" departure="10:27">Fantoft</stop>
    <stop arrival="10:28" departure="10:28">Nydalen</stop>
    <stop arrival="10:29" departure="10:29">Paradis</stop>
    <stop arrival="10:30" departure="10:30">Tveiteråsskiftet</stop>
    <stop arrival="10:31" departure="10:31">Hopsbro</stop>
    <stop arrival="10:33" departure="10:33">Hopstangen</stop>
    <stop arrival="10:34">Nesttun terminal</stop>
  </route>
  <route no="24" destination="Nesttun terminal" url="http://www.web2051.no/bin/tp/zuginfo.exe/on/985947/332855/525748/65778/1/" trafficDays="kjører Ma - Fr, ikke 13., 17., 24. Mai">
    <stop departure="9:34" routeNo="24">Åsane terminal</stop>
    <stop arrival="9:35" departure="9:35">Hesthaugen</stop>
    <stop arrival="9:36" departure="9:36">Stamskaret</stop>
    <stop arrival="9:37" departure="9:37">Tertneskrysset gamleveien</stop>
    <stop arrival="9:38" departure="9:38">Griggastemma</stop>
    <stop arrival="9:38" departure="9:38">Åstveitvegen</stop>
    <stop arrival="9:39" departure="9:39">Ervik øvre</stop>
    <stop arrival="9:40" departure="9:40">Ervik nedre (Sellesvingen)</stop>
    <stop arrival="9:41" departure="9:41">Selvikvegen</stop>
    <stop arrival="9:42" departure="9:42">Eidsvåg gamlevegen</stop>
    <stop arrival="9:42" departure="9:42">Fabrikkvegen</stop>
    <stop arrival="9:44" departure="9:44">Hagebyen (Eidsvåg)</stop>
    <stop arrival="9:45" departure="9:45">Lillevågen</stop>
    <stop arrival="9:46" departure="9:46">Tømmervågen</stop>
    <stop arrival="9:47" departure="9:47">Trollbekken</stop>
    <stop arrival="9:48" departure="9:48">Trolldalen (Eidsvågneset)</stop>
    <stop arrival="9:50" departure="9:50">Fagerbakken</stop>
    <stop arrival="9:52" departure="9:52">Nordre Lønborg</stop>
    <stop arrival="9:53" departure="9:53">Lønborg</stop>
    <stop arrival="9:53" departure="9:53">Brunestykket</stop>
    <stop arrival="9:54" departure="9:54">Hellebakken</stop>
    <stop arrival="9:55" departure="9:55">Eikeviken</stop>
    <stop arrival="9:56" departure="9:56">Solbakken</stop>
    <stop arrival="9:57" departure="9:57">Handelshøyskolen</stop>
    <stop arrival="9:59" departure="9:59">Nyhavnsvei (Gamle Bergen)</stop>
    <stop arrival="10:01" departure="10:01">Munkebotten</stop>
    <stop arrival="10:02" departure="10:02">Ludebryggen</stop>
    <stop arrival="10:03" departure="10:03">Sandvikstorget</stop>
    <stop arrival="10:05" departure="10:05">Skutevikstorget</stop>
    <stop arrival="10:06" departure="10:06">Bontelabo</stop>
    <stop arrival="10:08" departure="10:08">Slottsgaten</stop>
    <stop arrival="10:09" departure="10:09">Bryggen</stop>
    <stop arrival="10:10" departure="10:10">Olav Kyrres gate</stop>
    <stop arrival="10:15" departure="10:15">Bergen Busstasjon</stop>
    <stop arrival="10:19" departure="10:19">Danmarksplass</stop>
    <stop arrival="10:20" departure="10:20">Solheimsgaten</stop>
    <stop arrival="10:21" departure="10:21">Reperbanen</stop>
    <stop arrival="10:23" departure="10:23">Fjøsangerveien/ Minde Allè</stop>
    <stop arrival="10:27" departure="10:27">Minde</stop>
    <stop arrival="10:28" departure="10:28">Elvebakken</stop>
    <stop arrival="10:28" departure="10:28">Storetveit</stop>
    <stop arrival="10:28" departure="10:28">Fantoft</stop>
    <stop arrival="10:29" departure="10:29">Nydalen</stop>
    <stop arrival="10:30" departure="10:30">Paradis</stop>
    <stop arrival="10:31" departure="10:31">Tveiteråsskiftet</stop>
    <stop arrival="10:32" departure="10:32">Hopsbro</stop>
    <stop arrival="10:34" departure="10:34">Hopstangen</stop>
    <stop arrival="10:35">Nesttun terminal</stop>
  </route>
  <route no="620" destination="Os - Osøyro" url="http://www.web2051.no/bin/tp/zuginfo.exe/on/483231/166801/293738/14208/1/" trafficDays="kjører Lø, ikke 1. Mai">
    <stop departure="10:15" routeNo="620">Olav Kyrres gate</stop>
    <stop arrival="10:20" departure="10:20">Bergen Busstasjon</stop>
    <stop arrival="10:23" departure="10:23">Danmarksplass</stop>
    <stop arrival="10:24" departure="10:24">Solheimsgaten</stop>
    <stop arrival="10:25" departure="10:25">Reperbanen</stop>
    <stop arrival="10:27" departure="10:27">Fjøsangerveien/ Minde Allè</stop>
    <stop arrival="10:28" departure="10:28">Minde</stop>
    <stop arrival="10:29" departure="10:29">Elvebakken</stop>
    <stop arrival="10:29" departure="10:29">Storetveit</stop>
    <stop arrival="10:29" departure="10:29">Fantoft</stop>
    <stop arrival="10:30" departure="10:30">Nydalen</stop>
    <stop arrival="10:31" departure="10:31">Paradis</stop>
    <stop arrival="10:32" departure="10:32">Tveiteråsskiftet</stop>
    <stop arrival="10:33" departure="10:33">Hopsbro</stop>
    <stop arrival="10:35" departure="10:35">Hopstangen</stop>
    <stop arrival="10:36" departure="10:36">Nesttun terminal</stop>
    <stop arrival="10:36" departure="10:36">Nesttun</stop>
    <stop arrival="10:37" departure="10:37">Skjoldskiftet</stop>
    <stop arrival="10:38" departure="10:38">Elvenes vegkryss</stop>
    <stop arrival="10:38" departure="10:38">Bjørkåsen</stop>
    <stop arrival="10:39" departure="10:39">Lilletvedt</stop>
    <stop arrival="10:40" departure="10:40">Kirkebirkeland</stop>
    <stop arrival="10:41" departure="10:41">Valle (Fana)</stop>
    <stop arrival="10:42" departure="10:42">Hatlestad terr.</stop>
    <stop arrival="10:44" departure="10:44">Øvre Hatlestad</stop>
    <stop arrival="10:46" departure="10:46">Sandven</stop>
    <stop arrival="10:47" departure="10:47">Nedre Sandven</stop>
    <stop arrival="10:48" departure="10:48">Kaland skole (Fana)</stop>
    <stop arrival="10:49" departure="10:49">Kaland (Fana)</stop>
    <stop arrival="10:50" departure="10:50">Austevoll (Fana)</stop>
    <stop arrival="10:51" departure="10:51">Kalandseid</stop>
    <stop arrival="10:51" departure="10:51">Fløysand</stop>
    <stop arrival="10:52" departure="10:52">Bahus</stop>
    <stop arrival="10:53" departure="10:53">Røykenes (Os)</stop>
    <stop arrival="10:54" departure="10:54">Tømmernes</stop>
    <stop arrival="10:55" departure="10:55">Gåssandskiftet</stop>
    <stop arrival="10:55" departure="10:55">Søfteland</stop>
    <stop arrival="10:56" departure="10:56">Søfteland skule</stop>
    <stop arrival="10:57" departure="10:57">Storestraumen</stop>
    <stop arrival="10:59" departure="10:59">Hetleflåttre</stop>
    <stop arrival="11:00" departure="11:00">Hetleflåten</stop>
    <stop arrival="11:01" departure="11:01">Ulvenskiftet</stop>
    <stop arrival="11:01" departure="11:01">Tøsdalskiftet</stop>
    <stop arrival="11:02" departure="11:02">Flåten Senter</stop>
    <stop arrival="11:03" departure="11:03">Flåten (Os)</stop>
    <stop arrival="11:04" departure="11:04">Kuven</stop>
    <stop arrival="11:05" departure="11:05">Fjellheim</stop>
    <stop arrival="11:06">Os - Osøyro</stop>
  </route>
  <route no="22" destination="Birkelundstoppen" url="http://www.web2051.no/bin/tp/zuginfo.exe/on/425631/145933/799616/257934/1/" trafficDays="kjører Ma - Fr, ikke 13., 17., 24. Mai">
    <stop departure="10:15" routeNo="22">Olav Kyrres gate</stop>
    <stop arrival="10:20" departure="10:20">Bergen Busstasjon</stop>
    <stop arrival="10:25" departure="10:25">Danmarksplass</stop>
    <stop arrival="10:26" departure="10:26">Solheimsgaten</stop>
    <stop arrival="10:27" departure="10:27">Reperbanen</stop>
    <stop arrival="10:28" departure="10:28">Fjøsangerveien/ Minde Allè</stop>
    <stop arrival="10:30" departure="10:30">Minde</stop>
    <stop arrival="10:31" departure="10:31">Elvebakken</stop>
    <stop arrival="10:31" departure="10:31">Storetveit</stop>
    <stop arrival="10:31" departure="10:31">Fantoft</stop>
    <stop arrival="10:32" departure="10:32">Nydalen</stop>
    <stop arrival="10:33" departure="10:33">Paradis</stop>
    <stop arrival="10:34" departure="10:34">Tveiteråsskiftet</stop>
    <stop arrival="10:35" departure="10:35">Hopsbro</stop>
    <stop arrival="10:37" departure="10:37">Hopstangen</stop>
    <stop arrival="10:38" departure="10:38">Nesttun terminal</stop>
    <stop arrival="10:39" departure="10:39">Nesttun</stop>
    <stop arrival="10:39" departure="10:39">Herredshuset, Nesttun</stop>
    <stop arrival="10:40" departure="10:40">Midtun bro</stop>
    <stop arrival="10:42" departure="10:42">Midttunflaten</stop>
    <stop arrival="10:43" departure="10:43">Sandbrekkeveien</stop>
    <stop arrival="10:43" departure="10:43">Sandalskollen</stop>
    <stop arrival="10:45" departure="10:45">Kringlebotn</stop>
    <stop arrival="10:46" departure="10:46">Kjenndalslia</stop>
    <stop arrival="10:47" departure="10:47">Kjenndalsåsen</stop>
    <stop arrival="10:48" departure="10:48">Sandalsringen snuplass</stop>
    <stop arrival="10:49" departure="10:49">Helldalslia</stop>
    <stop arrival="10:50" departure="10:50">Helldalslia</stop>
    <stop arrival="10:50" departure="10:50">Indre Sædal</stop>
    <stop arrival="10:51" departure="10:51">Rinddalen</stop>
    <stop arrival="10:53" departure="10:53">Merkurvegen (nyeveien)</stop>
    <stop arrival="10:54" departure="10:54">Nattland gård (nyeveien)</stop>
    <stop arrival="10:55">Birkelundstoppen</stop>
  </route>
  <route no="21" destination="Søråshøgda snuplass" url="http://www.web2051.no/bin/tp/zuginfo.exe/on/107295/39724/726676/327573/1/" trafficDays="kjører Lø, ikke 1. Mai">
    <stop departure="10:15" routeNo="21">Olav Kyrres gate</stop>
    <stop arrival="10:20" departure="10:20">Bergen Busstasjon</stop>
    <stop arrival="10:24" departure="10:24">Danmarksplass</stop>
    <stop arrival="10:25" departure="10:25">Solheimsgaten</stop>
    <stop arrival="10:26" departure="10:26">Reperbanen</stop>
    <stop arrival="10:28" departure="10:28">Fjøsangerveien/ Minde Allè</stop>
    <stop arrival="10:31" departure="10:31">Minde</stop>
    <stop arrival="10:32" departure="10:32">Elvebakken</stop>
    <stop arrival="10:33" departure="10:33">Storetveit</stop>
    <stop arrival="10:33" departure="10:33">Fantoft</stop>
    <stop arrival="10:34" departure="10:34">Nydalen</stop>
    <stop arrival="10:35" departure="10:35">Paradis</stop>
    <stop arrival="10:36" departure="10:36">Tveiteråsskiftet</stop>
    <stop arrival="10:37" departure="10:37">Hopsbro</stop>
    <stop arrival="10:39" departure="10:39">Hopstangen</stop>
    <stop arrival="10:40" departure="10:40">Nesttun terminal</stop>
    <stop arrival="10:42" departure="10:42">Nesttun</stop>
    <stop arrival="10:45" departure="10:45">Skjoldskiftet</stop>
    <stop arrival="10:45" departure="10:45">Nesttunbrekka</stop>
    <stop arrival="10:46" departure="10:46">Mårdalen</stop>
    <stop arrival="10:46" departure="10:46">Skjoldhøgda</stop>
    <stop arrival="10:46" departure="10:46">Skjold skole</stop>
    <stop arrival="10:47" departure="10:47">Søråsveien</stop>
    <stop arrival="10:47" departure="10:47">Kilden senter</stop>
    <stop arrival="10:48" departure="10:48">Nordåsgrenda</stop>
    <stop arrival="10:49" departure="10:49">Nordåstræet</stop>
    <stop arrival="10:50" departure="10:50">Nordås</stop>
    <stop arrival="10:51" departure="10:51">Nordåstræet</stop>
    <stop arrival="10:52" departure="10:52">Nordåsgrenda</stop>
    <stop arrival="10:54" departure="10:54">Søråsgrenda</stop>
    <stop arrival="10:55">Søråshøgda snuplass</stop>
  </route>
  <route no="20" destination="Fana Stadion" url="http://www.web2051.no/bin/tp/zuginfo.exe/on/712119/241232/353154/60796/1/" trafficDays="kjører Ma - Fr, ikke 13., 17., 24. Mai">
    <stop departure="10:00" routeNo="20">Lønborglien snuplass</stop>
    <stop arrival="10:00" departure="10:00">Lønborglien 2</stop>
    <stop arrival="10:01" departure="10:01">Lønborglien 1</stop>
    <stop arrival="10:02" departure="10:02">Nordre Lønborg</stop>
    <stop arrival="10:03" departure="10:03">Lønborg</stop>
    <stop arrival="10:03" departure="10:03">Brunestykket</stop>
    <stop arrival="10:04" departure="10:04">Hellebakken</stop>
    <stop arrival="10:05" departure="10:05">Eikeviken</stop>
    <stop arrival="10:06" departure="10:06">Solbakken</stop>
    <stop arrival="10:07" departure="10:07">Handelshøyskolen</stop>
    <stop arrival="10:08" departure="10:08">Nyhavnsvei (Gamle Bergen)</stop>
    <stop arrival="10:10" departure="10:10">Munkebotten</stop>
    <stop arrival="10:11" departure="10:11">Ludebryggen</stop>
    <stop arrival="10:14" departure="10:14">Sandvikstorget</stop>
    <stop arrival="10:16" departure="10:16">Skutevikstorget</stop>
    <stop arrival="10:17" departure="10:17">Bontelabo</stop>
    <stop arrival="10:18" departure="10:18">Slottsgaten</stop>
    <stop arrival="10:19" departure="10:19">Bryggen</stop>
    <stop arrival="10:20" departure="10:20">Olav Kyrres gate</stop>
    <stop arrival="10:25" departure="10:25">Bergen Busstasjon</stop>
    <stop arrival="10:28" departure="10:28">Danmarksplass</stop>
    <stop arrival="10:29" departure="10:29">Solheimsgaten</stop>
    <stop arrival="10:30" departure="10:30">Reperbanen</stop>
    <stop arrival="10:32" departure="10:32">Fjøsangerveien/ Minde Allè</stop>
    <stop arrival="10:33" departure="10:33">Minde</stop>
    <stop arrival="10:34" departure="10:34">Elvebakken</stop>
    <stop arrival="10:34" departure="10:34">Storetveit</stop>
    <stop arrival="10:34" departure="10:34">Fantoft</stop>
    <stop arrival="10:35" departure="10:35">Nydalen</stop>
    <stop arrival="10:36" departure="10:36">Paradis</stop>
    <stop arrival="10:37" departure="10:37">Tveiteråsskiftet</stop>
    <stop arrival="10:38" departure="10:38">Hopsbro</stop>
    <stop arrival="10:40" departure="10:40">Hopstangen</stop>
    <stop arrival="10:41" departure="10:41">Nesttun terminal</stop>
    <stop arrival="10:43" departure="10:43">Nesttun</stop>
    <stop arrival="10:46" departure="10:46">Skjold skole</stop>
    <stop arrival="10:48" departure="10:48">Lagunen</stop>
    <stop arrival="10:51">Fana Stadion</stop>
  </route>
  <route no="20" destination="Lagunen" url="http://www.web2051.no/bin/tp/zuginfo.exe/on/655629/222328/999762/281338/1/" trafficDays="kjører Lø, ikke 1. Mai">
    <stop departure="10:03" routeNo="20">Lønborglien snuplass</stop>
    <stop arrival="10:03" departure="10:03">Lønborglien 2</stop>
    <stop arrival="10:04" departure="10:04">Lønborglien 1</stop>
    <stop arrival="10:05" departure="10:05">Nordre Lønborg</stop>
    <stop arrival="10:06" departure="10:06">Lønborg</stop>
    <stop arrival="10:06" departure="10:06">Brunestykket</stop>
    <stop arrival="10:07" departure="10:07">Hellebakken</stop>
    <stop arrival="10:08" departure="10:08">Eikeviken</stop>
    <stop arrival="10:09" departure="10:09">Solbakken</stop>
    <stop arrival="10:10" departure="10:10">Handelshøyskolen</stop>
    <stop arrival="10:11" departure="10:11">Nyhavnsvei (Gamle Bergen)</stop>
    <stop arrival="10:12" departure="10:12">Munkebotten</stop>
    <stop arrival="10:13" departure="10:13">Ludebryggen</stop>
    <stop arrival="10:15" departure="10:15">Sandvikstorget</stop>
    <stop arrival="10:17" departure="10:17">Skutevikstorget</stop>
    <stop arrival="10:17" departure="10:17">Bontelabo</stop>
    <stop arrival="10:18" departure="10:18">Slottsgaten</stop>
    <stop arrival="10:19" departure="10:19">Bryggen</stop>
    <stop arrival="10:20" departure="10:20">Olav Kyrres gate</stop>
    <stop arrival="10:25" departure="10:25">Bergen Busstasjon</stop>
    <stop arrival="10:29" departure="10:29">Danmarksplass</stop>
    <stop arrival="10:30" departure="10:30">Solheimsgaten</stop>
    <stop arrival="10:31" departure="10:31">Reperbanen</stop>
    <stop arrival="10:33" departure="10:33">Fjøsangerveien/ Minde Allè</stop>
    <stop arrival="10:36" departure="10:36">Minde</stop>
    <stop arrival="10:37" departure="10:37">Elvebakken</stop>
    <stop arrival="10:38" departure="10:38">Storetveit</stop>
    <stop arrival="10:38" departure="10:38">Fantoft</stop>
    <stop arrival="10:39" departure="10:39">Nydalen</stop>
    <stop arrival="10:40" departure="10:40">Paradis</stop>
    <stop arrival="10:41" departure="10:41">Tveiteråsskiftet</stop>
    <stop arrival="10:42" departure="10:42">Hopsbro</stop>
    <stop arrival="10:44" departure="10:44">Hopstangen</stop>
    <stop arrival="10:45" departure="10:45">Nesttun terminal</stop>
    <stop arrival="10:47" departure="10:47">Nesttun</stop>
    <stop arrival="10:50" departure="10:50">Skjoldskiftet</stop>
    <stop arrival="10:51" departure="10:51">Nesttunbrekka</stop>
    <stop arrival="10:51" departure="10:51">Mårdalen</stop>
    <stop arrival="10:52" departure="10:52">Skjoldhøgda</stop>
    <stop arrival="10:54" departure="10:54">Skjold skole</stop>
    <stop arrival="10:55">Lagunen</stop>
  </route>
  <route no="620" destination="Os - Osøyro" url="http://www.web2051.no/bin/tp/zuginfo.exe/on/304158/107163/143040/29867/1/" trafficDays="kjører Ma - Fr, ikke 13., 17., 24. Mai">
    <stop departure="10:30" routeNo="620">Bergen Busstasjon</stop>
    <stop arrival="10:33" departure="10:33">Danmarksplass</stop>
    <stop arrival="10:34" departure="10:34">Solheimsgaten</stop>
    <stop arrival="10:35" departure="10:35">Reperbanen</stop>
    <stop arrival="10:37" departure="10:37">Fjøsangerveien/ Minde Allè</stop>
    <stop arrival="10:38" departure="10:38">Minde</stop>
    <stop arrival="10:39" departure="10:39">Elvebakken</stop>
    <stop arrival="10:39" departure="10:39">Storetveit</stop>
    <stop arrival="10:39" departure="10:39">Fantoft</stop>
    <stop arrival="10:40" departure="10:40">Nydalen</stop>
    <stop arrival="10:41" departure="10:41">Paradis</stop>
    <stop arrival="10:42" departure="10:42">Tveiteråsskiftet</stop>
    <stop arrival="10:43" departure="10:43">Hopsbro</stop>
    <stop arrival="10:45" departure="10:45">Hopstangen</stop>
    <stop arrival="10:46" departure="10:46">Nesttun terminal</stop>
    <stop arrival="10:46" departure="10:46">Nesttun</stop>
    <stop arrival="10:47" departure="10:47">Skjoldskiftet</stop>
    <stop arrival="10:48" departure="10:48">Elvenes vegkryss</stop>
    <stop arrival="10:48" departure="10:48">Bjørkåsen</stop>
    <stop arrival="10:49" departure="10:49">Lilletvedt</stop>
    <stop arrival="10:50" departure="10:50">Kirkebirkeland</stop>
    <stop arrival="10:51" departure="10:51">Valle (Fana)</stop>
    <stop arrival="10:52" departure="10:52">Hatlestad terr.</stop>
    <stop arrival="10:54" departure="10:54">Øvre Hatlestad</stop>
    <stop arrival="10:56" departure="10:56">Sandven</stop>
    <stop arrival="10:57" departure="10:57">Nedre Sandven</stop>
    <stop arrival="10:58" departure="10:58">Kaland skole (Fana)</stop>
    <stop arrival="10:59" departure="10:59">Kaland (Fana)</stop>
    <stop arrival="11:00" departure="11:00">Austevoll (Fana)</stop>
    <stop arrival="11:01" departure="11:01">Kalandseid</stop>
    <stop arrival="11:01" departure="11:01">Fløysand</stop>
    <stop arrival="11:02" departure="11:02">Bahus</stop>
    <stop arrival="11:03" departure="11:03">Røykenes (Os)</stop>
    <stop arrival="11:04" departure="11:04">Tømmernes</stop>
    <stop arrival="11:05" departure="11:05">Gåssandskiftet</stop>
    <stop arrival="11:05" departure="11:05">Søfteland</stop>
    <stop arrival="11:06" departure="11:06">Søfteland skule</stop>
    <stop arrival="11:07" departure="11:07">Storestraumen</stop>
    <stop arrival="11:09" departure="11:09">Hetleflåttre</stop>
    <stop arrival="11:10" departure="11:10">Hetleflåten</stop>
    <stop arrival="11:11" departure="11:11">Ulvenskiftet</stop>
    <stop arrival="11:11" departure="11:11">Tøsdalskiftet</stop>
    <stop arrival="11:12" departure="11:12">Flåten Senter</stop>
    <stop arrival="11:13" departure="11:13">Flåten (Os)</stop>
    <stop arrival="11:14" departure="11:14">Kuven</stop>
    <stop arrival="11:15" departure="11:15">Fjellheim</stop>
    <stop arrival="11:16">Os - Osøyro</stop>
  </route>
  <route no="21" destination="Søråshøgda snuplass" url="http://www.web2051.no/bin/tp/zuginfo.exe/on/138780/50238/278436/92964/1/" trafficDays="kjører Ma - Fr, ikke 13., 17., 24. Mai">
    <stop departure="10:25" routeNo="21">Olav Kyrres gate</stop>
    <stop arrival="10:30" departure="10:30">Bergen Busstasjon</stop>
    <stop arrival="10:34" departure="10:34">Danmarksplass</stop>
    <stop arrival="10:35" departure="10:35">Solheimsgaten</stop>
    <stop arrival="10:36" departure="10:36">Reperbanen</stop>
    <stop arrival="10:38" departure="10:38">Fjøsangerveien/ Minde Allè</stop>
    <stop arrival="10:42" departure="10:42">Minde</stop>
    <stop arrival="10:43" departure="10:43">Elvebakken</stop>
    <stop arrival="10:43" departure="10:43">Storetveit</stop>
    <stop arrival="10:43" departure="10:43">Fantoft</stop>
    <stop arrival="10:44" departure="10:44">Nydalen</stop>
    <stop arrival="10:45" departure="10:45">Paradis</stop>
    <stop arrival="10:46" departure="10:46">Tveiteråsskiftet</stop>
    <stop arrival="10:47" departure="10:47">Hopsbro</stop>
    <stop arrival="10:49" departure="10:49">Hopstangen</stop>
    <stop arrival="10:50" departure="10:50">Nesttun terminal</stop>
    <stop arrival="10:52" departure="10:52">Nesttun</stop>
    <stop arrival="10:55" departure="10:55">Skjoldskiftet</stop>
    <stop arrival="10:55" departure="10:55">Nesttunbrekka</stop>
    <stop arrival="10:56" departure="10:56">Mårdalen</stop>
    <stop arrival="10:56" departure="10:56">Skjoldhøgda</stop>
    <stop arrival="10:56" departure="10:56">Skjold skole</stop>
    <stop arrival="10:57" departure="10:57">Søråsveien</stop>
    <stop arrival="10:57" departure="10:57">Kilden senter</stop>
    <stop arrival="10:58" departure="10:58">Nordåsgrenda</stop>
    <stop arrival="10:59" departure="10:59">Nordåstræet</stop>
    <stop arrival="11:00" departure="11:00">Nordås</stop>
    <stop arrival="11:01" departure="11:01">Nordåstræet</stop>
    <stop arrival="11:02" departure="11:02">Nordåsgrenda</stop>
    <stop arrival="11:04" departure="11:04">Søråsgrenda</stop>
    <stop arrival="11:05">Søråshøgda snuplass</stop>
  </route>
  <route no="50" destination="Dolvik terminal" url="http://www.web2051.no/bin/tp/zuginfo.exe/on/703866/235439/116856/176194/1/" trafficDays="kjører Lø, ikke 1. Mai">
    <stop departure="10:10" routeNo="50">Åsane terminal</stop>
    <stop arrival="10:11" departure="10:11">Hesthaugen</stop>
    <stop arrival="10:11" departure="10:11">Stamskaret</stop>
    <stop arrival="10:12" departure="10:12">Tertneskrysset gamleveien</stop>
    <stop arrival="10:13" departure="10:13">Griggastemma</stop>
    <stop arrival="10:14" departure="10:14">Åstveitvegen</stop>
    <stop arrival="10:14" departure="10:14">Ervik øvre</stop>
    <stop arrival="10:15" departure="10:15">Ervik nedre (Sellesvingen)</stop>
    <stop arrival="10:16" departure="10:16">Selvikvegen</stop>
    <stop arrival="10:17" departure="10:17">Eidsvåg</stop>
    <stop arrival="10:19" departure="10:19">Handelshøyskolen</stop>
    <stop arrival="10:20" departure="10:20">Nyhavnsvei (Gamle Bergen)</stop>
    <stop arrival="10:22" departure="10:22">Munkebotten</stop>
    <stop arrival="10:23" departure="10:23">Ludebryggen</stop>
    <stop arrival="10:24" departure="10:24">Sandvikstorget</stop>
    <stop arrival="10:25" departure="10:25">Skutevikstorget</stop>
    <stop arrival="10:26" departure="10:26">Bontelabo</stop>
    <stop arrival="10:27" departure="10:27">Slottsgaten</stop>
    <stop arrival="10:28" departure="10:28">Bryggen</stop>
    <stop arrival="10:29" departure="10:29">Småstrandgaten</stop>
    <stop arrival="10:30" departure="10:30">Nygaten</stop>
    <stop arrival="10:31" departure="10:31">Statsporten (jernbanen)</stop>
    <stop arrival="10:34" departure="10:34">Kalfarlien</stop>
    <stop arrival="10:35" departure="10:35">Kalvedalsveien</stop>
    <stop arrival="10:36" departure="10:36">Svartediksveien</stop>
    <stop arrival="10:37" departure="10:37">Statsarkivet</stop>
    <stop arrival="10:38" departure="10:38">Haraldsplass sykehus</stop>
    <stop arrival="10:39" departure="10:39">Haukeland sykehus nord</stop>
    <stop arrival="10:39" departure="10:39">Haukeland sykehus sør</stop>
    <stop arrival="10:40" departure="10:40">Fridalen</stop>
    <stop arrival="10:40" departure="10:40">Langhaugen</stop>
    <stop arrival="10:41" departure="10:41">Landåssvingen</stop>
    <stop arrival="10:41" departure="10:41">Landåstorget</stop>
    <stop arrival="10:41" departure="10:41">Erleveien</stop>
    <stop arrival="10:42" departure="10:42">Wier-Jenssens vei</stop>
    <stop arrival="10:42" departure="10:42">Mannsverk</stop>
    <stop arrival="10:43" departure="10:43">Bolstad</stop>
    <stop arrival="10:44" departure="10:44">Hans Jægers vei</stop>
    <stop arrival="10:45" departure="10:45">Kolstibotn</stop>
    <stop arrival="10:46" departure="10:46">Knausen</stop>
    <stop arrival="10:47" departure="10:47">Birkelundstoppen</stop>
    <stop arrival="10:48" departure="10:48">Birkelundsbakken</stop>
    <stop arrival="10:48" departure="10:48">Natlandslien</stop>
    <stop arrival="10:48" departure="10:48">Stavkirken</stop>
    <stop arrival="10:49" departure="10:49">Paradis</stop>
    <stop arrival="10:50" departure="10:50">Tveiteråsskiftet</stop>
    <stop arrival="10:51" departure="10:51">Hopsbro</stop>
    <stop arrival="10:52" departure="10:52">Hopstangen</stop>
    <stop arrival="10:53" departure="10:53">Nesttun terminal</stop>
    <stop arrival="10:55" departure="10:55">Nesttun</stop>
    <stop arrival="10:58" departure="10:58">Skjoldskiftet</stop>
    <stop arrival="10:59" departure="10:59">Nesttunbrekka</stop>
    <stop arrival="10:59" departure="10:59">Mårdalen</stop>
    <stop arrival="11:00" departure="11:00">Skjoldhøgda</stop>
    <stop arrival="11:02" departure="11:02">Skjold skole</stop>
    <stop arrival="11:03" departure="11:03">Lagunen</stop>
    <stop arrival="11:04" departure="11:04">Rådal</stop>
    <stop arrival="11:05" departure="11:05">Meyerskiftet</stop>
    <stop arrival="11:09" departure="11:09">Håvardstun</stop>
    <stop arrival="11:10" departure="11:10">Statoil stasjon Sandsli</stop>
    <stop arrival="11:11" departure="11:11">Hydro Sandsli</stop>
    <stop arrival="11:12" departure="11:12">Petedalsheia</stop>
    <stop arrival="11:13" departure="11:13">Fanatorget</stop>
    <stop arrival="11:13" departure="11:13">Regnbueåsen</stop>
    <stop arrival="11:14">Dolvik terminal</stop>
  </route>
  <route no="23" destination="Birkelandskrysset Terminal" url="http://www.web2051.no/bin/tp/zuginfo.exe/on/363366/125220/246102/1929/1/" trafficDays="kjører Lø, ikke 1. Mai">
    <stop departure="10:30" routeNo="23">Olav Kyrres gate</stop>
    <stop arrival="10:35" departure="10:35">Bergen Busstasjon</stop>
    <stop arrival="10:39" departure="10:39">Danmarksplass</stop>
    <stop arrival="10:40" departure="10:40">Solheimsgaten</stop>
    <stop arrival="10:41" departure="10:41">Reperbanen</stop>
    <stop arrival="10:43" departure="10:43">Fjøsangerveien/ Minde Allè</stop>
    <stop arrival="10:46" departure="10:46">Minde</stop>
    <stop arrival="10:47" departure="10:47">Elvebakken</stop>
    <stop arrival="10:48" departure="10:48">Storetveit</stop>
    <stop arrival="10:48" departure="10:48">Fantoft</stop>
    <stop arrival="10:49" departure="10:49">Nydalen</stop>
    <stop arrival="10:50" departure="10:50">Paradis</stop>
    <stop arrival="10:51" departure="10:51">Tveiteråsskiftet</stop>
    <stop arrival="10:52" departure="10:52">Hopsbro</stop>
    <stop arrival="10:54" departure="10:54">Hopstangen</stop>
    <stop arrival="10:55" departure="10:55">Nesttun terminal</stop>
    <stop arrival="10:57" departure="10:57">Nesttun</stop>
    <stop arrival="11:00" departure="11:00">Skjoldskiftet</stop>
    <stop arrival="11:01" departure="11:01">Nesttunbrekka</stop>
    <stop arrival="11:01" departure="11:01">Mårdalen</stop>
    <stop arrival="11:02" departure="11:02">Skjoldhøgda</stop>
    <stop arrival="11:04" departure="11:04">Skjold skole</stop>
    <stop arrival="11:05" departure="11:05">Lagunen</stop>
    <stop arrival="11:07" departure="11:07">Rådal</stop>
    <stop arrival="11:09" departure="11:09">Meyerskiftet</stop>
    <stop arrival="11:15" departure="11:15">Håvardstun</stop>
    <stop arrival="11:16" departure="11:16">Sandsliskiftet</stop>
    <stop arrival="11:17" departure="11:17">Gomarhaug</stop>
    <stop arrival="11:20">Birkelandskrysset Terminal</stop>
  </route>
  <route no="23" destination="Birkelandskrysset Terminal" url="http://www.web2051.no/bin/tp/zuginfo.exe/on/36072/16150/685236/330594/1/" trafficDays="kjører Ma - Fr, ikke 13., 17., 24. Mai">
    <stop departure="10:30" routeNo="23">Olav Kyrres gate</stop>
    <stop arrival="10:35" departure="10:35">Bergen Busstasjon</stop>
    <stop arrival="10:40" departure="10:40">Danmarksplass</stop>
    <stop arrival="10:41" departure="10:41">Solheimsgaten</stop>
    <stop arrival="10:42" departure="10:42">Reperbanen</stop>
    <stop arrival="10:44" departure="10:44">Fjøsangerveien/ Minde Allè</stop>
    <stop arrival="10:47" departure="10:47">Minde</stop>
    <stop arrival="10:48" departure="10:48">Elvebakken</stop>
    <stop arrival="10:48" departure="10:48">Storetveit</stop>
    <stop arrival="10:48" departure="10:48">Fantoft</stop>
    <stop arrival="10:49" departure="10:49">Nydalen</stop>
    <stop arrival="10:50" departure="10:50">Paradis</stop>
    <stop arrival="10:51" departure="10:51">Tveiteråsskiftet</stop>
    <stop arrival="10:52" departure="10:52">Hopsbro</stop>
    <stop arrival="10:54" departure="10:54">Hopstangen</stop>
    <stop arrival="10:55" departure="10:55">Nesttun terminal</stop>
    <stop arrival="10:57" departure="10:57">Nesttun</stop>
    <stop arrival="11:00" departure="11:00">Skjoldskiftet</stop>
    <stop arrival="11:00" departure="11:00">Nesttunbrekka</stop>
    <stop arrival="11:01" departure="11:01">Mårdalen</stop>
    <stop arrival="11:01" departure="11:01">Skjoldhøgda</stop>
    <stop arrival="11:01" departure="11:01">Skjold skole</stop>
    <stop arrival="11:02" departure="11:02">Lagunen</stop>
    <stop arrival="11:04" departure="11:04">Rådal</stop>
    <stop arrival="11:07" departure="11:07">Meyerskiftet</stop>
    <stop arrival="11:14" departure="11:14">Håvardstun</stop>
    <stop arrival="11:15" departure="11:15">Sandsliskiftet</stop>
    <stop arrival="11:17" departure="11:17">Gomarhaug</stop>
    <stop arrival="11:20">Birkelandskrysset Terminal</stop>
  </route>
  <route no="24" destination="Smørås snuplass" url="http://www.web2051.no/bin/tp/zuginfo.exe/on/721125/244545/540256/29753/1/" trafficDays="kjører Lø, ikke 1. Mai">
    <stop departure="10:13" routeNo="24">Lønborglien snuplass</stop>
    <stop arrival="10:13" departure="10:13">Lønborglien 2</stop>
    <stop arrival="10:14" departure="10:14">Lønborglien 1</stop>
    <stop arrival="10:15" departure="10:15">Nordre Lønborg</stop>
    <stop arrival="10:16" departure="10:16">Lønborg</stop>
    <stop arrival="10:16" departure="10:16">Brunestykket</stop>
    <stop arrival="10:17" departure="10:17">Hellebakken</stop>
    <stop arrival="10:18" departure="10:18">Eikeviken</stop>
    <stop arrival="10:19" departure="10:19">Solbakken</stop>
    <stop arrival="10:20" departure="10:20">Handelshøyskolen</stop>
    <stop arrival="10:21" departure="10:21">Nyhavnsvei (Gamle Bergen)</stop>
    <stop arrival="10:22" departure="10:22">Munkebotten</stop>
    <stop arrival="10:23" departure="10:23">Ludebryggen</stop>
    <stop arrival="10:25" departure="10:25">Sandvikstorget</stop>
    <stop arrival="10:27" departure="10:27">Skutevikstorget</stop>
    <stop arrival="10:27" departure="10:27">Bontelabo</stop>
    <stop arrival="10:28" departure="10:28">Slottsgaten</stop>
    <stop arrival="10:29" departure="10:29">Bryggen</stop>
    <stop arrival="10:30" departure="10:30">Olav Kyrres gate</stop>
    <stop arrival="10:35" departure="10:35">Bergen Busstasjon</stop>
    <stop arrival="10:39" departure="10:39">Danmarksplass</stop>
    <stop arrival="10:40" departure="10:40">Solheimsgaten</stop>
    <stop arrival="10:41" departure="10:41">Reperbanen</stop>
    <stop arrival="10:43" departure="10:43">Fjøsangerveien/ Minde Allè</stop>
    <stop arrival="10:46" departure="10:46">Minde</stop>
    <stop arrival="10:47" departure="10:47">Elvebakken</stop>
    <stop arrival="10:48" departure="10:48">Storetveit</stop>
    <stop arrival="10:48" departure="10:48">Fantoft</stop>
    <stop arrival="10:49" departure="10:49">Nydalen</stop>
    <stop arrival="10:50" departure="10:50">Paradis</stop>
    <stop arrival="10:51" departure="10:51">Tveiteråsskiftet</stop>
    <stop arrival="10:52" departure="10:52">Hopsbro</stop>
    <stop arrival="10:54" departure="10:54">Hopstangen</stop>
    <stop arrival="10:55" departure="10:55">Nesttun terminal</stop>
    <stop arrival="10:55" departure="10:55">Nesttun</stop>
    <stop arrival="10:57" departure="10:57">Nesttunhallen</stop>
    <stop arrival="10:57" departure="10:57">Gamle kyrkjeveg</stop>
    <stop arrival="10:57" departure="10:57">Tranevegen</stop>
    <stop arrival="10:58" departure="10:58">Hjortevegen</stop>
    <stop arrival="10:58" departure="10:58">Dådyrvegen</stop>
    <stop arrival="10:59" departure="10:59">Nedre Smøråsvegen</stop>
    <stop arrival="11:00" departure="11:00">Smørås</stop>
    <stop arrival="11:01">Smørås snuplass</stop>
  </route>
  <route no="24" destination="Smørås snuplass" url="http://www.web2051.no/bin/tp/zuginfo.exe/on/593334/201978/122568/136500/1/" trafficDays="kjører Ma - Fr, ikke 13., 17., 24. Mai">
    <stop departure="10:10" routeNo="24">Lønborglien snuplass</stop>
    <stop arrival="10:10" departure="10:10">Lønborglien 2</stop>
    <stop arrival="10:11" departure="10:11">Lønborglien 1</stop>
    <stop arrival="10:12" departure="10:12">Nordre Lønborg</stop>
    <stop arrival="10:13" departure="10:13">Lønborg</stop>
    <stop arrival="10:13" departure="10:13">Brunestykket</stop>
    <stop arrival="10:14" departure="10:14">Hellebakken</stop>
    <stop arrival="10:15" departure="10:15">Eikeviken</stop>
    <stop arrival="10:16" departure="10:16">Solbakken</stop>
    <stop arrival="10:17" departure="10:17">Handelshøyskolen</stop>
    <stop arrival="10:18" departure="10:18">Nyhavnsvei (Gamle Bergen)</stop>
    <stop arrival="10:20" departure="10:20">Munkebotten</stop>
    <stop arrival="10:21" departure="10:21">Ludebryggen</stop>
    <stop arrival="10:24" departure="10:24">Sandvikstorget</stop>
    <stop arrival="10:26" departure="10:26">Skutevikstorget</stop>
    <stop arrival="10:27" departure="10:27">Bontelabo</stop>
    <stop arrival="10:28" departure="10:28">Slottsgaten</stop>
    <stop arrival="10:29" departure="10:29">Bryggen</stop>
    <stop arrival="10:30" departure="10:30">Olav Kyrres gate</stop>
    <stop arrival="10:35" departure="10:35">Bergen Busstasjon</stop>
    <stop arrival="10:39" departure="10:39">Danmarksplass</stop>
    <stop arrival="10:40" departure="10:40">Solheimsgaten</stop>
    <stop arrival="10:41" departure="10:41">Reperbanen</stop>
    <stop arrival="10:43" departure="10:43">Fjøsangerveien/ Minde Allè</stop>
    <stop arrival="10:47" departure="10:47">Minde</stop>
    <stop arrival="10:48" departure="10:48">Elvebakken</stop>
    <stop arrival="10:48" departure="10:48">Storetveit</stop>
    <stop arrival="10:48" departure="10:48">Fantoft</stop>
    <stop arrival="10:49" departure="10:49">Nydalen</stop>
    <stop arrival="10:50" departure="10:50">Paradis</stop>
    <stop arrival="10:51" departure="10:51">Tveiteråsskiftet</stop>
    <stop arrival="10:52" departure="10:52">Hopsbro</stop>
    <stop arrival="10:54" departure="10:54">Hopstangen</stop>
    <stop arrival="10:55" departure="10:55">Nesttun terminal</stop>
    <stop arrival="10:55" departure="10:55">Nesttun</stop>
    <stop arrival="10:57" departure="10:57">Nesttunhallen</stop>
    <stop arrival="10:57" departure="10:57">Gamle kyrkjeveg</stop>
    <stop arrival="10:57" departure="10:57">Tranevegen</stop>
    <stop arrival="10:58" departure="10:58">Hjortevegen</stop>
    <stop arrival="10:59" departure="10:59">Dådyrvegen</stop>
    <stop arrival="10:59" departure="10:59">Nedre Smøråsvegen</stop>
    <stop arrival="11:01" departure="11:01">Smørås</stop>
    <stop arrival="11:02">Smørås snuplass</stop>
  </route>
  <route no="50" destination="Dolvik terminal" url="http://www.web2051.no/bin/tp/zuginfo.exe/on/703044/235200/977414/254359/1/" trafficDays="kjører Ma - Fr, ikke 13., 17., 24. Mai">
    <stop departure="10:10" routeNo="50">Åsane terminal</stop>
    <stop arrival="10:11" departure="10:11">Hesthaugen</stop>
    <stop arrival="10:12" departure="10:12">Stamskaret</stop>
    <stop arrival="10:13" departure="10:13">Tertneskrysset gamleveien</stop>
    <stop arrival="10:14" departure="10:14">Griggastemma</stop>
    <stop arrival="10:15" departure="10:15">Åstveitvegen</stop>
    <stop arrival="10:15" departure="10:15">Ervik øvre</stop>
    <stop arrival="10:16" departure="10:16">Ervik nedre (Sellesvingen)</stop>
    <stop arrival="10:17" departure="10:17">Selvikvegen</stop>
    <stop arrival="10:18" departure="10:18">Eidsvåg</stop>
    <stop arrival="10:20" departure="10:20">Handelshøyskolen</stop>
    <stop arrival="10:22" departure="10:22">Nyhavnsvei (Gamle Bergen)</stop>
    <stop arrival="10:24" departure="10:24">Munkebotten</stop>
    <stop arrival="10:25" departure="10:25">Ludebryggen</stop>
    <stop arrival="10:26" departure="10:26">Sandvikstorget</stop>
    <stop arrival="10:28" departure="10:28">Skutevikstorget</stop>
    <stop arrival="10:29" departure="10:29">Bontelabo</stop>
    <stop arrival="10:31" departure="10:31">Slottsgaten</stop>
    <stop arrival="10:32" departure="10:32">Bryggen</stop>
    <stop arrival="10:33" departure="10:33">Småstrandgaten</stop>
    <stop arrival="10:34" departure="10:34">Nygaten</stop>
    <stop arrival="10:35" departure="10:35">Statsporten (jernbanen)</stop>
    <stop arrival="10:38" departure="10:38">Kalfarlien</stop>
    <stop arrival="10:39" departure="10:39">Kalvedalsveien</stop>
    <stop arrival="10:40" departure="10:40">Svartediksveien</stop>
    <stop arrival="10:41" departure="10:41">Statsarkivet</stop>
    <stop arrival="10:42" departure="10:42">Haraldsplass sykehus</stop>
    <stop arrival="10:43" departure="10:43">Haukeland sykehus nord</stop>
    <stop arrival="10:44" departure="10:44">Haukeland sykehus sør</stop>
    <stop arrival="10:45" departure="10:45">Fridalen</stop>
    <stop arrival="10:45" departure="10:45">Langhaugen</stop>
    <stop arrival="10:46" departure="10:46">Landåssvingen</stop>
    <stop arrival="10:46" departure="10:46">Landåstorget</stop>
    <stop arrival="10:47" departure="10:47">Erleveien</stop>
    <stop arrival="10:47" departure="10:47">Wier-Jenssens vei</stop>
    <stop arrival="10:48" departure="10:48">Mannsverk</stop>
    <stop arrival="10:48" departure="10:48">Bolstad</stop>
    <stop arrival="10:49" departure="10:49">Hans Jægers vei</stop>
    <stop arrival="10:49" departure="10:49">Kolstibotn</stop>
    <stop arrival="10:49" departure="10:49">Knausen</stop>
    <stop arrival="10:50" departure="10:50">Birkelundstoppen</stop>
    <stop arrival="10:51" departure="10:51">Birkelundsbakken</stop>
    <stop arrival="10:51" departure="10:51">Natlandslien</stop>
    <stop arrival="10:52" departure="10:52">Stavkirken</stop>
    <stop arrival="10:53" departure="10:53">Paradis</stop>
    <stop arrival="10:54" departure="10:54">Tveiteråsskiftet</stop>
    <stop arrival="10:55" departure="10:55">Hopsbro</stop>
    <stop arrival="10:57" departure="10:57">Hopstangen</stop>
    <stop arrival="10:58" departure="10:58">Nesttun terminal</stop>
    <stop arrival="11:00" departure="11:00">Nesttun</stop>
    <stop arrival="11:03" departure="11:03">Skjoldskiftet</stop>
    <stop arrival="11:03" departure="11:03">Nesttunbrekka</stop>
    <stop arrival="11:04" departure="11:04">Mårdalen</stop>
    <stop arrival="11:04" departure="11:04">Skjoldhøgda</stop>
    <stop arrival="11:04" departure="11:04">Skjold skole</stop>
    <stop arrival="11:05" departure="11:05">Lagunen</stop>
    <stop arrival="11:06" departure="11:06">Rådal</stop>
    <stop arrival="11:07" departure="11:07">Meyerskiftet</stop>
    <stop arrival="11:11" departure="11:11">Håvardstun</stop>
    <stop arrival="11:12" departure="11:12">Statoil stasjon Sandsli</stop>
    <stop arrival="11:13" departure="11:13">Hydro Sandsli</stop>
    <stop arrival="11:14" departure="11:14">Petedalsheia</stop>
    <stop arrival="11:15" departure="11:15">Fanatorget</stop>
    <stop arrival="11:20">Dolvik terminal</stop>
  </route>
  <route no="21" destination="Søråshøgda snuplass" url="http://www.web2051.no/bin/tp/zuginfo.exe/on/325968/112598/515468/149078/1/" trafficDays="kjører Sø, også 1., 13., 17., 24. Mai">
    <stop departure="10:04" routeNo="21">Åsane terminal</stop>
    <stop arrival="10:05" departure="10:05">Hesthaugen</stop>
    <stop arrival="10:06" departure="10:06">Stamskaret</stop>
    <stop arrival="10:07" departure="10:07">Tertneskrysset gamleveien</stop>
    <stop arrival="10:08" departure="10:08">Griggastemma</stop>
    <stop arrival="10:08" departure="10:08">Åstveitvegen</stop>
    <stop arrival="10:09" departure="10:09">Ervik øvre</stop>
    <stop arrival="10:10" departure="10:10">Ervik nedre (Sellesvingen)</stop>
    <stop arrival="10:11" departure="10:11">Selvikvegen</stop>
    <stop arrival="10:12" departure="10:12">Eidsvåg gamlevegen</stop>
    <stop arrival="10:12" departure="10:12">Fabrikkvegen</stop>
    <stop arrival="10:15" departure="10:15">Hagebyen (Eidsvåg)</stop>
    <stop arrival="10:16" departure="10:16">Lillevågen</stop>
    <stop arrival="10:16" departure="10:16">Tømmervågen</stop>
    <stop arrival="10:17" departure="10:17">Trollbekken</stop>
    <stop arrival="10:17" departure="10:17">Trolldalen (Eidsvågneset)</stop>
    <stop arrival="10:18" departure="10:18">Fagerbakken</stop>
    <stop arrival="10:19" departure="10:19">Nordre Lønborg</stop>
    <stop arrival="10:20" departure="10:20">Lønborg</stop>
    <stop arrival="10:20" departure="10:20">Brunestykket</stop>
    <stop arrival="10:21" departure="10:21">Hellebakken</stop>
    <stop arrival="10:22" departure="10:22">Eikeviken</stop>
    <stop arrival="10:23" departure="10:23">Solbakken</stop>
    <stop arrival="10:24" departure="10:24">Handelshøyskolen</stop>
    <stop arrival="10:25" departure="10:25">Nyhavnsvei (Gamle Bergen)</stop>
    <stop arrival="10:27" departure="10:27">Munkebotten</stop>
    <stop arrival="10:27" departure="10:27">Ludebryggen</stop>
    <stop arrival="10:30" departure="10:30">Sandvikstorget</stop>
    <stop arrival="10:31" departure="10:31">Skutevikstorget</stop>
    <stop arrival="10:32" departure="10:32">Bontelabo</stop>
    <stop arrival="10:33" departure="10:33">Slottsgaten</stop>
    <stop arrival="10:34" departure="10:34">Bryggen</stop>
    <stop arrival="10:35" departure="10:35">Olav Kyrres gate</stop>
    <stop arrival="10:40" departure="10:40">Bergen Busstasjon</stop>
    <stop arrival="10:45" departure="10:45">Danmarksplass</stop>
    <stop arrival="10:46" departure="10:46">Solheimsgaten</stop>
    <stop arrival="10:47" departure="10:47">Reperbanen</stop>
    <stop arrival="10:48" departure="10:48">Fjøsangerveien/ Minde Allè</stop>
    <stop arrival="10:51" departure="10:51">Minde</stop>
    <stop arrival="10:52" departure="10:52">Elvebakken</stop>
    <stop arrival="10:53" departure="10:53">Storetveit</stop>
    <stop arrival="10:53" departure="10:53">Fantoft</stop>
    <stop arrival="10:54" departure="10:54">Nydalen</stop>
    <stop arrival="10:55" departure="10:55">Paradis</stop>
    <stop arrival="10:56" departure="10:56">Tveiteråsskiftet</stop>
    <stop arrival="10:57" departure="10:57">Hopsbro</stop>
    <stop arrival="10:59" departure="10:59">Hopstangen</stop>
    <stop arrival="11:00" departure="11:00">Nesttun terminal</stop>
    <stop arrival="11:02" departure="11:02">Nesttun</stop>
    <stop arrival="11:05" departure="11:05">Skjoldskiftet</stop>
    <stop arrival="11:05" departure="11:05">Nesttunbrekka</stop>
    <stop arrival="11:06" departure="11:06">Mårdalen</stop>
    <stop arrival="11:06" departure="11:06">Skjoldhøgda</stop>
    <stop arrival="11:06" departure="11:06">Skjold skole</stop>
    <stop arrival="11:07" departure="11:07">Søråsveien</stop>
    <stop arrival="11:07" departure="11:07">Kilden senter</stop>
    <stop arrival="11:08" departure="11:08">Nordåsgrenda</stop>
    <stop arrival="11:09" departure="11:09">Nordåstræet</stop>
    <stop arrival="11:10" departure="11:10">Nordås</stop>
    <stop arrival="11:11" departure="11:11">Nordåstræet</stop>
    <stop arrival="11:12" departure="11:12">Nordåsgrenda</stop>
    <stop arrival="11:14" departure="11:14">Søråsgrenda</stop>
    <stop arrival="11:15">Søråshøgda snuplass</stop>
  </route>
</routes>
