<?xml version="1.0" encoding="UTF-8"?>
<routes>
  <route no="495" destination="Ramsøy snuplass" url="http://www.web2051.no/bin/tp/zuginfo.exe/on/508728/172442/319880/9636/1/" trafficDays="kjører Lø, ikke 1. Mai">
    <stop departure="9:40" routeNo="495">Bergen Busstasjon</stop>
    <stop arrival="9:43" departure="9:43">Olav Kyrres gate</stop>
    <stop arrival="9:44" departure="9:44">Møhlenpris v/ Industrihuset</stop>
    <stop arrival="9:49" departure="9:49">Lyngbø Motorvei R555</stop>
    <stop arrival="9:54" departure="9:54">Frida Fasmer R555</stop>
    <stop arrival="9:55" departure="9:55">Storavatnet term.</stop>
    <stop arrival="9:58" departure="9:58">Brøstaneset</stop>
    <stop arrival="10:00" departure="10:00">Storeklubben (Askøy)</stop>
    <stop arrival="10:02" departure="10:02">Holmedal (Askøy)</stop>
    <stop arrival="10:05" departure="10:05">Kleppestø term.</stop>
    <stop arrival="10:06" departure="10:06">Kleppestø senter</stop>
    <stop arrival="10:07" departure="10:07">Askøy Helsetun</stop>
    <stop arrival="10:07" departure="10:07">Kleppestø ungdomsskole</stop>
    <stop arrival="10:08" departure="10:08">Florvågskiftet F216</stop>
    <stop arrival="10:08" departure="10:08">Torvgården (Askøy)</stop>
    <stop arrival="10:09" departure="10:09">Skansen (Askøy)</stop>
    <stop arrival="10:09" departure="10:09">Svingen F216 (Askøy)</stop>
    <stop arrival="10:09" departure="10:09">Askøy senter</stop>
    <stop arrival="10:10" departure="10:10">Krokåsskiftet (Askøy)</stop>
    <stop arrival="10:11" departure="10:11">Juvikflaten (Askøy)</stop>
    <stop arrival="10:12" departure="10:12">Juvik bedehus (Askøy)</stop>
    <stop arrival="10:13" departure="10:13">Lavikskiftet (Askøy)</stop>
    <stop arrival="10:14" departure="10:14">Pålelva (Askøy)</stop>
    <stop arrival="10:14" departure="10:14">Kråvik (Askøy)</stop>
    <stop arrival="10:15" departure="10:15">Haugland Verkstedet (Askøy)</stop>
    <stop arrival="10:16" departure="10:16">Fjellveien (Askøy)</stop>
    <stop arrival="10:18" departure="10:18">Haugland skole (Askøy)</stop>
    <stop arrival="10:19" departure="10:19">Haugland bedehus (Askøy)</stop>
    <stop arrival="10:21" departure="10:21">Ravnanger</stop>
    <stop arrival="10:22" departure="10:22">Ravnanger term.</stop>
    <stop arrival="10:23" departure="10:23">Ravnanger (Jehovas V.)</stop>
    <stop arrival="10:24" departure="10:24">Tveitetræet</stop>
    <stop arrival="10:24" departure="10:24">Tveitevågskiftet</stop>
    <stop arrival="10:25" departure="10:25">Tveit kirke/skole (Askøy)</stop>
    <stop arrival="10:26" departure="10:26">Kollevåg Hendriksen</stop>
    <stop arrival="10:27" departure="10:27">Kollevåg</stop>
    <stop arrival="10:28" departure="10:28">Kollevåg Svartevatnet</stop>
    <stop arrival="10:29" departure="10:29">Kollevågshøyden</stop>
    <stop arrival="10:30" departure="10:30">Kollevåg Friluften</stop>
    <stop arrival="10:31" departure="10:31">Hanøy Langøyvei</stop>
    <stop arrival="10:32" departure="10:32">Hanøy Steinsbruddet</stop>
    <stop arrival="10:33" departure="10:33">Hanøy Steinseidet</stop>
    <stop arrival="10:34" departure="10:34">Hanøy Skaret</stop>
    <stop arrival="10:35" departure="10:35">Hanøy skole</stop>
    <stop arrival="10:36" departure="10:36">Hanøy bedehus</stop>
    <stop arrival="10:37" departure="10:37">Hanøy</stop>
    <stop arrival="10:38" departure="10:38">Ramsøy bro</stop>
    <stop arrival="10:42">Ramsøy snuplass</stop>
  </route>
  <route no="499" destination="Herdla snuplass" url="http://www.web2051.no/bin/tp/zuginfo.exe/on/55665/21500/680436/321663/1/" trafficDays="kjører Ma - Fr, ikke 13., 17., 24. Mai">
    <stop departure="9:40" routeNo="499">Bergen Busstasjon</stop>
    <stop arrival="9:43" departure="9:43">Olav Kyrres gate</stop>
    <stop arrival="9:44" departure="9:44">Møhlenpris v/ Industrihuset</stop>
    <stop arrival="9:49" departure="9:49">Lyngbø Motorvei R555</stop>
    <stop arrival="9:54" departure="9:54">Frida Fasmer R555</stop>
    <stop arrival="9:55" departure="9:55">Storavatnet term.</stop>
    <stop arrival="9:58" departure="9:58">Brøstaneset</stop>
    <stop arrival="10:00" departure="10:00">Storeklubben (Askøy)</stop>
    <stop arrival="10:02" departure="10:02">Holmedal (Askøy)</stop>
    <stop arrival="10:05" departure="10:05">Kleppestø term.</stop>
    <stop arrival="10:06" departure="10:06">Kleppestø senter</stop>
    <stop arrival="10:07" departure="10:07">Askøy Helsetun</stop>
    <stop arrival="10:07" departure="10:07">Kleppestø ungdomsskole</stop>
    <stop arrival="10:08" departure="10:08">Florvågskiftet F216</stop>
    <stop arrival="10:08" departure="10:08">Torvgården (Askøy)</stop>
    <stop arrival="10:09" departure="10:09">Skansen (Askøy)</stop>
    <stop arrival="10:09" departure="10:09">Svingen F216 (Askøy)</stop>
    <stop arrival="10:09" departure="10:09">Askøy senter</stop>
    <stop arrival="10:10" departure="10:10">Krokåsskiftet (Askøy)</stop>
    <stop arrival="10:11" departure="10:11">Juvikflaten (Askøy)</stop>
    <stop arrival="10:12" departure="10:12">Juvik bedehus (Askøy)</stop>
    <stop arrival="10:13" departure="10:13">Lavikskiftet (Askøy)</stop>
    <stop arrival="10:14" departure="10:14">Pålelva (Askøy)</stop>
    <stop arrival="10:14" departure="10:14">Kråvik (Askøy)</stop>
    <stop arrival="10:15" departure="10:15">Haugland Verkstedet (Askøy)</stop>
    <stop arrival="10:16" departure="10:16">Fjellveien (Askøy)</stop>
    <stop arrival="10:18" departure="10:18">Haugland skole (Askøy)</stop>
    <stop arrival="10:19" departure="10:19">Haugland bedehus (Askøy)</stop>
    <stop arrival="10:21" departure="10:21">Ravnanger</stop>
    <stop arrival="10:22" departure="10:22">Ravnanger term.</stop>
    <stop arrival="10:23" departure="10:23">Ravnanger nord</stop>
    <stop arrival="10:24" departure="10:24">Heiavatnet (Askøy)</stop>
    <stop arrival="10:26" departure="10:26">Åsebø (Askøy)</stop>
    <stop arrival="10:27" departure="10:27">Kjergardsåsen</stop>
    <stop arrival="10:28" departure="10:28">Kjerrgarden sør</stop>
    <stop arrival="10:29" departure="10:29">Kjerrgarden</stop>
    <stop arrival="10:29" departure="10:29">Kjerrgardskrysset</stop>
    <stop arrival="10:30" departure="10:30">Fromreide</stop>
    <stop arrival="10:30" departure="10:30">Fromreidetoppen</stop>
    <stop arrival="10:31" departure="10:31">Eikevågen</stop>
    <stop arrival="10:32" departure="10:32">Søre Fauskanger</stop>
    <stop arrival="10:33" departure="10:33">Store Fauskanger</stop>
    <stop arrival="10:33" departure="10:33">Lille Fauskanger</stop>
    <stop arrival="10:34" departure="10:34">Hestetræet (Askøy)</stop>
    <stop arrival="10:35" departure="10:35">Ådlandsvik</stop>
    <stop arrival="10:36" departure="10:36">Abbedissen kryss</stop>
    <stop arrival="10:37" departure="10:37">Skråmestø</stop>
    <stop arrival="10:40" departure="10:40">Merkesvik</stop>
    <stop arrival="10:41" departure="10:41">Sannes (Askøy)</stop>
    <stop arrival="10:42" departure="10:42">Guldbrandsøy</stop>
    <stop arrival="10:43" departure="10:43">Herdla Heimdal</stop>
    <stop arrival="10:44" departure="10:44">Herdla Skansen</stop>
    <stop arrival="10:45" departure="10:45">Herdla sør</stop>
    <stop arrival="10:46" departure="10:46">Herdla</stop>
    <stop arrival="10:47" departure="10:47">Herdla</stop>
    <stop arrival="10:47">Herdla snuplass</stop>
  </route>
  <route no="495" destination="Bergen Busstasjon" url="http://www.web2051.no/bin/tp/zuginfo.exe/on/192786/67115/649266/260371/1/" trafficDays="kjører Ma - Fr, ikke 13., 17., 24. Mai">
    <stop departure="10:13" routeNo="495">Ramsøy snuplass</stop>
    <stop arrival="10:15" departure="10:15">Ramsøy bro</stop>
    <stop arrival="10:16" departure="10:16">Hanøy</stop>
    <stop arrival="10:16" departure="10:16">Hanøy bedehus</stop>
    <stop arrival="10:17" departure="10:17">Hanøy skole</stop>
    <stop arrival="10:18" departure="10:18">Hanøy Skaret</stop>
    <stop arrival="10:18" departure="10:18">Hanøy Steinseidet</stop>
    <stop arrival="10:19" departure="10:19">Hanøy Steinsbruddet</stop>
    <stop arrival="10:19" departure="10:19">Hanøy Langøyvei</stop>
    <stop arrival="10:20" departure="10:20">Kollevåg Friluften</stop>
    <stop arrival="10:22" departure="10:22">Kollevågshøyden</stop>
    <stop arrival="10:23" departure="10:23">Kollevåg Svartevatnet</stop>
    <stop arrival="10:25" departure="10:25">Kollevåg</stop>
    <stop arrival="10:26" departure="10:26">Kollevåg Hendriksen</stop>
    <stop arrival="10:28" departure="10:28">Tveit kirke/skole (Askøy)</stop>
    <stop arrival="10:29" departure="10:29">Tveitevågskiftet</stop>
    <stop arrival="10:30" departure="10:30">Tveitetræet</stop>
    <stop arrival="10:32" departure="10:32">Ravnanger (Jehovas V.)</stop>
    <stop arrival="10:33" departure="10:33">Ravnanger term.</stop>
    <stop arrival="10:33" departure="10:33">Ravnanger</stop>
    <stop arrival="10:34" departure="10:34">Haugland bedehus (Askøy)</stop>
    <stop arrival="10:35" departure="10:35">Haugland skole (Askøy)</stop>
    <stop arrival="10:36" departure="10:36">Haugland sør (Askøy)</stop>
    <stop arrival="10:37" departure="10:37">Fjellveien (Askøy)</stop>
    <stop arrival="10:38" departure="10:38">Haugland Verkstedet (Askøy)</stop>
    <stop arrival="10:39" departure="10:39">Kråvik (Askøy)</stop>
    <stop arrival="10:39" departure="10:39">Pålelva (Askøy)</stop>
    <stop arrival="10:40" departure="10:40">Lavikskiftet (Askøy)</stop>
    <stop arrival="10:41" departure="10:41">Juvik bedehus (Askøy)</stop>
    <stop arrival="10:42" departure="10:42">Juvikflaten (Askøy)</stop>
    <stop arrival="10:43" departure="10:43">Krokåsskiftet (Askøy)</stop>
    <stop arrival="10:45" departure="10:45">Askøy senter</stop>
    <stop arrival="10:47" departure="10:47">Skansen (Askøy)</stop>
    <stop arrival="10:49" departure="10:49">Torvgården (Askøy)</stop>
    <stop arrival="10:51" departure="10:51">Florvågskiftet F216</stop>
    <stop arrival="10:53" departure="10:53">Kleppestø ungdomsskole</stop>
    <stop arrival="10:54" departure="10:54">Askøy Helsetun</stop>
    <stop arrival="10:58" departure="10:58">Kleppestø senter</stop>
    <stop arrival="11:00" departure="11:00">Kleppestø term.</stop>
    <stop arrival="11:01" departure="11:01">Kleppestø (Rådhuset)</stop>
    <stop arrival="11:02" departure="11:02">Holmedal (Askøy)</stop>
    <stop arrival="11:03" departure="11:03">Storeklubben (Askøy)</stop>
    <stop arrival="11:06" departure="11:06">Brøstaneset</stop>
    <stop arrival="11:10" departure="11:10">Storavatnet term.</stop>
    <stop arrival="11:11" departure="11:11">Frida Fasmer</stop>
    <stop arrival="11:16" departure="11:16">Lyngbø Motorvei R555</stop>
    <stop arrival="11:20" departure="11:20">Møhlenpris v/ Industrihuset</stop>
    <stop arrival="11:22" departure="11:22">Nygårdsgaten</stop>
    <stop arrival="11:25">Bergen Busstasjon</stop>
  </route>
  <route no="494" destination="Bergen Busstasjon" url="http://www.web2051.no/bin/tp/zuginfo.exe/on/759660/256037/523368/8464/1/" trafficDays="kjører Lø, ikke 1. Mai">
    <stop departure="10:38" routeNo="494">Ravnanger term.</stop>
    <stop arrival="10:38" departure="10:38">Ravnanger</stop>
    <stop arrival="10:39" departure="10:39">Haugland bedehus (Askøy)</stop>
    <stop arrival="10:40" departure="10:40">Haugland skole (Askøy)</stop>
    <stop arrival="10:41" departure="10:41">Haugland sør (Askøy)</stop>
    <stop arrival="10:42" departure="10:42">Fjellveien (Askøy)</stop>
    <stop arrival="10:43" departure="10:43">Haugland Verkstedet (Askøy)</stop>
    <stop arrival="10:44" departure="10:44">Kråvik (Askøy)</stop>
    <stop arrival="10:44" departure="10:44">Pålelva (Askøy)</stop>
    <stop arrival="10:45" departure="10:45">Lavikskiftet (Askøy)</stop>
    <stop arrival="10:46" departure="10:46">Juvik bedehus (Askøy)</stop>
    <stop arrival="10:47" departure="10:47">Juvikflaten (Askøy)</stop>
    <stop arrival="10:48" departure="10:48">Krokåsskiftet (Askøy)</stop>
    <stop arrival="10:50" departure="10:50">Askøy senter</stop>
    <stop arrival="10:51" departure="10:51">Skansen (Askøy)</stop>
    <stop arrival="10:52" departure="10:52">Torvgården (Askøy)</stop>
    <stop arrival="10:53" departure="10:53">Florvågskiftet F216</stop>
    <stop arrival="10:55" departure="10:55">Kleppestø ungdomsskole</stop>
    <stop arrival="10:56" departure="10:56">Askøy Helsetun</stop>
    <stop arrival="10:58" departure="10:58">Kleppestø senter</stop>
    <stop arrival="11:00" departure="11:00">Kleppestø term.</stop>
    <stop arrival="11:01" departure="11:01">Kleppestø (Rådhuset)</stop>
    <stop arrival="11:02" departure="11:02">Holmedal (Askøy)</stop>
    <stop arrival="11:03" departure="11:03">Storeklubben (Askøy)</stop>
    <stop arrival="11:06" departure="11:06">Brøstaneset</stop>
    <stop arrival="11:10" departure="11:10">Storavatnet term.</stop>
    <stop arrival="11:11" departure="11:11">Frida Fasmer</stop>
    <stop arrival="11:16" departure="11:16">Lyngbø Motorvei R555</stop>
    <stop arrival="11:20" departure="11:20">Møhlenpris v/ Industrihuset</stop>
    <stop arrival="11:22" departure="11:22">Nygårdsgaten</stop>
    <stop arrival="11:25">Bergen Busstasjon</stop>
  </route>
  <route no="494" destination="Bergen Busstasjon" url="http://www.web2051.no/bin/tp/zuginfo.exe/on/728964/245806/930800/222412/1/" trafficDays="kjører">
    <stop departure="10:38" routeNo="494">Ravnanger term.</stop>
    <stop arrival="10:38" departure="10:38">Ravnanger</stop>
    <stop arrival="10:39" departure="10:39">Haugland bedehus (Askøy)</stop>
    <stop arrival="10:40" departure="10:40">Haugland skole (Askøy)</stop>
    <stop arrival="10:41" departure="10:41">Haugland sør (Askøy)</stop>
    <stop arrival="10:42" departure="10:42">Fjellveien (Askøy)</stop>
    <stop arrival="10:43" departure="10:43">Haugland Verkstedet (Askøy)</stop>
    <stop arrival="10:44" departure="10:44">Kråvik (Askøy)</stop>
    <stop arrival="10:44" departure="10:44">Pålelva (Askøy)</stop>
    <stop arrival="10:45" departure="10:45">Lavikskiftet (Askøy)</stop>
    <stop arrival="10:46" departure="10:46">Juvik bedehus (Askøy)</stop>
    <stop arrival="10:47" departure="10:47">Juvikflaten (Askøy)</stop>
    <stop arrival="10:48" departure="10:48">Krokåsskiftet (Askøy)</stop>
    <stop arrival="10:50" departure="10:50">Askøy senter</stop>
    <stop arrival="10:51" departure="10:51">Skansen (Askøy)</stop>
    <stop arrival="10:52" departure="10:52">Torvgården (Askøy)</stop>
    <stop arrival="10:53" departure="10:53">Florvågskiftet F216</stop>
    <stop arrival="10:55" departure="10:55">Kleppestø ungdomsskole</stop>
    <stop arrival="10:56" departure="10:56">Askøy Helsetun</stop>
    <stop arrival="10:58" departure="10:58">Kleppestø senter</stop>
    <stop arrival="11:00" departure="11:00">Kleppestø term.</stop>
    <stop arrival="11:01" departure="11:01">Kleppestø (Rådhuset)</stop>
    <stop arrival="11:02" departure="11:02">Holmedal (Askøy)</stop>
    <stop arrival="11:03" departure="11:03">Storeklubben (Askøy)</stop>
    <stop arrival="11:06" departure="11:06">Brøstaneset</stop>
    <stop arrival="11:10" departure="11:10">Storavatnet term.</stop>
    <stop arrival="11:11" departure="11:11">Frida Fasmer</stop>
    <stop arrival="11:16" departure="11:16">Lyngbø Motorvei R555</stop>
    <stop arrival="11:21" departure="11:21">Møhlenpris v/ Industrihuset</stop>
    <stop arrival="11:22" departure="11:22">Christies gate (Festplassen)</stop>
    <stop arrival="11:25">Bergen Busstasjon</stop>
  </route>
  <route no="495" destination="Bergen Busstasjon" url="http://www.web2051.no/bin/tp/zuginfo.exe/on/13995/7554/430982/210826/1/" trafficDays="kjører Sø, ikke 16. Mai; også 13., 24. Mai">
    <stop departure="10:18" routeNo="495">Ramsøy snuplass</stop>
    <stop arrival="10:20" departure="10:20">Ramsøy bro</stop>
    <stop arrival="10:21" departure="10:21">Hanøy</stop>
    <stop arrival="10:21" departure="10:21">Hanøy bedehus</stop>
    <stop arrival="10:22" departure="10:22">Hanøy skole</stop>
    <stop arrival="10:23" departure="10:23">Hanøy Skaret</stop>
    <stop arrival="10:23" departure="10:23">Hanøy Steinseidet</stop>
    <stop arrival="10:24" departure="10:24">Hanøy Steinsbruddet</stop>
    <stop arrival="10:24" departure="10:24">Hanøy Langøyvei</stop>
    <stop arrival="10:25" departure="10:25">Kollevåg Friluften</stop>
    <stop arrival="10:27" departure="10:27">Kollevågshøyden</stop>
    <stop arrival="10:28" departure="10:28">Kollevåg Svartevatnet</stop>
    <stop arrival="10:30" departure="10:30">Kollevåg</stop>
    <stop arrival="10:31" departure="10:31">Kollevåg Hendriksen</stop>
    <stop arrival="10:33" departure="10:33">Tveit kirke/skole (Askøy)</stop>
    <stop arrival="10:34" departure="10:34">Tveitevågskiftet</stop>
    <stop arrival="10:35" departure="10:35">Tveitetræet</stop>
    <stop arrival="10:37" departure="10:37">Ravnanger (Jehovas V.)</stop>
    <stop arrival="10:38" departure="10:38">Ravnanger term.</stop>
    <stop arrival="10:38" departure="10:38">Ravnanger</stop>
    <stop arrival="10:39" departure="10:39">Haugland bedehus (Askøy)</stop>
    <stop arrival="10:40" departure="10:40">Haugland skole (Askøy)</stop>
    <stop arrival="10:41" departure="10:41">Haugland sør (Askøy)</stop>
    <stop arrival="10:42" departure="10:42">Fjellveien (Askøy)</stop>
    <stop arrival="10:43" departure="10:43">Haugland Verkstedet (Askøy)</stop>
    <stop arrival="10:44" departure="10:44">Kråvik (Askøy)</stop>
    <stop arrival="10:44" departure="10:44">Pålelva (Askøy)</stop>
    <stop arrival="10:45" departure="10:45">Lavikskiftet (Askøy)</stop>
    <stop arrival="10:46" departure="10:46">Juvik bedehus (Askøy)</stop>
    <stop arrival="10:47" departure="10:47">Juvikflaten (Askøy)</stop>
    <stop arrival="10:48" departure="10:48">Krokåsskiftet (Askøy)</stop>
    <stop arrival="10:50" departure="10:50">Askøy senter</stop>
    <stop arrival="10:51" departure="10:51">Skansen (Askøy)</stop>
    <stop arrival="10:52" departure="10:52">Torvgården (Askøy)</stop>
    <stop arrival="10:53" departure="10:53">Florvågskiftet F216</stop>
    <stop arrival="10:55" departure="10:55">Kleppestø ungdomsskole</stop>
    <stop arrival="10:56" departure="10:56">Askøy Helsetun</stop>
    <stop arrival="10:58" departure="10:58">Kleppestø senter</stop>
    <stop arrival="11:00" departure="11:00">Kleppestø term.</stop>
    <stop arrival="11:01" departure="11:01">Kleppestø (Rådhuset)</stop>
    <stop arrival="11:02" departure="11:02">Holmedal (Askøy)</stop>
    <stop arrival="11:03" departure="11:03">Storeklubben (Askøy)</stop>
    <stop arrival="11:06" departure="11:06">Brøstaneset</stop>
    <stop arrival="11:10" departure="11:10">Storavatnet term.</stop>
    <stop arrival="11:11" departure="11:11">Frida Fasmer</stop>
    <stop arrival="11:16" departure="11:16">Lyngbø Motorvei R555</stop>
    <stop arrival="11:20" departure="11:20">Møhlenpris v/ Industrihuset</stop>
    <stop arrival="11:22" departure="11:22">Nygårdsgaten</stop>
    <stop arrival="11:25">Bergen Busstasjon</stop>
  </route>
  <route no="495" destination="Bergen Busstasjon" url="http://www.web2051.no/bin/tp/zuginfo.exe/on/637368/215346/834816/204952/1/" trafficDays="kjører 1., 16., 17. Mai">
    <stop departure="10:18" routeNo="495">Ramsøy snuplass</stop>
    <stop arrival="10:20" departure="10:20">Ramsøy bro</stop>
    <stop arrival="10:21" departure="10:21">Hanøy</stop>
    <stop arrival="10:21" departure="10:21">Hanøy bedehus</stop>
    <stop arrival="10:22" departure="10:22">Hanøy skole</stop>
    <stop arrival="10:23" departure="10:23">Hanøy Skaret</stop>
    <stop arrival="10:23" departure="10:23">Hanøy Steinseidet</stop>
    <stop arrival="10:24" departure="10:24">Hanøy Steinsbruddet</stop>
    <stop arrival="10:24" departure="10:24">Hanøy Langøyvei</stop>
    <stop arrival="10:25" departure="10:25">Kollevåg Friluften</stop>
    <stop arrival="10:27" departure="10:27">Kollevågshøyden</stop>
    <stop arrival="10:28" departure="10:28">Kollevåg Svartevatnet</stop>
    <stop arrival="10:30" departure="10:30">Kollevåg</stop>
    <stop arrival="10:31" departure="10:31">Kollevåg Hendriksen</stop>
    <stop arrival="10:33" departure="10:33">Tveit kirke/skole (Askøy)</stop>
    <stop arrival="10:34" departure="10:34">Tveitevågskiftet</stop>
    <stop arrival="10:35" departure="10:35">Tveitetræet</stop>
    <stop arrival="10:37" departure="10:37">Ravnanger (Jehovas V.)</stop>
    <stop arrival="10:38" departure="10:38">Ravnanger term.</stop>
    <stop arrival="10:38" departure="10:38">Ravnanger</stop>
    <stop arrival="10:39" departure="10:39">Haugland bedehus (Askøy)</stop>
    <stop arrival="10:40" departure="10:40">Haugland skole (Askøy)</stop>
    <stop arrival="10:41" departure="10:41">Haugland sør (Askøy)</stop>
    <stop arrival="10:42" departure="10:42">Fjellveien (Askøy)</stop>
    <stop arrival="10:43" departure="10:43">Haugland Verkstedet (Askøy)</stop>
    <stop arrival="10:44" departure="10:44">Kråvik (Askøy)</stop>
    <stop arrival="10:44" departure="10:44">Pålelva (Askøy)</stop>
    <stop arrival="10:45" departure="10:45">Lavikskiftet (Askøy)</stop>
    <stop arrival="10:46" departure="10:46">Juvik bedehus (Askøy)</stop>
    <stop arrival="10:47" departure="10:47">Juvikflaten (Askøy)</stop>
    <stop arrival="10:48" departure="10:48">Krokåsskiftet (Askøy)</stop>
    <stop arrival="10:50" departure="10:50">Askøy senter</stop>
    <stop arrival="10:51" departure="10:51">Skansen (Askøy)</stop>
    <stop arrival="10:52" departure="10:52">Torvgården (Askøy)</stop>
    <stop arrival="10:53" departure="10:53">Florvågskiftet F216</stop>
    <stop arrival="10:55" departure="10:55">Kleppestø ungdomsskole</stop>
    <stop arrival="10:56" departure="10:56">Askøy Helsetun</stop>
    <stop arrival="10:58" departure="10:58">Kleppestø senter</stop>
    <stop arrival="11:00" departure="11:00">Kleppestø term.</stop>
    <stop arrival="11:01" departure="11:01">Kleppestø (Rådhuset)</stop>
    <stop arrival="11:02" departure="11:02">Holmedal (Askøy)</stop>
    <stop arrival="11:03" departure="11:03">Storeklubben (Askøy)</stop>
    <stop arrival="11:06" departure="11:06">Brøstaneset</stop>
    <stop arrival="11:10" departure="11:10">Storavatnet term.</stop>
    <stop arrival="11:11" departure="11:11">Frida Fasmer</stop>
    <stop arrival="11:16" departure="11:16">Lyngbø Motorvei R555</stop>
    <stop arrival="11:21" departure="11:21">Møhlenpris v/ Industrihuset</stop>
    <stop arrival="11:22" departure="11:22">Christies gate (Festplassen)</stop>
    <stop arrival="11:25">Bergen Busstasjon</stop>
  </route>
</routes>
