<?xml version="1.0" encoding="UTF-8"?>
<routes>
  <route no="445" destination="Anglevik snuplass" url="http://www.web2051.no/bin/tp/zuginfo.exe/on/333294/113143/812990/295397/1/" trafficDays="kjører Lø, ikke 1. Mai">
    <stop departure="9:40" routeNo="445">Bergen Busstasjon</stop>
    <stop arrival="9:41" departure="9:41">Olav Kyrres gate</stop>
    <stop arrival="9:43" departure="9:43">Møhlenpris v/ Industrihuset</stop>
    <stop arrival="9:48" departure="9:48">Lyngbø Motorvei R555</stop>
    <stop arrival="9:54" departure="9:54">Frida Fasmer R555</stop>
    <stop arrival="9:55" departure="9:55">Storavatnet term.</stop>
    <stop arrival="9:57" departure="9:57">Breivikskiftet</stop>
    <stop arrival="9:58" departure="9:58">Drotningsvik Rv 555</stop>
    <stop arrival="10:00" departure="10:00">Knarrevik</stop>
    <stop arrival="10:05" departure="10:05">Straume term.</stop>
    <stop arrival="10:06" departure="10:06">Storhilleren (Foldnesveg)</stop>
    <stop arrival="10:07" departure="10:07">Åttringavegen</stop>
    <stop arrival="10:08" departure="10:08">Sotraheimen</stop>
    <stop arrival="10:08" departure="10:08">Foldnes Grunnavågen</stop>
    <stop arrival="10:09" departure="10:09">Foldnesvegen</stop>
    <stop arrival="10:10" departure="10:10">Foldnes</stop>
    <stop arrival="10:11" departure="10:11">Vågaleite (Fjell)</stop>
    <stop arrival="10:12" departure="10:12">Våge kryss (Fjell)</stop>
    <stop arrival="10:14" departure="10:14">Anglevik</stop>
    <stop arrival="10:15">Anglevik snuplass</stop>
  </route>
  <route no="459" destination="Straume term." url="http://www.web2051.no/bin/tp/zuginfo.exe/on/38934/15198/926140/450092/1/" trafficDays="kjører Ma - Fr, ikke 13., 17., 24. Mai">
    <stop departure="9:40" routeNo="459">Bergen Busstasjon</stop>
    <stop arrival="9:41" departure="9:41">Olav Kyrres gate</stop>
    <stop arrival="9:43" departure="9:43">Møhlenpris v/ Industrihuset</stop>
    <stop arrival="9:48" departure="9:48">Lyngbø Motorvei R555</stop>
    <stop arrival="9:54" departure="9:54">Frida Fasmer R555</stop>
    <stop arrival="9:55" departure="9:55">Storavatnet term.</stop>
    <stop arrival="9:57" departure="9:57">Breivikskiftet</stop>
    <stop arrival="9:58" departure="9:58">Drotningsvik Rv 555</stop>
    <stop arrival="10:00" departure="10:00">Knarrevik</stop>
    <stop arrival="10:05">Straume term.</stop>
  </route>
  <route no="441" destination="Hjelteryggen Nordre knappen" url="http://www.web2051.no/bin/tp/zuginfo.exe/on/446448/150698/77048/110292/1/" trafficDays="kjører Lø, ikke 1. Mai">
    <stop departure="9:55" routeNo="441">Storavatnet term.</stop>
    <stop arrival="9:56" departure="9:56">Ørjebekk</stop>
    <stop arrival="9:57" departure="9:57">Øvre Godvik</stop>
    <stop arrival="9:58" departure="9:58">Nedre Godvik</stop>
    <stop arrival="9:58" departure="9:58">Kiplehaugen</stop>
    <stop arrival="9:58" departure="9:58">Breivikskiftet</stop>
    <stop arrival="9:59" departure="9:59">Breivikdalen</stop>
    <stop arrival="10:00" departure="10:00">Stiaberget</stop>
    <stop arrival="10:00" departure="10:00">Drotningsvik v/Hydro</stop>
    <stop arrival="10:01" departure="10:01">Drotningsvik Rv 555</stop>
    <stop arrival="10:03" departure="10:03">Knarrevik</stop>
    <stop arrival="10:04" departure="10:04">Knarrevik under brua</stop>
    <stop arrival="10:05" departure="10:05">Hjelteryggen Svensveien</stop>
    <stop arrival="10:07" departure="10:07">Hjelteryggen Søre Knappen</stop>
    <stop arrival="10:07">Hjelteryggen Nordre knappen</stop>
  </route>
  <route no="444" destination="Bergen Busstasjon" url="http://www.web2051.no/bin/tp/zuginfo.exe/on/17460/7793/134574/61470/1/" trafficDays="kjører 17. Mai">
    <stop departure="10:00" routeNo="444">Straume term.</stop>
    <stop arrival="10:03" departure="10:03">Knarrevik</stop>
    <stop arrival="10:06" departure="10:06">Drotningsvik Rv 555</stop>
    <stop arrival="10:07" departure="10:07">Breivikskiftet</stop>
    <stop arrival="10:10" departure="10:10">Storavatnet term.</stop>
    <stop arrival="10:11" departure="10:11">Frida Fasmer</stop>
    <stop arrival="10:16" departure="10:16">Lyngbø Motorvei R555</stop>
    <stop arrival="10:21" departure="10:21">Møhlenpris v/ Industrihuset</stop>
    <stop arrival="10:22" departure="10:22">Christies gate (Festplassen)</stop>
    <stop arrival="10:25">Bergen Busstasjon</stop>
  </route>
  <route no="459" destination="Bergen Busstasjon" url="http://www.web2051.no/bin/tp/zuginfo.exe/on/622422/209703/852230/218642/1/" trafficDays="kjører Ma - Fr, ikke 13., 17., 24. Mai">
    <stop departure="9:20" routeNo="459">Tælavåg snuplass</stop>
    <stop arrival="9:20" departure="9:20">Tælavåg Øvretveit</stop>
    <stop arrival="9:21" departure="9:21">Tælavåg Øvretveit (brekko)</stop>
    <stop arrival="9:21" departure="9:21">Tælavåg Midttveit</stop>
    <stop arrival="9:21" departure="9:21">Tælavåg skule</stop>
    <stop arrival="9:22" departure="9:22">Tælavåg Telle</stop>
    <stop arrival="9:22" departure="9:22">Tælavåg bedehus</stop>
    <stop arrival="9:22" departure="9:22">Tælavåg Nipa</stop>
    <stop arrival="9:23" departure="9:23">Tælavåg Nipa byggefelt</stop>
    <stop arrival="9:24" departure="9:24">Tælavåg Museum (Idrettsplass)</stop>
    <stop arrival="9:24" departure="9:24">Tælavåg Sælstø</stop>
    <stop arrival="9:25" departure="9:25">Tælavåg gravplass</stop>
    <stop arrival="9:27" departure="9:27">Asphaug</stop>
    <stop arrival="9:28" departure="9:28">Spildepollen</stop>
    <stop arrival="9:28" departure="9:28">Kårevik</stop>
    <stop arrival="9:29" departure="9:29">Kårevik</stop>
    <stop arrival="9:29" departure="9:29">Pollen skule</stop>
    <stop arrival="9:30" departure="9:30">Eidesjøen</stop>
    <stop arrival="9:32" departure="9:32">Eidesjøen Tveitaneset</stop>
    <stop arrival="9:34" departure="9:34">Hammersland (Sund)</stop>
    <stop arrival="9:35" departure="9:35">Hammersland (Sund)</stop>
    <stop arrival="9:40" departure="9:40">Skogsskiftet term.</stop>
    <stop arrival="9:41" departure="9:41">Trengereid (Fjell)</stop>
    <stop arrival="9:41" departure="9:41">Trengereid Slettebakken (Fjell</stop>
    <stop arrival="9:43" departure="9:43">Dalseide (Fjell)</stop>
    <stop arrival="9:44" departure="9:44">Dala (Fjell)</stop>
    <stop arrival="9:44" departure="9:44">Dala (Fjell)</stop>
    <stop arrival="9:45" departure="9:45">Tellnes skule</stop>
    <stop arrival="9:45" departure="9:45">Tellnesskiftet</stop>
    <stop arrival="9:46" departure="9:46">Tellnes Bruabrekko</stop>
    <stop arrival="9:47" departure="9:47">Tellnesskogen</stop>
    <stop arrival="9:48" departure="9:48">Fjell søre Krossleite</stop>
    <stop arrival="9:48" departure="9:48">Fjell Krossleite</stop>
    <stop arrival="9:49" departure="9:49">Fjell Podlagrinda</stop>
    <stop arrival="9:49" departure="9:49">Fjell Søre</stop>
    <stop arrival="9:50" departure="9:50">Fjell Leite</stop>
    <stop arrival="9:50" departure="9:50">Fjell kyrkje</stop>
    <stop arrival="9:50" departure="9:50">Fjell</stop>
    <stop arrival="9:51" departure="9:51">Fjell Heljedalen</stop>
    <stop arrival="9:52" departure="9:52">Fjell Blommen</stop>
    <stop arrival="9:58" departure="9:58">Bildøy</stop>
    <stop arrival="10:00" departure="10:00">Straume term.</stop>
    <stop arrival="10:03" departure="10:03">Knarrevik</stop>
    <stop arrival="10:05" departure="10:05">Drotningsvik Rv 555</stop>
    <stop arrival="10:06" departure="10:06">Breivikskiftet</stop>
    <stop arrival="10:09" departure="10:09">Frida Fasmer</stop>
    <stop arrival="10:13" departure="10:13">Lyngbø Motorvei R555</stop>
    <stop arrival="10:17" departure="10:17">Møhlenpris v/ Industrihuset</stop>
    <stop arrival="10:19" departure="10:19">Nygårdsgaten</stop>
    <stop arrival="10:20">Bergen Busstasjon</stop>
  </route>
  <route no="468" destination="Bergen Busstasjon" url="http://www.web2051.no/bin/tp/zuginfo.exe/on/68886/25360/822656/388366/1/" trafficDays="kjører Lø, ikke 1. Mai">
    <stop departure="9:35" routeNo="468">Ågotnes terminal</stop>
    <stop arrival="9:36" departure="9:36">Ågotnes Kryss CCB</stop>
    <stop arrival="9:36" departure="9:36">Ågotnes Maggevarden</stop>
    <stop arrival="9:37" departure="9:37">Ågotnes</stop>
    <stop arrival="9:38" departure="9:38">Ågotnes Vanntanken</stop>
    <stop arrival="9:40" departure="9:40">Spjeldbrekko</stop>
    <stop arrival="9:41" departure="9:41">Spjeld</stop>
    <stop arrival="9:41" departure="9:41">Ormevik</stop>
    <stop arrival="9:42" departure="9:42">Knappskog</stop>
    <stop arrival="9:43" departure="9:43">Fjæreide kryss</stop>
    <stop arrival="9:45" departure="9:45">Knappskog utmark</stop>
    <stop arrival="9:46" departure="9:46">Morlandstø</stop>
    <stop arrival="9:47" departure="9:47">Morland ved bensinstasjon</stop>
    <stop arrival="9:48" departure="9:48">Kolltveit senter</stop>
    <stop arrival="9:49" departure="9:49">Kolltveit kai</stop>
    <stop arrival="9:50" departure="9:50">Kolltveit Bergasletto</stop>
    <stop arrival="9:51" departure="9:51">Kolltveit sør</stop>
    <stop arrival="9:51" departure="9:51">Kolltveit ved skulen</stop>
    <stop arrival="9:52" departure="9:52">Kolltveit kryss</stop>
    <stop arrival="9:53" departure="9:53">Døsjeskiftet</stop>
    <stop arrival="9:54" departure="9:54">Bildøy bro</stop>
    <stop arrival="9:56" departure="9:56">Bildøy</stop>
    <stop arrival="10:00" departure="10:00">Straume term.</stop>
    <stop arrival="10:03" departure="10:03">Knarrevik</stop>
    <stop arrival="10:06" departure="10:06">Drotningsvik Rv 555</stop>
    <stop arrival="10:07" departure="10:07">Breivikskiftet</stop>
    <stop arrival="10:10" departure="10:10">Storavatnet term.</stop>
    <stop arrival="10:11" departure="10:11">Frida Fasmer</stop>
    <stop arrival="10:17" departure="10:17">Lyngbø Motorvei R555</stop>
    <stop arrival="10:22" departure="10:22">Møhlenpris v/ Industrihuset</stop>
    <stop arrival="10:24" departure="10:24">Nygårdsgaten</stop>
    <stop arrival="10:25">Bergen Busstasjon</stop>
  </route>
  <route no="468" destination="Bergen Busstasjon" url="http://www.web2051.no/bin/tp/zuginfo.exe/on/384033/130410/820970/282474/1/" trafficDays="kjører">
    <stop departure="9:35" routeNo="468">Ågotnes terminal</stop>
    <stop arrival="9:36" departure="9:36">Ågotnes Kryss CCB</stop>
    <stop arrival="9:36" departure="9:36">Ågotnes Maggevarden</stop>
    <stop arrival="9:37" departure="9:37">Ågotnes</stop>
    <stop arrival="9:38" departure="9:38">Ågotnes Vanntanken</stop>
    <stop arrival="9:40" departure="9:40">Spjeldbrekko</stop>
    <stop arrival="9:41" departure="9:41">Spjeld</stop>
    <stop arrival="9:41" departure="9:41">Ormevik</stop>
    <stop arrival="9:42" departure="9:42">Knappskog</stop>
    <stop arrival="9:43" departure="9:43">Fjæreide kryss</stop>
    <stop arrival="9:45" departure="9:45">Knappskog utmark</stop>
    <stop arrival="9:46" departure="9:46">Morlandstø</stop>
    <stop arrival="9:47" departure="9:47">Morland ved bensinstasjon</stop>
    <stop arrival="9:48" departure="9:48">Kolltveit senter</stop>
    <stop arrival="9:49" departure="9:49">Kolltveit kai</stop>
    <stop arrival="9:50" departure="9:50">Kolltveit Bergasletto</stop>
    <stop arrival="9:51" departure="9:51">Kolltveit sør</stop>
    <stop arrival="9:51" departure="9:51">Kolltveit ved skulen</stop>
    <stop arrival="9:52" departure="9:52">Kolltveit kryss</stop>
    <stop arrival="9:53" departure="9:53">Døsjeskiftet</stop>
    <stop arrival="9:54" departure="9:54">Bildøy bro</stop>
    <stop arrival="9:56" departure="9:56">Bildøy</stop>
    <stop arrival="10:00" departure="10:00">Straume term.</stop>
    <stop arrival="10:03" departure="10:03">Knarrevik</stop>
    <stop arrival="10:06" departure="10:06">Drotningsvik Rv 555</stop>
    <stop arrival="10:07" departure="10:07">Breivikskiftet</stop>
    <stop arrival="10:10" departure="10:10">Storavatnet term.</stop>
    <stop arrival="10:11" departure="10:11">Frida Fasmer</stop>
    <stop arrival="10:17" departure="10:17">Lyngbø Motorvei R555</stop>
    <stop arrival="10:22" departure="10:22">Møhlenpris v/ Industrihuset</stop>
    <stop arrival="10:24" departure="10:24">Christies gate (Festplassen)</stop>
    <stop arrival="10:25">Bergen Busstasjon</stop>
  </route>
  <route no="441" destination="Hjelteryggen Nordre knappen" url="http://www.web2051.no/bin/tp/zuginfo.exe/on/662247/222631/573298/65900/1/" trafficDays="kjører Lø, ikke 1. Mai">
    <stop departure="9:55" routeNo="441">Storavatnet term.</stop>
    <stop arrival="9:56" departure="9:56">Ørjebekk</stop>
    <stop arrival="9:57" departure="9:57">Øvre Godvik</stop>
    <stop arrival="9:58" departure="9:58">Nedre Godvik</stop>
    <stop arrival="9:58" departure="9:58">Kiplehaugen</stop>
    <stop arrival="9:58" departure="9:58">Breivikskiftet</stop>
    <stop arrival="9:59" departure="9:59">Breivikdalen</stop>
    <stop arrival="10:00" departure="10:00">Stiaberget</stop>
    <stop arrival="10:00" departure="10:00">Drotningsvik v/Hydro</stop>
    <stop arrival="10:01" departure="10:01">Drotningsvik Rv 555</stop>
    <stop arrival="10:03" departure="10:03">Knarrevik</stop>
    <stop arrival="10:04" departure="10:04">Knarrevik under brua</stop>
    <stop arrival="10:05" departure="10:05">Hjelteryggen Svensveien</stop>
    <stop arrival="10:07" departure="10:07">Hjelteryggen Søre Knappen</stop>
    <stop arrival="10:07">Hjelteryggen Nordre knappen</stop>
  </route>
  <route no="32" destination="Bergen Busstasjon" url="http://www.web2051.no/bin/tp/zuginfo.exe/on/186486/63437/731678/303678/1/" trafficDays="kjører Ma - Fr, ikke 13., 17., 24. Mai">
    <stop departure="10:03" routeNo="32">Straume term.</stop>
    <stop arrival="10:06" departure="10:06">Knarrevik</stop>
    <stop arrival="10:09" departure="10:09">Drotningsvik Rv 555</stop>
    <stop arrival="10:10" departure="10:10">Breivikskiftet</stop>
    <stop arrival="10:13" departure="10:13">Storavatnet term.</stop>
    <stop arrival="10:14" departure="10:14">Frida Fasmer</stop>
    <stop arrival="10:15" departure="10:15">Loddefjorddalen</stop>
    <stop arrival="10:18" departure="10:18">Loddefjord term.</stop>
    <stop arrival="10:19" departure="10:19">Bjørndalstre krysset</stop>
    <stop arrival="10:19" departure="10:19">Bjørndalstræ R557</stop>
    <stop arrival="10:20" departure="10:20">Ravnestølen</stop>
    <stop arrival="10:21" departure="10:21">Sætermyr</stop>
    <stop arrival="10:22" departure="10:22">Bjørndalsskogen</stop>
    <stop arrival="10:23" departure="10:23">Kjerreidviken</stop>
    <stop arrival="10:24" departure="10:24">Bjørge</stop>
    <stop arrival="10:24" departure="10:24">Sandeidbråtet</stop>
    <stop arrival="10:24" departure="10:24">Sandeidet barnehage</stop>
    <stop arrival="10:25" departure="10:25">Sandeide terminal</stop>
    <stop arrival="10:27" departure="10:27">Fyllingsdalsveien v/Shell</stop>
    <stop arrival="10:29" departure="10:29">Skarphaugen</stop>
    <stop arrival="10:30" departure="10:30">Oasen Terminal</stop>
    <stop arrival="10:31" departure="10:31">Løvås</stop>
    <stop arrival="10:32" departure="10:32">Nebbeveien</stop>
    <stop arrival="10:32" departure="10:32">Hamregården</stop>
    <stop arrival="10:33" departure="10:33">Sikthaugen</stop>
    <stop arrival="10:38" departure="10:38">Gyldenpris</stop>
    <stop arrival="10:39" departure="10:39">Møhlenpris v/ Industrihuset</stop>
    <stop arrival="10:42" departure="10:42">Nygårdsgaten</stop>
    <stop arrival="10:45">Bergen Busstasjon</stop>
  </route>
  <route no="444" destination="Bergen Busstasjon" url="http://www.web2051.no/bin/tp/zuginfo.exe/on/426738/144221/454742/85125/1/" trafficDays="kjører 17. Mai">
    <stop departure="10:10" routeNo="444">Straume term.</stop>
    <stop arrival="10:13" departure="10:13">Knarrevik</stop>
    <stop arrival="10:16" departure="10:16">Drotningsvik Rv 555</stop>
    <stop arrival="10:17" departure="10:17">Breivikskiftet</stop>
    <stop arrival="10:20" departure="10:20">Storavatnet term.</stop>
    <stop arrival="10:21" departure="10:21">Frida Fasmer</stop>
    <stop arrival="10:26" departure="10:26">Lyngbø Motorvei R555</stop>
    <stop arrival="10:31" departure="10:31">Møhlenpris v/ Industrihuset</stop>
    <stop arrival="10:32" departure="10:32">Christies gate (Festplassen)</stop>
    <stop arrival="10:35">Bergen Busstasjon</stop>
  </route>
  <route no="444" destination="Bergen Busstasjon" url="http://www.web2051.no/bin/tp/zuginfo.exe/on/193056/66325/924372/397838/1/" trafficDays="kjører 17. Mai">
    <stop departure="10:20" routeNo="444">Straume term.</stop>
    <stop arrival="10:23" departure="10:23">Knarrevik</stop>
    <stop arrival="10:26" departure="10:26">Drotningsvik Rv 555</stop>
    <stop arrival="10:27" departure="10:27">Breivikskiftet</stop>
    <stop arrival="10:30" departure="10:30">Storavatnet term.</stop>
    <stop arrival="10:31" departure="10:31">Frida Fasmer</stop>
    <stop arrival="10:36" departure="10:36">Lyngbø Motorvei R555</stop>
    <stop arrival="10:41" departure="10:41">Møhlenpris v/ Industrihuset</stop>
    <stop arrival="10:42" departure="10:42">Christies gate (Festplassen)</stop>
    <stop arrival="10:45">Bergen Busstasjon</stop>
  </route>
  <route no="441" destination="Storavatnet term." url="http://www.web2051.no/bin/tp/zuginfo.exe/on/443043/149567/517356/110997/1/" trafficDays="kjører Lø, ikke 1. Mai">
    <stop departure="10:20" routeNo="441">Hjelteryggen Nordre Knappen</stop>
    <stop arrival="10:21" departure="10:21">Hjelteryggen Søre Knappen</stop>
    <stop arrival="10:23" departure="10:23">Hjelteryggen Svensveien</stop>
    <stop arrival="10:24" departure="10:24">Knarrevik under brua</stop>
    <stop arrival="10:25" departure="10:25">Knarrevik</stop>
    <stop arrival="10:26" departure="10:26">Drotningsvik Rv 555</stop>
    <stop arrival="10:26" departure="10:26">Drotningsvik v/Hydro</stop>
    <stop arrival="10:27" departure="10:27">Breivika</stop>
    <stop arrival="10:28" departure="10:28">Breivikdalen</stop>
    <stop arrival="10:30" departure="10:30">Breivikskiftet</stop>
    <stop arrival="10:31" departure="10:31">Kiplehaugen</stop>
    <stop arrival="10:32" departure="10:32">Nedre Godvik</stop>
    <stop arrival="10:33" departure="10:33">Øvre Godvik</stop>
    <stop arrival="10:35" departure="10:35">Godviksvingene</stop>
    <stop arrival="10:37" departure="10:37">Ørjebekk</stop>
    <stop arrival="10:40">Storavatnet term.</stop>
  </route>
  <route no="441" destination="Storavatnet term." url="http://www.web2051.no/bin/tp/zuginfo.exe/on/432867/146175/281454/3562/1/" trafficDays="kjører Lø, ikke 1. Mai">
    <stop departure="10:20" routeNo="441">Hjelteryggen Nordre Knappen</stop>
    <stop arrival="10:21" departure="10:21">Hjelteryggen Søre Knappen</stop>
    <stop arrival="10:23" departure="10:23">Hjelteryggen Svensveien</stop>
    <stop arrival="10:24" departure="10:24">Knarrevik under brua</stop>
    <stop arrival="10:25" departure="10:25">Knarrevik</stop>
    <stop arrival="10:26" departure="10:26">Drotningsvik Rv 555</stop>
    <stop arrival="10:26" departure="10:26">Drotningsvik v/Hydro</stop>
    <stop arrival="10:27" departure="10:27">Breivika</stop>
    <stop arrival="10:28" departure="10:28">Breivikdalen</stop>
    <stop arrival="10:30" departure="10:30">Breivikskiftet</stop>
    <stop arrival="10:31" departure="10:31">Kiplehaugen</stop>
    <stop arrival="10:32" departure="10:32">Nedre Godvik</stop>
    <stop arrival="10:33" departure="10:33">Øvre Godvik</stop>
    <stop arrival="10:35" departure="10:35">Godviksvingene</stop>
    <stop arrival="10:37" departure="10:37">Ørjebekk</stop>
    <stop arrival="10:40">Storavatnet term.</stop>
  </route>
  <route no="45" destination="Straume term." url="http://www.web2051.no/bin/tp/zuginfo.exe/on/435510/146809/670508/190088/1/" trafficDays="kjører Ma - Fr, ikke 13., 17., 24. Mai">
    <stop departure="9:50" routeNo="45">Flesland Flyplass</stop>
    <stop arrival="9:51" departure="9:51">Liland (Flyplassvegen)</stop>
    <stop arrival="9:53" departure="9:53">Birkelandskrysset Terminal</stop>
    <stop arrival="9:55" departure="9:55">Scandic</stop>
    <stop arrival="9:57" departure="9:57">Nera</stop>
    <stop arrival="9:59" departure="9:59">BKK , Kokstad</stop>
    <stop arrival="10:00" departure="10:00">Kokstad Bilhandel</stop>
    <stop arrival="10:02" departure="10:02">Storrinden</stop>
    <stop arrival="10:04" departure="10:04">Dolvikbakken</stop>
    <stop arrival="10:04" departure="10:04">Grimstadskiftet</stop>
    <stop arrival="10:05" departure="10:05">Søreide skole</stop>
    <stop arrival="10:06" departure="10:06">Søreide v/Hydrostasjonen</stop>
    <stop arrival="10:07" departure="10:07">Straume bro</stop>
    <stop arrival="10:07" departure="10:07">Sementbroen</stop>
    <stop arrival="10:09" departure="10:09">Sandeide terminal</stop>
    <stop arrival="10:10" departure="10:10">Sandeidet barnehage</stop>
    <stop arrival="10:10" departure="10:10">Sandeidbråtet</stop>
    <stop arrival="10:11" departure="10:11">Bjørge</stop>
    <stop arrival="10:12" departure="10:12">Kjerreidviken</stop>
    <stop arrival="10:13" departure="10:13">Bjørndalsskogen</stop>
    <stop arrival="10:14" departure="10:14">Sætermyr</stop>
    <stop arrival="10:15" departure="10:15">Ravnestølen</stop>
    <stop arrival="10:15" departure="10:15">Bjørndalstræ R557</stop>
    <stop arrival="10:17" departure="10:17">Loddefjord term.</stop>
    <stop arrival="10:19" departure="10:19">Loddefjorddalen</stop>
    <stop arrival="10:20" departure="10:20">Frida Fasmer</stop>
    <stop arrival="10:21" departure="10:21">Frida Fasmer R555</stop>
    <stop arrival="10:22" departure="10:22">Storavatnet term.</stop>
    <stop arrival="10:24" departure="10:24">Breivikskiftet</stop>
    <stop arrival="10:26" departure="10:26">Drotningsvik Rv 555</stop>
    <stop arrival="10:28" departure="10:28">Knarrevik</stop>
    <stop arrival="10:32">Straume term.</stop>
  </route>
  <route no="445" destination="Straume term." url="http://www.web2051.no/bin/tp/zuginfo.exe/on/619095/208379/997984/292627/1/" trafficDays="kjører Ma - Fr, ikke 13., 17., 24. Mai">
    <stop departure="10:10" routeNo="445">Bergen Busstasjon</stop>
    <stop arrival="10:11" departure="10:11">Olav Kyrres gate</stop>
    <stop arrival="10:13" departure="10:13">Møhlenpris v/ Industrihuset</stop>
    <stop arrival="10:18" departure="10:18">Lyngbø Motorvei R555</stop>
    <stop arrival="10:24" departure="10:24">Frida Fasmer R555</stop>
    <stop arrival="10:25" departure="10:25">Storavatnet term.</stop>
    <stop arrival="10:27" departure="10:27">Breivikskiftet</stop>
    <stop arrival="10:28" departure="10:28">Drotningsvik Rv 555</stop>
    <stop arrival="10:30" departure="10:30">Knarrevik</stop>
    <stop arrival="10:35">Straume term.</stop>
  </route>
  <route no="468" destination="Ågotnes terminal" url="http://www.web2051.no/bin/tp/zuginfo.exe/on/591399/199520/667130/136433/1/" trafficDays="kjører Lø, ikke 1. Mai">
    <stop departure="10:10" routeNo="468">Bergen Busstasjon</stop>
    <stop arrival="10:13" departure="10:13">Olav Kyrres gate</stop>
    <stop arrival="10:14" departure="10:14">Møhlenpris v/ Industrihuset</stop>
    <stop arrival="10:19" departure="10:19">Lyngbø Motorvei R555</stop>
    <stop arrival="10:24" departure="10:24">Frida Fasmer R555</stop>
    <stop arrival="10:25" departure="10:25">Storavatnet term.</stop>
    <stop arrival="10:27" departure="10:27">Breivikskiftet</stop>
    <stop arrival="10:28" departure="10:28">Drotningsvik Rv 555</stop>
    <stop arrival="10:30" departure="10:30">Knarrevik</stop>
    <stop arrival="10:35" departure="10:35">Straume term.</stop>
    <stop arrival="10:36" departure="10:36">Bildøy</stop>
    <stop arrival="10:38" departure="10:38">Bildøy bro</stop>
    <stop arrival="10:38" departure="10:38">Døsjeskiftet</stop>
    <stop arrival="10:38" departure="10:38">Kolltveit kryss</stop>
    <stop arrival="10:39" departure="10:39">Kolltveit ved skulen</stop>
    <stop arrival="10:39" departure="10:39">Kolltveit sør</stop>
    <stop arrival="10:39" departure="10:39">Kolltveit Bergasletto</stop>
    <stop arrival="10:40" departure="10:40">Kolltveit kai</stop>
    <stop arrival="10:40" departure="10:40">Kolltveit senter</stop>
    <stop arrival="10:42" departure="10:42">Morland ved bensinstasjon</stop>
    <stop arrival="10:43" departure="10:43">Morlandstø</stop>
    <stop arrival="10:44" departure="10:44">Knappskog utmark</stop>
    <stop arrival="10:45" departure="10:45">Fjæreide kryss</stop>
    <stop arrival="10:46" departure="10:46">Knappskog</stop>
    <stop arrival="10:48" departure="10:48">Ormevik</stop>
    <stop arrival="10:49" departure="10:49">Spjeld</stop>
    <stop arrival="10:50" departure="10:50">Spjeldbrekko</stop>
    <stop arrival="10:51" departure="10:51">Ågotnes Vanntanken</stop>
    <stop arrival="10:53" departure="10:53">Ågotnes</stop>
    <stop arrival="10:54" departure="10:54">Ågotnes Maggevarden</stop>
    <stop arrival="10:54" departure="10:54">Ågotnes Kryss CCB</stop>
    <stop arrival="10:55">Ågotnes terminal</stop>
  </route>
  <route no="441" destination="Hjelteryggen Nordre knappen" url="http://www.web2051.no/bin/tp/zuginfo.exe/on/752613/252722/423780/38981/1/" trafficDays="kjører Ma - Fr, Sø, også 1. Mai">
    <stop departure="10:25" routeNo="441">Storavatnet term.</stop>
    <stop arrival="10:26" departure="10:26">Ørjebekk</stop>
    <stop arrival="10:27" departure="10:27">Øvre Godvik</stop>
    <stop arrival="10:28" departure="10:28">Nedre Godvik</stop>
    <stop arrival="10:28" departure="10:28">Kiplehaugen</stop>
    <stop arrival="10:28" departure="10:28">Breivikskiftet</stop>
    <stop arrival="10:29" departure="10:29">Breivikdalen</stop>
    <stop arrival="10:30" departure="10:30">Stiaberget</stop>
    <stop arrival="10:30" departure="10:30">Drotningsvik v/Hydro</stop>
    <stop arrival="10:31" departure="10:31">Drotningsvik Rv 555</stop>
    <stop arrival="10:33" departure="10:33">Knarrevik</stop>
    <stop arrival="10:34" departure="10:34">Knarrevik under brua</stop>
    <stop arrival="10:35" departure="10:35">Hjelteryggen Svensveien</stop>
    <stop arrival="10:37" departure="10:37">Hjelteryggen Søre Knappen</stop>
    <stop arrival="10:37">Hjelteryggen Nordre knappen</stop>
  </route>
  <route no="445" destination="Bergen Busstasjon" url="http://www.web2051.no/bin/tp/zuginfo.exe/on/420642/142275/803530/261551/1/" trafficDays="kjører Sø, også 1., 13., 17., 24. Mai">
    <stop departure="10:15" routeNo="445">Anglevik snuplass</stop>
    <stop arrival="10:16" departure="10:16">Anglevik</stop>
    <stop arrival="10:16" departure="10:16">Våge kryss (Fjell)</stop>
    <stop arrival="10:17" departure="10:17">Vågaleite (Fjell)</stop>
    <stop arrival="10:18" departure="10:18">Foldnes</stop>
    <stop arrival="10:20" departure="10:20">Foldnesvegen</stop>
    <stop arrival="10:22" departure="10:22">Foldnes Grunnavågen</stop>
    <stop arrival="10:24" departure="10:24">Sotraheimen</stop>
    <stop arrival="10:26" departure="10:26">Åttringavegen</stop>
    <stop arrival="10:28" departure="10:28">Storhilleren (Foldnesveg)</stop>
    <stop arrival="10:30" departure="10:30">Straume term.</stop>
    <stop arrival="10:33" departure="10:33">Knarrevik</stop>
    <stop arrival="10:36" departure="10:36">Drotningsvik Rv 555</stop>
    <stop arrival="10:37" departure="10:37">Breivikskiftet</stop>
    <stop arrival="10:40" departure="10:40">Storavatnet term.</stop>
    <stop arrival="10:41" departure="10:41">Frida Fasmer</stop>
    <stop arrival="10:47" departure="10:47">Lyngbø Motorvei R555</stop>
    <stop arrival="10:52" departure="10:52">Møhlenpris v/ Industrihuset</stop>
    <stop arrival="10:54" departure="10:54">Christies gate (Festplassen)</stop>
    <stop arrival="10:54" departure="10:54">Kaigaten/v. Jernbanen</stop>
    <stop arrival="10:55">Bergen Busstasjon</stop>
  </route>
  <route no="465" destination="Bergen Busstasjon" url="http://www.web2051.no/bin/tp/zuginfo.exe/on/787284/264742/321696/101581/1/" trafficDays="kjører Lø, ikke 1. Mai">
    <stop departure="9:55" routeNo="465">Ågotnes terminal</stop>
    <stop arrival="9:56" departure="9:56">Kårtveit (gamleskule)</stop>
    <stop arrival="9:57" departure="9:57">Kårtveit Nordli</stop>
    <stop arrival="9:58" departure="9:58">Kårtveit (Fjell)</stop>
    <stop arrival="9:58" departure="9:58">Kårtveit Eide butikk</stop>
    <stop arrival="9:59" departure="9:59">Kårtveit Eide kryss</stop>
    <stop arrival="9:59" departure="9:59">Kårtveit (Snekkerbua)</stop>
    <stop arrival="10:00" departure="10:00">Kårtveit (Nymark)</stop>
    <stop arrival="10:01" departure="10:01">Sekkingstad Glattkjøringsbane</stop>
    <stop arrival="10:01" departure="10:01">Sekkingstad (Møyvatn)</stop>
    <stop arrival="10:02" departure="10:02">Sekkingstad (Skjenavatne)</stop>
    <stop arrival="10:02" departure="10:02">Sekkingstad (butikken)</stop>
    <stop arrival="10:03" departure="10:03">Sekkingstad (bakketoppen)</stop>
    <stop arrival="10:03" departure="10:03">Sekkingstad (Lillebø)</stop>
    <stop arrival="10:04" departure="10:04">Sekkingstad (Apalvågen)</stop>
    <stop arrival="10:05" departure="10:05">Algrøy kryss</stop>
    <stop arrival="10:05" departure="10:05">Skålevik skule (Fjell)</stop>
    <stop arrival="10:06" departure="10:06">Skålevik Kuaneset (Fjell)</stop>
    <stop arrival="10:07" departure="10:07">Skålevik stølen (Fjell)</stop>
    <stop arrival="10:08" departure="10:08">Skålevik gravplass (Fjell)</stop>
    <stop arrival="10:09" departure="10:09">Skålevik utmark (Fjell)</stop>
    <stop arrival="10:10" departure="10:10">Møvik, Leirvik</stop>
    <stop arrival="10:10" departure="10:10">Møvik (Fjell)</stop>
    <stop arrival="10:11" departure="10:11">Møvik, Åse kryss</stop>
    <stop arrival="10:12" departure="10:12">Møvik Halsvarden (Fjell)</stop>
    <stop arrival="10:13" departure="10:13">Ytre Ulveseth</stop>
    <stop arrival="10:14" departure="10:14">Ulveseth skule</stop>
    <stop arrival="10:15" departure="10:15">Ulveseth</stop>
    <stop arrival="10:16" departure="10:16">Fjell Litlakvilet</stop>
    <stop arrival="10:17" departure="10:17">Fjell Prestasmauet</stop>
    <stop arrival="10:18" departure="10:18">Fjell Kleivane</stop>
    <stop arrival="10:19" departure="10:19">Fjell kyrkje</stop>
    <stop arrival="10:20" departure="10:20">Fjell</stop>
    <stop arrival="10:20" departure="10:20">Fjell Heljedalen</stop>
    <stop arrival="10:21" departure="10:21">Fjell Blommen</stop>
    <stop arrival="10:27" departure="10:27">Bildøy</stop>
    <stop arrival="10:30" departure="10:30">Straume term.</stop>
    <stop arrival="10:33" departure="10:33">Knarrevik</stop>
    <stop arrival="10:36" departure="10:36">Drotningsvik Rv 555</stop>
    <stop arrival="10:37" departure="10:37">Breivikskiftet</stop>
    <stop arrival="10:40" departure="10:40">Storavatnet term.</stop>
    <stop arrival="10:41" departure="10:41">Frida Fasmer</stop>
    <stop arrival="10:47" departure="10:47">Lyngbø Motorvei R555</stop>
    <stop arrival="10:52" departure="10:52">Møhlenpris v/ Industrihuset</stop>
    <stop arrival="10:54" departure="10:54">Nygårdsgaten</stop>
    <stop arrival="10:55">Bergen Busstasjon</stop>
  </route>
  <route no="465" destination="Bergen Busstasjon" url="http://www.web2051.no/bin/tp/zuginfo.exe/on/440841/149262/276316/8790/1/" trafficDays="kjører">
    <stop departure="9:55" routeNo="465">Ågotnes terminal</stop>
    <stop arrival="9:56" departure="9:56">Kårtveit (gamleskule)</stop>
    <stop arrival="9:57" departure="9:57">Kårtveit Nordli</stop>
    <stop arrival="9:58" departure="9:58">Kårtveit (Fjell)</stop>
    <stop arrival="9:58" departure="9:58">Kårtveit Eide butikk</stop>
    <stop arrival="9:59" departure="9:59">Kårtveit Eide kryss</stop>
    <stop arrival="9:59" departure="9:59">Kårtveit (Snekkerbua)</stop>
    <stop arrival="10:00" departure="10:00">Kårtveit (Nymark)</stop>
    <stop arrival="10:01" departure="10:01">Sekkingstad Glattkjøringsbane</stop>
    <stop arrival="10:01" departure="10:01">Sekkingstad (Møyvatn)</stop>
    <stop arrival="10:02" departure="10:02">Sekkingstad (Skjenavatne)</stop>
    <stop arrival="10:02" departure="10:02">Sekkingstad (butikken)</stop>
    <stop arrival="10:03" departure="10:03">Sekkingstad (bakketoppen)</stop>
    <stop arrival="10:03" departure="10:03">Sekkingstad (Lillebø)</stop>
    <stop arrival="10:04" departure="10:04">Sekkingstad (Apalvågen)</stop>
    <stop arrival="10:05" departure="10:05">Algrøy kryss</stop>
    <stop arrival="10:05" departure="10:05">Skålevik skule (Fjell)</stop>
    <stop arrival="10:06" departure="10:06">Skålevik Kuaneset (Fjell)</stop>
    <stop arrival="10:07" departure="10:07">Skålevik stølen (Fjell)</stop>
    <stop arrival="10:08" departure="10:08">Skålevik gravplass (Fjell)</stop>
    <stop arrival="10:09" departure="10:09">Skålevik utmark (Fjell)</stop>
    <stop arrival="10:10" departure="10:10">Møvik, Leirvik</stop>
    <stop arrival="10:10" departure="10:10">Møvik (Fjell)</stop>
    <stop arrival="10:11" departure="10:11">Møvik, Åse kryss</stop>
    <stop arrival="10:12" departure="10:12">Møvik Halsvarden (Fjell)</stop>
    <stop arrival="10:13" departure="10:13">Ytre Ulveseth</stop>
    <stop arrival="10:14" departure="10:14">Ulveseth skule</stop>
    <stop arrival="10:15" departure="10:15">Ulveseth</stop>
    <stop arrival="10:16" departure="10:16">Fjell Litlakvilet</stop>
    <stop arrival="10:17" departure="10:17">Fjell Prestasmauet</stop>
    <stop arrival="10:18" departure="10:18">Fjell Kleivane</stop>
    <stop arrival="10:19" departure="10:19">Fjell kyrkje</stop>
    <stop arrival="10:20" departure="10:20">Fjell</stop>
    <stop arrival="10:20" departure="10:20">Fjell Heljedalen</stop>
    <stop arrival="10:21" departure="10:21">Fjell Blommen</stop>
    <stop arrival="10:27" departure="10:27">Bildøy</stop>
    <stop arrival="10:30" departure="10:30">Straume term.</stop>
    <stop arrival="10:33" departure="10:33">Knarrevik</stop>
    <stop arrival="10:36" departure="10:36">Drotningsvik Rv 555</stop>
    <stop arrival="10:37" departure="10:37">Breivikskiftet</stop>
    <stop arrival="10:40" departure="10:40">Storavatnet term.</stop>
    <stop arrival="10:41" departure="10:41">Frida Fasmer</stop>
    <stop arrival="10:47" departure="10:47">Lyngbø Motorvei R555</stop>
    <stop arrival="10:52" departure="10:52">Møhlenpris v/ Industrihuset</stop>
    <stop arrival="10:54" departure="10:54">Christies gate (Festplassen)</stop>
    <stop arrival="10:55">Bergen Busstasjon</stop>
  </route>
  <route no="471" destination="Bergen Busstasjon" url="http://www.web2051.no/bin/tp/zuginfo.exe/on/757155/254821/341842/81464/1/" trafficDays="kjører Ma - Fr, ikke 13., 17., 24. Mai">
    <stop departure="9:30" routeNo="471">Turøy snuplass</stop>
    <stop arrival="9:36" departure="9:36">Misje nord</stop>
    <stop arrival="9:36" departure="9:36">Misje</stop>
    <stop arrival="9:38" departure="9:38">Misje sør</stop>
    <stop arrival="9:39" departure="9:39">Solsvik Elvebakken R561</stop>
    <stop arrival="9:42" departure="9:42">Vindenes kryss</stop>
    <stop arrival="9:43" departure="9:43">Vindenes Barneshaugen</stop>
    <stop arrival="9:44" departure="9:44">Vindenes</stop>
    <stop arrival="9:44" departure="9:44">Vindenestoppen</stop>
    <stop arrival="9:45" departure="9:45">Vindenes gard</stop>
    <stop arrival="9:45" departure="9:45">Vindenes snuplass</stop>
    <stop arrival="9:45" departure="9:45">Vindenes gard</stop>
    <stop arrival="9:46" departure="9:46">Vindenestoppen</stop>
    <stop arrival="9:47" departure="9:47">Vindenes</stop>
    <stop arrival="9:48" departure="9:48">Vindenes Barneshaugen</stop>
    <stop arrival="9:51" departure="9:51">Landro skule</stop>
    <stop arrival="9:52" departure="9:52">Landro Buasvingen</stop>
    <stop arrival="9:52" departure="9:52">Landro Avløpet</stop>
    <stop arrival="9:53" departure="9:53">Landro samfunnshus</stop>
    <stop arrival="9:54" departure="9:54">Solsvik ved trelast</stop>
    <stop arrival="9:54" departure="9:54">Solsvik Myra</stop>
    <stop arrival="9:55" departure="9:55">Solsvik Elvebakken</stop>
    <stop arrival="9:55" departure="9:55">Solsvik kai (snuplass)</stop>
    <stop arrival="9:56" departure="9:56">Solsvik Elvebakken</stop>
    <stop arrival="9:56" departure="9:56">Solsvik Myra</stop>
    <stop arrival="9:56" departure="9:56">Solsvik ved trelast</stop>
    <stop arrival="9:57" departure="9:57">Landro samfunnshus</stop>
    <stop arrival="9:58" departure="9:58">Landro Avløpet</stop>
    <stop arrival="9:58" departure="9:58">Landro Buasvingen</stop>
    <stop arrival="9:59" departure="9:59">Landrovågskrysset</stop>
    <stop arrival="10:00" departure="10:00">Landro skule</stop>
    <stop arrival="10:01" departure="10:01">Landro utmark</stop>
    <stop arrival="10:02" departure="10:02">Angeltveit gard</stop>
    <stop arrival="10:03" departure="10:03">Angeltveit</stop>
    <stop arrival="10:03" departure="10:03">Angeltveit Polleidet</stop>
    <stop arrival="10:05" departure="10:05">Ågotnes terminal</stop>
    <stop arrival="10:06" departure="10:06">Ågotnes Kryss CCB</stop>
    <stop arrival="10:06" departure="10:06">Ågotnes Maggevarden</stop>
    <stop arrival="10:07" departure="10:07">Ågotnes</stop>
    <stop arrival="10:08" departure="10:08">Ågotnes Vanntanken</stop>
    <stop arrival="10:10" departure="10:10">Spjeldbrekko</stop>
    <stop arrival="10:11" departure="10:11">Spjeld</stop>
    <stop arrival="10:11" departure="10:11">Ormevik</stop>
    <stop arrival="10:12" departure="10:12">Knappskog</stop>
    <stop arrival="10:13" departure="10:13">Fjæreide kryss</stop>
    <stop arrival="10:15" departure="10:15">Knappskog utmark</stop>
    <stop arrival="10:16" departure="10:16">Morlandstø</stop>
    <stop arrival="10:17" departure="10:17">Morland ved bensinstasjon</stop>
    <stop arrival="10:18" departure="10:18">Kolltveit senter</stop>
    <stop arrival="10:19" departure="10:19">Kolltveit kai</stop>
    <stop arrival="10:20" departure="10:20">Kolltveit Bergasletto</stop>
    <stop arrival="10:21" departure="10:21">Kolltveit sør</stop>
    <stop arrival="10:21" departure="10:21">Kolltveit ved skulen</stop>
    <stop arrival="10:22" departure="10:22">Kolltveit kryss</stop>
    <stop arrival="10:23" departure="10:23">Døsjeskiftet</stop>
    <stop arrival="10:24" departure="10:24">Bildøy bro</stop>
    <stop arrival="10:26" departure="10:26">Bildøy</stop>
    <stop arrival="10:30" departure="10:30">Straume term.</stop>
    <stop arrival="10:33" departure="10:33">Knarrevik</stop>
    <stop arrival="10:35" departure="10:35">Drotningsvik Rv 555</stop>
    <stop arrival="10:37" departure="10:37">Breivikskiftet</stop>
    <stop arrival="10:40" departure="10:40">Frida Fasmer</stop>
    <stop arrival="10:46" departure="10:46">Lyngbø Motorvei R555</stop>
    <stop arrival="10:51" departure="10:51">Møhlenpris v/ Industrihuset</stop>
    <stop arrival="10:54" departure="10:54">Nygårdsgaten</stop>
    <stop arrival="10:55">Bergen Busstasjon</stop>
  </route>
  <route no="441" destination="Hjelteryggen Nordre knappen" url="http://www.web2051.no/bin/tp/zuginfo.exe/on/143565/49706/124228/14259/1/" trafficDays="kjører Ma - Fr, Sø, også 1. Mai">
    <stop departure="10:25" routeNo="441">Storavatnet term.</stop>
    <stop arrival="10:26" departure="10:26">Ørjebekk</stop>
    <stop arrival="10:27" departure="10:27">Øvre Godvik</stop>
    <stop arrival="10:28" departure="10:28">Nedre Godvik</stop>
    <stop arrival="10:28" departure="10:28">Kiplehaugen</stop>
    <stop arrival="10:28" departure="10:28">Breivikskiftet</stop>
    <stop arrival="10:29" departure="10:29">Breivikdalen</stop>
    <stop arrival="10:30" departure="10:30">Stiaberget</stop>
    <stop arrival="10:30" departure="10:30">Drotningsvik v/Hydro</stop>
    <stop arrival="10:31" departure="10:31">Drotningsvik Rv 555</stop>
    <stop arrival="10:33" departure="10:33">Knarrevik</stop>
    <stop arrival="10:34" departure="10:34">Knarrevik under brua</stop>
    <stop arrival="10:35" departure="10:35">Hjelteryggen Svensveien</stop>
    <stop arrival="10:37" departure="10:37">Hjelteryggen Søre Knappen</stop>
    <stop arrival="10:37">Hjelteryggen Nordre knappen</stop>
  </route>
  <route no="70" destination="Bergen Busstasjon" url="http://www.web2051.no/bin/tp/zuginfo.exe/on/240036/81722/565712/202845/1/" trafficDays="kjører Ma - Fr, ikke 13., 17., 24. Mai">
    <stop departure="10:33" routeNo="70">Straume term.</stop>
    <stop arrival="10:36" departure="10:36">Knarrevik</stop>
    <stop arrival="10:39" departure="10:39">Drotningsvik Rv 555</stop>
    <stop arrival="10:40" departure="10:40">Breivikskiftet</stop>
    <stop arrival="10:43" departure="10:43">Storavatnet term.</stop>
    <stop arrival="10:44" departure="10:44">Frida Fasmer</stop>
    <stop arrival="10:45" departure="10:45">Loddefjorddalen</stop>
    <stop arrival="10:48" departure="10:48">Loddefjord term.</stop>
    <stop arrival="10:49" departure="10:49">Bjørndalstre krysset</stop>
    <stop arrival="10:49" departure="10:49">Tennebekk</stop>
    <stop arrival="10:52" departure="10:52">Lyngbøtunet</stop>
    <stop arrival="10:53" departure="10:53">Lyderhornsveien</stop>
    <stop arrival="10:53" departure="10:53">Gravdalsveien</stop>
    <stop arrival="10:54" departure="10:54">Sjøkrigsskoleveien</stop>
    <stop arrival="10:54" departure="10:54">Skjenevik</stop>
    <stop arrival="10:55" departure="10:55">Gravdal</stop>
    <stop arrival="10:56" departure="10:56">Skjenevik</stop>
    <stop arrival="10:57" departure="10:57">Sjøkrigsskoleveien</stop>
    <stop arrival="10:57" departure="10:57">Gravdalsveien</stop>
    <stop arrival="10:58" departure="10:58">Nygård, Laksevåg</stop>
    <stop arrival="11:00" departure="11:00">Kringsjå</stop>
    <stop arrival="11:01" departure="11:01">Oldernes</stop>
    <stop arrival="11:02" departure="11:02">Vågedalen</stop>
    <stop arrival="11:03" departure="11:03">Fergeveien</stop>
    <stop arrival="11:05" departure="11:05">Jansongården</stop>
    <stop arrival="11:07" departure="11:07">Solveien</stop>
    <stop arrival="11:08" departure="11:08">Gyldenpris</stop>
    <stop arrival="11:15" departure="11:15">Christies gate (Festplassen)</stop>
    <stop arrival="11:20">Bergen Busstasjon</stop>
  </route>
  <route no="444" destination="Bergen Busstasjon" url="http://www.web2051.no/bin/tp/zuginfo.exe/on/581652/195857/954706/283474/1/" trafficDays="kjører 17. Mai">
    <stop departure="10:40" routeNo="444">Straume term.</stop>
    <stop arrival="10:43" departure="10:43">Knarrevik</stop>
    <stop arrival="10:46" departure="10:46">Drotningsvik Rv 555</stop>
    <stop arrival="10:47" departure="10:47">Breivikskiftet</stop>
    <stop arrival="10:50" departure="10:50">Storavatnet term.</stop>
    <stop arrival="10:51" departure="10:51">Frida Fasmer</stop>
    <stop arrival="10:56" departure="10:56">Lyngbø Motorvei R555</stop>
    <stop arrival="11:01" departure="11:01">Møhlenpris v/ Industrihuset</stop>
    <stop arrival="11:02" departure="11:02">Christies gate (Festplassen)</stop>
    <stop arrival="11:05">Bergen Busstasjon</stop>
  </route>
  <route no="444" destination="Bergen Busstasjon" url="http://www.web2051.no/bin/tp/zuginfo.exe/on/442722/149549/340918/22886/1/" trafficDays="kjører 17. Mai">
    <stop departure="10:50" routeNo="444">Straume term.</stop>
    <stop arrival="10:53" departure="10:53">Knarrevik</stop>
    <stop arrival="10:56" departure="10:56">Drotningsvik Rv 555</stop>
    <stop arrival="10:57" departure="10:57">Breivikskiftet</stop>
    <stop arrival="11:00" departure="11:00">Storavatnet term.</stop>
    <stop arrival="11:01" departure="11:01">Frida Fasmer</stop>
    <stop arrival="11:06" departure="11:06">Lyngbø Motorvei R555</stop>
    <stop arrival="11:11" departure="11:11">Møhlenpris v/ Industrihuset</stop>
    <stop arrival="11:12" departure="11:12">Christies gate (Festplassen)</stop>
    <stop arrival="11:15">Bergen Busstasjon</stop>
  </route>
  <route no="441" destination="Storavatnet term." url="http://www.web2051.no/bin/tp/zuginfo.exe/on/146019/50545/761148/331901/1/" trafficDays="kjører Ma - Fr, Sø, også 1. Mai">
    <stop departure="10:50" routeNo="441">Hjelteryggen Nordre Knappen</stop>
    <stop arrival="10:51" departure="10:51">Hjelteryggen Søre Knappen</stop>
    <stop arrival="10:53" departure="10:53">Hjelteryggen Svensveien</stop>
    <stop arrival="10:54" departure="10:54">Knarrevik under brua</stop>
    <stop arrival="10:55" departure="10:55">Knarrevik</stop>
    <stop arrival="10:56" departure="10:56">Drotningsvik Rv 555</stop>
    <stop arrival="10:56" departure="10:56">Drotningsvik v/Hydro</stop>
    <stop arrival="10:57" departure="10:57">Breivika</stop>
    <stop arrival="10:58" departure="10:58">Breivikdalen</stop>
    <stop arrival="11:00" departure="11:00">Breivikskiftet</stop>
    <stop arrival="11:01" departure="11:01">Kiplehaugen</stop>
    <stop arrival="11:02" departure="11:02">Nedre Godvik</stop>
    <stop arrival="11:03" departure="11:03">Øvre Godvik</stop>
    <stop arrival="11:05" departure="11:05">Godviksvingene</stop>
    <stop arrival="11:07" departure="11:07">Ørjebekk</stop>
    <stop arrival="11:10">Storavatnet term.</stop>
  </route>
  <route no="441" destination="Storavatnet term." url="http://www.web2051.no/bin/tp/zuginfo.exe/on/893691/299769/423510/86142/1/" trafficDays="kjører Ma - Fr, Sø, også 1. Mai">
    <stop departure="10:50" routeNo="441">Hjelteryggen Nordre Knappen</stop>
    <stop arrival="10:51" departure="10:51">Hjelteryggen Søre Knappen</stop>
    <stop arrival="10:53" departure="10:53">Hjelteryggen Svensveien</stop>
    <stop arrival="10:54" departure="10:54">Knarrevik under brua</stop>
    <stop arrival="10:55" departure="10:55">Knarrevik</stop>
    <stop arrival="10:56" departure="10:56">Drotningsvik Rv 555</stop>
    <stop arrival="10:56" departure="10:56">Drotningsvik v/Hydro</stop>
    <stop arrival="10:57" departure="10:57">Breivika</stop>
    <stop arrival="10:58" departure="10:58">Breivikdalen</stop>
    <stop arrival="11:00" departure="11:00">Breivikskiftet</stop>
    <stop arrival="11:01" departure="11:01">Kiplehaugen</stop>
    <stop arrival="11:02" departure="11:02">Nedre Godvik</stop>
    <stop arrival="11:03" departure="11:03">Øvre Godvik</stop>
    <stop arrival="11:05" departure="11:05">Godviksvingene</stop>
    <stop arrival="11:07" departure="11:07">Ørjebekk</stop>
    <stop arrival="11:10">Storavatnet term.</stop>
  </route>
  <route no="32" destination="Straume term." url="http://www.web2051.no/bin/tp/zuginfo.exe/on/949749/317844/887706/127271/1/" trafficDays="kjører Ma - Fr, ikke 13., 17., 24. Mai">
    <stop departure="10:15" routeNo="32">Bergen Busstasjon</stop>
    <stop arrival="10:18" departure="10:18">Olav Kyrres gate</stop>
    <stop arrival="10:20" departure="10:20">Møhlenpris v/ Industrihuset</stop>
    <stop arrival="10:21" departure="10:21">Gyldenpris</stop>
    <stop arrival="10:26" departure="10:26">Løvstakktunnelen</stop>
    <stop arrival="10:27" departure="10:27">Sikthaugen</stop>
    <stop arrival="10:28" departure="10:28">Hamregården</stop>
    <stop arrival="10:28" departure="10:28">Nebbeveien</stop>
    <stop arrival="10:29" departure="10:29">Løvås</stop>
    <stop arrival="10:30" departure="10:30">Oasen Terminal</stop>
    <stop arrival="10:31" departure="10:31">Skarphaugen</stop>
    <stop arrival="10:33" departure="10:33">Fyllingdsalsveien v/Shell</stop>
    <stop arrival="10:35" departure="10:35">Sandeide terminal</stop>
    <stop arrival="10:36" departure="10:36">Sandeidet barnehage</stop>
    <stop arrival="10:36" departure="10:36">Sandeidbråtet</stop>
    <stop arrival="10:37" departure="10:37">Bjørge</stop>
    <stop arrival="10:39" departure="10:39">Kjerreidviken</stop>
    <stop arrival="10:41" departure="10:41">Bjørndalsskogen</stop>
    <stop arrival="10:42" departure="10:42">Sætermyr</stop>
    <stop arrival="10:43" departure="10:43">Ravnestølen</stop>
    <stop arrival="10:45" departure="10:45">Bjørndalstræ R557</stop>
    <stop arrival="10:47" departure="10:47">Loddefjord term.</stop>
    <stop arrival="10:49" departure="10:49">Loddefjorddalen</stop>
    <stop arrival="10:50" departure="10:50">Frida Fasmer</stop>
    <stop arrival="10:51" departure="10:51">Frida Fasmer R555</stop>
    <stop arrival="10:52" departure="10:52">Storavatnet term.</stop>
    <stop arrival="10:54" departure="10:54">Breivikskiftet</stop>
    <stop arrival="10:55" departure="10:55">Drotningsvik Rv 555</stop>
    <stop arrival="10:57" departure="10:57">Knarrevik</stop>
    <stop arrival="11:02">Straume term.</stop>
  </route>
</routes>
