<?xml version="1.0" encoding="UTF-8"?>
<routes>
  <route no="280" destination="Åsane terminal" url="http://www.web2051.no/bin/tp/zuginfo.exe/on/33744/16390/607254/292379/1/" trafficDays="kjører Sø, også 1., 13., 17., 24. Mai">
    <stop departure="10:05" routeNo="280">Klauvarinden</stop>
    <stop arrival="10:06" departure="10:06">Tellevik</stop>
    <stop arrival="10:07" departure="10:07">Falkangervegen</stop>
    <stop arrival="10:08" departure="10:08">Hordvik post</stop>
    <stop arrival="10:09" departure="10:09">Grøvlesvingen</stop>
    <stop arrival="10:10" departure="10:10">Grøvlesvingen</stop>
    <stop arrival="10:10" departure="10:10">Grøvle (Åsane)</stop>
    <stop arrival="10:10" departure="10:10">Hordvikhamnen</stop>
    <stop arrival="10:11" departure="10:11">Ulstein kryss</stop>
    <stop arrival="10:11" departure="10:11">Ulstein</stop>
    <stop arrival="10:12" departure="10:12">Ulstein snuplass</stop>
    <stop arrival="10:13" departure="10:13">Hordvik skole nedre</stop>
    <stop arrival="10:14" departure="10:14">Hordvikhamnen</stop>
    <stop arrival="10:15" departure="10:15">Nesjavegen</stop>
    <stop arrival="10:15" departure="10:15">Langamyrene</stop>
    <stop arrival="10:16" departure="10:16">Tuft (Åsane)</stop>
    <stop arrival="10:17" departure="10:17">Hylkje</stop>
    <stop arrival="10:18" departure="10:18">Almåsvegen</stop>
    <stop arrival="10:19" departure="10:19">Haukåsskogen</stop>
    <stop arrival="10:20" departure="10:20">Myrsæter</stop>
    <stop arrival="10:20" departure="10:20">Haukås barnehage</stop>
    <stop arrival="10:21" departure="10:21">Haukåsvegen</stop>
    <stop arrival="10:23" departure="10:23">Vikaleitet</stop>
    <stop arrival="10:24" departure="10:24">Eikås</stop>
    <stop arrival="10:25" departure="10:25">Vågsbotn</stop>
    <stop arrival="10:26" departure="10:26">Liavegen (Åsane)</stop>
    <stop arrival="10:26" departure="10:26">Domus Nyborg</stop>
    <stop arrival="10:27" departure="10:27">Nyborg</stop>
    <stop arrival="10:28" departure="10:28">Salhuskrysset</stop>
    <stop arrival="10:29" departure="10:29">Litleåskryss</stop>
    <stop arrival="10:29" departure="10:29">Rollandskrysset</stop>
    <stop arrival="10:30">Åsane terminal</stop>
  </route>
  <route no="280" destination="Salhus kai" url="http://www.web2051.no/bin/tp/zuginfo.exe/on/216513/77357/64758/39793/1/" trafficDays="kjører Ma - Fr, ikke 13., 17., 24. Mai">
    <stop departure="10:10" routeNo="280">Bergen Busstasjon</stop>
    <stop arrival="10:11" departure="10:11">Christies gate (Festplassen)</stop>
    <stop arrival="10:13" departure="10:13">Torget (Bergen)</stop>
    <stop arrival="10:14" departure="10:14">Bryggen</stop>
    <stop arrival="10:14" departure="10:14">Slottsgaten</stop>
    <stop arrival="10:16" departure="10:16">Bontelabo</stop>
    <stop arrival="10:16" departure="10:16">Skutevikstorget</stop>
    <stop arrival="10:17" departure="10:17">Sjøgaten</stop>
    <stop arrival="10:18" departure="10:18">Sandvikstorget</stop>
    <stop arrival="10:19" departure="10:19">Ludebryggen</stop>
    <stop arrival="10:20" departure="10:20">Munkebotten</stop>
    <stop arrival="10:21" departure="10:21">Nyhavnsvei (Gamle Bergen)</stop>
    <stop arrival="10:23" departure="10:23">Handelshøyskolen</stop>
    <stop arrival="10:25" departure="10:25">Eidsvåg</stop>
    <stop arrival="10:30" departure="10:30">Åsane terminal</stop>
    <stop arrival="10:31" departure="10:31">Rollandskrysset</stop>
    <stop arrival="10:31" departure="10:31">Litleåskryss</stop>
    <stop arrival="10:32" departure="10:32">Salhuskrysset</stop>
    <stop arrival="10:33" departure="10:33">Nyborg</stop>
    <stop arrival="10:35" departure="10:35">Domus Nyborg</stop>
    <stop arrival="10:36" departure="10:36">Liavegen (Åsane)</stop>
    <stop arrival="10:37" departure="10:37">Vågsbotn</stop>
    <stop arrival="10:37" departure="10:37">Eikås</stop>
    <stop arrival="10:38" departure="10:38">Vikaleitet</stop>
    <stop arrival="10:39" departure="10:39">Haukåsvegen</stop>
    <stop arrival="10:40" departure="10:40">Haukås barnehage</stop>
    <stop arrival="10:40" departure="10:40">Myrsæter</stop>
    <stop arrival="10:41" departure="10:41">Haukåsskogen</stop>
    <stop arrival="10:42" departure="10:42">Almåsvegen</stop>
    <stop arrival="10:43" departure="10:43">Hylkje</stop>
    <stop arrival="10:44" departure="10:44">Tuft (Åsane)</stop>
    <stop arrival="10:45" departure="10:45">Langamyrene</stop>
    <stop arrival="10:45" departure="10:45">Nesjavegen</stop>
    <stop arrival="10:46" departure="10:46">Grøvle (Åsane)</stop>
    <stop arrival="10:46" departure="10:46">Hordvikhamnen</stop>
    <stop arrival="10:47" departure="10:47">Ulstein kryss</stop>
    <stop arrival="10:47" departure="10:47">Ulstein</stop>
    <stop arrival="10:48" departure="10:48">Ulstein snuplass</stop>
    <stop arrival="10:50" departure="10:50">Grøvle (Åsane)</stop>
    <stop arrival="10:50" departure="10:50">Grøvlesvingen</stop>
    <stop arrival="10:51" departure="10:51">Hordvik gård</stop>
    <stop arrival="10:52" departure="10:52">Hordvik skole</stop>
    <stop arrival="10:53" departure="10:53">Falkangervegen</stop>
    <stop arrival="10:54" departure="10:54">Tellevik</stop>
    <stop arrival="10:55" departure="10:55">Klauvarinden</stop>
    <stop arrival="10:57" departure="10:57">Sveisbakken</stop>
    <stop arrival="11:01" departure="11:01">Slettebakken</stop>
    <stop arrival="11:04" departure="11:04">Samhold</stop>
    <stop arrival="11:05">Salhus kai</stop>
  </route>
  <route no="280" destination="Salhus kai" url="http://www.web2051.no/bin/tp/zuginfo.exe/on/112842/42773/511712/218242/1/" trafficDays="kjører Lø, ikke 1. Mai">
    <stop departure="10:10" routeNo="280">Bergen Busstasjon</stop>
    <stop arrival="10:11" departure="10:11">Christies gate (Festplassen)</stop>
    <stop arrival="10:13" departure="10:13">Torget (Bergen)</stop>
    <stop arrival="10:14" departure="10:14">Bryggen</stop>
    <stop arrival="10:14" departure="10:14">Slottsgaten</stop>
    <stop arrival="10:16" departure="10:16">Bontelabo</stop>
    <stop arrival="10:16" departure="10:16">Skutevikstorget</stop>
    <stop arrival="10:17" departure="10:17">Sjøgaten</stop>
    <stop arrival="10:18" departure="10:18">Sandvikstorget</stop>
    <stop arrival="10:19" departure="10:19">Ludebryggen</stop>
    <stop arrival="10:20" departure="10:20">Munkebotten</stop>
    <stop arrival="10:21" departure="10:21">Nyhavnsvei (Gamle Bergen)</stop>
    <stop arrival="10:23" departure="10:23">Handelshøyskolen</stop>
    <stop arrival="10:25" departure="10:25">Eidsvåg</stop>
    <stop arrival="10:30" departure="10:30">Åsane terminal</stop>
    <stop arrival="10:31" departure="10:31">Rollandskrysset</stop>
    <stop arrival="10:31" departure="10:31">Litleåskryss</stop>
    <stop arrival="10:32" departure="10:32">Salhuskrysset</stop>
    <stop arrival="10:33" departure="10:33">Nyborg</stop>
    <stop arrival="10:35" departure="10:35">Domus Nyborg</stop>
    <stop arrival="10:36" departure="10:36">Liavegen (Åsane)</stop>
    <stop arrival="10:37" departure="10:37">Vågsbotn</stop>
    <stop arrival="10:37" departure="10:37">Eikås</stop>
    <stop arrival="10:38" departure="10:38">Vikaleitet</stop>
    <stop arrival="10:39" departure="10:39">Haukåsvegen</stop>
    <stop arrival="10:40" departure="10:40">Haukås barnehage</stop>
    <stop arrival="10:40" departure="10:40">Myrsæter</stop>
    <stop arrival="10:41" departure="10:41">Haukåsskogen</stop>
    <stop arrival="10:42" departure="10:42">Almåsvegen</stop>
    <stop arrival="10:43" departure="10:43">Hylkje</stop>
    <stop arrival="10:44" departure="10:44">Tuft (Åsane)</stop>
    <stop arrival="10:45" departure="10:45">Langamyrene</stop>
    <stop arrival="10:45" departure="10:45">Nesjavegen</stop>
    <stop arrival="10:46" departure="10:46">Grøvle (Åsane)</stop>
    <stop arrival="10:46" departure="10:46">Hordvikhamnen</stop>
    <stop arrival="10:47" departure="10:47">Ulstein kryss</stop>
    <stop arrival="10:47" departure="10:47">Ulstein</stop>
    <stop arrival="10:48" departure="10:48">Ulstein snuplass</stop>
    <stop arrival="10:52" departure="10:52">Grøvle (Åsane)</stop>
    <stop arrival="10:52" departure="10:52">Grøvlesvingen</stop>
    <stop arrival="10:54" departure="10:54">Hordvik gård</stop>
    <stop arrival="10:55" departure="10:55">Hordvik skole</stop>
    <stop arrival="10:55" departure="10:55">Falkangervegen</stop>
    <stop arrival="10:57" departure="10:57">Tellevik</stop>
    <stop arrival="10:58" departure="10:58">Klauvarinden</stop>
    <stop arrival="10:59" departure="10:59">Sveisbakken</stop>
    <stop arrival="11:02" departure="11:02">Slettebakken</stop>
    <stop arrival="11:04" departure="11:04">Samhold</stop>
    <stop arrival="11:05">Salhus kai</stop>
  </route>
  <route no="280" destination="Bergen Busstasjon" url="http://www.web2051.no/bin/tp/zuginfo.exe/on/792729/269401/976608/224063/1/" trafficDays="kjører Lø, ikke 1. Mai">
    <stop departure="10:53" routeNo="280">Salhus kai</stop>
    <stop arrival="10:53" departure="10:53">Samhold</stop>
    <stop arrival="10:55" departure="10:55">Slettebakken</stop>
    <stop arrival="10:57" departure="10:57">Sveisbakken</stop>
    <stop arrival="10:58" departure="10:58">Klauvarinden</stop>
    <stop arrival="10:59" departure="10:59">Tellevik</stop>
    <stop arrival="11:00" departure="11:00">Falkangervegen</stop>
    <stop arrival="11:01" departure="11:01">Hordvik post</stop>
    <stop arrival="11:02" departure="11:02">Grøvlesvingen</stop>
    <stop arrival="11:03" departure="11:03">Grøvlesvingen</stop>
    <stop arrival="11:03" departure="11:03">Grøvle (Åsane)</stop>
    <stop arrival="11:03" departure="11:03">Hordvikhamnen</stop>
    <stop arrival="11:04" departure="11:04">Ulstein kryss</stop>
    <stop arrival="11:04" departure="11:04">Ulstein</stop>
    <stop arrival="11:05" departure="11:05">Ulstein snuplass</stop>
    <stop arrival="11:07" departure="11:07">Hordvik skole nedre</stop>
    <stop arrival="11:09" departure="11:09">Hordvikhamnen</stop>
    <stop arrival="11:10" departure="11:10">Nesjavegen</stop>
    <stop arrival="11:11" departure="11:11">Langamyrene</stop>
    <stop arrival="11:12" departure="11:12">Tuft (Åsane)</stop>
    <stop arrival="11:13" departure="11:13">Hylkje</stop>
    <stop arrival="11:15" departure="11:15">Almåsvegen</stop>
    <stop arrival="11:16" departure="11:16">Haukåsskogen</stop>
    <stop arrival="11:17" departure="11:17">Myrsæter</stop>
    <stop arrival="11:18" departure="11:18">Haukås barnehage</stop>
    <stop arrival="11:18" departure="11:18">Haukåsvegen</stop>
    <stop arrival="11:21" departure="11:21">Vikaleitet</stop>
    <stop arrival="11:22" departure="11:22">Eikås</stop>
    <stop arrival="11:23" departure="11:23">Vågsbotn</stop>
    <stop arrival="11:24" departure="11:24">Liavegen (Åsane)</stop>
    <stop arrival="11:24" departure="11:24">Domus Nyborg</stop>
    <stop arrival="11:25" departure="11:25">Nyborg</stop>
    <stop arrival="11:26" departure="11:26">Salhuskrysset</stop>
    <stop arrival="11:27" departure="11:27">Litleåskryss</stop>
    <stop arrival="11:27" departure="11:27">Rollandskrysset</stop>
    <stop arrival="11:28" departure="11:28">Åsane terminal</stop>
    <stop arrival="11:33" departure="11:33">Eidsvåg</stop>
    <stop arrival="11:35" departure="11:35">Handelshøyskolen</stop>
    <stop arrival="11:40" departure="11:40">Nyhavnsvei (Gamle Bergen)</stop>
    <stop arrival="11:41" departure="11:41">Munkebotten</stop>
    <stop arrival="11:42" departure="11:42">Ludebryggen</stop>
    <stop arrival="11:43" departure="11:43">Sandvikstorget</stop>
    <stop arrival="11:45" departure="11:45">Skutevikstorget</stop>
    <stop arrival="11:46" departure="11:46">Bontelabo</stop>
    <stop arrival="11:48" departure="11:48">Slottsgaten</stop>
    <stop arrival="11:48" departure="11:48">Bryggen</stop>
    <stop arrival="11:50" departure="11:50">Olav Kyrres gate</stop>
    <stop arrival="11:53">Bergen Busstasjon</stop>
  </route>
  <route no="280" destination="Bergen Busstasjon" url="http://www.web2051.no/bin/tp/zuginfo.exe/on/793365/269640/582394/26745/1/" trafficDays="kjører Ma - Fr, ikke 13., 17., 24. Mai">
    <stop departure="10:53" routeNo="280">Salhus kai</stop>
    <stop arrival="10:53" departure="10:53">Samhold</stop>
    <stop arrival="10:55" departure="10:55">Slettebakken</stop>
    <stop arrival="10:57" departure="10:57">Sveisbakken</stop>
    <stop arrival="10:58" departure="10:58">Klauvarinden</stop>
    <stop arrival="10:59" departure="10:59">Tellevik</stop>
    <stop arrival="11:00" departure="11:00">Falkangervegen</stop>
    <stop arrival="11:01" departure="11:01">Hordvik post</stop>
    <stop arrival="11:02" departure="11:02">Grøvlesvingen</stop>
    <stop arrival="11:03" departure="11:03">Grøvlesvingen</stop>
    <stop arrival="11:03" departure="11:03">Grøvle (Åsane)</stop>
    <stop arrival="11:03" departure="11:03">Hordvikhamnen</stop>
    <stop arrival="11:04" departure="11:04">Ulstein kryss</stop>
    <stop arrival="11:04" departure="11:04">Ulstein</stop>
    <stop arrival="11:05" departure="11:05">Ulstein snuplass</stop>
    <stop arrival="11:06" departure="11:06">Hordvik skole nedre</stop>
    <stop arrival="11:07" departure="11:07">Hordvikhamnen</stop>
    <stop arrival="11:08" departure="11:08">Nesjavegen</stop>
    <stop arrival="11:09" departure="11:09">Langamyrene</stop>
    <stop arrival="11:10" departure="11:10">Tuft (Åsane)</stop>
    <stop arrival="11:11" departure="11:11">Hylkje</stop>
    <stop arrival="11:13" departure="11:13">Almåsvegen</stop>
    <stop arrival="11:14" departure="11:14">Haukåsskogen</stop>
    <stop arrival="11:15" departure="11:15">Myrsæter</stop>
    <stop arrival="11:15" departure="11:15">Haukås barnehage</stop>
    <stop arrival="11:16" departure="11:16">Haukåsvegen</stop>
    <stop arrival="11:17" departure="11:17">Vikaleitet</stop>
    <stop arrival="11:18" departure="11:18">Eikås</stop>
    <stop arrival="11:18" departure="11:18">Vågsbotn</stop>
    <stop arrival="11:19" departure="11:19">Liavegen (Åsane)</stop>
    <stop arrival="11:20" departure="11:20">Domus Nyborg</stop>
    <stop arrival="11:22" departure="11:22">Nyborg</stop>
    <stop arrival="11:23" departure="11:23">Salhuskrysset</stop>
    <stop arrival="11:24" departure="11:24">Litleåskryss</stop>
    <stop arrival="11:24" departure="11:24">Rollandskrysset</stop>
    <stop arrival="11:25" departure="11:25">Åsane terminal</stop>
    <stop arrival="11:30" departure="11:30">Eidsvåg</stop>
    <stop arrival="11:32" departure="11:32">Handelshøyskolen</stop>
    <stop arrival="11:37" departure="11:37">Nyhavnsvei (Gamle Bergen)</stop>
    <stop arrival="11:38" departure="11:38">Munkebotten</stop>
    <stop arrival="11:39" departure="11:39">Ludebryggen</stop>
    <stop arrival="11:40" departure="11:40">Sandvikstorget</stop>
    <stop arrival="11:42" departure="11:42">Skutevikstorget</stop>
    <stop arrival="11:43" departure="11:43">Bontelabo</stop>
    <stop arrival="11:45" departure="11:45">Slottsgaten</stop>
    <stop arrival="11:45" departure="11:45">Bryggen</stop>
    <stop arrival="11:47" departure="11:47">Olav Kyrres gate</stop>
    <stop arrival="11:50">Bergen Busstasjon</stop>
  </route>
</routes>
