<?xml version="1.0" encoding="UTF-8"?>
<routes>
  <route no="19" destination="Løvstakkskiftet" url="http://www.web2051.no/bin/tp/zuginfo.exe/on/352680/121283/445562/105221/1/" trafficDays="kjører Ma - Fr, ikke 13., 17., 24. Mai">
    <stop departure="10:05" routeNo="19">Olav Kyrres gate v/Hagelin</stop>
    <stop arrival="10:05" departure="10:05">Nordahl Bruns gate</stop>
    <stop arrival="10:05" departure="10:05">Møhlenpris v/ Industrihuset</stop>
    <stop arrival="10:05" departure="10:05">Gyldenpris</stop>
    <stop arrival="10:05" departure="10:05">Solveien</stop>
    <stop arrival="10:05" departure="10:05">Gabriel Tischendorfs vei</stop>
    <stop arrival="10:05" departure="10:05">Svingen / Fyllingsveien</stop>
    <stop arrival="10:05" departure="10:05">Kaptein Amlands vei</stop>
    <stop arrival="10:05" departure="10:05">Melkeplassen</stop>
    <stop arrival="10:05" departure="10:05">Tjønna</stop>
    <stop arrival="10:05" departure="10:05">Klauvsteinen</stop>
    <stop arrival="10:20">Løvstakkskiftet</stop>
  </route>
  <route no="19" destination="Christies gate (Festplassen)" url="http://www.web2051.no/bin/tp/zuginfo.exe/on/333735/114964/511536/144524/1/" trafficDays="kjører Ma - Fr, ikke 13., 17., 24. Mai">
    <stop departure="10:00" routeNo="19">Oasen Terminal</stop>
    <stop arrival="10:01" departure="10:01">Hjalmar Brantings vei</stop>
    <stop arrival="10:02" departure="10:02">Træet (Fyllingsdalen)</stop>
    <stop arrival="10:03" departure="10:03">Benshaugen</stop>
    <stop arrival="10:03" departure="10:03">Helgeplasset</stop>
    <stop arrival="10:04" departure="10:04">Krohnegården</stop>
    <stop arrival="10:04" departure="10:04">Fosse-skiftet</stop>
    <stop arrival="10:05" departure="10:05">Svartatjønn</stop>
    <stop arrival="10:06" departure="10:06">Skytebanen, Løvstakken</stop>
    <stop arrival="10:07" departure="10:07">Løvstakkskiftet</stop>
    <stop arrival="10:08" departure="10:08">Klauvsteinen</stop>
    <stop arrival="10:09" departure="10:09">Tjønna</stop>
    <stop arrival="10:10" departure="10:10">Melkeplassen</stop>
    <stop arrival="10:11" departure="10:11">Kaptein Amlands vei</stop>
    <stop arrival="10:13" departure="10:13">Gabriel Tischendorfs vei</stop>
    <stop arrival="10:14" departure="10:14">Solveien</stop>
    <stop arrival="10:15" departure="10:15">Gyldenpris</stop>
    <stop arrival="10:18" departure="10:18">Møhlenpris v/ Industrihuset</stop>
    <stop arrival="10:21" departure="10:21">Nordahl Bruns gate</stop>
    <stop arrival="10:22">Christies gate (Festplassen)</stop>
  </route>
  <route no="19" destination="Løvstakkskiftet" url="http://www.web2051.no/bin/tp/zuginfo.exe/on/533619/181564/629924/137089/1/" trafficDays="kjører Lø, ikke 1. Mai">
    <stop departure="10:10" routeNo="19">Olav Kyrres gate v/Hagelin</stop>
    <stop arrival="10:12" departure="10:12">Møhlenpris v/ Industrihuset</stop>
    <stop arrival="10:14" departure="10:14">Gyldenpris</stop>
    <stop arrival="10:15" departure="10:15">Solveien</stop>
    <stop arrival="10:17" departure="10:17">Gabriel Tischendorfs vei</stop>
    <stop arrival="10:18" departure="10:18">Svingen / Fyllingsveien</stop>
    <stop arrival="10:18" departure="10:18">Kaptein Amlands vei</stop>
    <stop arrival="10:19" departure="10:19">Melkeplassen</stop>
    <stop arrival="10:20" departure="10:20">Tjønna</stop>
    <stop arrival="10:22" departure="10:22">Klauvsteinen</stop>
    <stop arrival="10:22">Løvstakkskiftet</stop>
  </route>
  <route no="19" destination="Christies gate (Festplassen)" url="http://www.web2051.no/bin/tp/zuginfo.exe/on/699258/236775/432438/16868/1/" trafficDays="kjører Lø, ikke 1. Mai">
    <stop departure="10:15" routeNo="19">Oasen Terminal</stop>
    <stop arrival="10:16" departure="10:16">Hjalmar Brantings vei</stop>
    <stop arrival="10:17" departure="10:17">Træet (Fyllingsdalen)</stop>
    <stop arrival="10:18" departure="10:18">Benshaugen</stop>
    <stop arrival="10:18" departure="10:18">Helgeplasset</stop>
    <stop arrival="10:19" departure="10:19">Krohnegården</stop>
    <stop arrival="10:19" departure="10:19">Fosse-skiftet</stop>
    <stop arrival="10:20" departure="10:20">Svartatjønn</stop>
    <stop arrival="10:21" departure="10:21">Skytebanen, Løvstakken</stop>
    <stop arrival="10:22" departure="10:22">Løvstakkskiftet</stop>
    <stop arrival="10:23" departure="10:23">Klauvsteinen</stop>
    <stop arrival="10:23" departure="10:23">Tjønna</stop>
    <stop arrival="10:24" departure="10:24">Melkeplassen</stop>
    <stop arrival="10:25" departure="10:25">Kaptein Amlands vei</stop>
    <stop arrival="10:26" departure="10:26">Gabriel Tischendorfs vei</stop>
    <stop arrival="10:27" departure="10:27">Solveien</stop>
    <stop arrival="10:28" departure="10:28">Gyldenpris</stop>
    <stop arrival="10:30" departure="10:30">Møhlenpris v/ Industrihuset</stop>
    <stop arrival="10:32">Christies gate (Festplassen)</stop>
  </route>
  <route no="19" destination="Oasen Terminal" url="http://www.web2051.no/bin/tp/zuginfo.exe/on/29595/13582/536500/258386/1/" trafficDays="kjører Ma - Fr, ikke 13., 17., 24. Mai">
    <stop departure="10:25" routeNo="19">Olav Kyrres gate v/Hagelin</stop>
    <stop arrival="10:25" departure="10:25">Nordahl Bruns gate</stop>
    <stop arrival="10:25" departure="10:25">Møhlenpris v/ Industrihuset</stop>
    <stop arrival="10:25" departure="10:25">Gyldenpris</stop>
    <stop arrival="10:25" departure="10:25">Solveien</stop>
    <stop arrival="10:25" departure="10:25">Gabriel Tischendorfs vei</stop>
    <stop arrival="10:25" departure="10:25">Svingen / Fyllingsveien</stop>
    <stop arrival="10:25" departure="10:25">Kaptein Amlands vei</stop>
    <stop arrival="10:25" departure="10:25">Melkeplassen</stop>
    <stop arrival="10:25" departure="10:25">Tjønna</stop>
    <stop arrival="10:25" departure="10:25">Klauvsteinen</stop>
    <stop arrival="10:40" departure="10:40">Løvstakkskiftet</stop>
    <stop arrival="10:41" departure="10:41">Skytebanen, Løvstakken</stop>
    <stop arrival="10:43" departure="10:43">Svartatjønn</stop>
    <stop arrival="10:44" departure="10:44">Fosse-skiftet</stop>
    <stop arrival="10:45" departure="10:45">Krohnegården</stop>
    <stop arrival="10:45" departure="10:45">Helgeplasset</stop>
    <stop arrival="10:46" departure="10:46">Benshaugen</stop>
    <stop arrival="10:47" departure="10:47">Træet (Fyllingsdalen)</stop>
    <stop arrival="10:48" departure="10:48">Hjalmar Brantings vei</stop>
    <stop arrival="10:50">Oasen Terminal</stop>
  </route>
  <route no="19" destination="Christies gate (Festplassen)" url="http://www.web2051.no/bin/tp/zuginfo.exe/on/583062/198076/661982/136638/1/" trafficDays="kjører Ma - Fr, ikke 13., 17., 24. Mai">
    <stop departure="10:30" routeNo="19">Løvstakkskiftet</stop>
    <stop arrival="10:31" departure="10:31">Klauvsteinen</stop>
    <stop arrival="10:32" departure="10:32">Tjønna</stop>
    <stop arrival="10:33" departure="10:33">Melkeplassen</stop>
    <stop arrival="10:34" departure="10:34">Kaptein Amlands vei</stop>
    <stop arrival="10:36" departure="10:36">Gabriel Tischendorfs vei</stop>
    <stop arrival="10:37" departure="10:37">Solveien</stop>
    <stop arrival="10:38" departure="10:38">Gyldenpris</stop>
    <stop arrival="10:41" departure="10:41">Møhlenpris v/ Industrihuset</stop>
    <stop arrival="10:44" departure="10:44">Nordahl Bruns gate</stop>
    <stop arrival="10:45">Christies gate (Festplassen)</stop>
  </route>
  <route no="60" destination="Bergen Busstasjon" url="http://www.web2051.no/bin/tp/zuginfo.exe/on/927699/313752/769088/75311/1/" trafficDays="kjører Sø, også 1., 13., 17., 24. Mai">
    <stop departure="10:25" routeNo="60">Bergvegen</stop>
    <stop arrival="10:26" departure="10:26">Kråkenestoppen</stop>
    <stop arrival="10:27" departure="10:27">Bønes skole</stop>
    <stop arrival="10:29" departure="10:29">Bønes hagesenter</stop>
    <stop arrival="10:29" departure="10:29">Våkleiva</stop>
    <stop arrival="10:30" departure="10:30">Bønes senter</stop>
    <stop arrival="10:31" departure="10:31">Bønesskogen</stop>
    <stop arrival="10:32" departure="10:32">Bønesheia/Tjørnhaugen</stop>
    <stop arrival="10:33" departure="10:33">Bønestoppen</stop>
    <stop arrival="10:34" departure="10:34">Hatten</stop>
    <stop arrival="10:34" departure="10:34">Bråtet</stop>
    <stop arrival="10:35" departure="10:35">Lyshovden sør</stop>
    <stop arrival="10:36" departure="10:36">Lyshovden nord</stop>
    <stop arrival="10:37" departure="10:37">Benshaugen</stop>
    <stop arrival="10:37" departure="10:37">Helgeplasset</stop>
    <stop arrival="10:38" departure="10:38">Krohnegården</stop>
    <stop arrival="10:38" departure="10:38">Fosse-skiftet</stop>
    <stop arrival="10:39" departure="10:39">Svartatjønn</stop>
    <stop arrival="10:40" departure="10:40">Skytebanen, Løvstakken</stop>
    <stop arrival="10:41" departure="10:41">Løvstakkskiftet</stop>
    <stop arrival="10:42" departure="10:42">Klauvsteinen</stop>
    <stop arrival="10:42" departure="10:42">Tjønna</stop>
    <stop arrival="10:43" departure="10:43">Melkeplassen</stop>
    <stop arrival="10:44" departure="10:44">Kaptein Amlands vei</stop>
    <stop arrival="10:45" departure="10:45">Gabriel Tischendorfs vei</stop>
    <stop arrival="10:46" departure="10:46">Solveien</stop>
    <stop arrival="10:47" departure="10:47">Gyldenpris</stop>
    <stop arrival="10:50" departure="10:50">Møhlenpris v/ Industrihuset</stop>
    <stop arrival="10:52" departure="10:52">Nordahl Bruns gate</stop>
    <stop arrival="10:53" departure="10:53">Christies gate (Festplassen)</stop>
    <stop arrival="10:53" departure="10:53">Gyldenpris</stop>
    <stop arrival="10:53" departure="10:53">Møhlenpris v/ Industrihuset</stop>
    <stop arrival="10:53" departure="10:53">Nordahl Bruns gate</stop>
    <stop arrival="10:58">Bergen Busstasjon</stop>
  </route>
  <route no="19" destination="Løvstakkskiftet" url="http://www.web2051.no/bin/tp/zuginfo.exe/on/237948/83039/934274/387822/1/" trafficDays="kjører Ma - Fr, ikke 13., 17., 24. Mai">
    <stop departure="10:45" routeNo="19">Olav Kyrres gate v/Hagelin</stop>
    <stop arrival="10:45" departure="10:45">Nordahl Bruns gate</stop>
    <stop arrival="10:45" departure="10:45">Møhlenpris v/ Industrihuset</stop>
    <stop arrival="10:45" departure="10:45">Gyldenpris</stop>
    <stop arrival="10:45" departure="10:45">Solveien</stop>
    <stop arrival="10:45" departure="10:45">Gabriel Tischendorfs vei</stop>
    <stop arrival="10:45" departure="10:45">Svingen / Fyllingsveien</stop>
    <stop arrival="10:45" departure="10:45">Kaptein Amlands vei</stop>
    <stop arrival="10:45" departure="10:45">Melkeplassen</stop>
    <stop arrival="10:45" departure="10:45">Tjønna</stop>
    <stop arrival="10:45" departure="10:45">Klauvsteinen</stop>
    <stop arrival="11:00">Løvstakkskiftet</stop>
  </route>
  <route no="19" destination="Christies gate (Festplassen)" url="http://www.web2051.no/bin/tp/zuginfo.exe/on/760956/257339/825490/159094/1/" trafficDays="kjører Lø, ikke 1. Mai">
    <stop departure="10:45" routeNo="19">Løvstakkskiftet</stop>
    <stop arrival="10:46" departure="10:46">Klauvsteinen</stop>
    <stop arrival="10:46" departure="10:46">Tjønna</stop>
    <stop arrival="10:47" departure="10:47">Melkeplassen</stop>
    <stop arrival="10:48" departure="10:48">Kaptein Amlands vei</stop>
    <stop arrival="10:49" departure="10:49">Gabriel Tischendorfs vei</stop>
    <stop arrival="10:50" departure="10:50">Solveien</stop>
    <stop arrival="10:51" departure="10:51">Gyldenpris</stop>
    <stop arrival="10:53" departure="10:53">Møhlenpris v/ Industrihuset</stop>
    <stop arrival="10:55">Christies gate (Festplassen)</stop>
  </route>
  <route no="19" destination="Christies gate (Festplassen)" url="http://www.web2051.no/bin/tp/zuginfo.exe/on/6234/5797/245484/120666/1/" trafficDays="kjører Ma - Fr, ikke 13., 17., 24. Mai">
    <stop departure="10:40" routeNo="19">Oasen Terminal</stop>
    <stop arrival="10:41" departure="10:41">Hjalmar Brantings vei</stop>
    <stop arrival="10:42" departure="10:42">Træet (Fyllingsdalen)</stop>
    <stop arrival="10:43" departure="10:43">Benshaugen</stop>
    <stop arrival="10:43" departure="10:43">Helgeplasset</stop>
    <stop arrival="10:44" departure="10:44">Krohnegården</stop>
    <stop arrival="10:44" departure="10:44">Fosse-skiftet</stop>
    <stop arrival="10:45" departure="10:45">Svartatjønn</stop>
    <stop arrival="10:46" departure="10:46">Skytebanen, Løvstakken</stop>
    <stop arrival="10:47" departure="10:47">Løvstakkskiftet</stop>
    <stop arrival="10:48" departure="10:48">Klauvsteinen</stop>
    <stop arrival="10:49" departure="10:49">Tjønna</stop>
    <stop arrival="10:50" departure="10:50">Melkeplassen</stop>
    <stop arrival="10:51" departure="10:51">Kaptein Amlands vei</stop>
    <stop arrival="10:53" departure="10:53">Gabriel Tischendorfs vei</stop>
    <stop arrival="10:54" departure="10:54">Solveien</stop>
    <stop arrival="10:55" departure="10:55">Gyldenpris</stop>
    <stop arrival="10:58" departure="10:58">Møhlenpris v/ Industrihuset</stop>
    <stop arrival="11:01" departure="11:01">Nordahl Bruns gate</stop>
    <stop arrival="11:02">Christies gate (Festplassen)</stop>
  </route>
  <route no="19" destination="Løvstakkskiftet" url="http://www.web2051.no/bin/tp/zuginfo.exe/on/107502/39526/659968/294150/1/" trafficDays="kjører Lø, ikke 1. Mai">
    <stop departure="10:40" routeNo="19">Olav Kyrres gate v/Hagelin</stop>
    <stop arrival="10:42" departure="10:42">Møhlenpris v/ Industrihuset</stop>
    <stop arrival="10:44" departure="10:44">Gyldenpris</stop>
    <stop arrival="10:45" departure="10:45">Solveien</stop>
    <stop arrival="10:47" departure="10:47">Gabriel Tischendorfs vei</stop>
    <stop arrival="10:48" departure="10:48">Svingen / Fyllingsveien</stop>
    <stop arrival="10:48" departure="10:48">Kaptein Amlands vei</stop>
    <stop arrival="10:49" departure="10:49">Melkeplassen</stop>
    <stop arrival="10:50" departure="10:50">Tjønna</stop>
    <stop arrival="10:52" departure="10:52">Klauvsteinen</stop>
    <stop arrival="10:52">Løvstakkskiftet</stop>
  </route>
  <route no="60" destination="Bønes senter" url="http://www.web2051.no/bin/tp/zuginfo.exe/on/579969/197841/530966/72161/1/" trafficDays="kjører Sø, også 1., 13., 17., 24. Mai">
    <stop departure="10:40" routeNo="60">Bergen Busstasjon</stop>
    <stop arrival="10:43" departure="10:43">Nordahl Bruns gate</stop>
    <stop arrival="10:46" departure="10:46">Møhlenpris v/ Industrihuset</stop>
    <stop arrival="10:48" departure="10:48">Gyldenpris</stop>
    <stop arrival="10:50" departure="10:50">Solveien</stop>
    <stop arrival="10:51" departure="10:51">Gabriel Tischendorfs vei</stop>
    <stop arrival="10:52" departure="10:52">Svingen / Fyllingsveien</stop>
    <stop arrival="10:53" departure="10:53">Kaptein Amlands vei</stop>
    <stop arrival="10:54" departure="10:54">Melkeplassen</stop>
    <stop arrival="10:55" departure="10:55">Tjønna</stop>
    <stop arrival="10:56" departure="10:56">Klauvsteinen</stop>
    <stop arrival="10:56" departure="10:56">Løvstakkskiftet</stop>
    <stop arrival="10:56" departure="10:56">Skytebanen, Løvstakken</stop>
    <stop arrival="10:57" departure="10:57">Svartatjønn</stop>
    <stop arrival="10:57" departure="10:57">Fosse-skiftet</stop>
    <stop arrival="10:58" departure="10:58">Krohnegården</stop>
    <stop arrival="10:58" departure="10:58">Helgeplasset</stop>
    <stop arrival="10:58" departure="10:58">Benshaugen</stop>
    <stop arrival="10:58" departure="10:58">Lyshovden nord</stop>
    <stop arrival="10:59" departure="10:59">Lyshovden sør</stop>
    <stop arrival="10:59" departure="10:59">Bråtet</stop>
    <stop arrival="11:00" departure="11:00">Hatten</stop>
    <stop arrival="11:00" departure="11:00">Bønestoppen</stop>
    <stop arrival="11:02" departure="11:02">Bønesheia/Tjørnhaugen</stop>
    <stop arrival="11:03" departure="11:03">Fjellsdalen</stop>
    <stop arrival="11:05">Bønes senter</stop>
  </route>
</routes>
