<?xml version="1.0" encoding="UTF-8"?>
<routes>
  <route no="525" destination="Bergen Busstasjon" url="http://www.web2051.no/bin/tp/zuginfo.exe/on/306867/107610/271112/33267/1/" trafficDays="kjører Sø, også 1., 13., 17., 24. Mai">
    <stop departure="9:28" routeNo="525">Milde</stop>
    <stop arrival="9:29" departure="9:29">Fana folkehøgskole (Aboretet)</stop>
    <stop arrival="9:30" departure="9:30">Geilen</stop>
    <stop arrival="9:30" departure="9:30">Grendatunvegen</stop>
    <stop arrival="9:31" departure="9:31">Planteskogen (Milde)</stop>
    <stop arrival="9:33" departure="9:33">Hjellestadskiftet</stop>
    <stop arrival="9:34" departure="9:34">Seilforeningen</stop>
    <stop arrival="9:35" departure="9:35">Hjellestad post</stop>
    <stop arrival="9:35" departure="9:35">Hjellestad</stop>
    <stop arrival="9:35" departure="9:35">Hjellestad post</stop>
    <stop arrival="9:37" departure="9:37">Seilforeningen</stop>
    <stop arrival="9:38" departure="9:38">Hjellestadskiftet</stop>
    <stop arrival="9:39" departure="9:39">K.Kaland</stop>
    <stop arrival="9:40" departure="9:40">Ådlandsbro</stop>
    <stop arrival="9:40" departure="9:40">Heggernesskiftet</stop>
    <stop arrival="9:41" departure="9:41">Kartveitskiftet</stop>
    <stop arrival="9:42" departure="9:42">Ådlandsskiftet</stop>
    <stop arrival="9:42" departure="9:42">Ådlandsflaten</stop>
    <stop arrival="9:43" departure="9:43">Blomsterdalen</stop>
    <stop arrival="9:45" departure="9:45">Birkelandskrysset Terminal</stop>
    <stop arrival="9:45" departure="9:45">Scandic</stop>
    <stop arrival="9:45" departure="9:45">Nera</stop>
    <stop arrival="9:46" departure="9:46">BKK , Kokstad</stop>
    <stop arrival="9:46" departure="9:46">Kokstad Bilhandel</stop>
    <stop arrival="9:54" departure="9:54">Dolvik terminal</stop>
    <stop arrival="9:55" departure="9:55">Søreide skole</stop>
    <stop arrival="9:56" departure="9:56">Søreide v/Hydrostasjonen</stop>
    <stop arrival="9:58" departure="9:58">Straume bro</stop>
    <stop arrival="9:58" departure="9:58">Bergen Motorbåtforening</stop>
    <stop arrival="10:00" departure="10:00">Straume (Straumeveien, Fana)</stop>
    <stop arrival="10:01" departure="10:01">Bøjarnesvegen (Toftegård)</stop>
    <stop arrival="10:01" departure="10:01">Bønesskiftet</stop>
    <stop arrival="10:03" departure="10:03">Kråkenes 2 (Kleiva)</stop>
    <stop arrival="10:03" departure="10:03">Kråkenes 1</stop>
    <stop arrival="10:04" departure="10:04">Langebekken</stop>
    <stop arrival="10:04" departure="10:04">Langegården</stop>
    <stop arrival="10:05" departure="10:05">Krambua</stop>
    <stop arrival="10:05" departure="10:05">Fjøsanger</stop>
    <stop arrival="10:09" departure="10:09">Kanalveien v/NRK</stop>
    <stop arrival="10:10" departure="10:10">Mindemyren</stop>
    <stop arrival="10:10" departure="10:10">Postterminalen</stop>
    <stop arrival="10:11" departure="10:11">Kanalveien v/LBK</stop>
    <stop arrival="10:12" departure="10:12">Danmarksplass v/Forum kino</stop>
    <stop arrival="10:16" departure="10:16">Bergen Busstasjon</stop>
    <stop arrival="10:19" departure="10:19">Christies gate (Festplassen)</stop>
    <stop arrival="10:24">Bergen Busstasjon</stop>
  </route>
  <route no="525" destination="Bergen Busstasjon" url="http://www.web2051.no/bin/tp/zuginfo.exe/on/97761/37952/381484/158155/1/" trafficDays="kjører Ma - Fr, ikke 13., 17., 24. Mai">
    <stop departure="9:25" routeNo="525">Milde</stop>
    <stop arrival="9:26" departure="9:26">Fana folkehøgskole (Aboretet)</stop>
    <stop arrival="9:27" departure="9:27">Geilen</stop>
    <stop arrival="9:27" departure="9:27">Grendatunvegen</stop>
    <stop arrival="9:28" departure="9:28">Planteskogen (Milde)</stop>
    <stop arrival="9:30" departure="9:30">Hjellestadskiftet</stop>
    <stop arrival="9:31" departure="9:31">Seilforeningen</stop>
    <stop arrival="9:32" departure="9:32">Hjellestad post</stop>
    <stop arrival="9:32" departure="9:32">Hjellestad</stop>
    <stop arrival="9:32" departure="9:32">Hjellestad post</stop>
    <stop arrival="9:34" departure="9:34">Seilforeningen</stop>
    <stop arrival="9:35" departure="9:35">Hjellestadskiftet</stop>
    <stop arrival="9:36" departure="9:36">K.Kaland</stop>
    <stop arrival="9:37" departure="9:37">Ådlandsbro</stop>
    <stop arrival="9:38" departure="9:38">Heggernesskiftet</stop>
    <stop arrival="9:39" departure="9:39">Kartveitskiftet</stop>
    <stop arrival="9:40" departure="9:40">Ådlandsskiftet</stop>
    <stop arrival="9:41" departure="9:41">Ådlandsflaten</stop>
    <stop arrival="9:41" departure="9:41">Blomsterdalen</stop>
    <stop arrival="9:45" departure="9:45">Birkelandskrysset Terminal</stop>
    <stop arrival="9:45" departure="9:45">Scandic</stop>
    <stop arrival="9:45" departure="9:45">Nera</stop>
    <stop arrival="9:46" departure="9:46">BKK , Kokstad</stop>
    <stop arrival="9:46" departure="9:46">Kokstad Bilhandel</stop>
    <stop arrival="9:54" departure="9:54">Dolvik terminal</stop>
    <stop arrival="9:54" departure="9:54">Dolvikbakken</stop>
    <stop arrival="9:55" departure="9:55">Søreide skole</stop>
    <stop arrival="9:56" departure="9:56">Søreide v/Hydrostasjonen</stop>
    <stop arrival="9:58" departure="9:58">Straume bro</stop>
    <stop arrival="9:58" departure="9:58">Bergen Motorbåtforening</stop>
    <stop arrival="10:00" departure="10:00">Straume (Straumeveien, Fana)</stop>
    <stop arrival="10:01" departure="10:01">Bøjarnesvegen (Toftegård)</stop>
    <stop arrival="10:01" departure="10:01">Bønesskiftet</stop>
    <stop arrival="10:03" departure="10:03">Kråkenes 2 (Kleiva)</stop>
    <stop arrival="10:03" departure="10:03">Kråkenes 1</stop>
    <stop arrival="10:04" departure="10:04">Langebekken</stop>
    <stop arrival="10:04" departure="10:04">Langegården</stop>
    <stop arrival="10:05" departure="10:05">Krambua</stop>
    <stop arrival="10:05" departure="10:05">Fjøsanger</stop>
    <stop arrival="10:09" departure="10:09">Kanalveien v/NRK</stop>
    <stop arrival="10:09" departure="10:09">Mindemyren</stop>
    <stop arrival="10:10" departure="10:10">Postterminalen</stop>
    <stop arrival="10:10" departure="10:10">Kanalveien v/LBK</stop>
    <stop arrival="10:11" departure="10:11">Danmarksplass v/Forum kino</stop>
    <stop arrival="10:16" departure="10:16">Bergen Busstasjon</stop>
    <stop arrival="10:18" departure="10:18">Christies gate (Festplassen)</stop>
    <stop arrival="10:23">Bergen Busstasjon</stop>
  </route>
  <route no="525" destination="Bergen Busstasjon" url="http://www.web2051.no/bin/tp/zuginfo.exe/on/130638/48867/938612/425760/1/" trafficDays="kjører Sø, også 1., 13., 17., 24. Mai">
    <stop departure="9:28" routeNo="525">Milde</stop>
    <stop arrival="9:29" departure="9:29">Fana folkehøgskole (Aboretet)</stop>
    <stop arrival="9:30" departure="9:30">Geilen</stop>
    <stop arrival="9:30" departure="9:30">Grendatunvegen</stop>
    <stop arrival="9:31" departure="9:31">Planteskogen (Milde)</stop>
    <stop arrival="9:33" departure="9:33">Hjellestadskiftet</stop>
    <stop arrival="9:34" departure="9:34">Seilforeningen</stop>
    <stop arrival="9:35" departure="9:35">Hjellestad post</stop>
    <stop arrival="9:35" departure="9:35">Hjellestad</stop>
    <stop arrival="9:35" departure="9:35">Hjellestad post</stop>
    <stop arrival="9:37" departure="9:37">Seilforeningen</stop>
    <stop arrival="9:38" departure="9:38">Hjellestadskiftet</stop>
    <stop arrival="9:39" departure="9:39">K.Kaland</stop>
    <stop arrival="9:40" departure="9:40">Ådlandsbro</stop>
    <stop arrival="9:40" departure="9:40">Heggernesskiftet</stop>
    <stop arrival="9:41" departure="9:41">Kartveitskiftet</stop>
    <stop arrival="9:42" departure="9:42">Ådlandsskiftet</stop>
    <stop arrival="9:42" departure="9:42">Ådlandsflaten</stop>
    <stop arrival="9:43" departure="9:43">Blomsterdalen</stop>
    <stop arrival="9:45" departure="9:45">Birkelandskrysset Terminal</stop>
    <stop arrival="9:45" departure="9:45">Scandic</stop>
    <stop arrival="9:45" departure="9:45">Nera</stop>
    <stop arrival="9:46" departure="9:46">BKK , Kokstad</stop>
    <stop arrival="9:46" departure="9:46">Kokstad Bilhandel</stop>
    <stop arrival="9:54" departure="9:54">Dolvik terminal</stop>
    <stop arrival="9:55" departure="9:55">Søreide skole</stop>
    <stop arrival="9:56" departure="9:56">Søreide v/Hydrostasjonen</stop>
    <stop arrival="9:58" departure="9:58">Straume bro</stop>
    <stop arrival="9:58" departure="9:58">Bergen Motorbåtforening</stop>
    <stop arrival="10:00" departure="10:00">Straume (Straumeveien, Fana)</stop>
    <stop arrival="10:01" departure="10:01">Bøjarnesvegen (Toftegård)</stop>
    <stop arrival="10:01" departure="10:01">Bønesskiftet</stop>
    <stop arrival="10:03" departure="10:03">Kråkenes 2 (Kleiva)</stop>
    <stop arrival="10:03" departure="10:03">Kråkenes 1</stop>
    <stop arrival="10:04" departure="10:04">Langebekken</stop>
    <stop arrival="10:04" departure="10:04">Langegården</stop>
    <stop arrival="10:05" departure="10:05">Krambua</stop>
    <stop arrival="10:05" departure="10:05">Fjøsanger</stop>
    <stop arrival="10:09" departure="10:09">Kanalveien v/NRK</stop>
    <stop arrival="10:10" departure="10:10">Mindemyren</stop>
    <stop arrival="10:10" departure="10:10">Postterminalen</stop>
    <stop arrival="10:11" departure="10:11">Kanalveien v/LBK</stop>
    <stop arrival="10:12" departure="10:12">Danmarksplass v/Forum kino</stop>
    <stop arrival="10:16" departure="10:16">Bergen Busstasjon</stop>
    <stop arrival="10:19" departure="10:19">Christies gate (Festplassen)</stop>
    <stop arrival="10:24">Bergen Busstasjon</stop>
  </route>
  <route no="525" destination="Bergen Busstasjon" url="http://www.web2051.no/bin/tp/zuginfo.exe/on/833844/283313/387696/84100/1/" trafficDays="kjører Ma - Fr, ikke 13., 17., 24. Mai">
    <stop departure="9:25" routeNo="525">Milde</stop>
    <stop arrival="9:26" departure="9:26">Fana folkehøgskole (Aboretet)</stop>
    <stop arrival="9:27" departure="9:27">Geilen</stop>
    <stop arrival="9:27" departure="9:27">Grendatunvegen</stop>
    <stop arrival="9:28" departure="9:28">Planteskogen (Milde)</stop>
    <stop arrival="9:30" departure="9:30">Hjellestadskiftet</stop>
    <stop arrival="9:31" departure="9:31">Seilforeningen</stop>
    <stop arrival="9:32" departure="9:32">Hjellestad post</stop>
    <stop arrival="9:32" departure="9:32">Hjellestad</stop>
    <stop arrival="9:32" departure="9:32">Hjellestad post</stop>
    <stop arrival="9:34" departure="9:34">Seilforeningen</stop>
    <stop arrival="9:35" departure="9:35">Hjellestadskiftet</stop>
    <stop arrival="9:36" departure="9:36">K.Kaland</stop>
    <stop arrival="9:37" departure="9:37">Ådlandsbro</stop>
    <stop arrival="9:38" departure="9:38">Heggernesskiftet</stop>
    <stop arrival="9:39" departure="9:39">Kartveitskiftet</stop>
    <stop arrival="9:40" departure="9:40">Ådlandsskiftet</stop>
    <stop arrival="9:41" departure="9:41">Ådlandsflaten</stop>
    <stop arrival="9:41" departure="9:41">Blomsterdalen</stop>
    <stop arrival="9:45" departure="9:45">Birkelandskrysset Terminal</stop>
    <stop arrival="9:45" departure="9:45">Scandic</stop>
    <stop arrival="9:45" departure="9:45">Nera</stop>
    <stop arrival="9:46" departure="9:46">BKK , Kokstad</stop>
    <stop arrival="9:46" departure="9:46">Kokstad Bilhandel</stop>
    <stop arrival="9:54" departure="9:54">Dolvik terminal</stop>
    <stop arrival="9:54" departure="9:54">Dolvikbakken</stop>
    <stop arrival="9:55" departure="9:55">Søreide skole</stop>
    <stop arrival="9:56" departure="9:56">Søreide v/Hydrostasjonen</stop>
    <stop arrival="9:58" departure="9:58">Straume bro</stop>
    <stop arrival="9:58" departure="9:58">Bergen Motorbåtforening</stop>
    <stop arrival="10:00" departure="10:00">Straume (Straumeveien, Fana)</stop>
    <stop arrival="10:01" departure="10:01">Bøjarnesvegen (Toftegård)</stop>
    <stop arrival="10:01" departure="10:01">Bønesskiftet</stop>
    <stop arrival="10:03" departure="10:03">Kråkenes 2 (Kleiva)</stop>
    <stop arrival="10:03" departure="10:03">Kråkenes 1</stop>
    <stop arrival="10:04" departure="10:04">Langebekken</stop>
    <stop arrival="10:04" departure="10:04">Langegården</stop>
    <stop arrival="10:05" departure="10:05">Krambua</stop>
    <stop arrival="10:05" departure="10:05">Fjøsanger</stop>
    <stop arrival="10:09" departure="10:09">Kanalveien v/NRK</stop>
    <stop arrival="10:09" departure="10:09">Mindemyren</stop>
    <stop arrival="10:10" departure="10:10">Postterminalen</stop>
    <stop arrival="10:10" departure="10:10">Kanalveien v/LBK</stop>
    <stop arrival="10:11" departure="10:11">Danmarksplass v/Forum kino</stop>
    <stop arrival="10:16" departure="10:16">Bergen Busstasjon</stop>
    <stop arrival="10:18" departure="10:18">Christies gate (Festplassen)</stop>
    <stop arrival="10:23">Bergen Busstasjon</stop>
  </route>
  <route no="60" destination="Bergvegen" url="http://www.web2051.no/bin/tp/zuginfo.exe/on/726831/246932/62120/211220/1/" trafficDays="kjører Ma - Fr, ikke 13., 17., 24. Mai">
    <stop departure="9:45" routeNo="60">Nordahl Bruns gate</stop>
    <stop arrival="9:50" departure="9:50">Bergen Busstasjon</stop>
    <stop arrival="9:55" departure="9:55">Danmarksplass</stop>
    <stop arrival="9:56" departure="9:56">Solheimsgaten</stop>
    <stop arrival="9:58" departure="9:58">Reperbanen</stop>
    <stop arrival="10:00" departure="10:00">Fjøsangerveien/ Minde Allè</stop>
    <stop arrival="10:02" departure="10:02">Kristianborg</stop>
    <stop arrival="10:04" departure="10:04">Grønnestølsbakken</stop>
    <stop arrival="10:05" departure="10:05">Fjøsanger</stop>
    <stop arrival="10:06" departure="10:06">Langegården</stop>
    <stop arrival="10:08">Bergvegen</stop>
  </route>
  <route no="60" destination="Bergen Busstasjon" url="http://www.web2051.no/bin/tp/zuginfo.exe/on/536859/183571/988562/315328/1/" trafficDays="kjører Sø, også 1., 13., 17., 24. Mai">
    <stop departure="10:00" routeNo="60">Bønes senter</stop>
    <stop arrival="10:01" departure="10:01">Våkleiva</stop>
    <stop arrival="10:01" departure="10:01">Bønes hagesenter</stop>
    <stop arrival="10:03" departure="10:03">Bønes skole</stop>
    <stop arrival="10:04" departure="10:04">Kråkenestoppen</stop>
    <stop arrival="10:05" departure="10:05">Bergvegen</stop>
    <stop arrival="10:06" departure="10:06">Langebekken</stop>
    <stop arrival="10:07" departure="10:07">Langegården</stop>
    <stop arrival="10:07" departure="10:07">Krambua</stop>
    <stop arrival="10:08" departure="10:08">Fjøsanger</stop>
    <stop arrival="10:12" departure="10:12">Kanalveien v/NRK</stop>
    <stop arrival="10:13" departure="10:13">Mindemyren</stop>
    <stop arrival="10:14" departure="10:14">Postterminalen</stop>
    <stop arrival="10:15" departure="10:15">Kanalveien v/LBK</stop>
    <stop arrival="10:17" departure="10:17">Danmarksplass v/Forum kino</stop>
    <stop arrival="10:20" departure="10:20">Bergen Busstasjon</stop>
    <stop arrival="10:20" departure="10:20">Christies gate (Festplassen)</stop>
    <stop arrival="10:25">Bergen Busstasjon</stop>
  </route>
  <route no="60" destination="Bergen Busstasjon" url="http://www.web2051.no/bin/tp/zuginfo.exe/on/432393/148757/137850/75207/1/" trafficDays="kjører Lø, ikke 1. Mai">
    <stop departure="10:00" routeNo="60">Bønes senter</stop>
    <stop arrival="10:01" departure="10:01">Våkleiva</stop>
    <stop arrival="10:01" departure="10:01">Bønes hagesenter</stop>
    <stop arrival="10:03" departure="10:03">Bønes skole</stop>
    <stop arrival="10:04" departure="10:04">Kråkenestoppen</stop>
    <stop arrival="10:05" departure="10:05">Bergvegen</stop>
    <stop arrival="10:06" departure="10:06">Langebekken</stop>
    <stop arrival="10:07" departure="10:07">Langegården</stop>
    <stop arrival="10:07" departure="10:07">Krambua</stop>
    <stop arrival="10:08" departure="10:08">Fjøsanger</stop>
    <stop arrival="10:12" departure="10:12">Kanalveien v/NRK</stop>
    <stop arrival="10:13" departure="10:13">Mindemyren</stop>
    <stop arrival="10:14" departure="10:14">Postterminalen</stop>
    <stop arrival="10:14" departure="10:14">Kanalveien v/LBK</stop>
    <stop arrival="10:16" departure="10:16">Danmarksplass v/Forum kino</stop>
    <stop arrival="10:19" departure="10:19">Bergen Busstasjon</stop>
    <stop arrival="10:20" departure="10:20">Christies gate (Festplassen)</stop>
    <stop arrival="10:25">Bergen Busstasjon</stop>
  </route>
  <route no="60" destination="Bergen Busstasjon" url="http://www.web2051.no/bin/tp/zuginfo.exe/on/225321/79763/919556/384674/1/" trafficDays="kjører Ma - Fr, ikke 13., 17., 24. Mai">
    <stop departure="10:00" routeNo="60">Bønes senter</stop>
    <stop arrival="10:01" departure="10:01">Våkleiva</stop>
    <stop arrival="10:01" departure="10:01">Bønes hagesenter</stop>
    <stop arrival="10:03" departure="10:03">Bønes skole</stop>
    <stop arrival="10:04" departure="10:04">Kråkenestoppen</stop>
    <stop arrival="10:05" departure="10:05">Bergvegen</stop>
    <stop arrival="10:06" departure="10:06">Langebekken</stop>
    <stop arrival="10:07" departure="10:07">Langegården</stop>
    <stop arrival="10:07" departure="10:07">Krambua</stop>
    <stop arrival="10:08" departure="10:08">Fjøsanger</stop>
    <stop arrival="10:12" departure="10:12">Kanalveien v/NRK</stop>
    <stop arrival="10:13" departure="10:13">Mindemyren</stop>
    <stop arrival="10:14" departure="10:14">Postterminalen</stop>
    <stop arrival="10:14" departure="10:14">Kanalveien v/LBK</stop>
    <stop arrival="10:16" departure="10:16">Danmarksplass v/Forum kino</stop>
    <stop arrival="10:19" departure="10:19">Bergen Busstasjon</stop>
    <stop arrival="10:20" departure="10:20">Christies gate (Festplassen)</stop>
    <stop arrival="10:25">Bergen Busstasjon</stop>
  </route>
  <route no="60" destination="Bergen Busstasjon" url="http://www.web2051.no/bin/tp/zuginfo.exe/on/472437/162097/684632/184837/1/" trafficDays="kjører Sø, også 1., 13., 17., 24. Mai">
    <stop departure="10:00" routeNo="60">Bønes senter</stop>
    <stop arrival="10:01" departure="10:01">Våkleiva</stop>
    <stop arrival="10:01" departure="10:01">Bønes hagesenter</stop>
    <stop arrival="10:03" departure="10:03">Bønes skole</stop>
    <stop arrival="10:04" departure="10:04">Kråkenestoppen</stop>
    <stop arrival="10:05" departure="10:05">Bergvegen</stop>
    <stop arrival="10:06" departure="10:06">Langebekken</stop>
    <stop arrival="10:07" departure="10:07">Langegården</stop>
    <stop arrival="10:07" departure="10:07">Krambua</stop>
    <stop arrival="10:08" departure="10:08">Fjøsanger</stop>
    <stop arrival="10:12" departure="10:12">Kanalveien v/NRK</stop>
    <stop arrival="10:13" departure="10:13">Mindemyren</stop>
    <stop arrival="10:14" departure="10:14">Postterminalen</stop>
    <stop arrival="10:15" departure="10:15">Kanalveien v/LBK</stop>
    <stop arrival="10:17" departure="10:17">Danmarksplass v/Forum kino</stop>
    <stop arrival="10:20" departure="10:20">Bergen Busstasjon</stop>
    <stop arrival="10:20" departure="10:20">Christies gate (Festplassen)</stop>
    <stop arrival="10:25">Bergen Busstasjon</stop>
  </route>
  <route no="60" destination="Bergen Busstasjon" url="http://www.web2051.no/bin/tp/zuginfo.exe/on/843000/285626/983598/210800/1/" trafficDays="kjører Lø, ikke 1. Mai">
    <stop departure="10:00" routeNo="60">Bønes senter</stop>
    <stop arrival="10:01" departure="10:01">Våkleiva</stop>
    <stop arrival="10:01" departure="10:01">Bønes hagesenter</stop>
    <stop arrival="10:03" departure="10:03">Bønes skole</stop>
    <stop arrival="10:04" departure="10:04">Kråkenestoppen</stop>
    <stop arrival="10:05" departure="10:05">Bergvegen</stop>
    <stop arrival="10:06" departure="10:06">Langebekken</stop>
    <stop arrival="10:07" departure="10:07">Langegården</stop>
    <stop arrival="10:07" departure="10:07">Krambua</stop>
    <stop arrival="10:08" departure="10:08">Fjøsanger</stop>
    <stop arrival="10:12" departure="10:12">Kanalveien v/NRK</stop>
    <stop arrival="10:13" departure="10:13">Mindemyren</stop>
    <stop arrival="10:14" departure="10:14">Postterminalen</stop>
    <stop arrival="10:14" departure="10:14">Kanalveien v/LBK</stop>
    <stop arrival="10:16" departure="10:16">Danmarksplass v/Forum kino</stop>
    <stop arrival="10:19" departure="10:19">Bergen Busstasjon</stop>
    <stop arrival="10:20" departure="10:20">Christies gate (Festplassen)</stop>
    <stop arrival="10:25">Bergen Busstasjon</stop>
  </route>
  <route no="60" destination="Bergen Busstasjon" url="http://www.web2051.no/bin/tp/zuginfo.exe/on/632469/215479/696578/137469/1/" trafficDays="kjører Ma - Fr, ikke 13., 17., 24. Mai">
    <stop departure="10:00" routeNo="60">Bønes senter</stop>
    <stop arrival="10:01" departure="10:01">Våkleiva</stop>
    <stop arrival="10:01" departure="10:01">Bønes hagesenter</stop>
    <stop arrival="10:03" departure="10:03">Bønes skole</stop>
    <stop arrival="10:04" departure="10:04">Kråkenestoppen</stop>
    <stop arrival="10:05" departure="10:05">Bergvegen</stop>
    <stop arrival="10:06" departure="10:06">Langebekken</stop>
    <stop arrival="10:07" departure="10:07">Langegården</stop>
    <stop arrival="10:07" departure="10:07">Krambua</stop>
    <stop arrival="10:08" departure="10:08">Fjøsanger</stop>
    <stop arrival="10:12" departure="10:12">Kanalveien v/NRK</stop>
    <stop arrival="10:13" departure="10:13">Mindemyren</stop>
    <stop arrival="10:14" departure="10:14">Postterminalen</stop>
    <stop arrival="10:14" departure="10:14">Kanalveien v/LBK</stop>
    <stop arrival="10:16" departure="10:16">Danmarksplass v/Forum kino</stop>
    <stop arrival="10:19" departure="10:19">Bergen Busstasjon</stop>
    <stop arrival="10:20" departure="10:20">Christies gate (Festplassen)</stop>
    <stop arrival="10:25">Bergen Busstasjon</stop>
  </route>
  <route no="525" destination="Bergen Busstasjon" url="http://www.web2051.no/bin/tp/zuginfo.exe/on/331968/115988/17794/101759/1/" trafficDays="kjører Lø, ikke 1. Mai">
    <stop departure="9:32" routeNo="525">Milde</stop>
    <stop arrival="9:33" departure="9:33">Fana folkehøgskole (Aboretet)</stop>
    <stop arrival="9:34" departure="9:34">Geilen</stop>
    <stop arrival="9:34" departure="9:34">Grendatunvegen</stop>
    <stop arrival="9:35" departure="9:35">Planteskogen (Milde)</stop>
    <stop arrival="9:37" departure="9:37">Hjellestadskiftet</stop>
    <stop arrival="9:38" departure="9:38">Seilforeningen</stop>
    <stop arrival="9:39" departure="9:39">Hjellestad post</stop>
    <stop arrival="9:39" departure="9:39">Hjellestad</stop>
    <stop arrival="9:39" departure="9:39">Hjellestad post</stop>
    <stop arrival="9:41" departure="9:41">Seilforeningen</stop>
    <stop arrival="9:42" departure="9:42">Hjellestadskiftet</stop>
    <stop arrival="9:43" departure="9:43">K.Kaland</stop>
    <stop arrival="9:44" departure="9:44">Ådlandsbro</stop>
    <stop arrival="9:44" departure="9:44">Heggernesskiftet</stop>
    <stop arrival="9:46" departure="9:46">Kartveitskiftet</stop>
    <stop arrival="9:46" departure="9:46">Ådlandsskiftet</stop>
    <stop arrival="9:47" departure="9:47">Ådlandsflaten</stop>
    <stop arrival="9:48" departure="9:48">Blomsterdalen</stop>
    <stop arrival="9:50" departure="9:50">Birkelandskrysset Terminal</stop>
    <stop arrival="9:50" departure="9:50">Scandic</stop>
    <stop arrival="9:50" departure="9:50">Nera</stop>
    <stop arrival="9:51" departure="9:51">BKK , Kokstad</stop>
    <stop arrival="9:51" departure="9:51">Kokstad Bilhandel</stop>
    <stop arrival="9:59" departure="9:59">Dolvik terminal</stop>
    <stop arrival="10:00" departure="10:00">Søreide skole</stop>
    <stop arrival="10:01" departure="10:01">Søreide v/Hydrostasjonen</stop>
    <stop arrival="10:03" departure="10:03">Straume bro</stop>
    <stop arrival="10:03" departure="10:03">Bergen Motorbåtforening</stop>
    <stop arrival="10:05" departure="10:05">Straume (Straumeveien, Fana)</stop>
    <stop arrival="10:06" departure="10:06">Bøjarnesvegen (Toftegård)</stop>
    <stop arrival="10:06" departure="10:06">Bønesskiftet</stop>
    <stop arrival="10:08" departure="10:08">Kråkenes 2 (Kleiva)</stop>
    <stop arrival="10:08" departure="10:08">Kråkenes 1</stop>
    <stop arrival="10:09" departure="10:09">Langebekken</stop>
    <stop arrival="10:09" departure="10:09">Langegården</stop>
    <stop arrival="10:10" departure="10:10">Krambua</stop>
    <stop arrival="10:10" departure="10:10">Fjøsanger</stop>
    <stop arrival="10:14" departure="10:14">Kanalveien v/NRK</stop>
    <stop arrival="10:15" departure="10:15">Mindemyren</stop>
    <stop arrival="10:15" departure="10:15">Postterminalen</stop>
    <stop arrival="10:16" departure="10:16">Kanalveien v/LBK</stop>
    <stop arrival="10:17" departure="10:17">Danmarksplass v/Forum kino</stop>
    <stop arrival="10:21" departure="10:21">Bergen Busstasjon</stop>
    <stop arrival="10:24" departure="10:24">Christies gate (Festplassen)</stop>
    <stop arrival="10:29">Bergen Busstasjon</stop>
  </route>
  <route no="525" destination="Bergen Busstasjon" url="http://www.web2051.no/bin/tp/zuginfo.exe/on/378219/131405/648012/197933/1/" trafficDays="kjører Lø, ikke 1. Mai">
    <stop departure="9:32" routeNo="525">Milde</stop>
    <stop arrival="9:33" departure="9:33">Fana folkehøgskole (Aboretet)</stop>
    <stop arrival="9:34" departure="9:34">Geilen</stop>
    <stop arrival="9:34" departure="9:34">Grendatunvegen</stop>
    <stop arrival="9:35" departure="9:35">Planteskogen (Milde)</stop>
    <stop arrival="9:37" departure="9:37">Hjellestadskiftet</stop>
    <stop arrival="9:38" departure="9:38">Seilforeningen</stop>
    <stop arrival="9:39" departure="9:39">Hjellestad post</stop>
    <stop arrival="9:39" departure="9:39">Hjellestad</stop>
    <stop arrival="9:39" departure="9:39">Hjellestad post</stop>
    <stop arrival="9:41" departure="9:41">Seilforeningen</stop>
    <stop arrival="9:42" departure="9:42">Hjellestadskiftet</stop>
    <stop arrival="9:43" departure="9:43">K.Kaland</stop>
    <stop arrival="9:44" departure="9:44">Ådlandsbro</stop>
    <stop arrival="9:44" departure="9:44">Heggernesskiftet</stop>
    <stop arrival="9:46" departure="9:46">Kartveitskiftet</stop>
    <stop arrival="9:46" departure="9:46">Ådlandsskiftet</stop>
    <stop arrival="9:47" departure="9:47">Ådlandsflaten</stop>
    <stop arrival="9:48" departure="9:48">Blomsterdalen</stop>
    <stop arrival="9:50" departure="9:50">Birkelandskrysset Terminal</stop>
    <stop arrival="9:50" departure="9:50">Scandic</stop>
    <stop arrival="9:50" departure="9:50">Nera</stop>
    <stop arrival="9:51" departure="9:51">BKK , Kokstad</stop>
    <stop arrival="9:51" departure="9:51">Kokstad Bilhandel</stop>
    <stop arrival="9:59" departure="9:59">Dolvik terminal</stop>
    <stop arrival="10:00" departure="10:00">Søreide skole</stop>
    <stop arrival="10:01" departure="10:01">Søreide v/Hydrostasjonen</stop>
    <stop arrival="10:03" departure="10:03">Straume bro</stop>
    <stop arrival="10:03" departure="10:03">Bergen Motorbåtforening</stop>
    <stop arrival="10:05" departure="10:05">Straume (Straumeveien, Fana)</stop>
    <stop arrival="10:06" departure="10:06">Bøjarnesvegen (Toftegård)</stop>
    <stop arrival="10:06" departure="10:06">Bønesskiftet</stop>
    <stop arrival="10:08" departure="10:08">Kråkenes 2 (Kleiva)</stop>
    <stop arrival="10:08" departure="10:08">Kråkenes 1</stop>
    <stop arrival="10:09" departure="10:09">Langebekken</stop>
    <stop arrival="10:09" departure="10:09">Langegården</stop>
    <stop arrival="10:10" departure="10:10">Krambua</stop>
    <stop arrival="10:10" departure="10:10">Fjøsanger</stop>
    <stop arrival="10:14" departure="10:14">Kanalveien v/NRK</stop>
    <stop arrival="10:15" departure="10:15">Mindemyren</stop>
    <stop arrival="10:15" departure="10:15">Postterminalen</stop>
    <stop arrival="10:16" departure="10:16">Kanalveien v/LBK</stop>
    <stop arrival="10:17" departure="10:17">Danmarksplass v/Forum kino</stop>
    <stop arrival="10:21" departure="10:21">Bergen Busstasjon</stop>
    <stop arrival="10:24" departure="10:24">Christies gate (Festplassen)</stop>
    <stop arrival="10:29">Bergen Busstasjon</stop>
  </route>
  <route no="60" destination="Bergvegen" url="http://www.web2051.no/bin/tp/zuginfo.exe/on/531351/181744/35670/159282/1/" trafficDays="kjører Lø, ikke 1. Mai">
    <stop departure="10:02" routeNo="60">Nordahl Bruns gate</stop>
    <stop arrival="10:07" departure="10:07">Bergen Busstasjon</stop>
    <stop arrival="10:11" departure="10:11">Danmarksplass</stop>
    <stop arrival="10:12" departure="10:12">Solheimsgaten</stop>
    <stop arrival="10:13" departure="10:13">Reperbanen</stop>
    <stop arrival="10:15" departure="10:15">Fjøsangerveien/ Minde Allè</stop>
    <stop arrival="10:16" departure="10:16">Kristianborg</stop>
    <stop arrival="10:17" departure="10:17">Grønnestølsbakken</stop>
    <stop arrival="10:18" departure="10:18">Fjøsanger</stop>
    <stop arrival="10:18" departure="10:18">Langegården</stop>
    <stop arrival="10:20">Bergvegen</stop>
  </route>
  <route no="60" destination="Bergvegen" url="http://www.web2051.no/bin/tp/zuginfo.exe/on/48729/20862/315804/141659/1/" trafficDays="kjører Sø, også 1., 13., 17., 24. Mai">
    <stop departure="10:07" routeNo="60">Nordahl Bruns gate</stop>
    <stop arrival="10:12" departure="10:12">Bergen Busstasjon</stop>
    <stop arrival="10:16" departure="10:16">Danmarksplass</stop>
    <stop arrival="10:17" departure="10:17">Solheimsgaten</stop>
    <stop arrival="10:19" departure="10:19">Reperbanen</stop>
    <stop arrival="10:20" departure="10:20">Fjøsangerveien/ Minde Allè</stop>
    <stop arrival="10:21" departure="10:21">Kristianborg</stop>
    <stop arrival="10:22" departure="10:22">Grønnestølsbakken</stop>
    <stop arrival="10:23" departure="10:23">Fjøsanger</stop>
    <stop arrival="10:23" departure="10:23">Langegården</stop>
    <stop arrival="10:25">Bergvegen</stop>
  </route>
  <route no="60" destination="Bergvegen" url="http://www.web2051.no/bin/tp/zuginfo.exe/on/387849/133938/574484/157963/1/" trafficDays="kjører Ma - Fr, ikke 13., 17., 24. Mai">
    <stop departure="10:05" routeNo="60">Nordahl Bruns gate</stop>
    <stop arrival="10:10" departure="10:10">Bergen Busstasjon</stop>
    <stop arrival="10:15" departure="10:15">Danmarksplass</stop>
    <stop arrival="10:16" departure="10:16">Solheimsgaten</stop>
    <stop arrival="10:18" departure="10:18">Reperbanen</stop>
    <stop arrival="10:20" departure="10:20">Fjøsangerveien/ Minde Allè</stop>
    <stop arrival="10:22" departure="10:22">Kristianborg</stop>
    <stop arrival="10:24" departure="10:24">Grønnestølsbakken</stop>
    <stop arrival="10:25" departure="10:25">Fjøsanger</stop>
    <stop arrival="10:26" departure="10:26">Langegården</stop>
    <stop arrival="10:28">Bergvegen</stop>
  </route>
  <route no="60" destination="Bergen Busstasjon" url="http://www.web2051.no/bin/tp/zuginfo.exe/on/377895/130621/327636/37857/1/" trafficDays="kjører Ma - Fr, ikke 13., 17., 24. Mai">
    <stop departure="10:20" routeNo="60">Bønes senter</stop>
    <stop arrival="10:21" departure="10:21">Våkleiva</stop>
    <stop arrival="10:21" departure="10:21">Bønes hagesenter</stop>
    <stop arrival="10:23" departure="10:23">Bønes skole</stop>
    <stop arrival="10:24" departure="10:24">Kråkenestoppen</stop>
    <stop arrival="10:25" departure="10:25">Bergvegen</stop>
    <stop arrival="10:26" departure="10:26">Langebekken</stop>
    <stop arrival="10:27" departure="10:27">Langegården</stop>
    <stop arrival="10:27" departure="10:27">Krambua</stop>
    <stop arrival="10:28" departure="10:28">Fjøsanger</stop>
    <stop arrival="10:32" departure="10:32">Kanalveien v/NRK</stop>
    <stop arrival="10:33" departure="10:33">Mindemyren</stop>
    <stop arrival="10:34" departure="10:34">Postterminalen</stop>
    <stop arrival="10:34" departure="10:34">Kanalveien v/LBK</stop>
    <stop arrival="10:36" departure="10:36">Danmarksplass v/Forum kino</stop>
    <stop arrival="10:39" departure="10:39">Bergen Busstasjon</stop>
    <stop arrival="10:40" departure="10:40">Christies gate (Festplassen)</stop>
    <stop arrival="10:45">Bergen Busstasjon</stop>
  </route>
  <route no="60" destination="Bergen Busstasjon" url="http://www.web2051.no/bin/tp/zuginfo.exe/on/964356/326108/675652/16378/1/" trafficDays="kjører Ma - Fr, ikke 13., 17., 24. Mai">
    <stop departure="10:20" routeNo="60">Bønes senter</stop>
    <stop arrival="10:21" departure="10:21">Våkleiva</stop>
    <stop arrival="10:21" departure="10:21">Bønes hagesenter</stop>
    <stop arrival="10:23" departure="10:23">Bønes skole</stop>
    <stop arrival="10:24" departure="10:24">Kråkenestoppen</stop>
    <stop arrival="10:25" departure="10:25">Bergvegen</stop>
    <stop arrival="10:26" departure="10:26">Langebekken</stop>
    <stop arrival="10:27" departure="10:27">Langegården</stop>
    <stop arrival="10:27" departure="10:27">Krambua</stop>
    <stop arrival="10:28" departure="10:28">Fjøsanger</stop>
    <stop arrival="10:32" departure="10:32">Kanalveien v/NRK</stop>
    <stop arrival="10:33" departure="10:33">Mindemyren</stop>
    <stop arrival="10:34" departure="10:34">Postterminalen</stop>
    <stop arrival="10:34" departure="10:34">Kanalveien v/LBK</stop>
    <stop arrival="10:36" departure="10:36">Danmarksplass v/Forum kino</stop>
    <stop arrival="10:39" departure="10:39">Bergen Busstasjon</stop>
    <stop arrival="10:40" departure="10:40">Christies gate (Festplassen)</stop>
    <stop arrival="10:45">Bergen Busstasjon</stop>
  </route>
  <route no="525" destination="Milde" url="http://www.web2051.no/bin/tp/zuginfo.exe/on/930147/315413/202690/208705/1/" trafficDays="kjører Ma - Fr, ikke 13., 17., 24. Mai">
    <stop departure="10:20" routeNo="525">Bergen Busstasjon</stop>
    <stop arrival="10:25" departure="10:25">Danmarksplass</stop>
    <stop arrival="10:25" departure="10:25">Solheimsgaten</stop>
    <stop arrival="10:26" departure="10:26">Reperbanen</stop>
    <stop arrival="10:26" departure="10:26">Fjøsangerveien/ Minde Allè</stop>
    <stop arrival="10:26" departure="10:26">Kristianborg</stop>
    <stop arrival="10:27" departure="10:27">Grønnestølsbakken</stop>
    <stop arrival="10:27" departure="10:27">Fjøsanger</stop>
    <stop arrival="10:28" departure="10:28">Langegården</stop>
    <stop arrival="10:29" departure="10:29">Langebekken</stop>
    <stop arrival="10:31" departure="10:31">Kråkenes 1</stop>
    <stop arrival="10:31" departure="10:31">Kråkenes 2 (Kleiva)</stop>
    <stop arrival="10:33" departure="10:33">Bønesskiftet</stop>
    <stop arrival="10:34" departure="10:34">Bøjarnesvegen (Toftegård)</stop>
    <stop arrival="10:35" departure="10:35">Straume (Straumeveien, Fana)</stop>
    <stop arrival="10:37" departure="10:37">Sementbroen</stop>
    <stop arrival="10:38" departure="10:38">Straume bro</stop>
    <stop arrival="10:40" departure="10:40">Søreide v/Hydrostasjonen</stop>
    <stop arrival="10:40" departure="10:40">Søreide skole</stop>
    <stop arrival="10:41" departure="10:41">Grimstadskiftet</stop>
    <stop arrival="10:41" departure="10:41">Dolvik terminal</stop>
    <stop arrival="10:42" departure="10:42">Kokstad Bilhandel</stop>
    <stop arrival="10:44" departure="10:44">BKK , Kokstad</stop>
    <stop arrival="10:46" departure="10:46">Nera</stop>
    <stop arrival="10:47" departure="10:47">Scandic</stop>
    <stop arrival="10:50" departure="10:50">Birkelandskrysset Terminal</stop>
    <stop arrival="10:57" departure="10:57">Blomsterdalen</stop>
    <stop arrival="10:58" departure="10:58">Ådlandsflaten</stop>
    <stop arrival="10:59" departure="10:59">Ådlandsskiftet</stop>
    <stop arrival="11:00" departure="11:00">Kartveitskiftet</stop>
    <stop arrival="11:00" departure="11:00">Heggernesskiftet</stop>
    <stop arrival="11:02" departure="11:02">Ådlandsbro</stop>
    <stop arrival="11:02" departure="11:02">K.Kaland</stop>
    <stop arrival="11:03" departure="11:03">Hjellestadskiftet</stop>
    <stop arrival="11:04" departure="11:04">Seilforeningen</stop>
    <stop arrival="11:05" departure="11:05">Hjellestad post</stop>
    <stop arrival="11:05" departure="11:05">Hjellestad</stop>
    <stop arrival="11:05" departure="11:05">Hjellestad post</stop>
    <stop arrival="11:07" departure="11:07">Seilforeningen</stop>
    <stop arrival="11:09" departure="11:09">Hjellestadskiftet</stop>
    <stop arrival="11:09" departure="11:09">Planteskogen (Milde)</stop>
    <stop arrival="11:11" departure="11:11">Planteskogen (Milde)</stop>
    <stop arrival="11:12" departure="11:12">Grendatunvegen</stop>
    <stop arrival="11:13" departure="11:13">Geilen</stop>
    <stop arrival="11:14" departure="11:14">Fana folkehøgskole (Aboretet)</stop>
    <stop arrival="11:15">Milde</stop>
  </route>
  <route no="525" destination="Milde" url="http://www.web2051.no/bin/tp/zuginfo.exe/on/129012/48323/803176/358585/1/" trafficDays="kjører Sø, også 1., 13., 17., 24. Mai">
    <stop departure="10:25" routeNo="525">Bergen Busstasjon</stop>
    <stop arrival="10:27" departure="10:27">Danmarksplass</stop>
    <stop arrival="10:27" departure="10:27">Solheimsgaten</stop>
    <stop arrival="10:28" departure="10:28">Reperbanen</stop>
    <stop arrival="10:28" departure="10:28">Fjøsangerveien/ Minde Allè</stop>
    <stop arrival="10:28" departure="10:28">Kristianborg</stop>
    <stop arrival="10:29" departure="10:29">Grønnestølsbakken</stop>
    <stop arrival="10:29" departure="10:29">Fjøsanger</stop>
    <stop arrival="10:30" departure="10:30">Langegården</stop>
    <stop arrival="10:31" departure="10:31">Langebekken</stop>
    <stop arrival="10:31" departure="10:31">Kråkenes 1</stop>
    <stop arrival="10:32" departure="10:32">Kråkenes 2 (Kleiva)</stop>
    <stop arrival="10:33" departure="10:33">Bønesskiftet</stop>
    <stop arrival="10:34" departure="10:34">Bøjarnesvegen (Toftegård)</stop>
    <stop arrival="10:34" departure="10:34">Straume (Straumeveien, Fana)</stop>
    <stop arrival="10:37" departure="10:37">Sementbroen</stop>
    <stop arrival="10:39" departure="10:39">Straume bro</stop>
    <stop arrival="10:42" departure="10:42">Søreide v/Hydrostasjonen</stop>
    <stop arrival="10:43" departure="10:43">Søreide skole</stop>
    <stop arrival="10:43" departure="10:43">Dolvik terminal</stop>
    <stop arrival="10:44" departure="10:44">Kokstad Bilhandel</stop>
    <stop arrival="10:46" departure="10:46">BKK , Kokstad</stop>
    <stop arrival="10:47" departure="10:47">Nera</stop>
    <stop arrival="10:48" departure="10:48">Scandic</stop>
    <stop arrival="10:50" departure="10:50">Birkelandskrysset Terminal</stop>
    <stop arrival="10:51" departure="10:51">Blomsterdalen</stop>
    <stop arrival="10:51" departure="10:51">Ådlandsflaten</stop>
    <stop arrival="10:52" departure="10:52">Ådlandsskiftet</stop>
    <stop arrival="10:52" departure="10:52">Kartveitskiftet</stop>
    <stop arrival="10:52" departure="10:52">Heggernesskiftet</stop>
    <stop arrival="10:53" departure="10:53">Ådlandsbro</stop>
    <stop arrival="10:53" departure="10:53">K.Kaland</stop>
    <stop arrival="10:53" departure="10:53">Hjellestadskiftet</stop>
    <stop arrival="10:56" departure="10:56">Seilforeningen</stop>
    <stop arrival="10:59" departure="10:59">Hjellestad post</stop>
    <stop arrival="11:00" departure="11:00">Hjellestad</stop>
    <stop arrival="11:00" departure="11:00">Hjellestad post</stop>
    <stop arrival="11:02" departure="11:02">Seilforeningen</stop>
    <stop arrival="11:04" departure="11:04">Hjellestadskiftet</stop>
    <stop arrival="11:04" departure="11:04">Planteskogen (Milde)</stop>
    <stop arrival="11:06" departure="11:06">Planteskogen (Milde)</stop>
    <stop arrival="11:07" departure="11:07">Grendatunvegen</stop>
    <stop arrival="11:08" departure="11:08">Geilen</stop>
    <stop arrival="11:09" departure="11:09">Fana folkehøgskole (Aboretet)</stop>
    <stop arrival="11:10">Milde</stop>
  </route>
  <route no="525" destination="Milde" url="http://www.web2051.no/bin/tp/zuginfo.exe/on/929862/315287/139746/240081/1/" trafficDays="kjører Lø, ikke 1. Mai">
    <stop departure="10:25" routeNo="525">Bergen Busstasjon</stop>
    <stop arrival="10:27" departure="10:27">Danmarksplass</stop>
    <stop arrival="10:28" departure="10:28">Solheimsgaten</stop>
    <stop arrival="10:28" departure="10:28">Reperbanen</stop>
    <stop arrival="10:29" departure="10:29">Fjøsangerveien/ Minde Allè</stop>
    <stop arrival="10:30" departure="10:30">Kristianborg</stop>
    <stop arrival="10:30" departure="10:30">Grønnestølsbakken</stop>
    <stop arrival="10:31" departure="10:31">Fjøsanger</stop>
    <stop arrival="10:31" departure="10:31">Langegården</stop>
    <stop arrival="10:32" departure="10:32">Langebekken</stop>
    <stop arrival="10:32" departure="10:32">Kråkenes 1</stop>
    <stop arrival="10:32" departure="10:32">Kråkenes 2 (Kleiva)</stop>
    <stop arrival="10:33" departure="10:33">Bønesskiftet</stop>
    <stop arrival="10:33" departure="10:33">Bøjarnesvegen (Toftegård)</stop>
    <stop arrival="10:33" departure="10:33">Straume (Straumeveien, Fana)</stop>
    <stop arrival="10:36" departure="10:36">Sementbroen</stop>
    <stop arrival="10:38" departure="10:38">Straume bro</stop>
    <stop arrival="10:40" departure="10:40">Søreide v/Hydrostasjonen</stop>
    <stop arrival="10:41" departure="10:41">Søreide skole</stop>
    <stop arrival="10:41" departure="10:41">Dolvik terminal</stop>
    <stop arrival="10:42" departure="10:42">Kokstad Bilhandel</stop>
    <stop arrival="10:44" departure="10:44">BKK , Kokstad</stop>
    <stop arrival="10:46" departure="10:46">Nera</stop>
    <stop arrival="10:47" departure="10:47">Scandic</stop>
    <stop arrival="10:50" departure="10:50">Birkelandskrysset Terminal</stop>
    <stop arrival="10:51" departure="10:51">Blomsterdalen</stop>
    <stop arrival="10:51" departure="10:51">Ådlandsflaten</stop>
    <stop arrival="10:52" departure="10:52">Ådlandsskiftet</stop>
    <stop arrival="10:52" departure="10:52">Kartveitskiftet</stop>
    <stop arrival="10:52" departure="10:52">Heggernesskiftet</stop>
    <stop arrival="10:53" departure="10:53">Ådlandsbro</stop>
    <stop arrival="10:53" departure="10:53">K.Kaland</stop>
    <stop arrival="10:53" departure="10:53">Hjellestadskiftet</stop>
    <stop arrival="10:56" departure="10:56">Seilforeningen</stop>
    <stop arrival="10:59" departure="10:59">Hjellestad post</stop>
    <stop arrival="11:00" departure="11:00">Hjellestad</stop>
    <stop arrival="11:00" departure="11:00">Hjellestad post</stop>
    <stop arrival="11:02" departure="11:02">Seilforeningen</stop>
    <stop arrival="11:04" departure="11:04">Hjellestadskiftet</stop>
    <stop arrival="11:04" departure="11:04">Planteskogen (Milde)</stop>
    <stop arrival="11:06" departure="11:06">Planteskogen (Milde)</stop>
    <stop arrival="11:07" departure="11:07">Grendatunvegen</stop>
    <stop arrival="11:08" departure="11:08">Geilen</stop>
    <stop arrival="11:09" departure="11:09">Fana folkehøgskole (Aboretet)</stop>
    <stop arrival="11:10">Milde</stop>
  </route>
  <route no="60" destination="Bergen Busstasjon" url="http://www.web2051.no/bin/tp/zuginfo.exe/on/220557/78148/937324/395143/1/" trafficDays="kjører Lø, ikke 1. Mai">
    <stop departure="10:35" routeNo="60">Bønes senter</stop>
    <stop arrival="10:36" departure="10:36">Våkleiva</stop>
    <stop arrival="10:36" departure="10:36">Bønes hagesenter</stop>
    <stop arrival="10:38" departure="10:38">Bønes skole</stop>
    <stop arrival="10:39" departure="10:39">Kråkenestoppen</stop>
    <stop arrival="10:40" departure="10:40">Bergvegen</stop>
    <stop arrival="10:41" departure="10:41">Langebekken</stop>
    <stop arrival="10:42" departure="10:42">Langegården</stop>
    <stop arrival="10:42" departure="10:42">Krambua</stop>
    <stop arrival="10:43" departure="10:43">Fjøsanger</stop>
    <stop arrival="10:50" departure="10:50">Kanalveien v/NRK</stop>
    <stop arrival="10:51" departure="10:51">Mindemyren</stop>
    <stop arrival="10:52" departure="10:52">Postterminalen</stop>
    <stop arrival="10:53" departure="10:53">Kanalveien v/LBK</stop>
    <stop arrival="10:55" departure="10:55">Danmarksplass v/Forum kino</stop>
    <stop arrival="10:58" departure="10:58">Bergen Busstasjon</stop>
    <stop arrival="11:00" departure="11:00">Christies gate (Festplassen)</stop>
    <stop arrival="11:05">Bergen Busstasjon</stop>
  </route>
  <route no="60" destination="Bergen Busstasjon" url="http://www.web2051.no/bin/tp/zuginfo.exe/on/414579/142822/661076/192345/1/" trafficDays="kjører Lø, ikke 1. Mai">
    <stop departure="10:35" routeNo="60">Bønes senter</stop>
    <stop arrival="10:36" departure="10:36">Våkleiva</stop>
    <stop arrival="10:36" departure="10:36">Bønes hagesenter</stop>
    <stop arrival="10:38" departure="10:38">Bønes skole</stop>
    <stop arrival="10:39" departure="10:39">Kråkenestoppen</stop>
    <stop arrival="10:40" departure="10:40">Bergvegen</stop>
    <stop arrival="10:41" departure="10:41">Langebekken</stop>
    <stop arrival="10:42" departure="10:42">Langegården</stop>
    <stop arrival="10:42" departure="10:42">Krambua</stop>
    <stop arrival="10:43" departure="10:43">Fjøsanger</stop>
    <stop arrival="10:50" departure="10:50">Kanalveien v/NRK</stop>
    <stop arrival="10:51" departure="10:51">Mindemyren</stop>
    <stop arrival="10:52" departure="10:52">Postterminalen</stop>
    <stop arrival="10:53" departure="10:53">Kanalveien v/LBK</stop>
    <stop arrival="10:55" departure="10:55">Danmarksplass v/Forum kino</stop>
    <stop arrival="10:58" departure="10:58">Bergen Busstasjon</stop>
    <stop arrival="11:00" departure="11:00">Christies gate (Festplassen)</stop>
    <stop arrival="11:05">Bergen Busstasjon</stop>
  </route>
  <route no="60" destination="Bergvegen" url="http://www.web2051.no/bin/tp/zuginfo.exe/on/783963/265976/953354/215361/1/" trafficDays="kjører Ma - Fr, ikke 13., 17., 24. Mai">
    <stop departure="10:25" routeNo="60">Nordahl Bruns gate</stop>
    <stop arrival="10:30" departure="10:30">Bergen Busstasjon</stop>
    <stop arrival="10:35" departure="10:35">Danmarksplass</stop>
    <stop arrival="10:36" departure="10:36">Solheimsgaten</stop>
    <stop arrival="10:38" departure="10:38">Reperbanen</stop>
    <stop arrival="10:40" departure="10:40">Fjøsangerveien/ Minde Allè</stop>
    <stop arrival="10:42" departure="10:42">Kristianborg</stop>
    <stop arrival="10:44" departure="10:44">Grønnestølsbakken</stop>
    <stop arrival="10:45" departure="10:45">Fjøsanger</stop>
    <stop arrival="10:46" departure="10:46">Langegården</stop>
    <stop arrival="10:48">Bergvegen</stop>
  </route>
  <route no="60" destination="Bergen Busstasjon" url="http://www.web2051.no/bin/tp/zuginfo.exe/on/553245/189071/754032/192606/1/" trafficDays="kjører Ma - Fr, ikke 13., 17., 24. Mai">
    <stop departure="10:40" routeNo="60">Bønes senter</stop>
    <stop arrival="10:41" departure="10:41">Våkleiva</stop>
    <stop arrival="10:41" departure="10:41">Bønes hagesenter</stop>
    <stop arrival="10:43" departure="10:43">Bønes skole</stop>
    <stop arrival="10:44" departure="10:44">Kråkenestoppen</stop>
    <stop arrival="10:45" departure="10:45">Bergvegen</stop>
    <stop arrival="10:46" departure="10:46">Langebekken</stop>
    <stop arrival="10:47" departure="10:47">Langegården</stop>
    <stop arrival="10:47" departure="10:47">Krambua</stop>
    <stop arrival="10:48" departure="10:48">Fjøsanger</stop>
    <stop arrival="10:52" departure="10:52">Kanalveien v/NRK</stop>
    <stop arrival="10:53" departure="10:53">Mindemyren</stop>
    <stop arrival="10:54" departure="10:54">Postterminalen</stop>
    <stop arrival="10:54" departure="10:54">Kanalveien v/LBK</stop>
    <stop arrival="10:56" departure="10:56">Danmarksplass v/Forum kino</stop>
    <stop arrival="10:59" departure="10:59">Bergen Busstasjon</stop>
    <stop arrival="11:00" departure="11:00">Christies gate (Festplassen)</stop>
    <stop arrival="11:05">Bergen Busstasjon</stop>
  </route>
  <route no="60" destination="Bergen Busstasjon" url="http://www.web2051.no/bin/tp/zuginfo.exe/on/403536/139168/126386/71324/1/" trafficDays="kjører Ma - Fr, ikke 13., 17., 24. Mai">
    <stop departure="10:40" routeNo="60">Bønes senter</stop>
    <stop arrival="10:41" departure="10:41">Våkleiva</stop>
    <stop arrival="10:41" departure="10:41">Bønes hagesenter</stop>
    <stop arrival="10:43" departure="10:43">Bønes skole</stop>
    <stop arrival="10:44" departure="10:44">Kråkenestoppen</stop>
    <stop arrival="10:45" departure="10:45">Bergvegen</stop>
    <stop arrival="10:46" departure="10:46">Langebekken</stop>
    <stop arrival="10:47" departure="10:47">Langegården</stop>
    <stop arrival="10:47" departure="10:47">Krambua</stop>
    <stop arrival="10:48" departure="10:48">Fjøsanger</stop>
    <stop arrival="10:52" departure="10:52">Kanalveien v/NRK</stop>
    <stop arrival="10:53" departure="10:53">Mindemyren</stop>
    <stop arrival="10:54" departure="10:54">Postterminalen</stop>
    <stop arrival="10:54" departure="10:54">Kanalveien v/LBK</stop>
    <stop arrival="10:56" departure="10:56">Danmarksplass v/Forum kino</stop>
    <stop arrival="10:59" departure="10:59">Bergen Busstasjon</stop>
    <stop arrival="11:00" departure="11:00">Christies gate (Festplassen)</stop>
    <stop arrival="11:05">Bergen Busstasjon</stop>
  </route>
  <route no="60" destination="Bergvegen" url="http://www.web2051.no/bin/tp/zuginfo.exe/on/710646/241510/494336/10286/1/" trafficDays="kjører Lø, ikke 1. Mai">
    <stop departure="10:32" routeNo="60">Nordahl Bruns gate</stop>
    <stop arrival="10:37" departure="10:37">Bergen Busstasjon</stop>
    <stop arrival="10:42" departure="10:42">Danmarksplass</stop>
    <stop arrival="10:43" departure="10:43">Solheimsgaten</stop>
    <stop arrival="10:44" departure="10:44">Reperbanen</stop>
    <stop arrival="10:46" departure="10:46">Fjøsangerveien/ Minde Allè</stop>
    <stop arrival="10:47" departure="10:47">Kristianborg</stop>
    <stop arrival="10:48" departure="10:48">Grønnestølsbakken</stop>
    <stop arrival="10:49" departure="10:49">Fjøsanger</stop>
    <stop arrival="10:49" departure="10:49">Langegården</stop>
    <stop arrival="10:50">Bergvegen</stop>
  </route>
</routes>
