<?xml version="1.0" encoding="UTF-8"?>
<routes>
  <route no="80" destination="Flaktveit snuplass" url="http://www.web2051.no/bin/tp/zuginfo.exe/on/82755/32400/689012/316924/1/" trafficDays="kjører Ma - Fr, ikke 13., 17., 24. Mai">
    <stop departure="9:23" routeNo="80">Oasen Terminal</stop>
    <stop arrival="9:25" departure="9:25">Skarphaugen</stop>
    <stop arrival="9:26" departure="9:26">Sælen skole</stop>
    <stop arrival="9:27" departure="9:27">Torgny Segersteds vei</stop>
    <stop arrival="9:28" departure="9:28">Smiberget</stop>
    <stop arrival="9:29" departure="9:29">Ortustranden</stop>
    <stop arrival="9:29" departure="9:29">Lyshovden skole</stop>
    <stop arrival="9:29" departure="9:29">Sælemyr</stop>
    <stop arrival="9:30" departure="9:30">Hjalmar Brantings vei</stop>
    <stop arrival="9:31" departure="9:31">Træet (Benshaugen)</stop>
    <stop arrival="9:32" departure="9:32">Dag Hammarskjølds vei</stop>
    <stop arrival="9:32" departure="9:32">Lynghaug skole</stop>
    <stop arrival="9:33" departure="9:33">Hamregården</stop>
    <stop arrival="9:34" departure="9:34">Sikthaugen</stop>
    <stop arrival="9:38" departure="9:38">Gyldenpris</stop>
    <stop arrival="9:43" departure="9:43">Bergen Busstasjon</stop>
    <stop arrival="9:45" departure="9:45">Christies gate (Festplassen)</stop>
    <stop arrival="9:48" departure="9:48">Torget (Bergen)</stop>
    <stop arrival="9:49" departure="9:49">Bryggen</stop>
    <stop arrival="9:49" departure="9:49">Slottsgaten</stop>
    <stop arrival="9:50" departure="9:50">Bontelabo</stop>
    <stop arrival="9:51" departure="9:51">Skutevikstorget</stop>
    <stop arrival="9:52" departure="9:52">Sjøgaten</stop>
    <stop arrival="9:52" departure="9:52">Sandvikstorget</stop>
    <stop arrival="9:53" departure="9:53">Ludebryggen</stop>
    <stop arrival="9:53" departure="9:53">Munkebotten</stop>
    <stop arrival="9:55" departure="9:55">Nyhavnsvei (Gamle Bergen)</stop>
    <stop arrival="9:56" departure="9:56">Handelshøyskolen</stop>
    <stop arrival="9:58" departure="9:58">Eidsvåg</stop>
    <stop arrival="10:03" departure="10:03">Åsane terminal</stop>
    <stop arrival="10:04" departure="10:04">Rollandskrysset</stop>
    <stop arrival="10:04" departure="10:04">Litleåskryss</stop>
    <stop arrival="10:05" departure="10:05">Salhuskrysset</stop>
    <stop arrival="10:06" departure="10:06">Nyborg</stop>
    <stop arrival="10:08" departure="10:08">Gullgruven</stop>
    <stop arrival="10:09" departure="10:09">Industrihuset</stop>
    <stop arrival="10:10" departure="10:10">Liakroken</stop>
    <stop arrival="10:11" departure="10:11">Lid (Åsane)</stop>
    <stop arrival="10:13" departure="10:13">Flaktveitrinden</stop>
    <stop arrival="10:14" departure="10:14">Flaktveitsvingane</stop>
    <stop arrival="10:15" departure="10:15">Træsgrenda (Ulsberglia)</stop>
    <stop arrival="10:16" departure="10:16">Ulvhøyen</stop>
    <stop arrival="10:17" departure="10:17">Breimyra</stop>
    <stop arrival="10:18">Flaktveit snuplass</stop>
  </route>
  <route no="80" destination="Oasen Terminal" url="http://www.web2051.no/bin/tp/zuginfo.exe/on/764016/259484/823982/157326/1/" trafficDays="kjører Ma - Fr, ikke 13., 17., 24. Mai">
    <stop departure="9:50" routeNo="80">Flaktveit snuplass</stop>
    <stop arrival="9:51" departure="9:51">Breimyra</stop>
    <stop arrival="9:52" departure="9:52">Ulvhøyen</stop>
    <stop arrival="9:53" departure="9:53">Træsgrenda (Ulsberglia)</stop>
    <stop arrival="9:54" departure="9:54">Flaktveitsvingane</stop>
    <stop arrival="9:55" departure="9:55">Flaktveitrinden</stop>
    <stop arrival="9:57" departure="9:57">Lid (Åsane)</stop>
    <stop arrival="9:58" departure="9:58">Liakroken</stop>
    <stop arrival="9:59" departure="9:59">Industrihuset</stop>
    <stop arrival="10:00" departure="10:00">Gullgruven</stop>
    <stop arrival="10:02" departure="10:02">Nyborg</stop>
    <stop arrival="10:03" departure="10:03">Salhuskrysset</stop>
    <stop arrival="10:04" departure="10:04">Litleåskryss</stop>
    <stop arrival="10:04" departure="10:04">Rollandskrysset</stop>
    <stop arrival="10:05" departure="10:05">Åsane terminal</stop>
    <stop arrival="10:10" departure="10:10">Eidsvåg</stop>
    <stop arrival="10:12" departure="10:12">Handelshøyskolen</stop>
    <stop arrival="10:13" departure="10:13">Nyhavnsvei (Gamle Bergen)</stop>
    <stop arrival="10:15" departure="10:15">Munkebotten</stop>
    <stop arrival="10:16" departure="10:16">Ludebryggen</stop>
    <stop arrival="10:19" departure="10:19">Sandvikstorget</stop>
    <stop arrival="10:21" departure="10:21">Skutevikstorget</stop>
    <stop arrival="10:22" departure="10:22">Bontelabo</stop>
    <stop arrival="10:23" departure="10:23">Slottsgaten</stop>
    <stop arrival="10:24" departure="10:24">Bryggen</stop>
    <stop arrival="10:25" departure="10:25">Olav Kyrres gate</stop>
    <stop arrival="10:30" departure="10:30">Bergen Busstasjon</stop>
    <stop arrival="10:33" departure="10:33">Gyldenpris</stop>
    <stop arrival="10:37" departure="10:37">Løvstakktunnelen</stop>
    <stop arrival="10:38" departure="10:38">Sikthaugen</stop>
    <stop arrival="10:40" departure="10:40">Lynghaug skole</stop>
    <stop arrival="10:41" departure="10:41">Dag Hammarskjølds vei</stop>
    <stop arrival="10:41" departure="10:41">Træet (Benshaugen)</stop>
    <stop arrival="10:42" departure="10:42">Hjalmar Brantings vei</stop>
    <stop arrival="10:43" departure="10:43">Sælemyr</stop>
    <stop arrival="10:44" departure="10:44">Lyshovden skole</stop>
    <stop arrival="10:44" departure="10:44">Ortustranden</stop>
    <stop arrival="10:45" departure="10:45">Smiberget</stop>
    <stop arrival="10:46" departure="10:46">Torgny Segersteds vei</stop>
    <stop arrival="10:47" departure="10:47">Sælen skole</stop>
    <stop arrival="10:49" departure="10:49">Skarphaugen</stop>
    <stop arrival="10:50">Oasen Terminal</stop>
  </route>
  <route no="260" destination="Åsane terminal" url="http://www.web2051.no/bin/tp/zuginfo.exe/on/539943/185022/20192/169885/1/" trafficDays="kjører Lø, ikke 1. Mai">
    <stop departure="9:50" routeNo="260">Salhus kai</stop>
    <stop arrival="9:50" departure="9:50">Langeland (Åsane)</stop>
    <stop arrival="9:51" departure="9:51">Nygård, Salhus</stop>
    <stop arrival="9:52" departure="9:52">Ranten</stop>
    <stop arrival="9:53" departure="9:53">Kistebakkane</stop>
    <stop arrival="9:54" departure="9:54">Matre</stop>
    <stop arrival="9:55" departure="9:55">Støbotn</stop>
    <stop arrival="9:58" departure="9:58">Åsane Byggsenter</stop>
    <stop arrival="10:02" departure="10:02">Pukkverket</stop>
    <stop arrival="10:02" departure="10:02">Ulset</stop>
    <stop arrival="10:03" departure="10:03">Salhuskrysset</stop>
    <stop arrival="10:04" departure="10:04">Litleåskryss</stop>
    <stop arrival="10:04" departure="10:04">Rollandskrysset</stop>
    <stop arrival="10:05">Åsane terminal</stop>
  </route>
  <route no="80" destination="Flaktveit snuplass" url="http://www.web2051.no/bin/tp/zuginfo.exe/on/75831/30052/80442/14947/1/" trafficDays="kjører Lø, ikke 1. Mai">
    <stop departure="9:25" routeNo="80">Oasen Terminal</stop>
    <stop arrival="9:27" departure="9:27">Skarphaugen</stop>
    <stop arrival="9:28" departure="9:28">Sælen skole</stop>
    <stop arrival="9:29" departure="9:29">Torgny Segersteds vei</stop>
    <stop arrival="9:30" departure="9:30">Smiberget</stop>
    <stop arrival="9:30" departure="9:30">Ortustranden</stop>
    <stop arrival="9:31" departure="9:31">Lyshovden skole</stop>
    <stop arrival="9:31" departure="9:31">Sælemyr</stop>
    <stop arrival="9:32" departure="9:32">Hjalmar Brantings vei</stop>
    <stop arrival="9:33" departure="9:33">Træet (Benshaugen)</stop>
    <stop arrival="9:33" departure="9:33">Dag Hammarskjølds vei</stop>
    <stop arrival="9:33" departure="9:33">Lynghaug skole</stop>
    <stop arrival="9:34" departure="9:34">Hamregården</stop>
    <stop arrival="9:34" departure="9:34">Sikthaugen</stop>
    <stop arrival="9:38" departure="9:38">Gyldenpris</stop>
    <stop arrival="9:43" departure="9:43">Bergen Busstasjon</stop>
    <stop arrival="9:46" departure="9:46">Christies gate (Festplassen)</stop>
    <stop arrival="9:49" departure="9:49">Torget (Bergen)</stop>
    <stop arrival="9:50" departure="9:50">Bryggen</stop>
    <stop arrival="9:50" departure="9:50">Slottsgaten</stop>
    <stop arrival="9:51" departure="9:51">Bontelabo</stop>
    <stop arrival="9:52" departure="9:52">Skutevikstorget</stop>
    <stop arrival="9:53" departure="9:53">Sjøgaten</stop>
    <stop arrival="9:53" departure="9:53">Sandvikstorget</stop>
    <stop arrival="9:54" departure="9:54">Ludebryggen</stop>
    <stop arrival="9:54" departure="9:54">Munkebotten</stop>
    <stop arrival="9:56" departure="9:56">Nyhavnsvei (Gamle Bergen)</stop>
    <stop arrival="9:57" departure="9:57">Handelshøyskolen</stop>
    <stop arrival="9:59" departure="9:59">Eidsvåg</stop>
    <stop arrival="10:04" departure="10:04">Åsane terminal</stop>
    <stop arrival="10:05" departure="10:05">Rollandskrysset</stop>
    <stop arrival="10:05" departure="10:05">Litleåskryss</stop>
    <stop arrival="10:06" departure="10:06">Salhuskrysset</stop>
    <stop arrival="10:07" departure="10:07">Nyborg</stop>
    <stop arrival="10:09" departure="10:09">Gullgruven</stop>
    <stop arrival="10:10" departure="10:10">Industrihuset</stop>
    <stop arrival="10:11" departure="10:11">Liakroken</stop>
    <stop arrival="10:12" departure="10:12">Lid (Åsane)</stop>
    <stop arrival="10:14" departure="10:14">Flaktveitrinden</stop>
    <stop arrival="10:15" departure="10:15">Flaktveitsvingane</stop>
    <stop arrival="10:16" departure="10:16">Træsgrenda (Ulsberglia)</stop>
    <stop arrival="10:17" departure="10:17">Ulvhøyen</stop>
    <stop arrival="10:18" departure="10:18">Breimyra</stop>
    <stop arrival="10:19">Flaktveit snuplass</stop>
  </route>
  <route no="251" destination="Vågsrinden snuplass" url="http://www.web2051.no/bin/tp/zuginfo.exe/on/729147/248077/671904/92903/1/" trafficDays="kjører Lø, ikke 1. Mai">
    <stop departure="10:05" routeNo="251">Åsane terminal</stop>
    <stop arrival="10:06" departure="10:06">Rollandskrysset</stop>
    <stop arrival="10:07" departure="10:07">Litleåskryss</stop>
    <stop arrival="10:08" departure="10:08">Salhuskrysset</stop>
    <stop arrival="10:08" departure="10:08">Nyborg</stop>
    <stop arrival="10:09" departure="10:09">Domus Nyborg</stop>
    <stop arrival="10:10" departure="10:10">Liavegen (Åsane)</stop>
    <stop arrival="10:13" departure="10:13">Vågsrinden nedre</stop>
    <stop arrival="10:13" departure="10:13">Vågsrinden øvre</stop>
    <stop arrival="10:15">Vågsrinden snuplass</stop>
  </route>
  <route no="251" destination="Åsane terminal" url="http://www.web2051.no/bin/tp/zuginfo.exe/on/191433/68846/585976/229178/1/" trafficDays="kjører Ma - Fr, ikke 13., 17., 24. Mai">
    <stop departure="10:00" routeNo="251">Vågsrinden snuplass</stop>
    <stop arrival="10:01" departure="10:01">Vågsrinden øvre</stop>
    <stop arrival="10:02" departure="10:02">Vågsrinden nedre</stop>
    <stop arrival="10:04" departure="10:04">Liavegen (Åsane)</stop>
    <stop arrival="10:05" departure="10:05">Domus Nyborg</stop>
    <stop arrival="10:06" departure="10:06">Nyborg</stop>
    <stop arrival="10:07" departure="10:07">Salhuskrysset</stop>
    <stop arrival="10:08" departure="10:08">Litleåskryss</stop>
    <stop arrival="10:09" departure="10:09">Rollandskrysset</stop>
    <stop arrival="10:10">Åsane terminal</stop>
  </route>
  <route no="80" destination="Oasen Terminal" url="http://www.web2051.no/bin/tp/zuginfo.exe/on/782772/265689/199892/160978/1/" trafficDays="kjører Sø, også 1., 13., 17., 24. Mai">
    <stop departure="10:00" routeNo="80">Flaktveit snuplass</stop>
    <stop arrival="10:01" departure="10:01">Breimyra</stop>
    <stop arrival="10:02" departure="10:02">Ulvhøyen</stop>
    <stop arrival="10:03" departure="10:03">Træsgrenda (Ulsberglia)</stop>
    <stop arrival="10:04" departure="10:04">Flaktveitsvingane</stop>
    <stop arrival="10:05" departure="10:05">Flaktveitrinden</stop>
    <stop arrival="10:07" departure="10:07">Lid (Åsane)</stop>
    <stop arrival="10:08" departure="10:08">Liakroken</stop>
    <stop arrival="10:09" departure="10:09">Industrihuset</stop>
    <stop arrival="10:10" departure="10:10">Gullgruven</stop>
    <stop arrival="10:12" departure="10:12">Nyborg</stop>
    <stop arrival="10:13" departure="10:13">Salhuskrysset</stop>
    <stop arrival="10:14" departure="10:14">Litleåskryss</stop>
    <stop arrival="10:14" departure="10:14">Rollandskrysset</stop>
    <stop arrival="10:15" departure="10:15">Åsane terminal</stop>
    <stop arrival="10:20" departure="10:20">Eidsvåg</stop>
    <stop arrival="10:22" departure="10:22">Handelshøyskolen</stop>
    <stop arrival="10:23" departure="10:23">Nyhavnsvei (Gamle Bergen)</stop>
    <stop arrival="10:24" departure="10:24">Munkebotten</stop>
    <stop arrival="10:24" departure="10:24">Ludebryggen</stop>
    <stop arrival="10:26" departure="10:26">Sandvikstorget</stop>
    <stop arrival="10:27" departure="10:27">Skutevikstorget</stop>
    <stop arrival="10:28" departure="10:28">Bontelabo</stop>
    <stop arrival="10:29" departure="10:29">Slottsgaten</stop>
    <stop arrival="10:29" departure="10:29">Bryggen</stop>
    <stop arrival="10:30" departure="10:30">Olav Kyrres gate</stop>
    <stop arrival="10:35" departure="10:35">Bergen Busstasjon</stop>
    <stop arrival="10:40" departure="10:40">Gyldenpris</stop>
    <stop arrival="10:44" departure="10:44">Løvstakktunnelen</stop>
    <stop arrival="10:44" departure="10:44">Sikthaugen</stop>
    <stop arrival="10:46" departure="10:46">Lynghaug skole</stop>
    <stop arrival="10:46" departure="10:46">Dag Hammarskjølds vei</stop>
    <stop arrival="10:47" departure="10:47">Træet (Benshaugen)</stop>
    <stop arrival="10:48" departure="10:48">Hjalmar Brantings vei</stop>
    <stop arrival="10:48" departure="10:48">Sælemyr</stop>
    <stop arrival="10:49" departure="10:49">Lyshovden skole</stop>
    <stop arrival="10:49" departure="10:49">Ortustranden</stop>
    <stop arrival="10:50" departure="10:50">Smiberget</stop>
    <stop arrival="10:51" departure="10:51">Torgny Segersteds vei</stop>
    <stop arrival="10:52" departure="10:52">Sælen skole</stop>
    <stop arrival="10:54" departure="10:54">Skarphaugen</stop>
    <stop arrival="10:55">Oasen Terminal</stop>
  </route>
  <route no="80" destination="Oasen Terminal" url="http://www.web2051.no/bin/tp/zuginfo.exe/on/322227/112189/76670/69074/1/" trafficDays="kjører Lø, ikke 1. Mai">
    <stop departure="10:00" routeNo="80">Flaktveit snuplass</stop>
    <stop arrival="10:01" departure="10:01">Breimyra</stop>
    <stop arrival="10:02" departure="10:02">Ulvhøyen</stop>
    <stop arrival="10:03" departure="10:03">Træsgrenda (Ulsberglia)</stop>
    <stop arrival="10:04" departure="10:04">Flaktveitsvingane</stop>
    <stop arrival="10:05" departure="10:05">Flaktveitrinden</stop>
    <stop arrival="10:07" departure="10:07">Lid (Åsane)</stop>
    <stop arrival="10:08" departure="10:08">Liakroken</stop>
    <stop arrival="10:09" departure="10:09">Industrihuset</stop>
    <stop arrival="10:10" departure="10:10">Gullgruven</stop>
    <stop arrival="10:12" departure="10:12">Nyborg</stop>
    <stop arrival="10:13" departure="10:13">Salhuskrysset</stop>
    <stop arrival="10:14" departure="10:14">Litleåskryss</stop>
    <stop arrival="10:14" departure="10:14">Rollandskrysset</stop>
    <stop arrival="10:15" departure="10:15">Åsane terminal</stop>
    <stop arrival="10:20" departure="10:20">Eidsvåg</stop>
    <stop arrival="10:22" departure="10:22">Handelshøyskolen</stop>
    <stop arrival="10:23" departure="10:23">Nyhavnsvei (Gamle Bergen)</stop>
    <stop arrival="10:25" departure="10:25">Munkebotten</stop>
    <stop arrival="10:25" departure="10:25">Ludebryggen</stop>
    <stop arrival="10:28" departure="10:28">Sandvikstorget</stop>
    <stop arrival="10:29" departure="10:29">Skutevikstorget</stop>
    <stop arrival="10:30" departure="10:30">Bontelabo</stop>
    <stop arrival="10:31" departure="10:31">Slottsgaten</stop>
    <stop arrival="10:32" departure="10:32">Bryggen</stop>
    <stop arrival="10:33" departure="10:33">Olav Kyrres gate</stop>
    <stop arrival="10:38" departure="10:38">Bergen Busstasjon</stop>
    <stop arrival="10:43" departure="10:43">Gyldenpris</stop>
    <stop arrival="10:47" departure="10:47">Løvstakktunnelen</stop>
    <stop arrival="10:47" departure="10:47">Sikthaugen</stop>
    <stop arrival="10:49" departure="10:49">Lynghaug skole</stop>
    <stop arrival="10:49" departure="10:49">Dag Hammarskjølds vei</stop>
    <stop arrival="10:50" departure="10:50">Træet (Benshaugen)</stop>
    <stop arrival="10:51" departure="10:51">Hjalmar Brantings vei</stop>
    <stop arrival="10:51" departure="10:51">Sælemyr</stop>
    <stop arrival="10:52" departure="10:52">Lyshovden skole</stop>
    <stop arrival="10:52" departure="10:52">Ortustranden</stop>
    <stop arrival="10:53" departure="10:53">Smiberget</stop>
    <stop arrival="10:54" departure="10:54">Torgny Segersteds vei</stop>
    <stop arrival="10:55" departure="10:55">Sælen skole</stop>
    <stop arrival="10:57" departure="10:57">Skarphaugen</stop>
    <stop arrival="10:58">Oasen Terminal</stop>
  </route>
  <route no="285" destination="Åsane terminal" url="http://www.web2051.no/bin/tp/zuginfo.exe/on/497076/170925/577852/123235/1/" trafficDays="kjører Ma - Fr, ikke 13., 17., 24. Mai">
    <stop departure="9:55" routeNo="285">Breistein snuplass</stop>
    <stop arrival="9:56" departure="9:56">Såtavegen</stop>
    <stop arrival="9:56" departure="9:56">Eikemo (Åsane)</stop>
    <stop arrival="9:57" departure="9:57">Breistein kai</stop>
    <stop arrival="9:58" departure="9:58">Kaiveg</stop>
    <stop arrival="10:00" departure="10:00">Vollane</stop>
    <stop arrival="10:03" departure="10:03">Vestlandsheimen</stop>
    <stop arrival="10:05" departure="10:05">Myrsæter</stop>
    <stop arrival="10:05" departure="10:05">Haukås barnehage</stop>
    <stop arrival="10:06" departure="10:06">Haukåsvegen</stop>
    <stop arrival="10:07" departure="10:07">Vikaleitet</stop>
    <stop arrival="10:08" departure="10:08">Eikås</stop>
    <stop arrival="10:08" departure="10:08">Vågsbotn</stop>
    <stop arrival="10:09" departure="10:09">Liavegen (Åsane)</stop>
    <stop arrival="10:10" departure="10:10">Domus Nyborg</stop>
    <stop arrival="10:12" departure="10:12">Nyborg</stop>
    <stop arrival="10:13" departure="10:13">Salhuskrysset</stop>
    <stop arrival="10:14" departure="10:14">Litleåskryss</stop>
    <stop arrival="10:14" departure="10:14">Rollandskrysset</stop>
    <stop arrival="10:15">Åsane terminal</stop>
  </route>
  <route no="270" destination="Sletta snuplass" url="http://www.web2051.no/bin/tp/zuginfo.exe/on/535773/183651/273706/41738/1/" trafficDays="kjører Sø, også 1., 13., 17., 24. Mai">
    <stop departure="10:20" routeNo="270">Åsane terminal</stop>
    <stop arrival="10:21" departure="10:21">Rollandskrysset</stop>
    <stop arrival="10:21" departure="10:21">Litleåskryss</stop>
    <stop arrival="10:22" departure="10:22">Salhuskrysset</stop>
    <stop arrival="10:23" departure="10:23">Nyborg</stop>
    <stop arrival="10:24" departure="10:24">Domus Nyborg</stop>
    <stop arrival="10:24" departure="10:24">Liavegen (Åsane)</stop>
    <stop arrival="10:25" departure="10:25">Vågsbotn</stop>
    <stop arrival="10:26" departure="10:26">Birkeland (Åsane)</stop>
    <stop arrival="10:27" departure="10:27">Blindheimsdalen</stop>
    <stop arrival="10:28" departure="10:28">Blindheim vest</stop>
    <stop arrival="10:29" departure="10:29">Blindheim øst</stop>
    <stop arrival="10:29" departure="10:29">Hetlebakkskiftet</stop>
    <stop arrival="10:30" departure="10:30">Kalsåsvatn</stop>
    <stop arrival="10:31" departure="10:31">Kalsåsvegen</stop>
    <stop arrival="10:31" departure="10:31">Hauglandskiftet</stop>
    <stop arrival="10:32" departure="10:32">Neset (Gaupås)</stop>
    <stop arrival="10:33" departure="10:33">Gamsevegen</stop>
    <stop arrival="10:34" departure="10:34">Orfallet</stop>
    <stop arrival="10:35" departure="10:35">Ytre Arna Sentrum</stop>
    <stop arrival="10:37" departure="10:37">Ytre Arna Kirke</stop>
    <stop arrival="10:39" departure="10:39">Sægarsveg</stop>
    <stop arrival="10:40">Sletta snuplass</stop>
  </route>
  <route no="251" destination="Åsane terminal" url="http://www.web2051.no/bin/tp/zuginfo.exe/on/529212/181433/165352/93728/1/" trafficDays="kjører Lø, ikke 1. Mai">
    <stop departure="10:15" routeNo="251">Vågsrinden snuplass</stop>
    <stop arrival="10:17" departure="10:17">Vågsrinden øvre</stop>
    <stop arrival="10:18" departure="10:18">Vågsrinden nedre</stop>
    <stop arrival="10:20" departure="10:20">Liavegen (Åsane)</stop>
    <stop arrival="10:21" departure="10:21">Domus Nyborg</stop>
    <stop arrival="10:22" departure="10:22">Nyborg</stop>
    <stop arrival="10:22" departure="10:22">Salhuskrysset</stop>
    <stop arrival="10:23" departure="10:23">Litleåskryss</stop>
    <stop arrival="10:24" departure="10:24">Rollandskrysset</stop>
    <stop arrival="10:25">Åsane terminal</stop>
  </route>
  <route no="80" destination="Flaktveit snuplass" url="http://www.web2051.no/bin/tp/zuginfo.exe/on/310587/108344/508594/150772/1/" trafficDays="kjører Ma - Fr, ikke 13., 17., 24. Mai">
    <stop departure="9:43" routeNo="80">Oasen Terminal</stop>
    <stop arrival="9:45" departure="9:45">Skarphaugen</stop>
    <stop arrival="9:46" departure="9:46">Sælen skole</stop>
    <stop arrival="9:47" departure="9:47">Torgny Segersteds vei</stop>
    <stop arrival="9:48" departure="9:48">Smiberget</stop>
    <stop arrival="9:49" departure="9:49">Ortustranden</stop>
    <stop arrival="9:49" departure="9:49">Lyshovden skole</stop>
    <stop arrival="9:49" departure="9:49">Sælemyr</stop>
    <stop arrival="9:50" departure="9:50">Hjalmar Brantings vei</stop>
    <stop arrival="9:51" departure="9:51">Træet (Benshaugen)</stop>
    <stop arrival="9:52" departure="9:52">Dag Hammarskjølds vei</stop>
    <stop arrival="9:52" departure="9:52">Lynghaug skole</stop>
    <stop arrival="9:53" departure="9:53">Hamregården</stop>
    <stop arrival="9:54" departure="9:54">Sikthaugen</stop>
    <stop arrival="9:58" departure="9:58">Gyldenpris</stop>
    <stop arrival="10:03" departure="10:03">Bergen Busstasjon</stop>
    <stop arrival="10:05" departure="10:05">Christies gate (Festplassen)</stop>
    <stop arrival="10:08" departure="10:08">Torget (Bergen)</stop>
    <stop arrival="10:09" departure="10:09">Bryggen</stop>
    <stop arrival="10:09" departure="10:09">Slottsgaten</stop>
    <stop arrival="10:10" departure="10:10">Bontelabo</stop>
    <stop arrival="10:11" departure="10:11">Skutevikstorget</stop>
    <stop arrival="10:12" departure="10:12">Sjøgaten</stop>
    <stop arrival="10:12" departure="10:12">Sandvikstorget</stop>
    <stop arrival="10:13" departure="10:13">Ludebryggen</stop>
    <stop arrival="10:13" departure="10:13">Munkebotten</stop>
    <stop arrival="10:15" departure="10:15">Nyhavnsvei (Gamle Bergen)</stop>
    <stop arrival="10:16" departure="10:16">Handelshøyskolen</stop>
    <stop arrival="10:18" departure="10:18">Eidsvåg</stop>
    <stop arrival="10:23" departure="10:23">Åsane terminal</stop>
    <stop arrival="10:24" departure="10:24">Rollandskrysset</stop>
    <stop arrival="10:24" departure="10:24">Litleåskryss</stop>
    <stop arrival="10:25" departure="10:25">Salhuskrysset</stop>
    <stop arrival="10:26" departure="10:26">Nyborg</stop>
    <stop arrival="10:28" departure="10:28">Gullgruven</stop>
    <stop arrival="10:29" departure="10:29">Industrihuset</stop>
    <stop arrival="10:30" departure="10:30">Liakroken</stop>
    <stop arrival="10:31" departure="10:31">Lid (Åsane)</stop>
    <stop arrival="10:33" departure="10:33">Flaktveitrinden</stop>
    <stop arrival="10:34" departure="10:34">Flaktveitsvingane</stop>
    <stop arrival="10:35" departure="10:35">Træsgrenda (Ulsberglia)</stop>
    <stop arrival="10:36" departure="10:36">Ulvhøyen</stop>
    <stop arrival="10:37" departure="10:37">Breimyra</stop>
    <stop arrival="10:38">Flaktveit snuplass</stop>
  </route>
  <route no="80" destination="Oasen Terminal" url="http://www.web2051.no/bin/tp/zuginfo.exe/on/517188/177208/282120/31344/1/" trafficDays="kjører Ma - Fr, ikke 13., 17., 24. Mai">
    <stop departure="10:10" routeNo="80">Flaktveit snuplass</stop>
    <stop arrival="10:11" departure="10:11">Breimyra</stop>
    <stop arrival="10:12" departure="10:12">Ulvhøyen</stop>
    <stop arrival="10:13" departure="10:13">Træsgrenda (Ulsberglia)</stop>
    <stop arrival="10:14" departure="10:14">Flaktveitsvingane</stop>
    <stop arrival="10:15" departure="10:15">Flaktveitrinden</stop>
    <stop arrival="10:17" departure="10:17">Lid (Åsane)</stop>
    <stop arrival="10:18" departure="10:18">Liakroken</stop>
    <stop arrival="10:19" departure="10:19">Industrihuset</stop>
    <stop arrival="10:20" departure="10:20">Gullgruven</stop>
    <stop arrival="10:22" departure="10:22">Nyborg</stop>
    <stop arrival="10:23" departure="10:23">Salhuskrysset</stop>
    <stop arrival="10:24" departure="10:24">Litleåskryss</stop>
    <stop arrival="10:24" departure="10:24">Rollandskrysset</stop>
    <stop arrival="10:25" departure="10:25">Åsane terminal</stop>
    <stop arrival="10:30" departure="10:30">Eidsvåg</stop>
    <stop arrival="10:32" departure="10:32">Handelshøyskolen</stop>
    <stop arrival="10:33" departure="10:33">Nyhavnsvei (Gamle Bergen)</stop>
    <stop arrival="10:35" departure="10:35">Munkebotten</stop>
    <stop arrival="10:36" departure="10:36">Ludebryggen</stop>
    <stop arrival="10:39" departure="10:39">Sandvikstorget</stop>
    <stop arrival="10:41" departure="10:41">Skutevikstorget</stop>
    <stop arrival="10:42" departure="10:42">Bontelabo</stop>
    <stop arrival="10:43" departure="10:43">Slottsgaten</stop>
    <stop arrival="10:44" departure="10:44">Bryggen</stop>
    <stop arrival="10:45" departure="10:45">Olav Kyrres gate</stop>
    <stop arrival="10:50" departure="10:50">Bergen Busstasjon</stop>
    <stop arrival="10:53" departure="10:53">Gyldenpris</stop>
    <stop arrival="10:57" departure="10:57">Løvstakktunnelen</stop>
    <stop arrival="10:58" departure="10:58">Sikthaugen</stop>
    <stop arrival="11:00" departure="11:00">Lynghaug skole</stop>
    <stop arrival="11:01" departure="11:01">Dag Hammarskjølds vei</stop>
    <stop arrival="11:01" departure="11:01">Træet (Benshaugen)</stop>
    <stop arrival="11:02" departure="11:02">Hjalmar Brantings vei</stop>
    <stop arrival="11:03" departure="11:03">Sælemyr</stop>
    <stop arrival="11:04" departure="11:04">Lyshovden skole</stop>
    <stop arrival="11:04" departure="11:04">Ortustranden</stop>
    <stop arrival="11:05" departure="11:05">Smiberget</stop>
    <stop arrival="11:06" departure="11:06">Torgny Segersteds vei</stop>
    <stop arrival="11:07" departure="11:07">Sælen skole</stop>
    <stop arrival="11:09" departure="11:09">Skarphaugen</stop>
    <stop arrival="11:10">Oasen Terminal</stop>
  </route>
  <route no="260" destination="Åsane terminal" url="http://www.web2051.no/bin/tp/zuginfo.exe/on/393420/136192/914088/325904/1/" trafficDays="kjører Ma - Fr, ikke 13., 17., 24. Mai">
    <stop departure="10:10" routeNo="260">Salhus kai</stop>
    <stop arrival="10:10" departure="10:10">Langeland (Åsane)</stop>
    <stop arrival="10:11" departure="10:11">Nygård, Salhus</stop>
    <stop arrival="10:12" departure="10:12">Ranten</stop>
    <stop arrival="10:13" departure="10:13">Kistebakkane</stop>
    <stop arrival="10:14" departure="10:14">Matre</stop>
    <stop arrival="10:15" departure="10:15">Støbotn</stop>
    <stop arrival="10:18" departure="10:18">Åsane Byggsenter</stop>
    <stop arrival="10:22" departure="10:22">Pukkverket</stop>
    <stop arrival="10:22" departure="10:22">Ulset</stop>
    <stop arrival="10:23" departure="10:23">Salhuskrysset</stop>
    <stop arrival="10:24" departure="10:24">Litleåskryss</stop>
    <stop arrival="10:24" departure="10:24">Rollandskrysset</stop>
    <stop arrival="10:25">Åsane terminal</stop>
  </route>
  <route no="280" destination="Bergen Busstasjon" url="http://www.web2051.no/bin/tp/zuginfo.exe/on/399900/138485/110402/78101/1/" trafficDays="kjører Ma - Fr, ikke 13., 17., 24. Mai">
    <stop departure="9:53" routeNo="280">Salhus kai</stop>
    <stop arrival="9:53" departure="9:53">Samhold</stop>
    <stop arrival="9:55" departure="9:55">Slettebakken</stop>
    <stop arrival="9:57" departure="9:57">Sveisbakken</stop>
    <stop arrival="9:58" departure="9:58">Klauvarinden</stop>
    <stop arrival="9:59" departure="9:59">Tellevik</stop>
    <stop arrival="10:00" departure="10:00">Falkangervegen</stop>
    <stop arrival="10:01" departure="10:01">Hordvik post</stop>
    <stop arrival="10:02" departure="10:02">Grøvlesvingen</stop>
    <stop arrival="10:03" departure="10:03">Grøvlesvingen</stop>
    <stop arrival="10:03" departure="10:03">Grøvle (Åsane)</stop>
    <stop arrival="10:03" departure="10:03">Hordvikhamnen</stop>
    <stop arrival="10:04" departure="10:04">Ulstein kryss</stop>
    <stop arrival="10:04" departure="10:04">Ulstein</stop>
    <stop arrival="10:05" departure="10:05">Ulstein snuplass</stop>
    <stop arrival="10:06" departure="10:06">Hordvik skole nedre</stop>
    <stop arrival="10:07" departure="10:07">Hordvikhamnen</stop>
    <stop arrival="10:08" departure="10:08">Nesjavegen</stop>
    <stop arrival="10:09" departure="10:09">Langamyrene</stop>
    <stop arrival="10:10" departure="10:10">Tuft (Åsane)</stop>
    <stop arrival="10:11" departure="10:11">Hylkje</stop>
    <stop arrival="10:13" departure="10:13">Almåsvegen</stop>
    <stop arrival="10:14" departure="10:14">Haukåsskogen</stop>
    <stop arrival="10:15" departure="10:15">Myrsæter</stop>
    <stop arrival="10:15" departure="10:15">Haukås barnehage</stop>
    <stop arrival="10:16" departure="10:16">Haukåsvegen</stop>
    <stop arrival="10:17" departure="10:17">Vikaleitet</stop>
    <stop arrival="10:18" departure="10:18">Eikås</stop>
    <stop arrival="10:18" departure="10:18">Vågsbotn</stop>
    <stop arrival="10:19" departure="10:19">Liavegen (Åsane)</stop>
    <stop arrival="10:20" departure="10:20">Domus Nyborg</stop>
    <stop arrival="10:22" departure="10:22">Nyborg</stop>
    <stop arrival="10:23" departure="10:23">Salhuskrysset</stop>
    <stop arrival="10:24" departure="10:24">Litleåskryss</stop>
    <stop arrival="10:24" departure="10:24">Rollandskrysset</stop>
    <stop arrival="10:25" departure="10:25">Åsane terminal</stop>
    <stop arrival="10:30" departure="10:30">Eidsvåg</stop>
    <stop arrival="10:32" departure="10:32">Handelshøyskolen</stop>
    <stop arrival="10:37" departure="10:37">Nyhavnsvei (Gamle Bergen)</stop>
    <stop arrival="10:38" departure="10:38">Munkebotten</stop>
    <stop arrival="10:39" departure="10:39">Ludebryggen</stop>
    <stop arrival="10:40" departure="10:40">Sandvikstorget</stop>
    <stop arrival="10:42" departure="10:42">Skutevikstorget</stop>
    <stop arrival="10:43" departure="10:43">Bontelabo</stop>
    <stop arrival="10:45" departure="10:45">Slottsgaten</stop>
    <stop arrival="10:45" departure="10:45">Bryggen</stop>
    <stop arrival="10:47" departure="10:47">Olav Kyrres gate</stop>
    <stop arrival="10:50">Bergen Busstasjon</stop>
  </route>
  <route no="280" destination="Bergen Busstasjon" url="http://www.web2051.no/bin/tp/zuginfo.exe/on/583449/199641/17038/185965/1/" trafficDays="kjører Lø, ikke 1. Mai">
    <stop departure="9:53" routeNo="280">Salhus kai</stop>
    <stop arrival="9:53" departure="9:53">Samhold</stop>
    <stop arrival="9:55" departure="9:55">Slettebakken</stop>
    <stop arrival="9:57" departure="9:57">Sveisbakken</stop>
    <stop arrival="9:58" departure="9:58">Klauvarinden</stop>
    <stop arrival="9:59" departure="9:59">Tellevik</stop>
    <stop arrival="10:00" departure="10:00">Falkangervegen</stop>
    <stop arrival="10:01" departure="10:01">Hordvik post</stop>
    <stop arrival="10:02" departure="10:02">Grøvlesvingen</stop>
    <stop arrival="10:03" departure="10:03">Grøvlesvingen</stop>
    <stop arrival="10:03" departure="10:03">Grøvle (Åsane)</stop>
    <stop arrival="10:03" departure="10:03">Hordvikhamnen</stop>
    <stop arrival="10:04" departure="10:04">Ulstein kryss</stop>
    <stop arrival="10:04" departure="10:04">Ulstein</stop>
    <stop arrival="10:05" departure="10:05">Ulstein snuplass</stop>
    <stop arrival="10:07" departure="10:07">Hordvik skole nedre</stop>
    <stop arrival="10:09" departure="10:09">Hordvikhamnen</stop>
    <stop arrival="10:10" departure="10:10">Nesjavegen</stop>
    <stop arrival="10:11" departure="10:11">Langamyrene</stop>
    <stop arrival="10:12" departure="10:12">Tuft (Åsane)</stop>
    <stop arrival="10:13" departure="10:13">Hylkje</stop>
    <stop arrival="10:15" departure="10:15">Almåsvegen</stop>
    <stop arrival="10:16" departure="10:16">Haukåsskogen</stop>
    <stop arrival="10:17" departure="10:17">Myrsæter</stop>
    <stop arrival="10:18" departure="10:18">Haukås barnehage</stop>
    <stop arrival="10:18" departure="10:18">Haukåsvegen</stop>
    <stop arrival="10:21" departure="10:21">Vikaleitet</stop>
    <stop arrival="10:22" departure="10:22">Eikås</stop>
    <stop arrival="10:23" departure="10:23">Vågsbotn</stop>
    <stop arrival="10:24" departure="10:24">Liavegen (Åsane)</stop>
    <stop arrival="10:24" departure="10:24">Domus Nyborg</stop>
    <stop arrival="10:25" departure="10:25">Nyborg</stop>
    <stop arrival="10:26" departure="10:26">Salhuskrysset</stop>
    <stop arrival="10:27" departure="10:27">Litleåskryss</stop>
    <stop arrival="10:27" departure="10:27">Rollandskrysset</stop>
    <stop arrival="10:28" departure="10:28">Åsane terminal</stop>
    <stop arrival="10:33" departure="10:33">Eidsvåg</stop>
    <stop arrival="10:35" departure="10:35">Handelshøyskolen</stop>
    <stop arrival="10:40" departure="10:40">Nyhavnsvei (Gamle Bergen)</stop>
    <stop arrival="10:41" departure="10:41">Munkebotten</stop>
    <stop arrival="10:42" departure="10:42">Ludebryggen</stop>
    <stop arrival="10:43" departure="10:43">Sandvikstorget</stop>
    <stop arrival="10:45" departure="10:45">Skutevikstorget</stop>
    <stop arrival="10:46" departure="10:46">Bontelabo</stop>
    <stop arrival="10:48" departure="10:48">Slottsgaten</stop>
    <stop arrival="10:48" departure="10:48">Bryggen</stop>
    <stop arrival="10:50" departure="10:50">Olav Kyrres gate</stop>
    <stop arrival="10:53">Bergen Busstasjon</stop>
  </route>
  <route no="280" destination="Åsane terminal" url="http://www.web2051.no/bin/tp/zuginfo.exe/on/192765/69397/902032/386761/1/" trafficDays="kjører Sø, også 1., 13., 17., 24. Mai">
    <stop departure="10:05" routeNo="280">Klauvarinden</stop>
    <stop arrival="10:06" departure="10:06">Tellevik</stop>
    <stop arrival="10:07" departure="10:07">Falkangervegen</stop>
    <stop arrival="10:08" departure="10:08">Hordvik post</stop>
    <stop arrival="10:09" departure="10:09">Grøvlesvingen</stop>
    <stop arrival="10:10" departure="10:10">Grøvlesvingen</stop>
    <stop arrival="10:10" departure="10:10">Grøvle (Åsane)</stop>
    <stop arrival="10:10" departure="10:10">Hordvikhamnen</stop>
    <stop arrival="10:11" departure="10:11">Ulstein kryss</stop>
    <stop arrival="10:11" departure="10:11">Ulstein</stop>
    <stop arrival="10:12" departure="10:12">Ulstein snuplass</stop>
    <stop arrival="10:13" departure="10:13">Hordvik skole nedre</stop>
    <stop arrival="10:14" departure="10:14">Hordvikhamnen</stop>
    <stop arrival="10:15" departure="10:15">Nesjavegen</stop>
    <stop arrival="10:15" departure="10:15">Langamyrene</stop>
    <stop arrival="10:16" departure="10:16">Tuft (Åsane)</stop>
    <stop arrival="10:17" departure="10:17">Hylkje</stop>
    <stop arrival="10:18" departure="10:18">Almåsvegen</stop>
    <stop arrival="10:19" departure="10:19">Haukåsskogen</stop>
    <stop arrival="10:20" departure="10:20">Myrsæter</stop>
    <stop arrival="10:20" departure="10:20">Haukås barnehage</stop>
    <stop arrival="10:21" departure="10:21">Haukåsvegen</stop>
    <stop arrival="10:23" departure="10:23">Vikaleitet</stop>
    <stop arrival="10:24" departure="10:24">Eikås</stop>
    <stop arrival="10:25" departure="10:25">Vågsbotn</stop>
    <stop arrival="10:26" departure="10:26">Liavegen (Åsane)</stop>
    <stop arrival="10:26" departure="10:26">Domus Nyborg</stop>
    <stop arrival="10:27" departure="10:27">Nyborg</stop>
    <stop arrival="10:28" departure="10:28">Salhuskrysset</stop>
    <stop arrival="10:29" departure="10:29">Litleåskryss</stop>
    <stop arrival="10:29" departure="10:29">Rollandskrysset</stop>
    <stop arrival="10:30">Åsane terminal</stop>
  </route>
  <route no="270" destination="Arna terminal" url="http://www.web2051.no/bin/tp/zuginfo.exe/on/758985/258103/518786/6398/1/" trafficDays="kjører Ma - Fr, ikke 13., 17., 24. Mai">
    <stop departure="10:30" routeNo="270">Åsane terminal</stop>
    <stop arrival="10:31" departure="10:31">Rollandskrysset</stop>
    <stop arrival="10:31" departure="10:31">Litleåskryss</stop>
    <stop arrival="10:32" departure="10:32">Salhuskrysset</stop>
    <stop arrival="10:33" departure="10:33">Nyborg</stop>
    <stop arrival="10:35" departure="10:35">Domus Nyborg</stop>
    <stop arrival="10:36" departure="10:36">Liavegen (Åsane)</stop>
    <stop arrival="10:37" departure="10:37">Vågsbotn</stop>
    <stop arrival="10:38" departure="10:38">Birkeland (Åsane)</stop>
    <stop arrival="10:38" departure="10:38">Blindheimsdalen</stop>
    <stop arrival="10:39" departure="10:39">Blindheim vest</stop>
    <stop arrival="10:39" departure="10:39">Blindheim øst</stop>
    <stop arrival="10:39" departure="10:39">Hetlebakkskiftet</stop>
    <stop arrival="10:40" departure="10:40">Kalsåsvatn</stop>
    <stop arrival="10:41" departure="10:41">Kalsåsvegen</stop>
    <stop arrival="10:42" departure="10:42">Hauglandskiftet</stop>
    <stop arrival="10:43" departure="10:43">Neset (Gaupås)</stop>
    <stop arrival="10:44" departure="10:44">Gamsevegen</stop>
    <stop arrival="10:45" departure="10:45">Orfallet</stop>
    <stop arrival="10:47" departure="10:47">Ytre Arna Sentrum</stop>
    <stop arrival="10:49" departure="10:49">Ytre Arna Kirke</stop>
    <stop arrival="10:51" departure="10:51">Sægarsveg</stop>
    <stop arrival="10:52" departure="10:52">Sletta snuplass</stop>
    <stop arrival="10:53" departure="10:53">Kvamstø</stop>
    <stop arrival="10:54" departure="10:54">Festtangen</stop>
    <stop arrival="10:55" departure="10:55">Ytre Arna gård</stop>
    <stop arrival="10:55" departure="10:55">Solberg (Bergen)</stop>
    <stop arrival="10:56" departure="10:56">Holmen (Arna)</stop>
    <stop arrival="10:56" departure="10:56">Listøl</stop>
    <stop arrival="10:57" departure="10:57">Listøl</stop>
    <stop arrival="10:58" departure="10:58">Ytre Arna vegen v.nr 204</stop>
    <stop arrival="11:00">Arna terminal</stop>
  </route>
  <route no="280" destination="Salhus kai" url="http://www.web2051.no/bin/tp/zuginfo.exe/on/377058/130845/892882/320755/1/" trafficDays="kjører Lø, ikke 1. Mai">
    <stop departure="10:10" routeNo="280">Bergen Busstasjon</stop>
    <stop arrival="10:11" departure="10:11">Christies gate (Festplassen)</stop>
    <stop arrival="10:13" departure="10:13">Torget (Bergen)</stop>
    <stop arrival="10:14" departure="10:14">Bryggen</stop>
    <stop arrival="10:14" departure="10:14">Slottsgaten</stop>
    <stop arrival="10:16" departure="10:16">Bontelabo</stop>
    <stop arrival="10:16" departure="10:16">Skutevikstorget</stop>
    <stop arrival="10:17" departure="10:17">Sjøgaten</stop>
    <stop arrival="10:18" departure="10:18">Sandvikstorget</stop>
    <stop arrival="10:19" departure="10:19">Ludebryggen</stop>
    <stop arrival="10:20" departure="10:20">Munkebotten</stop>
    <stop arrival="10:21" departure="10:21">Nyhavnsvei (Gamle Bergen)</stop>
    <stop arrival="10:23" departure="10:23">Handelshøyskolen</stop>
    <stop arrival="10:25" departure="10:25">Eidsvåg</stop>
    <stop arrival="10:30" departure="10:30">Åsane terminal</stop>
    <stop arrival="10:31" departure="10:31">Rollandskrysset</stop>
    <stop arrival="10:31" departure="10:31">Litleåskryss</stop>
    <stop arrival="10:32" departure="10:32">Salhuskrysset</stop>
    <stop arrival="10:33" departure="10:33">Nyborg</stop>
    <stop arrival="10:35" departure="10:35">Domus Nyborg</stop>
    <stop arrival="10:36" departure="10:36">Liavegen (Åsane)</stop>
    <stop arrival="10:37" departure="10:37">Vågsbotn</stop>
    <stop arrival="10:37" departure="10:37">Eikås</stop>
    <stop arrival="10:38" departure="10:38">Vikaleitet</stop>
    <stop arrival="10:39" departure="10:39">Haukåsvegen</stop>
    <stop arrival="10:40" departure="10:40">Haukås barnehage</stop>
    <stop arrival="10:40" departure="10:40">Myrsæter</stop>
    <stop arrival="10:41" departure="10:41">Haukåsskogen</stop>
    <stop arrival="10:42" departure="10:42">Almåsvegen</stop>
    <stop arrival="10:43" departure="10:43">Hylkje</stop>
    <stop arrival="10:44" departure="10:44">Tuft (Åsane)</stop>
    <stop arrival="10:45" departure="10:45">Langamyrene</stop>
    <stop arrival="10:45" departure="10:45">Nesjavegen</stop>
    <stop arrival="10:46" departure="10:46">Grøvle (Åsane)</stop>
    <stop arrival="10:46" departure="10:46">Hordvikhamnen</stop>
    <stop arrival="10:47" departure="10:47">Ulstein kryss</stop>
    <stop arrival="10:47" departure="10:47">Ulstein</stop>
    <stop arrival="10:48" departure="10:48">Ulstein snuplass</stop>
    <stop arrival="10:52" departure="10:52">Grøvle (Åsane)</stop>
    <stop arrival="10:52" departure="10:52">Grøvlesvingen</stop>
    <stop arrival="10:54" departure="10:54">Hordvik gård</stop>
    <stop arrival="10:55" departure="10:55">Hordvik skole</stop>
    <stop arrival="10:55" departure="10:55">Falkangervegen</stop>
    <stop arrival="10:57" departure="10:57">Tellevik</stop>
    <stop arrival="10:58" departure="10:58">Klauvarinden</stop>
    <stop arrival="10:59" departure="10:59">Sveisbakken</stop>
    <stop arrival="11:02" departure="11:02">Slettebakken</stop>
    <stop arrival="11:04" departure="11:04">Samhold</stop>
    <stop arrival="11:05">Salhus kai</stop>
  </route>
  <route no="280" destination="Salhus kai" url="http://www.web2051.no/bin/tp/zuginfo.exe/on/432969/149509/768898/240127/1/" trafficDays="kjører Ma - Fr, ikke 13., 17., 24. Mai">
    <stop departure="10:10" routeNo="280">Bergen Busstasjon</stop>
    <stop arrival="10:11" departure="10:11">Christies gate (Festplassen)</stop>
    <stop arrival="10:13" departure="10:13">Torget (Bergen)</stop>
    <stop arrival="10:14" departure="10:14">Bryggen</stop>
    <stop arrival="10:14" departure="10:14">Slottsgaten</stop>
    <stop arrival="10:16" departure="10:16">Bontelabo</stop>
    <stop arrival="10:16" departure="10:16">Skutevikstorget</stop>
    <stop arrival="10:17" departure="10:17">Sjøgaten</stop>
    <stop arrival="10:18" departure="10:18">Sandvikstorget</stop>
    <stop arrival="10:19" departure="10:19">Ludebryggen</stop>
    <stop arrival="10:20" departure="10:20">Munkebotten</stop>
    <stop arrival="10:21" departure="10:21">Nyhavnsvei (Gamle Bergen)</stop>
    <stop arrival="10:23" departure="10:23">Handelshøyskolen</stop>
    <stop arrival="10:25" departure="10:25">Eidsvåg</stop>
    <stop arrival="10:30" departure="10:30">Åsane terminal</stop>
    <stop arrival="10:31" departure="10:31">Rollandskrysset</stop>
    <stop arrival="10:31" departure="10:31">Litleåskryss</stop>
    <stop arrival="10:32" departure="10:32">Salhuskrysset</stop>
    <stop arrival="10:33" departure="10:33">Nyborg</stop>
    <stop arrival="10:35" departure="10:35">Domus Nyborg</stop>
    <stop arrival="10:36" departure="10:36">Liavegen (Åsane)</stop>
    <stop arrival="10:37" departure="10:37">Vågsbotn</stop>
    <stop arrival="10:37" departure="10:37">Eikås</stop>
    <stop arrival="10:38" departure="10:38">Vikaleitet</stop>
    <stop arrival="10:39" departure="10:39">Haukåsvegen</stop>
    <stop arrival="10:40" departure="10:40">Haukås barnehage</stop>
    <stop arrival="10:40" departure="10:40">Myrsæter</stop>
    <stop arrival="10:41" departure="10:41">Haukåsskogen</stop>
    <stop arrival="10:42" departure="10:42">Almåsvegen</stop>
    <stop arrival="10:43" departure="10:43">Hylkje</stop>
    <stop arrival="10:44" departure="10:44">Tuft (Åsane)</stop>
    <stop arrival="10:45" departure="10:45">Langamyrene</stop>
    <stop arrival="10:45" departure="10:45">Nesjavegen</stop>
    <stop arrival="10:46" departure="10:46">Grøvle (Åsane)</stop>
    <stop arrival="10:46" departure="10:46">Hordvikhamnen</stop>
    <stop arrival="10:47" departure="10:47">Ulstein kryss</stop>
    <stop arrival="10:47" departure="10:47">Ulstein</stop>
    <stop arrival="10:48" departure="10:48">Ulstein snuplass</stop>
    <stop arrival="10:50" departure="10:50">Grøvle (Åsane)</stop>
    <stop arrival="10:50" departure="10:50">Grøvlesvingen</stop>
    <stop arrival="10:51" departure="10:51">Hordvik gård</stop>
    <stop arrival="10:52" departure="10:52">Hordvik skole</stop>
    <stop arrival="10:53" departure="10:53">Falkangervegen</stop>
    <stop arrival="10:54" departure="10:54">Tellevik</stop>
    <stop arrival="10:55" departure="10:55">Klauvarinden</stop>
    <stop arrival="10:57" departure="10:57">Sveisbakken</stop>
    <stop arrival="11:01" departure="11:01">Slettebakken</stop>
    <stop arrival="11:04" departure="11:04">Samhold</stop>
    <stop arrival="11:05">Salhus kai</stop>
  </route>
  <route no="80" destination="Flaktveit snuplass" url="http://www.web2051.no/bin/tp/zuginfo.exe/on/383274/132522/751632/248058/1/" trafficDays="kjører Sø, også 1., 13., 17., 24. Mai">
    <stop departure="9:55" routeNo="80">Oasen Terminal</stop>
    <stop arrival="9:57" departure="9:57">Skarphaugen</stop>
    <stop arrival="9:58" departure="9:58">Sælen skole</stop>
    <stop arrival="9:59" departure="9:59">Torgny Segersteds vei</stop>
    <stop arrival="10:00" departure="10:00">Smiberget</stop>
    <stop arrival="10:00" departure="10:00">Ortustranden</stop>
    <stop arrival="10:01" departure="10:01">Lyshovden skole</stop>
    <stop arrival="10:01" departure="10:01">Sælemyr</stop>
    <stop arrival="10:02" departure="10:02">Hjalmar Brantings vei</stop>
    <stop arrival="10:03" departure="10:03">Træet (Benshaugen)</stop>
    <stop arrival="10:03" departure="10:03">Dag Hammarskjølds vei</stop>
    <stop arrival="10:03" departure="10:03">Lynghaug skole</stop>
    <stop arrival="10:04" departure="10:04">Hamregården</stop>
    <stop arrival="10:04" departure="10:04">Sikthaugen</stop>
    <stop arrival="10:08" departure="10:08">Gyldenpris</stop>
    <stop arrival="10:12" departure="10:12">Bergen Busstasjon</stop>
    <stop arrival="10:15" departure="10:15">Christies gate (Festplassen)</stop>
    <stop arrival="10:18" departure="10:18">Torget (Bergen)</stop>
    <stop arrival="10:19" departure="10:19">Bryggen</stop>
    <stop arrival="10:19" departure="10:19">Slottsgaten</stop>
    <stop arrival="10:20" departure="10:20">Bontelabo</stop>
    <stop arrival="10:21" departure="10:21">Skutevikstorget</stop>
    <stop arrival="10:22" departure="10:22">Sjøgaten</stop>
    <stop arrival="10:22" departure="10:22">Sandvikstorget</stop>
    <stop arrival="10:23" departure="10:23">Ludebryggen</stop>
    <stop arrival="10:23" departure="10:23">Munkebotten</stop>
    <stop arrival="10:25" departure="10:25">Nyhavnsvei (Gamle Bergen)</stop>
    <stop arrival="10:26" departure="10:26">Handelshøyskolen</stop>
    <stop arrival="10:28" departure="10:28">Eidsvåg</stop>
    <stop arrival="10:33" departure="10:33">Åsane terminal</stop>
    <stop arrival="10:34" departure="10:34">Rollandskrysset</stop>
    <stop arrival="10:34" departure="10:34">Litleåskryss</stop>
    <stop arrival="10:35" departure="10:35">Salhuskrysset</stop>
    <stop arrival="10:36" departure="10:36">Nyborg</stop>
    <stop arrival="10:38" departure="10:38">Gullgruven</stop>
    <stop arrival="10:39" departure="10:39">Industrihuset</stop>
    <stop arrival="10:40" departure="10:40">Liakroken</stop>
    <stop arrival="10:41" departure="10:41">Lid (Åsane)</stop>
    <stop arrival="10:43" departure="10:43">Flaktveitrinden</stop>
    <stop arrival="10:44" departure="10:44">Flaktveitsvingane</stop>
    <stop arrival="10:45" departure="10:45">Træsgrenda (Ulsberglia)</stop>
    <stop arrival="10:46" departure="10:46">Ulvhøyen</stop>
    <stop arrival="10:47" departure="10:47">Breimyra</stop>
    <stop arrival="10:48">Flaktveit snuplass</stop>
  </route>
  <route no="270" destination="Arna terminal" url="http://www.web2051.no/bin/tp/zuginfo.exe/on/67779/27669/113512/34165/1/" trafficDays="kjører Lø, ikke 1. Mai">
    <stop departure="10:33" routeNo="270">Åsane terminal</stop>
    <stop arrival="10:34" departure="10:34">Rollandskrysset</stop>
    <stop arrival="10:34" departure="10:34">Litleåskryss</stop>
    <stop arrival="10:35" departure="10:35">Salhuskrysset</stop>
    <stop arrival="10:36" departure="10:36">Nyborg</stop>
    <stop arrival="10:37" departure="10:37">Domus Nyborg</stop>
    <stop arrival="10:37" departure="10:37">Liavegen (Åsane)</stop>
    <stop arrival="10:38" departure="10:38">Vågsbotn</stop>
    <stop arrival="10:39" departure="10:39">Birkeland (Åsane)</stop>
    <stop arrival="10:40" departure="10:40">Blindheimsdalen</stop>
    <stop arrival="10:41" departure="10:41">Blindheim vest</stop>
    <stop arrival="10:42" departure="10:42">Blindheim øst</stop>
    <stop arrival="10:42" departure="10:42">Hetlebakkskiftet</stop>
    <stop arrival="10:43" departure="10:43">Kalsåsvatn</stop>
    <stop arrival="10:44" departure="10:44">Kalsåsvegen</stop>
    <stop arrival="10:44" departure="10:44">Hauglandskiftet</stop>
    <stop arrival="10:45" departure="10:45">Neset (Gaupås)</stop>
    <stop arrival="10:46" departure="10:46">Gamsevegen</stop>
    <stop arrival="10:47" departure="10:47">Orfallet</stop>
    <stop arrival="10:48" departure="10:48">Ytre Arna Sentrum</stop>
    <stop arrival="10:49" departure="10:49">Ytre Arna Kirke</stop>
    <stop arrival="10:50" departure="10:50">Sægarsveg</stop>
    <stop arrival="10:50" departure="10:50">Sletta snuplass</stop>
    <stop arrival="10:51" departure="10:51">Kvamstø</stop>
    <stop arrival="10:52" departure="10:52">Festtangen</stop>
    <stop arrival="10:53" departure="10:53">Ytre Arna gård</stop>
    <stop arrival="10:53" departure="10:53">Solberg (Bergen)</stop>
    <stop arrival="10:54" departure="10:54">Holmen (Arna)</stop>
    <stop arrival="10:54" departure="10:54">Listøl</stop>
    <stop arrival="10:55" departure="10:55">Listøl</stop>
    <stop arrival="10:56" departure="10:56">Ytre Arna vegen v.nr 204</stop>
    <stop arrival="10:58">Arna terminal</stop>
  </route>
  <route no="80" destination="Flaktveit snuplass" url="http://www.web2051.no/bin/tp/zuginfo.exe/on/422259/145532/930826/324662/1/" trafficDays="kjører Lø, ikke 1. Mai">
    <stop departure="9:55" routeNo="80">Oasen Terminal</stop>
    <stop arrival="9:57" departure="9:57">Skarphaugen</stop>
    <stop arrival="9:58" departure="9:58">Sælen skole</stop>
    <stop arrival="9:59" departure="9:59">Torgny Segersteds vei</stop>
    <stop arrival="10:00" departure="10:00">Smiberget</stop>
    <stop arrival="10:00" departure="10:00">Ortustranden</stop>
    <stop arrival="10:01" departure="10:01">Lyshovden skole</stop>
    <stop arrival="10:01" departure="10:01">Sælemyr</stop>
    <stop arrival="10:02" departure="10:02">Hjalmar Brantings vei</stop>
    <stop arrival="10:03" departure="10:03">Træet (Benshaugen)</stop>
    <stop arrival="10:03" departure="10:03">Dag Hammarskjølds vei</stop>
    <stop arrival="10:03" departure="10:03">Lynghaug skole</stop>
    <stop arrival="10:04" departure="10:04">Hamregården</stop>
    <stop arrival="10:04" departure="10:04">Sikthaugen</stop>
    <stop arrival="10:08" departure="10:08">Gyldenpris</stop>
    <stop arrival="10:13" departure="10:13">Bergen Busstasjon</stop>
    <stop arrival="10:16" departure="10:16">Christies gate (Festplassen)</stop>
    <stop arrival="10:19" departure="10:19">Torget (Bergen)</stop>
    <stop arrival="10:20" departure="10:20">Bryggen</stop>
    <stop arrival="10:20" departure="10:20">Slottsgaten</stop>
    <stop arrival="10:21" departure="10:21">Bontelabo</stop>
    <stop arrival="10:22" departure="10:22">Skutevikstorget</stop>
    <stop arrival="10:23" departure="10:23">Sjøgaten</stop>
    <stop arrival="10:23" departure="10:23">Sandvikstorget</stop>
    <stop arrival="10:24" departure="10:24">Ludebryggen</stop>
    <stop arrival="10:24" departure="10:24">Munkebotten</stop>
    <stop arrival="10:26" departure="10:26">Nyhavnsvei (Gamle Bergen)</stop>
    <stop arrival="10:27" departure="10:27">Handelshøyskolen</stop>
    <stop arrival="10:29" departure="10:29">Eidsvåg</stop>
    <stop arrival="10:33" departure="10:33">Åsane terminal</stop>
    <stop arrival="10:34" departure="10:34">Rollandskrysset</stop>
    <stop arrival="10:35" departure="10:35">Litleåskryss</stop>
    <stop arrival="10:36" departure="10:36">Salhuskrysset</stop>
    <stop arrival="10:37" departure="10:37">Nyborg</stop>
    <stop arrival="10:39" departure="10:39">Gullgruven</stop>
    <stop arrival="10:40" departure="10:40">Industrihuset</stop>
    <stop arrival="10:41" departure="10:41">Liakroken</stop>
    <stop arrival="10:42" departure="10:42">Lid (Åsane)</stop>
    <stop arrival="10:44" departure="10:44">Flaktveitrinden</stop>
    <stop arrival="10:45" departure="10:45">Flaktveitsvingane</stop>
    <stop arrival="10:46" departure="10:46">Træsgrenda (Ulsberglia)</stop>
    <stop arrival="10:47" departure="10:47">Ulvhøyen</stop>
    <stop arrival="10:48" departure="10:48">Breimyra</stop>
    <stop arrival="10:49">Flaktveit snuplass</stop>
  </route>
  <route no="285" destination="Breistein snuplass" url="http://www.web2051.no/bin/tp/zuginfo.exe/on/280881/98849/643756/228251/1/" trafficDays="kjører Ma - Lø, ikke 1., 13., 17., 24. Mai">
    <stop departure="10:35" routeNo="285">Åsane terminal</stop>
    <stop arrival="10:36" departure="10:36">Rollandskrysset</stop>
    <stop arrival="10:36" departure="10:36">Litleåskryss</stop>
    <stop arrival="10:37" departure="10:37">Salhuskrysset</stop>
    <stop arrival="10:38" departure="10:38">Nyborg</stop>
    <stop arrival="10:40" departure="10:40">Domus Nyborg</stop>
    <stop arrival="10:41" departure="10:41">Liavegen (Åsane)</stop>
    <stop arrival="10:42" departure="10:42">Vågsbotn</stop>
    <stop arrival="10:42" departure="10:42">Eikås</stop>
    <stop arrival="10:43" departure="10:43">Vikaleitet</stop>
    <stop arrival="10:44" departure="10:44">Haukåsvegen</stop>
    <stop arrival="10:45" departure="10:45">Haukås barnehage</stop>
    <stop arrival="10:45" departure="10:45">Myrsæter</stop>
    <stop arrival="10:46" departure="10:46">Bergen Travpark</stop>
    <stop arrival="10:47" departure="10:47">Vestlandsheimen</stop>
    <stop arrival="10:49" departure="10:49">Vollane</stop>
    <stop arrival="10:49" departure="10:49">Kaiveg</stop>
    <stop arrival="10:50" departure="10:50">Breistein kai</stop>
    <stop arrival="10:52" departure="10:52">Eikemo (Åsane)</stop>
    <stop arrival="10:53" departure="10:53">Såtavegen</stop>
    <stop arrival="10:55">Breistein snuplass</stop>
  </route>
  <route no="380" destination="Birkeland (Osterøy)" url="http://www.web2051.no/bin/tp/zuginfo.exe/on/295266/99326/908900/356028/1/" trafficDays="kjører Ma - Fr, ikke 13., 17., 24. Mai">
    <stop departure="10:20" routeNo="380">Bergen Busstasjon</stop>
    <stop departure="10:21">Kaigaten</stop>
    <stop departure="10:22">Torget (Bergen)</stop>
    <stop departure="10:23">Bryggen</stop>
    <stop departure="10:24">Bontelabo</stop>
    <stop departure="10:25">Skutevikstorget</stop>
    <stop departure="10:25">Sjøgaten</stop>
    <stop departure="10:26">Sandvikstorget</stop>
    <stop departure="10:27">Ludebryggen</stop>
    <stop departure="10:27">Munkebotten</stop>
    <stop departure="10:29">Nyhavnsvei (Gamle Bergen)</stop>
    <stop departure="10:30">Handelshøyskolen</stop>
    <stop departure="10:33">Eidsvåg</stop>
    <stop departure="10:38">Åsane terminal</stop>
    <stop departure="10:39">Rollandskrysset</stop>
    <stop departure="10:39">Litleåskryss</stop>
    <stop departure="10:40">Salhuskrysset</stop>
    <stop departure="10:41">Nyborg</stop>
    <stop departure="10:41">Domus Nyborg</stop>
    <stop departure="10:42">Liavegen (Åsane)</stop>
    <stop departure="10:43">Vågsbotn</stop>
    <stop departure="10:43">Eikås</stop>
    <stop departure="10:44">Vikaleitet</stop>
    <stop departure="10:46">Haukåsvegen</stop>
    <stop departure="10:47">Haukås barnehage</stop>
    <stop departure="10:47">Myrsæter</stop>
    <stop departure="10:48">Bergen Travpark</stop>
    <stop departure="10:51">Vestlandsheimen</stop>
    <stop departure="10:56">Vollane</stop>
    <stop departure="10:58">Kaiveg</stop>
    <stop arrival="11:00" departure="11:00">Breistein kai</stop>
    <stop arrival="11:10" departure="11:10">Valestrand</stop>
    <stop arrival="11:10" departure="11:10">Valestrand</stop>
    <stop arrival="11:11" departure="11:11">Bullabrekka (Osterøy)</stop>
    <stop arrival="11:12" departure="11:12">Elvikneset</stop>
    <stop arrival="11:13" departure="11:13">Loftås (Osterøy)</stop>
    <stop arrival="11:13" departure="11:13">Småland</stop>
    <stop arrival="11:14" departure="11:14">Halland, Osterøy</stop>
    <stop arrival="11:14" departure="11:14">Halland S, Osterøy</stop>
    <stop arrival="11:15" departure="11:15">Hauge Industrier (Osterøy)</stop>
    <stop arrival="11:16" departure="11:16">Hauge (Osterøy)</stop>
    <stop arrival="11:17" departure="11:17">Hauge skule (Osterøy)</stop>
    <stop arrival="11:18" departure="11:18">Haugsviksvingen</stop>
    <stop arrival="11:19" departure="11:19">Øyjordsbru</stop>
    <stop arrival="11:22" departure="11:22">Revheim</stop>
    <stop arrival="11:23" departure="11:23">Revheim</stop>
    <stop arrival="11:25" departure="11:25">Lone Bru, Osterøy</stop>
    <stop arrival="11:25" departure="11:25">Lone, Osterøy</stop>
    <stop arrival="11:27" departure="11:27">Lone N , Osterøy</stop>
    <stop arrival="11:29" departure="11:29">Kårvik vkr. (Osterøy)</stop>
    <stop arrival="11:30" departure="11:30">Lonevåg terminal</stop>
    <stop arrival="11:31" departure="11:31">Lonevåg v Coop</stop>
    <stop arrival="11:32" departure="11:32">Lonevåg v Rådhuset</stop>
    <stop arrival="11:32" departure="11:32">Hatland v ungdomsskulen</stop>
    <stop arrival="11:32" departure="11:32">Lonevåg v Rådhuset</stop>
    <stop arrival="11:33" departure="11:33">Lonevåg v Coop</stop>
    <stop arrival="11:33" departure="11:33">Lonevåg terminal</stop>
    <stop arrival="11:34" departure="11:34">Lonevåg N, HSD</stop>
    <stop arrival="11:36" departure="11:36">Geitrheim, Osterøy</stop>
    <stop arrival="11:38" departure="11:38">Bysheim sør</stop>
    <stop arrival="11:38" departure="11:38">Bysheim</stop>
    <stop arrival="11:39" departure="11:39">Bysheim nord</stop>
    <stop arrival="11:40" departure="11:40">Litland S, Osterøy</stop>
    <stop arrival="11:40" departure="11:40">Litland gartneri, Osterøy</stop>
    <stop arrival="11:41" departure="11:41">Helldalstølen, Osterøy</stop>
    <stop arrival="11:42" departure="11:42">Helldal (Osterøy)</stop>
    <stop arrival="11:42" departure="11:42">Helldal vkr Fjellskålnes</stop>
    <stop arrival="11:43" departure="11:43">Helldal (Osterøy)</stop>
    <stop arrival="11:43" departure="11:43">Hoshovde</stop>
    <stop arrival="11:45" departure="11:45">Hosanger</stop>
    <stop arrival="11:45" departure="11:45">Hosanger</stop>
    <stop arrival="11:46" departure="11:46">Børa, Osterøy</stop>
    <stop arrival="11:50" departure="11:50">Gatland, Osterøy</stop>
    <stop arrival="11:51" departure="11:51">Saltverket, Osterøy</stop>
    <stop arrival="11:52" departure="11:52">Fotlandstrand</stop>
    <stop arrival="11:53" departure="11:53">Fotlandstrand v Anylett</stop>
    <stop arrival="11:54" departure="11:54">Fotlandsvåg v skulen</stop>
    <stop arrival="11:55" departure="11:55">Fotlansdvåg sentrum</stop>
    <stop arrival="11:55" departure="11:55">Fotlandsvåg v fokus</stop>
    <stop arrival="11:56" departure="11:56">Hanstveit</stop>
    <stop arrival="11:57" departure="11:57">Bernesskiftet</stop>
    <stop arrival="11:58">Birkeland (Osterøy)</stop>
  </route>
  <route no="260" destination="Salhus kai" url="http://www.web2051.no/bin/tp/zuginfo.exe/on/911700/308942/219388/194206/1/" trafficDays="kjører Lø, ikke 1. Mai">
    <stop departure="10:40" routeNo="260">Åsane terminal</stop>
    <stop arrival="10:41" departure="10:41">Rollandskrysset</stop>
    <stop arrival="10:41" departure="10:41">Litleåskryss</stop>
    <stop arrival="10:42" departure="10:42">Salhusvegen</stop>
    <stop arrival="10:43" departure="10:43">Ulset</stop>
    <stop arrival="10:43" departure="10:43">Pukkverket</stop>
    <stop arrival="10:47" departure="10:47">Åsane Byggsenter</stop>
    <stop arrival="10:48" departure="10:48">Hitlandsvingen</stop>
    <stop arrival="10:49" departure="10:49">Bogetveitvegen</stop>
    <stop arrival="10:50" departure="10:50">Støbotn</stop>
    <stop arrival="10:51" departure="10:51">Matre</stop>
    <stop arrival="10:51" departure="10:51">Kistebakkane</stop>
    <stop arrival="10:52" departure="10:52">Nygård, Salhus</stop>
    <stop arrival="10:53" departure="10:53">Langeland (Åsane)</stop>
    <stop arrival="10:53">Salhus kai</stop>
  </route>
  <route no="260" destination="Salhus kai" url="http://www.web2051.no/bin/tp/zuginfo.exe/on/106578/40577/148964/38958/1/" trafficDays="kjører Ma - Fr, ikke 13., 17., 24. Mai">
    <stop departure="10:40" routeNo="260">Åsane terminal</stop>
    <stop arrival="10:41" departure="10:41">Rollandskrysset</stop>
    <stop arrival="10:41" departure="10:41">Litleåskryss</stop>
    <stop arrival="10:42" departure="10:42">Salhusvegen</stop>
    <stop arrival="10:43" departure="10:43">Ulset</stop>
    <stop arrival="10:43" departure="10:43">Pukkverket</stop>
    <stop arrival="10:45" departure="10:45">Åsane Byggsenter</stop>
    <stop arrival="10:46" departure="10:46">Hitlandsvingen</stop>
    <stop arrival="10:46" departure="10:46">Bogetveitvegen</stop>
    <stop arrival="10:47" departure="10:47">Støbotn</stop>
    <stop arrival="10:48" departure="10:48">Matre</stop>
    <stop arrival="10:49" departure="10:49">Kistebakkane</stop>
    <stop arrival="10:51" departure="10:51">Nygård, Salhus</stop>
    <stop arrival="10:52" departure="10:52">Langeland (Åsane)</stop>
    <stop arrival="10:53">Salhus kai</stop>
  </route>
  <route no="270" destination="Åsane terminal" url="http://www.web2051.no/bin/tp/zuginfo.exe/on/86088/33771/111818/27215/1/" trafficDays="kjører Lø, ikke 1. Mai">
    <stop departure="10:16" routeNo="270">Arna terminal</stop>
    <stop arrival="10:17" departure="10:17">Ytre Arna vegen v.nr 204</stop>
    <stop arrival="10:18" departure="10:18">Listøl</stop>
    <stop arrival="10:18" departure="10:18">Listøl</stop>
    <stop arrival="10:19" departure="10:19">Holmen (Arna)</stop>
    <stop arrival="10:19" departure="10:19">Solberg (Bergen)</stop>
    <stop arrival="10:19" departure="10:19">Ytre Arna gård</stop>
    <stop arrival="10:20" departure="10:20">Festtangen</stop>
    <stop arrival="10:20" departure="10:20">Kvamstø</stop>
    <stop arrival="10:21" departure="10:21">Sletta snuplass</stop>
    <stop arrival="10:23" departure="10:23">Sægarsveg</stop>
    <stop arrival="10:24" departure="10:24">Ytre Arna Kirke</stop>
    <stop arrival="10:26" departure="10:26">Ytre Arna Sentrum</stop>
    <stop arrival="10:26" departure="10:26">Bankaskiftet</stop>
    <stop arrival="10:27" departure="10:27">Orfallet</stop>
    <stop arrival="10:28" departure="10:28">Gamsevegen</stop>
    <stop arrival="10:29" departure="10:29">Neset (Gaupås)</stop>
    <stop arrival="10:30" departure="10:30">Hauglandskiftet</stop>
    <stop arrival="10:30" departure="10:30">Kalsåsvegen</stop>
    <stop arrival="10:31" departure="10:31">Kalsåsvatn</stop>
    <stop arrival="10:32" departure="10:32">Hetlebakkskiftet</stop>
    <stop arrival="10:33" departure="10:33">Blindheim øst</stop>
    <stop arrival="10:33" departure="10:33">Blindheim vest</stop>
    <stop arrival="10:34" departure="10:34">Blindheimsdalen</stop>
    <stop arrival="10:36" departure="10:36">Birkeland (Åsane)</stop>
    <stop arrival="10:38" departure="10:38">Vågsbotn</stop>
    <stop arrival="10:39" departure="10:39">Liavegen (Åsane)</stop>
    <stop arrival="10:39" departure="10:39">Domus Nyborg</stop>
    <stop arrival="10:40" departure="10:40">Nyborg</stop>
    <stop arrival="10:41" departure="10:41">Salhuskrysset</stop>
    <stop arrival="10:42" departure="10:42">Litleåskryss</stop>
    <stop arrival="10:43" departure="10:43">Rollandskrysset</stop>
    <stop arrival="10:45">Åsane terminal</stop>
  </route>
  <route no="80" destination="Flaktveit snuplass" url="http://www.web2051.no/bin/tp/zuginfo.exe/on/144603/53016/682440/293024/1/" trafficDays="kjører Ma - Fr, ikke 13., 17., 24. Mai">
    <stop departure="10:03" routeNo="80">Oasen Terminal</stop>
    <stop arrival="10:05" departure="10:05">Skarphaugen</stop>
    <stop arrival="10:06" departure="10:06">Sælen skole</stop>
    <stop arrival="10:07" departure="10:07">Torgny Segersteds vei</stop>
    <stop arrival="10:08" departure="10:08">Smiberget</stop>
    <stop arrival="10:09" departure="10:09">Ortustranden</stop>
    <stop arrival="10:09" departure="10:09">Lyshovden skole</stop>
    <stop arrival="10:09" departure="10:09">Sælemyr</stop>
    <stop arrival="10:10" departure="10:10">Hjalmar Brantings vei</stop>
    <stop arrival="10:11" departure="10:11">Træet (Benshaugen)</stop>
    <stop arrival="10:12" departure="10:12">Dag Hammarskjølds vei</stop>
    <stop arrival="10:12" departure="10:12">Lynghaug skole</stop>
    <stop arrival="10:13" departure="10:13">Hamregården</stop>
    <stop arrival="10:14" departure="10:14">Sikthaugen</stop>
    <stop arrival="10:18" departure="10:18">Gyldenpris</stop>
    <stop arrival="10:23" departure="10:23">Bergen Busstasjon</stop>
    <stop arrival="10:25" departure="10:25">Christies gate (Festplassen)</stop>
    <stop arrival="10:28" departure="10:28">Torget (Bergen)</stop>
    <stop arrival="10:29" departure="10:29">Bryggen</stop>
    <stop arrival="10:29" departure="10:29">Slottsgaten</stop>
    <stop arrival="10:30" departure="10:30">Bontelabo</stop>
    <stop arrival="10:31" departure="10:31">Skutevikstorget</stop>
    <stop arrival="10:32" departure="10:32">Sjøgaten</stop>
    <stop arrival="10:32" departure="10:32">Sandvikstorget</stop>
    <stop arrival="10:33" departure="10:33">Ludebryggen</stop>
    <stop arrival="10:33" departure="10:33">Munkebotten</stop>
    <stop arrival="10:35" departure="10:35">Nyhavnsvei (Gamle Bergen)</stop>
    <stop arrival="10:36" departure="10:36">Handelshøyskolen</stop>
    <stop arrival="10:38" departure="10:38">Eidsvåg</stop>
    <stop arrival="10:43" departure="10:43">Åsane terminal</stop>
    <stop arrival="10:44" departure="10:44">Rollandskrysset</stop>
    <stop arrival="10:44" departure="10:44">Litleåskryss</stop>
    <stop arrival="10:45" departure="10:45">Salhuskrysset</stop>
    <stop arrival="10:46" departure="10:46">Nyborg</stop>
    <stop arrival="10:48" departure="10:48">Gullgruven</stop>
    <stop arrival="10:49" departure="10:49">Industrihuset</stop>
    <stop arrival="10:50" departure="10:50">Liakroken</stop>
    <stop arrival="10:51" departure="10:51">Lid (Åsane)</stop>
    <stop arrival="10:53" departure="10:53">Flaktveitrinden</stop>
    <stop arrival="10:54" departure="10:54">Flaktveitsvingane</stop>
    <stop arrival="10:55" departure="10:55">Træsgrenda (Ulsberglia)</stop>
    <stop arrival="10:56" departure="10:56">Ulvhøyen</stop>
    <stop arrival="10:57" departure="10:57">Breimyra</stop>
    <stop arrival="10:58">Flaktveit snuplass</stop>
  </route>
  <route no="80" destination="Oasen Terminal" url="http://www.web2051.no/bin/tp/zuginfo.exe/on/35697/16665/31252/3727/1/" trafficDays="kjører Sø, også 1., 13., 17., 24. Mai">
    <stop departure="10:30" routeNo="80">Flaktveit snuplass</stop>
    <stop arrival="10:31" departure="10:31">Breimyra</stop>
    <stop arrival="10:32" departure="10:32">Ulvhøyen</stop>
    <stop arrival="10:33" departure="10:33">Træsgrenda (Ulsberglia)</stop>
    <stop arrival="10:34" departure="10:34">Flaktveitsvingane</stop>
    <stop arrival="10:35" departure="10:35">Flaktveitrinden</stop>
    <stop arrival="10:37" departure="10:37">Lid (Åsane)</stop>
    <stop arrival="10:38" departure="10:38">Liakroken</stop>
    <stop arrival="10:39" departure="10:39">Industrihuset</stop>
    <stop arrival="10:40" departure="10:40">Gullgruven</stop>
    <stop arrival="10:42" departure="10:42">Nyborg</stop>
    <stop arrival="10:43" departure="10:43">Salhuskrysset</stop>
    <stop arrival="10:44" departure="10:44">Litleåskryss</stop>
    <stop arrival="10:44" departure="10:44">Rollandskrysset</stop>
    <stop arrival="10:45" departure="10:45">Åsane terminal</stop>
    <stop arrival="10:50" departure="10:50">Eidsvåg</stop>
    <stop arrival="10:52" departure="10:52">Handelshøyskolen</stop>
    <stop arrival="10:53" departure="10:53">Nyhavnsvei (Gamle Bergen)</stop>
    <stop arrival="10:54" departure="10:54">Munkebotten</stop>
    <stop arrival="10:55" departure="10:55">Ludebryggen</stop>
    <stop arrival="10:57" departure="10:57">Sandvikstorget</stop>
    <stop arrival="10:59" departure="10:59">Skutevikstorget</stop>
    <stop arrival="10:59" departure="10:59">Bontelabo</stop>
    <stop arrival="11:00" departure="11:00">Slottsgaten</stop>
    <stop arrival="11:01" departure="11:01">Bryggen</stop>
    <stop arrival="11:02" departure="11:02">Olav Kyrres gate</stop>
    <stop arrival="11:07" departure="11:07">Bergen Busstasjon</stop>
    <stop arrival="11:12" departure="11:12">Gyldenpris</stop>
    <stop arrival="11:16" departure="11:16">Løvstakktunnelen</stop>
    <stop arrival="11:16" departure="11:16">Sikthaugen</stop>
    <stop arrival="11:18" departure="11:18">Lynghaug skole</stop>
    <stop arrival="11:18" departure="11:18">Dag Hammarskjølds vei</stop>
    <stop arrival="11:19" departure="11:19">Træet (Benshaugen)</stop>
    <stop arrival="11:20" departure="11:20">Hjalmar Brantings vei</stop>
    <stop arrival="11:20" departure="11:20">Sælemyr</stop>
    <stop arrival="11:21" departure="11:21">Lyshovden skole</stop>
    <stop arrival="11:21" departure="11:21">Ortustranden</stop>
    <stop arrival="11:22" departure="11:22">Smiberget</stop>
    <stop arrival="11:23" departure="11:23">Torgny Segersteds vei</stop>
    <stop arrival="11:24" departure="11:24">Sælen skole</stop>
    <stop arrival="11:26" departure="11:26">Skarphaugen</stop>
    <stop arrival="11:27">Oasen Terminal</stop>
  </route>
  <route no="80" destination="Oasen Terminal" url="http://www.web2051.no/bin/tp/zuginfo.exe/on/186339/66895/81694/21266/1/" trafficDays="kjører Lø, ikke 1. Mai">
    <stop departure="10:30" routeNo="80">Flaktveit snuplass</stop>
    <stop arrival="10:31" departure="10:31">Breimyra</stop>
    <stop arrival="10:32" departure="10:32">Ulvhøyen</stop>
    <stop arrival="10:33" departure="10:33">Træsgrenda (Ulsberglia)</stop>
    <stop arrival="10:34" departure="10:34">Flaktveitsvingane</stop>
    <stop arrival="10:35" departure="10:35">Flaktveitrinden</stop>
    <stop arrival="10:37" departure="10:37">Lid (Åsane)</stop>
    <stop arrival="10:38" departure="10:38">Liakroken</stop>
    <stop arrival="10:39" departure="10:39">Industrihuset</stop>
    <stop arrival="10:40" departure="10:40">Gullgruven</stop>
    <stop arrival="10:42" departure="10:42">Nyborg</stop>
    <stop arrival="10:43" departure="10:43">Salhuskrysset</stop>
    <stop arrival="10:44" departure="10:44">Litleåskryss</stop>
    <stop arrival="10:44" departure="10:44">Rollandskrysset</stop>
    <stop arrival="10:45" departure="10:45">Åsane terminal</stop>
    <stop arrival="10:50" departure="10:50">Eidsvåg</stop>
    <stop arrival="10:52" departure="10:52">Handelshøyskolen</stop>
    <stop arrival="10:53" departure="10:53">Nyhavnsvei (Gamle Bergen)</stop>
    <stop arrival="10:55" departure="10:55">Munkebotten</stop>
    <stop arrival="10:56" departure="10:56">Ludebryggen</stop>
    <stop arrival="10:59" departure="10:59">Sandvikstorget</stop>
    <stop arrival="11:01" departure="11:01">Skutevikstorget</stop>
    <stop arrival="11:02" departure="11:02">Bontelabo</stop>
    <stop arrival="11:03" departure="11:03">Slottsgaten</stop>
    <stop arrival="11:04" departure="11:04">Bryggen</stop>
    <stop arrival="11:05" departure="11:05">Olav Kyrres gate</stop>
    <stop arrival="11:10" departure="11:10">Bergen Busstasjon</stop>
    <stop arrival="11:15" departure="11:15">Gyldenpris</stop>
    <stop arrival="11:19" departure="11:19">Løvstakktunnelen</stop>
    <stop arrival="11:19" departure="11:19">Sikthaugen</stop>
    <stop arrival="11:21" departure="11:21">Lynghaug skole</stop>
    <stop arrival="11:21" departure="11:21">Dag Hammarskjølds vei</stop>
    <stop arrival="11:22" departure="11:22">Træet (Benshaugen)</stop>
    <stop arrival="11:23" departure="11:23">Hjalmar Brantings vei</stop>
    <stop arrival="11:23" departure="11:23">Sælemyr</stop>
    <stop arrival="11:24" departure="11:24">Lyshovden skole</stop>
    <stop arrival="11:24" departure="11:24">Ortustranden</stop>
    <stop arrival="11:25" departure="11:25">Smiberget</stop>
    <stop arrival="11:26" departure="11:26">Torgny Segersteds vei</stop>
    <stop arrival="11:27" departure="11:27">Sælen skole</stop>
    <stop arrival="11:29" departure="11:29">Skarphaugen</stop>
    <stop arrival="11:30">Oasen Terminal</stop>
  </route>
  <route no="80" destination="Oasen Terminal" url="http://www.web2051.no/bin/tp/zuginfo.exe/on/569775/194737/616374/118271/1/" trafficDays="kjører Ma - Fr, ikke 13., 17., 24. Mai">
    <stop departure="10:30" routeNo="80">Flaktveit snuplass</stop>
    <stop arrival="10:31" departure="10:31">Breimyra</stop>
    <stop arrival="10:32" departure="10:32">Ulvhøyen</stop>
    <stop arrival="10:33" departure="10:33">Træsgrenda (Ulsberglia)</stop>
    <stop arrival="10:34" departure="10:34">Flaktveitsvingane</stop>
    <stop arrival="10:35" departure="10:35">Flaktveitrinden</stop>
    <stop arrival="10:37" departure="10:37">Lid (Åsane)</stop>
    <stop arrival="10:38" departure="10:38">Liakroken</stop>
    <stop arrival="10:39" departure="10:39">Industrihuset</stop>
    <stop arrival="10:40" departure="10:40">Gullgruven</stop>
    <stop arrival="10:42" departure="10:42">Nyborg</stop>
    <stop arrival="10:43" departure="10:43">Salhuskrysset</stop>
    <stop arrival="10:44" departure="10:44">Litleåskryss</stop>
    <stop arrival="10:44" departure="10:44">Rollandskrysset</stop>
    <stop arrival="10:45" departure="10:45">Åsane terminal</stop>
    <stop arrival="10:50" departure="10:50">Eidsvåg</stop>
    <stop arrival="10:52" departure="10:52">Handelshøyskolen</stop>
    <stop arrival="10:53" departure="10:53">Nyhavnsvei (Gamle Bergen)</stop>
    <stop arrival="10:55" departure="10:55">Munkebotten</stop>
    <stop arrival="10:56" departure="10:56">Ludebryggen</stop>
    <stop arrival="10:59" departure="10:59">Sandvikstorget</stop>
    <stop arrival="11:01" departure="11:01">Skutevikstorget</stop>
    <stop arrival="11:02" departure="11:02">Bontelabo</stop>
    <stop arrival="11:03" departure="11:03">Slottsgaten</stop>
    <stop arrival="11:04" departure="11:04">Bryggen</stop>
    <stop arrival="11:05" departure="11:05">Olav Kyrres gate</stop>
    <stop arrival="11:10" departure="11:10">Bergen Busstasjon</stop>
    <stop arrival="11:13" departure="11:13">Gyldenpris</stop>
    <stop arrival="11:17" departure="11:17">Løvstakktunnelen</stop>
    <stop arrival="11:18" departure="11:18">Sikthaugen</stop>
    <stop arrival="11:20" departure="11:20">Lynghaug skole</stop>
    <stop arrival="11:21" departure="11:21">Dag Hammarskjølds vei</stop>
    <stop arrival="11:21" departure="11:21">Træet (Benshaugen)</stop>
    <stop arrival="11:22" departure="11:22">Hjalmar Brantings vei</stop>
    <stop arrival="11:23" departure="11:23">Sælemyr</stop>
    <stop arrival="11:24" departure="11:24">Lyshovden skole</stop>
    <stop arrival="11:24" departure="11:24">Ortustranden</stop>
    <stop arrival="11:25" departure="11:25">Smiberget</stop>
    <stop arrival="11:26" departure="11:26">Torgny Segersteds vei</stop>
    <stop arrival="11:27" departure="11:27">Sælen skole</stop>
    <stop arrival="11:29" departure="11:29">Skarphaugen</stop>
    <stop arrival="11:30">Oasen Terminal</stop>
  </route>
  <route no="270" destination="Åsane terminal" url="http://www.web2051.no/bin/tp/zuginfo.exe/on/509226/174849/889312/274914/1/" trafficDays="kjører Ma - Fr, ikke 13., 17., 24. Mai">
    <stop departure="10:18" routeNo="270">Arna terminal</stop>
    <stop arrival="10:19" departure="10:19">Ytre Arna vegen v.nr 204</stop>
    <stop arrival="10:20" departure="10:20">Listøl</stop>
    <stop arrival="10:20" departure="10:20">Listøl</stop>
    <stop arrival="10:21" departure="10:21">Holmen (Arna)</stop>
    <stop arrival="10:21" departure="10:21">Solberg (Bergen)</stop>
    <stop arrival="10:21" departure="10:21">Ytre Arna gård</stop>
    <stop arrival="10:22" departure="10:22">Festtangen</stop>
    <stop arrival="10:22" departure="10:22">Kvamstø</stop>
    <stop arrival="10:23" departure="10:23">Sletta snuplass</stop>
    <stop arrival="10:25" departure="10:25">Sægarsveg</stop>
    <stop arrival="10:26" departure="10:26">Ytre Arna Kirke</stop>
    <stop arrival="10:28" departure="10:28">Ytre Arna Sentrum</stop>
    <stop arrival="10:29" departure="10:29">Bankaskiftet</stop>
    <stop arrival="10:29" departure="10:29">Orfallet</stop>
    <stop arrival="10:30" departure="10:30">Gamsevegen</stop>
    <stop arrival="10:31" departure="10:31">Neset (Gaupås)</stop>
    <stop arrival="10:32" departure="10:32">Hauglandskiftet</stop>
    <stop arrival="10:33" departure="10:33">Kalsåsvegen</stop>
    <stop arrival="10:34" departure="10:34">Kalsåsvatn</stop>
    <stop arrival="10:35" departure="10:35">Hetlebakkskiftet</stop>
    <stop arrival="10:36" departure="10:36">Blindheim øst</stop>
    <stop arrival="10:36" departure="10:36">Blindheim vest</stop>
    <stop arrival="10:37" departure="10:37">Blindheimsdalen</stop>
    <stop arrival="10:38" departure="10:38">Birkeland (Åsane)</stop>
    <stop arrival="10:40" departure="10:40">Vågsbotn</stop>
    <stop arrival="10:41" departure="10:41">Liavegen (Åsane)</stop>
    <stop arrival="10:42" departure="10:42">Domus Nyborg</stop>
    <stop arrival="10:44" departure="10:44">Nyborg</stop>
    <stop arrival="10:45" departure="10:45">Salhuskrysset</stop>
    <stop arrival="10:46" departure="10:46">Litleåskryss</stop>
    <stop arrival="10:46" departure="10:46">Rollandskrysset</stop>
    <stop arrival="10:47">Åsane terminal</stop>
  </route>
  <route no="251" destination="Vågsrinden snuplass" url="http://www.web2051.no/bin/tp/zuginfo.exe/on/197046/70716/954182/411411/1/" trafficDays="kjører Ma - Fr, ikke 13., 17., 24. Mai">
    <stop departure="10:45" routeNo="251">Åsane terminal</stop>
    <stop arrival="10:46" departure="10:46">Rollandskrysset</stop>
    <stop arrival="10:47" departure="10:47">Litleåskryss</stop>
    <stop arrival="10:49" departure="10:49">Salhuskrysset</stop>
    <stop arrival="10:49" departure="10:49">Nyborg</stop>
    <stop arrival="10:50" departure="10:50">Domus Nyborg</stop>
    <stop arrival="10:51" departure="10:51">Liavegen (Åsane)</stop>
    <stop arrival="10:53" departure="10:53">Vågsrinden nedre</stop>
    <stop arrival="10:53" departure="10:53">Vågsrinden øvre</stop>
    <stop arrival="10:55">Vågsrinden snuplass</stop>
  </route>
</routes>
