<?xml version="1.0" encoding="UTF-8"?>
<routes>
  <route no="20" destination="Fana Stadion" url="http://www.web2051.no/bin/tp/zuginfo.exe/on/975414/328997/779654/64689/1/" trafficDays="kjører Ma - Fr, ikke 13., 17., 24. Mai">
    <stop departure="10:00" routeNo="20">Lønborglien snuplass</stop>
    <stop arrival="10:00" departure="10:00">Lønborglien 2</stop>
    <stop arrival="10:01" departure="10:01">Lønborglien 1</stop>
    <stop arrival="10:02" departure="10:02">Nordre Lønborg</stop>
    <stop arrival="10:03" departure="10:03">Lønborg</stop>
    <stop arrival="10:03" departure="10:03">Brunestykket</stop>
    <stop arrival="10:04" departure="10:04">Hellebakken</stop>
    <stop arrival="10:05" departure="10:05">Eikeviken</stop>
    <stop arrival="10:06" departure="10:06">Solbakken</stop>
    <stop arrival="10:07" departure="10:07">Handelshøyskolen</stop>
    <stop arrival="10:08" departure="10:08">Nyhavnsvei (Gamle Bergen)</stop>
    <stop arrival="10:10" departure="10:10">Munkebotten</stop>
    <stop arrival="10:11" departure="10:11">Ludebryggen</stop>
    <stop arrival="10:14" departure="10:14">Sandvikstorget</stop>
    <stop arrival="10:16" departure="10:16">Skutevikstorget</stop>
    <stop arrival="10:17" departure="10:17">Bontelabo</stop>
    <stop arrival="10:18" departure="10:18">Slottsgaten</stop>
    <stop arrival="10:19" departure="10:19">Bryggen</stop>
    <stop arrival="10:20" departure="10:20">Olav Kyrres gate</stop>
    <stop arrival="10:25" departure="10:25">Bergen Busstasjon</stop>
    <stop arrival="10:28" departure="10:28">Danmarksplass</stop>
    <stop arrival="10:29" departure="10:29">Solheimsgaten</stop>
    <stop arrival="10:30" departure="10:30">Reperbanen</stop>
    <stop arrival="10:32" departure="10:32">Fjøsangerveien/ Minde Allè</stop>
    <stop arrival="10:33" departure="10:33">Minde</stop>
    <stop arrival="10:34" departure="10:34">Elvebakken</stop>
    <stop arrival="10:34" departure="10:34">Storetveit</stop>
    <stop arrival="10:34" departure="10:34">Fantoft</stop>
    <stop arrival="10:35" departure="10:35">Nydalen</stop>
    <stop arrival="10:36" departure="10:36">Paradis</stop>
    <stop arrival="10:37" departure="10:37">Tveiteråsskiftet</stop>
    <stop arrival="10:38" departure="10:38">Hopsbro</stop>
    <stop arrival="10:40" departure="10:40">Hopstangen</stop>
    <stop arrival="10:41" departure="10:41">Nesttun terminal</stop>
    <stop arrival="10:43" departure="10:43">Nesttun</stop>
    <stop arrival="10:46" departure="10:46">Skjold skole</stop>
    <stop arrival="10:48" departure="10:48">Lagunen</stop>
    <stop arrival="10:51">Fana Stadion</stop>
  </route>
  <route no="20" destination="Lagunen" url="http://www.web2051.no/bin/tp/zuginfo.exe/on/175149/62168/130600/6917/1/" trafficDays="kjører Lø, ikke 1. Mai">
    <stop departure="10:03" routeNo="20">Lønborglien snuplass</stop>
    <stop arrival="10:03" departure="10:03">Lønborglien 2</stop>
    <stop arrival="10:04" departure="10:04">Lønborglien 1</stop>
    <stop arrival="10:05" departure="10:05">Nordre Lønborg</stop>
    <stop arrival="10:06" departure="10:06">Lønborg</stop>
    <stop arrival="10:06" departure="10:06">Brunestykket</stop>
    <stop arrival="10:07" departure="10:07">Hellebakken</stop>
    <stop arrival="10:08" departure="10:08">Eikeviken</stop>
    <stop arrival="10:09" departure="10:09">Solbakken</stop>
    <stop arrival="10:10" departure="10:10">Handelshøyskolen</stop>
    <stop arrival="10:11" departure="10:11">Nyhavnsvei (Gamle Bergen)</stop>
    <stop arrival="10:12" departure="10:12">Munkebotten</stop>
    <stop arrival="10:13" departure="10:13">Ludebryggen</stop>
    <stop arrival="10:15" departure="10:15">Sandvikstorget</stop>
    <stop arrival="10:17" departure="10:17">Skutevikstorget</stop>
    <stop arrival="10:17" departure="10:17">Bontelabo</stop>
    <stop arrival="10:18" departure="10:18">Slottsgaten</stop>
    <stop arrival="10:19" departure="10:19">Bryggen</stop>
    <stop arrival="10:20" departure="10:20">Olav Kyrres gate</stop>
    <stop arrival="10:25" departure="10:25">Bergen Busstasjon</stop>
    <stop arrival="10:29" departure="10:29">Danmarksplass</stop>
    <stop arrival="10:30" departure="10:30">Solheimsgaten</stop>
    <stop arrival="10:31" departure="10:31">Reperbanen</stop>
    <stop arrival="10:33" departure="10:33">Fjøsangerveien/ Minde Allè</stop>
    <stop arrival="10:36" departure="10:36">Minde</stop>
    <stop arrival="10:37" departure="10:37">Elvebakken</stop>
    <stop arrival="10:38" departure="10:38">Storetveit</stop>
    <stop arrival="10:38" departure="10:38">Fantoft</stop>
    <stop arrival="10:39" departure="10:39">Nydalen</stop>
    <stop arrival="10:40" departure="10:40">Paradis</stop>
    <stop arrival="10:41" departure="10:41">Tveiteråsskiftet</stop>
    <stop arrival="10:42" departure="10:42">Hopsbro</stop>
    <stop arrival="10:44" departure="10:44">Hopstangen</stop>
    <stop arrival="10:45" departure="10:45">Nesttun terminal</stop>
    <stop arrival="10:47" departure="10:47">Nesttun</stop>
    <stop arrival="10:50" departure="10:50">Skjoldskiftet</stop>
    <stop arrival="10:51" departure="10:51">Nesttunbrekka</stop>
    <stop arrival="10:51" departure="10:51">Mårdalen</stop>
    <stop arrival="10:52" departure="10:52">Skjoldhøgda</stop>
    <stop arrival="10:54" departure="10:54">Skjold skole</stop>
    <stop arrival="10:55">Lagunen</stop>
  </route>
  <route no="20" destination="Lønborglien snuplass" url="http://www.web2051.no/bin/tp/zuginfo.exe/on/746874/252812/613660/57872/1/" trafficDays="kjører Ma - Fr, ikke 13., 17., 24. Mai">
    <stop departure="9:10" routeNo="20">Fana Stadion</stop>
    <stop arrival="9:15" departure="9:15">Rådal ved Lagunen</stop>
    <stop arrival="9:20" departure="9:20">Skjold skole</stop>
    <stop arrival="9:22" departure="9:22">Mårdalen</stop>
    <stop arrival="9:23" departure="9:23">Nesttunbrekka</stop>
    <stop arrival="9:23" departure="9:23">Skjoldskiftet</stop>
    <stop arrival="9:24" departure="9:24">Nesttun</stop>
    <stop arrival="9:25" departure="9:25">Nesttun terminal</stop>
    <stop arrival="9:27" departure="9:27">Hopsbro</stop>
    <stop arrival="9:29" departure="9:29">Tveiteråsskiftet</stop>
    <stop arrival="9:30" departure="9:30">Paradis</stop>
    <stop arrival="9:32" departure="9:32">Nydalen</stop>
    <stop arrival="9:34" departure="9:34">Fantoft</stop>
    <stop arrival="9:35" departure="9:35">Storetveit</stop>
    <stop arrival="9:35" departure="9:35">Elvebakken</stop>
    <stop arrival="9:36" departure="9:36">Minde</stop>
    <stop arrival="9:39" departure="9:39">Mindemyren</stop>
    <stop arrival="9:40" departure="9:40">Postterminalen</stop>
    <stop arrival="9:41" departure="9:41">Kanalveien v/LBK</stop>
    <stop arrival="9:43" departure="9:43">Danmarksplass v/Forum kino</stop>
    <stop arrival="9:48" departure="9:48">Bergen Busstasjon</stop>
    <stop arrival="9:50" departure="9:50">Christies gate (Festplassen)</stop>
    <stop arrival="9:53" departure="9:53">Torget v/DnB</stop>
    <stop arrival="9:54" departure="9:54">Bryggen</stop>
    <stop arrival="9:54" departure="9:54">Slottsgaten</stop>
    <stop arrival="9:55" departure="9:55">Bontelabo</stop>
    <stop arrival="9:56" departure="9:56">Skutevikstorget</stop>
    <stop arrival="9:56" departure="9:56">Sjøgaten</stop>
    <stop arrival="9:57" departure="9:57">Sandvikstorget</stop>
    <stop arrival="9:58" departure="9:58">Ludebryggen</stop>
    <stop arrival="9:58" departure="9:58">Munkebotten</stop>
    <stop arrival="10:00" departure="10:00">Nyhavnsvei (Gamle Bergen)</stop>
    <stop arrival="10:01" departure="10:01">Handelshøyskolen</stop>
    <stop arrival="10:02" departure="10:02">Solbakken</stop>
    <stop arrival="10:03" departure="10:03">Eikeviken</stop>
    <stop arrival="10:05" departure="10:05">Hellebakken</stop>
    <stop arrival="10:05" departure="10:05">Brunestykket</stop>
    <stop arrival="10:06" departure="10:06">Lønborg</stop>
    <stop arrival="10:07" departure="10:07">Nordre Lønborg</stop>
    <stop arrival="10:10" departure="10:10">Lønborglien 1</stop>
    <stop arrival="10:11" departure="10:11">Lønborglien 2</stop>
    <stop arrival="10:13">Lønborglien snuplass</stop>
  </route>
  <route no="21" destination="Åsane terminal" url="http://www.web2051.no/bin/tp/zuginfo.exe/on/234858/82227/511346/177387/1/" trafficDays="kjører Sø, også 1., 13., 17., 24. Mai">
    <stop departure="9:20" routeNo="21">Søråshøgda snuplass</stop>
    <stop arrival="9:21" departure="9:21">Søråsgrenda</stop>
    <stop arrival="9:23" departure="9:23">Nordåsgrenda</stop>
    <stop arrival="9:24" departure="9:24">Nordåstræet</stop>
    <stop arrival="9:25" departure="9:25">Nordås</stop>
    <stop arrival="9:27" departure="9:27">Nordåstræet</stop>
    <stop arrival="9:28" departure="9:28">Nordåsgrenda</stop>
    <stop arrival="9:28" departure="9:28">Kilden senter</stop>
    <stop arrival="9:29" departure="9:29">Søråsveien</stop>
    <stop arrival="9:30" departure="9:30">Skjold skole</stop>
    <stop arrival="9:32" departure="9:32">Mårdalen</stop>
    <stop arrival="9:33" departure="9:33">Nesttunbrekka</stop>
    <stop arrival="9:33" departure="9:33">Skjoldskiftet</stop>
    <stop arrival="9:34" departure="9:34">Nesttun</stop>
    <stop arrival="9:35" departure="9:35">Nesttun terminal</stop>
    <stop arrival="9:36" departure="9:36">Hopsbro</stop>
    <stop arrival="9:37" departure="9:37">Tveiteråsskiftet</stop>
    <stop arrival="9:38" departure="9:38">Paradis</stop>
    <stop arrival="9:40" departure="9:40">Nydalen</stop>
    <stop arrival="9:41" departure="9:41">Fantoft</stop>
    <stop arrival="9:42" departure="9:42">Storetveit</stop>
    <stop arrival="9:42" departure="9:42">Elvebakken</stop>
    <stop arrival="9:43" departure="9:43">Minde</stop>
    <stop arrival="9:46" departure="9:46">Mindemyren</stop>
    <stop arrival="9:47" departure="9:47">Postterminalen</stop>
    <stop arrival="9:47" departure="9:47">Kanalveien v/LBK</stop>
    <stop arrival="9:49" departure="9:49">Danmarksplass v/Forum kino</stop>
    <stop arrival="9:53" departure="9:53">Bergen Busstasjon</stop>
    <stop arrival="9:56" departure="9:56">Christies gate (Festplassen)</stop>
    <stop arrival="9:59" departure="9:59">Torget v/DnB</stop>
    <stop arrival="10:00" departure="10:00">Bryggen</stop>
    <stop arrival="10:00" departure="10:00">Slottsgaten</stop>
    <stop arrival="10:01" departure="10:01">Bontelabo</stop>
    <stop arrival="10:02" departure="10:02">Skutevikstorget</stop>
    <stop arrival="10:02" departure="10:02">Sjøgaten</stop>
    <stop arrival="10:03" departure="10:03">Sandvikstorget</stop>
    <stop arrival="10:04" departure="10:04">Ludebryggen</stop>
    <stop arrival="10:04" departure="10:04">Munkebotten</stop>
    <stop arrival="10:06" departure="10:06">Nyhavnsvei (Gamle Bergen)</stop>
    <stop arrival="10:07" departure="10:07">Handelshøyskolen</stop>
    <stop arrival="10:08" departure="10:08">Solbakken</stop>
    <stop arrival="10:08" departure="10:08">Eikeviken</stop>
    <stop arrival="10:09" departure="10:09">Hellebakken</stop>
    <stop arrival="10:10" departure="10:10">Brunestykket</stop>
    <stop arrival="10:11" departure="10:11">Lønborg</stop>
    <stop arrival="10:11" departure="10:11">Nordre Lønborg</stop>
    <stop arrival="10:11" departure="10:11">Fagerbakken</stop>
    <stop arrival="10:12" departure="10:12">Eidsvågneset</stop>
    <stop arrival="10:12" departure="10:12">Trolldalen (Eidsvågneset)</stop>
    <stop arrival="10:12" departure="10:12">Trollbekken</stop>
    <stop arrival="10:13" departure="10:13">Tømmervågen</stop>
    <stop arrival="10:13" departure="10:13">Lillevågen</stop>
    <stop arrival="10:14" departure="10:14">Hagebyen (Eidsvåg)</stop>
    <stop arrival="10:14" departure="10:14">Fabrikkvegen</stop>
    <stop arrival="10:15" departure="10:15">Eidsvåg gamlevegen</stop>
    <stop arrival="10:16" departure="10:16">Selvikvegen</stop>
    <stop arrival="10:17" departure="10:17">Ervik nedre (Sellesvingen)</stop>
    <stop arrival="10:18" departure="10:18">Ervik øvre</stop>
    <stop arrival="10:18" departure="10:18">Åstveitvegen</stop>
    <stop arrival="10:20" departure="10:20">Griggastemma</stop>
    <stop arrival="10:20" departure="10:20">Tertneskrysset gamleveien</stop>
    <stop arrival="10:22" departure="10:22">Stamskaret</stop>
    <stop arrival="10:22" departure="10:22">Hesthaugen</stop>
    <stop arrival="10:23">Åsane terminal</stop>
  </route>
  <route no="24" destination="Smørås snuplass" url="http://www.web2051.no/bin/tp/zuginfo.exe/on/144723/52441/18366/39064/1/" trafficDays="kjører Ma - Fr, ikke 13., 17., 24. Mai">
    <stop departure="10:10" routeNo="24">Lønborglien snuplass</stop>
    <stop arrival="10:10" departure="10:10">Lønborglien 2</stop>
    <stop arrival="10:11" departure="10:11">Lønborglien 1</stop>
    <stop arrival="10:12" departure="10:12">Nordre Lønborg</stop>
    <stop arrival="10:13" departure="10:13">Lønborg</stop>
    <stop arrival="10:13" departure="10:13">Brunestykket</stop>
    <stop arrival="10:14" departure="10:14">Hellebakken</stop>
    <stop arrival="10:15" departure="10:15">Eikeviken</stop>
    <stop arrival="10:16" departure="10:16">Solbakken</stop>
    <stop arrival="10:17" departure="10:17">Handelshøyskolen</stop>
    <stop arrival="10:18" departure="10:18">Nyhavnsvei (Gamle Bergen)</stop>
    <stop arrival="10:20" departure="10:20">Munkebotten</stop>
    <stop arrival="10:21" departure="10:21">Ludebryggen</stop>
    <stop arrival="10:24" departure="10:24">Sandvikstorget</stop>
    <stop arrival="10:26" departure="10:26">Skutevikstorget</stop>
    <stop arrival="10:27" departure="10:27">Bontelabo</stop>
    <stop arrival="10:28" departure="10:28">Slottsgaten</stop>
    <stop arrival="10:29" departure="10:29">Bryggen</stop>
    <stop arrival="10:30" departure="10:30">Olav Kyrres gate</stop>
    <stop arrival="10:35" departure="10:35">Bergen Busstasjon</stop>
    <stop arrival="10:39" departure="10:39">Danmarksplass</stop>
    <stop arrival="10:40" departure="10:40">Solheimsgaten</stop>
    <stop arrival="10:41" departure="10:41">Reperbanen</stop>
    <stop arrival="10:43" departure="10:43">Fjøsangerveien/ Minde Allè</stop>
    <stop arrival="10:47" departure="10:47">Minde</stop>
    <stop arrival="10:48" departure="10:48">Elvebakken</stop>
    <stop arrival="10:48" departure="10:48">Storetveit</stop>
    <stop arrival="10:48" departure="10:48">Fantoft</stop>
    <stop arrival="10:49" departure="10:49">Nydalen</stop>
    <stop arrival="10:50" departure="10:50">Paradis</stop>
    <stop arrival="10:51" departure="10:51">Tveiteråsskiftet</stop>
    <stop arrival="10:52" departure="10:52">Hopsbro</stop>
    <stop arrival="10:54" departure="10:54">Hopstangen</stop>
    <stop arrival="10:55" departure="10:55">Nesttun terminal</stop>
    <stop arrival="10:55" departure="10:55">Nesttun</stop>
    <stop arrival="10:57" departure="10:57">Nesttunhallen</stop>
    <stop arrival="10:57" departure="10:57">Gamle kyrkjeveg</stop>
    <stop arrival="10:57" departure="10:57">Tranevegen</stop>
    <stop arrival="10:58" departure="10:58">Hjortevegen</stop>
    <stop arrival="10:59" departure="10:59">Dådyrvegen</stop>
    <stop arrival="10:59" departure="10:59">Nedre Smøråsvegen</stop>
    <stop arrival="11:01" departure="11:01">Smørås</stop>
    <stop arrival="11:02">Smørås snuplass</stop>
  </route>
  <route no="24" destination="Smørås snuplass" url="http://www.web2051.no/bin/tp/zuginfo.exe/on/605841/206117/348958/27468/1/" trafficDays="kjører Lø, ikke 1. Mai">
    <stop departure="10:13" routeNo="24">Lønborglien snuplass</stop>
    <stop arrival="10:13" departure="10:13">Lønborglien 2</stop>
    <stop arrival="10:14" departure="10:14">Lønborglien 1</stop>
    <stop arrival="10:15" departure="10:15">Nordre Lønborg</stop>
    <stop arrival="10:16" departure="10:16">Lønborg</stop>
    <stop arrival="10:16" departure="10:16">Brunestykket</stop>
    <stop arrival="10:17" departure="10:17">Hellebakken</stop>
    <stop arrival="10:18" departure="10:18">Eikeviken</stop>
    <stop arrival="10:19" departure="10:19">Solbakken</stop>
    <stop arrival="10:20" departure="10:20">Handelshøyskolen</stop>
    <stop arrival="10:21" departure="10:21">Nyhavnsvei (Gamle Bergen)</stop>
    <stop arrival="10:22" departure="10:22">Munkebotten</stop>
    <stop arrival="10:23" departure="10:23">Ludebryggen</stop>
    <stop arrival="10:25" departure="10:25">Sandvikstorget</stop>
    <stop arrival="10:27" departure="10:27">Skutevikstorget</stop>
    <stop arrival="10:27" departure="10:27">Bontelabo</stop>
    <stop arrival="10:28" departure="10:28">Slottsgaten</stop>
    <stop arrival="10:29" departure="10:29">Bryggen</stop>
    <stop arrival="10:30" departure="10:30">Olav Kyrres gate</stop>
    <stop arrival="10:35" departure="10:35">Bergen Busstasjon</stop>
    <stop arrival="10:39" departure="10:39">Danmarksplass</stop>
    <stop arrival="10:40" departure="10:40">Solheimsgaten</stop>
    <stop arrival="10:41" departure="10:41">Reperbanen</stop>
    <stop arrival="10:43" departure="10:43">Fjøsangerveien/ Minde Allè</stop>
    <stop arrival="10:46" departure="10:46">Minde</stop>
    <stop arrival="10:47" departure="10:47">Elvebakken</stop>
    <stop arrival="10:48" departure="10:48">Storetveit</stop>
    <stop arrival="10:48" departure="10:48">Fantoft</stop>
    <stop arrival="10:49" departure="10:49">Nydalen</stop>
    <stop arrival="10:50" departure="10:50">Paradis</stop>
    <stop arrival="10:51" departure="10:51">Tveiteråsskiftet</stop>
    <stop arrival="10:52" departure="10:52">Hopsbro</stop>
    <stop arrival="10:54" departure="10:54">Hopstangen</stop>
    <stop arrival="10:55" departure="10:55">Nesttun terminal</stop>
    <stop arrival="10:55" departure="10:55">Nesttun</stop>
    <stop arrival="10:57" departure="10:57">Nesttunhallen</stop>
    <stop arrival="10:57" departure="10:57">Gamle kyrkjeveg</stop>
    <stop arrival="10:57" departure="10:57">Tranevegen</stop>
    <stop arrival="10:58" departure="10:58">Hjortevegen</stop>
    <stop arrival="10:58" departure="10:58">Dådyrvegen</stop>
    <stop arrival="10:59" departure="10:59">Nedre Smøråsvegen</stop>
    <stop arrival="11:00" departure="11:00">Smørås</stop>
    <stop arrival="11:01">Smørås snuplass</stop>
  </route>
  <route no="20" destination="Lønborglien snuplass" url="http://www.web2051.no/bin/tp/zuginfo.exe/on/372600/128049/918322/334963/1/" trafficDays="kjører Ma - Fr, ikke 13., 17., 24. Mai">
    <stop departure="9:24" routeNo="20">Smørås snuplass</stop>
    <stop arrival="9:25" departure="9:25">Smørås</stop>
    <stop arrival="9:26" departure="9:26">Nedre Smøråsvegen</stop>
    <stop arrival="9:26" departure="9:26">Dådyrvegen</stop>
    <stop arrival="9:27" departure="9:27">Hjortevegen</stop>
    <stop arrival="9:28" departure="9:28">Tranevegen</stop>
    <stop arrival="9:30" departure="9:30">Gamle kyrkjeveg</stop>
    <stop arrival="9:31" departure="9:31">Nesttunhallen</stop>
    <stop arrival="9:34" departure="9:34">Nesttun</stop>
    <stop arrival="9:35" departure="9:35">Nesttun terminal</stop>
    <stop arrival="9:37" departure="9:37">Hopsbro</stop>
    <stop arrival="9:39" departure="9:39">Tveiteråsskiftet</stop>
    <stop arrival="9:40" departure="9:40">Paradis</stop>
    <stop arrival="9:42" departure="9:42">Nydalen</stop>
    <stop arrival="9:44" departure="9:44">Fantoft</stop>
    <stop arrival="9:45" departure="9:45">Storetveit</stop>
    <stop arrival="9:45" departure="9:45">Elvebakken</stop>
    <stop arrival="9:46" departure="9:46">Minde</stop>
    <stop arrival="9:49" departure="9:49">Mindemyren</stop>
    <stop arrival="9:50" departure="9:50">Postterminalen</stop>
    <stop arrival="9:51" departure="9:51">Kanalveien v/LBK</stop>
    <stop arrival="9:53" departure="9:53">Danmarksplass v/Forum kino</stop>
    <stop arrival="9:58" departure="9:58">Bergen Busstasjon</stop>
    <stop arrival="10:00" departure="10:00">Christies gate (Festplassen)</stop>
    <stop arrival="10:03" departure="10:03">Torget v/DnB</stop>
    <stop arrival="10:04" departure="10:04">Bryggen</stop>
    <stop arrival="10:04" departure="10:04">Slottsgaten</stop>
    <stop arrival="10:05" departure="10:05">Bontelabo</stop>
    <stop arrival="10:06" departure="10:06">Skutevikstorget</stop>
    <stop arrival="10:06" departure="10:06">Sjøgaten</stop>
    <stop arrival="10:07" departure="10:07">Sandvikstorget</stop>
    <stop arrival="10:08" departure="10:08">Ludebryggen</stop>
    <stop arrival="10:08" departure="10:08">Munkebotten</stop>
    <stop arrival="10:10" departure="10:10">Nyhavnsvei (Gamle Bergen)</stop>
    <stop arrival="10:11" departure="10:11">Handelshøyskolen</stop>
    <stop arrival="10:12" departure="10:12">Solbakken</stop>
    <stop arrival="10:13" departure="10:13">Eikeviken</stop>
    <stop arrival="10:15" departure="10:15">Hellebakken</stop>
    <stop arrival="10:15" departure="10:15">Brunestykket</stop>
    <stop arrival="10:16" departure="10:16">Lønborg</stop>
    <stop arrival="10:17" departure="10:17">Nordre Lønborg</stop>
    <stop arrival="10:20" departure="10:20">Lønborglien 1</stop>
    <stop arrival="10:21" departure="10:21">Lønborglien 2</stop>
    <stop arrival="10:23">Lønborglien snuplass</stop>
  </route>
  <route no="21" destination="Søråshøgda snuplass" url="http://www.web2051.no/bin/tp/zuginfo.exe/on/855216/289014/378264/95940/1/" trafficDays="kjører Sø, også 1., 13., 17., 24. Mai">
    <stop departure="10:04" routeNo="21">Åsane terminal</stop>
    <stop arrival="10:05" departure="10:05">Hesthaugen</stop>
    <stop arrival="10:06" departure="10:06">Stamskaret</stop>
    <stop arrival="10:07" departure="10:07">Tertneskrysset gamleveien</stop>
    <stop arrival="10:08" departure="10:08">Griggastemma</stop>
    <stop arrival="10:08" departure="10:08">Åstveitvegen</stop>
    <stop arrival="10:09" departure="10:09">Ervik øvre</stop>
    <stop arrival="10:10" departure="10:10">Ervik nedre (Sellesvingen)</stop>
    <stop arrival="10:11" departure="10:11">Selvikvegen</stop>
    <stop arrival="10:12" departure="10:12">Eidsvåg gamlevegen</stop>
    <stop arrival="10:12" departure="10:12">Fabrikkvegen</stop>
    <stop arrival="10:15" departure="10:15">Hagebyen (Eidsvåg)</stop>
    <stop arrival="10:16" departure="10:16">Lillevågen</stop>
    <stop arrival="10:16" departure="10:16">Tømmervågen</stop>
    <stop arrival="10:17" departure="10:17">Trollbekken</stop>
    <stop arrival="10:17" departure="10:17">Trolldalen (Eidsvågneset)</stop>
    <stop arrival="10:18" departure="10:18">Fagerbakken</stop>
    <stop arrival="10:19" departure="10:19">Nordre Lønborg</stop>
    <stop arrival="10:20" departure="10:20">Lønborg</stop>
    <stop arrival="10:20" departure="10:20">Brunestykket</stop>
    <stop arrival="10:21" departure="10:21">Hellebakken</stop>
    <stop arrival="10:22" departure="10:22">Eikeviken</stop>
    <stop arrival="10:23" departure="10:23">Solbakken</stop>
    <stop arrival="10:24" departure="10:24">Handelshøyskolen</stop>
    <stop arrival="10:25" departure="10:25">Nyhavnsvei (Gamle Bergen)</stop>
    <stop arrival="10:27" departure="10:27">Munkebotten</stop>
    <stop arrival="10:27" departure="10:27">Ludebryggen</stop>
    <stop arrival="10:30" departure="10:30">Sandvikstorget</stop>
    <stop arrival="10:31" departure="10:31">Skutevikstorget</stop>
    <stop arrival="10:32" departure="10:32">Bontelabo</stop>
    <stop arrival="10:33" departure="10:33">Slottsgaten</stop>
    <stop arrival="10:34" departure="10:34">Bryggen</stop>
    <stop arrival="10:35" departure="10:35">Olav Kyrres gate</stop>
    <stop arrival="10:40" departure="10:40">Bergen Busstasjon</stop>
    <stop arrival="10:45" departure="10:45">Danmarksplass</stop>
    <stop arrival="10:46" departure="10:46">Solheimsgaten</stop>
    <stop arrival="10:47" departure="10:47">Reperbanen</stop>
    <stop arrival="10:48" departure="10:48">Fjøsangerveien/ Minde Allè</stop>
    <stop arrival="10:51" departure="10:51">Minde</stop>
    <stop arrival="10:52" departure="10:52">Elvebakken</stop>
    <stop arrival="10:53" departure="10:53">Storetveit</stop>
    <stop arrival="10:53" departure="10:53">Fantoft</stop>
    <stop arrival="10:54" departure="10:54">Nydalen</stop>
    <stop arrival="10:55" departure="10:55">Paradis</stop>
    <stop arrival="10:56" departure="10:56">Tveiteråsskiftet</stop>
    <stop arrival="10:57" departure="10:57">Hopsbro</stop>
    <stop arrival="10:59" departure="10:59">Hopstangen</stop>
    <stop arrival="11:00" departure="11:00">Nesttun terminal</stop>
    <stop arrival="11:02" departure="11:02">Nesttun</stop>
    <stop arrival="11:05" departure="11:05">Skjoldskiftet</stop>
    <stop arrival="11:05" departure="11:05">Nesttunbrekka</stop>
    <stop arrival="11:06" departure="11:06">Mårdalen</stop>
    <stop arrival="11:06" departure="11:06">Skjoldhøgda</stop>
    <stop arrival="11:06" departure="11:06">Skjold skole</stop>
    <stop arrival="11:07" departure="11:07">Søråsveien</stop>
    <stop arrival="11:07" departure="11:07">Kilden senter</stop>
    <stop arrival="11:08" departure="11:08">Nordåsgrenda</stop>
    <stop arrival="11:09" departure="11:09">Nordåstræet</stop>
    <stop arrival="11:10" departure="11:10">Nordås</stop>
    <stop arrival="11:11" departure="11:11">Nordåstræet</stop>
    <stop arrival="11:12" departure="11:12">Nordåsgrenda</stop>
    <stop arrival="11:14" departure="11:14">Søråsgrenda</stop>
    <stop arrival="11:15">Søråshøgda snuplass</stop>
  </route>
  <route no="24" destination="Nesttun terminal" url="http://www.web2051.no/bin/tp/zuginfo.exe/on/19344/10656/307460/147282/1/" trafficDays="kjører Ma - Fr, ikke 13., 17., 24. Mai">
    <stop departure="10:01" routeNo="24">Åsane terminal</stop>
    <stop arrival="10:02" departure="10:02">Hesthaugen</stop>
    <stop arrival="10:03" departure="10:03">Stamskaret</stop>
    <stop arrival="10:04" departure="10:04">Tertneskrysset gamleveien</stop>
    <stop arrival="10:05" departure="10:05">Griggastemma</stop>
    <stop arrival="10:07" departure="10:07">Nedre Åstveit snuplass</stop>
    <stop arrival="10:09" departure="10:09">Åstveitvegen</stop>
    <stop arrival="10:10" departure="10:10">Ervik øvre</stop>
    <stop arrival="10:11" departure="10:11">Ervik nedre (Sellesvingen)</stop>
    <stop arrival="10:12" departure="10:12">Eidsvåg gamlevegen</stop>
    <stop arrival="10:12" departure="10:12">Fabrikkvegen</stop>
    <stop arrival="10:14" departure="10:14">Hagebyen (Eidsvåg)</stop>
    <stop arrival="10:15" departure="10:15">Lillevågen</stop>
    <stop arrival="10:16" departure="10:16">Tømmervågen</stop>
    <stop arrival="10:17" departure="10:17">Trollbekken</stop>
    <stop arrival="10:18" departure="10:18">Trolldalen (Eidsvågneset)</stop>
    <stop arrival="10:20" departure="10:20">Fagerbakken</stop>
    <stop arrival="10:22" departure="10:22">Nordre Lønborg</stop>
    <stop arrival="10:23" departure="10:23">Lønborg</stop>
    <stop arrival="10:23" departure="10:23">Brunestykket</stop>
    <stop arrival="10:24" departure="10:24">Hellebakken</stop>
    <stop arrival="10:25" departure="10:25">Eikeviken</stop>
    <stop arrival="10:26" departure="10:26">Solbakken</stop>
    <stop arrival="10:27" departure="10:27">Handelshøyskolen</stop>
    <stop arrival="10:28" departure="10:28">Nyhavnsvei (Gamle Bergen)</stop>
    <stop arrival="10:30" departure="10:30">Munkebotten</stop>
    <stop arrival="10:31" departure="10:31">Ludebryggen</stop>
    <stop arrival="10:34" departure="10:34">Sandvikstorget</stop>
    <stop arrival="10:36" departure="10:36">Skutevikstorget</stop>
    <stop arrival="10:37" departure="10:37">Bontelabo</stop>
    <stop arrival="10:38" departure="10:38">Slottsgaten</stop>
    <stop arrival="10:39" departure="10:39">Bryggen</stop>
    <stop arrival="10:40" departure="10:40">Olav Kyrres gate</stop>
    <stop arrival="10:45" departure="10:45">Bergen Busstasjon</stop>
    <stop arrival="10:49" departure="10:49">Danmarksplass</stop>
    <stop arrival="10:50" departure="10:50">Solheimsgaten</stop>
    <stop arrival="10:51" departure="10:51">Reperbanen</stop>
    <stop arrival="10:53" departure="10:53">Fjøsangerveien/ Minde Allè</stop>
    <stop arrival="10:57" departure="10:57">Minde</stop>
    <stop arrival="10:58" departure="10:58">Elvebakken</stop>
    <stop arrival="10:58" departure="10:58">Storetveit</stop>
    <stop arrival="10:58" departure="10:58">Fantoft</stop>
    <stop arrival="10:59" departure="10:59">Nydalen</stop>
    <stop arrival="11:00" departure="11:00">Paradis</stop>
    <stop arrival="11:01" departure="11:01">Tveiteråsskiftet</stop>
    <stop arrival="11:02" departure="11:02">Hopsbro</stop>
    <stop arrival="11:04" departure="11:04">Hopstangen</stop>
    <stop arrival="11:05">Nesttun terminal</stop>
  </route>
  <route no="24" destination="Åsane terminal" url="http://www.web2051.no/bin/tp/zuginfo.exe/on/622869/211792/836922/210838/1/" trafficDays="kjører Lø, ikke 1. Mai">
    <stop departure="9:45" routeNo="24">Nesttun terminal</stop>
    <stop arrival="9:46" departure="9:46">Hopsbro</stop>
    <stop arrival="9:47" departure="9:47">Tveiteråsskiftet</stop>
    <stop arrival="9:48" departure="9:48">Paradis</stop>
    <stop arrival="9:50" departure="9:50">Nydalen</stop>
    <stop arrival="9:51" departure="9:51">Fantoft</stop>
    <stop arrival="9:52" departure="9:52">Storetveit</stop>
    <stop arrival="9:52" departure="9:52">Elvebakken</stop>
    <stop arrival="9:53" departure="9:53">Minde</stop>
    <stop arrival="9:57" departure="9:57">Mindemyren</stop>
    <stop arrival="9:58" departure="9:58">Postterminalen</stop>
    <stop arrival="9:58" departure="9:58">Kanalveien v/LBK</stop>
    <stop arrival="10:00" departure="10:00">Danmarksplass v/Forum kino</stop>
    <stop arrival="10:04" departure="10:04">Bergen Busstasjon</stop>
    <stop arrival="10:07" departure="10:07">Christies gate (Festplassen)</stop>
    <stop arrival="10:10" departure="10:10">Torget v/DnB</stop>
    <stop arrival="10:11" departure="10:11">Bryggen</stop>
    <stop arrival="10:11" departure="10:11">Slottsgaten</stop>
    <stop arrival="10:12" departure="10:12">Bontelabo</stop>
    <stop arrival="10:13" departure="10:13">Skutevikstorget</stop>
    <stop arrival="10:13" departure="10:13">Sjøgaten</stop>
    <stop arrival="10:14" departure="10:14">Sandvikstorget</stop>
    <stop arrival="10:15" departure="10:15">Ludebryggen</stop>
    <stop arrival="10:15" departure="10:15">Munkebotten</stop>
    <stop arrival="10:17" departure="10:17">Nyhavnsvei (Gamle Bergen)</stop>
    <stop arrival="10:18" departure="10:18">Handelshøyskolen</stop>
    <stop arrival="10:19" departure="10:19">Solbakken</stop>
    <stop arrival="10:19" departure="10:19">Eikeviken</stop>
    <stop arrival="10:20" departure="10:20">Hellebakken</stop>
    <stop arrival="10:21" departure="10:21">Brunestykket</stop>
    <stop arrival="10:22" departure="10:22">Lønborg</stop>
    <stop arrival="10:22" departure="10:22">Nordre Lønborg</stop>
    <stop arrival="10:22" departure="10:22">Fagerbakken</stop>
    <stop arrival="10:23" departure="10:23">Eidsvågneset</stop>
    <stop arrival="10:23" departure="10:23">Trolldalen (Eidsvågneset)</stop>
    <stop arrival="10:23" departure="10:23">Trollbekken</stop>
    <stop arrival="10:24" departure="10:24">Tømmervågen</stop>
    <stop arrival="10:24" departure="10:24">Lillevågen</stop>
    <stop arrival="10:25" departure="10:25">Hagebyen (Eidsvåg)</stop>
    <stop arrival="10:25" departure="10:25">Fabrikkvegen</stop>
    <stop arrival="10:26" departure="10:26">Eidsvåg gamlevegen</stop>
    <stop arrival="10:27" departure="10:27">Selvikvegen</stop>
    <stop arrival="10:28" departure="10:28">Ervik nedre (Sellesvingen)</stop>
    <stop arrival="10:28" departure="10:28">Ervik øvre</stop>
    <stop arrival="10:29" departure="10:29">Åstveitvegen</stop>
    <stop arrival="10:30" departure="10:30">Griggastemma</stop>
    <stop arrival="10:31" departure="10:31">Tertneskrysset gamleveien</stop>
    <stop arrival="10:33" departure="10:33">Stamskaret</stop>
    <stop arrival="10:34" departure="10:34">Hesthaugen</stop>
    <stop arrival="10:35">Åsane terminal</stop>
  </route>
  <route no="24" destination="Åsane terminal" url="http://www.web2051.no/bin/tp/zuginfo.exe/on/32622/15081/248278/113268/1/" trafficDays="kjører Ma - Fr, ikke 13., 17., 24. Mai">
    <stop departure="9:45" routeNo="24">Nesttun terminal</stop>
    <stop arrival="9:47" departure="9:47">Hopsbro</stop>
    <stop arrival="9:49" departure="9:49">Tveiteråsskiftet</stop>
    <stop arrival="9:50" departure="9:50">Paradis</stop>
    <stop arrival="9:52" departure="9:52">Nydalen</stop>
    <stop arrival="9:54" departure="9:54">Fantoft</stop>
    <stop arrival="9:55" departure="9:55">Storetveit</stop>
    <stop arrival="9:55" departure="9:55">Elvebakken</stop>
    <stop arrival="9:56" departure="9:56">Minde</stop>
    <stop arrival="9:59" departure="9:59">Mindemyren</stop>
    <stop arrival="10:00" departure="10:00">Postterminalen</stop>
    <stop arrival="10:01" departure="10:01">Kanalveien v/LBK</stop>
    <stop arrival="10:03" departure="10:03">Danmarksplass v/Forum kino</stop>
    <stop arrival="10:08" departure="10:08">Bergen Busstasjon</stop>
    <stop arrival="10:10" departure="10:10">Christies gate (Festplassen)</stop>
    <stop arrival="10:13" departure="10:13">Torget v/DnB</stop>
    <stop arrival="10:14" departure="10:14">Bryggen</stop>
    <stop arrival="10:14" departure="10:14">Slottsgaten</stop>
    <stop arrival="10:15" departure="10:15">Bontelabo</stop>
    <stop arrival="10:16" departure="10:16">Skutevikstorget</stop>
    <stop arrival="10:16" departure="10:16">Sjøgaten</stop>
    <stop arrival="10:17" departure="10:17">Sandvikstorget</stop>
    <stop arrival="10:18" departure="10:18">Ludebryggen</stop>
    <stop arrival="10:18" departure="10:18">Munkebotten</stop>
    <stop arrival="10:20" departure="10:20">Nyhavnsvei (Gamle Bergen)</stop>
    <stop arrival="10:21" departure="10:21">Handelshøyskolen</stop>
    <stop arrival="10:22" departure="10:22">Solbakken</stop>
    <stop arrival="10:23" departure="10:23">Eikeviken</stop>
    <stop arrival="10:25" departure="10:25">Hellebakken</stop>
    <stop arrival="10:25" departure="10:25">Brunestykket</stop>
    <stop arrival="10:26" departure="10:26">Lønborg</stop>
    <stop arrival="10:27" departure="10:27">Nordre Lønborg</stop>
    <stop arrival="10:27" departure="10:27">Fagerbakken</stop>
    <stop arrival="10:28" departure="10:28">Eidsvågneset</stop>
    <stop arrival="10:28" departure="10:28">Trolldalen (Eidsvågneset)</stop>
    <stop arrival="10:29" departure="10:29">Trollbekken</stop>
    <stop arrival="10:29" departure="10:29">Tømmervågen</stop>
    <stop arrival="10:30" departure="10:30">Lillevågen</stop>
    <stop arrival="10:31" departure="10:31">Hagebyen (Eidsvåg)</stop>
    <stop arrival="10:32" departure="10:32">Fabrikkvegen</stop>
    <stop arrival="10:33" departure="10:33">Eidsvåg gamlevegen</stop>
    <stop arrival="10:34" departure="10:34">Selvikvegen</stop>
    <stop arrival="10:35" departure="10:35">Ervik nedre (Sellesvingen)</stop>
    <stop arrival="10:35" departure="10:35">Ervik øvre</stop>
    <stop arrival="10:36" departure="10:36">Åstveitvegen</stop>
    <stop arrival="10:37" departure="10:37">Griggastemma</stop>
    <stop arrival="10:38" departure="10:38">Tertneskrysset gamleveien</stop>
    <stop arrival="10:40" departure="10:40">Stamskaret</stop>
    <stop arrival="10:41" departure="10:41">Hesthaugen</stop>
    <stop arrival="10:42">Åsane terminal</stop>
  </route>
  <route no="20" destination="Lagunen" url="http://www.web2051.no/bin/tp/zuginfo.exe/on/579567/196977/7066/189656/1/" trafficDays="kjører Lø, ikke 1. Mai">
    <stop departure="10:30" routeNo="20">Lønborglien snuplass</stop>
    <stop arrival="10:30" departure="10:30">Lønborglien 2</stop>
    <stop arrival="10:31" departure="10:31">Lønborglien 1</stop>
    <stop arrival="10:32" departure="10:32">Nordre Lønborg</stop>
    <stop arrival="10:33" departure="10:33">Lønborg</stop>
    <stop arrival="10:33" departure="10:33">Brunestykket</stop>
    <stop arrival="10:34" departure="10:34">Hellebakken</stop>
    <stop arrival="10:35" departure="10:35">Eikeviken</stop>
    <stop arrival="10:36" departure="10:36">Solbakken</stop>
    <stop arrival="10:37" departure="10:37">Handelshøyskolen</stop>
    <stop arrival="10:38" departure="10:38">Nyhavnsvei (Gamle Bergen)</stop>
    <stop arrival="10:40" departure="10:40">Munkebotten</stop>
    <stop arrival="10:41" departure="10:41">Ludebryggen</stop>
    <stop arrival="10:44" departure="10:44">Sandvikstorget</stop>
    <stop arrival="10:46" departure="10:46">Skutevikstorget</stop>
    <stop arrival="10:47" departure="10:47">Bontelabo</stop>
    <stop arrival="10:48" departure="10:48">Slottsgaten</stop>
    <stop arrival="10:49" departure="10:49">Bryggen</stop>
    <stop arrival="10:50" departure="10:50">Olav Kyrres gate</stop>
    <stop arrival="10:55" departure="10:55">Bergen Busstasjon</stop>
    <stop arrival="10:59" departure="10:59">Danmarksplass</stop>
    <stop arrival="11:00" departure="11:00">Solheimsgaten</stop>
    <stop arrival="11:01" departure="11:01">Reperbanen</stop>
    <stop arrival="11:03" departure="11:03">Fjøsangerveien/ Minde Allè</stop>
    <stop arrival="11:06" departure="11:06">Minde</stop>
    <stop arrival="11:07" departure="11:07">Elvebakken</stop>
    <stop arrival="11:08" departure="11:08">Storetveit</stop>
    <stop arrival="11:08" departure="11:08">Fantoft</stop>
    <stop arrival="11:09" departure="11:09">Nydalen</stop>
    <stop arrival="11:10" departure="11:10">Paradis</stop>
    <stop arrival="11:11" departure="11:11">Tveiteråsskiftet</stop>
    <stop arrival="11:12" departure="11:12">Hopsbro</stop>
    <stop arrival="11:14" departure="11:14">Hopstangen</stop>
    <stop arrival="11:15" departure="11:15">Nesttun terminal</stop>
    <stop arrival="11:17" departure="11:17">Nesttun</stop>
    <stop arrival="11:20" departure="11:20">Skjoldskiftet</stop>
    <stop arrival="11:21" departure="11:21">Nesttunbrekka</stop>
    <stop arrival="11:21" departure="11:21">Mårdalen</stop>
    <stop arrival="11:22" departure="11:22">Skjoldhøgda</stop>
    <stop arrival="11:24" departure="11:24">Skjold skole</stop>
    <stop arrival="11:25">Lagunen</stop>
  </route>
  <route no="20" destination="Fana Stadion" url="http://www.web2051.no/bin/tp/zuginfo.exe/on/637206/216261/962740/268969/1/" trafficDays="kjører Ma - Fr, ikke 13., 17., 24. Mai">
    <stop departure="10:30" routeNo="20">Lønborglien snuplass</stop>
    <stop arrival="10:30" departure="10:30">Lønborglien 2</stop>
    <stop arrival="10:31" departure="10:31">Lønborglien 1</stop>
    <stop arrival="10:32" departure="10:32">Nordre Lønborg</stop>
    <stop arrival="10:33" departure="10:33">Lønborg</stop>
    <stop arrival="10:33" departure="10:33">Brunestykket</stop>
    <stop arrival="10:34" departure="10:34">Hellebakken</stop>
    <stop arrival="10:35" departure="10:35">Eikeviken</stop>
    <stop arrival="10:36" departure="10:36">Solbakken</stop>
    <stop arrival="10:37" departure="10:37">Handelshøyskolen</stop>
    <stop arrival="10:38" departure="10:38">Nyhavnsvei (Gamle Bergen)</stop>
    <stop arrival="10:40" departure="10:40">Munkebotten</stop>
    <stop arrival="10:41" departure="10:41">Ludebryggen</stop>
    <stop arrival="10:44" departure="10:44">Sandvikstorget</stop>
    <stop arrival="10:46" departure="10:46">Skutevikstorget</stop>
    <stop arrival="10:47" departure="10:47">Bontelabo</stop>
    <stop arrival="10:48" departure="10:48">Slottsgaten</stop>
    <stop arrival="10:49" departure="10:49">Bryggen</stop>
    <stop arrival="10:50" departure="10:50">Olav Kyrres gate</stop>
    <stop arrival="10:55" departure="10:55">Bergen Busstasjon</stop>
    <stop arrival="10:58" departure="10:58">Danmarksplass</stop>
    <stop arrival="10:59" departure="10:59">Solheimsgaten</stop>
    <stop arrival="11:00" departure="11:00">Reperbanen</stop>
    <stop arrival="11:02" departure="11:02">Fjøsangerveien/ Minde Allè</stop>
    <stop arrival="11:03" departure="11:03">Minde</stop>
    <stop arrival="11:04" departure="11:04">Elvebakken</stop>
    <stop arrival="11:04" departure="11:04">Storetveit</stop>
    <stop arrival="11:04" departure="11:04">Fantoft</stop>
    <stop arrival="11:05" departure="11:05">Nydalen</stop>
    <stop arrival="11:06" departure="11:06">Paradis</stop>
    <stop arrival="11:07" departure="11:07">Tveiteråsskiftet</stop>
    <stop arrival="11:08" departure="11:08">Hopsbro</stop>
    <stop arrival="11:10" departure="11:10">Hopstangen</stop>
    <stop arrival="11:11" departure="11:11">Nesttun terminal</stop>
    <stop arrival="11:13" departure="11:13">Nesttun</stop>
    <stop arrival="11:16" departure="11:16">Skjold skole</stop>
    <stop arrival="11:18" departure="11:18">Lagunen</stop>
    <stop arrival="11:21">Fana Stadion</stop>
  </route>
  <route no="20" destination="Lønborglien snuplass" url="http://www.web2051.no/bin/tp/zuginfo.exe/on/931788/314454/877518/128163/1/" trafficDays="kjører Ma - Fr, ikke 13., 17., 24. Mai">
    <stop departure="9:40" routeNo="20">Fana Stadion</stop>
    <stop arrival="9:45" departure="9:45">Rådal ved Lagunen</stop>
    <stop arrival="9:50" departure="9:50">Skjold skole</stop>
    <stop arrival="9:52" departure="9:52">Mårdalen</stop>
    <stop arrival="9:53" departure="9:53">Nesttunbrekka</stop>
    <stop arrival="9:53" departure="9:53">Skjoldskiftet</stop>
    <stop arrival="9:54" departure="9:54">Nesttun</stop>
    <stop arrival="9:55" departure="9:55">Nesttun terminal</stop>
    <stop arrival="9:57" departure="9:57">Hopsbro</stop>
    <stop arrival="9:59" departure="9:59">Tveiteråsskiftet</stop>
    <stop arrival="10:00" departure="10:00">Paradis</stop>
    <stop arrival="10:02" departure="10:02">Nydalen</stop>
    <stop arrival="10:04" departure="10:04">Fantoft</stop>
    <stop arrival="10:05" departure="10:05">Storetveit</stop>
    <stop arrival="10:05" departure="10:05">Elvebakken</stop>
    <stop arrival="10:06" departure="10:06">Minde</stop>
    <stop arrival="10:09" departure="10:09">Mindemyren</stop>
    <stop arrival="10:10" departure="10:10">Postterminalen</stop>
    <stop arrival="10:11" departure="10:11">Kanalveien v/LBK</stop>
    <stop arrival="10:13" departure="10:13">Danmarksplass v/Forum kino</stop>
    <stop arrival="10:18" departure="10:18">Bergen Busstasjon</stop>
    <stop arrival="10:20" departure="10:20">Christies gate (Festplassen)</stop>
    <stop arrival="10:23" departure="10:23">Torget v/DnB</stop>
    <stop arrival="10:24" departure="10:24">Bryggen</stop>
    <stop arrival="10:24" departure="10:24">Slottsgaten</stop>
    <stop arrival="10:25" departure="10:25">Bontelabo</stop>
    <stop arrival="10:26" departure="10:26">Skutevikstorget</stop>
    <stop arrival="10:26" departure="10:26">Sjøgaten</stop>
    <stop arrival="10:27" departure="10:27">Sandvikstorget</stop>
    <stop arrival="10:28" departure="10:28">Ludebryggen</stop>
    <stop arrival="10:28" departure="10:28">Munkebotten</stop>
    <stop arrival="10:30" departure="10:30">Nyhavnsvei (Gamle Bergen)</stop>
    <stop arrival="10:31" departure="10:31">Handelshøyskolen</stop>
    <stop arrival="10:32" departure="10:32">Solbakken</stop>
    <stop arrival="10:33" departure="10:33">Eikeviken</stop>
    <stop arrival="10:35" departure="10:35">Hellebakken</stop>
    <stop arrival="10:35" departure="10:35">Brunestykket</stop>
    <stop arrival="10:36" departure="10:36">Lønborg</stop>
    <stop arrival="10:37" departure="10:37">Nordre Lønborg</stop>
    <stop arrival="10:40" departure="10:40">Lønborglien 1</stop>
    <stop arrival="10:41" departure="10:41">Lønborglien 2</stop>
    <stop arrival="10:43">Lønborglien snuplass</stop>
  </route>
  <route no="24" destination="Smørås snuplass" url="http://www.web2051.no/bin/tp/zuginfo.exe/on/306393/106303/712362/254050/1/" trafficDays="kjører Lø, ikke 1. Mai">
    <stop departure="10:40" routeNo="24">Lønborglien snuplass</stop>
    <stop arrival="10:40" departure="10:40">Lønborglien 2</stop>
    <stop arrival="10:41" departure="10:41">Lønborglien 1</stop>
    <stop arrival="10:42" departure="10:42">Nordre Lønborg</stop>
    <stop arrival="10:43" departure="10:43">Lønborg</stop>
    <stop arrival="10:43" departure="10:43">Brunestykket</stop>
    <stop arrival="10:44" departure="10:44">Hellebakken</stop>
    <stop arrival="10:45" departure="10:45">Eikeviken</stop>
    <stop arrival="10:46" departure="10:46">Solbakken</stop>
    <stop arrival="10:47" departure="10:47">Handelshøyskolen</stop>
    <stop arrival="10:48" departure="10:48">Nyhavnsvei (Gamle Bergen)</stop>
    <stop arrival="10:50" departure="10:50">Munkebotten</stop>
    <stop arrival="10:51" departure="10:51">Ludebryggen</stop>
    <stop arrival="10:54" departure="10:54">Sandvikstorget</stop>
    <stop arrival="10:56" departure="10:56">Skutevikstorget</stop>
    <stop arrival="10:57" departure="10:57">Bontelabo</stop>
    <stop arrival="10:58" departure="10:58">Slottsgaten</stop>
    <stop arrival="10:59" departure="10:59">Bryggen</stop>
    <stop arrival="11:00" departure="11:00">Olav Kyrres gate</stop>
    <stop arrival="11:05" departure="11:05">Bergen Busstasjon</stop>
    <stop arrival="11:09" departure="11:09">Danmarksplass</stop>
    <stop arrival="11:10" departure="11:10">Solheimsgaten</stop>
    <stop arrival="11:11" departure="11:11">Reperbanen</stop>
    <stop arrival="11:13" departure="11:13">Fjøsangerveien/ Minde Allè</stop>
    <stop arrival="11:16" departure="11:16">Minde</stop>
    <stop arrival="11:17" departure="11:17">Elvebakken</stop>
    <stop arrival="11:18" departure="11:18">Storetveit</stop>
    <stop arrival="11:18" departure="11:18">Fantoft</stop>
    <stop arrival="11:19" departure="11:19">Nydalen</stop>
    <stop arrival="11:20" departure="11:20">Paradis</stop>
    <stop arrival="11:21" departure="11:21">Tveiteråsskiftet</stop>
    <stop arrival="11:22" departure="11:22">Hopsbro</stop>
    <stop arrival="11:24" departure="11:24">Hopstangen</stop>
    <stop arrival="11:25" departure="11:25">Nesttun terminal</stop>
    <stop arrival="11:25" departure="11:25">Nesttun</stop>
    <stop arrival="11:27" departure="11:27">Nesttunhallen</stop>
    <stop arrival="11:27" departure="11:27">Gamle kyrkjeveg</stop>
    <stop arrival="11:27" departure="11:27">Tranevegen</stop>
    <stop arrival="11:28" departure="11:28">Hjortevegen</stop>
    <stop arrival="11:28" departure="11:28">Dådyrvegen</stop>
    <stop arrival="11:29" departure="11:29">Nedre Smøråsvegen</stop>
    <stop arrival="11:30" departure="11:30">Smørås</stop>
    <stop arrival="11:31">Smørås snuplass</stop>
  </route>
  <route no="24" destination="Smørås snuplass" url="http://www.web2051.no/bin/tp/zuginfo.exe/on/566394/192998/857054/239736/1/" trafficDays="kjører Ma - Fr, ikke 13., 17., 24. Mai">
    <stop departure="10:40" routeNo="24">Lønborglien snuplass</stop>
    <stop arrival="10:40" departure="10:40">Lønborglien 2</stop>
    <stop arrival="10:41" departure="10:41">Lønborglien 1</stop>
    <stop arrival="10:42" departure="10:42">Nordre Lønborg</stop>
    <stop arrival="10:43" departure="10:43">Lønborg</stop>
    <stop arrival="10:43" departure="10:43">Brunestykket</stop>
    <stop arrival="10:44" departure="10:44">Hellebakken</stop>
    <stop arrival="10:45" departure="10:45">Eikeviken</stop>
    <stop arrival="10:46" departure="10:46">Solbakken</stop>
    <stop arrival="10:47" departure="10:47">Handelshøyskolen</stop>
    <stop arrival="10:48" departure="10:48">Nyhavnsvei (Gamle Bergen)</stop>
    <stop arrival="10:50" departure="10:50">Munkebotten</stop>
    <stop arrival="10:51" departure="10:51">Ludebryggen</stop>
    <stop arrival="10:54" departure="10:54">Sandvikstorget</stop>
    <stop arrival="10:56" departure="10:56">Skutevikstorget</stop>
    <stop arrival="10:57" departure="10:57">Bontelabo</stop>
    <stop arrival="10:58" departure="10:58">Slottsgaten</stop>
    <stop arrival="10:59" departure="10:59">Bryggen</stop>
    <stop arrival="11:00" departure="11:00">Olav Kyrres gate</stop>
    <stop arrival="11:05" departure="11:05">Bergen Busstasjon</stop>
    <stop arrival="11:09" departure="11:09">Danmarksplass</stop>
    <stop arrival="11:10" departure="11:10">Solheimsgaten</stop>
    <stop arrival="11:11" departure="11:11">Reperbanen</stop>
    <stop arrival="11:13" departure="11:13">Fjøsangerveien/ Minde Allè</stop>
    <stop arrival="11:17" departure="11:17">Minde</stop>
    <stop arrival="11:18" departure="11:18">Elvebakken</stop>
    <stop arrival="11:18" departure="11:18">Storetveit</stop>
    <stop arrival="11:18" departure="11:18">Fantoft</stop>
    <stop arrival="11:19" departure="11:19">Nydalen</stop>
    <stop arrival="11:20" departure="11:20">Paradis</stop>
    <stop arrival="11:21" departure="11:21">Tveiteråsskiftet</stop>
    <stop arrival="11:22" departure="11:22">Hopsbro</stop>
    <stop arrival="11:24" departure="11:24">Hopstangen</stop>
    <stop arrival="11:25" departure="11:25">Nesttun terminal</stop>
    <stop arrival="11:25" departure="11:25">Nesttun</stop>
    <stop arrival="11:27" departure="11:27">Nesttunhallen</stop>
    <stop arrival="11:27" departure="11:27">Gamle kyrkjeveg</stop>
    <stop arrival="11:27" departure="11:27">Tranevegen</stop>
    <stop arrival="11:28" departure="11:28">Hjortevegen</stop>
    <stop arrival="11:29" departure="11:29">Dådyrvegen</stop>
    <stop arrival="11:29" departure="11:29">Nedre Smøråsvegen</stop>
    <stop arrival="11:31" departure="11:31">Smørås</stop>
    <stop arrival="11:32">Smørås snuplass</stop>
  </route>
  <route no="20" destination="Lønborglien snuplass" url="http://www.web2051.no/bin/tp/zuginfo.exe/on/231621/80991/497618/171602/1/" trafficDays="kjører Lø, ikke 1. Mai">
    <stop departure="9:56" routeNo="20">Smørås snuplass</stop>
    <stop arrival="9:57" departure="9:57">Smørås</stop>
    <stop arrival="9:59" departure="9:59">Nedre Smøråsvegen</stop>
    <stop arrival="9:59" departure="9:59">Dådyrvegen</stop>
    <stop arrival="10:00" departure="10:00">Hjortevegen</stop>
    <stop arrival="10:01" departure="10:01">Tranevegen</stop>
    <stop arrival="10:02" departure="10:02">Gamle kyrkjeveg</stop>
    <stop arrival="10:02" departure="10:02">Nesttunhallen</stop>
    <stop arrival="10:04" departure="10:04">Nesttun</stop>
    <stop arrival="10:05" departure="10:05">Nesttun terminal</stop>
    <stop arrival="10:06" departure="10:06">Hopsbro</stop>
    <stop arrival="10:07" departure="10:07">Tveiteråsskiftet</stop>
    <stop arrival="10:08" departure="10:08">Paradis</stop>
    <stop arrival="10:10" departure="10:10">Nydalen</stop>
    <stop arrival="10:11" departure="10:11">Fantoft</stop>
    <stop arrival="10:12" departure="10:12">Storetveit</stop>
    <stop arrival="10:12" departure="10:12">Elvebakken</stop>
    <stop arrival="10:13" departure="10:13">Minde</stop>
    <stop arrival="10:17" departure="10:17">Mindemyren</stop>
    <stop arrival="10:18" departure="10:18">Postterminalen</stop>
    <stop arrival="10:18" departure="10:18">Kanalveien v/LBK</stop>
    <stop arrival="10:20" departure="10:20">Danmarksplass v/Forum kino</stop>
    <stop arrival="10:24" departure="10:24">Bergen Busstasjon</stop>
    <stop arrival="10:27" departure="10:27">Christies gate (Festplassen)</stop>
    <stop arrival="10:30" departure="10:30">Torget v/DnB</stop>
    <stop arrival="10:31" departure="10:31">Bryggen</stop>
    <stop arrival="10:31" departure="10:31">Slottsgaten</stop>
    <stop arrival="10:32" departure="10:32">Bontelabo</stop>
    <stop arrival="10:33" departure="10:33">Skutevikstorget</stop>
    <stop arrival="10:33" departure="10:33">Sjøgaten</stop>
    <stop arrival="10:34" departure="10:34">Sandvikstorget</stop>
    <stop arrival="10:35" departure="10:35">Ludebryggen</stop>
    <stop arrival="10:35" departure="10:35">Munkebotten</stop>
    <stop arrival="10:37" departure="10:37">Nyhavnsvei (Gamle Bergen)</stop>
    <stop arrival="10:38" departure="10:38">Handelshøyskolen</stop>
    <stop arrival="10:39" departure="10:39">Solbakken</stop>
    <stop arrival="10:40" departure="10:40">Eikeviken</stop>
    <stop arrival="10:42" departure="10:42">Hellebakken</stop>
    <stop arrival="10:42" departure="10:42">Brunestykket</stop>
    <stop arrival="10:43" departure="10:43">Lønborg</stop>
    <stop arrival="10:44" departure="10:44">Nordre Lønborg</stop>
    <stop arrival="10:45" departure="10:45">Lønborglien 1</stop>
    <stop arrival="10:45" departure="10:45">Lønborglien 2</stop>
    <stop arrival="10:46">Lønborglien snuplass</stop>
  </route>
  <route no="20" destination="Lønborglien snuplass" url="http://www.web2051.no/bin/tp/zuginfo.exe/on/977577/329708/17560/317082/1/" trafficDays="kjører Ma - Fr, ikke 13., 17., 24. Mai">
    <stop departure="9:54" routeNo="20">Smørås snuplass</stop>
    <stop arrival="9:55" departure="9:55">Smørås</stop>
    <stop arrival="9:56" departure="9:56">Nedre Smøråsvegen</stop>
    <stop arrival="9:56" departure="9:56">Dådyrvegen</stop>
    <stop arrival="9:57" departure="9:57">Hjortevegen</stop>
    <stop arrival="9:58" departure="9:58">Tranevegen</stop>
    <stop arrival="10:00" departure="10:00">Gamle kyrkjeveg</stop>
    <stop arrival="10:01" departure="10:01">Nesttunhallen</stop>
    <stop arrival="10:04" departure="10:04">Nesttun</stop>
    <stop arrival="10:05" departure="10:05">Nesttun terminal</stop>
    <stop arrival="10:07" departure="10:07">Hopsbro</stop>
    <stop arrival="10:09" departure="10:09">Tveiteråsskiftet</stop>
    <stop arrival="10:10" departure="10:10">Paradis</stop>
    <stop arrival="10:12" departure="10:12">Nydalen</stop>
    <stop arrival="10:14" departure="10:14">Fantoft</stop>
    <stop arrival="10:15" departure="10:15">Storetveit</stop>
    <stop arrival="10:15" departure="10:15">Elvebakken</stop>
    <stop arrival="10:16" departure="10:16">Minde</stop>
    <stop arrival="10:19" departure="10:19">Mindemyren</stop>
    <stop arrival="10:20" departure="10:20">Postterminalen</stop>
    <stop arrival="10:21" departure="10:21">Kanalveien v/LBK</stop>
    <stop arrival="10:23" departure="10:23">Danmarksplass v/Forum kino</stop>
    <stop arrival="10:28" departure="10:28">Bergen Busstasjon</stop>
    <stop arrival="10:30" departure="10:30">Christies gate (Festplassen)</stop>
    <stop arrival="10:33" departure="10:33">Torget v/DnB</stop>
    <stop arrival="10:34" departure="10:34">Bryggen</stop>
    <stop arrival="10:34" departure="10:34">Slottsgaten</stop>
    <stop arrival="10:35" departure="10:35">Bontelabo</stop>
    <stop arrival="10:36" departure="10:36">Skutevikstorget</stop>
    <stop arrival="10:36" departure="10:36">Sjøgaten</stop>
    <stop arrival="10:37" departure="10:37">Sandvikstorget</stop>
    <stop arrival="10:38" departure="10:38">Ludebryggen</stop>
    <stop arrival="10:38" departure="10:38">Munkebotten</stop>
    <stop arrival="10:40" departure="10:40">Nyhavnsvei (Gamle Bergen)</stop>
    <stop arrival="10:41" departure="10:41">Handelshøyskolen</stop>
    <stop arrival="10:42" departure="10:42">Solbakken</stop>
    <stop arrival="10:43" departure="10:43">Eikeviken</stop>
    <stop arrival="10:45" departure="10:45">Hellebakken</stop>
    <stop arrival="10:45" departure="10:45">Brunestykket</stop>
    <stop arrival="10:46" departure="10:46">Lønborg</stop>
    <stop arrival="10:47" departure="10:47">Nordre Lønborg</stop>
    <stop arrival="10:50" departure="10:50">Lønborglien 1</stop>
    <stop arrival="10:51" departure="10:51">Lønborglien 2</stop>
    <stop arrival="10:53">Lønborglien snuplass</stop>
  </route>
  <route no="24" destination="Nesttun terminal" url="http://www.web2051.no/bin/tp/zuginfo.exe/on/660828/224447/478386/18917/1/" trafficDays="kjører Lø, ikke 1. Mai">
    <stop departure="10:34" routeNo="24">Åsane terminal</stop>
    <stop arrival="10:35" departure="10:35">Hesthaugen</stop>
    <stop arrival="10:36" departure="10:36">Stamskaret</stop>
    <stop arrival="10:37" departure="10:37">Tertneskrysset gamleveien</stop>
    <stop arrival="10:38" departure="10:38">Griggastemma</stop>
    <stop arrival="10:38" departure="10:38">Åstveitvegen</stop>
    <stop arrival="10:39" departure="10:39">Ervik øvre</stop>
    <stop arrival="10:40" departure="10:40">Ervik nedre (Sellesvingen)</stop>
    <stop arrival="10:41" departure="10:41">Selvikvegen</stop>
    <stop arrival="10:42" departure="10:42">Eidsvåg gamlevegen</stop>
    <stop arrival="10:43" departure="10:43">Fabrikkvegen</stop>
    <stop arrival="10:45" departure="10:45">Hagebyen (Eidsvåg)</stop>
    <stop arrival="10:47" departure="10:47">Lillevågen</stop>
    <stop arrival="10:48" departure="10:48">Tømmervågen</stop>
    <stop arrival="10:48" departure="10:48">Trollbekken</stop>
    <stop arrival="10:49" departure="10:49">Trolldalen (Eidsvågneset)</stop>
    <stop arrival="10:51" departure="10:51">Fagerbakken</stop>
    <stop arrival="10:52" departure="10:52">Nordre Lønborg</stop>
    <stop arrival="10:53" departure="10:53">Lønborg</stop>
    <stop arrival="10:53" departure="10:53">Brunestykket</stop>
    <stop arrival="10:54" departure="10:54">Hellebakken</stop>
    <stop arrival="10:55" departure="10:55">Eikeviken</stop>
    <stop arrival="10:56" departure="10:56">Solbakken</stop>
    <stop arrival="10:57" departure="10:57">Handelshøyskolen</stop>
    <stop arrival="10:59" departure="10:59">Nyhavnsvei (Gamle Bergen)</stop>
    <stop arrival="11:01" departure="11:01">Munkebotten</stop>
    <stop arrival="11:02" departure="11:02">Ludebryggen</stop>
    <stop arrival="11:03" departure="11:03">Sandvikstorget</stop>
    <stop arrival="11:05" departure="11:05">Skutevikstorget</stop>
    <stop arrival="11:06" departure="11:06">Bontelabo</stop>
    <stop arrival="11:08" departure="11:08">Slottsgaten</stop>
    <stop arrival="11:09" departure="11:09">Bryggen</stop>
    <stop arrival="11:10" departure="11:10">Olav Kyrres gate</stop>
    <stop arrival="11:15" departure="11:15">Bergen Busstasjon</stop>
    <stop arrival="11:19" departure="11:19">Danmarksplass</stop>
    <stop arrival="11:20" departure="11:20">Solheimsgaten</stop>
    <stop arrival="11:21" departure="11:21">Reperbanen</stop>
    <stop arrival="11:23" departure="11:23">Fjøsangerveien/ Minde Allè</stop>
    <stop arrival="11:26" departure="11:26">Minde</stop>
    <stop arrival="11:27" departure="11:27">Elvebakken</stop>
    <stop arrival="11:28" departure="11:28">Storetveit</stop>
    <stop arrival="11:28" departure="11:28">Fantoft</stop>
    <stop arrival="11:29" departure="11:29">Nydalen</stop>
    <stop arrival="11:30" departure="11:30">Paradis</stop>
    <stop arrival="11:31" departure="11:31">Tveiteråsskiftet</stop>
    <stop arrival="11:32" departure="11:32">Hopsbro</stop>
    <stop arrival="11:34" departure="11:34">Hopstangen</stop>
    <stop arrival="11:35">Nesttun terminal</stop>
  </route>
  <route no="24" destination="Nesttun terminal" url="http://www.web2051.no/bin/tp/zuginfo.exe/on/787371/266667/901102/188094/1/" trafficDays="kjører Ma - Fr, ikke 13., 17., 24. Mai">
    <stop departure="10:34" routeNo="24">Åsane terminal</stop>
    <stop arrival="10:35" departure="10:35">Hesthaugen</stop>
    <stop arrival="10:36" departure="10:36">Stamskaret</stop>
    <stop arrival="10:37" departure="10:37">Tertneskrysset gamleveien</stop>
    <stop arrival="10:38" departure="10:38">Griggastemma</stop>
    <stop arrival="10:38" departure="10:38">Åstveitvegen</stop>
    <stop arrival="10:39" departure="10:39">Ervik øvre</stop>
    <stop arrival="10:40" departure="10:40">Ervik nedre (Sellesvingen)</stop>
    <stop arrival="10:41" departure="10:41">Selvikvegen</stop>
    <stop arrival="10:42" departure="10:42">Eidsvåg gamlevegen</stop>
    <stop arrival="10:42" departure="10:42">Fabrikkvegen</stop>
    <stop arrival="10:44" departure="10:44">Hagebyen (Eidsvåg)</stop>
    <stop arrival="10:45" departure="10:45">Lillevågen</stop>
    <stop arrival="10:46" departure="10:46">Tømmervågen</stop>
    <stop arrival="10:47" departure="10:47">Trollbekken</stop>
    <stop arrival="10:48" departure="10:48">Trolldalen (Eidsvågneset)</stop>
    <stop arrival="10:50" departure="10:50">Fagerbakken</stop>
    <stop arrival="10:52" departure="10:52">Nordre Lønborg</stop>
    <stop arrival="10:53" departure="10:53">Lønborg</stop>
    <stop arrival="10:53" departure="10:53">Brunestykket</stop>
    <stop arrival="10:54" departure="10:54">Hellebakken</stop>
    <stop arrival="10:55" departure="10:55">Eikeviken</stop>
    <stop arrival="10:56" departure="10:56">Solbakken</stop>
    <stop arrival="10:57" departure="10:57">Handelshøyskolen</stop>
    <stop arrival="10:59" departure="10:59">Nyhavnsvei (Gamle Bergen)</stop>
    <stop arrival="11:01" departure="11:01">Munkebotten</stop>
    <stop arrival="11:02" departure="11:02">Ludebryggen</stop>
    <stop arrival="11:03" departure="11:03">Sandvikstorget</stop>
    <stop arrival="11:05" departure="11:05">Skutevikstorget</stop>
    <stop arrival="11:06" departure="11:06">Bontelabo</stop>
    <stop arrival="11:08" departure="11:08">Slottsgaten</stop>
    <stop arrival="11:09" departure="11:09">Bryggen</stop>
    <stop arrival="11:10" departure="11:10">Olav Kyrres gate</stop>
    <stop arrival="11:15" departure="11:15">Bergen Busstasjon</stop>
    <stop arrival="11:19" departure="11:19">Danmarksplass</stop>
    <stop arrival="11:20" departure="11:20">Solheimsgaten</stop>
    <stop arrival="11:21" departure="11:21">Reperbanen</stop>
    <stop arrival="11:23" departure="11:23">Fjøsangerveien/ Minde Allè</stop>
    <stop arrival="11:27" departure="11:27">Minde</stop>
    <stop arrival="11:28" departure="11:28">Elvebakken</stop>
    <stop arrival="11:28" departure="11:28">Storetveit</stop>
    <stop arrival="11:28" departure="11:28">Fantoft</stop>
    <stop arrival="11:29" departure="11:29">Nydalen</stop>
    <stop arrival="11:30" departure="11:30">Paradis</stop>
    <stop arrival="11:31" departure="11:31">Tveiteråsskiftet</stop>
    <stop arrival="11:32" departure="11:32">Hopsbro</stop>
    <stop arrival="11:34" departure="11:34">Hopstangen</stop>
    <stop arrival="11:35">Nesttun terminal</stop>
  </route>
  <route no="24" destination="Åsane terminal" url="http://www.web2051.no/bin/tp/zuginfo.exe/on/278220/96949/293902/54211/1/" trafficDays="kjører Ma - Fr, ikke 13., 17., 24. Mai">
    <stop departure="10:15" routeNo="24">Nesttun terminal</stop>
    <stop arrival="10:17" departure="10:17">Hopsbro</stop>
    <stop arrival="10:19" departure="10:19">Tveiteråsskiftet</stop>
    <stop arrival="10:20" departure="10:20">Paradis</stop>
    <stop arrival="10:22" departure="10:22">Nydalen</stop>
    <stop arrival="10:24" departure="10:24">Fantoft</stop>
    <stop arrival="10:25" departure="10:25">Storetveit</stop>
    <stop arrival="10:25" departure="10:25">Elvebakken</stop>
    <stop arrival="10:26" departure="10:26">Minde</stop>
    <stop arrival="10:29" departure="10:29">Mindemyren</stop>
    <stop arrival="10:30" departure="10:30">Postterminalen</stop>
    <stop arrival="10:31" departure="10:31">Kanalveien v/LBK</stop>
    <stop arrival="10:33" departure="10:33">Danmarksplass v/Forum kino</stop>
    <stop arrival="10:38" departure="10:38">Bergen Busstasjon</stop>
    <stop arrival="10:40" departure="10:40">Christies gate (Festplassen)</stop>
    <stop arrival="10:43" departure="10:43">Torget v/DnB</stop>
    <stop arrival="10:44" departure="10:44">Bryggen</stop>
    <stop arrival="10:44" departure="10:44">Slottsgaten</stop>
    <stop arrival="10:45" departure="10:45">Bontelabo</stop>
    <stop arrival="10:46" departure="10:46">Skutevikstorget</stop>
    <stop arrival="10:46" departure="10:46">Sjøgaten</stop>
    <stop arrival="10:47" departure="10:47">Sandvikstorget</stop>
    <stop arrival="10:48" departure="10:48">Ludebryggen</stop>
    <stop arrival="10:48" departure="10:48">Munkebotten</stop>
    <stop arrival="10:50" departure="10:50">Nyhavnsvei (Gamle Bergen)</stop>
    <stop arrival="10:51" departure="10:51">Handelshøyskolen</stop>
    <stop arrival="10:52" departure="10:52">Solbakken</stop>
    <stop arrival="10:53" departure="10:53">Eikeviken</stop>
    <stop arrival="10:55" departure="10:55">Hellebakken</stop>
    <stop arrival="10:55" departure="10:55">Brunestykket</stop>
    <stop arrival="10:56" departure="10:56">Lønborg</stop>
    <stop arrival="10:57" departure="10:57">Nordre Lønborg</stop>
    <stop arrival="10:57" departure="10:57">Fagerbakken</stop>
    <stop arrival="10:58" departure="10:58">Eidsvågneset</stop>
    <stop arrival="10:58" departure="10:58">Trolldalen (Eidsvågneset)</stop>
    <stop arrival="10:59" departure="10:59">Trollbekken</stop>
    <stop arrival="10:59" departure="10:59">Tømmervågen</stop>
    <stop arrival="11:00" departure="11:00">Lillevågen</stop>
    <stop arrival="11:01" departure="11:01">Hagebyen (Eidsvåg)</stop>
    <stop arrival="11:03" departure="11:03">Fabrikkvegen</stop>
    <stop arrival="11:04" departure="11:04">Eidsvåg gamlevegen</stop>
    <stop arrival="11:05" departure="11:05">Selvikvegen</stop>
    <stop arrival="11:06" departure="11:06">Ervik nedre (Sellesvingen)</stop>
    <stop arrival="11:06" departure="11:06">Ervik øvre</stop>
    <stop arrival="11:07" departure="11:07">Åstveitvegen</stop>
    <stop arrival="11:08" departure="11:08">Griggastemma</stop>
    <stop arrival="11:09" departure="11:09">Tertneskrysset gamleveien</stop>
    <stop arrival="11:11" departure="11:11">Stamskaret</stop>
    <stop arrival="11:12" departure="11:12">Hesthaugen</stop>
    <stop arrival="11:13">Åsane terminal</stop>
  </route>
</routes>
