<?xml version="1.0" encoding="UTF-8"?>
<routes>
  <route no="90" destination="Salhus kai" url="http://www.web2051.no/bin/tp/zuginfo.exe/on/897168/303900/821744/111816/1/" trafficDays="kjører Sø, også 1., 13., 17., 24. Mai">
    <stop departure="9:10" routeNo="90">Sletten (Bergen)</stop>
    <stop arrival="9:12" departure="9:12">Johan Hjorts vei</stop>
    <stop arrival="9:13" departure="9:13">Bergenshallen</stop>
    <stop arrival="9:14" departure="9:14">Sletten Shoppingsenter</stop>
    <stop arrival="9:15" departure="9:15">Fageråsen</stop>
    <stop arrival="9:16" departure="9:16">Hagerups vei</stop>
    <stop arrival="9:17" departure="9:17">Natlandsv. v/Hagerupsvei</stop>
    <stop arrival="9:18" departure="9:18">Langhaugen</stop>
    <stop arrival="9:19" departure="9:19">Fridalen</stop>
    <stop arrival="9:20" departure="9:20">Haukelandsveien</stop>
    <stop arrival="9:21" departure="9:21">Ibsens gate /Haukeland sykehus</stop>
    <stop arrival="9:22" departure="9:22">Bjørnsons gate</stop>
    <stop arrival="9:24" departure="9:24">Årstad VGS</stop>
    <stop arrival="9:25" departure="9:25">Danmarksplass v/Forum kino</stop>
    <stop arrival="9:28" departure="9:28">Bergen Busstasjon</stop>
    <stop arrival="9:30" departure="9:30">Christies gate (Festplassen)</stop>
    <stop arrival="9:33" departure="9:33">Torget (Bergen)</stop>
    <stop arrival="9:34" departure="9:34">Bryggen</stop>
    <stop arrival="9:34" departure="9:34">Slottsgaten</stop>
    <stop arrival="9:35" departure="9:35">Bontelabo</stop>
    <stop arrival="9:36" departure="9:36">Skutevikstorget</stop>
    <stop arrival="9:36" departure="9:36">Sjøgaten</stop>
    <stop arrival="9:37" departure="9:37">Sandvikstorget</stop>
    <stop arrival="9:38" departure="9:38">Ludebryggen</stop>
    <stop arrival="9:38" departure="9:38">Munkebotten</stop>
    <stop arrival="9:40" departure="9:40">Nyhavnsvei (Gamle Bergen)</stop>
    <stop arrival="9:41" departure="9:41">Handelshøyskolen</stop>
    <stop arrival="9:43" departure="9:43">Eidsvåg</stop>
    <stop arrival="9:48" departure="9:48">Åsane terminal</stop>
    <stop arrival="9:49" departure="9:49">Åsane Brannstasjon</stop>
    <stop arrival="9:50" departure="9:50">Flatevad</stop>
    <stop arrival="9:51" departure="9:51">Spondalen</stop>
    <stop arrival="9:51" departure="9:51">Torvbakken</stop>
    <stop arrival="9:52" departure="9:52">Morvikbotn</stop>
    <stop arrival="9:53" departure="9:53">Viddalen</stop>
    <stop arrival="9:54" departure="9:54">Bakketoppen, Morvik</stop>
    <stop arrival="9:56" departure="9:56">Kollbudalen</stop>
    <stop arrival="9:57" departure="9:57">Saudalen</stop>
    <stop arrival="9:58" departure="9:58">Saudalskleivane</stop>
    <stop arrival="9:59" departure="9:59">Lokketodalen</stop>
    <stop arrival="10:00" departure="10:00">Slettestølen</stop>
    <stop arrival="10:01" departure="10:01">Marikollen</stop>
    <stop arrival="10:02" departure="10:02">Toppe</stop>
    <stop arrival="10:03" departure="10:03">Støbotn snuplass</stop>
    <stop arrival="10:04" departure="10:04">Matre</stop>
    <stop arrival="10:05" departure="10:05">Kistebakkane</stop>
    <stop arrival="10:07" departure="10:07">Nygård, Salhus</stop>
    <stop arrival="10:07" departure="10:07">Langeland (Åsane)</stop>
    <stop arrival="10:08">Salhus kai</stop>
  </route>
  <route no="90" destination="Støbotn snuplass" url="http://www.web2051.no/bin/tp/zuginfo.exe/on/891891/302167/760838/83123/1/" trafficDays="kjører Lø, ikke 1. Mai">
    <stop departure="9:10" routeNo="90">Sletten (Bergen)</stop>
    <stop arrival="9:12" departure="9:12">Johan Hjorts vei</stop>
    <stop arrival="9:13" departure="9:13">Bergenshallen</stop>
    <stop arrival="9:14" departure="9:14">Sletten Shoppingsenter</stop>
    <stop arrival="9:15" departure="9:15">Fageråsen</stop>
    <stop arrival="9:16" departure="9:16">Hagerups vei</stop>
    <stop arrival="9:17" departure="9:17">Natlandsv. v/Hagerupsvei</stop>
    <stop arrival="9:18" departure="9:18">Langhaugen</stop>
    <stop arrival="9:19" departure="9:19">Fridalen</stop>
    <stop arrival="9:20" departure="9:20">Haukelandsveien</stop>
    <stop arrival="9:21" departure="9:21">Ibsens gate /Haukeland sykehus</stop>
    <stop arrival="9:22" departure="9:22">Bjørnsons gate</stop>
    <stop arrival="9:24" departure="9:24">Årstad VGS</stop>
    <stop arrival="9:25" departure="9:25">Danmarksplass v/Forum kino</stop>
    <stop arrival="9:28" departure="9:28">Bergen Busstasjon</stop>
    <stop arrival="9:31" departure="9:31">Christies gate (Festplassen)</stop>
    <stop arrival="9:34" departure="9:34">Torget (Bergen)</stop>
    <stop arrival="9:35" departure="9:35">Bryggen</stop>
    <stop arrival="9:35" departure="9:35">Slottsgaten</stop>
    <stop arrival="9:36" departure="9:36">Bontelabo</stop>
    <stop arrival="9:37" departure="9:37">Skutevikstorget</stop>
    <stop arrival="9:37" departure="9:37">Sjøgaten</stop>
    <stop arrival="9:38" departure="9:38">Sandvikstorget</stop>
    <stop arrival="9:39" departure="9:39">Ludebryggen</stop>
    <stop arrival="9:39" departure="9:39">Munkebotten</stop>
    <stop arrival="9:41" departure="9:41">Nyhavnsvei (Gamle Bergen)</stop>
    <stop arrival="9:42" departure="9:42">Handelshøyskolen</stop>
    <stop arrival="9:44" departure="9:44">Eidsvåg</stop>
    <stop arrival="9:49" departure="9:49">Åsane terminal</stop>
    <stop arrival="9:50" departure="9:50">Åsane Brannstasjon</stop>
    <stop arrival="9:51" departure="9:51">Flatevad</stop>
    <stop arrival="9:52" departure="9:52">Spondalen</stop>
    <stop arrival="9:52" departure="9:52">Torvbakken</stop>
    <stop arrival="9:53" departure="9:53">Morvikbotn</stop>
    <stop arrival="9:54" departure="9:54">Viddalen</stop>
    <stop arrival="9:55" departure="9:55">Bakketoppen, Morvik</stop>
    <stop arrival="9:57" departure="9:57">Kollbudalen</stop>
    <stop arrival="9:58" departure="9:58">Saudalen</stop>
    <stop arrival="9:59" departure="9:59">Saudalskleivane</stop>
    <stop arrival="10:00" departure="10:00">Lokketodalen</stop>
    <stop arrival="10:01" departure="10:01">Slettestølen</stop>
    <stop arrival="10:02" departure="10:02">Marikollen</stop>
    <stop arrival="10:03" departure="10:03">Toppe</stop>
    <stop arrival="10:04">Støbotn snuplass</stop>
  </route>
  <route no="90" destination="Sletten (Bergen)" url="http://www.web2051.no/bin/tp/zuginfo.exe/on/344142/119633/879816/325197/1/" trafficDays="kjører Ma - Fr, ikke 13., 17., 24. Mai">
    <stop departure="10:00" routeNo="90">Støbotn snuplass</stop>
    <stop arrival="10:01" departure="10:01">Toppe</stop>
    <stop arrival="10:02" departure="10:02">Marikollen</stop>
    <stop arrival="10:02" departure="10:02">Slettestølen</stop>
    <stop arrival="10:03" departure="10:03">Lokketodalen</stop>
    <stop arrival="10:04" departure="10:04">Saudalskleivane</stop>
    <stop arrival="10:06" departure="10:06">Kollbudalen</stop>
    <stop arrival="10:07" departure="10:07">Bakketoppen, Morvik</stop>
    <stop arrival="10:08" departure="10:08">Viddalen</stop>
    <stop arrival="10:10" departure="10:10">Morvikbotn</stop>
    <stop arrival="10:11" departure="10:11">Torvbakken</stop>
    <stop arrival="10:12" departure="10:12">Spondalen</stop>
    <stop arrival="10:13" departure="10:13">Flatevad</stop>
    <stop arrival="10:14" departure="10:14">Åsane Brannstasjon</stop>
    <stop arrival="10:15" departure="10:15">Åsane terminal</stop>
    <stop arrival="10:20" departure="10:20">Eidsvåg</stop>
    <stop arrival="10:22" departure="10:22">Handelshøyskolen</stop>
    <stop arrival="10:24" departure="10:24">Nyhavnsvei (Gamle Bergen)</stop>
    <stop arrival="10:26" departure="10:26">Munkebotten</stop>
    <stop arrival="10:27" departure="10:27">Ludebryggen</stop>
    <stop arrival="10:28" departure="10:28">Sandvikstorget</stop>
    <stop arrival="10:30" departure="10:30">Skutevikstorget</stop>
    <stop arrival="10:31" departure="10:31">Bontelabo</stop>
    <stop arrival="10:32" departure="10:32">Slottsgaten</stop>
    <stop arrival="10:34" departure="10:34">Bryggen</stop>
    <stop arrival="10:35" departure="10:35">Olav Kyrres gate</stop>
    <stop arrival="10:40" departure="10:40">Bergen Busstasjon</stop>
    <stop arrival="10:46" departure="10:46">Danmarksplass/ Ibsens gt.</stop>
    <stop arrival="10:49" departure="10:49">Bjørnsons gate</stop>
    <stop arrival="10:52" departure="10:52">Haukelandsveien</stop>
    <stop arrival="10:53" departure="10:53">Fridalen</stop>
    <stop arrival="10:54" departure="10:54">Langhaugen</stop>
    <stop arrival="10:55" departure="10:55">Landåssvingen</stop>
    <stop arrival="10:56" departure="10:56">Hagerups vei</stop>
    <stop arrival="10:57" departure="10:57">Fageråsen</stop>
    <stop arrival="10:58" departure="10:58">Sletten Shoppingsenter</stop>
    <stop arrival="10:59" departure="10:59">Bergenshallen</stop>
    <stop arrival="11:00" departure="11:00">Johan Hjorts vei</stop>
    <stop arrival="11:02">Sletten (Bergen)</stop>
  </route>
  <route no="90" destination="Støbotn snuplass" url="http://www.web2051.no/bin/tp/zuginfo.exe/on/286575/100440/130570/30241/1/" trafficDays="kjører Ma - Fr, ikke 13., 17., 24. Mai">
    <stop departure="9:10" routeNo="90">Sletten (Bergen)</stop>
    <stop arrival="9:12" departure="9:12">Johan Hjorts vei</stop>
    <stop arrival="9:13" departure="9:13">Bergenshallen</stop>
    <stop arrival="9:14" departure="9:14">Sletten Shoppingsenter</stop>
    <stop arrival="9:15" departure="9:15">Fageråsen</stop>
    <stop arrival="9:16" departure="9:16">Hagerups vei</stop>
    <stop arrival="9:17" departure="9:17">Natlandsv. v/Hagerupsvei</stop>
    <stop arrival="9:18" departure="9:18">Langhaugen</stop>
    <stop arrival="9:19" departure="9:19">Fridalen</stop>
    <stop arrival="9:20" departure="9:20">Haukelandsveien</stop>
    <stop arrival="9:22" departure="9:22">Ibsens gate /Haukeland sykehus</stop>
    <stop arrival="9:24" departure="9:24">Bjørnsons gate</stop>
    <stop arrival="9:28" departure="9:28">Årstad VGS</stop>
    <stop arrival="9:29" departure="9:29">Danmarksplass v/Forum kino</stop>
    <stop arrival="9:33" departure="9:33">Bergen Busstasjon</stop>
    <stop arrival="9:35" departure="9:35">Christies gate (Festplassen)</stop>
    <stop arrival="9:38" departure="9:38">Torget (Bergen)</stop>
    <stop arrival="9:39" departure="9:39">Bryggen</stop>
    <stop arrival="9:39" departure="9:39">Slottsgaten</stop>
    <stop arrival="9:40" departure="9:40">Bontelabo</stop>
    <stop arrival="9:41" departure="9:41">Skutevikstorget</stop>
    <stop arrival="9:41" departure="9:41">Sjøgaten</stop>
    <stop arrival="9:42" departure="9:42">Sandvikstorget</stop>
    <stop arrival="9:43" departure="9:43">Ludebryggen</stop>
    <stop arrival="9:43" departure="9:43">Munkebotten</stop>
    <stop arrival="9:45" departure="9:45">Nyhavnsvei (Gamle Bergen)</stop>
    <stop arrival="9:46" departure="9:46">Handelshøyskolen</stop>
    <stop arrival="9:48" departure="9:48">Eidsvåg</stop>
    <stop arrival="9:53" departure="9:53">Åsane terminal</stop>
    <stop arrival="9:54" departure="9:54">Åsane Brannstasjon</stop>
    <stop arrival="9:55" departure="9:55">Flatevad</stop>
    <stop arrival="9:56" departure="9:56">Spondalen</stop>
    <stop arrival="9:56" departure="9:56">Torvbakken</stop>
    <stop arrival="9:57" departure="9:57">Morvikbotn</stop>
    <stop arrival="9:58" departure="9:58">Viddalen</stop>
    <stop arrival="9:59" departure="9:59">Bakketoppen, Morvik</stop>
    <stop arrival="10:01" departure="10:01">Kollbudalen</stop>
    <stop arrival="10:02" departure="10:02">Saudalen</stop>
    <stop arrival="10:03" departure="10:03">Saudalskleivane</stop>
    <stop arrival="10:04" departure="10:04">Lokketodalen</stop>
    <stop arrival="10:05" departure="10:05">Slettestølen</stop>
    <stop arrival="10:06" departure="10:06">Marikollen</stop>
    <stop arrival="10:07" departure="10:07">Toppe</stop>
    <stop arrival="10:08">Støbotn snuplass</stop>
  </route>
  <route no="90" destination="Sletten (Bergen)" url="http://www.web2051.no/bin/tp/zuginfo.exe/on/257637/90725/150248/10755/1/" trafficDays="kjører Sø, også 1., 13., 17., 24. Mai">
    <stop departure="10:10" routeNo="90">Salhus kai</stop>
    <stop arrival="10:10" departure="10:10">Langeland (Åsane)</stop>
    <stop arrival="10:11" departure="10:11">Nygård, Salhus</stop>
    <stop arrival="10:12" departure="10:12">Ranten</stop>
    <stop arrival="10:13" departure="10:13">Kistebakkane</stop>
    <stop arrival="10:14" departure="10:14">Matre</stop>
    <stop arrival="10:15" departure="10:15">Støbotn snuplass</stop>
    <stop arrival="10:16" departure="10:16">Toppe</stop>
    <stop arrival="10:17" departure="10:17">Marikollen</stop>
    <stop arrival="10:17" departure="10:17">Slettestølen</stop>
    <stop arrival="10:18" departure="10:18">Lokketodalen</stop>
    <stop arrival="10:19" departure="10:19">Saudalskleivane</stop>
    <stop arrival="10:21" departure="10:21">Kollbudalen</stop>
    <stop arrival="10:22" departure="10:22">Bakketoppen, Morvik</stop>
    <stop arrival="10:23" departure="10:23">Viddalen</stop>
    <stop arrival="10:25" departure="10:25">Morvikbotn</stop>
    <stop arrival="10:26" departure="10:26">Torvbakken</stop>
    <stop arrival="10:27" departure="10:27">Spondalen</stop>
    <stop arrival="10:28" departure="10:28">Flatevad</stop>
    <stop arrival="10:29" departure="10:29">Åsane Brannstasjon</stop>
    <stop arrival="10:30" departure="10:30">Åsane terminal</stop>
    <stop arrival="10:35" departure="10:35">Eidsvåg</stop>
    <stop arrival="10:37" departure="10:37">Handelshøyskolen</stop>
    <stop arrival="10:38" departure="10:38">Nyhavnsvei (Gamle Bergen)</stop>
    <stop arrival="10:40" departure="10:40">Munkebotten</stop>
    <stop arrival="10:41" departure="10:41">Ludebryggen</stop>
    <stop arrival="10:42" departure="10:42">Sandvikstorget</stop>
    <stop arrival="10:43" departure="10:43">Skutevikstorget</stop>
    <stop arrival="10:44" departure="10:44">Bontelabo</stop>
    <stop arrival="10:45" departure="10:45">Slottsgaten</stop>
    <stop arrival="10:46" departure="10:46">Bryggen</stop>
    <stop arrival="10:47" departure="10:47">Olav Kyrres gate</stop>
    <stop arrival="10:52" departure="10:52">Bergen Busstasjon</stop>
    <stop arrival="10:57" departure="10:57">Danmarksplass/ Ibsens gt.</stop>
    <stop arrival="11:00" departure="11:00">Bjørnsons gate</stop>
    <stop arrival="11:02" departure="11:02">Haukelandsveien</stop>
    <stop arrival="11:03" departure="11:03">Fridalen</stop>
    <stop arrival="11:04" departure="11:04">Langhaugen</stop>
    <stop arrival="11:05" departure="11:05">Landåssvingen</stop>
    <stop arrival="11:06" departure="11:06">Hagerups vei</stop>
    <stop arrival="11:07" departure="11:07">Fageråsen</stop>
    <stop arrival="11:08" departure="11:08">Sletten Shoppingsenter</stop>
    <stop arrival="11:09" departure="11:09">Bergenshallen</stop>
    <stop arrival="11:10" departure="11:10">Johan Hjorts vei</stop>
    <stop arrival="11:12">Sletten (Bergen)</stop>
  </route>
  <route no="90" destination="Sletten (Bergen)" url="http://www.web2051.no/bin/tp/zuginfo.exe/on/74775/29801/109770/29960/1/" trafficDays="kjører Lø, ikke 1. Mai">
    <stop departure="10:15" routeNo="90">Støbotn snuplass</stop>
    <stop arrival="10:16" departure="10:16">Toppe</stop>
    <stop arrival="10:17" departure="10:17">Marikollen</stop>
    <stop arrival="10:17" departure="10:17">Slettestølen</stop>
    <stop arrival="10:18" departure="10:18">Lokketodalen</stop>
    <stop arrival="10:19" departure="10:19">Saudalskleivane</stop>
    <stop arrival="10:21" departure="10:21">Kollbudalen</stop>
    <stop arrival="10:22" departure="10:22">Bakketoppen, Morvik</stop>
    <stop arrival="10:23" departure="10:23">Viddalen</stop>
    <stop arrival="10:25" departure="10:25">Morvikbotn</stop>
    <stop arrival="10:26" departure="10:26">Torvbakken</stop>
    <stop arrival="10:27" departure="10:27">Spondalen</stop>
    <stop arrival="10:28" departure="10:28">Flatevad</stop>
    <stop arrival="10:29" departure="10:29">Åsane Brannstasjon</stop>
    <stop arrival="10:30" departure="10:30">Åsane terminal</stop>
    <stop arrival="10:35" departure="10:35">Eidsvåg</stop>
    <stop arrival="10:37" departure="10:37">Handelshøyskolen</stop>
    <stop arrival="10:39" departure="10:39">Nyhavnsvei (Gamle Bergen)</stop>
    <stop arrival="10:41" departure="10:41">Munkebotten</stop>
    <stop arrival="10:42" departure="10:42">Ludebryggen</stop>
    <stop arrival="10:43" departure="10:43">Sandvikstorget</stop>
    <stop arrival="10:45" departure="10:45">Skutevikstorget</stop>
    <stop arrival="10:46" departure="10:46">Bontelabo</stop>
    <stop arrival="10:47" departure="10:47">Slottsgaten</stop>
    <stop arrival="10:49" departure="10:49">Bryggen</stop>
    <stop arrival="10:50" departure="10:50">Olav Kyrres gate</stop>
    <stop arrival="10:55" departure="10:55">Bergen Busstasjon</stop>
    <stop arrival="11:00" departure="11:00">Danmarksplass/ Ibsens gt.</stop>
    <stop arrival="11:03" departure="11:03">Bjørnsons gate</stop>
    <stop arrival="11:05" departure="11:05">Haukelandsveien</stop>
    <stop arrival="11:06" departure="11:06">Fridalen</stop>
    <stop arrival="11:07" departure="11:07">Langhaugen</stop>
    <stop arrival="11:08" departure="11:08">Landåssvingen</stop>
    <stop arrival="11:09" departure="11:09">Hagerups vei</stop>
    <stop arrival="11:10" departure="11:10">Fageråsen</stop>
    <stop arrival="11:11" departure="11:11">Sletten Shoppingsenter</stop>
    <stop arrival="11:12" departure="11:12">Bergenshallen</stop>
    <stop arrival="11:13" departure="11:13">Johan Hjorts vei</stop>
    <stop arrival="11:15">Sletten (Bergen)</stop>
  </route>
  <route no="90" destination="Sletten (Bergen)" url="http://www.web2051.no/bin/tp/zuginfo.exe/on/246516/87091/114970/24691/1/" trafficDays="kjører Ma - Fr, ikke 13., 17., 24. Mai">
    <stop departure="10:20" routeNo="90">Støbotn snuplass</stop>
    <stop arrival="10:21" departure="10:21">Toppe</stop>
    <stop arrival="10:22" departure="10:22">Marikollen</stop>
    <stop arrival="10:22" departure="10:22">Slettestølen</stop>
    <stop arrival="10:23" departure="10:23">Lokketodalen</stop>
    <stop arrival="10:24" departure="10:24">Saudalskleivane</stop>
    <stop arrival="10:26" departure="10:26">Kollbudalen</stop>
    <stop arrival="10:27" departure="10:27">Bakketoppen, Morvik</stop>
    <stop arrival="10:28" departure="10:28">Viddalen</stop>
    <stop arrival="10:30" departure="10:30">Morvikbotn</stop>
    <stop arrival="10:31" departure="10:31">Torvbakken</stop>
    <stop arrival="10:32" departure="10:32">Spondalen</stop>
    <stop arrival="10:33" departure="10:33">Flatevad</stop>
    <stop arrival="10:34" departure="10:34">Åsane Brannstasjon</stop>
    <stop arrival="10:35" departure="10:35">Åsane terminal</stop>
    <stop arrival="10:40" departure="10:40">Eidsvåg</stop>
    <stop arrival="10:42" departure="10:42">Handelshøyskolen</stop>
    <stop arrival="10:44" departure="10:44">Nyhavnsvei (Gamle Bergen)</stop>
    <stop arrival="10:46" departure="10:46">Munkebotten</stop>
    <stop arrival="10:47" departure="10:47">Ludebryggen</stop>
    <stop arrival="10:48" departure="10:48">Sandvikstorget</stop>
    <stop arrival="10:50" departure="10:50">Skutevikstorget</stop>
    <stop arrival="10:51" departure="10:51">Bontelabo</stop>
    <stop arrival="10:52" departure="10:52">Slottsgaten</stop>
    <stop arrival="10:54" departure="10:54">Bryggen</stop>
    <stop arrival="10:55" departure="10:55">Olav Kyrres gate</stop>
    <stop arrival="11:00" departure="11:00">Bergen Busstasjon</stop>
    <stop arrival="11:06" departure="11:06">Danmarksplass/ Ibsens gt.</stop>
    <stop arrival="11:09" departure="11:09">Bjørnsons gate</stop>
    <stop arrival="11:12" departure="11:12">Haukelandsveien</stop>
    <stop arrival="11:13" departure="11:13">Fridalen</stop>
    <stop arrival="11:14" departure="11:14">Langhaugen</stop>
    <stop arrival="11:15" departure="11:15">Landåssvingen</stop>
    <stop arrival="11:16" departure="11:16">Hagerups vei</stop>
    <stop arrival="11:17" departure="11:17">Fageråsen</stop>
    <stop arrival="11:18" departure="11:18">Sletten Shoppingsenter</stop>
    <stop arrival="11:19" departure="11:19">Bergenshallen</stop>
    <stop arrival="11:20" departure="11:20">Johan Hjorts vei</stop>
    <stop arrival="11:22">Sletten (Bergen)</stop>
  </route>
  <route no="90" destination="Støbotn snuplass" url="http://www.web2051.no/bin/tp/zuginfo.exe/on/726294/247014/88232/197983/1/" trafficDays="kjører Ma - Fr, ikke 13., 17., 24. Mai">
    <stop departure="9:30" routeNo="90">Sletten (Bergen)</stop>
    <stop arrival="9:32" departure="9:32">Johan Hjorts vei</stop>
    <stop arrival="9:33" departure="9:33">Bergenshallen</stop>
    <stop arrival="9:34" departure="9:34">Sletten Shoppingsenter</stop>
    <stop arrival="9:35" departure="9:35">Fageråsen</stop>
    <stop arrival="9:36" departure="9:36">Hagerups vei</stop>
    <stop arrival="9:37" departure="9:37">Natlandsv. v/Hagerupsvei</stop>
    <stop arrival="9:38" departure="9:38">Langhaugen</stop>
    <stop arrival="9:39" departure="9:39">Fridalen</stop>
    <stop arrival="9:40" departure="9:40">Haukelandsveien</stop>
    <stop arrival="9:42" departure="9:42">Ibsens gate /Haukeland sykehus</stop>
    <stop arrival="9:44" departure="9:44">Bjørnsons gate</stop>
    <stop arrival="9:48" departure="9:48">Årstad VGS</stop>
    <stop arrival="9:49" departure="9:49">Danmarksplass v/Forum kino</stop>
    <stop arrival="9:53" departure="9:53">Bergen Busstasjon</stop>
    <stop arrival="9:55" departure="9:55">Christies gate (Festplassen)</stop>
    <stop arrival="9:58" departure="9:58">Torget (Bergen)</stop>
    <stop arrival="9:59" departure="9:59">Bryggen</stop>
    <stop arrival="9:59" departure="9:59">Slottsgaten</stop>
    <stop arrival="10:00" departure="10:00">Bontelabo</stop>
    <stop arrival="10:01" departure="10:01">Skutevikstorget</stop>
    <stop arrival="10:01" departure="10:01">Sjøgaten</stop>
    <stop arrival="10:02" departure="10:02">Sandvikstorget</stop>
    <stop arrival="10:03" departure="10:03">Ludebryggen</stop>
    <stop arrival="10:03" departure="10:03">Munkebotten</stop>
    <stop arrival="10:05" departure="10:05">Nyhavnsvei (Gamle Bergen)</stop>
    <stop arrival="10:06" departure="10:06">Handelshøyskolen</stop>
    <stop arrival="10:08" departure="10:08">Eidsvåg</stop>
    <stop arrival="10:13" departure="10:13">Åsane terminal</stop>
    <stop arrival="10:14" departure="10:14">Åsane Brannstasjon</stop>
    <stop arrival="10:15" departure="10:15">Flatevad</stop>
    <stop arrival="10:16" departure="10:16">Spondalen</stop>
    <stop arrival="10:16" departure="10:16">Torvbakken</stop>
    <stop arrival="10:17" departure="10:17">Morvikbotn</stop>
    <stop arrival="10:18" departure="10:18">Viddalen</stop>
    <stop arrival="10:19" departure="10:19">Bakketoppen, Morvik</stop>
    <stop arrival="10:21" departure="10:21">Kollbudalen</stop>
    <stop arrival="10:22" departure="10:22">Saudalen</stop>
    <stop arrival="10:23" departure="10:23">Saudalskleivane</stop>
    <stop arrival="10:24" departure="10:24">Lokketodalen</stop>
    <stop arrival="10:25" departure="10:25">Slettestølen</stop>
    <stop arrival="10:26" departure="10:26">Marikollen</stop>
    <stop arrival="10:27" departure="10:27">Toppe</stop>
    <stop arrival="10:28">Støbotn snuplass</stop>
  </route>
  <route no="90" destination="Støbotn snuplass" url="http://www.web2051.no/bin/tp/zuginfo.exe/on/125703/46773/783384/349791/1/" trafficDays="kjører Lø, ikke 1. Mai">
    <stop departure="9:38" routeNo="90">Sletten (Bergen)</stop>
    <stop arrival="9:40" departure="9:40">Johan Hjorts vei</stop>
    <stop arrival="9:41" departure="9:41">Bergenshallen</stop>
    <stop arrival="9:42" departure="9:42">Sletten Shoppingsenter</stop>
    <stop arrival="9:43" departure="9:43">Fageråsen</stop>
    <stop arrival="9:44" departure="9:44">Hagerups vei</stop>
    <stop arrival="9:45" departure="9:45">Natlandsv. v/Hagerupsvei</stop>
    <stop arrival="9:46" departure="9:46">Langhaugen</stop>
    <stop arrival="9:47" departure="9:47">Fridalen</stop>
    <stop arrival="9:48" departure="9:48">Haukelandsveien</stop>
    <stop arrival="9:49" departure="9:49">Ibsens gate /Haukeland sykehus</stop>
    <stop arrival="9:50" departure="9:50">Bjørnsons gate</stop>
    <stop arrival="9:52" departure="9:52">Årstad VGS</stop>
    <stop arrival="9:53" departure="9:53">Danmarksplass v/Forum kino</stop>
    <stop arrival="9:56" departure="9:56">Bergen Busstasjon</stop>
    <stop arrival="10:00" departure="10:00">Christies gate (Festplassen)</stop>
    <stop arrival="10:03" departure="10:03">Torget (Bergen)</stop>
    <stop arrival="10:04" departure="10:04">Bryggen</stop>
    <stop arrival="10:04" departure="10:04">Slottsgaten</stop>
    <stop arrival="10:05" departure="10:05">Bontelabo</stop>
    <stop arrival="10:06" departure="10:06">Skutevikstorget</stop>
    <stop arrival="10:06" departure="10:06">Sjøgaten</stop>
    <stop arrival="10:07" departure="10:07">Sandvikstorget</stop>
    <stop arrival="10:08" departure="10:08">Ludebryggen</stop>
    <stop arrival="10:08" departure="10:08">Munkebotten</stop>
    <stop arrival="10:10" departure="10:10">Nyhavnsvei (Gamle Bergen)</stop>
    <stop arrival="10:11" departure="10:11">Handelshøyskolen</stop>
    <stop arrival="10:13" departure="10:13">Eidsvåg</stop>
    <stop arrival="10:18" departure="10:18">Åsane terminal</stop>
    <stop arrival="10:19" departure="10:19">Åsane Brannstasjon</stop>
    <stop arrival="10:20" departure="10:20">Flatevad</stop>
    <stop arrival="10:21" departure="10:21">Spondalen</stop>
    <stop arrival="10:21" departure="10:21">Torvbakken</stop>
    <stop arrival="10:22" departure="10:22">Morvikbotn</stop>
    <stop arrival="10:23" departure="10:23">Viddalen</stop>
    <stop arrival="10:24" departure="10:24">Bakketoppen, Morvik</stop>
    <stop arrival="10:26" departure="10:26">Kollbudalen</stop>
    <stop arrival="10:27" departure="10:27">Saudalen</stop>
    <stop arrival="10:28" departure="10:28">Saudalskleivane</stop>
    <stop arrival="10:29" departure="10:29">Lokketodalen</stop>
    <stop arrival="10:30" departure="10:30">Slettestølen</stop>
    <stop arrival="10:31" departure="10:31">Marikollen</stop>
    <stop arrival="10:32" departure="10:32">Toppe</stop>
    <stop arrival="10:33">Støbotn snuplass</stop>
  </route>
  <route no="90" destination="Støbotn snuplass" url="http://www.web2051.no/bin/tp/zuginfo.exe/on/586452/200329/713370/161201/1/" trafficDays="kjører Sø, også 1., 13., 17., 24. Mai">
    <stop departure="9:40" routeNo="90">Sletten (Bergen)</stop>
    <stop arrival="9:42" departure="9:42">Johan Hjorts vei</stop>
    <stop arrival="9:43" departure="9:43">Bergenshallen</stop>
    <stop arrival="9:44" departure="9:44">Sletten Shoppingsenter</stop>
    <stop arrival="9:45" departure="9:45">Fageråsen</stop>
    <stop arrival="9:46" departure="9:46">Hagerups vei</stop>
    <stop arrival="9:47" departure="9:47">Natlandsv. v/Hagerupsvei</stop>
    <stop arrival="9:48" departure="9:48">Langhaugen</stop>
    <stop arrival="9:49" departure="9:49">Fridalen</stop>
    <stop arrival="9:50" departure="9:50">Haukelandsveien</stop>
    <stop arrival="9:51" departure="9:51">Ibsens gate /Haukeland sykehus</stop>
    <stop arrival="9:52" departure="9:52">Bjørnsons gate</stop>
    <stop arrival="9:54" departure="9:54">Årstad VGS</stop>
    <stop arrival="9:55" departure="9:55">Danmarksplass v/Forum kino</stop>
    <stop arrival="9:58" departure="9:58">Bergen Busstasjon</stop>
    <stop arrival="10:00" departure="10:00">Christies gate (Festplassen)</stop>
    <stop arrival="10:03" departure="10:03">Torget (Bergen)</stop>
    <stop arrival="10:04" departure="10:04">Bryggen</stop>
    <stop arrival="10:04" departure="10:04">Slottsgaten</stop>
    <stop arrival="10:05" departure="10:05">Bontelabo</stop>
    <stop arrival="10:06" departure="10:06">Skutevikstorget</stop>
    <stop arrival="10:06" departure="10:06">Sjøgaten</stop>
    <stop arrival="10:07" departure="10:07">Sandvikstorget</stop>
    <stop arrival="10:08" departure="10:08">Ludebryggen</stop>
    <stop arrival="10:08" departure="10:08">Munkebotten</stop>
    <stop arrival="10:10" departure="10:10">Nyhavnsvei (Gamle Bergen)</stop>
    <stop arrival="10:11" departure="10:11">Handelshøyskolen</stop>
    <stop arrival="10:13" departure="10:13">Eidsvåg</stop>
    <stop arrival="10:16" departure="10:16">Tertneskrysset nyevegen</stop>
    <stop arrival="10:18" departure="10:18">Stamskaret</stop>
    <stop arrival="10:18" departure="10:18">Hesthaugen</stop>
    <stop arrival="10:19" departure="10:19">Åsane terminal</stop>
    <stop arrival="10:20" departure="10:20">Åsane Brannstasjon</stop>
    <stop arrival="10:21" departure="10:21">Flatevad</stop>
    <stop arrival="10:22" departure="10:22">Spondalen</stop>
    <stop arrival="10:22" departure="10:22">Torvbakken</stop>
    <stop arrival="10:23" departure="10:23">Morvikbotn</stop>
    <stop arrival="10:24" departure="10:24">Viddalen</stop>
    <stop arrival="10:25" departure="10:25">Bakketoppen, Morvik</stop>
    <stop arrival="10:27" departure="10:27">Kollbudalen</stop>
    <stop arrival="10:28" departure="10:28">Saudalen</stop>
    <stop arrival="10:29" departure="10:29">Saudalskleivane</stop>
    <stop arrival="10:30" departure="10:30">Lokketodalen</stop>
    <stop arrival="10:31" departure="10:31">Slettestølen</stop>
    <stop arrival="10:32" departure="10:32">Marikollen</stop>
    <stop arrival="10:33" departure="10:33">Toppe</stop>
    <stop arrival="10:34">Støbotn snuplass</stop>
  </route>
  <route no="90" destination="Sletten (Bergen)" url="http://www.web2051.no/bin/tp/zuginfo.exe/on/241785/85514/626768/232794/1/" trafficDays="kjører Ma - Fr, ikke 13., 17., 24. Mai">
    <stop departure="10:40" routeNo="90">Støbotn snuplass</stop>
    <stop arrival="10:41" departure="10:41">Toppe</stop>
    <stop arrival="10:42" departure="10:42">Marikollen</stop>
    <stop arrival="10:42" departure="10:42">Slettestølen</stop>
    <stop arrival="10:43" departure="10:43">Lokketodalen</stop>
    <stop arrival="10:44" departure="10:44">Saudalskleivane</stop>
    <stop arrival="10:46" departure="10:46">Kollbudalen</stop>
    <stop arrival="10:47" departure="10:47">Bakketoppen, Morvik</stop>
    <stop arrival="10:48" departure="10:48">Viddalen</stop>
    <stop arrival="10:50" departure="10:50">Morvikbotn</stop>
    <stop arrival="10:51" departure="10:51">Torvbakken</stop>
    <stop arrival="10:52" departure="10:52">Spondalen</stop>
    <stop arrival="10:53" departure="10:53">Flatevad</stop>
    <stop arrival="10:54" departure="10:54">Åsane Brannstasjon</stop>
    <stop arrival="10:55" departure="10:55">Åsane terminal</stop>
    <stop arrival="11:00" departure="11:00">Eidsvåg</stop>
    <stop arrival="11:02" departure="11:02">Handelshøyskolen</stop>
    <stop arrival="11:04" departure="11:04">Nyhavnsvei (Gamle Bergen)</stop>
    <stop arrival="11:06" departure="11:06">Munkebotten</stop>
    <stop arrival="11:07" departure="11:07">Ludebryggen</stop>
    <stop arrival="11:08" departure="11:08">Sandvikstorget</stop>
    <stop arrival="11:10" departure="11:10">Skutevikstorget</stop>
    <stop arrival="11:11" departure="11:11">Bontelabo</stop>
    <stop arrival="11:12" departure="11:12">Slottsgaten</stop>
    <stop arrival="11:14" departure="11:14">Bryggen</stop>
    <stop arrival="11:15" departure="11:15">Olav Kyrres gate</stop>
    <stop arrival="11:20" departure="11:20">Bergen Busstasjon</stop>
    <stop arrival="11:26" departure="11:26">Danmarksplass/ Ibsens gt.</stop>
    <stop arrival="11:29" departure="11:29">Bjørnsons gate</stop>
    <stop arrival="11:32" departure="11:32">Haukelandsveien</stop>
    <stop arrival="11:33" departure="11:33">Fridalen</stop>
    <stop arrival="11:34" departure="11:34">Langhaugen</stop>
    <stop arrival="11:35" departure="11:35">Landåssvingen</stop>
    <stop arrival="11:36" departure="11:36">Hagerups vei</stop>
    <stop arrival="11:37" departure="11:37">Fageråsen</stop>
    <stop arrival="11:38" departure="11:38">Sletten Shoppingsenter</stop>
    <stop arrival="11:39" departure="11:39">Bergenshallen</stop>
    <stop arrival="11:40" departure="11:40">Johan Hjorts vei</stop>
    <stop arrival="11:42">Sletten (Bergen)</stop>
  </route>
  <route no="90" destination="Støbotn snuplass" url="http://www.web2051.no/bin/tp/zuginfo.exe/on/429000/147918/416792/65397/1/" trafficDays="kjører Ma - Fr, ikke 13., 17., 24. Mai">
    <stop departure="9:50" routeNo="90">Sletten (Bergen)</stop>
    <stop arrival="9:52" departure="9:52">Johan Hjorts vei</stop>
    <stop arrival="9:53" departure="9:53">Bergenshallen</stop>
    <stop arrival="9:54" departure="9:54">Sletten Shoppingsenter</stop>
    <stop arrival="9:55" departure="9:55">Fageråsen</stop>
    <stop arrival="9:56" departure="9:56">Hagerups vei</stop>
    <stop arrival="9:57" departure="9:57">Natlandsv. v/Hagerupsvei</stop>
    <stop arrival="9:58" departure="9:58">Langhaugen</stop>
    <stop arrival="9:59" departure="9:59">Fridalen</stop>
    <stop arrival="10:00" departure="10:00">Haukelandsveien</stop>
    <stop arrival="10:02" departure="10:02">Ibsens gate /Haukeland sykehus</stop>
    <stop arrival="10:04" departure="10:04">Bjørnsons gate</stop>
    <stop arrival="10:08" departure="10:08">Årstad VGS</stop>
    <stop arrival="10:09" departure="10:09">Danmarksplass v/Forum kino</stop>
    <stop arrival="10:13" departure="10:13">Bergen Busstasjon</stop>
    <stop arrival="10:15" departure="10:15">Christies gate (Festplassen)</stop>
    <stop arrival="10:18" departure="10:18">Torget (Bergen)</stop>
    <stop arrival="10:19" departure="10:19">Bryggen</stop>
    <stop arrival="10:19" departure="10:19">Slottsgaten</stop>
    <stop arrival="10:20" departure="10:20">Bontelabo</stop>
    <stop arrival="10:21" departure="10:21">Skutevikstorget</stop>
    <stop arrival="10:21" departure="10:21">Sjøgaten</stop>
    <stop arrival="10:22" departure="10:22">Sandvikstorget</stop>
    <stop arrival="10:23" departure="10:23">Ludebryggen</stop>
    <stop arrival="10:23" departure="10:23">Munkebotten</stop>
    <stop arrival="10:25" departure="10:25">Nyhavnsvei (Gamle Bergen)</stop>
    <stop arrival="10:26" departure="10:26">Handelshøyskolen</stop>
    <stop arrival="10:28" departure="10:28">Eidsvåg</stop>
    <stop arrival="10:33" departure="10:33">Åsane terminal</stop>
    <stop arrival="10:34" departure="10:34">Åsane Brannstasjon</stop>
    <stop arrival="10:35" departure="10:35">Flatevad</stop>
    <stop arrival="10:36" departure="10:36">Spondalen</stop>
    <stop arrival="10:36" departure="10:36">Torvbakken</stop>
    <stop arrival="10:37" departure="10:37">Morvikbotn</stop>
    <stop arrival="10:38" departure="10:38">Viddalen</stop>
    <stop arrival="10:39" departure="10:39">Bakketoppen, Morvik</stop>
    <stop arrival="10:41" departure="10:41">Kollbudalen</stop>
    <stop arrival="10:42" departure="10:42">Saudalen</stop>
    <stop arrival="10:43" departure="10:43">Saudalskleivane</stop>
    <stop arrival="10:44" departure="10:44">Lokketodalen</stop>
    <stop arrival="10:45" departure="10:45">Slettestølen</stop>
    <stop arrival="10:46" departure="10:46">Marikollen</stop>
    <stop arrival="10:47" departure="10:47">Toppe</stop>
    <stop arrival="10:48">Støbotn snuplass</stop>
  </route>
  <route no="90" destination="Sletten (Bergen)" url="http://www.web2051.no/bin/tp/zuginfo.exe/on/178212/64252/885806/383499/1/" trafficDays="kjører Sø, også 1., 13., 17., 24. Mai">
    <stop departure="10:45" routeNo="90">Støbotn snuplass</stop>
    <stop arrival="10:46" departure="10:46">Toppe</stop>
    <stop arrival="10:47" departure="10:47">Marikollen</stop>
    <stop arrival="10:47" departure="10:47">Slettestølen</stop>
    <stop arrival="10:48" departure="10:48">Lokketodalen</stop>
    <stop arrival="10:49" departure="10:49">Saudalskleivane</stop>
    <stop arrival="10:51" departure="10:51">Kollbudalen</stop>
    <stop arrival="10:52" departure="10:52">Bakketoppen, Morvik</stop>
    <stop arrival="10:53" departure="10:53">Viddalen</stop>
    <stop arrival="10:55" departure="10:55">Morvikbotn</stop>
    <stop arrival="10:56" departure="10:56">Torvbakken</stop>
    <stop arrival="10:57" departure="10:57">Spondalen</stop>
    <stop arrival="10:58" departure="10:58">Flatevad</stop>
    <stop arrival="10:59" departure="10:59">Åsane Brannstasjon</stop>
    <stop arrival="11:00" departure="11:00">Åsane terminal</stop>
    <stop arrival="11:01" departure="11:01">Hesthaugen</stop>
    <stop arrival="11:02" departure="11:02">Stamskaret</stop>
    <stop arrival="11:03" departure="11:03">Tertneskrysset nyevegen</stop>
    <stop arrival="11:05" departure="11:05">Eidsvåg</stop>
    <stop arrival="11:07" departure="11:07">Handelshøyskolen</stop>
    <stop arrival="11:08" departure="11:08">Nyhavnsvei (Gamle Bergen)</stop>
    <stop arrival="11:10" departure="11:10">Munkebotten</stop>
    <stop arrival="11:11" departure="11:11">Ludebryggen</stop>
    <stop arrival="11:12" departure="11:12">Sandvikstorget</stop>
    <stop arrival="11:13" departure="11:13">Skutevikstorget</stop>
    <stop arrival="11:14" departure="11:14">Bontelabo</stop>
    <stop arrival="11:15" departure="11:15">Slottsgaten</stop>
    <stop arrival="11:16" departure="11:16">Bryggen</stop>
    <stop arrival="11:17" departure="11:17">Olav Kyrres gate</stop>
    <stop arrival="11:22" departure="11:22">Bergen Busstasjon</stop>
    <stop arrival="11:27" departure="11:27">Danmarksplass/ Ibsens gt.</stop>
    <stop arrival="11:30" departure="11:30">Bjørnsons gate</stop>
    <stop arrival="11:32" departure="11:32">Haukelandsveien</stop>
    <stop arrival="11:33" departure="11:33">Fridalen</stop>
    <stop arrival="11:34" departure="11:34">Langhaugen</stop>
    <stop arrival="11:35" departure="11:35">Landåssvingen</stop>
    <stop arrival="11:36" departure="11:36">Hagerups vei</stop>
    <stop arrival="11:37" departure="11:37">Fageråsen</stop>
    <stop arrival="11:38" departure="11:38">Sletten Shoppingsenter</stop>
    <stop arrival="11:39" departure="11:39">Bergenshallen</stop>
    <stop arrival="11:40" departure="11:40">Johan Hjorts vei</stop>
    <stop arrival="11:42">Sletten (Bergen)</stop>
  </route>
  <route no="90" destination="Sletten (Bergen)" url="http://www.web2051.no/bin/tp/zuginfo.exe/on/188226/67618/688636/281577/1/" trafficDays="kjører Lø, ikke 1. Mai">
    <stop departure="10:45" routeNo="90">Støbotn snuplass</stop>
    <stop arrival="10:46" departure="10:46">Toppe</stop>
    <stop arrival="10:47" departure="10:47">Marikollen</stop>
    <stop arrival="10:47" departure="10:47">Slettestølen</stop>
    <stop arrival="10:48" departure="10:48">Lokketodalen</stop>
    <stop arrival="10:49" departure="10:49">Saudalskleivane</stop>
    <stop arrival="10:51" departure="10:51">Kollbudalen</stop>
    <stop arrival="10:52" departure="10:52">Bakketoppen, Morvik</stop>
    <stop arrival="10:53" departure="10:53">Viddalen</stop>
    <stop arrival="10:55" departure="10:55">Morvikbotn</stop>
    <stop arrival="10:56" departure="10:56">Torvbakken</stop>
    <stop arrival="10:57" departure="10:57">Spondalen</stop>
    <stop arrival="10:58" departure="10:58">Flatevad</stop>
    <stop arrival="10:59" departure="10:59">Åsane Brannstasjon</stop>
    <stop arrival="11:00" departure="11:00">Åsane terminal</stop>
    <stop arrival="11:05" departure="11:05">Eidsvåg</stop>
    <stop arrival="11:07" departure="11:07">Handelshøyskolen</stop>
    <stop arrival="11:09" departure="11:09">Nyhavnsvei (Gamle Bergen)</stop>
    <stop arrival="11:11" departure="11:11">Munkebotten</stop>
    <stop arrival="11:12" departure="11:12">Ludebryggen</stop>
    <stop arrival="11:13" departure="11:13">Sandvikstorget</stop>
    <stop arrival="11:15" departure="11:15">Skutevikstorget</stop>
    <stop arrival="11:16" departure="11:16">Bontelabo</stop>
    <stop arrival="11:17" departure="11:17">Slottsgaten</stop>
    <stop arrival="11:19" departure="11:19">Bryggen</stop>
    <stop arrival="11:20" departure="11:20">Olav Kyrres gate</stop>
    <stop arrival="11:25" departure="11:25">Bergen Busstasjon</stop>
    <stop arrival="11:30" departure="11:30">Danmarksplass/ Ibsens gt.</stop>
    <stop arrival="11:33" departure="11:33">Bjørnsons gate</stop>
    <stop arrival="11:35" departure="11:35">Haukelandsveien</stop>
    <stop arrival="11:36" departure="11:36">Fridalen</stop>
    <stop arrival="11:37" departure="11:37">Langhaugen</stop>
    <stop arrival="11:38" departure="11:38">Landåssvingen</stop>
    <stop arrival="11:39" departure="11:39">Hagerups vei</stop>
    <stop arrival="11:40" departure="11:40">Fageråsen</stop>
    <stop arrival="11:41" departure="11:41">Sletten Shoppingsenter</stop>
    <stop arrival="11:42" departure="11:42">Bergenshallen</stop>
    <stop arrival="11:43" departure="11:43">Johan Hjorts vei</stop>
    <stop arrival="11:45">Sletten (Bergen)</stop>
  </route>
</routes>
