<?xml version="1.0" encoding="UTF-8"?>
<routes>
  <route no="630" destination="Os - Osøyro" url="http://www.web2051.no/bin/tp/zuginfo.exe/on/701634/239790/563850/48048/1/" trafficDays="kjører Ma - Fr, ikke 13., 17., 24. Mai">
    <stop departure="9:55" routeNo="630">Halhjemsmarka</stop>
    <stop arrival="9:57" departure="9:57">Auredalen</stop>
    <stop arrival="9:58" departure="9:58">Vernøy</stop>
    <stop arrival="10:00" departure="10:00">Halhjem</stop>
    <stop arrival="10:01" departure="10:01">Halhjem kafe</stop>
    <stop arrival="10:02" departure="10:02">Haugland (Os)</stop>
    <stop arrival="10:03" departure="10:03">Nesjabuen</stop>
    <stop arrival="10:04" departure="10:04">Lekven</stop>
    <stop arrival="10:05" departure="10:05">Trolldalen (Os)</stop>
    <stop arrival="10:07" departure="10:07">Mobergslien</stop>
    <stop arrival="10:08" departure="10:08">Moberg</stop>
    <stop arrival="10:09" departure="10:09">Mobergsbakken</stop>
    <stop arrival="10:10" departure="10:10">Os kai</stop>
    <stop arrival="10:10">Os - Osøyro</stop>
  </route>
  <route no="630" destination="Os - Osøyro" url="http://www.web2051.no/bin/tp/zuginfo.exe/on/510243/175993/484736/72288/1/" trafficDays="kjører Ma - Fr, ikke 13., 17., 24. Mai">
    <stop departure="9:55" routeNo="630">Halhjemsmarka</stop>
    <stop arrival="9:57" departure="9:57">Auredalen</stop>
    <stop arrival="9:58" departure="9:58">Vernøy</stop>
    <stop arrival="10:00" departure="10:00">Halhjem</stop>
    <stop arrival="10:01" departure="10:01">Halhjem kafe</stop>
    <stop arrival="10:02" departure="10:02">Haugland (Os)</stop>
    <stop arrival="10:03" departure="10:03">Nesjabuen</stop>
    <stop arrival="10:04" departure="10:04">Lekven</stop>
    <stop arrival="10:05" departure="10:05">Trolldalen (Os)</stop>
    <stop arrival="10:07" departure="10:07">Mobergslien</stop>
    <stop arrival="10:08" departure="10:08">Moberg</stop>
    <stop arrival="10:09" departure="10:09">Mobergsbakken</stop>
    <stop arrival="10:10" departure="10:10">Os kai</stop>
    <stop arrival="10:10">Os - Osøyro</stop>
  </route>
  <route no="630" destination="Os - Osøyro" url="http://www.web2051.no/bin/tp/zuginfo.exe/on/96975/38237/19088/22782/1/" trafficDays="kjører Ma - Fr, ikke 13., 17., 24. Mai">
    <stop departure="9:55" routeNo="630">Halhjemsmarka</stop>
    <stop arrival="9:57" departure="9:57">Auredalen</stop>
    <stop arrival="9:58" departure="9:58">Vernøy</stop>
    <stop arrival="10:00" departure="10:00">Halhjem</stop>
    <stop arrival="10:01" departure="10:01">Halhjem kafe</stop>
    <stop arrival="10:02" departure="10:02">Haugland (Os)</stop>
    <stop arrival="10:03" departure="10:03">Nesjabuen</stop>
    <stop arrival="10:04" departure="10:04">Lekven</stop>
    <stop arrival="10:05" departure="10:05">Trolldalen (Os)</stop>
    <stop arrival="10:07" departure="10:07">Mobergslien</stop>
    <stop arrival="10:08" departure="10:08">Moberg</stop>
    <stop arrival="10:09" departure="10:09">Mobergsbakken</stop>
    <stop arrival="10:10" departure="10:10">Os kai</stop>
    <stop arrival="10:10">Os - Osøyro</stop>
  </route>
  <route no="630" destination="Os - Osøyro" url="http://www.web2051.no/bin/tp/zuginfo.exe/on/299022/105541/625954/213303/1/" trafficDays="kjører Sø, også 1., 13., 17., 24. Mai">
    <stop departure="10:00" routeNo="630">Halhjemsmarka</stop>
    <stop arrival="10:02" departure="10:02">Auredalen</stop>
    <stop arrival="10:03" departure="10:03">Vernøy</stop>
    <stop arrival="10:05" departure="10:05">Halhjem</stop>
    <stop arrival="10:06" departure="10:06">Halhjem kafe</stop>
    <stop arrival="10:07" departure="10:07">Haugland (Os)</stop>
    <stop arrival="10:08" departure="10:08">Nesjabuen</stop>
    <stop arrival="10:09" departure="10:09">Lekven</stop>
    <stop arrival="10:10" departure="10:10">Trolldalen (Os)</stop>
    <stop arrival="10:12" departure="10:12">Mobergslien</stop>
    <stop arrival="10:13" departure="10:13">Moberg</stop>
    <stop arrival="10:14" departure="10:14">Mobergsbakken</stop>
    <stop arrival="10:15" departure="10:15">Os kai</stop>
    <stop arrival="10:15">Os - Osøyro</stop>
  </route>
  <route no="630" destination="Os - Osøyro" url="http://www.web2051.no/bin/tp/zuginfo.exe/on/674337/230646/273348/88105/1/" trafficDays="kjører Sø, også 1., 13., 17., 24. Mai">
    <stop departure="10:00" routeNo="630">Halhjemsmarka</stop>
    <stop arrival="10:02" departure="10:02">Auredalen</stop>
    <stop arrival="10:03" departure="10:03">Vernøy</stop>
    <stop arrival="10:05" departure="10:05">Halhjem</stop>
    <stop arrival="10:06" departure="10:06">Halhjem kafe</stop>
    <stop arrival="10:07" departure="10:07">Haugland (Os)</stop>
    <stop arrival="10:08" departure="10:08">Nesjabuen</stop>
    <stop arrival="10:09" departure="10:09">Lekven</stop>
    <stop arrival="10:10" departure="10:10">Trolldalen (Os)</stop>
    <stop arrival="10:12" departure="10:12">Mobergslien</stop>
    <stop arrival="10:13" departure="10:13">Moberg</stop>
    <stop arrival="10:14" departure="10:14">Mobergsbakken</stop>
    <stop arrival="10:15" departure="10:15">Os kai</stop>
    <stop arrival="10:15">Os - Osøyro</stop>
  </route>
  <route no="630" destination="Os - Osøyro" url="http://www.web2051.no/bin/tp/zuginfo.exe/on/712374/243325/835772/180428/1/" trafficDays="kjører Sø, også 1., 13., 17., 24. Mai">
    <stop departure="10:00" routeNo="630">Halhjemsmarka</stop>
    <stop arrival="10:02" departure="10:02">Auredalen</stop>
    <stop arrival="10:03" departure="10:03">Vernøy</stop>
    <stop arrival="10:05" departure="10:05">Halhjem</stop>
    <stop arrival="10:06" departure="10:06">Halhjem kafe</stop>
    <stop arrival="10:07" departure="10:07">Haugland (Os)</stop>
    <stop arrival="10:08" departure="10:08">Nesjabuen</stop>
    <stop arrival="10:09" departure="10:09">Lekven</stop>
    <stop arrival="10:10" departure="10:10">Trolldalen (Os)</stop>
    <stop arrival="10:12" departure="10:12">Mobergslien</stop>
    <stop arrival="10:13" departure="10:13">Moberg</stop>
    <stop arrival="10:14" departure="10:14">Mobergsbakken</stop>
    <stop arrival="10:15" departure="10:15">Os kai</stop>
    <stop arrival="10:15">Os - Osøyro</stop>
  </route>
  <route no="630" destination="Halhjemsmarka" url="http://www.web2051.no/bin/tp/zuginfo.exe/on/894999/304201/375796/110435/1/" trafficDays="kjører Lø, Sø, også 13., 17., 24. Mai">
    <stop departure="10:35" routeNo="630">Os - Osøyro</stop>
    <stop arrival="10:36" departure="10:36">Mobergsbakken</stop>
    <stop arrival="10:37" departure="10:37">Moberg</stop>
    <stop arrival="10:38" departure="10:38">Mobergslien</stop>
    <stop arrival="10:39" departure="10:39">Trolldalen (Os)</stop>
    <stop arrival="10:40" departure="10:40">Lekven</stop>
    <stop arrival="10:41" departure="10:41">Lunde (Halhjemsvn.)</stop>
    <stop arrival="10:42" departure="10:42">Nesjabuen</stop>
    <stop arrival="10:43" departure="10:43">Haugland (Os)</stop>
    <stop arrival="10:44" departure="10:44">Halhjem kafe</stop>
    <stop arrival="10:45" departure="10:45">Halhjem</stop>
    <stop arrival="10:46" departure="10:46">Vernøy</stop>
    <stop arrival="10:48" departure="10:48">Auredalen</stop>
    <stop arrival="10:50">Halhjemsmarka</stop>
  </route>
  <route no="630" destination="Halhjemsmarka" url="http://www.web2051.no/bin/tp/zuginfo.exe/on/106632/41412/741554/335233/1/" trafficDays="kjører Lø, Sø, også 13., 17., 24. Mai">
    <stop departure="10:35" routeNo="630">Os - Osøyro</stop>
    <stop arrival="10:36" departure="10:36">Mobergsbakken</stop>
    <stop arrival="10:37" departure="10:37">Moberg</stop>
    <stop arrival="10:38" departure="10:38">Mobergslien</stop>
    <stop arrival="10:39" departure="10:39">Trolldalen (Os)</stop>
    <stop arrival="10:40" departure="10:40">Lekven</stop>
    <stop arrival="10:41" departure="10:41">Lunde (Halhjemsvn.)</stop>
    <stop arrival="10:42" departure="10:42">Nesjabuen</stop>
    <stop arrival="10:43" departure="10:43">Haugland (Os)</stop>
    <stop arrival="10:44" departure="10:44">Halhjem kafe</stop>
    <stop arrival="10:45" departure="10:45">Halhjem</stop>
    <stop arrival="10:46" departure="10:46">Vernøy</stop>
    <stop arrival="10:48" departure="10:48">Auredalen</stop>
    <stop arrival="10:50">Halhjemsmarka</stop>
  </route>
  <route no="630" destination="Halhjemsmarka" url="http://www.web2051.no/bin/tp/zuginfo.exe/on/269604/95736/789582/304923/1/" trafficDays="kjører Lø, Sø, også 13., 17., 24. Mai">
    <stop departure="10:35" routeNo="630">Os - Osøyro</stop>
    <stop arrival="10:36" departure="10:36">Mobergsbakken</stop>
    <stop arrival="10:37" departure="10:37">Moberg</stop>
    <stop arrival="10:38" departure="10:38">Mobergslien</stop>
    <stop arrival="10:39" departure="10:39">Trolldalen (Os)</stop>
    <stop arrival="10:40" departure="10:40">Lekven</stop>
    <stop arrival="10:41" departure="10:41">Lunde (Halhjemsvn.)</stop>
    <stop arrival="10:42" departure="10:42">Nesjabuen</stop>
    <stop arrival="10:43" departure="10:43">Haugland (Os)</stop>
    <stop arrival="10:44" departure="10:44">Halhjem kafe</stop>
    <stop arrival="10:45" departure="10:45">Halhjem</stop>
    <stop arrival="10:46" departure="10:46">Vernøy</stop>
    <stop arrival="10:48" departure="10:48">Auredalen</stop>
    <stop arrival="10:50">Halhjemsmarka</stop>
  </route>
</routes>
