<?xml version="1.0" encoding="UTF-8"?>
<routes>
  <route no="485" destination="Bergen Busstasjon" url="http://www.web2051.no/bin/tp/zuginfo.exe/on/388419/132092/37748/110599/1/" trafficDays="kjører Ma - Fr, ikke 13., 17., 24. Mai">
    <stop departure="9:22" routeNo="485">Ravnanger term.</stop>
    <stop arrival="9:24" departure="9:24">Ravnanger nord</stop>
    <stop arrival="9:25" departure="9:25">Heiavatnet (Askøy)</stop>
    <stop arrival="9:26" departure="9:26">Davanger v/Ingv. Larsen</stop>
    <stop arrival="9:27" departure="9:27">Davanger treindustri</stop>
    <stop arrival="9:28" departure="9:28">Davanger Sladrehjørnet</stop>
    <stop arrival="9:28" departure="9:28">Davanger v/Torgersen</stop>
    <stop arrival="9:29" departure="9:29">Davanger bro</stop>
    <stop arrival="9:29" departure="9:29">Davanger skole</stop>
    <stop arrival="9:30" departure="9:30">Davanger vest</stop>
    <stop arrival="9:31" departure="9:31">Davanger byggefelt</stop>
    <stop arrival="9:31" departure="9:31">Breivik Kinn (Askøy)</stop>
    <stop arrival="9:32" departure="9:32">Breivik (Askøy)</stop>
    <stop arrival="9:32" departure="9:32">Breivik snuplass (Askøy)</stop>
    <stop arrival="9:32" departure="9:32">Breivik (Askøy)</stop>
    <stop arrival="9:33" departure="9:33">Breivik Kinn (Askøy)</stop>
    <stop arrival="9:34" departure="9:34">Davanger byggefelt</stop>
    <stop arrival="9:35" departure="9:35">Davanger vest</stop>
    <stop arrival="9:35" departure="9:35">Davanger skole</stop>
    <stop arrival="9:36" departure="9:36">Davanger bro</stop>
    <stop arrival="9:36" departure="9:36">Davanger v/Torgersen</stop>
    <stop arrival="9:37" departure="9:37">Davanger Sladrehjørnet</stop>
    <stop arrival="9:38" departure="9:38">Davanger treindustri</stop>
    <stop arrival="9:39" departure="9:39">Davanger v/Ingv. Larsen</stop>
    <stop arrival="9:40" departure="9:40">Heiavatnet (Askøy)</stop>
    <stop arrival="9:44" departure="9:44">Åsebø (Askøy)</stop>
    <stop arrival="9:45" departure="9:45">Åsebøvatnet (Stien)</stop>
    <stop arrival="9:46" departure="9:46">Hanevik</stop>
    <stop arrival="9:47" departure="9:47">Hanevik</stop>
    <stop arrival="9:48" departure="9:48">Sæterstøl (Askøy)</stop>
    <stop arrival="9:49" departure="9:49">Lærdal (Askøy)</stop>
    <stop arrival="9:51" departure="9:51">Vikøren (Askøy)</stop>
    <stop arrival="9:51" departure="9:51">Solviken (Askøy)</stop>
    <stop arrival="9:53" departure="9:53">Lille Brevik nord (Askøy)</stop>
    <stop arrival="9:53" departure="9:53">Lille Brevik (Askøy)</stop>
    <stop arrival="9:54" departure="9:54">Bakkeland/Tumyr</stop>
    <stop arrival="9:55" departure="9:55">Kirkevik (Askøy)</stop>
    <stop arrival="9:56" departure="9:56">Asketoppen</stop>
    <stop arrival="9:57" departure="9:57">Ask v/Florida (Askøy)</stop>
    <stop arrival="9:57" departure="9:57">Hop skole (Askøy)</stop>
    <stop arrival="9:57" departure="9:57">Hop (Askøy aldershjem)</stop>
    <stop arrival="9:57" departure="9:57">Ellingsen gartneri (Askøy)</stop>
    <stop arrival="9:57" departure="9:57">Strømsnes (Askøy)</stop>
    <stop arrival="9:57" departure="9:57">Strømsneshøyden (Askøy)</stop>
    <stop arrival="9:57" departure="9:57">Furuly (Askøy)</stop>
    <stop arrival="9:57" departure="9:57">Olaviken (Askøy)</stop>
    <stop arrival="9:57" departure="9:57">Skogvik (Askøy)</stop>
    <stop arrival="9:57" departure="9:57">Nordre Erdal</stop>
    <stop arrival="9:57" departure="9:57">Erdal skole</stop>
    <stop arrival="10:12" departure="10:12">Djupamyr (Askøy)</stop>
    <stop arrival="10:13" departure="10:13">Olufsen (Askøy)</stop>
    <stop arrival="10:14" departure="10:14">Eideskiftet (Askøy)</stop>
    <stop arrival="10:15" departure="10:15">Nordre Erdal</stop>
    <stop arrival="10:16" departure="10:16">Erdal skole</stop>
    <stop arrival="10:16" departure="10:16">Myren (Askøy)</stop>
    <stop arrival="10:17" departure="10:17">Erdal sør</stop>
    <stop arrival="10:19" departure="10:19">Østerdalen (Askøy)</stop>
    <stop arrival="10:20" departure="10:20">Florvåg Bakervågen</stop>
    <stop arrival="10:22" departure="10:22">Florvåg Øenkrysset</stop>
    <stop arrival="10:22" departure="10:22">Florvåg kai</stop>
    <stop arrival="10:23" departure="10:23">Florvåg ungdomsskole</stop>
    <stop arrival="10:25" departure="10:25">Florvåg verk</stop>
    <stop arrival="10:26" departure="10:26">Strand (Florvåg)</stop>
    <stop arrival="10:27" departure="10:27">Solhålo (Kleppestø)</stop>
    <stop arrival="10:28" departure="10:28">Kleppestø senter</stop>
    <stop arrival="10:30" departure="10:30">Kleppestø term.</stop>
    <stop arrival="10:31" departure="10:31">Kleppestø (Rådhuset)</stop>
    <stop arrival="10:32" departure="10:32">Holmedal (Askøy)</stop>
    <stop arrival="10:33" departure="10:33">Storeklubben (Askøy)</stop>
    <stop arrival="10:36" departure="10:36">Brøstaneset</stop>
    <stop arrival="10:40" departure="10:40">Storavatnet term.</stop>
    <stop arrival="10:41" departure="10:41">Frida Fasmer</stop>
    <stop arrival="10:46" departure="10:46">Lyngbø Motorvei R555</stop>
    <stop arrival="10:50" departure="10:50">Møhlenpris v/ Industrihuset</stop>
    <stop arrival="10:52" departure="10:52">Nygårdsgaten</stop>
    <stop arrival="10:55">Bergen Busstasjon</stop>
  </route>
  <route no="485" destination="Bergen Busstasjon" url="http://www.web2051.no/bin/tp/zuginfo.exe/on/457038/154997/730806/213057/1/" trafficDays="kjører Lø, ikke 1. Mai">
    <stop departure="10:17" routeNo="485">Hanevik</stop>
    <stop arrival="10:18" departure="10:18">Sæterstøl (Askøy)</stop>
    <stop arrival="10:19" departure="10:19">Lærdal (Askøy)</stop>
    <stop arrival="10:21" departure="10:21">Vikøren (Askøy)</stop>
    <stop arrival="10:21" departure="10:21">Solviken (Askøy)</stop>
    <stop arrival="10:23" departure="10:23">Lille Brevik nord (Askøy)</stop>
    <stop arrival="10:23" departure="10:23">Lille Brevik (Askøy)</stop>
    <stop arrival="10:24" departure="10:24">Bakkeland/Tumyr</stop>
    <stop arrival="10:25" departure="10:25">Kirkevik (Askøy)</stop>
    <stop arrival="10:26" departure="10:26">Asketoppen</stop>
    <stop arrival="10:27" departure="10:27">Ask v/Florida (Askøy)</stop>
    <stop arrival="10:28" departure="10:28">Hop skole (Askøy)</stop>
    <stop arrival="10:29" departure="10:29">Hop (Askøy aldershjem)</stop>
    <stop arrival="10:30" departure="10:30">Ellingsen gartneri (Askøy)</stop>
    <stop arrival="10:31" departure="10:31">Blåkors (Askøy)</stop>
    <stop arrival="10:33" departure="10:33">Strømsnes (Askøy)</stop>
    <stop arrival="10:34" departure="10:34">Strømsneshøyden (Askøy)</stop>
    <stop arrival="10:36" departure="10:36">Furuly (Askøy)</stop>
    <stop arrival="10:36" departure="10:36">Olaviken (Askøy)</stop>
    <stop arrival="10:38" departure="10:38">Skogvik (Askøy)</stop>
    <stop arrival="10:40" departure="10:40">Nordre Erdal</stop>
    <stop arrival="10:41" departure="10:41">Erdal skole</stop>
    <stop arrival="10:42" departure="10:42">Djupamyr (Askøy)</stop>
    <stop arrival="10:43" departure="10:43">Olufsen (Askøy)</stop>
    <stop arrival="10:44" departure="10:44">Eideskiftet (Askøy)</stop>
    <stop arrival="10:45" departure="10:45">Nordre Erdal</stop>
    <stop arrival="10:46" departure="10:46">Erdal skole</stop>
    <stop arrival="10:46" departure="10:46">Myren (Askøy)</stop>
    <stop arrival="10:47" departure="10:47">Erdal sør</stop>
    <stop arrival="10:49" departure="10:49">Østerdalen (Askøy)</stop>
    <stop arrival="10:50" departure="10:50">Florvåg Bakervågen</stop>
    <stop arrival="10:52" departure="10:52">Florvåg Øenkrysset</stop>
    <stop arrival="10:52" departure="10:52">Florvåg kai</stop>
    <stop arrival="10:53" departure="10:53">Florvåg ungdomsskole</stop>
    <stop arrival="10:55" departure="10:55">Florvåg verk</stop>
    <stop arrival="10:56" departure="10:56">Strand (Florvåg)</stop>
    <stop arrival="10:57" departure="10:57">Solhålo (Kleppestø)</stop>
    <stop arrival="10:58" departure="10:58">Kleppestø senter</stop>
    <stop arrival="11:00" departure="11:00">Kleppestø term.</stop>
    <stop arrival="11:01" departure="11:01">Kleppestø (Rådhuset)</stop>
    <stop arrival="11:02" departure="11:02">Holmedal (Askøy)</stop>
    <stop arrival="11:03" departure="11:03">Storeklubben (Askøy)</stop>
    <stop arrival="11:06" departure="11:06">Brøstaneset</stop>
    <stop arrival="11:10" departure="11:10">Storavatnet term.</stop>
    <stop arrival="11:11" departure="11:11">Frida Fasmer</stop>
    <stop arrival="11:16" departure="11:16">Lyngbø Motorvei R555</stop>
    <stop arrival="11:20" departure="11:20">Møhlenpris v/ Industrihuset</stop>
    <stop arrival="11:22" departure="11:22">Nygårdsgaten</stop>
    <stop arrival="11:25">Bergen Busstasjon</stop>
  </route>
  <route no="485" destination="Bergen Busstasjon" url="http://www.web2051.no/bin/tp/zuginfo.exe/on/104235/37397/672300/301405/1/" trafficDays="kjører">
    <stop departure="10:17" routeNo="485">Hanevik</stop>
    <stop arrival="10:18" departure="10:18">Sæterstøl (Askøy)</stop>
    <stop arrival="10:19" departure="10:19">Lærdal (Askøy)</stop>
    <stop arrival="10:21" departure="10:21">Vikøren (Askøy)</stop>
    <stop arrival="10:21" departure="10:21">Solviken (Askøy)</stop>
    <stop arrival="10:23" departure="10:23">Lille Brevik nord (Askøy)</stop>
    <stop arrival="10:23" departure="10:23">Lille Brevik (Askøy)</stop>
    <stop arrival="10:24" departure="10:24">Bakkeland/Tumyr</stop>
    <stop arrival="10:25" departure="10:25">Kirkevik (Askøy)</stop>
    <stop arrival="10:26" departure="10:26">Asketoppen</stop>
    <stop arrival="10:27" departure="10:27">Ask v/Florida (Askøy)</stop>
    <stop arrival="10:28" departure="10:28">Hop skole (Askøy)</stop>
    <stop arrival="10:29" departure="10:29">Hop (Askøy aldershjem)</stop>
    <stop arrival="10:30" departure="10:30">Ellingsen gartneri (Askøy)</stop>
    <stop arrival="10:31" departure="10:31">Blåkors (Askøy)</stop>
    <stop arrival="10:33" departure="10:33">Strømsnes (Askøy)</stop>
    <stop arrival="10:34" departure="10:34">Strømsneshøyden (Askøy)</stop>
    <stop arrival="10:36" departure="10:36">Furuly (Askøy)</stop>
    <stop arrival="10:36" departure="10:36">Olaviken (Askøy)</stop>
    <stop arrival="10:38" departure="10:38">Skogvik (Askøy)</stop>
    <stop arrival="10:40" departure="10:40">Nordre Erdal</stop>
    <stop arrival="10:41" departure="10:41">Erdal skole</stop>
    <stop arrival="10:42" departure="10:42">Djupamyr (Askøy)</stop>
    <stop arrival="10:43" departure="10:43">Olufsen (Askøy)</stop>
    <stop arrival="10:44" departure="10:44">Eideskiftet (Askøy)</stop>
    <stop arrival="10:45" departure="10:45">Nordre Erdal</stop>
    <stop arrival="10:46" departure="10:46">Erdal skole</stop>
    <stop arrival="10:46" departure="10:46">Myren (Askøy)</stop>
    <stop arrival="10:47" departure="10:47">Erdal sør</stop>
    <stop arrival="10:48" departure="10:48">Østerdalen (Askøy)</stop>
    <stop arrival="10:49" departure="10:49">Florvåg Bakervågen</stop>
    <stop arrival="10:51" departure="10:51">Florvåg Øenkrysset</stop>
    <stop arrival="10:52" departure="10:52">Florvåg kai</stop>
    <stop arrival="10:52" departure="10:52">Florvåg ungdomsskole</stop>
    <stop arrival="10:54" departure="10:54">Florvåg verk</stop>
    <stop arrival="10:55" departure="10:55">Strand (Florvåg)</stop>
    <stop arrival="10:57" departure="10:57">Solhålo (Kleppestø)</stop>
    <stop arrival="10:58" departure="10:58">Kleppestø senter</stop>
    <stop arrival="11:00" departure="11:00">Kleppestø term.</stop>
    <stop arrival="11:01" departure="11:01">Kleppestø (Rådhuset)</stop>
    <stop arrival="11:02" departure="11:02">Holmedal (Askøy)</stop>
    <stop arrival="11:03" departure="11:03">Storeklubben (Askøy)</stop>
    <stop arrival="11:06" departure="11:06">Brøstaneset</stop>
    <stop arrival="11:10" departure="11:10">Storavatnet term.</stop>
    <stop arrival="11:11" departure="11:11">Frida Fasmer</stop>
    <stop arrival="11:16" departure="11:16">Lyngbø Motorvei R555</stop>
    <stop arrival="11:21" departure="11:21">Møhlenpris v/ Industrihuset</stop>
    <stop arrival="11:22" departure="11:22">Christies gate (Festplassen)</stop>
    <stop arrival="11:25">Bergen Busstasjon</stop>
  </route>
  <route no="484" destination="Steinrusten snuplass" url="http://www.web2051.no/bin/tp/zuginfo.exe/on/620322/209332/258226/77661/1/" trafficDays="kjører Ma - Fr, ikke 13., 17., 24. Mai">
    <stop departure="10:10" routeNo="484">Bergen Busstasjon</stop>
    <stop arrival="10:13" departure="10:13">Olav Kyrres gate</stop>
    <stop arrival="10:14" departure="10:14">Møhlenpris v/ Industrihuset</stop>
    <stop arrival="10:19" departure="10:19">Lyngbø Motorvei R555</stop>
    <stop arrival="10:24" departure="10:24">Frida Fasmer R555</stop>
    <stop arrival="10:25" departure="10:25">Storavatnet term.</stop>
    <stop arrival="10:28" departure="10:28">Brøstaneset</stop>
    <stop arrival="10:30" departure="10:30">Storeklubben (Askøy)</stop>
    <stop arrival="10:32" departure="10:32">Holmedal (Askøy)</stop>
    <stop arrival="10:35" departure="10:35">Kleppestø term.</stop>
    <stop arrival="10:36" departure="10:36">Kleppestø senter</stop>
    <stop arrival="10:36" departure="10:36">Solhålo (Kleppestø)</stop>
    <stop arrival="10:37" departure="10:37">Strand (Florvåg)</stop>
    <stop arrival="10:37" departure="10:37">Florvåg verk</stop>
    <stop arrival="10:38" departure="10:38">Florvåg ungdomsskole</stop>
    <stop arrival="10:39" departure="10:39">Florvåg Øenkrysset</stop>
    <stop arrival="10:40" departure="10:40">Florvåg Bakervågen</stop>
    <stop arrival="10:41" departure="10:41">Østerdalen (Askøy)</stop>
    <stop arrival="10:42" departure="10:42">Erdal sør</stop>
    <stop arrival="10:43" departure="10:43">Myren (Askøy)</stop>
    <stop arrival="10:43" departure="10:43">Erdal skole</stop>
    <stop arrival="10:44" departure="10:44">Nordre Erdal</stop>
    <stop arrival="10:45" departure="10:45">Eideskiftet (Askøy)</stop>
    <stop arrival="10:46" departure="10:46">Olufsen (Askøy)</stop>
    <stop arrival="10:47" departure="10:47">Djupamyr (Askøy)</stop>
    <stop arrival="10:48">Steinrusten snuplass</stop>
  </route>
  <route no="484" destination="Steinrusten snuplass" url="http://www.web2051.no/bin/tp/zuginfo.exe/on/326019/111245/636634/209644/1/" trafficDays="kjører">
    <stop departure="10:08" routeNo="484">Bergen Busstasjon</stop>
    <stop arrival="10:13" departure="10:13">Olav Kyrres gate</stop>
    <stop arrival="10:14" departure="10:14">Møhlenpris v/ Industrihuset</stop>
    <stop arrival="10:19" departure="10:19">Lyngbø Motorvei R555</stop>
    <stop arrival="10:24" departure="10:24">Frida Fasmer R555</stop>
    <stop arrival="10:25" departure="10:25">Storavatnet term.</stop>
    <stop arrival="10:28" departure="10:28">Brøstaneset</stop>
    <stop arrival="10:30" departure="10:30">Storeklubben (Askøy)</stop>
    <stop arrival="10:32" departure="10:32">Holmedal (Askøy)</stop>
    <stop arrival="10:35" departure="10:35">Kleppestø term.</stop>
    <stop arrival="10:36" departure="10:36">Kleppestø senter</stop>
    <stop arrival="10:36" departure="10:36">Solhålo (Kleppestø)</stop>
    <stop arrival="10:37" departure="10:37">Strand (Florvåg)</stop>
    <stop arrival="10:37" departure="10:37">Florvåg verk</stop>
    <stop arrival="10:38" departure="10:38">Florvåg ungdomsskole</stop>
    <stop arrival="10:39" departure="10:39">Florvåg Øenkrysset</stop>
    <stop arrival="10:40" departure="10:40">Florvåg Bakervågen</stop>
    <stop arrival="10:41" departure="10:41">Østerdalen (Askøy)</stop>
    <stop arrival="10:42" departure="10:42">Erdal sør</stop>
    <stop arrival="10:43" departure="10:43">Myren (Askøy)</stop>
    <stop arrival="10:43" departure="10:43">Erdal skole</stop>
    <stop arrival="10:44" departure="10:44">Nordre Erdal</stop>
    <stop arrival="10:46" departure="10:46">Eideskiftet (Askøy)</stop>
    <stop arrival="10:47" departure="10:47">Olufsen (Askøy)</stop>
    <stop arrival="10:48" departure="10:48">Djupamyr (Askøy)</stop>
    <stop arrival="10:50">Steinrusten snuplass</stop>
  </route>
  <route no="485" destination="Ravnanger term." url="http://www.web2051.no/bin/tp/zuginfo.exe/on/83595/30525/728194/336232/1/" trafficDays="kjører Sø, ikke 16. Mai; også 13., 24. Mai">
    <stop departure="10:10" routeNo="485">Bergen Busstasjon</stop>
    <stop arrival="10:13" departure="10:13">Olav Kyrres gate</stop>
    <stop arrival="10:14" departure="10:14">Møhlenpris v/ Industrihuset</stop>
    <stop arrival="10:19" departure="10:19">Lyngbø Motorvei R555</stop>
    <stop arrival="10:24" departure="10:24">Frida Fasmer R555</stop>
    <stop arrival="10:25" departure="10:25">Storavatnet term.</stop>
    <stop arrival="10:28" departure="10:28">Brøstaneset</stop>
    <stop arrival="10:30" departure="10:30">Storeklubben (Askøy)</stop>
    <stop arrival="10:32" departure="10:32">Holmedal (Askøy)</stop>
    <stop arrival="10:35" departure="10:35">Kleppestø term.</stop>
    <stop arrival="10:36" departure="10:36">Kleppestø senter</stop>
    <stop arrival="10:36" departure="10:36">Solhålo (Kleppestø)</stop>
    <stop arrival="10:37" departure="10:37">Strand (Florvåg)</stop>
    <stop arrival="10:37" departure="10:37">Florvåg verk</stop>
    <stop arrival="10:38" departure="10:38">Florvåg ungdomsskole</stop>
    <stop arrival="10:39" departure="10:39">Florvåg Øenkrysset</stop>
    <stop arrival="10:40" departure="10:40">Florvåg Bakervågen</stop>
    <stop arrival="10:41" departure="10:41">Østerdalen (Askøy)</stop>
    <stop arrival="10:42" departure="10:42">Erdal sør</stop>
    <stop arrival="10:43" departure="10:43">Myren (Askøy)</stop>
    <stop arrival="10:43" departure="10:43">Erdal skole</stop>
    <stop arrival="10:44" departure="10:44">Nordre Erdal</stop>
    <stop arrival="10:45" departure="10:45">Eideskiftet (Askøy)</stop>
    <stop arrival="10:45" departure="10:45">Olufsen (Askøy)</stop>
    <stop arrival="10:46" departure="10:46">Djupamyr (Askøy)</stop>
    <stop arrival="10:47" departure="10:47">Erdal skole</stop>
    <stop arrival="10:48" departure="10:48">Nordre Erdal</stop>
    <stop arrival="10:50" departure="10:50">Skogvik (Askøy)</stop>
    <stop arrival="10:51" departure="10:51">Olaviken (Askøy)</stop>
    <stop arrival="10:52" departure="10:52">Furuly (Askøy)</stop>
    <stop arrival="10:53" departure="10:53">Strømsneshøyden (Askøy)</stop>
    <stop arrival="10:54" departure="10:54">Strømsnes (Askøy)</stop>
    <stop arrival="10:55" departure="10:55">Blåkors (Askøy)</stop>
    <stop arrival="10:56" departure="10:56">Ellingsen gartneri (Askøy)</stop>
    <stop arrival="10:57" departure="10:57">Hop (Askøy aldershjem)</stop>
    <stop arrival="10:58" departure="10:58">Hop skole (Askøy)</stop>
    <stop arrival="10:59" departure="10:59">Ask v/Florida (Askøy)</stop>
    <stop arrival="11:00" departure="11:00">Asketoppen</stop>
    <stop arrival="11:00" departure="11:00">Kirkevik (Askøy)</stop>
    <stop arrival="11:01" departure="11:01">Bakkeland/Tumyr</stop>
    <stop arrival="11:02" departure="11:02">Lille Brevik (Askøy)</stop>
    <stop arrival="11:02" departure="11:02">Lille Brevik nord (Askøy)</stop>
    <stop arrival="11:03" departure="11:03">Solviken (Askøy)</stop>
    <stop arrival="11:03" departure="11:03">Vikøren (Askøy)</stop>
    <stop arrival="11:04" departure="11:04">Lærdal (Askøy)</stop>
    <stop arrival="11:05" departure="11:05">Sæterstøl (Askøy)</stop>
    <stop arrival="11:06" departure="11:06">Hanevik</stop>
    <stop arrival="11:08" departure="11:08">Hanevik</stop>
    <stop arrival="11:10" departure="11:10">Åsebøvatnet (Stien)</stop>
    <stop arrival="11:11" departure="11:11">Åsebø (Askøy)</stop>
    <stop arrival="11:14" departure="11:14">Heiavatnet (Askøy)</stop>
    <stop arrival="11:14" departure="11:14">Ravnanger nord</stop>
    <stop arrival="11:16">Ravnanger term.</stop>
  </route>
  <route no="485" destination="Bergen Busstasjon" url="http://www.web2051.no/bin/tp/zuginfo.exe/on/946080/318011/205098/212811/1/" trafficDays="kjører Lø, ikke 1. Mai">
    <stop departure="10:17" routeNo="485">Hanevik</stop>
    <stop arrival="10:18" departure="10:18">Sæterstøl (Askøy)</stop>
    <stop arrival="10:19" departure="10:19">Lærdal (Askøy)</stop>
    <stop arrival="10:21" departure="10:21">Vikøren (Askøy)</stop>
    <stop arrival="10:21" departure="10:21">Solviken (Askøy)</stop>
    <stop arrival="10:23" departure="10:23">Lille Brevik nord (Askøy)</stop>
    <stop arrival="10:23" departure="10:23">Lille Brevik (Askøy)</stop>
    <stop arrival="10:24" departure="10:24">Bakkeland/Tumyr</stop>
    <stop arrival="10:25" departure="10:25">Kirkevik (Askøy)</stop>
    <stop arrival="10:26" departure="10:26">Asketoppen</stop>
    <stop arrival="10:27" departure="10:27">Ask v/Florida (Askøy)</stop>
    <stop arrival="10:28" departure="10:28">Hop skole (Askøy)</stop>
    <stop arrival="10:29" departure="10:29">Hop (Askøy aldershjem)</stop>
    <stop arrival="10:30" departure="10:30">Ellingsen gartneri (Askøy)</stop>
    <stop arrival="10:31" departure="10:31">Blåkors (Askøy)</stop>
    <stop arrival="10:33" departure="10:33">Strømsnes (Askøy)</stop>
    <stop arrival="10:34" departure="10:34">Strømsneshøyden (Askøy)</stop>
    <stop arrival="10:36" departure="10:36">Furuly (Askøy)</stop>
    <stop arrival="10:36" departure="10:36">Olaviken (Askøy)</stop>
    <stop arrival="10:38" departure="10:38">Skogvik (Askøy)</stop>
    <stop arrival="10:40" departure="10:40">Nordre Erdal</stop>
    <stop arrival="10:41" departure="10:41">Erdal skole</stop>
    <stop arrival="10:42" departure="10:42">Djupamyr (Askøy)</stop>
    <stop arrival="10:43" departure="10:43">Olufsen (Askøy)</stop>
    <stop arrival="10:44" departure="10:44">Eideskiftet (Askøy)</stop>
    <stop arrival="10:45" departure="10:45">Nordre Erdal</stop>
    <stop arrival="10:46" departure="10:46">Erdal skole</stop>
    <stop arrival="10:46" departure="10:46">Myren (Askøy)</stop>
    <stop arrival="10:47" departure="10:47">Erdal sør</stop>
    <stop arrival="10:49" departure="10:49">Østerdalen (Askøy)</stop>
    <stop arrival="10:50" departure="10:50">Florvåg Bakervågen</stop>
    <stop arrival="10:52" departure="10:52">Florvåg Øenkrysset</stop>
    <stop arrival="10:52" departure="10:52">Florvåg kai</stop>
    <stop arrival="10:53" departure="10:53">Florvåg ungdomsskole</stop>
    <stop arrival="10:55" departure="10:55">Florvåg verk</stop>
    <stop arrival="10:56" departure="10:56">Strand (Florvåg)</stop>
    <stop arrival="10:57" departure="10:57">Solhålo (Kleppestø)</stop>
    <stop arrival="10:58" departure="10:58">Kleppestø senter</stop>
    <stop arrival="11:00" departure="11:00">Kleppestø term.</stop>
    <stop arrival="11:01" departure="11:01">Kleppestø (Rådhuset)</stop>
    <stop arrival="11:02" departure="11:02">Holmedal (Askøy)</stop>
    <stop arrival="11:03" departure="11:03">Storeklubben (Askøy)</stop>
    <stop arrival="11:06" departure="11:06">Brøstaneset</stop>
    <stop arrival="11:10" departure="11:10">Storavatnet term.</stop>
    <stop arrival="11:11" departure="11:11">Frida Fasmer</stop>
    <stop arrival="11:16" departure="11:16">Lyngbø Motorvei R555</stop>
    <stop arrival="11:20" departure="11:20">Møhlenpris v/ Industrihuset</stop>
    <stop arrival="11:22" departure="11:22">Nygårdsgaten</stop>
    <stop arrival="11:25">Bergen Busstasjon</stop>
  </route>
  <route no="485" destination="Bergen Busstasjon" url="http://www.web2051.no/bin/tp/zuginfo.exe/on/783885/263947/341244/90673/1/" trafficDays="kjører">
    <stop departure="10:17" routeNo="485">Hanevik</stop>
    <stop arrival="10:18" departure="10:18">Sæterstøl (Askøy)</stop>
    <stop arrival="10:19" departure="10:19">Lærdal (Askøy)</stop>
    <stop arrival="10:21" departure="10:21">Vikøren (Askøy)</stop>
    <stop arrival="10:21" departure="10:21">Solviken (Askøy)</stop>
    <stop arrival="10:23" departure="10:23">Lille Brevik nord (Askøy)</stop>
    <stop arrival="10:23" departure="10:23">Lille Brevik (Askøy)</stop>
    <stop arrival="10:24" departure="10:24">Bakkeland/Tumyr</stop>
    <stop arrival="10:25" departure="10:25">Kirkevik (Askøy)</stop>
    <stop arrival="10:26" departure="10:26">Asketoppen</stop>
    <stop arrival="10:27" departure="10:27">Ask v/Florida (Askøy)</stop>
    <stop arrival="10:28" departure="10:28">Hop skole (Askøy)</stop>
    <stop arrival="10:29" departure="10:29">Hop (Askøy aldershjem)</stop>
    <stop arrival="10:30" departure="10:30">Ellingsen gartneri (Askøy)</stop>
    <stop arrival="10:31" departure="10:31">Blåkors (Askøy)</stop>
    <stop arrival="10:33" departure="10:33">Strømsnes (Askøy)</stop>
    <stop arrival="10:34" departure="10:34">Strømsneshøyden (Askøy)</stop>
    <stop arrival="10:36" departure="10:36">Furuly (Askøy)</stop>
    <stop arrival="10:36" departure="10:36">Olaviken (Askøy)</stop>
    <stop arrival="10:38" departure="10:38">Skogvik (Askøy)</stop>
    <stop arrival="10:40" departure="10:40">Nordre Erdal</stop>
    <stop arrival="10:41" departure="10:41">Erdal skole</stop>
    <stop arrival="10:42" departure="10:42">Djupamyr (Askøy)</stop>
    <stop arrival="10:43" departure="10:43">Olufsen (Askøy)</stop>
    <stop arrival="10:44" departure="10:44">Eideskiftet (Askøy)</stop>
    <stop arrival="10:45" departure="10:45">Nordre Erdal</stop>
    <stop arrival="10:46" departure="10:46">Erdal skole</stop>
    <stop arrival="10:46" departure="10:46">Myren (Askøy)</stop>
    <stop arrival="10:47" departure="10:47">Erdal sør</stop>
    <stop arrival="10:48" departure="10:48">Østerdalen (Askøy)</stop>
    <stop arrival="10:49" departure="10:49">Florvåg Bakervågen</stop>
    <stop arrival="10:51" departure="10:51">Florvåg Øenkrysset</stop>
    <stop arrival="10:52" departure="10:52">Florvåg kai</stop>
    <stop arrival="10:52" departure="10:52">Florvåg ungdomsskole</stop>
    <stop arrival="10:54" departure="10:54">Florvåg verk</stop>
    <stop arrival="10:55" departure="10:55">Strand (Florvåg)</stop>
    <stop arrival="10:57" departure="10:57">Solhålo (Kleppestø)</stop>
    <stop arrival="10:58" departure="10:58">Kleppestø senter</stop>
    <stop arrival="11:00" departure="11:00">Kleppestø term.</stop>
    <stop arrival="11:01" departure="11:01">Kleppestø (Rådhuset)</stop>
    <stop arrival="11:02" departure="11:02">Holmedal (Askøy)</stop>
    <stop arrival="11:03" departure="11:03">Storeklubben (Askøy)</stop>
    <stop arrival="11:06" departure="11:06">Brøstaneset</stop>
    <stop arrival="11:10" departure="11:10">Storavatnet term.</stop>
    <stop arrival="11:11" departure="11:11">Frida Fasmer</stop>
    <stop arrival="11:16" departure="11:16">Lyngbø Motorvei R555</stop>
    <stop arrival="11:21" departure="11:21">Møhlenpris v/ Industrihuset</stop>
    <stop arrival="11:22" departure="11:22">Christies gate (Festplassen)</stop>
    <stop arrival="11:25">Bergen Busstasjon</stop>
  </route>
  <route no="485" destination="Ravnanger term." url="http://www.web2051.no/bin/tp/zuginfo.exe/on/771189/259723/578836/32355/1/" trafficDays="kjører Sø, ikke 16. Mai; også 13., 24. Mai">
    <stop departure="10:10" routeNo="485">Bergen Busstasjon</stop>
    <stop arrival="10:13" departure="10:13">Olav Kyrres gate</stop>
    <stop arrival="10:14" departure="10:14">Møhlenpris v/ Industrihuset</stop>
    <stop arrival="10:19" departure="10:19">Lyngbø Motorvei R555</stop>
    <stop arrival="10:24" departure="10:24">Frida Fasmer R555</stop>
    <stop arrival="10:25" departure="10:25">Storavatnet term.</stop>
    <stop arrival="10:28" departure="10:28">Brøstaneset</stop>
    <stop arrival="10:30" departure="10:30">Storeklubben (Askøy)</stop>
    <stop arrival="10:32" departure="10:32">Holmedal (Askøy)</stop>
    <stop arrival="10:35" departure="10:35">Kleppestø term.</stop>
    <stop arrival="10:36" departure="10:36">Kleppestø senter</stop>
    <stop arrival="10:36" departure="10:36">Solhålo (Kleppestø)</stop>
    <stop arrival="10:37" departure="10:37">Strand (Florvåg)</stop>
    <stop arrival="10:37" departure="10:37">Florvåg verk</stop>
    <stop arrival="10:38" departure="10:38">Florvåg ungdomsskole</stop>
    <stop arrival="10:39" departure="10:39">Florvåg Øenkrysset</stop>
    <stop arrival="10:40" departure="10:40">Florvåg Bakervågen</stop>
    <stop arrival="10:41" departure="10:41">Østerdalen (Askøy)</stop>
    <stop arrival="10:42" departure="10:42">Erdal sør</stop>
    <stop arrival="10:43" departure="10:43">Myren (Askøy)</stop>
    <stop arrival="10:43" departure="10:43">Erdal skole</stop>
    <stop arrival="10:44" departure="10:44">Nordre Erdal</stop>
    <stop arrival="10:45" departure="10:45">Eideskiftet (Askøy)</stop>
    <stop arrival="10:45" departure="10:45">Olufsen (Askøy)</stop>
    <stop arrival="10:46" departure="10:46">Djupamyr (Askøy)</stop>
    <stop arrival="10:47" departure="10:47">Erdal skole</stop>
    <stop arrival="10:48" departure="10:48">Nordre Erdal</stop>
    <stop arrival="10:50" departure="10:50">Skogvik (Askøy)</stop>
    <stop arrival="10:51" departure="10:51">Olaviken (Askøy)</stop>
    <stop arrival="10:52" departure="10:52">Furuly (Askøy)</stop>
    <stop arrival="10:53" departure="10:53">Strømsneshøyden (Askøy)</stop>
    <stop arrival="10:54" departure="10:54">Strømsnes (Askøy)</stop>
    <stop arrival="10:55" departure="10:55">Blåkors (Askøy)</stop>
    <stop arrival="10:56" departure="10:56">Ellingsen gartneri (Askøy)</stop>
    <stop arrival="10:57" departure="10:57">Hop (Askøy aldershjem)</stop>
    <stop arrival="10:58" departure="10:58">Hop skole (Askøy)</stop>
    <stop arrival="10:59" departure="10:59">Ask v/Florida (Askøy)</stop>
    <stop arrival="11:00" departure="11:00">Asketoppen</stop>
    <stop arrival="11:00" departure="11:00">Kirkevik (Askøy)</stop>
    <stop arrival="11:01" departure="11:01">Bakkeland/Tumyr</stop>
    <stop arrival="11:02" departure="11:02">Lille Brevik (Askøy)</stop>
    <stop arrival="11:02" departure="11:02">Lille Brevik nord (Askøy)</stop>
    <stop arrival="11:03" departure="11:03">Solviken (Askøy)</stop>
    <stop arrival="11:03" departure="11:03">Vikøren (Askøy)</stop>
    <stop arrival="11:04" departure="11:04">Lærdal (Askøy)</stop>
    <stop arrival="11:05" departure="11:05">Sæterstøl (Askøy)</stop>
    <stop arrival="11:06" departure="11:06">Hanevik</stop>
    <stop arrival="11:08" departure="11:08">Hanevik</stop>
    <stop arrival="11:10" departure="11:10">Åsebøvatnet (Stien)</stop>
    <stop arrival="11:11" departure="11:11">Åsebø (Askøy)</stop>
    <stop arrival="11:14" departure="11:14">Heiavatnet (Askøy)</stop>
    <stop arrival="11:14" departure="11:14">Ravnanger nord</stop>
    <stop arrival="11:16">Ravnanger term.</stop>
  </route>
</routes>
