<?xml version="1.0" encoding="UTF-8"?>
<routes>
  <route no="566" destination="Eidsvik snuplass" url="http://www.web2051.no/bin/tp/zuginfo.exe/on/242580/86432/540660/189470/1/" trafficDays="kjører Ma - Fr, ikke 13., 17., 24. Mai">
    <stop departure="9:45" routeNo="566">Nesttun terminal</stop>
    <stop arrival="9:47" departure="9:47">Nesttun</stop>
    <stop arrival="9:50" departure="9:50">Skjoldskiftet</stop>
    <stop arrival="9:50" departure="9:50">Nesttunbrekka</stop>
    <stop arrival="9:51" departure="9:51">Mårdalen</stop>
    <stop arrival="9:51" departure="9:51">Skjoldhøgda</stop>
    <stop arrival="9:51" departure="9:51">Skjold skole</stop>
    <stop arrival="9:52" departure="9:52">Lagunen</stop>
    <stop arrival="9:53" departure="9:53">Rådal</stop>
    <stop arrival="9:54" departure="9:54">Sunea</stop>
    <stop arrival="9:54" departure="9:54">Rådalshaug</stop>
    <stop arrival="9:54" departure="9:54">Steinknuseverket</stop>
    <stop arrival="9:55" departure="9:55">Hordnesskiftet Stend</stop>
    <stop arrival="9:57" departure="9:57">Konowskiftet</stop>
    <stop arrival="9:57" departure="9:57">Krykkjehaugen</stop>
    <stop arrival="9:58" departure="9:58">Fana kirke</stop>
    <stop arrival="9:59" departure="9:59">Hamreskiftet</stop>
    <stop arrival="10:00" departure="10:00">Rambergtunet</stop>
    <stop arrival="10:03" departure="10:03">Fanafjell</stop>
    <stop arrival="10:05" departure="10:05">Sædal 1</stop>
    <stop arrival="10:05" departure="10:05">Sædal 2</stop>
    <stop arrival="10:07" departure="10:07">Nordvik 1</stop>
    <stop arrival="10:08" departure="10:08">Nordvik 2</stop>
    <stop arrival="10:08" departure="10:08">Nordvik skole</stop>
    <stop arrival="10:09" departure="10:09">Sagstad (Nordvik, Fana)</stop>
    <stop arrival="10:09" departure="10:09">Sperrevik 1</stop>
    <stop arrival="10:10" departure="10:10">Sperrevik 2</stop>
    <stop arrival="10:10" departure="10:10">Sperrevik 3</stop>
    <stop arrival="10:10" departure="10:10">Nordstrøm</stop>
    <stop arrival="10:11" departure="10:11">Sørstraumen</stop>
    <stop arrival="10:12" departure="10:12">Buena</stop>
    <stop arrival="10:13" departure="10:13">Søvik (Os)</stop>
    <stop arrival="10:14" departure="10:14">Søvik (Os)</stop>
    <stop arrival="10:14" departure="10:14">Søvik (Os)</stop>
    <stop arrival="10:15" departure="10:15">Lysekloster skule</stop>
    <stop arrival="10:17" departure="10:17">Søvik Gamleskulen</stop>
    <stop arrival="10:18" departure="10:18">Salbuvik</stop>
    <stop arrival="10:20" departure="10:20">Bjoarvik</stop>
    <stop arrival="10:20" departure="10:20">Drangshaug</stop>
    <stop arrival="10:21" departure="10:21">Drange (Os)</stop>
    <stop arrival="10:22" departure="10:22">Drange handel</stop>
    <stop arrival="10:23" departure="10:23">Drangevågen</stop>
    <stop arrival="10:24" departure="10:24">Eidsvik</stop>
    <stop arrival="10:25">Eidsvik snuplass</stop>
  </route>
  <route no="566" destination="Rådal ved Lagunen" url="http://www.web2051.no/bin/tp/zuginfo.exe/on/803058/273249/897870/181249/1/" trafficDays="kjører Lø, ikke 1. Mai">
    <stop departure="10:30" routeNo="566">Eidsvik snuplass</stop>
    <stop arrival="10:31" departure="10:31">Eidsvik</stop>
    <stop arrival="10:32" departure="10:32">Drangevågen</stop>
    <stop arrival="10:33" departure="10:33">Drange handel</stop>
    <stop arrival="10:34" departure="10:34">Drange (Os)</stop>
    <stop arrival="10:35" departure="10:35">Drangshaug</stop>
    <stop arrival="10:35" departure="10:35">Bjoarvik</stop>
    <stop arrival="10:37" departure="10:37">Salbuvik</stop>
    <stop arrival="10:38" departure="10:38">Søvik Gamleskulen</stop>
    <stop arrival="10:40" departure="10:40">Lysekloster skule</stop>
    <stop arrival="10:40" departure="10:40">Søvik (Os)</stop>
    <stop arrival="10:40" departure="10:40">Søvik (Os)</stop>
    <stop arrival="10:41" departure="10:41">Søvik (Os)</stop>
    <stop arrival="10:41" departure="10:41">Buena</stop>
    <stop arrival="10:42" departure="10:42">Sørstraumen</stop>
    <stop arrival="10:43" departure="10:43">Nordstrøm</stop>
    <stop arrival="10:43" departure="10:43">Sperrevik 3</stop>
    <stop arrival="10:43" departure="10:43">Sperrevik 2</stop>
    <stop arrival="10:44" departure="10:44">Sperrevik 1</stop>
    <stop arrival="10:44" departure="10:44">Sagstad (Nordvik, Fana)</stop>
    <stop arrival="10:45" departure="10:45">Nordvik skole</stop>
    <stop arrival="10:45" departure="10:45">Nordvik 2</stop>
    <stop arrival="10:46" departure="10:46">Nordvik 1</stop>
    <stop arrival="10:48" departure="10:48">Sædal 2</stop>
    <stop arrival="10:49" departure="10:49">Sædal 1</stop>
    <stop arrival="10:50" departure="10:50">Fanafjell</stop>
    <stop arrival="10:52" departure="10:52">Rambergtunet</stop>
    <stop arrival="10:54" departure="10:54">Hamreskiftet</stop>
    <stop arrival="10:55" departure="10:55">Fana</stop>
    <stop arrival="10:56" departure="10:56">Krykkjehaugen</stop>
    <stop arrival="10:57" departure="10:57">Konowskiftet</stop>
    <stop arrival="10:58" departure="10:58">Hordnesskiftet Stend</stop>
    <stop arrival="10:58" departure="10:58">Steinknuseverket</stop>
    <stop arrival="10:59" departure="10:59">Rådalshaug</stop>
    <stop arrival="10:59" departure="10:59">Sunea</stop>
    <stop arrival="11:00" departure="11:00">Rådal</stop>
    <stop arrival="11:00">Rådal ved Lagunen</stop>
  </route>
</routes>
