<?xml version="1.0" encoding="UTF-8"?>
<routes>
  <route no="11" destination="Tollbodalmenningen" url="http://www.web2051.no/bin/tp/zuginfo.exe/on/792990/267998/591028/31187/1/" trafficDays="kjører Ma - Lø, ikke 1., 13., 17., 24. Mai">
    <stop departure="10:00" routeNo="11">Starefoss</stop>
    <stop arrival="10:00" departure="10:00">Starefossveien</stop>
    <stop arrival="10:01" departure="10:01">Starefossbakken</stop>
    <stop arrival="10:02" departure="10:02">Nystuveien</stop>
    <stop arrival="10:03" departure="10:03">Fjellveien (Bergen)</stop>
    <stop arrival="10:04" departure="10:04">Bellevue</stop>
    <stop arrival="10:05" departure="10:05">Svartediksvei</stop>
    <stop arrival="10:06" departure="10:06">Kalvedalsveien</stop>
    <stop arrival="10:08" departure="10:08">Kalfarlien</stop>
    <stop arrival="10:10" departure="10:10">Stadsporten (jernbanen)</stop>
    <stop arrival="10:11" departure="10:11">Kong Oscars gate</stop>
    <stop arrival="10:12" departure="10:12">Allehelgensgate</stop>
    <stop arrival="10:15" departure="10:15">Bergen Strandkai terminal</stop>
    <stop arrival="10:18" departure="10:18">Christiand Michelsens gate</stop>
    <stop arrival="10:20" departure="10:20">Klosteret</stop>
    <stop arrival="10:21" departure="10:21">Fredriksberg</stop>
    <stop arrival="10:22" departure="10:22">Nordnes skole</stop>
    <stop arrival="10:23" departure="10:23">Akvariet</stop>
    <stop arrival="10:25">Tollbodalmenningen</stop>
  </route>
  <route no="11" destination="Tollbodalmenningen" url="http://www.web2051.no/bin/tp/zuginfo.exe/on/353037/121347/751818/258233/1/" trafficDays="kjører Ma - Lø, ikke 1., 13., 17., 24. Mai">
    <stop departure="10:00" routeNo="11">Starefoss</stop>
    <stop arrival="10:00" departure="10:00">Starefossveien</stop>
    <stop arrival="10:01" departure="10:01">Starefossbakken</stop>
    <stop arrival="10:02" departure="10:02">Nystuveien</stop>
    <stop arrival="10:03" departure="10:03">Fjellveien (Bergen)</stop>
    <stop arrival="10:04" departure="10:04">Bellevue</stop>
    <stop arrival="10:05" departure="10:05">Svartediksvei</stop>
    <stop arrival="10:06" departure="10:06">Kalvedalsveien</stop>
    <stop arrival="10:08" departure="10:08">Kalfarlien</stop>
    <stop arrival="10:10" departure="10:10">Stadsporten (jernbanen)</stop>
    <stop arrival="10:11" departure="10:11">Kong Oscars gate</stop>
    <stop arrival="10:12" departure="10:12">Allehelgensgate</stop>
    <stop arrival="10:15" departure="10:15">Bergen Strandkai terminal</stop>
    <stop arrival="10:18" departure="10:18">Christiand Michelsens gate</stop>
    <stop arrival="10:20" departure="10:20">Klosteret</stop>
    <stop arrival="10:21" departure="10:21">Fredriksberg</stop>
    <stop arrival="10:22" departure="10:22">Nordnes skole</stop>
    <stop arrival="10:23" departure="10:23">Akvariet</stop>
    <stop arrival="10:25">Tollbodalmenningen</stop>
  </route>
  <route no="11" destination="Tollbodalmenningen" url="http://www.web2051.no/bin/tp/zuginfo.exe/on/96207/35737/287434/111651/1/" trafficDays="kjører Ma - Lø, ikke 1., 13., 17., 24. Mai">
    <stop departure="10:00" routeNo="11">Starefoss</stop>
    <stop arrival="10:00" departure="10:00">Starefossveien</stop>
    <stop arrival="10:01" departure="10:01">Starefossbakken</stop>
    <stop arrival="10:02" departure="10:02">Nystuveien</stop>
    <stop arrival="10:03" departure="10:03">Fjellveien (Bergen)</stop>
    <stop arrival="10:04" departure="10:04">Bellevue</stop>
    <stop arrival="10:05" departure="10:05">Svartediksvei</stop>
    <stop arrival="10:06" departure="10:06">Kalvedalsveien</stop>
    <stop arrival="10:08" departure="10:08">Kalfarlien</stop>
    <stop arrival="10:10" departure="10:10">Stadsporten (jernbanen)</stop>
    <stop arrival="10:11" departure="10:11">Kong Oscars gate</stop>
    <stop arrival="10:12" departure="10:12">Allehelgensgate</stop>
    <stop arrival="10:15" departure="10:15">Bergen Strandkai terminal</stop>
    <stop arrival="10:18" departure="10:18">Christiand Michelsens gate</stop>
    <stop arrival="10:20" departure="10:20">Klosteret</stop>
    <stop arrival="10:21" departure="10:21">Fredriksberg</stop>
    <stop arrival="10:22" departure="10:22">Nordnes skole</stop>
    <stop arrival="10:23" departure="10:23">Akvariet</stop>
    <stop arrival="10:25">Tollbodalmenningen</stop>
  </route>
  <route no="11" destination="Starefoss" url="http://www.web2051.no/bin/tp/zuginfo.exe/on/672147/227728/694438/123173/1/" trafficDays="kjører Ma - Fr, ikke 13., 17., 24. Mai">
    <stop departure="10:25" routeNo="11">Tollbodalmenningen</stop>
    <stop arrival="10:27" departure="10:27">Strandgaten (Holberg Hotel)</stop>
    <stop arrival="10:30" departure="10:30">Strandgaten (Svaneapoteket)</stop>
    <stop arrival="10:32" departure="10:32">Småstrandgaten</stop>
    <stop arrival="10:33" departure="10:33">Nygaten</stop>
    <stop arrival="10:34" departure="10:34">Statsporten (jernbanen)</stop>
    <stop arrival="10:36" departure="10:36">Kalfarlien</stop>
    <stop arrival="10:37" departure="10:37">Kalvedalsveien</stop>
    <stop arrival="10:37" departure="10:37">Gamle Kalvedalsveien</stop>
    <stop arrival="10:38" departure="10:38">Svartediksvei</stop>
    <stop arrival="10:39" departure="10:39">Bellevue</stop>
    <stop arrival="10:40" departure="10:40">Fjellveien (Bergen)</stop>
    <stop arrival="10:40" departure="10:40">Nystuveien</stop>
    <stop arrival="10:41" departure="10:41">Starefossbakken</stop>
    <stop arrival="10:42" departure="10:42">Starefossveien</stop>
    <stop arrival="10:42">Starefoss</stop>
  </route>
  <route no="11" destination="Starefoss" url="http://www.web2051.no/bin/tp/zuginfo.exe/on/644775/218604/57730/186063/1/" trafficDays="kjører Ma - Fr, ikke 13., 17., 24. Mai">
    <stop departure="10:25" routeNo="11">Tollbodalmenningen</stop>
    <stop arrival="10:27" departure="10:27">Strandgaten (Holberg Hotel)</stop>
    <stop arrival="10:30" departure="10:30">Strandgaten (Svaneapoteket)</stop>
    <stop arrival="10:32" departure="10:32">Småstrandgaten</stop>
    <stop arrival="10:33" departure="10:33">Nygaten</stop>
    <stop arrival="10:34" departure="10:34">Statsporten (jernbanen)</stop>
    <stop arrival="10:36" departure="10:36">Kalfarlien</stop>
    <stop arrival="10:37" departure="10:37">Kalvedalsveien</stop>
    <stop arrival="10:37" departure="10:37">Gamle Kalvedalsveien</stop>
    <stop arrival="10:38" departure="10:38">Svartediksvei</stop>
    <stop arrival="10:39" departure="10:39">Bellevue</stop>
    <stop arrival="10:40" departure="10:40">Fjellveien (Bergen)</stop>
    <stop arrival="10:40" departure="10:40">Nystuveien</stop>
    <stop arrival="10:41" departure="10:41">Starefossbakken</stop>
    <stop arrival="10:42" departure="10:42">Starefossveien</stop>
    <stop arrival="10:42">Starefoss</stop>
  </route>
  <route no="11" destination="Starefoss" url="http://www.web2051.no/bin/tp/zuginfo.exe/on/110496/40511/69828/1921/1/" trafficDays="kjører Ma - Fr, ikke 13., 17., 24. Mai">
    <stop departure="10:25" routeNo="11">Tollbodalmenningen</stop>
    <stop arrival="10:27" departure="10:27">Strandgaten (Holberg Hotel)</stop>
    <stop arrival="10:30" departure="10:30">Strandgaten (Svaneapoteket)</stop>
    <stop arrival="10:32" departure="10:32">Småstrandgaten</stop>
    <stop arrival="10:33" departure="10:33">Nygaten</stop>
    <stop arrival="10:34" departure="10:34">Statsporten (jernbanen)</stop>
    <stop arrival="10:36" departure="10:36">Kalfarlien</stop>
    <stop arrival="10:37" departure="10:37">Kalvedalsveien</stop>
    <stop arrival="10:37" departure="10:37">Gamle Kalvedalsveien</stop>
    <stop arrival="10:38" departure="10:38">Svartediksvei</stop>
    <stop arrival="10:39" departure="10:39">Bellevue</stop>
    <stop arrival="10:40" departure="10:40">Fjellveien (Bergen)</stop>
    <stop arrival="10:40" departure="10:40">Nystuveien</stop>
    <stop arrival="10:41" departure="10:41">Starefossbakken</stop>
    <stop arrival="10:42" departure="10:42">Starefossveien</stop>
    <stop arrival="10:42">Starefoss</stop>
  </route>
  <route no="11" destination="Starefoss" url="http://www.web2051.no/bin/tp/zuginfo.exe/on/889506/300173/759766/83381/1/" trafficDays="kjører Lø, ikke 1. Mai">
    <stop departure="10:25" routeNo="11">Tollbodalmenningen</stop>
    <stop arrival="10:27" departure="10:27">Strandgaten (Holberg Hotel)</stop>
    <stop arrival="10:30" departure="10:30">Strandgaten (Svaneapoteket)</stop>
    <stop arrival="10:35" departure="10:35">Småstrandgaten</stop>
    <stop arrival="10:36" departure="10:36">Nygaten</stop>
    <stop arrival="10:37" departure="10:37">Statsporten (jernbanen)</stop>
    <stop arrival="10:39" departure="10:39">Kalfarlien</stop>
    <stop arrival="10:40" departure="10:40">Kalvedalsveien</stop>
    <stop arrival="10:40" departure="10:40">Gamle Kalvedalsveien</stop>
    <stop arrival="10:41" departure="10:41">Svartediksvei</stop>
    <stop arrival="10:42" departure="10:42">Bellevue</stop>
    <stop arrival="10:43" departure="10:43">Fjellveien (Bergen)</stop>
    <stop arrival="10:43" departure="10:43">Nystuveien</stop>
    <stop arrival="10:44" departure="10:44">Starefossbakken</stop>
    <stop arrival="10:45" departure="10:45">Starefossveien</stop>
    <stop arrival="10:45">Starefoss</stop>
  </route>
  <route no="11" destination="Starefoss" url="http://www.web2051.no/bin/tp/zuginfo.exe/on/929742/313585/795374/87773/1/" trafficDays="kjører Lø, ikke 1. Mai">
    <stop departure="10:25" routeNo="11">Tollbodalmenningen</stop>
    <stop arrival="10:27" departure="10:27">Strandgaten (Holberg Hotel)</stop>
    <stop arrival="10:30" departure="10:30">Strandgaten (Svaneapoteket)</stop>
    <stop arrival="10:35" departure="10:35">Småstrandgaten</stop>
    <stop arrival="10:36" departure="10:36">Nygaten</stop>
    <stop arrival="10:37" departure="10:37">Statsporten (jernbanen)</stop>
    <stop arrival="10:39" departure="10:39">Kalfarlien</stop>
    <stop arrival="10:40" departure="10:40">Kalvedalsveien</stop>
    <stop arrival="10:40" departure="10:40">Gamle Kalvedalsveien</stop>
    <stop arrival="10:41" departure="10:41">Svartediksvei</stop>
    <stop arrival="10:42" departure="10:42">Bellevue</stop>
    <stop arrival="10:43" departure="10:43">Fjellveien (Bergen)</stop>
    <stop arrival="10:43" departure="10:43">Nystuveien</stop>
    <stop arrival="10:44" departure="10:44">Starefossbakken</stop>
    <stop arrival="10:45" departure="10:45">Starefossveien</stop>
    <stop arrival="10:45">Starefoss</stop>
  </route>
  <route no="11" destination="Starefoss" url="http://www.web2051.no/bin/tp/zuginfo.exe/on/442038/151017/267438/13627/1/" trafficDays="kjører Lø, ikke 1. Mai">
    <stop departure="10:25" routeNo="11">Tollbodalmenningen</stop>
    <stop arrival="10:27" departure="10:27">Strandgaten (Holberg Hotel)</stop>
    <stop arrival="10:30" departure="10:30">Strandgaten (Svaneapoteket)</stop>
    <stop arrival="10:35" departure="10:35">Småstrandgaten</stop>
    <stop arrival="10:36" departure="10:36">Nygaten</stop>
    <stop arrival="10:37" departure="10:37">Statsporten (jernbanen)</stop>
    <stop arrival="10:39" departure="10:39">Kalfarlien</stop>
    <stop arrival="10:40" departure="10:40">Kalvedalsveien</stop>
    <stop arrival="10:40" departure="10:40">Gamle Kalvedalsveien</stop>
    <stop arrival="10:41" departure="10:41">Svartediksvei</stop>
    <stop arrival="10:42" departure="10:42">Bellevue</stop>
    <stop arrival="10:43" departure="10:43">Fjellveien (Bergen)</stop>
    <stop arrival="10:43" departure="10:43">Nystuveien</stop>
    <stop arrival="10:44" departure="10:44">Starefossbakken</stop>
    <stop arrival="10:45" departure="10:45">Starefossveien</stop>
    <stop arrival="10:45">Starefoss</stop>
  </route>
</routes>
