<?xml version="1.0" encoding="UTF-8"?>
<routes>
  <route no="41" destination="Bergen Busstasjon" url="http://www.web2051.no/bin/tp/zuginfo.exe/on/626760/210341/953768/267965/1/" trafficDays="kjører 1., 16., 17. Mai">
    <stop departure="10:00" routeNo="41">Hetlevikåsen snuplass</stop>
    <stop arrival="10:01" departure="10:01">Storaholtet</stop>
    <stop arrival="10:03" departure="10:03">Hetlevikåsen</stop>
    <stop arrival="10:03" departure="10:03">Hetleviktoppen</stop>
    <stop arrival="10:05" departure="10:05">Hetlevikskiftet</stop>
    <stop arrival="10:08" departure="10:08">Vadmyra snuplass</stop>
    <stop arrival="10:10" departure="10:10">Vadmyra</stop>
    <stop arrival="10:12" departure="10:12">Lyngfaret</stop>
    <stop arrival="10:15" departure="10:15">Loddefjord term.</stop>
    <stop arrival="10:16" departure="10:16">Bjørndalstre krysset</stop>
    <stop arrival="10:17" departure="10:17">Tennebekk</stop>
    <stop arrival="10:21" departure="10:21">Lyngbø Motorvei R555</stop>
    <stop arrival="10:26" departure="10:26">Møhlenpris v/ Industrihuset</stop>
    <stop arrival="10:27" departure="10:27">Christies gate (Festplassen)</stop>
    <stop arrival="10:30">Bergen Busstasjon</stop>
  </route>
  <route no="41" destination="Bergen Busstasjon" url="http://www.web2051.no/bin/tp/zuginfo.exe/on/867729/290665/221228/178629/1/" trafficDays="kjører Sø, ikke 16. Mai; også 13., 24. Mai">
    <stop departure="10:00" routeNo="41">Hetlevikåsen snuplass</stop>
    <stop arrival="10:01" departure="10:01">Storaholtet</stop>
    <stop arrival="10:03" departure="10:03">Hetlevikåsen</stop>
    <stop arrival="10:03" departure="10:03">Hetleviktoppen</stop>
    <stop arrival="10:05" departure="10:05">Hetlevikskiftet</stop>
    <stop arrival="10:08" departure="10:08">Vadmyra snuplass</stop>
    <stop arrival="10:10" departure="10:10">Vadmyra</stop>
    <stop arrival="10:12" departure="10:12">Lyngfaret</stop>
    <stop arrival="10:15" departure="10:15">Loddefjord term.</stop>
    <stop arrival="10:16" departure="10:16">Bjørndalstre krysset</stop>
    <stop arrival="10:17" departure="10:17">Tennebekk</stop>
    <stop arrival="10:21" departure="10:21">Lyngbø Motorvei R555</stop>
    <stop arrival="10:26" departure="10:26">Møhlenpris v/ Industrihuset</stop>
    <stop arrival="10:27" departure="10:27">Christies gate (Festplassen)</stop>
    <stop>Olav Kyrres gate</stop>
    <stop arrival="10:28" departure="10:28">Kaigaten/v. Jernbanen</stop>
    <stop arrival="10:30">Bergen Busstasjon</stop>
  </route>
  <route no="42" destination="Bergen Busstasjon" url="http://www.web2051.no/bin/tp/zuginfo.exe/on/207012/70508/255416/58704/1/" trafficDays="kjører Lø, ikke 1. Mai">
    <stop departure="9:50" routeNo="42">Alvøen kai</stop>
    <stop arrival="9:51" departure="9:51">Alvøen nede</stop>
    <stop arrival="9:51" departure="9:51">Alvøen kryss holdepl.</stop>
    <stop arrival="9:52" departure="9:52">Alvøen gård</stop>
    <stop arrival="9:53" departure="9:53">Ørnefjellet</stop>
    <stop arrival="9:54" departure="9:54">Hillehaugen</stop>
    <stop arrival="9:56" departure="9:56">Håkonshella</stop>
    <stop arrival="9:57" departure="9:57">Håkonshella Ungdomshuset</stop>
    <stop arrival="9:58" departure="9:58">Håkonshella Skansen</stop>
    <stop arrival="9:58" departure="9:58">Håkonshella Myren</stop>
    <stop arrival="9:59" departure="9:59">Håkonshella Feriehjemmet</stop>
    <stop arrival="10:00" departure="10:00">Lille Kongshaug</stop>
    <stop arrival="10:01" departure="10:01">Storingavika</stop>
    <stop arrival="10:01" departure="10:01">Medhaugflaten</stop>
    <stop arrival="10:02" departure="10:02">Hilleren</stop>
    <stop arrival="10:03" departure="10:03">Skaretoppen</stop>
    <stop arrival="10:03" departure="10:03">Skare (Mathopen skole)</stop>
    <stop arrival="10:04" departure="10:04">Mathopen Sætre</stop>
    <stop arrival="10:05" departure="10:05">Haakonsvern/Mathopen</stop>
    <stop arrival="10:07" departure="10:07">Notaneset</stop>
    <stop arrival="10:10" departure="10:10">Hetlevikstrømmen</stop>
    <stop arrival="10:11" departure="10:11">Hetlevikskiftet</stop>
    <stop arrival="10:15" departure="10:15">Loddefjord term.</stop>
    <stop arrival="10:16" departure="10:16">Bjørndalstre krysset</stop>
    <stop arrival="10:17" departure="10:17">Tennebekk</stop>
    <stop arrival="10:20" departure="10:20">Lyngbø Motorvei R555</stop>
    <stop arrival="10:25" departure="10:25">Møhlenpris v/ Industrihuset</stop>
    <stop arrival="10:27" departure="10:27">Nygårdsgaten</stop>
    <stop arrival="10:30">Bergen Busstasjon</stop>
  </route>
  <route no="42" destination="Bergen Busstasjon" url="http://www.web2051.no/bin/tp/zuginfo.exe/on/768114/257543/638022/62973/1/" trafficDays="kjører">
    <stop departure="9:50" routeNo="42">Alvøen kai</stop>
    <stop arrival="9:51" departure="9:51">Alvøen nede</stop>
    <stop arrival="9:51" departure="9:51">Alvøen kryss holdepl.</stop>
    <stop arrival="9:52" departure="9:52">Alvøen gård</stop>
    <stop arrival="9:53" departure="9:53">Ørnefjellet</stop>
    <stop arrival="9:54" departure="9:54">Hillehaugen</stop>
    <stop arrival="9:56" departure="9:56">Håkonshella</stop>
    <stop arrival="9:57" departure="9:57">Håkonshella Ungdomshuset</stop>
    <stop arrival="9:58" departure="9:58">Håkonshella Skansen</stop>
    <stop arrival="9:58" departure="9:58">Håkonshella Myren</stop>
    <stop arrival="9:59" departure="9:59">Håkonshella Feriehjemmet</stop>
    <stop arrival="10:00" departure="10:00">Lille Kongshaug</stop>
    <stop arrival="10:01" departure="10:01">Storingavika</stop>
    <stop arrival="10:01" departure="10:01">Medhaugflaten</stop>
    <stop arrival="10:02" departure="10:02">Hilleren</stop>
    <stop arrival="10:03" departure="10:03">Skaretoppen</stop>
    <stop arrival="10:03" departure="10:03">Skare (Mathopen skole)</stop>
    <stop arrival="10:04" departure="10:04">Mathopen Sætre</stop>
    <stop arrival="10:05" departure="10:05">Haakonsvern/Mathopen</stop>
    <stop arrival="10:07" departure="10:07">Notaneset</stop>
    <stop arrival="10:10" departure="10:10">Hetlevikstrømmen</stop>
    <stop arrival="10:11" departure="10:11">Hetlevikskiftet</stop>
    <stop arrival="10:15" departure="10:15">Loddefjord term.</stop>
    <stop arrival="10:16" departure="10:16">Bjørndalstre krysset</stop>
    <stop arrival="10:17" departure="10:17">Tennebekk</stop>
    <stop arrival="10:21" departure="10:21">Lyngbø Motorvei R555</stop>
    <stop arrival="10:26" departure="10:26">Møhlenpris v/ Industrihuset</stop>
    <stop arrival="10:27" departure="10:27">Christies gate (Festplassen)</stop>
    <stop arrival="10:30">Bergen Busstasjon</stop>
  </route>
  <route no="42" destination="Bergen Busstasjon" url="http://www.web2051.no/bin/tp/zuginfo.exe/on/431622/145378/415130/63691/1/" trafficDays="kjører Lø, ikke 1. Mai">
    <stop departure="9:50" routeNo="42">Alvøen kai</stop>
    <stop arrival="9:51" departure="9:51">Alvøen nede</stop>
    <stop arrival="9:51" departure="9:51">Alvøen kryss holdepl.</stop>
    <stop arrival="9:52" departure="9:52">Alvøen gård</stop>
    <stop arrival="9:53" departure="9:53">Ørnefjellet</stop>
    <stop arrival="9:54" departure="9:54">Hillehaugen</stop>
    <stop arrival="9:56" departure="9:56">Håkonshella</stop>
    <stop arrival="9:57" departure="9:57">Håkonshella Ungdomshuset</stop>
    <stop arrival="9:58" departure="9:58">Håkonshella Skansen</stop>
    <stop arrival="9:58" departure="9:58">Håkonshella Myren</stop>
    <stop arrival="9:59" departure="9:59">Håkonshella Feriehjemmet</stop>
    <stop arrival="10:00" departure="10:00">Lille Kongshaug</stop>
    <stop arrival="10:01" departure="10:01">Storingavika</stop>
    <stop arrival="10:01" departure="10:01">Medhaugflaten</stop>
    <stop arrival="10:02" departure="10:02">Hilleren</stop>
    <stop arrival="10:03" departure="10:03">Skaretoppen</stop>
    <stop arrival="10:03" departure="10:03">Skare (Mathopen skole)</stop>
    <stop arrival="10:04" departure="10:04">Mathopen Sætre</stop>
    <stop arrival="10:05" departure="10:05">Haakonsvern/Mathopen</stop>
    <stop arrival="10:07" departure="10:07">Notaneset</stop>
    <stop arrival="10:10" departure="10:10">Hetlevikstrømmen</stop>
    <stop arrival="10:11" departure="10:11">Hetlevikskiftet</stop>
    <stop arrival="10:15" departure="10:15">Loddefjord term.</stop>
    <stop arrival="10:16" departure="10:16">Bjørndalstre krysset</stop>
    <stop arrival="10:17" departure="10:17">Tennebekk</stop>
    <stop arrival="10:20" departure="10:20">Lyngbø Motorvei R555</stop>
    <stop arrival="10:25" departure="10:25">Møhlenpris v/ Industrihuset</stop>
    <stop arrival="10:27" departure="10:27">Nygårdsgaten</stop>
    <stop arrival="10:30">Bergen Busstasjon</stop>
  </route>
  <route no="42" destination="Bergen Busstasjon" url="http://www.web2051.no/bin/tp/zuginfo.exe/on/298791/101102/231076/15941/1/" trafficDays="kjører">
    <stop departure="9:50" routeNo="42">Alvøen kai</stop>
    <stop arrival="9:51" departure="9:51">Alvøen nede</stop>
    <stop arrival="9:51" departure="9:51">Alvøen kryss holdepl.</stop>
    <stop arrival="9:52" departure="9:52">Alvøen gård</stop>
    <stop arrival="9:53" departure="9:53">Ørnefjellet</stop>
    <stop arrival="9:54" departure="9:54">Hillehaugen</stop>
    <stop arrival="9:56" departure="9:56">Håkonshella</stop>
    <stop arrival="9:57" departure="9:57">Håkonshella Ungdomshuset</stop>
    <stop arrival="9:58" departure="9:58">Håkonshella Skansen</stop>
    <stop arrival="9:58" departure="9:58">Håkonshella Myren</stop>
    <stop arrival="9:59" departure="9:59">Håkonshella Feriehjemmet</stop>
    <stop arrival="10:00" departure="10:00">Lille Kongshaug</stop>
    <stop arrival="10:01" departure="10:01">Storingavika</stop>
    <stop arrival="10:01" departure="10:01">Medhaugflaten</stop>
    <stop arrival="10:02" departure="10:02">Hilleren</stop>
    <stop arrival="10:03" departure="10:03">Skaretoppen</stop>
    <stop arrival="10:03" departure="10:03">Skare (Mathopen skole)</stop>
    <stop arrival="10:04" departure="10:04">Mathopen Sætre</stop>
    <stop arrival="10:05" departure="10:05">Haakonsvern/Mathopen</stop>
    <stop arrival="10:07" departure="10:07">Notaneset</stop>
    <stop arrival="10:10" departure="10:10">Hetlevikstrømmen</stop>
    <stop arrival="10:11" departure="10:11">Hetlevikskiftet</stop>
    <stop arrival="10:15" departure="10:15">Loddefjord term.</stop>
    <stop arrival="10:16" departure="10:16">Bjørndalstre krysset</stop>
    <stop arrival="10:17" departure="10:17">Tennebekk</stop>
    <stop arrival="10:21" departure="10:21">Lyngbø Motorvei R555</stop>
    <stop arrival="10:26" departure="10:26">Møhlenpris v/ Industrihuset</stop>
    <stop arrival="10:27" departure="10:27">Christies gate (Festplassen)</stop>
    <stop arrival="10:30">Bergen Busstasjon</stop>
  </route>
  <route no="41" destination="Loddefjord term." url="http://www.web2051.no/bin/tp/zuginfo.exe/on/658254/220786/109744/164546/1/" trafficDays="kjører Ma - Fr, ikke 13., 17., 24. Mai">
    <stop departure="10:05" routeNo="41">Hetlevikåsen snuplass</stop>
    <stop arrival="10:07" departure="10:07">Storaholtet</stop>
    <stop arrival="10:09" departure="10:09">Hetlevikåsen</stop>
    <stop arrival="10:10" departure="10:10">Hetleviktoppen</stop>
    <stop arrival="10:11" departure="10:11">Hetlevikskiftet</stop>
    <stop arrival="10:15">Loddefjord term.</stop>
  </route>
  <route no="42" destination="Bergen Busstasjon" url="http://www.web2051.no/bin/tp/zuginfo.exe/on/534561/179691/962082/302854/1/" trafficDays="kjører Lø, ikke 1. Mai">
    <stop departure="9:50" routeNo="42">Alvøen kai</stop>
    <stop arrival="9:51" departure="9:51">Alvøen nede</stop>
    <stop arrival="9:51" departure="9:51">Alvøen kryss holdepl.</stop>
    <stop arrival="9:52" departure="9:52">Alvøen gård</stop>
    <stop arrival="9:53" departure="9:53">Ørnefjellet</stop>
    <stop arrival="9:54" departure="9:54">Hillehaugen</stop>
    <stop arrival="9:56" departure="9:56">Håkonshella</stop>
    <stop arrival="9:57" departure="9:57">Håkonshella Ungdomshuset</stop>
    <stop arrival="9:58" departure="9:58">Håkonshella Skansen</stop>
    <stop arrival="9:58" departure="9:58">Håkonshella Myren</stop>
    <stop arrival="9:59" departure="9:59">Håkonshella Feriehjemmet</stop>
    <stop arrival="10:00" departure="10:00">Lille Kongshaug</stop>
    <stop arrival="10:01" departure="10:01">Storingavika</stop>
    <stop arrival="10:01" departure="10:01">Medhaugflaten</stop>
    <stop arrival="10:02" departure="10:02">Hilleren</stop>
    <stop arrival="10:03" departure="10:03">Skaretoppen</stop>
    <stop arrival="10:03" departure="10:03">Skare (Mathopen skole)</stop>
    <stop arrival="10:04" departure="10:04">Mathopen Sætre</stop>
    <stop arrival="10:05" departure="10:05">Haakonsvern/Mathopen</stop>
    <stop arrival="10:07" departure="10:07">Notaneset</stop>
    <stop arrival="10:10" departure="10:10">Hetlevikstrømmen</stop>
    <stop arrival="10:11" departure="10:11">Hetlevikskiftet</stop>
    <stop arrival="10:15" departure="10:15">Loddefjord term.</stop>
    <stop arrival="10:16" departure="10:16">Bjørndalstre krysset</stop>
    <stop arrival="10:17" departure="10:17">Tennebekk</stop>
    <stop arrival="10:20" departure="10:20">Lyngbø Motorvei R555</stop>
    <stop arrival="10:25" departure="10:25">Møhlenpris v/ Industrihuset</stop>
    <stop arrival="10:27" departure="10:27">Nygårdsgaten</stop>
    <stop arrival="10:30">Bergen Busstasjon</stop>
  </route>
  <route no="42" destination="Bergen Busstasjon" url="http://www.web2051.no/bin/tp/zuginfo.exe/on/28623/11046/1170/8956/1/" trafficDays="kjører">
    <stop departure="9:50" routeNo="42">Alvøen kai</stop>
    <stop arrival="9:51" departure="9:51">Alvøen nede</stop>
    <stop arrival="9:51" departure="9:51">Alvøen kryss holdepl.</stop>
    <stop arrival="9:52" departure="9:52">Alvøen gård</stop>
    <stop arrival="9:53" departure="9:53">Ørnefjellet</stop>
    <stop arrival="9:54" departure="9:54">Hillehaugen</stop>
    <stop arrival="9:56" departure="9:56">Håkonshella</stop>
    <stop arrival="9:57" departure="9:57">Håkonshella Ungdomshuset</stop>
    <stop arrival="9:58" departure="9:58">Håkonshella Skansen</stop>
    <stop arrival="9:58" departure="9:58">Håkonshella Myren</stop>
    <stop arrival="9:59" departure="9:59">Håkonshella Feriehjemmet</stop>
    <stop arrival="10:00" departure="10:00">Lille Kongshaug</stop>
    <stop arrival="10:01" departure="10:01">Storingavika</stop>
    <stop arrival="10:01" departure="10:01">Medhaugflaten</stop>
    <stop arrival="10:02" departure="10:02">Hilleren</stop>
    <stop arrival="10:03" departure="10:03">Skaretoppen</stop>
    <stop arrival="10:03" departure="10:03">Skare (Mathopen skole)</stop>
    <stop arrival="10:04" departure="10:04">Mathopen Sætre</stop>
    <stop arrival="10:05" departure="10:05">Haakonsvern/Mathopen</stop>
    <stop arrival="10:07" departure="10:07">Notaneset</stop>
    <stop arrival="10:10" departure="10:10">Hetlevikstrømmen</stop>
    <stop arrival="10:11" departure="10:11">Hetlevikskiftet</stop>
    <stop arrival="10:15" departure="10:15">Loddefjord term.</stop>
    <stop arrival="10:16" departure="10:16">Bjørndalstre krysset</stop>
    <stop arrival="10:17" departure="10:17">Tennebekk</stop>
    <stop arrival="10:21" departure="10:21">Lyngbø Motorvei R555</stop>
    <stop arrival="10:26" departure="10:26">Møhlenpris v/ Industrihuset</stop>
    <stop arrival="10:27" departure="10:27">Christies gate (Festplassen)</stop>
    <stop arrival="10:30">Bergen Busstasjon</stop>
  </route>
  <route no="41" destination="Bergen Busstasjon" url="http://www.web2051.no/bin/tp/zuginfo.exe/on/480396/161513/488156/83950/1/" trafficDays="kjører 17. Mai">
    <stop departure="10:10" routeNo="41">Hetlevikåsen snuplass</stop>
    <stop arrival="10:11" departure="10:11">Storaholtet</stop>
    <stop arrival="10:13" departure="10:13">Hetlevikåsen</stop>
    <stop arrival="10:13" departure="10:13">Hetleviktoppen</stop>
    <stop arrival="10:15" departure="10:15">Hetlevikskiftet</stop>
    <stop arrival="10:18" departure="10:18">Vadmyra snuplass</stop>
    <stop arrival="10:20" departure="10:20">Vadmyra</stop>
    <stop arrival="10:22" departure="10:22">Lyngfaret</stop>
    <stop arrival="10:25" departure="10:25">Loddefjord term.</stop>
    <stop arrival="10:26" departure="10:26">Bjørndalstre krysset</stop>
    <stop arrival="10:27" departure="10:27">Tennebekk</stop>
    <stop arrival="10:31" departure="10:31">Lyngbø Motorvei R555</stop>
    <stop arrival="10:36" departure="10:36">Møhlenpris v/ Industrihuset</stop>
    <stop arrival="10:37" departure="10:37">Christies gate (Festplassen)</stop>
    <stop arrival="10:40">Bergen Busstasjon</stop>
  </route>
  <route no="42" destination="Bjorøy skole" url="http://www.web2051.no/bin/tp/zuginfo.exe/on/608319/204205/820598/207526/1/" trafficDays="kjører Lø, Sø, også 13., 17., 24. Mai">
    <stop departure="10:20" routeNo="42">Loddefjord term.</stop>
    <stop arrival="10:23" departure="10:23">Hetlevikskiftet</stop>
    <stop arrival="10:23" departure="10:23">Hetlevikstrømmen</stop>
    <stop arrival="10:25" departure="10:25">Notaneset</stop>
    <stop arrival="10:26" departure="10:26">Haakonsvern/Mathopen</stop>
    <stop arrival="10:27" departure="10:27">Mathopen Sætre</stop>
    <stop arrival="10:28" departure="10:28">Skare (Mathopen skole)</stop>
    <stop arrival="10:30" departure="10:30">Hilleren</stop>
    <stop arrival="10:31" departure="10:31">Medhaugflaten</stop>
    <stop arrival="10:32" departure="10:32">Storingavika</stop>
    <stop arrival="10:32" departure="10:32">Lille Kongshaug</stop>
    <stop arrival="10:33" departure="10:33">Håkonshella Feriehjemmet</stop>
    <stop arrival="10:33" departure="10:33">Hillehaugen</stop>
    <stop arrival="10:41" departure="10:41">Bjorøy ved bommen</stop>
    <stop arrival="10:41" departure="10:41">Bjorøy X til kai</stop>
    <stop arrival="10:42" departure="10:42">Bjorøy etter X Kai</stop>
    <stop arrival="10:43">Bjorøy skole</stop>
  </route>
  <route no="42" destination="Bjorøy skole" url="http://www.web2051.no/bin/tp/zuginfo.exe/on/911382/305226/747356/69884/1/" trafficDays="kjører Lø, Sø, også 13., 17., 24. Mai">
    <stop departure="10:20" routeNo="42">Loddefjord term.</stop>
    <stop arrival="10:23" departure="10:23">Hetlevikskiftet</stop>
    <stop arrival="10:23" departure="10:23">Hetlevikstrømmen</stop>
    <stop arrival="10:25" departure="10:25">Notaneset</stop>
    <stop arrival="10:26" departure="10:26">Haakonsvern/Mathopen</stop>
    <stop arrival="10:27" departure="10:27">Mathopen Sætre</stop>
    <stop arrival="10:28" departure="10:28">Skare (Mathopen skole)</stop>
    <stop arrival="10:30" departure="10:30">Hilleren</stop>
    <stop arrival="10:31" departure="10:31">Medhaugflaten</stop>
    <stop arrival="10:32" departure="10:32">Storingavika</stop>
    <stop arrival="10:32" departure="10:32">Lille Kongshaug</stop>
    <stop arrival="10:33" departure="10:33">Håkonshella Feriehjemmet</stop>
    <stop arrival="10:33" departure="10:33">Hillehaugen</stop>
    <stop arrival="10:41" departure="10:41">Bjorøy ved bommen</stop>
    <stop arrival="10:41" departure="10:41">Bjorøy X til kai</stop>
    <stop arrival="10:42" departure="10:42">Bjorøy etter X Kai</stop>
    <stop arrival="10:43">Bjorøy skole</stop>
  </route>
  <route no="42" destination="Bjorøy skole" url="http://www.web2051.no/bin/tp/zuginfo.exe/on/493158/165818/615286/143257/1/" trafficDays="kjører Lø, Sø, også 13., 17., 24. Mai">
    <stop departure="10:20" routeNo="42">Loddefjord term.</stop>
    <stop arrival="10:23" departure="10:23">Hetlevikskiftet</stop>
    <stop arrival="10:23" departure="10:23">Hetlevikstrømmen</stop>
    <stop arrival="10:25" departure="10:25">Notaneset</stop>
    <stop arrival="10:26" departure="10:26">Haakonsvern/Mathopen</stop>
    <stop arrival="10:27" departure="10:27">Mathopen Sætre</stop>
    <stop arrival="10:28" departure="10:28">Skare (Mathopen skole)</stop>
    <stop arrival="10:30" departure="10:30">Hilleren</stop>
    <stop arrival="10:31" departure="10:31">Medhaugflaten</stop>
    <stop arrival="10:32" departure="10:32">Storingavika</stop>
    <stop arrival="10:32" departure="10:32">Lille Kongshaug</stop>
    <stop arrival="10:33" departure="10:33">Håkonshella Feriehjemmet</stop>
    <stop arrival="10:33" departure="10:33">Hillehaugen</stop>
    <stop arrival="10:41" departure="10:41">Bjorøy ved bommen</stop>
    <stop arrival="10:41" departure="10:41">Bjorøy X til kai</stop>
    <stop arrival="10:42" departure="10:42">Bjorøy etter X Kai</stop>
    <stop arrival="10:43">Bjorøy skole</stop>
  </route>
  <route no="41" destination="Bergen Busstasjon" url="http://www.web2051.no/bin/tp/zuginfo.exe/on/802551/268900/335190/99922/1/" trafficDays="kjører 17. Mai">
    <stop departure="10:20" routeNo="41">Hetlevikåsen snuplass</stop>
    <stop arrival="10:21" departure="10:21">Storaholtet</stop>
    <stop arrival="10:23" departure="10:23">Hetlevikåsen</stop>
    <stop arrival="10:23" departure="10:23">Hetleviktoppen</stop>
    <stop arrival="10:25" departure="10:25">Hetlevikskiftet</stop>
    <stop arrival="10:28" departure="10:28">Vadmyra snuplass</stop>
    <stop arrival="10:30" departure="10:30">Vadmyra</stop>
    <stop arrival="10:32" departure="10:32">Lyngfaret</stop>
    <stop arrival="10:35" departure="10:35">Loddefjord term.</stop>
    <stop arrival="10:36" departure="10:36">Bjørndalstre krysset</stop>
    <stop arrival="10:37" departure="10:37">Tennebekk</stop>
    <stop arrival="10:41" departure="10:41">Lyngbø Motorvei R555</stop>
    <stop arrival="10:46" departure="10:46">Møhlenpris v/ Industrihuset</stop>
    <stop arrival="10:47" departure="10:47">Christies gate (Festplassen)</stop>
    <stop arrival="10:50">Bergen Busstasjon</stop>
  </route>
  <route no="41" destination="Hetlevikåsen snuplass" url="http://www.web2051.no/bin/tp/zuginfo.exe/on/992262/332134/104222/278643/1/" trafficDays="kjører Lø, Sø, ikke 1., 16. Mai; også 13., 24. Mai">
    <stop departure="10:05" routeNo="41">Bergen Busstasjon</stop>
    <stop arrival="10:08" departure="10:08">Olav Kyrres gate</stop>
    <stop arrival="10:09" departure="10:09">Møhlenpris v/ Industrihuset</stop>
    <stop arrival="10:14" departure="10:14">Lyngbø Motorvei R555</stop>
    <stop arrival="10:19" departure="10:19">Bjørndalstre krysset</stop>
    <stop arrival="10:20" departure="10:20">Loddefjord term.</stop>
    <stop arrival="10:22" departure="10:22">Lyngfaret</stop>
    <stop arrival="10:23" departure="10:23">Vadmyra</stop>
    <stop arrival="10:25" departure="10:25">Vadmyra snuplass</stop>
    <stop arrival="10:28" departure="10:28">Hetlevikskiftet</stop>
    <stop arrival="10:29" departure="10:29">Hetleviktoppen</stop>
    <stop arrival="10:30" departure="10:30">Hetlevikåsen</stop>
    <stop arrival="10:30" departure="10:30">Storaholtet</stop>
    <stop arrival="10:32">Hetlevikåsen snuplass</stop>
  </route>
  <route no="41" destination="Bergen Busstasjon" url="http://www.web2051.no/bin/tp/zuginfo.exe/on/691788/231977/108432/176385/1/" trafficDays="kjører 17. Mai">
    <stop departure="10:30" routeNo="41">Hetlevikåsen snuplass</stop>
    <stop arrival="10:31" departure="10:31">Storaholtet</stop>
    <stop arrival="10:33" departure="10:33">Hetlevikåsen</stop>
    <stop arrival="10:33" departure="10:33">Hetleviktoppen</stop>
    <stop arrival="10:35" departure="10:35">Hetlevikskiftet</stop>
    <stop arrival="10:38" departure="10:38">Vadmyra snuplass</stop>
    <stop arrival="10:40" departure="10:40">Vadmyra</stop>
    <stop arrival="10:42" departure="10:42">Lyngfaret</stop>
    <stop arrival="10:45" departure="10:45">Loddefjord term.</stop>
    <stop arrival="10:46" departure="10:46">Bjørndalstre krysset</stop>
    <stop arrival="10:47" departure="10:47">Tennebekk</stop>
    <stop arrival="10:51" departure="10:51">Lyngbø Motorvei R555</stop>
    <stop arrival="10:56" departure="10:56">Møhlenpris v/ Industrihuset</stop>
    <stop arrival="10:57" departure="10:57">Christies gate (Festplassen)</stop>
    <stop arrival="11:00">Bergen Busstasjon</stop>
  </route>
  <route no="42" destination="Bergen Busstasjon" url="http://www.web2051.no/bin/tp/zuginfo.exe/on/122649/42354/68320/6723/1/" trafficDays="kjører Ma - Fr, ikke 13., 17., 24. Mai">
    <stop departure="10:20" routeNo="42">Bjorøy skole</stop>
    <stop arrival="10:21" departure="10:21">Bjorøy etter X Kai</stop>
    <stop arrival="10:22" departure="10:22">Bjorøy X til kai</stop>
    <stop arrival="10:22" departure="10:22">Bjorøy ved bommen</stop>
    <stop arrival="10:28" departure="10:28">Hillehaugen</stop>
    <stop arrival="10:29" departure="10:29">Hillehaugen</stop>
    <stop arrival="10:29" departure="10:29">Håkonshella Feriehjemmet</stop>
    <stop arrival="10:30" departure="10:30">Lille Kongshaug</stop>
    <stop arrival="10:31" departure="10:31">Storingavika</stop>
    <stop arrival="10:31" departure="10:31">Medhaugflaten</stop>
    <stop arrival="10:32" departure="10:32">Hilleren</stop>
    <stop arrival="10:33" departure="10:33">Skaretoppen</stop>
    <stop arrival="10:33" departure="10:33">Skare (Mathopen skole)</stop>
    <stop arrival="10:34" departure="10:34">Mathopen Sætre</stop>
    <stop arrival="10:35" departure="10:35">Haakonsvern/Mathopen</stop>
    <stop arrival="10:37" departure="10:37">Notaneset</stop>
    <stop arrival="10:40" departure="10:40">Hetlevikstrømmen</stop>
    <stop arrival="10:41" departure="10:41">Hetlevikskiftet</stop>
    <stop arrival="10:45" departure="10:45">Loddefjord term.</stop>
    <stop arrival="10:46" departure="10:46">Bjørndalstre krysset</stop>
    <stop arrival="10:47" departure="10:47">Tennebekk</stop>
    <stop arrival="10:50" departure="10:50">Lyngbø Motorvei R555</stop>
    <stop arrival="10:55" departure="10:55">Møhlenpris v/ Industrihuset</stop>
    <stop arrival="10:57" departure="10:57">Nygårdsgaten</stop>
    <stop arrival="11:00">Bergen Busstasjon</stop>
  </route>
  <route no="42" destination="Bergen Busstasjon" url="http://www.web2051.no/bin/tp/zuginfo.exe/on/991194/331882/555096/52852/1/" trafficDays="kjører 17. Mai">
    <stop departure="10:20" routeNo="42">Alvøen kai</stop>
    <stop arrival="10:21" departure="10:21">Alvøen nede</stop>
    <stop arrival="10:21" departure="10:21">Alvøen kryss holdepl.</stop>
    <stop arrival="10:22" departure="10:22">Alvøen gård</stop>
    <stop arrival="10:23" departure="10:23">Ørnefjellet</stop>
    <stop arrival="10:24" departure="10:24">Hillehaugen</stop>
    <stop arrival="10:26" departure="10:26">Håkonshella</stop>
    <stop arrival="10:27" departure="10:27">Håkonshella Ungdomshuset</stop>
    <stop arrival="10:28" departure="10:28">Håkonshella Skansen</stop>
    <stop arrival="10:28" departure="10:28">Håkonshella Myren</stop>
    <stop arrival="10:29" departure="10:29">Håkonshella Feriehjemmet</stop>
    <stop arrival="10:30" departure="10:30">Lille Kongshaug</stop>
    <stop arrival="10:31" departure="10:31">Storingavika</stop>
    <stop arrival="10:31" departure="10:31">Medhaugflaten</stop>
    <stop arrival="10:32" departure="10:32">Hilleren</stop>
    <stop arrival="10:33" departure="10:33">Skaretoppen</stop>
    <stop arrival="10:33" departure="10:33">Skare (Mathopen skole)</stop>
    <stop arrival="10:34" departure="10:34">Mathopen Sætre</stop>
    <stop arrival="10:35" departure="10:35">Haakonsvern/Mathopen</stop>
    <stop arrival="10:37" departure="10:37">Notaneset</stop>
    <stop arrival="10:40" departure="10:40">Hetlevikstrømmen</stop>
    <stop arrival="10:41" departure="10:41">Hetlevikskiftet</stop>
    <stop arrival="10:45" departure="10:45">Loddefjord term.</stop>
    <stop arrival="10:46" departure="10:46">Bjørndalstre krysset</stop>
    <stop arrival="10:47" departure="10:47">Tennebekk</stop>
    <stop arrival="10:51" departure="10:51">Lyngbø Motorvei R555</stop>
    <stop arrival="10:56" departure="10:56">Møhlenpris v/ Industrihuset</stop>
    <stop arrival="10:57" departure="10:57">Christies gate (Festplassen)</stop>
    <stop arrival="11:00">Bergen Busstasjon</stop>
  </route>
  <route no="42" destination="Bergen Busstasjon" url="http://www.web2051.no/bin/tp/zuginfo.exe/on/21735/8716/509292/247401/1/" trafficDays="kjører Ma - Fr, ikke 13., 17., 24. Mai">
    <stop departure="10:20" routeNo="42">Bjorøy skole</stop>
    <stop arrival="10:21" departure="10:21">Bjorøy etter X Kai</stop>
    <stop arrival="10:22" departure="10:22">Bjorøy X til kai</stop>
    <stop arrival="10:22" departure="10:22">Bjorøy ved bommen</stop>
    <stop arrival="10:28" departure="10:28">Hillehaugen</stop>
    <stop arrival="10:29" departure="10:29">Hillehaugen</stop>
    <stop arrival="10:29" departure="10:29">Håkonshella Feriehjemmet</stop>
    <stop arrival="10:30" departure="10:30">Lille Kongshaug</stop>
    <stop arrival="10:31" departure="10:31">Storingavika</stop>
    <stop arrival="10:31" departure="10:31">Medhaugflaten</stop>
    <stop arrival="10:32" departure="10:32">Hilleren</stop>
    <stop arrival="10:33" departure="10:33">Skaretoppen</stop>
    <stop arrival="10:33" departure="10:33">Skare (Mathopen skole)</stop>
    <stop arrival="10:34" departure="10:34">Mathopen Sætre</stop>
    <stop arrival="10:35" departure="10:35">Haakonsvern/Mathopen</stop>
    <stop arrival="10:37" departure="10:37">Notaneset</stop>
    <stop arrival="10:40" departure="10:40">Hetlevikstrømmen</stop>
    <stop arrival="10:41" departure="10:41">Hetlevikskiftet</stop>
    <stop arrival="10:45" departure="10:45">Loddefjord term.</stop>
    <stop arrival="10:46" departure="10:46">Bjørndalstre krysset</stop>
    <stop arrival="10:47" departure="10:47">Tennebekk</stop>
    <stop arrival="10:50" departure="10:50">Lyngbø Motorvei R555</stop>
    <stop arrival="10:55" departure="10:55">Møhlenpris v/ Industrihuset</stop>
    <stop arrival="10:57" departure="10:57">Nygårdsgaten</stop>
    <stop arrival="11:00">Bergen Busstasjon</stop>
  </route>
  <route no="42" destination="Bergen Busstasjon" url="http://www.web2051.no/bin/tp/zuginfo.exe/on/324762/109738/638304/210900/1/" trafficDays="kjører 17. Mai">
    <stop departure="10:20" routeNo="42">Alvøen kai</stop>
    <stop arrival="10:21" departure="10:21">Alvøen nede</stop>
    <stop arrival="10:21" departure="10:21">Alvøen kryss holdepl.</stop>
    <stop arrival="10:22" departure="10:22">Alvøen gård</stop>
    <stop arrival="10:23" departure="10:23">Ørnefjellet</stop>
    <stop arrival="10:24" departure="10:24">Hillehaugen</stop>
    <stop arrival="10:26" departure="10:26">Håkonshella</stop>
    <stop arrival="10:27" departure="10:27">Håkonshella Ungdomshuset</stop>
    <stop arrival="10:28" departure="10:28">Håkonshella Skansen</stop>
    <stop arrival="10:28" departure="10:28">Håkonshella Myren</stop>
    <stop arrival="10:29" departure="10:29">Håkonshella Feriehjemmet</stop>
    <stop arrival="10:30" departure="10:30">Lille Kongshaug</stop>
    <stop arrival="10:31" departure="10:31">Storingavika</stop>
    <stop arrival="10:31" departure="10:31">Medhaugflaten</stop>
    <stop arrival="10:32" departure="10:32">Hilleren</stop>
    <stop arrival="10:33" departure="10:33">Skaretoppen</stop>
    <stop arrival="10:33" departure="10:33">Skare (Mathopen skole)</stop>
    <stop arrival="10:34" departure="10:34">Mathopen Sætre</stop>
    <stop arrival="10:35" departure="10:35">Haakonsvern/Mathopen</stop>
    <stop arrival="10:37" departure="10:37">Notaneset</stop>
    <stop arrival="10:40" departure="10:40">Hetlevikstrømmen</stop>
    <stop arrival="10:41" departure="10:41">Hetlevikskiftet</stop>
    <stop arrival="10:45" departure="10:45">Loddefjord term.</stop>
    <stop arrival="10:46" departure="10:46">Bjørndalstre krysset</stop>
    <stop arrival="10:47" departure="10:47">Tennebekk</stop>
    <stop arrival="10:51" departure="10:51">Lyngbø Motorvei R555</stop>
    <stop arrival="10:56" departure="10:56">Møhlenpris v/ Industrihuset</stop>
    <stop arrival="10:57" departure="10:57">Christies gate (Festplassen)</stop>
    <stop arrival="11:00">Bergen Busstasjon</stop>
  </route>
  <route no="41" destination="Loddefjord term." url="http://www.web2051.no/bin/tp/zuginfo.exe/on/421398/141873/86124/97407/1/" trafficDays="kjører Lø, ikke 1. Mai">
    <stop departure="10:35" routeNo="41">Hetlevikåsen snuplass</stop>
    <stop arrival="10:37" departure="10:37">Storaholtet</stop>
    <stop arrival="10:39" departure="10:39">Hetlevikåsen</stop>
    <stop arrival="10:40" departure="10:40">Hetleviktoppen</stop>
    <stop arrival="10:41" departure="10:41">Hetlevikskiftet</stop>
    <stop arrival="10:45">Loddefjord term.</stop>
  </route>
  <route no="42" destination="Bergen Busstasjon" url="http://www.web2051.no/bin/tp/zuginfo.exe/on/339063/114492/721078/247518/1/" trafficDays="kjører Ma - Fr, ikke 13., 17., 24. Mai">
    <stop departure="10:20" routeNo="42">Bjorøy skole</stop>
    <stop arrival="10:21" departure="10:21">Bjorøy etter X Kai</stop>
    <stop arrival="10:22" departure="10:22">Bjorøy X til kai</stop>
    <stop arrival="10:22" departure="10:22">Bjorøy ved bommen</stop>
    <stop arrival="10:28" departure="10:28">Hillehaugen</stop>
    <stop arrival="10:29" departure="10:29">Hillehaugen</stop>
    <stop arrival="10:29" departure="10:29">Håkonshella Feriehjemmet</stop>
    <stop arrival="10:30" departure="10:30">Lille Kongshaug</stop>
    <stop arrival="10:31" departure="10:31">Storingavika</stop>
    <stop arrival="10:31" departure="10:31">Medhaugflaten</stop>
    <stop arrival="10:32" departure="10:32">Hilleren</stop>
    <stop arrival="10:33" departure="10:33">Skaretoppen</stop>
    <stop arrival="10:33" departure="10:33">Skare (Mathopen skole)</stop>
    <stop arrival="10:34" departure="10:34">Mathopen Sætre</stop>
    <stop arrival="10:35" departure="10:35">Haakonsvern/Mathopen</stop>
    <stop arrival="10:37" departure="10:37">Notaneset</stop>
    <stop arrival="10:40" departure="10:40">Hetlevikstrømmen</stop>
    <stop arrival="10:41" departure="10:41">Hetlevikskiftet</stop>
    <stop arrival="10:45" departure="10:45">Loddefjord term.</stop>
    <stop arrival="10:46" departure="10:46">Bjørndalstre krysset</stop>
    <stop arrival="10:47" departure="10:47">Tennebekk</stop>
    <stop arrival="10:50" departure="10:50">Lyngbø Motorvei R555</stop>
    <stop arrival="10:55" departure="10:55">Møhlenpris v/ Industrihuset</stop>
    <stop arrival="10:57" departure="10:57">Nygårdsgaten</stop>
    <stop arrival="11:00">Bergen Busstasjon</stop>
  </route>
  <route no="42" destination="Bergen Busstasjon" url="http://www.web2051.no/bin/tp/zuginfo.exe/on/829692/278048/586162/16519/1/" trafficDays="kjører 17. Mai">
    <stop departure="10:20" routeNo="42">Alvøen kai</stop>
    <stop arrival="10:21" departure="10:21">Alvøen nede</stop>
    <stop arrival="10:21" departure="10:21">Alvøen kryss holdepl.</stop>
    <stop arrival="10:22" departure="10:22">Alvøen gård</stop>
    <stop arrival="10:23" departure="10:23">Ørnefjellet</stop>
    <stop arrival="10:24" departure="10:24">Hillehaugen</stop>
    <stop arrival="10:26" departure="10:26">Håkonshella</stop>
    <stop arrival="10:27" departure="10:27">Håkonshella Ungdomshuset</stop>
    <stop arrival="10:28" departure="10:28">Håkonshella Skansen</stop>
    <stop arrival="10:28" departure="10:28">Håkonshella Myren</stop>
    <stop arrival="10:29" departure="10:29">Håkonshella Feriehjemmet</stop>
    <stop arrival="10:30" departure="10:30">Lille Kongshaug</stop>
    <stop arrival="10:31" departure="10:31">Storingavika</stop>
    <stop arrival="10:31" departure="10:31">Medhaugflaten</stop>
    <stop arrival="10:32" departure="10:32">Hilleren</stop>
    <stop arrival="10:33" departure="10:33">Skaretoppen</stop>
    <stop arrival="10:33" departure="10:33">Skare (Mathopen skole)</stop>
    <stop arrival="10:34" departure="10:34">Mathopen Sætre</stop>
    <stop arrival="10:35" departure="10:35">Haakonsvern/Mathopen</stop>
    <stop arrival="10:37" departure="10:37">Notaneset</stop>
    <stop arrival="10:40" departure="10:40">Hetlevikstrømmen</stop>
    <stop arrival="10:41" departure="10:41">Hetlevikskiftet</stop>
    <stop arrival="10:45" departure="10:45">Loddefjord term.</stop>
    <stop arrival="10:46" departure="10:46">Bjørndalstre krysset</stop>
    <stop arrival="10:47" departure="10:47">Tennebekk</stop>
    <stop arrival="10:51" departure="10:51">Lyngbø Motorvei R555</stop>
    <stop arrival="10:56" departure="10:56">Møhlenpris v/ Industrihuset</stop>
    <stop arrival="10:57" departure="10:57">Christies gate (Festplassen)</stop>
    <stop arrival="11:00">Bergen Busstasjon</stop>
  </route>
  <route no="41" destination="Bergen Busstasjon" url="http://www.web2051.no/bin/tp/zuginfo.exe/on/18354/7501/907338/447552/1/" trafficDays="kjører 17. Mai">
    <stop departure="10:40" routeNo="41">Hetlevikåsen snuplass</stop>
    <stop arrival="10:41" departure="10:41">Storaholtet</stop>
    <stop arrival="10:43" departure="10:43">Hetlevikåsen</stop>
    <stop arrival="10:43" departure="10:43">Hetleviktoppen</stop>
    <stop arrival="10:45" departure="10:45">Hetlevikskiftet</stop>
    <stop arrival="10:48" departure="10:48">Vadmyra snuplass</stop>
    <stop arrival="10:50" departure="10:50">Vadmyra</stop>
    <stop arrival="10:52" departure="10:52">Lyngfaret</stop>
    <stop arrival="10:55" departure="10:55">Loddefjord term.</stop>
    <stop arrival="10:56" departure="10:56">Bjørndalstre krysset</stop>
    <stop arrival="10:57" departure="10:57">Tennebekk</stop>
    <stop arrival="11:01" departure="11:01">Lyngbø Motorvei R555</stop>
    <stop arrival="11:06" departure="11:06">Møhlenpris v/ Industrihuset</stop>
    <stop arrival="11:07" departure="11:07">Christies gate (Festplassen)</stop>
    <stop arrival="11:10">Bergen Busstasjon</stop>
  </route>
  <route no="42" destination="Alvøen kai" url="http://www.web2051.no/bin/tp/zuginfo.exe/on/414345/139566/29950/123141/1/" trafficDays="kjører Ma - Fr, ikke 13., 17., 24. Mai">
    <stop departure="10:50" routeNo="42">Loddefjord term.</stop>
    <stop arrival="10:53" departure="10:53">Hetlevikskiftet</stop>
    <stop arrival="10:53" departure="10:53">Hetlevikstrømmen</stop>
    <stop arrival="10:55" departure="10:55">Notaneset</stop>
    <stop arrival="10:56" departure="10:56">Haakonsvern/Mathopen</stop>
    <stop arrival="10:57" departure="10:57">Mathopen Sætre</stop>
    <stop arrival="10:58" departure="10:58">Skare (Mathopen skole)</stop>
    <stop arrival="11:00" departure="11:00">Hilleren</stop>
    <stop arrival="11:01" departure="11:01">Medhaugflaten</stop>
    <stop arrival="11:02" departure="11:02">Storingavika</stop>
    <stop arrival="11:02" departure="11:02">Lille Kongshaug</stop>
    <stop arrival="11:03" departure="11:03">Håkonshella Feriehjemmet</stop>
    <stop arrival="11:03" departure="11:03">Håkonshella Feriehjemmet</stop>
    <stop arrival="11:04" departure="11:04">Håkonshella Myren</stop>
    <stop arrival="11:04" departure="11:04">Håkonshella Skansen</stop>
    <stop arrival="11:05" departure="11:05">Håkonshella Ungdomshuset</stop>
    <stop arrival="11:06" departure="11:06">Håkonshella</stop>
    <stop arrival="11:09" departure="11:09">Hillehaugen</stop>
    <stop arrival="11:10" departure="11:10">Ørnefjellet</stop>
    <stop arrival="11:11" departure="11:11">Alvøen gård</stop>
    <stop arrival="11:12" departure="11:12">Alvøen kryss holdepl.</stop>
    <stop arrival="11:12" departure="11:12">Alvøen nede</stop>
    <stop arrival="11:13">Alvøen kai</stop>
  </route>
  <route no="42" destination="Alvøen kai" url="http://www.web2051.no/bin/tp/zuginfo.exe/on/590049/198134/352650/20359/1/" trafficDays="kjører Ma - Fr, ikke 13., 17., 24. Mai">
    <stop departure="10:50" routeNo="42">Loddefjord term.</stop>
    <stop arrival="10:53" departure="10:53">Hetlevikskiftet</stop>
    <stop arrival="10:53" departure="10:53">Hetlevikstrømmen</stop>
    <stop arrival="10:55" departure="10:55">Notaneset</stop>
    <stop arrival="10:56" departure="10:56">Haakonsvern/Mathopen</stop>
    <stop arrival="10:57" departure="10:57">Mathopen Sætre</stop>
    <stop arrival="10:58" departure="10:58">Skare (Mathopen skole)</stop>
    <stop arrival="11:00" departure="11:00">Hilleren</stop>
    <stop arrival="11:01" departure="11:01">Medhaugflaten</stop>
    <stop arrival="11:02" departure="11:02">Storingavika</stop>
    <stop arrival="11:02" departure="11:02">Lille Kongshaug</stop>
    <stop arrival="11:03" departure="11:03">Håkonshella Feriehjemmet</stop>
    <stop arrival="11:03" departure="11:03">Håkonshella Feriehjemmet</stop>
    <stop arrival="11:04" departure="11:04">Håkonshella Myren</stop>
    <stop arrival="11:04" departure="11:04">Håkonshella Skansen</stop>
    <stop arrival="11:05" departure="11:05">Håkonshella Ungdomshuset</stop>
    <stop arrival="11:06" departure="11:06">Håkonshella</stop>
    <stop arrival="11:09" departure="11:09">Hillehaugen</stop>
    <stop arrival="11:10" departure="11:10">Ørnefjellet</stop>
    <stop arrival="11:11" departure="11:11">Alvøen gård</stop>
    <stop arrival="11:12" departure="11:12">Alvøen kryss holdepl.</stop>
    <stop arrival="11:12" departure="11:12">Alvøen nede</stop>
    <stop arrival="11:13">Alvøen kai</stop>
  </route>
  <route no="42" destination="Alvøen kai" url="http://www.web2051.no/bin/tp/zuginfo.exe/on/308877/104410/3522/101199/1/" trafficDays="kjører Ma - Fr, ikke 13., 17., 24. Mai">
    <stop departure="10:50" routeNo="42">Loddefjord term.</stop>
    <stop arrival="10:53" departure="10:53">Hetlevikskiftet</stop>
    <stop arrival="10:53" departure="10:53">Hetlevikstrømmen</stop>
    <stop arrival="10:55" departure="10:55">Notaneset</stop>
    <stop arrival="10:56" departure="10:56">Haakonsvern/Mathopen</stop>
    <stop arrival="10:57" departure="10:57">Mathopen Sætre</stop>
    <stop arrival="10:58" departure="10:58">Skare (Mathopen skole)</stop>
    <stop arrival="11:00" departure="11:00">Hilleren</stop>
    <stop arrival="11:01" departure="11:01">Medhaugflaten</stop>
    <stop arrival="11:02" departure="11:02">Storingavika</stop>
    <stop arrival="11:02" departure="11:02">Lille Kongshaug</stop>
    <stop arrival="11:03" departure="11:03">Håkonshella Feriehjemmet</stop>
    <stop arrival="11:03" departure="11:03">Håkonshella Feriehjemmet</stop>
    <stop arrival="11:04" departure="11:04">Håkonshella Myren</stop>
    <stop arrival="11:04" departure="11:04">Håkonshella Skansen</stop>
    <stop arrival="11:05" departure="11:05">Håkonshella Ungdomshuset</stop>
    <stop arrival="11:06" departure="11:06">Håkonshella</stop>
    <stop arrival="11:09" departure="11:09">Hillehaugen</stop>
    <stop arrival="11:10" departure="11:10">Ørnefjellet</stop>
    <stop arrival="11:11" departure="11:11">Alvøen gård</stop>
    <stop arrival="11:12" departure="11:12">Alvøen kryss holdepl.</stop>
    <stop arrival="11:12" departure="11:12">Alvøen nede</stop>
    <stop arrival="11:13">Alvøen kai</stop>
  </route>
  <route no="41" destination="Bergen Busstasjon" url="http://www.web2051.no/bin/tp/zuginfo.exe/on/682833/228992/538232/41511/1/" trafficDays="kjører 17. Mai">
    <stop departure="10:50" routeNo="41">Hetlevikåsen snuplass</stop>
    <stop arrival="10:51" departure="10:51">Storaholtet</stop>
    <stop arrival="10:53" departure="10:53">Hetlevikåsen</stop>
    <stop arrival="10:53" departure="10:53">Hetleviktoppen</stop>
    <stop arrival="10:55" departure="10:55">Hetlevikskiftet</stop>
    <stop arrival="10:58" departure="10:58">Vadmyra snuplass</stop>
    <stop arrival="11:00" departure="11:00">Vadmyra</stop>
    <stop arrival="11:02" departure="11:02">Lyngfaret</stop>
    <stop arrival="11:05" departure="11:05">Loddefjord term.</stop>
    <stop arrival="11:06" departure="11:06">Bjørndalstre krysset</stop>
    <stop arrival="11:07" departure="11:07">Tennebekk</stop>
    <stop arrival="11:11" departure="11:11">Lyngbø Motorvei R555</stop>
    <stop arrival="11:16" departure="11:16">Møhlenpris v/ Industrihuset</stop>
    <stop arrival="11:17" departure="11:17">Christies gate (Festplassen)</stop>
    <stop arrival="11:20">Bergen Busstasjon</stop>
  </route>
  <route no="41" destination="Hetlevikåsen snuplass" url="http://www.web2051.no/bin/tp/zuginfo.exe/on/961464/321825/353522/143729/1/" trafficDays="kjører Ma - Fr, ikke 13., 17., 24. Mai">
    <stop departure="10:35" routeNo="41">Bergen Busstasjon</stop>
    <stop arrival="10:38" departure="10:38">Olav Kyrres gate</stop>
    <stop arrival="10:39" departure="10:39">Møhlenpris v/ Industrihuset</stop>
    <stop arrival="10:44" departure="10:44">Lyngbø Motorvei R555</stop>
    <stop arrival="10:49" departure="10:49">Bjørndalstre krysset</stop>
    <stop arrival="10:50" departure="10:50">Loddefjord term.</stop>
    <stop arrival="10:52" departure="10:52">Lyngfaret</stop>
    <stop arrival="10:53" departure="10:53">Vadmyra</stop>
    <stop arrival="10:55" departure="10:55">Vadmyra snuplass</stop>
    <stop arrival="10:58" departure="10:58">Hetlevikskiftet</stop>
    <stop arrival="10:59" departure="10:59">Hetleviktoppen</stop>
    <stop arrival="11:00" departure="11:00">Hetlevikåsen</stop>
    <stop arrival="11:00" departure="11:00">Storaholtet</stop>
    <stop arrival="11:02">Hetlevikåsen snuplass</stop>
  </route>
</routes>
