<?xml version="1.0" encoding="UTF-8"?>
<routes>
  <route no="46" destination="Loddefjord term." url="http://www.web2051.no/bin/tp/zuginfo.exe/on/97929/34325/963178/448946/1/" trafficDays="kjører Lø, Sø, også 13., 17., 24. Mai">
    <stop departure="10:00" routeNo="46">Skålevik snuplass (Bergen)</stop>
    <stop arrival="10:01" departure="10:01">Kjøkkelvik</stop>
    <stop arrival="10:02" departure="10:02">Engelsberg</stop>
    <stop arrival="10:03" departure="10:03">Brøstanese snuplass</stop>
    <stop arrival="10:04" departure="10:04">Engelsberg</stop>
    <stop arrival="10:05" departure="10:05">Skålevikstølen</stop>
    <stop arrival="10:06" departure="10:06">Nybø gård</stop>
    <stop arrival="10:07" departure="10:07">Åsenveien</stop>
    <stop arrival="10:08" departure="10:08">Kjøkkelvik skole</stop>
    <stop arrival="10:09" departure="10:09">Loddefjordtoppen</stop>
    <stop arrival="10:10" departure="10:10">Loddefjorddalen</stop>
    <stop arrival="10:15">Loddefjord term.</stop>
  </route>
  <route no="46" destination="Skålevik snuplass (Bergen)" url="http://www.web2051.no/bin/tp/zuginfo.exe/on/2415/2466/886030/442214/1/" trafficDays="kjører Ma - Fr, ikke 13., 17., 24. Mai">
    <stop departure="10:20" routeNo="46">Loddefjord term.</stop>
    <stop arrival="10:23" departure="10:23">Loddefjordtoppen</stop>
    <stop arrival="10:24" departure="10:24">Kjøkkelvik skole</stop>
    <stop arrival="10:25" departure="10:25">Åsenveien</stop>
    <stop arrival="10:27" departure="10:27">Nybø gård</stop>
    <stop arrival="10:28" departure="10:28">Skålevikstølen</stop>
    <stop arrival="10:29" departure="10:29">Kjøkkelvik</stop>
    <stop arrival="10:30">Skålevik snuplass (Bergen)</stop>
  </route>
  <route no="46" destination="Loddefjord term." url="http://www.web2051.no/bin/tp/zuginfo.exe/on/769392/258132/186038/163447/1/" trafficDays="kjører Ma - Fr, ikke 13., 17., 24. Mai">
    <stop departure="10:30" routeNo="46">Skålevik snuplass (Bergen)</stop>
    <stop arrival="10:31" departure="10:31">Kjøkkelvik</stop>
    <stop arrival="10:32" departure="10:32">Engelsberg</stop>
    <stop arrival="10:33" departure="10:33">Brøstanese snuplass</stop>
    <stop arrival="10:34" departure="10:34">Engelsberg</stop>
    <stop arrival="10:35" departure="10:35">Skålevikstølen</stop>
    <stop arrival="10:36" departure="10:36">Nybø gård</stop>
    <stop arrival="10:37" departure="10:37">Åsenveien</stop>
    <stop arrival="10:38" departure="10:38">Kjøkkelvik skole</stop>
    <stop arrival="10:39" departure="10:39">Loddefjordtoppen</stop>
    <stop arrival="10:40" departure="10:40">Loddefjorddalen</stop>
    <stop arrival="10:45">Loddefjord term.</stop>
  </route>
  <route no="46" destination="Skålevik snuplass (Bergen)" url="http://www.web2051.no/bin/tp/zuginfo.exe/on/763128/256051/358438/75158/1/" trafficDays="kjører Lø, ikke 1. Mai">
    <stop departure="10:50" routeNo="46">Loddefjord term.</stop>
    <stop arrival="10:53" departure="10:53">Loddefjordtoppen</stop>
    <stop arrival="10:54" departure="10:54">Kjøkkelvik skole</stop>
    <stop arrival="10:55" departure="10:55">Åsenveien</stop>
    <stop arrival="10:57" departure="10:57">Nybø gård</stop>
    <stop arrival="10:58" departure="10:58">Skålevikstølen</stop>
    <stop arrival="10:59" departure="10:59">Kjøkkelvik</stop>
    <stop arrival="11:00">Skålevik snuplass (Bergen)</stop>
  </route>
</routes>
