<?xml version="1.0" encoding="UTF-8"?>
<routes>
  <route no="44" destination="Storavatnet term." url="http://www.web2051.no/bin/tp/zuginfo.exe/on/484851/163205/70556/126339/1/" trafficDays="kjører Lø, Sø, ikke 1., 16. Mai; også 13., 24. Mai">
    <stop departure="9:35" routeNo="44">Bergen Busstasjon</stop>
    <stop arrival="9:38" departure="9:38">Olav Kyrres gate</stop>
    <stop arrival="9:39" departure="9:39">Møhlenpris v/ Industrihuset</stop>
    <stop arrival="9:44" departure="9:44">Lyngbø Motorvei R555</stop>
    <stop arrival="9:49" departure="9:49">Bjørndalstre krysset</stop>
    <stop arrival="9:50" departure="9:50">Loddefjord term.</stop>
    <stop arrival="9:52" departure="9:52">Loddefjorddalen</stop>
    <stop arrival="9:53" departure="9:53">Frida Fasmer</stop>
    <stop arrival="9:54" departure="9:54">Rishaugen</stop>
    <stop arrival="9:55" departure="9:55">Brønndalen snuplass</stop>
    <stop arrival="9:58" departure="9:58">Skjenlia</stop>
    <stop arrival="9:59" departure="9:59">Fredheim</stop>
    <stop arrival="9:59" departure="9:59">Olsvik senter</stop>
    <stop arrival="10:00" departure="10:00">Olsvikstallen</stop>
    <stop>Olsvikskjenet snuplass</stop>
    <stop arrival="10:01" departure="10:01">Olsvikfjellet</stop>
    <stop arrival="10:02" departure="10:02">Olsvikskiftet</stop>
    <stop arrival="10:02" departure="10:02">Fagerdalen (Godvik)</stop>
    <stop arrival="10:03" departure="10:03">Gjeringskjenet</stop>
    <stop arrival="10:04" departure="10:04">Leirvikneset</stop>
    <stop arrival="10:05" departure="10:05">Leirvikåsen</stop>
    <stop arrival="10:06" departure="10:06">Godvik barnehage</stop>
    <stop arrival="10:08" departure="10:08">Ørjebekk</stop>
    <stop arrival="10:10">Storavatnet term.</stop>
  </route>
  <route no="44" destination="Bergen Busstasjon" url="http://www.web2051.no/bin/tp/zuginfo.exe/on/538977/181246/677700/159196/1/" trafficDays="kjører 17. Mai">
    <stop departure="10:00" routeNo="44">Storavatnet term.</stop>
    <stop arrival="10:00" departure="10:00">Ørjebekk</stop>
    <stop arrival="10:01" departure="10:01">Godvik barnehage</stop>
    <stop arrival="10:01" departure="10:01">Leirvikåsen</stop>
    <stop arrival="10:02" departure="10:02">Leirvikneset</stop>
    <stop arrival="10:02" departure="10:02">Gjeringskjenet</stop>
    <stop arrival="10:03" departure="10:03">Fagerdalen (Godvik)</stop>
    <stop arrival="10:04" departure="10:04">Olsvikskiftet</stop>
    <stop arrival="10:04" departure="10:04">Olsvikfjellet</stop>
    <stop arrival="10:05" departure="10:05">Olsvikskjenet snuplass</stop>
    <stop arrival="10:07" departure="10:07">Olsvik senter</stop>
    <stop arrival="10:07" departure="10:07">Fredheim (Loddefjord)</stop>
    <stop arrival="10:09" departure="10:09">Skjenlia</stop>
    <stop arrival="10:12" departure="10:12">Brønndalen snuplass</stop>
    <stop arrival="10:13" departure="10:13">Rishaugen</stop>
    <stop arrival="10:15" departure="10:15">Frida Fasmer</stop>
    <stop arrival="10:16" departure="10:16">Loddefjorddalen</stop>
    <stop arrival="10:20" departure="10:20">Loddefjord term.</stop>
    <stop arrival="10:21" departure="10:21">Bjørndalstre krysset</stop>
    <stop arrival="10:22" departure="10:22">Tennebekk</stop>
    <stop arrival="10:26" departure="10:26">Lyngbø Motorvei R555</stop>
    <stop arrival="10:31" departure="10:31">Møhlenpris v/ Industrihuset</stop>
    <stop arrival="10:32" departure="10:32">Christies gate (Festplassen)</stop>
    <stop arrival="10:35">Bergen Busstasjon</stop>
  </route>
  <route no="44" destination="Bergen Busstasjon" url="http://www.web2051.no/bin/tp/zuginfo.exe/on/384792/129851/753216/248350/1/" trafficDays="kjører 17. Mai">
    <stop departure="10:10" routeNo="44">Storavatnet term.</stop>
    <stop arrival="10:10" departure="10:10">Ørjebekk</stop>
    <stop arrival="10:11" departure="10:11">Godvik barnehage</stop>
    <stop arrival="10:11" departure="10:11">Leirvikåsen</stop>
    <stop arrival="10:12" departure="10:12">Leirvikneset</stop>
    <stop arrival="10:12" departure="10:12">Gjeringskjenet</stop>
    <stop arrival="10:13" departure="10:13">Fagerdalen (Godvik)</stop>
    <stop arrival="10:14" departure="10:14">Olsvikskiftet</stop>
    <stop arrival="10:14" departure="10:14">Olsvikfjellet</stop>
    <stop arrival="10:15" departure="10:15">Olsvikskjenet snuplass</stop>
    <stop arrival="10:17" departure="10:17">Olsvik senter</stop>
    <stop arrival="10:17" departure="10:17">Fredheim (Loddefjord)</stop>
    <stop arrival="10:19" departure="10:19">Skjenlia</stop>
    <stop arrival="10:22" departure="10:22">Brønndalen snuplass</stop>
    <stop arrival="10:23" departure="10:23">Rishaugen</stop>
    <stop arrival="10:25" departure="10:25">Frida Fasmer</stop>
    <stop arrival="10:26" departure="10:26">Loddefjorddalen</stop>
    <stop arrival="10:30" departure="10:30">Loddefjord term.</stop>
    <stop arrival="10:31" departure="10:31">Bjørndalstre krysset</stop>
    <stop arrival="10:32" departure="10:32">Tennebekk</stop>
    <stop arrival="10:36" departure="10:36">Lyngbø Motorvei R555</stop>
    <stop arrival="10:41" departure="10:41">Møhlenpris v/ Industrihuset</stop>
    <stop arrival="10:42" departure="10:42">Christies gate (Festplassen)</stop>
    <stop arrival="10:45">Bergen Busstasjon</stop>
  </route>
  <route no="44" destination="Bergen Busstasjon" url="http://www.web2051.no/bin/tp/zuginfo.exe/on/736437/247055/387796/51583/1/" trafficDays="kjører Ma - Lø, ikke 1., 13., 17., 24. Mai">
    <stop departure="10:20" routeNo="44">Storavatnet term.</stop>
    <stop arrival="10:20" departure="10:20">Ørjebekk</stop>
    <stop arrival="10:21" departure="10:21">Godvik barnehage</stop>
    <stop arrival="10:21" departure="10:21">Leirvikåsen</stop>
    <stop arrival="10:22" departure="10:22">Leirvikneset</stop>
    <stop arrival="10:22" departure="10:22">Gjeringskjenet</stop>
    <stop arrival="10:23" departure="10:23">Fagerdalen (Godvik)</stop>
    <stop arrival="10:24" departure="10:24">Olsvikskiftet</stop>
    <stop arrival="10:24" departure="10:24">Olsvikfjellet</stop>
    <stop arrival="10:25" departure="10:25">Olsvikskjenet snuplass</stop>
    <stop arrival="10:27" departure="10:27">Olsvik senter</stop>
    <stop arrival="10:28" departure="10:28">Fredheim (Loddefjord)</stop>
    <stop arrival="10:30" departure="10:30">Skjenlia</stop>
    <stop arrival="10:35" departure="10:35">Brønndalen snuplass</stop>
    <stop arrival="10:37" departure="10:37">Rishaugen</stop>
    <stop arrival="10:39" departure="10:39">Frida Fasmer</stop>
    <stop arrival="10:40" departure="10:40">Loddefjorddalen</stop>
    <stop arrival="10:45" departure="10:45">Loddefjord term.</stop>
    <stop arrival="10:46" departure="10:46">Bjørndalstre krysset</stop>
    <stop arrival="10:47" departure="10:47">Tennebekk</stop>
    <stop arrival="10:51" departure="10:51">Lyngbø Motorvei R555</stop>
    <stop arrival="10:56" departure="10:56">Møhlenpris v/ Industrihuset</stop>
    <stop arrival="10:57" departure="10:57">Christies gate (Festplassen)</stop>
    <stop arrival="11:00">Bergen Busstasjon</stop>
  </route>
  <route no="44" destination="Bergen Busstasjon" url="http://www.web2051.no/bin/tp/zuginfo.exe/on/189111/64624/595408/234674/1/" trafficDays="kjører 17. Mai">
    <stop departure="10:20" routeNo="44">Storavatnet term.</stop>
    <stop arrival="10:20" departure="10:20">Ørjebekk</stop>
    <stop arrival="10:21" departure="10:21">Godvik barnehage</stop>
    <stop arrival="10:21" departure="10:21">Leirvikåsen</stop>
    <stop arrival="10:22" departure="10:22">Leirvikneset</stop>
    <stop arrival="10:22" departure="10:22">Gjeringskjenet</stop>
    <stop arrival="10:23" departure="10:23">Fagerdalen (Godvik)</stop>
    <stop arrival="10:24" departure="10:24">Olsvikskiftet</stop>
    <stop arrival="10:24" departure="10:24">Olsvikfjellet</stop>
    <stop arrival="10:25" departure="10:25">Olsvikskjenet snuplass</stop>
    <stop arrival="10:27" departure="10:27">Olsvik senter</stop>
    <stop arrival="10:27" departure="10:27">Fredheim (Loddefjord)</stop>
    <stop arrival="10:29" departure="10:29">Skjenlia</stop>
    <stop arrival="10:32" departure="10:32">Brønndalen snuplass</stop>
    <stop arrival="10:33" departure="10:33">Rishaugen</stop>
    <stop arrival="10:35" departure="10:35">Frida Fasmer</stop>
    <stop arrival="10:36" departure="10:36">Loddefjorddalen</stop>
    <stop arrival="10:40" departure="10:40">Loddefjord term.</stop>
    <stop arrival="10:41" departure="10:41">Bjørndalstre krysset</stop>
    <stop arrival="10:42" departure="10:42">Tennebekk</stop>
    <stop arrival="10:46" departure="10:46">Lyngbø Motorvei R555</stop>
    <stop arrival="10:51" departure="10:51">Møhlenpris v/ Industrihuset</stop>
    <stop arrival="10:52" departure="10:52">Christies gate (Festplassen)</stop>
    <stop arrival="10:55">Bergen Busstasjon</stop>
  </route>
  <route no="44" destination="Bergen Busstasjon" url="http://www.web2051.no/bin/tp/zuginfo.exe/on/571209/192010/355522/12645/1/" trafficDays="kjører">
    <stop departure="10:20" routeNo="44">Storavatnet term.</stop>
    <stop arrival="10:20" departure="10:20">Ørjebekk</stop>
    <stop arrival="10:21" departure="10:21">Godvik barnehage</stop>
    <stop arrival="10:21" departure="10:21">Leirvikåsen</stop>
    <stop arrival="10:22" departure="10:22">Leirvikneset</stop>
    <stop arrival="10:22" departure="10:22">Gjeringskjenet</stop>
    <stop arrival="10:23" departure="10:23">Fagerdalen (Godvik)</stop>
    <stop arrival="10:24" departure="10:24">Olsvikskiftet</stop>
    <stop arrival="10:24" departure="10:24">Olsvikfjellet</stop>
    <stop arrival="10:25" departure="10:25">Olsvikskjenet snuplass</stop>
    <stop arrival="10:27" departure="10:27">Olsvik senter</stop>
    <stop arrival="10:28" departure="10:28">Fredheim (Loddefjord)</stop>
    <stop arrival="10:30" departure="10:30">Skjenlia</stop>
    <stop arrival="10:35" departure="10:35">Brønndalen snuplass</stop>
    <stop arrival="10:37" departure="10:37">Rishaugen</stop>
    <stop arrival="10:39" departure="10:39">Frida Fasmer</stop>
    <stop arrival="10:40" departure="10:40">Loddefjorddalen</stop>
    <stop arrival="10:45" departure="10:45">Loddefjord term.</stop>
    <stop arrival="10:46" departure="10:46">Bjørndalstre krysset</stop>
    <stop arrival="10:47" departure="10:47">Tennebekk</stop>
    <stop arrival="10:51" departure="10:51">Lyngbø Motorvei R555</stop>
    <stop arrival="10:56" departure="10:56">Møhlenpris v/ Industrihuset</stop>
    <stop arrival="10:57" departure="10:57">Christies gate (Festplassen)</stop>
    <stop arrival="11:00">Bergen Busstasjon</stop>
  </route>
  <route no="44" destination="Storavatnet term." url="http://www.web2051.no/bin/tp/zuginfo.exe/on/13311/5989/43950/17542/1/" trafficDays="kjører Ma - Fr, ikke 13., 17., 24. Mai">
    <stop departure="10:05" routeNo="44">Bergen Busstasjon</stop>
    <stop arrival="10:08" departure="10:08">Olav Kyrres gate</stop>
    <stop arrival="10:09" departure="10:09">Møhlenpris v/ Industrihuset</stop>
    <stop arrival="10:14" departure="10:14">Lyngbø Motorvei R555</stop>
    <stop arrival="10:19" departure="10:19">Bjørndalstre krysset</stop>
    <stop arrival="10:20" departure="10:20">Loddefjord term.</stop>
    <stop arrival="10:22" departure="10:22">Loddefjorddalen</stop>
    <stop arrival="10:23" departure="10:23">Frida Fasmer</stop>
    <stop arrival="10:24" departure="10:24">Rishaugen</stop>
    <stop arrival="10:25" departure="10:25">Brønndalen snuplass</stop>
    <stop arrival="10:28" departure="10:28">Skjenlia</stop>
    <stop arrival="10:29" departure="10:29">Fredheim</stop>
    <stop arrival="10:29" departure="10:29">Olsvik senter</stop>
    <stop arrival="10:30" departure="10:30">Olsvikstallen</stop>
    <stop>Olsvikskjenet snuplass</stop>
    <stop arrival="10:31" departure="10:31">Olsvikfjellet</stop>
    <stop arrival="10:32" departure="10:32">Olsvikskiftet</stop>
    <stop arrival="10:32" departure="10:32">Fagerdalen (Godvik)</stop>
    <stop arrival="10:33" departure="10:33">Gjeringskjenet</stop>
    <stop arrival="10:34" departure="10:34">Leirvikneset</stop>
    <stop arrival="10:35" departure="10:35">Leirvikåsen</stop>
    <stop arrival="10:36" departure="10:36">Godvik barnehage</stop>
    <stop arrival="10:38" departure="10:38">Ørjebekk</stop>
    <stop arrival="10:40">Storavatnet term.</stop>
  </route>
  <route no="44" destination="Bergen Busstasjon" url="http://www.web2051.no/bin/tp/zuginfo.exe/on/749685/251516/681418/90815/1/" trafficDays="kjører 1., 16., 17. Mai">
    <stop departure="10:25" routeNo="44">Storavatnet term.</stop>
    <stop arrival="10:25" departure="10:25">Ørjebekk</stop>
    <stop arrival="10:26" departure="10:26">Godvik barnehage</stop>
    <stop arrival="10:26" departure="10:26">Leirvikåsen</stop>
    <stop arrival="10:27" departure="10:27">Leirvikneset</stop>
    <stop arrival="10:27" departure="10:27">Gjeringskjenet</stop>
    <stop arrival="10:28" departure="10:28">Fagerdalen (Godvik)</stop>
    <stop arrival="10:29" departure="10:29">Olsvikskiftet</stop>
    <stop arrival="10:29" departure="10:29">Olsvikfjellet</stop>
    <stop arrival="10:30" departure="10:30">Olsvikskjenet snuplass</stop>
    <stop arrival="10:32" departure="10:32">Olsvik senter</stop>
    <stop arrival="10:32" departure="10:32">Fredheim (Loddefjord)</stop>
    <stop arrival="10:34" departure="10:34">Skjenlia</stop>
    <stop arrival="10:37" departure="10:37">Brønndalen snuplass</stop>
    <stop arrival="10:38" departure="10:38">Rishaugen</stop>
    <stop arrival="10:40" departure="10:40">Frida Fasmer</stop>
    <stop arrival="10:41" departure="10:41">Loddefjorddalen</stop>
    <stop arrival="10:45" departure="10:45">Loddefjord term.</stop>
    <stop arrival="10:46" departure="10:46">Bjørndalstre krysset</stop>
    <stop arrival="10:47" departure="10:47">Tennebekk</stop>
    <stop arrival="10:51" departure="10:51">Lyngbø Motorvei R555</stop>
    <stop arrival="10:56" departure="10:56">Møhlenpris v/ Industrihuset</stop>
    <stop arrival="10:57" departure="10:57">Christies gate (Festplassen)</stop>
    <stop arrival="11:00">Bergen Busstasjon</stop>
  </route>
  <route no="44" destination="Bergen Busstasjon" url="http://www.web2051.no/bin/tp/zuginfo.exe/on/991503/332123/926404/132701/1/" trafficDays="kjører Sø, ikke 16. Mai; også 13., 24. Mai">
    <stop departure="10:25" routeNo="44">Storavatnet term.</stop>
    <stop arrival="10:25" departure="10:25">Ørjebekk</stop>
    <stop arrival="10:26" departure="10:26">Godvik barnehage</stop>
    <stop arrival="10:26" departure="10:26">Leirvikåsen</stop>
    <stop arrival="10:27" departure="10:27">Leirvikneset</stop>
    <stop arrival="10:27" departure="10:27">Gjeringskjenet</stop>
    <stop arrival="10:28" departure="10:28">Fagerdalen (Godvik)</stop>
    <stop arrival="10:29" departure="10:29">Olsvikskiftet</stop>
    <stop arrival="10:29" departure="10:29">Olsvikfjellet</stop>
    <stop arrival="10:30" departure="10:30">Olsvikskjenet snuplass</stop>
    <stop arrival="10:32" departure="10:32">Olsvik senter</stop>
    <stop arrival="10:32" departure="10:32">Fredheim (Loddefjord)</stop>
    <stop arrival="10:34" departure="10:34">Skjenlia</stop>
    <stop arrival="10:37" departure="10:37">Brønndalen snuplass</stop>
    <stop arrival="10:38" departure="10:38">Rishaugen</stop>
    <stop arrival="10:40" departure="10:40">Frida Fasmer</stop>
    <stop arrival="10:41" departure="10:41">Loddefjorddalen</stop>
    <stop arrival="10:45" departure="10:45">Loddefjord term.</stop>
    <stop arrival="10:46" departure="10:46">Bjørndalstre krysset</stop>
    <stop arrival="10:47" departure="10:47">Tennebekk</stop>
    <stop arrival="10:51" departure="10:51">Lyngbø Motorvei R555</stop>
    <stop arrival="10:56" departure="10:56">Møhlenpris v/ Industrihuset</stop>
    <stop arrival="10:57" departure="10:57">Christies gate (Festplassen)</stop>
    <stop arrival="11:00">Bergen Busstasjon</stop>
  </route>
  <route no="44" destination="Bergen Busstasjon" url="http://www.web2051.no/bin/tp/zuginfo.exe/on/651798/218853/192034/121257/1/" trafficDays="kjører 17. Mai">
    <stop departure="10:30" routeNo="44">Storavatnet term.</stop>
    <stop arrival="10:30" departure="10:30">Ørjebekk</stop>
    <stop arrival="10:31" departure="10:31">Godvik barnehage</stop>
    <stop arrival="10:31" departure="10:31">Leirvikåsen</stop>
    <stop arrival="10:32" departure="10:32">Leirvikneset</stop>
    <stop arrival="10:32" departure="10:32">Gjeringskjenet</stop>
    <stop arrival="10:33" departure="10:33">Fagerdalen (Godvik)</stop>
    <stop arrival="10:34" departure="10:34">Olsvikskiftet</stop>
    <stop arrival="10:34" departure="10:34">Olsvikfjellet</stop>
    <stop arrival="10:35" departure="10:35">Olsvikskjenet snuplass</stop>
    <stop arrival="10:37" departure="10:37">Olsvik senter</stop>
    <stop arrival="10:37" departure="10:37">Fredheim (Loddefjord)</stop>
    <stop arrival="10:39" departure="10:39">Skjenlia</stop>
    <stop arrival="10:42" departure="10:42">Brønndalen snuplass</stop>
    <stop arrival="10:43" departure="10:43">Rishaugen</stop>
    <stop arrival="10:45" departure="10:45">Frida Fasmer</stop>
    <stop arrival="10:46" departure="10:46">Loddefjorddalen</stop>
    <stop arrival="10:50" departure="10:50">Loddefjord term.</stop>
    <stop arrival="10:51" departure="10:51">Bjørndalstre krysset</stop>
    <stop arrival="10:52" departure="10:52">Tennebekk</stop>
    <stop arrival="10:56" departure="10:56">Lyngbø Motorvei R555</stop>
    <stop arrival="11:01" departure="11:01">Møhlenpris v/ Industrihuset</stop>
    <stop arrival="11:02" departure="11:02">Christies gate (Festplassen)</stop>
    <stop arrival="11:05">Bergen Busstasjon</stop>
  </route>
  <route no="44" destination="Bergen Busstasjon" url="http://www.web2051.no/bin/tp/zuginfo.exe/on/772866/259209/38052/238605/1/" trafficDays="kjører 17. Mai">
    <stop departure="10:40" routeNo="44">Storavatnet term.</stop>
    <stop arrival="10:40" departure="10:40">Ørjebekk</stop>
    <stop arrival="10:41" departure="10:41">Godvik barnehage</stop>
    <stop arrival="10:41" departure="10:41">Leirvikåsen</stop>
    <stop arrival="10:42" departure="10:42">Leirvikneset</stop>
    <stop arrival="10:42" departure="10:42">Gjeringskjenet</stop>
    <stop arrival="10:43" departure="10:43">Fagerdalen (Godvik)</stop>
    <stop arrival="10:44" departure="10:44">Olsvikskiftet</stop>
    <stop arrival="10:44" departure="10:44">Olsvikfjellet</stop>
    <stop arrival="10:45" departure="10:45">Olsvikskjenet snuplass</stop>
    <stop arrival="10:47" departure="10:47">Olsvik senter</stop>
    <stop arrival="10:47" departure="10:47">Fredheim (Loddefjord)</stop>
    <stop arrival="10:49" departure="10:49">Skjenlia</stop>
    <stop arrival="10:52" departure="10:52">Brønndalen snuplass</stop>
    <stop arrival="10:53" departure="10:53">Rishaugen</stop>
    <stop arrival="10:55" departure="10:55">Frida Fasmer</stop>
    <stop arrival="10:56" departure="10:56">Loddefjorddalen</stop>
    <stop arrival="11:00" departure="11:00">Loddefjord term.</stop>
    <stop arrival="11:01" departure="11:01">Bjørndalstre krysset</stop>
    <stop arrival="11:02" departure="11:02">Tennebekk</stop>
    <stop arrival="11:06" departure="11:06">Lyngbø Motorvei R555</stop>
    <stop arrival="11:11" departure="11:11">Møhlenpris v/ Industrihuset</stop>
    <stop arrival="11:12" departure="11:12">Christies gate (Festplassen)</stop>
    <stop arrival="11:15">Bergen Busstasjon</stop>
  </route>
  <route no="44" destination="Bergen Busstasjon" url="http://www.web2051.no/bin/tp/zuginfo.exe/on/646362/217030/307726/61594/1/" trafficDays="kjører Ma - Lø, ikke 1., 13., 17., 24. Mai">
    <stop departure="10:50" routeNo="44">Storavatnet term.</stop>
    <stop arrival="10:50" departure="10:50">Ørjebekk</stop>
    <stop arrival="10:51" departure="10:51">Godvik barnehage</stop>
    <stop arrival="10:51" departure="10:51">Leirvikåsen</stop>
    <stop arrival="10:52" departure="10:52">Leirvikneset</stop>
    <stop arrival="10:52" departure="10:52">Gjeringskjenet</stop>
    <stop arrival="10:53" departure="10:53">Fagerdalen (Godvik)</stop>
    <stop arrival="10:54" departure="10:54">Olsvikskiftet</stop>
    <stop arrival="10:54" departure="10:54">Olsvikfjellet</stop>
    <stop arrival="10:55" departure="10:55">Olsvikskjenet snuplass</stop>
    <stop arrival="10:57" departure="10:57">Olsvik senter</stop>
    <stop arrival="10:58" departure="10:58">Fredheim (Loddefjord)</stop>
    <stop arrival="11:00" departure="11:00">Skjenlia</stop>
    <stop arrival="11:05" departure="11:05">Brønndalen snuplass</stop>
    <stop arrival="11:07" departure="11:07">Rishaugen</stop>
    <stop arrival="11:09" departure="11:09">Frida Fasmer</stop>
    <stop arrival="11:10" departure="11:10">Loddefjorddalen</stop>
    <stop arrival="11:15" departure="11:15">Loddefjord term.</stop>
    <stop arrival="11:16" departure="11:16">Bjørndalstre krysset</stop>
    <stop arrival="11:17" departure="11:17">Tennebekk</stop>
    <stop arrival="11:21" departure="11:21">Lyngbø Motorvei R555</stop>
    <stop arrival="11:26" departure="11:26">Møhlenpris v/ Industrihuset</stop>
    <stop arrival="11:27" departure="11:27">Christies gate (Festplassen)</stop>
    <stop arrival="11:30">Bergen Busstasjon</stop>
  </route>
  <route no="44" destination="Bergen Busstasjon" url="http://www.web2051.no/bin/tp/zuginfo.exe/on/869622/291461/146718/216525/1/" trafficDays="kjører 17. Mai">
    <stop departure="10:50" routeNo="44">Storavatnet term.</stop>
    <stop arrival="10:50" departure="10:50">Ørjebekk</stop>
    <stop arrival="10:51" departure="10:51">Godvik barnehage</stop>
    <stop arrival="10:51" departure="10:51">Leirvikåsen</stop>
    <stop arrival="10:52" departure="10:52">Leirvikneset</stop>
    <stop arrival="10:52" departure="10:52">Gjeringskjenet</stop>
    <stop arrival="10:53" departure="10:53">Fagerdalen (Godvik)</stop>
    <stop arrival="10:54" departure="10:54">Olsvikskiftet</stop>
    <stop arrival="10:54" departure="10:54">Olsvikfjellet</stop>
    <stop arrival="10:55" departure="10:55">Olsvikskjenet snuplass</stop>
    <stop arrival="10:57" departure="10:57">Olsvik senter</stop>
    <stop arrival="10:57" departure="10:57">Fredheim (Loddefjord)</stop>
    <stop arrival="10:59" departure="10:59">Skjenlia</stop>
    <stop arrival="11:02" departure="11:02">Brønndalen snuplass</stop>
    <stop arrival="11:03" departure="11:03">Rishaugen</stop>
    <stop arrival="11:05" departure="11:05">Frida Fasmer</stop>
    <stop arrival="11:06" departure="11:06">Loddefjorddalen</stop>
    <stop arrival="11:10" departure="11:10">Loddefjord term.</stop>
    <stop arrival="11:11" departure="11:11">Bjørndalstre krysset</stop>
    <stop arrival="11:12" departure="11:12">Tennebekk</stop>
    <stop arrival="11:16" departure="11:16">Lyngbø Motorvei R555</stop>
    <stop arrival="11:21" departure="11:21">Møhlenpris v/ Industrihuset</stop>
    <stop arrival="11:22" departure="11:22">Christies gate (Festplassen)</stop>
    <stop arrival="11:25">Bergen Busstasjon</stop>
  </route>
  <route no="44" destination="Bergen Busstasjon" url="http://www.web2051.no/bin/tp/zuginfo.exe/on/508377/171067/765720/213402/1/" trafficDays="kjører">
    <stop departure="10:50" routeNo="44">Storavatnet term.</stop>
    <stop arrival="10:50" departure="10:50">Ørjebekk</stop>
    <stop arrival="10:51" departure="10:51">Godvik barnehage</stop>
    <stop arrival="10:51" departure="10:51">Leirvikåsen</stop>
    <stop arrival="10:52" departure="10:52">Leirvikneset</stop>
    <stop arrival="10:52" departure="10:52">Gjeringskjenet</stop>
    <stop arrival="10:53" departure="10:53">Fagerdalen (Godvik)</stop>
    <stop arrival="10:54" departure="10:54">Olsvikskiftet</stop>
    <stop arrival="10:54" departure="10:54">Olsvikfjellet</stop>
    <stop arrival="10:55" departure="10:55">Olsvikskjenet snuplass</stop>
    <stop arrival="10:57" departure="10:57">Olsvik senter</stop>
    <stop arrival="10:58" departure="10:58">Fredheim (Loddefjord)</stop>
    <stop arrival="11:00" departure="11:00">Skjenlia</stop>
    <stop arrival="11:05" departure="11:05">Brønndalen snuplass</stop>
    <stop arrival="11:07" departure="11:07">Rishaugen</stop>
    <stop arrival="11:09" departure="11:09">Frida Fasmer</stop>
    <stop arrival="11:10" departure="11:10">Loddefjorddalen</stop>
    <stop arrival="11:15" departure="11:15">Loddefjord term.</stop>
    <stop arrival="11:16" departure="11:16">Bjørndalstre krysset</stop>
    <stop arrival="11:17" departure="11:17">Tennebekk</stop>
    <stop arrival="11:21" departure="11:21">Lyngbø Motorvei R555</stop>
    <stop arrival="11:26" departure="11:26">Møhlenpris v/ Industrihuset</stop>
    <stop arrival="11:27" departure="11:27">Christies gate (Festplassen)</stop>
    <stop arrival="11:30">Bergen Busstasjon</stop>
  </route>
</routes>
