<?xml version="1.0" encoding="UTF-8"?>
<routes>
  <route no="567" destination="Eidsvik snuplass" url="http://www.web2051.no/bin/tp/zuginfo.exe/on/162144/59642/256252/74079/1/" trafficDays="kjører Lø, ikke 1. Mai">
    <stop departure="10:00" routeNo="567">Os - Osøyro</stop>
    <stop arrival="10:01" departure="10:01">Fjellheim</stop>
    <stop arrival="10:02" departure="10:02">Kuven</stop>
    <stop arrival="10:03" departure="10:03">Flåten (Os)</stop>
    <stop arrival="10:04" departure="10:04">Flåten Senter</stop>
    <stop arrival="10:05" departure="10:05">Tøsdalskiftet</stop>
    <stop arrival="10:06" departure="10:06">Ulvenskiftet</stop>
    <stop arrival="10:07" departure="10:07">Vaktdal</stop>
    <stop arrival="10:08" departure="10:08">Os Vidaregåande skule</stop>
    <stop arrival="10:11" departure="10:11">Ulven leir</stop>
    <stop arrival="10:13" departure="10:13">Åsen vegkryss (Os)</stop>
    <stop arrival="10:14" departure="10:14">Åsen (Os)</stop>
    <stop arrival="10:14" departure="10:14">Åsen (Os)</stop>
    <stop arrival="10:14" departure="10:14">Åsen (Os)</stop>
    <stop arrival="10:16" departure="10:16">Langedalen</stop>
    <stop arrival="10:17" departure="10:17">Lysekloster ruiner</stop>
    <stop arrival="10:17" departure="10:17">Lysekloster gård</stop>
    <stop arrival="10:18" departure="10:18">Smeabakken</stop>
    <stop arrival="10:19" departure="10:19">Buena</stop>
    <stop arrival="10:19" departure="10:19">Søvik (Os)</stop>
    <stop arrival="10:19" departure="10:19">Søvik (Os)</stop>
    <stop arrival="10:20" departure="10:20">Søvik (Os)</stop>
    <stop arrival="10:20" departure="10:20">Lysekloster skule</stop>
    <stop arrival="10:22" departure="10:22">Søvik Gamleskulen</stop>
    <stop arrival="10:23" departure="10:23">Salbuvik</stop>
    <stop arrival="10:25" departure="10:25">Bjoarvik</stop>
    <stop arrival="10:25" departure="10:25">Drangshaug</stop>
    <stop arrival="10:26" departure="10:26">Drange (Os)</stop>
    <stop arrival="10:27" departure="10:27">Drange handel</stop>
    <stop arrival="10:28" departure="10:28">Drangevågen</stop>
    <stop arrival="10:29" departure="10:29">Eidsvik</stop>
    <stop arrival="10:30">Eidsvik snuplass</stop>
  </route>
  <route no="626" destination="Røttingen snuplass" url="http://www.web2051.no/bin/tp/zuginfo.exe/on/687930/235154/421330/18645/1/" trafficDays="kjører Lø, ikke 1. Mai">
    <stop departure="10:00" routeNo="626">Os - Osøyro</stop>
    <stop arrival="10:01" departure="10:01">Fjellheim</stop>
    <stop arrival="10:02" departure="10:02">Kuven</stop>
    <stop arrival="10:03" departure="10:03">Flåten (Os)</stop>
    <stop arrival="10:04" departure="10:04">Flåten Senter</stop>
    <stop arrival="10:05" departure="10:05">Tøsdalskiftet</stop>
    <stop arrival="10:08" departure="10:08">Os Vidaregåande skule</stop>
    <stop arrival="10:10" departure="10:10">Ulvensletta</stop>
    <stop arrival="10:11" departure="10:11">Vaksinen</stop>
    <stop arrival="10:11" departure="10:11">Ådnadalen</stop>
    <stop arrival="10:12" departure="10:12">Irgenskryss</stop>
    <stop arrival="10:13" departure="10:13">Nore Neset skule</stop>
    <stop arrival="10:14" departure="10:14">Skeie (Os)</stop>
    <stop arrival="10:15" departure="10:15">Grindevoll snuplass</stop>
    <stop arrival="10:16" departure="10:16">Ravneberghaugen</stop>
    <stop arrival="10:16" departure="10:16">Storum (Os)</stop>
    <stop arrival="10:17" departure="10:17">Storumhammeren</stop>
    <stop arrival="10:19" departure="10:19">Blindesund</stop>
    <stop arrival="10:19" departure="10:19">Lepsøy</stop>
    <stop arrival="10:21" departure="10:21">Lepsøy kai</stop>
    <stop arrival="10:22" departure="10:22">Sundøy</stop>
    <stop arrival="10:22" departure="10:22">Bruarøy</stop>
    <stop arrival="10:23" departure="10:23">Bruarøy Ungdomshuset</stop>
    <stop arrival="10:24" departure="10:24">Hauane (Røtinga)</stop>
    <stop arrival="10:25">Røttingen snuplass</stop>
  </route>
  <route no="630" destination="Os - Osøyro" url="http://www.web2051.no/bin/tp/zuginfo.exe/on/63075/26937/238568/98260/1/" trafficDays="kjører Ma - Fr, ikke 13., 17., 24. Mai">
    <stop departure="9:55" routeNo="630">Halhjemsmarka</stop>
    <stop arrival="9:57" departure="9:57">Auredalen</stop>
    <stop arrival="9:58" departure="9:58">Vernøy</stop>
    <stop arrival="10:00" departure="10:00">Halhjem</stop>
    <stop arrival="10:01" departure="10:01">Halhjem kafe</stop>
    <stop arrival="10:02" departure="10:02">Haugland (Os)</stop>
    <stop arrival="10:03" departure="10:03">Nesjabuen</stop>
    <stop arrival="10:04" departure="10:04">Lekven</stop>
    <stop arrival="10:05" departure="10:05">Trolldalen (Os)</stop>
    <stop arrival="10:07" departure="10:07">Mobergslien</stop>
    <stop arrival="10:08" departure="10:08">Moberg</stop>
    <stop arrival="10:09" departure="10:09">Mobergsbakken</stop>
    <stop arrival="10:10" departure="10:10">Os kai</stop>
    <stop arrival="10:10">Os - Osøyro</stop>
  </route>
  <route no="620" destination="Bergen Busstasjon" url="http://www.web2051.no/bin/tp/zuginfo.exe/on/359484/125525/330256/45300/1/" trafficDays="kjører Sø, også 1., 13., 17., 24. Mai">
    <stop departure="10:15" routeNo="620">Os - Osøyro</stop>
    <stop arrival="10:16" departure="10:16">Fjellheim</stop>
    <stop arrival="10:17" departure="10:17">Kuven</stop>
    <stop arrival="10:18" departure="10:18">Flåten (Os)</stop>
    <stop arrival="10:19" departure="10:19">Flåten Senter</stop>
    <stop arrival="10:20" departure="10:20">Tøsdalskiftet</stop>
    <stop arrival="10:20" departure="10:20">Ulvenskiftet</stop>
    <stop arrival="10:21" departure="10:21">Hetleflåten</stop>
    <stop arrival="10:22" departure="10:22">Helleflåttre</stop>
    <stop arrival="10:23" departure="10:23">Storestraumen</stop>
    <stop arrival="10:24" departure="10:24">Søfteland skule</stop>
    <stop arrival="10:25" departure="10:25">Søfteland</stop>
    <stop arrival="10:25" departure="10:25">Gåssandskiftet</stop>
    <stop arrival="10:26" departure="10:26">Tømmernes</stop>
    <stop arrival="10:26" departure="10:26">Røykenes (Os)</stop>
    <stop arrival="10:27" departure="10:27">Bahus</stop>
    <stop arrival="10:28" departure="10:28">Fløysand</stop>
    <stop arrival="10:28" departure="10:28">Kalandseid</stop>
    <stop arrival="10:29" departure="10:29">Austevoll (Fana)</stop>
    <stop arrival="10:30" departure="10:30">Kaland (Fana)</stop>
    <stop arrival="10:31" departure="10:31">Smådalen (Kaland i Fana)</stop>
    <stop arrival="10:31" departure="10:31">Kaland skole (Fana)</stop>
    <stop arrival="10:33" departure="10:33">Nedre Sandven</stop>
    <stop arrival="10:33" departure="10:33">Sandven</stop>
    <stop arrival="10:34" departure="10:34">Øvre Hatlestad</stop>
    <stop arrival="10:35" departure="10:35">Hatlestadlia</stop>
    <stop arrival="10:36" departure="10:36">Hatlestad terr.</stop>
    <stop arrival="10:37" departure="10:37">Valle (Fana)</stop>
    <stop arrival="10:38" departure="10:38">Kirkebirkeland</stop>
    <stop arrival="10:39" departure="10:39">Lilletvedt</stop>
    <stop arrival="10:40" departure="10:40">Bjørkåsen</stop>
    <stop arrival="10:41" departure="10:41">Elvenes vegkryss</stop>
    <stop arrival="10:42" departure="10:42">Skjoldskiftet</stop>
    <stop arrival="10:42" departure="10:42">Nesttun</stop>
    <stop arrival="10:43" departure="10:43">Nesttun terminal</stop>
    <stop arrival="10:45" departure="10:45">Hopsbro</stop>
    <stop arrival="10:47" departure="10:47">Tveiteråsskiftet</stop>
    <stop arrival="10:48" departure="10:48">Paradis</stop>
    <stop arrival="10:50" departure="10:50">Nydalen</stop>
    <stop arrival="10:52" departure="10:52">Fantoft</stop>
    <stop arrival="10:53" departure="10:53">Storetveit</stop>
    <stop arrival="10:53" departure="10:53">Elvebakken</stop>
    <stop arrival="10:54" departure="10:54">Minde</stop>
    <stop arrival="10:57" departure="10:57">Mindemyren</stop>
    <stop arrival="10:58" departure="10:58">Postterminalen</stop>
    <stop arrival="10:58" departure="10:58">Kanalveien v/LBK</stop>
    <stop arrival="11:00" departure="11:00">Danmarksplass v/Forum kino</stop>
    <stop arrival="11:05" departure="11:05">Bergen Busstasjon</stop>
    <stop arrival="11:08" departure="11:08">Christies gate (Festplassen)</stop>
    <stop arrival="11:13">Bergen Busstasjon</stop>
  </route>
  <route no="620" destination="Bergen Busstasjon" url="http://www.web2051.no/bin/tp/zuginfo.exe/on/675375/230850/719856/134803/1/" trafficDays="kjører Lø, ikke 1. Mai">
    <stop departure="10:15" routeNo="620">Os - Osøyro</stop>
    <stop arrival="10:16" departure="10:16">Fjellheim</stop>
    <stop arrival="10:17" departure="10:17">Kuven</stop>
    <stop arrival="10:18" departure="10:18">Flåten (Os)</stop>
    <stop arrival="10:19" departure="10:19">Flåten Senter</stop>
    <stop arrival="10:20" departure="10:20">Tøsdalskiftet</stop>
    <stop arrival="10:20" departure="10:20">Ulvenskiftet</stop>
    <stop arrival="10:21" departure="10:21">Hetleflåten</stop>
    <stop arrival="10:22" departure="10:22">Helleflåttre</stop>
    <stop arrival="10:24" departure="10:24">Storestraumen</stop>
    <stop arrival="10:25" departure="10:25">Søfteland skule</stop>
    <stop arrival="10:26" departure="10:26">Søfteland</stop>
    <stop arrival="10:26" departure="10:26">Gåssandskiftet</stop>
    <stop arrival="10:27" departure="10:27">Tømmernes</stop>
    <stop arrival="10:28" departure="10:28">Røykenes (Os)</stop>
    <stop arrival="10:29" departure="10:29">Bahus</stop>
    <stop arrival="10:30" departure="10:30">Fløysand</stop>
    <stop arrival="10:30" departure="10:30">Kalandseid</stop>
    <stop arrival="10:31" departure="10:31">Austevoll (Fana)</stop>
    <stop arrival="10:32" departure="10:32">Kaland (Fana)</stop>
    <stop arrival="10:33" departure="10:33">Smådalen (Kaland i Fana)</stop>
    <stop arrival="10:33" departure="10:33">Kaland skole (Fana)</stop>
    <stop arrival="10:35" departure="10:35">Nedre Sandven</stop>
    <stop arrival="10:35" departure="10:35">Sandven</stop>
    <stop arrival="10:36" departure="10:36">Øvre Hatlestad</stop>
    <stop arrival="10:37" departure="10:37">Hatlestadlia</stop>
    <stop arrival="10:38" departure="10:38">Hatlestad terr.</stop>
    <stop arrival="10:39" departure="10:39">Valle (Fana)</stop>
    <stop arrival="10:40" departure="10:40">Kirkebirkeland</stop>
    <stop arrival="10:41" departure="10:41">Lilletvedt</stop>
    <stop arrival="10:42" departure="10:42">Bjørkåsen</stop>
    <stop arrival="10:43" departure="10:43">Elvenes vegkryss</stop>
    <stop arrival="10:44" departure="10:44">Skjoldskiftet</stop>
    <stop arrival="10:44" departure="10:44">Nesttun</stop>
    <stop arrival="10:45" departure="10:45">Nesttun terminal</stop>
    <stop arrival="10:47" departure="10:47">Hopsbro</stop>
    <stop arrival="10:49" departure="10:49">Tveiteråsskiftet</stop>
    <stop arrival="10:50" departure="10:50">Paradis</stop>
    <stop arrival="10:52" departure="10:52">Nydalen</stop>
    <stop arrival="10:54" departure="10:54">Fantoft</stop>
    <stop arrival="10:55" departure="10:55">Storetveit</stop>
    <stop arrival="10:55" departure="10:55">Elvebakken</stop>
    <stop arrival="10:56" departure="10:56">Minde</stop>
    <stop arrival="11:00" departure="11:00">Mindemyren</stop>
    <stop arrival="11:01" departure="11:01">Postterminalen</stop>
    <stop arrival="11:01" departure="11:01">Kanalveien v/LBK</stop>
    <stop arrival="11:03" departure="11:03">Danmarksplass v/Forum kino</stop>
    <stop arrival="11:08" departure="11:08">Bergen Busstasjon</stop>
    <stop arrival="11:11" departure="11:11">Christies gate (Festplassen)</stop>
    <stop arrival="11:16">Bergen Busstasjon</stop>
  </route>
  <route no="620" destination="Bergen Busstasjon" url="http://www.web2051.no/bin/tp/zuginfo.exe/on/518157/178497/916330/285449/1/" trafficDays="kjører Ma - Fr, ikke 13., 17., 24. Mai">
    <stop departure="10:15" routeNo="620">Os - Osøyro</stop>
    <stop arrival="10:16" departure="10:16">Fjellheim</stop>
    <stop arrival="10:17" departure="10:17">Kuven</stop>
    <stop arrival="10:18" departure="10:18">Flåten (Os)</stop>
    <stop arrival="10:19" departure="10:19">Flåten Senter</stop>
    <stop arrival="10:20" departure="10:20">Tøsdalskiftet</stop>
    <stop arrival="10:20" departure="10:20">Ulvenskiftet</stop>
    <stop arrival="10:21" departure="10:21">Hetleflåten</stop>
    <stop arrival="10:22" departure="10:22">Helleflåttre</stop>
    <stop arrival="10:24" departure="10:24">Storestraumen</stop>
    <stop arrival="10:25" departure="10:25">Søfteland skule</stop>
    <stop arrival="10:26" departure="10:26">Søfteland</stop>
    <stop arrival="10:26" departure="10:26">Gåssandskiftet</stop>
    <stop arrival="10:27" departure="10:27">Tømmernes</stop>
    <stop arrival="10:28" departure="10:28">Røykenes (Os)</stop>
    <stop arrival="10:29" departure="10:29">Bahus</stop>
    <stop arrival="10:30" departure="10:30">Fløysand</stop>
    <stop arrival="10:30" departure="10:30">Kalandseid</stop>
    <stop arrival="10:31" departure="10:31">Austevoll (Fana)</stop>
    <stop arrival="10:32" departure="10:32">Kaland (Fana)</stop>
    <stop arrival="10:33" departure="10:33">Smådalen (Kaland i Fana)</stop>
    <stop arrival="10:33" departure="10:33">Kaland skole (Fana)</stop>
    <stop arrival="10:35" departure="10:35">Nedre Sandven</stop>
    <stop arrival="10:35" departure="10:35">Sandven</stop>
    <stop arrival="10:36" departure="10:36">Øvre Hatlestad</stop>
    <stop arrival="10:37" departure="10:37">Hatlestadlia</stop>
    <stop arrival="10:38" departure="10:38">Hatlestad terr.</stop>
    <stop arrival="10:39" departure="10:39">Valle (Fana)</stop>
    <stop arrival="10:40" departure="10:40">Kirkebirkeland</stop>
    <stop arrival="10:41" departure="10:41">Lilletvedt</stop>
    <stop arrival="10:42" departure="10:42">Bjørkåsen</stop>
    <stop arrival="10:43" departure="10:43">Elvenes vegkryss</stop>
    <stop arrival="10:44" departure="10:44">Skjoldskiftet</stop>
    <stop arrival="10:44" departure="10:44">Nesttun</stop>
    <stop arrival="10:45" departure="10:45">Nesttun terminal</stop>
    <stop arrival="10:47" departure="10:47">Hopsbro</stop>
    <stop arrival="10:49" departure="10:49">Tveiteråsskiftet</stop>
    <stop arrival="10:50" departure="10:50">Paradis</stop>
    <stop arrival="10:52" departure="10:52">Nydalen</stop>
    <stop arrival="10:54" departure="10:54">Fantoft</stop>
    <stop arrival="10:55" departure="10:55">Storetveit</stop>
    <stop arrival="10:55" departure="10:55">Elvebakken</stop>
    <stop arrival="10:56" departure="10:56">Minde</stop>
    <stop arrival="10:59" departure="10:59">Mindemyren</stop>
    <stop arrival="11:00" departure="11:00">Postterminalen</stop>
    <stop arrival="11:01" departure="11:01">Kanalveien v/LBK</stop>
    <stop arrival="11:03" departure="11:03">Danmarksplass v/Forum kino</stop>
    <stop arrival="11:08" departure="11:08">Bergen Busstasjon</stop>
    <stop arrival="11:10" departure="11:10">Christies gate (Festplassen)</stop>
    <stop arrival="11:15">Bergen Busstasjon</stop>
  </route>
  <route no="630" destination="Os - Osøyro" url="http://www.web2051.no/bin/tp/zuginfo.exe/on/827073/281558/136688/207347/1/" trafficDays="kjører Sø, også 1., 13., 17., 24. Mai">
    <stop departure="10:00" routeNo="630">Halhjemsmarka</stop>
    <stop arrival="10:02" departure="10:02">Auredalen</stop>
    <stop arrival="10:03" departure="10:03">Vernøy</stop>
    <stop arrival="10:05" departure="10:05">Halhjem</stop>
    <stop arrival="10:06" departure="10:06">Halhjem kafe</stop>
    <stop arrival="10:07" departure="10:07">Haugland (Os)</stop>
    <stop arrival="10:08" departure="10:08">Nesjabuen</stop>
    <stop arrival="10:09" departure="10:09">Lekven</stop>
    <stop arrival="10:10" departure="10:10">Trolldalen (Os)</stop>
    <stop arrival="10:12" departure="10:12">Mobergslien</stop>
    <stop arrival="10:13" departure="10:13">Moberg</stop>
    <stop arrival="10:14" departure="10:14">Mobergsbakken</stop>
    <stop arrival="10:15" departure="10:15">Os kai</stop>
    <stop arrival="10:15">Os - Osøyro</stop>
  </route>
  <route no="613" destination="Sør Strøno snuplass" url="http://www.web2051.no/bin/tp/zuginfo.exe/on/911322/309456/640554/16503/1/" trafficDays="kjører Ma - Fr, ikke 13., 17., 24. Mai">
    <stop departure="10:20" routeNo="613">Os - Osøyro</stop>
    <stop arrival="10:21" departure="10:21">Fjellheim</stop>
    <stop arrival="10:22" departure="10:22">Kuven</stop>
    <stop arrival="10:23" departure="10:23">Flåten (Os)</stop>
    <stop arrival="10:24" departure="10:24">Flåten Senter</stop>
    <stop arrival="10:25" departure="10:25">Tøsdalskiftet</stop>
    <stop arrival="10:26" departure="10:26">Vaktdal</stop>
    <stop arrival="10:27" departure="10:27">Os Vidaregåande skule</stop>
    <stop arrival="10:28" departure="10:28">Ulvensletta</stop>
    <stop arrival="10:29" departure="10:29">Vaksinen</stop>
    <stop arrival="10:30" departure="10:30">Ådnadalen</stop>
    <stop arrival="10:31" departure="10:31">Irgenskryss</stop>
    <stop arrival="10:31" departure="10:31">Hagevik 1</stop>
    <stop arrival="10:32" departure="10:32">Hagevik 2</stop>
    <stop arrival="10:32" departure="10:32">Hagavik (Hovland - Os)</stop>
    <stop arrival="10:33" departure="10:33">Ytre Hovland</stop>
    <stop arrival="10:33" departure="10:33">Grøvle (Os)</stop>
    <stop arrival="10:33" departure="10:33">Askvik (Os)</stop>
    <stop arrival="10:34" departure="10:34">Askvikskogen</stop>
    <stop arrival="10:35" departure="10:35">Hildershavn</stop>
    <stop arrival="10:35" departure="10:35">Strøno vegkryss</stop>
    <stop arrival="10:36" departure="10:36">Stokkavik 1</stop>
    <stop arrival="10:36" departure="10:36">Nore Øyane skule</stop>
    <stop arrival="10:38" departure="10:38">Strøno 1</stop>
    <stop arrival="10:38" departure="10:38">Strøno 2</stop>
    <stop arrival="10:39" departure="10:39">Strøno Ungdomshuset</stop>
    <stop arrival="10:40" departure="10:40">Nord Strøno Snuplass</stop>
    <stop arrival="10:41" departure="10:41">Strøno Ungdomshuset</stop>
    <stop arrival="10:42" departure="10:42">Strøno 2</stop>
    <stop arrival="10:42" departure="10:42">Strøno 1</stop>
    <stop arrival="10:44" departure="10:44">Nore Øyane skule</stop>
    <stop arrival="10:44" departure="10:44">Stokkavik 1</stop>
    <stop arrival="10:48" departure="10:48">Sør Strøno 1</stop>
    <stop arrival="10:49" departure="10:49">Sør Strøno 2</stop>
    <stop arrival="10:50">Sør Strøno snuplass</stop>
  </route>
  <route no="620" destination="Bergen Busstasjon" url="http://www.web2051.no/bin/tp/zuginfo.exe/on/455892/157742/690180/193130/1/" trafficDays="kjører Ma - Fr, ikke 13., 17., 24. Mai">
    <stop departure="10:35" routeNo="620">Os - Osøyro</stop>
    <stop arrival="10:36" departure="10:36">Fjellheim</stop>
    <stop arrival="10:37" departure="10:37">Kuven</stop>
    <stop arrival="10:38" departure="10:38">Flåten (Os)</stop>
    <stop arrival="10:39" departure="10:39">Flåten Senter</stop>
    <stop arrival="10:40" departure="10:40">Tøsdalskiftet</stop>
    <stop arrival="10:40" departure="10:40">Ulvenskiftet</stop>
    <stop arrival="10:41" departure="10:41">Hetleflåten</stop>
    <stop arrival="10:42" departure="10:42">Helleflåttre</stop>
    <stop arrival="10:44" departure="10:44">Storestraumen</stop>
    <stop arrival="10:45" departure="10:45">Søfteland skule</stop>
    <stop arrival="10:46" departure="10:46">Søfteland</stop>
    <stop arrival="10:46" departure="10:46">Gåssandskiftet</stop>
    <stop arrival="10:47" departure="10:47">Tømmernes</stop>
    <stop arrival="10:48" departure="10:48">Røykenes (Os)</stop>
    <stop arrival="10:49" departure="10:49">Bahus</stop>
    <stop arrival="10:50" departure="10:50">Fløysand</stop>
    <stop arrival="10:50" departure="10:50">Kalandseid</stop>
    <stop arrival="10:51" departure="10:51">Austevoll (Fana)</stop>
    <stop arrival="10:52" departure="10:52">Kaland (Fana)</stop>
    <stop arrival="10:53" departure="10:53">Smådalen (Kaland i Fana)</stop>
    <stop arrival="10:53" departure="10:53">Kaland skole (Fana)</stop>
    <stop arrival="10:55" departure="10:55">Nedre Sandven</stop>
    <stop arrival="10:55" departure="10:55">Sandven</stop>
    <stop arrival="10:56" departure="10:56">Øvre Hatlestad</stop>
    <stop arrival="10:57" departure="10:57">Hatlestadlia</stop>
    <stop arrival="10:58" departure="10:58">Hatlestad terr.</stop>
    <stop arrival="10:59" departure="10:59">Valle (Fana)</stop>
    <stop arrival="11:00" departure="11:00">Kirkebirkeland</stop>
    <stop arrival="11:01" departure="11:01">Lilletvedt</stop>
    <stop arrival="11:02" departure="11:02">Bjørkåsen</stop>
    <stop arrival="11:03" departure="11:03">Elvenes vegkryss</stop>
    <stop arrival="11:04" departure="11:04">Skjoldskiftet</stop>
    <stop arrival="11:04" departure="11:04">Nesttun</stop>
    <stop arrival="11:05" departure="11:05">Nesttun terminal</stop>
    <stop arrival="11:07" departure="11:07">Hopsbro</stop>
    <stop arrival="11:09" departure="11:09">Tveiteråsskiftet</stop>
    <stop arrival="11:10" departure="11:10">Paradis</stop>
    <stop arrival="11:12" departure="11:12">Nydalen</stop>
    <stop arrival="11:14" departure="11:14">Fantoft</stop>
    <stop arrival="11:15" departure="11:15">Storetveit</stop>
    <stop arrival="11:15" departure="11:15">Elvebakken</stop>
    <stop arrival="11:16" departure="11:16">Minde</stop>
    <stop arrival="11:19" departure="11:19">Mindemyren</stop>
    <stop arrival="11:20" departure="11:20">Postterminalen</stop>
    <stop arrival="11:21" departure="11:21">Kanalveien v/LBK</stop>
    <stop arrival="11:23" departure="11:23">Danmarksplass v/Forum kino</stop>
    <stop arrival="11:28" departure="11:28">Bergen Busstasjon</stop>
    <stop arrival="11:30" departure="11:30">Christies gate (Festplassen)</stop>
    <stop arrival="11:35">Bergen Busstasjon</stop>
  </route>
  <route no="630" destination="Halhjemsmarka" url="http://www.web2051.no/bin/tp/zuginfo.exe/on/408519/142041/125790/73278/1/" trafficDays="kjører Lø, Sø, også 13., 17., 24. Mai">
    <stop departure="10:35" routeNo="630">Os - Osøyro</stop>
    <stop arrival="10:36" departure="10:36">Mobergsbakken</stop>
    <stop arrival="10:37" departure="10:37">Moberg</stop>
    <stop arrival="10:38" departure="10:38">Mobergslien</stop>
    <stop arrival="10:39" departure="10:39">Trolldalen (Os)</stop>
    <stop arrival="10:40" departure="10:40">Lekven</stop>
    <stop arrival="10:41" departure="10:41">Lunde (Halhjemsvn.)</stop>
    <stop arrival="10:42" departure="10:42">Nesjabuen</stop>
    <stop arrival="10:43" departure="10:43">Haugland (Os)</stop>
    <stop arrival="10:44" departure="10:44">Halhjem kafe</stop>
    <stop arrival="10:45" departure="10:45">Halhjem</stop>
    <stop arrival="10:46" departure="10:46">Vernøy</stop>
    <stop arrival="10:48" departure="10:48">Auredalen</stop>
    <stop arrival="10:50">Halhjemsmarka</stop>
  </route>
  <route no="567" destination="Eidsvik snuplass" url="http://www.web2051.no/bin/tp/zuginfo.exe/on/183303/66705/426626/152212/1/" trafficDays="kjører Ma - Fr, ikke 13., 17., 24. Mai">
    <stop departure="10:40" routeNo="567">Os - Osøyro</stop>
    <stop arrival="10:41" departure="10:41">Fjellheim</stop>
    <stop arrival="10:42" departure="10:42">Kuven</stop>
    <stop arrival="10:43" departure="10:43">Flåten (Os)</stop>
    <stop arrival="10:44" departure="10:44">Flåten Senter</stop>
    <stop arrival="10:45" departure="10:45">Tøsdalskiftet</stop>
    <stop arrival="10:46" departure="10:46">Ulvenskiftet</stop>
    <stop arrival="10:47" departure="10:47">Vaktdal</stop>
    <stop arrival="10:48" departure="10:48">Os Vidaregåande skule</stop>
    <stop arrival="10:51" departure="10:51">Ulven leir</stop>
    <stop arrival="10:53" departure="10:53">Åsen vegkryss (Os)</stop>
    <stop arrival="10:54" departure="10:54">Åsen (Os)</stop>
    <stop arrival="10:54" departure="10:54">Åsen (Os)</stop>
    <stop arrival="10:54" departure="10:54">Åsen (Os)</stop>
    <stop arrival="10:56" departure="10:56">Langedalen</stop>
    <stop arrival="10:57" departure="10:57">Lysekloster ruiner</stop>
    <stop arrival="10:57" departure="10:57">Lysekloster gård</stop>
    <stop arrival="10:58" departure="10:58">Smeabakken</stop>
    <stop arrival="10:59" departure="10:59">Buena</stop>
    <stop arrival="10:59" departure="10:59">Søvik (Os)</stop>
    <stop arrival="10:59" departure="10:59">Søvik (Os)</stop>
    <stop arrival="11:00" departure="11:00">Søvik (Os)</stop>
    <stop arrival="11:00" departure="11:00">Lysekloster skule</stop>
    <stop arrival="11:02" departure="11:02">Søvik Gamleskulen</stop>
    <stop arrival="11:03" departure="11:03">Salbuvik</stop>
    <stop arrival="11:05" departure="11:05">Bjoarvik</stop>
    <stop arrival="11:05" departure="11:05">Drangshaug</stop>
    <stop arrival="11:06" departure="11:06">Drange (Os)</stop>
    <stop arrival="11:07" departure="11:07">Drange handel</stop>
    <stop arrival="11:08" departure="11:08">Drangevågen</stop>
    <stop arrival="11:09" departure="11:09">Eidsvik</stop>
    <stop arrival="11:10">Eidsvik snuplass</stop>
  </route>
  <route no="620" destination="Bergen Busstasjon" url="http://www.web2051.no/bin/tp/zuginfo.exe/on/947325/321500/898902/133677/1/" trafficDays="kjører Lø, ikke 1. Mai">
    <stop departure="10:45" routeNo="620">Os - Osøyro</stop>
    <stop arrival="10:46" departure="10:46">Fjellheim</stop>
    <stop arrival="10:47" departure="10:47">Kuven</stop>
    <stop arrival="10:48" departure="10:48">Flåten (Os)</stop>
    <stop arrival="10:49" departure="10:49">Flåten Senter</stop>
    <stop arrival="10:50" departure="10:50">Tøsdalskiftet</stop>
    <stop arrival="10:50" departure="10:50">Ulvenskiftet</stop>
    <stop arrival="10:51" departure="10:51">Hetleflåten</stop>
    <stop arrival="10:52" departure="10:52">Helleflåttre</stop>
    <stop arrival="10:54" departure="10:54">Storestraumen</stop>
    <stop arrival="10:55" departure="10:55">Søfteland skule</stop>
    <stop arrival="10:56" departure="10:56">Søfteland</stop>
    <stop arrival="10:56" departure="10:56">Gåssandskiftet</stop>
    <stop arrival="10:57" departure="10:57">Tømmernes</stop>
    <stop arrival="10:58" departure="10:58">Røykenes (Os)</stop>
    <stop arrival="10:59" departure="10:59">Bahus</stop>
    <stop arrival="11:00" departure="11:00">Fløysand</stop>
    <stop arrival="11:00" departure="11:00">Kalandseid</stop>
    <stop arrival="11:01" departure="11:01">Austevoll (Fana)</stop>
    <stop arrival="11:02" departure="11:02">Kaland (Fana)</stop>
    <stop arrival="11:03" departure="11:03">Smådalen (Kaland i Fana)</stop>
    <stop arrival="11:03" departure="11:03">Kaland skole (Fana)</stop>
    <stop arrival="11:05" departure="11:05">Nedre Sandven</stop>
    <stop arrival="11:05" departure="11:05">Sandven</stop>
    <stop arrival="11:06" departure="11:06">Øvre Hatlestad</stop>
    <stop arrival="11:07" departure="11:07">Hatlestadlia</stop>
    <stop arrival="11:08" departure="11:08">Hatlestad terr.</stop>
    <stop arrival="11:09" departure="11:09">Valle (Fana)</stop>
    <stop arrival="11:10" departure="11:10">Kirkebirkeland</stop>
    <stop arrival="11:11" departure="11:11">Lilletvedt</stop>
    <stop arrival="11:12" departure="11:12">Bjørkåsen</stop>
    <stop arrival="11:13" departure="11:13">Elvenes vegkryss</stop>
    <stop arrival="11:14" departure="11:14">Skjoldskiftet</stop>
    <stop arrival="11:14" departure="11:14">Nesttun</stop>
    <stop arrival="11:15" departure="11:15">Nesttun terminal</stop>
    <stop arrival="11:17" departure="11:17">Hopsbro</stop>
    <stop arrival="11:19" departure="11:19">Tveiteråsskiftet</stop>
    <stop arrival="11:20" departure="11:20">Paradis</stop>
    <stop arrival="11:22" departure="11:22">Nydalen</stop>
    <stop arrival="11:24" departure="11:24">Fantoft</stop>
    <stop arrival="11:25" departure="11:25">Storetveit</stop>
    <stop arrival="11:25" departure="11:25">Elvebakken</stop>
    <stop arrival="11:26" departure="11:26">Minde</stop>
    <stop arrival="11:30" departure="11:30">Mindemyren</stop>
    <stop arrival="11:31" departure="11:31">Postterminalen</stop>
    <stop arrival="11:31" departure="11:31">Kanalveien v/LBK</stop>
    <stop arrival="11:33" departure="11:33">Danmarksplass v/Forum kino</stop>
    <stop arrival="11:38" departure="11:38">Bergen Busstasjon</stop>
    <stop arrival="11:41" departure="11:41">Christies gate (Festplassen)</stop>
    <stop arrival="11:46">Bergen Busstasjon</stop>
  </route>
  <route no="612" destination="Os - Osøyro" url="http://www.web2051.no/bin/tp/zuginfo.exe/on/518124/178376/424698/39641/1/" trafficDays="kjører Ma - Fr, ikke 13., 17., 24. Mai">
    <stop departure="10:49" routeNo="612">Os - Osøyro</stop>
    <stop arrival="10:50" departure="10:50">Fjellheim</stop>
    <stop arrival="10:51" departure="10:51">Kuven</stop>
    <stop arrival="10:52" departure="10:52">Flåten (Os)</stop>
    <stop arrival="10:53" departure="10:53">Flåten Senter</stop>
    <stop arrival="10:54" departure="10:54">Tøsdalskiftet</stop>
    <stop arrival="10:56" departure="10:56">Os Vidaregåande skule</stop>
    <stop arrival="10:57" departure="10:57">Ulvensletta</stop>
    <stop arrival="10:58" departure="10:58">Vaksinen</stop>
    <stop arrival="10:59" departure="10:59">Ådnadalen</stop>
    <stop arrival="11:00" departure="11:00">Irgenskryss</stop>
    <stop arrival="11:00" departure="11:00">Hagevik 1</stop>
    <stop arrival="11:01" departure="11:01">Hagevik 2</stop>
    <stop arrival="11:01" departure="11:01">Hagavik (Hovland - Os)</stop>
    <stop arrival="11:01" departure="11:01">Hagavik (Hovland - Os)</stop>
    <stop arrival="11:02" departure="11:02">Hagevik 2</stop>
    <stop arrival="11:02" departure="11:02">Hagevik 1</stop>
    <stop arrival="11:03" departure="11:03">Irgenskryss</stop>
    <stop arrival="11:04" departure="11:04">Nore Neset skule</stop>
    <stop arrival="11:05" departure="11:05">Skeie (Os)</stop>
    <stop arrival="11:06" departure="11:06">Grindevoll snuplass</stop>
    <stop arrival="11:07" departure="11:07">Grindevoll</stop>
    <stop arrival="11:07" departure="11:07">Thuen</stop>
    <stop arrival="11:09" departure="11:09">Thuen Bedehuset</stop>
    <stop arrival="11:12" departure="11:12">Mobergslien</stop>
    <stop arrival="11:13" departure="11:13">Moberg</stop>
    <stop arrival="11:14" departure="11:14">Mobergsbakken</stop>
    <stop arrival="11:15" departure="11:15">Os kai</stop>
    <stop arrival="11:15">Os - Osøyro</stop>
  </route>
  <route no="620" destination="Bergen Busstasjon" url="http://www.web2051.no/bin/tp/zuginfo.exe/on/976605/331313/84410/283335/1/" trafficDays="kjører Ma - Fr, ikke 13., 17., 24. Mai">
    <stop departure="10:55" routeNo="620">Os - Osøyro</stop>
    <stop arrival="10:56" departure="10:56">Fjellheim</stop>
    <stop arrival="10:57" departure="10:57">Kuven</stop>
    <stop arrival="10:58" departure="10:58">Flåten (Os)</stop>
    <stop arrival="10:59" departure="10:59">Flåten Senter</stop>
    <stop arrival="11:00" departure="11:00">Tøsdalskiftet</stop>
    <stop arrival="11:00" departure="11:00">Ulvenskiftet</stop>
    <stop arrival="11:01" departure="11:01">Hetleflåten</stop>
    <stop arrival="11:02" departure="11:02">Helleflåttre</stop>
    <stop arrival="11:04" departure="11:04">Storestraumen</stop>
    <stop arrival="11:05" departure="11:05">Søfteland skule</stop>
    <stop arrival="11:06" departure="11:06">Søfteland</stop>
    <stop arrival="11:06" departure="11:06">Gåssandskiftet</stop>
    <stop arrival="11:07" departure="11:07">Tømmernes</stop>
    <stop arrival="11:08" departure="11:08">Røykenes (Os)</stop>
    <stop arrival="11:09" departure="11:09">Bahus</stop>
    <stop arrival="11:10" departure="11:10">Fløysand</stop>
    <stop arrival="11:10" departure="11:10">Kalandseid</stop>
    <stop arrival="11:11" departure="11:11">Austevoll (Fana)</stop>
    <stop arrival="11:12" departure="11:12">Kaland (Fana)</stop>
    <stop arrival="11:13" departure="11:13">Smådalen (Kaland i Fana)</stop>
    <stop arrival="11:13" departure="11:13">Kaland skole (Fana)</stop>
    <stop arrival="11:15" departure="11:15">Nedre Sandven</stop>
    <stop arrival="11:15" departure="11:15">Sandven</stop>
    <stop arrival="11:16" departure="11:16">Øvre Hatlestad</stop>
    <stop arrival="11:17" departure="11:17">Hatlestadlia</stop>
    <stop arrival="11:18" departure="11:18">Hatlestad terr.</stop>
    <stop arrival="11:19" departure="11:19">Valle (Fana)</stop>
    <stop arrival="11:20" departure="11:20">Kirkebirkeland</stop>
    <stop arrival="11:21" departure="11:21">Lilletvedt</stop>
    <stop arrival="11:22" departure="11:22">Bjørkåsen</stop>
    <stop arrival="11:23" departure="11:23">Elvenes vegkryss</stop>
    <stop arrival="11:24" departure="11:24">Skjoldskiftet</stop>
    <stop arrival="11:24" departure="11:24">Nesttun</stop>
    <stop arrival="11:25" departure="11:25">Nesttun terminal</stop>
    <stop arrival="11:27" departure="11:27">Hopsbro</stop>
    <stop arrival="11:29" departure="11:29">Tveiteråsskiftet</stop>
    <stop arrival="11:30" departure="11:30">Paradis</stop>
    <stop arrival="11:32" departure="11:32">Nydalen</stop>
    <stop arrival="11:34" departure="11:34">Fantoft</stop>
    <stop arrival="11:35" departure="11:35">Storetveit</stop>
    <stop arrival="11:35" departure="11:35">Elvebakken</stop>
    <stop arrival="11:36" departure="11:36">Minde</stop>
    <stop arrival="11:39" departure="11:39">Mindemyren</stop>
    <stop arrival="11:40" departure="11:40">Postterminalen</stop>
    <stop arrival="11:41" departure="11:41">Kanalveien v/LBK</stop>
    <stop arrival="11:43" departure="11:43">Danmarksplass v/Forum kino</stop>
    <stop arrival="11:48" departure="11:48">Bergen Busstasjon</stop>
    <stop arrival="11:50" departure="11:50">Christies gate (Festplassen)</stop>
    <stop arrival="11:55">Bergen Busstasjon</stop>
  </route>
</routes>
