<?xml version="1.0" encoding="UTF-8"?>
<routes>
  <route no="620" destination="Søfteland skule" url="http://www.web2051.no/bin/tp/zuginfo.exe/on/311550/109630/918638/355469/1/" trafficDays="kjører Fr">
    <stop departure="10:05" routeNo="620">Osbadet</stop>
    <stop arrival="10:08" departure="10:08">Flåten Senter</stop>
    <stop arrival="10:10" departure="10:10">Tøsdalskiftet</stop>
    <stop arrival="10:10" departure="10:10">Ulvenskiftet</stop>
    <stop arrival="10:11" departure="10:11">Hetleflåten</stop>
    <stop arrival="10:12" departure="10:12">Helleflåttre</stop>
    <stop arrival="10:14" departure="10:14">Storestraumen</stop>
    <stop arrival="10:15">Søfteland skule</stop>
  </route>
</routes>
