<?xml version="1.0" encoding="UTF-8"?>
<routes>
  <route no="24" destination="Åsane terminal" url="http://www.web2051.no/bin/tp/zuginfo.exe/on/463173/158598/928754/309989/1/" trafficDays="kjører Ma - Fr, ikke 13., 17., 24. Mai">
    <stop departure="9:45" routeNo="24">Nesttun terminal</stop>
    <stop arrival="9:47" departure="9:47">Hopsbro</stop>
    <stop arrival="9:49" departure="9:49">Tveiteråsskiftet</stop>
    <stop arrival="9:50" departure="9:50">Paradis</stop>
    <stop arrival="9:52" departure="9:52">Nydalen</stop>
    <stop arrival="9:54" departure="9:54">Fantoft</stop>
    <stop arrival="9:55" departure="9:55">Storetveit</stop>
    <stop arrival="9:55" departure="9:55">Elvebakken</stop>
    <stop arrival="9:56" departure="9:56">Minde</stop>
    <stop arrival="9:59" departure="9:59">Mindemyren</stop>
    <stop arrival="10:00" departure="10:00">Postterminalen</stop>
    <stop arrival="10:01" departure="10:01">Kanalveien v/LBK</stop>
    <stop arrival="10:03" departure="10:03">Danmarksplass v/Forum kino</stop>
    <stop arrival="10:08" departure="10:08">Bergen Busstasjon</stop>
    <stop arrival="10:10" departure="10:10">Christies gate (Festplassen)</stop>
    <stop arrival="10:13" departure="10:13">Torget v/DnB</stop>
    <stop arrival="10:14" departure="10:14">Bryggen</stop>
    <stop arrival="10:14" departure="10:14">Slottsgaten</stop>
    <stop arrival="10:15" departure="10:15">Bontelabo</stop>
    <stop arrival="10:16" departure="10:16">Skutevikstorget</stop>
    <stop arrival="10:16" departure="10:16">Sjøgaten</stop>
    <stop arrival="10:17" departure="10:17">Sandvikstorget</stop>
    <stop arrival="10:18" departure="10:18">Ludebryggen</stop>
    <stop arrival="10:18" departure="10:18">Munkebotten</stop>
    <stop arrival="10:20" departure="10:20">Nyhavnsvei (Gamle Bergen)</stop>
    <stop arrival="10:21" departure="10:21">Handelshøyskolen</stop>
    <stop arrival="10:22" departure="10:22">Solbakken</stop>
    <stop arrival="10:23" departure="10:23">Eikeviken</stop>
    <stop arrival="10:25" departure="10:25">Hellebakken</stop>
    <stop arrival="10:25" departure="10:25">Brunestykket</stop>
    <stop arrival="10:26" departure="10:26">Lønborg</stop>
    <stop arrival="10:27" departure="10:27">Nordre Lønborg</stop>
    <stop arrival="10:27" departure="10:27">Fagerbakken</stop>
    <stop arrival="10:28" departure="10:28">Eidsvågneset</stop>
    <stop arrival="10:28" departure="10:28">Trolldalen (Eidsvågneset)</stop>
    <stop arrival="10:29" departure="10:29">Trollbekken</stop>
    <stop arrival="10:29" departure="10:29">Tømmervågen</stop>
    <stop arrival="10:30" departure="10:30">Lillevågen</stop>
    <stop arrival="10:31" departure="10:31">Hagebyen (Eidsvåg)</stop>
    <stop arrival="10:32" departure="10:32">Fabrikkvegen</stop>
    <stop arrival="10:33" departure="10:33">Eidsvåg gamlevegen</stop>
    <stop arrival="10:34" departure="10:34">Selvikvegen</stop>
    <stop arrival="10:35" departure="10:35">Ervik nedre (Sellesvingen)</stop>
    <stop arrival="10:35" departure="10:35">Ervik øvre</stop>
    <stop arrival="10:36" departure="10:36">Åstveitvegen</stop>
    <stop arrival="10:37" departure="10:37">Griggastemma</stop>
    <stop arrival="10:38" departure="10:38">Tertneskrysset gamleveien</stop>
    <stop arrival="10:40" departure="10:40">Stamskaret</stop>
    <stop arrival="10:41" departure="10:41">Hesthaugen</stop>
    <stop arrival="10:42">Åsane terminal</stop>
  </route>
  <route no="620" destination="Bergen Busstasjon" url="http://www.web2051.no/bin/tp/zuginfo.exe/on/774078/263804/524652/4300/1/" trafficDays="kjører Ma - Fr, ikke 13., 17., 24. Mai">
    <stop departure="9:15" routeNo="620">Os - Osøyro</stop>
    <stop arrival="9:16" departure="9:16">Fjellheim</stop>
    <stop arrival="9:17" departure="9:17">Kuven</stop>
    <stop arrival="9:18" departure="9:18">Flåten (Os)</stop>
    <stop arrival="9:19" departure="9:19">Flåten Senter</stop>
    <stop arrival="9:20" departure="9:20">Tøsdalskiftet</stop>
    <stop arrival="9:20" departure="9:20">Ulvenskiftet</stop>
    <stop arrival="9:21" departure="9:21">Hetleflåten</stop>
    <stop arrival="9:22" departure="9:22">Helleflåttre</stop>
    <stop arrival="9:24" departure="9:24">Storestraumen</stop>
    <stop arrival="9:25" departure="9:25">Søfteland skule</stop>
    <stop arrival="9:26" departure="9:26">Søfteland</stop>
    <stop arrival="9:26" departure="9:26">Gåssandskiftet</stop>
    <stop arrival="9:27" departure="9:27">Tømmernes</stop>
    <stop arrival="9:28" departure="9:28">Røykenes (Os)</stop>
    <stop arrival="9:29" departure="9:29">Bahus</stop>
    <stop arrival="9:30" departure="9:30">Fløysand</stop>
    <stop arrival="9:30" departure="9:30">Kalandseid</stop>
    <stop arrival="9:31" departure="9:31">Austevoll (Fana)</stop>
    <stop arrival="9:32" departure="9:32">Kaland (Fana)</stop>
    <stop arrival="9:33" departure="9:33">Smådalen (Kaland i Fana)</stop>
    <stop arrival="9:33" departure="9:33">Kaland skole (Fana)</stop>
    <stop arrival="9:35" departure="9:35">Nedre Sandven</stop>
    <stop arrival="9:35" departure="9:35">Sandven</stop>
    <stop arrival="9:36" departure="9:36">Øvre Hatlestad</stop>
    <stop arrival="9:37" departure="9:37">Hatlestadlia</stop>
    <stop arrival="9:38" departure="9:38">Hatlestad terr.</stop>
    <stop arrival="9:39" departure="9:39">Valle (Fana)</stop>
    <stop arrival="9:40" departure="9:40">Kirkebirkeland</stop>
    <stop arrival="9:41" departure="9:41">Lilletvedt</stop>
    <stop arrival="9:42" departure="9:42">Bjørkåsen</stop>
    <stop arrival="9:43" departure="9:43">Elvenes vegkryss</stop>
    <stop arrival="9:44" departure="9:44">Skjoldskiftet</stop>
    <stop arrival="9:44" departure="9:44">Nesttun</stop>
    <stop arrival="9:45" departure="9:45">Nesttun terminal</stop>
    <stop arrival="9:47" departure="9:47">Hopsbro</stop>
    <stop arrival="9:49" departure="9:49">Tveiteråsskiftet</stop>
    <stop arrival="9:50" departure="9:50">Paradis</stop>
    <stop arrival="9:52" departure="9:52">Nydalen</stop>
    <stop arrival="9:54" departure="9:54">Fantoft</stop>
    <stop arrival="9:55" departure="9:55">Storetveit</stop>
    <stop arrival="9:55" departure="9:55">Elvebakken</stop>
    <stop arrival="9:56" departure="9:56">Minde</stop>
    <stop arrival="9:59" departure="9:59">Mindemyren</stop>
    <stop arrival="10:00" departure="10:00">Postterminalen</stop>
    <stop arrival="10:01" departure="10:01">Kanalveien v/LBK</stop>
    <stop arrival="10:03" departure="10:03">Danmarksplass v/Forum kino</stop>
    <stop arrival="10:08" departure="10:08">Bergen Busstasjon</stop>
    <stop arrival="10:10" departure="10:10">Christies gate (Festplassen)</stop>
    <stop arrival="10:15">Bergen Busstasjon</stop>
  </route>
  <route no="22" destination="Bergen Busstasjon" url="http://www.web2051.no/bin/tp/zuginfo.exe/on/867309/293160/786190/103993/1/" trafficDays="kjører Ma - Fr, ikke 13., 17., 24. Mai">
    <stop departure="9:33" routeNo="22">Birkelundstoppen</stop>
    <stop arrival="9:34" departure="9:34">Nattland gård (nyeveien)</stop>
    <stop arrival="9:35" departure="9:35">Merkurvegen (nyeveien)</stop>
    <stop arrival="9:36" departure="9:36">Rinddalen</stop>
    <stop arrival="9:37" departure="9:37">Indre Sædal</stop>
    <stop arrival="9:37" departure="9:37">Helldalslia</stop>
    <stop arrival="9:38" departure="9:38">Helldalslia</stop>
    <stop arrival="9:39" departure="9:39">Helldalsåsen</stop>
    <stop arrival="9:40" departure="9:40">Kjenndalsåsen</stop>
    <stop arrival="9:41" departure="9:41">Kjenndalslia</stop>
    <stop arrival="9:43" departure="9:43">Kringlebotn</stop>
    <stop arrival="9:44" departure="9:44">Sandalskollen</stop>
    <stop arrival="9:45" departure="9:45">Sandbrekkeveien</stop>
    <stop arrival="9:46" departure="9:46">Midttunflaten</stop>
    <stop arrival="9:47" departure="9:47">Midtun bro</stop>
    <stop arrival="9:49" departure="9:49">Herredshuset, Nesttun</stop>
    <stop arrival="9:49" departure="9:49">Nesttun</stop>
    <stop arrival="9:50" departure="9:50">Nesttun terminal</stop>
    <stop arrival="9:52" departure="9:52">Hopsbro</stop>
    <stop arrival="9:54" departure="9:54">Tveiteråsskiftet</stop>
    <stop arrival="9:55" departure="9:55">Paradis</stop>
    <stop arrival="9:57" departure="9:57">Nydalen</stop>
    <stop arrival="9:59" departure="9:59">Fantoft</stop>
    <stop arrival="10:00" departure="10:00">Storetveit</stop>
    <stop arrival="10:00" departure="10:00">Elvebakken</stop>
    <stop arrival="10:01" departure="10:01">Minde</stop>
    <stop arrival="10:04" departure="10:04">Mindemyren</stop>
    <stop arrival="10:05" departure="10:05">Postterminalen</stop>
    <stop arrival="10:06" departure="10:06">Kanalveien v/LBK</stop>
    <stop arrival="10:08" departure="10:08">Danmarksplass v/Forum kino</stop>
    <stop arrival="10:11" departure="10:11">Bergen Busstasjon</stop>
    <stop arrival="10:14" departure="10:14">Christies gate (Festplassen)</stop>
    <stop arrival="10:19">Bergen Busstasjon</stop>
  </route>
  <route no="22" destination="Bergen Busstasjon" url="http://www.web2051.no/bin/tp/zuginfo.exe/on/610464/207509/246552/80214/1/" trafficDays="kjører Lø, ikke 1. Mai">
    <stop departure="9:38" routeNo="22">Birkelundstoppen</stop>
    <stop arrival="9:39" departure="9:39">Nattland gård (nyeveien)</stop>
    <stop arrival="9:40" departure="9:40">Merkurvegen (nyeveien)</stop>
    <stop arrival="9:42" departure="9:42">Rinddalen</stop>
    <stop arrival="9:43" departure="9:43">Indre Sædal</stop>
    <stop arrival="9:43" departure="9:43">Helldalslia</stop>
    <stop arrival="9:43" departure="9:43">Helldalslia</stop>
    <stop arrival="9:44" departure="9:44">Helldalsåsen</stop>
    <stop arrival="9:45" departure="9:45">Kjenndalsåsen</stop>
    <stop arrival="9:46" departure="9:46">Kjenndalslia</stop>
    <stop arrival="9:47" departure="9:47">Kringlebotn</stop>
    <stop arrival="9:48" departure="9:48">Sandalskollen</stop>
    <stop arrival="9:49" departure="9:49">Sandbrekkeveien</stop>
    <stop arrival="9:50" departure="9:50">Midttunflaten</stop>
    <stop arrival="9:50" departure="9:50">Midtun bro</stop>
    <stop arrival="9:52" departure="9:52">Herredshuset, Nesttun</stop>
    <stop arrival="9:52" departure="9:52">Nesttun</stop>
    <stop arrival="9:53" departure="9:53">Nesttun terminal</stop>
    <stop arrival="9:54" departure="9:54">Hopsbro</stop>
    <stop arrival="9:55" departure="9:55">Tveiteråsskiftet</stop>
    <stop arrival="9:56" departure="9:56">Paradis</stop>
    <stop arrival="9:58" departure="9:58">Nydalen</stop>
    <stop arrival="9:59" departure="9:59">Fantoft</stop>
    <stop arrival="10:00" departure="10:00">Storetveit</stop>
    <stop arrival="10:00" departure="10:00">Elvebakken</stop>
    <stop arrival="10:01" departure="10:01">Minde</stop>
    <stop arrival="10:05" departure="10:05">Mindemyren</stop>
    <stop arrival="10:06" departure="10:06">Postterminalen</stop>
    <stop arrival="10:06" departure="10:06">Kanalveien v/LBK</stop>
    <stop arrival="10:08" departure="10:08">Danmarksplass v/Forum kino</stop>
    <stop arrival="10:12" departure="10:12">Bergen Busstasjon</stop>
    <stop arrival="10:15" departure="10:15">Christies gate (Festplassen)</stop>
    <stop arrival="10:20">Bergen Busstasjon</stop>
  </route>
  <route no="20" destination="Lønborglien snuplass" url="http://www.web2051.no/bin/tp/zuginfo.exe/on/807318/272964/207640/165286/1/" trafficDays="kjører Ma - Fr, ikke 13., 17., 24. Mai">
    <stop departure="9:40" routeNo="20">Fana Stadion</stop>
    <stop arrival="9:45" departure="9:45">Rådal ved Lagunen</stop>
    <stop arrival="9:50" departure="9:50">Skjold skole</stop>
    <stop arrival="9:52" departure="9:52">Mårdalen</stop>
    <stop arrival="9:53" departure="9:53">Nesttunbrekka</stop>
    <stop arrival="9:53" departure="9:53">Skjoldskiftet</stop>
    <stop arrival="9:54" departure="9:54">Nesttun</stop>
    <stop arrival="9:55" departure="9:55">Nesttun terminal</stop>
    <stop arrival="9:57" departure="9:57">Hopsbro</stop>
    <stop arrival="9:59" departure="9:59">Tveiteråsskiftet</stop>
    <stop arrival="10:00" departure="10:00">Paradis</stop>
    <stop arrival="10:02" departure="10:02">Nydalen</stop>
    <stop arrival="10:04" departure="10:04">Fantoft</stop>
    <stop arrival="10:05" departure="10:05">Storetveit</stop>
    <stop arrival="10:05" departure="10:05">Elvebakken</stop>
    <stop arrival="10:06" departure="10:06">Minde</stop>
    <stop arrival="10:09" departure="10:09">Mindemyren</stop>
    <stop arrival="10:10" departure="10:10">Postterminalen</stop>
    <stop arrival="10:11" departure="10:11">Kanalveien v/LBK</stop>
    <stop arrival="10:13" departure="10:13">Danmarksplass v/Forum kino</stop>
    <stop arrival="10:18" departure="10:18">Bergen Busstasjon</stop>
    <stop arrival="10:20" departure="10:20">Christies gate (Festplassen)</stop>
    <stop arrival="10:23" departure="10:23">Torget v/DnB</stop>
    <stop arrival="10:24" departure="10:24">Bryggen</stop>
    <stop arrival="10:24" departure="10:24">Slottsgaten</stop>
    <stop arrival="10:25" departure="10:25">Bontelabo</stop>
    <stop arrival="10:26" departure="10:26">Skutevikstorget</stop>
    <stop arrival="10:26" departure="10:26">Sjøgaten</stop>
    <stop arrival="10:27" departure="10:27">Sandvikstorget</stop>
    <stop arrival="10:28" departure="10:28">Ludebryggen</stop>
    <stop arrival="10:28" departure="10:28">Munkebotten</stop>
    <stop arrival="10:30" departure="10:30">Nyhavnsvei (Gamle Bergen)</stop>
    <stop arrival="10:31" departure="10:31">Handelshøyskolen</stop>
    <stop arrival="10:32" departure="10:32">Solbakken</stop>
    <stop arrival="10:33" departure="10:33">Eikeviken</stop>
    <stop arrival="10:35" departure="10:35">Hellebakken</stop>
    <stop arrival="10:35" departure="10:35">Brunestykket</stop>
    <stop arrival="10:36" departure="10:36">Lønborg</stop>
    <stop arrival="10:37" departure="10:37">Nordre Lønborg</stop>
    <stop arrival="10:40" departure="10:40">Lønborglien 1</stop>
    <stop arrival="10:41" departure="10:41">Lønborglien 2</stop>
    <stop arrival="10:43">Lønborglien snuplass</stop>
  </route>
  <route no="525" destination="Bergen Busstasjon" url="http://www.web2051.no/bin/tp/zuginfo.exe/on/579030/198331/549118/81549/1/" trafficDays="kjører Sø, også 1., 13., 17., 24. Mai">
    <stop departure="9:28" routeNo="525">Milde</stop>
    <stop arrival="9:29" departure="9:29">Fana folkehøgskole (Aboretet)</stop>
    <stop arrival="9:30" departure="9:30">Geilen</stop>
    <stop arrival="9:30" departure="9:30">Grendatunvegen</stop>
    <stop arrival="9:31" departure="9:31">Planteskogen (Milde)</stop>
    <stop arrival="9:33" departure="9:33">Hjellestadskiftet</stop>
    <stop arrival="9:34" departure="9:34">Seilforeningen</stop>
    <stop arrival="9:35" departure="9:35">Hjellestad post</stop>
    <stop arrival="9:35" departure="9:35">Hjellestad</stop>
    <stop arrival="9:35" departure="9:35">Hjellestad post</stop>
    <stop arrival="9:37" departure="9:37">Seilforeningen</stop>
    <stop arrival="9:38" departure="9:38">Hjellestadskiftet</stop>
    <stop arrival="9:39" departure="9:39">K.Kaland</stop>
    <stop arrival="9:40" departure="9:40">Ådlandsbro</stop>
    <stop arrival="9:40" departure="9:40">Heggernesskiftet</stop>
    <stop arrival="9:41" departure="9:41">Kartveitskiftet</stop>
    <stop arrival="9:42" departure="9:42">Ådlandsskiftet</stop>
    <stop arrival="9:42" departure="9:42">Ådlandsflaten</stop>
    <stop arrival="9:43" departure="9:43">Blomsterdalen</stop>
    <stop arrival="9:45" departure="9:45">Birkelandskrysset Terminal</stop>
    <stop arrival="9:45" departure="9:45">Scandic</stop>
    <stop arrival="9:45" departure="9:45">Nera</stop>
    <stop arrival="9:46" departure="9:46">BKK , Kokstad</stop>
    <stop arrival="9:46" departure="9:46">Kokstad Bilhandel</stop>
    <stop arrival="9:54" departure="9:54">Dolvik terminal</stop>
    <stop arrival="9:55" departure="9:55">Søreide skole</stop>
    <stop arrival="9:56" departure="9:56">Søreide v/Hydrostasjonen</stop>
    <stop arrival="9:58" departure="9:58">Straume bro</stop>
    <stop arrival="9:58" departure="9:58">Bergen Motorbåtforening</stop>
    <stop arrival="10:00" departure="10:00">Straume (Straumeveien, Fana)</stop>
    <stop arrival="10:01" departure="10:01">Bøjarnesvegen (Toftegård)</stop>
    <stop arrival="10:01" departure="10:01">Bønesskiftet</stop>
    <stop arrival="10:03" departure="10:03">Kråkenes 2 (Kleiva)</stop>
    <stop arrival="10:03" departure="10:03">Kråkenes 1</stop>
    <stop arrival="10:04" departure="10:04">Langebekken</stop>
    <stop arrival="10:04" departure="10:04">Langegården</stop>
    <stop arrival="10:05" departure="10:05">Krambua</stop>
    <stop arrival="10:05" departure="10:05">Fjøsanger</stop>
    <stop arrival="10:09" departure="10:09">Kanalveien v/NRK</stop>
    <stop arrival="10:10" departure="10:10">Mindemyren</stop>
    <stop arrival="10:10" departure="10:10">Postterminalen</stop>
    <stop arrival="10:11" departure="10:11">Kanalveien v/LBK</stop>
    <stop arrival="10:12" departure="10:12">Danmarksplass v/Forum kino</stop>
    <stop arrival="10:16" departure="10:16">Bergen Busstasjon</stop>
    <stop arrival="10:19" departure="10:19">Christies gate (Festplassen)</stop>
    <stop arrival="10:24">Bergen Busstasjon</stop>
  </route>
  <route no="525" destination="Bergen Busstasjon" url="http://www.web2051.no/bin/tp/zuginfo.exe/on/631767/215954/664372/121597/1/" trafficDays="kjører Ma - Fr, ikke 13., 17., 24. Mai">
    <stop departure="9:25" routeNo="525">Milde</stop>
    <stop arrival="9:26" departure="9:26">Fana folkehøgskole (Aboretet)</stop>
    <stop arrival="9:27" departure="9:27">Geilen</stop>
    <stop arrival="9:27" departure="9:27">Grendatunvegen</stop>
    <stop arrival="9:28" departure="9:28">Planteskogen (Milde)</stop>
    <stop arrival="9:30" departure="9:30">Hjellestadskiftet</stop>
    <stop arrival="9:31" departure="9:31">Seilforeningen</stop>
    <stop arrival="9:32" departure="9:32">Hjellestad post</stop>
    <stop arrival="9:32" departure="9:32">Hjellestad</stop>
    <stop arrival="9:32" departure="9:32">Hjellestad post</stop>
    <stop arrival="9:34" departure="9:34">Seilforeningen</stop>
    <stop arrival="9:35" departure="9:35">Hjellestadskiftet</stop>
    <stop arrival="9:36" departure="9:36">K.Kaland</stop>
    <stop arrival="9:37" departure="9:37">Ådlandsbro</stop>
    <stop arrival="9:38" departure="9:38">Heggernesskiftet</stop>
    <stop arrival="9:39" departure="9:39">Kartveitskiftet</stop>
    <stop arrival="9:40" departure="9:40">Ådlandsskiftet</stop>
    <stop arrival="9:41" departure="9:41">Ådlandsflaten</stop>
    <stop arrival="9:41" departure="9:41">Blomsterdalen</stop>
    <stop arrival="9:45" departure="9:45">Birkelandskrysset Terminal</stop>
    <stop arrival="9:45" departure="9:45">Scandic</stop>
    <stop arrival="9:45" departure="9:45">Nera</stop>
    <stop arrival="9:46" departure="9:46">BKK , Kokstad</stop>
    <stop arrival="9:46" departure="9:46">Kokstad Bilhandel</stop>
    <stop arrival="9:54" departure="9:54">Dolvik terminal</stop>
    <stop arrival="9:54" departure="9:54">Dolvikbakken</stop>
    <stop arrival="9:55" departure="9:55">Søreide skole</stop>
    <stop arrival="9:56" departure="9:56">Søreide v/Hydrostasjonen</stop>
    <stop arrival="9:58" departure="9:58">Straume bro</stop>
    <stop arrival="9:58" departure="9:58">Bergen Motorbåtforening</stop>
    <stop arrival="10:00" departure="10:00">Straume (Straumeveien, Fana)</stop>
    <stop arrival="10:01" departure="10:01">Bøjarnesvegen (Toftegård)</stop>
    <stop arrival="10:01" departure="10:01">Bønesskiftet</stop>
    <stop arrival="10:03" departure="10:03">Kråkenes 2 (Kleiva)</stop>
    <stop arrival="10:03" departure="10:03">Kråkenes 1</stop>
    <stop arrival="10:04" departure="10:04">Langebekken</stop>
    <stop arrival="10:04" departure="10:04">Langegården</stop>
    <stop arrival="10:05" departure="10:05">Krambua</stop>
    <stop arrival="10:05" departure="10:05">Fjøsanger</stop>
    <stop arrival="10:09" departure="10:09">Kanalveien v/NRK</stop>
    <stop arrival="10:09" departure="10:09">Mindemyren</stop>
    <stop arrival="10:10" departure="10:10">Postterminalen</stop>
    <stop arrival="10:10" departure="10:10">Kanalveien v/LBK</stop>
    <stop arrival="10:11" departure="10:11">Danmarksplass v/Forum kino</stop>
    <stop arrival="10:16" departure="10:16">Bergen Busstasjon</stop>
    <stop arrival="10:18" departure="10:18">Christies gate (Festplassen)</stop>
    <stop arrival="10:23">Bergen Busstasjon</stop>
  </route>
  <route no="60" destination="Bergen Busstasjon" url="http://www.web2051.no/bin/tp/zuginfo.exe/on/545538/186464/593822/115065/1/" trafficDays="kjører Sø, også 1., 13., 17., 24. Mai">
    <stop departure="10:00" routeNo="60">Bønes senter</stop>
    <stop arrival="10:01" departure="10:01">Våkleiva</stop>
    <stop arrival="10:01" departure="10:01">Bønes hagesenter</stop>
    <stop arrival="10:03" departure="10:03">Bønes skole</stop>
    <stop arrival="10:04" departure="10:04">Kråkenestoppen</stop>
    <stop arrival="10:05" departure="10:05">Bergvegen</stop>
    <stop arrival="10:06" departure="10:06">Langebekken</stop>
    <stop arrival="10:07" departure="10:07">Langegården</stop>
    <stop arrival="10:07" departure="10:07">Krambua</stop>
    <stop arrival="10:08" departure="10:08">Fjøsanger</stop>
    <stop arrival="10:12" departure="10:12">Kanalveien v/NRK</stop>
    <stop arrival="10:13" departure="10:13">Mindemyren</stop>
    <stop arrival="10:14" departure="10:14">Postterminalen</stop>
    <stop arrival="10:15" departure="10:15">Kanalveien v/LBK</stop>
    <stop arrival="10:17" departure="10:17">Danmarksplass v/Forum kino</stop>
    <stop arrival="10:20" departure="10:20">Bergen Busstasjon</stop>
    <stop arrival="10:20" departure="10:20">Christies gate (Festplassen)</stop>
    <stop arrival="10:25">Bergen Busstasjon</stop>
  </route>
  <route no="60" destination="Bergen Busstasjon" url="http://www.web2051.no/bin/tp/zuginfo.exe/on/789072/267650/776600/125277/1/" trafficDays="kjører Lø, ikke 1. Mai">
    <stop departure="10:00" routeNo="60">Bønes senter</stop>
    <stop arrival="10:01" departure="10:01">Våkleiva</stop>
    <stop arrival="10:01" departure="10:01">Bønes hagesenter</stop>
    <stop arrival="10:03" departure="10:03">Bønes skole</stop>
    <stop arrival="10:04" departure="10:04">Kråkenestoppen</stop>
    <stop arrival="10:05" departure="10:05">Bergvegen</stop>
    <stop arrival="10:06" departure="10:06">Langebekken</stop>
    <stop arrival="10:07" departure="10:07">Langegården</stop>
    <stop arrival="10:07" departure="10:07">Krambua</stop>
    <stop arrival="10:08" departure="10:08">Fjøsanger</stop>
    <stop arrival="10:12" departure="10:12">Kanalveien v/NRK</stop>
    <stop arrival="10:13" departure="10:13">Mindemyren</stop>
    <stop arrival="10:14" departure="10:14">Postterminalen</stop>
    <stop arrival="10:14" departure="10:14">Kanalveien v/LBK</stop>
    <stop arrival="10:16" departure="10:16">Danmarksplass v/Forum kino</stop>
    <stop arrival="10:19" departure="10:19">Bergen Busstasjon</stop>
    <stop arrival="10:20" departure="10:20">Christies gate (Festplassen)</stop>
    <stop arrival="10:25">Bergen Busstasjon</stop>
  </route>
  <route no="60" destination="Bergen Busstasjon" url="http://www.web2051.no/bin/tp/zuginfo.exe/on/946629/320199/420066/105513/1/" trafficDays="kjører Ma - Fr, ikke 13., 17., 24. Mai">
    <stop departure="10:00" routeNo="60">Bønes senter</stop>
    <stop arrival="10:01" departure="10:01">Våkleiva</stop>
    <stop arrival="10:01" departure="10:01">Bønes hagesenter</stop>
    <stop arrival="10:03" departure="10:03">Bønes skole</stop>
    <stop arrival="10:04" departure="10:04">Kråkenestoppen</stop>
    <stop arrival="10:05" departure="10:05">Bergvegen</stop>
    <stop arrival="10:06" departure="10:06">Langebekken</stop>
    <stop arrival="10:07" departure="10:07">Langegården</stop>
    <stop arrival="10:07" departure="10:07">Krambua</stop>
    <stop arrival="10:08" departure="10:08">Fjøsanger</stop>
    <stop arrival="10:12" departure="10:12">Kanalveien v/NRK</stop>
    <stop arrival="10:13" departure="10:13">Mindemyren</stop>
    <stop arrival="10:14" departure="10:14">Postterminalen</stop>
    <stop arrival="10:14" departure="10:14">Kanalveien v/LBK</stop>
    <stop arrival="10:16" departure="10:16">Danmarksplass v/Forum kino</stop>
    <stop arrival="10:19" departure="10:19">Bergen Busstasjon</stop>
    <stop arrival="10:20" departure="10:20">Christies gate (Festplassen)</stop>
    <stop arrival="10:25">Bergen Busstasjon</stop>
  </route>
  <route no="21" destination="Bergen Busstasjon" url="http://www.web2051.no/bin/tp/zuginfo.exe/on/647688/219877/168418/131689/1/" trafficDays="kjører Ma - Fr, ikke 13., 17., 24. Mai">
    <stop departure="9:45" routeNo="21">Søråshøgda snuplass</stop>
    <stop arrival="9:46" departure="9:46">Søråsgrenda</stop>
    <stop arrival="9:48" departure="9:48">Nordåsgrenda</stop>
    <stop arrival="9:49" departure="9:49">Nordåstræet</stop>
    <stop arrival="9:50" departure="9:50">Nordås</stop>
    <stop arrival="9:52" departure="9:52">Nordåstræet</stop>
    <stop arrival="9:53" departure="9:53">Nordåsgrenda</stop>
    <stop arrival="9:53" departure="9:53">Kilden senter</stop>
    <stop arrival="9:54" departure="9:54">Søråsveien</stop>
    <stop arrival="9:55" departure="9:55">Skjold skole</stop>
    <stop arrival="9:57" departure="9:57">Mårdalen</stop>
    <stop arrival="9:58" departure="9:58">Nesttunbrekka</stop>
    <stop arrival="9:58" departure="9:58">Skjoldskiftet</stop>
    <stop arrival="9:59" departure="9:59">Nesttun</stop>
    <stop arrival="10:00" departure="10:00">Nesttun terminal</stop>
    <stop arrival="10:02" departure="10:02">Hopsbro</stop>
    <stop arrival="10:04" departure="10:04">Tveiteråsskiftet</stop>
    <stop arrival="10:05" departure="10:05">Paradis</stop>
    <stop arrival="10:07" departure="10:07">Nydalen</stop>
    <stop arrival="10:09" departure="10:09">Fantoft</stop>
    <stop arrival="10:10" departure="10:10">Storetveit</stop>
    <stop arrival="10:10" departure="10:10">Elvebakken</stop>
    <stop arrival="10:11" departure="10:11">Minde</stop>
    <stop arrival="10:14" departure="10:14">Mindemyren</stop>
    <stop arrival="10:15" departure="10:15">Postterminalen</stop>
    <stop arrival="10:16" departure="10:16">Kanalveien v/LBK</stop>
    <stop arrival="10:18" departure="10:18">Danmarksplass v/Forum kino</stop>
    <stop arrival="10:21" departure="10:21">Bergen Busstasjon</stop>
    <stop arrival="10:26" departure="10:26">Christies gate (Festplassen)</stop>
    <stop arrival="10:31">Bergen Busstasjon</stop>
  </route>
  <route no="525" destination="Bergen Busstasjon" url="http://www.web2051.no/bin/tp/zuginfo.exe/on/188841/68279/744330/309218/1/" trafficDays="kjører Lø, ikke 1. Mai">
    <stop departure="9:32" routeNo="525">Milde</stop>
    <stop arrival="9:33" departure="9:33">Fana folkehøgskole (Aboretet)</stop>
    <stop arrival="9:34" departure="9:34">Geilen</stop>
    <stop arrival="9:34" departure="9:34">Grendatunvegen</stop>
    <stop arrival="9:35" departure="9:35">Planteskogen (Milde)</stop>
    <stop arrival="9:37" departure="9:37">Hjellestadskiftet</stop>
    <stop arrival="9:38" departure="9:38">Seilforeningen</stop>
    <stop arrival="9:39" departure="9:39">Hjellestad post</stop>
    <stop arrival="9:39" departure="9:39">Hjellestad</stop>
    <stop arrival="9:39" departure="9:39">Hjellestad post</stop>
    <stop arrival="9:41" departure="9:41">Seilforeningen</stop>
    <stop arrival="9:42" departure="9:42">Hjellestadskiftet</stop>
    <stop arrival="9:43" departure="9:43">K.Kaland</stop>
    <stop arrival="9:44" departure="9:44">Ådlandsbro</stop>
    <stop arrival="9:44" departure="9:44">Heggernesskiftet</stop>
    <stop arrival="9:46" departure="9:46">Kartveitskiftet</stop>
    <stop arrival="9:46" departure="9:46">Ådlandsskiftet</stop>
    <stop arrival="9:47" departure="9:47">Ådlandsflaten</stop>
    <stop arrival="9:48" departure="9:48">Blomsterdalen</stop>
    <stop arrival="9:50" departure="9:50">Birkelandskrysset Terminal</stop>
    <stop arrival="9:50" departure="9:50">Scandic</stop>
    <stop arrival="9:50" departure="9:50">Nera</stop>
    <stop arrival="9:51" departure="9:51">BKK , Kokstad</stop>
    <stop arrival="9:51" departure="9:51">Kokstad Bilhandel</stop>
    <stop arrival="9:59" departure="9:59">Dolvik terminal</stop>
    <stop arrival="10:00" departure="10:00">Søreide skole</stop>
    <stop arrival="10:01" departure="10:01">Søreide v/Hydrostasjonen</stop>
    <stop arrival="10:03" departure="10:03">Straume bro</stop>
    <stop arrival="10:03" departure="10:03">Bergen Motorbåtforening</stop>
    <stop arrival="10:05" departure="10:05">Straume (Straumeveien, Fana)</stop>
    <stop arrival="10:06" departure="10:06">Bøjarnesvegen (Toftegård)</stop>
    <stop arrival="10:06" departure="10:06">Bønesskiftet</stop>
    <stop arrival="10:08" departure="10:08">Kråkenes 2 (Kleiva)</stop>
    <stop arrival="10:08" departure="10:08">Kråkenes 1</stop>
    <stop arrival="10:09" departure="10:09">Langebekken</stop>
    <stop arrival="10:09" departure="10:09">Langegården</stop>
    <stop arrival="10:10" departure="10:10">Krambua</stop>
    <stop arrival="10:10" departure="10:10">Fjøsanger</stop>
    <stop arrival="10:14" departure="10:14">Kanalveien v/NRK</stop>
    <stop arrival="10:15" departure="10:15">Mindemyren</stop>
    <stop arrival="10:15" departure="10:15">Postterminalen</stop>
    <stop arrival="10:16" departure="10:16">Kanalveien v/LBK</stop>
    <stop arrival="10:17" departure="10:17">Danmarksplass v/Forum kino</stop>
    <stop arrival="10:21" departure="10:21">Bergen Busstasjon</stop>
    <stop arrival="10:24" departure="10:24">Christies gate (Festplassen)</stop>
    <stop arrival="10:29">Bergen Busstasjon</stop>
  </route>
  <route no="23" destination="Bergen Busstasjon" url="http://www.web2051.no/bin/tp/zuginfo.exe/on/849450/287231/803310/118506/1/" trafficDays="kjører Sø, også 1., 13., 17., 24. Mai">
    <stop departure="9:51" routeNo="23">Birkelandskrysset Terminal</stop>
    <stop arrival="9:52" departure="9:52">Gomarhaug</stop>
    <stop arrival="9:53" departure="9:53">Sandsliskiftet</stop>
    <stop arrival="9:53" departure="9:53">Håvardstun</stop>
    <stop arrival="9:55" departure="9:55">Meyer</stop>
    <stop arrival="9:56" departure="9:56">Rådal</stop>
    <stop arrival="9:57" departure="9:57">Rådal ved Lagunen</stop>
    <stop arrival="10:00" departure="10:00">Skjold skole</stop>
    <stop arrival="10:02" departure="10:02">Mårdalen</stop>
    <stop arrival="10:03" departure="10:03">Nesttunbrekka</stop>
    <stop arrival="10:03" departure="10:03">Skjoldskiftet</stop>
    <stop arrival="10:04" departure="10:04">Nesttun</stop>
    <stop arrival="10:05" departure="10:05">Nesttun terminal</stop>
    <stop arrival="10:06" departure="10:06">Hopsbro</stop>
    <stop arrival="10:07" departure="10:07">Tveiteråsskiftet</stop>
    <stop arrival="10:08" departure="10:08">Paradis</stop>
    <stop arrival="10:10" departure="10:10">Nydalen</stop>
    <stop arrival="10:11" departure="10:11">Fantoft</stop>
    <stop arrival="10:12" departure="10:12">Storetveit</stop>
    <stop arrival="10:12" departure="10:12">Elvebakken</stop>
    <stop arrival="10:13" departure="10:13">Minde</stop>
    <stop arrival="10:16" departure="10:16">Mindemyren</stop>
    <stop arrival="10:17" departure="10:17">Postterminalen</stop>
    <stop arrival="10:18" departure="10:18">Kanalveien v/LBK</stop>
    <stop arrival="10:20" departure="10:20">Danmarksplass v/Forum kino</stop>
    <stop arrival="10:23" departure="10:23">Bergen Busstasjon</stop>
    <stop arrival="10:26" departure="10:26">Christies gate (Festplassen)</stop>
    <stop arrival="10:31">Bergen Busstasjon</stop>
  </route>
  <route no="20" destination="Lønborglien snuplass" url="http://www.web2051.no/bin/tp/zuginfo.exe/on/341097/117483/878978/325790/1/" trafficDays="kjører Lø, ikke 1. Mai">
    <stop departure="9:56" routeNo="20">Smørås snuplass</stop>
    <stop arrival="9:57" departure="9:57">Smørås</stop>
    <stop arrival="9:59" departure="9:59">Nedre Smøråsvegen</stop>
    <stop arrival="9:59" departure="9:59">Dådyrvegen</stop>
    <stop arrival="10:00" departure="10:00">Hjortevegen</stop>
    <stop arrival="10:01" departure="10:01">Tranevegen</stop>
    <stop arrival="10:02" departure="10:02">Gamle kyrkjeveg</stop>
    <stop arrival="10:02" departure="10:02">Nesttunhallen</stop>
    <stop arrival="10:04" departure="10:04">Nesttun</stop>
    <stop arrival="10:05" departure="10:05">Nesttun terminal</stop>
    <stop arrival="10:06" departure="10:06">Hopsbro</stop>
    <stop arrival="10:07" departure="10:07">Tveiteråsskiftet</stop>
    <stop arrival="10:08" departure="10:08">Paradis</stop>
    <stop arrival="10:10" departure="10:10">Nydalen</stop>
    <stop arrival="10:11" departure="10:11">Fantoft</stop>
    <stop arrival="10:12" departure="10:12">Storetveit</stop>
    <stop arrival="10:12" departure="10:12">Elvebakken</stop>
    <stop arrival="10:13" departure="10:13">Minde</stop>
    <stop arrival="10:17" departure="10:17">Mindemyren</stop>
    <stop arrival="10:18" departure="10:18">Postterminalen</stop>
    <stop arrival="10:18" departure="10:18">Kanalveien v/LBK</stop>
    <stop arrival="10:20" departure="10:20">Danmarksplass v/Forum kino</stop>
    <stop arrival="10:24" departure="10:24">Bergen Busstasjon</stop>
    <stop arrival="10:27" departure="10:27">Christies gate (Festplassen)</stop>
    <stop arrival="10:30" departure="10:30">Torget v/DnB</stop>
    <stop arrival="10:31" departure="10:31">Bryggen</stop>
    <stop arrival="10:31" departure="10:31">Slottsgaten</stop>
    <stop arrival="10:32" departure="10:32">Bontelabo</stop>
    <stop arrival="10:33" departure="10:33">Skutevikstorget</stop>
    <stop arrival="10:33" departure="10:33">Sjøgaten</stop>
    <stop arrival="10:34" departure="10:34">Sandvikstorget</stop>
    <stop arrival="10:35" departure="10:35">Ludebryggen</stop>
    <stop arrival="10:35" departure="10:35">Munkebotten</stop>
    <stop arrival="10:37" departure="10:37">Nyhavnsvei (Gamle Bergen)</stop>
    <stop arrival="10:38" departure="10:38">Handelshøyskolen</stop>
    <stop arrival="10:39" departure="10:39">Solbakken</stop>
    <stop arrival="10:40" departure="10:40">Eikeviken</stop>
    <stop arrival="10:42" departure="10:42">Hellebakken</stop>
    <stop arrival="10:42" departure="10:42">Brunestykket</stop>
    <stop arrival="10:43" departure="10:43">Lønborg</stop>
    <stop arrival="10:44" departure="10:44">Nordre Lønborg</stop>
    <stop arrival="10:45" departure="10:45">Lønborglien 1</stop>
    <stop arrival="10:45" departure="10:45">Lønborglien 2</stop>
    <stop arrival="10:46">Lønborglien snuplass</stop>
  </route>
  <route no="20" destination="Lønborglien snuplass" url="http://www.web2051.no/bin/tp/zuginfo.exe/on/339795/117114/536600/155038/1/" trafficDays="kjører Ma - Fr, ikke 13., 17., 24. Mai">
    <stop departure="9:54" routeNo="20">Smørås snuplass</stop>
    <stop arrival="9:55" departure="9:55">Smørås</stop>
    <stop arrival="9:56" departure="9:56">Nedre Smøråsvegen</stop>
    <stop arrival="9:56" departure="9:56">Dådyrvegen</stop>
    <stop arrival="9:57" departure="9:57">Hjortevegen</stop>
    <stop arrival="9:58" departure="9:58">Tranevegen</stop>
    <stop arrival="10:00" departure="10:00">Gamle kyrkjeveg</stop>
    <stop arrival="10:01" departure="10:01">Nesttunhallen</stop>
    <stop arrival="10:04" departure="10:04">Nesttun</stop>
    <stop arrival="10:05" departure="10:05">Nesttun terminal</stop>
    <stop arrival="10:07" departure="10:07">Hopsbro</stop>
    <stop arrival="10:09" departure="10:09">Tveiteråsskiftet</stop>
    <stop arrival="10:10" departure="10:10">Paradis</stop>
    <stop arrival="10:12" departure="10:12">Nydalen</stop>
    <stop arrival="10:14" departure="10:14">Fantoft</stop>
    <stop arrival="10:15" departure="10:15">Storetveit</stop>
    <stop arrival="10:15" departure="10:15">Elvebakken</stop>
    <stop arrival="10:16" departure="10:16">Minde</stop>
    <stop arrival="10:19" departure="10:19">Mindemyren</stop>
    <stop arrival="10:20" departure="10:20">Postterminalen</stop>
    <stop arrival="10:21" departure="10:21">Kanalveien v/LBK</stop>
    <stop arrival="10:23" departure="10:23">Danmarksplass v/Forum kino</stop>
    <stop arrival="10:28" departure="10:28">Bergen Busstasjon</stop>
    <stop arrival="10:30" departure="10:30">Christies gate (Festplassen)</stop>
    <stop arrival="10:33" departure="10:33">Torget v/DnB</stop>
    <stop arrival="10:34" departure="10:34">Bryggen</stop>
    <stop arrival="10:34" departure="10:34">Slottsgaten</stop>
    <stop arrival="10:35" departure="10:35">Bontelabo</stop>
    <stop arrival="10:36" departure="10:36">Skutevikstorget</stop>
    <stop arrival="10:36" departure="10:36">Sjøgaten</stop>
    <stop arrival="10:37" departure="10:37">Sandvikstorget</stop>
    <stop arrival="10:38" departure="10:38">Ludebryggen</stop>
    <stop arrival="10:38" departure="10:38">Munkebotten</stop>
    <stop arrival="10:40" departure="10:40">Nyhavnsvei (Gamle Bergen)</stop>
    <stop arrival="10:41" departure="10:41">Handelshøyskolen</stop>
    <stop arrival="10:42" departure="10:42">Solbakken</stop>
    <stop arrival="10:43" departure="10:43">Eikeviken</stop>
    <stop arrival="10:45" departure="10:45">Hellebakken</stop>
    <stop arrival="10:45" departure="10:45">Brunestykket</stop>
    <stop arrival="10:46" departure="10:46">Lønborg</stop>
    <stop arrival="10:47" departure="10:47">Nordre Lønborg</stop>
    <stop arrival="10:50" departure="10:50">Lønborglien 1</stop>
    <stop arrival="10:51" departure="10:51">Lønborglien 2</stop>
    <stop arrival="10:53">Lønborglien snuplass</stop>
  </route>
  <route no="620" destination="Bergen Busstasjon" url="http://www.web2051.no/bin/tp/zuginfo.exe/on/194124/70486/567066/218826/1/" trafficDays="kjører Ma - Fr, ikke 13., 17., 24. Mai">
    <stop departure="9:35" routeNo="620">Os - Osøyro</stop>
    <stop arrival="9:36" departure="9:36">Fjellheim</stop>
    <stop arrival="9:37" departure="9:37">Kuven</stop>
    <stop arrival="9:38" departure="9:38">Flåten (Os)</stop>
    <stop arrival="9:39" departure="9:39">Flåten Senter</stop>
    <stop arrival="9:40" departure="9:40">Tøsdalskiftet</stop>
    <stop arrival="9:40" departure="9:40">Ulvenskiftet</stop>
    <stop arrival="9:41" departure="9:41">Hetleflåten</stop>
    <stop arrival="9:42" departure="9:42">Helleflåttre</stop>
    <stop arrival="9:44" departure="9:44">Storestraumen</stop>
    <stop arrival="9:45" departure="9:45">Søfteland skule</stop>
    <stop arrival="9:46" departure="9:46">Søfteland</stop>
    <stop arrival="9:46" departure="9:46">Gåssandskiftet</stop>
    <stop arrival="9:47" departure="9:47">Tømmernes</stop>
    <stop arrival="9:48" departure="9:48">Røykenes (Os)</stop>
    <stop arrival="9:49" departure="9:49">Bahus</stop>
    <stop arrival="9:50" departure="9:50">Fløysand</stop>
    <stop arrival="9:50" departure="9:50">Kalandseid</stop>
    <stop arrival="9:51" departure="9:51">Austevoll (Fana)</stop>
    <stop arrival="9:52" departure="9:52">Kaland (Fana)</stop>
    <stop arrival="9:53" departure="9:53">Smådalen (Kaland i Fana)</stop>
    <stop arrival="9:53" departure="9:53">Kaland skole (Fana)</stop>
    <stop arrival="9:55" departure="9:55">Nedre Sandven</stop>
    <stop arrival="9:55" departure="9:55">Sandven</stop>
    <stop arrival="9:56" departure="9:56">Øvre Hatlestad</stop>
    <stop arrival="9:57" departure="9:57">Hatlestadlia</stop>
    <stop arrival="9:58" departure="9:58">Hatlestad terr.</stop>
    <stop arrival="9:59" departure="9:59">Valle (Fana)</stop>
    <stop arrival="10:00" departure="10:00">Kirkebirkeland</stop>
    <stop arrival="10:01" departure="10:01">Lilletvedt</stop>
    <stop arrival="10:02" departure="10:02">Bjørkåsen</stop>
    <stop arrival="10:03" departure="10:03">Elvenes vegkryss</stop>
    <stop arrival="10:04" departure="10:04">Skjoldskiftet</stop>
    <stop arrival="10:04" departure="10:04">Nesttun</stop>
    <stop arrival="10:05" departure="10:05">Nesttun terminal</stop>
    <stop arrival="10:07" departure="10:07">Hopsbro</stop>
    <stop arrival="10:09" departure="10:09">Tveiteråsskiftet</stop>
    <stop arrival="10:10" departure="10:10">Paradis</stop>
    <stop arrival="10:12" departure="10:12">Nydalen</stop>
    <stop arrival="10:14" departure="10:14">Fantoft</stop>
    <stop arrival="10:15" departure="10:15">Storetveit</stop>
    <stop arrival="10:15" departure="10:15">Elvebakken</stop>
    <stop arrival="10:16" departure="10:16">Minde</stop>
    <stop arrival="10:19" departure="10:19">Mindemyren</stop>
    <stop arrival="10:20" departure="10:20">Postterminalen</stop>
    <stop arrival="10:21" departure="10:21">Kanalveien v/LBK</stop>
    <stop arrival="10:23" departure="10:23">Danmarksplass v/Forum kino</stop>
    <stop arrival="10:28" departure="10:28">Bergen Busstasjon</stop>
    <stop arrival="10:30" departure="10:30">Christies gate (Festplassen)</stop>
    <stop arrival="10:35">Bergen Busstasjon</stop>
  </route>
  <route no="560" destination="Bergen Busstasjon" url="http://www.web2051.no/bin/tp/zuginfo.exe/on/731388/249334/340984/73304/1/" trafficDays="kjører Ma - Fr, ikke 13., 17., 24. Mai">
    <stop departure="9:40" routeNo="560">Krokeide Yrkesskole</stop>
    <stop arrival="9:41" departure="9:41">Krokeide krysset</stop>
    <stop arrival="9:41" departure="9:41">Krokeide</stop>
    <stop arrival="9:42" departure="9:42">Krokeide</stop>
    <stop arrival="9:43" departure="9:43">Krokeide skole 2</stop>
    <stop arrival="9:44" departure="9:44">Breivik (Fana)</stop>
    <stop arrival="9:45" departure="9:45">Rød, Krokeideveien</stop>
    <stop arrival="9:46" departure="9:46">Rød, Krokeideveien</stop>
    <stop arrival="9:47" departure="9:47">Salbu</stop>
    <stop arrival="9:48" departure="9:48">Saganeset 2</stop>
    <stop arrival="9:48" departure="9:48">Saganeset 1</stop>
    <stop arrival="9:48" departure="9:48">Fossen</stop>
    <stop arrival="9:49" departure="9:49">Vollaskiftet</stop>
    <stop arrival="9:50" departure="9:50">Gaia Fana</stop>
    <stop arrival="9:50" departure="9:50">Fana</stop>
    <stop arrival="9:51" departure="9:51">Krykkjehaugen</stop>
    <stop arrival="9:52" departure="9:52">Konowskiftet</stop>
    <stop arrival="9:53" departure="9:53">Hordnesskiftet Stend</stop>
    <stop arrival="9:54" departure="9:54">Steinknuseverket</stop>
    <stop arrival="9:54" departure="9:54">Rådalshaug</stop>
    <stop arrival="9:55" departure="9:55">Sunea</stop>
    <stop arrival="9:56" departure="9:56">Rådal</stop>
    <stop arrival="9:57" departure="9:57">Rådal ved Lagunen</stop>
    <stop arrival="10:02" departure="10:02">Skjold skole</stop>
    <stop arrival="10:04" departure="10:04">Mårdalen</stop>
    <stop arrival="10:05" departure="10:05">Nesttunbrekka</stop>
    <stop arrival="10:05" departure="10:05">Skjoldskiftet</stop>
    <stop arrival="10:06" departure="10:06">Nesttun</stop>
    <stop arrival="10:07" departure="10:07">Nesttun terminal</stop>
    <stop arrival="10:09" departure="10:09">Hopsbro</stop>
    <stop arrival="10:11" departure="10:11">Tveiteråsskiftet</stop>
    <stop arrival="10:12" departure="10:12">Paradis</stop>
    <stop arrival="10:14" departure="10:14">Nydalen</stop>
    <stop arrival="10:16" departure="10:16">Fantoft</stop>
    <stop arrival="10:17" departure="10:17">Storetveit</stop>
    <stop arrival="10:17" departure="10:17">Elvebakken</stop>
    <stop arrival="10:18" departure="10:18">Minde</stop>
    <stop arrival="10:21" departure="10:21">Mindemyren</stop>
    <stop arrival="10:22" departure="10:22">Postterminalen</stop>
    <stop arrival="10:23" departure="10:23">Kanalveien v/LBK</stop>
    <stop arrival="10:25" departure="10:25">Danmarksplass v/Forum kino</stop>
    <stop arrival="10:30" departure="10:30">Bergen Busstasjon</stop>
    <stop arrival="10:32" departure="10:32">Christies gate (Festplassen)</stop>
    <stop arrival="10:37">Bergen Busstasjon</stop>
  </route>
  <route no="23" destination="Bergen Busstasjon" url="http://www.web2051.no/bin/tp/zuginfo.exe/on/672264/228183/95522/176327/1/" trafficDays="kjører Lø, ikke 1. Mai">
    <stop departure="9:56" routeNo="23">Birkelandskrysset Terminal</stop>
    <stop arrival="9:57" departure="9:57">Gomarhaug</stop>
    <stop arrival="9:58" departure="9:58">Sandsliskiftet</stop>
    <stop arrival="9:58" departure="9:58">Håvardstun</stop>
    <stop arrival="10:00" departure="10:00">Meyer</stop>
    <stop arrival="10:01" departure="10:01">Rådal</stop>
    <stop arrival="10:02" departure="10:02">Rådal ved Lagunen</stop>
    <stop arrival="10:05" departure="10:05">Skjold skole</stop>
    <stop arrival="10:07" departure="10:07">Mårdalen</stop>
    <stop arrival="10:08" departure="10:08">Nesttunbrekka</stop>
    <stop arrival="10:08" departure="10:08">Skjoldskiftet</stop>
    <stop arrival="10:09" departure="10:09">Nesttun</stop>
    <stop arrival="10:10" departure="10:10">Nesttun terminal</stop>
    <stop arrival="10:11" departure="10:11">Hopsbro</stop>
    <stop arrival="10:12" departure="10:12">Tveiteråsskiftet</stop>
    <stop arrival="10:13" departure="10:13">Paradis</stop>
    <stop arrival="10:15" departure="10:15">Nydalen</stop>
    <stop arrival="10:16" departure="10:16">Fantoft</stop>
    <stop arrival="10:17" departure="10:17">Storetveit</stop>
    <stop arrival="10:17" departure="10:17">Elvebakken</stop>
    <stop arrival="10:18" departure="10:18">Minde</stop>
    <stop arrival="10:22" departure="10:22">Mindemyren</stop>
    <stop arrival="10:23" departure="10:23">Postterminalen</stop>
    <stop arrival="10:23" departure="10:23">Kanalveien v/LBK</stop>
    <stop arrival="10:25" departure="10:25">Danmarksplass v/Forum kino</stop>
    <stop arrival="10:29" departure="10:29">Bergen Busstasjon</stop>
    <stop arrival="10:32" departure="10:32">Christies gate (Festplassen)</stop>
    <stop arrival="10:37">Bergen Busstasjon</stop>
  </route>
  <route no="23" destination="Bergen Busstasjon" url="http://www.web2051.no/bin/tp/zuginfo.exe/on/226788/79721/550868/199841/1/" trafficDays="kjører Ma - Fr, ikke 13., 17., 24. Mai">
    <stop departure="9:54" routeNo="23">Birkelandskrysset Terminal</stop>
    <stop arrival="9:55" departure="9:55">Gomarhaug</stop>
    <stop arrival="9:56" departure="9:56">Sandsliskiftet</stop>
    <stop arrival="9:56" departure="9:56">Håvardstun</stop>
    <stop arrival="9:58" departure="9:58">Meyer</stop>
    <stop arrival="9:59" departure="9:59">Rådal</stop>
    <stop arrival="10:00" departure="10:00">Rådal ved Lagunen</stop>
    <stop arrival="10:05" departure="10:05">Skjold skole</stop>
    <stop arrival="10:07" departure="10:07">Mårdalen</stop>
    <stop arrival="10:08" departure="10:08">Nesttunbrekka</stop>
    <stop arrival="10:08" departure="10:08">Skjoldskiftet</stop>
    <stop arrival="10:09" departure="10:09">Nesttun</stop>
    <stop arrival="10:10" departure="10:10">Nesttun terminal</stop>
    <stop arrival="10:12" departure="10:12">Hopsbro</stop>
    <stop arrival="10:14" departure="10:14">Tveiteråsskiftet</stop>
    <stop arrival="10:15" departure="10:15">Paradis</stop>
    <stop arrival="10:17" departure="10:17">Nydalen</stop>
    <stop arrival="10:19" departure="10:19">Fantoft</stop>
    <stop arrival="10:20" departure="10:20">Storetveit</stop>
    <stop arrival="10:20" departure="10:20">Elvebakken</stop>
    <stop arrival="10:21" departure="10:21">Minde</stop>
    <stop arrival="10:24" departure="10:24">Mindemyren</stop>
    <stop arrival="10:25" departure="10:25">Postterminalen</stop>
    <stop arrival="10:26" departure="10:26">Kanalveien v/LBK</stop>
    <stop arrival="10:28" departure="10:28">Danmarksplass v/Forum kino</stop>
    <stop arrival="10:31" departure="10:31">Bergen Busstasjon</stop>
    <stop arrival="10:34" departure="10:34">Christies gate (Festplassen)</stop>
    <stop arrival="10:39">Bergen Busstasjon</stop>
  </route>
  <route no="620" destination="Bergen Busstasjon" url="http://www.web2051.no/bin/tp/zuginfo.exe/on/509748/175636/26052/156894/1/" trafficDays="kjører Lø, ikke 1. Mai">
    <stop departure="9:45" routeNo="620">Os - Osøyro</stop>
    <stop arrival="9:46" departure="9:46">Fjellheim</stop>
    <stop arrival="9:47" departure="9:47">Kuven</stop>
    <stop arrival="9:48" departure="9:48">Flåten (Os)</stop>
    <stop arrival="9:49" departure="9:49">Flåten Senter</stop>
    <stop arrival="9:50" departure="9:50">Tøsdalskiftet</stop>
    <stop arrival="9:50" departure="9:50">Ulvenskiftet</stop>
    <stop arrival="9:51" departure="9:51">Hetleflåten</stop>
    <stop arrival="9:52" departure="9:52">Helleflåttre</stop>
    <stop arrival="9:54" departure="9:54">Storestraumen</stop>
    <stop arrival="9:55" departure="9:55">Søfteland skule</stop>
    <stop arrival="9:56" departure="9:56">Søfteland</stop>
    <stop arrival="9:56" departure="9:56">Gåssandskiftet</stop>
    <stop arrival="9:57" departure="9:57">Tømmernes</stop>
    <stop arrival="9:58" departure="9:58">Røykenes (Os)</stop>
    <stop arrival="9:59" departure="9:59">Bahus</stop>
    <stop arrival="10:00" departure="10:00">Fløysand</stop>
    <stop arrival="10:00" departure="10:00">Kalandseid</stop>
    <stop arrival="10:01" departure="10:01">Austevoll (Fana)</stop>
    <stop arrival="10:02" departure="10:02">Kaland (Fana)</stop>
    <stop arrival="10:03" departure="10:03">Smådalen (Kaland i Fana)</stop>
    <stop arrival="10:03" departure="10:03">Kaland skole (Fana)</stop>
    <stop arrival="10:05" departure="10:05">Nedre Sandven</stop>
    <stop arrival="10:05" departure="10:05">Sandven</stop>
    <stop arrival="10:06" departure="10:06">Øvre Hatlestad</stop>
    <stop arrival="10:06" departure="10:06">Hatlestadlia</stop>
    <stop arrival="10:06" departure="10:06">Hatlestad terr.</stop>
    <stop arrival="10:07" departure="10:07">Valle (Fana)</stop>
    <stop arrival="10:08" departure="10:08">Kirkebirkeland</stop>
    <stop arrival="10:09" departure="10:09">Lilletvedt</stop>
    <stop arrival="10:10" departure="10:10">Bjørkåsen</stop>
    <stop arrival="10:10" departure="10:10">Elvenes vegkryss</stop>
    <stop arrival="10:11" departure="10:11">Skjoldskiftet</stop>
    <stop arrival="10:11" departure="10:11">Nesttun</stop>
    <stop arrival="10:12" departure="10:12">Nesttun terminal</stop>
    <stop arrival="10:13" departure="10:13">Hopsbro</stop>
    <stop arrival="10:14" departure="10:14">Tveiteråsskiftet</stop>
    <stop arrival="10:15" departure="10:15">Paradis</stop>
    <stop arrival="10:17" departure="10:17">Nydalen</stop>
    <stop arrival="10:18" departure="10:18">Fantoft</stop>
    <stop arrival="10:19" departure="10:19">Storetveit</stop>
    <stop arrival="10:19" departure="10:19">Elvebakken</stop>
    <stop arrival="10:20" departure="10:20">Minde</stop>
    <stop arrival="10:24" departure="10:24">Mindemyren</stop>
    <stop arrival="10:25" departure="10:25">Postterminalen</stop>
    <stop arrival="10:25" departure="10:25">Kanalveien v/LBK</stop>
    <stop arrival="10:27" departure="10:27">Danmarksplass v/Forum kino</stop>
    <stop arrival="10:31" departure="10:31">Bergen Busstasjon</stop>
    <stop arrival="10:34" departure="10:34">Christies gate (Festplassen)</stop>
    <stop arrival="10:39">Bergen Busstasjon</stop>
  </route>
  <route no="24" destination="Åsane terminal" url="http://www.web2051.no/bin/tp/zuginfo.exe/on/633096/215241/421584/240/1/" trafficDays="kjører Ma - Fr, ikke 13., 17., 24. Mai">
    <stop departure="10:15" routeNo="24">Nesttun terminal</stop>
    <stop arrival="10:17" departure="10:17">Hopsbro</stop>
    <stop arrival="10:19" departure="10:19">Tveiteråsskiftet</stop>
    <stop arrival="10:20" departure="10:20">Paradis</stop>
    <stop arrival="10:22" departure="10:22">Nydalen</stop>
    <stop arrival="10:24" departure="10:24">Fantoft</stop>
    <stop arrival="10:25" departure="10:25">Storetveit</stop>
    <stop arrival="10:25" departure="10:25">Elvebakken</stop>
    <stop arrival="10:26" departure="10:26">Minde</stop>
    <stop arrival="10:29" departure="10:29">Mindemyren</stop>
    <stop arrival="10:30" departure="10:30">Postterminalen</stop>
    <stop arrival="10:31" departure="10:31">Kanalveien v/LBK</stop>
    <stop arrival="10:33" departure="10:33">Danmarksplass v/Forum kino</stop>
    <stop arrival="10:38" departure="10:38">Bergen Busstasjon</stop>
    <stop arrival="10:40" departure="10:40">Christies gate (Festplassen)</stop>
    <stop arrival="10:43" departure="10:43">Torget v/DnB</stop>
    <stop arrival="10:44" departure="10:44">Bryggen</stop>
    <stop arrival="10:44" departure="10:44">Slottsgaten</stop>
    <stop arrival="10:45" departure="10:45">Bontelabo</stop>
    <stop arrival="10:46" departure="10:46">Skutevikstorget</stop>
    <stop arrival="10:46" departure="10:46">Sjøgaten</stop>
    <stop arrival="10:47" departure="10:47">Sandvikstorget</stop>
    <stop arrival="10:48" departure="10:48">Ludebryggen</stop>
    <stop arrival="10:48" departure="10:48">Munkebotten</stop>
    <stop arrival="10:50" departure="10:50">Nyhavnsvei (Gamle Bergen)</stop>
    <stop arrival="10:51" departure="10:51">Handelshøyskolen</stop>
    <stop arrival="10:52" departure="10:52">Solbakken</stop>
    <stop arrival="10:53" departure="10:53">Eikeviken</stop>
    <stop arrival="10:55" departure="10:55">Hellebakken</stop>
    <stop arrival="10:55" departure="10:55">Brunestykket</stop>
    <stop arrival="10:56" departure="10:56">Lønborg</stop>
    <stop arrival="10:57" departure="10:57">Nordre Lønborg</stop>
    <stop arrival="10:57" departure="10:57">Fagerbakken</stop>
    <stop arrival="10:58" departure="10:58">Eidsvågneset</stop>
    <stop arrival="10:58" departure="10:58">Trolldalen (Eidsvågneset)</stop>
    <stop arrival="10:59" departure="10:59">Trollbekken</stop>
    <stop arrival="10:59" departure="10:59">Tømmervågen</stop>
    <stop arrival="11:00" departure="11:00">Lillevågen</stop>
    <stop arrival="11:01" departure="11:01">Hagebyen (Eidsvåg)</stop>
    <stop arrival="11:03" departure="11:03">Fabrikkvegen</stop>
    <stop arrival="11:04" departure="11:04">Eidsvåg gamlevegen</stop>
    <stop arrival="11:05" departure="11:05">Selvikvegen</stop>
    <stop arrival="11:06" departure="11:06">Ervik nedre (Sellesvingen)</stop>
    <stop arrival="11:06" departure="11:06">Ervik øvre</stop>
    <stop arrival="11:07" departure="11:07">Åstveitvegen</stop>
    <stop arrival="11:08" departure="11:08">Griggastemma</stop>
    <stop arrival="11:09" departure="11:09">Tertneskrysset gamleveien</stop>
    <stop arrival="11:11" departure="11:11">Stamskaret</stop>
    <stop arrival="11:12" departure="11:12">Hesthaugen</stop>
    <stop arrival="11:13">Åsane terminal</stop>
  </route>
  <route no="21" destination="Bergen Busstasjon" url="http://www.web2051.no/bin/tp/zuginfo.exe/on/396159/136011/206458/28827/1/" trafficDays="kjører Lø, ikke 1. Mai">
    <stop departure="10:05" routeNo="21">Søråshøgda snuplass</stop>
    <stop arrival="10:06" departure="10:06">Søråsgrenda</stop>
    <stop arrival="10:08" departure="10:08">Nordåsgrenda</stop>
    <stop arrival="10:09" departure="10:09">Nordåstræet</stop>
    <stop arrival="10:10" departure="10:10">Nordås</stop>
    <stop arrival="10:12" departure="10:12">Nordåstræet</stop>
    <stop arrival="10:13" departure="10:13">Nordåsgrenda</stop>
    <stop arrival="10:13" departure="10:13">Kilden senter</stop>
    <stop arrival="10:14" departure="10:14">Søråsveien</stop>
    <stop arrival="10:15" departure="10:15">Skjold skole</stop>
    <stop arrival="10:17" departure="10:17">Mårdalen</stop>
    <stop arrival="10:18" departure="10:18">Nesttunbrekka</stop>
    <stop arrival="10:18" departure="10:18">Skjoldskiftet</stop>
    <stop arrival="10:19" departure="10:19">Nesttun</stop>
    <stop arrival="10:20" departure="10:20">Nesttun terminal</stop>
    <stop arrival="10:21" departure="10:21">Hopsbro</stop>
    <stop arrival="10:22" departure="10:22">Tveiteråsskiftet</stop>
    <stop arrival="10:23" departure="10:23">Paradis</stop>
    <stop arrival="10:25" departure="10:25">Nydalen</stop>
    <stop arrival="10:26" departure="10:26">Fantoft</stop>
    <stop arrival="10:27" departure="10:27">Storetveit</stop>
    <stop arrival="10:27" departure="10:27">Elvebakken</stop>
    <stop arrival="10:28" departure="10:28">Minde</stop>
    <stop arrival="10:32" departure="10:32">Mindemyren</stop>
    <stop arrival="10:33" departure="10:33">Postterminalen</stop>
    <stop arrival="10:33" departure="10:33">Kanalveien v/LBK</stop>
    <stop arrival="10:35" departure="10:35">Danmarksplass v/Forum kino</stop>
    <stop arrival="10:39" departure="10:39">Bergen Busstasjon</stop>
    <stop arrival="10:42" departure="10:42">Christies gate (Festplassen)</stop>
    <stop arrival="10:47">Bergen Busstasjon</stop>
  </route>
  <route no="60" destination="Bergen Busstasjon" url="http://www.web2051.no/bin/tp/zuginfo.exe/on/625638/213202/964134/273525/1/" trafficDays="kjører Ma - Fr, ikke 13., 17., 24. Mai">
    <stop departure="10:20" routeNo="60">Bønes senter</stop>
    <stop arrival="10:21" departure="10:21">Våkleiva</stop>
    <stop arrival="10:21" departure="10:21">Bønes hagesenter</stop>
    <stop arrival="10:23" departure="10:23">Bønes skole</stop>
    <stop arrival="10:24" departure="10:24">Kråkenestoppen</stop>
    <stop arrival="10:25" departure="10:25">Bergvegen</stop>
    <stop arrival="10:26" departure="10:26">Langebekken</stop>
    <stop arrival="10:27" departure="10:27">Langegården</stop>
    <stop arrival="10:27" departure="10:27">Krambua</stop>
    <stop arrival="10:28" departure="10:28">Fjøsanger</stop>
    <stop arrival="10:32" departure="10:32">Kanalveien v/NRK</stop>
    <stop arrival="10:33" departure="10:33">Mindemyren</stop>
    <stop arrival="10:34" departure="10:34">Postterminalen</stop>
    <stop arrival="10:34" departure="10:34">Kanalveien v/LBK</stop>
    <stop arrival="10:36" departure="10:36">Danmarksplass v/Forum kino</stop>
    <stop arrival="10:39" departure="10:39">Bergen Busstasjon</stop>
    <stop arrival="10:40" departure="10:40">Christies gate (Festplassen)</stop>
    <stop arrival="10:45">Bergen Busstasjon</stop>
  </route>
  <route no="22" destination="Bergen Busstasjon" url="http://www.web2051.no/bin/tp/zuginfo.exe/on/694911/235694/613016/74873/1/" trafficDays="kjører Ma - Fr, ikke 13., 17., 24. Mai">
    <stop departure="10:03" routeNo="22">Birkelundstoppen</stop>
    <stop arrival="10:04" departure="10:04">Nattland gård (nyeveien)</stop>
    <stop arrival="10:05" departure="10:05">Merkurvegen (nyeveien)</stop>
    <stop arrival="10:06" departure="10:06">Rinddalen</stop>
    <stop arrival="10:07" departure="10:07">Indre Sædal</stop>
    <stop arrival="10:07" departure="10:07">Helldalslia</stop>
    <stop arrival="10:08" departure="10:08">Helldalslia</stop>
    <stop arrival="10:09" departure="10:09">Helldalsåsen</stop>
    <stop arrival="10:10" departure="10:10">Kjenndalsåsen</stop>
    <stop arrival="10:11" departure="10:11">Kjenndalslia</stop>
    <stop arrival="10:13" departure="10:13">Kringlebotn</stop>
    <stop arrival="10:14" departure="10:14">Sandalskollen</stop>
    <stop arrival="10:15" departure="10:15">Sandbrekkeveien</stop>
    <stop arrival="10:16" departure="10:16">Midttunflaten</stop>
    <stop arrival="10:17" departure="10:17">Midtun bro</stop>
    <stop arrival="10:19" departure="10:19">Herredshuset, Nesttun</stop>
    <stop arrival="10:19" departure="10:19">Nesttun</stop>
    <stop arrival="10:20" departure="10:20">Nesttun terminal</stop>
    <stop arrival="10:22" departure="10:22">Hopsbro</stop>
    <stop arrival="10:24" departure="10:24">Tveiteråsskiftet</stop>
    <stop arrival="10:25" departure="10:25">Paradis</stop>
    <stop arrival="10:27" departure="10:27">Nydalen</stop>
    <stop arrival="10:29" departure="10:29">Fantoft</stop>
    <stop arrival="10:30" departure="10:30">Storetveit</stop>
    <stop arrival="10:30" departure="10:30">Elvebakken</stop>
    <stop arrival="10:31" departure="10:31">Minde</stop>
    <stop arrival="10:34" departure="10:34">Mindemyren</stop>
    <stop arrival="10:35" departure="10:35">Postterminalen</stop>
    <stop arrival="10:36" departure="10:36">Kanalveien v/LBK</stop>
    <stop arrival="10:38" departure="10:38">Danmarksplass v/Forum kino</stop>
    <stop arrival="10:41" departure="10:41">Bergen Busstasjon</stop>
    <stop arrival="10:44" departure="10:44">Christies gate (Festplassen)</stop>
    <stop arrival="10:49">Bergen Busstasjon</stop>
  </route>
  <route no="20" destination="Lønborglien snuplass" url="http://www.web2051.no/bin/tp/zuginfo.exe/on/106488/39282/98478/13743/1/" trafficDays="kjører Lø, ikke 1. Mai">
    <stop departure="10:17" routeNo="20">Rådal ved Lagunen</stop>
    <stop arrival="10:20" departure="10:20">Skjold skole</stop>
    <stop arrival="10:22" departure="10:22">Mårdalen</stop>
    <stop arrival="10:23" departure="10:23">Nesttunbrekka</stop>
    <stop arrival="10:23" departure="10:23">Skjoldskiftet</stop>
    <stop arrival="10:24" departure="10:24">Nesttun</stop>
    <stop arrival="10:25" departure="10:25">Nesttun terminal</stop>
    <stop arrival="10:26" departure="10:26">Hopsbro</stop>
    <stop arrival="10:27" departure="10:27">Tveiteråsskiftet</stop>
    <stop arrival="10:28" departure="10:28">Paradis</stop>
    <stop arrival="10:30" departure="10:30">Nydalen</stop>
    <stop arrival="10:31" departure="10:31">Fantoft</stop>
    <stop arrival="10:32" departure="10:32">Storetveit</stop>
    <stop arrival="10:32" departure="10:32">Elvebakken</stop>
    <stop arrival="10:33" departure="10:33">Minde</stop>
    <stop arrival="10:37" departure="10:37">Mindemyren</stop>
    <stop arrival="10:38" departure="10:38">Postterminalen</stop>
    <stop arrival="10:38" departure="10:38">Kanalveien v/LBK</stop>
    <stop arrival="10:40" departure="10:40">Danmarksplass v/Forum kino</stop>
    <stop arrival="10:45" departure="10:45">Bergen Busstasjon</stop>
    <stop arrival="10:48" departure="10:48">Christies gate (Festplassen)</stop>
    <stop arrival="10:51" departure="10:51">Torget v/DnB</stop>
    <stop arrival="10:52" departure="10:52">Bryggen</stop>
    <stop arrival="10:52" departure="10:52">Slottsgaten</stop>
    <stop arrival="10:53" departure="10:53">Bontelabo</stop>
    <stop arrival="10:54" departure="10:54">Skutevikstorget</stop>
    <stop arrival="10:54" departure="10:54">Sjøgaten</stop>
    <stop arrival="10:55" departure="10:55">Sandvikstorget</stop>
    <stop arrival="10:56" departure="10:56">Ludebryggen</stop>
    <stop arrival="10:56" departure="10:56">Munkebotten</stop>
    <stop arrival="10:58" departure="10:58">Nyhavnsvei (Gamle Bergen)</stop>
    <stop arrival="10:59" departure="10:59">Handelshøyskolen</stop>
    <stop arrival="11:00" departure="11:00">Solbakken</stop>
    <stop arrival="11:01" departure="11:01">Eikeviken</stop>
    <stop arrival="11:03" departure="11:03">Hellebakken</stop>
    <stop arrival="11:03" departure="11:03">Brunestykket</stop>
    <stop arrival="11:04" departure="11:04">Lønborg</stop>
    <stop arrival="11:05" departure="11:05">Nordre Lønborg</stop>
    <stop arrival="11:06" departure="11:06">Lønborglien 1</stop>
    <stop arrival="11:06" departure="11:06">Lønborglien 2</stop>
    <stop arrival="11:07">Lønborglien snuplass</stop>
  </route>
  <route no="20" destination="Lønborglien snuplass" url="http://www.web2051.no/bin/tp/zuginfo.exe/on/83574/31712/532986/238636/1/" trafficDays="kjører Ma - Fr, ikke 13., 17., 24. Mai">
    <stop departure="10:10" routeNo="20">Fana Stadion</stop>
    <stop arrival="10:15" departure="10:15">Rådal ved Lagunen</stop>
    <stop arrival="10:20" departure="10:20">Skjold skole</stop>
    <stop arrival="10:22" departure="10:22">Mårdalen</stop>
    <stop arrival="10:23" departure="10:23">Nesttunbrekka</stop>
    <stop arrival="10:23" departure="10:23">Skjoldskiftet</stop>
    <stop arrival="10:24" departure="10:24">Nesttun</stop>
    <stop arrival="10:25" departure="10:25">Nesttun terminal</stop>
    <stop arrival="10:27" departure="10:27">Hopsbro</stop>
    <stop arrival="10:29" departure="10:29">Tveiteråsskiftet</stop>
    <stop arrival="10:30" departure="10:30">Paradis</stop>
    <stop arrival="10:32" departure="10:32">Nydalen</stop>
    <stop arrival="10:34" departure="10:34">Fantoft</stop>
    <stop arrival="10:35" departure="10:35">Storetveit</stop>
    <stop arrival="10:35" departure="10:35">Elvebakken</stop>
    <stop arrival="10:36" departure="10:36">Minde</stop>
    <stop arrival="10:39" departure="10:39">Mindemyren</stop>
    <stop arrival="10:40" departure="10:40">Postterminalen</stop>
    <stop arrival="10:41" departure="10:41">Kanalveien v/LBK</stop>
    <stop arrival="10:43" departure="10:43">Danmarksplass v/Forum kino</stop>
    <stop arrival="10:48" departure="10:48">Bergen Busstasjon</stop>
    <stop arrival="10:50" departure="10:50">Christies gate (Festplassen)</stop>
    <stop arrival="10:53" departure="10:53">Torget v/DnB</stop>
    <stop arrival="10:54" departure="10:54">Bryggen</stop>
    <stop arrival="10:54" departure="10:54">Slottsgaten</stop>
    <stop arrival="10:55" departure="10:55">Bontelabo</stop>
    <stop arrival="10:56" departure="10:56">Skutevikstorget</stop>
    <stop arrival="10:56" departure="10:56">Sjøgaten</stop>
    <stop arrival="10:57" departure="10:57">Sandvikstorget</stop>
    <stop arrival="10:58" departure="10:58">Ludebryggen</stop>
    <stop arrival="10:58" departure="10:58">Munkebotten</stop>
    <stop arrival="11:00" departure="11:00">Nyhavnsvei (Gamle Bergen)</stop>
    <stop arrival="11:01" departure="11:01">Handelshøyskolen</stop>
    <stop arrival="11:02" departure="11:02">Solbakken</stop>
    <stop arrival="11:03" departure="11:03">Eikeviken</stop>
    <stop arrival="11:05" departure="11:05">Hellebakken</stop>
    <stop arrival="11:05" departure="11:05">Brunestykket</stop>
    <stop arrival="11:06" departure="11:06">Lønborg</stop>
    <stop arrival="11:07" departure="11:07">Nordre Lønborg</stop>
    <stop arrival="11:10" departure="11:10">Lønborglien 1</stop>
    <stop arrival="11:11" departure="11:11">Lønborglien 2</stop>
    <stop arrival="11:13">Lønborglien snuplass</stop>
  </route>
  <route no="620" destination="Bergen Busstasjon" url="http://www.web2051.no/bin/tp/zuginfo.exe/on/934983/317439/517382/52972/1/" trafficDays="kjører Ma - Fr, ikke 13., 17., 24. Mai">
    <stop departure="9:55" routeNo="620">Os - Osøyro</stop>
    <stop arrival="9:56" departure="9:56">Fjellheim</stop>
    <stop arrival="9:57" departure="9:57">Kuven</stop>
    <stop arrival="9:58" departure="9:58">Flåten (Os)</stop>
    <stop arrival="9:59" departure="9:59">Flåten Senter</stop>
    <stop arrival="10:00" departure="10:00">Tøsdalskiftet</stop>
    <stop arrival="10:00" departure="10:00">Ulvenskiftet</stop>
    <stop arrival="10:01" departure="10:01">Hetleflåten</stop>
    <stop arrival="10:02" departure="10:02">Helleflåttre</stop>
    <stop arrival="10:04" departure="10:04">Storestraumen</stop>
    <stop arrival="10:05" departure="10:05">Søfteland skule</stop>
    <stop arrival="10:06" departure="10:06">Søfteland</stop>
    <stop arrival="10:06" departure="10:06">Gåssandskiftet</stop>
    <stop arrival="10:07" departure="10:07">Tømmernes</stop>
    <stop arrival="10:08" departure="10:08">Røykenes (Os)</stop>
    <stop arrival="10:09" departure="10:09">Bahus</stop>
    <stop arrival="10:10" departure="10:10">Fløysand</stop>
    <stop arrival="10:10" departure="10:10">Kalandseid</stop>
    <stop arrival="10:11" departure="10:11">Austevoll (Fana)</stop>
    <stop arrival="10:12" departure="10:12">Kaland (Fana)</stop>
    <stop arrival="10:13" departure="10:13">Smådalen (Kaland i Fana)</stop>
    <stop arrival="10:13" departure="10:13">Kaland skole (Fana)</stop>
    <stop arrival="10:15" departure="10:15">Nedre Sandven</stop>
    <stop arrival="10:15" departure="10:15">Sandven</stop>
    <stop arrival="10:16" departure="10:16">Øvre Hatlestad</stop>
    <stop arrival="10:17" departure="10:17">Hatlestadlia</stop>
    <stop arrival="10:18" departure="10:18">Hatlestad terr.</stop>
    <stop arrival="10:19" departure="10:19">Valle (Fana)</stop>
    <stop arrival="10:20" departure="10:20">Kirkebirkeland</stop>
    <stop arrival="10:21" departure="10:21">Lilletvedt</stop>
    <stop arrival="10:22" departure="10:22">Bjørkåsen</stop>
    <stop arrival="10:23" departure="10:23">Elvenes vegkryss</stop>
    <stop arrival="10:24" departure="10:24">Skjoldskiftet</stop>
    <stop arrival="10:24" departure="10:24">Nesttun</stop>
    <stop arrival="10:25" departure="10:25">Nesttun terminal</stop>
    <stop arrival="10:27" departure="10:27">Hopsbro</stop>
    <stop arrival="10:29" departure="10:29">Tveiteråsskiftet</stop>
    <stop arrival="10:30" departure="10:30">Paradis</stop>
    <stop arrival="10:32" departure="10:32">Nydalen</stop>
    <stop arrival="10:34" departure="10:34">Fantoft</stop>
    <stop arrival="10:35" departure="10:35">Storetveit</stop>
    <stop arrival="10:35" departure="10:35">Elvebakken</stop>
    <stop arrival="10:36" departure="10:36">Minde</stop>
    <stop arrival="10:39" departure="10:39">Mindemyren</stop>
    <stop arrival="10:40" departure="10:40">Postterminalen</stop>
    <stop arrival="10:41" departure="10:41">Kanalveien v/LBK</stop>
    <stop arrival="10:43" departure="10:43">Danmarksplass v/Forum kino</stop>
    <stop arrival="10:48" departure="10:48">Bergen Busstasjon</stop>
    <stop arrival="10:50" departure="10:50">Christies gate (Festplassen)</stop>
    <stop arrival="10:55">Bergen Busstasjon</stop>
  </route>
  <route no="21" destination="Bergen Busstasjon" url="http://www.web2051.no/bin/tp/zuginfo.exe/on/911292/307745/885034/138756/1/" trafficDays="kjører Ma - Fr, ikke 13., 17., 24. Mai">
    <stop departure="10:15" routeNo="21">Søråshøgda snuplass</stop>
    <stop arrival="10:16" departure="10:16">Søråsgrenda</stop>
    <stop arrival="10:18" departure="10:18">Nordåsgrenda</stop>
    <stop arrival="10:19" departure="10:19">Nordåstræet</stop>
    <stop arrival="10:20" departure="10:20">Nordås</stop>
    <stop arrival="10:22" departure="10:22">Nordåstræet</stop>
    <stop arrival="10:23" departure="10:23">Nordåsgrenda</stop>
    <stop arrival="10:23" departure="10:23">Kilden senter</stop>
    <stop arrival="10:24" departure="10:24">Søråsveien</stop>
    <stop arrival="10:25" departure="10:25">Skjold skole</stop>
    <stop arrival="10:27" departure="10:27">Mårdalen</stop>
    <stop arrival="10:28" departure="10:28">Nesttunbrekka</stop>
    <stop arrival="10:28" departure="10:28">Skjoldskiftet</stop>
    <stop arrival="10:29" departure="10:29">Nesttun</stop>
    <stop arrival="10:30" departure="10:30">Nesttun terminal</stop>
    <stop arrival="10:32" departure="10:32">Hopsbro</stop>
    <stop arrival="10:34" departure="10:34">Tveiteråsskiftet</stop>
    <stop arrival="10:35" departure="10:35">Paradis</stop>
    <stop arrival="10:37" departure="10:37">Nydalen</stop>
    <stop arrival="10:39" departure="10:39">Fantoft</stop>
    <stop arrival="10:40" departure="10:40">Storetveit</stop>
    <stop arrival="10:40" departure="10:40">Elvebakken</stop>
    <stop arrival="10:41" departure="10:41">Minde</stop>
    <stop arrival="10:44" departure="10:44">Mindemyren</stop>
    <stop arrival="10:45" departure="10:45">Postterminalen</stop>
    <stop arrival="10:46" departure="10:46">Kanalveien v/LBK</stop>
    <stop arrival="10:48" departure="10:48">Danmarksplass v/Forum kino</stop>
    <stop arrival="10:51" departure="10:51">Bergen Busstasjon</stop>
    <stop arrival="10:56" departure="10:56">Christies gate (Festplassen)</stop>
    <stop arrival="11:01">Bergen Busstasjon</stop>
  </route>
  <route no="20" destination="Lønborglien snuplass" url="http://www.web2051.no/bin/tp/zuginfo.exe/on/974796/328793/198964/225450/1/" trafficDays="kjører Ma - Fr, ikke 13., 17., 24. Mai">
    <stop departure="10:24" routeNo="20">Smørås snuplass</stop>
    <stop arrival="10:25" departure="10:25">Smørås</stop>
    <stop arrival="10:26" departure="10:26">Nedre Smøråsvegen</stop>
    <stop arrival="10:26" departure="10:26">Dådyrvegen</stop>
    <stop arrival="10:27" departure="10:27">Hjortevegen</stop>
    <stop arrival="10:28" departure="10:28">Tranevegen</stop>
    <stop arrival="10:30" departure="10:30">Gamle kyrkjeveg</stop>
    <stop arrival="10:31" departure="10:31">Nesttunhallen</stop>
    <stop arrival="10:34" departure="10:34">Nesttun</stop>
    <stop arrival="10:35" departure="10:35">Nesttun terminal</stop>
    <stop arrival="10:37" departure="10:37">Hopsbro</stop>
    <stop arrival="10:39" departure="10:39">Tveiteråsskiftet</stop>
    <stop arrival="10:40" departure="10:40">Paradis</stop>
    <stop arrival="10:42" departure="10:42">Nydalen</stop>
    <stop arrival="10:44" departure="10:44">Fantoft</stop>
    <stop arrival="10:45" departure="10:45">Storetveit</stop>
    <stop arrival="10:45" departure="10:45">Elvebakken</stop>
    <stop arrival="10:46" departure="10:46">Minde</stop>
    <stop arrival="10:49" departure="10:49">Mindemyren</stop>
    <stop arrival="10:50" departure="10:50">Postterminalen</stop>
    <stop arrival="10:51" departure="10:51">Kanalveien v/LBK</stop>
    <stop arrival="10:53" departure="10:53">Danmarksplass v/Forum kino</stop>
    <stop arrival="10:58" departure="10:58">Bergen Busstasjon</stop>
    <stop arrival="11:00" departure="11:00">Christies gate (Festplassen)</stop>
    <stop arrival="11:03" departure="11:03">Torget v/DnB</stop>
    <stop arrival="11:04" departure="11:04">Bryggen</stop>
    <stop arrival="11:04" departure="11:04">Slottsgaten</stop>
    <stop arrival="11:05" departure="11:05">Bontelabo</stop>
    <stop arrival="11:06" departure="11:06">Skutevikstorget</stop>
    <stop arrival="11:06" departure="11:06">Sjøgaten</stop>
    <stop arrival="11:07" departure="11:07">Sandvikstorget</stop>
    <stop arrival="11:08" departure="11:08">Ludebryggen</stop>
    <stop arrival="11:08" departure="11:08">Munkebotten</stop>
    <stop arrival="11:10" departure="11:10">Nyhavnsvei (Gamle Bergen)</stop>
    <stop arrival="11:11" departure="11:11">Handelshøyskolen</stop>
    <stop arrival="11:12" departure="11:12">Solbakken</stop>
    <stop arrival="11:13" departure="11:13">Eikeviken</stop>
    <stop arrival="11:15" departure="11:15">Hellebakken</stop>
    <stop arrival="11:15" departure="11:15">Brunestykket</stop>
    <stop arrival="11:16" departure="11:16">Lønborg</stop>
    <stop arrival="11:17" departure="11:17">Nordre Lønborg</stop>
    <stop arrival="11:19" departure="11:19">Lønborglien 1</stop>
    <stop arrival="11:20" departure="11:20">Lønborglien 2</stop>
    <stop arrival="11:22">Lønborglien snuplass</stop>
  </route>
  <route no="21" destination="Åsane terminal" url="http://www.web2051.no/bin/tp/zuginfo.exe/on/141663/51164/575320/240439/1/" trafficDays="kjører Sø, også 1., 13., 17., 24. Mai">
    <stop departure="10:20" routeNo="21">Søråshøgda snuplass</stop>
    <stop arrival="10:21" departure="10:21">Søråsgrenda</stop>
    <stop arrival="10:23" departure="10:23">Nordåsgrenda</stop>
    <stop arrival="10:24" departure="10:24">Nordåstræet</stop>
    <stop arrival="10:25" departure="10:25">Nordås</stop>
    <stop arrival="10:27" departure="10:27">Nordåstræet</stop>
    <stop arrival="10:28" departure="10:28">Nordåsgrenda</stop>
    <stop arrival="10:28" departure="10:28">Kilden senter</stop>
    <stop arrival="10:29" departure="10:29">Søråsveien</stop>
    <stop arrival="10:30" departure="10:30">Skjold skole</stop>
    <stop arrival="10:32" departure="10:32">Mårdalen</stop>
    <stop arrival="10:33" departure="10:33">Nesttunbrekka</stop>
    <stop arrival="10:33" departure="10:33">Skjoldskiftet</stop>
    <stop arrival="10:34" departure="10:34">Nesttun</stop>
    <stop arrival="10:35" departure="10:35">Nesttun terminal</stop>
    <stop arrival="10:37" departure="10:37">Hopsbro</stop>
    <stop arrival="10:39" departure="10:39">Tveiteråsskiftet</stop>
    <stop arrival="10:40" departure="10:40">Paradis</stop>
    <stop arrival="10:42" departure="10:42">Nydalen</stop>
    <stop arrival="10:44" departure="10:44">Fantoft</stop>
    <stop arrival="10:45" departure="10:45">Storetveit</stop>
    <stop arrival="10:45" departure="10:45">Elvebakken</stop>
    <stop arrival="10:46" departure="10:46">Minde</stop>
    <stop arrival="10:49" departure="10:49">Mindemyren</stop>
    <stop arrival="10:50" departure="10:50">Postterminalen</stop>
    <stop arrival="10:50" departure="10:50">Kanalveien v/LBK</stop>
    <stop arrival="10:52" departure="10:52">Danmarksplass v/Forum kino</stop>
    <stop arrival="10:57" departure="10:57">Bergen Busstasjon</stop>
    <stop arrival="11:00" departure="11:00">Christies gate (Festplassen)</stop>
    <stop arrival="11:03" departure="11:03">Torget v/DnB</stop>
    <stop arrival="11:04" departure="11:04">Bryggen</stop>
    <stop arrival="11:04" departure="11:04">Slottsgaten</stop>
    <stop arrival="11:05" departure="11:05">Bontelabo</stop>
    <stop arrival="11:06" departure="11:06">Skutevikstorget</stop>
    <stop arrival="11:06" departure="11:06">Sjøgaten</stop>
    <stop arrival="11:07" departure="11:07">Sandvikstorget</stop>
    <stop arrival="11:08" departure="11:08">Ludebryggen</stop>
    <stop arrival="11:08" departure="11:08">Munkebotten</stop>
    <stop arrival="11:10" departure="11:10">Nyhavnsvei (Gamle Bergen)</stop>
    <stop arrival="11:11" departure="11:11">Handelshøyskolen</stop>
    <stop arrival="11:12" departure="11:12">Solbakken</stop>
    <stop arrival="11:13" departure="11:13">Eikeviken</stop>
    <stop arrival="11:15" departure="11:15">Hellebakken</stop>
    <stop arrival="11:15" departure="11:15">Brunestykket</stop>
    <stop arrival="11:16" departure="11:16">Lønborg</stop>
    <stop arrival="11:17" departure="11:17">Nordre Lønborg</stop>
    <stop arrival="11:17" departure="11:17">Fagerbakken</stop>
    <stop arrival="11:18" departure="11:18">Eidsvågneset</stop>
    <stop arrival="11:18" departure="11:18">Trolldalen (Eidsvågneset)</stop>
    <stop arrival="11:18" departure="11:18">Trollbekken</stop>
    <stop arrival="11:19" departure="11:19">Tømmervågen</stop>
    <stop arrival="11:19" departure="11:19">Lillevågen</stop>
    <stop arrival="11:20" departure="11:20">Hagebyen (Eidsvåg)</stop>
    <stop arrival="11:21" departure="11:21">Fabrikkvegen</stop>
    <stop arrival="11:22" departure="11:22">Eidsvåg gamlevegen</stop>
    <stop arrival="11:23" departure="11:23">Selvikvegen</stop>
    <stop arrival="11:24" departure="11:24">Ervik nedre (Sellesvingen)</stop>
    <stop arrival="11:25" departure="11:25">Ervik øvre</stop>
    <stop arrival="11:25" departure="11:25">Åstveitvegen</stop>
    <stop arrival="11:27" departure="11:27">Griggastemma</stop>
    <stop arrival="11:27" departure="11:27">Tertneskrysset gamleveien</stop>
    <stop arrival="11:29" departure="11:29">Stamskaret</stop>
    <stop arrival="11:30" departure="11:30">Hesthaugen</stop>
    <stop arrival="11:31">Åsane terminal</stop>
  </route>
  <route no="20" destination="Lønborglien snuplass" url="http://www.web2051.no/bin/tp/zuginfo.exe/on/637749/216370/561182/68008/1/" trafficDays="kjører Lø, ikke 1. Mai">
    <stop departure="10:26" routeNo="20">Smørås snuplass</stop>
    <stop arrival="10:27" departure="10:27">Smørås</stop>
    <stop arrival="10:29" departure="10:29">Nedre Smøråsvegen</stop>
    <stop arrival="10:29" departure="10:29">Dådyrvegen</stop>
    <stop arrival="10:30" departure="10:30">Hjortevegen</stop>
    <stop arrival="10:31" departure="10:31">Tranevegen</stop>
    <stop arrival="10:32" departure="10:32">Gamle kyrkjeveg</stop>
    <stop arrival="10:32" departure="10:32">Nesttunhallen</stop>
    <stop arrival="10:34" departure="10:34">Nesttun</stop>
    <stop arrival="10:35" departure="10:35">Nesttun terminal</stop>
    <stop arrival="10:37" departure="10:37">Hopsbro</stop>
    <stop arrival="10:39" departure="10:39">Tveiteråsskiftet</stop>
    <stop arrival="10:40" departure="10:40">Paradis</stop>
    <stop arrival="10:42" departure="10:42">Nydalen</stop>
    <stop arrival="10:44" departure="10:44">Fantoft</stop>
    <stop arrival="10:45" departure="10:45">Storetveit</stop>
    <stop arrival="10:45" departure="10:45">Elvebakken</stop>
    <stop arrival="10:46" departure="10:46">Minde</stop>
    <stop arrival="10:50" departure="10:50">Mindemyren</stop>
    <stop arrival="10:51" departure="10:51">Postterminalen</stop>
    <stop arrival="10:51" departure="10:51">Kanalveien v/LBK</stop>
    <stop arrival="10:53" departure="10:53">Danmarksplass v/Forum kino</stop>
    <stop arrival="10:58" departure="10:58">Bergen Busstasjon</stop>
    <stop arrival="11:01" departure="11:01">Christies gate (Festplassen)</stop>
    <stop arrival="11:04" departure="11:04">Torget v/DnB</stop>
    <stop arrival="11:05" departure="11:05">Bryggen</stop>
    <stop arrival="11:05" departure="11:05">Slottsgaten</stop>
    <stop arrival="11:06" departure="11:06">Bontelabo</stop>
    <stop arrival="11:07" departure="11:07">Skutevikstorget</stop>
    <stop arrival="11:07" departure="11:07">Sjøgaten</stop>
    <stop arrival="11:08" departure="11:08">Sandvikstorget</stop>
    <stop arrival="11:09" departure="11:09">Ludebryggen</stop>
    <stop arrival="11:09" departure="11:09">Munkebotten</stop>
    <stop arrival="11:11" departure="11:11">Nyhavnsvei (Gamle Bergen)</stop>
    <stop arrival="11:12" departure="11:12">Handelshøyskolen</stop>
    <stop arrival="11:13" departure="11:13">Solbakken</stop>
    <stop arrival="11:14" departure="11:14">Eikeviken</stop>
    <stop arrival="11:16" departure="11:16">Hellebakken</stop>
    <stop arrival="11:16" departure="11:16">Brunestykket</stop>
    <stop arrival="11:17" departure="11:17">Lønborg</stop>
    <stop arrival="11:18" departure="11:18">Nordre Lønborg</stop>
    <stop arrival="11:19" departure="11:19">Lønborglien 1</stop>
    <stop arrival="11:19" departure="11:19">Lønborglien 2</stop>
    <stop arrival="11:20">Lønborglien snuplass</stop>
  </route>
  <route no="60" destination="Bergen Busstasjon" url="http://www.web2051.no/bin/tp/zuginfo.exe/on/745404/253097/249150/123893/1/" trafficDays="kjører Lø, ikke 1. Mai">
    <stop departure="10:35" routeNo="60">Bønes senter</stop>
    <stop arrival="10:36" departure="10:36">Våkleiva</stop>
    <stop arrival="10:36" departure="10:36">Bønes hagesenter</stop>
    <stop arrival="10:38" departure="10:38">Bønes skole</stop>
    <stop arrival="10:39" departure="10:39">Kråkenestoppen</stop>
    <stop arrival="10:40" departure="10:40">Bergvegen</stop>
    <stop arrival="10:41" departure="10:41">Langebekken</stop>
    <stop arrival="10:42" departure="10:42">Langegården</stop>
    <stop arrival="10:42" departure="10:42">Krambua</stop>
    <stop arrival="10:43" departure="10:43">Fjøsanger</stop>
    <stop arrival="10:50" departure="10:50">Kanalveien v/NRK</stop>
    <stop arrival="10:51" departure="10:51">Mindemyren</stop>
    <stop arrival="10:52" departure="10:52">Postterminalen</stop>
    <stop arrival="10:53" departure="10:53">Kanalveien v/LBK</stop>
    <stop arrival="10:55" departure="10:55">Danmarksplass v/Forum kino</stop>
    <stop arrival="10:58" departure="10:58">Bergen Busstasjon</stop>
    <stop arrival="11:00" departure="11:00">Christies gate (Festplassen)</stop>
    <stop arrival="11:05">Bergen Busstasjon</stop>
  </route>
  <route no="60" destination="Bergen Busstasjon" url="http://www.web2051.no/bin/tp/zuginfo.exe/on/389217/134395/282340/11436/1/" trafficDays="kjører Ma - Fr, ikke 13., 17., 24. Mai">
    <stop departure="10:40" routeNo="60">Bønes senter</stop>
    <stop arrival="10:41" departure="10:41">Våkleiva</stop>
    <stop arrival="10:41" departure="10:41">Bønes hagesenter</stop>
    <stop arrival="10:43" departure="10:43">Bønes skole</stop>
    <stop arrival="10:44" departure="10:44">Kråkenestoppen</stop>
    <stop arrival="10:45" departure="10:45">Bergvegen</stop>
    <stop arrival="10:46" departure="10:46">Langebekken</stop>
    <stop arrival="10:47" departure="10:47">Langegården</stop>
    <stop arrival="10:47" departure="10:47">Krambua</stop>
    <stop arrival="10:48" departure="10:48">Fjøsanger</stop>
    <stop arrival="10:52" departure="10:52">Kanalveien v/NRK</stop>
    <stop arrival="10:53" departure="10:53">Mindemyren</stop>
    <stop arrival="10:54" departure="10:54">Postterminalen</stop>
    <stop arrival="10:54" departure="10:54">Kanalveien v/LBK</stop>
    <stop arrival="10:56" departure="10:56">Danmarksplass v/Forum kino</stop>
    <stop arrival="10:59" departure="10:59">Bergen Busstasjon</stop>
    <stop arrival="11:00" departure="11:00">Christies gate (Festplassen)</stop>
    <stop arrival="11:05">Bergen Busstasjon</stop>
  </route>
  <route no="23" destination="Bergen Busstasjon" url="http://www.web2051.no/bin/tp/zuginfo.exe/on/53064/21813/77572/21102/1/" trafficDays="kjører Ma - Fr, ikke 13., 17., 24. Mai">
    <stop departure="10:24" routeNo="23">Birkelandskrysset Terminal</stop>
    <stop arrival="10:25" departure="10:25">Gomarhaug</stop>
    <stop arrival="10:26" departure="10:26">Sandsliskiftet</stop>
    <stop arrival="10:26" departure="10:26">Håvardstun</stop>
    <stop arrival="10:28" departure="10:28">Meyer</stop>
    <stop arrival="10:29" departure="10:29">Rådal</stop>
    <stop arrival="10:30" departure="10:30">Rådal ved Lagunen</stop>
    <stop arrival="10:35" departure="10:35">Skjold skole</stop>
    <stop arrival="10:37" departure="10:37">Mårdalen</stop>
    <stop arrival="10:38" departure="10:38">Nesttunbrekka</stop>
    <stop arrival="10:38" departure="10:38">Skjoldskiftet</stop>
    <stop arrival="10:39" departure="10:39">Nesttun</stop>
    <stop arrival="10:40" departure="10:40">Nesttun terminal</stop>
    <stop arrival="10:42" departure="10:42">Hopsbro</stop>
    <stop arrival="10:44" departure="10:44">Tveiteråsskiftet</stop>
    <stop arrival="10:45" departure="10:45">Paradis</stop>
    <stop arrival="10:47" departure="10:47">Nydalen</stop>
    <stop arrival="10:49" departure="10:49">Fantoft</stop>
    <stop arrival="10:50" departure="10:50">Storetveit</stop>
    <stop arrival="10:50" departure="10:50">Elvebakken</stop>
    <stop arrival="10:51" departure="10:51">Minde</stop>
    <stop arrival="10:54" departure="10:54">Mindemyren</stop>
    <stop arrival="10:55" departure="10:55">Postterminalen</stop>
    <stop arrival="10:56" departure="10:56">Kanalveien v/LBK</stop>
    <stop arrival="10:58" departure="10:58">Danmarksplass v/Forum kino</stop>
    <stop arrival="11:01" departure="11:01">Bergen Busstasjon</stop>
    <stop arrival="11:04" departure="11:04">Christies gate (Festplassen)</stop>
    <stop arrival="11:09">Bergen Busstasjon</stop>
  </route>
  <route no="23" destination="Bergen Busstasjon" url="http://www.web2051.no/bin/tp/zuginfo.exe/on/785625/265972/710860/93555/1/" trafficDays="kjører Lø, ikke 1. Mai">
    <stop departure="10:26" routeNo="23">Birkelandskrysset Terminal</stop>
    <stop arrival="10:27" departure="10:27">Gomarhaug</stop>
    <stop arrival="10:28" departure="10:28">Sandsliskiftet</stop>
    <stop arrival="10:28" departure="10:28">Håvardstun</stop>
    <stop arrival="10:30" departure="10:30">Meyer</stop>
    <stop arrival="10:31" departure="10:31">Rådal</stop>
    <stop arrival="10:32" departure="10:32">Rådal ved Lagunen</stop>
    <stop arrival="10:35" departure="10:35">Skjold skole</stop>
    <stop arrival="10:37" departure="10:37">Mårdalen</stop>
    <stop arrival="10:38" departure="10:38">Nesttunbrekka</stop>
    <stop arrival="10:38" departure="10:38">Skjoldskiftet</stop>
    <stop arrival="10:39" departure="10:39">Nesttun</stop>
    <stop arrival="10:40" departure="10:40">Nesttun terminal</stop>
    <stop arrival="10:42" departure="10:42">Hopsbro</stop>
    <stop arrival="10:44" departure="10:44">Tveiteråsskiftet</stop>
    <stop arrival="10:45" departure="10:45">Paradis</stop>
    <stop arrival="10:47" departure="10:47">Nydalen</stop>
    <stop arrival="10:49" departure="10:49">Fantoft</stop>
    <stop arrival="10:50" departure="10:50">Storetveit</stop>
    <stop arrival="10:50" departure="10:50">Elvebakken</stop>
    <stop arrival="10:51" departure="10:51">Minde</stop>
    <stop arrival="10:55" departure="10:55">Mindemyren</stop>
    <stop arrival="10:56" departure="10:56">Postterminalen</stop>
    <stop arrival="10:56" departure="10:56">Kanalveien v/LBK</stop>
    <stop arrival="10:58" departure="10:58">Danmarksplass v/Forum kino</stop>
    <stop arrival="11:02" departure="11:02">Bergen Busstasjon</stop>
    <stop arrival="11:05" departure="11:05">Christies gate (Festplassen)</stop>
    <stop arrival="11:10">Bergen Busstasjon</stop>
  </route>
  <route no="620" destination="Bergen Busstasjon" url="http://www.web2051.no/bin/tp/zuginfo.exe/on/650112/222401/615834/91213/1/" trafficDays="kjører Sø, også 1., 13., 17., 24. Mai">
    <stop departure="10:15" routeNo="620">Os - Osøyro</stop>
    <stop arrival="10:16" departure="10:16">Fjellheim</stop>
    <stop arrival="10:17" departure="10:17">Kuven</stop>
    <stop arrival="10:18" departure="10:18">Flåten (Os)</stop>
    <stop arrival="10:19" departure="10:19">Flåten Senter</stop>
    <stop arrival="10:20" departure="10:20">Tøsdalskiftet</stop>
    <stop arrival="10:20" departure="10:20">Ulvenskiftet</stop>
    <stop arrival="10:21" departure="10:21">Hetleflåten</stop>
    <stop arrival="10:22" departure="10:22">Helleflåttre</stop>
    <stop arrival="10:23" departure="10:23">Storestraumen</stop>
    <stop arrival="10:24" departure="10:24">Søfteland skule</stop>
    <stop arrival="10:25" departure="10:25">Søfteland</stop>
    <stop arrival="10:25" departure="10:25">Gåssandskiftet</stop>
    <stop arrival="10:26" departure="10:26">Tømmernes</stop>
    <stop arrival="10:26" departure="10:26">Røykenes (Os)</stop>
    <stop arrival="10:27" departure="10:27">Bahus</stop>
    <stop arrival="10:28" departure="10:28">Fløysand</stop>
    <stop arrival="10:28" departure="10:28">Kalandseid</stop>
    <stop arrival="10:29" departure="10:29">Austevoll (Fana)</stop>
    <stop arrival="10:30" departure="10:30">Kaland (Fana)</stop>
    <stop arrival="10:31" departure="10:31">Smådalen (Kaland i Fana)</stop>
    <stop arrival="10:31" departure="10:31">Kaland skole (Fana)</stop>
    <stop arrival="10:33" departure="10:33">Nedre Sandven</stop>
    <stop arrival="10:33" departure="10:33">Sandven</stop>
    <stop arrival="10:34" departure="10:34">Øvre Hatlestad</stop>
    <stop arrival="10:35" departure="10:35">Hatlestadlia</stop>
    <stop arrival="10:36" departure="10:36">Hatlestad terr.</stop>
    <stop arrival="10:37" departure="10:37">Valle (Fana)</stop>
    <stop arrival="10:38" departure="10:38">Kirkebirkeland</stop>
    <stop arrival="10:39" departure="10:39">Lilletvedt</stop>
    <stop arrival="10:40" departure="10:40">Bjørkåsen</stop>
    <stop arrival="10:41" departure="10:41">Elvenes vegkryss</stop>
    <stop arrival="10:42" departure="10:42">Skjoldskiftet</stop>
    <stop arrival="10:42" departure="10:42">Nesttun</stop>
    <stop arrival="10:43" departure="10:43">Nesttun terminal</stop>
    <stop arrival="10:45" departure="10:45">Hopsbro</stop>
    <stop arrival="10:47" departure="10:47">Tveiteråsskiftet</stop>
    <stop arrival="10:48" departure="10:48">Paradis</stop>
    <stop arrival="10:50" departure="10:50">Nydalen</stop>
    <stop arrival="10:52" departure="10:52">Fantoft</stop>
    <stop arrival="10:53" departure="10:53">Storetveit</stop>
    <stop arrival="10:53" departure="10:53">Elvebakken</stop>
    <stop arrival="10:54" departure="10:54">Minde</stop>
    <stop arrival="10:57" departure="10:57">Mindemyren</stop>
    <stop arrival="10:58" departure="10:58">Postterminalen</stop>
    <stop arrival="10:58" departure="10:58">Kanalveien v/LBK</stop>
    <stop arrival="11:00" departure="11:00">Danmarksplass v/Forum kino</stop>
    <stop arrival="11:05" departure="11:05">Bergen Busstasjon</stop>
    <stop arrival="11:08" departure="11:08">Christies gate (Festplassen)</stop>
    <stop arrival="11:13">Bergen Busstasjon</stop>
  </route>
</routes>
