<?xml version="1.0" encoding="UTF-8"?>
<routes>
  <route no="392" destination="Lonevåg terminal" url="http://www.web2051.no/bin/tp/zuginfo.exe/on/168534/57198/676848/282246/1/" trafficDays="kjører Ma - Fr, ikke 13., 17., 24. Mai">
    <stop departure="9:48" routeNo="392">Arna terminal</stop>
    <stop arrival="9:49" departure="9:49">Arna E 16</stop>
    <stop arrival="9:53" departure="9:53">Takvam E16</stop>
    <stop arrival="9:54" departure="9:54">Herland Kvistibru</stop>
    <stop arrival="9:57" departure="9:57">Kvisti (Osterøy)</stop>
    <stop arrival="9:59" departure="9:59">Ambogen vkr</stop>
    <stop arrival="9:59" departure="9:59">Kolabakken</stop>
    <stop arrival="10:00" departure="10:00">Veset</stop>
    <stop arrival="10:01" departure="10:01">Veset</stop>
    <stop arrival="10:01" departure="10:01">Vinåsen</stop>
    <stop arrival="10:02" departure="10:02">Rødland</stop>
    <stop arrival="10:02" departure="10:02">Rolland vkr. (Osterøy)</stop>
    <stop arrival="10:04" departure="10:04">Orrheia, Osterøy</stop>
    <stop arrival="10:04" departure="10:04">Mæle</stop>
    <stop arrival="10:04" departure="10:04">Mæle</stop>
    <stop arrival="10:05" departure="10:05">Ranen (Osterøy)</stop>
    <stop arrival="10:06" departure="10:06">Korsåsen byggefelt (Osterøy)</stop>
    <stop arrival="10:07" departure="10:07">Litunsvingen</stop>
    <stop arrival="10:07" departure="10:07">Hartveit (Osterøy)</stop>
    <stop arrival="10:08" departure="10:08">Hartveit (Osterøy)</stop>
    <stop arrival="10:08" departure="10:08">Seljerinden</stop>
    <stop arrival="10:09" departure="10:09">Presttun</stop>
    <stop arrival="10:10" departure="10:10">Presttun</stop>
    <stop arrival="10:10" departure="10:10">Skistad, Osterøy</stop>
    <stop arrival="10:11" departure="10:11">Solberg (Osterøy)</stop>
    <stop arrival="10:11" departure="10:11">Solberg (Osterøy)</stop>
    <stop arrival="10:12" departure="10:12">Flatevad, Osterøy</stop>
    <stop arrival="10:13" departure="10:13">Flatevad N, Osterøy</stop>
    <stop arrival="10:13" departure="10:13">Nyleitet, Osterøy</stop>
    <stop arrival="10:14" departure="10:14">Hatland v ungdomsskulen</stop>
    <stop arrival="10:15" departure="10:15">Lonevåg v Rådhuset</stop>
    <stop arrival="10:16" departure="10:16">Lonevåg v Coop</stop>
    <stop arrival="10:17">Lonevåg terminal</stop>
  </route>
  <route no="392" destination="Lonevåg terminal" url="http://www.web2051.no/bin/tp/zuginfo.exe/on/689955/231005/783008/161519/1/" trafficDays="kjører Ma - Fr, ikke 13., 17., 24. Mai">
    <stop departure="9:48" routeNo="392">Arna terminal</stop>
    <stop arrival="9:49" departure="9:49">Arna E 16</stop>
    <stop arrival="9:53" departure="9:53">Takvam E16</stop>
    <stop arrival="9:54" departure="9:54">Herland Kvistibru</stop>
    <stop arrival="9:57" departure="9:57">Kvisti (Osterøy)</stop>
    <stop arrival="9:59" departure="9:59">Ambogen vkr</stop>
    <stop arrival="9:59" departure="9:59">Kolabakken</stop>
    <stop arrival="10:00" departure="10:00">Veset</stop>
    <stop arrival="10:01" departure="10:01">Veset</stop>
    <stop arrival="10:01" departure="10:01">Vinåsen</stop>
    <stop arrival="10:02" departure="10:02">Rødland</stop>
    <stop arrival="10:02" departure="10:02">Rolland vkr. (Osterøy)</stop>
    <stop arrival="10:04" departure="10:04">Orrheia, Osterøy</stop>
    <stop arrival="10:04" departure="10:04">Mæle</stop>
    <stop arrival="10:04" departure="10:04">Mæle</stop>
    <stop arrival="10:05" departure="10:05">Ranen (Osterøy)</stop>
    <stop arrival="10:06" departure="10:06">Korsåsen byggefelt (Osterøy)</stop>
    <stop arrival="10:07" departure="10:07">Litunsvingen</stop>
    <stop arrival="10:07" departure="10:07">Hartveit (Osterøy)</stop>
    <stop arrival="10:08" departure="10:08">Hartveit (Osterøy)</stop>
    <stop arrival="10:08" departure="10:08">Seljerinden</stop>
    <stop arrival="10:09" departure="10:09">Presttun</stop>
    <stop arrival="10:10" departure="10:10">Presttun</stop>
    <stop arrival="10:10" departure="10:10">Skistad, Osterøy</stop>
    <stop arrival="10:11" departure="10:11">Solberg (Osterøy)</stop>
    <stop arrival="10:11" departure="10:11">Solberg (Osterøy)</stop>
    <stop arrival="10:12" departure="10:12">Flatevad, Osterøy</stop>
    <stop arrival="10:13" departure="10:13">Flatevad N, Osterøy</stop>
    <stop arrival="10:13" departure="10:13">Nyleitet, Osterøy</stop>
    <stop arrival="10:14" departure="10:14">Hatland v ungdomsskulen</stop>
    <stop arrival="10:15" departure="10:15">Lonevåg v Rådhuset</stop>
    <stop arrival="10:16" departure="10:16">Lonevåg v Coop</stop>
    <stop arrival="10:17">Lonevåg terminal</stop>
  </route>
  <route no="392" destination="Arna terminal" url="http://www.web2051.no/bin/tp/zuginfo.exe/on/740979/248012/222734/135626/1/" trafficDays="kjører Ma - Fr, ikke 13., 17., 24. Mai">
    <stop departure="10:50" routeNo="392">Lonevåg terminal</stop>
    <stop arrival="10:51" departure="10:51">Lonevåg v Coop</stop>
    <stop arrival="10:52" departure="10:52">Lonevåg v Rådhuset</stop>
    <stop arrival="10:52" departure="10:52">Hatland v ungdomsskulen</stop>
    <stop arrival="10:53" departure="10:53">Nyleitet, Osterøy</stop>
    <stop arrival="10:53" departure="10:53">Flatevad N, Osterøy</stop>
    <stop arrival="10:54" departure="10:54">Flatevad, Osterøy</stop>
    <stop arrival="10:55" departure="10:55">Solberg (Osterøy)</stop>
    <stop arrival="10:55" departure="10:55">Solberg (Osterøy)</stop>
    <stop arrival="10:56" departure="10:56">Skistad, Osterøy</stop>
    <stop arrival="10:56" departure="10:56">Presttun</stop>
    <stop arrival="10:57" departure="10:57">Presttun</stop>
    <stop arrival="10:58" departure="10:58">Seljerinden</stop>
    <stop arrival="10:58" departure="10:58">Hartveit (Osterøy)</stop>
    <stop arrival="10:59" departure="10:59">Hartveit (Osterøy)</stop>
    <stop arrival="11:00" departure="11:00">Litunsvingen</stop>
    <stop arrival="11:01" departure="11:01">Korsåsen byggefelt (Osterøy)</stop>
    <stop arrival="11:02" departure="11:02">Ranen (Osterøy)</stop>
    <stop arrival="11:03" departure="11:03">Mæle</stop>
    <stop arrival="11:03" departure="11:03">Mæle</stop>
    <stop arrival="11:04" departure="11:04">Orrheia, Osterøy</stop>
    <stop arrival="11:05" departure="11:05">Rolland vkr. (Osterøy)</stop>
    <stop arrival="11:06" departure="11:06">Rødland</stop>
    <stop arrival="11:07" departure="11:07">Vinåsen</stop>
    <stop arrival="11:07" departure="11:07">Veset</stop>
    <stop arrival="11:08" departure="11:08">Veset</stop>
    <stop arrival="11:09" departure="11:09">Kolabakken</stop>
    <stop arrival="11:09" departure="11:09">Ambogen vkr</stop>
    <stop arrival="11:10" departure="11:10">Mjeldalen Øvre</stop>
    <stop arrival="11:11" departure="11:11">Mjeldalen v Ungdomsshus</stop>
    <stop arrival="11:11" departure="11:11">Mjeldalen</stop>
    <stop arrival="11:12" departure="11:12">Mjeldalen v gml kommunehus</stop>
    <stop arrival="11:14" departure="11:14">Haus</stop>
    <stop arrival="11:15" departure="11:15">Åsheimveien</stop>
    <stop arrival="11:15" departure="11:15">Haus</stop>
    <stop arrival="11:15" departure="11:15">Leikneset</stop>
    <stop arrival="11:16" departure="11:16">Leikneset</stop>
    <stop arrival="11:17" departure="11:17">Leikneset</stop>
    <stop arrival="11:19" departure="11:19">Vikne nord</stop>
    <stop arrival="11:20" departure="11:20">Vikne</stop>
    <stop arrival="11:21" departure="11:21">Vikne sør</stop>
    <stop arrival="11:22" departure="11:22">Kvisti (Osterøy)</stop>
    <stop arrival="11:25" departure="11:25">Takvam rundkøyring</stop>
    <stop arrival="11:26" departure="11:26">Tunestveit</stop>
    <stop arrival="11:27" departure="11:27">Tunestveit</stop>
    <stop arrival="11:27" departure="11:27">Tunes skule</stop>
    <stop arrival="11:27" departure="11:27">Tunes</stop>
    <stop arrival="11:28" departure="11:28">Garnesmarka øst</stop>
    <stop arrival="11:29" departure="11:29">Garnesmarka</stop>
    <stop arrival="11:29" departure="11:29">Garnesmarka vest</stop>
    <stop arrival="11:29" departure="11:29">Garnes vid.skule</stop>
    <stop arrival="11:30" departure="11:30">Garnes- v Gymnaset</stop>
    <stop arrival="11:32" departure="11:32">Garneshøgden</stop>
    <stop arrival="11:33" departure="11:33">Seimsmark</stop>
    <stop arrival="11:35" departure="11:35">Beyer (Arna)</stop>
    <stop arrival="11:37" departure="11:37">Bommane (Arna)</stop>
    <stop arrival="11:40">Arna terminal</stop>
  </route>
  <route no="392" destination="Lonevåg terminal" url="http://www.web2051.no/bin/tp/zuginfo.exe/on/263346/88811/18534/78515/1/" trafficDays="kjører Sø, også 1., 13., 17., 24. Mai">
    <stop departure="10:18" routeNo="392">Arna terminal</stop>
    <stop arrival="10:19" departure="10:19">Bommane (Arna)</stop>
    <stop arrival="10:20" departure="10:20">Beyer (Arna)</stop>
    <stop arrival="10:21" departure="10:21">Seimsmark</stop>
    <stop arrival="10:22" departure="10:22">Garneshøgden</stop>
    <stop arrival="10:23" departure="10:23">Garnes- v Gymnaset</stop>
    <stop arrival="10:24" departure="10:24">Garnes vid.skule</stop>
    <stop arrival="10:25" departure="10:25">Garnesmarka vest</stop>
    <stop arrival="10:25" departure="10:25">Garnesmarka</stop>
    <stop arrival="10:26" departure="10:26">Garnesmarka øst</stop>
    <stop arrival="10:27" departure="10:27">Tunes</stop>
    <stop arrival="10:27" departure="10:27">Tunes skule</stop>
    <stop arrival="10:28" departure="10:28">Tunestveit</stop>
    <stop arrival="10:29" departure="10:29">Tunestveit</stop>
    <stop arrival="10:30" departure="10:30">Takvam rundkøyring</stop>
    <stop arrival="10:30" departure="10:30">Takvam E16</stop>
    <stop arrival="10:31" departure="10:31">Herland Kvistibru</stop>
    <stop arrival="10:33" departure="10:33">Kvisti (Osterøy)</stop>
    <stop arrival="10:34" departure="10:34">Vikne sør</stop>
    <stop arrival="10:35" departure="10:35">Vikne</stop>
    <stop arrival="10:36" departure="10:36">Vikne nord</stop>
    <stop arrival="10:37" departure="10:37">Leikneset</stop>
    <stop arrival="10:38" departure="10:38">Leikneset</stop>
    <stop arrival="10:39" departure="10:39">Leikneset</stop>
    <stop arrival="10:40" departure="10:40">Haus</stop>
    <stop arrival="10:40" departure="10:40">Åsheimveien</stop>
    <stop arrival="10:41" departure="10:41">Haus</stop>
    <stop arrival="10:43" departure="10:43">Mjeldalen v gml kommunehus</stop>
    <stop arrival="10:44" departure="10:44">Mjeldalen</stop>
    <stop arrival="10:44" departure="10:44">Mjeldalen v Ungdomsshus</stop>
    <stop arrival="10:45" departure="10:45">Mjeldalen Øvre</stop>
    <stop arrival="10:46" departure="10:46">Ambogen vkr</stop>
    <stop arrival="10:46" departure="10:46">Kolabakken</stop>
    <stop arrival="10:47" departure="10:47">Veset</stop>
    <stop arrival="10:48" departure="10:48">Veset</stop>
    <stop arrival="10:48" departure="10:48">Vinåsen</stop>
    <stop arrival="10:49" departure="10:49">Rødland</stop>
    <stop arrival="10:49" departure="10:49">Rolland vkr. (Osterøy)</stop>
    <stop arrival="10:51" departure="10:51">Orrheia, Osterøy</stop>
    <stop arrival="10:51" departure="10:51">Mæle</stop>
    <stop arrival="10:51" departure="10:51">Mæle</stop>
    <stop arrival="10:52" departure="10:52">Ranen (Osterøy)</stop>
    <stop arrival="10:53" departure="10:53">Korsåsen byggefelt (Osterøy)</stop>
    <stop arrival="10:54" departure="10:54">Litunsvingen</stop>
    <stop arrival="10:54" departure="10:54">Hartveit (Osterøy)</stop>
    <stop arrival="10:55" departure="10:55">Hartveit (Osterøy)</stop>
    <stop arrival="10:55" departure="10:55">Seljerinden</stop>
    <stop arrival="10:56" departure="10:56">Presttun</stop>
    <stop arrival="10:57" departure="10:57">Presttun</stop>
    <stop arrival="10:57" departure="10:57">Skistad, Osterøy</stop>
    <stop arrival="10:58" departure="10:58">Solberg (Osterøy)</stop>
    <stop arrival="10:58" departure="10:58">Solberg (Osterøy)</stop>
    <stop arrival="10:59" departure="10:59">Flatevad, Osterøy</stop>
    <stop arrival="11:00" departure="11:00">Flatevad N, Osterøy</stop>
    <stop arrival="11:00" departure="11:00">Nyleitet, Osterøy</stop>
    <stop arrival="11:01" departure="11:01">Hatland v ungdomsskulen</stop>
    <stop arrival="11:02" departure="11:02">Lonevåg v Rådhuset</stop>
    <stop arrival="11:03" departure="11:03">Lonevåg v Coop</stop>
    <stop arrival="11:04">Lonevåg terminal</stop>
  </route>
  <route no="392" destination="Lonevåg terminal" url="http://www.web2051.no/bin/tp/zuginfo.exe/on/537789/180292/903744/272609/1/" trafficDays="kjører Sø, også 1., 13., 17., 24. Mai">
    <stop departure="10:18" routeNo="392">Arna terminal</stop>
    <stop arrival="10:19" departure="10:19">Bommane (Arna)</stop>
    <stop arrival="10:20" departure="10:20">Beyer (Arna)</stop>
    <stop arrival="10:21" departure="10:21">Seimsmark</stop>
    <stop arrival="10:22" departure="10:22">Garneshøgden</stop>
    <stop arrival="10:23" departure="10:23">Garnes- v Gymnaset</stop>
    <stop arrival="10:24" departure="10:24">Garnes vid.skule</stop>
    <stop arrival="10:25" departure="10:25">Garnesmarka vest</stop>
    <stop arrival="10:25" departure="10:25">Garnesmarka</stop>
    <stop arrival="10:26" departure="10:26">Garnesmarka øst</stop>
    <stop arrival="10:27" departure="10:27">Tunes</stop>
    <stop arrival="10:27" departure="10:27">Tunes skule</stop>
    <stop arrival="10:28" departure="10:28">Tunestveit</stop>
    <stop arrival="10:29" departure="10:29">Tunestveit</stop>
    <stop arrival="10:30" departure="10:30">Takvam rundkøyring</stop>
    <stop arrival="10:30" departure="10:30">Takvam E16</stop>
    <stop arrival="10:31" departure="10:31">Herland Kvistibru</stop>
    <stop arrival="10:33" departure="10:33">Kvisti (Osterøy)</stop>
    <stop arrival="10:34" departure="10:34">Vikne sør</stop>
    <stop arrival="10:35" departure="10:35">Vikne</stop>
    <stop arrival="10:36" departure="10:36">Vikne nord</stop>
    <stop arrival="10:37" departure="10:37">Leikneset</stop>
    <stop arrival="10:38" departure="10:38">Leikneset</stop>
    <stop arrival="10:39" departure="10:39">Leikneset</stop>
    <stop arrival="10:40" departure="10:40">Haus</stop>
    <stop arrival="10:40" departure="10:40">Åsheimveien</stop>
    <stop arrival="10:41" departure="10:41">Haus</stop>
    <stop arrival="10:43" departure="10:43">Mjeldalen v gml kommunehus</stop>
    <stop arrival="10:44" departure="10:44">Mjeldalen</stop>
    <stop arrival="10:44" departure="10:44">Mjeldalen v Ungdomsshus</stop>
    <stop arrival="10:45" departure="10:45">Mjeldalen Øvre</stop>
    <stop arrival="10:46" departure="10:46">Ambogen vkr</stop>
    <stop arrival="10:46" departure="10:46">Kolabakken</stop>
    <stop arrival="10:47" departure="10:47">Veset</stop>
    <stop arrival="10:48" departure="10:48">Veset</stop>
    <stop arrival="10:48" departure="10:48">Vinåsen</stop>
    <stop arrival="10:49" departure="10:49">Rødland</stop>
    <stop arrival="10:49" departure="10:49">Rolland vkr. (Osterøy)</stop>
    <stop arrival="10:51" departure="10:51">Orrheia, Osterøy</stop>
    <stop arrival="10:51" departure="10:51">Mæle</stop>
    <stop arrival="10:51" departure="10:51">Mæle</stop>
    <stop arrival="10:52" departure="10:52">Ranen (Osterøy)</stop>
    <stop arrival="10:53" departure="10:53">Korsåsen byggefelt (Osterøy)</stop>
    <stop arrival="10:54" departure="10:54">Litunsvingen</stop>
    <stop arrival="10:54" departure="10:54">Hartveit (Osterøy)</stop>
    <stop arrival="10:55" departure="10:55">Hartveit (Osterøy)</stop>
    <stop arrival="10:55" departure="10:55">Seljerinden</stop>
    <stop arrival="10:56" departure="10:56">Presttun</stop>
    <stop arrival="10:57" departure="10:57">Presttun</stop>
    <stop arrival="10:57" departure="10:57">Skistad, Osterøy</stop>
    <stop arrival="10:58" departure="10:58">Solberg (Osterøy)</stop>
    <stop arrival="10:58" departure="10:58">Solberg (Osterøy)</stop>
    <stop arrival="10:59" departure="10:59">Flatevad, Osterøy</stop>
    <stop arrival="11:00" departure="11:00">Flatevad N, Osterøy</stop>
    <stop arrival="11:00" departure="11:00">Nyleitet, Osterøy</stop>
    <stop arrival="11:01" departure="11:01">Hatland v ungdomsskulen</stop>
    <stop arrival="11:02" departure="11:02">Lonevåg v Rådhuset</stop>
    <stop arrival="11:03" departure="11:03">Lonevåg v Coop</stop>
    <stop arrival="11:04">Lonevåg terminal</stop>
  </route>
  <route no="392" destination="Arna terminal" url="http://www.web2051.no/bin/tp/zuginfo.exe/on/783030/262029/550436/14208/1/" trafficDays="kjører Ma - Fr, ikke 13., 17., 24. Mai">
    <stop departure="10:50" routeNo="392">Lonevåg terminal</stop>
    <stop arrival="10:51" departure="10:51">Lonevåg v Coop</stop>
    <stop arrival="10:52" departure="10:52">Lonevåg v Rådhuset</stop>
    <stop arrival="10:52" departure="10:52">Hatland v ungdomsskulen</stop>
    <stop arrival="10:53" departure="10:53">Nyleitet, Osterøy</stop>
    <stop arrival="10:53" departure="10:53">Flatevad N, Osterøy</stop>
    <stop arrival="10:54" departure="10:54">Flatevad, Osterøy</stop>
    <stop arrival="10:55" departure="10:55">Solberg (Osterøy)</stop>
    <stop arrival="10:55" departure="10:55">Solberg (Osterøy)</stop>
    <stop arrival="10:56" departure="10:56">Skistad, Osterøy</stop>
    <stop arrival="10:56" departure="10:56">Presttun</stop>
    <stop arrival="10:57" departure="10:57">Presttun</stop>
    <stop arrival="10:58" departure="10:58">Seljerinden</stop>
    <stop arrival="10:58" departure="10:58">Hartveit (Osterøy)</stop>
    <stop arrival="10:59" departure="10:59">Hartveit (Osterøy)</stop>
    <stop arrival="11:00" departure="11:00">Litunsvingen</stop>
    <stop arrival="11:01" departure="11:01">Korsåsen byggefelt (Osterøy)</stop>
    <stop arrival="11:02" departure="11:02">Ranen (Osterøy)</stop>
    <stop arrival="11:03" departure="11:03">Mæle</stop>
    <stop arrival="11:03" departure="11:03">Mæle</stop>
    <stop arrival="11:04" departure="11:04">Orrheia, Osterøy</stop>
    <stop arrival="11:05" departure="11:05">Rolland vkr. (Osterøy)</stop>
    <stop arrival="11:06" departure="11:06">Rødland</stop>
    <stop arrival="11:07" departure="11:07">Vinåsen</stop>
    <stop arrival="11:07" departure="11:07">Veset</stop>
    <stop arrival="11:08" departure="11:08">Veset</stop>
    <stop arrival="11:09" departure="11:09">Kolabakken</stop>
    <stop arrival="11:09" departure="11:09">Ambogen vkr</stop>
    <stop arrival="11:10" departure="11:10">Mjeldalen Øvre</stop>
    <stop arrival="11:11" departure="11:11">Mjeldalen v Ungdomsshus</stop>
    <stop arrival="11:11" departure="11:11">Mjeldalen</stop>
    <stop arrival="11:12" departure="11:12">Mjeldalen v gml kommunehus</stop>
    <stop arrival="11:14" departure="11:14">Haus</stop>
    <stop arrival="11:15" departure="11:15">Åsheimveien</stop>
    <stop arrival="11:15" departure="11:15">Haus</stop>
    <stop arrival="11:15" departure="11:15">Leikneset</stop>
    <stop arrival="11:16" departure="11:16">Leikneset</stop>
    <stop arrival="11:17" departure="11:17">Leikneset</stop>
    <stop arrival="11:19" departure="11:19">Vikne nord</stop>
    <stop arrival="11:20" departure="11:20">Vikne</stop>
    <stop arrival="11:21" departure="11:21">Vikne sør</stop>
    <stop arrival="11:22" departure="11:22">Kvisti (Osterøy)</stop>
    <stop arrival="11:25" departure="11:25">Takvam rundkøyring</stop>
    <stop arrival="11:26" departure="11:26">Tunestveit</stop>
    <stop arrival="11:27" departure="11:27">Tunestveit</stop>
    <stop arrival="11:27" departure="11:27">Tunes skule</stop>
    <stop arrival="11:27" departure="11:27">Tunes</stop>
    <stop arrival="11:28" departure="11:28">Garnesmarka øst</stop>
    <stop arrival="11:29" departure="11:29">Garnesmarka</stop>
    <stop arrival="11:29" departure="11:29">Garnesmarka vest</stop>
    <stop arrival="11:29" departure="11:29">Garnes vid.skule</stop>
    <stop arrival="11:30" departure="11:30">Garnes- v Gymnaset</stop>
    <stop arrival="11:32" departure="11:32">Garneshøgden</stop>
    <stop arrival="11:33" departure="11:33">Seimsmark</stop>
    <stop arrival="11:35" departure="11:35">Beyer (Arna)</stop>
    <stop arrival="11:37" departure="11:37">Bommane (Arna)</stop>
    <stop arrival="11:40">Arna terminal</stop>
  </route>
</routes>
