<?xml version="1.0" encoding="UTF-8"?>
<routes>
  <route no="5" destination="Mulen" url="http://www.web2051.no/bin/tp/zuginfo.exe/on/788244/266246/866738/170621/1/" trafficDays="kjører Lø, ikke 1. Mai">
    <stop departure="9:45" routeNo="5">Mindeveien endeholdeplass</stop>
    <stop arrival="9:46" departure="9:46">Løbergsv. v/nr. 98</stop>
    <stop arrival="9:46" departure="9:46">Løbergsv. v/kirkegården</stop>
    <stop arrival="9:47" departure="9:47">Lærerbakken</stop>
    <stop arrival="9:49" departure="9:49">Skrivergaten</stop>
    <stop arrival="9:50" departure="9:50">Blekenberg</stop>
    <stop arrival="9:51" departure="9:51">Solheimslien v/høyblokk</stop>
    <stop arrival="9:52" departure="9:52">Solheimslien v/nr. 32</stop>
    <stop arrival="9:53" departure="9:53">Solheimslien</stop>
    <stop arrival="9:53" departure="9:53">Frydenbølien</stop>
    <stop arrival="9:54" departure="9:54">Lien nord (Gyldenpris)</stop>
    <stop arrival="9:55" departure="9:55">Gyldenprisveien</stop>
    <stop arrival="9:58" departure="9:58">Møhlenpris v/ Industrihuset</stop>
    <stop arrival="10:00" departure="10:00">Christies gate (Festplassen)</stop>
    <stop arrival="10:03" departure="10:03">Torget v/DnB</stop>
    <stop arrival="10:06" departure="10:06">Bryggen</stop>
    <stop arrival="10:07" departure="10:07">Sandbrugaten</stop>
    <stop arrival="10:10" departure="10:10">Helgesens gate</stop>
    <stop arrival="10:11" departure="10:11">Ladegårdsgaten</stop>
    <stop arrival="10:12" departure="10:12">Øvre Sandviksvei</stop>
    <stop arrival="10:13" departure="10:13">Prahls vei</stop>
    <stop arrival="10:15">Mulen</stop>
  </route>
  <route no="5" destination="Mindeveien endeholdeplass" url="http://www.web2051.no/bin/tp/zuginfo.exe/on/338391/116297/353638/64022/1/" trafficDays="kjører Lø, ikke 1. Mai">
    <stop departure="10:15" routeNo="5">Mulen</stop>
    <stop arrival="10:16" departure="10:16">Prahls vei</stop>
    <stop arrival="10:17" departure="10:17">Øvre Sandviksvei</stop>
    <stop arrival="10:19" departure="10:19">Ladegårdsgaten</stop>
    <stop arrival="10:19" departure="10:19">Helgesens gate</stop>
    <stop arrival="10:21" departure="10:21">Øvre Dreggsalmenningen</stop>
    <stop arrival="10:23" departure="10:23">Bryggen</stop>
    <stop arrival="10:24" departure="10:24">Torget v/Lido</stop>
    <stop arrival="10:25" departure="10:25">Olav Kyrres gate v/Hagelin</stop>
    <stop arrival="10:28" departure="10:28">Møhlenpris v/ Industrihuset</stop>
    <stop arrival="10:30" departure="10:30">Gyldenpris</stop>
    <stop arrival="10:32" departure="10:32">Gyldenprisveien</stop>
    <stop arrival="10:33" departure="10:33">Lien nord (Gyldenpris)</stop>
    <stop arrival="10:35" departure="10:35">Frydenbølien</stop>
    <stop arrival="10:36" departure="10:36">Solheimslien - nord</stop>
    <stop arrival="10:37" departure="10:37">Solheimslien</stop>
    <stop arrival="10:37" departure="10:37">Solheimslien v/nr. 32</stop>
    <stop arrival="10:38" departure="10:38">Solheimslien v/høyblokk</stop>
    <stop arrival="10:39" departure="10:39">Løvstakkveien</stop>
    <stop arrival="10:40" departure="10:40">Blekenberg</stop>
    <stop arrival="10:41" departure="10:41">Sygnagaten</stop>
    <stop arrival="10:42" departure="10:42">Søre Skogvei v/Løvstaklien</stop>
    <stop arrival="10:43" departure="10:43">Lærerbakken</stop>
    <stop arrival="10:43" departure="10:43">Kristian Bings vei</stop>
    <stop arrival="10:44" departure="10:44">Søndre Skogvei v/Mindeveien</stop>
    <stop arrival="10:44" departure="10:44">Mindeveien v/nr. 73</stop>
    <stop arrival="10:45">Mindeveien endeholdeplass</stop>
  </route>
  <route no="5" destination="Mindeveien endeholdeplass" url="http://www.web2051.no/bin/tp/zuginfo.exe/on/128667/46389/465598/189910/1/" trafficDays="kjører Lø, ikke 1. Mai">
    <stop departure="10:15" routeNo="5">Mulen</stop>
    <stop arrival="10:16" departure="10:16">Prahls vei</stop>
    <stop arrival="10:17" departure="10:17">Øvre Sandviksvei</stop>
    <stop arrival="10:19" departure="10:19">Ladegårdsgaten</stop>
    <stop arrival="10:19" departure="10:19">Helgesens gate</stop>
    <stop arrival="10:21" departure="10:21">Øvre Dreggsalmenningen</stop>
    <stop arrival="10:23" departure="10:23">Bryggen</stop>
    <stop arrival="10:24" departure="10:24">Torget v/Lido</stop>
    <stop arrival="10:25" departure="10:25">Olav Kyrres gate v/Hagelin</stop>
    <stop arrival="10:28" departure="10:28">Møhlenpris v/ Industrihuset</stop>
    <stop arrival="10:30" departure="10:30">Gyldenpris</stop>
    <stop arrival="10:32" departure="10:32">Gyldenprisveien</stop>
    <stop arrival="10:33" departure="10:33">Lien nord (Gyldenpris)</stop>
    <stop arrival="10:35" departure="10:35">Frydenbølien</stop>
    <stop arrival="10:36" departure="10:36">Solheimslien - nord</stop>
    <stop arrival="10:37" departure="10:37">Solheimslien</stop>
    <stop arrival="10:37" departure="10:37">Solheimslien v/nr. 32</stop>
    <stop arrival="10:38" departure="10:38">Solheimslien v/høyblokk</stop>
    <stop arrival="10:39" departure="10:39">Løvstakkveien</stop>
    <stop arrival="10:40" departure="10:40">Blekenberg</stop>
    <stop arrival="10:41" departure="10:41">Sygnagaten</stop>
    <stop arrival="10:42" departure="10:42">Søre Skogvei v/Løvstaklien</stop>
    <stop arrival="10:43" departure="10:43">Lærerbakken</stop>
    <stop arrival="10:43" departure="10:43">Kristian Bings vei</stop>
    <stop arrival="10:44" departure="10:44">Søndre Skogvei v/Mindeveien</stop>
    <stop arrival="10:44" departure="10:44">Mindeveien v/nr. 73</stop>
    <stop arrival="10:45">Mindeveien endeholdeplass</stop>
  </route>
  <route no="5" destination="Mulen" url="http://www.web2051.no/bin/tp/zuginfo.exe/on/592425/201007/270856/62048/1/" trafficDays="kjører Ma - Fr, ikke 13., 17., 24. Mai">
    <stop departure="9:50" routeNo="5">Mindeveien endeholdeplass</stop>
    <stop arrival="9:51" departure="9:51">Løbergsv. v/nr. 98</stop>
    <stop arrival="9:51" departure="9:51">Løbergsv. v/kirkegården</stop>
    <stop arrival="9:52" departure="9:52">Lærerbakken</stop>
    <stop arrival="9:54" departure="9:54">Skrivergaten</stop>
    <stop arrival="9:55" departure="9:55">Blekenberg</stop>
    <stop arrival="9:56" departure="9:56">Solheimslien v/høyblokk</stop>
    <stop arrival="9:57" departure="9:57">Solheimslien v/nr. 32</stop>
    <stop arrival="9:58" departure="9:58">Solheimslien</stop>
    <stop arrival="9:58" departure="9:58">Frydenbølien</stop>
    <stop arrival="9:59" departure="9:59">Lien nord (Gyldenpris)</stop>
    <stop arrival="10:00" departure="10:00">Gyldenprisveien</stop>
    <stop arrival="10:03" departure="10:03">Møhlenpris v/ Industrihuset</stop>
    <stop arrival="10:05" departure="10:05">Christies gate (Festplassen)</stop>
    <stop arrival="10:08" departure="10:08">Torget v/DnB</stop>
    <stop arrival="10:11" departure="10:11">Bryggen</stop>
    <stop arrival="10:12" departure="10:12">Sandbrugaten</stop>
    <stop arrival="10:15" departure="10:15">Helgesens gate</stop>
    <stop arrival="10:16" departure="10:16">Ladegårdsgaten</stop>
    <stop arrival="10:17" departure="10:17">Øvre Sandviksvei</stop>
    <stop arrival="10:18" departure="10:18">Prahls vei</stop>
    <stop arrival="10:20">Mulen</stop>
  </route>
  <route no="5" destination="Mulen" url="http://www.web2051.no/bin/tp/zuginfo.exe/on/27633/12693/268774/125176/1/" trafficDays="kjører Sø, også 1., 13., 17., 24. Mai">
    <stop departure="9:55" routeNo="5">Mindeveien endeholdeplass</stop>
    <stop arrival="9:56" departure="9:56">Løbergsv. v/nr. 98</stop>
    <stop arrival="9:56" departure="9:56">Løbergsv. v/kirkegården</stop>
    <stop arrival="9:57" departure="9:57">Lærerbakken</stop>
    <stop arrival="9:59" departure="9:59">Skrivergaten</stop>
    <stop arrival="10:00" departure="10:00">Blekenberg</stop>
    <stop arrival="10:01" departure="10:01">Solheimslien v/høyblokk</stop>
    <stop arrival="10:02" departure="10:02">Solheimslien v/nr. 32</stop>
    <stop arrival="10:03" departure="10:03">Solheimslien</stop>
    <stop arrival="10:03" departure="10:03">Frydenbølien</stop>
    <stop arrival="10:04" departure="10:04">Lien nord (Gyldenpris)</stop>
    <stop arrival="10:05" departure="10:05">Gyldenprisveien</stop>
    <stop arrival="10:08" departure="10:08">Møhlenpris v/ Industrihuset</stop>
    <stop arrival="10:10" departure="10:10">Christies gate (Festplassen)</stop>
    <stop arrival="10:13" departure="10:13">Torget v/DnB</stop>
    <stop arrival="10:15" departure="10:15">Bryggen</stop>
    <stop arrival="10:15" departure="10:15">Sandbrugaten</stop>
    <stop arrival="10:17" departure="10:17">Helgesens gate</stop>
    <stop arrival="10:17" departure="10:17">Ladegårdsgaten</stop>
    <stop arrival="10:18" departure="10:18">Øvre Sandviksvei</stop>
    <stop arrival="10:19" departure="10:19">Prahls vei</stop>
    <stop arrival="10:20">Mulen</stop>
  </route>
  <route no="5" destination="Mindeveien endeholdeplass" url="http://www.web2051.no/bin/tp/zuginfo.exe/on/51315/20588/702398/334094/1/" trafficDays="kjører Sø, også 1., 13., 17., 24. Mai">
    <stop departure="10:20" routeNo="5">Mulen</stop>
    <stop arrival="10:21" departure="10:21">Prahls vei</stop>
    <stop arrival="10:21" departure="10:21">Øvre Sandviksvei</stop>
    <stop arrival="10:22" departure="10:22">Ladegårdsgaten</stop>
    <stop arrival="10:23" departure="10:23">Helgesens gate</stop>
    <stop arrival="10:24" departure="10:24">Øvre Dreggsalmenningen</stop>
    <stop arrival="10:28" departure="10:28">Bryggen</stop>
    <stop arrival="10:29" departure="10:29">Torget v/Lido</stop>
    <stop arrival="10:30" departure="10:30">Olav Kyrres gate v/Hagelin</stop>
    <stop arrival="10:32" departure="10:32">Møhlenpris v/ Industrihuset</stop>
    <stop arrival="10:34" departure="10:34">Gyldenpris</stop>
    <stop arrival="10:35" departure="10:35">Gyldenprisveien</stop>
    <stop arrival="10:36" departure="10:36">Lien nord (Gyldenpris)</stop>
    <stop arrival="10:37" departure="10:37">Frydenbølien</stop>
    <stop arrival="10:37" departure="10:37">Solheimslien - nord</stop>
    <stop arrival="10:38" departure="10:38">Solheimslien</stop>
    <stop arrival="10:38" departure="10:38">Solheimslien v/nr. 32</stop>
    <stop arrival="10:39" departure="10:39">Solheimslien v/høyblokk</stop>
    <stop arrival="10:39" departure="10:39">Løvstakkveien</stop>
    <stop arrival="10:40" departure="10:40">Blekenberg</stop>
    <stop arrival="10:41" departure="10:41">Sygnagaten</stop>
    <stop arrival="10:42" departure="10:42">Søre Skogvei v/Løvstaklien</stop>
    <stop arrival="10:43" departure="10:43">Lærerbakken</stop>
    <stop arrival="10:43" departure="10:43">Kristian Bings vei</stop>
    <stop arrival="10:44" departure="10:44">Søndre Skogvei v/Mindeveien</stop>
    <stop arrival="10:44" departure="10:44">Mindeveien v/nr. 73</stop>
    <stop arrival="10:45">Mindeveien endeholdeplass</stop>
  </route>
  <route no="5" destination="Mindeveien endeholdeplass" url="http://www.web2051.no/bin/tp/zuginfo.exe/on/993225/334602/250300/205926/1/" trafficDays="kjører Ma - Fr, ikke 13., 17., 24. Mai">
    <stop departure="10:20" routeNo="5">Mulen</stop>
    <stop arrival="10:21" departure="10:21">Prahls vei</stop>
    <stop arrival="10:22" departure="10:22">Øvre Sandviksvei</stop>
    <stop arrival="10:24" departure="10:24">Ladegårdsgaten</stop>
    <stop arrival="10:24" departure="10:24">Helgesens gate</stop>
    <stop arrival="10:26" departure="10:26">Øvre Dreggsalmenningen</stop>
    <stop arrival="10:28" departure="10:28">Bryggen</stop>
    <stop arrival="10:29" departure="10:29">Torget v/Lido</stop>
    <stop arrival="10:30" departure="10:30">Olav Kyrres gate v/Hagelin</stop>
    <stop arrival="10:33" departure="10:33">Møhlenpris v/ Industrihuset</stop>
    <stop arrival="10:35" departure="10:35">Gyldenpris</stop>
    <stop arrival="10:37" departure="10:37">Gyldenprisveien</stop>
    <stop arrival="10:38" departure="10:38">Lien nord (Gyldenpris)</stop>
    <stop arrival="10:40" departure="10:40">Frydenbølien</stop>
    <stop arrival="10:41" departure="10:41">Solheimslien - nord</stop>
    <stop arrival="10:42" departure="10:42">Solheimslien</stop>
    <stop arrival="10:42" departure="10:42">Solheimslien v/nr. 32</stop>
    <stop arrival="10:43" departure="10:43">Solheimslien v/høyblokk</stop>
    <stop arrival="10:44" departure="10:44">Løvstakkveien</stop>
    <stop arrival="10:45" departure="10:45">Blekenberg</stop>
    <stop arrival="10:46" departure="10:46">Sygnagaten</stop>
    <stop arrival="10:47" departure="10:47">Søre Skogvei v/Løvstaklien</stop>
    <stop arrival="10:48" departure="10:48">Lærerbakken</stop>
    <stop arrival="10:48" departure="10:48">Kristian Bings vei</stop>
    <stop arrival="10:49" departure="10:49">Søndre Skogvei v/Mindeveien</stop>
    <stop arrival="10:49" departure="10:49">Mindeveien v/nr. 73</stop>
    <stop arrival="10:50">Mindeveien endeholdeplass</stop>
  </route>
  <route no="5" destination="Mindeveien endeholdeplass" url="http://www.web2051.no/bin/tp/zuginfo.exe/on/686823/232424/612074/77096/1/" trafficDays="kjører Sø, også 1., 13., 17., 24. Mai">
    <stop departure="10:20" routeNo="5">Mulen</stop>
    <stop arrival="10:21" departure="10:21">Prahls vei</stop>
    <stop arrival="10:21" departure="10:21">Øvre Sandviksvei</stop>
    <stop arrival="10:22" departure="10:22">Ladegårdsgaten</stop>
    <stop arrival="10:23" departure="10:23">Helgesens gate</stop>
    <stop arrival="10:24" departure="10:24">Øvre Dreggsalmenningen</stop>
    <stop arrival="10:28" departure="10:28">Bryggen</stop>
    <stop arrival="10:29" departure="10:29">Torget v/Lido</stop>
    <stop arrival="10:30" departure="10:30">Olav Kyrres gate v/Hagelin</stop>
    <stop arrival="10:32" departure="10:32">Møhlenpris v/ Industrihuset</stop>
    <stop arrival="10:34" departure="10:34">Gyldenpris</stop>
    <stop arrival="10:35" departure="10:35">Gyldenprisveien</stop>
    <stop arrival="10:36" departure="10:36">Lien nord (Gyldenpris)</stop>
    <stop arrival="10:37" departure="10:37">Frydenbølien</stop>
    <stop arrival="10:37" departure="10:37">Solheimslien - nord</stop>
    <stop arrival="10:38" departure="10:38">Solheimslien</stop>
    <stop arrival="10:38" departure="10:38">Solheimslien v/nr. 32</stop>
    <stop arrival="10:39" departure="10:39">Solheimslien v/høyblokk</stop>
    <stop arrival="10:39" departure="10:39">Løvstakkveien</stop>
    <stop arrival="10:40" departure="10:40">Blekenberg</stop>
    <stop arrival="10:41" departure="10:41">Sygnagaten</stop>
    <stop arrival="10:42" departure="10:42">Søre Skogvei v/Løvstaklien</stop>
    <stop arrival="10:43" departure="10:43">Lærerbakken</stop>
    <stop arrival="10:43" departure="10:43">Kristian Bings vei</stop>
    <stop arrival="10:44" departure="10:44">Søndre Skogvei v/Mindeveien</stop>
    <stop arrival="10:44" departure="10:44">Mindeveien v/nr. 73</stop>
    <stop arrival="10:45">Mindeveien endeholdeplass</stop>
  </route>
  <route no="5" destination="Mindeveien endeholdeplass" url="http://www.web2051.no/bin/tp/zuginfo.exe/on/17358/9313/695260/341845/1/" trafficDays="kjører Ma - Fr, ikke 13., 17., 24. Mai">
    <stop departure="10:20" routeNo="5">Mulen</stop>
    <stop arrival="10:21" departure="10:21">Prahls vei</stop>
    <stop arrival="10:22" departure="10:22">Øvre Sandviksvei</stop>
    <stop arrival="10:24" departure="10:24">Ladegårdsgaten</stop>
    <stop arrival="10:24" departure="10:24">Helgesens gate</stop>
    <stop arrival="10:26" departure="10:26">Øvre Dreggsalmenningen</stop>
    <stop arrival="10:28" departure="10:28">Bryggen</stop>
    <stop arrival="10:29" departure="10:29">Torget v/Lido</stop>
    <stop arrival="10:30" departure="10:30">Olav Kyrres gate v/Hagelin</stop>
    <stop arrival="10:33" departure="10:33">Møhlenpris v/ Industrihuset</stop>
    <stop arrival="10:35" departure="10:35">Gyldenpris</stop>
    <stop arrival="10:37" departure="10:37">Gyldenprisveien</stop>
    <stop arrival="10:38" departure="10:38">Lien nord (Gyldenpris)</stop>
    <stop arrival="10:40" departure="10:40">Frydenbølien</stop>
    <stop arrival="10:41" departure="10:41">Solheimslien - nord</stop>
    <stop arrival="10:42" departure="10:42">Solheimslien</stop>
    <stop arrival="10:42" departure="10:42">Solheimslien v/nr. 32</stop>
    <stop arrival="10:43" departure="10:43">Solheimslien v/høyblokk</stop>
    <stop arrival="10:44" departure="10:44">Løvstakkveien</stop>
    <stop arrival="10:45" departure="10:45">Blekenberg</stop>
    <stop arrival="10:46" departure="10:46">Sygnagaten</stop>
    <stop arrival="10:47" departure="10:47">Søre Skogvei v/Løvstaklien</stop>
    <stop arrival="10:48" departure="10:48">Lærerbakken</stop>
    <stop arrival="10:48" departure="10:48">Kristian Bings vei</stop>
    <stop arrival="10:49" departure="10:49">Søndre Skogvei v/Mindeveien</stop>
    <stop arrival="10:49" departure="10:49">Mindeveien v/nr. 73</stop>
    <stop arrival="10:50">Mindeveien endeholdeplass</stop>
  </route>
  <route no="5" destination="Mulen" url="http://www.web2051.no/bin/tp/zuginfo.exe/on/752871/254456/66692/217611/1/" trafficDays="kjører Lø, ikke 1. Mai">
    <stop departure="10:10" routeNo="5">Grønnestølen</stop>
    <stop arrival="10:11" departure="10:11">Løbergsalleen</stop>
    <stop arrival="10:12" departure="10:12">Kristianborg</stop>
    <stop arrival="10:13" departure="10:13">Fjøsangerveien/Minde Allé</stop>
    <stop arrival="10:15" departure="10:15">Mindeveien endeholdeplass</stop>
    <stop arrival="10:16" departure="10:16">Løbergsv. v/nr. 98</stop>
    <stop arrival="10:16" departure="10:16">Løbergsv. v/kirkegården</stop>
    <stop arrival="10:17" departure="10:17">Lærerbakken</stop>
    <stop arrival="10:19" departure="10:19">Skrivergaten</stop>
    <stop arrival="10:20" departure="10:20">Blekenberg</stop>
    <stop arrival="10:21" departure="10:21">Solheimslien v/høyblokk</stop>
    <stop arrival="10:22" departure="10:22">Solheimslien v/nr. 32</stop>
    <stop arrival="10:23" departure="10:23">Solheimslien</stop>
    <stop arrival="10:23" departure="10:23">Frydenbølien</stop>
    <stop arrival="10:24" departure="10:24">Lien nord (Gyldenpris)</stop>
    <stop arrival="10:25" departure="10:25">Gyldenprisveien</stop>
    <stop arrival="10:28" departure="10:28">Møhlenpris v/ Industrihuset</stop>
    <stop arrival="10:30" departure="10:30">Christies gate (Festplassen)</stop>
    <stop arrival="10:33" departure="10:33">Torget v/DnB</stop>
    <stop arrival="10:36" departure="10:36">Bryggen</stop>
    <stop arrival="10:37" departure="10:37">Sandbrugaten</stop>
    <stop arrival="10:40" departure="10:40">Helgesens gate</stop>
    <stop arrival="10:41" departure="10:41">Ladegårdsgaten</stop>
    <stop arrival="10:42" departure="10:42">Øvre Sandviksvei</stop>
    <stop arrival="10:43" departure="10:43">Prahls vei</stop>
    <stop arrival="10:45">Mulen</stop>
  </route>
  <route no="5" destination="Mindeveien endeholdeplass" url="http://www.web2051.no/bin/tp/zuginfo.exe/on/350499/120333/571522/168929/1/" trafficDays="kjører Lø, ikke 1. Mai">
    <stop departure="10:45" routeNo="5">Mulen</stop>
    <stop arrival="10:46" departure="10:46">Prahls vei</stop>
    <stop arrival="10:47" departure="10:47">Øvre Sandviksvei</stop>
    <stop arrival="10:49" departure="10:49">Ladegårdsgaten</stop>
    <stop arrival="10:49" departure="10:49">Helgesens gate</stop>
    <stop arrival="10:51" departure="10:51">Øvre Dreggsalmenningen</stop>
    <stop arrival="10:53" departure="10:53">Bryggen</stop>
    <stop arrival="10:54" departure="10:54">Torget v/Lido</stop>
    <stop arrival="10:55" departure="10:55">Olav Kyrres gate v/Hagelin</stop>
    <stop arrival="10:58" departure="10:58">Møhlenpris v/ Industrihuset</stop>
    <stop arrival="11:00" departure="11:00">Gyldenpris</stop>
    <stop arrival="11:02" departure="11:02">Gyldenprisveien</stop>
    <stop arrival="11:03" departure="11:03">Lien nord (Gyldenpris)</stop>
    <stop arrival="11:05" departure="11:05">Frydenbølien</stop>
    <stop arrival="11:06" departure="11:06">Solheimslien - nord</stop>
    <stop arrival="11:07" departure="11:07">Solheimslien</stop>
    <stop arrival="11:07" departure="11:07">Solheimslien v/nr. 32</stop>
    <stop arrival="11:08" departure="11:08">Solheimslien v/høyblokk</stop>
    <stop arrival="11:09" departure="11:09">Løvstakkveien</stop>
    <stop arrival="11:10" departure="11:10">Blekenberg</stop>
    <stop arrival="11:11" departure="11:11">Sygnagaten</stop>
    <stop arrival="11:12" departure="11:12">Søre Skogvei v/Løvstaklien</stop>
    <stop arrival="11:13" departure="11:13">Lærerbakken</stop>
    <stop arrival="11:13" departure="11:13">Kristian Bings vei</stop>
    <stop arrival="11:14" departure="11:14">Søndre Skogvei v/Mindeveien</stop>
    <stop arrival="11:14" departure="11:14">Mindeveien v/nr. 73</stop>
    <stop arrival="11:15">Mindeveien endeholdeplass</stop>
  </route>
  <route no="5" destination="Mindeveien endeholdeplass" url="http://www.web2051.no/bin/tp/zuginfo.exe/on/182865/64455/379230/128661/1/" trafficDays="kjører Lø, ikke 1. Mai">
    <stop departure="10:45" routeNo="5">Mulen</stop>
    <stop arrival="10:46" departure="10:46">Prahls vei</stop>
    <stop arrival="10:47" departure="10:47">Øvre Sandviksvei</stop>
    <stop arrival="10:49" departure="10:49">Ladegårdsgaten</stop>
    <stop arrival="10:49" departure="10:49">Helgesens gate</stop>
    <stop arrival="10:51" departure="10:51">Øvre Dreggsalmenningen</stop>
    <stop arrival="10:53" departure="10:53">Bryggen</stop>
    <stop arrival="10:54" departure="10:54">Torget v/Lido</stop>
    <stop arrival="10:55" departure="10:55">Olav Kyrres gate v/Hagelin</stop>
    <stop arrival="10:58" departure="10:58">Møhlenpris v/ Industrihuset</stop>
    <stop arrival="11:00" departure="11:00">Gyldenpris</stop>
    <stop arrival="11:02" departure="11:02">Gyldenprisveien</stop>
    <stop arrival="11:03" departure="11:03">Lien nord (Gyldenpris)</stop>
    <stop arrival="11:05" departure="11:05">Frydenbølien</stop>
    <stop arrival="11:06" departure="11:06">Solheimslien - nord</stop>
    <stop arrival="11:07" departure="11:07">Solheimslien</stop>
    <stop arrival="11:07" departure="11:07">Solheimslien v/nr. 32</stop>
    <stop arrival="11:08" departure="11:08">Solheimslien v/høyblokk</stop>
    <stop arrival="11:09" departure="11:09">Løvstakkveien</stop>
    <stop arrival="11:10" departure="11:10">Blekenberg</stop>
    <stop arrival="11:11" departure="11:11">Sygnagaten</stop>
    <stop arrival="11:12" departure="11:12">Søre Skogvei v/Løvstaklien</stop>
    <stop arrival="11:13" departure="11:13">Lærerbakken</stop>
    <stop arrival="11:13" departure="11:13">Kristian Bings vei</stop>
    <stop arrival="11:14" departure="11:14">Søndre Skogvei v/Mindeveien</stop>
    <stop arrival="11:14" departure="11:14">Mindeveien v/nr. 73</stop>
    <stop arrival="11:15">Mindeveien endeholdeplass</stop>
  </route>
  <route no="5" destination="Mulen" url="http://www.web2051.no/bin/tp/zuginfo.exe/on/458811/156469/575660/134895/1/" trafficDays="kjører Ma - Fr, ikke 13., 17., 24. Mai">
    <stop departure="10:20" routeNo="5">Mindeveien endeholdeplass</stop>
    <stop arrival="10:21" departure="10:21">Løbergsv. v/nr. 98</stop>
    <stop arrival="10:21" departure="10:21">Løbergsv. v/kirkegården</stop>
    <stop arrival="10:22" departure="10:22">Lærerbakken</stop>
    <stop arrival="10:24" departure="10:24">Skrivergaten</stop>
    <stop arrival="10:25" departure="10:25">Blekenberg</stop>
    <stop arrival="10:26" departure="10:26">Solheimslien v/høyblokk</stop>
    <stop arrival="10:27" departure="10:27">Solheimslien v/nr. 32</stop>
    <stop arrival="10:28" departure="10:28">Solheimslien</stop>
    <stop arrival="10:28" departure="10:28">Frydenbølien</stop>
    <stop arrival="10:29" departure="10:29">Lien nord (Gyldenpris)</stop>
    <stop arrival="10:30" departure="10:30">Gyldenprisveien</stop>
    <stop arrival="10:33" departure="10:33">Møhlenpris v/ Industrihuset</stop>
    <stop arrival="10:35" departure="10:35">Christies gate (Festplassen)</stop>
    <stop arrival="10:38" departure="10:38">Torget v/DnB</stop>
    <stop arrival="10:41" departure="10:41">Bryggen</stop>
    <stop arrival="10:42" departure="10:42">Sandbrugaten</stop>
    <stop arrival="10:45" departure="10:45">Helgesens gate</stop>
    <stop arrival="10:46" departure="10:46">Ladegårdsgaten</stop>
    <stop arrival="10:47" departure="10:47">Øvre Sandviksvei</stop>
    <stop arrival="10:48" departure="10:48">Prahls vei</stop>
    <stop arrival="10:50">Mulen</stop>
  </route>
  <route no="5" destination="Mindeveien endeholdeplass" url="http://www.web2051.no/bin/tp/zuginfo.exe/on/822075/277555/414454/66800/1/" trafficDays="kjører Ma - Fr, ikke 13., 17., 24. Mai">
    <stop departure="10:50" routeNo="5">Mulen</stop>
    <stop arrival="10:51" departure="10:51">Prahls vei</stop>
    <stop arrival="10:52" departure="10:52">Øvre Sandviksvei</stop>
    <stop arrival="10:54" departure="10:54">Ladegårdsgaten</stop>
    <stop arrival="10:54" departure="10:54">Helgesens gate</stop>
    <stop arrival="10:56" departure="10:56">Øvre Dreggsalmenningen</stop>
    <stop arrival="10:58" departure="10:58">Bryggen</stop>
    <stop arrival="10:59" departure="10:59">Torget v/Lido</stop>
    <stop arrival="11:00" departure="11:00">Olav Kyrres gate v/Hagelin</stop>
    <stop arrival="11:03" departure="11:03">Møhlenpris v/ Industrihuset</stop>
    <stop arrival="11:05" departure="11:05">Gyldenpris</stop>
    <stop arrival="11:07" departure="11:07">Gyldenprisveien</stop>
    <stop arrival="11:08" departure="11:08">Lien nord (Gyldenpris)</stop>
    <stop arrival="11:10" departure="11:10">Frydenbølien</stop>
    <stop arrival="11:11" departure="11:11">Solheimslien - nord</stop>
    <stop arrival="11:12" departure="11:12">Solheimslien</stop>
    <stop arrival="11:12" departure="11:12">Solheimslien v/nr. 32</stop>
    <stop arrival="11:13" departure="11:13">Solheimslien v/høyblokk</stop>
    <stop arrival="11:14" departure="11:14">Løvstakkveien</stop>
    <stop arrival="11:15" departure="11:15">Blekenberg</stop>
    <stop arrival="11:16" departure="11:16">Sygnagaten</stop>
    <stop arrival="11:17" departure="11:17">Søre Skogvei v/Løvstaklien</stop>
    <stop arrival="11:18" departure="11:18">Lærerbakken</stop>
    <stop arrival="11:18" departure="11:18">Kristian Bings vei</stop>
    <stop arrival="11:19" departure="11:19">Søndre Skogvei v/Mindeveien</stop>
    <stop arrival="11:19" departure="11:19">Mindeveien v/nr. 73</stop>
    <stop arrival="11:20">Mindeveien endeholdeplass</stop>
  </route>
  <route no="5" destination="Mindeveien endeholdeplass" url="http://www.web2051.no/bin/tp/zuginfo.exe/on/978174/329588/579420/36350/1/" trafficDays="kjører Ma - Fr, ikke 13., 17., 24. Mai">
    <stop departure="10:50" routeNo="5">Mulen</stop>
    <stop arrival="10:51" departure="10:51">Prahls vei</stop>
    <stop arrival="10:52" departure="10:52">Øvre Sandviksvei</stop>
    <stop arrival="10:54" departure="10:54">Ladegårdsgaten</stop>
    <stop arrival="10:54" departure="10:54">Helgesens gate</stop>
    <stop arrival="10:56" departure="10:56">Øvre Dreggsalmenningen</stop>
    <stop arrival="10:58" departure="10:58">Bryggen</stop>
    <stop arrival="10:59" departure="10:59">Torget v/Lido</stop>
    <stop arrival="11:00" departure="11:00">Olav Kyrres gate v/Hagelin</stop>
    <stop arrival="11:03" departure="11:03">Møhlenpris v/ Industrihuset</stop>
    <stop arrival="11:05" departure="11:05">Gyldenpris</stop>
    <stop arrival="11:07" departure="11:07">Gyldenprisveien</stop>
    <stop arrival="11:08" departure="11:08">Lien nord (Gyldenpris)</stop>
    <stop arrival="11:10" departure="11:10">Frydenbølien</stop>
    <stop arrival="11:11" departure="11:11">Solheimslien - nord</stop>
    <stop arrival="11:12" departure="11:12">Solheimslien</stop>
    <stop arrival="11:12" departure="11:12">Solheimslien v/nr. 32</stop>
    <stop arrival="11:13" departure="11:13">Solheimslien v/høyblokk</stop>
    <stop arrival="11:14" departure="11:14">Løvstakkveien</stop>
    <stop arrival="11:15" departure="11:15">Blekenberg</stop>
    <stop arrival="11:16" departure="11:16">Sygnagaten</stop>
    <stop arrival="11:17" departure="11:17">Søre Skogvei v/Løvstaklien</stop>
    <stop arrival="11:18" departure="11:18">Lærerbakken</stop>
    <stop arrival="11:18" departure="11:18">Kristian Bings vei</stop>
    <stop arrival="11:19" departure="11:19">Søndre Skogvei v/Mindeveien</stop>
    <stop arrival="11:19" departure="11:19">Mindeveien v/nr. 73</stop>
    <stop arrival="11:20">Mindeveien endeholdeplass</stop>
  </route>
</routes>
