<?xml version="1.0" encoding="UTF-8"?>
<routes>
  <route no="370" destination="Valestrand" url="http://www.web2051.no/bin/tp/zuginfo.exe/on/960360/321017/743322/51541/1/" trafficDays="kjører Lø, ikke 1. Mai">
    <stop departure="10:05" routeNo="370">Raknes sør</stop>
    <stop arrival="10:06" departure="10:06">Raknes</stop>
    <stop arrival="10:06" departure="10:06">Raknes v fabrikken</stop>
    <stop arrival="10:08" departure="10:08">Raknes nord</stop>
    <stop arrival="10:09" departure="10:09">Hjelvik</stop>
    <stop arrival="10:09" departure="10:09">Hjelvik</stop>
    <stop arrival="10:10" departure="10:10">Hjelvikvåg</stop>
    <stop arrival="10:10" departure="10:10">Hjelvik</stop>
    <stop arrival="10:11" departure="10:11">Hjelvik</stop>
    <stop arrival="10:11" departure="10:11">Hjelvik</stop>
    <stop arrival="10:12" departure="10:12">Birkeland (Osterøy)</stop>
    <stop arrival="10:12" departure="10:12">Birkeland (Osterøy)</stop>
    <stop arrival="10:13" departure="10:13">Tepstad</stop>
    <stop arrival="10:13" departure="10:13">Tepstad</stop>
    <stop arrival="10:14" departure="10:14">Mjeldstad Nedre</stop>
    <stop arrival="10:15" departure="10:15">Mjeldstad Mitre</stop>
    <stop arrival="10:15" departure="10:15">Mjeldstad Øvre</stop>
    <stop arrival="10:16" departure="10:16">Måsevoll</stop>
    <stop arrival="10:17" departure="10:17">Horsås</stop>
    <stop arrival="10:18" departure="10:18">Tveitaskaret</stop>
    <stop arrival="10:19" departure="10:19">Tveiten (Osterøy)</stop>
    <stop arrival="10:20" departure="10:20">Bleikli</stop>
    <stop arrival="10:21" departure="10:21">Bleikli</stop>
    <stop arrival="10:22" departure="10:22">Hustrulid</stop>
    <stop arrival="10:23" departure="10:23">Hustrulid</stop>
    <stop arrival="10:24" departure="10:24">Sandal, Osterøy</stop>
    <stop arrival="10:25" departure="10:25">Hamre (Osterøy)</stop>
    <stop arrival="10:25" departure="10:25">Hamre (Osterøy)</stop>
    <stop arrival="10:25" departure="10:25">Hamre (Osterøy)</stop>
    <stop arrival="10:26" departure="10:26">Hamre kyrkje, Osterøy</stop>
    <stop arrival="10:26" departure="10:26">Hamre byggefelt (Osterøy)</stop>
    <stop arrival="10:27" departure="10:27">Hamre (Osterøy)</stop>
    <stop arrival="10:28" departure="10:28">Eikeland (Osterøy)</stop>
    <stop arrival="10:29" departure="10:29">Angelskår</stop>
    <stop arrival="10:29" departure="10:29">Angelskår</stop>
    <stop arrival="10:30" departure="10:30">Kvamme N, Osterøy</stop>
    <stop arrival="10:31" departure="10:31">Kvamme S, Osterøy</stop>
    <stop arrival="10:32" departure="10:32">Varmyra nord (Osterøy)</stop>
    <stop arrival="10:36" departure="10:36">Varmyra sør (Osterøy)</stop>
    <stop arrival="10:37" departure="10:37">Rundhovde</stop>
    <stop arrival="10:38" departure="10:38">Rundhovde</stop>
    <stop arrival="10:38" departure="10:38">Eidefeltet (Osterøy)</stop>
    <stop arrival="10:39" departure="10:39">Eidefeltet (Osterøy)</stop>
    <stop arrival="10:40">Valestrand</stop>
  </route>
  <route no="370" destination="Valestrand" url="http://www.web2051.no/bin/tp/zuginfo.exe/on/62337/21676/310898/134670/1/" trafficDays="kjører Lø, ikke 1. Mai">
    <stop departure="10:05" routeNo="370">Raknes sør</stop>
    <stop arrival="10:06" departure="10:06">Raknes</stop>
    <stop arrival="10:06" departure="10:06">Raknes v fabrikken</stop>
    <stop arrival="10:08" departure="10:08">Raknes nord</stop>
    <stop arrival="10:09" departure="10:09">Hjelvik</stop>
    <stop arrival="10:09" departure="10:09">Hjelvik</stop>
    <stop arrival="10:10" departure="10:10">Hjelvikvåg</stop>
    <stop arrival="10:10" departure="10:10">Hjelvik</stop>
    <stop arrival="10:11" departure="10:11">Hjelvik</stop>
    <stop arrival="10:11" departure="10:11">Hjelvik</stop>
    <stop arrival="10:12" departure="10:12">Birkeland (Osterøy)</stop>
    <stop arrival="10:12" departure="10:12">Birkeland (Osterøy)</stop>
    <stop arrival="10:13" departure="10:13">Tepstad</stop>
    <stop arrival="10:13" departure="10:13">Tepstad</stop>
    <stop arrival="10:14" departure="10:14">Mjeldstad Nedre</stop>
    <stop arrival="10:15" departure="10:15">Mjeldstad Mitre</stop>
    <stop arrival="10:15" departure="10:15">Mjeldstad Øvre</stop>
    <stop arrival="10:16" departure="10:16">Måsevoll</stop>
    <stop arrival="10:17" departure="10:17">Horsås</stop>
    <stop arrival="10:18" departure="10:18">Tveitaskaret</stop>
    <stop arrival="10:19" departure="10:19">Tveiten (Osterøy)</stop>
    <stop arrival="10:20" departure="10:20">Bleikli</stop>
    <stop arrival="10:21" departure="10:21">Bleikli</stop>
    <stop arrival="10:22" departure="10:22">Hustrulid</stop>
    <stop arrival="10:23" departure="10:23">Hustrulid</stop>
    <stop arrival="10:24" departure="10:24">Sandal, Osterøy</stop>
    <stop arrival="10:25" departure="10:25">Hamre (Osterøy)</stop>
    <stop arrival="10:25" departure="10:25">Hamre (Osterøy)</stop>
    <stop arrival="10:25" departure="10:25">Hamre (Osterøy)</stop>
    <stop arrival="10:26" departure="10:26">Hamre kyrkje, Osterøy</stop>
    <stop arrival="10:26" departure="10:26">Hamre byggefelt (Osterøy)</stop>
    <stop arrival="10:27" departure="10:27">Hamre (Osterøy)</stop>
    <stop arrival="10:28" departure="10:28">Eikeland (Osterøy)</stop>
    <stop arrival="10:29" departure="10:29">Angelskår</stop>
    <stop arrival="10:29" departure="10:29">Angelskår</stop>
    <stop arrival="10:30" departure="10:30">Kvamme N, Osterøy</stop>
    <stop arrival="10:31" departure="10:31">Kvamme S, Osterøy</stop>
    <stop arrival="10:32" departure="10:32">Varmyra nord (Osterøy)</stop>
    <stop arrival="10:36" departure="10:36">Varmyra sør (Osterøy)</stop>
    <stop arrival="10:37" departure="10:37">Rundhovde</stop>
    <stop arrival="10:38" departure="10:38">Rundhovde</stop>
    <stop arrival="10:38" departure="10:38">Eidefeltet (Osterøy)</stop>
    <stop arrival="10:39" departure="10:39">Eidefeltet (Osterøy)</stop>
    <stop arrival="10:40">Valestrand</stop>
  </route>
</routes>
