<?xml version="1.0" encoding="UTF-8"?>
<routes>
  <route no="545" destination="Nesttun terminal" url="http://www.web2051.no/bin/tp/zuginfo.exe/on/887259/301166/208872/191317/1/" trafficDays="kjører Ma - Fr, ikke 13., 17., 24. Mai">
    <stop departure="10:30" routeNo="545">Riple</stop>
    <stop arrival="10:30" departure="10:30">Øvre Totland</stop>
    <stop arrival="10:31" departure="10:31">Totland (Fana)</stop>
    <stop arrival="10:32" departure="10:32">Totlandsmyr</stop>
    <stop arrival="10:33" departure="10:33">Skytterhuset, Totland</stop>
    <stop arrival="10:34" departure="10:34">Skaret</stop>
    <stop arrival="10:35" departure="10:35">Fjellbirkeland 2</stop>
    <stop arrival="10:36" departure="10:36">Fjellbirkeland 1</stop>
    <stop arrival="10:36" departure="10:36">Ljosvoll</stop>
    <stop arrival="10:37" departure="10:37">Myrdal</stop>
    <stop arrival="10:38" departure="10:38">Bjøllebotn</stop>
    <stop arrival="10:38" departure="10:38">Myrdalsvann</stop>
    <stop arrival="10:39" departure="10:39">Birkelandsbotn</stop>
    <stop arrival="10:40" departure="10:40">Dyngelandskiftet</stop>
    <stop arrival="10:41" departure="10:41">Milleshaug</stop>
    <stop arrival="10:42" departure="10:42">Dyngelandseidet</stop>
    <stop arrival="10:43" departure="10:43">Dyngeland</stop>
    <stop arrival="10:43" departure="10:43">Dyngeland</stop>
    <stop arrival="10:44" departure="10:44">Dyngeland, Gartneriet</stop>
    <stop arrival="10:45" departure="10:45">Dyngeland snuplass</stop>
    <stop arrival="10:46" departure="10:46">Dyngeland, Gartneriet</stop>
    <stop arrival="10:47" departure="10:47">Dyngeland</stop>
    <stop arrival="10:47" departure="10:47">Dyngeland</stop>
    <stop arrival="10:48" departure="10:48">Dyngelandseidet</stop>
    <stop arrival="10:49" departure="10:49">Milleshaug</stop>
    <stop arrival="10:50" departure="10:50">Dyngelandskiftet</stop>
    <stop arrival="10:50" departure="10:50">Ulsmåg skole</stop>
    <stop arrival="10:52" departure="10:52">Ulsmågåsen</stop>
    <stop arrival="10:53" departure="10:53">Nordrevoll</stop>
    <stop arrival="10:55" departure="10:55">Midttun bro</stop>
    <stop arrival="10:58" departure="10:58">Herredshuset, Nesttun</stop>
    <stop arrival="10:58" departure="10:58">Nesttun</stop>
    <stop arrival="11:00">Nesttun terminal</stop>
  </route>
</routes>
