<?xml version="1.0" encoding="UTF-8"?>
<routes>
  <route no="22" destination="Birkelundstoppen" url="http://www.web2051.no/bin/tp/zuginfo.exe/on/31938/14648/717114/347913/1/" trafficDays="kjører Sø, også 1., 13., 17., 24. Mai">
    <stop departure="9:55" routeNo="22">Nesttun terminal</stop>
    <stop arrival="9:56" departure="9:56">Nesttun</stop>
    <stop arrival="9:56" departure="9:56">Herredshuset, Nesttun</stop>
    <stop arrival="9:57" departure="9:57">Midtun bro</stop>
    <stop arrival="9:58" departure="9:58">Midttunflaten</stop>
    <stop arrival="9:59" departure="9:59">Sandbrekkeveien</stop>
    <stop arrival="10:00" departure="10:00">Sandalskollen</stop>
    <stop arrival="10:01" departure="10:01">Kringlebotn</stop>
    <stop arrival="10:02" departure="10:02">Kjenndalslia</stop>
    <stop arrival="10:03" departure="10:03">Kjenndalsåsen</stop>
    <stop arrival="10:04" departure="10:04">Sandalsringen snuplass</stop>
    <stop arrival="10:05" departure="10:05">Helldalslia</stop>
    <stop arrival="10:05" departure="10:05">Helldalslia</stop>
    <stop arrival="10:05" departure="10:05">Indre Sædal</stop>
    <stop arrival="10:06" departure="10:06">Rinddalen</stop>
    <stop arrival="10:08" departure="10:08">Merkurvegen (nyeveien)</stop>
    <stop arrival="10:09" departure="10:09">Nattland gård (nyeveien)</stop>
    <stop arrival="10:10">Birkelundstoppen</stop>
  </route>
  <route no="22" destination="Birkelundstoppen" url="http://www.web2051.no/bin/tp/zuginfo.exe/on/545163/185744/271966/45739/1/" trafficDays="kjører Lø, ikke 1. Mai">
    <stop departure="9:45" routeNo="22">Olav Kyrres gate</stop>
    <stop arrival="9:50" departure="9:50">Bergen Busstasjon</stop>
    <stop arrival="9:54" departure="9:54">Danmarksplass</stop>
    <stop arrival="9:55" departure="9:55">Solheimsgaten</stop>
    <stop arrival="9:56" departure="9:56">Reperbanen</stop>
    <stop arrival="9:58" departure="9:58">Fjøsangerveien/ Minde Allè</stop>
    <stop arrival="10:01" departure="10:01">Minde</stop>
    <stop arrival="10:02" departure="10:02">Elvebakken</stop>
    <stop arrival="10:02" departure="10:02">Storetveit</stop>
    <stop arrival="10:02" departure="10:02">Fantoft</stop>
    <stop arrival="10:03" departure="10:03">Nydalen</stop>
    <stop arrival="10:04" departure="10:04">Paradis</stop>
    <stop arrival="10:05" departure="10:05">Tveiteråsskiftet</stop>
    <stop arrival="10:06" departure="10:06">Hopsbro</stop>
    <stop arrival="10:08" departure="10:08">Hopstangen</stop>
    <stop arrival="10:09" departure="10:09">Nesttun terminal</stop>
    <stop arrival="10:10" departure="10:10">Nesttun</stop>
    <stop arrival="10:10" departure="10:10">Herredshuset, Nesttun</stop>
    <stop arrival="10:11" departure="10:11">Midtun bro</stop>
    <stop arrival="10:12" departure="10:12">Midttunflaten</stop>
    <stop arrival="10:13" departure="10:13">Sandbrekkeveien</stop>
    <stop arrival="10:14" departure="10:14">Sandalskollen</stop>
    <stop arrival="10:15" departure="10:15">Kringlebotn</stop>
    <stop arrival="10:16" departure="10:16">Kjenndalslia</stop>
    <stop arrival="10:17" departure="10:17">Kjenndalsåsen</stop>
    <stop arrival="10:18" departure="10:18">Sandalsringen snuplass</stop>
    <stop arrival="10:19" departure="10:19">Helldalslia</stop>
    <stop arrival="10:19" departure="10:19">Helldalslia</stop>
    <stop arrival="10:19" departure="10:19">Indre Sædal</stop>
    <stop arrival="10:20" departure="10:20">Rinddalen</stop>
    <stop arrival="10:21" departure="10:21">Merkurvegen (nyeveien)</stop>
    <stop arrival="10:21" departure="10:21">Nattland gård (nyeveien)</stop>
    <stop arrival="10:22">Birkelundstoppen</stop>
  </route>
  <route no="22" destination="Birkelundstoppen" url="http://www.web2051.no/bin/tp/zuginfo.exe/on/910683/307617/736060/64471/1/" trafficDays="kjører Ma - Fr, ikke 13., 17., 24. Mai">
    <stop departure="9:45" routeNo="22">Olav Kyrres gate</stop>
    <stop arrival="9:50" departure="9:50">Bergen Busstasjon</stop>
    <stop arrival="9:55" departure="9:55">Danmarksplass</stop>
    <stop arrival="9:56" departure="9:56">Solheimsgaten</stop>
    <stop arrival="9:57" departure="9:57">Reperbanen</stop>
    <stop arrival="9:58" departure="9:58">Fjøsangerveien/ Minde Allè</stop>
    <stop arrival="10:00" departure="10:00">Minde</stop>
    <stop arrival="10:01" departure="10:01">Elvebakken</stop>
    <stop arrival="10:01" departure="10:01">Storetveit</stop>
    <stop arrival="10:01" departure="10:01">Fantoft</stop>
    <stop arrival="10:02" departure="10:02">Nydalen</stop>
    <stop arrival="10:03" departure="10:03">Paradis</stop>
    <stop arrival="10:04" departure="10:04">Tveiteråsskiftet</stop>
    <stop arrival="10:05" departure="10:05">Hopsbro</stop>
    <stop arrival="10:07" departure="10:07">Hopstangen</stop>
    <stop arrival="10:08" departure="10:08">Nesttun terminal</stop>
    <stop arrival="10:09" departure="10:09">Nesttun</stop>
    <stop arrival="10:09" departure="10:09">Herredshuset, Nesttun</stop>
    <stop arrival="10:10" departure="10:10">Midtun bro</stop>
    <stop arrival="10:12" departure="10:12">Midttunflaten</stop>
    <stop arrival="10:13" departure="10:13">Sandbrekkeveien</stop>
    <stop arrival="10:13" departure="10:13">Sandalskollen</stop>
    <stop arrival="10:15" departure="10:15">Kringlebotn</stop>
    <stop arrival="10:16" departure="10:16">Kjenndalslia</stop>
    <stop arrival="10:17" departure="10:17">Kjenndalsåsen</stop>
    <stop arrival="10:18" departure="10:18">Sandalsringen snuplass</stop>
    <stop arrival="10:19" departure="10:19">Helldalslia</stop>
    <stop arrival="10:20" departure="10:20">Helldalslia</stop>
    <stop arrival="10:20" departure="10:20">Indre Sædal</stop>
    <stop arrival="10:21" departure="10:21">Rinddalen</stop>
    <stop arrival="10:23" departure="10:23">Merkurvegen (nyeveien)</stop>
    <stop arrival="10:24" departure="10:24">Nattland gård (nyeveien)</stop>
    <stop arrival="10:25">Birkelundstoppen</stop>
  </route>
  <route no="22" destination="Birkelundstoppen" url="http://www.web2051.no/bin/tp/zuginfo.exe/on/51381/21183/572792/269272/1/" trafficDays="kjører Ma - Fr, ikke 13., 17., 24. Mai">
    <stop departure="10:15" routeNo="22">Olav Kyrres gate</stop>
    <stop arrival="10:20" departure="10:20">Bergen Busstasjon</stop>
    <stop arrival="10:25" departure="10:25">Danmarksplass</stop>
    <stop arrival="10:26" departure="10:26">Solheimsgaten</stop>
    <stop arrival="10:27" departure="10:27">Reperbanen</stop>
    <stop arrival="10:28" departure="10:28">Fjøsangerveien/ Minde Allè</stop>
    <stop arrival="10:30" departure="10:30">Minde</stop>
    <stop arrival="10:31" departure="10:31">Elvebakken</stop>
    <stop arrival="10:31" departure="10:31">Storetveit</stop>
    <stop arrival="10:31" departure="10:31">Fantoft</stop>
    <stop arrival="10:32" departure="10:32">Nydalen</stop>
    <stop arrival="10:33" departure="10:33">Paradis</stop>
    <stop arrival="10:34" departure="10:34">Tveiteråsskiftet</stop>
    <stop arrival="10:35" departure="10:35">Hopsbro</stop>
    <stop arrival="10:37" departure="10:37">Hopstangen</stop>
    <stop arrival="10:38" departure="10:38">Nesttun terminal</stop>
    <stop arrival="10:39" departure="10:39">Nesttun</stop>
    <stop arrival="10:39" departure="10:39">Herredshuset, Nesttun</stop>
    <stop arrival="10:40" departure="10:40">Midtun bro</stop>
    <stop arrival="10:42" departure="10:42">Midttunflaten</stop>
    <stop arrival="10:43" departure="10:43">Sandbrekkeveien</stop>
    <stop arrival="10:43" departure="10:43">Sandalskollen</stop>
    <stop arrival="10:45" departure="10:45">Kringlebotn</stop>
    <stop arrival="10:46" departure="10:46">Kjenndalslia</stop>
    <stop arrival="10:47" departure="10:47">Kjenndalsåsen</stop>
    <stop arrival="10:48" departure="10:48">Sandalsringen snuplass</stop>
    <stop arrival="10:49" departure="10:49">Helldalslia</stop>
    <stop arrival="10:50" departure="10:50">Helldalslia</stop>
    <stop arrival="10:50" departure="10:50">Indre Sædal</stop>
    <stop arrival="10:51" departure="10:51">Rinddalen</stop>
    <stop arrival="10:53" departure="10:53">Merkurvegen (nyeveien)</stop>
    <stop arrival="10:54" departure="10:54">Nattland gård (nyeveien)</stop>
    <stop arrival="10:55">Birkelundstoppen</stop>
  </route>
</routes>
