<?xml version="1.0" encoding="UTF-8"?>
<routes>
  <route no="30" destination="Birkelandskrysset Terminal" url="http://www.web2051.no/bin/tp/zuginfo.exe/on/804198/272377/720162/92017/1/" trafficDays="kjører Lø, ikke 1. Mai">
    <stop departure="9:35" routeNo="30">Bergen Busstasjon</stop>
    <stop arrival="9:40" departure="9:40">Olav Kyrres gate</stop>
    <stop arrival="9:41" departure="9:41">Møhlenpris v/ Industrihuset</stop>
    <stop arrival="9:42" departure="9:42">Gyldenpris</stop>
    <stop arrival="9:45" departure="9:45">Løvstakktunnelen</stop>
    <stop arrival="9:46" departure="9:46">Sikthaugen</stop>
    <stop arrival="9:46" departure="9:46">Hamregården</stop>
    <stop arrival="9:47" departure="9:47">Nebbeveien</stop>
    <stop arrival="9:47" departure="9:47">Løvås</stop>
    <stop arrival="9:48" departure="9:48">Oasen Terminal</stop>
    <stop arrival="9:49" departure="9:49">Skarphaugen</stop>
    <stop arrival="9:51" departure="9:51">Fyllingdsalsveien v/Shell</stop>
    <stop arrival="9:53" departure="9:53">Sandeide terminal</stop>
    <stop arrival="9:55" departure="9:55">Bjørgeveien</stop>
    <stop arrival="9:57" departure="9:57">Sementbroen</stop>
    <stop arrival="9:59" departure="9:59">Straume bro</stop>
    <stop arrival="10:00" departure="10:00">Søreide v/Hydrostasjonen</stop>
    <stop arrival="10:01" departure="10:01">Søreide skole</stop>
    <stop arrival="10:01" departure="10:01">Dolvik terminal</stop>
    <stop arrival="10:04" departure="10:04">Fanatorget</stop>
    <stop arrival="10:05" departure="10:05">Petedalsheia</stop>
    <stop arrival="10:05" departure="10:05">Hydro Sandsli</stop>
    <stop arrival="10:06" departure="10:06">Statoil (Sandsli)</stop>
    <stop arrival="10:07" departure="10:07">Sandsligården</stop>
    <stop arrival="10:08" departure="10:08">Sandslisnuplass</stop>
    <stop arrival="10:08" departure="10:08">Sandslislusen</stop>
    <stop arrival="10:09" departure="10:09">Birkelandsflaten</stop>
    <stop arrival="10:12" departure="10:12">Birkelandsflaten</stop>
    <stop arrival="10:15">Birkelandskrysset Terminal</stop>
  </route>
  <route no="30" destination="Birkelandskrysset Terminal" url="http://www.web2051.no/bin/tp/zuginfo.exe/on/779568/264202/442124/38796/1/" trafficDays="kjører Ma - Fr, ikke 13., 17., 24. Mai">
    <stop departure="9:35" routeNo="30">Bergen Busstasjon</stop>
    <stop arrival="9:40" departure="9:40">Olav Kyrres gate</stop>
    <stop arrival="9:42" departure="9:42">Møhlenpris v/ Industrihuset</stop>
    <stop arrival="9:43" departure="9:43">Gyldenpris</stop>
    <stop arrival="9:47" departure="9:47">Løvstakktunnelen</stop>
    <stop arrival="9:47" departure="9:47">Sikthaugen</stop>
    <stop arrival="9:48" departure="9:48">Hamregården</stop>
    <stop arrival="9:48" departure="9:48">Nebbeveien</stop>
    <stop arrival="9:49" departure="9:49">Løvås</stop>
    <stop arrival="9:50" departure="9:50">Oasen Terminal</stop>
    <stop arrival="9:50" departure="9:50">Skarphaugen</stop>
    <stop arrival="9:51" departure="9:51">Fyllingdsalsveien v/Shell</stop>
    <stop arrival="9:52" departure="9:52">Sandeide terminal</stop>
    <stop arrival="9:55" departure="9:55">Bjørgeveien</stop>
    <stop arrival="9:57" departure="9:57">Sementbroen</stop>
    <stop arrival="10:00" departure="10:00">Straume bro</stop>
    <stop arrival="10:02" departure="10:02">Søreide v/Hydrostasjonen</stop>
    <stop arrival="10:02" departure="10:02">Søreide skole</stop>
    <stop arrival="10:03" departure="10:03">Grimstadskiftet</stop>
    <stop arrival="10:03" departure="10:03">Dolvik terminal</stop>
    <stop arrival="10:03" departure="10:03">Skranevegen</stop>
    <stop arrival="10:04" departure="10:04">Regnbueåsen</stop>
    <stop arrival="10:05" departure="10:05">Fanatorget</stop>
    <stop arrival="10:06" departure="10:06">Petedalsheia</stop>
    <stop arrival="10:07" departure="10:07">Hydro Sandsli</stop>
    <stop arrival="10:08" departure="10:08">Statoil (Sandsli)</stop>
    <stop arrival="10:09" departure="10:09">Sandsligården</stop>
    <stop arrival="10:10" departure="10:10">Sandslisnuplass</stop>
    <stop arrival="10:10" departure="10:10">Sandslislusen</stop>
    <stop arrival="10:12" departure="10:12">Birkelandsflaten</stop>
    <stop arrival="10:16" departure="10:16">Birkelandsflaten</stop>
    <stop arrival="10:20">Birkelandskrysset Terminal</stop>
  </route>
  <route no="50" destination="Dolvik terminal" url="http://www.web2051.no/bin/tp/zuginfo.exe/on/583146/195232/854994/233115/1/" trafficDays="kjører Ma - Fr, ikke 13., 17., 24. Mai">
    <stop departure="9:10" routeNo="50">Åsane terminal</stop>
    <stop arrival="9:11" departure="9:11">Hesthaugen</stop>
    <stop arrival="9:12" departure="9:12">Stamskaret</stop>
    <stop arrival="9:13" departure="9:13">Tertneskrysset gamleveien</stop>
    <stop arrival="9:14" departure="9:14">Griggastemma</stop>
    <stop arrival="9:15" departure="9:15">Åstveitvegen</stop>
    <stop arrival="9:15" departure="9:15">Ervik øvre</stop>
    <stop arrival="9:16" departure="9:16">Ervik nedre (Sellesvingen)</stop>
    <stop arrival="9:17" departure="9:17">Selvikvegen</stop>
    <stop arrival="9:18" departure="9:18">Eidsvåg</stop>
    <stop arrival="9:20" departure="9:20">Handelshøyskolen</stop>
    <stop arrival="9:22" departure="9:22">Nyhavnsvei (Gamle Bergen)</stop>
    <stop arrival="9:24" departure="9:24">Munkebotten</stop>
    <stop arrival="9:25" departure="9:25">Ludebryggen</stop>
    <stop arrival="9:26" departure="9:26">Sandvikstorget</stop>
    <stop arrival="9:28" departure="9:28">Skutevikstorget</stop>
    <stop arrival="9:29" departure="9:29">Bontelabo</stop>
    <stop arrival="9:31" departure="9:31">Slottsgaten</stop>
    <stop arrival="9:32" departure="9:32">Bryggen</stop>
    <stop arrival="9:33" departure="9:33">Småstrandgaten</stop>
    <stop arrival="9:34" departure="9:34">Nygaten</stop>
    <stop arrival="9:35" departure="9:35">Statsporten (jernbanen)</stop>
    <stop arrival="9:38" departure="9:38">Kalfarlien</stop>
    <stop arrival="9:39" departure="9:39">Kalvedalsveien</stop>
    <stop arrival="9:40" departure="9:40">Svartediksveien</stop>
    <stop arrival="9:41" departure="9:41">Statsarkivet</stop>
    <stop arrival="9:42" departure="9:42">Haraldsplass sykehus</stop>
    <stop arrival="9:43" departure="9:43">Haukeland sykehus nord</stop>
    <stop arrival="9:44" departure="9:44">Haukeland sykehus sør</stop>
    <stop arrival="9:45" departure="9:45">Fridalen</stop>
    <stop arrival="9:45" departure="9:45">Langhaugen</stop>
    <stop arrival="9:46" departure="9:46">Landåssvingen</stop>
    <stop arrival="9:46" departure="9:46">Landåstorget</stop>
    <stop arrival="9:47" departure="9:47">Erleveien</stop>
    <stop arrival="9:47" departure="9:47">Wier-Jenssens vei</stop>
    <stop arrival="9:48" departure="9:48">Mannsverk</stop>
    <stop arrival="9:48" departure="9:48">Bolstad</stop>
    <stop arrival="9:49" departure="9:49">Hans Jægers vei</stop>
    <stop arrival="9:49" departure="9:49">Kolstibotn</stop>
    <stop arrival="9:49" departure="9:49">Knausen</stop>
    <stop arrival="9:50" departure="9:50">Birkelundstoppen</stop>
    <stop arrival="9:51" departure="9:51">Birkelundsbakken</stop>
    <stop arrival="9:51" departure="9:51">Natlandslien</stop>
    <stop arrival="9:52" departure="9:52">Stavkirken</stop>
    <stop arrival="9:53" departure="9:53">Paradis</stop>
    <stop arrival="9:54" departure="9:54">Tveiteråsskiftet</stop>
    <stop arrival="9:55" departure="9:55">Hopsbro</stop>
    <stop arrival="9:57" departure="9:57">Hopstangen</stop>
    <stop arrival="9:58" departure="9:58">Nesttun terminal</stop>
    <stop arrival="10:00" departure="10:00">Nesttun</stop>
    <stop arrival="10:03" departure="10:03">Skjoldskiftet</stop>
    <stop arrival="10:03" departure="10:03">Nesttunbrekka</stop>
    <stop arrival="10:04" departure="10:04">Mårdalen</stop>
    <stop arrival="10:04" departure="10:04">Skjoldhøgda</stop>
    <stop arrival="10:04" departure="10:04">Skjold skole</stop>
    <stop arrival="10:05" departure="10:05">Lagunen</stop>
    <stop arrival="10:06" departure="10:06">Rådal</stop>
    <stop arrival="10:07" departure="10:07">Meyerskiftet</stop>
    <stop arrival="10:11" departure="10:11">Håvardstun</stop>
    <stop arrival="10:12" departure="10:12">Statoil stasjon Sandsli</stop>
    <stop arrival="10:13" departure="10:13">Hydro Sandsli</stop>
    <stop arrival="10:14" departure="10:14">Petedalsheia</stop>
    <stop arrival="10:15" departure="10:15">Fanatorget</stop>
    <stop arrival="10:17">Dolvik terminal</stop>
  </route>
  <route no="23" destination="Birkelandskrysset Terminal" url="http://www.web2051.no/bin/tp/zuginfo.exe/on/95361/35910/556648/246541/1/" trafficDays="kjører Ma - Fr, ikke 13., 17., 24. Mai">
    <stop departure="9:30" routeNo="23">Olav Kyrres gate</stop>
    <stop arrival="9:35" departure="9:35">Bergen Busstasjon</stop>
    <stop arrival="9:40" departure="9:40">Danmarksplass</stop>
    <stop arrival="9:41" departure="9:41">Solheimsgaten</stop>
    <stop arrival="9:42" departure="9:42">Reperbanen</stop>
    <stop arrival="9:44" departure="9:44">Fjøsangerveien/ Minde Allè</stop>
    <stop arrival="9:47" departure="9:47">Minde</stop>
    <stop arrival="9:48" departure="9:48">Elvebakken</stop>
    <stop arrival="9:48" departure="9:48">Storetveit</stop>
    <stop arrival="9:48" departure="9:48">Fantoft</stop>
    <stop arrival="9:49" departure="9:49">Nydalen</stop>
    <stop arrival="9:50" departure="9:50">Paradis</stop>
    <stop arrival="9:51" departure="9:51">Tveiteråsskiftet</stop>
    <stop arrival="9:52" departure="9:52">Hopsbro</stop>
    <stop arrival="9:54" departure="9:54">Hopstangen</stop>
    <stop arrival="9:55" departure="9:55">Nesttun terminal</stop>
    <stop arrival="9:57" departure="9:57">Nesttun</stop>
    <stop arrival="10:00" departure="10:00">Skjoldskiftet</stop>
    <stop arrival="10:00" departure="10:00">Nesttunbrekka</stop>
    <stop arrival="10:01" departure="10:01">Mårdalen</stop>
    <stop arrival="10:01" departure="10:01">Skjoldhøgda</stop>
    <stop arrival="10:01" departure="10:01">Skjold skole</stop>
    <stop arrival="10:02" departure="10:02">Lagunen</stop>
    <stop arrival="10:04" departure="10:04">Rådal</stop>
    <stop arrival="10:07" departure="10:07">Meyerskiftet</stop>
    <stop arrival="10:14" departure="10:14">Håvardstun</stop>
    <stop arrival="10:15" departure="10:15">Sandsliskiftet</stop>
    <stop arrival="10:17" departure="10:17">Gomarhaug</stop>
    <stop arrival="10:20">Birkelandskrysset Terminal</stop>
  </route>
  <route no="30" destination="Bergen Busstasjon" url="http://www.web2051.no/bin/tp/zuginfo.exe/on/715644/242861/170000/153548/1/" trafficDays="kjører Lø, ikke 1. Mai">
    <stop departure="10:20" routeNo="30">Birkelandskrysset Terminal</stop>
    <stop arrival="10:22" departure="10:22">Birkelandsflaten</stop>
    <stop arrival="10:23" departure="10:23">Birkelandsflaten</stop>
    <stop arrival="10:23" departure="10:23">Sandslislusen</stop>
    <stop arrival="10:23" departure="10:23">Sandslisnuplass</stop>
    <stop arrival="10:24" departure="10:24">Sandsligården</stop>
    <stop arrival="10:25" departure="10:25">Statoil (Sandsli)</stop>
    <stop arrival="10:25" departure="10:25">Statoil stasjon Sandsli</stop>
    <stop arrival="10:26" departure="10:26">Hydro Sandsli</stop>
    <stop arrival="10:26" departure="10:26">Petedalsheia</stop>
    <stop arrival="10:27" departure="10:27">Fanatorget</stop>
    <stop arrival="10:31" departure="10:31">Dolvik terminal</stop>
    <stop arrival="10:31" departure="10:31">Dolvikbakken</stop>
    <stop arrival="10:32" departure="10:32">Søreide skole</stop>
    <stop arrival="10:33" departure="10:33">Søreide v/Hydrostasjonen</stop>
    <stop arrival="10:33" departure="10:33">Straume bro</stop>
    <stop arrival="10:33" departure="10:33">Bergen Motorbåtforening</stop>
    <stop arrival="10:34" departure="10:34">Sementbroen</stop>
    <stop arrival="10:35" departure="10:35">Sandeide terminal</stop>
    <stop arrival="10:38" departure="10:38">Fyllingsdalsveien v/Shell</stop>
    <stop arrival="10:42" departure="10:42">Skarphaugen</stop>
    <stop arrival="10:43" departure="10:43">Oasen Terminal</stop>
    <stop arrival="10:44" departure="10:44">Løvås</stop>
    <stop arrival="10:44" departure="10:44">Nebbeveien</stop>
    <stop arrival="10:44" departure="10:44">Hamregården</stop>
    <stop arrival="10:45" departure="10:45">Sikthaugen</stop>
    <stop arrival="10:48" departure="10:48">Gyldenpris</stop>
    <stop arrival="10:50" departure="10:50">Møhlenpris v/ Industrihuset</stop>
    <stop arrival="10:53" departure="10:53">Nygårdsgaten</stop>
    <stop arrival="10:58">Bergen Busstasjon</stop>
  </route>
  <route no="30" destination="Bergen Busstasjon" url="http://www.web2051.no/bin/tp/zuginfo.exe/on/769734/260927/104704/204228/1/" trafficDays="kjører Ma - Fr, ikke 13., 17., 24. Mai">
    <stop departure="10:20" routeNo="30">Birkelandskrysset Terminal</stop>
    <stop arrival="10:22" departure="10:22">Birkelandsflaten</stop>
    <stop arrival="10:23" departure="10:23">Birkelandsflaten</stop>
    <stop arrival="10:23" departure="10:23">Sandslislusen</stop>
    <stop arrival="10:23" departure="10:23">Sandslisnuplass</stop>
    <stop arrival="10:24" departure="10:24">Sandsligården</stop>
    <stop arrival="10:25" departure="10:25">Statoil (Sandsli)</stop>
    <stop arrival="10:25" departure="10:25">Statoil stasjon Sandsli</stop>
    <stop arrival="10:26" departure="10:26">Hydro Sandsli</stop>
    <stop arrival="10:26" departure="10:26">Petedalsheia</stop>
    <stop arrival="10:27" departure="10:27">Fanatorget</stop>
    <stop arrival="10:30" departure="10:30">Regnbueåsen</stop>
    <stop arrival="10:33" departure="10:33">Skranevegen</stop>
    <stop arrival="10:33" departure="10:33">Dolvik terminal</stop>
    <stop arrival="10:33" departure="10:33">Dolvikbakken</stop>
    <stop arrival="10:34" departure="10:34">Søreide skole</stop>
    <stop arrival="10:35" departure="10:35">Søreide v/Hydrostasjonen</stop>
    <stop arrival="10:36" departure="10:36">Straume bro</stop>
    <stop arrival="10:36" departure="10:36">Bergen Motorbåtforening</stop>
    <stop arrival="10:36" departure="10:36">Sementbroen</stop>
    <stop arrival="10:38" departure="10:38">Sandeide terminal</stop>
    <stop arrival="10:40" departure="10:40">Fyllingsdalsveien v/Shell</stop>
    <stop arrival="10:42" departure="10:42">Skarphaugen</stop>
    <stop arrival="10:43" departure="10:43">Oasen Terminal</stop>
    <stop arrival="10:44" departure="10:44">Løvås</stop>
    <stop arrival="10:45" departure="10:45">Nebbeveien</stop>
    <stop arrival="10:45" departure="10:45">Hamregården</stop>
    <stop arrival="10:46" departure="10:46">Sikthaugen</stop>
    <stop arrival="10:51" departure="10:51">Gyldenpris</stop>
    <stop arrival="10:53" departure="10:53">Møhlenpris v/ Industrihuset</stop>
    <stop arrival="10:56" departure="10:56">Nygårdsgaten</stop>
    <stop arrival="11:01">Bergen Busstasjon</stop>
  </route>
  <route no="30" destination="Bergen Busstasjon" url="http://www.web2051.no/bin/tp/zuginfo.exe/on/165996/59645/362578/125957/1/" trafficDays="kjører Lø, ikke 1. Mai">
    <stop departure="10:20" routeNo="30">Birkelandskrysset Terminal</stop>
    <stop arrival="10:22" departure="10:22">Birkelandsflaten</stop>
    <stop arrival="10:23" departure="10:23">Birkelandsflaten</stop>
    <stop arrival="10:23" departure="10:23">Sandslislusen</stop>
    <stop arrival="10:23" departure="10:23">Sandslisnuplass</stop>
    <stop arrival="10:24" departure="10:24">Sandsligården</stop>
    <stop arrival="10:25" departure="10:25">Statoil (Sandsli)</stop>
    <stop arrival="10:25" departure="10:25">Statoil stasjon Sandsli</stop>
    <stop arrival="10:26" departure="10:26">Hydro Sandsli</stop>
    <stop arrival="10:26" departure="10:26">Petedalsheia</stop>
    <stop arrival="10:27" departure="10:27">Fanatorget</stop>
    <stop arrival="10:31" departure="10:31">Dolvik terminal</stop>
    <stop arrival="10:31" departure="10:31">Dolvikbakken</stop>
    <stop arrival="10:32" departure="10:32">Søreide skole</stop>
    <stop arrival="10:33" departure="10:33">Søreide v/Hydrostasjonen</stop>
    <stop arrival="10:33" departure="10:33">Straume bro</stop>
    <stop arrival="10:33" departure="10:33">Bergen Motorbåtforening</stop>
    <stop arrival="10:34" departure="10:34">Sementbroen</stop>
    <stop arrival="10:35" departure="10:35">Sandeide terminal</stop>
    <stop arrival="10:38" departure="10:38">Fyllingsdalsveien v/Shell</stop>
    <stop arrival="10:42" departure="10:42">Skarphaugen</stop>
    <stop arrival="10:43" departure="10:43">Oasen Terminal</stop>
    <stop arrival="10:44" departure="10:44">Løvås</stop>
    <stop arrival="10:44" departure="10:44">Nebbeveien</stop>
    <stop arrival="10:44" departure="10:44">Hamregården</stop>
    <stop arrival="10:45" departure="10:45">Sikthaugen</stop>
    <stop arrival="10:48" departure="10:48">Gyldenpris</stop>
    <stop arrival="10:50" departure="10:50">Møhlenpris v/ Industrihuset</stop>
    <stop arrival="10:53" departure="10:53">Nygårdsgaten</stop>
    <stop arrival="10:58">Bergen Busstasjon</stop>
  </route>
  <route no="30" destination="Bergen Busstasjon" url="http://www.web2051.no/bin/tp/zuginfo.exe/on/13227/8758/107770/49478/1/" trafficDays="kjører Ma - Fr, ikke 13., 17., 24. Mai">
    <stop departure="10:20" routeNo="30">Birkelandskrysset Terminal</stop>
    <stop arrival="10:22" departure="10:22">Birkelandsflaten</stop>
    <stop arrival="10:23" departure="10:23">Birkelandsflaten</stop>
    <stop arrival="10:23" departure="10:23">Sandslislusen</stop>
    <stop arrival="10:23" departure="10:23">Sandslisnuplass</stop>
    <stop arrival="10:24" departure="10:24">Sandsligården</stop>
    <stop arrival="10:25" departure="10:25">Statoil (Sandsli)</stop>
    <stop arrival="10:25" departure="10:25">Statoil stasjon Sandsli</stop>
    <stop arrival="10:26" departure="10:26">Hydro Sandsli</stop>
    <stop arrival="10:26" departure="10:26">Petedalsheia</stop>
    <stop arrival="10:27" departure="10:27">Fanatorget</stop>
    <stop arrival="10:30" departure="10:30">Regnbueåsen</stop>
    <stop arrival="10:33" departure="10:33">Skranevegen</stop>
    <stop arrival="10:33" departure="10:33">Dolvik terminal</stop>
    <stop arrival="10:33" departure="10:33">Dolvikbakken</stop>
    <stop arrival="10:34" departure="10:34">Søreide skole</stop>
    <stop arrival="10:35" departure="10:35">Søreide v/Hydrostasjonen</stop>
    <stop arrival="10:36" departure="10:36">Straume bro</stop>
    <stop arrival="10:36" departure="10:36">Bergen Motorbåtforening</stop>
    <stop arrival="10:36" departure="10:36">Sementbroen</stop>
    <stop arrival="10:38" departure="10:38">Sandeide terminal</stop>
    <stop arrival="10:40" departure="10:40">Fyllingsdalsveien v/Shell</stop>
    <stop arrival="10:42" departure="10:42">Skarphaugen</stop>
    <stop arrival="10:43" departure="10:43">Oasen Terminal</stop>
    <stop arrival="10:44" departure="10:44">Løvås</stop>
    <stop arrival="10:45" departure="10:45">Nebbeveien</stop>
    <stop arrival="10:45" departure="10:45">Hamregården</stop>
    <stop arrival="10:46" departure="10:46">Sikthaugen</stop>
    <stop arrival="10:51" departure="10:51">Gyldenpris</stop>
    <stop arrival="10:53" departure="10:53">Møhlenpris v/ Industrihuset</stop>
    <stop arrival="10:56" departure="10:56">Nygårdsgaten</stop>
    <stop arrival="11:01">Bergen Busstasjon</stop>
  </route>
  <route no="23" destination="Bergen Busstasjon" url="http://www.web2051.no/bin/tp/zuginfo.exe/on/839367/283914/504320/27633/1/" trafficDays="kjører Ma - Fr, ikke 13., 17., 24. Mai">
    <stop departure="10:24" routeNo="23">Birkelandskrysset Terminal</stop>
    <stop arrival="10:25" departure="10:25">Gomarhaug</stop>
    <stop arrival="10:26" departure="10:26">Sandsliskiftet</stop>
    <stop arrival="10:26" departure="10:26">Håvardstun</stop>
    <stop arrival="10:28" departure="10:28">Meyer</stop>
    <stop arrival="10:29" departure="10:29">Rådal</stop>
    <stop arrival="10:30" departure="10:30">Rådal ved Lagunen</stop>
    <stop arrival="10:35" departure="10:35">Skjold skole</stop>
    <stop arrival="10:37" departure="10:37">Mårdalen</stop>
    <stop arrival="10:38" departure="10:38">Nesttunbrekka</stop>
    <stop arrival="10:38" departure="10:38">Skjoldskiftet</stop>
    <stop arrival="10:39" departure="10:39">Nesttun</stop>
    <stop arrival="10:40" departure="10:40">Nesttun terminal</stop>
    <stop arrival="10:42" departure="10:42">Hopsbro</stop>
    <stop arrival="10:44" departure="10:44">Tveiteråsskiftet</stop>
    <stop arrival="10:45" departure="10:45">Paradis</stop>
    <stop arrival="10:47" departure="10:47">Nydalen</stop>
    <stop arrival="10:49" departure="10:49">Fantoft</stop>
    <stop arrival="10:50" departure="10:50">Storetveit</stop>
    <stop arrival="10:50" departure="10:50">Elvebakken</stop>
    <stop arrival="10:51" departure="10:51">Minde</stop>
    <stop arrival="10:54" departure="10:54">Mindemyren</stop>
    <stop arrival="10:55" departure="10:55">Postterminalen</stop>
    <stop arrival="10:56" departure="10:56">Kanalveien v/LBK</stop>
    <stop arrival="10:58" departure="10:58">Danmarksplass v/Forum kino</stop>
    <stop arrival="11:01" departure="11:01">Bergen Busstasjon</stop>
    <stop arrival="11:04" departure="11:04">Christies gate (Festplassen)</stop>
    <stop arrival="11:09">Bergen Busstasjon</stop>
  </route>
  <route no="23" destination="Bergen Busstasjon" url="http://www.web2051.no/bin/tp/zuginfo.exe/on/539805/184032/769812/204971/1/" trafficDays="kjører Lø, ikke 1. Mai">
    <stop departure="10:26" routeNo="23">Birkelandskrysset Terminal</stop>
    <stop arrival="10:27" departure="10:27">Gomarhaug</stop>
    <stop arrival="10:28" departure="10:28">Sandsliskiftet</stop>
    <stop arrival="10:28" departure="10:28">Håvardstun</stop>
    <stop arrival="10:30" departure="10:30">Meyer</stop>
    <stop arrival="10:31" departure="10:31">Rådal</stop>
    <stop arrival="10:32" departure="10:32">Rådal ved Lagunen</stop>
    <stop arrival="10:35" departure="10:35">Skjold skole</stop>
    <stop arrival="10:37" departure="10:37">Mårdalen</stop>
    <stop arrival="10:38" departure="10:38">Nesttunbrekka</stop>
    <stop arrival="10:38" departure="10:38">Skjoldskiftet</stop>
    <stop arrival="10:39" departure="10:39">Nesttun</stop>
    <stop arrival="10:40" departure="10:40">Nesttun terminal</stop>
    <stop arrival="10:42" departure="10:42">Hopsbro</stop>
    <stop arrival="10:44" departure="10:44">Tveiteråsskiftet</stop>
    <stop arrival="10:45" departure="10:45">Paradis</stop>
    <stop arrival="10:47" departure="10:47">Nydalen</stop>
    <stop arrival="10:49" departure="10:49">Fantoft</stop>
    <stop arrival="10:50" departure="10:50">Storetveit</stop>
    <stop arrival="10:50" departure="10:50">Elvebakken</stop>
    <stop arrival="10:51" departure="10:51">Minde</stop>
    <stop arrival="10:55" departure="10:55">Mindemyren</stop>
    <stop arrival="10:56" departure="10:56">Postterminalen</stop>
    <stop arrival="10:56" departure="10:56">Kanalveien v/LBK</stop>
    <stop arrival="10:58" departure="10:58">Danmarksplass v/Forum kino</stop>
    <stop arrival="11:02" departure="11:02">Bergen Busstasjon</stop>
    <stop arrival="11:05" departure="11:05">Christies gate (Festplassen)</stop>
    <stop arrival="11:10">Bergen Busstasjon</stop>
  </route>
  <route no="30" destination="Birkelandskrysset Terminal" url="http://www.web2051.no/bin/tp/zuginfo.exe/on/217740/76876/673064/263954/1/" trafficDays="kjører Sø, også 1., 13., 17., 24. Mai">
    <stop departure="10:05" routeNo="30">Bergen Busstasjon</stop>
    <stop arrival="10:10" departure="10:10">Olav Kyrres gate</stop>
    <stop arrival="10:11" departure="10:11">Møhlenpris v/ Industrihuset</stop>
    <stop arrival="10:12" departure="10:12">Gyldenpris</stop>
    <stop arrival="10:15" departure="10:15">Løvstakktunnelen</stop>
    <stop arrival="10:16" departure="10:16">Sikthaugen</stop>
    <stop arrival="10:16" departure="10:16">Hamregården</stop>
    <stop arrival="10:17" departure="10:17">Nebbeveien</stop>
    <stop arrival="10:17" departure="10:17">Løvås</stop>
    <stop arrival="10:18" departure="10:18">Oasen Terminal</stop>
    <stop arrival="10:19" departure="10:19">Skarphaugen</stop>
    <stop arrival="10:21" departure="10:21">Fyllingdsalsveien v/Shell</stop>
    <stop arrival="10:23" departure="10:23">Sandeide terminal</stop>
    <stop arrival="10:25" departure="10:25">Bjørgeveien</stop>
    <stop arrival="10:27" departure="10:27">Sementbroen</stop>
    <stop arrival="10:29" departure="10:29">Straume bro</stop>
    <stop arrival="10:30" departure="10:30">Søreide v/Hydrostasjonen</stop>
    <stop arrival="10:31" departure="10:31">Dolvik terminal</stop>
    <stop arrival="10:34" departure="10:34">Fanatorget</stop>
    <stop arrival="10:35" departure="10:35">Petedalsheia</stop>
    <stop arrival="10:35" departure="10:35">Hydro Sandsli</stop>
    <stop arrival="10:36" departure="10:36">Statoil (Sandsli)</stop>
    <stop arrival="10:37" departure="10:37">Sandsligården</stop>
    <stop arrival="10:38" departure="10:38">Sandslisnuplass</stop>
    <stop arrival="10:38" departure="10:38">Sandslislusen</stop>
    <stop arrival="10:39" departure="10:39">Birkelandsflaten</stop>
    <stop arrival="10:42" departure="10:42">Birkelandsflaten</stop>
    <stop arrival="10:45">Birkelandskrysset Terminal</stop>
  </route>
  <route no="30" destination="Birkelandskrysset Terminal" url="http://www.web2051.no/bin/tp/zuginfo.exe/on/720882/244640/867968/193693/1/" trafficDays="kjører Ma - Fr, ikke 13., 17., 24. Mai">
    <stop departure="10:05" routeNo="30">Bergen Busstasjon</stop>
    <stop arrival="10:10" departure="10:10">Olav Kyrres gate</stop>
    <stop arrival="10:12" departure="10:12">Møhlenpris v/ Industrihuset</stop>
    <stop arrival="10:13" departure="10:13">Gyldenpris</stop>
    <stop arrival="10:17" departure="10:17">Løvstakktunnelen</stop>
    <stop arrival="10:17" departure="10:17">Sikthaugen</stop>
    <stop arrival="10:18" departure="10:18">Hamregården</stop>
    <stop arrival="10:18" departure="10:18">Nebbeveien</stop>
    <stop arrival="10:19" departure="10:19">Løvås</stop>
    <stop arrival="10:20" departure="10:20">Oasen Terminal</stop>
    <stop arrival="10:20" departure="10:20">Skarphaugen</stop>
    <stop arrival="10:21" departure="10:21">Fyllingdsalsveien v/Shell</stop>
    <stop arrival="10:22" departure="10:22">Sandeide terminal</stop>
    <stop arrival="10:25" departure="10:25">Bjørgeveien</stop>
    <stop arrival="10:27" departure="10:27">Sementbroen</stop>
    <stop arrival="10:30" departure="10:30">Straume bro</stop>
    <stop arrival="10:32" departure="10:32">Søreide v/Hydrostasjonen</stop>
    <stop arrival="10:32" departure="10:32">Søreide skole</stop>
    <stop arrival="10:33" departure="10:33">Grimstadskiftet</stop>
    <stop arrival="10:33" departure="10:33">Dolvik terminal</stop>
    <stop arrival="10:33" departure="10:33">Skranevegen</stop>
    <stop arrival="10:34" departure="10:34">Regnbueåsen</stop>
    <stop arrival="10:35" departure="10:35">Fanatorget</stop>
    <stop arrival="10:36" departure="10:36">Petedalsheia</stop>
    <stop arrival="10:37" departure="10:37">Hydro Sandsli</stop>
    <stop arrival="10:38" departure="10:38">Statoil (Sandsli)</stop>
    <stop arrival="10:39" departure="10:39">Sandsligården</stop>
    <stop arrival="10:40" departure="10:40">Sandslisnuplass</stop>
    <stop arrival="10:40" departure="10:40">Sandslislusen</stop>
    <stop arrival="10:42" departure="10:42">Birkelandsflaten</stop>
    <stop arrival="10:46" departure="10:46">Birkelandsflaten</stop>
    <stop arrival="10:50">Birkelandskrysset Terminal</stop>
  </route>
  <route no="50" destination="Dolvik terminal" url="http://www.web2051.no/bin/tp/zuginfo.exe/on/230661/77733/892426/369327/1/" trafficDays="kjører Ma - Fr, ikke 13., 17., 24. Mai">
    <stop departure="9:40" routeNo="50">Åsane terminal</stop>
    <stop arrival="9:41" departure="9:41">Hesthaugen</stop>
    <stop arrival="9:42" departure="9:42">Stamskaret</stop>
    <stop arrival="9:43" departure="9:43">Tertneskrysset gamleveien</stop>
    <stop arrival="9:44" departure="9:44">Griggastemma</stop>
    <stop arrival="9:45" departure="9:45">Åstveitvegen</stop>
    <stop arrival="9:45" departure="9:45">Ervik øvre</stop>
    <stop arrival="9:46" departure="9:46">Ervik nedre (Sellesvingen)</stop>
    <stop arrival="9:47" departure="9:47">Selvikvegen</stop>
    <stop arrival="9:48" departure="9:48">Eidsvåg</stop>
    <stop arrival="9:50" departure="9:50">Handelshøyskolen</stop>
    <stop arrival="9:52" departure="9:52">Nyhavnsvei (Gamle Bergen)</stop>
    <stop arrival="9:54" departure="9:54">Munkebotten</stop>
    <stop arrival="9:55" departure="9:55">Ludebryggen</stop>
    <stop arrival="9:56" departure="9:56">Sandvikstorget</stop>
    <stop arrival="9:58" departure="9:58">Skutevikstorget</stop>
    <stop arrival="9:59" departure="9:59">Bontelabo</stop>
    <stop arrival="10:01" departure="10:01">Slottsgaten</stop>
    <stop arrival="10:02" departure="10:02">Bryggen</stop>
    <stop arrival="10:03" departure="10:03">Småstrandgaten</stop>
    <stop arrival="10:04" departure="10:04">Nygaten</stop>
    <stop arrival="10:05" departure="10:05">Statsporten (jernbanen)</stop>
    <stop arrival="10:08" departure="10:08">Kalfarlien</stop>
    <stop arrival="10:09" departure="10:09">Kalvedalsveien</stop>
    <stop arrival="10:10" departure="10:10">Svartediksveien</stop>
    <stop arrival="10:11" departure="10:11">Statsarkivet</stop>
    <stop arrival="10:12" departure="10:12">Haraldsplass sykehus</stop>
    <stop arrival="10:13" departure="10:13">Haukeland sykehus nord</stop>
    <stop arrival="10:14" departure="10:14">Haukeland sykehus sør</stop>
    <stop arrival="10:15" departure="10:15">Fridalen</stop>
    <stop arrival="10:15" departure="10:15">Langhaugen</stop>
    <stop arrival="10:16" departure="10:16">Landåssvingen</stop>
    <stop arrival="10:16" departure="10:16">Landåstorget</stop>
    <stop arrival="10:17" departure="10:17">Erleveien</stop>
    <stop arrival="10:17" departure="10:17">Wier-Jenssens vei</stop>
    <stop arrival="10:18" departure="10:18">Mannsverk</stop>
    <stop arrival="10:18" departure="10:18">Bolstad</stop>
    <stop arrival="10:19" departure="10:19">Hans Jægers vei</stop>
    <stop arrival="10:19" departure="10:19">Kolstibotn</stop>
    <stop arrival="10:19" departure="10:19">Knausen</stop>
    <stop arrival="10:20" departure="10:20">Birkelundstoppen</stop>
    <stop arrival="10:21" departure="10:21">Birkelundsbakken</stop>
    <stop arrival="10:21" departure="10:21">Natlandslien</stop>
    <stop arrival="10:22" departure="10:22">Stavkirken</stop>
    <stop arrival="10:23" departure="10:23">Paradis</stop>
    <stop arrival="10:24" departure="10:24">Tveiteråsskiftet</stop>
    <stop arrival="10:25" departure="10:25">Hopsbro</stop>
    <stop arrival="10:27" departure="10:27">Hopstangen</stop>
    <stop arrival="10:28" departure="10:28">Nesttun terminal</stop>
    <stop arrival="10:30" departure="10:30">Nesttun</stop>
    <stop arrival="10:33" departure="10:33">Skjoldskiftet</stop>
    <stop arrival="10:33" departure="10:33">Nesttunbrekka</stop>
    <stop arrival="10:34" departure="10:34">Mårdalen</stop>
    <stop arrival="10:34" departure="10:34">Skjoldhøgda</stop>
    <stop arrival="10:34" departure="10:34">Skjold skole</stop>
    <stop arrival="10:35" departure="10:35">Lagunen</stop>
    <stop arrival="10:36" departure="10:36">Rådal</stop>
    <stop arrival="10:37" departure="10:37">Meyerskiftet</stop>
    <stop arrival="10:41" departure="10:41">Håvardstun</stop>
    <stop arrival="10:42" departure="10:42">Statoil stasjon Sandsli</stop>
    <stop arrival="10:43" departure="10:43">Hydro Sandsli</stop>
    <stop arrival="10:44" departure="10:44">Petedalsheia</stop>
    <stop arrival="10:45" departure="10:45">Fanatorget</stop>
    <stop arrival="10:50">Dolvik terminal</stop>
  </route>
  <route no="23" destination="Birkelandskrysset Terminal" url="http://www.web2051.no/bin/tp/zuginfo.exe/on/200178/70822/545388/205968/1/" trafficDays="kjører Lø, ikke 1. Mai">
    <stop departure="10:00" routeNo="23">Olav Kyrres gate</stop>
    <stop arrival="10:05" departure="10:05">Bergen Busstasjon</stop>
    <stop arrival="10:09" departure="10:09">Danmarksplass</stop>
    <stop arrival="10:10" departure="10:10">Solheimsgaten</stop>
    <stop arrival="10:11" departure="10:11">Reperbanen</stop>
    <stop arrival="10:13" departure="10:13">Fjøsangerveien/ Minde Allè</stop>
    <stop arrival="10:16" departure="10:16">Minde</stop>
    <stop arrival="10:17" departure="10:17">Elvebakken</stop>
    <stop arrival="10:17" departure="10:17">Storetveit</stop>
    <stop arrival="10:17" departure="10:17">Fantoft</stop>
    <stop arrival="10:18" departure="10:18">Nydalen</stop>
    <stop arrival="10:19" departure="10:19">Paradis</stop>
    <stop arrival="10:20" departure="10:20">Tveiteråsskiftet</stop>
    <stop arrival="10:21" departure="10:21">Hopsbro</stop>
    <stop arrival="10:23" departure="10:23">Hopstangen</stop>
    <stop arrival="10:24" departure="10:24">Nesttun terminal</stop>
    <stop arrival="10:26" departure="10:26">Nesttun</stop>
    <stop arrival="10:29" departure="10:29">Skjoldskiftet</stop>
    <stop arrival="10:30" departure="10:30">Nesttunbrekka</stop>
    <stop arrival="10:30" departure="10:30">Mårdalen</stop>
    <stop arrival="10:31" departure="10:31">Skjoldhøgda</stop>
    <stop arrival="10:32" departure="10:32">Skjold skole</stop>
    <stop arrival="10:33" departure="10:33">Lagunen</stop>
    <stop arrival="10:35" departure="10:35">Rådal</stop>
    <stop arrival="10:36" departure="10:36">Meyerskiftet</stop>
    <stop arrival="10:42" departure="10:42">Håvardstun</stop>
    <stop arrival="10:43" departure="10:43">Sandsliskiftet</stop>
    <stop arrival="10:44" departure="10:44">Gomarhaug</stop>
    <stop arrival="10:46">Birkelandskrysset Terminal</stop>
  </route>
  <route no="23" destination="Birkelandskrysset Terminal" url="http://www.web2051.no/bin/tp/zuginfo.exe/on/656076/222815/226214/105590/1/" trafficDays="kjører Ma - Fr, ikke 13., 17., 24. Mai">
    <stop departure="10:00" routeNo="23">Olav Kyrres gate</stop>
    <stop arrival="10:05" departure="10:05">Bergen Busstasjon</stop>
    <stop arrival="10:10" departure="10:10">Danmarksplass</stop>
    <stop arrival="10:11" departure="10:11">Solheimsgaten</stop>
    <stop arrival="10:12" departure="10:12">Reperbanen</stop>
    <stop arrival="10:14" departure="10:14">Fjøsangerveien/ Minde Allè</stop>
    <stop arrival="10:17" departure="10:17">Minde</stop>
    <stop arrival="10:18" departure="10:18">Elvebakken</stop>
    <stop arrival="10:18" departure="10:18">Storetveit</stop>
    <stop arrival="10:18" departure="10:18">Fantoft</stop>
    <stop arrival="10:19" departure="10:19">Nydalen</stop>
    <stop arrival="10:20" departure="10:20">Paradis</stop>
    <stop arrival="10:21" departure="10:21">Tveiteråsskiftet</stop>
    <stop arrival="10:22" departure="10:22">Hopsbro</stop>
    <stop arrival="10:24" departure="10:24">Hopstangen</stop>
    <stop arrival="10:25" departure="10:25">Nesttun terminal</stop>
    <stop arrival="10:27" departure="10:27">Nesttun</stop>
    <stop arrival="10:30" departure="10:30">Skjoldskiftet</stop>
    <stop arrival="10:30" departure="10:30">Nesttunbrekka</stop>
    <stop arrival="10:31" departure="10:31">Mårdalen</stop>
    <stop arrival="10:31" departure="10:31">Skjoldhøgda</stop>
    <stop arrival="10:31" departure="10:31">Skjold skole</stop>
    <stop arrival="10:32" departure="10:32">Lagunen</stop>
    <stop arrival="10:34" departure="10:34">Rådal</stop>
    <stop arrival="10:37" departure="10:37">Meyerskiftet</stop>
    <stop arrival="10:44" departure="10:44">Håvardstun</stop>
    <stop arrival="10:45" departure="10:45">Sandsliskiftet</stop>
    <stop arrival="10:47" departure="10:47">Gomarhaug</stop>
    <stop arrival="10:50">Birkelandskrysset Terminal</stop>
  </route>
  <route no="23" destination="Birkelandskrysset Terminal" url="http://www.web2051.no/bin/tp/zuginfo.exe/on/647607/219949/589266/78766/1/" trafficDays="kjører Sø, også 1., 13., 17., 24. Mai">
    <stop departure="10:05" routeNo="23">Olav Kyrres gate</stop>
    <stop arrival="10:10" departure="10:10">Bergen Busstasjon</stop>
    <stop arrival="10:14" departure="10:14">Danmarksplass</stop>
    <stop arrival="10:15" departure="10:15">Solheimsgaten</stop>
    <stop arrival="10:16" departure="10:16">Reperbanen</stop>
    <stop arrival="10:17" departure="10:17">Fjøsangerveien/ Minde Allè</stop>
    <stop arrival="10:20" departure="10:20">Minde</stop>
    <stop arrival="10:21" departure="10:21">Elvebakken</stop>
    <stop arrival="10:22" departure="10:22">Storetveit</stop>
    <stop arrival="10:22" departure="10:22">Fantoft</stop>
    <stop arrival="10:23" departure="10:23">Nydalen</stop>
    <stop arrival="10:24" departure="10:24">Paradis</stop>
    <stop arrival="10:25" departure="10:25">Tveiteråsskiftet</stop>
    <stop arrival="10:26" departure="10:26">Hopsbro</stop>
    <stop arrival="10:28" departure="10:28">Hopstangen</stop>
    <stop arrival="10:29" departure="10:29">Nesttun terminal</stop>
    <stop arrival="10:31" departure="10:31">Nesttun</stop>
    <stop arrival="10:34" departure="10:34">Skjoldskiftet</stop>
    <stop arrival="10:34" departure="10:34">Nesttunbrekka</stop>
    <stop arrival="10:35" departure="10:35">Mårdalen</stop>
    <stop arrival="10:35" departure="10:35">Skjoldhøgda</stop>
    <stop arrival="10:35" departure="10:35">Skjold skole</stop>
    <stop arrival="10:36" departure="10:36">Lagunen</stop>
    <stop arrival="10:38" departure="10:38">Rådal</stop>
    <stop arrival="10:39" departure="10:39">Meyerskiftet</stop>
    <stop arrival="10:45" departure="10:45">Håvardstun</stop>
    <stop arrival="10:46" departure="10:46">Sandsliskiftet</stop>
    <stop arrival="10:47" departure="10:47">Gomarhaug</stop>
    <stop arrival="10:49">Birkelandskrysset Terminal</stop>
  </route>
  <route no="23" destination="Bergen Busstasjon" url="http://www.web2051.no/bin/tp/zuginfo.exe/on/599832/204026/938024/269068/1/" trafficDays="kjører Sø, også 1., 13., 17., 24. Mai">
    <stop departure="10:51" routeNo="23">Birkelandskrysset Terminal</stop>
    <stop arrival="10:52" departure="10:52">Gomarhaug</stop>
    <stop arrival="10:53" departure="10:53">Sandsliskiftet</stop>
    <stop arrival="10:53" departure="10:53">Håvardstun</stop>
    <stop arrival="10:55" departure="10:55">Meyer</stop>
    <stop arrival="10:56" departure="10:56">Rådal</stop>
    <stop arrival="10:57" departure="10:57">Rådal ved Lagunen</stop>
    <stop arrival="11:00" departure="11:00">Skjold skole</stop>
    <stop arrival="11:02" departure="11:02">Mårdalen</stop>
    <stop arrival="11:03" departure="11:03">Nesttunbrekka</stop>
    <stop arrival="11:03" departure="11:03">Skjoldskiftet</stop>
    <stop arrival="11:04" departure="11:04">Nesttun</stop>
    <stop arrival="11:05" departure="11:05">Nesttun terminal</stop>
    <stop arrival="11:07" departure="11:07">Hopsbro</stop>
    <stop arrival="11:09" departure="11:09">Tveiteråsskiftet</stop>
    <stop arrival="11:10" departure="11:10">Paradis</stop>
    <stop arrival="11:12" departure="11:12">Nydalen</stop>
    <stop arrival="11:14" departure="11:14">Fantoft</stop>
    <stop arrival="11:15" departure="11:15">Storetveit</stop>
    <stop arrival="11:15" departure="11:15">Elvebakken</stop>
    <stop arrival="11:16" departure="11:16">Minde</stop>
    <stop arrival="11:19" departure="11:19">Mindemyren</stop>
    <stop arrival="11:20" departure="11:20">Postterminalen</stop>
    <stop arrival="11:21" departure="11:21">Kanalveien v/LBK</stop>
    <stop arrival="11:23" departure="11:23">Danmarksplass v/Forum kino</stop>
    <stop arrival="11:26" departure="11:26">Bergen Busstasjon</stop>
    <stop arrival="11:29" departure="11:29">Christies gate (Festplassen)</stop>
    <stop arrival="11:34">Bergen Busstasjon</stop>
  </route>
  <route no="30" destination="Bergen Busstasjon" url="http://www.web2051.no/bin/tp/zuginfo.exe/on/634194/215747/583444/80327/1/" trafficDays="kjører Ma - Fr, ikke 13., 17., 24. Mai">
    <stop departure="10:50" routeNo="30">Birkelandskrysset Terminal</stop>
    <stop arrival="10:52" departure="10:52">Birkelandsflaten</stop>
    <stop arrival="10:53" departure="10:53">Birkelandsflaten</stop>
    <stop arrival="10:53" departure="10:53">Sandslislusen</stop>
    <stop arrival="10:53" departure="10:53">Sandslisnuplass</stop>
    <stop arrival="10:54" departure="10:54">Sandsligården</stop>
    <stop arrival="10:55" departure="10:55">Statoil (Sandsli)</stop>
    <stop arrival="10:55" departure="10:55">Statoil stasjon Sandsli</stop>
    <stop arrival="10:56" departure="10:56">Hydro Sandsli</stop>
    <stop arrival="10:56" departure="10:56">Petedalsheia</stop>
    <stop arrival="10:57" departure="10:57">Fanatorget</stop>
    <stop arrival="11:00" departure="11:00">Regnbueåsen</stop>
    <stop arrival="11:03" departure="11:03">Skranevegen</stop>
    <stop arrival="11:03" departure="11:03">Dolvik terminal</stop>
    <stop arrival="11:03" departure="11:03">Dolvikbakken</stop>
    <stop arrival="11:04" departure="11:04">Søreide skole</stop>
    <stop arrival="11:05" departure="11:05">Søreide v/Hydrostasjonen</stop>
    <stop arrival="11:06" departure="11:06">Straume bro</stop>
    <stop arrival="11:06" departure="11:06">Bergen Motorbåtforening</stop>
    <stop arrival="11:06" departure="11:06">Sementbroen</stop>
    <stop arrival="11:08" departure="11:08">Sandeide terminal</stop>
    <stop arrival="11:10" departure="11:10">Fyllingsdalsveien v/Shell</stop>
    <stop arrival="11:12" departure="11:12">Skarphaugen</stop>
    <stop arrival="11:13" departure="11:13">Oasen Terminal</stop>
    <stop arrival="11:14" departure="11:14">Løvås</stop>
    <stop arrival="11:15" departure="11:15">Nebbeveien</stop>
    <stop arrival="11:15" departure="11:15">Hamregården</stop>
    <stop arrival="11:16" departure="11:16">Sikthaugen</stop>
    <stop arrival="11:21" departure="11:21">Gyldenpris</stop>
    <stop arrival="11:23" departure="11:23">Møhlenpris v/ Industrihuset</stop>
    <stop arrival="11:26" departure="11:26">Nygårdsgaten</stop>
    <stop arrival="11:31">Bergen Busstasjon</stop>
  </route>
  <route no="30" destination="Bergen Busstasjon" url="http://www.web2051.no/bin/tp/zuginfo.exe/on/600258/204384/230156/85008/1/" trafficDays="kjører Sø, også 1., 13., 17., 24. Mai">
    <stop departure="10:50" routeNo="30">Birkelandskrysset Terminal</stop>
    <stop arrival="10:51" departure="10:51">Birkelandsflaten</stop>
    <stop arrival="10:52" departure="10:52">Birkelandsflaten</stop>
    <stop arrival="10:53" departure="10:53">Sandslislusen</stop>
    <stop arrival="10:53" departure="10:53">Sandslisnuplass</stop>
    <stop arrival="10:54" departure="10:54">Sandsligården</stop>
    <stop arrival="10:55" departure="10:55">Statoil (Sandsli)</stop>
    <stop arrival="10:56" departure="10:56">Statoil stasjon Sandsli</stop>
    <stop arrival="10:57" departure="10:57">Hydro Sandsli</stop>
    <stop arrival="10:58" departure="10:58">Petedalsheia</stop>
    <stop arrival="10:59" departure="10:59">Fanatorget</stop>
    <stop arrival="11:03" departure="11:03">Dolvik terminal</stop>
    <stop arrival="11:04" departure="11:04">Søreide skole</stop>
    <stop arrival="11:05" departure="11:05">Søreide v/Hydrostasjonen</stop>
    <stop arrival="11:05" departure="11:05">Straume bro</stop>
    <stop arrival="11:05" departure="11:05">Bergen Motorbåtforening</stop>
    <stop arrival="11:06" departure="11:06">Sementbroen</stop>
    <stop arrival="11:07" departure="11:07">Sandeide terminal</stop>
    <stop arrival="11:09" departure="11:09">Fyllingsdalsveien v/Shell</stop>
    <stop arrival="11:11" departure="11:11">Skarphaugen</stop>
    <stop arrival="11:12" departure="11:12">Oasen Terminal</stop>
    <stop arrival="11:13" departure="11:13">Løvås</stop>
    <stop arrival="11:13" departure="11:13">Nebbeveien</stop>
    <stop arrival="11:13" departure="11:13">Hamregården</stop>
    <stop arrival="11:14" departure="11:14">Sikthaugen</stop>
    <stop arrival="11:17" departure="11:17">Gyldenpris</stop>
    <stop arrival="11:19" departure="11:19">Møhlenpris v/ Industrihuset</stop>
    <stop arrival="11:22" departure="11:22">Nygårdsgaten</stop>
    <stop arrival="11:27">Bergen Busstasjon</stop>
  </route>
  <route no="30" destination="Bergen Busstasjon" url="http://www.web2051.no/bin/tp/zuginfo.exe/on/951957/321633/75902/279368/1/" trafficDays="kjører Lø, ikke 1. Mai">
    <stop departure="10:50" routeNo="30">Birkelandskrysset Terminal</stop>
    <stop arrival="10:52" departure="10:52">Birkelandsflaten</stop>
    <stop arrival="10:53" departure="10:53">Birkelandsflaten</stop>
    <stop arrival="10:53" departure="10:53">Sandslislusen</stop>
    <stop arrival="10:53" departure="10:53">Sandslisnuplass</stop>
    <stop arrival="10:54" departure="10:54">Sandsligården</stop>
    <stop arrival="10:55" departure="10:55">Statoil (Sandsli)</stop>
    <stop arrival="10:56" departure="10:56">Statoil stasjon Sandsli</stop>
    <stop arrival="10:57" departure="10:57">Hydro Sandsli</stop>
    <stop arrival="10:58" departure="10:58">Petedalsheia</stop>
    <stop arrival="10:59" departure="10:59">Fanatorget</stop>
    <stop arrival="11:03" departure="11:03">Dolvik terminal</stop>
    <stop arrival="11:03" departure="11:03">Dolvikbakken</stop>
    <stop arrival="11:04" departure="11:04">Søreide skole</stop>
    <stop arrival="11:05" departure="11:05">Søreide v/Hydrostasjonen</stop>
    <stop arrival="11:05" departure="11:05">Straume bro</stop>
    <stop arrival="11:05" departure="11:05">Bergen Motorbåtforening</stop>
    <stop arrival="11:06" departure="11:06">Sementbroen</stop>
    <stop arrival="11:07" departure="11:07">Sandeide terminal</stop>
    <stop arrival="11:10" departure="11:10">Fyllingsdalsveien v/Shell</stop>
    <stop arrival="11:14" departure="11:14">Skarphaugen</stop>
    <stop arrival="11:15" departure="11:15">Oasen Terminal</stop>
    <stop arrival="11:16" departure="11:16">Løvås</stop>
    <stop arrival="11:16" departure="11:16">Nebbeveien</stop>
    <stop arrival="11:16" departure="11:16">Hamregården</stop>
    <stop arrival="11:17" departure="11:17">Sikthaugen</stop>
    <stop arrival="11:20" departure="11:20">Gyldenpris</stop>
    <stop arrival="11:22" departure="11:22">Møhlenpris v/ Industrihuset</stop>
    <stop arrival="11:25" departure="11:25">Nygårdsgaten</stop>
    <stop arrival="11:30">Bergen Busstasjon</stop>
  </route>
  <route no="30" destination="Bergen Busstasjon" url="http://www.web2051.no/bin/tp/zuginfo.exe/on/502926/171991/556916/110819/1/" trafficDays="kjører Ma - Fr, ikke 13., 17., 24. Mai">
    <stop departure="10:50" routeNo="30">Birkelandskrysset Terminal</stop>
    <stop arrival="10:52" departure="10:52">Birkelandsflaten</stop>
    <stop arrival="10:53" departure="10:53">Birkelandsflaten</stop>
    <stop arrival="10:53" departure="10:53">Sandslislusen</stop>
    <stop arrival="10:53" departure="10:53">Sandslisnuplass</stop>
    <stop arrival="10:54" departure="10:54">Sandsligården</stop>
    <stop arrival="10:55" departure="10:55">Statoil (Sandsli)</stop>
    <stop arrival="10:55" departure="10:55">Statoil stasjon Sandsli</stop>
    <stop arrival="10:56" departure="10:56">Hydro Sandsli</stop>
    <stop arrival="10:56" departure="10:56">Petedalsheia</stop>
    <stop arrival="10:57" departure="10:57">Fanatorget</stop>
    <stop arrival="11:00" departure="11:00">Regnbueåsen</stop>
    <stop arrival="11:03" departure="11:03">Skranevegen</stop>
    <stop arrival="11:03" departure="11:03">Dolvik terminal</stop>
    <stop arrival="11:03" departure="11:03">Dolvikbakken</stop>
    <stop arrival="11:04" departure="11:04">Søreide skole</stop>
    <stop arrival="11:05" departure="11:05">Søreide v/Hydrostasjonen</stop>
    <stop arrival="11:06" departure="11:06">Straume bro</stop>
    <stop arrival="11:06" departure="11:06">Bergen Motorbåtforening</stop>
    <stop arrival="11:06" departure="11:06">Sementbroen</stop>
    <stop arrival="11:08" departure="11:08">Sandeide terminal</stop>
    <stop arrival="11:10" departure="11:10">Fyllingsdalsveien v/Shell</stop>
    <stop arrival="11:12" departure="11:12">Skarphaugen</stop>
    <stop arrival="11:13" departure="11:13">Oasen Terminal</stop>
    <stop arrival="11:14" departure="11:14">Løvås</stop>
    <stop arrival="11:15" departure="11:15">Nebbeveien</stop>
    <stop arrival="11:15" departure="11:15">Hamregården</stop>
    <stop arrival="11:16" departure="11:16">Sikthaugen</stop>
    <stop arrival="11:21" departure="11:21">Gyldenpris</stop>
    <stop arrival="11:23" departure="11:23">Møhlenpris v/ Industrihuset</stop>
    <stop arrival="11:26" departure="11:26">Nygårdsgaten</stop>
    <stop arrival="11:31">Bergen Busstasjon</stop>
  </route>
  <route no="23" destination="Bergen Busstasjon" url="http://www.web2051.no/bin/tp/zuginfo.exe/on/866850/293075/365340/106285/1/" trafficDays="kjører Ma - Fr, ikke 13., 17., 24. Mai">
    <stop departure="10:54" routeNo="23">Birkelandskrysset Terminal</stop>
    <stop arrival="10:55" departure="10:55">Gomarhaug</stop>
    <stop arrival="10:56" departure="10:56">Sandsliskiftet</stop>
    <stop arrival="10:56" departure="10:56">Håvardstun</stop>
    <stop arrival="10:58" departure="10:58">Meyer</stop>
    <stop arrival="10:59" departure="10:59">Rådal</stop>
    <stop arrival="11:00" departure="11:00">Rådal ved Lagunen</stop>
    <stop arrival="11:05" departure="11:05">Skjold skole</stop>
    <stop arrival="11:07" departure="11:07">Mårdalen</stop>
    <stop arrival="11:08" departure="11:08">Nesttunbrekka</stop>
    <stop arrival="11:08" departure="11:08">Skjoldskiftet</stop>
    <stop arrival="11:09" departure="11:09">Nesttun</stop>
    <stop arrival="11:10" departure="11:10">Nesttun terminal</stop>
    <stop arrival="11:12" departure="11:12">Hopsbro</stop>
    <stop arrival="11:14" departure="11:14">Tveiteråsskiftet</stop>
    <stop arrival="11:15" departure="11:15">Paradis</stop>
    <stop arrival="11:17" departure="11:17">Nydalen</stop>
    <stop arrival="11:19" departure="11:19">Fantoft</stop>
    <stop arrival="11:20" departure="11:20">Storetveit</stop>
    <stop arrival="11:20" departure="11:20">Elvebakken</stop>
    <stop arrival="11:21" departure="11:21">Minde</stop>
    <stop arrival="11:24" departure="11:24">Mindemyren</stop>
    <stop arrival="11:25" departure="11:25">Postterminalen</stop>
    <stop arrival="11:26" departure="11:26">Kanalveien v/LBK</stop>
    <stop arrival="11:28" departure="11:28">Danmarksplass v/Forum kino</stop>
    <stop arrival="11:31" departure="11:31">Bergen Busstasjon</stop>
    <stop arrival="11:34" departure="11:34">Christies gate (Festplassen)</stop>
    <stop arrival="11:39">Bergen Busstasjon</stop>
  </route>
  <route no="30" destination="Bergen Busstasjon" url="http://www.web2051.no/bin/tp/zuginfo.exe/on/484647/165847/591338/134120/1/" trafficDays="kjører Sø, også 1., 13., 17., 24. Mai">
    <stop departure="10:50" routeNo="30">Birkelandskrysset Terminal</stop>
    <stop arrival="10:51" departure="10:51">Birkelandsflaten</stop>
    <stop arrival="10:52" departure="10:52">Birkelandsflaten</stop>
    <stop arrival="10:53" departure="10:53">Sandslislusen</stop>
    <stop arrival="10:53" departure="10:53">Sandslisnuplass</stop>
    <stop arrival="10:54" departure="10:54">Sandsligården</stop>
    <stop arrival="10:55" departure="10:55">Statoil (Sandsli)</stop>
    <stop arrival="10:56" departure="10:56">Statoil stasjon Sandsli</stop>
    <stop arrival="10:57" departure="10:57">Hydro Sandsli</stop>
    <stop arrival="10:58" departure="10:58">Petedalsheia</stop>
    <stop arrival="10:59" departure="10:59">Fanatorget</stop>
    <stop arrival="11:03" departure="11:03">Dolvik terminal</stop>
    <stop arrival="11:04" departure="11:04">Søreide skole</stop>
    <stop arrival="11:05" departure="11:05">Søreide v/Hydrostasjonen</stop>
    <stop arrival="11:05" departure="11:05">Straume bro</stop>
    <stop arrival="11:05" departure="11:05">Bergen Motorbåtforening</stop>
    <stop arrival="11:06" departure="11:06">Sementbroen</stop>
    <stop arrival="11:07" departure="11:07">Sandeide terminal</stop>
    <stop arrival="11:09" departure="11:09">Fyllingsdalsveien v/Shell</stop>
    <stop arrival="11:11" departure="11:11">Skarphaugen</stop>
    <stop arrival="11:12" departure="11:12">Oasen Terminal</stop>
    <stop arrival="11:13" departure="11:13">Løvås</stop>
    <stop arrival="11:13" departure="11:13">Nebbeveien</stop>
    <stop arrival="11:13" departure="11:13">Hamregården</stop>
    <stop arrival="11:14" departure="11:14">Sikthaugen</stop>
    <stop arrival="11:17" departure="11:17">Gyldenpris</stop>
    <stop arrival="11:19" departure="11:19">Møhlenpris v/ Industrihuset</stop>
    <stop arrival="11:22" departure="11:22">Nygårdsgaten</stop>
    <stop arrival="11:27">Bergen Busstasjon</stop>
  </route>
  <route no="30" destination="Bergen Busstasjon" url="http://www.web2051.no/bin/tp/zuginfo.exe/on/238134/83692/164358/2801/1/" trafficDays="kjører Lø, ikke 1. Mai">
    <stop departure="10:50" routeNo="30">Birkelandskrysset Terminal</stop>
    <stop arrival="10:52" departure="10:52">Birkelandsflaten</stop>
    <stop arrival="10:53" departure="10:53">Birkelandsflaten</stop>
    <stop arrival="10:53" departure="10:53">Sandslislusen</stop>
    <stop arrival="10:53" departure="10:53">Sandslisnuplass</stop>
    <stop arrival="10:54" departure="10:54">Sandsligården</stop>
    <stop arrival="10:55" departure="10:55">Statoil (Sandsli)</stop>
    <stop arrival="10:56" departure="10:56">Statoil stasjon Sandsli</stop>
    <stop arrival="10:57" departure="10:57">Hydro Sandsli</stop>
    <stop arrival="10:58" departure="10:58">Petedalsheia</stop>
    <stop arrival="10:59" departure="10:59">Fanatorget</stop>
    <stop arrival="11:03" departure="11:03">Dolvik terminal</stop>
    <stop arrival="11:03" departure="11:03">Dolvikbakken</stop>
    <stop arrival="11:04" departure="11:04">Søreide skole</stop>
    <stop arrival="11:05" departure="11:05">Søreide v/Hydrostasjonen</stop>
    <stop arrival="11:05" departure="11:05">Straume bro</stop>
    <stop arrival="11:05" departure="11:05">Bergen Motorbåtforening</stop>
    <stop arrival="11:06" departure="11:06">Sementbroen</stop>
    <stop arrival="11:07" departure="11:07">Sandeide terminal</stop>
    <stop arrival="11:10" departure="11:10">Fyllingsdalsveien v/Shell</stop>
    <stop arrival="11:14" departure="11:14">Skarphaugen</stop>
    <stop arrival="11:15" departure="11:15">Oasen Terminal</stop>
    <stop arrival="11:16" departure="11:16">Løvås</stop>
    <stop arrival="11:16" departure="11:16">Nebbeveien</stop>
    <stop arrival="11:16" departure="11:16">Hamregården</stop>
    <stop arrival="11:17" departure="11:17">Sikthaugen</stop>
    <stop arrival="11:20" departure="11:20">Gyldenpris</stop>
    <stop arrival="11:22" departure="11:22">Møhlenpris v/ Industrihuset</stop>
    <stop arrival="11:25" departure="11:25">Nygårdsgaten</stop>
    <stop arrival="11:30">Bergen Busstasjon</stop>
  </route>
  <route no="23" destination="Bergen Busstasjon" url="http://www.web2051.no/bin/tp/zuginfo.exe/on/428580/146959/2352/141684/1/" trafficDays="kjører Lø, ikke 1. Mai">
    <stop departure="10:55" routeNo="23">Birkelandskrysset Terminal</stop>
    <stop arrival="10:57" departure="10:57">Gomarhaug</stop>
    <stop arrival="10:57" departure="10:57">Sandsliskiftet</stop>
    <stop arrival="10:58" departure="10:58">Håvardstun</stop>
    <stop arrival="11:00" departure="11:00">Meyer</stop>
    <stop arrival="11:01" departure="11:01">Rådal</stop>
    <stop arrival="11:02" departure="11:02">Rådal ved Lagunen</stop>
    <stop arrival="11:05" departure="11:05">Skjold skole</stop>
    <stop arrival="11:07" departure="11:07">Mårdalen</stop>
    <stop arrival="11:08" departure="11:08">Nesttunbrekka</stop>
    <stop arrival="11:08" departure="11:08">Skjoldskiftet</stop>
    <stop arrival="11:09" departure="11:09">Nesttun</stop>
    <stop arrival="11:10" departure="11:10">Nesttun terminal</stop>
    <stop arrival="11:12" departure="11:12">Hopsbro</stop>
    <stop arrival="11:14" departure="11:14">Tveiteråsskiftet</stop>
    <stop arrival="11:15" departure="11:15">Paradis</stop>
    <stop arrival="11:17" departure="11:17">Nydalen</stop>
    <stop arrival="11:19" departure="11:19">Fantoft</stop>
    <stop arrival="11:20" departure="11:20">Storetveit</stop>
    <stop arrival="11:20" departure="11:20">Elvebakken</stop>
    <stop arrival="11:21" departure="11:21">Minde</stop>
    <stop arrival="11:25" departure="11:25">Mindemyren</stop>
    <stop arrival="11:26" departure="11:26">Postterminalen</stop>
    <stop arrival="11:26" departure="11:26">Kanalveien v/LBK</stop>
    <stop arrival="11:28" departure="11:28">Danmarksplass v/Forum kino</stop>
    <stop arrival="11:32" departure="11:32">Bergen Busstasjon</stop>
    <stop arrival="11:35" departure="11:35">Christies gate (Festplassen)</stop>
    <stop arrival="11:40">Bergen Busstasjon</stop>
  </route>
</routes>
