<?xml version="1.0" encoding="UTF-8"?>
<routes>
  <route no="495" destination="Ramsøy snuplass" url="http://www.web2051.no/bin/tp/zuginfo.exe/on/621519/210039/540988/63321/1/" trafficDays="kjører Lø, ikke 1. Mai">
    <stop departure="9:40" routeNo="495">Bergen Busstasjon</stop>
    <stop arrival="9:43" departure="9:43">Olav Kyrres gate</stop>
    <stop arrival="9:44" departure="9:44">Møhlenpris v/ Industrihuset</stop>
    <stop arrival="9:49" departure="9:49">Lyngbø Motorvei R555</stop>
    <stop arrival="9:54" departure="9:54">Frida Fasmer R555</stop>
    <stop arrival="9:55" departure="9:55">Storavatnet term.</stop>
    <stop arrival="9:58" departure="9:58">Brøstaneset</stop>
    <stop arrival="10:00" departure="10:00">Storeklubben (Askøy)</stop>
    <stop arrival="10:02" departure="10:02">Holmedal (Askøy)</stop>
    <stop arrival="10:05" departure="10:05">Kleppestø term.</stop>
    <stop arrival="10:06" departure="10:06">Kleppestø senter</stop>
    <stop arrival="10:07" departure="10:07">Askøy Helsetun</stop>
    <stop arrival="10:07" departure="10:07">Kleppestø ungdomsskole</stop>
    <stop arrival="10:08" departure="10:08">Florvågskiftet F216</stop>
    <stop arrival="10:08" departure="10:08">Torvgården (Askøy)</stop>
    <stop arrival="10:09" departure="10:09">Skansen (Askøy)</stop>
    <stop arrival="10:09" departure="10:09">Svingen F216 (Askøy)</stop>
    <stop arrival="10:09" departure="10:09">Askøy senter</stop>
    <stop arrival="10:10" departure="10:10">Krokåsskiftet (Askøy)</stop>
    <stop arrival="10:11" departure="10:11">Juvikflaten (Askøy)</stop>
    <stop arrival="10:12" departure="10:12">Juvik bedehus (Askøy)</stop>
    <stop arrival="10:13" departure="10:13">Lavikskiftet (Askøy)</stop>
    <stop arrival="10:14" departure="10:14">Pålelva (Askøy)</stop>
    <stop arrival="10:14" departure="10:14">Kråvik (Askøy)</stop>
    <stop arrival="10:15" departure="10:15">Haugland Verkstedet (Askøy)</stop>
    <stop arrival="10:16" departure="10:16">Fjellveien (Askøy)</stop>
    <stop arrival="10:18" departure="10:18">Haugland skole (Askøy)</stop>
    <stop arrival="10:19" departure="10:19">Haugland bedehus (Askøy)</stop>
    <stop arrival="10:21" departure="10:21">Ravnanger</stop>
    <stop arrival="10:22" departure="10:22">Ravnanger term.</stop>
    <stop arrival="10:23" departure="10:23">Ravnanger (Jehovas V.)</stop>
    <stop arrival="10:24" departure="10:24">Tveitetræet</stop>
    <stop arrival="10:24" departure="10:24">Tveitevågskiftet</stop>
    <stop arrival="10:25" departure="10:25">Tveit kirke/skole (Askøy)</stop>
    <stop arrival="10:26" departure="10:26">Kollevåg Hendriksen</stop>
    <stop arrival="10:27" departure="10:27">Kollevåg</stop>
    <stop arrival="10:28" departure="10:28">Kollevåg Svartevatnet</stop>
    <stop arrival="10:29" departure="10:29">Kollevågshøyden</stop>
    <stop arrival="10:30" departure="10:30">Kollevåg Friluften</stop>
    <stop arrival="10:31" departure="10:31">Hanøy Langøyvei</stop>
    <stop arrival="10:32" departure="10:32">Hanøy Steinsbruddet</stop>
    <stop arrival="10:33" departure="10:33">Hanøy Steinseidet</stop>
    <stop arrival="10:34" departure="10:34">Hanøy Skaret</stop>
    <stop arrival="10:35" departure="10:35">Hanøy skole</stop>
    <stop arrival="10:36" departure="10:36">Hanøy bedehus</stop>
    <stop arrival="10:37" departure="10:37">Hanøy</stop>
    <stop arrival="10:38" departure="10:38">Ramsøy bro</stop>
    <stop arrival="10:42">Ramsøy snuplass</stop>
  </route>
  <route no="499" destination="Herdla snuplass" url="http://www.web2051.no/bin/tp/zuginfo.exe/on/255078/87971/367412/98680/1/" trafficDays="kjører Ma - Fr, ikke 13., 17., 24. Mai">
    <stop departure="9:40" routeNo="499">Bergen Busstasjon</stop>
    <stop arrival="9:43" departure="9:43">Olav Kyrres gate</stop>
    <stop arrival="9:44" departure="9:44">Møhlenpris v/ Industrihuset</stop>
    <stop arrival="9:49" departure="9:49">Lyngbø Motorvei R555</stop>
    <stop arrival="9:54" departure="9:54">Frida Fasmer R555</stop>
    <stop arrival="9:55" departure="9:55">Storavatnet term.</stop>
    <stop arrival="9:58" departure="9:58">Brøstaneset</stop>
    <stop arrival="10:00" departure="10:00">Storeklubben (Askøy)</stop>
    <stop arrival="10:02" departure="10:02">Holmedal (Askøy)</stop>
    <stop arrival="10:05" departure="10:05">Kleppestø term.</stop>
    <stop arrival="10:06" departure="10:06">Kleppestø senter</stop>
    <stop arrival="10:07" departure="10:07">Askøy Helsetun</stop>
    <stop arrival="10:07" departure="10:07">Kleppestø ungdomsskole</stop>
    <stop arrival="10:08" departure="10:08">Florvågskiftet F216</stop>
    <stop arrival="10:08" departure="10:08">Torvgården (Askøy)</stop>
    <stop arrival="10:09" departure="10:09">Skansen (Askøy)</stop>
    <stop arrival="10:09" departure="10:09">Svingen F216 (Askøy)</stop>
    <stop arrival="10:09" departure="10:09">Askøy senter</stop>
    <stop arrival="10:10" departure="10:10">Krokåsskiftet (Askøy)</stop>
    <stop arrival="10:11" departure="10:11">Juvikflaten (Askøy)</stop>
    <stop arrival="10:12" departure="10:12">Juvik bedehus (Askøy)</stop>
    <stop arrival="10:13" departure="10:13">Lavikskiftet (Askøy)</stop>
    <stop arrival="10:14" departure="10:14">Pålelva (Askøy)</stop>
    <stop arrival="10:14" departure="10:14">Kråvik (Askøy)</stop>
    <stop arrival="10:15" departure="10:15">Haugland Verkstedet (Askøy)</stop>
    <stop arrival="10:16" departure="10:16">Fjellveien (Askøy)</stop>
    <stop arrival="10:18" departure="10:18">Haugland skole (Askøy)</stop>
    <stop arrival="10:19" departure="10:19">Haugland bedehus (Askøy)</stop>
    <stop arrival="10:21" departure="10:21">Ravnanger</stop>
    <stop arrival="10:22" departure="10:22">Ravnanger term.</stop>
    <stop arrival="10:23" departure="10:23">Ravnanger nord</stop>
    <stop arrival="10:24" departure="10:24">Heiavatnet (Askøy)</stop>
    <stop arrival="10:26" departure="10:26">Åsebø (Askøy)</stop>
    <stop arrival="10:27" departure="10:27">Kjergardsåsen</stop>
    <stop arrival="10:28" departure="10:28">Kjerrgarden sør</stop>
    <stop arrival="10:29" departure="10:29">Kjerrgarden</stop>
    <stop arrival="10:29" departure="10:29">Kjerrgardskrysset</stop>
    <stop arrival="10:30" departure="10:30">Fromreide</stop>
    <stop arrival="10:30" departure="10:30">Fromreidetoppen</stop>
    <stop arrival="10:31" departure="10:31">Eikevågen</stop>
    <stop arrival="10:32" departure="10:32">Søre Fauskanger</stop>
    <stop arrival="10:33" departure="10:33">Store Fauskanger</stop>
    <stop arrival="10:33" departure="10:33">Lille Fauskanger</stop>
    <stop arrival="10:34" departure="10:34">Hestetræet (Askøy)</stop>
    <stop arrival="10:35" departure="10:35">Ådlandsvik</stop>
    <stop arrival="10:36" departure="10:36">Abbedissen kryss</stop>
    <stop arrival="10:37" departure="10:37">Skråmestø</stop>
    <stop arrival="10:40" departure="10:40">Merkesvik</stop>
    <stop arrival="10:41" departure="10:41">Sannes (Askøy)</stop>
    <stop arrival="10:42" departure="10:42">Guldbrandsøy</stop>
    <stop arrival="10:43" departure="10:43">Herdla Heimdal</stop>
    <stop arrival="10:44" departure="10:44">Herdla Skansen</stop>
    <stop arrival="10:45" departure="10:45">Herdla sør</stop>
    <stop arrival="10:46" departure="10:46">Herdla</stop>
    <stop arrival="10:47" departure="10:47">Herdla</stop>
    <stop arrival="10:47">Herdla snuplass</stop>
  </route>
  <route no="481" destination="Bergen Busstasjon" url="http://www.web2051.no/bin/tp/zuginfo.exe/on/366963/124851/107062/68797/1/" trafficDays="kjører 17. Mai">
    <stop departure="10:00" routeNo="481">Kleppestø term.</stop>
    <stop arrival="10:01" departure="10:01">Kleppestø (Rådhuset)</stop>
    <stop arrival="10:02" departure="10:02">Holmedal (Askøy)</stop>
    <stop arrival="10:03" departure="10:03">Storeklubben (Askøy)</stop>
    <stop arrival="10:06" departure="10:06">Brøstaneset</stop>
    <stop arrival="10:10" departure="10:10">Storavatnet term.</stop>
    <stop arrival="10:11" departure="10:11">Frida Fasmer</stop>
    <stop arrival="10:17" departure="10:17">Lyngbø Motorvei R555</stop>
    <stop arrival="10:22" departure="10:22">Møhlenpris v/ Industrihuset</stop>
    <stop arrival="10:24" departure="10:24">Christies gate (Festplassen)</stop>
    <stop arrival="10:25">Bergen Busstasjon</stop>
  </route>
  <route no="484" destination="Bergen Busstasjon" url="http://www.web2051.no/bin/tp/zuginfo.exe/on/885837/297862/242956/173802/1/" trafficDays="kjører Lø, ikke 1. Mai">
    <stop departure="9:42" routeNo="484">Steinrusten snuplass</stop>
    <stop arrival="9:43" departure="9:43">Djupamyr (Askøy)</stop>
    <stop arrival="9:43" departure="9:43">Olufsen (Askøy)</stop>
    <stop arrival="9:44" departure="9:44">Eideskiftet (Askøy)</stop>
    <stop arrival="9:45" departure="9:45">Nordre Erdal</stop>
    <stop arrival="9:46" departure="9:46">Erdal skole</stop>
    <stop arrival="9:46" departure="9:46">Myren (Askøy)</stop>
    <stop arrival="9:47" departure="9:47">Erdal sør</stop>
    <stop arrival="9:49" departure="9:49">Østerdalen (Askøy)</stop>
    <stop arrival="9:50" departure="9:50">Florvåg Bakervågen</stop>
    <stop arrival="9:52" departure="9:52">Florvåg Øenkrysset</stop>
    <stop arrival="9:52" departure="9:52">Florvåg kai</stop>
    <stop arrival="9:53" departure="9:53">Florvåg ungdomsskole</stop>
    <stop arrival="9:55" departure="9:55">Florvåg verk</stop>
    <stop arrival="9:56" departure="9:56">Strand (Florvåg)</stop>
    <stop arrival="9:57" departure="9:57">Solhålo (Kleppestø)</stop>
    <stop arrival="9:58" departure="9:58">Kleppestø senter</stop>
    <stop arrival="10:00" departure="10:00">Kleppestø term.</stop>
    <stop arrival="10:01" departure="10:01">Kleppestø (Rådhuset)</stop>
    <stop arrival="10:02" departure="10:02">Holmedal (Askøy)</stop>
    <stop arrival="10:03" departure="10:03">Storeklubben (Askøy)</stop>
    <stop arrival="10:06" departure="10:06">Brøstaneset</stop>
    <stop arrival="10:10" departure="10:10">Storavatnet term.</stop>
    <stop arrival="10:11" departure="10:11">Frida Fasmer</stop>
    <stop arrival="10:17" departure="10:17">Lyngbø Motorvei R555</stop>
    <stop arrival="10:22" departure="10:22">Møhlenpris v/ Industrihuset</stop>
    <stop arrival="10:24" departure="10:24">Nygårdsgaten</stop>
    <stop arrival="10:25">Bergen Busstasjon</stop>
  </route>
  <route no="484" destination="Bergen Busstasjon" url="http://www.web2051.no/bin/tp/zuginfo.exe/on/854277/287343/924136/177310/1/" trafficDays="kjører">
    <stop departure="9:42" routeNo="484">Steinrusten snuplass</stop>
    <stop arrival="9:43" departure="9:43">Djupamyr (Askøy)</stop>
    <stop arrival="9:43" departure="9:43">Olufsen (Askøy)</stop>
    <stop arrival="9:44" departure="9:44">Eideskiftet (Askøy)</stop>
    <stop arrival="9:45" departure="9:45">Nordre Erdal</stop>
    <stop arrival="9:46" departure="9:46">Erdal skole</stop>
    <stop arrival="9:46" departure="9:46">Myren (Askøy)</stop>
    <stop arrival="9:47" departure="9:47">Erdal sør</stop>
    <stop arrival="9:48" departure="9:48">Østerdalen (Askøy)</stop>
    <stop arrival="9:49" departure="9:49">Florvåg Bakervågen</stop>
    <stop arrival="9:51" departure="9:51">Florvåg Øenkrysset</stop>
    <stop arrival="9:52" departure="9:52">Florvåg kai</stop>
    <stop arrival="9:52" departure="9:52">Florvåg ungdomsskole</stop>
    <stop arrival="9:54" departure="9:54">Florvåg verk</stop>
    <stop arrival="9:55" departure="9:55">Strand (Florvåg)</stop>
    <stop arrival="9:57" departure="9:57">Solhålo (Kleppestø)</stop>
    <stop arrival="9:58" departure="9:58">Kleppestø senter</stop>
    <stop arrival="10:00" departure="10:00">Kleppestø term.</stop>
    <stop arrival="10:01" departure="10:01">Kleppestø (Rådhuset)</stop>
    <stop arrival="10:02" departure="10:02">Holmedal (Askøy)</stop>
    <stop arrival="10:03" departure="10:03">Storeklubben (Askøy)</stop>
    <stop arrival="10:06" departure="10:06">Brøstaneset</stop>
    <stop arrival="10:10" departure="10:10">Storavatnet term.</stop>
    <stop arrival="10:11" departure="10:11">Frida Fasmer</stop>
    <stop arrival="10:17" departure="10:17">Lyngbø Motorvei R555</stop>
    <stop arrival="10:22" departure="10:22">Møhlenpris v/ Industrihuset</stop>
    <stop arrival="10:24" departure="10:24">Christies gate (Festplassen)</stop>
    <stop arrival="10:25">Bergen Busstasjon</stop>
  </route>
  <route no="485" destination="Bergen Busstasjon" url="http://www.web2051.no/bin/tp/zuginfo.exe/on/669996/225960/38096/204284/1/" trafficDays="kjører Ma - Fr, ikke 13., 17., 24. Mai">
    <stop departure="9:14" routeNo="485">Åsebø (Askøy)</stop>
    <stop arrival="9:15" departure="9:15">Åsebøvatnet (Stien)</stop>
    <stop arrival="9:16" departure="9:16">Hanevik</stop>
    <stop arrival="9:17" departure="9:17">Hanevik</stop>
    <stop arrival="9:18" departure="9:18">Sæterstøl (Askøy)</stop>
    <stop arrival="9:19" departure="9:19">Lærdal (Askøy)</stop>
    <stop arrival="9:21" departure="9:21">Vikøren (Askøy)</stop>
    <stop arrival="9:21" departure="9:21">Solviken (Askøy)</stop>
    <stop arrival="9:23" departure="9:23">Lille Brevik nord (Askøy)</stop>
    <stop arrival="9:23" departure="9:23">Lille Brevik (Askøy)</stop>
    <stop arrival="9:24" departure="9:24">Bakkeland/Tumyr</stop>
    <stop arrival="9:25" departure="9:25">Kirkevik (Askøy)</stop>
    <stop arrival="9:26" departure="9:26">Asketoppen</stop>
    <stop arrival="9:27" departure="9:27">Ask v/Florida (Askøy)</stop>
    <stop arrival="9:28" departure="9:28">Hop skole (Askøy)</stop>
    <stop arrival="9:29" departure="9:29">Hop (Askøy aldershjem)</stop>
    <stop arrival="9:30" departure="9:30">Ellingsen gartneri (Askøy)</stop>
    <stop arrival="9:31" departure="9:31">Blåkors (Askøy)</stop>
    <stop arrival="9:33" departure="9:33">Strømsnes (Askøy)</stop>
    <stop arrival="9:34" departure="9:34">Strømsneshøyden (Askøy)</stop>
    <stop arrival="9:36" departure="9:36">Furuly (Askøy)</stop>
    <stop arrival="9:36" departure="9:36">Olaviken (Askøy)</stop>
    <stop arrival="9:38" departure="9:38">Skogvik (Askøy)</stop>
    <stop arrival="9:40" departure="9:40">Nordre Erdal</stop>
    <stop arrival="9:41" departure="9:41">Erdal skole</stop>
    <stop arrival="9:42" departure="9:42">Djupamyr (Askøy)</stop>
    <stop arrival="9:43" departure="9:43">Olufsen (Askøy)</stop>
    <stop arrival="9:44" departure="9:44">Eideskiftet (Askøy)</stop>
    <stop arrival="9:45" departure="9:45">Nordre Erdal</stop>
    <stop arrival="9:46" departure="9:46">Erdal skole</stop>
    <stop arrival="9:46" departure="9:46">Myren (Askøy)</stop>
    <stop arrival="9:47" departure="9:47">Erdal sør</stop>
    <stop arrival="9:49" departure="9:49">Østerdalen (Askøy)</stop>
    <stop arrival="9:50" departure="9:50">Florvåg Bakervågen</stop>
    <stop arrival="9:52" departure="9:52">Florvåg Øenkrysset</stop>
    <stop arrival="9:52" departure="9:52">Florvåg kai</stop>
    <stop arrival="9:53" departure="9:53">Florvåg ungdomsskole</stop>
    <stop arrival="9:55" departure="9:55">Florvåg verk</stop>
    <stop arrival="9:56" departure="9:56">Strand (Florvåg)</stop>
    <stop arrival="9:57" departure="9:57">Solhålo (Kleppestø)</stop>
    <stop arrival="9:58" departure="9:58">Kleppestø senter</stop>
    <stop arrival="10:00" departure="10:00">Kleppestø term.</stop>
    <stop arrival="10:01" departure="10:01">Kleppestø (Rådhuset)</stop>
    <stop arrival="10:02" departure="10:02">Holmedal (Askøy)</stop>
    <stop arrival="10:03" departure="10:03">Storeklubben (Askøy)</stop>
    <stop arrival="10:06" departure="10:06">Brøstaneset</stop>
    <stop arrival="10:10" departure="10:10">Storavatnet term.</stop>
    <stop arrival="10:11" departure="10:11">Frida Fasmer</stop>
    <stop arrival="10:16" departure="10:16">Lyngbø Motorvei R555</stop>
    <stop arrival="10:20" departure="10:20">Møhlenpris v/ Industrihuset</stop>
    <stop arrival="10:22" departure="10:22">Nygårdsgaten</stop>
    <stop arrival="10:25">Bergen Busstasjon</stop>
  </route>
  <route no="499" destination="Bergen Busstasjon" url="http://www.web2051.no/bin/tp/zuginfo.exe/on/90993/33294/64/30299/1/" trafficDays="kjører Ma - Fr, ikke 13., 17., 24. Mai">
    <stop departure="9:33" routeNo="499">Ravnanger term.</stop>
    <stop arrival="9:33" departure="9:33">Ravnanger</stop>
    <stop arrival="9:34" departure="9:34">Haugland bedehus (Askøy)</stop>
    <stop arrival="9:35" departure="9:35">Haugland skole (Askøy)</stop>
    <stop arrival="9:36" departure="9:36">Haugland sør (Askøy)</stop>
    <stop arrival="9:37" departure="9:37">Fjellveien (Askøy)</stop>
    <stop arrival="9:38" departure="9:38">Haugland Verkstedet (Askøy)</stop>
    <stop arrival="9:39" departure="9:39">Kråvik (Askøy)</stop>
    <stop arrival="9:39" departure="9:39">Pålelva (Askøy)</stop>
    <stop arrival="9:40" departure="9:40">Lavikskiftet (Askøy)</stop>
    <stop arrival="9:41" departure="9:41">Juvik bedehus (Askøy)</stop>
    <stop arrival="9:42" departure="9:42">Juvikflaten (Askøy)</stop>
    <stop arrival="9:43" departure="9:43">Krokåsskiftet (Askøy)</stop>
    <stop arrival="9:45" departure="9:45">Askøy senter</stop>
    <stop arrival="9:47" departure="9:47">Skansen (Askøy)</stop>
    <stop arrival="9:49" departure="9:49">Torvgården (Askøy)</stop>
    <stop arrival="9:51" departure="9:51">Florvågskiftet F216</stop>
    <stop arrival="9:53" departure="9:53">Kleppestø ungdomsskole</stop>
    <stop arrival="9:54" departure="9:54">Askøy Helsetun</stop>
    <stop arrival="9:58" departure="9:58">Kleppestø senter</stop>
    <stop arrival="10:00" departure="10:00">Kleppestø term.</stop>
    <stop arrival="10:01" departure="10:01">Kleppestø (Rådhuset)</stop>
    <stop arrival="10:02" departure="10:02">Holmedal (Askøy)</stop>
    <stop arrival="10:03" departure="10:03">Storeklubben (Askøy)</stop>
    <stop arrival="10:06" departure="10:06">Brøstaneset</stop>
    <stop arrival="10:10" departure="10:10">Storavatnet term.</stop>
    <stop arrival="10:11" departure="10:11">Frida Fasmer</stop>
    <stop arrival="10:16" departure="10:16">Lyngbø Motorvei R555</stop>
    <stop arrival="10:20" departure="10:20">Møhlenpris v/ Industrihuset</stop>
    <stop arrival="10:22" departure="10:22">Nygårdsgaten</stop>
    <stop arrival="10:25">Bergen Busstasjon</stop>
  </route>
  <route no="499" destination="Bergen Busstasjon" url="http://www.web2051.no/bin/tp/zuginfo.exe/on/816654/275200/334186/105125/1/" trafficDays="kjører 17. Mai">
    <stop departure="9:08" routeNo="499">Herdla snuplass</stop>
    <stop arrival="9:08" departure="9:08">Herdla</stop>
    <stop arrival="9:09" departure="9:09">Herdla</stop>
    <stop arrival="9:09" departure="9:09">Herdla sør</stop>
    <stop arrival="9:10" departure="9:10">Herdla Skansen</stop>
    <stop arrival="9:11" departure="9:11">Herdla Heimdal</stop>
    <stop arrival="9:11" departure="9:11">Guldbrandsøy</stop>
    <stop arrival="9:12" departure="9:12">Sannes (Askøy)</stop>
    <stop arrival="9:13" departure="9:13">Merkesvik</stop>
    <stop arrival="9:15" departure="9:15">Skråmestø</stop>
    <stop arrival="9:16" departure="9:16">Abbedissen kryss</stop>
    <stop arrival="9:17" departure="9:17">Ådlandsvik</stop>
    <stop arrival="9:21" departure="9:21">Hestetræet (Askøy)</stop>
    <stop arrival="9:22" departure="9:22">Lille Fauskanger</stop>
    <stop arrival="9:23" departure="9:23">Store Fauskanger</stop>
    <stop arrival="9:23" departure="9:23">Søre Fauskanger</stop>
    <stop arrival="9:25" departure="9:25">Eikevågen</stop>
    <stop arrival="9:26" departure="9:26">Fromreidetoppen</stop>
    <stop arrival="9:27" departure="9:27">Fromreide</stop>
    <stop arrival="9:28" departure="9:28">Kjerrgardskrysset</stop>
    <stop arrival="9:29" departure="9:29">Kjerrgarden</stop>
    <stop arrival="9:29" departure="9:29">Kjergardsåsen</stop>
    <stop arrival="9:30" departure="9:30">Kjerrgardskogen</stop>
    <stop arrival="9:33" departure="9:33">Åsebø (Askøy)</stop>
    <stop arrival="9:35" departure="9:35">Heiavatnet (Askøy)</stop>
    <stop arrival="9:36" departure="9:36">Ravnanger nord</stop>
    <stop arrival="9:38" departure="9:38">Ravnanger term.</stop>
    <stop arrival="9:38" departure="9:38">Ravnanger</stop>
    <stop arrival="9:39" departure="9:39">Haugland bedehus (Askøy)</stop>
    <stop arrival="9:40" departure="9:40">Haugland skole (Askøy)</stop>
    <stop arrival="9:41" departure="9:41">Haugland sør (Askøy)</stop>
    <stop arrival="9:42" departure="9:42">Fjellveien (Askøy)</stop>
    <stop arrival="9:43" departure="9:43">Haugland Verkstedet (Askøy)</stop>
    <stop arrival="9:44" departure="9:44">Kråvik (Askøy)</stop>
    <stop arrival="9:44" departure="9:44">Pålelva (Askøy)</stop>
    <stop arrival="9:45" departure="9:45">Lavikskiftet (Askøy)</stop>
    <stop arrival="9:46" departure="9:46">Juvik bedehus (Askøy)</stop>
    <stop arrival="9:47" departure="9:47">Juvikflaten (Askøy)</stop>
    <stop arrival="9:48" departure="9:48">Krokåsskiftet (Askøy)</stop>
    <stop arrival="9:50" departure="9:50">Askøy senter</stop>
    <stop arrival="9:51" departure="9:51">Skansen (Askøy)</stop>
    <stop arrival="9:52" departure="9:52">Torvgården (Askøy)</stop>
    <stop arrival="9:53" departure="9:53">Florvågskiftet F216</stop>
    <stop arrival="9:55" departure="9:55">Kleppestø ungdomsskole</stop>
    <stop arrival="9:56" departure="9:56">Askøy Helsetun</stop>
    <stop arrival="9:58" departure="9:58">Kleppestø senter</stop>
    <stop arrival="10:00" departure="10:00">Kleppestø term.</stop>
    <stop arrival="10:01" departure="10:01">Kleppestø (Rådhuset)</stop>
    <stop arrival="10:02" departure="10:02">Holmedal (Askøy)</stop>
    <stop arrival="10:03" departure="10:03">Storeklubben (Askøy)</stop>
    <stop arrival="10:06" departure="10:06">Brøstaneset</stop>
    <stop arrival="10:10" departure="10:10">Storavatnet term.</stop>
    <stop arrival="10:11" departure="10:11">Frida Fasmer</stop>
    <stop arrival="10:16" departure="10:16">Lyngbø Motorvei R555</stop>
    <stop arrival="10:21" departure="10:21">Møhlenpris v/ Industrihuset</stop>
    <stop arrival="10:22" departure="10:22">Christies gate (Festplassen)</stop>
    <stop arrival="10:25">Bergen Busstasjon</stop>
  </route>
  <route no="481" destination="Bergen Busstasjon" url="http://www.web2051.no/bin/tp/zuginfo.exe/on/46404/17998/401362/185221/1/" trafficDays="kjører 17. Mai">
    <stop departure="10:10" routeNo="481">Kleppestø term.</stop>
    <stop arrival="10:11" departure="10:11">Kleppestø (Rådhuset)</stop>
    <stop arrival="10:12" departure="10:12">Holmedal (Askøy)</stop>
    <stop arrival="10:13" departure="10:13">Storeklubben (Askøy)</stop>
    <stop arrival="10:16" departure="10:16">Brøstaneset</stop>
    <stop arrival="10:20" departure="10:20">Storavatnet term.</stop>
    <stop arrival="10:21" departure="10:21">Frida Fasmer</stop>
    <stop arrival="10:27" departure="10:27">Lyngbø Motorvei R555</stop>
    <stop arrival="10:32" departure="10:32">Møhlenpris v/ Industrihuset</stop>
    <stop arrival="10:34" departure="10:34">Christies gate (Festplassen)</stop>
    <stop arrival="10:35">Bergen Busstasjon</stop>
  </route>
  <route no="481" destination="Bergen Busstasjon" url="http://www.web2051.no/bin/tp/zuginfo.exe/on/24525/10705/942538/463103/1/" trafficDays="kjører 17. Mai">
    <stop departure="10:20" routeNo="481">Kleppestø term.</stop>
    <stop arrival="10:21" departure="10:21">Kleppestø (Rådhuset)</stop>
    <stop arrival="10:22" departure="10:22">Holmedal (Askøy)</stop>
    <stop arrival="10:23" departure="10:23">Storeklubben (Askøy)</stop>
    <stop arrival="10:26" departure="10:26">Brøstaneset</stop>
    <stop arrival="10:30" departure="10:30">Storavatnet term.</stop>
    <stop arrival="10:31" departure="10:31">Frida Fasmer</stop>
    <stop arrival="10:37" departure="10:37">Lyngbø Motorvei R555</stop>
    <stop arrival="10:42" departure="10:42">Møhlenpris v/ Industrihuset</stop>
    <stop arrival="10:44" departure="10:44">Christies gate (Festplassen)</stop>
    <stop arrival="10:45">Bergen Busstasjon</stop>
  </route>
  <route no="491" destination="Bergen Busstasjon" url="http://www.web2051.no/bin/tp/zuginfo.exe/on/241092/83105/636698/237985/1/" trafficDays="kjører Lø, ikke 1. Mai">
    <stop departure="9:57" routeNo="491">Hetlevik snuplass</stop>
    <stop arrival="9:58" departure="9:58">Hetlevik barneskole</stop>
    <stop arrival="9:58" departure="9:58">Hetlevik Standal</stop>
    <stop arrival="9:59" departure="9:59">Hetlevik idrettsbane</stop>
    <stop arrival="9:59" departure="9:59">Hetlevik Kastet (Askøy)</stop>
    <stop arrival="10:00" departure="10:00">Hetlevik Utsikten (Askøy)</stop>
    <stop arrival="10:01" departure="10:01">Haugadalen (Follese)</stop>
    <stop arrival="10:01" departure="10:01">Follese bedehus</stop>
    <stop arrival="10:02" departure="10:02">Follese</stop>
    <stop arrival="10:03" departure="10:03">Follese barneskole</stop>
    <stop arrival="10:04" departure="10:04">Stølahøyden (Askøy)</stop>
    <stop arrival="10:05" departure="10:05">Slettebrekklia (Askøy)</stop>
    <stop arrival="10:06" departure="10:06">Lindhaugen (Askøy)</stop>
    <stop arrival="10:06" departure="10:06">Follese Skogen</stop>
    <stop arrival="10:09" departure="10:09">Skiftesvik</stop>
    <stop arrival="10:10" departure="10:10">Skiftesvikhøyden (Askøy)</stop>
    <stop arrival="10:11" departure="10:11">Marikoven (Pøylo)</stop>
    <stop arrival="10:12" departure="10:12">Marikoven snuplass</stop>
    <stop arrival="10:13" departure="10:13">Marikoven (Pøylo)</stop>
    <stop arrival="10:14" departure="10:14">Skiftesvikhøyden (Askøy)</stop>
    <stop arrival="10:15" departure="10:15">Skiftesvik</stop>
    <stop arrival="10:17" departure="10:17">Follese Skogen</stop>
    <stop arrival="10:18" departure="10:18">Flagget byggefelt (Askøy)</stop>
    <stop arrival="10:18" departure="10:18">Vestravatnet (Askøy)</stop>
    <stop arrival="10:19" departure="10:19">Norrønaheimen</stop>
    <stop arrival="10:20" departure="10:20">Strusshamn</stop>
    <stop arrival="10:22" departure="10:22">Skarholmshøyden</stop>
    <stop arrival="10:23" departure="10:23">Skarholmen</stop>
    <stop arrival="10:25" departure="10:25">Storeklubben (Askøy)</stop>
    <stop arrival="10:27" departure="10:27">Holmedal (Askøy)</stop>
    <stop arrival="10:30" departure="10:30">Kleppestø term.</stop>
    <stop arrival="10:31" departure="10:31">Kleppestø (Rådhuset)</stop>
    <stop arrival="10:32" departure="10:32">Holmedal (Askøy)</stop>
    <stop arrival="10:33" departure="10:33">Storeklubben (Askøy)</stop>
    <stop arrival="10:36" departure="10:36">Brøstaneset</stop>
    <stop arrival="10:40" departure="10:40">Storavatnet term.</stop>
    <stop arrival="10:41" departure="10:41">Frida Fasmer</stop>
    <stop arrival="10:46" departure="10:46">Lyngbø Motorvei R555</stop>
    <stop arrival="10:50" departure="10:50">Møhlenpris v/ Industrihuset</stop>
    <stop arrival="10:52" departure="10:52">Nygårdsgaten</stop>
    <stop arrival="10:55">Bergen Busstasjon</stop>
  </route>
  <route no="491" destination="Bergen Busstasjon" url="http://www.web2051.no/bin/tp/zuginfo.exe/on/826914/278380/908036/178380/1/" trafficDays="kjører">
    <stop departure="9:55" routeNo="491">Hetlevik snuplass</stop>
    <stop arrival="9:56" departure="9:56">Hetlevik barneskole</stop>
    <stop arrival="9:56" departure="9:56">Hetlevik Standal</stop>
    <stop arrival="9:57" departure="9:57">Hetlevik idrettsbane</stop>
    <stop arrival="9:57" departure="9:57">Hetlevik Kastet (Askøy)</stop>
    <stop arrival="9:58" departure="9:58">Hetlevik Utsikten (Askøy)</stop>
    <stop arrival="9:59" departure="9:59">Haugadalen (Follese)</stop>
    <stop arrival="9:59" departure="9:59">Follese bedehus</stop>
    <stop arrival="10:00" departure="10:00">Follese</stop>
    <stop arrival="10:02" departure="10:02">Follese barneskole</stop>
    <stop arrival="10:03" departure="10:03">Stølahøyden (Askøy)</stop>
    <stop arrival="10:03" departure="10:03">Slettebrekklia (Askøy)</stop>
    <stop arrival="10:04" departure="10:04">Lindhaugen (Askøy)</stop>
    <stop arrival="10:05" departure="10:05">Follese Skogen</stop>
    <stop arrival="10:08" departure="10:08">Skiftesvik</stop>
    <stop arrival="10:09" departure="10:09">Skiftesvikhøyden (Askøy)</stop>
    <stop arrival="10:11" departure="10:11">Marikoven (Pøylo)</stop>
    <stop arrival="10:12" departure="10:12">Marikoven snuplass</stop>
    <stop arrival="10:13" departure="10:13">Marikoven (Pøylo)</stop>
    <stop arrival="10:14" departure="10:14">Skiftesvikhøyden (Askøy)</stop>
    <stop arrival="10:15" departure="10:15">Skiftesvik</stop>
    <stop arrival="10:17" departure="10:17">Follese Skogen</stop>
    <stop arrival="10:18" departure="10:18">Flagget byggefelt (Askøy)</stop>
    <stop arrival="10:18" departure="10:18">Vestravatnet (Askøy)</stop>
    <stop arrival="10:19" departure="10:19">Norrønaheimen</stop>
    <stop arrival="10:20" departure="10:20">Strusshamn</stop>
    <stop arrival="10:22" departure="10:22">Skarholmshøyden</stop>
    <stop arrival="10:23" departure="10:23">Skarholmen</stop>
    <stop arrival="10:25" departure="10:25">Storeklubben (Askøy)</stop>
    <stop arrival="10:27" departure="10:27">Holmedal (Askøy)</stop>
    <stop arrival="10:30" departure="10:30">Kleppestø term.</stop>
    <stop arrival="10:31" departure="10:31">Kleppestø (Rådhuset)</stop>
    <stop arrival="10:32" departure="10:32">Holmedal (Askøy)</stop>
    <stop arrival="10:33" departure="10:33">Storeklubben (Askøy)</stop>
    <stop arrival="10:36" departure="10:36">Brøstaneset</stop>
    <stop arrival="10:40" departure="10:40">Storavatnet term.</stop>
    <stop arrival="10:41" departure="10:41">Frida Fasmer</stop>
    <stop arrival="10:47" departure="10:47">Lyngbø Motorvei R555</stop>
    <stop arrival="10:52" departure="10:52">Møhlenpris v/ Industrihuset</stop>
    <stop arrival="10:54" departure="10:54">Christies gate (Festplassen)</stop>
    <stop arrival="10:55">Bergen Busstasjon</stop>
  </route>
  <route no="484" destination="Steinrusten snuplass" url="http://www.web2051.no/bin/tp/zuginfo.exe/on/892353/300009/630858/17978/1/" trafficDays="kjører Ma - Fr, ikke 13., 17., 24. Mai">
    <stop departure="10:10" routeNo="484">Bergen Busstasjon</stop>
    <stop arrival="10:13" departure="10:13">Olav Kyrres gate</stop>
    <stop arrival="10:14" departure="10:14">Møhlenpris v/ Industrihuset</stop>
    <stop arrival="10:19" departure="10:19">Lyngbø Motorvei R555</stop>
    <stop arrival="10:24" departure="10:24">Frida Fasmer R555</stop>
    <stop arrival="10:25" departure="10:25">Storavatnet term.</stop>
    <stop arrival="10:28" departure="10:28">Brøstaneset</stop>
    <stop arrival="10:30" departure="10:30">Storeklubben (Askøy)</stop>
    <stop arrival="10:32" departure="10:32">Holmedal (Askøy)</stop>
    <stop arrival="10:35" departure="10:35">Kleppestø term.</stop>
    <stop arrival="10:36" departure="10:36">Kleppestø senter</stop>
    <stop arrival="10:36" departure="10:36">Solhålo (Kleppestø)</stop>
    <stop arrival="10:37" departure="10:37">Strand (Florvåg)</stop>
    <stop arrival="10:37" departure="10:37">Florvåg verk</stop>
    <stop arrival="10:38" departure="10:38">Florvåg ungdomsskole</stop>
    <stop arrival="10:39" departure="10:39">Florvåg Øenkrysset</stop>
    <stop arrival="10:40" departure="10:40">Florvåg Bakervågen</stop>
    <stop arrival="10:41" departure="10:41">Østerdalen (Askøy)</stop>
    <stop arrival="10:42" departure="10:42">Erdal sør</stop>
    <stop arrival="10:43" departure="10:43">Myren (Askøy)</stop>
    <stop arrival="10:43" departure="10:43">Erdal skole</stop>
    <stop arrival="10:44" departure="10:44">Nordre Erdal</stop>
    <stop arrival="10:45" departure="10:45">Eideskiftet (Askøy)</stop>
    <stop arrival="10:46" departure="10:46">Olufsen (Askøy)</stop>
    <stop arrival="10:47" departure="10:47">Djupamyr (Askøy)</stop>
    <stop arrival="10:48">Steinrusten snuplass</stop>
  </route>
  <route no="484" destination="Steinrusten snuplass" url="http://www.web2051.no/bin/tp/zuginfo.exe/on/634584/214100/997806/287375/1/" trafficDays="kjører">
    <stop departure="10:08" routeNo="484">Bergen Busstasjon</stop>
    <stop arrival="10:13" departure="10:13">Olav Kyrres gate</stop>
    <stop arrival="10:14" departure="10:14">Møhlenpris v/ Industrihuset</stop>
    <stop arrival="10:19" departure="10:19">Lyngbø Motorvei R555</stop>
    <stop arrival="10:24" departure="10:24">Frida Fasmer R555</stop>
    <stop arrival="10:25" departure="10:25">Storavatnet term.</stop>
    <stop arrival="10:28" departure="10:28">Brøstaneset</stop>
    <stop arrival="10:30" departure="10:30">Storeklubben (Askøy)</stop>
    <stop arrival="10:32" departure="10:32">Holmedal (Askøy)</stop>
    <stop arrival="10:35" departure="10:35">Kleppestø term.</stop>
    <stop arrival="10:36" departure="10:36">Kleppestø senter</stop>
    <stop arrival="10:36" departure="10:36">Solhålo (Kleppestø)</stop>
    <stop arrival="10:37" departure="10:37">Strand (Florvåg)</stop>
    <stop arrival="10:37" departure="10:37">Florvåg verk</stop>
    <stop arrival="10:38" departure="10:38">Florvåg ungdomsskole</stop>
    <stop arrival="10:39" departure="10:39">Florvåg Øenkrysset</stop>
    <stop arrival="10:40" departure="10:40">Florvåg Bakervågen</stop>
    <stop arrival="10:41" departure="10:41">Østerdalen (Askøy)</stop>
    <stop arrival="10:42" departure="10:42">Erdal sør</stop>
    <stop arrival="10:43" departure="10:43">Myren (Askøy)</stop>
    <stop arrival="10:43" departure="10:43">Erdal skole</stop>
    <stop arrival="10:44" departure="10:44">Nordre Erdal</stop>
    <stop arrival="10:46" departure="10:46">Eideskiftet (Askøy)</stop>
    <stop arrival="10:47" departure="10:47">Olufsen (Askøy)</stop>
    <stop arrival="10:48" departure="10:48">Djupamyr (Askøy)</stop>
    <stop arrival="10:50">Steinrusten snuplass</stop>
  </route>
  <route no="485" destination="Ravnanger term." url="http://www.web2051.no/bin/tp/zuginfo.exe/on/787008/264996/690094/82711/1/" trafficDays="kjører Sø, ikke 16. Mai; også 13., 24. Mai">
    <stop departure="10:10" routeNo="485">Bergen Busstasjon</stop>
    <stop arrival="10:13" departure="10:13">Olav Kyrres gate</stop>
    <stop arrival="10:14" departure="10:14">Møhlenpris v/ Industrihuset</stop>
    <stop arrival="10:19" departure="10:19">Lyngbø Motorvei R555</stop>
    <stop arrival="10:24" departure="10:24">Frida Fasmer R555</stop>
    <stop arrival="10:25" departure="10:25">Storavatnet term.</stop>
    <stop arrival="10:28" departure="10:28">Brøstaneset</stop>
    <stop arrival="10:30" departure="10:30">Storeklubben (Askøy)</stop>
    <stop arrival="10:32" departure="10:32">Holmedal (Askøy)</stop>
    <stop arrival="10:35" departure="10:35">Kleppestø term.</stop>
    <stop arrival="10:36" departure="10:36">Kleppestø senter</stop>
    <stop arrival="10:36" departure="10:36">Solhålo (Kleppestø)</stop>
    <stop arrival="10:37" departure="10:37">Strand (Florvåg)</stop>
    <stop arrival="10:37" departure="10:37">Florvåg verk</stop>
    <stop arrival="10:38" departure="10:38">Florvåg ungdomsskole</stop>
    <stop arrival="10:39" departure="10:39">Florvåg Øenkrysset</stop>
    <stop arrival="10:40" departure="10:40">Florvåg Bakervågen</stop>
    <stop arrival="10:41" departure="10:41">Østerdalen (Askøy)</stop>
    <stop arrival="10:42" departure="10:42">Erdal sør</stop>
    <stop arrival="10:43" departure="10:43">Myren (Askøy)</stop>
    <stop arrival="10:43" departure="10:43">Erdal skole</stop>
    <stop arrival="10:44" departure="10:44">Nordre Erdal</stop>
    <stop arrival="10:45" departure="10:45">Eideskiftet (Askøy)</stop>
    <stop arrival="10:45" departure="10:45">Olufsen (Askøy)</stop>
    <stop arrival="10:46" departure="10:46">Djupamyr (Askøy)</stop>
    <stop arrival="10:47" departure="10:47">Erdal skole</stop>
    <stop arrival="10:48" departure="10:48">Nordre Erdal</stop>
    <stop arrival="10:50" departure="10:50">Skogvik (Askøy)</stop>
    <stop arrival="10:51" departure="10:51">Olaviken (Askøy)</stop>
    <stop arrival="10:52" departure="10:52">Furuly (Askøy)</stop>
    <stop arrival="10:53" departure="10:53">Strømsneshøyden (Askøy)</stop>
    <stop arrival="10:54" departure="10:54">Strømsnes (Askøy)</stop>
    <stop arrival="10:55" departure="10:55">Blåkors (Askøy)</stop>
    <stop arrival="10:56" departure="10:56">Ellingsen gartneri (Askøy)</stop>
    <stop arrival="10:57" departure="10:57">Hop (Askøy aldershjem)</stop>
    <stop arrival="10:58" departure="10:58">Hop skole (Askøy)</stop>
    <stop arrival="10:59" departure="10:59">Ask v/Florida (Askøy)</stop>
    <stop arrival="11:00" departure="11:00">Asketoppen</stop>
    <stop arrival="11:00" departure="11:00">Kirkevik (Askøy)</stop>
    <stop arrival="11:01" departure="11:01">Bakkeland/Tumyr</stop>
    <stop arrival="11:02" departure="11:02">Lille Brevik (Askøy)</stop>
    <stop arrival="11:02" departure="11:02">Lille Brevik nord (Askøy)</stop>
    <stop arrival="11:03" departure="11:03">Solviken (Askøy)</stop>
    <stop arrival="11:03" departure="11:03">Vikøren (Askøy)</stop>
    <stop arrival="11:04" departure="11:04">Lærdal (Askøy)</stop>
    <stop arrival="11:05" departure="11:05">Sæterstøl (Askøy)</stop>
    <stop arrival="11:06" departure="11:06">Hanevik</stop>
    <stop arrival="11:08" departure="11:08">Hanevik</stop>
    <stop arrival="11:10" departure="11:10">Åsebøvatnet (Stien)</stop>
    <stop arrival="11:11" departure="11:11">Åsebø (Askøy)</stop>
    <stop arrival="11:14" departure="11:14">Heiavatnet (Askøy)</stop>
    <stop arrival="11:14" departure="11:14">Ravnanger nord</stop>
    <stop arrival="11:16">Ravnanger term.</stop>
  </route>
  <route no="481" destination="Bergen Busstasjon" url="http://www.web2051.no/bin/tp/zuginfo.exe/on/843990/283860/637606/37483/1/" trafficDays="kjører 17. Mai">
    <stop departure="10:30" routeNo="481">Kleppestø term.</stop>
    <stop arrival="10:31" departure="10:31">Kleppestø (Rådhuset)</stop>
    <stop arrival="10:32" departure="10:32">Holmedal (Askøy)</stop>
    <stop arrival="10:33" departure="10:33">Storeklubben (Askøy)</stop>
    <stop arrival="10:36" departure="10:36">Brøstaneset</stop>
    <stop arrival="10:40" departure="10:40">Storavatnet term.</stop>
    <stop arrival="10:41" departure="10:41">Frida Fasmer</stop>
    <stop arrival="10:47" departure="10:47">Lyngbø Motorvei R555</stop>
    <stop arrival="10:52" departure="10:52">Møhlenpris v/ Industrihuset</stop>
    <stop arrival="10:54" departure="10:54">Christies gate (Festplassen)</stop>
    <stop arrival="10:55">Bergen Busstasjon</stop>
  </route>
  <route no="485" destination="Bergen Busstasjon" url="http://www.web2051.no/bin/tp/zuginfo.exe/on/380061/129306/762394/254510/1/" trafficDays="kjører Ma - Fr, ikke 13., 17., 24. Mai">
    <stop departure="9:22" routeNo="485">Ravnanger term.</stop>
    <stop arrival="9:24" departure="9:24">Ravnanger nord</stop>
    <stop arrival="9:25" departure="9:25">Heiavatnet (Askøy)</stop>
    <stop arrival="9:26" departure="9:26">Davanger v/Ingv. Larsen</stop>
    <stop arrival="9:27" departure="9:27">Davanger treindustri</stop>
    <stop arrival="9:28" departure="9:28">Davanger Sladrehjørnet</stop>
    <stop arrival="9:28" departure="9:28">Davanger v/Torgersen</stop>
    <stop arrival="9:29" departure="9:29">Davanger bro</stop>
    <stop arrival="9:29" departure="9:29">Davanger skole</stop>
    <stop arrival="9:30" departure="9:30">Davanger vest</stop>
    <stop arrival="9:31" departure="9:31">Davanger byggefelt</stop>
    <stop arrival="9:31" departure="9:31">Breivik Kinn (Askøy)</stop>
    <stop arrival="9:32" departure="9:32">Breivik (Askøy)</stop>
    <stop arrival="9:32" departure="9:32">Breivik snuplass (Askøy)</stop>
    <stop arrival="9:32" departure="9:32">Breivik (Askøy)</stop>
    <stop arrival="9:33" departure="9:33">Breivik Kinn (Askøy)</stop>
    <stop arrival="9:34" departure="9:34">Davanger byggefelt</stop>
    <stop arrival="9:35" departure="9:35">Davanger vest</stop>
    <stop arrival="9:35" departure="9:35">Davanger skole</stop>
    <stop arrival="9:36" departure="9:36">Davanger bro</stop>
    <stop arrival="9:36" departure="9:36">Davanger v/Torgersen</stop>
    <stop arrival="9:37" departure="9:37">Davanger Sladrehjørnet</stop>
    <stop arrival="9:38" departure="9:38">Davanger treindustri</stop>
    <stop arrival="9:39" departure="9:39">Davanger v/Ingv. Larsen</stop>
    <stop arrival="9:40" departure="9:40">Heiavatnet (Askøy)</stop>
    <stop arrival="9:44" departure="9:44">Åsebø (Askøy)</stop>
    <stop arrival="9:45" departure="9:45">Åsebøvatnet (Stien)</stop>
    <stop arrival="9:46" departure="9:46">Hanevik</stop>
    <stop arrival="9:47" departure="9:47">Hanevik</stop>
    <stop arrival="9:48" departure="9:48">Sæterstøl (Askøy)</stop>
    <stop arrival="9:49" departure="9:49">Lærdal (Askøy)</stop>
    <stop arrival="9:51" departure="9:51">Vikøren (Askøy)</stop>
    <stop arrival="9:51" departure="9:51">Solviken (Askøy)</stop>
    <stop arrival="9:53" departure="9:53">Lille Brevik nord (Askøy)</stop>
    <stop arrival="9:53" departure="9:53">Lille Brevik (Askøy)</stop>
    <stop arrival="9:54" departure="9:54">Bakkeland/Tumyr</stop>
    <stop arrival="9:55" departure="9:55">Kirkevik (Askøy)</stop>
    <stop arrival="9:56" departure="9:56">Asketoppen</stop>
    <stop arrival="9:57" departure="9:57">Ask v/Florida (Askøy)</stop>
    <stop arrival="9:57" departure="9:57">Hop skole (Askøy)</stop>
    <stop arrival="9:57" departure="9:57">Hop (Askøy aldershjem)</stop>
    <stop arrival="9:57" departure="9:57">Ellingsen gartneri (Askøy)</stop>
    <stop arrival="9:57" departure="9:57">Strømsnes (Askøy)</stop>
    <stop arrival="9:57" departure="9:57">Strømsneshøyden (Askøy)</stop>
    <stop arrival="9:57" departure="9:57">Furuly (Askøy)</stop>
    <stop arrival="9:57" departure="9:57">Olaviken (Askøy)</stop>
    <stop arrival="9:57" departure="9:57">Skogvik (Askøy)</stop>
    <stop arrival="9:57" departure="9:57">Nordre Erdal</stop>
    <stop arrival="9:57" departure="9:57">Erdal skole</stop>
    <stop arrival="10:12" departure="10:12">Djupamyr (Askøy)</stop>
    <stop arrival="10:13" departure="10:13">Olufsen (Askøy)</stop>
    <stop arrival="10:14" departure="10:14">Eideskiftet (Askøy)</stop>
    <stop arrival="10:15" departure="10:15">Nordre Erdal</stop>
    <stop arrival="10:16" departure="10:16">Erdal skole</stop>
    <stop arrival="10:16" departure="10:16">Myren (Askøy)</stop>
    <stop arrival="10:17" departure="10:17">Erdal sør</stop>
    <stop arrival="10:19" departure="10:19">Østerdalen (Askøy)</stop>
    <stop arrival="10:20" departure="10:20">Florvåg Bakervågen</stop>
    <stop arrival="10:22" departure="10:22">Florvåg Øenkrysset</stop>
    <stop arrival="10:22" departure="10:22">Florvåg kai</stop>
    <stop arrival="10:23" departure="10:23">Florvåg ungdomsskole</stop>
    <stop arrival="10:25" departure="10:25">Florvåg verk</stop>
    <stop arrival="10:26" departure="10:26">Strand (Florvåg)</stop>
    <stop arrival="10:27" departure="10:27">Solhålo (Kleppestø)</stop>
    <stop arrival="10:28" departure="10:28">Kleppestø senter</stop>
    <stop arrival="10:30" departure="10:30">Kleppestø term.</stop>
    <stop arrival="10:31" departure="10:31">Kleppestø (Rådhuset)</stop>
    <stop arrival="10:32" departure="10:32">Holmedal (Askøy)</stop>
    <stop arrival="10:33" departure="10:33">Storeklubben (Askøy)</stop>
    <stop arrival="10:36" departure="10:36">Brøstaneset</stop>
    <stop arrival="10:40" departure="10:40">Storavatnet term.</stop>
    <stop arrival="10:41" departure="10:41">Frida Fasmer</stop>
    <stop arrival="10:46" departure="10:46">Lyngbø Motorvei R555</stop>
    <stop arrival="10:50" departure="10:50">Møhlenpris v/ Industrihuset</stop>
    <stop arrival="10:52" departure="10:52">Nygårdsgaten</stop>
    <stop arrival="10:55">Bergen Busstasjon</stop>
  </route>
  <route no="491" destination="Bergen Busstasjon" url="http://www.web2051.no/bin/tp/zuginfo.exe/on/540501/182908/168232/96051/1/" trafficDays="kjører Lø, ikke 1. Mai">
    <stop departure="9:57" routeNo="491">Hetlevik snuplass</stop>
    <stop arrival="9:58" departure="9:58">Hetlevik barneskole</stop>
    <stop arrival="9:58" departure="9:58">Hetlevik Standal</stop>
    <stop arrival="9:59" departure="9:59">Hetlevik idrettsbane</stop>
    <stop arrival="9:59" departure="9:59">Hetlevik Kastet (Askøy)</stop>
    <stop arrival="10:00" departure="10:00">Hetlevik Utsikten (Askøy)</stop>
    <stop arrival="10:01" departure="10:01">Haugadalen (Follese)</stop>
    <stop arrival="10:01" departure="10:01">Follese bedehus</stop>
    <stop arrival="10:02" departure="10:02">Follese</stop>
    <stop arrival="10:03" departure="10:03">Follese barneskole</stop>
    <stop arrival="10:04" departure="10:04">Stølahøyden (Askøy)</stop>
    <stop arrival="10:05" departure="10:05">Slettebrekklia (Askøy)</stop>
    <stop arrival="10:06" departure="10:06">Lindhaugen (Askøy)</stop>
    <stop arrival="10:06" departure="10:06">Follese Skogen</stop>
    <stop arrival="10:09" departure="10:09">Skiftesvik</stop>
    <stop arrival="10:10" departure="10:10">Skiftesvikhøyden (Askøy)</stop>
    <stop arrival="10:11" departure="10:11">Marikoven (Pøylo)</stop>
    <stop arrival="10:12" departure="10:12">Marikoven snuplass</stop>
    <stop arrival="10:13" departure="10:13">Marikoven (Pøylo)</stop>
    <stop arrival="10:14" departure="10:14">Skiftesvikhøyden (Askøy)</stop>
    <stop arrival="10:15" departure="10:15">Skiftesvik</stop>
    <stop arrival="10:17" departure="10:17">Follese Skogen</stop>
    <stop arrival="10:18" departure="10:18">Flagget byggefelt (Askøy)</stop>
    <stop arrival="10:18" departure="10:18">Vestravatnet (Askøy)</stop>
    <stop arrival="10:19" departure="10:19">Norrønaheimen</stop>
    <stop arrival="10:20" departure="10:20">Strusshamn</stop>
    <stop arrival="10:22" departure="10:22">Skarholmshøyden</stop>
    <stop arrival="10:23" departure="10:23">Skarholmen</stop>
    <stop arrival="10:25" departure="10:25">Storeklubben (Askøy)</stop>
    <stop arrival="10:27" departure="10:27">Holmedal (Askøy)</stop>
    <stop arrival="10:30" departure="10:30">Kleppestø term.</stop>
    <stop arrival="10:31" departure="10:31">Kleppestø (Rådhuset)</stop>
    <stop arrival="10:32" departure="10:32">Holmedal (Askøy)</stop>
    <stop arrival="10:33" departure="10:33">Storeklubben (Askøy)</stop>
    <stop arrival="10:36" departure="10:36">Brøstaneset</stop>
    <stop arrival="10:40" departure="10:40">Storavatnet term.</stop>
    <stop arrival="10:41" departure="10:41">Frida Fasmer</stop>
    <stop arrival="10:46" departure="10:46">Lyngbø Motorvei R555</stop>
    <stop arrival="10:50" departure="10:50">Møhlenpris v/ Industrihuset</stop>
    <stop arrival="10:52" departure="10:52">Nygårdsgaten</stop>
    <stop arrival="10:55">Bergen Busstasjon</stop>
  </route>
  <route no="491" destination="Bergen Busstasjon" url="http://www.web2051.no/bin/tp/zuginfo.exe/on/340017/116081/646502/209912/1/" trafficDays="kjører">
    <stop departure="9:55" routeNo="491">Hetlevik snuplass</stop>
    <stop arrival="9:56" departure="9:56">Hetlevik barneskole</stop>
    <stop arrival="9:56" departure="9:56">Hetlevik Standal</stop>
    <stop arrival="9:57" departure="9:57">Hetlevik idrettsbane</stop>
    <stop arrival="9:57" departure="9:57">Hetlevik Kastet (Askøy)</stop>
    <stop arrival="9:58" departure="9:58">Hetlevik Utsikten (Askøy)</stop>
    <stop arrival="9:59" departure="9:59">Haugadalen (Follese)</stop>
    <stop arrival="9:59" departure="9:59">Follese bedehus</stop>
    <stop arrival="10:00" departure="10:00">Follese</stop>
    <stop arrival="10:02" departure="10:02">Follese barneskole</stop>
    <stop arrival="10:03" departure="10:03">Stølahøyden (Askøy)</stop>
    <stop arrival="10:03" departure="10:03">Slettebrekklia (Askøy)</stop>
    <stop arrival="10:04" departure="10:04">Lindhaugen (Askøy)</stop>
    <stop arrival="10:05" departure="10:05">Follese Skogen</stop>
    <stop arrival="10:08" departure="10:08">Skiftesvik</stop>
    <stop arrival="10:09" departure="10:09">Skiftesvikhøyden (Askøy)</stop>
    <stop arrival="10:11" departure="10:11">Marikoven (Pøylo)</stop>
    <stop arrival="10:12" departure="10:12">Marikoven snuplass</stop>
    <stop arrival="10:13" departure="10:13">Marikoven (Pøylo)</stop>
    <stop arrival="10:14" departure="10:14">Skiftesvikhøyden (Askøy)</stop>
    <stop arrival="10:15" departure="10:15">Skiftesvik</stop>
    <stop arrival="10:17" departure="10:17">Follese Skogen</stop>
    <stop arrival="10:18" departure="10:18">Flagget byggefelt (Askøy)</stop>
    <stop arrival="10:18" departure="10:18">Vestravatnet (Askøy)</stop>
    <stop arrival="10:19" departure="10:19">Norrønaheimen</stop>
    <stop arrival="10:20" departure="10:20">Strusshamn</stop>
    <stop arrival="10:22" departure="10:22">Skarholmshøyden</stop>
    <stop arrival="10:23" departure="10:23">Skarholmen</stop>
    <stop arrival="10:25" departure="10:25">Storeklubben (Askøy)</stop>
    <stop arrival="10:27" departure="10:27">Holmedal (Askøy)</stop>
    <stop arrival="10:30" departure="10:30">Kleppestø term.</stop>
    <stop arrival="10:31" departure="10:31">Kleppestø (Rådhuset)</stop>
    <stop arrival="10:32" departure="10:32">Holmedal (Askøy)</stop>
    <stop arrival="10:33" departure="10:33">Storeklubben (Askøy)</stop>
    <stop arrival="10:36" departure="10:36">Brøstaneset</stop>
    <stop arrival="10:40" departure="10:40">Storavatnet term.</stop>
    <stop arrival="10:41" departure="10:41">Frida Fasmer</stop>
    <stop arrival="10:47" departure="10:47">Lyngbø Motorvei R555</stop>
    <stop arrival="10:52" departure="10:52">Møhlenpris v/ Industrihuset</stop>
    <stop arrival="10:54" departure="10:54">Christies gate (Festplassen)</stop>
    <stop arrival="10:55">Bergen Busstasjon</stop>
  </route>
  <route no="491" destination="Hetlevik snuplass" url="http://www.web2051.no/bin/tp/zuginfo.exe/on/151281/53156/824694/361921/1/" trafficDays="kjører Lø, ikke 1. Mai">
    <stop departure="10:35" routeNo="491">Kleppestø term.</stop>
    <stop arrival="10:35" departure="10:35">Kleppestø (Rådhuset)</stop>
    <stop arrival="10:36" departure="10:36">Holmedal (Askøy)</stop>
    <stop arrival="10:37" departure="10:37">Storeklubben (Askøy)</stop>
    <stop arrival="10:38" departure="10:38">Skarholmen</stop>
    <stop arrival="10:39" departure="10:39">Skarholmshøyden</stop>
    <stop arrival="10:40" departure="10:40">Strusshamn</stop>
    <stop arrival="10:41" departure="10:41">Norrønaheimen</stop>
    <stop arrival="10:42" departure="10:42">Vestravatnet (Askøy)</stop>
    <stop arrival="10:43" departure="10:43">Flagget byggefelt (Askøy)</stop>
    <stop arrival="10:44" departure="10:44">Follese Skogen</stop>
    <stop arrival="10:47" departure="10:47">Skiftesvik</stop>
    <stop arrival="10:47" departure="10:47">Skiftesvikhøyden (Askøy)</stop>
    <stop arrival="10:49" departure="10:49">Marikoven (Pøylo)</stop>
    <stop arrival="10:50" departure="10:50">Marikoven snuplass</stop>
    <stop arrival="10:50" departure="10:50">Marikoven (Pøylo)</stop>
    <stop arrival="10:51" departure="10:51">Skiftesvikhøyden (Askøy)</stop>
    <stop arrival="10:52" departure="10:52">Skiftesvik</stop>
    <stop arrival="10:53" departure="10:53">Follese Skogen</stop>
    <stop arrival="10:53" departure="10:53">Lindhaugen (Askøy)</stop>
    <stop arrival="10:54" departure="10:54">Slettebrekklia (Askøy)</stop>
    <stop arrival="10:54" departure="10:54">Stølahøyden (Askøy)</stop>
    <stop arrival="10:54" departure="10:54">Follese barneskole</stop>
    <stop arrival="10:55" departure="10:55">Stølasvingen (Askøy)</stop>
    <stop arrival="10:55" departure="10:55">Follese</stop>
    <stop arrival="10:56" departure="10:56">Follese bedehus</stop>
    <stop arrival="10:57" departure="10:57">Haugadalen (Follese)</stop>
    <stop arrival="10:59" departure="10:59">Hetlevik Utsikten (Askøy)</stop>
    <stop arrival="11:00" departure="11:00">Hetlevik Kastet (Askøy)</stop>
    <stop arrival="11:01" departure="11:01">Hetlevik Kastesvingen</stop>
    <stop arrival="11:02" departure="11:02">Hetlevik idrettsbane</stop>
    <stop arrival="11:02" departure="11:02">Hetlevik Standal</stop>
    <stop arrival="11:04" departure="11:04">Hetlevik barneskole</stop>
    <stop arrival="11:05">Hetlevik snuplass</stop>
  </route>
  <route no="481" destination="Bergen Busstasjon" url="http://www.web2051.no/bin/tp/zuginfo.exe/on/352209/119933/909380/337298/1/" trafficDays="kjører 17. Mai">
    <stop departure="10:40" routeNo="481">Kleppestø term.</stop>
    <stop arrival="10:41" departure="10:41">Kleppestø (Rådhuset)</stop>
    <stop arrival="10:42" departure="10:42">Holmedal (Askøy)</stop>
    <stop arrival="10:43" departure="10:43">Storeklubben (Askøy)</stop>
    <stop arrival="10:46" departure="10:46">Brøstaneset</stop>
    <stop arrival="10:50" departure="10:50">Storavatnet term.</stop>
    <stop arrival="10:51" departure="10:51">Frida Fasmer</stop>
    <stop arrival="10:57" departure="10:57">Lyngbø Motorvei R555</stop>
    <stop arrival="11:02" departure="11:02">Møhlenpris v/ Industrihuset</stop>
    <stop arrival="11:04" departure="11:04">Christies gate (Festplassen)</stop>
    <stop arrival="11:05">Bergen Busstasjon</stop>
  </route>
  <route no="481" destination="Bergen Busstasjon" url="http://www.web2051.no/bin/tp/zuginfo.exe/on/793383/266991/631328/51215/1/" trafficDays="kjører 17. Mai">
    <stop departure="10:50" routeNo="481">Kleppestø term.</stop>
    <stop arrival="10:51" departure="10:51">Kleppestø (Rådhuset)</stop>
    <stop arrival="10:52" departure="10:52">Holmedal (Askøy)</stop>
    <stop arrival="10:53" departure="10:53">Storeklubben (Askøy)</stop>
    <stop arrival="10:56" departure="10:56">Brøstaneset</stop>
    <stop arrival="11:00" departure="11:00">Storavatnet term.</stop>
    <stop arrival="11:01" departure="11:01">Frida Fasmer</stop>
    <stop arrival="11:07" departure="11:07">Lyngbø Motorvei R555</stop>
    <stop arrival="11:12" departure="11:12">Møhlenpris v/ Industrihuset</stop>
    <stop arrival="11:14" departure="11:14">Christies gate (Festplassen)</stop>
    <stop arrival="11:15">Bergen Busstasjon</stop>
  </route>
  <route no="490" destination="Kleppestø term." url="http://www.web2051.no/bin/tp/zuginfo.exe/on/358455/122175/408972/85002/1/" trafficDays="kjører Ma - Fr, ikke 13., 17., 24. Mai">
    <stop departure="10:42" routeNo="490">Marikoven snuplass</stop>
    <stop arrival="10:43" departure="10:43">Marikoven (Pøylo)</stop>
    <stop arrival="10:44" departure="10:44">Skiftesvikhøyden (Askøy)</stop>
    <stop arrival="10:45" departure="10:45">Skiftesvik</stop>
    <stop arrival="10:47" departure="10:47">Follese Skogen</stop>
    <stop arrival="10:48" departure="10:48">Flagget byggefelt (Askøy)</stop>
    <stop arrival="10:48" departure="10:48">Vestravatnet (Askøy)</stop>
    <stop arrival="10:49" departure="10:49">Norrønaheimen</stop>
    <stop arrival="10:50" departure="10:50">Strusshamn</stop>
    <stop arrival="10:52" departure="10:52">Skarholmshøyden</stop>
    <stop arrival="10:53" departure="10:53">Skarholmen</stop>
    <stop arrival="10:55" departure="10:55">Storeklubben (Askøy)</stop>
    <stop arrival="10:57" departure="10:57">Holmedal (Askøy)</stop>
    <stop arrival="11:00">Kleppestø term.</stop>
  </route>
  <route no="491" destination="Kleppestø term." url="http://www.web2051.no/bin/tp/zuginfo.exe/on/484425/164227/607330/142190/1/" trafficDays="kjører Sø, ikke 16. Mai; også 13., 24. Mai">
    <stop departure="10:27" routeNo="491">Hetlevik snuplass</stop>
    <stop arrival="10:28" departure="10:28">Hetlevik barneskole</stop>
    <stop arrival="10:28" departure="10:28">Hetlevik Standal</stop>
    <stop arrival="10:29" departure="10:29">Hetlevik idrettsbane</stop>
    <stop arrival="10:29" departure="10:29">Hetlevik Kastet (Askøy)</stop>
    <stop arrival="10:30" departure="10:30">Hetlevik Utsikten (Askøy)</stop>
    <stop arrival="10:31" departure="10:31">Haugadalen (Follese)</stop>
    <stop arrival="10:31" departure="10:31">Follese bedehus</stop>
    <stop arrival="10:32" departure="10:32">Follese</stop>
    <stop arrival="10:33" departure="10:33">Follese barneskole</stop>
    <stop arrival="10:34" departure="10:34">Stølahøyden (Askøy)</stop>
    <stop arrival="10:35" departure="10:35">Slettebrekklia (Askøy)</stop>
    <stop arrival="10:36" departure="10:36">Lindhaugen (Askøy)</stop>
    <stop arrival="10:36" departure="10:36">Follese Skogen</stop>
    <stop arrival="10:39" departure="10:39">Skiftesvik</stop>
    <stop arrival="10:40" departure="10:40">Skiftesvikhøyden (Askøy)</stop>
    <stop arrival="10:41" departure="10:41">Marikoven (Pøylo)</stop>
    <stop arrival="10:42" departure="10:42">Marikoven snuplass</stop>
    <stop arrival="10:43" departure="10:43">Marikoven (Pøylo)</stop>
    <stop arrival="10:44" departure="10:44">Skiftesvikhøyden (Askøy)</stop>
    <stop arrival="10:45" departure="10:45">Skiftesvik</stop>
    <stop arrival="10:47" departure="10:47">Follese Skogen</stop>
    <stop arrival="10:48" departure="10:48">Flagget byggefelt (Askøy)</stop>
    <stop arrival="10:48" departure="10:48">Vestravatnet (Askøy)</stop>
    <stop arrival="10:49" departure="10:49">Norrønaheimen</stop>
    <stop arrival="10:50" departure="10:50">Strusshamn</stop>
    <stop arrival="10:52" departure="10:52">Skarholmshøyden</stop>
    <stop arrival="10:53" departure="10:53">Skarholmen</stop>
    <stop arrival="10:55" departure="10:55">Storeklubben (Askøy)</stop>
    <stop arrival="10:57" departure="10:57">Holmedal (Askøy)</stop>
    <stop arrival="11:00">Kleppestø term.</stop>
  </route>
</routes>
