<?xml version="1.0" encoding="UTF-8"?>
<routes>
  <route no="32" destination="Storavatnet term." url="http://www.web2051.no/bin/tp/zuginfo.exe/on/506577/170165/88010/124855/1/" trafficDays="kjører Sø, ikke 16. Mai; også 13., 24. Mai">
    <stop departure="9:50" routeNo="32">Bergen Busstasjon</stop>
    <stop arrival="9:53" departure="9:53">Olav Kyrres gate</stop>
    <stop arrival="9:54" departure="9:54">Møhlenpris v/ Industrihuset</stop>
    <stop arrival="9:55" departure="9:55">Gyldenpris</stop>
    <stop arrival="9:58" departure="9:58">Løvstakktunnelen</stop>
    <stop arrival="9:58" departure="9:58">Sikthaugen</stop>
    <stop arrival="9:59" departure="9:59">Hamregården</stop>
    <stop arrival="9:59" departure="9:59">Nebbeveien</stop>
    <stop arrival="9:59" departure="9:59">Løvås</stop>
    <stop arrival="10:00" departure="10:00">Oasen Terminal</stop>
    <stop arrival="10:01" departure="10:01">Skarphaugen</stop>
    <stop arrival="10:03" departure="10:03">Fyllingdsalsveien v/Shell</stop>
    <stop arrival="10:05" departure="10:05">Sandeide terminal</stop>
    <stop arrival="10:06" departure="10:06">Sandeidet barnehage</stop>
    <stop arrival="10:06" departure="10:06">Sandeidbråtet</stop>
    <stop arrival="10:07" departure="10:07">Bjørge</stop>
    <stop arrival="10:09" departure="10:09">Kjerreidviken</stop>
    <stop arrival="10:11" departure="10:11">Bjørndalsskogen</stop>
    <stop arrival="10:12" departure="10:12">Sætermyr</stop>
    <stop arrival="10:13" departure="10:13">Ravnestølen</stop>
    <stop arrival="10:15" departure="10:15">Bjørndalstræ R557</stop>
    <stop arrival="10:17" departure="10:17">Loddefjord term.</stop>
    <stop arrival="10:19" departure="10:19">Loddefjorddalen</stop>
    <stop arrival="10:20" departure="10:20">Frida Fasmer</stop>
    <stop arrival="10:21" departure="10:21">Frida Fasmer R555</stop>
    <stop arrival="10:22">Storavatnet term.</stop>
  </route>
  <route no="30" destination="Bergen Busstasjon" url="http://www.web2051.no/bin/tp/zuginfo.exe/on/841395/284762/86040/237446/1/" trafficDays="kjører Sø, også 1., 13., 17., 24. Mai">
    <stop departure="9:50" routeNo="30">Birkelandskrysset Terminal</stop>
    <stop arrival="9:51" departure="9:51">Birkelandsflaten</stop>
    <stop arrival="9:52" departure="9:52">Birkelandsflaten</stop>
    <stop arrival="9:53" departure="9:53">Sandslislusen</stop>
    <stop arrival="9:53" departure="9:53">Sandslisnuplass</stop>
    <stop arrival="9:54" departure="9:54">Sandsligården</stop>
    <stop arrival="9:55" departure="9:55">Statoil (Sandsli)</stop>
    <stop arrival="9:55" departure="9:55">Statoil stasjon Sandsli</stop>
    <stop arrival="9:56" departure="9:56">Hydro Sandsli</stop>
    <stop arrival="9:56" departure="9:56">Petedalsheia</stop>
    <stop arrival="9:57" departure="9:57">Fanatorget</stop>
    <stop arrival="10:01" departure="10:01">Dolvik terminal</stop>
    <stop arrival="10:02" departure="10:02">Søreide skole</stop>
    <stop arrival="10:03" departure="10:03">Søreide v/Hydrostasjonen</stop>
    <stop arrival="10:03" departure="10:03">Straume bro</stop>
    <stop arrival="10:03" departure="10:03">Bergen Motorbåtforening</stop>
    <stop arrival="10:04" departure="10:04">Sementbroen</stop>
    <stop arrival="10:05" departure="10:05">Sandeide terminal</stop>
    <stop arrival="10:07" departure="10:07">Fyllingsdalsveien v/Shell</stop>
    <stop arrival="10:09" departure="10:09">Skarphaugen</stop>
    <stop arrival="10:10" departure="10:10">Oasen Terminal</stop>
    <stop arrival="10:11" departure="10:11">Løvås</stop>
    <stop arrival="10:11" departure="10:11">Nebbeveien</stop>
    <stop arrival="10:11" departure="10:11">Hamregården</stop>
    <stop arrival="10:12" departure="10:12">Sikthaugen</stop>
    <stop arrival="10:15" departure="10:15">Gyldenpris</stop>
    <stop arrival="10:16" departure="10:16">Møhlenpris v/ Industrihuset</stop>
    <stop arrival="10:18" departure="10:18">Nygårdsgaten</stop>
    <stop arrival="10:23">Bergen Busstasjon</stop>
  </route>
  <route no="30" destination="Bergen Busstasjon" url="http://www.web2051.no/bin/tp/zuginfo.exe/on/438189/150412/615118/161497/1/" trafficDays="kjører Ma - Fr, ikke 13., 17., 24. Mai">
    <stop departure="9:50" routeNo="30">Birkelandskrysset Terminal</stop>
    <stop arrival="9:52" departure="9:52">Birkelandsflaten</stop>
    <stop arrival="9:53" departure="9:53">Birkelandsflaten</stop>
    <stop arrival="9:53" departure="9:53">Sandslislusen</stop>
    <stop arrival="9:53" departure="9:53">Sandslisnuplass</stop>
    <stop arrival="9:54" departure="9:54">Sandsligården</stop>
    <stop arrival="9:55" departure="9:55">Statoil (Sandsli)</stop>
    <stop arrival="9:55" departure="9:55">Statoil stasjon Sandsli</stop>
    <stop arrival="9:56" departure="9:56">Hydro Sandsli</stop>
    <stop arrival="9:56" departure="9:56">Petedalsheia</stop>
    <stop arrival="9:57" departure="9:57">Fanatorget</stop>
    <stop arrival="10:00" departure="10:00">Regnbueåsen</stop>
    <stop arrival="10:03" departure="10:03">Skranevegen</stop>
    <stop arrival="10:03" departure="10:03">Dolvik terminal</stop>
    <stop arrival="10:03" departure="10:03">Dolvikbakken</stop>
    <stop arrival="10:04" departure="10:04">Søreide skole</stop>
    <stop arrival="10:05" departure="10:05">Søreide v/Hydrostasjonen</stop>
    <stop arrival="10:06" departure="10:06">Straume bro</stop>
    <stop arrival="10:06" departure="10:06">Bergen Motorbåtforening</stop>
    <stop arrival="10:06" departure="10:06">Sementbroen</stop>
    <stop arrival="10:08" departure="10:08">Sandeide terminal</stop>
    <stop arrival="10:10" departure="10:10">Fyllingsdalsveien v/Shell</stop>
    <stop arrival="10:12" departure="10:12">Skarphaugen</stop>
    <stop arrival="10:13" departure="10:13">Oasen Terminal</stop>
    <stop arrival="10:14" departure="10:14">Løvås</stop>
    <stop arrival="10:15" departure="10:15">Nebbeveien</stop>
    <stop arrival="10:15" departure="10:15">Hamregården</stop>
    <stop arrival="10:16" departure="10:16">Sikthaugen</stop>
    <stop arrival="10:21" departure="10:21">Gyldenpris</stop>
    <stop arrival="10:23" departure="10:23">Møhlenpris v/ Industrihuset</stop>
    <stop arrival="10:26" departure="10:26">Nygårdsgaten</stop>
    <stop arrival="10:31">Bergen Busstasjon</stop>
  </route>
  <route no="45" destination="Straume term." url="http://www.web2051.no/bin/tp/zuginfo.exe/on/329031/111316/424764/102709/1/" trafficDays="kjører Ma - Fr, ikke 13., 17., 24. Mai">
    <stop departure="9:50" routeNo="45">Flesland Flyplass</stop>
    <stop arrival="9:51" departure="9:51">Liland (Flyplassvegen)</stop>
    <stop arrival="9:53" departure="9:53">Birkelandskrysset Terminal</stop>
    <stop arrival="9:55" departure="9:55">Scandic</stop>
    <stop arrival="9:57" departure="9:57">Nera</stop>
    <stop arrival="9:59" departure="9:59">BKK , Kokstad</stop>
    <stop arrival="10:00" departure="10:00">Kokstad Bilhandel</stop>
    <stop arrival="10:02" departure="10:02">Storrinden</stop>
    <stop arrival="10:04" departure="10:04">Dolvikbakken</stop>
    <stop arrival="10:04" departure="10:04">Grimstadskiftet</stop>
    <stop arrival="10:05" departure="10:05">Søreide skole</stop>
    <stop arrival="10:06" departure="10:06">Søreide v/Hydrostasjonen</stop>
    <stop arrival="10:07" departure="10:07">Straume bro</stop>
    <stop arrival="10:07" departure="10:07">Sementbroen</stop>
    <stop arrival="10:09" departure="10:09">Sandeide terminal</stop>
    <stop arrival="10:10" departure="10:10">Sandeidet barnehage</stop>
    <stop arrival="10:10" departure="10:10">Sandeidbråtet</stop>
    <stop arrival="10:11" departure="10:11">Bjørge</stop>
    <stop arrival="10:12" departure="10:12">Kjerreidviken</stop>
    <stop arrival="10:13" departure="10:13">Bjørndalsskogen</stop>
    <stop arrival="10:14" departure="10:14">Sætermyr</stop>
    <stop arrival="10:15" departure="10:15">Ravnestølen</stop>
    <stop arrival="10:15" departure="10:15">Bjørndalstræ R557</stop>
    <stop arrival="10:17" departure="10:17">Loddefjord term.</stop>
    <stop arrival="10:19" departure="10:19">Loddefjorddalen</stop>
    <stop arrival="10:20" departure="10:20">Frida Fasmer</stop>
    <stop arrival="10:21" departure="10:21">Frida Fasmer R555</stop>
    <stop arrival="10:22" departure="10:22">Storavatnet term.</stop>
    <stop arrival="10:24" departure="10:24">Breivikskiftet</stop>
    <stop arrival="10:26" departure="10:26">Drotningsvik Rv 555</stop>
    <stop arrival="10:28" departure="10:28">Knarrevik</stop>
    <stop arrival="10:32">Straume term.</stop>
  </route>
  <route no="30" destination="Birkelandskrysset Terminal" url="http://www.web2051.no/bin/tp/zuginfo.exe/on/970851/327963/561902/42669/1/" trafficDays="kjører Ma - Fr, ikke 13., 17., 24. Mai">
    <stop departure="10:05" routeNo="30">Bergen Busstasjon</stop>
    <stop arrival="10:10" departure="10:10">Olav Kyrres gate</stop>
    <stop arrival="10:12" departure="10:12">Møhlenpris v/ Industrihuset</stop>
    <stop arrival="10:13" departure="10:13">Gyldenpris</stop>
    <stop arrival="10:17" departure="10:17">Løvstakktunnelen</stop>
    <stop arrival="10:17" departure="10:17">Sikthaugen</stop>
    <stop arrival="10:18" departure="10:18">Hamregården</stop>
    <stop arrival="10:18" departure="10:18">Nebbeveien</stop>
    <stop arrival="10:19" departure="10:19">Løvås</stop>
    <stop arrival="10:20" departure="10:20">Oasen Terminal</stop>
    <stop arrival="10:20" departure="10:20">Skarphaugen</stop>
    <stop arrival="10:21" departure="10:21">Fyllingdsalsveien v/Shell</stop>
    <stop arrival="10:22" departure="10:22">Sandeide terminal</stop>
    <stop arrival="10:25" departure="10:25">Bjørgeveien</stop>
    <stop arrival="10:27" departure="10:27">Sementbroen</stop>
    <stop arrival="10:30" departure="10:30">Straume bro</stop>
    <stop arrival="10:32" departure="10:32">Søreide v/Hydrostasjonen</stop>
    <stop arrival="10:32" departure="10:32">Søreide skole</stop>
    <stop arrival="10:33" departure="10:33">Grimstadskiftet</stop>
    <stop arrival="10:33" departure="10:33">Dolvik terminal</stop>
    <stop arrival="10:33" departure="10:33">Skranevegen</stop>
    <stop arrival="10:34" departure="10:34">Regnbueåsen</stop>
    <stop arrival="10:35" departure="10:35">Fanatorget</stop>
    <stop arrival="10:36" departure="10:36">Petedalsheia</stop>
    <stop arrival="10:37" departure="10:37">Hydro Sandsli</stop>
    <stop arrival="10:38" departure="10:38">Statoil (Sandsli)</stop>
    <stop arrival="10:39" departure="10:39">Sandsligården</stop>
    <stop arrival="10:40" departure="10:40">Sandslisnuplass</stop>
    <stop arrival="10:40" departure="10:40">Sandslislusen</stop>
    <stop arrival="10:42" departure="10:42">Birkelandsflaten</stop>
    <stop arrival="10:46" departure="10:46">Birkelandsflaten</stop>
    <stop arrival="10:50">Birkelandskrysset Terminal</stop>
  </route>
  <route no="30" destination="Birkelandskrysset Terminal" url="http://www.web2051.no/bin/tp/zuginfo.exe/on/689928/234272/631274/85663/1/" trafficDays="kjører Sø, også 1., 13., 17., 24. Mai">
    <stop departure="10:05" routeNo="30">Bergen Busstasjon</stop>
    <stop arrival="10:10" departure="10:10">Olav Kyrres gate</stop>
    <stop arrival="10:11" departure="10:11">Møhlenpris v/ Industrihuset</stop>
    <stop arrival="10:12" departure="10:12">Gyldenpris</stop>
    <stop arrival="10:15" departure="10:15">Løvstakktunnelen</stop>
    <stop arrival="10:16" departure="10:16">Sikthaugen</stop>
    <stop arrival="10:16" departure="10:16">Hamregården</stop>
    <stop arrival="10:17" departure="10:17">Nebbeveien</stop>
    <stop arrival="10:17" departure="10:17">Løvås</stop>
    <stop arrival="10:18" departure="10:18">Oasen Terminal</stop>
    <stop arrival="10:19" departure="10:19">Skarphaugen</stop>
    <stop arrival="10:21" departure="10:21">Fyllingdsalsveien v/Shell</stop>
    <stop arrival="10:23" departure="10:23">Sandeide terminal</stop>
    <stop arrival="10:25" departure="10:25">Bjørgeveien</stop>
    <stop arrival="10:27" departure="10:27">Sementbroen</stop>
    <stop arrival="10:29" departure="10:29">Straume bro</stop>
    <stop arrival="10:30" departure="10:30">Søreide v/Hydrostasjonen</stop>
    <stop arrival="10:31" departure="10:31">Dolvik terminal</stop>
    <stop arrival="10:34" departure="10:34">Fanatorget</stop>
    <stop arrival="10:35" departure="10:35">Petedalsheia</stop>
    <stop arrival="10:35" departure="10:35">Hydro Sandsli</stop>
    <stop arrival="10:36" departure="10:36">Statoil (Sandsli)</stop>
    <stop arrival="10:37" departure="10:37">Sandsligården</stop>
    <stop arrival="10:38" departure="10:38">Sandslisnuplass</stop>
    <stop arrival="10:38" departure="10:38">Sandslislusen</stop>
    <stop arrival="10:39" departure="10:39">Birkelandsflaten</stop>
    <stop arrival="10:42" departure="10:42">Birkelandsflaten</stop>
    <stop arrival="10:45">Birkelandskrysset Terminal</stop>
  </route>
  <route no="30" destination="Birkelandskrysset Terminal" url="http://www.web2051.no/bin/tp/zuginfo.exe/on/901383/304773/876532/137806/1/" trafficDays="kjører Lø, ikke 1. Mai">
    <stop departure="10:05" routeNo="30">Bergen Busstasjon</stop>
    <stop arrival="10:10" departure="10:10">Olav Kyrres gate</stop>
    <stop arrival="10:11" departure="10:11">Møhlenpris v/ Industrihuset</stop>
    <stop arrival="10:12" departure="10:12">Gyldenpris</stop>
    <stop arrival="10:15" departure="10:15">Løvstakktunnelen</stop>
    <stop arrival="10:16" departure="10:16">Sikthaugen</stop>
    <stop arrival="10:16" departure="10:16">Hamregården</stop>
    <stop arrival="10:17" departure="10:17">Nebbeveien</stop>
    <stop arrival="10:17" departure="10:17">Løvås</stop>
    <stop arrival="10:18" departure="10:18">Oasen Terminal</stop>
    <stop arrival="10:19" departure="10:19">Skarphaugen</stop>
    <stop arrival="10:21" departure="10:21">Fyllingdsalsveien v/Shell</stop>
    <stop arrival="10:23" departure="10:23">Sandeide terminal</stop>
    <stop arrival="10:25" departure="10:25">Bjørgeveien</stop>
    <stop arrival="10:27" departure="10:27">Sementbroen</stop>
    <stop arrival="10:29" departure="10:29">Straume bro</stop>
    <stop arrival="10:30" departure="10:30">Søreide v/Hydrostasjonen</stop>
    <stop arrival="10:31" departure="10:31">Søreide skole</stop>
    <stop arrival="10:31" departure="10:31">Dolvik terminal</stop>
    <stop arrival="10:34" departure="10:34">Fanatorget</stop>
    <stop arrival="10:35" departure="10:35">Petedalsheia</stop>
    <stop arrival="10:35" departure="10:35">Hydro Sandsli</stop>
    <stop arrival="10:36" departure="10:36">Statoil (Sandsli)</stop>
    <stop arrival="10:37" departure="10:37">Sandsligården</stop>
    <stop arrival="10:38" departure="10:38">Sandslisnuplass</stop>
    <stop arrival="10:38" departure="10:38">Sandslislusen</stop>
    <stop arrival="10:39" departure="10:39">Birkelandsflaten</stop>
    <stop arrival="10:42" departure="10:42">Birkelandsflaten</stop>
    <stop arrival="10:45">Birkelandskrysset Terminal</stop>
  </route>
  <route no="32" destination="Bergen Busstasjon" url="http://www.web2051.no/bin/tp/zuginfo.exe/on/838530/280785/479910/39556/1/" trafficDays="kjører Ma - Fr, ikke 13., 17., 24. Mai">
    <stop departure="10:03" routeNo="32">Straume term.</stop>
    <stop arrival="10:06" departure="10:06">Knarrevik</stop>
    <stop arrival="10:09" departure="10:09">Drotningsvik Rv 555</stop>
    <stop arrival="10:10" departure="10:10">Breivikskiftet</stop>
    <stop arrival="10:13" departure="10:13">Storavatnet term.</stop>
    <stop arrival="10:14" departure="10:14">Frida Fasmer</stop>
    <stop arrival="10:15" departure="10:15">Loddefjorddalen</stop>
    <stop arrival="10:18" departure="10:18">Loddefjord term.</stop>
    <stop arrival="10:19" departure="10:19">Bjørndalstre krysset</stop>
    <stop arrival="10:19" departure="10:19">Bjørndalstræ R557</stop>
    <stop arrival="10:20" departure="10:20">Ravnestølen</stop>
    <stop arrival="10:21" departure="10:21">Sætermyr</stop>
    <stop arrival="10:22" departure="10:22">Bjørndalsskogen</stop>
    <stop arrival="10:23" departure="10:23">Kjerreidviken</stop>
    <stop arrival="10:24" departure="10:24">Bjørge</stop>
    <stop arrival="10:24" departure="10:24">Sandeidbråtet</stop>
    <stop arrival="10:24" departure="10:24">Sandeidet barnehage</stop>
    <stop arrival="10:25" departure="10:25">Sandeide terminal</stop>
    <stop arrival="10:27" departure="10:27">Fyllingsdalsveien v/Shell</stop>
    <stop arrival="10:29" departure="10:29">Skarphaugen</stop>
    <stop arrival="10:30" departure="10:30">Oasen Terminal</stop>
    <stop arrival="10:31" departure="10:31">Løvås</stop>
    <stop arrival="10:32" departure="10:32">Nebbeveien</stop>
    <stop arrival="10:32" departure="10:32">Hamregården</stop>
    <stop arrival="10:33" departure="10:33">Sikthaugen</stop>
    <stop arrival="10:38" departure="10:38">Gyldenpris</stop>
    <stop arrival="10:39" departure="10:39">Møhlenpris v/ Industrihuset</stop>
    <stop arrival="10:42" departure="10:42">Nygårdsgaten</stop>
    <stop arrival="10:45">Bergen Busstasjon</stop>
  </route>
  <route no="32" destination="Bergen Busstasjon" url="http://www.web2051.no/bin/tp/zuginfo.exe/on/432732/145563/679628/195571/1/" trafficDays="kjører 17. Mai">
    <stop departure="10:13" routeNo="32">Storavatnet term.</stop>
    <stop arrival="10:14" departure="10:14">Frida Fasmer</stop>
    <stop arrival="10:15" departure="10:15">Loddefjorddalen</stop>
    <stop arrival="10:18" departure="10:18">Loddefjord term.</stop>
    <stop arrival="10:19" departure="10:19">Bjørndalstre krysset</stop>
    <stop arrival="10:19" departure="10:19">Bjørndalstræ R557</stop>
    <stop arrival="10:20" departure="10:20">Ravnestølen</stop>
    <stop arrival="10:21" departure="10:21">Sætermyr</stop>
    <stop arrival="10:22" departure="10:22">Bjørndalsskogen</stop>
    <stop arrival="10:23" departure="10:23">Kjerreidviken</stop>
    <stop arrival="10:24" departure="10:24">Bjørge</stop>
    <stop arrival="10:24" departure="10:24">Sandeidbråtet</stop>
    <stop arrival="10:24" departure="10:24">Sandeidet barnehage</stop>
    <stop arrival="10:25" departure="10:25">Sandeide terminal</stop>
    <stop arrival="10:27" departure="10:27">Fyllingsdalsveien v/Shell</stop>
    <stop arrival="10:29" departure="10:29">Skarphaugen</stop>
    <stop arrival="10:30" departure="10:30">Oasen Terminal</stop>
    <stop arrival="10:31" departure="10:31">Løvås</stop>
    <stop arrival="10:32" departure="10:32">Nebbeveien</stop>
    <stop arrival="10:33" departure="10:33">Hamregården</stop>
    <stop arrival="10:33" departure="10:33">Sikthaugen</stop>
    <stop arrival="10:39" departure="10:39">Gyldenpris</stop>
    <stop arrival="10:40" departure="10:40">Møhlenpris v/ Industrihuset</stop>
    <stop arrival="10:42" departure="10:42">Christies gate (Festplassen)</stop>
    <stop arrival="10:45">Bergen Busstasjon</stop>
  </route>
  <route no="32" destination="Straume term." url="http://www.web2051.no/bin/tp/zuginfo.exe/on/451521/151768/790520/244754/1/" trafficDays="kjører Ma - Fr, ikke 13., 17., 24. Mai">
    <stop departure="10:15" routeNo="32">Bergen Busstasjon</stop>
    <stop arrival="10:18" departure="10:18">Olav Kyrres gate</stop>
    <stop arrival="10:20" departure="10:20">Møhlenpris v/ Industrihuset</stop>
    <stop arrival="10:21" departure="10:21">Gyldenpris</stop>
    <stop arrival="10:26" departure="10:26">Løvstakktunnelen</stop>
    <stop arrival="10:27" departure="10:27">Sikthaugen</stop>
    <stop arrival="10:28" departure="10:28">Hamregården</stop>
    <stop arrival="10:28" departure="10:28">Nebbeveien</stop>
    <stop arrival="10:29" departure="10:29">Løvås</stop>
    <stop arrival="10:30" departure="10:30">Oasen Terminal</stop>
    <stop arrival="10:31" departure="10:31">Skarphaugen</stop>
    <stop arrival="10:33" departure="10:33">Fyllingdsalsveien v/Shell</stop>
    <stop arrival="10:35" departure="10:35">Sandeide terminal</stop>
    <stop arrival="10:36" departure="10:36">Sandeidet barnehage</stop>
    <stop arrival="10:36" departure="10:36">Sandeidbråtet</stop>
    <stop arrival="10:37" departure="10:37">Bjørge</stop>
    <stop arrival="10:39" departure="10:39">Kjerreidviken</stop>
    <stop arrival="10:41" departure="10:41">Bjørndalsskogen</stop>
    <stop arrival="10:42" departure="10:42">Sætermyr</stop>
    <stop arrival="10:43" departure="10:43">Ravnestølen</stop>
    <stop arrival="10:45" departure="10:45">Bjørndalstræ R557</stop>
    <stop arrival="10:47" departure="10:47">Loddefjord term.</stop>
    <stop arrival="10:49" departure="10:49">Loddefjorddalen</stop>
    <stop arrival="10:50" departure="10:50">Frida Fasmer</stop>
    <stop arrival="10:51" departure="10:51">Frida Fasmer R555</stop>
    <stop arrival="10:52" departure="10:52">Storavatnet term.</stop>
    <stop arrival="10:54" departure="10:54">Breivikskiftet</stop>
    <stop arrival="10:55" departure="10:55">Drotningsvik Rv 555</stop>
    <stop arrival="10:57" departure="10:57">Knarrevik</stop>
    <stop arrival="11:02">Straume term.</stop>
  </route>
  <route no="30" destination="Bergen Busstasjon" url="http://www.web2051.no/bin/tp/zuginfo.exe/on/53922/22287/138726/51389/1/" trafficDays="kjører Lø, ikke 1. Mai">
    <stop departure="10:20" routeNo="30">Birkelandskrysset Terminal</stop>
    <stop arrival="10:22" departure="10:22">Birkelandsflaten</stop>
    <stop arrival="10:23" departure="10:23">Birkelandsflaten</stop>
    <stop arrival="10:23" departure="10:23">Sandslislusen</stop>
    <stop arrival="10:23" departure="10:23">Sandslisnuplass</stop>
    <stop arrival="10:24" departure="10:24">Sandsligården</stop>
    <stop arrival="10:25" departure="10:25">Statoil (Sandsli)</stop>
    <stop arrival="10:25" departure="10:25">Statoil stasjon Sandsli</stop>
    <stop arrival="10:26" departure="10:26">Hydro Sandsli</stop>
    <stop arrival="10:26" departure="10:26">Petedalsheia</stop>
    <stop arrival="10:27" departure="10:27">Fanatorget</stop>
    <stop arrival="10:31" departure="10:31">Dolvik terminal</stop>
    <stop arrival="10:31" departure="10:31">Dolvikbakken</stop>
    <stop arrival="10:32" departure="10:32">Søreide skole</stop>
    <stop arrival="10:33" departure="10:33">Søreide v/Hydrostasjonen</stop>
    <stop arrival="10:33" departure="10:33">Straume bro</stop>
    <stop arrival="10:33" departure="10:33">Bergen Motorbåtforening</stop>
    <stop arrival="10:34" departure="10:34">Sementbroen</stop>
    <stop arrival="10:35" departure="10:35">Sandeide terminal</stop>
    <stop arrival="10:38" departure="10:38">Fyllingsdalsveien v/Shell</stop>
    <stop arrival="10:42" departure="10:42">Skarphaugen</stop>
    <stop arrival="10:43" departure="10:43">Oasen Terminal</stop>
    <stop arrival="10:44" departure="10:44">Løvås</stop>
    <stop arrival="10:44" departure="10:44">Nebbeveien</stop>
    <stop arrival="10:44" departure="10:44">Hamregården</stop>
    <stop arrival="10:45" departure="10:45">Sikthaugen</stop>
    <stop arrival="10:48" departure="10:48">Gyldenpris</stop>
    <stop arrival="10:50" departure="10:50">Møhlenpris v/ Industrihuset</stop>
    <stop arrival="10:53" departure="10:53">Nygårdsgaten</stop>
    <stop arrival="10:58">Bergen Busstasjon</stop>
  </route>
  <route no="30" destination="Bergen Busstasjon" url="http://www.web2051.no/bin/tp/zuginfo.exe/on/916932/309993/666594/27655/1/" trafficDays="kjører Ma - Fr, ikke 13., 17., 24. Mai">
    <stop departure="10:20" routeNo="30">Birkelandskrysset Terminal</stop>
    <stop arrival="10:22" departure="10:22">Birkelandsflaten</stop>
    <stop arrival="10:23" departure="10:23">Birkelandsflaten</stop>
    <stop arrival="10:23" departure="10:23">Sandslislusen</stop>
    <stop arrival="10:23" departure="10:23">Sandslisnuplass</stop>
    <stop arrival="10:24" departure="10:24">Sandsligården</stop>
    <stop arrival="10:25" departure="10:25">Statoil (Sandsli)</stop>
    <stop arrival="10:25" departure="10:25">Statoil stasjon Sandsli</stop>
    <stop arrival="10:26" departure="10:26">Hydro Sandsli</stop>
    <stop arrival="10:26" departure="10:26">Petedalsheia</stop>
    <stop arrival="10:27" departure="10:27">Fanatorget</stop>
    <stop arrival="10:30" departure="10:30">Regnbueåsen</stop>
    <stop arrival="10:33" departure="10:33">Skranevegen</stop>
    <stop arrival="10:33" departure="10:33">Dolvik terminal</stop>
    <stop arrival="10:33" departure="10:33">Dolvikbakken</stop>
    <stop arrival="10:34" departure="10:34">Søreide skole</stop>
    <stop arrival="10:35" departure="10:35">Søreide v/Hydrostasjonen</stop>
    <stop arrival="10:36" departure="10:36">Straume bro</stop>
    <stop arrival="10:36" departure="10:36">Bergen Motorbåtforening</stop>
    <stop arrival="10:36" departure="10:36">Sementbroen</stop>
    <stop arrival="10:38" departure="10:38">Sandeide terminal</stop>
    <stop arrival="10:40" departure="10:40">Fyllingsdalsveien v/Shell</stop>
    <stop arrival="10:42" departure="10:42">Skarphaugen</stop>
    <stop arrival="10:43" departure="10:43">Oasen Terminal</stop>
    <stop arrival="10:44" departure="10:44">Løvås</stop>
    <stop arrival="10:45" departure="10:45">Nebbeveien</stop>
    <stop arrival="10:45" departure="10:45">Hamregården</stop>
    <stop arrival="10:46" departure="10:46">Sikthaugen</stop>
    <stop arrival="10:51" departure="10:51">Gyldenpris</stop>
    <stop arrival="10:53" departure="10:53">Møhlenpris v/ Industrihuset</stop>
    <stop arrival="10:56" departure="10:56">Nygårdsgaten</stop>
    <stop arrival="11:01">Bergen Busstasjon</stop>
  </route>
  <route no="30" destination="Birkelandskrysset Terminal" url="http://www.web2051.no/bin/tp/zuginfo.exe/on/123459/45503/103190/10442/1/" trafficDays="kjører Ma - Fr, ikke 13., 17., 24. Mai">
    <stop departure="10:35" routeNo="30">Bergen Busstasjon</stop>
    <stop arrival="10:40" departure="10:40">Olav Kyrres gate</stop>
    <stop arrival="10:42" departure="10:42">Møhlenpris v/ Industrihuset</stop>
    <stop arrival="10:43" departure="10:43">Gyldenpris</stop>
    <stop arrival="10:47" departure="10:47">Løvstakktunnelen</stop>
    <stop arrival="10:47" departure="10:47">Sikthaugen</stop>
    <stop arrival="10:48" departure="10:48">Hamregården</stop>
    <stop arrival="10:48" departure="10:48">Nebbeveien</stop>
    <stop arrival="10:49" departure="10:49">Løvås</stop>
    <stop arrival="10:50" departure="10:50">Oasen Terminal</stop>
    <stop arrival="10:50" departure="10:50">Skarphaugen</stop>
    <stop arrival="10:51" departure="10:51">Fyllingdsalsveien v/Shell</stop>
    <stop arrival="10:52" departure="10:52">Sandeide terminal</stop>
    <stop arrival="10:55" departure="10:55">Bjørgeveien</stop>
    <stop arrival="10:57" departure="10:57">Sementbroen</stop>
    <stop arrival="11:00" departure="11:00">Straume bro</stop>
    <stop arrival="11:02" departure="11:02">Søreide v/Hydrostasjonen</stop>
    <stop arrival="11:02" departure="11:02">Søreide skole</stop>
    <stop arrival="11:03" departure="11:03">Grimstadskiftet</stop>
    <stop arrival="11:03" departure="11:03">Dolvik terminal</stop>
    <stop arrival="11:03" departure="11:03">Skranevegen</stop>
    <stop arrival="11:04" departure="11:04">Regnbueåsen</stop>
    <stop arrival="11:05" departure="11:05">Fanatorget</stop>
    <stop arrival="11:06" departure="11:06">Petedalsheia</stop>
    <stop arrival="11:07" departure="11:07">Hydro Sandsli</stop>
    <stop arrival="11:08" departure="11:08">Statoil (Sandsli)</stop>
    <stop arrival="11:09" departure="11:09">Sandsligården</stop>
    <stop arrival="11:10" departure="11:10">Sandslisnuplass</stop>
    <stop arrival="11:10" departure="11:10">Sandslislusen</stop>
    <stop arrival="11:12" departure="11:12">Birkelandsflaten</stop>
    <stop arrival="11:16" departure="11:16">Birkelandsflaten</stop>
    <stop arrival="11:20">Birkelandskrysset Terminal</stop>
  </route>
  <route no="30" destination="Birkelandskrysset Terminal" url="http://www.web2051.no/bin/tp/zuginfo.exe/on/405915/139616/403346/66371/1/" trafficDays="kjører Lø, ikke 1. Mai">
    <stop departure="10:35" routeNo="30">Bergen Busstasjon</stop>
    <stop arrival="10:40" departure="10:40">Olav Kyrres gate</stop>
    <stop arrival="10:41" departure="10:41">Møhlenpris v/ Industrihuset</stop>
    <stop arrival="10:42" departure="10:42">Gyldenpris</stop>
    <stop arrival="10:45" departure="10:45">Løvstakktunnelen</stop>
    <stop arrival="10:46" departure="10:46">Sikthaugen</stop>
    <stop arrival="10:46" departure="10:46">Hamregården</stop>
    <stop arrival="10:47" departure="10:47">Nebbeveien</stop>
    <stop arrival="10:47" departure="10:47">Løvås</stop>
    <stop arrival="10:48" departure="10:48">Oasen Terminal</stop>
    <stop arrival="10:49" departure="10:49">Skarphaugen</stop>
    <stop arrival="10:51" departure="10:51">Fyllingdsalsveien v/Shell</stop>
    <stop arrival="10:53" departure="10:53">Sandeide terminal</stop>
    <stop arrival="10:55" departure="10:55">Bjørgeveien</stop>
    <stop arrival="10:57" departure="10:57">Sementbroen</stop>
    <stop arrival="10:59" departure="10:59">Straume bro</stop>
    <stop arrival="11:00" departure="11:00">Søreide v/Hydrostasjonen</stop>
    <stop arrival="11:01" departure="11:01">Søreide skole</stop>
    <stop arrival="11:01" departure="11:01">Dolvik terminal</stop>
    <stop arrival="11:04" departure="11:04">Fanatorget</stop>
    <stop arrival="11:05" departure="11:05">Petedalsheia</stop>
    <stop arrival="11:05" departure="11:05">Hydro Sandsli</stop>
    <stop arrival="11:06" departure="11:06">Statoil (Sandsli)</stop>
    <stop arrival="11:07" departure="11:07">Sandsligården</stop>
    <stop arrival="11:08" departure="11:08">Sandslisnuplass</stop>
    <stop arrival="11:08" departure="11:08">Sandslislusen</stop>
    <stop arrival="11:09" departure="11:09">Birkelandsflaten</stop>
    <stop arrival="11:12" departure="11:12">Birkelandsflaten</stop>
    <stop arrival="11:15">Birkelandskrysset Terminal</stop>
  </route>
</routes>
