<?xml version="1.0" encoding="UTF-8"?>
<routes>
  <route no="459" destination="Tælavåg snuplass" url="http://www.web2051.no/bin/tp/zuginfo.exe/on/751410/252717/746062/122561/1/" trafficDays="kjører Ma - Fr, ikke 13., 17., 24. Mai">
    <stop departure="10:05" routeNo="459">Straume term.</stop>
    <stop arrival="10:06" departure="10:06">Bildøy</stop>
    <stop arrival="10:09" departure="10:09">Fjell Blommen</stop>
    <stop arrival="10:09" departure="10:09">Fjell Heljedalen</stop>
    <stop arrival="10:10" departure="10:10">Fjell</stop>
    <stop arrival="10:10" departure="10:10">Fjell kyrkje</stop>
    <stop arrival="10:10" departure="10:10">Fjell Leite</stop>
    <stop arrival="10:11" departure="10:11">Fjell Søre</stop>
    <stop arrival="10:11" departure="10:11">Fjell Podlagrinda</stop>
    <stop arrival="10:12" departure="10:12">Fjell Krossleite</stop>
    <stop arrival="10:12" departure="10:12">Fjell søre Krossleite</stop>
    <stop arrival="10:13" departure="10:13">Tellnesskogen</stop>
    <stop arrival="10:14" departure="10:14">Tellnes Bruabrekko</stop>
    <stop arrival="10:15" departure="10:15">Tellnesskiftet</stop>
    <stop arrival="10:15" departure="10:15">Tellnes skule</stop>
    <stop arrival="10:17" departure="10:17">Dala (Fjell)</stop>
    <stop arrival="10:17" departure="10:17">Dala (Fjell)</stop>
    <stop arrival="10:18" departure="10:18">Dalseide (Fjell)</stop>
    <stop arrival="10:23" departure="10:23">Trengereid Slettebakken (Fjell</stop>
    <stop arrival="10:24" departure="10:24">Trengereid (Fjell)</stop>
    <stop arrival="10:25" departure="10:25">Skogsskiftet term.</stop>
    <stop arrival="10:28" departure="10:28">Hammersland (Sund)</stop>
    <stop arrival="10:28" departure="10:28">Hammersland (Sund)</stop>
    <stop arrival="10:29" departure="10:29">Eidesjøen Tveitaneset</stop>
    <stop arrival="10:30" departure="10:30">Eidesjøen</stop>
    <stop arrival="10:31" departure="10:31">Pollen skule</stop>
    <stop arrival="10:32" departure="10:32">Kårevik</stop>
    <stop arrival="10:32" departure="10:32">Kårevik</stop>
    <stop arrival="10:33" departure="10:33">Spildepollen</stop>
    <stop arrival="10:34" departure="10:34">Kausland Sund Auto</stop>
    <stop arrival="10:34" departure="10:34">Kausland industri</stop>
    <stop arrival="10:35" departure="10:35">Kausland (brekko)</stop>
    <stop arrival="10:36" departure="10:36">Kausland gard</stop>
    <stop arrival="10:36" departure="10:36">Kausland kyrkje</stop>
    <stop arrival="10:36" departure="10:36">Kausland (Lunde)</stop>
    <stop arrival="10:38" departure="10:38">Glesnes Skule</stop>
    <stop arrival="10:39" departure="10:39">Glesvær (Elva)</stop>
    <stop arrival="10:39" departure="10:39">Glesvær (Slettebergsmauget)</stop>
    <stop arrival="10:39" departure="10:39">Glesvær (Vollakrysset)</stop>
    <stop arrival="10:40" departure="10:40">Glesvær snuplass</stop>
    <stop arrival="10:40" departure="10:40">Glesvær (Vollakrysset)</stop>
    <stop arrival="10:41" departure="10:41">Glesvær (Slettebergsmauget)</stop>
    <stop arrival="10:41" departure="10:41">Glesvær (Elva)</stop>
    <stop arrival="10:41" departure="10:41">Glesnes Skule</stop>
    <stop arrival="10:43" departure="10:43">Kausland (Lunde)</stop>
    <stop arrival="10:43" departure="10:43">Kausland kyrkje</stop>
    <stop arrival="10:44" departure="10:44">Kausland gard</stop>
    <stop arrival="10:44" departure="10:44">Kausland (brekko)</stop>
    <stop arrival="10:45" departure="10:45">Kausland industri</stop>
    <stop arrival="10:45" departure="10:45">Kausland Sund Auto</stop>
    <stop arrival="10:46" departure="10:46">Spildepollen</stop>
    <stop arrival="10:47" departure="10:47">Asphaug</stop>
    <stop arrival="10:49" departure="10:49">Tælavåg gravplass</stop>
    <stop arrival="10:51" departure="10:51">Tælavåg Sælstø</stop>
    <stop arrival="10:51" departure="10:51">Tælavåg Museum (Idrettsplass)</stop>
    <stop arrival="10:52" departure="10:52">Tælavåg Nipa byggefelt</stop>
    <stop arrival="10:52" departure="10:52">Tælavåg Nipa</stop>
    <stop arrival="10:53" departure="10:53">Tælavåg bedehus</stop>
    <stop arrival="10:53" departure="10:53">Tælavåg Telle</stop>
    <stop arrival="10:53" departure="10:53">Tælavåg skule</stop>
    <stop arrival="10:54" departure="10:54">Tælavåg Midttveit</stop>
    <stop arrival="10:54" departure="10:54">Tælavåg Øvretveit (brekko)</stop>
    <stop arrival="10:55" departure="10:55">Tælavåg Øvretveit</stop>
    <stop arrival="10:55">Tælavåg snuplass</stop>
  </route>
  <route no="455" destination="Bergen Busstasjon" url="http://www.web2051.no/bin/tp/zuginfo.exe/on/88062/31533/669904/305598/1/" trafficDays="kjører Ma - Fr, ikke 13., 17., 24. Mai">
    <stop departure="10:05" routeNo="455">Forland kai</stop>
    <stop arrival="10:06" departure="10:06">Forland Bedhus</stop>
    <stop arrival="10:06" departure="10:06">Forland Kleiva</stop>
    <stop arrival="10:07" departure="10:07">Forlandskiftet</stop>
    <stop arrival="10:07" departure="10:07">Stranda Skole</stop>
    <stop arrival="10:07" departure="10:07">Forlandskiftet</stop>
    <stop arrival="10:09" departure="10:09">Kleppe utmark (Sund)</stop>
    <stop arrival="10:10" departure="10:10">Kleppe barnehage (Sund)</stop>
    <stop arrival="10:10" departure="10:10">Kleppe (Sund)</stop>
    <stop arrival="10:11" departure="10:11">Kleppevik (Sund)</stop>
    <stop arrival="10:11" departure="10:11">Høyland Bakeriet (Sund)</stop>
    <stop arrival="10:12" departure="10:12">Høyland (Sund)</stop>
    <stop arrival="10:13" departure="10:13">Høyland grustaket (Sund)</stop>
    <stop arrival="10:14" departure="10:14">Førdestraumen sør (Sund)</stop>
    <stop arrival="10:14" departure="10:14">Førdestraumen (Sund)</stop>
    <stop arrival="10:15" departure="10:15">Førde Melkevik (Sund)</stop>
    <stop arrival="10:16" departure="10:16">Førde (Sund)</stop>
    <stop arrival="10:17" departure="10:17">Førde Stauradalen (Sund)</stop>
    <stop arrival="10:18" departure="10:18">Klokkarvik Børnes</stop>
    <stop arrival="10:19" departure="10:19">Klokkarvik Sund barneskule</stop>
    <stop arrival="10:19" departure="10:19">Klokkarvik Limavåg</stop>
    <stop arrival="10:20" departure="10:20">Klokkarvik</stop>
    <stop arrival="10:21" departure="10:21">Klokkarvik Kyrkjevegen</stop>
    <stop arrival="10:21" departure="10:21">Klokkarvik Stølen</stop>
    <stop arrival="10:21" departure="10:21">Klokkarvik Laksen</stop>
    <stop arrival="10:22" departure="10:22">Sundskogen</stop>
    <stop arrival="10:23" departure="10:23">Skogsvåg Oppedal</stop>
    <stop arrival="10:24" departure="10:24">Skogsvåg Dommedalen</stop>
    <stop arrival="10:25" departure="10:25">Skogsvåg Aurabekken</stop>
    <stop arrival="10:25" departure="10:25">Sangoltskiftet</stop>
    <stop arrival="10:27" departure="10:27">Skogsvåg gamle skule</stop>
    <stop arrival="10:31" departure="10:31">Skoge Kvalvågen (Sund)</stop>
    <stop arrival="10:34" departure="10:34">Skoge (Sund)</stop>
    <stop arrival="10:36" departure="10:36">Skogsskiftet Midtstegen</stop>
    <stop arrival="10:38" departure="10:38">Skogsskiftet Hald Stadion</stop>
    <stop arrival="10:40" departure="10:40">Skogsskiftet term.</stop>
    <stop arrival="10:41" departure="10:41">Trengereid (Fjell)</stop>
    <stop arrival="10:41" departure="10:41">Trengereid Slettebakken (Fjell</stop>
    <stop arrival="10:43" departure="10:43">Dalseide (Fjell)</stop>
    <stop arrival="10:44" departure="10:44">Dala (Fjell)</stop>
    <stop arrival="10:44" departure="10:44">Dala (Fjell)</stop>
    <stop arrival="10:45" departure="10:45">Tellnes skule</stop>
    <stop arrival="10:45" departure="10:45">Tellnesskiftet</stop>
    <stop arrival="10:46" departure="10:46">Tellnes Bruabrekko</stop>
    <stop arrival="10:47" departure="10:47">Tellnesskogen</stop>
    <stop arrival="10:48" departure="10:48">Fjell søre Krossleite</stop>
    <stop arrival="10:48" departure="10:48">Fjell Krossleite</stop>
    <stop arrival="10:49" departure="10:49">Fjell Podlagrinda</stop>
    <stop arrival="10:49" departure="10:49">Fjell Søre</stop>
    <stop arrival="10:50" departure="10:50">Fjell Leite</stop>
    <stop arrival="10:50" departure="10:50">Fjell kyrkje</stop>
    <stop arrival="10:50" departure="10:50">Fjell</stop>
    <stop arrival="10:51" departure="10:51">Fjell Heljedalen</stop>
    <stop arrival="10:52" departure="10:52">Fjell Blommen</stop>
    <stop arrival="10:58" departure="10:58">Bildøy</stop>
    <stop arrival="11:00" departure="11:00">Straume term.</stop>
    <stop arrival="11:03" departure="11:03">Knarrevik</stop>
    <stop arrival="11:05" departure="11:05">Drotningsvik Rv 555</stop>
    <stop arrival="11:06" departure="11:06">Breivikskiftet</stop>
    <stop arrival="11:08" departure="11:08">Frida Fasmer</stop>
    <stop arrival="11:13" departure="11:13">Lyngbø Motorvei R555</stop>
    <stop arrival="11:17" departure="11:17">Møhlenpris v/ Industrihuset</stop>
    <stop arrival="11:19" departure="11:19">Nygårdsgaten</stop>
    <stop arrival="11:20">Bergen Busstasjon</stop>
  </route>
  <route no="455" destination="Bergen Busstasjon" url="http://www.web2051.no/bin/tp/zuginfo.exe/on/260406/88981/712360/269378/1/" trafficDays="kjører Ma - Fr, ikke 13., 17., 24. Mai">
    <stop departure="10:05" routeNo="455">Forland kai</stop>
    <stop arrival="10:06" departure="10:06">Forland Bedhus</stop>
    <stop arrival="10:06" departure="10:06">Forland Kleiva</stop>
    <stop arrival="10:07" departure="10:07">Forlandskiftet</stop>
    <stop arrival="10:07" departure="10:07">Stranda Skole</stop>
    <stop arrival="10:07" departure="10:07">Forlandskiftet</stop>
    <stop arrival="10:09" departure="10:09">Kleppe utmark (Sund)</stop>
    <stop arrival="10:10" departure="10:10">Kleppe barnehage (Sund)</stop>
    <stop arrival="10:10" departure="10:10">Kleppe (Sund)</stop>
    <stop arrival="10:11" departure="10:11">Kleppevik (Sund)</stop>
    <stop arrival="10:11" departure="10:11">Høyland Bakeriet (Sund)</stop>
    <stop arrival="10:12" departure="10:12">Høyland (Sund)</stop>
    <stop arrival="10:13" departure="10:13">Høyland grustaket (Sund)</stop>
    <stop arrival="10:14" departure="10:14">Førdestraumen sør (Sund)</stop>
    <stop arrival="10:14" departure="10:14">Førdestraumen (Sund)</stop>
    <stop arrival="10:15" departure="10:15">Førde Melkevik (Sund)</stop>
    <stop arrival="10:16" departure="10:16">Førde (Sund)</stop>
    <stop arrival="10:17" departure="10:17">Førde Stauradalen (Sund)</stop>
    <stop arrival="10:18" departure="10:18">Klokkarvik Børnes</stop>
    <stop arrival="10:19" departure="10:19">Klokkarvik Sund barneskule</stop>
    <stop arrival="10:19" departure="10:19">Klokkarvik Limavåg</stop>
    <stop arrival="10:20" departure="10:20">Klokkarvik</stop>
    <stop arrival="10:21" departure="10:21">Klokkarvik Kyrkjevegen</stop>
    <stop arrival="10:21" departure="10:21">Klokkarvik Stølen</stop>
    <stop arrival="10:21" departure="10:21">Klokkarvik Laksen</stop>
    <stop arrival="10:22" departure="10:22">Sundskogen</stop>
    <stop arrival="10:23" departure="10:23">Skogsvåg Oppedal</stop>
    <stop arrival="10:24" departure="10:24">Skogsvåg Dommedalen</stop>
    <stop arrival="10:25" departure="10:25">Skogsvåg Aurabekken</stop>
    <stop arrival="10:25" departure="10:25">Sangoltskiftet</stop>
    <stop arrival="10:27" departure="10:27">Skogsvåg gamle skule</stop>
    <stop arrival="10:31" departure="10:31">Skoge Kvalvågen (Sund)</stop>
    <stop arrival="10:34" departure="10:34">Skoge (Sund)</stop>
    <stop arrival="10:36" departure="10:36">Skogsskiftet Midtstegen</stop>
    <stop arrival="10:38" departure="10:38">Skogsskiftet Hald Stadion</stop>
    <stop arrival="10:40" departure="10:40">Skogsskiftet term.</stop>
    <stop arrival="10:41" departure="10:41">Trengereid (Fjell)</stop>
    <stop arrival="10:41" departure="10:41">Trengereid Slettebakken (Fjell</stop>
    <stop arrival="10:43" departure="10:43">Dalseide (Fjell)</stop>
    <stop arrival="10:44" departure="10:44">Dala (Fjell)</stop>
    <stop arrival="10:44" departure="10:44">Dala (Fjell)</stop>
    <stop arrival="10:45" departure="10:45">Tellnes skule</stop>
    <stop arrival="10:45" departure="10:45">Tellnesskiftet</stop>
    <stop arrival="10:46" departure="10:46">Tellnes Bruabrekko</stop>
    <stop arrival="10:47" departure="10:47">Tellnesskogen</stop>
    <stop arrival="10:48" departure="10:48">Fjell søre Krossleite</stop>
    <stop arrival="10:48" departure="10:48">Fjell Krossleite</stop>
    <stop arrival="10:49" departure="10:49">Fjell Podlagrinda</stop>
    <stop arrival="10:49" departure="10:49">Fjell Søre</stop>
    <stop arrival="10:50" departure="10:50">Fjell Leite</stop>
    <stop arrival="10:50" departure="10:50">Fjell kyrkje</stop>
    <stop arrival="10:50" departure="10:50">Fjell</stop>
    <stop arrival="10:51" departure="10:51">Fjell Heljedalen</stop>
    <stop arrival="10:52" departure="10:52">Fjell Blommen</stop>
    <stop arrival="10:58" departure="10:58">Bildøy</stop>
    <stop arrival="11:00" departure="11:00">Straume term.</stop>
    <stop arrival="11:03" departure="11:03">Knarrevik</stop>
    <stop arrival="11:05" departure="11:05">Drotningsvik Rv 555</stop>
    <stop arrival="11:06" departure="11:06">Breivikskiftet</stop>
    <stop arrival="11:08" departure="11:08">Frida Fasmer</stop>
    <stop arrival="11:13" departure="11:13">Lyngbø Motorvei R555</stop>
    <stop arrival="11:17" departure="11:17">Møhlenpris v/ Industrihuset</stop>
    <stop arrival="11:19" departure="11:19">Nygårdsgaten</stop>
    <stop arrival="11:20">Bergen Busstasjon</stop>
  </route>
  <route no="455" destination="Bergen Busstasjon" url="http://www.web2051.no/bin/tp/zuginfo.exe/on/454839/153792/439266/68020/1/" trafficDays="kjører Ma - Fr, ikke 13., 17., 24. Mai">
    <stop departure="10:05" routeNo="455">Forland kai</stop>
    <stop arrival="10:06" departure="10:06">Forland Bedhus</stop>
    <stop arrival="10:06" departure="10:06">Forland Kleiva</stop>
    <stop arrival="10:07" departure="10:07">Forlandskiftet</stop>
    <stop arrival="10:07" departure="10:07">Stranda Skole</stop>
    <stop arrival="10:07" departure="10:07">Forlandskiftet</stop>
    <stop arrival="10:09" departure="10:09">Kleppe utmark (Sund)</stop>
    <stop arrival="10:10" departure="10:10">Kleppe barnehage (Sund)</stop>
    <stop arrival="10:10" departure="10:10">Kleppe (Sund)</stop>
    <stop arrival="10:11" departure="10:11">Kleppevik (Sund)</stop>
    <stop arrival="10:11" departure="10:11">Høyland Bakeriet (Sund)</stop>
    <stop arrival="10:12" departure="10:12">Høyland (Sund)</stop>
    <stop arrival="10:13" departure="10:13">Høyland grustaket (Sund)</stop>
    <stop arrival="10:14" departure="10:14">Førdestraumen sør (Sund)</stop>
    <stop arrival="10:14" departure="10:14">Førdestraumen (Sund)</stop>
    <stop arrival="10:15" departure="10:15">Førde Melkevik (Sund)</stop>
    <stop arrival="10:16" departure="10:16">Førde (Sund)</stop>
    <stop arrival="10:17" departure="10:17">Førde Stauradalen (Sund)</stop>
    <stop arrival="10:18" departure="10:18">Klokkarvik Børnes</stop>
    <stop arrival="10:19" departure="10:19">Klokkarvik Sund barneskule</stop>
    <stop arrival="10:19" departure="10:19">Klokkarvik Limavåg</stop>
    <stop arrival="10:20" departure="10:20">Klokkarvik</stop>
    <stop arrival="10:21" departure="10:21">Klokkarvik Kyrkjevegen</stop>
    <stop arrival="10:21" departure="10:21">Klokkarvik Stølen</stop>
    <stop arrival="10:21" departure="10:21">Klokkarvik Laksen</stop>
    <stop arrival="10:22" departure="10:22">Sundskogen</stop>
    <stop arrival="10:23" departure="10:23">Skogsvåg Oppedal</stop>
    <stop arrival="10:24" departure="10:24">Skogsvåg Dommedalen</stop>
    <stop arrival="10:25" departure="10:25">Skogsvåg Aurabekken</stop>
    <stop arrival="10:25" departure="10:25">Sangoltskiftet</stop>
    <stop arrival="10:27" departure="10:27">Skogsvåg gamle skule</stop>
    <stop arrival="10:31" departure="10:31">Skoge Kvalvågen (Sund)</stop>
    <stop arrival="10:34" departure="10:34">Skoge (Sund)</stop>
    <stop arrival="10:36" departure="10:36">Skogsskiftet Midtstegen</stop>
    <stop arrival="10:38" departure="10:38">Skogsskiftet Hald Stadion</stop>
    <stop arrival="10:40" departure="10:40">Skogsskiftet term.</stop>
    <stop arrival="10:41" departure="10:41">Trengereid (Fjell)</stop>
    <stop arrival="10:41" departure="10:41">Trengereid Slettebakken (Fjell</stop>
    <stop arrival="10:43" departure="10:43">Dalseide (Fjell)</stop>
    <stop arrival="10:44" departure="10:44">Dala (Fjell)</stop>
    <stop arrival="10:44" departure="10:44">Dala (Fjell)</stop>
    <stop arrival="10:45" departure="10:45">Tellnes skule</stop>
    <stop arrival="10:45" departure="10:45">Tellnesskiftet</stop>
    <stop arrival="10:46" departure="10:46">Tellnes Bruabrekko</stop>
    <stop arrival="10:47" departure="10:47">Tellnesskogen</stop>
    <stop arrival="10:48" departure="10:48">Fjell søre Krossleite</stop>
    <stop arrival="10:48" departure="10:48">Fjell Krossleite</stop>
    <stop arrival="10:49" departure="10:49">Fjell Podlagrinda</stop>
    <stop arrival="10:49" departure="10:49">Fjell Søre</stop>
    <stop arrival="10:50" departure="10:50">Fjell Leite</stop>
    <stop arrival="10:50" departure="10:50">Fjell kyrkje</stop>
    <stop arrival="10:50" departure="10:50">Fjell</stop>
    <stop arrival="10:51" departure="10:51">Fjell Heljedalen</stop>
    <stop arrival="10:52" departure="10:52">Fjell Blommen</stop>
    <stop arrival="10:58" departure="10:58">Bildøy</stop>
    <stop arrival="11:00" departure="11:00">Straume term.</stop>
    <stop arrival="11:03" departure="11:03">Knarrevik</stop>
    <stop arrival="11:05" departure="11:05">Drotningsvik Rv 555</stop>
    <stop arrival="11:06" departure="11:06">Breivikskiftet</stop>
    <stop arrival="11:08" departure="11:08">Frida Fasmer</stop>
    <stop arrival="11:13" departure="11:13">Lyngbø Motorvei R555</stop>
    <stop arrival="11:17" departure="11:17">Møhlenpris v/ Industrihuset</stop>
    <stop arrival="11:19" departure="11:19">Nygårdsgaten</stop>
    <stop arrival="11:20">Bergen Busstasjon</stop>
  </route>
  <route no="457" destination="Straume term." url="http://www.web2051.no/bin/tp/zuginfo.exe/on/608595/205065/303850/50940/1/" trafficDays="kjører Lø, ikke 1. Mai">
    <stop departure="10:05" routeNo="457">Sælsvik snuplass Tofterøy</stop>
    <stop arrival="10:05" departure="10:05">Østre Sælsvik Tofterøy</stop>
    <stop arrival="10:06" departure="10:06">Sælsvik Tofterøy</stop>
    <stop arrival="10:06" departure="10:06">Vestre Sælsvik Tofterøy</stop>
    <stop arrival="10:06" departure="10:06">Sælsvik Tofterøy</stop>
    <stop arrival="10:07" departure="10:07">Vestre Sælsvik Tofterøy</stop>
    <stop arrival="10:07" departure="10:07">Tofterøy Hyttefelt</stop>
    <stop arrival="10:08" departure="10:08">Hummelsund Tofterøy</stop>
    <stop arrival="10:08" departure="10:08">Hummelsund Tofterøy</stop>
    <stop arrival="10:09" departure="10:09">Rotamyra Tofterøy</stop>
    <stop arrival="10:09" departure="10:09">Havtun Tofterøy</stop>
    <stop arrival="10:10" departure="10:10">Tyrnevik Tofterøy</stop>
    <stop arrival="10:10" departure="10:10">Midtgarden Tofterøy</stop>
    <stop arrival="10:10" departure="10:10">Tofterøy barneskule</stop>
    <stop arrival="10:11" departure="10:11">Bandelen Tofterøy</stop>
    <stop arrival="10:12" departure="10:12">Leirvågen Tofterøy</stop>
    <stop arrival="10:12" departure="10:12">Tofthammeren Tofterøy</stop>
    <stop arrival="10:13" departure="10:13">Toftaberget Tofterøy</stop>
    <stop arrival="10:13" departure="10:13">Døsjerholm kryss Tofterøy</stop>
    <stop arrival="10:14" departure="10:14">Hedlehaugen Tofterøy</stop>
    <stop arrival="10:15" departure="10:15">Hamre Bakkahagen (Sund)</stop>
    <stop arrival="10:15" departure="10:15">Hamre kryss (Sund)</stop>
    <stop arrival="10:16" departure="10:16">Hamre (Sund)</stop>
    <stop arrival="10:16" departure="10:16">Steinslandskitfet (Sund)</stop>
    <stop arrival="10:17" departure="10:17">Steinsland snuplass</stop>
    <stop arrival="10:18" departure="10:18">Steinslandskitfet (Sund)</stop>
    <stop arrival="10:20" departure="10:20">Hamre (Sund)</stop>
    <stop arrival="10:20" departure="10:20">Hamre kryss (Sund)</stop>
    <stop arrival="10:21" departure="10:21">Bakka (Sund)</stop>
    <stop arrival="10:21" departure="10:21">Berge (Sund)</stop>
    <stop arrival="10:22" departure="10:22">Berge (Sund)</stop>
    <stop arrival="10:23" departure="10:23">Vorland Haugeheim</stop>
    <stop arrival="10:24" departure="10:24">Vorland</stop>
    <stop arrival="10:25" departure="10:25">Vorland nord</stop>
    <stop arrival="10:28" departure="10:28">Eidesund</stop>
    <stop arrival="10:30" departure="10:30">Eidesjøen</stop>
    <stop arrival="10:32" departure="10:32">Eidesjøen Tveitaneset</stop>
    <stop arrival="10:34" departure="10:34">Hammersland (Sund)</stop>
    <stop arrival="10:35" departure="10:35">Hammersland (Sund)</stop>
    <stop arrival="10:40" departure="10:40">Skogsskiftet term.</stop>
    <stop arrival="10:41" departure="10:41">Trengereid (Fjell)</stop>
    <stop arrival="10:41" departure="10:41">Trengereid Slettebakken (Fjell</stop>
    <stop arrival="10:43" departure="10:43">Dalseide (Fjell)</stop>
    <stop arrival="10:44" departure="10:44">Dala (Fjell)</stop>
    <stop arrival="10:44" departure="10:44">Dala (Fjell)</stop>
    <stop arrival="10:45" departure="10:45">Tellnes skule</stop>
    <stop arrival="10:45" departure="10:45">Tellnesskiftet</stop>
    <stop arrival="10:46" departure="10:46">Tellnes Bruabrekko</stop>
    <stop arrival="10:47" departure="10:47">Tellnesskogen</stop>
    <stop arrival="10:48" departure="10:48">Fjell søre Krossleite</stop>
    <stop arrival="10:48" departure="10:48">Fjell Krossleite</stop>
    <stop arrival="10:49" departure="10:49">Fjell Podlagrinda</stop>
    <stop arrival="10:49" departure="10:49">Fjell Søre</stop>
    <stop arrival="10:50" departure="10:50">Fjell Leite</stop>
    <stop arrival="10:50" departure="10:50">Fjell kyrkje</stop>
    <stop arrival="10:50" departure="10:50">Fjell</stop>
    <stop arrival="10:51" departure="10:51">Fjell Heljedalen</stop>
    <stop arrival="10:52" departure="10:52">Fjell Blommen</stop>
    <stop arrival="10:58" departure="10:58">Bildøy</stop>
    <stop arrival="11:00">Straume term.</stop>
  </route>
  <route no="452" destination="Tellnes skule" url="http://www.web2051.no/bin/tp/zuginfo.exe/on/902208/302840/225076/188198/1/" trafficDays="kjører Lø, ikke 1. Mai">
    <stop departure="10:45" routeNo="452">Kallestadvik snuplass (Fjell)</stop>
    <stop arrival="10:46" departure="10:46">Kallestadhøgda (Fjell)</stop>
    <stop arrival="10:47" departure="10:47">Kallestad (Fjell)</stop>
    <stop arrival="10:48" departure="10:48">Kallestad utmark (Fjell)</stop>
    <stop arrival="10:50" departure="10:50">Trengereid pollen (Fjell)</stop>
    <stop arrival="10:52" departure="10:52">Trengereid gard (Fjell)</stop>
    <stop arrival="10:54" departure="10:54">Trengereid (Fjell)</stop>
    <stop arrival="10:55" departure="10:55">Skogsskiftet term.</stop>
    <stop arrival="10:56" departure="10:56">Trengereid (Fjell)</stop>
    <stop arrival="10:56" departure="10:56">Trengereid Slettebakken (Fjell</stop>
    <stop arrival="10:58" departure="10:58">Dalseide (Fjell)</stop>
    <stop arrival="10:59" departure="10:59">Dala (Fjell)</stop>
    <stop arrival="10:59" departure="10:59">Dala (Fjell)</stop>
    <stop arrival="11:00" departure="11:00">Tellnes skule</stop>
    <stop arrival="11:01" departure="11:01">Tellnes Garhaugen</stop>
    <stop arrival="11:01" departure="11:01">Tellnes Skjepet</stop>
    <stop arrival="11:02" departure="11:02">Tellnes</stop>
    <stop arrival="11:02" departure="11:02">Tellnes kai</stop>
    <stop arrival="11:04" departure="11:04">Haganes Grimstamyr</stop>
    <stop arrival="11:05" departure="11:05">Haganes v/Telletre</stop>
    <stop arrival="11:05" departure="11:05">Haganes snuplass</stop>
    <stop arrival="11:06" departure="11:06">Haganes v/Telletre</stop>
    <stop arrival="11:07" departure="11:07">Haganes Grimstamyr</stop>
    <stop arrival="11:08" departure="11:08">Tellnes kai</stop>
    <stop arrival="11:11" departure="11:11">Tellnes</stop>
    <stop arrival="11:13" departure="11:13">Tellnes Skjepet</stop>
    <stop arrival="11:13" departure="11:13">Tellnes Garhaugen</stop>
    <stop arrival="11:14" departure="11:14">Tellnesskiftet</stop>
    <stop arrival="11:15">Tellnes skule</stop>
  </route>
</routes>
