<?xml version="1.0" encoding="UTF-8"?>
<routes>
  <route no="21" destination="Åsane terminal" url="http://www.web2051.no/bin/tp/zuginfo.exe/on/436584/149469/973042/340993/1/" trafficDays="kjører Sø, også 1., 13., 17., 24. Mai">
    <stop departure="9:20" routeNo="21">Søråshøgda snuplass</stop>
    <stop arrival="9:21" departure="9:21">Søråsgrenda</stop>
    <stop arrival="9:23" departure="9:23">Nordåsgrenda</stop>
    <stop arrival="9:24" departure="9:24">Nordåstræet</stop>
    <stop arrival="9:25" departure="9:25">Nordås</stop>
    <stop arrival="9:27" departure="9:27">Nordåstræet</stop>
    <stop arrival="9:28" departure="9:28">Nordåsgrenda</stop>
    <stop arrival="9:28" departure="9:28">Kilden senter</stop>
    <stop arrival="9:29" departure="9:29">Søråsveien</stop>
    <stop arrival="9:30" departure="9:30">Skjold skole</stop>
    <stop arrival="9:32" departure="9:32">Mårdalen</stop>
    <stop arrival="9:33" departure="9:33">Nesttunbrekka</stop>
    <stop arrival="9:33" departure="9:33">Skjoldskiftet</stop>
    <stop arrival="9:34" departure="9:34">Nesttun</stop>
    <stop arrival="9:35" departure="9:35">Nesttun terminal</stop>
    <stop arrival="9:36" departure="9:36">Hopsbro</stop>
    <stop arrival="9:37" departure="9:37">Tveiteråsskiftet</stop>
    <stop arrival="9:38" departure="9:38">Paradis</stop>
    <stop arrival="9:40" departure="9:40">Nydalen</stop>
    <stop arrival="9:41" departure="9:41">Fantoft</stop>
    <stop arrival="9:42" departure="9:42">Storetveit</stop>
    <stop arrival="9:42" departure="9:42">Elvebakken</stop>
    <stop arrival="9:43" departure="9:43">Minde</stop>
    <stop arrival="9:46" departure="9:46">Mindemyren</stop>
    <stop arrival="9:47" departure="9:47">Postterminalen</stop>
    <stop arrival="9:47" departure="9:47">Kanalveien v/LBK</stop>
    <stop arrival="9:49" departure="9:49">Danmarksplass v/Forum kino</stop>
    <stop arrival="9:53" departure="9:53">Bergen Busstasjon</stop>
    <stop arrival="9:56" departure="9:56">Christies gate (Festplassen)</stop>
    <stop arrival="9:59" departure="9:59">Torget v/DnB</stop>
    <stop arrival="10:00" departure="10:00">Bryggen</stop>
    <stop arrival="10:00" departure="10:00">Slottsgaten</stop>
    <stop arrival="10:01" departure="10:01">Bontelabo</stop>
    <stop arrival="10:02" departure="10:02">Skutevikstorget</stop>
    <stop arrival="10:02" departure="10:02">Sjøgaten</stop>
    <stop arrival="10:03" departure="10:03">Sandvikstorget</stop>
    <stop arrival="10:04" departure="10:04">Ludebryggen</stop>
    <stop arrival="10:04" departure="10:04">Munkebotten</stop>
    <stop arrival="10:06" departure="10:06">Nyhavnsvei (Gamle Bergen)</stop>
    <stop arrival="10:07" departure="10:07">Handelshøyskolen</stop>
    <stop arrival="10:08" departure="10:08">Solbakken</stop>
    <stop arrival="10:08" departure="10:08">Eikeviken</stop>
    <stop arrival="10:09" departure="10:09">Hellebakken</stop>
    <stop arrival="10:10" departure="10:10">Brunestykket</stop>
    <stop arrival="10:11" departure="10:11">Lønborg</stop>
    <stop arrival="10:11" departure="10:11">Nordre Lønborg</stop>
    <stop arrival="10:11" departure="10:11">Fagerbakken</stop>
    <stop arrival="10:12" departure="10:12">Eidsvågneset</stop>
    <stop arrival="10:12" departure="10:12">Trolldalen (Eidsvågneset)</stop>
    <stop arrival="10:12" departure="10:12">Trollbekken</stop>
    <stop arrival="10:13" departure="10:13">Tømmervågen</stop>
    <stop arrival="10:13" departure="10:13">Lillevågen</stop>
    <stop arrival="10:14" departure="10:14">Hagebyen (Eidsvåg)</stop>
    <stop arrival="10:14" departure="10:14">Fabrikkvegen</stop>
    <stop arrival="10:15" departure="10:15">Eidsvåg gamlevegen</stop>
    <stop arrival="10:16" departure="10:16">Selvikvegen</stop>
    <stop arrival="10:17" departure="10:17">Ervik nedre (Sellesvingen)</stop>
    <stop arrival="10:18" departure="10:18">Ervik øvre</stop>
    <stop arrival="10:18" departure="10:18">Åstveitvegen</stop>
    <stop arrival="10:20" departure="10:20">Griggastemma</stop>
    <stop arrival="10:20" departure="10:20">Tertneskrysset gamleveien</stop>
    <stop arrival="10:22" departure="10:22">Stamskaret</stop>
    <stop arrival="10:22" departure="10:22">Hesthaugen</stop>
    <stop arrival="10:23">Åsane terminal</stop>
  </route>
  <route no="21" destination="Søråshøgda snuplass" url="http://www.web2051.no/bin/tp/zuginfo.exe/on/661011/224279/686814/123070/1/" trafficDays="kjører Sø, også 1., 13., 17., 24. Mai">
    <stop departure="10:04" routeNo="21">Åsane terminal</stop>
    <stop arrival="10:05" departure="10:05">Hesthaugen</stop>
    <stop arrival="10:06" departure="10:06">Stamskaret</stop>
    <stop arrival="10:07" departure="10:07">Tertneskrysset gamleveien</stop>
    <stop arrival="10:08" departure="10:08">Griggastemma</stop>
    <stop arrival="10:08" departure="10:08">Åstveitvegen</stop>
    <stop arrival="10:09" departure="10:09">Ervik øvre</stop>
    <stop arrival="10:10" departure="10:10">Ervik nedre (Sellesvingen)</stop>
    <stop arrival="10:11" departure="10:11">Selvikvegen</stop>
    <stop arrival="10:12" departure="10:12">Eidsvåg gamlevegen</stop>
    <stop arrival="10:12" departure="10:12">Fabrikkvegen</stop>
    <stop arrival="10:15" departure="10:15">Hagebyen (Eidsvåg)</stop>
    <stop arrival="10:16" departure="10:16">Lillevågen</stop>
    <stop arrival="10:16" departure="10:16">Tømmervågen</stop>
    <stop arrival="10:17" departure="10:17">Trollbekken</stop>
    <stop arrival="10:17" departure="10:17">Trolldalen (Eidsvågneset)</stop>
    <stop arrival="10:18" departure="10:18">Fagerbakken</stop>
    <stop arrival="10:19" departure="10:19">Nordre Lønborg</stop>
    <stop arrival="10:20" departure="10:20">Lønborg</stop>
    <stop arrival="10:20" departure="10:20">Brunestykket</stop>
    <stop arrival="10:21" departure="10:21">Hellebakken</stop>
    <stop arrival="10:22" departure="10:22">Eikeviken</stop>
    <stop arrival="10:23" departure="10:23">Solbakken</stop>
    <stop arrival="10:24" departure="10:24">Handelshøyskolen</stop>
    <stop arrival="10:25" departure="10:25">Nyhavnsvei (Gamle Bergen)</stop>
    <stop arrival="10:27" departure="10:27">Munkebotten</stop>
    <stop arrival="10:27" departure="10:27">Ludebryggen</stop>
    <stop arrival="10:30" departure="10:30">Sandvikstorget</stop>
    <stop arrival="10:31" departure="10:31">Skutevikstorget</stop>
    <stop arrival="10:32" departure="10:32">Bontelabo</stop>
    <stop arrival="10:33" departure="10:33">Slottsgaten</stop>
    <stop arrival="10:34" departure="10:34">Bryggen</stop>
    <stop arrival="10:35" departure="10:35">Olav Kyrres gate</stop>
    <stop arrival="10:40" departure="10:40">Bergen Busstasjon</stop>
    <stop arrival="10:45" departure="10:45">Danmarksplass</stop>
    <stop arrival="10:46" departure="10:46">Solheimsgaten</stop>
    <stop arrival="10:47" departure="10:47">Reperbanen</stop>
    <stop arrival="10:48" departure="10:48">Fjøsangerveien/ Minde Allè</stop>
    <stop arrival="10:51" departure="10:51">Minde</stop>
    <stop arrival="10:52" departure="10:52">Elvebakken</stop>
    <stop arrival="10:53" departure="10:53">Storetveit</stop>
    <stop arrival="10:53" departure="10:53">Fantoft</stop>
    <stop arrival="10:54" departure="10:54">Nydalen</stop>
    <stop arrival="10:55" departure="10:55">Paradis</stop>
    <stop arrival="10:56" departure="10:56">Tveiteråsskiftet</stop>
    <stop arrival="10:57" departure="10:57">Hopsbro</stop>
    <stop arrival="10:59" departure="10:59">Hopstangen</stop>
    <stop arrival="11:00" departure="11:00">Nesttun terminal</stop>
    <stop arrival="11:02" departure="11:02">Nesttun</stop>
    <stop arrival="11:05" departure="11:05">Skjoldskiftet</stop>
    <stop arrival="11:05" departure="11:05">Nesttunbrekka</stop>
    <stop arrival="11:06" departure="11:06">Mårdalen</stop>
    <stop arrival="11:06" departure="11:06">Skjoldhøgda</stop>
    <stop arrival="11:06" departure="11:06">Skjold skole</stop>
    <stop arrival="11:07" departure="11:07">Søråsveien</stop>
    <stop arrival="11:07" departure="11:07">Kilden senter</stop>
    <stop arrival="11:08" departure="11:08">Nordåsgrenda</stop>
    <stop arrival="11:09" departure="11:09">Nordåstræet</stop>
    <stop arrival="11:10" departure="11:10">Nordås</stop>
    <stop arrival="11:11" departure="11:11">Nordåstræet</stop>
    <stop arrival="11:12" departure="11:12">Nordåsgrenda</stop>
    <stop arrival="11:14" departure="11:14">Søråsgrenda</stop>
    <stop arrival="11:15">Søråshøgda snuplass</stop>
  </route>
  <route no="24" destination="Nesttun terminal" url="http://www.web2051.no/bin/tp/zuginfo.exe/on/324363/112329/952508/368133/1/" trafficDays="kjører Ma - Fr, ikke 13., 17., 24. Mai">
    <stop departure="10:01" routeNo="24">Åsane terminal</stop>
    <stop arrival="10:02" departure="10:02">Hesthaugen</stop>
    <stop arrival="10:03" departure="10:03">Stamskaret</stop>
    <stop arrival="10:04" departure="10:04">Tertneskrysset gamleveien</stop>
    <stop arrival="10:05" departure="10:05">Griggastemma</stop>
    <stop arrival="10:07" departure="10:07">Nedre Åstveit snuplass</stop>
    <stop arrival="10:09" departure="10:09">Åstveitvegen</stop>
    <stop arrival="10:10" departure="10:10">Ervik øvre</stop>
    <stop arrival="10:11" departure="10:11">Ervik nedre (Sellesvingen)</stop>
    <stop arrival="10:12" departure="10:12">Eidsvåg gamlevegen</stop>
    <stop arrival="10:12" departure="10:12">Fabrikkvegen</stop>
    <stop arrival="10:14" departure="10:14">Hagebyen (Eidsvåg)</stop>
    <stop arrival="10:15" departure="10:15">Lillevågen</stop>
    <stop arrival="10:16" departure="10:16">Tømmervågen</stop>
    <stop arrival="10:17" departure="10:17">Trollbekken</stop>
    <stop arrival="10:18" departure="10:18">Trolldalen (Eidsvågneset)</stop>
    <stop arrival="10:20" departure="10:20">Fagerbakken</stop>
    <stop arrival="10:22" departure="10:22">Nordre Lønborg</stop>
    <stop arrival="10:23" departure="10:23">Lønborg</stop>
    <stop arrival="10:23" departure="10:23">Brunestykket</stop>
    <stop arrival="10:24" departure="10:24">Hellebakken</stop>
    <stop arrival="10:25" departure="10:25">Eikeviken</stop>
    <stop arrival="10:26" departure="10:26">Solbakken</stop>
    <stop arrival="10:27" departure="10:27">Handelshøyskolen</stop>
    <stop arrival="10:28" departure="10:28">Nyhavnsvei (Gamle Bergen)</stop>
    <stop arrival="10:30" departure="10:30">Munkebotten</stop>
    <stop arrival="10:31" departure="10:31">Ludebryggen</stop>
    <stop arrival="10:34" departure="10:34">Sandvikstorget</stop>
    <stop arrival="10:36" departure="10:36">Skutevikstorget</stop>
    <stop arrival="10:37" departure="10:37">Bontelabo</stop>
    <stop arrival="10:38" departure="10:38">Slottsgaten</stop>
    <stop arrival="10:39" departure="10:39">Bryggen</stop>
    <stop arrival="10:40" departure="10:40">Olav Kyrres gate</stop>
    <stop arrival="10:45" departure="10:45">Bergen Busstasjon</stop>
    <stop arrival="10:49" departure="10:49">Danmarksplass</stop>
    <stop arrival="10:50" departure="10:50">Solheimsgaten</stop>
    <stop arrival="10:51" departure="10:51">Reperbanen</stop>
    <stop arrival="10:53" departure="10:53">Fjøsangerveien/ Minde Allè</stop>
    <stop arrival="10:57" departure="10:57">Minde</stop>
    <stop arrival="10:58" departure="10:58">Elvebakken</stop>
    <stop arrival="10:58" departure="10:58">Storetveit</stop>
    <stop arrival="10:58" departure="10:58">Fantoft</stop>
    <stop arrival="10:59" departure="10:59">Nydalen</stop>
    <stop arrival="11:00" departure="11:00">Paradis</stop>
    <stop arrival="11:01" departure="11:01">Tveiteråsskiftet</stop>
    <stop arrival="11:02" departure="11:02">Hopsbro</stop>
    <stop arrival="11:04" departure="11:04">Hopstangen</stop>
    <stop arrival="11:05">Nesttun terminal</stop>
  </route>
  <route no="24" destination="Åsane terminal" url="http://www.web2051.no/bin/tp/zuginfo.exe/on/913101/308536/356824/125955/1/" trafficDays="kjører Lø, ikke 1. Mai">
    <stop departure="9:45" routeNo="24">Nesttun terminal</stop>
    <stop arrival="9:46" departure="9:46">Hopsbro</stop>
    <stop arrival="9:47" departure="9:47">Tveiteråsskiftet</stop>
    <stop arrival="9:48" departure="9:48">Paradis</stop>
    <stop arrival="9:50" departure="9:50">Nydalen</stop>
    <stop arrival="9:51" departure="9:51">Fantoft</stop>
    <stop arrival="9:52" departure="9:52">Storetveit</stop>
    <stop arrival="9:52" departure="9:52">Elvebakken</stop>
    <stop arrival="9:53" departure="9:53">Minde</stop>
    <stop arrival="9:57" departure="9:57">Mindemyren</stop>
    <stop arrival="9:58" departure="9:58">Postterminalen</stop>
    <stop arrival="9:58" departure="9:58">Kanalveien v/LBK</stop>
    <stop arrival="10:00" departure="10:00">Danmarksplass v/Forum kino</stop>
    <stop arrival="10:04" departure="10:04">Bergen Busstasjon</stop>
    <stop arrival="10:07" departure="10:07">Christies gate (Festplassen)</stop>
    <stop arrival="10:10" departure="10:10">Torget v/DnB</stop>
    <stop arrival="10:11" departure="10:11">Bryggen</stop>
    <stop arrival="10:11" departure="10:11">Slottsgaten</stop>
    <stop arrival="10:12" departure="10:12">Bontelabo</stop>
    <stop arrival="10:13" departure="10:13">Skutevikstorget</stop>
    <stop arrival="10:13" departure="10:13">Sjøgaten</stop>
    <stop arrival="10:14" departure="10:14">Sandvikstorget</stop>
    <stop arrival="10:15" departure="10:15">Ludebryggen</stop>
    <stop arrival="10:15" departure="10:15">Munkebotten</stop>
    <stop arrival="10:17" departure="10:17">Nyhavnsvei (Gamle Bergen)</stop>
    <stop arrival="10:18" departure="10:18">Handelshøyskolen</stop>
    <stop arrival="10:19" departure="10:19">Solbakken</stop>
    <stop arrival="10:19" departure="10:19">Eikeviken</stop>
    <stop arrival="10:20" departure="10:20">Hellebakken</stop>
    <stop arrival="10:21" departure="10:21">Brunestykket</stop>
    <stop arrival="10:22" departure="10:22">Lønborg</stop>
    <stop arrival="10:22" departure="10:22">Nordre Lønborg</stop>
    <stop arrival="10:22" departure="10:22">Fagerbakken</stop>
    <stop arrival="10:23" departure="10:23">Eidsvågneset</stop>
    <stop arrival="10:23" departure="10:23">Trolldalen (Eidsvågneset)</stop>
    <stop arrival="10:23" departure="10:23">Trollbekken</stop>
    <stop arrival="10:24" departure="10:24">Tømmervågen</stop>
    <stop arrival="10:24" departure="10:24">Lillevågen</stop>
    <stop arrival="10:25" departure="10:25">Hagebyen (Eidsvåg)</stop>
    <stop arrival="10:25" departure="10:25">Fabrikkvegen</stop>
    <stop arrival="10:26" departure="10:26">Eidsvåg gamlevegen</stop>
    <stop arrival="10:27" departure="10:27">Selvikvegen</stop>
    <stop arrival="10:28" departure="10:28">Ervik nedre (Sellesvingen)</stop>
    <stop arrival="10:28" departure="10:28">Ervik øvre</stop>
    <stop arrival="10:29" departure="10:29">Åstveitvegen</stop>
    <stop arrival="10:30" departure="10:30">Griggastemma</stop>
    <stop arrival="10:31" departure="10:31">Tertneskrysset gamleveien</stop>
    <stop arrival="10:33" departure="10:33">Stamskaret</stop>
    <stop arrival="10:34" departure="10:34">Hesthaugen</stop>
    <stop arrival="10:35">Åsane terminal</stop>
  </route>
  <route no="24" destination="Åsane terminal" url="http://www.web2051.no/bin/tp/zuginfo.exe/on/489180/167267/386636/30261/1/" trafficDays="kjører Ma - Fr, ikke 13., 17., 24. Mai">
    <stop departure="9:45" routeNo="24">Nesttun terminal</stop>
    <stop arrival="9:47" departure="9:47">Hopsbro</stop>
    <stop arrival="9:49" departure="9:49">Tveiteråsskiftet</stop>
    <stop arrival="9:50" departure="9:50">Paradis</stop>
    <stop arrival="9:52" departure="9:52">Nydalen</stop>
    <stop arrival="9:54" departure="9:54">Fantoft</stop>
    <stop arrival="9:55" departure="9:55">Storetveit</stop>
    <stop arrival="9:55" departure="9:55">Elvebakken</stop>
    <stop arrival="9:56" departure="9:56">Minde</stop>
    <stop arrival="9:59" departure="9:59">Mindemyren</stop>
    <stop arrival="10:00" departure="10:00">Postterminalen</stop>
    <stop arrival="10:01" departure="10:01">Kanalveien v/LBK</stop>
    <stop arrival="10:03" departure="10:03">Danmarksplass v/Forum kino</stop>
    <stop arrival="10:08" departure="10:08">Bergen Busstasjon</stop>
    <stop arrival="10:10" departure="10:10">Christies gate (Festplassen)</stop>
    <stop arrival="10:13" departure="10:13">Torget v/DnB</stop>
    <stop arrival="10:14" departure="10:14">Bryggen</stop>
    <stop arrival="10:14" departure="10:14">Slottsgaten</stop>
    <stop arrival="10:15" departure="10:15">Bontelabo</stop>
    <stop arrival="10:16" departure="10:16">Skutevikstorget</stop>
    <stop arrival="10:16" departure="10:16">Sjøgaten</stop>
    <stop arrival="10:17" departure="10:17">Sandvikstorget</stop>
    <stop arrival="10:18" departure="10:18">Ludebryggen</stop>
    <stop arrival="10:18" departure="10:18">Munkebotten</stop>
    <stop arrival="10:20" departure="10:20">Nyhavnsvei (Gamle Bergen)</stop>
    <stop arrival="10:21" departure="10:21">Handelshøyskolen</stop>
    <stop arrival="10:22" departure="10:22">Solbakken</stop>
    <stop arrival="10:23" departure="10:23">Eikeviken</stop>
    <stop arrival="10:25" departure="10:25">Hellebakken</stop>
    <stop arrival="10:25" departure="10:25">Brunestykket</stop>
    <stop arrival="10:26" departure="10:26">Lønborg</stop>
    <stop arrival="10:27" departure="10:27">Nordre Lønborg</stop>
    <stop arrival="10:27" departure="10:27">Fagerbakken</stop>
    <stop arrival="10:28" departure="10:28">Eidsvågneset</stop>
    <stop arrival="10:28" departure="10:28">Trolldalen (Eidsvågneset)</stop>
    <stop arrival="10:29" departure="10:29">Trollbekken</stop>
    <stop arrival="10:29" departure="10:29">Tømmervågen</stop>
    <stop arrival="10:30" departure="10:30">Lillevågen</stop>
    <stop arrival="10:31" departure="10:31">Hagebyen (Eidsvåg)</stop>
    <stop arrival="10:32" departure="10:32">Fabrikkvegen</stop>
    <stop arrival="10:33" departure="10:33">Eidsvåg gamlevegen</stop>
    <stop arrival="10:34" departure="10:34">Selvikvegen</stop>
    <stop arrival="10:35" departure="10:35">Ervik nedre (Sellesvingen)</stop>
    <stop arrival="10:35" departure="10:35">Ervik øvre</stop>
    <stop arrival="10:36" departure="10:36">Åstveitvegen</stop>
    <stop arrival="10:37" departure="10:37">Griggastemma</stop>
    <stop arrival="10:38" departure="10:38">Tertneskrysset gamleveien</stop>
    <stop arrival="10:40" departure="10:40">Stamskaret</stop>
    <stop arrival="10:41" departure="10:41">Hesthaugen</stop>
    <stop arrival="10:42">Åsane terminal</stop>
  </route>
  <route no="24" destination="Nesttun terminal" url="http://www.web2051.no/bin/tp/zuginfo.exe/on/759375/257335/800516/147133/1/" trafficDays="kjører Ma - Fr, ikke 13., 17., 24. Mai">
    <stop departure="10:34" routeNo="24">Åsane terminal</stop>
    <stop arrival="10:35" departure="10:35">Hesthaugen</stop>
    <stop arrival="10:36" departure="10:36">Stamskaret</stop>
    <stop arrival="10:37" departure="10:37">Tertneskrysset gamleveien</stop>
    <stop arrival="10:38" departure="10:38">Griggastemma</stop>
    <stop arrival="10:38" departure="10:38">Åstveitvegen</stop>
    <stop arrival="10:39" departure="10:39">Ervik øvre</stop>
    <stop arrival="10:40" departure="10:40">Ervik nedre (Sellesvingen)</stop>
    <stop arrival="10:41" departure="10:41">Selvikvegen</stop>
    <stop arrival="10:42" departure="10:42">Eidsvåg gamlevegen</stop>
    <stop arrival="10:42" departure="10:42">Fabrikkvegen</stop>
    <stop arrival="10:44" departure="10:44">Hagebyen (Eidsvåg)</stop>
    <stop arrival="10:45" departure="10:45">Lillevågen</stop>
    <stop arrival="10:46" departure="10:46">Tømmervågen</stop>
    <stop arrival="10:47" departure="10:47">Trollbekken</stop>
    <stop arrival="10:48" departure="10:48">Trolldalen (Eidsvågneset)</stop>
    <stop arrival="10:50" departure="10:50">Fagerbakken</stop>
    <stop arrival="10:52" departure="10:52">Nordre Lønborg</stop>
    <stop arrival="10:53" departure="10:53">Lønborg</stop>
    <stop arrival="10:53" departure="10:53">Brunestykket</stop>
    <stop arrival="10:54" departure="10:54">Hellebakken</stop>
    <stop arrival="10:55" departure="10:55">Eikeviken</stop>
    <stop arrival="10:56" departure="10:56">Solbakken</stop>
    <stop arrival="10:57" departure="10:57">Handelshøyskolen</stop>
    <stop arrival="10:59" departure="10:59">Nyhavnsvei (Gamle Bergen)</stop>
    <stop arrival="11:01" departure="11:01">Munkebotten</stop>
    <stop arrival="11:02" departure="11:02">Ludebryggen</stop>
    <stop arrival="11:03" departure="11:03">Sandvikstorget</stop>
    <stop arrival="11:05" departure="11:05">Skutevikstorget</stop>
    <stop arrival="11:06" departure="11:06">Bontelabo</stop>
    <stop arrival="11:08" departure="11:08">Slottsgaten</stop>
    <stop arrival="11:09" departure="11:09">Bryggen</stop>
    <stop arrival="11:10" departure="11:10">Olav Kyrres gate</stop>
    <stop arrival="11:15" departure="11:15">Bergen Busstasjon</stop>
    <stop arrival="11:19" departure="11:19">Danmarksplass</stop>
    <stop arrival="11:20" departure="11:20">Solheimsgaten</stop>
    <stop arrival="11:21" departure="11:21">Reperbanen</stop>
    <stop arrival="11:23" departure="11:23">Fjøsangerveien/ Minde Allè</stop>
    <stop arrival="11:27" departure="11:27">Minde</stop>
    <stop arrival="11:28" departure="11:28">Elvebakken</stop>
    <stop arrival="11:28" departure="11:28">Storetveit</stop>
    <stop arrival="11:28" departure="11:28">Fantoft</stop>
    <stop arrival="11:29" departure="11:29">Nydalen</stop>
    <stop arrival="11:30" departure="11:30">Paradis</stop>
    <stop arrival="11:31" departure="11:31">Tveiteråsskiftet</stop>
    <stop arrival="11:32" departure="11:32">Hopsbro</stop>
    <stop arrival="11:34" departure="11:34">Hopstangen</stop>
    <stop arrival="11:35">Nesttun terminal</stop>
  </route>
  <route no="24" destination="Nesttun terminal" url="http://www.web2051.no/bin/tp/zuginfo.exe/on/234753/82422/700804/272151/1/" trafficDays="kjører Lø, ikke 1. Mai">
    <stop departure="10:34" routeNo="24">Åsane terminal</stop>
    <stop arrival="10:35" departure="10:35">Hesthaugen</stop>
    <stop arrival="10:36" departure="10:36">Stamskaret</stop>
    <stop arrival="10:37" departure="10:37">Tertneskrysset gamleveien</stop>
    <stop arrival="10:38" departure="10:38">Griggastemma</stop>
    <stop arrival="10:38" departure="10:38">Åstveitvegen</stop>
    <stop arrival="10:39" departure="10:39">Ervik øvre</stop>
    <stop arrival="10:40" departure="10:40">Ervik nedre (Sellesvingen)</stop>
    <stop arrival="10:41" departure="10:41">Selvikvegen</stop>
    <stop arrival="10:42" departure="10:42">Eidsvåg gamlevegen</stop>
    <stop arrival="10:43" departure="10:43">Fabrikkvegen</stop>
    <stop arrival="10:45" departure="10:45">Hagebyen (Eidsvåg)</stop>
    <stop arrival="10:47" departure="10:47">Lillevågen</stop>
    <stop arrival="10:48" departure="10:48">Tømmervågen</stop>
    <stop arrival="10:48" departure="10:48">Trollbekken</stop>
    <stop arrival="10:49" departure="10:49">Trolldalen (Eidsvågneset)</stop>
    <stop arrival="10:51" departure="10:51">Fagerbakken</stop>
    <stop arrival="10:52" departure="10:52">Nordre Lønborg</stop>
    <stop arrival="10:53" departure="10:53">Lønborg</stop>
    <stop arrival="10:53" departure="10:53">Brunestykket</stop>
    <stop arrival="10:54" departure="10:54">Hellebakken</stop>
    <stop arrival="10:55" departure="10:55">Eikeviken</stop>
    <stop arrival="10:56" departure="10:56">Solbakken</stop>
    <stop arrival="10:57" departure="10:57">Handelshøyskolen</stop>
    <stop arrival="10:59" departure="10:59">Nyhavnsvei (Gamle Bergen)</stop>
    <stop arrival="11:01" departure="11:01">Munkebotten</stop>
    <stop arrival="11:02" departure="11:02">Ludebryggen</stop>
    <stop arrival="11:03" departure="11:03">Sandvikstorget</stop>
    <stop arrival="11:05" departure="11:05">Skutevikstorget</stop>
    <stop arrival="11:06" departure="11:06">Bontelabo</stop>
    <stop arrival="11:08" departure="11:08">Slottsgaten</stop>
    <stop arrival="11:09" departure="11:09">Bryggen</stop>
    <stop arrival="11:10" departure="11:10">Olav Kyrres gate</stop>
    <stop arrival="11:15" departure="11:15">Bergen Busstasjon</stop>
    <stop arrival="11:19" departure="11:19">Danmarksplass</stop>
    <stop arrival="11:20" departure="11:20">Solheimsgaten</stop>
    <stop arrival="11:21" departure="11:21">Reperbanen</stop>
    <stop arrival="11:23" departure="11:23">Fjøsangerveien/ Minde Allè</stop>
    <stop arrival="11:26" departure="11:26">Minde</stop>
    <stop arrival="11:27" departure="11:27">Elvebakken</stop>
    <stop arrival="11:28" departure="11:28">Storetveit</stop>
    <stop arrival="11:28" departure="11:28">Fantoft</stop>
    <stop arrival="11:29" departure="11:29">Nydalen</stop>
    <stop arrival="11:30" departure="11:30">Paradis</stop>
    <stop arrival="11:31" departure="11:31">Tveiteråsskiftet</stop>
    <stop arrival="11:32" departure="11:32">Hopsbro</stop>
    <stop arrival="11:34" departure="11:34">Hopstangen</stop>
    <stop arrival="11:35">Nesttun terminal</stop>
  </route>
  <route no="21" destination="Søråshøgda snuplass" url="http://www.web2051.no/bin/tp/zuginfo.exe/on/808818/273550/273600/132806/1/" trafficDays="kjører Sø, også 1., 13., 17., 24. Mai">
    <stop departure="10:44" routeNo="21">Åsane terminal</stop>
    <stop arrival="10:45" departure="10:45">Hesthaugen</stop>
    <stop arrival="10:46" departure="10:46">Stamskaret</stop>
    <stop arrival="10:47" departure="10:47">Tertneskrysset gamleveien</stop>
    <stop arrival="10:48" departure="10:48">Griggastemma</stop>
    <stop arrival="10:48" departure="10:48">Åstveitvegen</stop>
    <stop arrival="10:49" departure="10:49">Ervik øvre</stop>
    <stop arrival="10:50" departure="10:50">Ervik nedre (Sellesvingen)</stop>
    <stop arrival="10:51" departure="10:51">Selvikvegen</stop>
    <stop arrival="10:52" departure="10:52">Eidsvåg gamlevegen</stop>
    <stop arrival="10:53" departure="10:53">Fabrikkvegen</stop>
    <stop arrival="10:55" departure="10:55">Hagebyen (Eidsvåg)</stop>
    <stop arrival="10:57" departure="10:57">Lillevågen</stop>
    <stop arrival="10:58" departure="10:58">Tømmervågen</stop>
    <stop arrival="10:58" departure="10:58">Trollbekken</stop>
    <stop arrival="10:59" departure="10:59">Trolldalen (Eidsvågneset)</stop>
    <stop arrival="11:01" departure="11:01">Fagerbakken</stop>
    <stop arrival="11:02" departure="11:02">Nordre Lønborg</stop>
    <stop arrival="11:03" departure="11:03">Lønborg</stop>
    <stop arrival="11:03" departure="11:03">Brunestykket</stop>
    <stop arrival="11:04" departure="11:04">Hellebakken</stop>
    <stop arrival="11:05" departure="11:05">Eikeviken</stop>
    <stop arrival="11:06" departure="11:06">Solbakken</stop>
    <stop arrival="11:07" departure="11:07">Handelshøyskolen</stop>
    <stop arrival="11:08" departure="11:08">Nyhavnsvei (Gamle Bergen)</stop>
    <stop arrival="11:10" departure="11:10">Munkebotten</stop>
    <stop arrival="11:11" departure="11:11">Ludebryggen</stop>
    <stop arrival="11:14" departure="11:14">Sandvikstorget</stop>
    <stop arrival="11:16" departure="11:16">Skutevikstorget</stop>
    <stop arrival="11:17" departure="11:17">Bontelabo</stop>
    <stop arrival="11:18" departure="11:18">Slottsgaten</stop>
    <stop arrival="11:19" departure="11:19">Bryggen</stop>
    <stop arrival="11:20" departure="11:20">Olav Kyrres gate</stop>
    <stop arrival="11:25" departure="11:25">Bergen Busstasjon</stop>
    <stop arrival="11:30" departure="11:30">Danmarksplass</stop>
    <stop arrival="11:31" departure="11:31">Solheimsgaten</stop>
    <stop arrival="11:32" departure="11:32">Reperbanen</stop>
    <stop arrival="11:33" departure="11:33">Fjøsangerveien/ Minde Allè</stop>
    <stop arrival="11:36" departure="11:36">Minde</stop>
    <stop arrival="11:37" departure="11:37">Elvebakken</stop>
    <stop arrival="11:38" departure="11:38">Storetveit</stop>
    <stop arrival="11:38" departure="11:38">Fantoft</stop>
    <stop arrival="11:39" departure="11:39">Nydalen</stop>
    <stop arrival="11:40" departure="11:40">Paradis</stop>
    <stop arrival="11:41" departure="11:41">Tveiteråsskiftet</stop>
    <stop arrival="11:42" departure="11:42">Hopsbro</stop>
    <stop arrival="11:44" departure="11:44">Hopstangen</stop>
    <stop arrival="11:45" departure="11:45">Nesttun terminal</stop>
    <stop arrival="11:47" departure="11:47">Nesttun</stop>
    <stop arrival="11:50" departure="11:50">Skjoldskiftet</stop>
    <stop arrival="11:50" departure="11:50">Nesttunbrekka</stop>
    <stop arrival="11:51" departure="11:51">Mårdalen</stop>
    <stop arrival="11:51" departure="11:51">Skjoldhøgda</stop>
    <stop arrival="11:51" departure="11:51">Skjold skole</stop>
    <stop arrival="11:52" departure="11:52">Søråsveien</stop>
    <stop arrival="11:52" departure="11:52">Kilden senter</stop>
    <stop arrival="11:53" departure="11:53">Nordåsgrenda</stop>
    <stop arrival="11:54" departure="11:54">Nordåstræet</stop>
    <stop arrival="11:55" departure="11:55">Nordås</stop>
    <stop arrival="11:56" departure="11:56">Nordåstræet</stop>
    <stop arrival="11:57" departure="11:57">Nordåsgrenda</stop>
    <stop arrival="11:59" departure="11:59">Søråsgrenda</stop>
    <stop arrival="12:00">Søråshøgda snuplass</stop>
  </route>
  <route no="24" destination="Åsane terminal" url="http://www.web2051.no/bin/tp/zuginfo.exe/on/501612/171413/475826/70709/1/" trafficDays="kjører Ma - Fr, ikke 13., 17., 24. Mai">
    <stop departure="10:15" routeNo="24">Nesttun terminal</stop>
    <stop arrival="10:17" departure="10:17">Hopsbro</stop>
    <stop arrival="10:19" departure="10:19">Tveiteråsskiftet</stop>
    <stop arrival="10:20" departure="10:20">Paradis</stop>
    <stop arrival="10:22" departure="10:22">Nydalen</stop>
    <stop arrival="10:24" departure="10:24">Fantoft</stop>
    <stop arrival="10:25" departure="10:25">Storetveit</stop>
    <stop arrival="10:25" departure="10:25">Elvebakken</stop>
    <stop arrival="10:26" departure="10:26">Minde</stop>
    <stop arrival="10:29" departure="10:29">Mindemyren</stop>
    <stop arrival="10:30" departure="10:30">Postterminalen</stop>
    <stop arrival="10:31" departure="10:31">Kanalveien v/LBK</stop>
    <stop arrival="10:33" departure="10:33">Danmarksplass v/Forum kino</stop>
    <stop arrival="10:38" departure="10:38">Bergen Busstasjon</stop>
    <stop arrival="10:40" departure="10:40">Christies gate (Festplassen)</stop>
    <stop arrival="10:43" departure="10:43">Torget v/DnB</stop>
    <stop arrival="10:44" departure="10:44">Bryggen</stop>
    <stop arrival="10:44" departure="10:44">Slottsgaten</stop>
    <stop arrival="10:45" departure="10:45">Bontelabo</stop>
    <stop arrival="10:46" departure="10:46">Skutevikstorget</stop>
    <stop arrival="10:46" departure="10:46">Sjøgaten</stop>
    <stop arrival="10:47" departure="10:47">Sandvikstorget</stop>
    <stop arrival="10:48" departure="10:48">Ludebryggen</stop>
    <stop arrival="10:48" departure="10:48">Munkebotten</stop>
    <stop arrival="10:50" departure="10:50">Nyhavnsvei (Gamle Bergen)</stop>
    <stop arrival="10:51" departure="10:51">Handelshøyskolen</stop>
    <stop arrival="10:52" departure="10:52">Solbakken</stop>
    <stop arrival="10:53" departure="10:53">Eikeviken</stop>
    <stop arrival="10:55" departure="10:55">Hellebakken</stop>
    <stop arrival="10:55" departure="10:55">Brunestykket</stop>
    <stop arrival="10:56" departure="10:56">Lønborg</stop>
    <stop arrival="10:57" departure="10:57">Nordre Lønborg</stop>
    <stop arrival="10:57" departure="10:57">Fagerbakken</stop>
    <stop arrival="10:58" departure="10:58">Eidsvågneset</stop>
    <stop arrival="10:58" departure="10:58">Trolldalen (Eidsvågneset)</stop>
    <stop arrival="10:59" departure="10:59">Trollbekken</stop>
    <stop arrival="10:59" departure="10:59">Tømmervågen</stop>
    <stop arrival="11:00" departure="11:00">Lillevågen</stop>
    <stop arrival="11:01" departure="11:01">Hagebyen (Eidsvåg)</stop>
    <stop arrival="11:03" departure="11:03">Fabrikkvegen</stop>
    <stop arrival="11:04" departure="11:04">Eidsvåg gamlevegen</stop>
    <stop arrival="11:05" departure="11:05">Selvikvegen</stop>
    <stop arrival="11:06" departure="11:06">Ervik nedre (Sellesvingen)</stop>
    <stop arrival="11:06" departure="11:06">Ervik øvre</stop>
    <stop arrival="11:07" departure="11:07">Åstveitvegen</stop>
    <stop arrival="11:08" departure="11:08">Griggastemma</stop>
    <stop arrival="11:09" departure="11:09">Tertneskrysset gamleveien</stop>
    <stop arrival="11:11" departure="11:11">Stamskaret</stop>
    <stop arrival="11:12" departure="11:12">Hesthaugen</stop>
    <stop arrival="11:13">Åsane terminal</stop>
  </route>
</routes>
