<?xml version="1.0" encoding="UTF-8"?>
<routes>
  <route no="370" destination="Valestrand" url="http://www.web2051.no/bin/tp/zuginfo.exe/on/146607/49766/456952/179607/1/" trafficDays="kjører Lø, ikke 1. Mai">
    <stop departure="10:05" routeNo="370">Raknes sør</stop>
    <stop arrival="10:06" departure="10:06">Raknes</stop>
    <stop arrival="10:06" departure="10:06">Raknes v fabrikken</stop>
    <stop arrival="10:08" departure="10:08">Raknes nord</stop>
    <stop arrival="10:09" departure="10:09">Hjelvik</stop>
    <stop arrival="10:09" departure="10:09">Hjelvik</stop>
    <stop arrival="10:10" departure="10:10">Hjelvikvåg</stop>
    <stop arrival="10:10" departure="10:10">Hjelvik</stop>
    <stop arrival="10:11" departure="10:11">Hjelvik</stop>
    <stop arrival="10:11" departure="10:11">Hjelvik</stop>
    <stop arrival="10:12" departure="10:12">Birkeland (Osterøy)</stop>
    <stop arrival="10:12" departure="10:12">Birkeland (Osterøy)</stop>
    <stop arrival="10:13" departure="10:13">Tepstad</stop>
    <stop arrival="10:13" departure="10:13">Tepstad</stop>
    <stop arrival="10:14" departure="10:14">Mjeldstad Nedre</stop>
    <stop arrival="10:15" departure="10:15">Mjeldstad Mitre</stop>
    <stop arrival="10:15" departure="10:15">Mjeldstad Øvre</stop>
    <stop arrival="10:16" departure="10:16">Måsevoll</stop>
    <stop arrival="10:17" departure="10:17">Horsås</stop>
    <stop arrival="10:18" departure="10:18">Tveitaskaret</stop>
    <stop arrival="10:19" departure="10:19">Tveiten (Osterøy)</stop>
    <stop arrival="10:20" departure="10:20">Bleikli</stop>
    <stop arrival="10:21" departure="10:21">Bleikli</stop>
    <stop arrival="10:22" departure="10:22">Hustrulid</stop>
    <stop arrival="10:23" departure="10:23">Hustrulid</stop>
    <stop arrival="10:24" departure="10:24">Sandal, Osterøy</stop>
    <stop arrival="10:25" departure="10:25">Hamre (Osterøy)</stop>
    <stop arrival="10:25" departure="10:25">Hamre (Osterøy)</stop>
    <stop arrival="10:25" departure="10:25">Hamre (Osterøy)</stop>
    <stop arrival="10:26" departure="10:26">Hamre kyrkje, Osterøy</stop>
    <stop arrival="10:26" departure="10:26">Hamre byggefelt (Osterøy)</stop>
    <stop arrival="10:27" departure="10:27">Hamre (Osterøy)</stop>
    <stop arrival="10:28" departure="10:28">Eikeland (Osterøy)</stop>
    <stop arrival="10:29" departure="10:29">Angelskår</stop>
    <stop arrival="10:29" departure="10:29">Angelskår</stop>
    <stop arrival="10:30" departure="10:30">Kvamme N, Osterøy</stop>
    <stop arrival="10:31" departure="10:31">Kvamme S, Osterøy</stop>
    <stop arrival="10:32" departure="10:32">Varmyra nord (Osterøy)</stop>
    <stop arrival="10:36" departure="10:36">Varmyra sør (Osterøy)</stop>
    <stop arrival="10:37" departure="10:37">Rundhovde</stop>
    <stop arrival="10:38" departure="10:38">Rundhovde</stop>
    <stop arrival="10:38" departure="10:38">Eidefeltet (Osterøy)</stop>
    <stop arrival="10:39" departure="10:39">Eidefeltet (Osterøy)</stop>
    <stop arrival="10:40">Valestrand</stop>
  </route>
  <route no="370" destination="Valestrand" url="http://www.web2051.no/bin/tp/zuginfo.exe/on/609429/204040/951822/272768/1/" trafficDays="kjører Lø, ikke 1. Mai">
    <stop departure="10:05" routeNo="370">Raknes sør</stop>
    <stop arrival="10:06" departure="10:06">Raknes</stop>
    <stop arrival="10:06" departure="10:06">Raknes v fabrikken</stop>
    <stop arrival="10:08" departure="10:08">Raknes nord</stop>
    <stop arrival="10:09" departure="10:09">Hjelvik</stop>
    <stop arrival="10:09" departure="10:09">Hjelvik</stop>
    <stop arrival="10:10" departure="10:10">Hjelvikvåg</stop>
    <stop arrival="10:10" departure="10:10">Hjelvik</stop>
    <stop arrival="10:11" departure="10:11">Hjelvik</stop>
    <stop arrival="10:11" departure="10:11">Hjelvik</stop>
    <stop arrival="10:12" departure="10:12">Birkeland (Osterøy)</stop>
    <stop arrival="10:12" departure="10:12">Birkeland (Osterøy)</stop>
    <stop arrival="10:13" departure="10:13">Tepstad</stop>
    <stop arrival="10:13" departure="10:13">Tepstad</stop>
    <stop arrival="10:14" departure="10:14">Mjeldstad Nedre</stop>
    <stop arrival="10:15" departure="10:15">Mjeldstad Mitre</stop>
    <stop arrival="10:15" departure="10:15">Mjeldstad Øvre</stop>
    <stop arrival="10:16" departure="10:16">Måsevoll</stop>
    <stop arrival="10:17" departure="10:17">Horsås</stop>
    <stop arrival="10:18" departure="10:18">Tveitaskaret</stop>
    <stop arrival="10:19" departure="10:19">Tveiten (Osterøy)</stop>
    <stop arrival="10:20" departure="10:20">Bleikli</stop>
    <stop arrival="10:21" departure="10:21">Bleikli</stop>
    <stop arrival="10:22" departure="10:22">Hustrulid</stop>
    <stop arrival="10:23" departure="10:23">Hustrulid</stop>
    <stop arrival="10:24" departure="10:24">Sandal, Osterøy</stop>
    <stop arrival="10:25" departure="10:25">Hamre (Osterøy)</stop>
    <stop arrival="10:25" departure="10:25">Hamre (Osterøy)</stop>
    <stop arrival="10:25" departure="10:25">Hamre (Osterøy)</stop>
    <stop arrival="10:26" departure="10:26">Hamre kyrkje, Osterøy</stop>
    <stop arrival="10:26" departure="10:26">Hamre byggefelt (Osterøy)</stop>
    <stop arrival="10:27" departure="10:27">Hamre (Osterøy)</stop>
    <stop arrival="10:28" departure="10:28">Eikeland (Osterøy)</stop>
    <stop arrival="10:29" departure="10:29">Angelskår</stop>
    <stop arrival="10:29" departure="10:29">Angelskår</stop>
    <stop arrival="10:30" departure="10:30">Kvamme N, Osterøy</stop>
    <stop arrival="10:31" departure="10:31">Kvamme S, Osterøy</stop>
    <stop arrival="10:32" departure="10:32">Varmyra nord (Osterøy)</stop>
    <stop arrival="10:36" departure="10:36">Varmyra sør (Osterøy)</stop>
    <stop arrival="10:37" departure="10:37">Rundhovde</stop>
    <stop arrival="10:38" departure="10:38">Rundhovde</stop>
    <stop arrival="10:38" departure="10:38">Eidefeltet (Osterøy)</stop>
    <stop arrival="10:39" departure="10:39">Eidefeltet (Osterøy)</stop>
    <stop arrival="10:40">Valestrand</stop>
  </route>
  <route no="370" destination="Valestrand" url="http://www.web2051.no/bin/tp/zuginfo.exe/on/321129/107926/304408/45162/1/" trafficDays="kjører Ma - Fr, ikke 13., 17., 24. Mai">
    <stop departure="10:30" routeNo="370">Raknes sør</stop>
    <stop arrival="10:31" departure="10:31">Raknes</stop>
    <stop arrival="10:31" departure="10:31">Raknes v fabrikken</stop>
    <stop arrival="10:33" departure="10:33">Raknes nord</stop>
    <stop arrival="10:34" departure="10:34">Hjelvik</stop>
    <stop arrival="10:34" departure="10:34">Hjelvik</stop>
    <stop arrival="10:35" departure="10:35">Hjelvikvåg</stop>
    <stop arrival="10:35" departure="10:35">Hjelvik</stop>
    <stop arrival="10:36" departure="10:36">Hjelvik</stop>
    <stop arrival="10:36" departure="10:36">Hjelvik</stop>
    <stop arrival="10:37" departure="10:37">Birkeland (Osterøy)</stop>
    <stop arrival="10:37" departure="10:37">Birkeland (Osterøy)</stop>
    <stop arrival="10:38" departure="10:38">Tepstad</stop>
    <stop arrival="10:38" departure="10:38">Tepstad</stop>
    <stop arrival="10:39" departure="10:39">Mjeldstad Nedre</stop>
    <stop arrival="10:40" departure="10:40">Mjeldstad Mitre</stop>
    <stop arrival="10:40" departure="10:40">Mjeldstad Øvre</stop>
    <stop arrival="10:41" departure="10:41">Måsevoll</stop>
    <stop arrival="10:42" departure="10:42">Horsås</stop>
    <stop arrival="10:43" departure="10:43">Tveitaskaret</stop>
    <stop arrival="10:44" departure="10:44">Tveiten (Osterøy)</stop>
    <stop arrival="10:45" departure="10:45">Bleikli</stop>
    <stop arrival="10:46" departure="10:46">Bleikli</stop>
    <stop arrival="10:47" departure="10:47">Hustrulid</stop>
    <stop arrival="10:48" departure="10:48">Hustrulid</stop>
    <stop arrival="10:49" departure="10:49">Sandal, Osterøy</stop>
    <stop arrival="10:50" departure="10:50">Hamre (Osterøy)</stop>
    <stop arrival="10:50" departure="10:50">Hamre (Osterøy)</stop>
    <stop arrival="10:50" departure="10:50">Hamre (Osterøy)</stop>
    <stop arrival="10:51" departure="10:51">Hamre kyrkje, Osterøy</stop>
    <stop arrival="10:51" departure="10:51">Hamre byggefelt (Osterøy)</stop>
    <stop arrival="10:52" departure="10:52">Hamre (Osterøy)</stop>
    <stop arrival="10:53" departure="10:53">Eikeland (Osterøy)</stop>
    <stop arrival="10:54" departure="10:54">Angelskår</stop>
    <stop arrival="10:54" departure="10:54">Angelskår</stop>
    <stop arrival="10:55" departure="10:55">Kvamme N, Osterøy</stop>
    <stop arrival="10:56" departure="10:56">Kvamme S, Osterøy</stop>
    <stop arrival="10:57" departure="10:57">Varmyra nord (Osterøy)</stop>
    <stop arrival="11:01" departure="11:01">Varmyra sør (Osterøy)</stop>
    <stop arrival="11:02" departure="11:02">Rundhovde</stop>
    <stop arrival="11:03" departure="11:03">Rundhovde</stop>
    <stop arrival="11:03" departure="11:03">Eidefeltet (Osterøy)</stop>
    <stop arrival="11:04" departure="11:04">Eidefeltet (Osterøy)</stop>
    <stop arrival="11:05">Valestrand</stop>
  </route>
  <route no="370" destination="Valestrand" url="http://www.web2051.no/bin/tp/zuginfo.exe/on/875451/292700/983522/199945/1/" trafficDays="kjører Ma - Fr, ikke 13., 17., 24. Mai">
    <stop departure="10:30" routeNo="370">Raknes sør</stop>
    <stop arrival="10:31" departure="10:31">Raknes</stop>
    <stop arrival="10:31" departure="10:31">Raknes v fabrikken</stop>
    <stop arrival="10:33" departure="10:33">Raknes nord</stop>
    <stop arrival="10:34" departure="10:34">Hjelvik</stop>
    <stop arrival="10:34" departure="10:34">Hjelvik</stop>
    <stop arrival="10:35" departure="10:35">Hjelvikvåg</stop>
    <stop arrival="10:35" departure="10:35">Hjelvik</stop>
    <stop arrival="10:36" departure="10:36">Hjelvik</stop>
    <stop arrival="10:36" departure="10:36">Hjelvik</stop>
    <stop arrival="10:37" departure="10:37">Birkeland (Osterøy)</stop>
    <stop arrival="10:37" departure="10:37">Birkeland (Osterøy)</stop>
    <stop arrival="10:38" departure="10:38">Tepstad</stop>
    <stop arrival="10:38" departure="10:38">Tepstad</stop>
    <stop arrival="10:39" departure="10:39">Mjeldstad Nedre</stop>
    <stop arrival="10:40" departure="10:40">Mjeldstad Mitre</stop>
    <stop arrival="10:40" departure="10:40">Mjeldstad Øvre</stop>
    <stop arrival="10:41" departure="10:41">Måsevoll</stop>
    <stop arrival="10:42" departure="10:42">Horsås</stop>
    <stop arrival="10:43" departure="10:43">Tveitaskaret</stop>
    <stop arrival="10:44" departure="10:44">Tveiten (Osterøy)</stop>
    <stop arrival="10:45" departure="10:45">Bleikli</stop>
    <stop arrival="10:46" departure="10:46">Bleikli</stop>
    <stop arrival="10:47" departure="10:47">Hustrulid</stop>
    <stop arrival="10:48" departure="10:48">Hustrulid</stop>
    <stop arrival="10:49" departure="10:49">Sandal, Osterøy</stop>
    <stop arrival="10:50" departure="10:50">Hamre (Osterøy)</stop>
    <stop arrival="10:50" departure="10:50">Hamre (Osterøy)</stop>
    <stop arrival="10:50" departure="10:50">Hamre (Osterøy)</stop>
    <stop arrival="10:51" departure="10:51">Hamre kyrkje, Osterøy</stop>
    <stop arrival="10:51" departure="10:51">Hamre byggefelt (Osterøy)</stop>
    <stop arrival="10:52" departure="10:52">Hamre (Osterøy)</stop>
    <stop arrival="10:53" departure="10:53">Eikeland (Osterøy)</stop>
    <stop arrival="10:54" departure="10:54">Angelskår</stop>
    <stop arrival="10:54" departure="10:54">Angelskår</stop>
    <stop arrival="10:55" departure="10:55">Kvamme N, Osterøy</stop>
    <stop arrival="10:56" departure="10:56">Kvamme S, Osterøy</stop>
    <stop arrival="10:57" departure="10:57">Varmyra nord (Osterøy)</stop>
    <stop arrival="11:01" departure="11:01">Varmyra sør (Osterøy)</stop>
    <stop arrival="11:02" departure="11:02">Rundhovde</stop>
    <stop arrival="11:03" departure="11:03">Rundhovde</stop>
    <stop arrival="11:03" departure="11:03">Eidefeltet (Osterøy)</stop>
    <stop arrival="11:04" departure="11:04">Eidefeltet (Osterøy)</stop>
    <stop arrival="11:05">Valestrand</stop>
  </route>
</routes>
