<?xml version="1.0" encoding="UTF-8"?>
<routes>
  <route no="466" destination="Ekeren snuplass" url="http://www.web2051.no/bin/tp/zuginfo.exe/on/99162/35392/275456/104674/1/" trafficDays="kjører Ma - Fr, ikke 13., 17., 24. Mai">
    <stop departure="10:45" routeNo="466">Ulveseth</stop>
    <stop arrival="10:45" departure="10:45">Ulveseth skule</stop>
    <stop arrival="10:46" departure="10:46">Ulveseth gard</stop>
    <stop arrival="10:47" departure="10:47">Ulveseth Tveita</stop>
    <stop arrival="10:48" departure="10:48">Ulveset Hovdane</stop>
    <stop arrival="10:48" departure="10:48">Nordvik kryss (Fjell)</stop>
    <stop arrival="10:49" departure="10:49">Nesse Gjerde (Fjell)</stop>
    <stop arrival="10:50" departure="10:50">Nesse gard (Fjell)</stop>
    <stop arrival="10:50" departure="10:50">Nesse (Fjell)</stop>
    <stop arrival="10:50" departure="10:50">Nesse snuplass (Fjell)</stop>
    <stop arrival="10:50" departure="10:50">Nesse (Fjell)</stop>
    <stop arrival="10:51" departure="10:51">Nesse gard (Fjell)</stop>
    <stop arrival="10:51" departure="10:51">Nesse Gjerde (Fjell)</stop>
    <stop arrival="10:52" departure="10:52">Nordvik gard (Fjell)</stop>
    <stop arrival="10:53" departure="10:53">Ekeren nord</stop>
    <stop arrival="10:54" departure="10:54">Ekeren sør</stop>
    <stop arrival="10:55">Ekeren snuplass</stop>
  </route>
</routes>
