<?xml version="1.0" encoding="UTF-8"?>
<routes>
  <route no="626" destination="Røttingen snuplass" url="http://www.web2051.no/bin/tp/zuginfo.exe/on/486252/167928/762210/219021/1/" trafficDays="kjører Lø, ikke 1. Mai">
    <stop departure="10:00" routeNo="626">Os - Osøyro</stop>
    <stop arrival="10:01" departure="10:01">Fjellheim</stop>
    <stop arrival="10:02" departure="10:02">Kuven</stop>
    <stop arrival="10:03" departure="10:03">Flåten (Os)</stop>
    <stop arrival="10:04" departure="10:04">Flåten Senter</stop>
    <stop arrival="10:05" departure="10:05">Tøsdalskiftet</stop>
    <stop arrival="10:08" departure="10:08">Os Vidaregåande skule</stop>
    <stop arrival="10:10" departure="10:10">Ulvensletta</stop>
    <stop arrival="10:11" departure="10:11">Vaksinen</stop>
    <stop arrival="10:11" departure="10:11">Ådnadalen</stop>
    <stop arrival="10:12" departure="10:12">Irgenskryss</stop>
    <stop arrival="10:13" departure="10:13">Nore Neset skule</stop>
    <stop arrival="10:14" departure="10:14">Skeie (Os)</stop>
    <stop arrival="10:15" departure="10:15">Grindevoll snuplass</stop>
    <stop arrival="10:16" departure="10:16">Ravneberghaugen</stop>
    <stop arrival="10:16" departure="10:16">Storum (Os)</stop>
    <stop arrival="10:17" departure="10:17">Storumhammeren</stop>
    <stop arrival="10:19" departure="10:19">Blindesund</stop>
    <stop arrival="10:19" departure="10:19">Lepsøy</stop>
    <stop arrival="10:21" departure="10:21">Lepsøy kai</stop>
    <stop arrival="10:22" departure="10:22">Sundøy</stop>
    <stop arrival="10:22" departure="10:22">Bruarøy</stop>
    <stop arrival="10:23" departure="10:23">Bruarøy Ungdomshuset</stop>
    <stop arrival="10:24" departure="10:24">Hauane (Røtinga)</stop>
    <stop arrival="10:25">Røttingen snuplass</stop>
  </route>
  <route no="567" destination="Eidsvik snuplass" url="http://www.web2051.no/bin/tp/zuginfo.exe/on/91134/35972/434774/187010/1/" trafficDays="kjører Lø, ikke 1. Mai">
    <stop departure="10:00" routeNo="567">Os - Osøyro</stop>
    <stop arrival="10:01" departure="10:01">Fjellheim</stop>
    <stop arrival="10:02" departure="10:02">Kuven</stop>
    <stop arrival="10:03" departure="10:03">Flåten (Os)</stop>
    <stop arrival="10:04" departure="10:04">Flåten Senter</stop>
    <stop arrival="10:05" departure="10:05">Tøsdalskiftet</stop>
    <stop arrival="10:06" departure="10:06">Ulvenskiftet</stop>
    <stop arrival="10:07" departure="10:07">Vaktdal</stop>
    <stop arrival="10:08" departure="10:08">Os Vidaregåande skule</stop>
    <stop arrival="10:11" departure="10:11">Ulven leir</stop>
    <stop arrival="10:13" departure="10:13">Åsen vegkryss (Os)</stop>
    <stop arrival="10:14" departure="10:14">Åsen (Os)</stop>
    <stop arrival="10:14" departure="10:14">Åsen (Os)</stop>
    <stop arrival="10:14" departure="10:14">Åsen (Os)</stop>
    <stop arrival="10:16" departure="10:16">Langedalen</stop>
    <stop arrival="10:17" departure="10:17">Lysekloster ruiner</stop>
    <stop arrival="10:17" departure="10:17">Lysekloster gård</stop>
    <stop arrival="10:18" departure="10:18">Smeabakken</stop>
    <stop arrival="10:19" departure="10:19">Buena</stop>
    <stop arrival="10:19" departure="10:19">Søvik (Os)</stop>
    <stop arrival="10:19" departure="10:19">Søvik (Os)</stop>
    <stop arrival="10:20" departure="10:20">Søvik (Os)</stop>
    <stop arrival="10:20" departure="10:20">Lysekloster skule</stop>
    <stop arrival="10:22" departure="10:22">Søvik Gamleskulen</stop>
    <stop arrival="10:23" departure="10:23">Salbuvik</stop>
    <stop arrival="10:25" departure="10:25">Bjoarvik</stop>
    <stop arrival="10:25" departure="10:25">Drangshaug</stop>
    <stop arrival="10:26" departure="10:26">Drange (Os)</stop>
    <stop arrival="10:27" departure="10:27">Drange handel</stop>
    <stop arrival="10:28" departure="10:28">Drangevågen</stop>
    <stop arrival="10:29" departure="10:29">Eidsvik</stop>
    <stop arrival="10:30">Eidsvik snuplass</stop>
  </route>
  <route no="626" destination="Os - Osøyro" url="http://www.web2051.no/bin/tp/zuginfo.exe/on/806049/274536/166058/185654/1/" trafficDays="kjører Ma - Fr, ikke 13., 17., 24. Mai">
    <stop departure="10:05" routeNo="626">Røttingen snuplass</stop>
    <stop arrival="10:06" departure="10:06">Hauane (Røtinga)</stop>
    <stop arrival="10:07" departure="10:07">Bruarøy Ungdomshuset</stop>
    <stop arrival="10:08" departure="10:08">Bruarøy</stop>
    <stop arrival="10:08" departure="10:08">Sundøy</stop>
    <stop arrival="10:10" departure="10:10">Lepsøy kai</stop>
    <stop arrival="10:11" departure="10:11">Lepsøy</stop>
    <stop arrival="10:12" departure="10:12">Blindesund</stop>
    <stop arrival="10:14" departure="10:14">Storumhammeren</stop>
    <stop arrival="10:14" departure="10:14">Storum (Os)</stop>
    <stop arrival="10:15" departure="10:15">Ravneberghaugen</stop>
    <stop arrival="10:15" departure="10:15">Grindevoll</stop>
    <stop arrival="10:15" departure="10:15">Grindevoll snuplass</stop>
    <stop arrival="10:16" departure="10:16">Skeie (Os)</stop>
    <stop arrival="10:16" departure="10:16">Nore Neset skule</stop>
    <stop arrival="10:17" departure="10:17">Irgenskryss</stop>
    <stop arrival="10:18" departure="10:18">Ådnadalen</stop>
    <stop arrival="10:19" departure="10:19">Vaksinen</stop>
    <stop arrival="10:20" departure="10:20">Ulvensletta</stop>
    <stop arrival="10:22" departure="10:22">Os Vidaregåande skule</stop>
    <stop arrival="10:24" departure="10:24">Kolskogen</stop>
    <stop arrival="10:25" departure="10:25">Tøsdalskiftet</stop>
    <stop arrival="10:26" departure="10:26">Flåten Senter</stop>
    <stop arrival="10:27" departure="10:27">Flåten (Os)</stop>
    <stop arrival="10:28" departure="10:28">Kuven</stop>
    <stop arrival="10:29" departure="10:29">Fjellheim</stop>
    <stop arrival="10:30">Os - Osøyro</stop>
  </route>
  <route no="613" destination="Sør Strøno snuplass" url="http://www.web2051.no/bin/tp/zuginfo.exe/on/749052/255366/273994/112687/1/" trafficDays="kjører Ma - Fr, ikke 13., 17., 24. Mai">
    <stop departure="10:20" routeNo="613">Os - Osøyro</stop>
    <stop arrival="10:21" departure="10:21">Fjellheim</stop>
    <stop arrival="10:22" departure="10:22">Kuven</stop>
    <stop arrival="10:23" departure="10:23">Flåten (Os)</stop>
    <stop arrival="10:24" departure="10:24">Flåten Senter</stop>
    <stop arrival="10:25" departure="10:25">Tøsdalskiftet</stop>
    <stop arrival="10:26" departure="10:26">Vaktdal</stop>
    <stop arrival="10:27" departure="10:27">Os Vidaregåande skule</stop>
    <stop arrival="10:28" departure="10:28">Ulvensletta</stop>
    <stop arrival="10:29" departure="10:29">Vaksinen</stop>
    <stop arrival="10:30" departure="10:30">Ådnadalen</stop>
    <stop arrival="10:31" departure="10:31">Irgenskryss</stop>
    <stop arrival="10:31" departure="10:31">Hagevik 1</stop>
    <stop arrival="10:32" departure="10:32">Hagevik 2</stop>
    <stop arrival="10:32" departure="10:32">Hagavik (Hovland - Os)</stop>
    <stop arrival="10:33" departure="10:33">Ytre Hovland</stop>
    <stop arrival="10:33" departure="10:33">Grøvle (Os)</stop>
    <stop arrival="10:33" departure="10:33">Askvik (Os)</stop>
    <stop arrival="10:34" departure="10:34">Askvikskogen</stop>
    <stop arrival="10:35" departure="10:35">Hildershavn</stop>
    <stop arrival="10:35" departure="10:35">Strøno vegkryss</stop>
    <stop arrival="10:36" departure="10:36">Stokkavik 1</stop>
    <stop arrival="10:36" departure="10:36">Nore Øyane skule</stop>
    <stop arrival="10:38" departure="10:38">Strøno 1</stop>
    <stop arrival="10:38" departure="10:38">Strøno 2</stop>
    <stop arrival="10:39" departure="10:39">Strøno Ungdomshuset</stop>
    <stop arrival="10:40" departure="10:40">Nord Strøno Snuplass</stop>
    <stop arrival="10:41" departure="10:41">Strøno Ungdomshuset</stop>
    <stop arrival="10:42" departure="10:42">Strøno 2</stop>
    <stop arrival="10:42" departure="10:42">Strøno 1</stop>
    <stop arrival="10:44" departure="10:44">Nore Øyane skule</stop>
    <stop arrival="10:44" departure="10:44">Stokkavik 1</stop>
    <stop arrival="10:48" departure="10:48">Sør Strøno 1</stop>
    <stop arrival="10:49" departure="10:49">Sør Strøno 2</stop>
    <stop arrival="10:50">Sør Strøno snuplass</stop>
  </route>
  <route no="626" destination="Os - Osøyro" url="http://www.web2051.no/bin/tp/zuginfo.exe/on/183693/67073/845696/361618/1/" trafficDays="kjører Lø, ikke 1. Mai">
    <stop departure="10:25" routeNo="626">Røttingen snuplass</stop>
    <stop arrival="10:26" departure="10:26">Hauane (Røtinga)</stop>
    <stop arrival="10:27" departure="10:27">Bruarøy Ungdomshuset</stop>
    <stop arrival="10:28" departure="10:28">Bruarøy</stop>
    <stop arrival="10:28" departure="10:28">Sundøy</stop>
    <stop arrival="10:30" departure="10:30">Lepsøy kai</stop>
    <stop arrival="10:31" departure="10:31">Lepsøy</stop>
    <stop arrival="10:32" departure="10:32">Blindesund</stop>
    <stop arrival="10:34" departure="10:34">Storumhammeren</stop>
    <stop arrival="10:34" departure="10:34">Storum (Os)</stop>
    <stop arrival="10:35" departure="10:35">Ravneberghaugen</stop>
    <stop arrival="10:35" departure="10:35">Grindevoll</stop>
    <stop arrival="10:35" departure="10:35">Grindevoll snuplass</stop>
    <stop arrival="10:36" departure="10:36">Skeie (Os)</stop>
    <stop arrival="10:37" departure="10:37">Nore Neset skule</stop>
    <stop arrival="10:38" departure="10:38">Irgenskryss</stop>
    <stop arrival="10:39" departure="10:39">Ådnadalen</stop>
    <stop arrival="10:39" departure="10:39">Vaksinen</stop>
    <stop arrival="10:40" departure="10:40">Ulvensletta</stop>
    <stop arrival="10:42" departure="10:42">Os Vidaregåande skule</stop>
    <stop arrival="10:44" departure="10:44">Kolskogen</stop>
    <stop arrival="10:45" departure="10:45">Tøsdalskiftet</stop>
    <stop arrival="10:46" departure="10:46">Flåten Senter</stop>
    <stop arrival="10:47" departure="10:47">Flåten (Os)</stop>
    <stop arrival="10:48" departure="10:48">Kuven</stop>
    <stop arrival="10:49" departure="10:49">Fjellheim</stop>
    <stop arrival="10:50">Os - Osøyro</stop>
  </route>
  <route no="567" destination="Eidsvik snuplass" url="http://www.web2051.no/bin/tp/zuginfo.exe/on/275988/97600/644278/230143/1/" trafficDays="kjører Ma - Fr, ikke 13., 17., 24. Mai">
    <stop departure="10:40" routeNo="567">Os - Osøyro</stop>
    <stop arrival="10:41" departure="10:41">Fjellheim</stop>
    <stop arrival="10:42" departure="10:42">Kuven</stop>
    <stop arrival="10:43" departure="10:43">Flåten (Os)</stop>
    <stop arrival="10:44" departure="10:44">Flåten Senter</stop>
    <stop arrival="10:45" departure="10:45">Tøsdalskiftet</stop>
    <stop arrival="10:46" departure="10:46">Ulvenskiftet</stop>
    <stop arrival="10:47" departure="10:47">Vaktdal</stop>
    <stop arrival="10:48" departure="10:48">Os Vidaregåande skule</stop>
    <stop arrival="10:51" departure="10:51">Ulven leir</stop>
    <stop arrival="10:53" departure="10:53">Åsen vegkryss (Os)</stop>
    <stop arrival="10:54" departure="10:54">Åsen (Os)</stop>
    <stop arrival="10:54" departure="10:54">Åsen (Os)</stop>
    <stop arrival="10:54" departure="10:54">Åsen (Os)</stop>
    <stop arrival="10:56" departure="10:56">Langedalen</stop>
    <stop arrival="10:57" departure="10:57">Lysekloster ruiner</stop>
    <stop arrival="10:57" departure="10:57">Lysekloster gård</stop>
    <stop arrival="10:58" departure="10:58">Smeabakken</stop>
    <stop arrival="10:59" departure="10:59">Buena</stop>
    <stop arrival="10:59" departure="10:59">Søvik (Os)</stop>
    <stop arrival="10:59" departure="10:59">Søvik (Os)</stop>
    <stop arrival="11:00" departure="11:00">Søvik (Os)</stop>
    <stop arrival="11:00" departure="11:00">Lysekloster skule</stop>
    <stop arrival="11:02" departure="11:02">Søvik Gamleskulen</stop>
    <stop arrival="11:03" departure="11:03">Salbuvik</stop>
    <stop arrival="11:05" departure="11:05">Bjoarvik</stop>
    <stop arrival="11:05" departure="11:05">Drangshaug</stop>
    <stop arrival="11:06" departure="11:06">Drange (Os)</stop>
    <stop arrival="11:07" departure="11:07">Drange handel</stop>
    <stop arrival="11:08" departure="11:08">Drangevågen</stop>
    <stop arrival="11:09" departure="11:09">Eidsvik</stop>
    <stop arrival="11:10">Eidsvik snuplass</stop>
  </route>
  <route no="612" destination="Os - Osøyro" url="http://www.web2051.no/bin/tp/zuginfo.exe/on/168888/61964/514696/201052/1/" trafficDays="kjører Ma - Fr, ikke 13., 17., 24. Mai">
    <stop departure="10:49" routeNo="612">Os - Osøyro</stop>
    <stop arrival="10:50" departure="10:50">Fjellheim</stop>
    <stop arrival="10:51" departure="10:51">Kuven</stop>
    <stop arrival="10:52" departure="10:52">Flåten (Os)</stop>
    <stop arrival="10:53" departure="10:53">Flåten Senter</stop>
    <stop arrival="10:54" departure="10:54">Tøsdalskiftet</stop>
    <stop arrival="10:56" departure="10:56">Os Vidaregåande skule</stop>
    <stop arrival="10:57" departure="10:57">Ulvensletta</stop>
    <stop arrival="10:58" departure="10:58">Vaksinen</stop>
    <stop arrival="10:59" departure="10:59">Ådnadalen</stop>
    <stop arrival="11:00" departure="11:00">Irgenskryss</stop>
    <stop arrival="11:00" departure="11:00">Hagevik 1</stop>
    <stop arrival="11:01" departure="11:01">Hagevik 2</stop>
    <stop arrival="11:01" departure="11:01">Hagavik (Hovland - Os)</stop>
    <stop arrival="11:01" departure="11:01">Hagavik (Hovland - Os)</stop>
    <stop arrival="11:02" departure="11:02">Hagevik 2</stop>
    <stop arrival="11:02" departure="11:02">Hagevik 1</stop>
    <stop arrival="11:03" departure="11:03">Irgenskryss</stop>
    <stop arrival="11:04" departure="11:04">Nore Neset skule</stop>
    <stop arrival="11:05" departure="11:05">Skeie (Os)</stop>
    <stop arrival="11:06" departure="11:06">Grindevoll snuplass</stop>
    <stop arrival="11:07" departure="11:07">Grindevoll</stop>
    <stop arrival="11:07" departure="11:07">Thuen</stop>
    <stop arrival="11:09" departure="11:09">Thuen Bedehuset</stop>
    <stop arrival="11:12" departure="11:12">Mobergslien</stop>
    <stop arrival="11:13" departure="11:13">Moberg</stop>
    <stop arrival="11:14" departure="11:14">Mobergsbakken</stop>
    <stop arrival="11:15" departure="11:15">Os kai</stop>
    <stop arrival="11:15">Os - Osøyro</stop>
  </route>
</routes>
