<?xml version="1.0" encoding="UTF-8"?>
<routes>
  <route no="392" destination="Lonevåg terminal" url="http://www.web2051.no/bin/tp/zuginfo.exe/on/479727/160929/622700/151441/1/" trafficDays="kjører Ma - Fr, ikke 13., 17., 24. Mai">
    <stop departure="9:48" routeNo="392">Arna terminal</stop>
    <stop arrival="9:49" departure="9:49">Arna E 16</stop>
    <stop arrival="9:53" departure="9:53">Takvam E16</stop>
    <stop arrival="9:54" departure="9:54">Herland Kvistibru</stop>
    <stop arrival="9:57" departure="9:57">Kvisti (Osterøy)</stop>
    <stop arrival="9:59" departure="9:59">Ambogen vkr</stop>
    <stop arrival="9:59" departure="9:59">Kolabakken</stop>
    <stop arrival="10:00" departure="10:00">Veset</stop>
    <stop arrival="10:01" departure="10:01">Veset</stop>
    <stop arrival="10:01" departure="10:01">Vinåsen</stop>
    <stop arrival="10:02" departure="10:02">Rødland</stop>
    <stop arrival="10:02" departure="10:02">Rolland vkr. (Osterøy)</stop>
    <stop arrival="10:04" departure="10:04">Orrheia, Osterøy</stop>
    <stop arrival="10:04" departure="10:04">Mæle</stop>
    <stop arrival="10:04" departure="10:04">Mæle</stop>
    <stop arrival="10:05" departure="10:05">Ranen (Osterøy)</stop>
    <stop arrival="10:06" departure="10:06">Korsåsen byggefelt (Osterøy)</stop>
    <stop arrival="10:07" departure="10:07">Litunsvingen</stop>
    <stop arrival="10:07" departure="10:07">Hartveit (Osterøy)</stop>
    <stop arrival="10:08" departure="10:08">Hartveit (Osterøy)</stop>
    <stop arrival="10:08" departure="10:08">Seljerinden</stop>
    <stop arrival="10:09" departure="10:09">Presttun</stop>
    <stop arrival="10:10" departure="10:10">Presttun</stop>
    <stop arrival="10:10" departure="10:10">Skistad, Osterøy</stop>
    <stop arrival="10:11" departure="10:11">Solberg (Osterøy)</stop>
    <stop arrival="10:11" departure="10:11">Solberg (Osterøy)</stop>
    <stop arrival="10:12" departure="10:12">Flatevad, Osterøy</stop>
    <stop arrival="10:13" departure="10:13">Flatevad N, Osterøy</stop>
    <stop arrival="10:13" departure="10:13">Nyleitet, Osterøy</stop>
    <stop arrival="10:14" departure="10:14">Hatland v ungdomsskulen</stop>
    <stop arrival="10:15" departure="10:15">Lonevåg v Rådhuset</stop>
    <stop arrival="10:16" departure="10:16">Lonevåg v Coop</stop>
    <stop arrival="10:17">Lonevåg terminal</stop>
  </route>
  <route no="390" destination="Lonevåg terminal" url="http://www.web2051.no/bin/tp/zuginfo.exe/on/323124/108688/938000/361292/1/" trafficDays="kjører Ma - Fr, ikke 13., 17., 24. Mai">
    <stop departure="10:18" routeNo="390">Arna terminal</stop>
    <stop arrival="10:19" departure="10:19">Bommane (Arna)</stop>
    <stop arrival="10:20" departure="10:20">Beyer (Arna)</stop>
    <stop arrival="10:21" departure="10:21">Seimsmark</stop>
    <stop arrival="10:22" departure="10:22">Garneshøgden</stop>
    <stop arrival="10:23" departure="10:23">Garnes- v Gymnaset</stop>
    <stop arrival="10:24" departure="10:24">Garnes vid.skule</stop>
    <stop arrival="10:25" departure="10:25">Garnesmarka vest</stop>
    <stop arrival="10:25" departure="10:25">Garnesmarka</stop>
    <stop arrival="10:26" departure="10:26">Garnesmarka øst</stop>
    <stop arrival="10:27" departure="10:27">Tunes</stop>
    <stop arrival="10:27" departure="10:27">Tunes skule</stop>
    <stop arrival="10:28" departure="10:28">Tunestveit</stop>
    <stop arrival="10:29" departure="10:29">Tunestveit</stop>
    <stop arrival="10:30" departure="10:30">Takvam rundkøyring</stop>
    <stop arrival="10:30" departure="10:30">Takvam E16</stop>
    <stop arrival="10:31" departure="10:31">Herland Kvistibru</stop>
    <stop arrival="10:33" departure="10:33">Kvisti (Osterøy)</stop>
    <stop arrival="10:34" departure="10:34">Vikne sør</stop>
    <stop arrival="10:35" departure="10:35">Vikne</stop>
    <stop arrival="10:36" departure="10:36">Vikne nord</stop>
    <stop arrival="10:37" departure="10:37">Leikneset</stop>
    <stop arrival="10:38" departure="10:38">Leikneset</stop>
    <stop arrival="10:39" departure="10:39">Leikneset</stop>
    <stop arrival="10:40" departure="10:40">Haus</stop>
    <stop arrival="10:40" departure="10:40">Åsheimveien</stop>
    <stop arrival="10:41" departure="10:41">Haus</stop>
    <stop arrival="10:43" departure="10:43">Mjeldalen v gml kommunehus</stop>
    <stop arrival="10:44" departure="10:44">Mjeldalen</stop>
    <stop arrival="10:44" departure="10:44">Mjeldalen v Ungdomsshus</stop>
    <stop arrival="10:45" departure="10:45">Mjeldalen Øvre</stop>
    <stop arrival="10:46" departure="10:46">Ambogen vkr</stop>
    <stop arrival="10:46" departure="10:46">Kolabakken</stop>
    <stop arrival="10:47" departure="10:47">Veset</stop>
    <stop arrival="10:48" departure="10:48">Veset</stop>
    <stop arrival="10:48" departure="10:48">Vinåsen</stop>
    <stop arrival="10:49" departure="10:49">Rødland</stop>
    <stop arrival="10:49" departure="10:49">Rolland (Osterøy)</stop>
    <stop arrival="10:51" departure="10:51">Hannisdal nyeveien</stop>
    <stop arrival="10:54" departure="10:54">Hauge (Osterøy)</stop>
    <stop arrival="10:54" departure="10:54">Hauge Industrier (Osterøy)</stop>
    <stop arrival="10:55" departure="10:55">Hauge (Osterøy)</stop>
    <stop arrival="10:56" departure="10:56">Hauge skule (Osterøy)</stop>
    <stop arrival="10:57" departure="10:57">Haugsviksvingen</stop>
    <stop arrival="10:58" departure="10:58">Øyjordsbru</stop>
    <stop arrival="11:01" departure="11:01">Revheim</stop>
    <stop arrival="11:02" departure="11:02">Revheim</stop>
    <stop arrival="11:04" departure="11:04">Lone Bru, Osterøy</stop>
    <stop arrival="11:04" departure="11:04">Lone, Osterøy</stop>
    <stop arrival="11:06" departure="11:06">Lone N , Osterøy</stop>
    <stop arrival="11:08" departure="11:08">Kårvik vkr. (Osterøy)</stop>
    <stop arrival="11:09">Lonevåg terminal</stop>
  </route>
  <route no="390" destination="Valestrand" url="http://www.web2051.no/bin/tp/zuginfo.exe/on/257646/86879/274982/51609/1/" trafficDays="kjører Lø, ikke 1. Mai">
    <stop departure="10:18" routeNo="390">Arna terminal</stop>
    <stop arrival="10:19" departure="10:19">Bommane (Arna)</stop>
    <stop arrival="10:20" departure="10:20">Beyer (Arna)</stop>
    <stop arrival="10:21" departure="10:21">Seimsmark</stop>
    <stop arrival="10:22" departure="10:22">Garneshøgden</stop>
    <stop arrival="10:23" departure="10:23">Garnes- v Gymnaset</stop>
    <stop arrival="10:24" departure="10:24">Garnes vid.skule</stop>
    <stop arrival="10:25" departure="10:25">Garnesmarka vest</stop>
    <stop arrival="10:25" departure="10:25">Garnesmarka</stop>
    <stop arrival="10:26" departure="10:26">Garnesmarka øst</stop>
    <stop arrival="10:27" departure="10:27">Tunes</stop>
    <stop arrival="10:27" departure="10:27">Tunes skule</stop>
    <stop arrival="10:28" departure="10:28">Tunestveit</stop>
    <stop arrival="10:29" departure="10:29">Tunestveit</stop>
    <stop arrival="10:30" departure="10:30">Takvam rundkøyring</stop>
    <stop arrival="10:30" departure="10:30">Takvam E16</stop>
    <stop arrival="10:31" departure="10:31">Herland Kvistibru</stop>
    <stop arrival="10:33" departure="10:33">Kvisti (Osterøy)</stop>
    <stop arrival="10:34" departure="10:34">Vikne sør</stop>
    <stop arrival="10:35" departure="10:35">Vikne</stop>
    <stop arrival="10:36" departure="10:36">Vikne nord</stop>
    <stop arrival="10:37" departure="10:37">Leikneset</stop>
    <stop arrival="10:38" departure="10:38">Leikneset</stop>
    <stop arrival="10:39" departure="10:39">Leikneset</stop>
    <stop arrival="10:40" departure="10:40">Haus</stop>
    <stop arrival="10:40" departure="10:40">Åsheimveien</stop>
    <stop arrival="10:41" departure="10:41">Haus</stop>
    <stop arrival="10:43" departure="10:43">Mjeldalen v gml kommunehus</stop>
    <stop arrival="10:44" departure="10:44">Mjeldalen</stop>
    <stop arrival="10:44" departure="10:44">Mjeldalen v Ungdomsshus</stop>
    <stop arrival="10:45" departure="10:45">Mjeldalen Øvre</stop>
    <stop arrival="10:46" departure="10:46">Ambogen vkr</stop>
    <stop arrival="10:46" departure="10:46">Kolabakken</stop>
    <stop arrival="10:47" departure="10:47">Veset</stop>
    <stop arrival="10:48" departure="10:48">Veset</stop>
    <stop arrival="10:48" departure="10:48">Vinåsen</stop>
    <stop arrival="10:49" departure="10:49">Rødland</stop>
    <stop arrival="10:49" departure="10:49">Rolland (Osterøy)</stop>
    <stop arrival="10:51" departure="10:51">Hannisdal nyeveien</stop>
    <stop arrival="10:54" departure="10:54">Hauge (Osterøy)</stop>
    <stop arrival="10:54" departure="10:54">Hauge Industrier (Osterøy)</stop>
    <stop arrival="10:55" departure="10:55">Halland S, Osterøy</stop>
    <stop arrival="10:55" departure="10:55">Halland, Osterøy</stop>
    <stop arrival="10:56" departure="10:56">Småland</stop>
    <stop arrival="10:56" departure="10:56">Loftås (Osterøy)</stop>
    <stop arrival="10:57" departure="10:57">Elvikneset</stop>
    <stop arrival="10:58" departure="10:58">Bullabrekka (Osterøy)</stop>
    <stop arrival="10:59" departure="10:59">Valestrand</stop>
    <stop arrival="10:59">Valestrand</stop>
  </route>
  <route no="392" destination="Lonevåg terminal" url="http://www.web2051.no/bin/tp/zuginfo.exe/on/248298/83795/334354/84411/1/" trafficDays="kjører Sø, også 1., 13., 17., 24. Mai">
    <stop departure="10:18" routeNo="392">Arna terminal</stop>
    <stop arrival="10:19" departure="10:19">Bommane (Arna)</stop>
    <stop arrival="10:20" departure="10:20">Beyer (Arna)</stop>
    <stop arrival="10:21" departure="10:21">Seimsmark</stop>
    <stop arrival="10:22" departure="10:22">Garneshøgden</stop>
    <stop arrival="10:23" departure="10:23">Garnes- v Gymnaset</stop>
    <stop arrival="10:24" departure="10:24">Garnes vid.skule</stop>
    <stop arrival="10:25" departure="10:25">Garnesmarka vest</stop>
    <stop arrival="10:25" departure="10:25">Garnesmarka</stop>
    <stop arrival="10:26" departure="10:26">Garnesmarka øst</stop>
    <stop arrival="10:27" departure="10:27">Tunes</stop>
    <stop arrival="10:27" departure="10:27">Tunes skule</stop>
    <stop arrival="10:28" departure="10:28">Tunestveit</stop>
    <stop arrival="10:29" departure="10:29">Tunestveit</stop>
    <stop arrival="10:30" departure="10:30">Takvam rundkøyring</stop>
    <stop arrival="10:30" departure="10:30">Takvam E16</stop>
    <stop arrival="10:31" departure="10:31">Herland Kvistibru</stop>
    <stop arrival="10:33" departure="10:33">Kvisti (Osterøy)</stop>
    <stop arrival="10:34" departure="10:34">Vikne sør</stop>
    <stop arrival="10:35" departure="10:35">Vikne</stop>
    <stop arrival="10:36" departure="10:36">Vikne nord</stop>
    <stop arrival="10:37" departure="10:37">Leikneset</stop>
    <stop arrival="10:38" departure="10:38">Leikneset</stop>
    <stop arrival="10:39" departure="10:39">Leikneset</stop>
    <stop arrival="10:40" departure="10:40">Haus</stop>
    <stop arrival="10:40" departure="10:40">Åsheimveien</stop>
    <stop arrival="10:41" departure="10:41">Haus</stop>
    <stop arrival="10:43" departure="10:43">Mjeldalen v gml kommunehus</stop>
    <stop arrival="10:44" departure="10:44">Mjeldalen</stop>
    <stop arrival="10:44" departure="10:44">Mjeldalen v Ungdomsshus</stop>
    <stop arrival="10:45" departure="10:45">Mjeldalen Øvre</stop>
    <stop arrival="10:46" departure="10:46">Ambogen vkr</stop>
    <stop arrival="10:46" departure="10:46">Kolabakken</stop>
    <stop arrival="10:47" departure="10:47">Veset</stop>
    <stop arrival="10:48" departure="10:48">Veset</stop>
    <stop arrival="10:48" departure="10:48">Vinåsen</stop>
    <stop arrival="10:49" departure="10:49">Rødland</stop>
    <stop arrival="10:49" departure="10:49">Rolland vkr. (Osterøy)</stop>
    <stop arrival="10:51" departure="10:51">Orrheia, Osterøy</stop>
    <stop arrival="10:51" departure="10:51">Mæle</stop>
    <stop arrival="10:51" departure="10:51">Mæle</stop>
    <stop arrival="10:52" departure="10:52">Ranen (Osterøy)</stop>
    <stop arrival="10:53" departure="10:53">Korsåsen byggefelt (Osterøy)</stop>
    <stop arrival="10:54" departure="10:54">Litunsvingen</stop>
    <stop arrival="10:54" departure="10:54">Hartveit (Osterøy)</stop>
    <stop arrival="10:55" departure="10:55">Hartveit (Osterøy)</stop>
    <stop arrival="10:55" departure="10:55">Seljerinden</stop>
    <stop arrival="10:56" departure="10:56">Presttun</stop>
    <stop arrival="10:57" departure="10:57">Presttun</stop>
    <stop arrival="10:57" departure="10:57">Skistad, Osterøy</stop>
    <stop arrival="10:58" departure="10:58">Solberg (Osterøy)</stop>
    <stop arrival="10:58" departure="10:58">Solberg (Osterøy)</stop>
    <stop arrival="10:59" departure="10:59">Flatevad, Osterøy</stop>
    <stop arrival="11:00" departure="11:00">Flatevad N, Osterøy</stop>
    <stop arrival="11:00" departure="11:00">Nyleitet, Osterøy</stop>
    <stop arrival="11:01" departure="11:01">Hatland v ungdomsskulen</stop>
    <stop arrival="11:02" departure="11:02">Lonevåg v Rådhuset</stop>
    <stop arrival="11:03" departure="11:03">Lonevåg v Coop</stop>
    <stop arrival="11:04">Lonevåg terminal</stop>
  </route>
  <route no="390" destination="Kvisti (Osterøy)" url="http://www.web2051.no/bin/tp/zuginfo.exe/on/811422/271476/234230/153359/1/" trafficDays="kjører Lø, ikke 1. Mai">
    <stop departure="10:40" routeNo="390">Valestrand</stop>
    <stop arrival="10:40" departure="10:40">Valestrand</stop>
    <stop arrival="10:41" departure="10:41">Bullabrekka (Osterøy)</stop>
    <stop arrival="10:42" departure="10:42">Elvikneset</stop>
    <stop arrival="10:42" departure="10:42">Loftås (Osterøy)</stop>
    <stop arrival="10:43" departure="10:43">Småland</stop>
    <stop arrival="10:43" departure="10:43">Halland, Osterøy</stop>
    <stop arrival="10:44" departure="10:44">Halland S, Osterøy</stop>
    <stop arrival="10:44" departure="10:44">Hauge Industrier (Osterøy)</stop>
    <stop arrival="10:44" departure="10:44">Hauge (Osterøy)</stop>
    <stop arrival="10:47" departure="10:47">Hannisdal nyeveien</stop>
    <stop arrival="10:49" departure="10:49">Rolland (Osterøy)</stop>
    <stop arrival="10:49" departure="10:49">Rødland</stop>
    <stop arrival="10:49" departure="10:49">Vinåsen</stop>
    <stop arrival="10:50" departure="10:50">Veset</stop>
    <stop arrival="10:50" departure="10:50">Veset</stop>
    <stop arrival="10:51" departure="10:51">Kolabakken</stop>
    <stop arrival="10:51" departure="10:51">Ambogen vkr</stop>
    <stop arrival="10:57">Kvisti (Osterøy)</stop>
  </route>
</routes>
