<?xml version="1.0" encoding="UTF-8"?>
<routes>
  <route no="457" destination="Straume term." url="http://www.web2051.no/bin/tp/zuginfo.exe/on/526299/177633/969216/309175/1/" trafficDays="kjører Lø, ikke 1. Mai">
    <stop departure="10:05" routeNo="457">Sælsvik snuplass Tofterøy</stop>
    <stop arrival="10:05" departure="10:05">Østre Sælsvik Tofterøy</stop>
    <stop arrival="10:06" departure="10:06">Sælsvik Tofterøy</stop>
    <stop arrival="10:06" departure="10:06">Vestre Sælsvik Tofterøy</stop>
    <stop arrival="10:06" departure="10:06">Sælsvik Tofterøy</stop>
    <stop arrival="10:07" departure="10:07">Vestre Sælsvik Tofterøy</stop>
    <stop arrival="10:07" departure="10:07">Tofterøy Hyttefelt</stop>
    <stop arrival="10:08" departure="10:08">Hummelsund Tofterøy</stop>
    <stop arrival="10:08" departure="10:08">Hummelsund Tofterøy</stop>
    <stop arrival="10:09" departure="10:09">Rotamyra Tofterøy</stop>
    <stop arrival="10:09" departure="10:09">Havtun Tofterøy</stop>
    <stop arrival="10:10" departure="10:10">Tyrnevik Tofterøy</stop>
    <stop arrival="10:10" departure="10:10">Midtgarden Tofterøy</stop>
    <stop arrival="10:10" departure="10:10">Tofterøy barneskule</stop>
    <stop arrival="10:11" departure="10:11">Bandelen Tofterøy</stop>
    <stop arrival="10:12" departure="10:12">Leirvågen Tofterøy</stop>
    <stop arrival="10:12" departure="10:12">Tofthammeren Tofterøy</stop>
    <stop arrival="10:13" departure="10:13">Toftaberget Tofterøy</stop>
    <stop arrival="10:13" departure="10:13">Døsjerholm kryss Tofterøy</stop>
    <stop arrival="10:14" departure="10:14">Hedlehaugen Tofterøy</stop>
    <stop arrival="10:15" departure="10:15">Hamre Bakkahagen (Sund)</stop>
    <stop arrival="10:15" departure="10:15">Hamre kryss (Sund)</stop>
    <stop arrival="10:16" departure="10:16">Hamre (Sund)</stop>
    <stop arrival="10:16" departure="10:16">Steinslandskitfet (Sund)</stop>
    <stop arrival="10:17" departure="10:17">Steinsland snuplass</stop>
    <stop arrival="10:18" departure="10:18">Steinslandskitfet (Sund)</stop>
    <stop arrival="10:20" departure="10:20">Hamre (Sund)</stop>
    <stop arrival="10:20" departure="10:20">Hamre kryss (Sund)</stop>
    <stop arrival="10:21" departure="10:21">Bakka (Sund)</stop>
    <stop arrival="10:21" departure="10:21">Berge (Sund)</stop>
    <stop arrival="10:22" departure="10:22">Berge (Sund)</stop>
    <stop arrival="10:23" departure="10:23">Vorland Haugeheim</stop>
    <stop arrival="10:24" departure="10:24">Vorland</stop>
    <stop arrival="10:25" departure="10:25">Vorland nord</stop>
    <stop arrival="10:28" departure="10:28">Eidesund</stop>
    <stop arrival="10:30" departure="10:30">Eidesjøen</stop>
    <stop arrival="10:32" departure="10:32">Eidesjøen Tveitaneset</stop>
    <stop arrival="10:34" departure="10:34">Hammersland (Sund)</stop>
    <stop arrival="10:35" departure="10:35">Hammersland (Sund)</stop>
    <stop arrival="10:40" departure="10:40">Skogsskiftet term.</stop>
    <stop arrival="10:41" departure="10:41">Trengereid (Fjell)</stop>
    <stop arrival="10:41" departure="10:41">Trengereid Slettebakken (Fjell</stop>
    <stop arrival="10:43" departure="10:43">Dalseide (Fjell)</stop>
    <stop arrival="10:44" departure="10:44">Dala (Fjell)</stop>
    <stop arrival="10:44" departure="10:44">Dala (Fjell)</stop>
    <stop arrival="10:45" departure="10:45">Tellnes skule</stop>
    <stop arrival="10:45" departure="10:45">Tellnesskiftet</stop>
    <stop arrival="10:46" departure="10:46">Tellnes Bruabrekko</stop>
    <stop arrival="10:47" departure="10:47">Tellnesskogen</stop>
    <stop arrival="10:48" departure="10:48">Fjell søre Krossleite</stop>
    <stop arrival="10:48" departure="10:48">Fjell Krossleite</stop>
    <stop arrival="10:49" departure="10:49">Fjell Podlagrinda</stop>
    <stop arrival="10:49" departure="10:49">Fjell Søre</stop>
    <stop arrival="10:50" departure="10:50">Fjell Leite</stop>
    <stop arrival="10:50" departure="10:50">Fjell kyrkje</stop>
    <stop arrival="10:50" departure="10:50">Fjell</stop>
    <stop arrival="10:51" departure="10:51">Fjell Heljedalen</stop>
    <stop arrival="10:52" departure="10:52">Fjell Blommen</stop>
    <stop arrival="10:58" departure="10:58">Bildøy</stop>
    <stop arrival="11:00">Straume term.</stop>
  </route>
  <route no="457" destination="Straume term." url="http://www.web2051.no/bin/tp/zuginfo.exe/on/698301/234967/958890/246678/1/" trafficDays="kjører Lø, ikke 1. Mai">
    <stop departure="10:05" routeNo="457">Sælsvik snuplass Tofterøy</stop>
    <stop arrival="10:05" departure="10:05">Østre Sælsvik Tofterøy</stop>
    <stop arrival="10:06" departure="10:06">Sælsvik Tofterøy</stop>
    <stop arrival="10:06" departure="10:06">Vestre Sælsvik Tofterøy</stop>
    <stop arrival="10:06" departure="10:06">Sælsvik Tofterøy</stop>
    <stop arrival="10:07" departure="10:07">Vestre Sælsvik Tofterøy</stop>
    <stop arrival="10:07" departure="10:07">Tofterøy Hyttefelt</stop>
    <stop arrival="10:08" departure="10:08">Hummelsund Tofterøy</stop>
    <stop arrival="10:08" departure="10:08">Hummelsund Tofterøy</stop>
    <stop arrival="10:09" departure="10:09">Rotamyra Tofterøy</stop>
    <stop arrival="10:09" departure="10:09">Havtun Tofterøy</stop>
    <stop arrival="10:10" departure="10:10">Tyrnevik Tofterøy</stop>
    <stop arrival="10:10" departure="10:10">Midtgarden Tofterøy</stop>
    <stop arrival="10:10" departure="10:10">Tofterøy barneskule</stop>
    <stop arrival="10:11" departure="10:11">Bandelen Tofterøy</stop>
    <stop arrival="10:12" departure="10:12">Leirvågen Tofterøy</stop>
    <stop arrival="10:12" departure="10:12">Tofthammeren Tofterøy</stop>
    <stop arrival="10:13" departure="10:13">Toftaberget Tofterøy</stop>
    <stop arrival="10:13" departure="10:13">Døsjerholm kryss Tofterøy</stop>
    <stop arrival="10:14" departure="10:14">Hedlehaugen Tofterøy</stop>
    <stop arrival="10:15" departure="10:15">Hamre Bakkahagen (Sund)</stop>
    <stop arrival="10:15" departure="10:15">Hamre kryss (Sund)</stop>
    <stop arrival="10:16" departure="10:16">Hamre (Sund)</stop>
    <stop arrival="10:16" departure="10:16">Steinslandskitfet (Sund)</stop>
    <stop arrival="10:17" departure="10:17">Steinsland snuplass</stop>
    <stop arrival="10:18" departure="10:18">Steinslandskitfet (Sund)</stop>
    <stop arrival="10:20" departure="10:20">Hamre (Sund)</stop>
    <stop arrival="10:20" departure="10:20">Hamre kryss (Sund)</stop>
    <stop arrival="10:21" departure="10:21">Bakka (Sund)</stop>
    <stop arrival="10:21" departure="10:21">Berge (Sund)</stop>
    <stop arrival="10:22" departure="10:22">Berge (Sund)</stop>
    <stop arrival="10:23" departure="10:23">Vorland Haugeheim</stop>
    <stop arrival="10:24" departure="10:24">Vorland</stop>
    <stop arrival="10:25" departure="10:25">Vorland nord</stop>
    <stop arrival="10:28" departure="10:28">Eidesund</stop>
    <stop arrival="10:30" departure="10:30">Eidesjøen</stop>
    <stop arrival="10:32" departure="10:32">Eidesjøen Tveitaneset</stop>
    <stop arrival="10:34" departure="10:34">Hammersland (Sund)</stop>
    <stop arrival="10:35" departure="10:35">Hammersland (Sund)</stop>
    <stop arrival="10:40" departure="10:40">Skogsskiftet term.</stop>
    <stop arrival="10:41" departure="10:41">Trengereid (Fjell)</stop>
    <stop arrival="10:41" departure="10:41">Trengereid Slettebakken (Fjell</stop>
    <stop arrival="10:43" departure="10:43">Dalseide (Fjell)</stop>
    <stop arrival="10:44" departure="10:44">Dala (Fjell)</stop>
    <stop arrival="10:44" departure="10:44">Dala (Fjell)</stop>
    <stop arrival="10:45" departure="10:45">Tellnes skule</stop>
    <stop arrival="10:45" departure="10:45">Tellnesskiftet</stop>
    <stop arrival="10:46" departure="10:46">Tellnes Bruabrekko</stop>
    <stop arrival="10:47" departure="10:47">Tellnesskogen</stop>
    <stop arrival="10:48" departure="10:48">Fjell søre Krossleite</stop>
    <stop arrival="10:48" departure="10:48">Fjell Krossleite</stop>
    <stop arrival="10:49" departure="10:49">Fjell Podlagrinda</stop>
    <stop arrival="10:49" departure="10:49">Fjell Søre</stop>
    <stop arrival="10:50" departure="10:50">Fjell Leite</stop>
    <stop arrival="10:50" departure="10:50">Fjell kyrkje</stop>
    <stop arrival="10:50" departure="10:50">Fjell</stop>
    <stop arrival="10:51" departure="10:51">Fjell Heljedalen</stop>
    <stop arrival="10:52" departure="10:52">Fjell Blommen</stop>
    <stop arrival="10:58" departure="10:58">Bildøy</stop>
    <stop arrival="11:00">Straume term.</stop>
  </route>
  <route no="457" destination="Straume term." url="http://www.web2051.no/bin/tp/zuginfo.exe/on/856944/287848/979006/203855/1/" trafficDays="kjører Lø, ikke 1. Mai">
    <stop departure="10:05" routeNo="457">Sælsvik snuplass Tofterøy</stop>
    <stop arrival="10:05" departure="10:05">Østre Sælsvik Tofterøy</stop>
    <stop arrival="10:06" departure="10:06">Sælsvik Tofterøy</stop>
    <stop arrival="10:06" departure="10:06">Vestre Sælsvik Tofterøy</stop>
    <stop arrival="10:06" departure="10:06">Sælsvik Tofterøy</stop>
    <stop arrival="10:07" departure="10:07">Vestre Sælsvik Tofterøy</stop>
    <stop arrival="10:07" departure="10:07">Tofterøy Hyttefelt</stop>
    <stop arrival="10:08" departure="10:08">Hummelsund Tofterøy</stop>
    <stop arrival="10:08" departure="10:08">Hummelsund Tofterøy</stop>
    <stop arrival="10:09" departure="10:09">Rotamyra Tofterøy</stop>
    <stop arrival="10:09" departure="10:09">Havtun Tofterøy</stop>
    <stop arrival="10:10" departure="10:10">Tyrnevik Tofterøy</stop>
    <stop arrival="10:10" departure="10:10">Midtgarden Tofterøy</stop>
    <stop arrival="10:10" departure="10:10">Tofterøy barneskule</stop>
    <stop arrival="10:11" departure="10:11">Bandelen Tofterøy</stop>
    <stop arrival="10:12" departure="10:12">Leirvågen Tofterøy</stop>
    <stop arrival="10:12" departure="10:12">Tofthammeren Tofterøy</stop>
    <stop arrival="10:13" departure="10:13">Toftaberget Tofterøy</stop>
    <stop arrival="10:13" departure="10:13">Døsjerholm kryss Tofterøy</stop>
    <stop arrival="10:14" departure="10:14">Hedlehaugen Tofterøy</stop>
    <stop arrival="10:15" departure="10:15">Hamre Bakkahagen (Sund)</stop>
    <stop arrival="10:15" departure="10:15">Hamre kryss (Sund)</stop>
    <stop arrival="10:16" departure="10:16">Hamre (Sund)</stop>
    <stop arrival="10:16" departure="10:16">Steinslandskitfet (Sund)</stop>
    <stop arrival="10:17" departure="10:17">Steinsland snuplass</stop>
    <stop arrival="10:18" departure="10:18">Steinslandskitfet (Sund)</stop>
    <stop arrival="10:20" departure="10:20">Hamre (Sund)</stop>
    <stop arrival="10:20" departure="10:20">Hamre kryss (Sund)</stop>
    <stop arrival="10:21" departure="10:21">Bakka (Sund)</stop>
    <stop arrival="10:21" departure="10:21">Berge (Sund)</stop>
    <stop arrival="10:22" departure="10:22">Berge (Sund)</stop>
    <stop arrival="10:23" departure="10:23">Vorland Haugeheim</stop>
    <stop arrival="10:24" departure="10:24">Vorland</stop>
    <stop arrival="10:25" departure="10:25">Vorland nord</stop>
    <stop arrival="10:28" departure="10:28">Eidesund</stop>
    <stop arrival="10:30" departure="10:30">Eidesjøen</stop>
    <stop arrival="10:32" departure="10:32">Eidesjøen Tveitaneset</stop>
    <stop arrival="10:34" departure="10:34">Hammersland (Sund)</stop>
    <stop arrival="10:35" departure="10:35">Hammersland (Sund)</stop>
    <stop arrival="10:40" departure="10:40">Skogsskiftet term.</stop>
    <stop arrival="10:41" departure="10:41">Trengereid (Fjell)</stop>
    <stop arrival="10:41" departure="10:41">Trengereid Slettebakken (Fjell</stop>
    <stop arrival="10:43" departure="10:43">Dalseide (Fjell)</stop>
    <stop arrival="10:44" departure="10:44">Dala (Fjell)</stop>
    <stop arrival="10:44" departure="10:44">Dala (Fjell)</stop>
    <stop arrival="10:45" departure="10:45">Tellnes skule</stop>
    <stop arrival="10:45" departure="10:45">Tellnesskiftet</stop>
    <stop arrival="10:46" departure="10:46">Tellnes Bruabrekko</stop>
    <stop arrival="10:47" departure="10:47">Tellnesskogen</stop>
    <stop arrival="10:48" departure="10:48">Fjell søre Krossleite</stop>
    <stop arrival="10:48" departure="10:48">Fjell Krossleite</stop>
    <stop arrival="10:49" departure="10:49">Fjell Podlagrinda</stop>
    <stop arrival="10:49" departure="10:49">Fjell Søre</stop>
    <stop arrival="10:50" departure="10:50">Fjell Leite</stop>
    <stop arrival="10:50" departure="10:50">Fjell kyrkje</stop>
    <stop arrival="10:50" departure="10:50">Fjell</stop>
    <stop arrival="10:51" departure="10:51">Fjell Heljedalen</stop>
    <stop arrival="10:52" departure="10:52">Fjell Blommen</stop>
    <stop arrival="10:58" departure="10:58">Bildøy</stop>
    <stop arrival="11:00">Straume term.</stop>
  </route>
  <route no="453" destination="Straume term." url="http://www.web2051.no/bin/tp/zuginfo.exe/on/908157/304838/834420/114492/1/" trafficDays="kjører Sø, også 1., 13., 17., 24. Mai">
    <stop departure="10:30" routeNo="453">Eidesjøen</stop>
    <stop arrival="10:31" departure="10:31">Eidesund</stop>
    <stop arrival="10:32" departure="10:32">Vorland nord</stop>
    <stop arrival="10:33" departure="10:33">Vorland</stop>
    <stop arrival="10:34" departure="10:34">Vorland Haugeheim</stop>
    <stop arrival="10:35" departure="10:35">Berge (Sund)</stop>
    <stop arrival="10:36" departure="10:36">Berge (Sund)</stop>
    <stop arrival="10:36" departure="10:36">Bakka (Sund)</stop>
    <stop arrival="10:37" departure="10:37">Hamre kryss (Sund)</stop>
    <stop arrival="10:37" departure="10:37">Hamre (Sund)</stop>
    <stop arrival="10:39" departure="10:39">Steinslandskitfet (Sund)</stop>
    <stop arrival="10:40" departure="10:40">Steinslansd Trena (Sund)</stop>
    <stop arrival="10:41" departure="10:41">Steinsland Ungdomshus (Sund)</stop>
    <stop arrival="10:42" departure="10:42">Stranda Skole</stop>
    <stop arrival="10:42" departure="10:42">Forlandskiftet</stop>
    <stop arrival="10:44" departure="10:44">Kleppe utmark (Sund)</stop>
    <stop arrival="10:45" departure="10:45">Kleppe barnehage (Sund)</stop>
    <stop arrival="10:45" departure="10:45">Kleppe (Sund)</stop>
    <stop arrival="10:46" departure="10:46">Kleppevik (Sund)</stop>
    <stop arrival="10:46" departure="10:46">Høyland Bakeriet (Sund)</stop>
    <stop arrival="10:47" departure="10:47">Høyland (Sund)</stop>
    <stop arrival="10:48" departure="10:48">Høyland grustaket (Sund)</stop>
    <stop arrival="10:49" departure="10:49">Førdestraumen sør (Sund)</stop>
    <stop arrival="10:49" departure="10:49">Førdestraumen (Sund)</stop>
    <stop arrival="10:50" departure="10:50">Førde Melkevik (Sund)</stop>
    <stop arrival="10:51" departure="10:51">Førde (Sund)</stop>
    <stop arrival="10:52" departure="10:52">Førde Stauradalen (Sund)</stop>
    <stop arrival="10:53" departure="10:53">Klokkarvik Børnes</stop>
    <stop arrival="10:54" departure="10:54">Klokkarvik Sund barneskule</stop>
    <stop arrival="10:54" departure="10:54">Klokkarvik Limavåg</stop>
    <stop arrival="10:55" departure="10:55">Klokkarvik</stop>
    <stop arrival="10:56" departure="10:56">Klokkarvik Kyrkjevegen</stop>
    <stop arrival="10:56" departure="10:56">Klokkarvik Stølen</stop>
    <stop arrival="10:56" departure="10:56">Klokkarvik Laksen</stop>
    <stop arrival="10:57" departure="10:57">Sundskogen</stop>
    <stop arrival="10:58" departure="10:58">Skogsvåg Oppedal</stop>
    <stop arrival="10:59" departure="10:59">Skogsvåg Dommedalen</stop>
    <stop arrival="11:00" departure="11:00">Skogsvåg Aurabekken</stop>
    <stop arrival="11:00" departure="11:00">Sangoltskiftet</stop>
    <stop arrival="11:01" departure="11:01">Skogsvåg gamle skule</stop>
    <stop arrival="11:04" departure="11:04">Skoge Kvalvågen (Sund)</stop>
    <stop arrival="11:06" departure="11:06">Skoge (Sund)</stop>
    <stop arrival="11:08" departure="11:08">Skogsskiftet Midtstegen</stop>
    <stop arrival="11:09" departure="11:09">Skogsskiftet Hald Stadion</stop>
    <stop arrival="11:10" departure="11:10">Skogsskiftet term.</stop>
    <stop arrival="11:11" departure="11:11">Trengereid (Fjell)</stop>
    <stop arrival="11:11" departure="11:11">Trengereid Slettebakken (Fjell</stop>
    <stop arrival="11:13" departure="11:13">Dalseide (Fjell)</stop>
    <stop arrival="11:14" departure="11:14">Dala (Fjell)</stop>
    <stop arrival="11:14" departure="11:14">Dala (Fjell)</stop>
    <stop arrival="11:15" departure="11:15">Tellnes skule</stop>
    <stop arrival="11:15" departure="11:15">Tellnesskiftet</stop>
    <stop arrival="11:16" departure="11:16">Tellnes Bruabrekko</stop>
    <stop arrival="11:17" departure="11:17">Tellnesskogen</stop>
    <stop arrival="11:18" departure="11:18">Fjell søre Krossleite</stop>
    <stop arrival="11:18" departure="11:18">Fjell Krossleite</stop>
    <stop arrival="11:19" departure="11:19">Fjell Podlagrinda</stop>
    <stop arrival="11:19" departure="11:19">Fjell Søre</stop>
    <stop arrival="11:20" departure="11:20">Fjell Leite</stop>
    <stop arrival="11:20" departure="11:20">Fjell kyrkje</stop>
    <stop arrival="11:20" departure="11:20">Fjell</stop>
    <stop arrival="11:21" departure="11:21">Fjell Heljedalen</stop>
    <stop arrival="11:22" departure="11:22">Fjell Blommen</stop>
    <stop arrival="11:28" departure="11:28">Bildøy</stop>
    <stop arrival="11:30">Straume term.</stop>
  </route>
  <route no="453" destination="Straume term." url="http://www.web2051.no/bin/tp/zuginfo.exe/on/176859/61072/15946/50981/1/" trafficDays="kjører Sø, også 1., 13., 17., 24. Mai">
    <stop departure="10:30" routeNo="453">Eidesjøen</stop>
    <stop arrival="10:31" departure="10:31">Eidesund</stop>
    <stop arrival="10:32" departure="10:32">Vorland nord</stop>
    <stop arrival="10:33" departure="10:33">Vorland</stop>
    <stop arrival="10:34" departure="10:34">Vorland Haugeheim</stop>
    <stop arrival="10:35" departure="10:35">Berge (Sund)</stop>
    <stop arrival="10:36" departure="10:36">Berge (Sund)</stop>
    <stop arrival="10:36" departure="10:36">Bakka (Sund)</stop>
    <stop arrival="10:37" departure="10:37">Hamre kryss (Sund)</stop>
    <stop arrival="10:37" departure="10:37">Hamre (Sund)</stop>
    <stop arrival="10:39" departure="10:39">Steinslandskitfet (Sund)</stop>
    <stop arrival="10:40" departure="10:40">Steinslansd Trena (Sund)</stop>
    <stop arrival="10:41" departure="10:41">Steinsland Ungdomshus (Sund)</stop>
    <stop arrival="10:42" departure="10:42">Stranda Skole</stop>
    <stop arrival="10:42" departure="10:42">Forlandskiftet</stop>
    <stop arrival="10:44" departure="10:44">Kleppe utmark (Sund)</stop>
    <stop arrival="10:45" departure="10:45">Kleppe barnehage (Sund)</stop>
    <stop arrival="10:45" departure="10:45">Kleppe (Sund)</stop>
    <stop arrival="10:46" departure="10:46">Kleppevik (Sund)</stop>
    <stop arrival="10:46" departure="10:46">Høyland Bakeriet (Sund)</stop>
    <stop arrival="10:47" departure="10:47">Høyland (Sund)</stop>
    <stop arrival="10:48" departure="10:48">Høyland grustaket (Sund)</stop>
    <stop arrival="10:49" departure="10:49">Førdestraumen sør (Sund)</stop>
    <stop arrival="10:49" departure="10:49">Førdestraumen (Sund)</stop>
    <stop arrival="10:50" departure="10:50">Førde Melkevik (Sund)</stop>
    <stop arrival="10:51" departure="10:51">Førde (Sund)</stop>
    <stop arrival="10:52" departure="10:52">Førde Stauradalen (Sund)</stop>
    <stop arrival="10:53" departure="10:53">Klokkarvik Børnes</stop>
    <stop arrival="10:54" departure="10:54">Klokkarvik Sund barneskule</stop>
    <stop arrival="10:54" departure="10:54">Klokkarvik Limavåg</stop>
    <stop arrival="10:55" departure="10:55">Klokkarvik</stop>
    <stop arrival="10:56" departure="10:56">Klokkarvik Kyrkjevegen</stop>
    <stop arrival="10:56" departure="10:56">Klokkarvik Stølen</stop>
    <stop arrival="10:56" departure="10:56">Klokkarvik Laksen</stop>
    <stop arrival="10:57" departure="10:57">Sundskogen</stop>
    <stop arrival="10:58" departure="10:58">Skogsvåg Oppedal</stop>
    <stop arrival="10:59" departure="10:59">Skogsvåg Dommedalen</stop>
    <stop arrival="11:00" departure="11:00">Skogsvåg Aurabekken</stop>
    <stop arrival="11:00" departure="11:00">Sangoltskiftet</stop>
    <stop arrival="11:01" departure="11:01">Skogsvåg gamle skule</stop>
    <stop arrival="11:04" departure="11:04">Skoge Kvalvågen (Sund)</stop>
    <stop arrival="11:06" departure="11:06">Skoge (Sund)</stop>
    <stop arrival="11:08" departure="11:08">Skogsskiftet Midtstegen</stop>
    <stop arrival="11:09" departure="11:09">Skogsskiftet Hald Stadion</stop>
    <stop arrival="11:10" departure="11:10">Skogsskiftet term.</stop>
    <stop arrival="11:11" departure="11:11">Trengereid (Fjell)</stop>
    <stop arrival="11:11" departure="11:11">Trengereid Slettebakken (Fjell</stop>
    <stop arrival="11:13" departure="11:13">Dalseide (Fjell)</stop>
    <stop arrival="11:14" departure="11:14">Dala (Fjell)</stop>
    <stop arrival="11:14" departure="11:14">Dala (Fjell)</stop>
    <stop arrival="11:15" departure="11:15">Tellnes skule</stop>
    <stop arrival="11:15" departure="11:15">Tellnesskiftet</stop>
    <stop arrival="11:16" departure="11:16">Tellnes Bruabrekko</stop>
    <stop arrival="11:17" departure="11:17">Tellnesskogen</stop>
    <stop arrival="11:18" departure="11:18">Fjell søre Krossleite</stop>
    <stop arrival="11:18" departure="11:18">Fjell Krossleite</stop>
    <stop arrival="11:19" departure="11:19">Fjell Podlagrinda</stop>
    <stop arrival="11:19" departure="11:19">Fjell Søre</stop>
    <stop arrival="11:20" departure="11:20">Fjell Leite</stop>
    <stop arrival="11:20" departure="11:20">Fjell kyrkje</stop>
    <stop arrival="11:20" departure="11:20">Fjell</stop>
    <stop arrival="11:21" departure="11:21">Fjell Heljedalen</stop>
    <stop arrival="11:22" departure="11:22">Fjell Blommen</stop>
    <stop arrival="11:28" departure="11:28">Bildøy</stop>
    <stop arrival="11:30">Straume term.</stop>
  </route>
</routes>
