<?xml version="1.0" encoding="UTF-8"?>
<routes>
  <route no="390" destination="Fotlansdvåg sentrum" url="http://www.web2051.no/bin/tp/zuginfo.exe/on/258720/87247/771648/299584/1/" trafficDays="kjører Lø, ikke 1. Mai">
    <stop departure="10:10" routeNo="390">Valestrand</stop>
    <stop arrival="10:10" departure="10:10">Valestrand</stop>
    <stop arrival="10:11" departure="10:11">Bullabrekka (Osterøy)</stop>
    <stop arrival="10:12" departure="10:12">Elvikneset</stop>
    <stop arrival="10:13" departure="10:13">Loftås (Osterøy)</stop>
    <stop arrival="10:14" departure="10:14">Småland</stop>
    <stop arrival="10:14" departure="10:14">Halland, Osterøy</stop>
    <stop arrival="10:15" departure="10:15">Halland S, Osterøy</stop>
    <stop arrival="10:15" departure="10:15">Hauge Industrier (Osterøy)</stop>
    <stop arrival="10:16" departure="10:16">Hauge (Osterøy)</stop>
    <stop arrival="10:17" departure="10:17">Hauge skule (Osterøy)</stop>
    <stop arrival="10:18" departure="10:18">Haugsviksvingen</stop>
    <stop arrival="10:18" departure="10:18">Øyjordsbru</stop>
    <stop arrival="10:20" departure="10:20">Revheim</stop>
    <stop arrival="10:21" departure="10:21">Revheim</stop>
    <stop arrival="10:22" departure="10:22">Lone Bru, Osterøy</stop>
    <stop arrival="10:22" departure="10:22">Lone, Osterøy</stop>
    <stop arrival="10:23" departure="10:23">Lone N , Osterøy</stop>
    <stop arrival="10:24" departure="10:24">Kårvik vkr. (Osterøy)</stop>
    <stop arrival="10:25" departure="10:25">Lonevåg terminal</stop>
    <stop arrival="10:26" departure="10:26">Lonevåg v Coop</stop>
    <stop arrival="10:27" departure="10:27">Lonevåg v Rådhuset</stop>
    <stop arrival="10:27" departure="10:27">Hatland v ungdomsskulen</stop>
    <stop arrival="10:27" departure="10:27">Lonevåg v Rådhuset</stop>
    <stop arrival="10:28" departure="10:28">Lonevåg v Coop</stop>
    <stop arrival="10:28" departure="10:28">Lonevåg terminal</stop>
    <stop arrival="10:29" departure="10:29">Lonevåg N, HSD</stop>
    <stop arrival="10:31" departure="10:31">Geitrheim, Osterøy</stop>
    <stop arrival="10:33" departure="10:33">Bysheim sør</stop>
    <stop arrival="10:33" departure="10:33">Bysheim</stop>
    <stop arrival="10:34" departure="10:34">Bysheim nord</stop>
    <stop arrival="10:35" departure="10:35">Litland S, Osterøy</stop>
    <stop arrival="10:35" departure="10:35">Litland gartneri, Osterøy</stop>
    <stop arrival="10:36" departure="10:36">Helldalstølen, Osterøy</stop>
    <stop arrival="10:37" departure="10:37">Helldal (Osterøy)</stop>
    <stop arrival="10:37" departure="10:37">Helldal vkr Fjellskålnes</stop>
    <stop arrival="10:38" departure="10:38">Helldal (Osterøy)</stop>
    <stop arrival="10:38" departure="10:38">Hoshovde</stop>
    <stop arrival="10:40" departure="10:40">Hosanger</stop>
    <stop arrival="10:40" departure="10:40">Hosanger</stop>
    <stop arrival="10:41" departure="10:41">Børa, Osterøy</stop>
    <stop arrival="10:45" departure="10:45">Gatland, Osterøy</stop>
    <stop arrival="10:46" departure="10:46">Saltverket, Osterøy</stop>
    <stop arrival="10:47" departure="10:47">Fotlandstrand</stop>
    <stop arrival="10:48" departure="10:48">Fotlandstrand v Anylett</stop>
    <stop arrival="10:49" departure="10:49">Fotlandsvåg v skulen</stop>
    <stop arrival="10:50">Fotlansdvåg sentrum</stop>
  </route>
  <route no="390" destination="Kvisti (Osterøy)" url="http://www.web2051.no/bin/tp/zuginfo.exe/on/544656/182554/327850/17627/1/" trafficDays="kjører Lø, ikke 1. Mai">
    <stop departure="10:40" routeNo="390">Valestrand</stop>
    <stop arrival="10:40" departure="10:40">Valestrand</stop>
    <stop arrival="10:41" departure="10:41">Bullabrekka (Osterøy)</stop>
    <stop arrival="10:42" departure="10:42">Elvikneset</stop>
    <stop arrival="10:42" departure="10:42">Loftås (Osterøy)</stop>
    <stop arrival="10:43" departure="10:43">Småland</stop>
    <stop arrival="10:43" departure="10:43">Halland, Osterøy</stop>
    <stop arrival="10:44" departure="10:44">Halland S, Osterøy</stop>
    <stop arrival="10:44" departure="10:44">Hauge Industrier (Osterøy)</stop>
    <stop arrival="10:44" departure="10:44">Hauge (Osterøy)</stop>
    <stop arrival="10:47" departure="10:47">Hannisdal nyeveien</stop>
    <stop arrival="10:49" departure="10:49">Rolland (Osterøy)</stop>
    <stop arrival="10:49" departure="10:49">Rødland</stop>
    <stop arrival="10:49" departure="10:49">Vinåsen</stop>
    <stop arrival="10:50" departure="10:50">Veset</stop>
    <stop arrival="10:50" departure="10:50">Veset</stop>
    <stop arrival="10:51" departure="10:51">Kolabakken</stop>
    <stop arrival="10:51" departure="10:51">Ambogen vkr</stop>
    <stop arrival="10:57">Kvisti (Osterøy)</stop>
  </route>
  <route no="390" destination="Valestrand" url="http://www.web2051.no/bin/tp/zuginfo.exe/on/40734/14575/649418/311131/1/" trafficDays="kjører Lø, ikke 1. Mai">
    <stop departure="10:18" routeNo="390">Arna terminal</stop>
    <stop arrival="10:19" departure="10:19">Bommane (Arna)</stop>
    <stop arrival="10:20" departure="10:20">Beyer (Arna)</stop>
    <stop arrival="10:21" departure="10:21">Seimsmark</stop>
    <stop arrival="10:22" departure="10:22">Garneshøgden</stop>
    <stop arrival="10:23" departure="10:23">Garnes- v Gymnaset</stop>
    <stop arrival="10:24" departure="10:24">Garnes vid.skule</stop>
    <stop arrival="10:25" departure="10:25">Garnesmarka vest</stop>
    <stop arrival="10:25" departure="10:25">Garnesmarka</stop>
    <stop arrival="10:26" departure="10:26">Garnesmarka øst</stop>
    <stop arrival="10:27" departure="10:27">Tunes</stop>
    <stop arrival="10:27" departure="10:27">Tunes skule</stop>
    <stop arrival="10:28" departure="10:28">Tunestveit</stop>
    <stop arrival="10:29" departure="10:29">Tunestveit</stop>
    <stop arrival="10:30" departure="10:30">Takvam rundkøyring</stop>
    <stop arrival="10:30" departure="10:30">Takvam E16</stop>
    <stop arrival="10:31" departure="10:31">Herland Kvistibru</stop>
    <stop arrival="10:33" departure="10:33">Kvisti (Osterøy)</stop>
    <stop arrival="10:34" departure="10:34">Vikne sør</stop>
    <stop arrival="10:35" departure="10:35">Vikne</stop>
    <stop arrival="10:36" departure="10:36">Vikne nord</stop>
    <stop arrival="10:37" departure="10:37">Leikneset</stop>
    <stop arrival="10:38" departure="10:38">Leikneset</stop>
    <stop arrival="10:39" departure="10:39">Leikneset</stop>
    <stop arrival="10:40" departure="10:40">Haus</stop>
    <stop arrival="10:40" departure="10:40">Åsheimveien</stop>
    <stop arrival="10:41" departure="10:41">Haus</stop>
    <stop arrival="10:43" departure="10:43">Mjeldalen v gml kommunehus</stop>
    <stop arrival="10:44" departure="10:44">Mjeldalen</stop>
    <stop arrival="10:44" departure="10:44">Mjeldalen v Ungdomsshus</stop>
    <stop arrival="10:45" departure="10:45">Mjeldalen Øvre</stop>
    <stop arrival="10:46" departure="10:46">Ambogen vkr</stop>
    <stop arrival="10:46" departure="10:46">Kolabakken</stop>
    <stop arrival="10:47" departure="10:47">Veset</stop>
    <stop arrival="10:48" departure="10:48">Veset</stop>
    <stop arrival="10:48" departure="10:48">Vinåsen</stop>
    <stop arrival="10:49" departure="10:49">Rødland</stop>
    <stop arrival="10:49" departure="10:49">Rolland (Osterøy)</stop>
    <stop arrival="10:51" departure="10:51">Hannisdal nyeveien</stop>
    <stop arrival="10:54" departure="10:54">Hauge (Osterøy)</stop>
    <stop arrival="10:54" departure="10:54">Hauge Industrier (Osterøy)</stop>
    <stop arrival="10:55" departure="10:55">Halland S, Osterøy</stop>
    <stop arrival="10:55" departure="10:55">Halland, Osterøy</stop>
    <stop arrival="10:56" departure="10:56">Småland</stop>
    <stop arrival="10:56" departure="10:56">Loftås (Osterøy)</stop>
    <stop arrival="10:57" departure="10:57">Elvikneset</stop>
    <stop arrival="10:58" departure="10:58">Bullabrekka (Osterøy)</stop>
    <stop arrival="10:59" departure="10:59">Valestrand</stop>
    <stop arrival="10:59">Valestrand</stop>
  </route>
</routes>
