<?xml version="1.0" encoding="UTF-8"?>
<routes>
  <route no="390" destination="Arna terminal" url="http://www.web2051.no/bin/tp/zuginfo.exe/on/32910/11959/745492/361776/1/" trafficDays="kjører Lø, ikke 1. Mai">
    <stop departure="8:42" routeNo="390">Tyssebotn kai</stop>
    <stop arrival="8:42" departure="8:42">Tyssebotten v byggefelt</stop>
    <stop arrival="8:43" departure="8:43">Tyssebotten</stop>
    <stop arrival="8:43" departure="8:43">Littlebotn, Osterøy</stop>
    <stop arrival="8:44" departure="8:44">Raudberget, Osterøy</stop>
    <stop arrival="8:45" departure="8:45">Raudberget v Tysse mek</stop>
    <stop arrival="8:48" departure="8:48">Kleppe Østre (Osterøy)</stop>
    <stop arrival="8:48" departure="8:48">Kleppe Østre (Osterøy)</stop>
    <stop arrival="8:49" departure="8:49">Birkeland Ø (Osterøy)</stop>
    <stop arrival="8:49" departure="8:49">Birkeland (Osterøy)</stop>
    <stop arrival="8:51" departure="8:51">Bernesskiftet</stop>
    <stop arrival="8:52" departure="8:52">Hanstveit</stop>
    <stop arrival="8:54" departure="8:54">Fotlandsvåg v fokus</stop>
    <stop arrival="8:55" departure="8:55">Fotlansdvåg sentrum</stop>
    <stop arrival="8:56" departure="8:56">Fotlandsvåg v skulen</stop>
    <stop arrival="8:57" departure="8:57">Fotlandstrand v Anylett</stop>
    <stop arrival="8:57" departure="8:57">Fotlandstrand</stop>
    <stop arrival="8:58" departure="8:58">Saltverket, Osterøy</stop>
    <stop arrival="8:59" departure="8:59">Gatland, Osterøy</stop>
    <stop arrival="9:02" departure="9:02">Børa, Osterøy</stop>
    <stop arrival="9:03" departure="9:03">Hosanger</stop>
    <stop arrival="9:04" departure="9:04">Hosanger</stop>
    <stop arrival="9:05" departure="9:05">Hoshovde</stop>
    <stop arrival="9:06" departure="9:06">Helldal (Osterøy)</stop>
    <stop arrival="9:07" departure="9:07">Helldal vkr Fjellskålnes</stop>
    <stop arrival="9:07" departure="9:07">Helldal (Osterøy)</stop>
    <stop arrival="9:08" departure="9:08">Helldalstølen, Osterøy</stop>
    <stop arrival="9:09" departure="9:09">Litland gartneri, Osterøy</stop>
    <stop arrival="9:10" departure="9:10">Litland S, Osterøy</stop>
    <stop arrival="9:10" departure="9:10">Bysheim nord</stop>
    <stop arrival="9:12" departure="9:12">Bysheim</stop>
    <stop arrival="9:12" departure="9:12">Bysheim sør</stop>
    <stop arrival="9:14" departure="9:14">Geitrheim, Osterøy</stop>
    <stop arrival="9:18" departure="9:18">Lonevåg N, HSD</stop>
    <stop arrival="9:18" departure="9:18">Lonevåg terminal</stop>
    <stop arrival="9:19" departure="9:19">Lonevåg v Coop</stop>
    <stop arrival="9:20" departure="9:20">Lonevåg v Rådhuset</stop>
    <stop arrival="9:20" departure="9:20">Hatland v ungdomsskulen</stop>
    <stop arrival="9:21" departure="9:21">Lonevåg v Rådhuset</stop>
    <stop arrival="9:23" departure="9:23">Lonevåg v Coop</stop>
    <stop arrival="9:25" departure="9:25">Lonevåg terminal</stop>
    <stop arrival="9:26" departure="9:26">Kårvik vkr. (Osterøy)</stop>
    <stop arrival="9:27" departure="9:27">Lone N , Osterøy</stop>
    <stop arrival="9:28" departure="9:28">Lone, Osterøy</stop>
    <stop arrival="9:28" departure="9:28">Lone Bru, Osterøy</stop>
    <stop arrival="9:29" departure="9:29">Revheim</stop>
    <stop arrival="9:30" departure="9:30">Revheim</stop>
    <stop arrival="9:32" departure="9:32">Øyjordsbru</stop>
    <stop arrival="9:32" departure="9:32">Haugsviksvingen</stop>
    <stop arrival="9:33" departure="9:33">Hauge skule (Osterøy)</stop>
    <stop arrival="9:34" departure="9:34">Hauge (Osterøy)</stop>
    <stop arrival="9:35" departure="9:35">Hauge Industrier (Osterøy)</stop>
    <stop arrival="9:35" departure="9:35">Halland S, Osterøy</stop>
    <stop arrival="9:36" departure="9:36">Halland, Osterøy</stop>
    <stop arrival="9:36" departure="9:36">Småland</stop>
    <stop arrival="9:37" departure="9:37">Loftås (Osterøy)</stop>
    <stop arrival="9:38" departure="9:38">Elvikneset</stop>
    <stop arrival="9:39" departure="9:39">Bullabrekka (Osterøy)</stop>
    <stop arrival="9:40" departure="9:40">Valestrand</stop>
    <stop arrival="9:40" departure="9:40">Valestrand</stop>
    <stop arrival="9:40" departure="9:40">Valestrand</stop>
    <stop arrival="9:41" departure="9:41">Bullabrekka (Osterøy)</stop>
    <stop arrival="9:42" departure="9:42">Elvikneset</stop>
    <stop arrival="9:42" departure="9:42">Loftås (Osterøy)</stop>
    <stop arrival="9:43" departure="9:43">Småland</stop>
    <stop arrival="9:43" departure="9:43">Halland, Osterøy</stop>
    <stop arrival="9:44" departure="9:44">Halland S, Osterøy</stop>
    <stop arrival="9:44" departure="9:44">Hauge Industrier (Osterøy)</stop>
    <stop arrival="9:44" departure="9:44">Hauge (Osterøy)</stop>
    <stop arrival="9:47" departure="9:47">Hannisdal nyeveien</stop>
    <stop arrival="9:49" departure="9:49">Rolland (Osterøy)</stop>
    <stop arrival="9:49" departure="9:49">Rødland</stop>
    <stop arrival="9:49" departure="9:49">Vinåsen</stop>
    <stop arrival="9:50" departure="9:50">Veset</stop>
    <stop arrival="9:50" departure="9:50">Veset</stop>
    <stop arrival="9:51" departure="9:51">Kolabakken</stop>
    <stop arrival="9:51" departure="9:51">Ambogen vkr</stop>
    <stop arrival="9:52" departure="9:52">Mjeldalen Øvre</stop>
    <stop arrival="9:53" departure="9:53">Mjeldalen v Ungdomsshus</stop>
    <stop arrival="9:53" departure="9:53">Mjeldalen</stop>
    <stop arrival="9:54" departure="9:54">Mjeldalen v gml kommunehus</stop>
    <stop arrival="9:56" departure="9:56">Haus</stop>
    <stop arrival="9:57" departure="9:57">Åsheimveien</stop>
    <stop arrival="9:57" departure="9:57">Haus</stop>
    <stop arrival="9:57" departure="9:57">Leikneset</stop>
    <stop arrival="9:58" departure="9:58">Leikneset</stop>
    <stop arrival="9:59" departure="9:59">Leikneset</stop>
    <stop arrival="10:01" departure="10:01">Vikne nord</stop>
    <stop arrival="10:03" departure="10:03">Vikne</stop>
    <stop arrival="10:04" departure="10:04">Vikne sør</stop>
    <stop arrival="10:05" departure="10:05">Kvisti (Osterøy)</stop>
    <stop arrival="10:08" departure="10:08">Takvam E16</stop>
    <stop arrival="10:14" departure="10:14">Arna E 16</stop>
    <stop arrival="10:15">Arna terminal</stop>
  </route>
  <route no="390" destination="Lonevåg terminal" url="http://www.web2051.no/bin/tp/zuginfo.exe/on/813441/272127/965994/211850/1/" trafficDays="kjører Ma - Fr, ikke 13., 17., 24. Mai">
    <stop departure="10:18" routeNo="390">Arna terminal</stop>
    <stop arrival="10:19" departure="10:19">Bommane (Arna)</stop>
    <stop arrival="10:20" departure="10:20">Beyer (Arna)</stop>
    <stop arrival="10:21" departure="10:21">Seimsmark</stop>
    <stop arrival="10:22" departure="10:22">Garneshøgden</stop>
    <stop arrival="10:23" departure="10:23">Garnes- v Gymnaset</stop>
    <stop arrival="10:24" departure="10:24">Garnes vid.skule</stop>
    <stop arrival="10:25" departure="10:25">Garnesmarka vest</stop>
    <stop arrival="10:25" departure="10:25">Garnesmarka</stop>
    <stop arrival="10:26" departure="10:26">Garnesmarka øst</stop>
    <stop arrival="10:27" departure="10:27">Tunes</stop>
    <stop arrival="10:27" departure="10:27">Tunes skule</stop>
    <stop arrival="10:28" departure="10:28">Tunestveit</stop>
    <stop arrival="10:29" departure="10:29">Tunestveit</stop>
    <stop arrival="10:30" departure="10:30">Takvam rundkøyring</stop>
    <stop arrival="10:30" departure="10:30">Takvam E16</stop>
    <stop arrival="10:31" departure="10:31">Herland Kvistibru</stop>
    <stop arrival="10:33" departure="10:33">Kvisti (Osterøy)</stop>
    <stop arrival="10:34" departure="10:34">Vikne sør</stop>
    <stop arrival="10:35" departure="10:35">Vikne</stop>
    <stop arrival="10:36" departure="10:36">Vikne nord</stop>
    <stop arrival="10:37" departure="10:37">Leikneset</stop>
    <stop arrival="10:38" departure="10:38">Leikneset</stop>
    <stop arrival="10:39" departure="10:39">Leikneset</stop>
    <stop arrival="10:40" departure="10:40">Haus</stop>
    <stop arrival="10:40" departure="10:40">Åsheimveien</stop>
    <stop arrival="10:41" departure="10:41">Haus</stop>
    <stop arrival="10:43" departure="10:43">Mjeldalen v gml kommunehus</stop>
    <stop arrival="10:44" departure="10:44">Mjeldalen</stop>
    <stop arrival="10:44" departure="10:44">Mjeldalen v Ungdomsshus</stop>
    <stop arrival="10:45" departure="10:45">Mjeldalen Øvre</stop>
    <stop arrival="10:46" departure="10:46">Ambogen vkr</stop>
    <stop arrival="10:46" departure="10:46">Kolabakken</stop>
    <stop arrival="10:47" departure="10:47">Veset</stop>
    <stop arrival="10:48" departure="10:48">Veset</stop>
    <stop arrival="10:48" departure="10:48">Vinåsen</stop>
    <stop arrival="10:49" departure="10:49">Rødland</stop>
    <stop arrival="10:49" departure="10:49">Rolland (Osterøy)</stop>
    <stop arrival="10:51" departure="10:51">Hannisdal nyeveien</stop>
    <stop arrival="10:54" departure="10:54">Hauge (Osterøy)</stop>
    <stop arrival="10:54" departure="10:54">Hauge Industrier (Osterøy)</stop>
    <stop arrival="10:55" departure="10:55">Hauge (Osterøy)</stop>
    <stop arrival="10:56" departure="10:56">Hauge skule (Osterøy)</stop>
    <stop arrival="10:57" departure="10:57">Haugsviksvingen</stop>
    <stop arrival="10:58" departure="10:58">Øyjordsbru</stop>
    <stop arrival="11:01" departure="11:01">Revheim</stop>
    <stop arrival="11:02" departure="11:02">Revheim</stop>
    <stop arrival="11:04" departure="11:04">Lone Bru, Osterøy</stop>
    <stop arrival="11:04" departure="11:04">Lone, Osterøy</stop>
    <stop arrival="11:06" departure="11:06">Lone N , Osterøy</stop>
    <stop arrival="11:08" departure="11:08">Kårvik vkr. (Osterøy)</stop>
    <stop arrival="11:09">Lonevåg terminal</stop>
  </route>
  <route no="390" destination="Valestrand" url="http://www.web2051.no/bin/tp/zuginfo.exe/on/681585/228192/310548/71921/1/" trafficDays="kjører Lø, ikke 1. Mai">
    <stop departure="10:18" routeNo="390">Arna terminal</stop>
    <stop arrival="10:19" departure="10:19">Bommane (Arna)</stop>
    <stop arrival="10:20" departure="10:20">Beyer (Arna)</stop>
    <stop arrival="10:21" departure="10:21">Seimsmark</stop>
    <stop arrival="10:22" departure="10:22">Garneshøgden</stop>
    <stop arrival="10:23" departure="10:23">Garnes- v Gymnaset</stop>
    <stop arrival="10:24" departure="10:24">Garnes vid.skule</stop>
    <stop arrival="10:25" departure="10:25">Garnesmarka vest</stop>
    <stop arrival="10:25" departure="10:25">Garnesmarka</stop>
    <stop arrival="10:26" departure="10:26">Garnesmarka øst</stop>
    <stop arrival="10:27" departure="10:27">Tunes</stop>
    <stop arrival="10:27" departure="10:27">Tunes skule</stop>
    <stop arrival="10:28" departure="10:28">Tunestveit</stop>
    <stop arrival="10:29" departure="10:29">Tunestveit</stop>
    <stop arrival="10:30" departure="10:30">Takvam rundkøyring</stop>
    <stop arrival="10:30" departure="10:30">Takvam E16</stop>
    <stop arrival="10:31" departure="10:31">Herland Kvistibru</stop>
    <stop arrival="10:33" departure="10:33">Kvisti (Osterøy)</stop>
    <stop arrival="10:34" departure="10:34">Vikne sør</stop>
    <stop arrival="10:35" departure="10:35">Vikne</stop>
    <stop arrival="10:36" departure="10:36">Vikne nord</stop>
    <stop arrival="10:37" departure="10:37">Leikneset</stop>
    <stop arrival="10:38" departure="10:38">Leikneset</stop>
    <stop arrival="10:39" departure="10:39">Leikneset</stop>
    <stop arrival="10:40" departure="10:40">Haus</stop>
    <stop arrival="10:40" departure="10:40">Åsheimveien</stop>
    <stop arrival="10:41" departure="10:41">Haus</stop>
    <stop arrival="10:43" departure="10:43">Mjeldalen v gml kommunehus</stop>
    <stop arrival="10:44" departure="10:44">Mjeldalen</stop>
    <stop arrival="10:44" departure="10:44">Mjeldalen v Ungdomsshus</stop>
    <stop arrival="10:45" departure="10:45">Mjeldalen Øvre</stop>
    <stop arrival="10:46" departure="10:46">Ambogen vkr</stop>
    <stop arrival="10:46" departure="10:46">Kolabakken</stop>
    <stop arrival="10:47" departure="10:47">Veset</stop>
    <stop arrival="10:48" departure="10:48">Veset</stop>
    <stop arrival="10:48" departure="10:48">Vinåsen</stop>
    <stop arrival="10:49" departure="10:49">Rødland</stop>
    <stop arrival="10:49" departure="10:49">Rolland (Osterøy)</stop>
    <stop arrival="10:51" departure="10:51">Hannisdal nyeveien</stop>
    <stop arrival="10:54" departure="10:54">Hauge (Osterøy)</stop>
    <stop arrival="10:54" departure="10:54">Hauge Industrier (Osterøy)</stop>
    <stop arrival="10:55" departure="10:55">Halland S, Osterøy</stop>
    <stop arrival="10:55" departure="10:55">Halland, Osterøy</stop>
    <stop arrival="10:56" departure="10:56">Småland</stop>
    <stop arrival="10:56" departure="10:56">Loftås (Osterøy)</stop>
    <stop arrival="10:57" departure="10:57">Elvikneset</stop>
    <stop arrival="10:58" departure="10:58">Bullabrekka (Osterøy)</stop>
    <stop arrival="10:59" departure="10:59">Valestrand</stop>
    <stop arrival="10:59">Valestrand</stop>
  </route>
  <route no="392" destination="Lonevåg terminal" url="http://www.web2051.no/bin/tp/zuginfo.exe/on/647781/216956/687626/127886/1/" trafficDays="kjører Sø, også 1., 13., 17., 24. Mai">
    <stop departure="10:18" routeNo="392">Arna terminal</stop>
    <stop arrival="10:19" departure="10:19">Bommane (Arna)</stop>
    <stop arrival="10:20" departure="10:20">Beyer (Arna)</stop>
    <stop arrival="10:21" departure="10:21">Seimsmark</stop>
    <stop arrival="10:22" departure="10:22">Garneshøgden</stop>
    <stop arrival="10:23" departure="10:23">Garnes- v Gymnaset</stop>
    <stop arrival="10:24" departure="10:24">Garnes vid.skule</stop>
    <stop arrival="10:25" departure="10:25">Garnesmarka vest</stop>
    <stop arrival="10:25" departure="10:25">Garnesmarka</stop>
    <stop arrival="10:26" departure="10:26">Garnesmarka øst</stop>
    <stop arrival="10:27" departure="10:27">Tunes</stop>
    <stop arrival="10:27" departure="10:27">Tunes skule</stop>
    <stop arrival="10:28" departure="10:28">Tunestveit</stop>
    <stop arrival="10:29" departure="10:29">Tunestveit</stop>
    <stop arrival="10:30" departure="10:30">Takvam rundkøyring</stop>
    <stop arrival="10:30" departure="10:30">Takvam E16</stop>
    <stop arrival="10:31" departure="10:31">Herland Kvistibru</stop>
    <stop arrival="10:33" departure="10:33">Kvisti (Osterøy)</stop>
    <stop arrival="10:34" departure="10:34">Vikne sør</stop>
    <stop arrival="10:35" departure="10:35">Vikne</stop>
    <stop arrival="10:36" departure="10:36">Vikne nord</stop>
    <stop arrival="10:37" departure="10:37">Leikneset</stop>
    <stop arrival="10:38" departure="10:38">Leikneset</stop>
    <stop arrival="10:39" departure="10:39">Leikneset</stop>
    <stop arrival="10:40" departure="10:40">Haus</stop>
    <stop arrival="10:40" departure="10:40">Åsheimveien</stop>
    <stop arrival="10:41" departure="10:41">Haus</stop>
    <stop arrival="10:43" departure="10:43">Mjeldalen v gml kommunehus</stop>
    <stop arrival="10:44" departure="10:44">Mjeldalen</stop>
    <stop arrival="10:44" departure="10:44">Mjeldalen v Ungdomsshus</stop>
    <stop arrival="10:45" departure="10:45">Mjeldalen Øvre</stop>
    <stop arrival="10:46" departure="10:46">Ambogen vkr</stop>
    <stop arrival="10:46" departure="10:46">Kolabakken</stop>
    <stop arrival="10:47" departure="10:47">Veset</stop>
    <stop arrival="10:48" departure="10:48">Veset</stop>
    <stop arrival="10:48" departure="10:48">Vinåsen</stop>
    <stop arrival="10:49" departure="10:49">Rødland</stop>
    <stop arrival="10:49" departure="10:49">Rolland vkr. (Osterøy)</stop>
    <stop arrival="10:51" departure="10:51">Orrheia, Osterøy</stop>
    <stop arrival="10:51" departure="10:51">Mæle</stop>
    <stop arrival="10:51" departure="10:51">Mæle</stop>
    <stop arrival="10:52" departure="10:52">Ranen (Osterøy)</stop>
    <stop arrival="10:53" departure="10:53">Korsåsen byggefelt (Osterøy)</stop>
    <stop arrival="10:54" departure="10:54">Litunsvingen</stop>
    <stop arrival="10:54" departure="10:54">Hartveit (Osterøy)</stop>
    <stop arrival="10:55" departure="10:55">Hartveit (Osterøy)</stop>
    <stop arrival="10:55" departure="10:55">Seljerinden</stop>
    <stop arrival="10:56" departure="10:56">Presttun</stop>
    <stop arrival="10:57" departure="10:57">Presttun</stop>
    <stop arrival="10:57" departure="10:57">Skistad, Osterøy</stop>
    <stop arrival="10:58" departure="10:58">Solberg (Osterøy)</stop>
    <stop arrival="10:58" departure="10:58">Solberg (Osterøy)</stop>
    <stop arrival="10:59" departure="10:59">Flatevad, Osterøy</stop>
    <stop arrival="11:00" departure="11:00">Flatevad N, Osterøy</stop>
    <stop arrival="11:00" departure="11:00">Nyleitet, Osterøy</stop>
    <stop arrival="11:01" departure="11:01">Hatland v ungdomsskulen</stop>
    <stop arrival="11:02" departure="11:02">Lonevåg v Rådhuset</stop>
    <stop arrival="11:03" departure="11:03">Lonevåg v Coop</stop>
    <stop arrival="11:04">Lonevåg terminal</stop>
  </route>
  <route no="398" destination="Arna terminal" url="http://www.web2051.no/bin/tp/zuginfo.exe/on/245787/83037/754996/295569/1/" trafficDays="kjører Lø, ikke 1. Mai">
    <stop departure="10:18" routeNo="398">Olsnesskiftet</stop>
    <stop arrival="10:19" departure="10:19">Olsnesskiftet</stop>
    <stop arrival="10:20" departure="10:20">Bruvik v byggefelt</stop>
    <stop arrival="10:20" departure="10:20">Bruvik v butikken</stop>
    <stop arrival="10:21" departure="10:21">Bruvik 1</stop>
    <stop arrival="10:24" departure="10:24">Bruvik v Lushalien</stop>
    <stop arrival="10:24" departure="10:24">Bruvik Ytre</stop>
    <stop arrival="10:25" departure="10:25">Hekland</stop>
    <stop arrival="10:26" departure="10:26">Hekland</stop>
    <stop arrival="10:29" departure="10:29">Skaftå bru</stop>
    <stop arrival="10:30" departure="10:30">Skaftå m butikk</stop>
    <stop arrival="10:30" departure="10:30">Vik (Bruvik)</stop>
    <stop arrival="10:31" departure="10:31">Vik (Bruvik)</stop>
    <stop arrival="10:31" departure="10:31">Vik (Bruvik)</stop>
    <stop arrival="10:32" departure="10:32">Stokke (Osterøy)</stop>
    <stop arrival="10:32" departure="10:32">Stokke (Osterøy)</stop>
    <stop arrival="10:33" departure="10:33">Vimmelvik</stop>
    <stop arrival="10:34" departure="10:34">Vimmelvik</stop>
    <stop arrival="10:35" departure="10:35">Havrå</stop>
    <stop arrival="10:36" departure="10:36">Blom (Osterøy)</stop>
    <stop arrival="10:36" departure="10:36">Blom (Osterøy)</stop>
    <stop arrival="10:37" departure="10:37">Hundhammer (Osterøy)</stop>
    <stop arrival="10:39" departure="10:39">Kvisti (Osterøy)</stop>
    <stop arrival="10:44" departure="10:44">Ambogen vkr</stop>
    <stop arrival="10:45" departure="10:45">Mjeldalen Øvre</stop>
    <stop arrival="10:46" departure="10:46">Mjeldalen v Ungdomsshus</stop>
    <stop arrival="10:46" departure="10:46">Mjeldalen</stop>
    <stop arrival="10:47" departure="10:47">Mjeldalen v gml kommunehus</stop>
    <stop arrival="10:49" departure="10:49">Haus</stop>
    <stop arrival="10:50" departure="10:50">Åsheimveien</stop>
    <stop arrival="10:50" departure="10:50">Haus</stop>
    <stop arrival="10:50" departure="10:50">Leikneset</stop>
    <stop arrival="10:51" departure="10:51">Leikneset</stop>
    <stop arrival="10:52" departure="10:52">Leikneset</stop>
    <stop arrival="10:54" departure="10:54">Vikne nord</stop>
    <stop arrival="10:55" departure="10:55">Vikne</stop>
    <stop arrival="10:56" departure="10:56">Vikne sør</stop>
    <stop arrival="10:57" departure="10:57">Kvisti (Osterøy)</stop>
    <stop arrival="11:00" departure="11:00">Takvam rundkøyring</stop>
    <stop arrival="11:01" departure="11:01">Tunestveit</stop>
    <stop arrival="11:02" departure="11:02">Tunestveit</stop>
    <stop arrival="11:02" departure="11:02">Tunes skule</stop>
    <stop arrival="11:02" departure="11:02">Tunes</stop>
    <stop arrival="11:03" departure="11:03">Garnesmarka øst</stop>
    <stop arrival="11:04" departure="11:04">Garnesmarka</stop>
    <stop arrival="11:04" departure="11:04">Garnesmarka vest</stop>
    <stop arrival="11:04" departure="11:04">Garnes vid.skule</stop>
    <stop arrival="11:05" departure="11:05">Garnes- v Gymnaset</stop>
    <stop arrival="11:07" departure="11:07">Garneshøgden</stop>
    <stop arrival="11:08" departure="11:08">Seimsmark</stop>
    <stop arrival="11:10" departure="11:10">Beyer (Arna)</stop>
    <stop arrival="11:12" departure="11:12">Bommane (Arna)</stop>
    <stop arrival="11:15">Arna terminal</stop>
  </route>
  <route no="394" destination="Haus" url="http://www.web2051.no/bin/tp/zuginfo.exe/on/737130/246778/173210/159105/1/" trafficDays="kjører Lø, ikke 1. Mai">
    <stop departure="10:57" routeNo="394">Kvisti (Osterøy)</stop>
    <stop arrival="10:58" departure="10:58">Vikne sør</stop>
    <stop arrival="10:59" departure="10:59">Vikne</stop>
    <stop arrival="11:00" departure="11:00">Vikne nord</stop>
    <stop arrival="11:01" departure="11:01">Leikneset</stop>
    <stop arrival="11:02" departure="11:02">Leikneset</stop>
    <stop arrival="11:03" departure="11:03">Leikneset</stop>
    <stop arrival="11:04" departure="11:04">Haus</stop>
    <stop arrival="11:04" departure="11:04">Åsheimveien</stop>
    <stop arrival="11:05">Haus</stop>
  </route>
</routes>
