<?xml version="1.0" encoding="UTF-8"?>
<routes>
  <route no="251" destination="Åsane terminal" url="http://www.web2051.no/bin/tp/zuginfo.exe/on/148140/54415/392666/146954/1/" trafficDays="kjører Ma - Fr, ikke 13., 17., 24. Mai">
    <stop departure="10:00" routeNo="251">Vågsrinden snuplass</stop>
    <stop arrival="10:01" departure="10:01">Vågsrinden øvre</stop>
    <stop arrival="10:02" departure="10:02">Vågsrinden nedre</stop>
    <stop arrival="10:04" departure="10:04">Liavegen (Åsane)</stop>
    <stop arrival="10:05" departure="10:05">Domus Nyborg</stop>
    <stop arrival="10:06" departure="10:06">Nyborg</stop>
    <stop arrival="10:07" departure="10:07">Salhuskrysset</stop>
    <stop arrival="10:08" departure="10:08">Litleåskryss</stop>
    <stop arrival="10:09" departure="10:09">Rollandskrysset</stop>
    <stop arrival="10:10">Åsane terminal</stop>
  </route>
  <route no="285" destination="Åsane terminal" url="http://www.web2051.no/bin/tp/zuginfo.exe/on/40812/18837/964818/468806/1/" trafficDays="kjører Ma - Fr, ikke 13., 17., 24. Mai">
    <stop departure="9:55" routeNo="285">Breistein snuplass</stop>
    <stop arrival="9:56" departure="9:56">Såtavegen</stop>
    <stop arrival="9:56" departure="9:56">Eikemo (Åsane)</stop>
    <stop arrival="9:57" departure="9:57">Breistein kai</stop>
    <stop arrival="9:58" departure="9:58">Kaiveg</stop>
    <stop arrival="10:00" departure="10:00">Vollane</stop>
    <stop arrival="10:03" departure="10:03">Vestlandsheimen</stop>
    <stop arrival="10:05" departure="10:05">Myrsæter</stop>
    <stop arrival="10:05" departure="10:05">Haukås barnehage</stop>
    <stop arrival="10:06" departure="10:06">Haukåsvegen</stop>
    <stop arrival="10:07" departure="10:07">Vikaleitet</stop>
    <stop arrival="10:08" departure="10:08">Eikås</stop>
    <stop arrival="10:08" departure="10:08">Vågsbotn</stop>
    <stop arrival="10:09" departure="10:09">Liavegen (Åsane)</stop>
    <stop arrival="10:10" departure="10:10">Domus Nyborg</stop>
    <stop arrival="10:12" departure="10:12">Nyborg</stop>
    <stop arrival="10:13" departure="10:13">Salhuskrysset</stop>
    <stop arrival="10:14" departure="10:14">Litleåskryss</stop>
    <stop arrival="10:14" departure="10:14">Rollandskrysset</stop>
    <stop arrival="10:15">Åsane terminal</stop>
  </route>
  <route no="285" destination="Åsane terminal" url="http://www.web2051.no/bin/tp/zuginfo.exe/on/832101/282576/704542/74904/1/" trafficDays="kjører Lø, Sø, også 13., 17., 24. Mai">
    <stop departure="9:55" routeNo="285">Breistein snuplass</stop>
    <stop arrival="9:57" departure="9:57">Såtavegen</stop>
    <stop arrival="9:58" departure="9:58">Eikemo (Åsane)</stop>
    <stop arrival="10:00" departure="10:00">Breistein kai</stop>
    <stop arrival="10:01" departure="10:01">Kaiveg</stop>
    <stop arrival="10:02" departure="10:02">Vollane</stop>
    <stop arrival="10:04" departure="10:04">Vestlandsheimen</stop>
    <stop arrival="10:05" departure="10:05">Myrsæter</stop>
    <stop arrival="10:05" departure="10:05">Haukås barnehage</stop>
    <stop arrival="10:06" departure="10:06">Haukåsvegen</stop>
    <stop arrival="10:08" departure="10:08">Vikaleitet</stop>
    <stop arrival="10:09" departure="10:09">Eikås</stop>
    <stop arrival="10:10" departure="10:10">Vågsbotn</stop>
    <stop arrival="10:11" departure="10:11">Liavegen (Åsane)</stop>
    <stop arrival="10:11" departure="10:11">Domus Nyborg</stop>
    <stop arrival="10:12" departure="10:12">Nyborg</stop>
    <stop arrival="10:13" departure="10:13">Salhuskrysset</stop>
    <stop arrival="10:14" departure="10:14">Litleåskryss</stop>
    <stop arrival="10:14" departure="10:14">Rollandskrysset</stop>
    <stop arrival="10:15">Åsane terminal</stop>
  </route>
  <route no="251" destination="Vågsrinden snuplass" url="http://www.web2051.no/bin/tp/zuginfo.exe/on/65880/26988/384372/170226/1/" trafficDays="kjører Lø, ikke 1. Mai">
    <stop departure="10:05" routeNo="251">Åsane terminal</stop>
    <stop arrival="10:06" departure="10:06">Rollandskrysset</stop>
    <stop arrival="10:07" departure="10:07">Litleåskryss</stop>
    <stop arrival="10:08" departure="10:08">Salhuskrysset</stop>
    <stop arrival="10:08" departure="10:08">Nyborg</stop>
    <stop arrival="10:09" departure="10:09">Domus Nyborg</stop>
    <stop arrival="10:10" departure="10:10">Liavegen (Åsane)</stop>
    <stop arrival="10:13" departure="10:13">Vågsrinden nedre</stop>
    <stop arrival="10:13" departure="10:13">Vågsrinden øvre</stop>
    <stop arrival="10:15">Vågsrinden snuplass</stop>
  </route>
  <route no="270" destination="Ytre Arna Sentrum" url="http://www.web2051.no/bin/tp/zuginfo.exe/on/646068/220462/127052/151830/1/" trafficDays="kjører Fr">
    <stop departure="10:15" routeNo="270">Domus Nyborg</stop>
    <stop arrival="10:16" departure="10:16">Liavegen (Åsane)</stop>
    <stop arrival="10:17" departure="10:17">Vågsbotn</stop>
    <stop arrival="10:18" departure="10:18">Birkeland (Åsane)</stop>
    <stop arrival="10:18" departure="10:18">Blindheimsdalen</stop>
    <stop arrival="10:19" departure="10:19">Blindheim vest</stop>
    <stop arrival="10:19" departure="10:19">Blindheim øst</stop>
    <stop arrival="10:19" departure="10:19">Hetlebakkskiftet</stop>
    <stop arrival="10:20" departure="10:20">Kalsåsvatn</stop>
    <stop arrival="10:21" departure="10:21">Kalsåsvegen</stop>
    <stop arrival="10:22" departure="10:22">Hauglandskiftet</stop>
    <stop arrival="10:23" departure="10:23">Neset (Gaupås)</stop>
    <stop arrival="10:24" departure="10:24">Gamsevegen</stop>
    <stop arrival="10:25" departure="10:25">Orfallet</stop>
    <stop arrival="10:27">Ytre Arna Sentrum</stop>
  </route>
  <route no="280" destination="Bergen Busstasjon" url="http://www.web2051.no/bin/tp/zuginfo.exe/on/460935/158830/660722/176718/1/" trafficDays="kjører Ma - Fr, ikke 13., 17., 24. Mai">
    <stop departure="9:53" routeNo="280">Salhus kai</stop>
    <stop arrival="9:53" departure="9:53">Samhold</stop>
    <stop arrival="9:55" departure="9:55">Slettebakken</stop>
    <stop arrival="9:57" departure="9:57">Sveisbakken</stop>
    <stop arrival="9:58" departure="9:58">Klauvarinden</stop>
    <stop arrival="9:59" departure="9:59">Tellevik</stop>
    <stop arrival="10:00" departure="10:00">Falkangervegen</stop>
    <stop arrival="10:01" departure="10:01">Hordvik post</stop>
    <stop arrival="10:02" departure="10:02">Grøvlesvingen</stop>
    <stop arrival="10:03" departure="10:03">Grøvlesvingen</stop>
    <stop arrival="10:03" departure="10:03">Grøvle (Åsane)</stop>
    <stop arrival="10:03" departure="10:03">Hordvikhamnen</stop>
    <stop arrival="10:04" departure="10:04">Ulstein kryss</stop>
    <stop arrival="10:04" departure="10:04">Ulstein</stop>
    <stop arrival="10:05" departure="10:05">Ulstein snuplass</stop>
    <stop arrival="10:06" departure="10:06">Hordvik skole nedre</stop>
    <stop arrival="10:07" departure="10:07">Hordvikhamnen</stop>
    <stop arrival="10:08" departure="10:08">Nesjavegen</stop>
    <stop arrival="10:09" departure="10:09">Langamyrene</stop>
    <stop arrival="10:10" departure="10:10">Tuft (Åsane)</stop>
    <stop arrival="10:11" departure="10:11">Hylkje</stop>
    <stop arrival="10:13" departure="10:13">Almåsvegen</stop>
    <stop arrival="10:14" departure="10:14">Haukåsskogen</stop>
    <stop arrival="10:15" departure="10:15">Myrsæter</stop>
    <stop arrival="10:15" departure="10:15">Haukås barnehage</stop>
    <stop arrival="10:16" departure="10:16">Haukåsvegen</stop>
    <stop arrival="10:17" departure="10:17">Vikaleitet</stop>
    <stop arrival="10:18" departure="10:18">Eikås</stop>
    <stop arrival="10:18" departure="10:18">Vågsbotn</stop>
    <stop arrival="10:19" departure="10:19">Liavegen (Åsane)</stop>
    <stop arrival="10:20" departure="10:20">Domus Nyborg</stop>
    <stop arrival="10:22" departure="10:22">Nyborg</stop>
    <stop arrival="10:23" departure="10:23">Salhuskrysset</stop>
    <stop arrival="10:24" departure="10:24">Litleåskryss</stop>
    <stop arrival="10:24" departure="10:24">Rollandskrysset</stop>
    <stop arrival="10:25" departure="10:25">Åsane terminal</stop>
    <stop arrival="10:30" departure="10:30">Eidsvåg</stop>
    <stop arrival="10:32" departure="10:32">Handelshøyskolen</stop>
    <stop arrival="10:37" departure="10:37">Nyhavnsvei (Gamle Bergen)</stop>
    <stop arrival="10:38" departure="10:38">Munkebotten</stop>
    <stop arrival="10:39" departure="10:39">Ludebryggen</stop>
    <stop arrival="10:40" departure="10:40">Sandvikstorget</stop>
    <stop arrival="10:42" departure="10:42">Skutevikstorget</stop>
    <stop arrival="10:43" departure="10:43">Bontelabo</stop>
    <stop arrival="10:45" departure="10:45">Slottsgaten</stop>
    <stop arrival="10:45" departure="10:45">Bryggen</stop>
    <stop arrival="10:47" departure="10:47">Olav Kyrres gate</stop>
    <stop arrival="10:50">Bergen Busstasjon</stop>
  </route>
  <route no="251" destination="Åsane terminal" url="http://www.web2051.no/bin/tp/zuginfo.exe/on/441903/152330/144496/75053/1/" trafficDays="kjører Lø, ikke 1. Mai">
    <stop departure="10:15" routeNo="251">Vågsrinden snuplass</stop>
    <stop arrival="10:17" departure="10:17">Vågsrinden øvre</stop>
    <stop arrival="10:18" departure="10:18">Vågsrinden nedre</stop>
    <stop arrival="10:20" departure="10:20">Liavegen (Åsane)</stop>
    <stop arrival="10:21" departure="10:21">Domus Nyborg</stop>
    <stop arrival="10:22" departure="10:22">Nyborg</stop>
    <stop arrival="10:22" departure="10:22">Salhuskrysset</stop>
    <stop arrival="10:23" departure="10:23">Litleåskryss</stop>
    <stop arrival="10:24" departure="10:24">Rollandskrysset</stop>
    <stop arrival="10:25">Åsane terminal</stop>
  </route>
  <route no="280" destination="Bergen Busstasjon" url="http://www.web2051.no/bin/tp/zuginfo.exe/on/2973/6149/97852/47936/1/" trafficDays="kjører Lø, ikke 1. Mai">
    <stop departure="9:53" routeNo="280">Salhus kai</stop>
    <stop arrival="9:53" departure="9:53">Samhold</stop>
    <stop arrival="9:55" departure="9:55">Slettebakken</stop>
    <stop arrival="9:57" departure="9:57">Sveisbakken</stop>
    <stop arrival="9:58" departure="9:58">Klauvarinden</stop>
    <stop arrival="9:59" departure="9:59">Tellevik</stop>
    <stop arrival="10:00" departure="10:00">Falkangervegen</stop>
    <stop arrival="10:01" departure="10:01">Hordvik post</stop>
    <stop arrival="10:02" departure="10:02">Grøvlesvingen</stop>
    <stop arrival="10:03" departure="10:03">Grøvlesvingen</stop>
    <stop arrival="10:03" departure="10:03">Grøvle (Åsane)</stop>
    <stop arrival="10:03" departure="10:03">Hordvikhamnen</stop>
    <stop arrival="10:04" departure="10:04">Ulstein kryss</stop>
    <stop arrival="10:04" departure="10:04">Ulstein</stop>
    <stop arrival="10:05" departure="10:05">Ulstein snuplass</stop>
    <stop arrival="10:07" departure="10:07">Hordvik skole nedre</stop>
    <stop arrival="10:09" departure="10:09">Hordvikhamnen</stop>
    <stop arrival="10:10" departure="10:10">Nesjavegen</stop>
    <stop arrival="10:11" departure="10:11">Langamyrene</stop>
    <stop arrival="10:12" departure="10:12">Tuft (Åsane)</stop>
    <stop arrival="10:13" departure="10:13">Hylkje</stop>
    <stop arrival="10:15" departure="10:15">Almåsvegen</stop>
    <stop arrival="10:16" departure="10:16">Haukåsskogen</stop>
    <stop arrival="10:17" departure="10:17">Myrsæter</stop>
    <stop arrival="10:18" departure="10:18">Haukås barnehage</stop>
    <stop arrival="10:18" departure="10:18">Haukåsvegen</stop>
    <stop arrival="10:21" departure="10:21">Vikaleitet</stop>
    <stop arrival="10:22" departure="10:22">Eikås</stop>
    <stop arrival="10:23" departure="10:23">Vågsbotn</stop>
    <stop arrival="10:24" departure="10:24">Liavegen (Åsane)</stop>
    <stop arrival="10:24" departure="10:24">Domus Nyborg</stop>
    <stop arrival="10:25" departure="10:25">Nyborg</stop>
    <stop arrival="10:26" departure="10:26">Salhuskrysset</stop>
    <stop arrival="10:27" departure="10:27">Litleåskryss</stop>
    <stop arrival="10:27" departure="10:27">Rollandskrysset</stop>
    <stop arrival="10:28" departure="10:28">Åsane terminal</stop>
    <stop arrival="10:33" departure="10:33">Eidsvåg</stop>
    <stop arrival="10:35" departure="10:35">Handelshøyskolen</stop>
    <stop arrival="10:40" departure="10:40">Nyhavnsvei (Gamle Bergen)</stop>
    <stop arrival="10:41" departure="10:41">Munkebotten</stop>
    <stop arrival="10:42" departure="10:42">Ludebryggen</stop>
    <stop arrival="10:43" departure="10:43">Sandvikstorget</stop>
    <stop arrival="10:45" departure="10:45">Skutevikstorget</stop>
    <stop arrival="10:46" departure="10:46">Bontelabo</stop>
    <stop arrival="10:48" departure="10:48">Slottsgaten</stop>
    <stop arrival="10:48" departure="10:48">Bryggen</stop>
    <stop arrival="10:50" departure="10:50">Olav Kyrres gate</stop>
    <stop arrival="10:53">Bergen Busstasjon</stop>
  </route>
  <route no="270" destination="Sletta snuplass" url="http://www.web2051.no/bin/tp/zuginfo.exe/on/618681/211287/238962/86746/1/" trafficDays="kjører Sø, også 1., 13., 17., 24. Mai">
    <stop departure="10:20" routeNo="270">Åsane terminal</stop>
    <stop arrival="10:21" departure="10:21">Rollandskrysset</stop>
    <stop arrival="10:21" departure="10:21">Litleåskryss</stop>
    <stop arrival="10:22" departure="10:22">Salhuskrysset</stop>
    <stop arrival="10:23" departure="10:23">Nyborg</stop>
    <stop arrival="10:24" departure="10:24">Domus Nyborg</stop>
    <stop arrival="10:24" departure="10:24">Liavegen (Åsane)</stop>
    <stop arrival="10:25" departure="10:25">Vågsbotn</stop>
    <stop arrival="10:26" departure="10:26">Birkeland (Åsane)</stop>
    <stop arrival="10:27" departure="10:27">Blindheimsdalen</stop>
    <stop arrival="10:28" departure="10:28">Blindheim vest</stop>
    <stop arrival="10:29" departure="10:29">Blindheim øst</stop>
    <stop arrival="10:29" departure="10:29">Hetlebakkskiftet</stop>
    <stop arrival="10:30" departure="10:30">Kalsåsvatn</stop>
    <stop arrival="10:31" departure="10:31">Kalsåsvegen</stop>
    <stop arrival="10:31" departure="10:31">Hauglandskiftet</stop>
    <stop arrival="10:32" departure="10:32">Neset (Gaupås)</stop>
    <stop arrival="10:33" departure="10:33">Gamsevegen</stop>
    <stop arrival="10:34" departure="10:34">Orfallet</stop>
    <stop arrival="10:35" departure="10:35">Ytre Arna Sentrum</stop>
    <stop arrival="10:37" departure="10:37">Ytre Arna Kirke</stop>
    <stop arrival="10:39" departure="10:39">Sægarsveg</stop>
    <stop arrival="10:40">Sletta snuplass</stop>
  </route>
  <route no="280" destination="Åsane terminal" url="http://www.web2051.no/bin/tp/zuginfo.exe/on/453189/156205/271182/15472/1/" trafficDays="kjører Sø, også 1., 13., 17., 24. Mai">
    <stop departure="10:05" routeNo="280">Klauvarinden</stop>
    <stop arrival="10:06" departure="10:06">Tellevik</stop>
    <stop arrival="10:07" departure="10:07">Falkangervegen</stop>
    <stop arrival="10:08" departure="10:08">Hordvik post</stop>
    <stop arrival="10:09" departure="10:09">Grøvlesvingen</stop>
    <stop arrival="10:10" departure="10:10">Grøvlesvingen</stop>
    <stop arrival="10:10" departure="10:10">Grøvle (Åsane)</stop>
    <stop arrival="10:10" departure="10:10">Hordvikhamnen</stop>
    <stop arrival="10:11" departure="10:11">Ulstein kryss</stop>
    <stop arrival="10:11" departure="10:11">Ulstein</stop>
    <stop arrival="10:12" departure="10:12">Ulstein snuplass</stop>
    <stop arrival="10:13" departure="10:13">Hordvik skole nedre</stop>
    <stop arrival="10:14" departure="10:14">Hordvikhamnen</stop>
    <stop arrival="10:15" departure="10:15">Nesjavegen</stop>
    <stop arrival="10:15" departure="10:15">Langamyrene</stop>
    <stop arrival="10:16" departure="10:16">Tuft (Åsane)</stop>
    <stop arrival="10:17" departure="10:17">Hylkje</stop>
    <stop arrival="10:18" departure="10:18">Almåsvegen</stop>
    <stop arrival="10:19" departure="10:19">Haukåsskogen</stop>
    <stop arrival="10:20" departure="10:20">Myrsæter</stop>
    <stop arrival="10:20" departure="10:20">Haukås barnehage</stop>
    <stop arrival="10:21" departure="10:21">Haukåsvegen</stop>
    <stop arrival="10:23" departure="10:23">Vikaleitet</stop>
    <stop arrival="10:24" departure="10:24">Eikås</stop>
    <stop arrival="10:25" departure="10:25">Vågsbotn</stop>
    <stop arrival="10:26" departure="10:26">Liavegen (Åsane)</stop>
    <stop arrival="10:26" departure="10:26">Domus Nyborg</stop>
    <stop arrival="10:27" departure="10:27">Nyborg</stop>
    <stop arrival="10:28" departure="10:28">Salhuskrysset</stop>
    <stop arrival="10:29" departure="10:29">Litleåskryss</stop>
    <stop arrival="10:29" departure="10:29">Rollandskrysset</stop>
    <stop arrival="10:30">Åsane terminal</stop>
  </route>
  <route no="270" destination="Arna terminal" url="http://www.web2051.no/bin/tp/zuginfo.exe/on/935136/316820/791212/83894/1/" trafficDays="kjører Ma - Fr, ikke 13., 17., 24. Mai">
    <stop departure="10:30" routeNo="270">Åsane terminal</stop>
    <stop arrival="10:31" departure="10:31">Rollandskrysset</stop>
    <stop arrival="10:31" departure="10:31">Litleåskryss</stop>
    <stop arrival="10:32" departure="10:32">Salhuskrysset</stop>
    <stop arrival="10:33" departure="10:33">Nyborg</stop>
    <stop arrival="10:35" departure="10:35">Domus Nyborg</stop>
    <stop arrival="10:36" departure="10:36">Liavegen (Åsane)</stop>
    <stop arrival="10:37" departure="10:37">Vågsbotn</stop>
    <stop arrival="10:38" departure="10:38">Birkeland (Åsane)</stop>
    <stop arrival="10:38" departure="10:38">Blindheimsdalen</stop>
    <stop arrival="10:39" departure="10:39">Blindheim vest</stop>
    <stop arrival="10:39" departure="10:39">Blindheim øst</stop>
    <stop arrival="10:39" departure="10:39">Hetlebakkskiftet</stop>
    <stop arrival="10:40" departure="10:40">Kalsåsvatn</stop>
    <stop arrival="10:41" departure="10:41">Kalsåsvegen</stop>
    <stop arrival="10:42" departure="10:42">Hauglandskiftet</stop>
    <stop arrival="10:43" departure="10:43">Neset (Gaupås)</stop>
    <stop arrival="10:44" departure="10:44">Gamsevegen</stop>
    <stop arrival="10:45" departure="10:45">Orfallet</stop>
    <stop arrival="10:47" departure="10:47">Ytre Arna Sentrum</stop>
    <stop arrival="10:49" departure="10:49">Ytre Arna Kirke</stop>
    <stop arrival="10:51" departure="10:51">Sægarsveg</stop>
    <stop arrival="10:52" departure="10:52">Sletta snuplass</stop>
    <stop arrival="10:53" departure="10:53">Kvamstø</stop>
    <stop arrival="10:54" departure="10:54">Festtangen</stop>
    <stop arrival="10:55" departure="10:55">Ytre Arna gård</stop>
    <stop arrival="10:55" departure="10:55">Solberg (Bergen)</stop>
    <stop arrival="10:56" departure="10:56">Holmen (Arna)</stop>
    <stop arrival="10:56" departure="10:56">Listøl</stop>
    <stop arrival="10:57" departure="10:57">Listøl</stop>
    <stop arrival="10:58" departure="10:58">Ytre Arna vegen v.nr 204</stop>
    <stop arrival="11:00">Arna terminal</stop>
  </route>
  <route no="280" destination="Salhus kai" url="http://www.web2051.no/bin/tp/zuginfo.exe/on/401232/138903/710452/221482/1/" trafficDays="kjører Lø, ikke 1. Mai">
    <stop departure="10:10" routeNo="280">Bergen Busstasjon</stop>
    <stop arrival="10:11" departure="10:11">Christies gate (Festplassen)</stop>
    <stop arrival="10:13" departure="10:13">Torget (Bergen)</stop>
    <stop arrival="10:14" departure="10:14">Bryggen</stop>
    <stop arrival="10:14" departure="10:14">Slottsgaten</stop>
    <stop arrival="10:16" departure="10:16">Bontelabo</stop>
    <stop arrival="10:16" departure="10:16">Skutevikstorget</stop>
    <stop arrival="10:17" departure="10:17">Sjøgaten</stop>
    <stop arrival="10:18" departure="10:18">Sandvikstorget</stop>
    <stop arrival="10:19" departure="10:19">Ludebryggen</stop>
    <stop arrival="10:20" departure="10:20">Munkebotten</stop>
    <stop arrival="10:21" departure="10:21">Nyhavnsvei (Gamle Bergen)</stop>
    <stop arrival="10:23" departure="10:23">Handelshøyskolen</stop>
    <stop arrival="10:25" departure="10:25">Eidsvåg</stop>
    <stop arrival="10:30" departure="10:30">Åsane terminal</stop>
    <stop arrival="10:31" departure="10:31">Rollandskrysset</stop>
    <stop arrival="10:31" departure="10:31">Litleåskryss</stop>
    <stop arrival="10:32" departure="10:32">Salhuskrysset</stop>
    <stop arrival="10:33" departure="10:33">Nyborg</stop>
    <stop arrival="10:35" departure="10:35">Domus Nyborg</stop>
    <stop arrival="10:36" departure="10:36">Liavegen (Åsane)</stop>
    <stop arrival="10:37" departure="10:37">Vågsbotn</stop>
    <stop arrival="10:37" departure="10:37">Eikås</stop>
    <stop arrival="10:38" departure="10:38">Vikaleitet</stop>
    <stop arrival="10:39" departure="10:39">Haukåsvegen</stop>
    <stop arrival="10:40" departure="10:40">Haukås barnehage</stop>
    <stop arrival="10:40" departure="10:40">Myrsæter</stop>
    <stop arrival="10:41" departure="10:41">Haukåsskogen</stop>
    <stop arrival="10:42" departure="10:42">Almåsvegen</stop>
    <stop arrival="10:43" departure="10:43">Hylkje</stop>
    <stop arrival="10:44" departure="10:44">Tuft (Åsane)</stop>
    <stop arrival="10:45" departure="10:45">Langamyrene</stop>
    <stop arrival="10:45" departure="10:45">Nesjavegen</stop>
    <stop arrival="10:46" departure="10:46">Grøvle (Åsane)</stop>
    <stop arrival="10:46" departure="10:46">Hordvikhamnen</stop>
    <stop arrival="10:47" departure="10:47">Ulstein kryss</stop>
    <stop arrival="10:47" departure="10:47">Ulstein</stop>
    <stop arrival="10:48" departure="10:48">Ulstein snuplass</stop>
    <stop arrival="10:52" departure="10:52">Grøvle (Åsane)</stop>
    <stop arrival="10:52" departure="10:52">Grøvlesvingen</stop>
    <stop arrival="10:54" departure="10:54">Hordvik gård</stop>
    <stop arrival="10:55" departure="10:55">Hordvik skole</stop>
    <stop arrival="10:55" departure="10:55">Falkangervegen</stop>
    <stop arrival="10:57" departure="10:57">Tellevik</stop>
    <stop arrival="10:58" departure="10:58">Klauvarinden</stop>
    <stop arrival="10:59" departure="10:59">Sveisbakken</stop>
    <stop arrival="11:02" departure="11:02">Slettebakken</stop>
    <stop arrival="11:04" departure="11:04">Samhold</stop>
    <stop arrival="11:05">Salhus kai</stop>
  </route>
  <route no="280" destination="Salhus kai" url="http://www.web2051.no/bin/tp/zuginfo.exe/on/938880/318146/233768/196077/1/" trafficDays="kjører Ma - Fr, ikke 13., 17., 24. Mai">
    <stop departure="10:10" routeNo="280">Bergen Busstasjon</stop>
    <stop arrival="10:11" departure="10:11">Christies gate (Festplassen)</stop>
    <stop arrival="10:13" departure="10:13">Torget (Bergen)</stop>
    <stop arrival="10:14" departure="10:14">Bryggen</stop>
    <stop arrival="10:14" departure="10:14">Slottsgaten</stop>
    <stop arrival="10:16" departure="10:16">Bontelabo</stop>
    <stop arrival="10:16" departure="10:16">Skutevikstorget</stop>
    <stop arrival="10:17" departure="10:17">Sjøgaten</stop>
    <stop arrival="10:18" departure="10:18">Sandvikstorget</stop>
    <stop arrival="10:19" departure="10:19">Ludebryggen</stop>
    <stop arrival="10:20" departure="10:20">Munkebotten</stop>
    <stop arrival="10:21" departure="10:21">Nyhavnsvei (Gamle Bergen)</stop>
    <stop arrival="10:23" departure="10:23">Handelshøyskolen</stop>
    <stop arrival="10:25" departure="10:25">Eidsvåg</stop>
    <stop arrival="10:30" departure="10:30">Åsane terminal</stop>
    <stop arrival="10:31" departure="10:31">Rollandskrysset</stop>
    <stop arrival="10:31" departure="10:31">Litleåskryss</stop>
    <stop arrival="10:32" departure="10:32">Salhuskrysset</stop>
    <stop arrival="10:33" departure="10:33">Nyborg</stop>
    <stop arrival="10:35" departure="10:35">Domus Nyborg</stop>
    <stop arrival="10:36" departure="10:36">Liavegen (Åsane)</stop>
    <stop arrival="10:37" departure="10:37">Vågsbotn</stop>
    <stop arrival="10:37" departure="10:37">Eikås</stop>
    <stop arrival="10:38" departure="10:38">Vikaleitet</stop>
    <stop arrival="10:39" departure="10:39">Haukåsvegen</stop>
    <stop arrival="10:40" departure="10:40">Haukås barnehage</stop>
    <stop arrival="10:40" departure="10:40">Myrsæter</stop>
    <stop arrival="10:41" departure="10:41">Haukåsskogen</stop>
    <stop arrival="10:42" departure="10:42">Almåsvegen</stop>
    <stop arrival="10:43" departure="10:43">Hylkje</stop>
    <stop arrival="10:44" departure="10:44">Tuft (Åsane)</stop>
    <stop arrival="10:45" departure="10:45">Langamyrene</stop>
    <stop arrival="10:45" departure="10:45">Nesjavegen</stop>
    <stop arrival="10:46" departure="10:46">Grøvle (Åsane)</stop>
    <stop arrival="10:46" departure="10:46">Hordvikhamnen</stop>
    <stop arrival="10:47" departure="10:47">Ulstein kryss</stop>
    <stop arrival="10:47" departure="10:47">Ulstein</stop>
    <stop arrival="10:48" departure="10:48">Ulstein snuplass</stop>
    <stop arrival="10:50" departure="10:50">Grøvle (Åsane)</stop>
    <stop arrival="10:50" departure="10:50">Grøvlesvingen</stop>
    <stop arrival="10:51" departure="10:51">Hordvik gård</stop>
    <stop arrival="10:52" departure="10:52">Hordvik skole</stop>
    <stop arrival="10:53" departure="10:53">Falkangervegen</stop>
    <stop arrival="10:54" departure="10:54">Tellevik</stop>
    <stop arrival="10:55" departure="10:55">Klauvarinden</stop>
    <stop arrival="10:57" departure="10:57">Sveisbakken</stop>
    <stop arrival="11:01" departure="11:01">Slettebakken</stop>
    <stop arrival="11:04" departure="11:04">Samhold</stop>
    <stop arrival="11:05">Salhus kai</stop>
  </route>
  <route no="270" destination="Arna terminal" url="http://www.web2051.no/bin/tp/zuginfo.exe/on/527157/180795/185942/82750/1/" trafficDays="kjører Lø, ikke 1. Mai">
    <stop departure="10:33" routeNo="270">Åsane terminal</stop>
    <stop arrival="10:34" departure="10:34">Rollandskrysset</stop>
    <stop arrival="10:34" departure="10:34">Litleåskryss</stop>
    <stop arrival="10:35" departure="10:35">Salhuskrysset</stop>
    <stop arrival="10:36" departure="10:36">Nyborg</stop>
    <stop arrival="10:37" departure="10:37">Domus Nyborg</stop>
    <stop arrival="10:37" departure="10:37">Liavegen (Åsane)</stop>
    <stop arrival="10:38" departure="10:38">Vågsbotn</stop>
    <stop arrival="10:39" departure="10:39">Birkeland (Åsane)</stop>
    <stop arrival="10:40" departure="10:40">Blindheimsdalen</stop>
    <stop arrival="10:41" departure="10:41">Blindheim vest</stop>
    <stop arrival="10:42" departure="10:42">Blindheim øst</stop>
    <stop arrival="10:42" departure="10:42">Hetlebakkskiftet</stop>
    <stop arrival="10:43" departure="10:43">Kalsåsvatn</stop>
    <stop arrival="10:44" departure="10:44">Kalsåsvegen</stop>
    <stop arrival="10:44" departure="10:44">Hauglandskiftet</stop>
    <stop arrival="10:45" departure="10:45">Neset (Gaupås)</stop>
    <stop arrival="10:46" departure="10:46">Gamsevegen</stop>
    <stop arrival="10:47" departure="10:47">Orfallet</stop>
    <stop arrival="10:48" departure="10:48">Ytre Arna Sentrum</stop>
    <stop arrival="10:49" departure="10:49">Ytre Arna Kirke</stop>
    <stop arrival="10:50" departure="10:50">Sægarsveg</stop>
    <stop arrival="10:50" departure="10:50">Sletta snuplass</stop>
    <stop arrival="10:51" departure="10:51">Kvamstø</stop>
    <stop arrival="10:52" departure="10:52">Festtangen</stop>
    <stop arrival="10:53" departure="10:53">Ytre Arna gård</stop>
    <stop arrival="10:53" departure="10:53">Solberg (Bergen)</stop>
    <stop arrival="10:54" departure="10:54">Holmen (Arna)</stop>
    <stop arrival="10:54" departure="10:54">Listøl</stop>
    <stop arrival="10:55" departure="10:55">Listøl</stop>
    <stop arrival="10:56" departure="10:56">Ytre Arna vegen v.nr 204</stop>
    <stop arrival="10:58">Arna terminal</stop>
  </route>
  <route no="270" destination="Åsane terminal" url="http://www.web2051.no/bin/tp/zuginfo.exe/on/120249/45158/499612/209725/1/" trafficDays="kjører Lø, ikke 1. Mai">
    <stop departure="10:16" routeNo="270">Arna terminal</stop>
    <stop arrival="10:17" departure="10:17">Ytre Arna vegen v.nr 204</stop>
    <stop arrival="10:18" departure="10:18">Listøl</stop>
    <stop arrival="10:18" departure="10:18">Listøl</stop>
    <stop arrival="10:19" departure="10:19">Holmen (Arna)</stop>
    <stop arrival="10:19" departure="10:19">Solberg (Bergen)</stop>
    <stop arrival="10:19" departure="10:19">Ytre Arna gård</stop>
    <stop arrival="10:20" departure="10:20">Festtangen</stop>
    <stop arrival="10:20" departure="10:20">Kvamstø</stop>
    <stop arrival="10:21" departure="10:21">Sletta snuplass</stop>
    <stop arrival="10:23" departure="10:23">Sægarsveg</stop>
    <stop arrival="10:24" departure="10:24">Ytre Arna Kirke</stop>
    <stop arrival="10:26" departure="10:26">Ytre Arna Sentrum</stop>
    <stop arrival="10:26" departure="10:26">Bankaskiftet</stop>
    <stop arrival="10:27" departure="10:27">Orfallet</stop>
    <stop arrival="10:28" departure="10:28">Gamsevegen</stop>
    <stop arrival="10:29" departure="10:29">Neset (Gaupås)</stop>
    <stop arrival="10:30" departure="10:30">Hauglandskiftet</stop>
    <stop arrival="10:30" departure="10:30">Kalsåsvegen</stop>
    <stop arrival="10:31" departure="10:31">Kalsåsvatn</stop>
    <stop arrival="10:32" departure="10:32">Hetlebakkskiftet</stop>
    <stop arrival="10:33" departure="10:33">Blindheim øst</stop>
    <stop arrival="10:33" departure="10:33">Blindheim vest</stop>
    <stop arrival="10:34" departure="10:34">Blindheimsdalen</stop>
    <stop arrival="10:36" departure="10:36">Birkeland (Åsane)</stop>
    <stop arrival="10:38" departure="10:38">Vågsbotn</stop>
    <stop arrival="10:39" departure="10:39">Liavegen (Åsane)</stop>
    <stop arrival="10:39" departure="10:39">Domus Nyborg</stop>
    <stop arrival="10:40" departure="10:40">Nyborg</stop>
    <stop arrival="10:41" departure="10:41">Salhuskrysset</stop>
    <stop arrival="10:42" departure="10:42">Litleåskryss</stop>
    <stop arrival="10:43" departure="10:43">Rollandskrysset</stop>
    <stop arrival="10:45">Åsane terminal</stop>
  </route>
  <route no="270" destination="Åsane terminal" url="http://www.web2051.no/bin/tp/zuginfo.exe/on/61878/25733/208738/83743/1/" trafficDays="kjører Ma - Fr, ikke 13., 17., 24. Mai">
    <stop departure="10:18" routeNo="270">Arna terminal</stop>
    <stop arrival="10:19" departure="10:19">Ytre Arna vegen v.nr 204</stop>
    <stop arrival="10:20" departure="10:20">Listøl</stop>
    <stop arrival="10:20" departure="10:20">Listøl</stop>
    <stop arrival="10:21" departure="10:21">Holmen (Arna)</stop>
    <stop arrival="10:21" departure="10:21">Solberg (Bergen)</stop>
    <stop arrival="10:21" departure="10:21">Ytre Arna gård</stop>
    <stop arrival="10:22" departure="10:22">Festtangen</stop>
    <stop arrival="10:22" departure="10:22">Kvamstø</stop>
    <stop arrival="10:23" departure="10:23">Sletta snuplass</stop>
    <stop arrival="10:25" departure="10:25">Sægarsveg</stop>
    <stop arrival="10:26" departure="10:26">Ytre Arna Kirke</stop>
    <stop arrival="10:28" departure="10:28">Ytre Arna Sentrum</stop>
    <stop arrival="10:29" departure="10:29">Bankaskiftet</stop>
    <stop arrival="10:29" departure="10:29">Orfallet</stop>
    <stop arrival="10:30" departure="10:30">Gamsevegen</stop>
    <stop arrival="10:31" departure="10:31">Neset (Gaupås)</stop>
    <stop arrival="10:32" departure="10:32">Hauglandskiftet</stop>
    <stop arrival="10:33" departure="10:33">Kalsåsvegen</stop>
    <stop arrival="10:34" departure="10:34">Kalsåsvatn</stop>
    <stop arrival="10:35" departure="10:35">Hetlebakkskiftet</stop>
    <stop arrival="10:36" departure="10:36">Blindheim øst</stop>
    <stop arrival="10:36" departure="10:36">Blindheim vest</stop>
    <stop arrival="10:37" departure="10:37">Blindheimsdalen</stop>
    <stop arrival="10:38" departure="10:38">Birkeland (Åsane)</stop>
    <stop arrival="10:40" departure="10:40">Vågsbotn</stop>
    <stop arrival="10:41" departure="10:41">Liavegen (Åsane)</stop>
    <stop arrival="10:42" departure="10:42">Domus Nyborg</stop>
    <stop arrival="10:44" departure="10:44">Nyborg</stop>
    <stop arrival="10:45" departure="10:45">Salhuskrysset</stop>
    <stop arrival="10:46" departure="10:46">Litleåskryss</stop>
    <stop arrival="10:46" departure="10:46">Rollandskrysset</stop>
    <stop arrival="10:47">Åsane terminal</stop>
  </route>
  <route no="285" destination="Breistein snuplass" url="http://www.web2051.no/bin/tp/zuginfo.exe/on/873420/296362/764140/90930/1/" trafficDays="kjører Ma - Lø, ikke 1., 13., 17., 24. Mai">
    <stop departure="10:35" routeNo="285">Åsane terminal</stop>
    <stop arrival="10:36" departure="10:36">Rollandskrysset</stop>
    <stop arrival="10:36" departure="10:36">Litleåskryss</stop>
    <stop arrival="10:37" departure="10:37">Salhuskrysset</stop>
    <stop arrival="10:38" departure="10:38">Nyborg</stop>
    <stop arrival="10:40" departure="10:40">Domus Nyborg</stop>
    <stop arrival="10:41" departure="10:41">Liavegen (Åsane)</stop>
    <stop arrival="10:42" departure="10:42">Vågsbotn</stop>
    <stop arrival="10:42" departure="10:42">Eikås</stop>
    <stop arrival="10:43" departure="10:43">Vikaleitet</stop>
    <stop arrival="10:44" departure="10:44">Haukåsvegen</stop>
    <stop arrival="10:45" departure="10:45">Haukås barnehage</stop>
    <stop arrival="10:45" departure="10:45">Myrsæter</stop>
    <stop arrival="10:46" departure="10:46">Bergen Travpark</stop>
    <stop arrival="10:47" departure="10:47">Vestlandsheimen</stop>
    <stop arrival="10:49" departure="10:49">Vollane</stop>
    <stop arrival="10:49" departure="10:49">Kaiveg</stop>
    <stop arrival="10:50" departure="10:50">Breistein kai</stop>
    <stop arrival="10:52" departure="10:52">Eikemo (Åsane)</stop>
    <stop arrival="10:53" departure="10:53">Såtavegen</stop>
    <stop arrival="10:55">Breistein snuplass</stop>
  </route>
  <route no="380" destination="Birkeland (Osterøy)" url="http://www.web2051.no/bin/tp/zuginfo.exe/on/757836/253516/140728/182248/1/" trafficDays="kjører Ma - Fr, ikke 13., 17., 24. Mai">
    <stop departure="10:20" routeNo="380">Bergen Busstasjon</stop>
    <stop departure="10:21">Kaigaten</stop>
    <stop departure="10:22">Torget (Bergen)</stop>
    <stop departure="10:23">Bryggen</stop>
    <stop departure="10:24">Bontelabo</stop>
    <stop departure="10:25">Skutevikstorget</stop>
    <stop departure="10:25">Sjøgaten</stop>
    <stop departure="10:26">Sandvikstorget</stop>
    <stop departure="10:27">Ludebryggen</stop>
    <stop departure="10:27">Munkebotten</stop>
    <stop departure="10:29">Nyhavnsvei (Gamle Bergen)</stop>
    <stop departure="10:30">Handelshøyskolen</stop>
    <stop departure="10:33">Eidsvåg</stop>
    <stop departure="10:38">Åsane terminal</stop>
    <stop departure="10:39">Rollandskrysset</stop>
    <stop departure="10:39">Litleåskryss</stop>
    <stop departure="10:40">Salhuskrysset</stop>
    <stop departure="10:41">Nyborg</stop>
    <stop departure="10:41">Domus Nyborg</stop>
    <stop departure="10:42">Liavegen (Åsane)</stop>
    <stop departure="10:43">Vågsbotn</stop>
    <stop departure="10:43">Eikås</stop>
    <stop departure="10:44">Vikaleitet</stop>
    <stop departure="10:46">Haukåsvegen</stop>
    <stop departure="10:47">Haukås barnehage</stop>
    <stop departure="10:47">Myrsæter</stop>
    <stop departure="10:48">Bergen Travpark</stop>
    <stop departure="10:51">Vestlandsheimen</stop>
    <stop departure="10:56">Vollane</stop>
    <stop departure="10:58">Kaiveg</stop>
    <stop arrival="11:00" departure="11:00">Breistein kai</stop>
    <stop arrival="11:10" departure="11:10">Valestrand</stop>
    <stop arrival="11:10" departure="11:10">Valestrand</stop>
    <stop arrival="11:11" departure="11:11">Bullabrekka (Osterøy)</stop>
    <stop arrival="11:12" departure="11:12">Elvikneset</stop>
    <stop arrival="11:13" departure="11:13">Loftås (Osterøy)</stop>
    <stop arrival="11:13" departure="11:13">Småland</stop>
    <stop arrival="11:14" departure="11:14">Halland, Osterøy</stop>
    <stop arrival="11:14" departure="11:14">Halland S, Osterøy</stop>
    <stop arrival="11:15" departure="11:15">Hauge Industrier (Osterøy)</stop>
    <stop arrival="11:16" departure="11:16">Hauge (Osterøy)</stop>
    <stop arrival="11:17" departure="11:17">Hauge skule (Osterøy)</stop>
    <stop arrival="11:18" departure="11:18">Haugsviksvingen</stop>
    <stop arrival="11:19" departure="11:19">Øyjordsbru</stop>
    <stop arrival="11:22" departure="11:22">Revheim</stop>
    <stop arrival="11:23" departure="11:23">Revheim</stop>
    <stop arrival="11:25" departure="11:25">Lone Bru, Osterøy</stop>
    <stop arrival="11:25" departure="11:25">Lone, Osterøy</stop>
    <stop arrival="11:27" departure="11:27">Lone N , Osterøy</stop>
    <stop arrival="11:29" departure="11:29">Kårvik vkr. (Osterøy)</stop>
    <stop arrival="11:30" departure="11:30">Lonevåg terminal</stop>
    <stop arrival="11:31" departure="11:31">Lonevåg v Coop</stop>
    <stop arrival="11:32" departure="11:32">Lonevåg v Rådhuset</stop>
    <stop arrival="11:32" departure="11:32">Hatland v ungdomsskulen</stop>
    <stop arrival="11:32" departure="11:32">Lonevåg v Rådhuset</stop>
    <stop arrival="11:33" departure="11:33">Lonevåg v Coop</stop>
    <stop arrival="11:33" departure="11:33">Lonevåg terminal</stop>
    <stop arrival="11:34" departure="11:34">Lonevåg N, HSD</stop>
    <stop arrival="11:36" departure="11:36">Geitrheim, Osterøy</stop>
    <stop arrival="11:38" departure="11:38">Bysheim sør</stop>
    <stop arrival="11:38" departure="11:38">Bysheim</stop>
    <stop arrival="11:39" departure="11:39">Bysheim nord</stop>
    <stop arrival="11:40" departure="11:40">Litland S, Osterøy</stop>
    <stop arrival="11:40" departure="11:40">Litland gartneri, Osterøy</stop>
    <stop arrival="11:41" departure="11:41">Helldalstølen, Osterøy</stop>
    <stop arrival="11:42" departure="11:42">Helldal (Osterøy)</stop>
    <stop arrival="11:42" departure="11:42">Helldal vkr Fjellskålnes</stop>
    <stop arrival="11:43" departure="11:43">Helldal (Osterøy)</stop>
    <stop arrival="11:43" departure="11:43">Hoshovde</stop>
    <stop arrival="11:45" departure="11:45">Hosanger</stop>
    <stop arrival="11:45" departure="11:45">Hosanger</stop>
    <stop arrival="11:46" departure="11:46">Børa, Osterøy</stop>
    <stop arrival="11:50" departure="11:50">Gatland, Osterøy</stop>
    <stop arrival="11:51" departure="11:51">Saltverket, Osterøy</stop>
    <stop arrival="11:52" departure="11:52">Fotlandstrand</stop>
    <stop arrival="11:53" departure="11:53">Fotlandstrand v Anylett</stop>
    <stop arrival="11:54" departure="11:54">Fotlandsvåg v skulen</stop>
    <stop arrival="11:55" departure="11:55">Fotlansdvåg sentrum</stop>
    <stop arrival="11:55" departure="11:55">Fotlandsvåg v fokus</stop>
    <stop arrival="11:56" departure="11:56">Hanstveit</stop>
    <stop arrival="11:57" departure="11:57">Bernesskiftet</stop>
    <stop arrival="11:58">Birkeland (Osterøy)</stop>
  </route>
  <route no="251" destination="Vågsrinden snuplass" url="http://www.web2051.no/bin/tp/zuginfo.exe/on/201294/72132/552716/209262/1/" trafficDays="kjører Ma - Fr, ikke 13., 17., 24. Mai">
    <stop departure="10:45" routeNo="251">Åsane terminal</stop>
    <stop arrival="10:46" departure="10:46">Rollandskrysset</stop>
    <stop arrival="10:47" departure="10:47">Litleåskryss</stop>
    <stop arrival="10:49" departure="10:49">Salhuskrysset</stop>
    <stop arrival="10:49" departure="10:49">Nyborg</stop>
    <stop arrival="10:50" departure="10:50">Domus Nyborg</stop>
    <stop arrival="10:51" departure="10:51">Liavegen (Åsane)</stop>
    <stop arrival="10:53" departure="10:53">Vågsrinden nedre</stop>
    <stop arrival="10:53" departure="10:53">Vågsrinden øvre</stop>
    <stop arrival="10:55">Vågsrinden snuplass</stop>
  </route>
</routes>
