<?xml version="1.0" encoding="UTF-8"?>
<routes>
  <route no="512" destination="Grimstad (Fana)" url="http://www.web2051.no/bin/tp/zuginfo.exe/on/880416/298735/961502/187280/1/" trafficDays="kjører Ma - Fr, ikke 13., 17., 24. Mai">
    <stop departure="10:40" routeNo="512">Søreide v/Hydrostasjonen</stop>
    <stop arrival="10:41" departure="10:41">Søreide skole</stop>
    <stop arrival="10:44" departure="10:44">Hammersland (Grimstadvn.)</stop>
    <stop arrival="10:45" departure="10:45">Ytre Hammersland</stop>
    <stop arrival="10:46" departure="10:46">Hope (Grimstad, Fana)</stop>
    <stop arrival="10:47" departure="10:47">Ytre Hope</stop>
    <stop arrival="10:49" departure="10:49">Grimstad handel (Fana)</stop>
    <stop arrival="10:50">Grimstad (Fana)</stop>
  </route>
  <route no="512" destination="Søreide skole" url="http://www.web2051.no/bin/tp/zuginfo.exe/on/128775/48193/503408/208779/1/" trafficDays="kjører Ma - Fr, ikke 13., 17., 24. Mai">
    <stop departure="10:50" routeNo="512">Grimstad (Fana)</stop>
    <stop arrival="10:51" departure="10:51">Grimstad handel (Fana)</stop>
    <stop arrival="10:53" departure="10:53">Ytre Hope</stop>
    <stop arrival="10:55" departure="10:55">Hope (Grimstad, Fana)</stop>
    <stop arrival="10:56" departure="10:56">Ytre Hammersland</stop>
    <stop arrival="10:57" departure="10:57">Hammersland (Grimstadvn.)</stop>
    <stop arrival="11:00">Søreide skole</stop>
  </route>
</routes>
