<?xml version="1.0" encoding="UTF-8"?>
<routes>
  <route no="553" destination="Blomsterdalen" url="http://www.web2051.no/bin/tp/zuginfo.exe/on/268800/95063/114568/32317/1/" trafficDays="kjører Ma - Fr, ikke 13., 17., 24. Mai">
    <stop departure="10:25" routeNo="553">Lagunen</stop>
    <stop arrival="10:26" departure="10:26">Rådal</stop>
    <stop arrival="10:27" departure="10:27">Fana stadion</stop>
    <stop arrival="10:28" departure="10:28">Rå</stop>
    <stop arrival="10:29" departure="10:29">Skeie (Fana)</stop>
    <stop arrival="10:30" departure="10:30">Ytre Midttun</stop>
    <stop arrival="10:32" departure="10:32">Tveitane (Fana)</stop>
    <stop arrival="10:34" departure="10:34">Vågsbøskiftet</stop>
    <stop arrival="10:35" departure="10:35">Grimseidåsen</stop>
    <stop arrival="10:35" departure="10:35">Grimseid snuplass</stop>
    <stop arrival="10:35" departure="10:35">Grimseidåsen</stop>
    <stop arrival="10:36" departure="10:36">Vågsbøskiftet</stop>
    <stop arrival="10:38" departure="10:38">Tveitane (Fana)</stop>
    <stop arrival="10:40" departure="10:40">Ytre Midttun</stop>
    <stop arrival="10:40" departure="10:40">Skeie (Fana)</stop>
    <stop arrival="10:41" departure="10:41">Skage</stop>
    <stop arrival="10:42" departure="10:42">Håvardstun</stop>
    <stop arrival="10:43" departure="10:43">Håvardstun</stop>
    <stop arrival="10:44" departure="10:44">Gomarhaug (Skagevn.)</stop>
    <stop arrival="10:44" departure="10:44">Ytre Birkeland</stop>
    <stop arrival="10:45">Blomsterdalen</stop>
  </route>
  <route no="553" destination="Blomsterdalen" url="http://www.web2051.no/bin/tp/zuginfo.exe/on/825516/280635/203778/173284/1/" trafficDays="kjører Ma - Fr, ikke 13., 17., 24. Mai">
    <stop departure="10:25" routeNo="553">Lagunen</stop>
    <stop arrival="10:26" departure="10:26">Rådal</stop>
    <stop arrival="10:27" departure="10:27">Fana stadion</stop>
    <stop arrival="10:28" departure="10:28">Rå</stop>
    <stop arrival="10:29" departure="10:29">Skeie (Fana)</stop>
    <stop arrival="10:30" departure="10:30">Ytre Midttun</stop>
    <stop arrival="10:32" departure="10:32">Tveitane (Fana)</stop>
    <stop arrival="10:34" departure="10:34">Vågsbøskiftet</stop>
    <stop arrival="10:35" departure="10:35">Grimseidåsen</stop>
    <stop arrival="10:35" departure="10:35">Grimseid snuplass</stop>
    <stop arrival="10:35" departure="10:35">Grimseidåsen</stop>
    <stop arrival="10:36" departure="10:36">Vågsbøskiftet</stop>
    <stop arrival="10:38" departure="10:38">Tveitane (Fana)</stop>
    <stop arrival="10:40" departure="10:40">Ytre Midttun</stop>
    <stop arrival="10:40" departure="10:40">Skeie (Fana)</stop>
    <stop arrival="10:41" departure="10:41">Skage</stop>
    <stop arrival="10:42" departure="10:42">Håvardstun</stop>
    <stop arrival="10:43" departure="10:43">Håvardstun</stop>
    <stop arrival="10:44" departure="10:44">Gomarhaug (Skagevn.)</stop>
    <stop arrival="10:44" departure="10:44">Ytre Birkeland</stop>
    <stop arrival="10:45">Blomsterdalen</stop>
  </route>
</routes>
