<?xml version="1.0" encoding="UTF-8"?>
<routes>
  <route no="270" destination="Åsane terminal" url="http://www.web2051.no/bin/tp/zuginfo.exe/on/163422/59549/310050/100553/1/" trafficDays="kjører Lø, ikke 1. Mai">
    <stop departure="10:16" routeNo="270">Arna terminal</stop>
    <stop arrival="10:17" departure="10:17">Ytre Arna vegen v.nr 204</stop>
    <stop arrival="10:18" departure="10:18">Listøl</stop>
    <stop arrival="10:18" departure="10:18">Listøl</stop>
    <stop arrival="10:19" departure="10:19">Holmen (Arna)</stop>
    <stop arrival="10:19" departure="10:19">Solberg (Bergen)</stop>
    <stop arrival="10:19" departure="10:19">Ytre Arna gård</stop>
    <stop arrival="10:20" departure="10:20">Festtangen</stop>
    <stop arrival="10:20" departure="10:20">Kvamstø</stop>
    <stop arrival="10:21" departure="10:21">Sletta snuplass</stop>
    <stop arrival="10:23" departure="10:23">Sægarsveg</stop>
    <stop arrival="10:24" departure="10:24">Ytre Arna Kirke</stop>
    <stop arrival="10:26" departure="10:26">Ytre Arna Sentrum</stop>
    <stop arrival="10:26" departure="10:26">Bankaskiftet</stop>
    <stop arrival="10:27" departure="10:27">Orfallet</stop>
    <stop arrival="10:28" departure="10:28">Gamsevegen</stop>
    <stop arrival="10:29" departure="10:29">Neset (Gaupås)</stop>
    <stop arrival="10:30" departure="10:30">Hauglandskiftet</stop>
    <stop arrival="10:30" departure="10:30">Kalsåsvegen</stop>
    <stop arrival="10:31" departure="10:31">Kalsåsvatn</stop>
    <stop arrival="10:32" departure="10:32">Hetlebakkskiftet</stop>
    <stop arrival="10:33" departure="10:33">Blindheim øst</stop>
    <stop arrival="10:33" departure="10:33">Blindheim vest</stop>
    <stop arrival="10:34" departure="10:34">Blindheimsdalen</stop>
    <stop arrival="10:36" departure="10:36">Birkeland (Åsane)</stop>
    <stop arrival="10:38" departure="10:38">Vågsbotn</stop>
    <stop arrival="10:39" departure="10:39">Liavegen (Åsane)</stop>
    <stop arrival="10:39" departure="10:39">Domus Nyborg</stop>
    <stop arrival="10:40" departure="10:40">Nyborg</stop>
    <stop arrival="10:41" departure="10:41">Salhuskrysset</stop>
    <stop arrival="10:42" departure="10:42">Litleåskryss</stop>
    <stop arrival="10:43" departure="10:43">Rollandskrysset</stop>
    <stop arrival="10:45">Åsane terminal</stop>
  </route>
  <route no="270" destination="Åsane terminal" url="http://www.web2051.no/bin/tp/zuginfo.exe/on/706830/240717/323126/74047/1/" trafficDays="kjører Ma - Fr, ikke 13., 17., 24. Mai">
    <stop departure="10:18" routeNo="270">Arna terminal</stop>
    <stop arrival="10:19" departure="10:19">Ytre Arna vegen v.nr 204</stop>
    <stop arrival="10:20" departure="10:20">Listøl</stop>
    <stop arrival="10:20" departure="10:20">Listøl</stop>
    <stop arrival="10:21" departure="10:21">Holmen (Arna)</stop>
    <stop arrival="10:21" departure="10:21">Solberg (Bergen)</stop>
    <stop arrival="10:21" departure="10:21">Ytre Arna gård</stop>
    <stop arrival="10:22" departure="10:22">Festtangen</stop>
    <stop arrival="10:22" departure="10:22">Kvamstø</stop>
    <stop arrival="10:23" departure="10:23">Sletta snuplass</stop>
    <stop arrival="10:25" departure="10:25">Sægarsveg</stop>
    <stop arrival="10:26" departure="10:26">Ytre Arna Kirke</stop>
    <stop arrival="10:28" departure="10:28">Ytre Arna Sentrum</stop>
    <stop arrival="10:29" departure="10:29">Bankaskiftet</stop>
    <stop arrival="10:29" departure="10:29">Orfallet</stop>
    <stop arrival="10:30" departure="10:30">Gamsevegen</stop>
    <stop arrival="10:31" departure="10:31">Neset (Gaupås)</stop>
    <stop arrival="10:32" departure="10:32">Hauglandskiftet</stop>
    <stop arrival="10:33" departure="10:33">Kalsåsvegen</stop>
    <stop arrival="10:34" departure="10:34">Kalsåsvatn</stop>
    <stop arrival="10:35" departure="10:35">Hetlebakkskiftet</stop>
    <stop arrival="10:36" departure="10:36">Blindheim øst</stop>
    <stop arrival="10:36" departure="10:36">Blindheim vest</stop>
    <stop arrival="10:37" departure="10:37">Blindheimsdalen</stop>
    <stop arrival="10:38" departure="10:38">Birkeland (Åsane)</stop>
    <stop arrival="10:40" departure="10:40">Vågsbotn</stop>
    <stop arrival="10:41" departure="10:41">Liavegen (Åsane)</stop>
    <stop arrival="10:42" departure="10:42">Domus Nyborg</stop>
    <stop arrival="10:44" departure="10:44">Nyborg</stop>
    <stop arrival="10:45" departure="10:45">Salhuskrysset</stop>
    <stop arrival="10:46" departure="10:46">Litleåskryss</stop>
    <stop arrival="10:46" departure="10:46">Rollandskrysset</stop>
    <stop arrival="10:47">Åsane terminal</stop>
  </route>
  <route no="270" destination="Arna terminal" url="http://www.web2051.no/bin/tp/zuginfo.exe/on/64986/26738/681530/319105/1/" trafficDays="kjører Lø, ikke 1. Mai">
    <stop departure="10:33" routeNo="270">Åsane terminal</stop>
    <stop arrival="10:34" departure="10:34">Rollandskrysset</stop>
    <stop arrival="10:34" departure="10:34">Litleåskryss</stop>
    <stop arrival="10:35" departure="10:35">Salhuskrysset</stop>
    <stop arrival="10:36" departure="10:36">Nyborg</stop>
    <stop arrival="10:37" departure="10:37">Domus Nyborg</stop>
    <stop arrival="10:37" departure="10:37">Liavegen (Åsane)</stop>
    <stop arrival="10:38" departure="10:38">Vågsbotn</stop>
    <stop arrival="10:39" departure="10:39">Birkeland (Åsane)</stop>
    <stop arrival="10:40" departure="10:40">Blindheimsdalen</stop>
    <stop arrival="10:41" departure="10:41">Blindheim vest</stop>
    <stop arrival="10:42" departure="10:42">Blindheim øst</stop>
    <stop arrival="10:42" departure="10:42">Hetlebakkskiftet</stop>
    <stop arrival="10:43" departure="10:43">Kalsåsvatn</stop>
    <stop arrival="10:44" departure="10:44">Kalsåsvegen</stop>
    <stop arrival="10:44" departure="10:44">Hauglandskiftet</stop>
    <stop arrival="10:45" departure="10:45">Neset (Gaupås)</stop>
    <stop arrival="10:46" departure="10:46">Gamsevegen</stop>
    <stop arrival="10:47" departure="10:47">Orfallet</stop>
    <stop arrival="10:48" departure="10:48">Ytre Arna Sentrum</stop>
    <stop arrival="10:49" departure="10:49">Ytre Arna Kirke</stop>
    <stop arrival="10:50" departure="10:50">Sægarsveg</stop>
    <stop arrival="10:50" departure="10:50">Sletta snuplass</stop>
    <stop arrival="10:51" departure="10:51">Kvamstø</stop>
    <stop arrival="10:52" departure="10:52">Festtangen</stop>
    <stop arrival="10:53" departure="10:53">Ytre Arna gård</stop>
    <stop arrival="10:53" departure="10:53">Solberg (Bergen)</stop>
    <stop arrival="10:54" departure="10:54">Holmen (Arna)</stop>
    <stop arrival="10:54" departure="10:54">Listøl</stop>
    <stop arrival="10:55" departure="10:55">Listøl</stop>
    <stop arrival="10:56" departure="10:56">Ytre Arna vegen v.nr 204</stop>
    <stop arrival="10:58">Arna terminal</stop>
  </route>
  <route no="270" destination="Arna terminal" url="http://www.web2051.no/bin/tp/zuginfo.exe/on/593181/202835/947750/276148/1/" trafficDays="kjører Ma - Fr, ikke 13., 17., 24. Mai">
    <stop departure="10:30" routeNo="270">Åsane terminal</stop>
    <stop arrival="10:31" departure="10:31">Rollandskrysset</stop>
    <stop arrival="10:31" departure="10:31">Litleåskryss</stop>
    <stop arrival="10:32" departure="10:32">Salhuskrysset</stop>
    <stop arrival="10:33" departure="10:33">Nyborg</stop>
    <stop arrival="10:35" departure="10:35">Domus Nyborg</stop>
    <stop arrival="10:36" departure="10:36">Liavegen (Åsane)</stop>
    <stop arrival="10:37" departure="10:37">Vågsbotn</stop>
    <stop arrival="10:38" departure="10:38">Birkeland (Åsane)</stop>
    <stop arrival="10:38" departure="10:38">Blindheimsdalen</stop>
    <stop arrival="10:39" departure="10:39">Blindheim vest</stop>
    <stop arrival="10:39" departure="10:39">Blindheim øst</stop>
    <stop arrival="10:39" departure="10:39">Hetlebakkskiftet</stop>
    <stop arrival="10:40" departure="10:40">Kalsåsvatn</stop>
    <stop arrival="10:41" departure="10:41">Kalsåsvegen</stop>
    <stop arrival="10:42" departure="10:42">Hauglandskiftet</stop>
    <stop arrival="10:43" departure="10:43">Neset (Gaupås)</stop>
    <stop arrival="10:44" departure="10:44">Gamsevegen</stop>
    <stop arrival="10:45" departure="10:45">Orfallet</stop>
    <stop arrival="10:47" departure="10:47">Ytre Arna Sentrum</stop>
    <stop arrival="10:49" departure="10:49">Ytre Arna Kirke</stop>
    <stop arrival="10:51" departure="10:51">Sægarsveg</stop>
    <stop arrival="10:52" departure="10:52">Sletta snuplass</stop>
    <stop arrival="10:53" departure="10:53">Kvamstø</stop>
    <stop arrival="10:54" departure="10:54">Festtangen</stop>
    <stop arrival="10:55" departure="10:55">Ytre Arna gård</stop>
    <stop arrival="10:55" departure="10:55">Solberg (Bergen)</stop>
    <stop arrival="10:56" departure="10:56">Holmen (Arna)</stop>
    <stop arrival="10:56" departure="10:56">Listøl</stop>
    <stop arrival="10:57" departure="10:57">Listøl</stop>
    <stop arrival="10:58" departure="10:58">Ytre Arna vegen v.nr 204</stop>
    <stop arrival="11:00">Arna terminal</stop>
  </route>
</routes>
