<?xml version="1.0" encoding="UTF-8"?>
<routes>
  <route no="471" destination="Bergen Busstasjon" url="http://www.web2051.no/bin/tp/zuginfo.exe/on/557649/188319/745216/186725/1/" trafficDays="kjører Ma - Fr, ikke 13., 17., 24. Mai">
    <stop departure="9:30" routeNo="471">Turøy snuplass</stop>
    <stop arrival="9:36" departure="9:36">Misje nord</stop>
    <stop arrival="9:36" departure="9:36">Misje</stop>
    <stop arrival="9:38" departure="9:38">Misje sør</stop>
    <stop arrival="9:39" departure="9:39">Solsvik Elvebakken R561</stop>
    <stop arrival="9:42" departure="9:42">Vindenes kryss</stop>
    <stop arrival="9:43" departure="9:43">Vindenes Barneshaugen</stop>
    <stop arrival="9:44" departure="9:44">Vindenes</stop>
    <stop arrival="9:44" departure="9:44">Vindenestoppen</stop>
    <stop arrival="9:45" departure="9:45">Vindenes gard</stop>
    <stop arrival="9:45" departure="9:45">Vindenes snuplass</stop>
    <stop arrival="9:45" departure="9:45">Vindenes gard</stop>
    <stop arrival="9:46" departure="9:46">Vindenestoppen</stop>
    <stop arrival="9:47" departure="9:47">Vindenes</stop>
    <stop arrival="9:48" departure="9:48">Vindenes Barneshaugen</stop>
    <stop arrival="9:51" departure="9:51">Landro skule</stop>
    <stop arrival="9:52" departure="9:52">Landro Buasvingen</stop>
    <stop arrival="9:52" departure="9:52">Landro Avløpet</stop>
    <stop arrival="9:53" departure="9:53">Landro samfunnshus</stop>
    <stop arrival="9:54" departure="9:54">Solsvik ved trelast</stop>
    <stop arrival="9:54" departure="9:54">Solsvik Myra</stop>
    <stop arrival="9:55" departure="9:55">Solsvik Elvebakken</stop>
    <stop arrival="9:55" departure="9:55">Solsvik kai (snuplass)</stop>
    <stop arrival="9:56" departure="9:56">Solsvik Elvebakken</stop>
    <stop arrival="9:56" departure="9:56">Solsvik Myra</stop>
    <stop arrival="9:56" departure="9:56">Solsvik ved trelast</stop>
    <stop arrival="9:57" departure="9:57">Landro samfunnshus</stop>
    <stop arrival="9:58" departure="9:58">Landro Avløpet</stop>
    <stop arrival="9:58" departure="9:58">Landro Buasvingen</stop>
    <stop arrival="9:59" departure="9:59">Landrovågskrysset</stop>
    <stop arrival="10:00" departure="10:00">Landro skule</stop>
    <stop arrival="10:01" departure="10:01">Landro utmark</stop>
    <stop arrival="10:02" departure="10:02">Angeltveit gard</stop>
    <stop arrival="10:03" departure="10:03">Angeltveit</stop>
    <stop arrival="10:03" departure="10:03">Angeltveit Polleidet</stop>
    <stop arrival="10:05" departure="10:05">Ågotnes terminal</stop>
    <stop arrival="10:06" departure="10:06">Ågotnes Kryss CCB</stop>
    <stop arrival="10:06" departure="10:06">Ågotnes Maggevarden</stop>
    <stop arrival="10:07" departure="10:07">Ågotnes</stop>
    <stop arrival="10:08" departure="10:08">Ågotnes Vanntanken</stop>
    <stop arrival="10:10" departure="10:10">Spjeldbrekko</stop>
    <stop arrival="10:11" departure="10:11">Spjeld</stop>
    <stop arrival="10:11" departure="10:11">Ormevik</stop>
    <stop arrival="10:12" departure="10:12">Knappskog</stop>
    <stop arrival="10:13" departure="10:13">Fjæreide kryss</stop>
    <stop arrival="10:15" departure="10:15">Knappskog utmark</stop>
    <stop arrival="10:16" departure="10:16">Morlandstø</stop>
    <stop arrival="10:17" departure="10:17">Morland ved bensinstasjon</stop>
    <stop arrival="10:18" departure="10:18">Kolltveit senter</stop>
    <stop arrival="10:19" departure="10:19">Kolltveit kai</stop>
    <stop arrival="10:20" departure="10:20">Kolltveit Bergasletto</stop>
    <stop arrival="10:21" departure="10:21">Kolltveit sør</stop>
    <stop arrival="10:21" departure="10:21">Kolltveit ved skulen</stop>
    <stop arrival="10:22" departure="10:22">Kolltveit kryss</stop>
    <stop arrival="10:23" departure="10:23">Døsjeskiftet</stop>
    <stop arrival="10:24" departure="10:24">Bildøy bro</stop>
    <stop arrival="10:26" departure="10:26">Bildøy</stop>
    <stop arrival="10:30" departure="10:30">Straume term.</stop>
    <stop arrival="10:33" departure="10:33">Knarrevik</stop>
    <stop arrival="10:35" departure="10:35">Drotningsvik Rv 555</stop>
    <stop arrival="10:37" departure="10:37">Breivikskiftet</stop>
    <stop arrival="10:40" departure="10:40">Frida Fasmer</stop>
    <stop arrival="10:46" departure="10:46">Lyngbø Motorvei R555</stop>
    <stop arrival="10:51" departure="10:51">Møhlenpris v/ Industrihuset</stop>
    <stop arrival="10:54" departure="10:54">Nygårdsgaten</stop>
    <stop arrival="10:55">Bergen Busstasjon</stop>
  </route>
  <route no="463" destination="Vindenes snuplass" url="http://www.web2051.no/bin/tp/zuginfo.exe/on/584997/197269/321298/34350/1/" trafficDays="kjører Ma - Fr, ikke 13., 17., 24. Mai">
    <stop departure="10:35" routeNo="463">Straume term.</stop>
    <stop arrival="10:36" departure="10:36">Bildøy</stop>
    <stop arrival="10:38" departure="10:38">Bildøy bro</stop>
    <stop arrival="10:38" departure="10:38">Døsjeskiftet</stop>
    <stop arrival="10:38" departure="10:38">Kolltveit kryss</stop>
    <stop arrival="10:39" departure="10:39">Kolltveit ved skulen</stop>
    <stop arrival="10:39" departure="10:39">Kolltveit sør</stop>
    <stop arrival="10:39" departure="10:39">Kolltveit Bergasletto</stop>
    <stop arrival="10:40" departure="10:40">Kolltveit kai</stop>
    <stop arrival="10:40" departure="10:40">Kolltveit senter</stop>
    <stop arrival="10:42" departure="10:42">Morland ved bensinstasjon</stop>
    <stop arrival="10:43" departure="10:43">Morlandstø</stop>
    <stop arrival="10:44" departure="10:44">Knappskog utmark</stop>
    <stop arrival="10:45" departure="10:45">Fjæreide kryss</stop>
    <stop arrival="10:46" departure="10:46">Knappskog</stop>
    <stop arrival="10:48" departure="10:48">Ormevik</stop>
    <stop arrival="10:49" departure="10:49">Spjeld</stop>
    <stop arrival="10:50" departure="10:50">Spjeldbrekko</stop>
    <stop arrival="10:51" departure="10:51">Ågotnes Vanntanken</stop>
    <stop arrival="10:53" departure="10:53">Ågotnes</stop>
    <stop arrival="10:54" departure="10:54">Ågotnes Maggevarden</stop>
    <stop arrival="10:54" departure="10:54">Ågotnes Kryss CCB</stop>
    <stop arrival="10:55" departure="10:55">Ågotnes terminal</stop>
    <stop arrival="10:57" departure="10:57">Angeltveit Polleidet</stop>
    <stop arrival="10:57" departure="10:57">Angeltveit</stop>
    <stop arrival="10:58" departure="10:58">Angeltveit gard</stop>
    <stop arrival="10:59" departure="10:59">Landro utmark</stop>
    <stop arrival="11:00" departure="11:00">Landro skule</stop>
    <stop arrival="11:01" departure="11:01">Landro Buasvingen</stop>
    <stop arrival="11:02" departure="11:02">Landro Avløpet</stop>
    <stop arrival="11:03" departure="11:03">Landro samfunnshus</stop>
    <stop arrival="11:03" departure="11:03">Solsvik ved trelast</stop>
    <stop arrival="11:04" departure="11:04">Solsvik Myra</stop>
    <stop arrival="11:05" departure="11:05">Solsvik Elvebakken</stop>
    <stop arrival="11:05" departure="11:05">Solsvik kai (snuplass)</stop>
    <stop arrival="11:05" departure="11:05">Solsvik Elvebakken</stop>
    <stop arrival="11:05" departure="11:05">Solsvik Myra</stop>
    <stop arrival="11:05" departure="11:05">Solsvik ved trelast</stop>
    <stop arrival="11:05" departure="11:05">Landro samfunnshus</stop>
    <stop arrival="11:05" departure="11:05">Landro Avløpet</stop>
    <stop arrival="11:05" departure="11:05">Landro Buasvingen</stop>
    <stop arrival="11:05" departure="11:05">Landrovågskrysset</stop>
    <stop arrival="11:05" departure="11:05">Landro Vindenesvegen</stop>
    <stop arrival="11:15">Vindenes snuplass</stop>
  </route>
  <route no="468" destination="Ågotnes terminal" url="http://www.web2051.no/bin/tp/zuginfo.exe/on/764448/257203/251506/129064/1/" trafficDays="kjører Lø, ikke 1. Mai">
    <stop departure="10:10" routeNo="468">Bergen Busstasjon</stop>
    <stop arrival="10:13" departure="10:13">Olav Kyrres gate</stop>
    <stop arrival="10:14" departure="10:14">Møhlenpris v/ Industrihuset</stop>
    <stop arrival="10:19" departure="10:19">Lyngbø Motorvei R555</stop>
    <stop arrival="10:24" departure="10:24">Frida Fasmer R555</stop>
    <stop arrival="10:25" departure="10:25">Storavatnet term.</stop>
    <stop arrival="10:27" departure="10:27">Breivikskiftet</stop>
    <stop arrival="10:28" departure="10:28">Drotningsvik Rv 555</stop>
    <stop arrival="10:30" departure="10:30">Knarrevik</stop>
    <stop arrival="10:35" departure="10:35">Straume term.</stop>
    <stop arrival="10:36" departure="10:36">Bildøy</stop>
    <stop arrival="10:38" departure="10:38">Bildøy bro</stop>
    <stop arrival="10:38" departure="10:38">Døsjeskiftet</stop>
    <stop arrival="10:38" departure="10:38">Kolltveit kryss</stop>
    <stop arrival="10:39" departure="10:39">Kolltveit ved skulen</stop>
    <stop arrival="10:39" departure="10:39">Kolltveit sør</stop>
    <stop arrival="10:39" departure="10:39">Kolltveit Bergasletto</stop>
    <stop arrival="10:40" departure="10:40">Kolltveit kai</stop>
    <stop arrival="10:40" departure="10:40">Kolltveit senter</stop>
    <stop arrival="10:42" departure="10:42">Morland ved bensinstasjon</stop>
    <stop arrival="10:43" departure="10:43">Morlandstø</stop>
    <stop arrival="10:44" departure="10:44">Knappskog utmark</stop>
    <stop arrival="10:45" departure="10:45">Fjæreide kryss</stop>
    <stop arrival="10:46" departure="10:46">Knappskog</stop>
    <stop arrival="10:48" departure="10:48">Ormevik</stop>
    <stop arrival="10:49" departure="10:49">Spjeld</stop>
    <stop arrival="10:50" departure="10:50">Spjeldbrekko</stop>
    <stop arrival="10:51" departure="10:51">Ågotnes Vanntanken</stop>
    <stop arrival="10:53" departure="10:53">Ågotnes</stop>
    <stop arrival="10:54" departure="10:54">Ågotnes Maggevarden</stop>
    <stop arrival="10:54" departure="10:54">Ågotnes Kryss CCB</stop>
    <stop arrival="10:55">Ågotnes terminal</stop>
  </route>
  <route no="479" destination="Hellesøy kai" url="http://www.web2051.no/bin/tp/zuginfo.exe/on/255855/87747/681052/255241/1/" trafficDays="kjører Ma - Fr, ikke 13., 17., 24. Mai">
    <stop departure="10:35" routeNo="479">Straume term.</stop>
    <stop arrival="10:36" departure="10:36">Bildøy</stop>
    <stop arrival="10:38" departure="10:38">Bildøy bro</stop>
    <stop arrival="10:38" departure="10:38">Døsjeskiftet</stop>
    <stop arrival="10:38" departure="10:38">Kolltveit kryss</stop>
    <stop arrival="10:39" departure="10:39">Kolltveit ved skulen</stop>
    <stop arrival="10:39" departure="10:39">Kolltveit sør</stop>
    <stop arrival="10:39" departure="10:39">Kolltveit Bergasletto</stop>
    <stop arrival="10:40" departure="10:40">Kolltveit kai</stop>
    <stop arrival="10:40" departure="10:40">Kolltveit senter</stop>
    <stop arrival="10:42" departure="10:42">Morland ved bensinstasjon</stop>
    <stop arrival="10:43" departure="10:43">Morlandstø</stop>
    <stop arrival="10:44" departure="10:44">Knappskog utmark</stop>
    <stop arrival="10:45" departure="10:45">Fjæreide kryss</stop>
    <stop arrival="10:46" departure="10:46">Knappskog</stop>
    <stop arrival="10:48" departure="10:48">Ormevik</stop>
    <stop arrival="10:49" departure="10:49">Spjeld</stop>
    <stop arrival="10:50" departure="10:50">Spjeldbrekko</stop>
    <stop arrival="10:51" departure="10:51">Ågotnes Vanntanken</stop>
    <stop arrival="10:53" departure="10:53">Ågotnes</stop>
    <stop arrival="10:54" departure="10:54">Ågotnes Maggevarden</stop>
    <stop arrival="10:54" departure="10:54">Ågotnes Kryss CCB</stop>
    <stop arrival="10:55" departure="10:55">Ågotnes terminal</stop>
    <stop arrival="10:57" departure="10:57">Vindenes kryss</stop>
    <stop arrival="10:59" departure="10:59">Solsvik Elvebakken R561</stop>
    <stop arrival="11:00" departure="11:00">Misje sør</stop>
    <stop arrival="11:01" departure="11:01">Misje</stop>
    <stop arrival="11:01" departure="11:01">Misje nord</stop>
    <stop arrival="11:02" departure="11:02">Svelgen bro</stop>
    <stop arrival="11:02" departure="11:02">Stegavika</stop>
    <stop arrival="11:03" departure="11:03">Vik (Øygarden)</stop>
    <stop arrival="11:04" departure="11:04">Toftøy Hyttegrenda</stop>
    <stop arrival="11:04" departure="11:04">Toftøy ved fotballbanen</stop>
    <stop arrival="11:05" departure="11:05">Torsvik kryss (Øygarden)</stop>
    <stop arrival="11:06" departure="11:06">Toftøy Stekabakken</stop>
    <stop arrival="11:08" departure="11:08">Rong Raudhammeren</stop>
    <stop arrival="11:09" departure="11:09">Rong Austamarka</stop>
    <stop arrival="11:09" departure="11:09">Rong Arseta</stop>
    <stop arrival="11:10" departure="11:10">Rong senter</stop>
    <stop arrival="11:11" departure="11:11">Rong Kulturhus</stop>
    <stop arrival="11:13" departure="11:13">Søre Sæle (Butikken) Øygarden</stop>
    <stop arrival="11:13" departure="11:13">Søre Sæle (Øygarden)</stop>
    <stop arrival="11:14" departure="11:14">Blom (Øygarden)</stop>
    <stop arrival="11:15" departure="11:15">Blomvåg terminal</stop>
    <stop arrival="11:16" departure="11:16">Dale (Øygarden)</stop>
    <stop arrival="11:18" departure="11:18">Kollsnes Næringspark</stop>
    <stop arrival="11:19" departure="11:19">Nålura (Øygarden)</stop>
    <stop arrival="11:19" departure="11:19">Rossnes (Øygarden)</stop>
    <stop arrival="11:20" departure="11:20">Ovågen Kystmuseum</stop>
    <stop arrival="11:21" departure="11:21">Østlandet (Øygarden)</stop>
    <stop arrival="11:23" departure="11:23">Straumøy (Øygarden)</stop>
    <stop arrival="11:24" departure="11:24">Sauøy (Øygarden)</stop>
    <stop arrival="11:24" departure="11:24">Tjeldstøstraumen</stop>
    <stop arrival="11:25" departure="11:25">Tjeldstø terminal</stop>
    <stop arrival="11:27" departure="11:27">Alvheim kryss</stop>
    <stop arrival="11:28" departure="11:28">Dåvøy kryss</stop>
    <stop arrival="11:28" departure="11:28">Alvheim skule</stop>
    <stop arrival="11:30" departure="11:30">Alvheimstre</stop>
    <stop arrival="11:32" departure="11:32">Sture oljeterm. kryss</stop>
    <stop arrival="11:33" departure="11:33">Skjold (Øygarden)</stop>
    <stop arrival="11:34" departure="11:34">Gamle Sturekryss</stop>
    <stop arrival="11:34" departure="11:34">Nordvik sør (Øygarden)</stop>
    <stop arrival="11:35" departure="11:35">Nordvik nord (Øygarden)</stop>
    <stop arrival="11:35" departure="11:35">Nautnes</stop>
    <stop arrival="11:36" departure="11:36">Stølsnes (Øygarden)</stop>
    <stop arrival="11:36" departure="11:36">Storhilderen (Øygarden)</stop>
    <stop arrival="11:38" departure="11:38">Trollvatn (Øygarden)</stop>
    <stop arrival="11:39" departure="11:39">Hjelme kryss</stop>
    <stop arrival="11:40" departure="11:40">Halvardskryss</stop>
    <stop arrival="11:40" departure="11:40">Hjelme kyrkje</stop>
    <stop arrival="11:41" departure="11:41">Hjelme gravplass</stop>
    <stop arrival="11:41" departure="11:41">Bakken skule (Øygarden)</stop>
    <stop arrival="11:42" departure="11:42">Svellingen</stop>
    <stop arrival="11:43" departure="11:43">Kalfaret (Øygarden)</stop>
    <stop arrival="11:44" departure="11:44">Hellesund (Øygarden)</stop>
    <stop arrival="11:44" departure="11:44">Hellesøy (Øygarden)</stop>
    <stop arrival="11:45">Hellesøy kai</stop>
  </route>
</routes>
