<?xml version="1.0" encoding="UTF-8"?>
<routes>
  <route no="630" destination="Os - Osøyro" url="http://www.web2051.no/bin/tp/zuginfo.exe/on/430281/149324/199766/43544/1/" trafficDays="kjører Lø, ikke 1. Mai">
    <stop departure="23:55" routeNo="630">Halhjemsmarka</stop>
    <stop arrival="23:57" departure="23:57">Auredalen</stop>
    <stop arrival="23:58" departure="23:58">Vernøy</stop>
    <stop arrival="0:00" departure="0:00">Halhjem</stop>
    <stop arrival="0:01" departure="0:01">Halhjem kafe</stop>
    <stop arrival="0:02" departure="0:02">Haugland (Os)</stop>
    <stop arrival="0:03" departure="0:03">Nesjabuen</stop>
    <stop arrival="0:04" departure="0:04">Lekven</stop>
    <stop arrival="0:05" departure="0:05">Trolldalen (Os)</stop>
    <stop arrival="0:07" departure="0:07">Mobergslien</stop>
    <stop arrival="0:08" departure="0:08">Moberg</stop>
    <stop arrival="0:09" departure="0:09">Mobergsbakken</stop>
    <stop arrival="0:10" departure="0:10">Os kai</stop>
    <stop arrival="0:10">Os - Osøyro</stop>
  </route>
  <route no="630" destination="Os - Osøyro" url="http://www.web2051.no/bin/tp/zuginfo.exe/on/767781/261862/747614/117880/1/" trafficDays="kjører Lø">
    <stop departure="0:15" routeNo="630">Halhjem</stop>
    <stop arrival="0:16" departure="0:16">Halhjem kafe</stop>
    <stop arrival="0:17" departure="0:17">Haugland (Os)</stop>
    <stop arrival="0:18" departure="0:18">Nesjabuen</stop>
    <stop arrival="0:19" departure="0:19">Lekven</stop>
    <stop arrival="0:20" departure="0:20">Trolldalen (Os)</stop>
    <stop arrival="0:22" departure="0:22">Mobergslien</stop>
    <stop arrival="0:23" departure="0:23">Moberg</stop>
    <stop arrival="0:24" departure="0:24">Mobergsbakken</stop>
    <stop arrival="0:25" departure="0:25">Os kai</stop>
    <stop arrival="0:25">Os - Osøyro</stop>
  </route>
  <route no="630" destination="Halhjemsmarka" url="http://www.web2051.no/bin/tp/zuginfo.exe/on/986331/334658/704222/23334/1/" trafficDays="kjører Ma, også 2., 14., 18., 25. Mai">
    <stop departure="0:10" routeNo="630">Os - Osøyro</stop>
    <stop arrival="0:11" departure="0:11">Mobergsbakken</stop>
    <stop arrival="0:12" departure="0:12">Moberg</stop>
    <stop arrival="0:13" departure="0:13">Mobergslien</stop>
    <stop arrival="0:14" departure="0:14">Trolldalen (Os)</stop>
    <stop arrival="0:15" departure="0:15">Lekven</stop>
    <stop arrival="0:16" departure="0:16">Lunde (Halhjemsvn.)</stop>
    <stop arrival="0:17" departure="0:17">Nesjabuen</stop>
    <stop arrival="0:18" departure="0:18">Haugland (Os)</stop>
    <stop arrival="0:19" departure="0:19">Halhjem kafe</stop>
    <stop arrival="0:20" departure="0:20">Halhjem</stop>
    <stop arrival="0:21" departure="0:21">Vernøy</stop>
    <stop arrival="0:23" departure="0:23">Auredalen</stop>
    <stop arrival="0:25">Halhjemsmarka</stop>
  </route>
</routes>
