<?xml version="1.0" encoding="UTF-8"?>
<routes>
  <route no="80" destination="Flaktveit snuplass" url="http://www.web2051.no/bin/tp/zuginfo.exe/on/179829/64773/938806/409461/1/" trafficDays="kjører Ma - Fr, ikke 13., 17., 24. Mai">
    <stop departure="23:35" routeNo="80">Oasen Terminal</stop>
    <stop arrival="23:37" departure="23:37">Skarphaugen</stop>
    <stop arrival="23:38" departure="23:38">Sælen skole</stop>
    <stop arrival="23:39" departure="23:39">Torgny Segersteds vei</stop>
    <stop arrival="23:40" departure="23:40">Smiberget</stop>
    <stop arrival="23:40" departure="23:40">Ortustranden</stop>
    <stop arrival="23:41" departure="23:41">Lyshovden skole</stop>
    <stop arrival="23:41" departure="23:41">Sælemyr</stop>
    <stop arrival="23:42" departure="23:42">Hjalmar Brantings vei</stop>
    <stop arrival="23:43" departure="23:43">Træet (Benshaugen)</stop>
    <stop arrival="23:43" departure="23:43">Dag Hammarskjølds vei</stop>
    <stop arrival="23:43" departure="23:43">Lynghaug skole</stop>
    <stop arrival="23:44" departure="23:44">Hamregården</stop>
    <stop arrival="23:44" departure="23:44">Sikthaugen</stop>
    <stop arrival="23:48" departure="23:48">Gyldenpris</stop>
    <stop arrival="23:53" departure="23:53">Bergen Busstasjon</stop>
    <stop arrival="23:55" departure="23:55">Christies gate (Festplassen)</stop>
    <stop arrival="23:58" departure="23:58">Torget (Bergen)</stop>
    <stop arrival="23:59" departure="23:59">Bryggen</stop>
    <stop arrival="23:59" departure="23:59">Slottsgaten</stop>
    <stop arrival="0:00" departure="0:00">Bontelabo</stop>
    <stop arrival="0:01" departure="0:01">Skutevikstorget</stop>
    <stop arrival="0:02" departure="0:02">Sjøgaten</stop>
    <stop arrival="0:02" departure="0:02">Sandvikstorget</stop>
    <stop arrival="0:03" departure="0:03">Ludebryggen</stop>
    <stop arrival="0:03" departure="0:03">Munkebotten</stop>
    <stop arrival="0:05" departure="0:05">Nyhavnsvei (Gamle Bergen)</stop>
    <stop arrival="0:06" departure="0:06">Handelshøyskolen</stop>
    <stop arrival="0:08" departure="0:08">Eidsvåg</stop>
    <stop arrival="0:13" departure="0:13">Åsane terminal</stop>
    <stop arrival="0:14" departure="0:14">Rollandskrysset</stop>
    <stop arrival="0:14" departure="0:14">Litleåskryss</stop>
    <stop arrival="0:15" departure="0:15">Salhuskrysset</stop>
    <stop arrival="0:16" departure="0:16">Nyborg</stop>
    <stop arrival="0:18" departure="0:18">Gullgruven</stop>
    <stop arrival="0:19" departure="0:19">Industrihuset</stop>
    <stop arrival="0:20" departure="0:20">Liakroken</stop>
    <stop arrival="0:21" departure="0:21">Lid (Åsane)</stop>
    <stop arrival="0:23" departure="0:23">Flaktveitrinden</stop>
    <stop arrival="0:24" departure="0:24">Flaktveitsvingane</stop>
    <stop arrival="0:25" departure="0:25">Træsgrenda (Ulsberglia)</stop>
    <stop arrival="0:26" departure="0:26">Ulvhøyen</stop>
    <stop arrival="0:27" departure="0:27">Breimyra</stop>
    <stop arrival="0:28">Flaktveit snuplass</stop>
  </route>
  <route no="20" destination="Lønborglien snuplass" url="http://www.web2051.no/bin/tp/zuginfo.exe/on/382275/131358/814966/280058/1/" trafficDays="kjører Ma - Fr, ikke 13., 17., 24. Mai">
    <stop departure="23:25" routeNo="20">Fana Stadion</stop>
    <stop arrival="23:30" departure="23:30">Rådal ved Lagunen</stop>
    <stop arrival="23:35" departure="23:35">Skjold skole</stop>
    <stop arrival="23:37" departure="23:37">Mårdalen</stop>
    <stop arrival="23:38" departure="23:38">Nesttunbrekka</stop>
    <stop arrival="23:38" departure="23:38">Skjoldskiftet</stop>
    <stop arrival="23:39" departure="23:39">Nesttun</stop>
    <stop arrival="23:40" departure="23:40">Nesttun terminal</stop>
    <stop arrival="23:41" departure="23:41">Hopsbro</stop>
    <stop arrival="23:42" departure="23:42">Tveiteråsskiftet</stop>
    <stop arrival="23:43" departure="23:43">Paradis</stop>
    <stop arrival="23:45" departure="23:45">Nydalen</stop>
    <stop arrival="23:46" departure="23:46">Fantoft</stop>
    <stop arrival="23:47" departure="23:47">Storetveit</stop>
    <stop arrival="23:47" departure="23:47">Elvebakken</stop>
    <stop arrival="23:48" departure="23:48">Minde</stop>
    <stop arrival="23:51" departure="23:51">Mindemyren</stop>
    <stop arrival="23:52" departure="23:52">Postterminalen</stop>
    <stop arrival="23:53" departure="23:53">Kanalveien v/LBK</stop>
    <stop arrival="23:55" departure="23:55">Danmarksplass v/Forum kino</stop>
    <stop arrival="23:57" departure="23:57">Bergen Busstasjon</stop>
    <stop arrival="0:00" departure="0:00">Christies gate (Festplassen)</stop>
    <stop arrival="0:03" departure="0:03">Torget v/DnB</stop>
    <stop arrival="0:04" departure="0:04">Bryggen</stop>
    <stop arrival="0:04" departure="0:04">Slottsgaten</stop>
    <stop arrival="0:05" departure="0:05">Bontelabo</stop>
    <stop arrival="0:06" departure="0:06">Skutevikstorget</stop>
    <stop arrival="0:06" departure="0:06">Sjøgaten</stop>
    <stop arrival="0:07" departure="0:07">Sandvikstorget</stop>
    <stop arrival="0:08" departure="0:08">Ludebryggen</stop>
    <stop arrival="0:08" departure="0:08">Munkebotten</stop>
    <stop arrival="0:10" departure="0:10">Nyhavnsvei (Gamle Bergen)</stop>
    <stop arrival="0:11" departure="0:11">Handelshøyskolen</stop>
    <stop arrival="0:12" departure="0:12">Solbakken</stop>
    <stop arrival="0:12" departure="0:12">Eikeviken</stop>
    <stop arrival="0:13" departure="0:13">Hellebakken</stop>
    <stop arrival="0:14" departure="0:14">Brunestykket</stop>
    <stop arrival="0:15" departure="0:15">Lønborg</stop>
    <stop arrival="0:15" departure="0:15">Nordre Lønborg</stop>
    <stop arrival="0:17" departure="0:17">Lønborglien 1</stop>
    <stop arrival="0:18" departure="0:18">Lønborglien 2</stop>
    <stop arrival="0:19">Lønborglien snuplass</stop>
  </route>
  <route no="90" destination="Støbotn snuplass" url="http://www.web2051.no/bin/tp/zuginfo.exe/on/84897/33191/45874/5362/1/" trafficDays="kjører Lø, ikke 1. Mai">
    <stop departure="23:40" routeNo="90">Sletten (Bergen)</stop>
    <stop arrival="23:42" departure="23:42">Johan Hjorts vei</stop>
    <stop arrival="23:43" departure="23:43">Bergenshallen</stop>
    <stop arrival="23:44" departure="23:44">Sletten Shoppingsenter</stop>
    <stop arrival="23:45" departure="23:45">Fageråsen</stop>
    <stop arrival="23:46" departure="23:46">Hagerups vei</stop>
    <stop arrival="23:47" departure="23:47">Natlandsv. v/Hagerupsvei</stop>
    <stop arrival="23:48" departure="23:48">Langhaugen</stop>
    <stop arrival="23:49" departure="23:49">Fridalen</stop>
    <stop arrival="23:50" departure="23:50">Haukelandsveien</stop>
    <stop arrival="23:51" departure="23:51">Ibsens gate /Haukeland sykehus</stop>
    <stop arrival="23:52" departure="23:52">Bjørnsons gate</stop>
    <stop arrival="23:54" departure="23:54">Årstad VGS</stop>
    <stop arrival="23:55" departure="23:55">Danmarksplass v/Forum kino</stop>
    <stop arrival="23:58" departure="23:58">Bergen Busstasjon</stop>
    <stop arrival="0:00" departure="0:00">Christies gate (Festplassen)</stop>
    <stop arrival="0:03" departure="0:03">Torget (Bergen)</stop>
    <stop arrival="0:04" departure="0:04">Bryggen</stop>
    <stop arrival="0:04" departure="0:04">Slottsgaten</stop>
    <stop arrival="0:05" departure="0:05">Bontelabo</stop>
    <stop arrival="0:06" departure="0:06">Skutevikstorget</stop>
    <stop arrival="0:06" departure="0:06">Sjøgaten</stop>
    <stop arrival="0:07" departure="0:07">Sandvikstorget</stop>
    <stop arrival="0:08" departure="0:08">Ludebryggen</stop>
    <stop arrival="0:08" departure="0:08">Munkebotten</stop>
    <stop arrival="0:10" departure="0:10">Nyhavnsvei (Gamle Bergen)</stop>
    <stop arrival="0:11" departure="0:11">Handelshøyskolen</stop>
    <stop arrival="0:13" departure="0:13">Eidsvåg</stop>
    <stop arrival="0:18" departure="0:18">Åsane terminal</stop>
    <stop arrival="0:19" departure="0:19">Åsane Brannstasjon</stop>
    <stop arrival="0:20" departure="0:20">Flatevad</stop>
    <stop arrival="0:21" departure="0:21">Spondalen</stop>
    <stop arrival="0:21" departure="0:21">Torvbakken</stop>
    <stop arrival="0:22" departure="0:22">Morvikbotn</stop>
    <stop arrival="0:23" departure="0:23">Viddalen</stop>
    <stop arrival="0:24" departure="0:24">Bakketoppen, Morvik</stop>
    <stop arrival="0:26" departure="0:26">Kollbudalen</stop>
    <stop arrival="0:27" departure="0:27">Saudalen</stop>
    <stop arrival="0:28" departure="0:28">Saudalskleivane</stop>
    <stop arrival="0:29" departure="0:29">Lokketodalen</stop>
    <stop arrival="0:30" departure="0:30">Slettestølen</stop>
    <stop arrival="0:31" departure="0:31">Marikollen</stop>
    <stop arrival="0:32" departure="0:32">Toppe</stop>
    <stop arrival="0:33">Støbotn snuplass</stop>
  </route>
  <route no="20" destination="Nordre Lønborg" url="http://www.web2051.no/bin/tp/zuginfo.exe/on/257649/89657/768346/298290/1/" trafficDays="kjører Sø, også 1., 13., 17., 24. Mai">
    <stop departure="23:20" routeNo="20">Gaia Fana</stop>
    <stop arrival="23:22" departure="23:22">Fana kirke</stop>
    <stop arrival="23:22" departure="23:22">Norheimsveien</stop>
    <stop arrival="23:23" departure="23:23">Kvernabekkvegen</stop>
    <stop arrival="23:24" departure="23:24">Titlestad</stop>
    <stop arrival="23:24" departure="23:24">Rydland (Titlestad, Fana)</stop>
    <stop arrival="23:25" departure="23:25">Øvre Titlestad</stop>
    <stop arrival="23:26" departure="23:26">Bergheim</stop>
    <stop arrival="23:26" departure="23:26">Bergheim</stop>
    <stop arrival="23:28" departure="23:28">Hordnesskiftet Stend</stop>
    <stop arrival="23:29" departure="23:29">Steinknuseverket</stop>
    <stop arrival="23:29" departure="23:29">Rådalshaug</stop>
    <stop arrival="23:30" departure="23:30">Sunea</stop>
    <stop arrival="23:31" departure="23:31">Rådal</stop>
    <stop arrival="23:32" departure="23:32">Rådal ved Lagunen</stop>
    <stop arrival="23:35" departure="23:35">Skjold skole</stop>
    <stop arrival="23:37" departure="23:37">Mårdalen</stop>
    <stop arrival="23:38" departure="23:38">Nesttunbrekka</stop>
    <stop arrival="23:38" departure="23:38">Skjoldskiftet</stop>
    <stop arrival="23:39" departure="23:39">Nesttun</stop>
    <stop arrival="23:40" departure="23:40">Nesttun terminal</stop>
    <stop arrival="23:41" departure="23:41">Hopsbro</stop>
    <stop arrival="23:42" departure="23:42">Tveiteråsskiftet</stop>
    <stop arrival="23:43" departure="23:43">Paradis</stop>
    <stop arrival="23:45" departure="23:45">Nydalen</stop>
    <stop arrival="23:46" departure="23:46">Fantoft</stop>
    <stop arrival="23:47" departure="23:47">Storetveit</stop>
    <stop arrival="23:47" departure="23:47">Elvebakken</stop>
    <stop arrival="23:48" departure="23:48">Minde</stop>
    <stop arrival="23:51" departure="23:51">Mindemyren</stop>
    <stop arrival="23:52" departure="23:52">Postterminalen</stop>
    <stop arrival="23:52" departure="23:52">Kanalveien v/LBK</stop>
    <stop arrival="23:54" departure="23:54">Danmarksplass v/Forum kino</stop>
    <stop arrival="23:58" departure="23:58">Bergen Busstasjon</stop>
    <stop arrival="0:01" departure="0:01">Christies gate (Festplassen)</stop>
    <stop arrival="0:04" departure="0:04">Torget v/DnB</stop>
    <stop arrival="0:05" departure="0:05">Bryggen</stop>
    <stop arrival="0:05" departure="0:05">Slottsgaten</stop>
    <stop arrival="0:06" departure="0:06">Bontelabo</stop>
    <stop arrival="0:07" departure="0:07">Skutevikstorget</stop>
    <stop arrival="0:07" departure="0:07">Sjøgaten</stop>
    <stop arrival="0:08" departure="0:08">Sandvikstorget</stop>
    <stop arrival="0:09" departure="0:09">Ludebryggen</stop>
    <stop arrival="0:09" departure="0:09">Munkebotten</stop>
    <stop arrival="0:11" departure="0:11">Nyhavnsvei (Gamle Bergen)</stop>
    <stop arrival="0:12" departure="0:12">Handelshøyskolen</stop>
    <stop arrival="0:12" departure="0:12">Solbakken</stop>
    <stop arrival="0:13" departure="0:13">Eikeviken</stop>
    <stop arrival="0:13" departure="0:13">Hellebakken</stop>
    <stop arrival="0:13" departure="0:13">Brunestykket</stop>
    <stop arrival="0:14" departure="0:14">Lønborg</stop>
    <stop arrival="0:14">Nordre Lønborg</stop>
  </route>
  <route no="22" destination="Åsane terminal" url="http://www.web2051.no/bin/tp/zuginfo.exe/on/580080/197397/12294/187214/1/" trafficDays="kjører Lø, ikke 1. Mai">
    <stop departure="23:30" routeNo="22">Birkelundstoppen</stop>
    <stop arrival="23:31" departure="23:31">Nattland gård (nyeveien)</stop>
    <stop arrival="23:32" departure="23:32">Merkurvegen (nyeveien)</stop>
    <stop arrival="23:34" departure="23:34">Rinddalen</stop>
    <stop arrival="23:35" departure="23:35">Indre Sædal</stop>
    <stop arrival="23:35" departure="23:35">Helldalslia</stop>
    <stop arrival="23:35" departure="23:35">Helldalslia</stop>
    <stop arrival="23:36" departure="23:36">Helldalsåsen</stop>
    <stop arrival="23:37" departure="23:37">Kjenndalsåsen</stop>
    <stop arrival="23:38" departure="23:38">Kjenndalslia</stop>
    <stop arrival="23:39" departure="23:39">Kringlebotn</stop>
    <stop arrival="23:40" departure="23:40">Sandalskollen</stop>
    <stop arrival="23:41" departure="23:41">Sandbrekkeveien</stop>
    <stop arrival="23:42" departure="23:42">Midttunflaten</stop>
    <stop arrival="23:42" departure="23:42">Midtun bro</stop>
    <stop arrival="23:44" departure="23:44">Herredshuset, Nesttun</stop>
    <stop arrival="23:44" departure="23:44">Nesttun</stop>
    <stop arrival="23:45" departure="23:45">Nesttun terminal</stop>
    <stop arrival="23:46" departure="23:46">Hopsbro</stop>
    <stop arrival="23:47" departure="23:47">Tveiteråsskiftet</stop>
    <stop arrival="23:48" departure="23:48">Paradis</stop>
    <stop arrival="23:50" departure="23:50">Nydalen</stop>
    <stop arrival="23:51" departure="23:51">Fantoft</stop>
    <stop arrival="23:52" departure="23:52">Storetveit</stop>
    <stop arrival="23:52" departure="23:52">Elvebakken</stop>
    <stop arrival="23:53" departure="23:53">Minde</stop>
    <stop arrival="23:57" departure="23:57">Mindemyren</stop>
    <stop arrival="23:58" departure="23:58">Postterminalen</stop>
    <stop arrival="23:58" departure="23:58">Kanalveien v/LBK</stop>
    <stop arrival="0:00" departure="0:00">Danmarksplass v/Forum kino</stop>
    <stop arrival="0:04" departure="0:04">Bergen Busstasjon</stop>
    <stop arrival="0:07" departure="0:07">Christies gate (Festplassen)</stop>
    <stop arrival="0:10" departure="0:10">Torget v/DnB</stop>
    <stop arrival="0:11" departure="0:11">Bryggen</stop>
    <stop arrival="0:11" departure="0:11">Slottsgaten</stop>
    <stop arrival="0:12" departure="0:12">Bontelabo</stop>
    <stop arrival="0:13" departure="0:13">Skutevikstorget</stop>
    <stop arrival="0:13" departure="0:13">Sjøgaten</stop>
    <stop arrival="0:14" departure="0:14">Sandvikstorget</stop>
    <stop arrival="0:15" departure="0:15">Ludebryggen</stop>
    <stop arrival="0:15" departure="0:15">Munkebotten</stop>
    <stop arrival="0:17" departure="0:17">Nyhavnsvei (Gamle Bergen)</stop>
    <stop arrival="0:18" departure="0:18">Handelshøyskolen</stop>
    <stop arrival="0:19" departure="0:19">Solbakken</stop>
    <stop arrival="0:19" departure="0:19">Eikeviken</stop>
    <stop arrival="0:20" departure="0:20">Hellebakken</stop>
    <stop arrival="0:21" departure="0:21">Brunestykket</stop>
    <stop arrival="0:22" departure="0:22">Lønborg</stop>
    <stop arrival="0:22" departure="0:22">Nordre Lønborg</stop>
    <stop arrival="0:22" departure="0:22">Fagerbakken</stop>
    <stop arrival="0:23" departure="0:23">Eidsvågneset</stop>
    <stop arrival="0:23" departure="0:23">Trolldalen (Eidsvågneset)</stop>
    <stop arrival="0:23" departure="0:23">Trollbekken</stop>
    <stop arrival="0:24" departure="0:24">Tømmervågen</stop>
    <stop arrival="0:24" departure="0:24">Lillevågen</stop>
    <stop arrival="0:25" departure="0:25">Hagebyen (Eidsvåg)</stop>
    <stop arrival="0:25" departure="0:25">Fabrikkvegen</stop>
    <stop arrival="0:26" departure="0:26">Eidsvåg gamlevegen</stop>
    <stop arrival="0:27" departure="0:27">Selvikvegen</stop>
    <stop arrival="0:28" departure="0:28">Ervik nedre (Sellesvingen)</stop>
    <stop arrival="0:28" departure="0:28">Ervik øvre</stop>
    <stop arrival="0:29" departure="0:29">Åstveitvegen</stop>
    <stop arrival="0:30" departure="0:30">Griggastemma</stop>
    <stop arrival="0:31" departure="0:31">Tertneskrysset gamleveien</stop>
    <stop arrival="0:33" departure="0:33">Stamskaret</stop>
    <stop arrival="0:33" departure="0:33">Hesthaugen</stop>
    <stop arrival="0:34">Åsane terminal</stop>
  </route>
  <route no="6" destination="Formannsvei" url="http://www.web2051.no/bin/tp/zuginfo.exe/on/71979/27580/632436/292225/1/" trafficDays="kjører Lø, ikke 1. Mai">
    <stop departure="23:50" routeNo="6">Mindeveien endeholdeplass</stop>
    <stop arrival="23:51" departure="23:51">Løbergsv. v/nr. 98</stop>
    <stop arrival="23:51" departure="23:51">Løbergsv. v/kirkegården</stop>
    <stop arrival="23:52" departure="23:52">Lærerbakken</stop>
    <stop arrival="23:54" departure="23:54">Skrivergaten</stop>
    <stop arrival="23:55" departure="23:55">Møregaten</stop>
    <stop arrival="23:55" departure="23:55">Bøhmergaten</stop>
    <stop arrival="23:56" departure="23:56">Vikens gate</stop>
    <stop arrival="23:57" departure="23:57">Solheimsviken</stop>
    <stop arrival="23:58" departure="23:58">Lien (Solheimsviken)</stop>
    <stop arrival="23:58" departure="23:58">Michael Krohns gate</stop>
    <stop arrival="23:59" departure="23:59">Lotheveien</stop>
    <stop arrival="0:03" departure="0:03">Møhlenpris v/ Industrihuset</stop>
    <stop arrival="0:05" departure="0:05">Christies gate (Festplassen)</stop>
    <stop arrival="0:08" departure="0:08">Torget v/DnB</stop>
    <stop arrival="0:09" departure="0:09">Bryggen</stop>
    <stop arrival="0:10" departure="0:10">Sandbrugaten</stop>
    <stop arrival="0:11" departure="0:11">Sverresborg</stop>
    <stop arrival="0:12" departure="0:12">Nye Sandviksveien</stop>
    <stop arrival="0:13" departure="0:13">Sandvikskirken</stop>
    <stop arrival="0:14" departure="0:14">Amalie Skrams vei</stop>
    <stop arrival="0:15">Formannsvei</stop>
  </route>
  <route no="6" destination="Mindeveien endeholdeplass" url="http://www.web2051.no/bin/tp/zuginfo.exe/on/991491/334083/942788/140899/1/" trafficDays="kjører Sø, ikke 2. Mai">
    <stop departure="0:20" routeNo="6">Formannsvei</stop>
    <stop arrival="0:22" departure="0:22">Kirkegaten</stop>
    <stop arrival="0:23" departure="0:23">Sandvikskirken</stop>
    <stop arrival="0:24" departure="0:24">Nye Sandviksveien</stop>
    <stop arrival="0:25" departure="0:25">Sverresborg</stop>
    <stop arrival="0:26" departure="0:26">Øvre Dreggsalmenningen</stop>
    <stop arrival="0:28" departure="0:28">Bryggen</stop>
    <stop arrival="0:29" departure="0:29">Torget v/Lido</stop>
    <stop arrival="0:30" departure="0:30">Olav Kyrres gate v/Hagelin</stop>
    <stop arrival="0:32" departure="0:32">Møhlenpris v/ Industrihuset</stop>
    <stop arrival="0:34" departure="0:34">Gyldenpris</stop>
    <stop arrival="0:35" departure="0:35">Gyldenprisveien</stop>
    <stop arrival="0:36" departure="0:36">Lotheveien</stop>
    <stop arrival="0:37" departure="0:37">Michael Krohns gate</stop>
    <stop arrival="0:38" departure="0:38">Lien (Solheimsviken)</stop>
    <stop arrival="0:39" departure="0:39">Vikens gate</stop>
    <stop arrival="0:39" departure="0:39">Bøhmergaten</stop>
    <stop arrival="0:40" departure="0:40">Michael Krohns gate</stop>
    <stop arrival="0:41" departure="0:41">Sygnagaten</stop>
    <stop arrival="0:42" departure="0:42">Søre Skogvei v/Løvstaklien</stop>
    <stop arrival="0:43" departure="0:43">Lærerbakken</stop>
    <stop arrival="0:44" departure="0:44">Kristian Bings vei</stop>
    <stop arrival="0:44" departure="0:44">Søndre Skogvei v/Mindeveien</stop>
    <stop arrival="0:44" departure="0:44">Mindeveien v/nr. 73</stop>
    <stop arrival="0:45">Mindeveien endeholdeplass</stop>
  </route>
  <route no="270" destination="Arna terminal" url="http://www.web2051.no/bin/tp/zuginfo.exe/on/736734/250648/605840/57342/1/" trafficDays="kjører Ma, også 2., 14., 18., 25. Mai">
    <stop departure="0:15" routeNo="270">Bergen Busstasjon</stop>
    <stop arrival="0:16" departure="0:16">Christies gate (Festplassen)</stop>
    <stop arrival="0:18" departure="0:18">Torget (Bergen)</stop>
    <stop arrival="0:19" departure="0:19">Bryggen</stop>
    <stop arrival="0:19" departure="0:19">Slottsgaten</stop>
    <stop arrival="0:21" departure="0:21">Bontelabo</stop>
    <stop arrival="0:21" departure="0:21">Skutevikstorget</stop>
    <stop arrival="0:22" departure="0:22">Sjøgaten</stop>
    <stop arrival="0:23" departure="0:23">Sandvikstorget</stop>
    <stop arrival="0:24" departure="0:24">Ludebryggen</stop>
    <stop arrival="0:25" departure="0:25">Munkebotten</stop>
    <stop arrival="0:26" departure="0:26">Nyhavnsvei (Gamle Bergen)</stop>
    <stop arrival="0:28" departure="0:28">Handelshøyskolen</stop>
    <stop arrival="0:30" departure="0:30">Eidsvåg</stop>
    <stop arrival="0:35" departure="0:35">Åsane terminal</stop>
    <stop arrival="0:36" departure="0:36">Rollandskrysset</stop>
    <stop arrival="0:36" departure="0:36">Litleåskryss</stop>
    <stop arrival="0:37" departure="0:37">Salhuskrysset</stop>
    <stop arrival="0:38" departure="0:38">Nyborg</stop>
    <stop arrival="0:39" departure="0:39">Domus Nyborg</stop>
    <stop arrival="0:39" departure="0:39">Liavegen (Åsane)</stop>
    <stop arrival="0:40" departure="0:40">Vågsbotn</stop>
    <stop arrival="0:41" departure="0:41">Birkeland (Åsane)</stop>
    <stop arrival="0:42" departure="0:42">Blindheimsdalen</stop>
    <stop arrival="0:43" departure="0:43">Blindheim vest</stop>
    <stop arrival="0:44" departure="0:44">Blindheim øst</stop>
    <stop arrival="0:44" departure="0:44">Hetlebakkskiftet</stop>
    <stop arrival="0:45" departure="0:45">Kalsåsvatn</stop>
    <stop arrival="0:46" departure="0:46">Kalsåsvegen</stop>
    <stop arrival="0:46" departure="0:46">Hauglandskiftet</stop>
    <stop arrival="0:47" departure="0:47">Neset (Gaupås)</stop>
    <stop arrival="0:48" departure="0:48">Gamsevegen</stop>
    <stop arrival="0:49" departure="0:49">Orfallet</stop>
    <stop arrival="0:50" departure="0:50">Ytre Arna Sentrum</stop>
    <stop arrival="0:51" departure="0:51">Ytre Arna Kirke</stop>
    <stop arrival="0:52" departure="0:52">Sægarsveg</stop>
    <stop arrival="0:52" departure="0:52">Sletta snuplass</stop>
    <stop arrival="0:53" departure="0:53">Kvamstø</stop>
    <stop arrival="0:54" departure="0:54">Festtangen</stop>
    <stop arrival="0:55" departure="0:55">Ytre Arna gård</stop>
    <stop arrival="0:55" departure="0:55">Solberg (Bergen)</stop>
    <stop arrival="0:56" departure="0:56">Holmen (Arna)</stop>
    <stop arrival="0:56" departure="0:56">Listøl</stop>
    <stop arrival="0:57" departure="0:57">Listøl</stop>
    <stop arrival="0:58" departure="0:58">Ytre Arna vegen v.nr 204</stop>
    <stop arrival="1:00">Arna terminal</stop>
  </route>
  <route no="280" destination="Klauvarinden" url="http://www.web2051.no/bin/tp/zuginfo.exe/on/654000/223204/315612/60194/1/" trafficDays="kjører Ti - Lø, ikke 14., 18., 25. Mai">
    <stop departure="0:15" routeNo="280">Bergen Busstasjon</stop>
    <stop arrival="0:16" departure="0:16">Christies gate (Festplassen)</stop>
    <stop arrival="0:18" departure="0:18">Torget (Bergen)</stop>
    <stop arrival="0:19" departure="0:19">Bryggen</stop>
    <stop arrival="0:19" departure="0:19">Slottsgaten</stop>
    <stop arrival="0:21" departure="0:21">Bontelabo</stop>
    <stop arrival="0:21" departure="0:21">Skutevikstorget</stop>
    <stop arrival="0:22" departure="0:22">Sjøgaten</stop>
    <stop arrival="0:23" departure="0:23">Sandvikstorget</stop>
    <stop arrival="0:24" departure="0:24">Ludebryggen</stop>
    <stop arrival="0:25" departure="0:25">Munkebotten</stop>
    <stop arrival="0:26" departure="0:26">Nyhavnsvei (Gamle Bergen)</stop>
    <stop arrival="0:28" departure="0:28">Handelshøyskolen</stop>
    <stop arrival="0:30" departure="0:30">Eidsvåg</stop>
    <stop arrival="0:35" departure="0:35">Åsane terminal</stop>
    <stop arrival="0:36" departure="0:36">Rollandskrysset</stop>
    <stop arrival="0:36" departure="0:36">Litleåskryss</stop>
    <stop arrival="0:37" departure="0:37">Salhuskrysset</stop>
    <stop arrival="0:38" departure="0:38">Nyborg</stop>
    <stop arrival="0:40" departure="0:40">Domus Nyborg</stop>
    <stop arrival="0:41" departure="0:41">Liavegen (Åsane)</stop>
    <stop arrival="0:42" departure="0:42">Vågsbotn</stop>
    <stop arrival="0:42" departure="0:42">Eikås</stop>
    <stop arrival="0:43" departure="0:43">Vikaleitet</stop>
    <stop arrival="0:44" departure="0:44">Haukåsvegen</stop>
    <stop arrival="0:45" departure="0:45">Haukås barnehage</stop>
    <stop arrival="0:45" departure="0:45">Myrsæter</stop>
    <stop arrival="0:46" departure="0:46">Haukåsskogen</stop>
    <stop arrival="0:47" departure="0:47">Almåsvegen</stop>
    <stop arrival="0:48" departure="0:48">Hylkje</stop>
    <stop arrival="0:49" departure="0:49">Tuft (Åsane)</stop>
    <stop arrival="0:50" departure="0:50">Langamyrene</stop>
    <stop arrival="0:50" departure="0:50">Nesjavegen</stop>
    <stop arrival="0:51" departure="0:51">Grøvle (Åsane)</stop>
    <stop arrival="0:51" departure="0:51">Hordvikhamnen</stop>
    <stop arrival="0:52" departure="0:52">Ulstein kryss</stop>
    <stop arrival="0:52" departure="0:52">Ulstein</stop>
    <stop arrival="0:53" departure="0:53">Ulstein snuplass</stop>
    <stop arrival="0:55" departure="0:55">Grøvle (Åsane)</stop>
    <stop arrival="0:55" departure="0:55">Grøvlesvingen</stop>
    <stop arrival="0:56" departure="0:56">Hordvik gård</stop>
    <stop arrival="0:57" departure="0:57">Hordvik skole</stop>
    <stop arrival="0:58" departure="0:58">Falkangervegen</stop>
    <stop arrival="0:59" departure="0:59">Tellevik</stop>
    <stop arrival="1:00">Klauvarinden</stop>
  </route>
  <route no="6" destination="Mindeveien endeholdeplass" url="http://www.web2051.no/bin/tp/zuginfo.exe/on/321687/110815/259602/22574/1/" trafficDays="kjører Sø, ikke 2. Mai">
    <stop departure="0:20" routeNo="6">Formannsvei</stop>
    <stop arrival="0:22" departure="0:22">Kirkegaten</stop>
    <stop arrival="0:23" departure="0:23">Sandvikskirken</stop>
    <stop arrival="0:24" departure="0:24">Nye Sandviksveien</stop>
    <stop arrival="0:25" departure="0:25">Sverresborg</stop>
    <stop arrival="0:26" departure="0:26">Øvre Dreggsalmenningen</stop>
    <stop arrival="0:28" departure="0:28">Bryggen</stop>
    <stop arrival="0:29" departure="0:29">Torget v/Lido</stop>
    <stop arrival="0:30" departure="0:30">Olav Kyrres gate v/Hagelin</stop>
    <stop arrival="0:32" departure="0:32">Møhlenpris v/ Industrihuset</stop>
    <stop arrival="0:34" departure="0:34">Gyldenpris</stop>
    <stop arrival="0:35" departure="0:35">Gyldenprisveien</stop>
    <stop arrival="0:36" departure="0:36">Lotheveien</stop>
    <stop arrival="0:37" departure="0:37">Michael Krohns gate</stop>
    <stop arrival="0:38" departure="0:38">Lien (Solheimsviken)</stop>
    <stop arrival="0:39" departure="0:39">Vikens gate</stop>
    <stop arrival="0:39" departure="0:39">Bøhmergaten</stop>
    <stop arrival="0:40" departure="0:40">Michael Krohns gate</stop>
    <stop arrival="0:41" departure="0:41">Sygnagaten</stop>
    <stop arrival="0:42" departure="0:42">Søre Skogvei v/Løvstaklien</stop>
    <stop arrival="0:43" departure="0:43">Lærerbakken</stop>
    <stop arrival="0:44" departure="0:44">Kristian Bings vei</stop>
    <stop arrival="0:44" departure="0:44">Søndre Skogvei v/Mindeveien</stop>
    <stop arrival="0:44" departure="0:44">Mindeveien v/nr. 73</stop>
    <stop arrival="0:45">Mindeveien endeholdeplass</stop>
  </route>
  <route no="22" destination="Åsane terminal" url="http://www.web2051.no/bin/tp/zuginfo.exe/on/569757/193994/636008/128086/1/" trafficDays="kjører Ma - Fr, ikke 13., 17., 24. Mai">
    <stop departure="23:43" routeNo="22">Birkelundstoppen</stop>
    <stop arrival="23:44" departure="23:44">Nattland gård (nyeveien)</stop>
    <stop arrival="23:45" departure="23:45">Merkurvegen (nyeveien)</stop>
    <stop arrival="23:47" departure="23:47">Rinddalen</stop>
    <stop arrival="23:48" departure="23:48">Indre Sædal</stop>
    <stop arrival="23:48" departure="23:48">Helldalslia</stop>
    <stop arrival="23:48" departure="23:48">Helldalslia</stop>
    <stop arrival="23:49" departure="23:49">Helldalsåsen</stop>
    <stop arrival="23:50" departure="23:50">Kjenndalsåsen</stop>
    <stop arrival="23:51" departure="23:51">Kjenndalslia</stop>
    <stop arrival="23:52" departure="23:52">Kringlebotn</stop>
    <stop arrival="23:53" departure="23:53">Sandalskollen</stop>
    <stop arrival="23:54" departure="23:54">Sandbrekkeveien</stop>
    <stop arrival="23:55" departure="23:55">Midttunflaten</stop>
    <stop arrival="23:55" departure="23:55">Midtun bro</stop>
    <stop arrival="23:57" departure="23:57">Herredshuset, Nesttun</stop>
    <stop arrival="23:57" departure="23:57">Nesttun</stop>
    <stop arrival="23:58" departure="23:58">Nesttun terminal</stop>
    <stop arrival="23:59" departure="23:59">Hopsbro</stop>
    <stop arrival="0:00" departure="0:00">Tveiteråsskiftet</stop>
    <stop arrival="0:01" departure="0:01">Paradis</stop>
    <stop arrival="0:03" departure="0:03">Nydalen</stop>
    <stop arrival="0:04" departure="0:04">Fantoft</stop>
    <stop arrival="0:05" departure="0:05">Storetveit</stop>
    <stop arrival="0:05" departure="0:05">Elvebakken</stop>
    <stop arrival="0:06" departure="0:06">Minde</stop>
    <stop arrival="0:09" departure="0:09">Mindemyren</stop>
    <stop arrival="0:10" departure="0:10">Postterminalen</stop>
    <stop arrival="0:11" departure="0:11">Kanalveien v/LBK</stop>
    <stop arrival="0:13" departure="0:13">Danmarksplass v/Forum kino</stop>
    <stop arrival="0:16" departure="0:16">Bergen Busstasjon</stop>
    <stop arrival="0:18" departure="0:18">Christies gate (Festplassen)</stop>
    <stop arrival="0:21" departure="0:21">Torget v/DnB</stop>
    <stop arrival="0:22" departure="0:22">Bryggen</stop>
    <stop arrival="0:22" departure="0:22">Slottsgaten</stop>
    <stop arrival="0:23" departure="0:23">Bontelabo</stop>
    <stop arrival="0:24" departure="0:24">Skutevikstorget</stop>
    <stop arrival="0:24" departure="0:24">Sjøgaten</stop>
    <stop arrival="0:25" departure="0:25">Sandvikstorget</stop>
    <stop arrival="0:26" departure="0:26">Ludebryggen</stop>
    <stop arrival="0:26" departure="0:26">Munkebotten</stop>
    <stop arrival="0:28" departure="0:28">Nyhavnsvei (Gamle Bergen)</stop>
    <stop arrival="0:29" departure="0:29">Handelshøyskolen</stop>
    <stop arrival="0:30" departure="0:30">Solbakken</stop>
    <stop arrival="0:30" departure="0:30">Eikeviken</stop>
    <stop arrival="0:31" departure="0:31">Hellebakken</stop>
    <stop arrival="0:32" departure="0:32">Brunestykket</stop>
    <stop arrival="0:33" departure="0:33">Lønborg</stop>
    <stop arrival="0:33" departure="0:33">Nordre Lønborg</stop>
    <stop arrival="0:33" departure="0:33">Fagerbakken</stop>
    <stop arrival="0:34" departure="0:34">Eidsvågneset</stop>
    <stop arrival="0:34" departure="0:34">Trolldalen (Eidsvågneset)</stop>
    <stop arrival="0:34" departure="0:34">Trollbekken</stop>
    <stop arrival="0:35" departure="0:35">Tømmervågen</stop>
    <stop arrival="0:35" departure="0:35">Lillevågen</stop>
    <stop arrival="0:36" departure="0:36">Hagebyen (Eidsvåg)</stop>
    <stop arrival="0:37" departure="0:37">Fabrikkvegen</stop>
    <stop arrival="0:38" departure="0:38">Eidsvåg gamlevegen</stop>
    <stop arrival="0:39" departure="0:39">Selvikvegen</stop>
    <stop arrival="0:40" departure="0:40">Ervik nedre (Sellesvingen)</stop>
    <stop arrival="0:40" departure="0:40">Ervik øvre</stop>
    <stop arrival="0:41" departure="0:41">Åstveitvegen</stop>
    <stop arrival="0:42" departure="0:42">Griggastemma</stop>
    <stop arrival="0:43" departure="0:43">Tertneskrysset gamleveien</stop>
    <stop arrival="0:45" departure="0:45">Stamskaret</stop>
    <stop arrival="0:45" departure="0:45">Hesthaugen</stop>
    <stop arrival="0:46">Åsane terminal</stop>
  </route>
  <route no="71" destination="Viddalen" url="http://www.web2051.no/bin/tp/zuginfo.exe/on/604464/206197/305426/48775/1/" trafficDays="kjører Sø, ikke 2. Mai">
    <stop departure="0:00" routeNo="71">Nipedalen</stop>
    <stop arrival="0:01" departure="0:01">Lyngbøkollen</stop>
    <stop arrival="0:02" departure="0:02">Øvre Lyngbø</stop>
    <stop arrival="0:03" departure="0:03">Nipedalen v/nr.23</stop>
    <stop arrival="0:03" departure="0:03">Nipedalen v/Lyngbøveien</stop>
    <stop arrival="0:04" departure="0:04">Lyngbøveien</stop>
    <stop arrival="0:05" departure="0:05">Nygårdslien</stop>
    <stop arrival="0:06" departure="0:06">Haustbeitet</stop>
    <stop arrival="0:07" departure="0:07">Nygård, Laksevåg</stop>
    <stop arrival="0:08" departure="0:08">Kringsjå</stop>
    <stop arrival="0:09" departure="0:09">Oldernes</stop>
    <stop arrival="0:10" departure="0:10">Vågedalen</stop>
    <stop arrival="0:12" departure="0:12">Fergeveien</stop>
    <stop arrival="0:14" departure="0:14">Jansongården</stop>
    <stop arrival="0:16" departure="0:16">Solveien</stop>
    <stop arrival="0:17" departure="0:17">Gyldenpris</stop>
    <stop arrival="0:19" departure="0:19">Møhlenpris v/ Industrihuset</stop>
    <stop arrival="0:20" departure="0:20">Christies gate (Festplassen)</stop>
    <stop arrival="0:23" departure="0:23">Torget (Bergen)</stop>
    <stop arrival="0:24" departure="0:24">Bryggen</stop>
    <stop arrival="0:24" departure="0:24">Slottsgaten</stop>
    <stop arrival="0:25" departure="0:25">Bontelabo</stop>
    <stop arrival="0:26" departure="0:26">Skutevikstorget</stop>
    <stop arrival="0:26" departure="0:26">Sjøgaten</stop>
    <stop arrival="0:27" departure="0:27">Sandvikstorget</stop>
    <stop arrival="0:28" departure="0:28">Ludebryggen</stop>
    <stop arrival="0:28" departure="0:28">Munkebotten</stop>
    <stop arrival="0:30" departure="0:30">Nyhavnsvei (Gamle Bergen)</stop>
    <stop arrival="0:31" departure="0:31">Handelshøyskolen</stop>
    <stop arrival="0:33" departure="0:33">Eidsvåg</stop>
    <stop arrival="0:36" departure="0:36">Tertneskrysset nyevegen</stop>
    <stop arrival="0:38" departure="0:38">Stamskaret</stop>
    <stop arrival="0:38" departure="0:38">Hesthaugen</stop>
    <stop arrival="0:39" departure="0:39">Åsane terminal</stop>
    <stop arrival="0:41" departure="0:41">Ulsetåsen</stop>
    <stop arrival="0:42" departure="0:42">Haukeberget</stop>
    <stop arrival="0:44" departure="0:44">Botnane</stop>
    <stop arrival="0:45" departure="0:45">Haukedalsvegen</stop>
    <stop arrival="0:46" departure="0:46">Sjøveien</stop>
    <stop arrival="0:47" departure="0:47">Tertitten</stop>
    <stop arrival="0:47" departure="0:47">Kipo</stop>
    <stop arrival="0:48" departure="0:48">Storevarden</stop>
    <stop arrival="0:48" departure="0:48">Nesmyr</stop>
    <stop arrival="0:49" departure="0:49">Bekkjarvik (Åsane)</stop>
    <stop arrival="0:50" departure="0:50">Bekkjarvikkryss (Åsane)</stop>
    <stop arrival="0:51" departure="0:51">Kvernevikstemma</stop>
    <stop arrival="0:51" departure="0:51">Åsane sand + singel</stop>
    <stop arrival="0:52" departure="0:52">Bryggedalen</stop>
    <stop arrival="0:54">Viddalen</stop>
  </route>
  <route no="90" destination="Åsane terminal" url="http://www.web2051.no/bin/tp/zuginfo.exe/on/588453/201100/657684/132691/1/" trafficDays="kjører Ti - Lø, ikke 14., 18., 25. Mai">
    <stop departure="0:00" routeNo="90">Sletten (Bergen)</stop>
    <stop arrival="0:02" departure="0:02">Johan Hjorts vei</stop>
    <stop arrival="0:03" departure="0:03">Bergenshallen</stop>
    <stop arrival="0:04" departure="0:04">Sletten Shoppingsenter</stop>
    <stop arrival="0:05" departure="0:05">Fageråsen</stop>
    <stop arrival="0:06" departure="0:06">Hagerups vei</stop>
    <stop arrival="0:07" departure="0:07">Natlandsv. v/Hagerupsvei</stop>
    <stop arrival="0:08" departure="0:08">Langhaugen</stop>
    <stop arrival="0:09" departure="0:09">Fridalen</stop>
    <stop arrival="0:10" departure="0:10">Haukelandsveien</stop>
    <stop arrival="0:11" departure="0:11">Ibsens gate /Haukeland sykehus</stop>
    <stop arrival="0:13" departure="0:13">Bjørnsons gate</stop>
    <stop arrival="0:15" departure="0:15">Årstad VGS</stop>
    <stop arrival="0:16" departure="0:16">Danmarksplass v/Forum kino</stop>
    <stop arrival="0:18" departure="0:18">Bergen Busstasjon</stop>
    <stop arrival="0:20" departure="0:20">Christies gate (Festplassen)</stop>
    <stop arrival="0:23" departure="0:23">Torget (Bergen)</stop>
    <stop arrival="0:24" departure="0:24">Bryggen</stop>
    <stop arrival="0:24" departure="0:24">Slottsgaten</stop>
    <stop arrival="0:25" departure="0:25">Bontelabo</stop>
    <stop arrival="0:26" departure="0:26">Skutevikstorget</stop>
    <stop arrival="0:26" departure="0:26">Sjøgaten</stop>
    <stop arrival="0:27" departure="0:27">Sandvikstorget</stop>
    <stop arrival="0:28" departure="0:28">Ludebryggen</stop>
    <stop arrival="0:28" departure="0:28">Munkebotten</stop>
    <stop arrival="0:30" departure="0:30">Nyhavnsvei (Gamle Bergen)</stop>
    <stop arrival="0:31" departure="0:31">Handelshøyskolen</stop>
    <stop arrival="0:33" departure="0:33">Eidsvåg</stop>
    <stop arrival="0:39">Åsane terminal</stop>
  </route>
  <route no="80" destination="Flaktveit snuplass" url="http://www.web2051.no/bin/tp/zuginfo.exe/on/610551/208309/3780/201628/1/" trafficDays="kjører Sø, ikke 2. Mai">
    <stop departure="0:00" routeNo="80">Oasen Terminal</stop>
    <stop arrival="0:02" departure="0:02">Skarphaugen</stop>
    <stop arrival="0:03" departure="0:03">Sælen skole</stop>
    <stop arrival="0:04" departure="0:04">Torgny Segersteds vei</stop>
    <stop arrival="0:05" departure="0:05">Smiberget</stop>
    <stop arrival="0:05" departure="0:05">Ortustranden</stop>
    <stop arrival="0:06" departure="0:06">Lyshovden skole</stop>
    <stop arrival="0:06" departure="0:06">Sælemyr</stop>
    <stop arrival="0:07" departure="0:07">Hjalmar Brantings vei</stop>
    <stop arrival="0:08" departure="0:08">Træet (Benshaugen)</stop>
    <stop arrival="0:08" departure="0:08">Dag Hammarskjølds vei</stop>
    <stop arrival="0:09" departure="0:09">Lynghaug skole</stop>
    <stop arrival="0:09" departure="0:09">Hamregården</stop>
    <stop arrival="0:10" departure="0:10">Sikthaugen</stop>
    <stop arrival="0:14" departure="0:14">Gyldenpris</stop>
    <stop arrival="0:18" departure="0:18">Bergen Busstasjon</stop>
    <stop arrival="0:21" departure="0:21">Christies gate (Festplassen)</stop>
    <stop arrival="0:24" departure="0:24">Torget (Bergen)</stop>
    <stop arrival="0:25" departure="0:25">Bryggen</stop>
    <stop arrival="0:25" departure="0:25">Slottsgaten</stop>
    <stop arrival="0:26" departure="0:26">Bontelabo</stop>
    <stop arrival="0:27" departure="0:27">Skutevikstorget</stop>
    <stop arrival="0:28" departure="0:28">Sjøgaten</stop>
    <stop arrival="0:28" departure="0:28">Sandvikstorget</stop>
    <stop arrival="0:29" departure="0:29">Ludebryggen</stop>
    <stop arrival="0:29" departure="0:29">Munkebotten</stop>
    <stop arrival="0:31" departure="0:31">Nyhavnsvei (Gamle Bergen)</stop>
    <stop arrival="0:32" departure="0:32">Handelshøyskolen</stop>
    <stop arrival="0:34" departure="0:34">Eidsvåg</stop>
    <stop arrival="0:39" departure="0:39">Åsane terminal</stop>
    <stop arrival="0:40" departure="0:40">Rollandskrysset</stop>
    <stop arrival="0:40" departure="0:40">Litleåskryss</stop>
    <stop arrival="0:41" departure="0:41">Salhuskrysset</stop>
    <stop arrival="0:42" departure="0:42">Nyborg</stop>
    <stop arrival="0:44" departure="0:44">Gullgruven</stop>
    <stop arrival="0:45" departure="0:45">Industrihuset</stop>
    <stop arrival="0:46" departure="0:46">Liakroken</stop>
    <stop arrival="0:47" departure="0:47">Lid (Åsane)</stop>
    <stop arrival="0:49" departure="0:49">Flaktveitrinden</stop>
    <stop arrival="0:50" departure="0:50">Flaktveitsvingane</stop>
    <stop arrival="0:51" departure="0:51">Træsgrenda (Ulsberglia)</stop>
    <stop arrival="0:52" departure="0:52">Ulvhøyen</stop>
    <stop arrival="0:53" departure="0:53">Breimyra</stop>
    <stop arrival="0:54">Flaktveit snuplass</stop>
  </route>
  <route no="6" destination="Formannsvei" url="http://www.web2051.no/bin/tp/zuginfo.exe/on/595782/202156/989046/295929/1/" trafficDays="kjører Ma - Lø, også 2. Mai">
    <stop departure="0:05" routeNo="6">Mindeveien endeholdeplass</stop>
    <stop arrival="0:06" departure="0:06">Løbergsv. v/nr. 98</stop>
    <stop arrival="0:06" departure="0:06">Løbergsv. v/kirkegården</stop>
    <stop arrival="0:07" departure="0:07">Lærerbakken</stop>
    <stop arrival="0:09" departure="0:09">Skrivergaten</stop>
    <stop arrival="0:10" departure="0:10">Møregaten</stop>
    <stop arrival="0:10" departure="0:10">Bøhmergaten</stop>
    <stop arrival="0:11" departure="0:11">Vikens gate</stop>
    <stop arrival="0:12" departure="0:12">Solheimsviken</stop>
    <stop arrival="0:13" departure="0:13">Lien (Solheimsviken)</stop>
    <stop arrival="0:13" departure="0:13">Michael Krohns gate</stop>
    <stop arrival="0:14" departure="0:14">Lotheveien</stop>
    <stop arrival="0:18" departure="0:18">Møhlenpris v/ Industrihuset</stop>
    <stop arrival="0:20" departure="0:20">Christies gate (Festplassen)</stop>
    <stop arrival="0:23" departure="0:23">Torget v/DnB</stop>
    <stop arrival="0:24" departure="0:24">Bryggen</stop>
    <stop arrival="0:25" departure="0:25">Sandbrugaten</stop>
    <stop arrival="0:26" departure="0:26">Sverresborg</stop>
    <stop arrival="0:27" departure="0:27">Nye Sandviksveien</stop>
    <stop arrival="0:28" departure="0:28">Sandvikskirken</stop>
    <stop arrival="0:29" departure="0:29">Amalie Skrams vei</stop>
    <stop arrival="0:30">Formannsvei</stop>
  </route>
  <route no="6" destination="Grønnestølen" url="http://www.web2051.no/bin/tp/zuginfo.exe/on/532080/180923/851962/248621/1/" trafficDays="kjører Ma, også 2., 14., 18., 25. Mai">
    <stop departure="0:30" routeNo="6">Formannsvei</stop>
    <stop arrival="0:32" departure="0:32">Kirkegaten</stop>
    <stop arrival="0:33" departure="0:33">Sandvikskirken</stop>
    <stop arrival="0:34" departure="0:34">Nye Sandviksveien</stop>
    <stop arrival="0:35" departure="0:35">Sverresborg</stop>
    <stop arrival="0:36" departure="0:36">Øvre Dreggsalmenningen</stop>
    <stop arrival="0:38" departure="0:38">Bryggen</stop>
    <stop arrival="0:39" departure="0:39">Torget v/Lido</stop>
    <stop arrival="0:40" departure="0:40">Olav Kyrres gate v/Hagelin</stop>
    <stop arrival="0:42" departure="0:42">Møhlenpris v/ Industrihuset</stop>
    <stop arrival="0:44" departure="0:44">Gyldenpris</stop>
    <stop arrival="0:45" departure="0:45">Gyldenprisveien</stop>
    <stop arrival="0:46" departure="0:46">Lotheveien</stop>
    <stop arrival="0:47" departure="0:47">Michael Krohns gate</stop>
    <stop arrival="0:48" departure="0:48">Lien (Solheimsviken)</stop>
    <stop arrival="0:49" departure="0:49">Vikens gate</stop>
    <stop arrival="0:50" departure="0:50">Bøhmergaten</stop>
    <stop arrival="0:51" departure="0:51">Michael Krohns gate</stop>
    <stop arrival="0:52" departure="0:52">Sygnagaten</stop>
    <stop arrival="0:53" departure="0:53">Søre Skogvei v/Løvstaklien</stop>
    <stop arrival="0:53" departure="0:53">Lærerbakken</stop>
    <stop arrival="0:54" departure="0:54">Kristian Bings vei</stop>
    <stop arrival="0:55" departure="0:55">Søndre Skogvei v/Mindeveien</stop>
    <stop arrival="0:55" departure="0:55">Mindeveien v/nr. 73</stop>
    <stop arrival="0:56" departure="0:56">Minde Allé</stop>
    <stop arrival="0:57" departure="0:57">Fjøsangerveien/Minde Allé</stop>
    <stop arrival="0:58" departure="0:58">Kristianborg</stop>
    <stop arrival="0:59" departure="0:59">Løbergsalleen</stop>
    <stop arrival="1:00">Grønnestølen</stop>
  </route>
  <route no="80" destination="Flaktveit snuplass" url="http://www.web2051.no/bin/tp/zuginfo.exe/on/422895/145735/638552/178312/1/" trafficDays="kjører Ma, også 2., 14., 18., 25. Mai">
    <stop departure="0:05" routeNo="80">Oasen Terminal</stop>
    <stop arrival="0:07" departure="0:07">Skarphaugen</stop>
    <stop arrival="0:08" departure="0:08">Sælen skole</stop>
    <stop arrival="0:09" departure="0:09">Torgny Segersteds vei</stop>
    <stop arrival="0:10" departure="0:10">Smiberget</stop>
    <stop arrival="0:10" departure="0:10">Ortustranden</stop>
    <stop arrival="0:11" departure="0:11">Lyshovden skole</stop>
    <stop arrival="0:11" departure="0:11">Sælemyr</stop>
    <stop arrival="0:12" departure="0:12">Hjalmar Brantings vei</stop>
    <stop arrival="0:13" departure="0:13">Træet (Benshaugen)</stop>
    <stop arrival="0:13" departure="0:13">Dag Hammarskjølds vei</stop>
    <stop arrival="0:13" departure="0:13">Lynghaug skole</stop>
    <stop arrival="0:14" departure="0:14">Hamregården</stop>
    <stop arrival="0:14" departure="0:14">Sikthaugen</stop>
    <stop arrival="0:18" departure="0:18">Gyldenpris</stop>
    <stop arrival="0:22" departure="0:22">Bergen Busstasjon</stop>
    <stop arrival="0:25" departure="0:25">Christies gate (Festplassen)</stop>
    <stop arrival="0:28" departure="0:28">Torget (Bergen)</stop>
    <stop arrival="0:29" departure="0:29">Bryggen</stop>
    <stop arrival="0:29" departure="0:29">Slottsgaten</stop>
    <stop arrival="0:30" departure="0:30">Bontelabo</stop>
    <stop arrival="0:31" departure="0:31">Skutevikstorget</stop>
    <stop arrival="0:32" departure="0:32">Sjøgaten</stop>
    <stop arrival="0:32" departure="0:32">Sandvikstorget</stop>
    <stop arrival="0:33" departure="0:33">Ludebryggen</stop>
    <stop arrival="0:33" departure="0:33">Munkebotten</stop>
    <stop arrival="0:35" departure="0:35">Nyhavnsvei (Gamle Bergen)</stop>
    <stop arrival="0:36" departure="0:36">Handelshøyskolen</stop>
    <stop arrival="0:38" departure="0:38">Eidsvåg</stop>
    <stop arrival="0:43" departure="0:43">Åsane terminal</stop>
    <stop arrival="0:44" departure="0:44">Rollandskrysset</stop>
    <stop arrival="0:44" departure="0:44">Litleåskryss</stop>
    <stop arrival="0:45" departure="0:45">Salhuskrysset</stop>
    <stop arrival="0:46" departure="0:46">Nyborg</stop>
    <stop arrival="0:48" departure="0:48">Gullgruven</stop>
    <stop arrival="0:49" departure="0:49">Industrihuset</stop>
    <stop arrival="0:50" departure="0:50">Liakroken</stop>
    <stop arrival="0:51" departure="0:51">Lid (Åsane)</stop>
    <stop arrival="0:53" departure="0:53">Flaktveitrinden</stop>
    <stop arrival="0:54" departure="0:54">Flaktveitsvingane</stop>
    <stop arrival="0:55" departure="0:55">Træsgrenda (Ulsberglia)</stop>
    <stop arrival="0:56" departure="0:56">Ulvhøyen</stop>
    <stop arrival="0:57" departure="0:57">Breimyra</stop>
    <stop arrival="0:58">Flaktveit snuplass</stop>
  </route>
  <route no="6" destination="Grønnestølen" url="http://www.web2051.no/bin/tp/zuginfo.exe/on/496224/168971/369722/19453/1/" trafficDays="kjører Ma, også 2., 14., 18., 25. Mai">
    <stop departure="0:30" routeNo="6">Formannsvei</stop>
    <stop arrival="0:32" departure="0:32">Kirkegaten</stop>
    <stop arrival="0:33" departure="0:33">Sandvikskirken</stop>
    <stop arrival="0:34" departure="0:34">Nye Sandviksveien</stop>
    <stop arrival="0:35" departure="0:35">Sverresborg</stop>
    <stop arrival="0:36" departure="0:36">Øvre Dreggsalmenningen</stop>
    <stop arrival="0:38" departure="0:38">Bryggen</stop>
    <stop arrival="0:39" departure="0:39">Torget v/Lido</stop>
    <stop arrival="0:40" departure="0:40">Olav Kyrres gate v/Hagelin</stop>
    <stop arrival="0:42" departure="0:42">Møhlenpris v/ Industrihuset</stop>
    <stop arrival="0:44" departure="0:44">Gyldenpris</stop>
    <stop arrival="0:45" departure="0:45">Gyldenprisveien</stop>
    <stop arrival="0:46" departure="0:46">Lotheveien</stop>
    <stop arrival="0:47" departure="0:47">Michael Krohns gate</stop>
    <stop arrival="0:48" departure="0:48">Lien (Solheimsviken)</stop>
    <stop arrival="0:49" departure="0:49">Vikens gate</stop>
    <stop arrival="0:50" departure="0:50">Bøhmergaten</stop>
    <stop arrival="0:51" departure="0:51">Michael Krohns gate</stop>
    <stop arrival="0:52" departure="0:52">Sygnagaten</stop>
    <stop arrival="0:53" departure="0:53">Søre Skogvei v/Løvstaklien</stop>
    <stop arrival="0:53" departure="0:53">Lærerbakken</stop>
    <stop arrival="0:54" departure="0:54">Kristian Bings vei</stop>
    <stop arrival="0:55" departure="0:55">Søndre Skogvei v/Mindeveien</stop>
    <stop arrival="0:55" departure="0:55">Mindeveien v/nr. 73</stop>
    <stop arrival="0:56" departure="0:56">Minde Allé</stop>
    <stop arrival="0:57" departure="0:57">Fjøsangerveien/Minde Allé</stop>
    <stop arrival="0:58" departure="0:58">Kristianborg</stop>
    <stop arrival="0:59" departure="0:59">Løbergsalleen</stop>
    <stop arrival="1:00">Grønnestølen</stop>
  </route>
  <route no="71" destination="Viddalen" url="http://www.web2051.no/bin/tp/zuginfo.exe/on/24813/13027/533756/258608/1/" trafficDays="kjører Ti - Lø, ikke 14., 18., 25. Mai">
    <stop departure="0:10" routeNo="71">Nipedalen</stop>
    <stop arrival="0:11" departure="0:11">Lyngbøkollen</stop>
    <stop arrival="0:12" departure="0:12">Øvre Lyngbø</stop>
    <stop arrival="0:13" departure="0:13">Nipedalen v/nr.23</stop>
    <stop arrival="0:13" departure="0:13">Nipedalen v/Lyngbøveien</stop>
    <stop arrival="0:14" departure="0:14">Lyngbøveien</stop>
    <stop arrival="0:15" departure="0:15">Nygårdslien</stop>
    <stop arrival="0:15" departure="0:15">Haustbeitet</stop>
    <stop arrival="0:16" departure="0:16">Nygård, Laksevåg</stop>
    <stop arrival="0:18" departure="0:18">Kringsjå</stop>
    <stop arrival="0:19" departure="0:19">Oldernes</stop>
    <stop arrival="0:20" departure="0:20">Vågedalen</stop>
    <stop arrival="0:21" departure="0:21">Fergeveien</stop>
    <stop arrival="0:23" departure="0:23">Jansongården</stop>
    <stop arrival="0:24" departure="0:24">Solveien</stop>
    <stop arrival="0:25" departure="0:25">Gyldenpris</stop>
    <stop arrival="0:28" departure="0:28">Møhlenpris v/ Industrihuset</stop>
    <stop arrival="0:30" departure="0:30">Christies gate (Festplassen)</stop>
    <stop arrival="0:33" departure="0:33">Torget (Bergen)</stop>
    <stop arrival="0:34" departure="0:34">Bryggen</stop>
    <stop arrival="0:34" departure="0:34">Slottsgaten</stop>
    <stop arrival="0:35" departure="0:35">Bontelabo</stop>
    <stop arrival="0:36" departure="0:36">Skutevikstorget</stop>
    <stop arrival="0:36" departure="0:36">Sjøgaten</stop>
    <stop arrival="0:37" departure="0:37">Sandvikstorget</stop>
    <stop arrival="0:38" departure="0:38">Ludebryggen</stop>
    <stop arrival="0:38" departure="0:38">Munkebotten</stop>
    <stop arrival="0:40" departure="0:40">Nyhavnsvei (Gamle Bergen)</stop>
    <stop arrival="0:41" departure="0:41">Handelshøyskolen</stop>
    <stop arrival="0:43" departure="0:43">Eidsvåg</stop>
    <stop arrival="0:46" departure="0:46">Tertneskrysset nyevegen</stop>
    <stop arrival="0:48" departure="0:48">Stamskaret</stop>
    <stop arrival="0:48" departure="0:48">Hesthaugen</stop>
    <stop arrival="0:49" departure="0:49">Åsane terminal</stop>
    <stop arrival="0:51" departure="0:51">Ulsetåsen</stop>
    <stop arrival="0:52" departure="0:52">Haukeberget</stop>
    <stop arrival="0:54" departure="0:54">Botnane</stop>
    <stop arrival="0:55" departure="0:55">Haukedalsvegen</stop>
    <stop arrival="0:56" departure="0:56">Sjøveien</stop>
    <stop arrival="0:57" departure="0:57">Tertitten</stop>
    <stop arrival="0:57" departure="0:57">Kipo</stop>
    <stop arrival="0:58" departure="0:58">Storevarden</stop>
    <stop arrival="0:58" departure="0:58">Nesmyr</stop>
    <stop arrival="0:59" departure="0:59">Bekkjarvik (Åsane)</stop>
    <stop arrival="1:00" departure="1:00">Bekkjarvikkryss (Åsane)</stop>
    <stop arrival="1:01" departure="1:01">Kvernevikstemma</stop>
    <stop arrival="1:01" departure="1:01">Åsane sand + singel</stop>
    <stop arrival="1:02" departure="1:02">Bryggedalen</stop>
    <stop arrival="1:04">Viddalen</stop>
  </route>
  <route no="90" destination="Salhus kai" url="http://www.web2051.no/bin/tp/zuginfo.exe/on/740616/251733/407438/43154/1/" trafficDays="kjører Ma, også 2., 14., 18., 25. Mai">
    <stop departure="0:08" routeNo="90">Sletten (Bergen)</stop>
    <stop arrival="0:10" departure="0:10">Johan Hjorts vei</stop>
    <stop arrival="0:11" departure="0:11">Bergenshallen</stop>
    <stop arrival="0:12" departure="0:12">Sletten Shoppingsenter</stop>
    <stop arrival="0:13" departure="0:13">Fageråsen</stop>
    <stop arrival="0:14" departure="0:14">Hagerups vei</stop>
    <stop arrival="0:15" departure="0:15">Natlandsv. v/Hagerupsvei</stop>
    <stop arrival="0:16" departure="0:16">Langhaugen</stop>
    <stop arrival="0:17" departure="0:17">Fridalen</stop>
    <stop arrival="0:18" departure="0:18">Haukelandsveien</stop>
    <stop arrival="0:19" departure="0:19">Ibsens gate /Haukeland sykehus</stop>
    <stop arrival="0:21" departure="0:21">Bjørnsons gate</stop>
    <stop arrival="0:23" departure="0:23">Årstad VGS</stop>
    <stop arrival="0:24" departure="0:24">Danmarksplass v/Forum kino</stop>
    <stop arrival="0:28" departure="0:28">Bergen Busstasjon</stop>
    <stop arrival="0:30" departure="0:30">Christies gate (Festplassen)</stop>
    <stop arrival="0:33" departure="0:33">Torget (Bergen)</stop>
    <stop arrival="0:34" departure="0:34">Bryggen</stop>
    <stop arrival="0:34" departure="0:34">Slottsgaten</stop>
    <stop arrival="0:35" departure="0:35">Bontelabo</stop>
    <stop arrival="0:36" departure="0:36">Skutevikstorget</stop>
    <stop arrival="0:36" departure="0:36">Sjøgaten</stop>
    <stop arrival="0:37" departure="0:37">Sandvikstorget</stop>
    <stop arrival="0:38" departure="0:38">Ludebryggen</stop>
    <stop arrival="0:38" departure="0:38">Munkebotten</stop>
    <stop arrival="0:40" departure="0:40">Nyhavnsvei (Gamle Bergen)</stop>
    <stop arrival="0:41" departure="0:41">Handelshøyskolen</stop>
    <stop arrival="0:43" departure="0:43">Eidsvåg</stop>
    <stop arrival="0:46" departure="0:46">Tertneskrysset nyevegen</stop>
    <stop arrival="0:48" departure="0:48">Stamskaret</stop>
    <stop arrival="0:48" departure="0:48">Hesthaugen</stop>
    <stop arrival="0:49" departure="0:49">Åsane terminal</stop>
    <stop arrival="0:50" departure="0:50">Åsane Brannstasjon</stop>
    <stop arrival="0:51" departure="0:51">Flatevad</stop>
    <stop arrival="0:52" departure="0:52">Spondalen</stop>
    <stop arrival="0:52" departure="0:52">Torvbakken</stop>
    <stop arrival="0:53" departure="0:53">Morvikbotn</stop>
    <stop arrival="0:54" departure="0:54">Viddalen</stop>
    <stop arrival="0:55" departure="0:55">Bakketoppen, Morvik</stop>
    <stop arrival="0:57" departure="0:57">Kollbudalen</stop>
    <stop arrival="0:58" departure="0:58">Saudalen</stop>
    <stop arrival="0:59" departure="0:59">Saudalskleivane</stop>
    <stop arrival="1:00" departure="1:00">Lokketodalen</stop>
    <stop arrival="1:01" departure="1:01">Slettestølen</stop>
    <stop arrival="1:02" departure="1:02">Marikollen</stop>
    <stop arrival="1:03" departure="1:03">Toppe</stop>
    <stop arrival="1:04" departure="1:04">Støbotn snuplass</stop>
    <stop arrival="1:05" departure="1:05">Matre</stop>
    <stop arrival="1:05" departure="1:05">Kistebakkane</stop>
    <stop arrival="1:06" departure="1:06">Nygård, Salhus</stop>
    <stop arrival="1:07" departure="1:07">Langeland (Åsane)</stop>
    <stop arrival="1:07">Salhus kai</stop>
  </route>
  <route no="23" destination="Øyjorden (Bergen)" url="http://www.web2051.no/bin/tp/zuginfo.exe/on/354255/122195/210906/12637/1/" trafficDays="kjører Lø, ikke 1. Mai">
    <stop departure="23:55" routeNo="23">Birkelandskrysset Terminal</stop>
    <stop arrival="23:57" departure="23:57">Gomarhaug</stop>
    <stop arrival="23:57" departure="23:57">Sandsliskiftet</stop>
    <stop arrival="23:58" departure="23:58">Håvardstun</stop>
    <stop arrival="0:00" departure="0:00">Meyer</stop>
    <stop arrival="0:01" departure="0:01">Rådal</stop>
    <stop arrival="0:02" departure="0:02">Rådal ved Lagunen</stop>
    <stop arrival="0:05" departure="0:05">Skjold skole</stop>
    <stop arrival="0:07" departure="0:07">Mårdalen</stop>
    <stop arrival="0:08" departure="0:08">Nesttunbrekka</stop>
    <stop arrival="0:08" departure="0:08">Skjoldskiftet</stop>
    <stop arrival="0:09" departure="0:09">Nesttun</stop>
    <stop arrival="0:10" departure="0:10">Nesttun terminal</stop>
    <stop arrival="0:11" departure="0:11">Hopsbro</stop>
    <stop arrival="0:12" departure="0:12">Tveiteråsskiftet</stop>
    <stop arrival="0:13" departure="0:13">Paradis</stop>
    <stop arrival="0:15" departure="0:15">Nydalen</stop>
    <stop arrival="0:16" departure="0:16">Fantoft</stop>
    <stop arrival="0:16" departure="0:16">Storetveit</stop>
    <stop arrival="0:17" departure="0:17">Elvebakken</stop>
    <stop arrival="0:17" departure="0:17">Minde</stop>
    <stop arrival="0:21" departure="0:21">Mindemyren</stop>
    <stop arrival="0:22" departure="0:22">Postterminalen</stop>
    <stop arrival="0:22" departure="0:22">Kanalveien v/LBK</stop>
    <stop arrival="0:24" departure="0:24">Danmarksplass v/Forum kino</stop>
    <stop arrival="0:28" departure="0:28">Bergen Busstasjon</stop>
    <stop arrival="0:31" departure="0:31">Christies gate (Festplassen)</stop>
    <stop arrival="0:34" departure="0:34">Torget v/DnB</stop>
    <stop arrival="0:35" departure="0:35">Bryggen</stop>
    <stop arrival="0:35" departure="0:35">Slottsgaten</stop>
    <stop arrival="0:36" departure="0:36">Bontelabo</stop>
    <stop arrival="0:37" departure="0:37">Skutevikstorget</stop>
    <stop arrival="0:37" departure="0:37">Sjøgaten</stop>
    <stop arrival="0:38" departure="0:38">Sandvikstorget</stop>
    <stop arrival="0:39" departure="0:39">Ludebryggen</stop>
    <stop arrival="0:39" departure="0:39">Munkebotten</stop>
    <stop arrival="0:41" departure="0:41">Nyhavnsvei (Gamle Bergen)</stop>
    <stop arrival="0:42" departure="0:42">Handelshøyskolen</stop>
    <stop arrival="0:43" departure="0:43">Hatleberg</stop>
    <stop arrival="0:43" departure="0:43">Skytterveien</stop>
    <stop arrival="0:44" departure="0:44">Øyjordsveien</stop>
    <stop arrival="0:45">Øyjorden (Bergen)</stop>
  </route>
  <route no="21" destination="Lønborglien snuplass" url="http://www.web2051.no/bin/tp/zuginfo.exe/on/594633/202178/566786/85183/1/" trafficDays="kjører Lø, ikke 1. Mai">
    <stop departure="23:56" routeNo="21">Søråshøgda snuplass</stop>
    <stop arrival="23:57" departure="23:57">Søråsgrenda</stop>
    <stop arrival="23:59" departure="23:59">Nordåsgrenda</stop>
    <stop arrival="0:00" departure="0:00">Nordåstræet</stop>
    <stop arrival="0:01" departure="0:01">Nordås</stop>
    <stop arrival="0:03" departure="0:03">Nordåstræet</stop>
    <stop arrival="0:04" departure="0:04">Nordåsgrenda</stop>
    <stop arrival="0:04" departure="0:04">Kilden senter</stop>
    <stop arrival="0:05" departure="0:05">Søråsveien</stop>
    <stop arrival="0:06" departure="0:06">Skjold skole</stop>
    <stop arrival="0:08" departure="0:08">Mårdalen</stop>
    <stop arrival="0:09" departure="0:09">Nesttunbrekka</stop>
    <stop arrival="0:09" departure="0:09">Skjoldskiftet</stop>
    <stop arrival="0:10" departure="0:10">Nesttun</stop>
    <stop arrival="0:11" departure="0:11">Nesttun terminal</stop>
    <stop arrival="0:12" departure="0:12">Hopsbro</stop>
    <stop arrival="0:13" departure="0:13">Tveiteråsskiftet</stop>
    <stop arrival="0:14" departure="0:14">Paradis</stop>
    <stop arrival="0:16" departure="0:16">Nydalen</stop>
    <stop arrival="0:17" departure="0:17">Fantoft</stop>
    <stop arrival="0:18" departure="0:18">Storetveit</stop>
    <stop arrival="0:18" departure="0:18">Elvebakken</stop>
    <stop arrival="0:19" departure="0:19">Minde</stop>
    <stop arrival="0:23" departure="0:23">Mindemyren</stop>
    <stop arrival="0:24" departure="0:24">Postterminalen</stop>
    <stop arrival="0:24" departure="0:24">Kanalveien v/LBK</stop>
    <stop arrival="0:26" departure="0:26">Danmarksplass v/Forum kino</stop>
    <stop arrival="0:30" departure="0:30">Bergen Busstasjon</stop>
    <stop arrival="0:33" departure="0:33">Christies gate (Festplassen)</stop>
    <stop arrival="0:36" departure="0:36">Torget v/DnB</stop>
    <stop arrival="0:37" departure="0:37">Bryggen</stop>
    <stop arrival="0:37" departure="0:37">Slottsgaten</stop>
    <stop arrival="0:38" departure="0:38">Bontelabo</stop>
    <stop arrival="0:39" departure="0:39">Skutevikstorget</stop>
    <stop arrival="0:39" departure="0:39">Sjøgaten</stop>
    <stop arrival="0:40" departure="0:40">Sandvikstorget</stop>
    <stop arrival="0:41" departure="0:41">Ludebryggen</stop>
    <stop arrival="0:41" departure="0:41">Munkebotten</stop>
    <stop arrival="0:43" departure="0:43">Nyhavnsvei (Gamle Bergen)</stop>
    <stop arrival="0:44" departure="0:44">Handelshøyskolen</stop>
    <stop arrival="0:45" departure="0:45">Solbakken</stop>
    <stop arrival="0:45" departure="0:45">Eikeviken</stop>
    <stop arrival="0:46" departure="0:46">Hellebakken</stop>
    <stop arrival="0:47" departure="0:47">Brunestykket</stop>
    <stop arrival="0:48" departure="0:48">Lønborg</stop>
    <stop arrival="0:48" departure="0:48">Nordre Lønborg</stop>
    <stop arrival="0:50" departure="0:50">Lønborglien 1</stop>
    <stop arrival="0:51" departure="0:51">Lønborglien 2</stop>
    <stop arrival="0:52">Lønborglien snuplass</stop>
  </route>
  <route no="80" destination="Flaktveit snuplass" url="http://www.web2051.no/bin/tp/zuginfo.exe/on/224577/79696/890700/370491/1/" trafficDays="kjører Ti - Lø, ikke 14., 18., 25. Mai">
    <stop departure="0:20" routeNo="80">Oasen Terminal</stop>
    <stop arrival="0:22" departure="0:22">Skarphaugen</stop>
    <stop arrival="0:23" departure="0:23">Sælen skole</stop>
    <stop arrival="0:24" departure="0:24">Torgny Segersteds vei</stop>
    <stop arrival="0:25" departure="0:25">Smiberget</stop>
    <stop arrival="0:25" departure="0:25">Ortustranden</stop>
    <stop arrival="0:26" departure="0:26">Lyshovden skole</stop>
    <stop arrival="0:26" departure="0:26">Sælemyr</stop>
    <stop arrival="0:27" departure="0:27">Hjalmar Brantings vei</stop>
    <stop arrival="0:28" departure="0:28">Træet (Benshaugen)</stop>
    <stop arrival="0:28" departure="0:28">Dag Hammarskjølds vei</stop>
    <stop arrival="0:28" departure="0:28">Lynghaug skole</stop>
    <stop arrival="0:29" departure="0:29">Hamregården</stop>
    <stop arrival="0:29" departure="0:29">Sikthaugen</stop>
    <stop arrival="0:33" departure="0:33">Gyldenpris</stop>
    <stop arrival="0:38" departure="0:38">Bergen Busstasjon</stop>
    <stop arrival="0:40" departure="0:40">Christies gate (Festplassen)</stop>
    <stop arrival="0:43" departure="0:43">Torget (Bergen)</stop>
    <stop arrival="0:44" departure="0:44">Bryggen</stop>
    <stop arrival="0:44" departure="0:44">Slottsgaten</stop>
    <stop arrival="0:45" departure="0:45">Bontelabo</stop>
    <stop arrival="0:46" departure="0:46">Skutevikstorget</stop>
    <stop arrival="0:47" departure="0:47">Sjøgaten</stop>
    <stop arrival="0:47" departure="0:47">Sandvikstorget</stop>
    <stop arrival="0:48" departure="0:48">Ludebryggen</stop>
    <stop arrival="0:48" departure="0:48">Munkebotten</stop>
    <stop arrival="0:50" departure="0:50">Nyhavnsvei (Gamle Bergen)</stop>
    <stop arrival="0:51" departure="0:51">Handelshøyskolen</stop>
    <stop arrival="0:53" departure="0:53">Eidsvåg</stop>
    <stop arrival="0:58" departure="0:58">Åsane terminal</stop>
    <stop arrival="0:59" departure="0:59">Rollandskrysset</stop>
    <stop arrival="0:59" departure="0:59">Litleåskryss</stop>
    <stop arrival="1:00" departure="1:00">Salhuskrysset</stop>
    <stop arrival="1:01" departure="1:01">Nyborg</stop>
    <stop arrival="1:03" departure="1:03">Gullgruven</stop>
    <stop arrival="1:04" departure="1:04">Industrihuset</stop>
    <stop arrival="1:05" departure="1:05">Liakroken</stop>
    <stop arrival="1:06" departure="1:06">Lid (Åsane)</stop>
    <stop arrival="1:08" departure="1:08">Flaktveitrinden</stop>
    <stop arrival="1:09" departure="1:09">Flaktveitsvingane</stop>
    <stop arrival="1:10" departure="1:10">Træsgrenda (Ulsberglia)</stop>
    <stop arrival="1:11" departure="1:11">Ulvhøyen</stop>
    <stop arrival="1:12" departure="1:12">Breimyra</stop>
    <stop arrival="1:13">Flaktveit snuplass</stop>
  </route>
  <route no="20" destination="Lønborglien snuplass" url="http://www.web2051.no/bin/tp/zuginfo.exe/on/295053/102167/282978/43140/1/" trafficDays="kjører Sø, ikke 2. Mai">
    <stop departure="0:13" routeNo="20">Rådal ved Lagunen</stop>
    <stop arrival="0:16" departure="0:16">Skjold skole</stop>
    <stop arrival="0:18" departure="0:18">Mårdalen</stop>
    <stop arrival="0:19" departure="0:19">Nesttunbrekka</stop>
    <stop arrival="0:19" departure="0:19">Skjoldskiftet</stop>
    <stop arrival="0:20" departure="0:20">Nesttun</stop>
    <stop arrival="0:21" departure="0:21">Nesttun terminal</stop>
    <stop arrival="0:22" departure="0:22">Hopsbro</stop>
    <stop arrival="0:23" departure="0:23">Tveiteråsskiftet</stop>
    <stop arrival="0:24" departure="0:24">Paradis</stop>
    <stop arrival="0:26" departure="0:26">Nydalen</stop>
    <stop arrival="0:27" departure="0:27">Fantoft</stop>
    <stop arrival="0:28" departure="0:28">Storetveit</stop>
    <stop arrival="0:28" departure="0:28">Elvebakken</stop>
    <stop arrival="0:29" departure="0:29">Minde</stop>
    <stop arrival="0:33" departure="0:33">Mindemyren</stop>
    <stop arrival="0:34" departure="0:34">Postterminalen</stop>
    <stop arrival="0:34" departure="0:34">Kanalveien v/LBK</stop>
    <stop arrival="0:36" departure="0:36">Danmarksplass v/Forum kino</stop>
    <stop arrival="0:40" departure="0:40">Bergen Busstasjon</stop>
    <stop arrival="0:43" departure="0:43">Christies gate (Festplassen)</stop>
    <stop arrival="0:46" departure="0:46">Torget v/DnB</stop>
    <stop arrival="0:47" departure="0:47">Bryggen</stop>
    <stop arrival="0:47" departure="0:47">Slottsgaten</stop>
    <stop arrival="0:48" departure="0:48">Bontelabo</stop>
    <stop arrival="0:49" departure="0:49">Skutevikstorget</stop>
    <stop arrival="0:49" departure="0:49">Sjøgaten</stop>
    <stop arrival="0:50" departure="0:50">Sandvikstorget</stop>
    <stop arrival="0:51" departure="0:51">Ludebryggen</stop>
    <stop arrival="0:51" departure="0:51">Munkebotten</stop>
    <stop arrival="0:53" departure="0:53">Nyhavnsvei (Gamle Bergen)</stop>
    <stop arrival="0:54" departure="0:54">Handelshøyskolen</stop>
    <stop arrival="0:55" departure="0:55">Solbakken</stop>
    <stop arrival="0:55" departure="0:55">Eikeviken</stop>
    <stop arrival="0:56" departure="0:56">Hellebakken</stop>
    <stop arrival="0:57" departure="0:57">Brunestykket</stop>
    <stop arrival="0:58" departure="0:58">Lønborg</stop>
    <stop arrival="0:58" departure="0:58">Nordre Lønborg</stop>
    <stop arrival="1:00" departure="1:00">Lønborglien 1</stop>
    <stop arrival="1:01" departure="1:01">Lønborglien 2</stop>
    <stop arrival="1:02">Lønborglien snuplass</stop>
  </route>
  <route no="20" destination="Lønborglien snuplass" url="http://www.web2051.no/bin/tp/zuginfo.exe/on/843561/285113/747490/92559/1/" trafficDays="kjører Ti - Lø, ikke 14., 18., 25. Mai">
    <stop departure="0:08" routeNo="20">Gaia Fana</stop>
    <stop arrival="0:10" departure="0:10">Fana kirke</stop>
    <stop arrival="0:10" departure="0:10">Norheimsveien</stop>
    <stop arrival="0:11" departure="0:11">Kvernabekkvegen</stop>
    <stop arrival="0:12" departure="0:12">Titlestad</stop>
    <stop arrival="0:12" departure="0:12">Rydland (Titlestad, Fana)</stop>
    <stop arrival="0:13" departure="0:13">Øvre Titlestad</stop>
    <stop arrival="0:14" departure="0:14">Bergheim</stop>
    <stop arrival="0:14" departure="0:14">Bergheim</stop>
    <stop arrival="0:16" departure="0:16">Hordnesskiftet Stend</stop>
    <stop arrival="0:17" departure="0:17">Steinknuseverket</stop>
    <stop arrival="0:17" departure="0:17">Rådalshaug</stop>
    <stop arrival="0:18" departure="0:18">Sunea</stop>
    <stop arrival="0:19" departure="0:19">Rådal</stop>
    <stop arrival="0:20" departure="0:20">Rådal ved Lagunen</stop>
    <stop arrival="0:23" departure="0:23">Skjold skole</stop>
    <stop arrival="0:25" departure="0:25">Mårdalen</stop>
    <stop arrival="0:26" departure="0:26">Nesttunbrekka</stop>
    <stop arrival="0:26" departure="0:26">Skjoldskiftet</stop>
    <stop arrival="0:27" departure="0:27">Nesttun</stop>
    <stop arrival="0:28" departure="0:28">Nesttun terminal</stop>
    <stop arrival="0:29" departure="0:29">Hopsbro</stop>
    <stop arrival="0:30" departure="0:30">Tveiteråsskiftet</stop>
    <stop arrival="0:31" departure="0:31">Paradis</stop>
    <stop arrival="0:33" departure="0:33">Nydalen</stop>
    <stop arrival="0:34" departure="0:34">Fantoft</stop>
    <stop arrival="0:35" departure="0:35">Storetveit</stop>
    <stop arrival="0:35" departure="0:35">Elvebakken</stop>
    <stop arrival="0:36" departure="0:36">Minde</stop>
    <stop arrival="0:39" departure="0:39">Mindemyren</stop>
    <stop arrival="0:40" departure="0:40">Postterminalen</stop>
    <stop arrival="0:41" departure="0:41">Kanalveien v/LBK</stop>
    <stop arrival="0:43" departure="0:43">Danmarksplass v/Forum kino</stop>
    <stop arrival="0:46" departure="0:46">Bergen Busstasjon</stop>
    <stop arrival="0:48" departure="0:48">Christies gate (Festplassen)</stop>
    <stop arrival="0:51" departure="0:51">Torget v/DnB</stop>
    <stop arrival="0:52" departure="0:52">Bryggen</stop>
    <stop arrival="0:52" departure="0:52">Slottsgaten</stop>
    <stop arrival="0:53" departure="0:53">Bontelabo</stop>
    <stop arrival="0:54" departure="0:54">Skutevikstorget</stop>
    <stop arrival="0:54" departure="0:54">Sjøgaten</stop>
    <stop arrival="0:55" departure="0:55">Sandvikstorget</stop>
    <stop arrival="0:56" departure="0:56">Ludebryggen</stop>
    <stop arrival="0:56" departure="0:56">Munkebotten</stop>
    <stop arrival="0:58" departure="0:58">Nyhavnsvei (Gamle Bergen)</stop>
    <stop arrival="0:59" departure="0:59">Handelshøyskolen</stop>
    <stop arrival="1:00" departure="1:00">Solbakken</stop>
    <stop arrival="1:00" departure="1:00">Eikeviken</stop>
    <stop arrival="1:01" departure="1:01">Hellebakken</stop>
    <stop arrival="1:02" departure="1:02">Brunestykket</stop>
    <stop arrival="1:03" departure="1:03">Lønborg</stop>
    <stop arrival="1:03" departure="1:03">Nordre Lønborg</stop>
    <stop arrival="1:05" departure="1:05">Lønborglien 1</stop>
    <stop arrival="1:06" departure="1:06">Lønborglien 2</stop>
    <stop arrival="1:07">Lønborglien snuplass</stop>
  </route>
  <route no="90" destination="Salhus kai" url="http://www.web2051.no/bin/tp/zuginfo.exe/on/349224/121303/637768/202476/1/" trafficDays="kjører Sø, ikke 2. Mai">
    <stop departure="0:30" routeNo="90">Sletten (Bergen)</stop>
    <stop arrival="0:32" departure="0:32">Johan Hjorts vei</stop>
    <stop arrival="0:33" departure="0:33">Bergenshallen</stop>
    <stop arrival="0:34" departure="0:34">Sletten Shoppingsenter</stop>
    <stop arrival="0:35" departure="0:35">Fageråsen</stop>
    <stop arrival="0:36" departure="0:36">Hagerups vei</stop>
    <stop arrival="0:37" departure="0:37">Natlandsv. v/Hagerupsvei</stop>
    <stop arrival="0:38" departure="0:38">Langhaugen</stop>
    <stop arrival="0:39" departure="0:39">Fridalen</stop>
    <stop arrival="0:40" departure="0:40">Haukelandsveien</stop>
    <stop arrival="0:41" departure="0:41">Ibsens gate /Haukeland sykehus</stop>
    <stop arrival="0:42" departure="0:42">Bjørnsons gate</stop>
    <stop arrival="0:44" departure="0:44">Årstad VGS</stop>
    <stop arrival="0:45" departure="0:45">Danmarksplass v/Forum kino</stop>
    <stop arrival="0:48" departure="0:48">Bergen Busstasjon</stop>
    <stop arrival="0:50" departure="0:50">Christies gate (Festplassen)</stop>
    <stop arrival="0:53" departure="0:53">Torget (Bergen)</stop>
    <stop arrival="0:54" departure="0:54">Bryggen</stop>
    <stop arrival="0:54" departure="0:54">Slottsgaten</stop>
    <stop arrival="0:55" departure="0:55">Bontelabo</stop>
    <stop arrival="0:56" departure="0:56">Skutevikstorget</stop>
    <stop arrival="0:56" departure="0:56">Sjøgaten</stop>
    <stop arrival="0:57" departure="0:57">Sandvikstorget</stop>
    <stop arrival="0:58" departure="0:58">Ludebryggen</stop>
    <stop arrival="0:58" departure="0:58">Munkebotten</stop>
    <stop arrival="1:00" departure="1:00">Nyhavnsvei (Gamle Bergen)</stop>
    <stop arrival="1:01" departure="1:01">Handelshøyskolen</stop>
    <stop arrival="1:03" departure="1:03">Eidsvåg</stop>
    <stop arrival="1:08" departure="1:08">Åsane terminal</stop>
    <stop arrival="1:09" departure="1:09">Åsane Brannstasjon</stop>
    <stop arrival="1:10" departure="1:10">Flatevad</stop>
    <stop arrival="1:11" departure="1:11">Spondalen</stop>
    <stop arrival="1:11" departure="1:11">Torvbakken</stop>
    <stop arrival="1:12" departure="1:12">Morvikbotn</stop>
    <stop arrival="1:13" departure="1:13">Viddalen</stop>
    <stop arrival="1:14" departure="1:14">Bakketoppen, Morvik</stop>
    <stop arrival="1:16" departure="1:16">Kollbudalen</stop>
    <stop arrival="1:17" departure="1:17">Saudalen</stop>
    <stop arrival="1:18" departure="1:18">Saudalskleivane</stop>
    <stop arrival="1:19" departure="1:19">Lokketodalen</stop>
    <stop arrival="1:20" departure="1:20">Slettestølen</stop>
    <stop arrival="1:21" departure="1:21">Marikollen</stop>
    <stop arrival="1:22" departure="1:22">Toppe</stop>
    <stop arrival="1:23" departure="1:23">Støbotn snuplass</stop>
    <stop arrival="1:24" departure="1:24">Matre</stop>
    <stop arrival="1:24" departure="1:24">Kistebakkane</stop>
    <stop arrival="1:25" departure="1:25">Nygård, Salhus</stop>
    <stop arrival="1:26" departure="1:26">Langeland (Åsane)</stop>
    <stop arrival="1:26">Salhus kai</stop>
  </route>
</routes>
