<?xml version="1.0" encoding="UTF-8"?>
<routes>
  <route no="525" destination="Bergen Busstasjon" url="http://www.web2051.no/bin/tp/zuginfo.exe/on/381954/132705/717292/231329/1/" trafficDays="kjører Ma - Fr, ikke 13., 17., 24. Mai">
    <stop departure="23:25" routeNo="525">Milde</stop>
    <stop arrival="23:26" departure="23:26">Fana folkehøgskole (Aboretet)</stop>
    <stop arrival="23:27" departure="23:27">Geilen</stop>
    <stop arrival="23:27" departure="23:27">Grendatunvegen</stop>
    <stop arrival="23:28" departure="23:28">Planteskogen (Milde)</stop>
    <stop arrival="23:30" departure="23:30">Hjellestadskiftet</stop>
    <stop arrival="23:31" departure="23:31">Seilforeningen</stop>
    <stop arrival="23:32" departure="23:32">Hjellestad post</stop>
    <stop arrival="23:32" departure="23:32">Hjellestad</stop>
    <stop arrival="23:32" departure="23:32">Hjellestad post</stop>
    <stop arrival="23:34" departure="23:34">Seilforeningen</stop>
    <stop arrival="23:35" departure="23:35">Hjellestadskiftet</stop>
    <stop arrival="23:36" departure="23:36">K.Kaland</stop>
    <stop arrival="23:37" departure="23:37">Ådlandsbro</stop>
    <stop arrival="23:38" departure="23:38">Heggernesskiftet</stop>
    <stop arrival="23:39" departure="23:39">Kartveitskiftet</stop>
    <stop arrival="23:40" departure="23:40">Ådlandsskiftet</stop>
    <stop arrival="23:41" departure="23:41">Ådlandsflaten</stop>
    <stop arrival="23:41" departure="23:41">Blomsterdalen</stop>
    <stop arrival="23:45" departure="23:45">Birkelandskrysset Terminal</stop>
    <stop arrival="23:45" departure="23:45">Scandic</stop>
    <stop arrival="23:45" departure="23:45">Nera</stop>
    <stop arrival="23:46" departure="23:46">BKK , Kokstad</stop>
    <stop arrival="23:46" departure="23:46">Kokstad Bilhandel</stop>
    <stop arrival="23:54" departure="23:54">Dolvik terminal</stop>
    <stop arrival="23:54" departure="23:54">Dolvikbakken</stop>
    <stop arrival="23:55" departure="23:55">Søreide skole</stop>
    <stop arrival="23:56" departure="23:56">Søreide v/Hydrostasjonen</stop>
    <stop arrival="23:58" departure="23:58">Straume bro</stop>
    <stop arrival="23:58" departure="23:58">Bergen Motorbåtforening</stop>
    <stop arrival="0:00" departure="0:00">Straume (Straumeveien, Fana)</stop>
    <stop arrival="0:00" departure="0:00">Bøjarnesvegen (Toftegård)</stop>
    <stop arrival="0:01" departure="0:01">Bønesskiftet</stop>
    <stop arrival="0:02" departure="0:02">Kråkenes 2 (Kleiva)</stop>
    <stop arrival="0:02" departure="0:02">Kråkenes 1</stop>
    <stop arrival="0:02" departure="0:02">Langebekken</stop>
    <stop arrival="0:03" departure="0:03">Langegården</stop>
    <stop arrival="0:03" departure="0:03">Krambua</stop>
    <stop arrival="0:03" departure="0:03">Fjøsanger</stop>
    <stop arrival="0:07" departure="0:07">Kanalveien v/NRK</stop>
    <stop arrival="0:08" departure="0:08">Mindemyren</stop>
    <stop arrival="0:09" departure="0:09">Postterminalen</stop>
    <stop arrival="0:09" departure="0:09">Kanalveien v/LBK</stop>
    <stop arrival="0:11" departure="0:11">Danmarksplass v/Forum kino</stop>
    <stop arrival="0:14" departure="0:14">Bergen Busstasjon</stop>
    <stop arrival="0:16" departure="0:16">Christies gate (Festplassen)</stop>
    <stop arrival="0:21">Bergen Busstasjon</stop>
  </route>
  <route no="525" destination="Bergen Busstasjon" url="http://www.web2051.no/bin/tp/zuginfo.exe/on/820470/278877/780998/117010/1/" trafficDays="kjører Ma - Fr, ikke 13., 17., 24. Mai">
    <stop departure="23:25" routeNo="525">Milde</stop>
    <stop arrival="23:26" departure="23:26">Fana folkehøgskole (Aboretet)</stop>
    <stop arrival="23:27" departure="23:27">Geilen</stop>
    <stop arrival="23:27" departure="23:27">Grendatunvegen</stop>
    <stop arrival="23:28" departure="23:28">Planteskogen (Milde)</stop>
    <stop arrival="23:30" departure="23:30">Hjellestadskiftet</stop>
    <stop arrival="23:31" departure="23:31">Seilforeningen</stop>
    <stop arrival="23:32" departure="23:32">Hjellestad post</stop>
    <stop arrival="23:32" departure="23:32">Hjellestad</stop>
    <stop arrival="23:32" departure="23:32">Hjellestad post</stop>
    <stop arrival="23:34" departure="23:34">Seilforeningen</stop>
    <stop arrival="23:35" departure="23:35">Hjellestadskiftet</stop>
    <stop arrival="23:36" departure="23:36">K.Kaland</stop>
    <stop arrival="23:37" departure="23:37">Ådlandsbro</stop>
    <stop arrival="23:38" departure="23:38">Heggernesskiftet</stop>
    <stop arrival="23:39" departure="23:39">Kartveitskiftet</stop>
    <stop arrival="23:40" departure="23:40">Ådlandsskiftet</stop>
    <stop arrival="23:41" departure="23:41">Ådlandsflaten</stop>
    <stop arrival="23:41" departure="23:41">Blomsterdalen</stop>
    <stop arrival="23:45" departure="23:45">Birkelandskrysset Terminal</stop>
    <stop arrival="23:45" departure="23:45">Scandic</stop>
    <stop arrival="23:45" departure="23:45">Nera</stop>
    <stop arrival="23:46" departure="23:46">BKK , Kokstad</stop>
    <stop arrival="23:46" departure="23:46">Kokstad Bilhandel</stop>
    <stop arrival="23:54" departure="23:54">Dolvik terminal</stop>
    <stop arrival="23:54" departure="23:54">Dolvikbakken</stop>
    <stop arrival="23:55" departure="23:55">Søreide skole</stop>
    <stop arrival="23:56" departure="23:56">Søreide v/Hydrostasjonen</stop>
    <stop arrival="23:58" departure="23:58">Straume bro</stop>
    <stop arrival="23:58" departure="23:58">Bergen Motorbåtforening</stop>
    <stop arrival="0:00" departure="0:00">Straume (Straumeveien, Fana)</stop>
    <stop arrival="0:00" departure="0:00">Bøjarnesvegen (Toftegård)</stop>
    <stop arrival="0:01" departure="0:01">Bønesskiftet</stop>
    <stop arrival="0:02" departure="0:02">Kråkenes 2 (Kleiva)</stop>
    <stop arrival="0:02" departure="0:02">Kråkenes 1</stop>
    <stop arrival="0:02" departure="0:02">Langebekken</stop>
    <stop arrival="0:03" departure="0:03">Langegården</stop>
    <stop arrival="0:03" departure="0:03">Krambua</stop>
    <stop arrival="0:03" departure="0:03">Fjøsanger</stop>
    <stop arrival="0:07" departure="0:07">Kanalveien v/NRK</stop>
    <stop arrival="0:08" departure="0:08">Mindemyren</stop>
    <stop arrival="0:09" departure="0:09">Postterminalen</stop>
    <stop arrival="0:09" departure="0:09">Kanalveien v/LBK</stop>
    <stop arrival="0:11" departure="0:11">Danmarksplass v/Forum kino</stop>
    <stop arrival="0:14" departure="0:14">Bergen Busstasjon</stop>
    <stop arrival="0:16" departure="0:16">Christies gate (Festplassen)</stop>
    <stop arrival="0:21">Bergen Busstasjon</stop>
  </route>
  <route no="60" destination="Bergen Busstasjon" url="http://www.web2051.no/bin/tp/zuginfo.exe/on/139404/51090/876388/391732/1/" trafficDays="kjører Ma, også 2., 14., 18., 25. Mai">
    <stop departure="0:00" routeNo="60">Bønes senter</stop>
    <stop arrival="0:01" departure="0:01">Våkleiva</stop>
    <stop arrival="0:01" departure="0:01">Bønes hagesenter</stop>
    <stop arrival="0:03" departure="0:03">Bønes skole</stop>
    <stop arrival="0:04" departure="0:04">Kråkenestoppen</stop>
    <stop arrival="0:05" departure="0:05">Bergvegen</stop>
    <stop arrival="0:06" departure="0:06">Langebekken</stop>
    <stop arrival="0:07" departure="0:07">Langegården</stop>
    <stop arrival="0:07" departure="0:07">Krambua</stop>
    <stop arrival="0:08" departure="0:08">Fjøsanger</stop>
    <stop arrival="0:12" departure="0:12">Kanalveien v/NRK</stop>
    <stop arrival="0:13" departure="0:13">Mindemyren</stop>
    <stop arrival="0:14" departure="0:14">Postterminalen</stop>
    <stop arrival="0:15" departure="0:15">Kanalveien v/LBK</stop>
    <stop arrival="0:17" departure="0:17">Danmarksplass v/Forum kino</stop>
    <stop arrival="0:20" departure="0:20">Bergen Busstasjon</stop>
    <stop arrival="0:20" departure="0:20">Christies gate (Festplassen)</stop>
    <stop arrival="0:25">Bergen Busstasjon</stop>
  </route>
  <route no="60" destination="Bergen Busstasjon" url="http://www.web2051.no/bin/tp/zuginfo.exe/on/41571/18528/23444/2137/1/" trafficDays="kjører Ti - Lø, ikke 14., 18., 25. Mai">
    <stop departure="0:00" routeNo="60">Bønes senter</stop>
    <stop arrival="0:01" departure="0:01">Våkleiva</stop>
    <stop arrival="0:01" departure="0:01">Bønes hagesenter</stop>
    <stop arrival="0:03" departure="0:03">Bønes skole</stop>
    <stop arrival="0:04" departure="0:04">Kråkenestoppen</stop>
    <stop arrival="0:05" departure="0:05">Bergvegen</stop>
    <stop arrival="0:06" departure="0:06">Langebekken</stop>
    <stop arrival="0:07" departure="0:07">Langegården</stop>
    <stop arrival="0:07" departure="0:07">Krambua</stop>
    <stop arrival="0:08" departure="0:08">Fjøsanger</stop>
    <stop arrival="0:12" departure="0:12">Kanalveien v/NRK</stop>
    <stop arrival="0:13" departure="0:13">Mindemyren</stop>
    <stop arrival="0:14" departure="0:14">Postterminalen</stop>
    <stop arrival="0:14" departure="0:14">Kanalveien v/LBK</stop>
    <stop arrival="0:16" departure="0:16">Danmarksplass v/Forum kino</stop>
    <stop arrival="0:19" departure="0:19">Bergen Busstasjon</stop>
    <stop arrival="0:20" departure="0:20">Christies gate (Festplassen)</stop>
    <stop arrival="0:25">Bergen Busstasjon</stop>
  </route>
  <route no="60" destination="Bergen Busstasjon" url="http://www.web2051.no/bin/tp/zuginfo.exe/on/456510/156792/800968/248320/1/" trafficDays="kjører Ma, også 2., 14., 18., 25. Mai">
    <stop departure="0:00" routeNo="60">Bønes senter</stop>
    <stop arrival="0:01" departure="0:01">Våkleiva</stop>
    <stop arrival="0:01" departure="0:01">Bønes hagesenter</stop>
    <stop arrival="0:03" departure="0:03">Bønes skole</stop>
    <stop arrival="0:04" departure="0:04">Kråkenestoppen</stop>
    <stop arrival="0:05" departure="0:05">Bergvegen</stop>
    <stop arrival="0:06" departure="0:06">Langebekken</stop>
    <stop arrival="0:07" departure="0:07">Langegården</stop>
    <stop arrival="0:07" departure="0:07">Krambua</stop>
    <stop arrival="0:08" departure="0:08">Fjøsanger</stop>
    <stop arrival="0:12" departure="0:12">Kanalveien v/NRK</stop>
    <stop arrival="0:13" departure="0:13">Mindemyren</stop>
    <stop arrival="0:14" departure="0:14">Postterminalen</stop>
    <stop arrival="0:15" departure="0:15">Kanalveien v/LBK</stop>
    <stop arrival="0:17" departure="0:17">Danmarksplass v/Forum kino</stop>
    <stop arrival="0:20" departure="0:20">Bergen Busstasjon</stop>
    <stop arrival="0:20" departure="0:20">Christies gate (Festplassen)</stop>
    <stop arrival="0:25">Bergen Busstasjon</stop>
  </route>
  <route no="60" destination="Bergen Busstasjon" url="http://www.web2051.no/bin/tp/zuginfo.exe/on/945552/319855/456000/87186/1/" trafficDays="kjører Ti - Lø, ikke 14., 18., 25. Mai">
    <stop departure="0:00" routeNo="60">Bønes senter</stop>
    <stop arrival="0:01" departure="0:01">Våkleiva</stop>
    <stop arrival="0:01" departure="0:01">Bønes hagesenter</stop>
    <stop arrival="0:03" departure="0:03">Bønes skole</stop>
    <stop arrival="0:04" departure="0:04">Kråkenestoppen</stop>
    <stop arrival="0:05" departure="0:05">Bergvegen</stop>
    <stop arrival="0:06" departure="0:06">Langebekken</stop>
    <stop arrival="0:07" departure="0:07">Langegården</stop>
    <stop arrival="0:07" departure="0:07">Krambua</stop>
    <stop arrival="0:08" departure="0:08">Fjøsanger</stop>
    <stop arrival="0:12" departure="0:12">Kanalveien v/NRK</stop>
    <stop arrival="0:13" departure="0:13">Mindemyren</stop>
    <stop arrival="0:14" departure="0:14">Postterminalen</stop>
    <stop arrival="0:14" departure="0:14">Kanalveien v/LBK</stop>
    <stop arrival="0:16" departure="0:16">Danmarksplass v/Forum kino</stop>
    <stop arrival="0:19" departure="0:19">Bergen Busstasjon</stop>
    <stop arrival="0:20" departure="0:20">Christies gate (Festplassen)</stop>
    <stop arrival="0:25">Bergen Busstasjon</stop>
  </route>
  <route no="60" destination="Bergvegen" url="http://www.web2051.no/bin/tp/zuginfo.exe/on/845166/286394/163814/199816/1/" trafficDays="kjører Ma - Fr, ikke 13., 17., 24. Mai">
    <stop departure="23:58" routeNo="60">Nordahl Bruns gate</stop>
    <stop arrival="0:03" departure="0:03">Bergen Busstasjon</stop>
    <stop arrival="0:07" departure="0:07">Danmarksplass</stop>
    <stop arrival="0:08" departure="0:08">Solheimsgaten</stop>
    <stop arrival="0:10" departure="0:10">Reperbanen</stop>
    <stop arrival="0:12" departure="0:12">Fjøsangerveien/ Minde Allè</stop>
    <stop arrival="0:14" departure="0:14">Kristianborg</stop>
    <stop arrival="0:16" departure="0:16">Grønnestølsbakken</stop>
    <stop arrival="0:17" departure="0:17">Fjøsanger</stop>
    <stop arrival="0:18" departure="0:18">Langegården</stop>
    <stop arrival="0:20">Bergvegen</stop>
  </route>
  <route no="60" destination="Bergvegen" url="http://www.web2051.no/bin/tp/zuginfo.exe/on/72273/28714/459132/205481/1/" trafficDays="kjører Ma, også 2., 14., 18., 25. Mai">
    <stop departure="0:07" routeNo="60">Nordahl Bruns gate</stop>
    <stop arrival="0:12" departure="0:12">Bergen Busstasjon</stop>
    <stop arrival="0:16" departure="0:16">Danmarksplass</stop>
    <stop arrival="0:17" departure="0:17">Solheimsgaten</stop>
    <stop arrival="0:19" departure="0:19">Reperbanen</stop>
    <stop arrival="0:20" departure="0:20">Fjøsangerveien/ Minde Allè</stop>
    <stop arrival="0:21" departure="0:21">Kristianborg</stop>
    <stop arrival="0:22" departure="0:22">Grønnestølsbakken</stop>
    <stop arrival="0:23" departure="0:23">Fjøsanger</stop>
    <stop arrival="0:23" departure="0:23">Langegården</stop>
    <stop arrival="0:25">Bergvegen</stop>
  </route>
  <route no="525" destination="Milde" url="http://www.web2051.no/bin/tp/zuginfo.exe/on/987987/334655/960226/150787/1/" trafficDays="kjører Ma, også 2., 14., 18., 25. Mai">
    <stop departure="0:25" routeNo="525">Bergen Busstasjon</stop>
    <stop arrival="0:27" departure="0:27">Danmarksplass</stop>
    <stop arrival="0:27" departure="0:27">Solheimsgaten</stop>
    <stop arrival="0:28" departure="0:28">Reperbanen</stop>
    <stop arrival="0:28" departure="0:28">Fjøsangerveien/ Minde Allè</stop>
    <stop arrival="0:28" departure="0:28">Kristianborg</stop>
    <stop arrival="0:29" departure="0:29">Grønnestølsbakken</stop>
    <stop arrival="0:29" departure="0:29">Fjøsanger</stop>
    <stop arrival="0:29" departure="0:29">Langegården</stop>
    <stop arrival="0:30" departure="0:30">Langebekken</stop>
    <stop arrival="0:30" departure="0:30">Kråkenes 1</stop>
    <stop arrival="0:31" departure="0:31">Kråkenes 2 (Kleiva)</stop>
    <stop arrival="0:31" departure="0:31">Bønesskiftet</stop>
    <stop arrival="0:32" departure="0:32">Bøjarnesvegen (Toftegård)</stop>
    <stop arrival="0:32" departure="0:32">Straume (Straumeveien, Fana)</stop>
    <stop arrival="0:35" departure="0:35">Sementbroen</stop>
    <stop arrival="0:37" departure="0:37">Straume bro</stop>
    <stop arrival="0:40" departure="0:40">Søreide v/Hydrostasjonen</stop>
    <stop arrival="0:41" departure="0:41">Søreide skole</stop>
    <stop arrival="0:41" departure="0:41">Dolvik terminal</stop>
    <stop arrival="0:42" departure="0:42">Kokstad Bilhandel</stop>
    <stop arrival="0:44" departure="0:44">BKK , Kokstad</stop>
    <stop arrival="0:46" departure="0:46">Nera</stop>
    <stop arrival="0:47" departure="0:47">Scandic</stop>
    <stop arrival="0:50" departure="0:50">Birkelandskrysset Terminal</stop>
    <stop arrival="0:51" departure="0:51">Blomsterdalen</stop>
    <stop arrival="0:51" departure="0:51">Ådlandsflaten</stop>
    <stop arrival="0:52" departure="0:52">Ådlandsskiftet</stop>
    <stop arrival="0:52" departure="0:52">Kartveitskiftet</stop>
    <stop arrival="0:52" departure="0:52">Heggernesskiftet</stop>
    <stop arrival="0:53" departure="0:53">Ådlandsbro</stop>
    <stop arrival="0:53" departure="0:53">K.Kaland</stop>
    <stop arrival="0:53" departure="0:53">Hjellestadskiftet</stop>
    <stop arrival="0:56" departure="0:56">Seilforeningen</stop>
    <stop arrival="0:59" departure="0:59">Hjellestad post</stop>
    <stop arrival="1:00" departure="1:00">Hjellestad</stop>
    <stop arrival="1:00" departure="1:00">Hjellestad post</stop>
    <stop arrival="1:02" departure="1:02">Seilforeningen</stop>
    <stop arrival="1:04" departure="1:04">Hjellestadskiftet</stop>
    <stop arrival="1:04" departure="1:04">Planteskogen (Milde)</stop>
    <stop arrival="1:06" departure="1:06">Planteskogen (Milde)</stop>
    <stop arrival="1:07" departure="1:07">Grendatunvegen</stop>
    <stop arrival="1:08" departure="1:08">Geilen</stop>
    <stop arrival="1:09" departure="1:09">Fana folkehøgskole (Aboretet)</stop>
    <stop arrival="1:10">Milde</stop>
  </route>
  <route no="525" destination="Milde" url="http://www.web2051.no/bin/tp/zuginfo.exe/on/248373/88127/945558/389991/1/" trafficDays="kjører Sø, ikke 2. Mai">
    <stop departure="0:25" routeNo="525">Bergen Busstasjon</stop>
    <stop arrival="0:27" departure="0:27">Danmarksplass</stop>
    <stop arrival="0:28" departure="0:28">Solheimsgaten</stop>
    <stop arrival="0:28" departure="0:28">Reperbanen</stop>
    <stop arrival="0:29" departure="0:29">Fjøsangerveien/ Minde Allè</stop>
    <stop arrival="0:30" departure="0:30">Kristianborg</stop>
    <stop arrival="0:30" departure="0:30">Grønnestølsbakken</stop>
    <stop arrival="0:31" departure="0:31">Fjøsanger</stop>
    <stop arrival="0:31" departure="0:31">Langegården</stop>
    <stop arrival="0:32" departure="0:32">Langebekken</stop>
    <stop arrival="0:32" departure="0:32">Kråkenes 1</stop>
    <stop arrival="0:32" departure="0:32">Kråkenes 2 (Kleiva)</stop>
    <stop arrival="0:33" departure="0:33">Bønesskiftet</stop>
    <stop arrival="0:33" departure="0:33">Bøjarnesvegen (Toftegård)</stop>
    <stop arrival="0:33" departure="0:33">Straume (Straumeveien, Fana)</stop>
    <stop arrival="0:36" departure="0:36">Sementbroen</stop>
    <stop arrival="0:38" departure="0:38">Straume bro</stop>
    <stop arrival="0:40" departure="0:40">Søreide v/Hydrostasjonen</stop>
    <stop arrival="0:41" departure="0:41">Søreide skole</stop>
    <stop arrival="0:41" departure="0:41">Dolvik terminal</stop>
    <stop arrival="0:42" departure="0:42">Kokstad Bilhandel</stop>
    <stop arrival="0:44" departure="0:44">BKK , Kokstad</stop>
    <stop arrival="0:46" departure="0:46">Nera</stop>
    <stop arrival="0:47" departure="0:47">Scandic</stop>
    <stop arrival="0:50" departure="0:50">Birkelandskrysset Terminal</stop>
    <stop arrival="0:51" departure="0:51">Blomsterdalen</stop>
    <stop arrival="0:51" departure="0:51">Ådlandsflaten</stop>
    <stop arrival="0:52" departure="0:52">Ådlandsskiftet</stop>
    <stop arrival="0:52" departure="0:52">Kartveitskiftet</stop>
    <stop arrival="0:52" departure="0:52">Heggernesskiftet</stop>
    <stop arrival="0:53" departure="0:53">Ådlandsbro</stop>
    <stop arrival="0:53" departure="0:53">K.Kaland</stop>
    <stop arrival="0:53" departure="0:53">Hjellestadskiftet</stop>
    <stop arrival="0:56" departure="0:56">Seilforeningen</stop>
    <stop arrival="0:59" departure="0:59">Hjellestad post</stop>
    <stop arrival="1:00" departure="1:00">Hjellestad</stop>
    <stop arrival="1:00" departure="1:00">Hjellestad post</stop>
    <stop arrival="1:02" departure="1:02">Seilforeningen</stop>
    <stop arrival="1:04" departure="1:04">Hjellestadskiftet</stop>
    <stop arrival="1:04" departure="1:04">Planteskogen (Milde)</stop>
    <stop arrival="1:06" departure="1:06">Planteskogen (Milde)</stop>
    <stop arrival="1:07" departure="1:07">Grendatunvegen</stop>
    <stop arrival="1:08" departure="1:08">Geilen</stop>
    <stop arrival="1:09" departure="1:09">Fana folkehøgskole (Aboretet)</stop>
    <stop arrival="1:10">Milde</stop>
  </route>
  <route no="60" destination="Bergen Busstasjon" url="http://www.web2051.no/bin/tp/zuginfo.exe/on/144387/52771/239578/71660/1/" trafficDays="kjører Sø, ikke 2. Mai">
    <stop departure="0:25" routeNo="60">Bønes senter</stop>
    <stop arrival="0:26" departure="0:26">Våkleiva</stop>
    <stop arrival="0:26" departure="0:26">Bønes hagesenter</stop>
    <stop arrival="0:28" departure="0:28">Bønes skole</stop>
    <stop arrival="0:29" departure="0:29">Kråkenestoppen</stop>
    <stop arrival="0:30" departure="0:30">Bergvegen</stop>
    <stop arrival="0:31" departure="0:31">Langebekken</stop>
    <stop arrival="0:32" departure="0:32">Langegården</stop>
    <stop arrival="0:32" departure="0:32">Krambua</stop>
    <stop arrival="0:33" departure="0:33">Fjøsanger</stop>
    <stop arrival="0:37" departure="0:37">Kanalveien v/NRK</stop>
    <stop arrival="0:38" departure="0:38">Mindemyren</stop>
    <stop arrival="0:39" departure="0:39">Postterminalen</stop>
    <stop arrival="0:39" departure="0:39">Kanalveien v/LBK</stop>
    <stop arrival="0:41" departure="0:41">Danmarksplass v/Forum kino</stop>
    <stop arrival="0:44" departure="0:44">Bergen Busstasjon</stop>
    <stop arrival="0:45" departure="0:45">Christies gate (Festplassen)</stop>
    <stop arrival="0:50">Bergen Busstasjon</stop>
  </route>
  <route no="60" destination="Bergen Busstasjon" url="http://www.web2051.no/bin/tp/zuginfo.exe/on/90699/34875/511768/225651/1/" trafficDays="kjører Sø, ikke 2. Mai">
    <stop departure="0:25" routeNo="60">Bønes senter</stop>
    <stop arrival="0:26" departure="0:26">Våkleiva</stop>
    <stop arrival="0:26" departure="0:26">Bønes hagesenter</stop>
    <stop arrival="0:28" departure="0:28">Bønes skole</stop>
    <stop arrival="0:29" departure="0:29">Kråkenestoppen</stop>
    <stop arrival="0:30" departure="0:30">Bergvegen</stop>
    <stop arrival="0:31" departure="0:31">Langebekken</stop>
    <stop arrival="0:32" departure="0:32">Langegården</stop>
    <stop arrival="0:32" departure="0:32">Krambua</stop>
    <stop arrival="0:33" departure="0:33">Fjøsanger</stop>
    <stop arrival="0:37" departure="0:37">Kanalveien v/NRK</stop>
    <stop arrival="0:38" departure="0:38">Mindemyren</stop>
    <stop arrival="0:39" departure="0:39">Postterminalen</stop>
    <stop arrival="0:39" departure="0:39">Kanalveien v/LBK</stop>
    <stop arrival="0:41" departure="0:41">Danmarksplass v/Forum kino</stop>
    <stop arrival="0:44" departure="0:44">Bergen Busstasjon</stop>
    <stop arrival="0:45" departure="0:45">Christies gate (Festplassen)</stop>
    <stop arrival="0:50">Bergen Busstasjon</stop>
  </route>
  <route no="525" destination="Milde" url="http://www.web2051.no/bin/tp/zuginfo.exe/on/160320/58828/792838/342980/1/" trafficDays="kjører Ti - Lø, ikke 14., 18., 25. Mai">
    <stop departure="0:25" routeNo="525">Bergen Busstasjon</stop>
    <stop arrival="0:28" departure="0:28">Danmarksplass</stop>
    <stop arrival="0:28" departure="0:28">Solheimsgaten</stop>
    <stop arrival="0:29" departure="0:29">Reperbanen</stop>
    <stop arrival="0:29" departure="0:29">Fjøsangerveien/ Minde Allè</stop>
    <stop arrival="0:30" departure="0:30">Kristianborg</stop>
    <stop arrival="0:31" departure="0:31">Grønnestølsbakken</stop>
    <stop arrival="0:32" departure="0:32">Fjøsanger</stop>
    <stop arrival="0:32" departure="0:32">Langegården</stop>
    <stop arrival="0:33" departure="0:33">Langebekken</stop>
    <stop arrival="0:34" departure="0:34">Kråkenes 1</stop>
    <stop arrival="0:34" departure="0:34">Kråkenes 2 (Kleiva)</stop>
    <stop arrival="0:35" departure="0:35">Bønesskiftet</stop>
    <stop arrival="0:36" departure="0:36">Bøjarnesvegen (Toftegård)</stop>
    <stop arrival="0:36" departure="0:36">Straume (Straumeveien, Fana)</stop>
    <stop arrival="0:38" departure="0:38">Sementbroen</stop>
    <stop arrival="0:40" departure="0:40">Straume bro</stop>
    <stop arrival="0:42" departure="0:42">Søreide v/Hydrostasjonen</stop>
    <stop arrival="0:42" departure="0:42">Søreide skole</stop>
    <stop arrival="0:43" departure="0:43">Grimstadskiftet</stop>
    <stop arrival="0:43" departure="0:43">Dolvik terminal</stop>
    <stop arrival="0:44" departure="0:44">Kokstad Bilhandel</stop>
    <stop arrival="0:47" departure="0:47">BKK , Kokstad</stop>
    <stop arrival="0:50" departure="0:50">Nera</stop>
    <stop arrival="0:51" departure="0:51">Scandic</stop>
    <stop arrival="0:55" departure="0:55">Birkelandskrysset Terminal</stop>
    <stop arrival="0:57" departure="0:57">Blomsterdalen</stop>
    <stop arrival="0:58" departure="0:58">Ådlandsflaten</stop>
    <stop arrival="0:59" departure="0:59">Ådlandsskiftet</stop>
    <stop arrival="1:00" departure="1:00">Kartveitskiftet</stop>
    <stop arrival="1:00" departure="1:00">Heggernesskiftet</stop>
    <stop arrival="1:02" departure="1:02">Ådlandsbro</stop>
    <stop arrival="1:02" departure="1:02">K.Kaland</stop>
    <stop arrival="1:03" departure="1:03">Hjellestadskiftet</stop>
    <stop arrival="1:04" departure="1:04">Seilforeningen</stop>
    <stop arrival="1:05" departure="1:05">Hjellestad post</stop>
    <stop arrival="1:05" departure="1:05">Hjellestad</stop>
    <stop arrival="1:05" departure="1:05">Hjellestad post</stop>
    <stop arrival="1:07" departure="1:07">Seilforeningen</stop>
    <stop arrival="1:09" departure="1:09">Hjellestadskiftet</stop>
    <stop arrival="1:09" departure="1:09">Planteskogen (Milde)</stop>
    <stop arrival="1:11" departure="1:11">Planteskogen (Milde)</stop>
    <stop arrival="1:12" departure="1:12">Grendatunvegen</stop>
    <stop arrival="1:13" departure="1:13">Geilen</stop>
    <stop arrival="1:14" departure="1:14">Fana folkehøgskole (Aboretet)</stop>
    <stop arrival="1:15">Milde</stop>
  </route>
  <route no="60" destination="Bønestoppen" url="http://www.web2051.no/bin/tp/zuginfo.exe/on/985521/333148/608660/24177/1/" trafficDays="kjører Sø, ikke 2. Mai">
    <stop departure="0:20" routeNo="60">Nordahl Bruns gate</stop>
    <stop arrival="0:25" departure="0:25">Bergen Busstasjon</stop>
    <stop arrival="0:29" departure="0:29">Danmarksplass</stop>
    <stop arrival="0:30" departure="0:30">Solheimsgaten</stop>
    <stop arrival="0:31" departure="0:31">Reperbanen</stop>
    <stop arrival="0:33" departure="0:33">Fjøsangerveien/ Minde Allè</stop>
    <stop arrival="0:34" departure="0:34">Kristianborg</stop>
    <stop arrival="0:35" departure="0:35">Grønnestølsbakken</stop>
    <stop arrival="0:36" departure="0:36">Fjøsanger</stop>
    <stop arrival="0:36" departure="0:36">Langegården</stop>
    <stop arrival="0:38" departure="0:38">Bergvegen</stop>
    <stop arrival="0:39" departure="0:39">Kråkenestoppen</stop>
    <stop arrival="0:40" departure="0:40">Bønes skole</stop>
    <stop arrival="0:42" departure="0:42">Bønes hagesenter</stop>
    <stop arrival="0:42" departure="0:42">Våkleiva</stop>
    <stop arrival="0:43" departure="0:43">Bønes senter</stop>
    <stop arrival="0:45" departure="0:45">Bønesskogen</stop>
    <stop arrival="0:47" departure="0:47">Bønesheia/Tjørnhaugen</stop>
    <stop arrival="0:48">Bønestoppen</stop>
  </route>
  <route no="60" destination="Bønestoppen" url="http://www.web2051.no/bin/tp/zuginfo.exe/on/576714/196911/854122/234823/1/" trafficDays="kjører Ti - Lø, ikke 14., 18., 25. Mai">
    <stop departure="0:38" routeNo="60">Nordahl Bruns gate</stop>
    <stop arrival="0:43" departure="0:43">Bergen Busstasjon</stop>
    <stop arrival="0:47" departure="0:47">Danmarksplass</stop>
    <stop arrival="0:48" departure="0:48">Solheimsgaten</stop>
    <stop arrival="0:50" departure="0:50">Reperbanen</stop>
    <stop arrival="0:52" departure="0:52">Fjøsangerveien/ Minde Allè</stop>
    <stop arrival="0:54" departure="0:54">Kristianborg</stop>
    <stop arrival="0:56" departure="0:56">Grønnestølsbakken</stop>
    <stop arrival="0:57" departure="0:57">Fjøsanger</stop>
    <stop arrival="0:58" departure="0:58">Langegården</stop>
    <stop arrival="1:00" departure="1:00">Bergvegen</stop>
    <stop arrival="1:01" departure="1:01">Kråkenestoppen</stop>
    <stop arrival="1:02" departure="1:02">Bønes skole</stop>
    <stop arrival="1:04" departure="1:04">Bønes hagesenter</stop>
    <stop arrival="1:04" departure="1:04">Våkleiva</stop>
    <stop arrival="1:05" departure="1:05">Bønes senter</stop>
    <stop arrival="1:06" departure="1:06">Bønesskogen</stop>
    <stop arrival="1:07" departure="1:07">Bønesheia/Tjørnhaugen</stop>
    <stop arrival="1:08">Bønestoppen</stop>
  </route>
</routes>
