<?xml version="1.0" encoding="UTF-8"?>
<routes>
  <route no="32" destination="Storavatnet term." url="http://www.web2051.no/bin/tp/zuginfo.exe/on/114249/39355/313752/118794/1/" trafficDays="kjører Ma - Fr, Sø, ikke 16., 17. Mai">
    <stop departure="23:50" routeNo="32">Bergen Busstasjon</stop>
    <stop arrival="23:53" departure="23:53">Olav Kyrres gate</stop>
    <stop arrival="23:54" departure="23:54">Møhlenpris v/ Industrihuset</stop>
    <stop arrival="23:55" departure="23:55">Gyldenpris</stop>
    <stop arrival="23:58" departure="23:58">Løvstakktunnelen</stop>
    <stop arrival="23:58" departure="23:58">Sikthaugen</stop>
    <stop arrival="23:59" departure="23:59">Hamregården</stop>
    <stop arrival="23:59" departure="23:59">Nebbeveien</stop>
    <stop arrival="23:59" departure="23:59">Løvås</stop>
    <stop arrival="0:00" departure="0:00">Oasen Terminal</stop>
    <stop arrival="0:01" departure="0:01">Skarphaugen</stop>
    <stop arrival="0:03" departure="0:03">Fyllingdsalsveien v/Shell</stop>
    <stop arrival="0:05" departure="0:05">Sandeide terminal</stop>
    <stop arrival="0:06" departure="0:06">Sandeidet barnehage</stop>
    <stop arrival="0:06" departure="0:06">Sandeidbråtet</stop>
    <stop arrival="0:07" departure="0:07">Bjørge</stop>
    <stop arrival="0:09" departure="0:09">Kjerreidviken</stop>
    <stop arrival="0:11" departure="0:11">Bjørndalsskogen</stop>
    <stop arrival="0:12" departure="0:12">Sætermyr</stop>
    <stop arrival="0:13" departure="0:13">Ravnestølen</stop>
    <stop arrival="0:15" departure="0:15">Bjørndalstræ R557</stop>
    <stop arrival="0:17" departure="0:17">Loddefjord term.</stop>
    <stop arrival="0:19" departure="0:19">Loddefjorddalen</stop>
    <stop arrival="0:20" departure="0:20">Frida Fasmer</stop>
    <stop arrival="0:21" departure="0:21">Frida Fasmer R555</stop>
    <stop arrival="0:22">Storavatnet term.</stop>
  </route>
  <route no="41" destination="Hetlevikåsen snuplass" url="http://www.web2051.no/bin/tp/zuginfo.exe/on/104898/36314/86764/8416/1/" trafficDays="kjører daglig, ikke 2., 17., 18. Mai">
    <stop departure="0:05" routeNo="41">Bergen Busstasjon</stop>
    <stop arrival="0:08" departure="0:08">Olav Kyrres gate</stop>
    <stop arrival="0:09" departure="0:09">Møhlenpris v/ Industrihuset</stop>
    <stop arrival="0:14" departure="0:14">Lyngbø Motorvei R555</stop>
    <stop arrival="0:19" departure="0:19">Bjørndalstre krysset</stop>
    <stop arrival="0:20" departure="0:20">Loddefjord term.</stop>
    <stop arrival="0:22" departure="0:22">Lyngfaret</stop>
    <stop arrival="0:23" departure="0:23">Vadmyra</stop>
    <stop arrival="0:25" departure="0:25">Vadmyra snuplass</stop>
    <stop arrival="0:28" departure="0:28">Hetlevikskiftet</stop>
    <stop arrival="0:29" departure="0:29">Hetleviktoppen</stop>
    <stop arrival="0:30" departure="0:30">Hetlevikåsen</stop>
    <stop arrival="0:30" departure="0:30">Storaholtet</stop>
    <stop arrival="0:32">Hetlevikåsen snuplass</stop>
  </route>
  <route no="42" destination="Alvøen kai" url="http://www.web2051.no/bin/tp/zuginfo.exe/on/189678/64672/671360/272454/1/" trafficDays="kjører Ti - Lø, ikke 14., 18., 25. Mai">
    <stop departure="0:05" routeNo="42">Bergen Busstasjon</stop>
    <stop arrival="0:08" departure="0:08">Olav Kyrres gate</stop>
    <stop arrival="0:09" departure="0:09">Møhlenpris v/ Industrihuset</stop>
    <stop arrival="0:14" departure="0:14">Lyngbø Motorvei R555</stop>
    <stop arrival="0:19" departure="0:19">Bjørndalstre krysset</stop>
    <stop arrival="0:20" departure="0:20">Loddefjord term.</stop>
    <stop arrival="0:23" departure="0:23">Hetlevikskiftet</stop>
    <stop arrival="0:23" departure="0:23">Hetlevikstrømmen</stop>
    <stop arrival="0:25" departure="0:25">Notaneset</stop>
    <stop arrival="0:26" departure="0:26">Haakonsvern/Mathopen</stop>
    <stop arrival="0:27" departure="0:27">Mathopen Sætre</stop>
    <stop arrival="0:28" departure="0:28">Skare (Mathopen skole)</stop>
    <stop arrival="0:30" departure="0:30">Hilleren</stop>
    <stop arrival="0:31" departure="0:31">Medhaugflaten</stop>
    <stop arrival="0:32" departure="0:32">Storingavika</stop>
    <stop arrival="0:32" departure="0:32">Lille Kongshaug</stop>
    <stop arrival="0:33" departure="0:33">Håkonshella Feriehjemmet</stop>
    <stop arrival="0:33" departure="0:33">Håkonshella Feriehjemmet</stop>
    <stop arrival="0:34" departure="0:34">Håkonshella Myren</stop>
    <stop arrival="0:34" departure="0:34">Håkonshella Skansen</stop>
    <stop arrival="0:35" departure="0:35">Håkonshella Ungdomshuset</stop>
    <stop arrival="0:36" departure="0:36">Håkonshella</stop>
    <stop arrival="0:39" departure="0:39">Hillehaugen</stop>
    <stop arrival="0:40" departure="0:40">Ørnefjellet</stop>
    <stop arrival="0:41" departure="0:41">Alvøen gård</stop>
    <stop arrival="0:42" departure="0:42">Alvøen kryss holdepl.</stop>
    <stop arrival="0:42" departure="0:42">Alvøen nede</stop>
    <stop arrival="0:43">Alvøen kai</stop>
  </route>
  <route no="42" destination="Bjorøy skole" url="http://www.web2051.no/bin/tp/zuginfo.exe/on/627465/210644/947602/264647/1/" trafficDays="kjører Ma, Sø, ikke 2., 17. Mai; også 14., 25. Mai">
    <stop departure="0:05" routeNo="42">Bergen Busstasjon</stop>
    <stop arrival="0:08" departure="0:08">Olav Kyrres gate</stop>
    <stop arrival="0:09" departure="0:09">Møhlenpris v/ Industrihuset</stop>
    <stop arrival="0:14" departure="0:14">Lyngbø Motorvei R555</stop>
    <stop arrival="0:19" departure="0:19">Bjørndalstre krysset</stop>
    <stop arrival="0:20" departure="0:20">Loddefjord term.</stop>
    <stop arrival="0:23" departure="0:23">Hetlevikskiftet</stop>
    <stop arrival="0:23" departure="0:23">Hetlevikstrømmen</stop>
    <stop arrival="0:25" departure="0:25">Notaneset</stop>
    <stop arrival="0:26" departure="0:26">Haakonsvern/Mathopen</stop>
    <stop arrival="0:27" departure="0:27">Mathopen Sætre</stop>
    <stop arrival="0:28" departure="0:28">Skare (Mathopen skole)</stop>
    <stop arrival="0:30" departure="0:30">Hilleren</stop>
    <stop arrival="0:31" departure="0:31">Medhaugflaten</stop>
    <stop arrival="0:32" departure="0:32">Storingavika</stop>
    <stop arrival="0:32" departure="0:32">Lille Kongshaug</stop>
    <stop arrival="0:33" departure="0:33">Håkonshella Feriehjemmet</stop>
    <stop arrival="0:33" departure="0:33">Hillehaugen</stop>
    <stop arrival="0:41" departure="0:41">Bjorøy ved bommen</stop>
    <stop arrival="0:41" departure="0:41">Bjorøy X til kai</stop>
    <stop arrival="0:42" departure="0:42">Bjorøy etter X Kai</stop>
    <stop arrival="0:43">Bjorøy skole</stop>
  </route>
  <route no="44" destination="Storavatnet term." url="http://www.web2051.no/bin/tp/zuginfo.exe/on/102072/35589/137948/34950/1/" trafficDays="kjører Ma - Lø, ikke 17., 18. Mai">
    <stop departure="0:05" routeNo="44">Bergen Busstasjon</stop>
    <stop arrival="0:08" departure="0:08">Olav Kyrres gate</stop>
    <stop arrival="0:09" departure="0:09">Møhlenpris v/ Industrihuset</stop>
    <stop arrival="0:14" departure="0:14">Lyngbø Motorvei R555</stop>
    <stop arrival="0:19" departure="0:19">Bjørndalstre krysset</stop>
    <stop arrival="0:20" departure="0:20">Loddefjord term.</stop>
    <stop arrival="0:22" departure="0:22">Loddefjorddalen</stop>
    <stop arrival="0:23" departure="0:23">Frida Fasmer</stop>
    <stop arrival="0:24" departure="0:24">Rishaugen</stop>
    <stop arrival="0:25" departure="0:25">Brønndalen snuplass</stop>
    <stop arrival="0:28" departure="0:28">Skjenlia</stop>
    <stop arrival="0:29" departure="0:29">Fredheim</stop>
    <stop arrival="0:29" departure="0:29">Olsvik senter</stop>
    <stop arrival="0:30" departure="0:30">Olsvikstallen</stop>
    <stop>Olsvikskjenet snuplass</stop>
    <stop arrival="0:31" departure="0:31">Olsvikfjellet</stop>
    <stop arrival="0:32" departure="0:32">Olsvikskiftet</stop>
    <stop arrival="0:32" departure="0:32">Fagerdalen (Godvik)</stop>
    <stop arrival="0:33" departure="0:33">Gjeringskjenet</stop>
    <stop arrival="0:34" departure="0:34">Leirvikneset</stop>
    <stop arrival="0:35" departure="0:35">Leirvikåsen</stop>
    <stop arrival="0:36" departure="0:36">Godvik barnehage</stop>
    <stop arrival="0:38" departure="0:38">Ørjebekk</stop>
    <stop arrival="0:40">Storavatnet term.</stop>
  </route>
  <route no="46" destination="Skålevik snuplass (Bergen)" url="http://www.web2051.no/bin/tp/zuginfo.exe/on/80919/28637/578738/262396/1/" trafficDays="kjører Lø">
    <stop departure="0:20" routeNo="46">Loddefjord term.</stop>
    <stop arrival="0:24" departure="0:24">Loddefjordtoppen</stop>
    <stop arrival="0:25" departure="0:25">Kjøkkelvik skole</stop>
    <stop arrival="0:26" departure="0:26">Åsenveien</stop>
    <stop arrival="0:28" departure="0:28">Nybø gård</stop>
    <stop arrival="0:30" departure="0:30">Skålevikstølen</stop>
    <stop arrival="0:31" departure="0:31">Engelsberg</stop>
    <stop arrival="0:32" departure="0:32">Brøstanese snuplass</stop>
    <stop arrival="0:33" departure="0:33">Engelsberg</stop>
    <stop arrival="0:34" departure="0:34">Kjøkkelvik</stop>
    <stop arrival="0:35">Skålevik snuplass (Bergen)</stop>
  </route>
  <route no="46" destination="Skålevik snuplass (Bergen)" url="http://www.web2051.no/bin/tp/zuginfo.exe/on/668976/224669/13714/216135/1/" trafficDays="kjører Sø, ikke 2. Mai">
    <stop departure="0:20" routeNo="46">Loddefjord term.</stop>
    <stop arrival="0:23" departure="0:23">Loddefjordtoppen</stop>
    <stop arrival="0:24" departure="0:24">Kjøkkelvik skole</stop>
    <stop arrival="0:25" departure="0:25">Åsenveien</stop>
    <stop arrival="0:27" departure="0:27">Nybø gård</stop>
    <stop arrival="0:28" departure="0:28">Skålevikstølen</stop>
    <stop arrival="0:29" departure="0:29">Kjøkkelvik</stop>
    <stop arrival="0:30">Skålevik snuplass (Bergen)</stop>
  </route>
</routes>
