<?xml version="1.0" encoding="UTF-8"?>
<routes>
  <route no="90" destination="Salhus kai" url="http://www.web2051.no/bin/tp/zuginfo.exe/on/361470/125376/976218/367621/1/" trafficDays="kjører Lø, ikke 1. Mai">
    <stop departure="23:10" routeNo="90">Sletten (Bergen)</stop>
    <stop arrival="23:12" departure="23:12">Johan Hjorts vei</stop>
    <stop arrival="23:13" departure="23:13">Bergenshallen</stop>
    <stop arrival="23:14" departure="23:14">Sletten Shoppingsenter</stop>
    <stop arrival="23:15" departure="23:15">Fageråsen</stop>
    <stop arrival="23:16" departure="23:16">Hagerups vei</stop>
    <stop arrival="23:17" departure="23:17">Natlandsv. v/Hagerupsvei</stop>
    <stop arrival="23:18" departure="23:18">Langhaugen</stop>
    <stop arrival="23:19" departure="23:19">Fridalen</stop>
    <stop arrival="23:20" departure="23:20">Haukelandsveien</stop>
    <stop arrival="23:21" departure="23:21">Ibsens gate /Haukeland sykehus</stop>
    <stop arrival="23:22" departure="23:22">Bjørnsons gate</stop>
    <stop arrival="23:24" departure="23:24">Årstad VGS</stop>
    <stop arrival="23:25" departure="23:25">Danmarksplass v/Forum kino</stop>
    <stop arrival="23:28" departure="23:28">Bergen Busstasjon</stop>
    <stop arrival="23:31" departure="23:31">Christies gate (Festplassen)</stop>
    <stop arrival="23:34" departure="23:34">Torget (Bergen)</stop>
    <stop arrival="23:35" departure="23:35">Bryggen</stop>
    <stop arrival="23:35" departure="23:35">Slottsgaten</stop>
    <stop arrival="23:36" departure="23:36">Bontelabo</stop>
    <stop arrival="23:37" departure="23:37">Skutevikstorget</stop>
    <stop arrival="23:37" departure="23:37">Sjøgaten</stop>
    <stop arrival="23:38" departure="23:38">Sandvikstorget</stop>
    <stop arrival="23:39" departure="23:39">Ludebryggen</stop>
    <stop arrival="23:39" departure="23:39">Munkebotten</stop>
    <stop arrival="23:41" departure="23:41">Nyhavnsvei (Gamle Bergen)</stop>
    <stop arrival="23:42" departure="23:42">Handelshøyskolen</stop>
    <stop arrival="23:44" departure="23:44">Eidsvåg</stop>
    <stop arrival="23:49" departure="23:49">Åsane terminal</stop>
    <stop arrival="23:50" departure="23:50">Åsane Brannstasjon</stop>
    <stop arrival="23:51" departure="23:51">Flatevad</stop>
    <stop arrival="23:52" departure="23:52">Spondalen</stop>
    <stop arrival="23:52" departure="23:52">Torvbakken</stop>
    <stop arrival="23:53" departure="23:53">Morvikbotn</stop>
    <stop arrival="23:54" departure="23:54">Viddalen</stop>
    <stop arrival="23:55" departure="23:55">Bakketoppen, Morvik</stop>
    <stop arrival="23:57" departure="23:57">Kollbudalen</stop>
    <stop arrival="23:58" departure="23:58">Saudalen</stop>
    <stop arrival="23:59" departure="23:59">Saudalskleivane</stop>
    <stop arrival="0:00" departure="0:00">Lokketodalen</stop>
    <stop arrival="0:01" departure="0:01">Slettestølen</stop>
    <stop arrival="0:02" departure="0:02">Marikollen</stop>
    <stop arrival="0:03" departure="0:03">Toppe</stop>
    <stop arrival="0:04" departure="0:04">Støbotn snuplass</stop>
    <stop arrival="0:05" departure="0:05">Matre</stop>
    <stop arrival="0:05" departure="0:05">Kistebakkane</stop>
    <stop arrival="0:06" departure="0:06">Nygård, Salhus</stop>
    <stop arrival="0:07" departure="0:07">Langeland (Åsane)</stop>
    <stop arrival="0:07">Salhus kai</stop>
  </route>
  <route no="90" destination="Støbotn snuplass" url="http://www.web2051.no/bin/tp/zuginfo.exe/on/154386/56324/188974/43025/1/" trafficDays="kjører Sø, også 1., 13., 17., 24. Mai">
    <stop departure="23:23" routeNo="90">Sletten (Bergen)</stop>
    <stop arrival="23:25" departure="23:25">Johan Hjorts vei</stop>
    <stop arrival="23:26" departure="23:26">Bergenshallen</stop>
    <stop arrival="23:27" departure="23:27">Sletten Shoppingsenter</stop>
    <stop arrival="23:28" departure="23:28">Fageråsen</stop>
    <stop arrival="23:29" departure="23:29">Hagerups vei</stop>
    <stop arrival="23:30" departure="23:30">Natlandsv. v/Hagerupsvei</stop>
    <stop arrival="23:31" departure="23:31">Langhaugen</stop>
    <stop arrival="23:32" departure="23:32">Fridalen</stop>
    <stop arrival="23:33" departure="23:33">Haukelandsveien</stop>
    <stop arrival="23:34" departure="23:34">Ibsens gate /Haukeland sykehus</stop>
    <stop arrival="23:36" departure="23:36">Bjørnsons gate</stop>
    <stop arrival="23:38" departure="23:38">Årstad VGS</stop>
    <stop arrival="23:39" departure="23:39">Danmarksplass v/Forum kino</stop>
    <stop arrival="23:43" departure="23:43">Bergen Busstasjon</stop>
    <stop arrival="23:45" departure="23:45">Christies gate (Festplassen)</stop>
    <stop arrival="23:48" departure="23:48">Torget (Bergen)</stop>
    <stop arrival="23:49" departure="23:49">Bryggen</stop>
    <stop arrival="23:49" departure="23:49">Slottsgaten</stop>
    <stop arrival="23:50" departure="23:50">Bontelabo</stop>
    <stop arrival="23:51" departure="23:51">Skutevikstorget</stop>
    <stop arrival="23:51" departure="23:51">Sjøgaten</stop>
    <stop arrival="23:52" departure="23:52">Sandvikstorget</stop>
    <stop arrival="23:53" departure="23:53">Ludebryggen</stop>
    <stop arrival="23:53" departure="23:53">Munkebotten</stop>
    <stop arrival="23:55" departure="23:55">Nyhavnsvei (Gamle Bergen)</stop>
    <stop arrival="23:56" departure="23:56">Handelshøyskolen</stop>
    <stop arrival="23:58" departure="23:58">Eidsvåg</stop>
    <stop arrival="0:03" departure="0:03">Åsane terminal</stop>
    <stop arrival="0:04" departure="0:04">Åsane Brannstasjon</stop>
    <stop arrival="0:05" departure="0:05">Flatevad</stop>
    <stop arrival="0:06" departure="0:06">Spondalen</stop>
    <stop arrival="0:06" departure="0:06">Torvbakken</stop>
    <stop arrival="0:07" departure="0:07">Morvikbotn</stop>
    <stop arrival="0:08" departure="0:08">Viddalen</stop>
    <stop arrival="0:09" departure="0:09">Bakketoppen, Morvik</stop>
    <stop arrival="0:11" departure="0:11">Kollbudalen</stop>
    <stop arrival="0:12" departure="0:12">Saudalen</stop>
    <stop arrival="0:13" departure="0:13">Saudalskleivane</stop>
    <stop arrival="0:14" departure="0:14">Lokketodalen</stop>
    <stop arrival="0:15" departure="0:15">Slettestølen</stop>
    <stop arrival="0:16" departure="0:16">Marikollen</stop>
    <stop arrival="0:17" departure="0:17">Toppe</stop>
    <stop arrival="0:18">Støbotn snuplass</stop>
  </route>
  <route no="90" destination="Sletten (Bergen)" url="http://www.web2051.no/bin/tp/zuginfo.exe/on/927126/313936/625932/3924/1/" trafficDays="kjører Sø, ikke 2. Mai">
    <stop departure="0:10" routeNo="90">Salhus kai</stop>
    <stop arrival="0:10" departure="0:10">Langeland (Åsane)</stop>
    <stop arrival="0:11" departure="0:11">Nygård, Salhus</stop>
    <stop arrival="0:12" departure="0:12">Ranten</stop>
    <stop arrival="0:13" departure="0:13">Kistebakkane</stop>
    <stop arrival="0:14" departure="0:14">Matre</stop>
    <stop arrival="0:15" departure="0:15">Støbotn snuplass</stop>
    <stop arrival="0:16" departure="0:16">Toppe</stop>
    <stop arrival="0:17" departure="0:17">Marikollen</stop>
    <stop arrival="0:17" departure="0:17">Slettestølen</stop>
    <stop arrival="0:18" departure="0:18">Lokketodalen</stop>
    <stop arrival="0:19" departure="0:19">Saudalskleivane</stop>
    <stop arrival="0:21" departure="0:21">Kollbudalen</stop>
    <stop arrival="0:22" departure="0:22">Bakketoppen, Morvik</stop>
    <stop arrival="0:23" departure="0:23">Viddalen</stop>
    <stop arrival="0:25" departure="0:25">Morvikbotn</stop>
    <stop arrival="0:26" departure="0:26">Torvbakken</stop>
    <stop arrival="0:27" departure="0:27">Spondalen</stop>
    <stop arrival="0:28" departure="0:28">Flatevad</stop>
    <stop arrival="0:29" departure="0:29">Åsane Brannstasjon</stop>
    <stop arrival="0:30" departure="0:30">Åsane terminal</stop>
    <stop arrival="0:35" departure="0:35">Eidsvåg</stop>
    <stop arrival="0:37" departure="0:37">Handelshøyskolen</stop>
    <stop arrival="0:38" departure="0:38">Nyhavnsvei (Gamle Bergen)</stop>
    <stop arrival="0:40" departure="0:40">Munkebotten</stop>
    <stop arrival="0:41" departure="0:41">Ludebryggen</stop>
    <stop arrival="0:42" departure="0:42">Sandvikstorget</stop>
    <stop arrival="0:43" departure="0:43">Skutevikstorget</stop>
    <stop arrival="0:44" departure="0:44">Bontelabo</stop>
    <stop arrival="0:45" departure="0:45">Slottsgaten</stop>
    <stop arrival="0:46" departure="0:46">Bryggen</stop>
    <stop arrival="0:47" departure="0:47">Olav Kyrres gate</stop>
    <stop arrival="0:52" departure="0:52">Bergen Busstasjon</stop>
    <stop arrival="0:57" departure="0:57">Danmarksplass/ Ibsens gt.</stop>
    <stop arrival="1:00" departure="1:00">Bjørnsons gate</stop>
    <stop arrival="1:02" departure="1:02">Haukelandsveien</stop>
    <stop arrival="1:03" departure="1:03">Fridalen</stop>
    <stop arrival="1:04" departure="1:04">Langhaugen</stop>
    <stop arrival="1:05" departure="1:05">Landåssvingen</stop>
    <stop arrival="1:06" departure="1:06">Hagerups vei</stop>
    <stop arrival="1:07" departure="1:07">Fageråsen</stop>
    <stop arrival="1:08" departure="1:08">Sletten Shoppingsenter</stop>
    <stop arrival="1:09" departure="1:09">Bergenshallen</stop>
    <stop arrival="1:10" departure="1:10">Johan Hjorts vei</stop>
    <stop arrival="1:12">Sletten (Bergen)</stop>
  </route>
  <route no="90" destination="Åsane terminal" url="http://www.web2051.no/bin/tp/zuginfo.exe/on/238323/84391/946860/393989/1/" trafficDays="kjører Ti - Lø, ikke 14., 18., 25. Mai">
    <stop departure="0:20" routeNo="90">Salhus kai</stop>
    <stop arrival="0:20" departure="0:20">Langeland (Åsane)</stop>
    <stop arrival="0:21" departure="0:21">Nygård, Salhus</stop>
    <stop arrival="0:22" departure="0:22">Ranten</stop>
    <stop arrival="0:23" departure="0:23">Kistebakkane</stop>
    <stop arrival="0:24" departure="0:24">Matre</stop>
    <stop arrival="0:25" departure="0:25">Støbotn snuplass</stop>
    <stop arrival="0:26" departure="0:26">Toppe</stop>
    <stop arrival="0:27" departure="0:27">Marikollen</stop>
    <stop arrival="0:27" departure="0:27">Slettestølen</stop>
    <stop arrival="0:28" departure="0:28">Lokketodalen</stop>
    <stop arrival="0:29" departure="0:29">Saudalskleivane</stop>
    <stop arrival="0:31" departure="0:31">Kollbudalen</stop>
    <stop arrival="0:32" departure="0:32">Bakketoppen, Morvik</stop>
    <stop arrival="0:33" departure="0:33">Viddalen</stop>
    <stop arrival="0:34" departure="0:34">Morvikbotn</stop>
    <stop arrival="0:35" departure="0:35">Torvbakken</stop>
    <stop arrival="0:36" departure="0:36">Spondalen</stop>
    <stop arrival="0:37" departure="0:37">Flatevad</stop>
    <stop arrival="0:38" departure="0:38">Åsane Brannstasjon</stop>
    <stop arrival="0:39">Åsane terminal</stop>
  </route>
  <route no="90" destination="Støbotn snuplass" url="http://www.web2051.no/bin/tp/zuginfo.exe/on/766221/260299/378116/66349/1/" trafficDays="kjører Lø, ikke 1. Mai">
    <stop departure="23:40" routeNo="90">Sletten (Bergen)</stop>
    <stop arrival="23:42" departure="23:42">Johan Hjorts vei</stop>
    <stop arrival="23:43" departure="23:43">Bergenshallen</stop>
    <stop arrival="23:44" departure="23:44">Sletten Shoppingsenter</stop>
    <stop arrival="23:45" departure="23:45">Fageråsen</stop>
    <stop arrival="23:46" departure="23:46">Hagerups vei</stop>
    <stop arrival="23:47" departure="23:47">Natlandsv. v/Hagerupsvei</stop>
    <stop arrival="23:48" departure="23:48">Langhaugen</stop>
    <stop arrival="23:49" departure="23:49">Fridalen</stop>
    <stop arrival="23:50" departure="23:50">Haukelandsveien</stop>
    <stop arrival="23:51" departure="23:51">Ibsens gate /Haukeland sykehus</stop>
    <stop arrival="23:52" departure="23:52">Bjørnsons gate</stop>
    <stop arrival="23:54" departure="23:54">Årstad VGS</stop>
    <stop arrival="23:55" departure="23:55">Danmarksplass v/Forum kino</stop>
    <stop arrival="23:58" departure="23:58">Bergen Busstasjon</stop>
    <stop arrival="0:00" departure="0:00">Christies gate (Festplassen)</stop>
    <stop arrival="0:03" departure="0:03">Torget (Bergen)</stop>
    <stop arrival="0:04" departure="0:04">Bryggen</stop>
    <stop arrival="0:04" departure="0:04">Slottsgaten</stop>
    <stop arrival="0:05" departure="0:05">Bontelabo</stop>
    <stop arrival="0:06" departure="0:06">Skutevikstorget</stop>
    <stop arrival="0:06" departure="0:06">Sjøgaten</stop>
    <stop arrival="0:07" departure="0:07">Sandvikstorget</stop>
    <stop arrival="0:08" departure="0:08">Ludebryggen</stop>
    <stop arrival="0:08" departure="0:08">Munkebotten</stop>
    <stop arrival="0:10" departure="0:10">Nyhavnsvei (Gamle Bergen)</stop>
    <stop arrival="0:11" departure="0:11">Handelshøyskolen</stop>
    <stop arrival="0:13" departure="0:13">Eidsvåg</stop>
    <stop arrival="0:18" departure="0:18">Åsane terminal</stop>
    <stop arrival="0:19" departure="0:19">Åsane Brannstasjon</stop>
    <stop arrival="0:20" departure="0:20">Flatevad</stop>
    <stop arrival="0:21" departure="0:21">Spondalen</stop>
    <stop arrival="0:21" departure="0:21">Torvbakken</stop>
    <stop arrival="0:22" departure="0:22">Morvikbotn</stop>
    <stop arrival="0:23" departure="0:23">Viddalen</stop>
    <stop arrival="0:24" departure="0:24">Bakketoppen, Morvik</stop>
    <stop arrival="0:26" departure="0:26">Kollbudalen</stop>
    <stop arrival="0:27" departure="0:27">Saudalen</stop>
    <stop arrival="0:28" departure="0:28">Saudalskleivane</stop>
    <stop arrival="0:29" departure="0:29">Lokketodalen</stop>
    <stop arrival="0:30" departure="0:30">Slettestølen</stop>
    <stop arrival="0:31" departure="0:31">Marikollen</stop>
    <stop arrival="0:32" departure="0:32">Toppe</stop>
    <stop arrival="0:33">Støbotn snuplass</stop>
  </route>
  <route no="90" destination="Sletten (Bergen)" url="http://www.web2051.no/bin/tp/zuginfo.exe/on/107577/40752/123594/25939/1/" trafficDays="kjører Sø, ikke 2. Mai">
    <stop departure="0:45" routeNo="90">Støbotn snuplass</stop>
    <stop arrival="0:46" departure="0:46">Toppe</stop>
    <stop arrival="0:47" departure="0:47">Marikollen</stop>
    <stop arrival="0:47" departure="0:47">Slettestølen</stop>
    <stop arrival="0:48" departure="0:48">Lokketodalen</stop>
    <stop arrival="0:49" departure="0:49">Saudalskleivane</stop>
    <stop arrival="0:51" departure="0:51">Kollbudalen</stop>
    <stop arrival="0:52" departure="0:52">Bakketoppen, Morvik</stop>
    <stop arrival="0:53" departure="0:53">Viddalen</stop>
    <stop arrival="0:55" departure="0:55">Morvikbotn</stop>
    <stop arrival="0:56" departure="0:56">Torvbakken</stop>
    <stop arrival="0:57" departure="0:57">Spondalen</stop>
    <stop arrival="0:58" departure="0:58">Flatevad</stop>
    <stop arrival="0:59" departure="0:59">Åsane Brannstasjon</stop>
    <stop arrival="1:00" departure="1:00">Åsane terminal</stop>
    <stop arrival="1:05" departure="1:05">Eidsvåg</stop>
    <stop arrival="1:07" departure="1:07">Handelshøyskolen</stop>
    <stop arrival="1:08" departure="1:08">Nyhavnsvei (Gamle Bergen)</stop>
    <stop arrival="1:10" departure="1:10">Munkebotten</stop>
    <stop arrival="1:11" departure="1:11">Ludebryggen</stop>
    <stop arrival="1:12" departure="1:12">Sandvikstorget</stop>
    <stop arrival="1:13" departure="1:13">Skutevikstorget</stop>
    <stop arrival="1:14" departure="1:14">Bontelabo</stop>
    <stop arrival="1:15" departure="1:15">Slottsgaten</stop>
    <stop arrival="1:16" departure="1:16">Bryggen</stop>
    <stop arrival="1:17" departure="1:17">Olav Kyrres gate</stop>
    <stop arrival="1:22" departure="1:22">Bergen Busstasjon</stop>
    <stop arrival="1:27" departure="1:27">Danmarksplass/ Ibsens gt.</stop>
    <stop arrival="1:30" departure="1:30">Bjørnsons gate</stop>
    <stop arrival="1:32" departure="1:32">Haukelandsveien</stop>
    <stop arrival="1:33" departure="1:33">Fridalen</stop>
    <stop arrival="1:34" departure="1:34">Langhaugen</stop>
    <stop arrival="1:35" departure="1:35">Landåssvingen</stop>
    <stop arrival="1:36" departure="1:36">Hagerups vei</stop>
    <stop arrival="1:37" departure="1:37">Fageråsen</stop>
    <stop arrival="1:38" departure="1:38">Sletten Shoppingsenter</stop>
    <stop arrival="1:39" departure="1:39">Bergenshallen</stop>
    <stop arrival="1:40" departure="1:40">Johan Hjorts vei</stop>
    <stop arrival="1:42">Sletten (Bergen)</stop>
  </route>
  <route no="90" destination="Salhus kai" url="http://www.web2051.no/bin/tp/zuginfo.exe/on/141042/51965/52324/20852/1/" trafficDays="kjører Ti - Lø, ikke 14., 18., 25. Mai">
    <stop departure="0:39" routeNo="90">Åsane terminal</stop>
    <stop arrival="0:40" departure="0:40">Åsane Brannstasjon</stop>
    <stop arrival="0:41" departure="0:41">Flatevad</stop>
    <stop arrival="0:42" departure="0:42">Spondalen</stop>
    <stop arrival="0:42" departure="0:42">Torvbakken</stop>
    <stop arrival="0:43" departure="0:43">Morvikbotn</stop>
    <stop arrival="0:44" departure="0:44">Viddalen</stop>
    <stop arrival="0:45" departure="0:45">Bakketoppen, Morvik</stop>
    <stop arrival="0:47" departure="0:47">Kollbudalen</stop>
    <stop arrival="0:48" departure="0:48">Saudalen</stop>
    <stop arrival="0:49" departure="0:49">Saudalskleivane</stop>
    <stop arrival="0:50" departure="0:50">Lokketodalen</stop>
    <stop arrival="0:51" departure="0:51">Slettestølen</stop>
    <stop arrival="0:52" departure="0:52">Marikollen</stop>
    <stop arrival="0:53" departure="0:53">Toppe</stop>
    <stop arrival="0:54" departure="0:54">Støbotn snuplass</stop>
    <stop arrival="0:55" departure="0:55">Matre</stop>
    <stop arrival="0:56" departure="0:56">Kistebakkane</stop>
    <stop arrival="0:58" departure="0:58">Nygård, Salhus</stop>
    <stop arrival="0:58" departure="0:58">Langeland (Åsane)</stop>
    <stop arrival="0:59">Salhus kai</stop>
  </route>
</routes>
