<?xml version="1.0" encoding="UTF-8"?>
<routes>
  <route no="2" destination="Bergen Strandkai terminal" url="http://www.web2051.no/bin/tp/zuginfo.exe/on/380538/130303/441250/93779/1/" trafficDays="kjører Sø, ikke 2. Mai">
    <stop departure="0:00" routeNo="2">Birkelundstoppen</stop>
    <stop arrival="0:00" departure="0:00">Knausen</stop>
    <stop arrival="0:01" departure="0:01">Kolstibotn</stop>
    <stop arrival="0:02" departure="0:02">H. Jægers vei</stop>
    <stop arrival="0:02" departure="0:02">Bolstad</stop>
    <stop arrival="0:03" departure="0:03">Mannsverk</stop>
    <stop arrival="0:04" departure="0:04">Wiers -Jenssens vei</stop>
    <stop arrival="0:04" departure="0:04">Erleveien</stop>
    <stop arrival="0:05" departure="0:05">Landåstorget</stop>
    <stop arrival="0:06" departure="0:06">Natlandsv. v/Hagerupsvei</stop>
    <stop arrival="0:07" departure="0:07">Langhaugen</stop>
    <stop arrival="0:07" departure="0:07">Fridalen</stop>
    <stop arrival="0:09" departure="0:09">Haukeland sykehus sør</stop>
    <stop arrival="0:10" departure="0:10">Haukeland sykehus nord</stop>
    <stop arrival="0:10" departure="0:10">Haraldsplass sykehus</stop>
    <stop arrival="0:11" departure="0:11">Haukeland skole</stop>
    <stop arrival="0:13" departure="0:13">Svartediksveien</stop>
    <stop arrival="0:14" departure="0:14">Kalvedalsveien</stop>
    <stop arrival="0:16" departure="0:16">Kalfarlien</stop>
    <stop arrival="0:17" departure="0:17">Stadsporten (jernbanen)</stop>
    <stop arrival="0:19" departure="0:19">Kong Oscars gate</stop>
    <stop arrival="0:20" departure="0:20">Allehelgensgate</stop>
    <stop arrival="0:30">Bergen Strandkai terminal</stop>
  </route>
  <route no="2" destination="Bergen Strandkai terminal" url="http://www.web2051.no/bin/tp/zuginfo.exe/on/961851/324092/159448/240895/1/" trafficDays="kjører Ti - Lø, ikke 14., 18., 25. Mai">
    <stop departure="0:05" routeNo="2">Birkelundstoppen</stop>
    <stop arrival="0:05" departure="0:05">Knausen</stop>
    <stop arrival="0:06" departure="0:06">Kolstibotn</stop>
    <stop arrival="0:07" departure="0:07">H. Jægers vei</stop>
    <stop arrival="0:07" departure="0:07">Bolstad</stop>
    <stop arrival="0:08" departure="0:08">Mannsverk</stop>
    <stop arrival="0:09" departure="0:09">Wiers -Jenssens vei</stop>
    <stop arrival="0:09" departure="0:09">Erleveien</stop>
    <stop arrival="0:10" departure="0:10">Landåstorget</stop>
    <stop arrival="0:11" departure="0:11">Natlandsv. v/Hagerupsvei</stop>
    <stop arrival="0:12" departure="0:12">Langhaugen</stop>
    <stop arrival="0:12" departure="0:12">Fridalen</stop>
    <stop arrival="0:14" departure="0:14">Haukeland sykehus sør</stop>
    <stop arrival="0:15" departure="0:15">Haukeland sykehus nord</stop>
    <stop arrival="0:15" departure="0:15">Haraldsplass sykehus</stop>
    <stop arrival="0:16" departure="0:16">Haukeland skole</stop>
    <stop arrival="0:18" departure="0:18">Svartediksveien</stop>
    <stop arrival="0:19" departure="0:19">Kalvedalsveien</stop>
    <stop arrival="0:21" departure="0:21">Kalfarlien</stop>
    <stop arrival="0:22" departure="0:22">Stadsporten (jernbanen)</stop>
    <stop arrival="0:24" departure="0:24">Kong Oscars gate</stop>
    <stop arrival="0:25" departure="0:25">Allehelgensgate</stop>
    <stop arrival="0:30">Bergen Strandkai terminal</stop>
  </route>
  <route no="31" destination="Varden" url="http://www.web2051.no/bin/tp/zuginfo.exe/on/640371/217879/197484/114719/1/" trafficDays="kjører Sø, ikke 2. Mai">
    <stop departure="0:08" routeNo="31">Mannsverk vognstasjon</stop>
    <stop arrival="0:08" departure="0:08">Wiers -Jenssens vei</stop>
    <stop arrival="0:09" departure="0:09">Strimmelen</stop>
    <stop arrival="0:10" departure="0:10">Kolstien</stop>
    <stop arrival="0:12" departure="0:12">Kanonhaugen</stop>
    <stop arrival="0:13" departure="0:13">Lægdene</stop>
    <stop arrival="0:13" departure="0:13">Lægdenesvingen</stop>
    <stop arrival="0:14" departure="0:14">Montana</stop>
    <stop arrival="0:14" departure="0:14">Sollien v/nr. 57</stop>
    <stop arrival="0:15" departure="0:15">Sollien v/nr. 87</stop>
    <stop arrival="0:15" departure="0:15">Sollien v/nr. 126</stop>
    <stop arrival="0:15" departure="0:15">Lægdene</stop>
    <stop arrival="0:16" departure="0:16">Lærerskolen, Landås</stop>
    <stop arrival="0:16" departure="0:16">Langhaugen</stop>
    <stop arrival="0:17" departure="0:17">Fridalen</stop>
    <stop arrival="0:17" departure="0:17">Haukeland sykehus sør</stop>
    <stop arrival="0:18" departure="0:18">Haukeland sykehus nord</stop>
    <stop arrival="0:18" departure="0:18">Haraldsplass sykehus</stop>
    <stop arrival="0:19" departure="0:19">Haukeland skole</stop>
    <stop arrival="0:21" departure="0:21">Svartediksveien</stop>
    <stop arrival="0:22" departure="0:22">Kalvedalsveien</stop>
    <stop arrival="0:24" departure="0:24">Kalfarlien</stop>
    <stop arrival="0:25" departure="0:25">Stadsporten (jernbanen)</stop>
    <stop arrival="0:27" departure="0:27">Kong Oscars gate</stop>
    <stop arrival="0:28" departure="0:28">Allehelgensgate</stop>
    <stop arrival="0:30" departure="0:30">Olav Kyrres gate</stop>
    <stop arrival="0:32" departure="0:32">Møhlenpris v/ Industrihuset</stop>
    <stop arrival="0:33" departure="0:33">Gyldenpris</stop>
    <stop arrival="0:36" departure="0:36">Løvstakktunnelen</stop>
    <stop arrival="0:36" departure="0:36">Sikthaugen</stop>
    <stop arrival="0:37" departure="0:37">Hamregården</stop>
    <stop arrival="0:37" departure="0:37">Nebbeveien</stop>
    <stop arrival="0:37" departure="0:37">Løvås</stop>
    <stop arrival="0:38" departure="0:38">Oasen Terminal</stop>
    <stop arrival="0:39" departure="0:39">Skarphaugen</stop>
    <stop arrival="0:40" departure="0:40">St.Hanshaugen</stop>
    <stop arrival="0:41" departure="0:41">Krokatjønnveien</stop>
    <stop arrival="0:41" departure="0:41">Myrholtet</stop>
    <stop arrival="0:42" departure="0:42">Allestadveien</stop>
    <stop arrival="0:42" departure="0:42">Allestadhaugen</stop>
    <stop arrival="0:43" departure="0:43">Hesjaholtet</stop>
    <stop arrival="0:44" departure="0:44">Allestadhaugen</stop>
    <stop arrival="0:44" departure="0:44">Allestadveien</stop>
    <stop arrival="0:45" departure="0:45">Varden skole</stop>
    <stop arrival="0:46" departure="0:46">Vardesvingen</stop>
    <stop arrival="0:46" departure="0:46">Vardeveien</stop>
    <stop arrival="0:47">Varden</stop>
  </route>
  <route no="2" destination="Birkelundstoppen" url="http://www.web2051.no/bin/tp/zuginfo.exe/on/348366/119558/59840/86202/1/" trafficDays="kjører Sø, også 1., 13., 17., 24. Mai">
    <stop departure="23:50" routeNo="2">Bergen Strandkai terminal</stop>
    <stop arrival="23:53" departure="23:53">Strandgaten (Svaneapoteket)</stop>
    <stop arrival="23:55" departure="23:55">Småstrandgaten</stop>
    <stop arrival="23:56" departure="23:56">Nygaten</stop>
    <stop arrival="23:57" departure="23:57">Statsporten (jernbanen)</stop>
    <stop arrival="0:00" departure="0:00">Kalfarlien</stop>
    <stop arrival="0:01" departure="0:01">Kalvedalsveien</stop>
    <stop arrival="0:02" departure="0:02">Svartediksveien</stop>
    <stop arrival="0:03" departure="0:03">Statsarkivet</stop>
    <stop arrival="0:04" departure="0:04">Haraldsplass sykehus</stop>
    <stop arrival="0:05" departure="0:05">Haukeland sykehus nord</stop>
    <stop arrival="0:06" departure="0:06">Haukeland sykehus sør</stop>
    <stop arrival="0:07" departure="0:07">Fridalen</stop>
    <stop arrival="0:07" departure="0:07">Langhaugen</stop>
    <stop arrival="0:08" departure="0:08">Landåssvingen</stop>
    <stop arrival="0:08" departure="0:08">Landåstorget</stop>
    <stop arrival="0:09" departure="0:09">Erleveien</stop>
    <stop arrival="0:09" departure="0:09">Wier-Jenssens vei</stop>
    <stop arrival="0:10" departure="0:10">Mannsverk</stop>
    <stop arrival="0:11" departure="0:11">Bolstad</stop>
    <stop arrival="0:12" departure="0:12">Hans Jægers vei</stop>
    <stop arrival="0:13" departure="0:13">Kolstibotn</stop>
    <stop arrival="0:14" departure="0:14">Knausen</stop>
    <stop arrival="0:15">Birkelundstoppen</stop>
  </route>
  <route no="2" destination="Birkelundstoppen" url="http://www.web2051.no/bin/tp/zuginfo.exe/on/678477/229610/984722/266204/1/" trafficDays="kjører Lø, ikke 1. Mai">
    <stop departure="23:55" routeNo="2">Bergen Strandkai terminal</stop>
    <stop arrival="23:57" departure="23:57">Strandgaten (Svaneapoteket)</stop>
    <stop arrival="23:58" departure="23:58">Småstrandgaten</stop>
    <stop arrival="23:59" departure="23:59">Nygaten</stop>
    <stop arrival="0:00" departure="0:00">Statsporten (jernbanen)</stop>
    <stop arrival="0:03" departure="0:03">Kalfarlien</stop>
    <stop arrival="0:04" departure="0:04">Kalvedalsveien</stop>
    <stop arrival="0:05" departure="0:05">Svartediksveien</stop>
    <stop arrival="0:06" departure="0:06">Statsarkivet</stop>
    <stop arrival="0:07" departure="0:07">Haraldsplass sykehus</stop>
    <stop arrival="0:08" departure="0:08">Haukeland sykehus nord</stop>
    <stop arrival="0:09" departure="0:09">Haukeland sykehus sør</stop>
    <stop arrival="0:10" departure="0:10">Fridalen</stop>
    <stop arrival="0:12" departure="0:12">Langhaugen</stop>
    <stop arrival="0:12" departure="0:12">Landåssvingen</stop>
    <stop arrival="0:13" departure="0:13">Landåstorget</stop>
    <stop arrival="0:14" departure="0:14">Erleveien</stop>
    <stop arrival="0:15" departure="0:15">Wier-Jenssens vei</stop>
    <stop arrival="0:16" departure="0:16">Mannsverk</stop>
    <stop arrival="0:16" departure="0:16">Bolstad</stop>
    <stop arrival="0:17" departure="0:17">Hans Jægers vei</stop>
    <stop arrival="0:18" departure="0:18">Kolstibotn</stop>
    <stop arrival="0:18" departure="0:18">Knausen</stop>
    <stop arrival="0:19">Birkelundstoppen</stop>
  </route>
  <route no="2" destination="Birkelundstoppen" url="http://www.web2051.no/bin/tp/zuginfo.exe/on/987954/332797/940120/140744/1/" trafficDays="kjører Ti - Lø, ikke 14., 18., 25. Mai">
    <stop departure="0:00" routeNo="2">Bergen Strandkai terminal</stop>
    <stop arrival="0:02" departure="0:02">Strandgaten (Svaneapoteket)</stop>
    <stop arrival="0:03" departure="0:03">Småstrandgaten</stop>
    <stop arrival="0:04" departure="0:04">Nygaten</stop>
    <stop arrival="0:05" departure="0:05">Statsporten (jernbanen)</stop>
    <stop arrival="0:08" departure="0:08">Kalfarlien</stop>
    <stop arrival="0:09" departure="0:09">Kalvedalsveien</stop>
    <stop arrival="0:10" departure="0:10">Svartediksveien</stop>
    <stop arrival="0:11" departure="0:11">Statsarkivet</stop>
    <stop arrival="0:12" departure="0:12">Haraldsplass sykehus</stop>
    <stop arrival="0:13" departure="0:13">Haukeland sykehus nord</stop>
    <stop arrival="0:14" departure="0:14">Haukeland sykehus sør</stop>
    <stop arrival="0:15" departure="0:15">Fridalen</stop>
    <stop arrival="0:17" departure="0:17">Langhaugen</stop>
    <stop arrival="0:17" departure="0:17">Landåssvingen</stop>
    <stop arrival="0:18" departure="0:18">Landåstorget</stop>
    <stop arrival="0:19" departure="0:19">Erleveien</stop>
    <stop arrival="0:20" departure="0:20">Wier-Jenssens vei</stop>
    <stop arrival="0:21" departure="0:21">Mannsverk</stop>
    <stop arrival="0:21" departure="0:21">Bolstad</stop>
    <stop arrival="0:22" departure="0:22">Hans Jægers vei</stop>
    <stop arrival="0:23" departure="0:23">Kolstibotn</stop>
    <stop arrival="0:23" departure="0:23">Knausen</stop>
    <stop arrival="0:24">Birkelundstoppen</stop>
  </route>
  <route no="2" destination="Bergen Strandkai terminal" url="http://www.web2051.no/bin/tp/zuginfo.exe/on/488112/166161/710910/192752/1/" trafficDays="kjører Sø, ikke 2. Mai">
    <stop departure="0:30" routeNo="2">Birkelundstoppen</stop>
    <stop arrival="0:30" departure="0:30">Knausen</stop>
    <stop arrival="0:31" departure="0:31">Kolstibotn</stop>
    <stop arrival="0:32" departure="0:32">H. Jægers vei</stop>
    <stop arrival="0:32" departure="0:32">Bolstad</stop>
    <stop arrival="0:33" departure="0:33">Mannsverk</stop>
    <stop arrival="0:34" departure="0:34">Wiers -Jenssens vei</stop>
    <stop arrival="0:34" departure="0:34">Erleveien</stop>
    <stop arrival="0:35" departure="0:35">Landåstorget</stop>
    <stop arrival="0:36" departure="0:36">Natlandsv. v/Hagerupsvei</stop>
    <stop arrival="0:37" departure="0:37">Langhaugen</stop>
    <stop arrival="0:37" departure="0:37">Fridalen</stop>
    <stop arrival="0:39" departure="0:39">Haukeland sykehus sør</stop>
    <stop arrival="0:40" departure="0:40">Haukeland sykehus nord</stop>
    <stop arrival="0:40" departure="0:40">Haraldsplass sykehus</stop>
    <stop arrival="0:41" departure="0:41">Haukeland skole</stop>
    <stop arrival="0:43" departure="0:43">Svartediksveien</stop>
    <stop arrival="0:44" departure="0:44">Kalvedalsveien</stop>
    <stop arrival="0:46" departure="0:46">Kalfarlien</stop>
    <stop arrival="0:47" departure="0:47">Stadsporten (jernbanen)</stop>
    <stop arrival="0:49" departure="0:49">Kong Oscars gate</stop>
    <stop arrival="0:50" departure="0:50">Allehelgensgate</stop>
    <stop arrival="1:00">Bergen Strandkai terminal</stop>
  </route>
  <route no="2" destination="Bergen Strandkai terminal" url="http://www.web2051.no/bin/tp/zuginfo.exe/on/678759/229731/355710/48401/1/" trafficDays="kjører Ti - Lø, ikke 14., 18., 25. Mai">
    <stop departure="0:35" routeNo="2">Birkelundstoppen</stop>
    <stop arrival="0:35" departure="0:35">Knausen</stop>
    <stop arrival="0:36" departure="0:36">Kolstibotn</stop>
    <stop arrival="0:37" departure="0:37">H. Jægers vei</stop>
    <stop arrival="0:37" departure="0:37">Bolstad</stop>
    <stop arrival="0:38" departure="0:38">Mannsverk</stop>
    <stop arrival="0:39" departure="0:39">Wiers -Jenssens vei</stop>
    <stop arrival="0:39" departure="0:39">Erleveien</stop>
    <stop arrival="0:40" departure="0:40">Landåstorget</stop>
    <stop arrival="0:41" departure="0:41">Natlandsv. v/Hagerupsvei</stop>
    <stop arrival="0:42" departure="0:42">Langhaugen</stop>
    <stop arrival="0:42" departure="0:42">Fridalen</stop>
    <stop arrival="0:44" departure="0:44">Haukeland sykehus sør</stop>
    <stop arrival="0:45" departure="0:45">Haukeland sykehus nord</stop>
    <stop arrival="0:45" departure="0:45">Haraldsplass sykehus</stop>
    <stop arrival="0:46" departure="0:46">Haukeland skole</stop>
    <stop arrival="0:48" departure="0:48">Svartediksveien</stop>
    <stop arrival="0:49" departure="0:49">Kalvedalsveien</stop>
    <stop arrival="0:51" departure="0:51">Kalfarlien</stop>
    <stop arrival="0:52" departure="0:52">Stadsporten (jernbanen)</stop>
    <stop arrival="0:54" departure="0:54">Kong Oscars gate</stop>
    <stop arrival="0:55" departure="0:55">Allehelgensgate</stop>
    <stop arrival="1:00">Bergen Strandkai terminal</stop>
  </route>
  <route no="2" destination="Birkelundstoppen" url="http://www.web2051.no/bin/tp/zuginfo.exe/on/327792/112700/928838/355156/1/" trafficDays="kjører Ma, også 2., 14., 18., 25. Mai">
    <stop departure="0:20" routeNo="2">Bergen Strandkai terminal</stop>
    <stop arrival="0:23" departure="0:23">Strandgaten (Svaneapoteket)</stop>
    <stop arrival="0:25" departure="0:25">Småstrandgaten</stop>
    <stop arrival="0:26" departure="0:26">Nygaten</stop>
    <stop arrival="0:27" departure="0:27">Statsporten (jernbanen)</stop>
    <stop arrival="0:30" departure="0:30">Kalfarlien</stop>
    <stop arrival="0:31" departure="0:31">Kalvedalsveien</stop>
    <stop arrival="0:32" departure="0:32">Svartediksveien</stop>
    <stop arrival="0:33" departure="0:33">Statsarkivet</stop>
    <stop arrival="0:34" departure="0:34">Haraldsplass sykehus</stop>
    <stop arrival="0:35" departure="0:35">Haukeland sykehus nord</stop>
    <stop arrival="0:36" departure="0:36">Haukeland sykehus sør</stop>
    <stop arrival="0:37" departure="0:37">Fridalen</stop>
    <stop arrival="0:37" departure="0:37">Langhaugen</stop>
    <stop arrival="0:38" departure="0:38">Landåssvingen</stop>
    <stop arrival="0:38" departure="0:38">Landåstorget</stop>
    <stop arrival="0:39" departure="0:39">Erleveien</stop>
    <stop arrival="0:39" departure="0:39">Wier-Jenssens vei</stop>
    <stop arrival="0:40" departure="0:40">Mannsverk</stop>
    <stop arrival="0:41" departure="0:41">Bolstad</stop>
    <stop arrival="0:42" departure="0:42">Hans Jægers vei</stop>
    <stop arrival="0:43" departure="0:43">Kolstibotn</stop>
    <stop arrival="0:44" departure="0:44">Knausen</stop>
    <stop arrival="0:45">Birkelundstoppen</stop>
  </route>
  <route no="2" destination="Birkelundstoppen" url="http://www.web2051.no/bin/tp/zuginfo.exe/on/550497/186952/363216/1892/1/" trafficDays="kjører Sø, ikke 2. Mai">
    <stop departure="0:30" routeNo="2">Bergen Strandkai terminal</stop>
    <stop arrival="0:32" departure="0:32">Strandgaten (Svaneapoteket)</stop>
    <stop arrival="0:33" departure="0:33">Småstrandgaten</stop>
    <stop arrival="0:34" departure="0:34">Nygaten</stop>
    <stop arrival="0:35" departure="0:35">Statsporten (jernbanen)</stop>
    <stop arrival="0:38" departure="0:38">Kalfarlien</stop>
    <stop arrival="0:39" departure="0:39">Kalvedalsveien</stop>
    <stop arrival="0:40" departure="0:40">Svartediksveien</stop>
    <stop arrival="0:41" departure="0:41">Statsarkivet</stop>
    <stop arrival="0:42" departure="0:42">Haraldsplass sykehus</stop>
    <stop arrival="0:43" departure="0:43">Haukeland sykehus nord</stop>
    <stop arrival="0:44" departure="0:44">Haukeland sykehus sør</stop>
    <stop arrival="0:45" departure="0:45">Fridalen</stop>
    <stop arrival="0:47" departure="0:47">Langhaugen</stop>
    <stop arrival="0:47" departure="0:47">Landåssvingen</stop>
    <stop arrival="0:48" departure="0:48">Landåstorget</stop>
    <stop arrival="0:49" departure="0:49">Erleveien</stop>
    <stop arrival="0:50" departure="0:50">Wier-Jenssens vei</stop>
    <stop arrival="0:51" departure="0:51">Mannsverk</stop>
    <stop arrival="0:51" departure="0:51">Bolstad</stop>
    <stop arrival="0:52" departure="0:52">Hans Jægers vei</stop>
    <stop arrival="0:53" departure="0:53">Kolstibotn</stop>
    <stop arrival="0:53" departure="0:53">Knausen</stop>
    <stop arrival="0:54">Birkelundstoppen</stop>
  </route>
  <route no="2" destination="Birkelundstoppen" url="http://www.web2051.no/bin/tp/zuginfo.exe/on/8397/6280/401556/197980/1/" trafficDays="kjører Ti - Lø, ikke 14., 18., 25. Mai">
    <stop departure="0:35" routeNo="2">Bergen Strandkai terminal</stop>
    <stop arrival="0:37" departure="0:37">Strandgaten (Svaneapoteket)</stop>
    <stop arrival="0:38" departure="0:38">Småstrandgaten</stop>
    <stop arrival="0:39" departure="0:39">Nygaten</stop>
    <stop arrival="0:40" departure="0:40">Statsporten (jernbanen)</stop>
    <stop arrival="0:43" departure="0:43">Kalfarlien</stop>
    <stop arrival="0:44" departure="0:44">Kalvedalsveien</stop>
    <stop arrival="0:45" departure="0:45">Svartediksveien</stop>
    <stop arrival="0:46" departure="0:46">Statsarkivet</stop>
    <stop arrival="0:47" departure="0:47">Haraldsplass sykehus</stop>
    <stop arrival="0:48" departure="0:48">Haukeland sykehus nord</stop>
    <stop arrival="0:49" departure="0:49">Haukeland sykehus sør</stop>
    <stop arrival="0:50" departure="0:50">Fridalen</stop>
    <stop arrival="0:52" departure="0:52">Langhaugen</stop>
    <stop arrival="0:52" departure="0:52">Landåssvingen</stop>
    <stop arrival="0:53" departure="0:53">Landåstorget</stop>
    <stop arrival="0:54" departure="0:54">Erleveien</stop>
    <stop arrival="0:55" departure="0:55">Wier-Jenssens vei</stop>
    <stop arrival="0:56" departure="0:56">Mannsverk</stop>
    <stop arrival="0:56" departure="0:56">Bolstad</stop>
    <stop arrival="0:57" departure="0:57">Hans Jægers vei</stop>
    <stop arrival="0:58" departure="0:58">Kolstibotn</stop>
    <stop arrival="0:58" departure="0:58">Knausen</stop>
    <stop arrival="0:59">Birkelundstoppen</stop>
  </route>
</routes>
