<?xml version="1.0" encoding="UTF-8"?>
<routes>
  <route no="20" destination="Fana" url="http://www.web2051.no/bin/tp/zuginfo.exe/on/560418/190738/724734/175561/1/" trafficDays="kjører Ma - Fr, ikke 13., 17., 24. Mai">
    <stop departure="23:18" routeNo="20">Lønborglien snuplass</stop>
    <stop arrival="23:18" departure="23:18">Lønborglien 2</stop>
    <stop arrival="23:19" departure="23:19">Lønborglien 1</stop>
    <stop arrival="23:20" departure="23:20">Nordre Lønborg</stop>
    <stop arrival="23:21" departure="23:21">Lønborg</stop>
    <stop arrival="23:21" departure="23:21">Brunestykket</stop>
    <stop arrival="23:22" departure="23:22">Hellebakken</stop>
    <stop arrival="23:23" departure="23:23">Eikeviken</stop>
    <stop arrival="23:24" departure="23:24">Solbakken</stop>
    <stop arrival="23:25" departure="23:25">Handelshøyskolen</stop>
    <stop arrival="23:26" departure="23:26">Nyhavnsvei (Gamle Bergen)</stop>
    <stop arrival="23:27" departure="23:27">Munkebotten</stop>
    <stop arrival="23:28" departure="23:28">Ludebryggen</stop>
    <stop arrival="23:30" departure="23:30">Sandvikstorget</stop>
    <stop arrival="23:32" departure="23:32">Skutevikstorget</stop>
    <stop arrival="23:32" departure="23:32">Bontelabo</stop>
    <stop arrival="23:33" departure="23:33">Slottsgaten</stop>
    <stop arrival="23:34" departure="23:34">Bryggen</stop>
    <stop arrival="23:35" departure="23:35">Olav Kyrres gate</stop>
    <stop arrival="23:40" departure="23:40">Bergen Busstasjon</stop>
    <stop arrival="23:43" departure="23:43">Danmarksplass</stop>
    <stop arrival="23:44" departure="23:44">Solheimsgaten</stop>
    <stop arrival="23:45" departure="23:45">Reperbanen</stop>
    <stop arrival="23:47" departure="23:47">Fjøsangerveien/ Minde Allè</stop>
    <stop arrival="23:48" departure="23:48">Minde</stop>
    <stop arrival="23:49" departure="23:49">Elvebakken</stop>
    <stop arrival="23:49" departure="23:49">Storetveit</stop>
    <stop arrival="23:49" departure="23:49">Fantoft</stop>
    <stop arrival="23:50" departure="23:50">Nydalen</stop>
    <stop arrival="23:51" departure="23:51">Paradis</stop>
    <stop arrival="23:52" departure="23:52">Tveiteråsskiftet</stop>
    <stop arrival="23:53" departure="23:53">Hopsbro</stop>
    <stop arrival="23:55" departure="23:55">Hopstangen</stop>
    <stop arrival="23:56" departure="23:56">Nesttun terminal</stop>
    <stop arrival="23:58" departure="23:58">Nesttun</stop>
    <stop arrival="0:01" departure="0:01">Skjoldskiftet</stop>
    <stop arrival="0:01" departure="0:01">Nesttunbrekka</stop>
    <stop arrival="0:02" departure="0:02">Mårdalen</stop>
    <stop arrival="0:02" departure="0:02">Skjoldhøgda</stop>
    <stop arrival="0:02" departure="0:02">Skjold skole</stop>
    <stop arrival="0:03" departure="0:03">Lagunen</stop>
    <stop arrival="0:04" departure="0:04">Rådal</stop>
    <stop arrival="0:05" departure="0:05">Sunea</stop>
    <stop arrival="0:05" departure="0:05">Rådalshaug</stop>
    <stop arrival="0:05" departure="0:05">Steinknuseverket</stop>
    <stop arrival="0:06" departure="0:06">Hordnesskiftet Stend</stop>
    <stop arrival="0:08" departure="0:08">Bergheim</stop>
    <stop arrival="0:09" departure="0:09">Bergheim</stop>
    <stop arrival="0:10" departure="0:10">Øvre Titlestad</stop>
    <stop arrival="0:12" departure="0:12">Rydland (Titlestad, Fana)</stop>
    <stop arrival="0:13" departure="0:13">Titlestad</stop>
    <stop arrival="0:14" departure="0:14">Kvernabekkvegen</stop>
    <stop arrival="0:15" departure="0:15">Norheimsveien</stop>
    <stop arrival="0:16">Fana</stop>
  </route>
  <route no="20" destination="Fana" url="http://www.web2051.no/bin/tp/zuginfo.exe/on/34290/15203/954394/465767/1/" trafficDays="kjører Sø, også 1., 13., 17., 24. Mai">
    <stop departure="23:18" routeNo="20">Lønborglien snuplass</stop>
    <stop arrival="23:18" departure="23:18">Lønborglien 2</stop>
    <stop arrival="23:19" departure="23:19">Lønborglien 1</stop>
    <stop arrival="23:20" departure="23:20">Nordre Lønborg</stop>
    <stop arrival="23:21" departure="23:21">Lønborg</stop>
    <stop arrival="23:21" departure="23:21">Brunestykket</stop>
    <stop arrival="23:22" departure="23:22">Hellebakken</stop>
    <stop arrival="23:23" departure="23:23">Eikeviken</stop>
    <stop arrival="23:24" departure="23:24">Solbakken</stop>
    <stop arrival="23:25" departure="23:25">Handelshøyskolen</stop>
    <stop arrival="23:26" departure="23:26">Nyhavnsvei (Gamle Bergen)</stop>
    <stop arrival="23:27" departure="23:27">Munkebotten</stop>
    <stop arrival="23:28" departure="23:28">Ludebryggen</stop>
    <stop arrival="23:30" departure="23:30">Sandvikstorget</stop>
    <stop arrival="23:32" departure="23:32">Skutevikstorget</stop>
    <stop arrival="23:32" departure="23:32">Bontelabo</stop>
    <stop arrival="23:33" departure="23:33">Slottsgaten</stop>
    <stop arrival="23:34" departure="23:34">Bryggen</stop>
    <stop arrival="23:35" departure="23:35">Olav Kyrres gate</stop>
    <stop arrival="23:40" departure="23:40">Bergen Busstasjon</stop>
    <stop arrival="23:44" departure="23:44">Danmarksplass</stop>
    <stop arrival="23:45" departure="23:45">Solheimsgaten</stop>
    <stop arrival="23:46" departure="23:46">Reperbanen</stop>
    <stop arrival="23:47" departure="23:47">Fjøsangerveien/ Minde Allè</stop>
    <stop arrival="23:50" departure="23:50">Minde</stop>
    <stop arrival="23:51" departure="23:51">Elvebakken</stop>
    <stop arrival="23:52" departure="23:52">Storetveit</stop>
    <stop arrival="23:52" departure="23:52">Fantoft</stop>
    <stop arrival="23:53" departure="23:53">Nydalen</stop>
    <stop arrival="23:54" departure="23:54">Paradis</stop>
    <stop arrival="23:55" departure="23:55">Tveiteråsskiftet</stop>
    <stop arrival="23:56" departure="23:56">Hopsbro</stop>
    <stop arrival="23:58" departure="23:58">Hopstangen</stop>
    <stop arrival="23:59" departure="23:59">Nesttun terminal</stop>
    <stop arrival="0:01" departure="0:01">Nesttun</stop>
    <stop arrival="0:04" departure="0:04">Skjoldskiftet</stop>
    <stop arrival="0:04" departure="0:04">Nesttunbrekka</stop>
    <stop arrival="0:05" departure="0:05">Mårdalen</stop>
    <stop arrival="0:05" departure="0:05">Skjoldhøgda</stop>
    <stop arrival="0:05" departure="0:05">Skjold skole</stop>
    <stop arrival="0:06" departure="0:06">Lagunen</stop>
    <stop arrival="0:07" departure="0:07">Rådal</stop>
    <stop arrival="0:08" departure="0:08">Sunea</stop>
    <stop arrival="0:08" departure="0:08">Rådalshaug</stop>
    <stop arrival="0:08" departure="0:08">Steinknuseverket</stop>
    <stop arrival="0:09" departure="0:09">Hordnesskiftet Stend</stop>
    <stop arrival="0:11" departure="0:11">Bergheim</stop>
    <stop arrival="0:12" departure="0:12">Bergheim</stop>
    <stop arrival="0:13" departure="0:13">Øvre Titlestad</stop>
    <stop arrival="0:15" departure="0:15">Rydland (Titlestad, Fana)</stop>
    <stop arrival="0:16" departure="0:16">Titlestad</stop>
    <stop arrival="0:17" departure="0:17">Kvernabekkvegen</stop>
    <stop arrival="0:18" departure="0:18">Norheimsveien</stop>
    <stop arrival="0:19">Fana</stop>
  </route>
  <route no="20" destination="Lagunen" url="http://www.web2051.no/bin/tp/zuginfo.exe/on/789465/266977/649756/61723/1/" trafficDays="kjører Lø, ikke 1. Mai">
    <stop departure="23:18" routeNo="20">Lønborglien snuplass</stop>
    <stop arrival="23:18" departure="23:18">Lønborglien 2</stop>
    <stop arrival="23:19" departure="23:19">Lønborglien 1</stop>
    <stop arrival="23:20" departure="23:20">Nordre Lønborg</stop>
    <stop arrival="23:21" departure="23:21">Lønborg</stop>
    <stop arrival="23:21" departure="23:21">Brunestykket</stop>
    <stop arrival="23:22" departure="23:22">Hellebakken</stop>
    <stop arrival="23:23" departure="23:23">Eikeviken</stop>
    <stop arrival="23:24" departure="23:24">Solbakken</stop>
    <stop arrival="23:25" departure="23:25">Handelshøyskolen</stop>
    <stop arrival="23:26" departure="23:26">Nyhavnsvei (Gamle Bergen)</stop>
    <stop arrival="23:27" departure="23:27">Munkebotten</stop>
    <stop arrival="23:28" departure="23:28">Ludebryggen</stop>
    <stop arrival="23:30" departure="23:30">Sandvikstorget</stop>
    <stop arrival="23:32" departure="23:32">Skutevikstorget</stop>
    <stop arrival="23:32" departure="23:32">Bontelabo</stop>
    <stop arrival="23:33" departure="23:33">Slottsgaten</stop>
    <stop arrival="23:34" departure="23:34">Bryggen</stop>
    <stop arrival="23:35" departure="23:35">Olav Kyrres gate</stop>
    <stop arrival="23:40" departure="23:40">Bergen Busstasjon</stop>
    <stop arrival="23:44" departure="23:44">Danmarksplass</stop>
    <stop arrival="23:45" departure="23:45">Solheimsgaten</stop>
    <stop arrival="23:46" departure="23:46">Reperbanen</stop>
    <stop arrival="23:48" departure="23:48">Fjøsangerveien/ Minde Allè</stop>
    <stop arrival="23:51" departure="23:51">Minde</stop>
    <stop arrival="23:52" departure="23:52">Elvebakken</stop>
    <stop arrival="23:53" departure="23:53">Storetveit</stop>
    <stop arrival="23:53" departure="23:53">Fantoft</stop>
    <stop arrival="23:54" departure="23:54">Nydalen</stop>
    <stop arrival="23:55" departure="23:55">Paradis</stop>
    <stop arrival="23:56" departure="23:56">Tveiteråsskiftet</stop>
    <stop arrival="23:57" departure="23:57">Hopsbro</stop>
    <stop arrival="23:59" departure="23:59">Hopstangen</stop>
    <stop arrival="0:00" departure="0:00">Nesttun terminal</stop>
    <stop arrival="0:02" departure="0:02">Nesttun</stop>
    <stop arrival="0:05" departure="0:05">Skjoldskiftet</stop>
    <stop arrival="0:05" departure="0:05">Nesttunbrekka</stop>
    <stop arrival="0:06" departure="0:06">Mårdalen</stop>
    <stop arrival="0:06" departure="0:06">Skjoldhøgda</stop>
    <stop arrival="0:06" departure="0:06">Skjold skole</stop>
    <stop arrival="0:07">Lagunen</stop>
  </route>
  <route no="23" destination="Øyjorden (Bergen)" url="http://www.web2051.no/bin/tp/zuginfo.exe/on/564756/192362/786484/204995/1/" trafficDays="kjører Lø, ikke 1. Mai">
    <stop departure="23:55" routeNo="23">Birkelandskrysset Terminal</stop>
    <stop arrival="23:57" departure="23:57">Gomarhaug</stop>
    <stop arrival="23:57" departure="23:57">Sandsliskiftet</stop>
    <stop arrival="23:58" departure="23:58">Håvardstun</stop>
    <stop arrival="0:00" departure="0:00">Meyer</stop>
    <stop arrival="0:01" departure="0:01">Rådal</stop>
    <stop arrival="0:02" departure="0:02">Rådal ved Lagunen</stop>
    <stop arrival="0:05" departure="0:05">Skjold skole</stop>
    <stop arrival="0:07" departure="0:07">Mårdalen</stop>
    <stop arrival="0:08" departure="0:08">Nesttunbrekka</stop>
    <stop arrival="0:08" departure="0:08">Skjoldskiftet</stop>
    <stop arrival="0:09" departure="0:09">Nesttun</stop>
    <stop arrival="0:10" departure="0:10">Nesttun terminal</stop>
    <stop arrival="0:11" departure="0:11">Hopsbro</stop>
    <stop arrival="0:12" departure="0:12">Tveiteråsskiftet</stop>
    <stop arrival="0:13" departure="0:13">Paradis</stop>
    <stop arrival="0:15" departure="0:15">Nydalen</stop>
    <stop arrival="0:16" departure="0:16">Fantoft</stop>
    <stop arrival="0:16" departure="0:16">Storetveit</stop>
    <stop arrival="0:17" departure="0:17">Elvebakken</stop>
    <stop arrival="0:17" departure="0:17">Minde</stop>
    <stop arrival="0:21" departure="0:21">Mindemyren</stop>
    <stop arrival="0:22" departure="0:22">Postterminalen</stop>
    <stop arrival="0:22" departure="0:22">Kanalveien v/LBK</stop>
    <stop arrival="0:24" departure="0:24">Danmarksplass v/Forum kino</stop>
    <stop arrival="0:28" departure="0:28">Bergen Busstasjon</stop>
    <stop arrival="0:31" departure="0:31">Christies gate (Festplassen)</stop>
    <stop arrival="0:34" departure="0:34">Torget v/DnB</stop>
    <stop arrival="0:35" departure="0:35">Bryggen</stop>
    <stop arrival="0:35" departure="0:35">Slottsgaten</stop>
    <stop arrival="0:36" departure="0:36">Bontelabo</stop>
    <stop arrival="0:37" departure="0:37">Skutevikstorget</stop>
    <stop arrival="0:37" departure="0:37">Sjøgaten</stop>
    <stop arrival="0:38" departure="0:38">Sandvikstorget</stop>
    <stop arrival="0:39" departure="0:39">Ludebryggen</stop>
    <stop arrival="0:39" departure="0:39">Munkebotten</stop>
    <stop arrival="0:41" departure="0:41">Nyhavnsvei (Gamle Bergen)</stop>
    <stop arrival="0:42" departure="0:42">Handelshøyskolen</stop>
    <stop arrival="0:43" departure="0:43">Hatleberg</stop>
    <stop arrival="0:43" departure="0:43">Skytterveien</stop>
    <stop arrival="0:44" departure="0:44">Øyjordsveien</stop>
    <stop arrival="0:45">Øyjorden (Bergen)</stop>
  </route>
  <route no="21" destination="Lønborglien snuplass" url="http://www.web2051.no/bin/tp/zuginfo.exe/on/515166/175689/292752/25347/1/" trafficDays="kjører Lø, ikke 1. Mai">
    <stop departure="23:56" routeNo="21">Søråshøgda snuplass</stop>
    <stop arrival="23:57" departure="23:57">Søråsgrenda</stop>
    <stop arrival="23:59" departure="23:59">Nordåsgrenda</stop>
    <stop arrival="0:00" departure="0:00">Nordåstræet</stop>
    <stop arrival="0:01" departure="0:01">Nordås</stop>
    <stop arrival="0:03" departure="0:03">Nordåstræet</stop>
    <stop arrival="0:04" departure="0:04">Nordåsgrenda</stop>
    <stop arrival="0:04" departure="0:04">Kilden senter</stop>
    <stop arrival="0:05" departure="0:05">Søråsveien</stop>
    <stop arrival="0:06" departure="0:06">Skjold skole</stop>
    <stop arrival="0:08" departure="0:08">Mårdalen</stop>
    <stop arrival="0:09" departure="0:09">Nesttunbrekka</stop>
    <stop arrival="0:09" departure="0:09">Skjoldskiftet</stop>
    <stop arrival="0:10" departure="0:10">Nesttun</stop>
    <stop arrival="0:11" departure="0:11">Nesttun terminal</stop>
    <stop arrival="0:12" departure="0:12">Hopsbro</stop>
    <stop arrival="0:13" departure="0:13">Tveiteråsskiftet</stop>
    <stop arrival="0:14" departure="0:14">Paradis</stop>
    <stop arrival="0:16" departure="0:16">Nydalen</stop>
    <stop arrival="0:17" departure="0:17">Fantoft</stop>
    <stop arrival="0:18" departure="0:18">Storetveit</stop>
    <stop arrival="0:18" departure="0:18">Elvebakken</stop>
    <stop arrival="0:19" departure="0:19">Minde</stop>
    <stop arrival="0:23" departure="0:23">Mindemyren</stop>
    <stop arrival="0:24" departure="0:24">Postterminalen</stop>
    <stop arrival="0:24" departure="0:24">Kanalveien v/LBK</stop>
    <stop arrival="0:26" departure="0:26">Danmarksplass v/Forum kino</stop>
    <stop arrival="0:30" departure="0:30">Bergen Busstasjon</stop>
    <stop arrival="0:33" departure="0:33">Christies gate (Festplassen)</stop>
    <stop arrival="0:36" departure="0:36">Torget v/DnB</stop>
    <stop arrival="0:37" departure="0:37">Bryggen</stop>
    <stop arrival="0:37" departure="0:37">Slottsgaten</stop>
    <stop arrival="0:38" departure="0:38">Bontelabo</stop>
    <stop arrival="0:39" departure="0:39">Skutevikstorget</stop>
    <stop arrival="0:39" departure="0:39">Sjøgaten</stop>
    <stop arrival="0:40" departure="0:40">Sandvikstorget</stop>
    <stop arrival="0:41" departure="0:41">Ludebryggen</stop>
    <stop arrival="0:41" departure="0:41">Munkebotten</stop>
    <stop arrival="0:43" departure="0:43">Nyhavnsvei (Gamle Bergen)</stop>
    <stop arrival="0:44" departure="0:44">Handelshøyskolen</stop>
    <stop arrival="0:45" departure="0:45">Solbakken</stop>
    <stop arrival="0:45" departure="0:45">Eikeviken</stop>
    <stop arrival="0:46" departure="0:46">Hellebakken</stop>
    <stop arrival="0:47" departure="0:47">Brunestykket</stop>
    <stop arrival="0:48" departure="0:48">Lønborg</stop>
    <stop arrival="0:48" departure="0:48">Nordre Lønborg</stop>
    <stop arrival="0:50" departure="0:50">Lønborglien 1</stop>
    <stop arrival="0:51" departure="0:51">Lønborglien 2</stop>
    <stop arrival="0:52">Lønborglien snuplass</stop>
  </route>
  <route no="20" destination="Lønborglien snuplass" url="http://www.web2051.no/bin/tp/zuginfo.exe/on/828084/279844/753878/100913/1/" trafficDays="kjører Sø, ikke 2. Mai">
    <stop departure="0:13" routeNo="20">Rådal ved Lagunen</stop>
    <stop arrival="0:16" departure="0:16">Skjold skole</stop>
    <stop arrival="0:18" departure="0:18">Mårdalen</stop>
    <stop arrival="0:19" departure="0:19">Nesttunbrekka</stop>
    <stop arrival="0:19" departure="0:19">Skjoldskiftet</stop>
    <stop arrival="0:20" departure="0:20">Nesttun</stop>
    <stop arrival="0:21" departure="0:21">Nesttun terminal</stop>
    <stop arrival="0:22" departure="0:22">Hopsbro</stop>
    <stop arrival="0:23" departure="0:23">Tveiteråsskiftet</stop>
    <stop arrival="0:24" departure="0:24">Paradis</stop>
    <stop arrival="0:26" departure="0:26">Nydalen</stop>
    <stop arrival="0:27" departure="0:27">Fantoft</stop>
    <stop arrival="0:28" departure="0:28">Storetveit</stop>
    <stop arrival="0:28" departure="0:28">Elvebakken</stop>
    <stop arrival="0:29" departure="0:29">Minde</stop>
    <stop arrival="0:33" departure="0:33">Mindemyren</stop>
    <stop arrival="0:34" departure="0:34">Postterminalen</stop>
    <stop arrival="0:34" departure="0:34">Kanalveien v/LBK</stop>
    <stop arrival="0:36" departure="0:36">Danmarksplass v/Forum kino</stop>
    <stop arrival="0:40" departure="0:40">Bergen Busstasjon</stop>
    <stop arrival="0:43" departure="0:43">Christies gate (Festplassen)</stop>
    <stop arrival="0:46" departure="0:46">Torget v/DnB</stop>
    <stop arrival="0:47" departure="0:47">Bryggen</stop>
    <stop arrival="0:47" departure="0:47">Slottsgaten</stop>
    <stop arrival="0:48" departure="0:48">Bontelabo</stop>
    <stop arrival="0:49" departure="0:49">Skutevikstorget</stop>
    <stop arrival="0:49" departure="0:49">Sjøgaten</stop>
    <stop arrival="0:50" departure="0:50">Sandvikstorget</stop>
    <stop arrival="0:51" departure="0:51">Ludebryggen</stop>
    <stop arrival="0:51" departure="0:51">Munkebotten</stop>
    <stop arrival="0:53" departure="0:53">Nyhavnsvei (Gamle Bergen)</stop>
    <stop arrival="0:54" departure="0:54">Handelshøyskolen</stop>
    <stop arrival="0:55" departure="0:55">Solbakken</stop>
    <stop arrival="0:55" departure="0:55">Eikeviken</stop>
    <stop arrival="0:56" departure="0:56">Hellebakken</stop>
    <stop arrival="0:57" departure="0:57">Brunestykket</stop>
    <stop arrival="0:58" departure="0:58">Lønborg</stop>
    <stop arrival="0:58" departure="0:58">Nordre Lønborg</stop>
    <stop arrival="1:00" departure="1:00">Lønborglien 1</stop>
    <stop arrival="1:01" departure="1:01">Lønborglien 2</stop>
    <stop arrival="1:02">Lønborglien snuplass</stop>
  </route>
  <route no="20" destination="Lønborglien snuplass" url="http://www.web2051.no/bin/tp/zuginfo.exe/on/387588/133122/943264/342437/1/" trafficDays="kjører Ti - Lø, ikke 14., 18., 25. Mai">
    <stop departure="0:08" routeNo="20">Gaia Fana</stop>
    <stop arrival="0:10" departure="0:10">Fana kirke</stop>
    <stop arrival="0:10" departure="0:10">Norheimsveien</stop>
    <stop arrival="0:11" departure="0:11">Kvernabekkvegen</stop>
    <stop arrival="0:12" departure="0:12">Titlestad</stop>
    <stop arrival="0:12" departure="0:12">Rydland (Titlestad, Fana)</stop>
    <stop arrival="0:13" departure="0:13">Øvre Titlestad</stop>
    <stop arrival="0:14" departure="0:14">Bergheim</stop>
    <stop arrival="0:14" departure="0:14">Bergheim</stop>
    <stop arrival="0:16" departure="0:16">Hordnesskiftet Stend</stop>
    <stop arrival="0:17" departure="0:17">Steinknuseverket</stop>
    <stop arrival="0:17" departure="0:17">Rådalshaug</stop>
    <stop arrival="0:18" departure="0:18">Sunea</stop>
    <stop arrival="0:19" departure="0:19">Rådal</stop>
    <stop arrival="0:20" departure="0:20">Rådal ved Lagunen</stop>
    <stop arrival="0:23" departure="0:23">Skjold skole</stop>
    <stop arrival="0:25" departure="0:25">Mårdalen</stop>
    <stop arrival="0:26" departure="0:26">Nesttunbrekka</stop>
    <stop arrival="0:26" departure="0:26">Skjoldskiftet</stop>
    <stop arrival="0:27" departure="0:27">Nesttun</stop>
    <stop arrival="0:28" departure="0:28">Nesttun terminal</stop>
    <stop arrival="0:29" departure="0:29">Hopsbro</stop>
    <stop arrival="0:30" departure="0:30">Tveiteråsskiftet</stop>
    <stop arrival="0:31" departure="0:31">Paradis</stop>
    <stop arrival="0:33" departure="0:33">Nydalen</stop>
    <stop arrival="0:34" departure="0:34">Fantoft</stop>
    <stop arrival="0:35" departure="0:35">Storetveit</stop>
    <stop arrival="0:35" departure="0:35">Elvebakken</stop>
    <stop arrival="0:36" departure="0:36">Minde</stop>
    <stop arrival="0:39" departure="0:39">Mindemyren</stop>
    <stop arrival="0:40" departure="0:40">Postterminalen</stop>
    <stop arrival="0:41" departure="0:41">Kanalveien v/LBK</stop>
    <stop arrival="0:43" departure="0:43">Danmarksplass v/Forum kino</stop>
    <stop arrival="0:46" departure="0:46">Bergen Busstasjon</stop>
    <stop arrival="0:48" departure="0:48">Christies gate (Festplassen)</stop>
    <stop arrival="0:51" departure="0:51">Torget v/DnB</stop>
    <stop arrival="0:52" departure="0:52">Bryggen</stop>
    <stop arrival="0:52" departure="0:52">Slottsgaten</stop>
    <stop arrival="0:53" departure="0:53">Bontelabo</stop>
    <stop arrival="0:54" departure="0:54">Skutevikstorget</stop>
    <stop arrival="0:54" departure="0:54">Sjøgaten</stop>
    <stop arrival="0:55" departure="0:55">Sandvikstorget</stop>
    <stop arrival="0:56" departure="0:56">Ludebryggen</stop>
    <stop arrival="0:56" departure="0:56">Munkebotten</stop>
    <stop arrival="0:58" departure="0:58">Nyhavnsvei (Gamle Bergen)</stop>
    <stop arrival="0:59" departure="0:59">Handelshøyskolen</stop>
    <stop arrival="1:00" departure="1:00">Solbakken</stop>
    <stop arrival="1:00" departure="1:00">Eikeviken</stop>
    <stop arrival="1:01" departure="1:01">Hellebakken</stop>
    <stop arrival="1:02" departure="1:02">Brunestykket</stop>
    <stop arrival="1:03" departure="1:03">Lønborg</stop>
    <stop arrival="1:03" departure="1:03">Nordre Lønborg</stop>
    <stop arrival="1:05" departure="1:05">Lønborglien 1</stop>
    <stop arrival="1:06" departure="1:06">Lønborglien 2</stop>
    <stop arrival="1:07">Lønborglien snuplass</stop>
  </route>
  <route no="23" destination="Birkelandskrysset Terminal" url="http://www.web2051.no/bin/tp/zuginfo.exe/on/410328/140931/765296/245873/1/" trafficDays="kjører Ma - Fr, ikke 13., 17., 24. Mai">
    <stop departure="23:52" routeNo="23">Øyjorden (Bergen)</stop>
    <stop arrival="23:53" departure="23:53">Øyjordsveien</stop>
    <stop arrival="23:54" departure="23:54">Skytterveien</stop>
    <stop arrival="23:54" departure="23:54">Hatleberg</stop>
    <stop arrival="23:55" departure="23:55">Handelshøyskolen</stop>
    <stop arrival="23:56" departure="23:56">Nyhavnsvei (Gamle Bergen)</stop>
    <stop arrival="23:57" departure="23:57">Munkebotten</stop>
    <stop arrival="23:58" departure="23:58">Ludebryggen</stop>
    <stop arrival="0:00" departure="0:00">Sandvikstorget</stop>
    <stop arrival="0:02" departure="0:02">Skutevikstorget</stop>
    <stop arrival="0:02" departure="0:02">Bontelabo</stop>
    <stop arrival="0:03" departure="0:03">Slottsgaten</stop>
    <stop arrival="0:04" departure="0:04">Bryggen</stop>
    <stop arrival="0:05" departure="0:05">Olav Kyrres gate</stop>
    <stop arrival="0:10" departure="0:10">Bergen Busstasjon</stop>
    <stop arrival="0:14" departure="0:14">Danmarksplass</stop>
    <stop arrival="0:15" departure="0:15">Solheimsgaten</stop>
    <stop arrival="0:16" departure="0:16">Reperbanen</stop>
    <stop arrival="0:18" departure="0:18">Fjøsangerveien/ Minde Allè</stop>
    <stop arrival="0:21" departure="0:21">Minde</stop>
    <stop arrival="0:22" departure="0:22">Elvebakken</stop>
    <stop arrival="0:22" departure="0:22">Storetveit</stop>
    <stop arrival="0:22" departure="0:22">Fantoft</stop>
    <stop arrival="0:23" departure="0:23">Nydalen</stop>
    <stop arrival="0:24" departure="0:24">Paradis</stop>
    <stop arrival="0:25" departure="0:25">Tveiteråsskiftet</stop>
    <stop arrival="0:26" departure="0:26">Hopsbro</stop>
    <stop arrival="0:28" departure="0:28">Hopstangen</stop>
    <stop arrival="0:29" departure="0:29">Nesttun terminal</stop>
    <stop arrival="0:31" departure="0:31">Nesttun</stop>
    <stop arrival="0:34" departure="0:34">Skjoldskiftet</stop>
    <stop arrival="0:34" departure="0:34">Nesttunbrekka</stop>
    <stop arrival="0:35" departure="0:35">Mårdalen</stop>
    <stop arrival="0:35" departure="0:35">Skjoldhøgda</stop>
    <stop arrival="0:35" departure="0:35">Skjold skole</stop>
    <stop arrival="0:36" departure="0:36">Lagunen</stop>
    <stop arrival="0:38" departure="0:38">Rådal</stop>
    <stop arrival="0:39" departure="0:39">Meyerskiftet</stop>
    <stop arrival="0:44" departure="0:44">Håvardstun</stop>
    <stop arrival="0:45" departure="0:45">Sandsliskiftet</stop>
    <stop arrival="0:46" departure="0:46">Gomarhaug</stop>
    <stop arrival="0:48">Birkelandskrysset Terminal</stop>
  </route>
  <route no="23" destination="Birkelandskrysset Terminal" url="http://www.web2051.no/bin/tp/zuginfo.exe/on/186471/66270/497012/186352/1/" trafficDays="kjører Lø, ikke 1. Mai">
    <stop departure="23:52" routeNo="23">Øyjorden (Bergen)</stop>
    <stop arrival="23:53" departure="23:53">Øyjordsveien</stop>
    <stop arrival="23:54" departure="23:54">Skytterveien</stop>
    <stop arrival="23:54" departure="23:54">Hatleberg</stop>
    <stop arrival="23:55" departure="23:55">Handelshøyskolen</stop>
    <stop arrival="23:56" departure="23:56">Nyhavnsvei (Gamle Bergen)</stop>
    <stop arrival="23:57" departure="23:57">Munkebotten</stop>
    <stop arrival="23:58" departure="23:58">Ludebryggen</stop>
    <stop arrival="0:00" departure="0:00">Sandvikstorget</stop>
    <stop arrival="0:02" departure="0:02">Skutevikstorget</stop>
    <stop arrival="0:02" departure="0:02">Bontelabo</stop>
    <stop arrival="0:03" departure="0:03">Slottsgaten</stop>
    <stop arrival="0:04" departure="0:04">Bryggen</stop>
    <stop arrival="0:05" departure="0:05">Olav Kyrres gate</stop>
    <stop arrival="0:10" departure="0:10">Bergen Busstasjon</stop>
    <stop arrival="0:14" departure="0:14">Danmarksplass</stop>
    <stop arrival="0:15" departure="0:15">Solheimsgaten</stop>
    <stop arrival="0:16" departure="0:16">Reperbanen</stop>
    <stop arrival="0:18" departure="0:18">Fjøsangerveien/ Minde Allè</stop>
    <stop arrival="0:21" departure="0:21">Minde</stop>
    <stop arrival="0:22" departure="0:22">Elvebakken</stop>
    <stop arrival="0:23" departure="0:23">Storetveit</stop>
    <stop arrival="0:23" departure="0:23">Fantoft</stop>
    <stop arrival="0:24" departure="0:24">Nydalen</stop>
    <stop arrival="0:25" departure="0:25">Paradis</stop>
    <stop arrival="0:26" departure="0:26">Tveiteråsskiftet</stop>
    <stop arrival="0:27" departure="0:27">Hopsbro</stop>
    <stop arrival="0:29" departure="0:29">Hopstangen</stop>
    <stop arrival="0:30" departure="0:30">Nesttun terminal</stop>
    <stop arrival="0:32" departure="0:32">Nesttun</stop>
    <stop arrival="0:35" departure="0:35">Skjoldskiftet</stop>
    <stop arrival="0:35" departure="0:35">Nesttunbrekka</stop>
    <stop arrival="0:36" departure="0:36">Mårdalen</stop>
    <stop arrival="0:36" departure="0:36">Skjoldhøgda</stop>
    <stop arrival="0:36" departure="0:36">Skjold skole</stop>
    <stop arrival="0:37" departure="0:37">Lagunen</stop>
    <stop arrival="0:38" departure="0:38">Rådal</stop>
    <stop arrival="0:40" departure="0:40">Meyerskiftet</stop>
    <stop arrival="0:44" departure="0:44">Håvardstun</stop>
    <stop arrival="0:45" departure="0:45">Sandsliskiftet</stop>
    <stop arrival="0:46" departure="0:46">Gomarhaug</stop>
    <stop arrival="0:48">Birkelandskrysset Terminal</stop>
  </route>
  <route no="21" destination="Søråshøgda snuplass" url="http://www.web2051.no/bin/tp/zuginfo.exe/on/163407/58466/860408/375735/1/" trafficDays="kjører Ti - Lø, ikke 14., 18., 25. Mai">
    <stop departure="0:05" routeNo="21">Lønborglien snuplass</stop>
    <stop arrival="0:05" departure="0:05">Lønborglien 2</stop>
    <stop arrival="0:06" departure="0:06">Lønborglien 1</stop>
    <stop arrival="0:07" departure="0:07">Nordre Lønborg</stop>
    <stop arrival="0:08" departure="0:08">Lønborg</stop>
    <stop arrival="0:08" departure="0:08">Brunestykket</stop>
    <stop arrival="0:09" departure="0:09">Hellebakken</stop>
    <stop arrival="0:10" departure="0:10">Eikeviken</stop>
    <stop arrival="0:11" departure="0:11">Solbakken</stop>
    <stop arrival="0:12" departure="0:12">Handelshøyskolen</stop>
    <stop arrival="0:13" departure="0:13">Nyhavnsvei (Gamle Bergen)</stop>
    <stop arrival="0:14" departure="0:14">Munkebotten</stop>
    <stop arrival="0:15" departure="0:15">Ludebryggen</stop>
    <stop arrival="0:17" departure="0:17">Sandvikstorget</stop>
    <stop arrival="0:19" departure="0:19">Skutevikstorget</stop>
    <stop arrival="0:19" departure="0:19">Bontelabo</stop>
    <stop arrival="0:20" departure="0:20">Slottsgaten</stop>
    <stop arrival="0:21" departure="0:21">Bryggen</stop>
    <stop arrival="0:22" departure="0:22">Olav Kyrres gate</stop>
    <stop arrival="0:27" departure="0:27">Bergen Busstasjon</stop>
    <stop arrival="0:29" departure="0:29">Danmarksplass</stop>
    <stop arrival="0:31" departure="0:31">Solheimsgaten</stop>
    <stop arrival="0:33" departure="0:33">Reperbanen</stop>
    <stop arrival="0:35" departure="0:35">Fjøsangerveien/ Minde Allè</stop>
    <stop arrival="0:39" departure="0:39">Minde</stop>
    <stop arrival="0:40" departure="0:40">Elvebakken</stop>
    <stop arrival="0:40" departure="0:40">Storetveit</stop>
    <stop arrival="0:40" departure="0:40">Fantoft</stop>
    <stop arrival="0:41" departure="0:41">Nydalen</stop>
    <stop arrival="0:42" departure="0:42">Paradis</stop>
    <stop arrival="0:43" departure="0:43">Tveiteråsskiftet</stop>
    <stop arrival="0:44" departure="0:44">Hopsbro</stop>
    <stop arrival="0:46" departure="0:46">Hopstangen</stop>
    <stop arrival="0:47" departure="0:47">Nesttun terminal</stop>
    <stop arrival="0:49" departure="0:49">Nesttun</stop>
    <stop arrival="0:52" departure="0:52">Skjoldskiftet</stop>
    <stop arrival="0:52" departure="0:52">Nesttunbrekka</stop>
    <stop arrival="0:53" departure="0:53">Mårdalen</stop>
    <stop arrival="0:53" departure="0:53">Skjoldhøgda</stop>
    <stop arrival="0:53" departure="0:53">Skjold skole</stop>
    <stop arrival="0:54" departure="0:54">Søråsveien</stop>
    <stop arrival="0:54" departure="0:54">Kilden senter</stop>
    <stop arrival="0:55" departure="0:55">Nordåsgrenda</stop>
    <stop arrival="0:56" departure="0:56">Nordåstræet</stop>
    <stop arrival="0:57" departure="0:57">Nordås</stop>
    <stop arrival="0:58" departure="0:58">Nordåstræet</stop>
    <stop arrival="0:59" departure="0:59">Nordåsgrenda</stop>
    <stop arrival="1:01" departure="1:01">Søråsgrenda</stop>
    <stop arrival="1:02">Søråshøgda snuplass</stop>
  </route>
  <route no="21" destination="Søråshøgda snuplass" url="http://www.web2051.no/bin/tp/zuginfo.exe/on/389742/133882/112268/73780/1/" trafficDays="kjører Sø, ikke 2. Mai">
    <stop departure="0:08" routeNo="21">Lønborglien snuplass</stop>
    <stop arrival="0:08" departure="0:08">Lønborglien 2</stop>
    <stop arrival="0:09" departure="0:09">Lønborglien 1</stop>
    <stop arrival="0:10" departure="0:10">Nordre Lønborg</stop>
    <stop arrival="0:11" departure="0:11">Lønborg</stop>
    <stop arrival="0:11" departure="0:11">Brunestykket</stop>
    <stop arrival="0:12" departure="0:12">Hellebakken</stop>
    <stop arrival="0:13" departure="0:13">Eikeviken</stop>
    <stop arrival="0:14" departure="0:14">Solbakken</stop>
    <stop arrival="0:15" departure="0:15">Handelshøyskolen</stop>
    <stop arrival="0:16" departure="0:16">Nyhavnsvei (Gamle Bergen)</stop>
    <stop arrival="0:17" departure="0:17">Munkebotten</stop>
    <stop arrival="0:18" departure="0:18">Ludebryggen</stop>
    <stop arrival="0:20" departure="0:20">Sandvikstorget</stop>
    <stop arrival="0:22" departure="0:22">Skutevikstorget</stop>
    <stop arrival="0:22" departure="0:22">Bontelabo</stop>
    <stop arrival="0:23" departure="0:23">Slottsgaten</stop>
    <stop arrival="0:24" departure="0:24">Bryggen</stop>
    <stop arrival="0:25" departure="0:25">Olav Kyrres gate</stop>
    <stop arrival="0:30" departure="0:30">Bergen Busstasjon</stop>
    <stop arrival="0:34" departure="0:34">Danmarksplass</stop>
    <stop arrival="0:35" departure="0:35">Solheimsgaten</stop>
    <stop arrival="0:36" departure="0:36">Reperbanen</stop>
    <stop arrival="0:38" departure="0:38">Fjøsangerveien/ Minde Allè</stop>
    <stop arrival="0:41" departure="0:41">Minde</stop>
    <stop arrival="0:42" departure="0:42">Elvebakken</stop>
    <stop arrival="0:43" departure="0:43">Storetveit</stop>
    <stop arrival="0:43" departure="0:43">Fantoft</stop>
    <stop arrival="0:44" departure="0:44">Nydalen</stop>
    <stop arrival="0:45" departure="0:45">Paradis</stop>
    <stop arrival="0:46" departure="0:46">Tveiteråsskiftet</stop>
    <stop arrival="0:47" departure="0:47">Hopsbro</stop>
    <stop arrival="0:49" departure="0:49">Hopstangen</stop>
    <stop arrival="0:50" departure="0:50">Nesttun terminal</stop>
    <stop arrival="0:52" departure="0:52">Nesttun</stop>
    <stop arrival="0:55" departure="0:55">Skjoldskiftet</stop>
    <stop arrival="0:55" departure="0:55">Nesttunbrekka</stop>
    <stop arrival="0:56" departure="0:56">Mårdalen</stop>
    <stop arrival="0:56" departure="0:56">Skjoldhøgda</stop>
    <stop arrival="0:56" departure="0:56">Skjold skole</stop>
    <stop arrival="0:57" departure="0:57">Søråsveien</stop>
    <stop arrival="0:57" departure="0:57">Kilden senter</stop>
    <stop arrival="0:58" departure="0:58">Nordåsgrenda</stop>
    <stop arrival="0:59" departure="0:59">Nordåstræet</stop>
    <stop arrival="1:00" departure="1:00">Nordås</stop>
    <stop arrival="1:01" departure="1:01">Nordåstræet</stop>
    <stop arrival="1:02" departure="1:02">Nordåsgrenda</stop>
    <stop arrival="1:04" departure="1:04">Søråsgrenda</stop>
    <stop arrival="1:05">Søråshøgda snuplass</stop>
  </route>
</routes>
