<?xml version="1.0" encoding="UTF-8"?>
<routes>
  <route no="30" destination="Bergen Busstasjon" url="http://www.web2051.no/bin/tp/zuginfo.exe/on/980589/331190/141276/256227/1/" trafficDays="kjører Lø, ikke 1. Mai">
    <stop departure="23:50" routeNo="30">Birkelandskrysset Terminal</stop>
    <stop arrival="23:52" departure="23:52">Birkelandsflaten</stop>
    <stop arrival="23:53" departure="23:53">Birkelandsflaten</stop>
    <stop arrival="23:53" departure="23:53">Sandslislusen</stop>
    <stop arrival="23:53" departure="23:53">Sandslisnuplass</stop>
    <stop arrival="23:54" departure="23:54">Sandsligården</stop>
    <stop arrival="23:55" departure="23:55">Statoil (Sandsli)</stop>
    <stop arrival="23:55" departure="23:55">Statoil stasjon Sandsli</stop>
    <stop arrival="23:56" departure="23:56">Hydro Sandsli</stop>
    <stop arrival="23:56" departure="23:56">Petedalsheia</stop>
    <stop arrival="23:57" departure="23:57">Fanatorget</stop>
    <stop arrival="0:01" departure="0:01">Dolvik terminal</stop>
    <stop arrival="0:01" departure="0:01">Dolvikbakken</stop>
    <stop arrival="0:02" departure="0:02">Søreide skole</stop>
    <stop arrival="0:03" departure="0:03">Søreide v/Hydrostasjonen</stop>
    <stop arrival="0:03" departure="0:03">Straume bro</stop>
    <stop arrival="0:03" departure="0:03">Bergen Motorbåtforening</stop>
    <stop arrival="0:04" departure="0:04">Sementbroen</stop>
    <stop arrival="0:05" departure="0:05">Sandeide terminal</stop>
    <stop arrival="0:07" departure="0:07">Fyllingsdalsveien v/Shell</stop>
    <stop arrival="0:09" departure="0:09">Skarphaugen</stop>
    <stop arrival="0:10" departure="0:10">Oasen Terminal</stop>
    <stop arrival="0:11" departure="0:11">Løvås</stop>
    <stop arrival="0:11" departure="0:11">Nebbeveien</stop>
    <stop arrival="0:11" departure="0:11">Hamregården</stop>
    <stop arrival="0:12" departure="0:12">Sikthaugen</stop>
    <stop arrival="0:15" departure="0:15">Gyldenpris</stop>
    <stop arrival="0:16" departure="0:16">Møhlenpris v/ Industrihuset</stop>
    <stop arrival="0:18" departure="0:18">Nygårdsgaten</stop>
    <stop arrival="0:23">Bergen Busstasjon</stop>
  </route>
  <route no="30" destination="Bergen Busstasjon" url="http://www.web2051.no/bin/tp/zuginfo.exe/on/826086/279751/921508/185395/1/" trafficDays="kjører Ma - Fr, ikke 13., 17., 24. Mai">
    <stop departure="23:50" routeNo="30">Birkelandskrysset Terminal</stop>
    <stop arrival="23:52" departure="23:52">Birkelandsflaten</stop>
    <stop arrival="23:53" departure="23:53">Birkelandsflaten</stop>
    <stop arrival="23:53" departure="23:53">Sandslislusen</stop>
    <stop arrival="23:53" departure="23:53">Sandslisnuplass</stop>
    <stop arrival="23:54" departure="23:54">Sandsligården</stop>
    <stop arrival="23:54" departure="23:54">Statoil (Sandsli)</stop>
    <stop arrival="23:54" departure="23:54">Statoil stasjon Sandsli</stop>
    <stop arrival="23:55" departure="23:55">Hydro Sandsli</stop>
    <stop arrival="23:56" departure="23:56">Petedalsheia</stop>
    <stop arrival="23:56" departure="23:56">Fanatorget</stop>
    <stop arrival="23:58" departure="23:58">Regnbueåsen</stop>
    <stop arrival="0:01" departure="0:01">Skranevegen</stop>
    <stop arrival="0:01" departure="0:01">Dolvik terminal</stop>
    <stop arrival="0:01" departure="0:01">Dolvikbakken</stop>
    <stop arrival="0:02" departure="0:02">Søreide skole</stop>
    <stop arrival="0:03" departure="0:03">Søreide v/Hydrostasjonen</stop>
    <stop arrival="0:03" departure="0:03">Straume bro</stop>
    <stop arrival="0:03" departure="0:03">Bergen Motorbåtforening</stop>
    <stop arrival="0:04" departure="0:04">Sementbroen</stop>
    <stop arrival="0:05" departure="0:05">Sandeide terminal</stop>
    <stop arrival="0:07" departure="0:07">Fyllingsdalsveien v/Shell</stop>
    <stop arrival="0:09" departure="0:09">Skarphaugen</stop>
    <stop arrival="0:10" departure="0:10">Oasen Terminal</stop>
    <stop arrival="0:11" departure="0:11">Løvås</stop>
    <stop arrival="0:11" departure="0:11">Nebbeveien</stop>
    <stop arrival="0:12" departure="0:12">Hamregården</stop>
    <stop arrival="0:13" departure="0:13">Sikthaugen</stop>
    <stop arrival="0:17" departure="0:17">Gyldenpris</stop>
    <stop arrival="0:18" departure="0:18">Møhlenpris v/ Industrihuset</stop>
    <stop arrival="0:20" departure="0:20">Nygårdsgaten</stop>
    <stop arrival="0:25">Bergen Busstasjon</stop>
  </route>
</routes>
