<?xml version="1.0" encoding="UTF-8"?>
<routes>
  <route no="31" destination="Mannsverk vognstasjon" url="http://www.web2051.no/bin/tp/zuginfo.exe/on/967107/326796/346002/149375/1/" trafficDays="kjører Lø, ikke 1. Mai">
    <stop departure="23:45" routeNo="31">Varden</stop>
    <stop arrival="23:46" departure="23:46">Vardeveien</stop>
    <stop arrival="23:46" departure="23:46">Vardesvingen</stop>
    <stop arrival="23:47" departure="23:47">Varden skole</stop>
    <stop arrival="23:48" departure="23:48">Allestadveien</stop>
    <stop arrival="23:48" departure="23:48">Allestadhaugen</stop>
    <stop arrival="23:49" departure="23:49">Hesjaholtet</stop>
    <stop arrival="23:50" departure="23:50">Allestadhaugen</stop>
    <stop arrival="23:50" departure="23:50">Allestadveien</stop>
    <stop arrival="23:52" departure="23:52">Myrholtet</stop>
    <stop arrival="23:52" departure="23:52">Krokatjønnveien</stop>
    <stop arrival="23:53" departure="23:53">St.Hanshaugen</stop>
    <stop arrival="23:54" departure="23:54">Skarphaugen</stop>
    <stop arrival="23:55" departure="23:55">Oasen Terminal</stop>
    <stop arrival="23:56" departure="23:56">Løvås</stop>
    <stop arrival="23:56" departure="23:56">Nebbeveien</stop>
    <stop arrival="23:57" departure="23:57">Hamregården</stop>
    <stop arrival="23:58" departure="23:58">Sikthaugen</stop>
    <stop arrival="0:02" departure="0:02">Gyldenpris</stop>
    <stop arrival="0:04" departure="0:04">Møhlenpris v/ Industrihuset</stop>
    <stop arrival="0:06" departure="0:06">Nøstet</stop>
    <stop arrival="0:10" departure="0:10">Strandgaten (Svaneapoteket)</stop>
    <stop arrival="0:12" departure="0:12">Småstrandgaten</stop>
    <stop arrival="0:13" departure="0:13">Nygaten</stop>
    <stop arrival="0:14" departure="0:14">Statsporten (jernbanen)</stop>
    <stop arrival="0:17" departure="0:17">Kalfarlien</stop>
    <stop arrival="0:18" departure="0:18">Kalvedalsveien</stop>
    <stop arrival="0:19" departure="0:19">Svartediksveien</stop>
    <stop arrival="0:20" departure="0:20">Statsarkivet</stop>
    <stop arrival="0:21" departure="0:21">Haraldsplass sykehus</stop>
    <stop arrival="0:22" departure="0:22">Haukeland sykehus nord</stop>
    <stop arrival="0:24" departure="0:24">Haukeland sykehus sør</stop>
    <stop arrival="0:25" departure="0:25">Fridalen</stop>
    <stop arrival="0:26" departure="0:26">Langhaugen</stop>
    <stop arrival="0:28" departure="0:28">Lærerskolen, Landås</stop>
    <stop arrival="0:29" departure="0:29">Lægdene</stop>
    <stop arrival="0:30" departure="0:30">Lægdenesvingen</stop>
    <stop arrival="0:30" departure="0:30">Montana</stop>
    <stop arrival="0:31" departure="0:31">Sollien v/nr. 57</stop>
    <stop arrival="0:32" departure="0:32">Sollien v/nr. 87</stop>
    <stop arrival="0:32" departure="0:32">Sollien v/nr. 126</stop>
    <stop arrival="0:33" departure="0:33">Kanonhaugen</stop>
    <stop arrival="0:33" departure="0:33">Kolstien</stop>
    <stop arrival="0:34" departure="0:34">Strimmelen</stop>
    <stop arrival="0:35">Mannsverk vognstasjon</stop>
  </route>
  <route no="31" destination="Mannsverk vognstasjon" url="http://www.web2051.no/bin/tp/zuginfo.exe/on/252957/88788/780330/305846/1/" trafficDays="kjører Ti - Lø, ikke 14., 18., 25. Mai">
    <stop departure="0:05" routeNo="31">Varden</stop>
    <stop arrival="0:06" departure="0:06">Vardeveien</stop>
    <stop arrival="0:06" departure="0:06">Vardesvingen</stop>
    <stop arrival="0:07" departure="0:07">Varden skole</stop>
    <stop arrival="0:08" departure="0:08">Allestadveien</stop>
    <stop arrival="0:08" departure="0:08">Allestadhaugen</stop>
    <stop arrival="0:09" departure="0:09">Hesjaholtet</stop>
    <stop arrival="0:10" departure="0:10">Allestadhaugen</stop>
    <stop arrival="0:10" departure="0:10">Allestadveien</stop>
    <stop arrival="0:12" departure="0:12">Myrholtet</stop>
    <stop arrival="0:12" departure="0:12">Krokatjønnveien</stop>
    <stop arrival="0:13" departure="0:13">St.Hanshaugen</stop>
    <stop arrival="0:14" departure="0:14">Skarphaugen</stop>
    <stop arrival="0:15" departure="0:15">Oasen Terminal</stop>
    <stop arrival="0:17" departure="0:17">Løvås</stop>
    <stop arrival="0:19" departure="0:19">Løvåsveien</stop>
    <stop arrival="0:20" departure="0:20">Seljedalen skole</stop>
    <stop arrival="0:20" departure="0:20">Vestlund beh.sent.</stop>
    <stop arrival="0:20" departure="0:20">Storhammeren (Betanien)</stop>
    <stop arrival="0:21" departure="0:21">Vestlundveien</stop>
    <stop arrival="0:25" departure="0:25">Gyldenpris</stop>
    <stop arrival="0:27" departure="0:27">Møhlenpris v/ Industrihuset</stop>
    <stop arrival="0:29" departure="0:29">Nøstet</stop>
    <stop arrival="0:31" departure="0:31">Strandgaten (Svaneapoteket)</stop>
    <stop arrival="0:33" departure="0:33">Småstrandgaten</stop>
    <stop arrival="0:34" departure="0:34">Nygaten</stop>
    <stop arrival="0:35" departure="0:35">Statsporten (jernbanen)</stop>
    <stop arrival="0:38" departure="0:38">Kalfarlien</stop>
    <stop arrival="0:39" departure="0:39">Kalvedalsveien</stop>
    <stop arrival="0:40" departure="0:40">Svartediksveien</stop>
    <stop arrival="0:41" departure="0:41">Statsarkivet</stop>
    <stop arrival="0:42" departure="0:42">Haraldsplass sykehus</stop>
    <stop arrival="0:43" departure="0:43">Haukeland sykehus nord</stop>
    <stop arrival="0:45" departure="0:45">Haukeland sykehus sør</stop>
    <stop arrival="0:46" departure="0:46">Fridalen</stop>
    <stop arrival="0:47" departure="0:47">Langhaugen</stop>
    <stop arrival="0:49" departure="0:49">Lærerskolen, Landås</stop>
    <stop arrival="0:50" departure="0:50">Lægdene</stop>
    <stop arrival="0:50" departure="0:50">Lægdenesvingen</stop>
    <stop arrival="0:51" departure="0:51">Montana</stop>
    <stop arrival="0:52" departure="0:52">Sollien v/nr. 57</stop>
    <stop arrival="0:52" departure="0:52">Sollien v/nr. 87</stop>
    <stop arrival="0:53" departure="0:53">Sollien v/nr. 126</stop>
    <stop arrival="0:53" departure="0:53">Kanonhaugen</stop>
    <stop arrival="0:54" departure="0:54">Kolstien</stop>
    <stop arrival="0:54" departure="0:54">Strimmelen</stop>
    <stop arrival="0:55">Mannsverk vognstasjon</stop>
  </route>
  <route no="31" destination="Mannsverk vognstasjon" url="http://www.web2051.no/bin/tp/zuginfo.exe/on/683112/232131/254666/100379/1/" trafficDays="kjører Sø, ikke 2. Mai">
    <stop departure="0:15" routeNo="31">Varden</stop>
    <stop arrival="0:16" departure="0:16">Vardeveien</stop>
    <stop arrival="0:16" departure="0:16">Vardesvingen</stop>
    <stop arrival="0:17" departure="0:17">Varden skole</stop>
    <stop arrival="0:18" departure="0:18">Allestadveien</stop>
    <stop arrival="0:18" departure="0:18">Allestadhaugen</stop>
    <stop arrival="0:19" departure="0:19">Hesjaholtet</stop>
    <stop arrival="0:20" departure="0:20">Allestadhaugen</stop>
    <stop arrival="0:20" departure="0:20">Allestadveien</stop>
    <stop arrival="0:22" departure="0:22">Myrholtet</stop>
    <stop arrival="0:22" departure="0:22">Krokatjønnveien</stop>
    <stop arrival="0:23" departure="0:23">St.Hanshaugen</stop>
    <stop arrival="0:24" departure="0:24">Skarphaugen</stop>
    <stop arrival="0:25" departure="0:25">Oasen Terminal</stop>
    <stop arrival="0:26" departure="0:26">Løvås</stop>
    <stop arrival="0:26" departure="0:26">Nebbeveien</stop>
    <stop arrival="0:27" departure="0:27">Hamregården</stop>
    <stop arrival="0:28" departure="0:28">Sikthaugen</stop>
    <stop arrival="0:32" departure="0:32">Gyldenpris</stop>
    <stop arrival="0:34" departure="0:34">Møhlenpris v/ Industrihuset</stop>
    <stop arrival="0:36" departure="0:36">Nøstet</stop>
    <stop arrival="0:40" departure="0:40">Strandgaten (Svaneapoteket)</stop>
    <stop arrival="0:42" departure="0:42">Småstrandgaten</stop>
    <stop arrival="0:43" departure="0:43">Nygaten</stop>
    <stop arrival="0:44" departure="0:44">Statsporten (jernbanen)</stop>
    <stop arrival="0:47" departure="0:47">Kalfarlien</stop>
    <stop arrival="0:48" departure="0:48">Kalvedalsveien</stop>
    <stop arrival="0:49" departure="0:49">Svartediksveien</stop>
    <stop arrival="0:50" departure="0:50">Statsarkivet</stop>
    <stop arrival="0:51" departure="0:51">Haraldsplass sykehus</stop>
    <stop arrival="0:52" departure="0:52">Haukeland sykehus nord</stop>
    <stop arrival="0:54" departure="0:54">Haukeland sykehus sør</stop>
    <stop arrival="0:55" departure="0:55">Fridalen</stop>
    <stop arrival="0:56" departure="0:56">Langhaugen</stop>
    <stop arrival="0:58" departure="0:58">Lærerskolen, Landås</stop>
    <stop arrival="0:59" departure="0:59">Lægdene</stop>
    <stop arrival="1:00" departure="1:00">Lægdenesvingen</stop>
    <stop arrival="1:00" departure="1:00">Montana</stop>
    <stop arrival="1:01" departure="1:01">Sollien v/nr. 57</stop>
    <stop arrival="1:02" departure="1:02">Sollien v/nr. 87</stop>
    <stop arrival="1:02" departure="1:02">Sollien v/nr. 126</stop>
    <stop arrival="1:03" departure="1:03">Kanonhaugen</stop>
    <stop arrival="1:03" departure="1:03">Kolstien</stop>
    <stop arrival="1:04" departure="1:04">Strimmelen</stop>
    <stop arrival="1:05">Mannsverk vognstasjon</stop>
  </route>
  <route no="31" destination="Mannsverk vognstasjon" url="http://www.web2051.no/bin/tp/zuginfo.exe/on/598062/203762/268110/65299/1/" trafficDays="kjører Ma, også 2., 14., 18., 25. Mai">
    <stop departure="0:20" routeNo="31">Varden</stop>
    <stop arrival="0:21" departure="0:21">Vardeveien</stop>
    <stop arrival="0:21" departure="0:21">Vardesvingen</stop>
    <stop arrival="0:22" departure="0:22">Varden skole</stop>
    <stop arrival="0:23" departure="0:23">Allestadveien</stop>
    <stop arrival="0:23" departure="0:23">Allestadhaugen</stop>
    <stop arrival="0:24" departure="0:24">Hesjaholtet</stop>
    <stop arrival="0:25" departure="0:25">Allestadhaugen</stop>
    <stop arrival="0:25" departure="0:25">Allestadveien</stop>
    <stop arrival="0:27" departure="0:27">Myrholtet</stop>
    <stop arrival="0:27" departure="0:27">Krokatjønnveien</stop>
    <stop arrival="0:28" departure="0:28">St.Hanshaugen</stop>
    <stop arrival="0:29" departure="0:29">Skarphaugen</stop>
    <stop arrival="0:30" departure="0:30">Oasen Terminal</stop>
    <stop arrival="0:31" departure="0:31">Løvås</stop>
    <stop arrival="0:31" departure="0:31">Nebbeveien</stop>
    <stop arrival="0:31" departure="0:31">Hamregården</stop>
    <stop arrival="0:32" departure="0:32">Sikthaugen</stop>
    <stop arrival="0:35" departure="0:35">Gyldenpris</stop>
    <stop arrival="0:37" departure="0:37">Møhlenpris v/ Industrihuset</stop>
    <stop arrival="0:40" departure="0:40">Nøstet</stop>
    <stop arrival="0:40" departure="0:40">Strandgaten (Svaneapoteket)</stop>
    <stop arrival="0:42" departure="0:42">Småstrandgaten</stop>
    <stop arrival="0:43" departure="0:43">Nygaten</stop>
    <stop arrival="0:45" departure="0:45">Statsporten (jernbanen)</stop>
    <stop arrival="0:47" departure="0:47">Kalfarlien</stop>
    <stop arrival="0:48" departure="0:48">Kalvedalsveien</stop>
    <stop arrival="0:50" departure="0:50">Svartediksveien</stop>
    <stop arrival="0:51" departure="0:51">Statsarkivet</stop>
    <stop arrival="0:52" departure="0:52">Haraldsplass sykehus</stop>
    <stop arrival="0:53" departure="0:53">Haukeland sykehus nord</stop>
    <stop arrival="0:55" departure="0:55">Haukeland sykehus sør</stop>
    <stop arrival="0:57" departure="0:57">Fridalen</stop>
    <stop arrival="0:58" departure="0:58">Langhaugen</stop>
    <stop arrival="1:00" departure="1:00">Lærerskolen, Landås</stop>
    <stop arrival="1:02" departure="1:02">Lægdene</stop>
    <stop arrival="1:03" departure="1:03">Lægdenesvingen</stop>
    <stop arrival="1:04" departure="1:04">Montana</stop>
    <stop arrival="1:04" departure="1:04">Sollien v/nr. 57</stop>
    <stop arrival="1:06" departure="1:06">Sollien v/nr. 87</stop>
    <stop arrival="1:06" departure="1:06">Sollien v/nr. 126</stop>
    <stop arrival="1:07" departure="1:07">Kanonhaugen</stop>
    <stop arrival="1:08" departure="1:08">Kolstien</stop>
    <stop arrival="1:09" departure="1:09">Strimmelen</stop>
    <stop arrival="1:10">Mannsverk vognstasjon</stop>
  </route>
  <route no="31" destination="Mannsverk vognstasjon" url="http://www.web2051.no/bin/tp/zuginfo.exe/on/226188/79861/214776/31993/1/" trafficDays="kjører Ti - Lø, ikke 14., 18., 25. Mai">
    <stop departure="0:30" routeNo="31">Varden</stop>
    <stop arrival="0:31" departure="0:31">Vardeveien</stop>
    <stop arrival="0:31" departure="0:31">Vardesvingen</stop>
    <stop arrival="0:32" departure="0:32">Varden skole</stop>
    <stop arrival="0:33" departure="0:33">Allestadveien</stop>
    <stop arrival="0:33" departure="0:33">Allestadhaugen</stop>
    <stop arrival="0:34" departure="0:34">Hesjaholtet</stop>
    <stop arrival="0:35" departure="0:35">Allestadhaugen</stop>
    <stop arrival="0:35" departure="0:35">Allestadveien</stop>
    <stop arrival="0:37" departure="0:37">Myrholtet</stop>
    <stop arrival="0:37" departure="0:37">Krokatjønnveien</stop>
    <stop arrival="0:38" departure="0:38">St.Hanshaugen</stop>
    <stop arrival="0:39" departure="0:39">Skarphaugen</stop>
    <stop arrival="0:40" departure="0:40">Oasen Terminal</stop>
    <stop arrival="0:41" departure="0:41">Løvås</stop>
    <stop arrival="0:41" departure="0:41">Nebbeveien</stop>
    <stop arrival="0:42" departure="0:42">Hamregården</stop>
    <stop arrival="0:43" departure="0:43">Sikthaugen</stop>
    <stop arrival="0:47" departure="0:47">Gyldenpris</stop>
    <stop arrival="0:49" departure="0:49">Møhlenpris v/ Industrihuset</stop>
    <stop arrival="0:51" departure="0:51">Nøstet</stop>
    <stop arrival="0:53" departure="0:53">Strandgaten (Svaneapoteket)</stop>
    <stop arrival="0:55" departure="0:55">Småstrandgaten</stop>
    <stop arrival="0:56" departure="0:56">Nygaten</stop>
    <stop arrival="0:57" departure="0:57">Statsporten (jernbanen)</stop>
    <stop arrival="1:00" departure="1:00">Kalfarlien</stop>
    <stop arrival="1:01" departure="1:01">Kalvedalsveien</stop>
    <stop arrival="1:02" departure="1:02">Svartediksveien</stop>
    <stop arrival="1:03" departure="1:03">Statsarkivet</stop>
    <stop arrival="1:04" departure="1:04">Haraldsplass sykehus</stop>
    <stop arrival="1:05" departure="1:05">Haukeland sykehus nord</stop>
    <stop arrival="1:07" departure="1:07">Haukeland sykehus sør</stop>
    <stop arrival="1:08" departure="1:08">Fridalen</stop>
    <stop arrival="1:09" departure="1:09">Langhaugen</stop>
    <stop arrival="1:11" departure="1:11">Lærerskolen, Landås</stop>
    <stop arrival="1:12" departure="1:12">Lægdene</stop>
    <stop arrival="1:12" departure="1:12">Lægdenesvingen</stop>
    <stop arrival="1:13" departure="1:13">Montana</stop>
    <stop arrival="1:14" departure="1:14">Sollien v/nr. 57</stop>
    <stop arrival="1:14" departure="1:14">Sollien v/nr. 87</stop>
    <stop arrival="1:15" departure="1:15">Sollien v/nr. 126</stop>
    <stop arrival="1:15" departure="1:15">Kanonhaugen</stop>
    <stop arrival="1:16" departure="1:16">Kolstien</stop>
    <stop arrival="1:16" departure="1:16">Strimmelen</stop>
    <stop arrival="1:17">Mannsverk vognstasjon</stop>
  </route>
</routes>
