<?xml version="1.0" encoding="UTF-8"?>
<routes>
  <route no="20" destination="Rådal ved Lagunen" url="http://www.web2051.no/bin/tp/zuginfo.exe/on/868146/293242/213676/182544/1/" trafficDays="kjører Ma - Fr, ikke 13., 17., 24. Mai">
    <stop departure="10:00" routeNo="20">Fanahammeren</stop>
    <stop arrival="10:01" departure="10:01">Volladalen</stop>
    <stop arrival="10:01" departure="10:01">Vollaskiftet</stop>
    <stop arrival="10:02" departure="10:02">Gaia Fana</stop>
    <stop arrival="10:04" departure="10:04">Fana kirke</stop>
    <stop arrival="10:04" departure="10:04">Norheimsveien</stop>
    <stop arrival="10:05" departure="10:05">Kvernabekkvegen</stop>
    <stop arrival="10:06" departure="10:06">Titlestad</stop>
    <stop arrival="10:06" departure="10:06">Rydland (Titlestad, Fana)</stop>
    <stop arrival="10:07" departure="10:07">Øvre Titlestad</stop>
    <stop arrival="10:08" departure="10:08">Bergheim</stop>
    <stop arrival="10:08" departure="10:08">Bergheim</stop>
    <stop arrival="10:10" departure="10:10">Hordnesskiftet Stend</stop>
    <stop arrival="10:11" departure="10:11">Steinknuseverket</stop>
    <stop arrival="10:12" departure="10:12">Rådalshaug</stop>
    <stop arrival="10:13" departure="10:13">Sunea</stop>
    <stop arrival="10:14" departure="10:14">Rådal</stop>
    <stop arrival="10:15">Rådal ved Lagunen</stop>
  </route>
  <route no="20" destination="Rådal ved Lagunen" url="http://www.web2051.no/bin/tp/zuginfo.exe/on/12603/7982/516940/254270/1/" trafficDays="kjører Lø, ikke 1. Mai">
    <stop departure="10:03" routeNo="20">Gaia Fana</stop>
    <stop departure="10:05">Fana kirke</stop>
    <stop arrival="10:05" departure="10:05">Norheimsveien</stop>
    <stop arrival="10:06" departure="10:06">Kvernabekkvegen</stop>
    <stop arrival="10:07" departure="10:07">Titlestad</stop>
    <stop arrival="10:07" departure="10:07">Rydland (Titlestad, Fana)</stop>
    <stop arrival="10:08" departure="10:08">Øvre Titlestad</stop>
    <stop arrival="10:09" departure="10:09">Bergheim</stop>
    <stop arrival="10:09" departure="10:09">Bergheim</stop>
    <stop arrival="10:11" departure="10:11">Hordnesskiftet Stend</stop>
    <stop arrival="10:12" departure="10:12">Steinknuseverket</stop>
    <stop arrival="10:12" departure="10:12">Rådalshaug</stop>
    <stop arrival="10:13" departure="10:13">Sunea</stop>
    <stop arrival="10:14" departure="10:14">Rådal</stop>
    <stop arrival="10:15">Rådal ved Lagunen</stop>
  </route>
  <route no="20" destination="Rådal ved Lagunen" url="http://www.web2051.no/bin/tp/zuginfo.exe/on/537276/182952/706636/174226/1/" trafficDays="kjører Ma - Fr, ikke 13., 17., 24. Mai">
    <stop departure="10:00" routeNo="20">Fanahammeren</stop>
    <stop arrival="10:01" departure="10:01">Volladalen</stop>
    <stop arrival="10:01" departure="10:01">Vollaskiftet</stop>
    <stop arrival="10:02" departure="10:02">Gaia Fana</stop>
    <stop arrival="10:04" departure="10:04">Fana kirke</stop>
    <stop arrival="10:04" departure="10:04">Norheimsveien</stop>
    <stop arrival="10:05" departure="10:05">Kvernabekkvegen</stop>
    <stop arrival="10:06" departure="10:06">Titlestad</stop>
    <stop arrival="10:06" departure="10:06">Rydland (Titlestad, Fana)</stop>
    <stop arrival="10:07" departure="10:07">Øvre Titlestad</stop>
    <stop arrival="10:08" departure="10:08">Bergheim</stop>
    <stop arrival="10:08" departure="10:08">Bergheim</stop>
    <stop arrival="10:10" departure="10:10">Hordnesskiftet Stend</stop>
    <stop arrival="10:11" departure="10:11">Steinknuseverket</stop>
    <stop arrival="10:12" departure="10:12">Rådalshaug</stop>
    <stop arrival="10:13" departure="10:13">Sunea</stop>
    <stop arrival="10:14" departure="10:14">Rådal</stop>
    <stop arrival="10:15">Rådal ved Lagunen</stop>
  </route>
  <route no="20" destination="Rådal ved Lagunen" url="http://www.web2051.no/bin/tp/zuginfo.exe/on/544986/185443/292144/35591/1/" trafficDays="kjører Lø, ikke 1. Mai">
    <stop departure="10:03" routeNo="20">Gaia Fana</stop>
    <stop departure="10:05">Fana kirke</stop>
    <stop arrival="10:05" departure="10:05">Norheimsveien</stop>
    <stop arrival="10:06" departure="10:06">Kvernabekkvegen</stop>
    <stop arrival="10:07" departure="10:07">Titlestad</stop>
    <stop arrival="10:07" departure="10:07">Rydland (Titlestad, Fana)</stop>
    <stop arrival="10:08" departure="10:08">Øvre Titlestad</stop>
    <stop arrival="10:09" departure="10:09">Bergheim</stop>
    <stop arrival="10:09" departure="10:09">Bergheim</stop>
    <stop arrival="10:11" departure="10:11">Hordnesskiftet Stend</stop>
    <stop arrival="10:12" departure="10:12">Steinknuseverket</stop>
    <stop arrival="10:12" departure="10:12">Rådalshaug</stop>
    <stop arrival="10:13" departure="10:13">Sunea</stop>
    <stop arrival="10:14" departure="10:14">Rådal</stop>
    <stop arrival="10:15">Rådal ved Lagunen</stop>
  </route>
  <route no="560" destination="Nesttun terminal" url="http://www.web2051.no/bin/tp/zuginfo.exe/on/620001/212168/445992/16329/1/" trafficDays="kjører Sø, også 1., 13., 17., 24. Mai">
    <stop departure="10:20" routeNo="560">Krokeide Yrkesskole</stop>
    <stop arrival="10:21" departure="10:21">Krokeide krysset</stop>
    <stop arrival="10:21" departure="10:21">Krokeide</stop>
    <stop arrival="10:22" departure="10:22">Krokeide</stop>
    <stop arrival="10:23" departure="10:23">Krokeide skole 2</stop>
    <stop arrival="10:24" departure="10:24">Breivik (Fana)</stop>
    <stop arrival="10:25" departure="10:25">Rød, Krokeideveien</stop>
    <stop arrival="10:26" departure="10:26">Rød, Krokeideveien</stop>
    <stop arrival="10:27" departure="10:27">Salbu</stop>
    <stop arrival="10:28" departure="10:28">Saganeset 2</stop>
    <stop arrival="10:28" departure="10:28">Saganeset 1</stop>
    <stop arrival="10:28" departure="10:28">Fossen</stop>
    <stop arrival="10:29" departure="10:29">Vollaskiftet</stop>
    <stop arrival="10:30" departure="10:30">Gaia Fana</stop>
    <stop arrival="10:32" departure="10:32">Fana kirke</stop>
    <stop arrival="10:32" departure="10:32">Norheimsveien</stop>
    <stop arrival="10:33" departure="10:33">Kvernabekkvegen</stop>
    <stop arrival="10:34" departure="10:34">Titlestad</stop>
    <stop arrival="10:34" departure="10:34">Rydland (Titlestad, Fana)</stop>
    <stop arrival="10:35" departure="10:35">Øvre Titlestad</stop>
    <stop arrival="10:36" departure="10:36">Bergheim</stop>
    <stop arrival="10:36" departure="10:36">Bergheim</stop>
    <stop arrival="10:38" departure="10:38">Hordnesskiftet Stend</stop>
    <stop arrival="10:39" departure="10:39">Steinknuseverket</stop>
    <stop arrival="10:39" departure="10:39">Rådalshaug</stop>
    <stop arrival="10:40" departure="10:40">Sunea</stop>
    <stop arrival="10:41" departure="10:41">Rådal</stop>
    <stop arrival="10:42" departure="10:42">Rådal ved Lagunen</stop>
    <stop arrival="10:45" departure="10:45">Skjold skole</stop>
    <stop arrival="10:47" departure="10:47">Mårdalen</stop>
    <stop arrival="10:48" departure="10:48">Nesttunbrekka</stop>
    <stop arrival="10:48" departure="10:48">Skjoldskiftet</stop>
    <stop arrival="10:49" departure="10:49">Nesttun</stop>
    <stop arrival="10:50">Nesttun terminal</stop>
  </route>
  <route no="560" destination="Krokeide Yrkesskole" url="http://www.web2051.no/bin/tp/zuginfo.exe/on/396795/137778/282848/9160/1/" trafficDays="kjører Lø, ikke 1. Mai">
    <stop departure="10:00" routeNo="560">Bergen Busstasjon</stop>
    <stop arrival="10:04" departure="10:04">Danmarksplass</stop>
    <stop arrival="10:05" departure="10:05">Solheimsgaten</stop>
    <stop arrival="10:06" departure="10:06">Reperbanen</stop>
    <stop arrival="10:08" departure="10:08">Fjøsangerveien/ Minde Allè</stop>
    <stop arrival="10:11" departure="10:11">Minde</stop>
    <stop arrival="10:12" departure="10:12">Elvebakken</stop>
    <stop arrival="10:12" departure="10:12">Storetveit</stop>
    <stop arrival="10:12" departure="10:12">Fantoft</stop>
    <stop arrival="10:13" departure="10:13">Nydalen</stop>
    <stop arrival="10:14" departure="10:14">Paradis</stop>
    <stop arrival="10:15" departure="10:15">Tveiteråsskiftet</stop>
    <stop arrival="10:16" departure="10:16">Hopsbro</stop>
    <stop arrival="10:18" departure="10:18">Hopstangen</stop>
    <stop arrival="10:19" departure="10:19">Nesttun terminal</stop>
    <stop arrival="10:21" departure="10:21">Nesttun</stop>
    <stop arrival="10:24" departure="10:24">Skjoldskiftet</stop>
    <stop arrival="10:24" departure="10:24">Nesttunbrekka</stop>
    <stop arrival="10:25" departure="10:25">Mårdalen</stop>
    <stop arrival="10:25" departure="10:25">Skjoldhøgda</stop>
    <stop arrival="10:25" departure="10:25">Skjold skole</stop>
    <stop arrival="10:26" departure="10:26">Lagunen</stop>
    <stop arrival="10:27" departure="10:27">Rådal</stop>
    <stop arrival="10:28" departure="10:28">Sunea</stop>
    <stop arrival="10:28" departure="10:28">Rådalshaug</stop>
    <stop arrival="10:28" departure="10:28">Steinknuseverket</stop>
    <stop arrival="10:29" departure="10:29">Hordnesskiftet Stend</stop>
    <stop arrival="10:30" departure="10:30">Konowskiftet</stop>
    <stop arrival="10:31" departure="10:31">Krykkjehaugen</stop>
    <stop arrival="10:32" departure="10:32">Fana</stop>
    <stop arrival="10:32" departure="10:32">Gaia Fana</stop>
    <stop arrival="10:33" departure="10:33">Vollaskiftet</stop>
    <stop arrival="10:34" departure="10:34">Fossen</stop>
    <stop arrival="10:34" departure="10:34">Saganeset 1</stop>
    <stop arrival="10:34" departure="10:34">Saganeset 2</stop>
    <stop arrival="10:35" departure="10:35">Salbu</stop>
    <stop arrival="10:36" departure="10:36">Rød, Krokeideveien</stop>
    <stop arrival="10:37" departure="10:37">Rød, Krokeideveien</stop>
    <stop arrival="10:38" departure="10:38">Breivik (Fana)</stop>
    <stop arrival="10:39" departure="10:39">Krokeide skole 1</stop>
    <stop arrival="10:39" departure="10:39">Krokeide skole 2</stop>
    <stop arrival="10:40" departure="10:40">Krokeide</stop>
    <stop arrival="10:41" departure="10:41">Krokeide</stop>
    <stop arrival="10:41" departure="10:41">Krokeide krysset</stop>
    <stop arrival="10:42">Krokeide Yrkesskole</stop>
  </route>
  <route no="560" destination="Krokeide Yrkesskole" url="http://www.web2051.no/bin/tp/zuginfo.exe/on/681105/232548/543666/44799/1/" trafficDays="kjører Lø, ikke 1. Mai">
    <stop departure="10:00" routeNo="560">Bergen Busstasjon</stop>
    <stop arrival="10:04" departure="10:04">Danmarksplass</stop>
    <stop arrival="10:05" departure="10:05">Solheimsgaten</stop>
    <stop arrival="10:06" departure="10:06">Reperbanen</stop>
    <stop arrival="10:08" departure="10:08">Fjøsangerveien/ Minde Allè</stop>
    <stop arrival="10:11" departure="10:11">Minde</stop>
    <stop arrival="10:12" departure="10:12">Elvebakken</stop>
    <stop arrival="10:12" departure="10:12">Storetveit</stop>
    <stop arrival="10:12" departure="10:12">Fantoft</stop>
    <stop arrival="10:13" departure="10:13">Nydalen</stop>
    <stop arrival="10:14" departure="10:14">Paradis</stop>
    <stop arrival="10:15" departure="10:15">Tveiteråsskiftet</stop>
    <stop arrival="10:16" departure="10:16">Hopsbro</stop>
    <stop arrival="10:18" departure="10:18">Hopstangen</stop>
    <stop arrival="10:19" departure="10:19">Nesttun terminal</stop>
    <stop arrival="10:21" departure="10:21">Nesttun</stop>
    <stop arrival="10:24" departure="10:24">Skjoldskiftet</stop>
    <stop arrival="10:24" departure="10:24">Nesttunbrekka</stop>
    <stop arrival="10:25" departure="10:25">Mårdalen</stop>
    <stop arrival="10:25" departure="10:25">Skjoldhøgda</stop>
    <stop arrival="10:25" departure="10:25">Skjold skole</stop>
    <stop arrival="10:26" departure="10:26">Lagunen</stop>
    <stop arrival="10:27" departure="10:27">Rådal</stop>
    <stop arrival="10:28" departure="10:28">Sunea</stop>
    <stop arrival="10:28" departure="10:28">Rådalshaug</stop>
    <stop arrival="10:28" departure="10:28">Steinknuseverket</stop>
    <stop arrival="10:29" departure="10:29">Hordnesskiftet Stend</stop>
    <stop arrival="10:30" departure="10:30">Konowskiftet</stop>
    <stop arrival="10:31" departure="10:31">Krykkjehaugen</stop>
    <stop arrival="10:32" departure="10:32">Fana</stop>
    <stop arrival="10:32" departure="10:32">Gaia Fana</stop>
    <stop arrival="10:33" departure="10:33">Vollaskiftet</stop>
    <stop arrival="10:34" departure="10:34">Fossen</stop>
    <stop arrival="10:34" departure="10:34">Saganeset 1</stop>
    <stop arrival="10:34" departure="10:34">Saganeset 2</stop>
    <stop arrival="10:35" departure="10:35">Salbu</stop>
    <stop arrival="10:36" departure="10:36">Rød, Krokeideveien</stop>
    <stop arrival="10:37" departure="10:37">Rød, Krokeideveien</stop>
    <stop arrival="10:38" departure="10:38">Breivik (Fana)</stop>
    <stop arrival="10:39" departure="10:39">Krokeide skole 1</stop>
    <stop arrival="10:39" departure="10:39">Krokeide skole 2</stop>
    <stop arrival="10:40" departure="10:40">Krokeide</stop>
    <stop arrival="10:41" departure="10:41">Krokeide</stop>
    <stop arrival="10:41" departure="10:41">Krokeide krysset</stop>
    <stop arrival="10:42">Krokeide Yrkesskole</stop>
  </route>
  <route no="560" destination="Nesttun terminal" url="http://www.web2051.no/bin/tp/zuginfo.exe/on/528114/181539/502066/74995/1/" trafficDays="kjører Sø, også 1., 13., 17., 24. Mai">
    <stop departure="10:20" routeNo="560">Krokeide Yrkesskole</stop>
    <stop arrival="10:21" departure="10:21">Krokeide krysset</stop>
    <stop arrival="10:21" departure="10:21">Krokeide</stop>
    <stop arrival="10:22" departure="10:22">Krokeide</stop>
    <stop arrival="10:23" departure="10:23">Krokeide skole 2</stop>
    <stop arrival="10:24" departure="10:24">Breivik (Fana)</stop>
    <stop arrival="10:25" departure="10:25">Rød, Krokeideveien</stop>
    <stop arrival="10:26" departure="10:26">Rød, Krokeideveien</stop>
    <stop arrival="10:27" departure="10:27">Salbu</stop>
    <stop arrival="10:28" departure="10:28">Saganeset 2</stop>
    <stop arrival="10:28" departure="10:28">Saganeset 1</stop>
    <stop arrival="10:28" departure="10:28">Fossen</stop>
    <stop arrival="10:29" departure="10:29">Vollaskiftet</stop>
    <stop arrival="10:30" departure="10:30">Gaia Fana</stop>
    <stop arrival="10:32" departure="10:32">Fana kirke</stop>
    <stop arrival="10:32" departure="10:32">Norheimsveien</stop>
    <stop arrival="10:33" departure="10:33">Kvernabekkvegen</stop>
    <stop arrival="10:34" departure="10:34">Titlestad</stop>
    <stop arrival="10:34" departure="10:34">Rydland (Titlestad, Fana)</stop>
    <stop arrival="10:35" departure="10:35">Øvre Titlestad</stop>
    <stop arrival="10:36" departure="10:36">Bergheim</stop>
    <stop arrival="10:36" departure="10:36">Bergheim</stop>
    <stop arrival="10:38" departure="10:38">Hordnesskiftet Stend</stop>
    <stop arrival="10:39" departure="10:39">Steinknuseverket</stop>
    <stop arrival="10:39" departure="10:39">Rådalshaug</stop>
    <stop arrival="10:40" departure="10:40">Sunea</stop>
    <stop arrival="10:41" departure="10:41">Rådal</stop>
    <stop arrival="10:42" departure="10:42">Rådal ved Lagunen</stop>
    <stop arrival="10:45" departure="10:45">Skjold skole</stop>
    <stop arrival="10:47" departure="10:47">Mårdalen</stop>
    <stop arrival="10:48" departure="10:48">Nesttunbrekka</stop>
    <stop arrival="10:48" departure="10:48">Skjoldskiftet</stop>
    <stop arrival="10:49" departure="10:49">Nesttun</stop>
    <stop arrival="10:50">Nesttun terminal</stop>
  </route>
  <route no="20" destination="Rådal ved Lagunen" url="http://www.web2051.no/bin/tp/zuginfo.exe/on/288036/99874/52356/69834/1/" trafficDays="kjører Ma - Fr, ikke 13., 17., 24. Mai">
    <stop departure="10:33" routeNo="20">Gaia Fana</stop>
    <stop arrival="10:35" departure="10:35">Fana kirke</stop>
    <stop arrival="10:35" departure="10:35">Norheimsveien</stop>
    <stop arrival="10:36" departure="10:36">Kvernabekkvegen</stop>
    <stop arrival="10:37" departure="10:37">Titlestad</stop>
    <stop arrival="10:37" departure="10:37">Rydland (Titlestad, Fana)</stop>
    <stop arrival="10:38" departure="10:38">Øvre Titlestad</stop>
    <stop arrival="10:39" departure="10:39">Bergheim</stop>
    <stop arrival="10:39" departure="10:39">Bergheim</stop>
    <stop arrival="10:41" departure="10:41">Hordnesskiftet Stend</stop>
    <stop arrival="10:42" departure="10:42">Steinknuseverket</stop>
    <stop arrival="10:42" departure="10:42">Rådalshaug</stop>
    <stop arrival="10:43" departure="10:43">Sunea</stop>
    <stop arrival="10:44" departure="10:44">Rådal</stop>
    <stop arrival="10:45">Rådal ved Lagunen</stop>
  </route>
  <route no="560" destination="Krokeide Yrkesskole" url="http://www.web2051.no/bin/tp/zuginfo.exe/on/639327/218648/215830/105194/1/" trafficDays="kjører Ma - Fr, ikke 13., 17., 24. Mai">
    <stop departure="10:00" routeNo="560">Bergen Busstasjon</stop>
    <stop arrival="10:05" departure="10:05">Danmarksplass</stop>
    <stop arrival="10:06" departure="10:06">Solheimsgaten</stop>
    <stop arrival="10:07" departure="10:07">Reperbanen</stop>
    <stop arrival="10:09" departure="10:09">Fjøsangerveien/ Minde Allè</stop>
    <stop arrival="10:13" departure="10:13">Minde</stop>
    <stop arrival="10:14" departure="10:14">Elvebakken</stop>
    <stop arrival="10:14" departure="10:14">Storetveit</stop>
    <stop arrival="10:14" departure="10:14">Fantoft</stop>
    <stop arrival="10:15" departure="10:15">Nydalen</stop>
    <stop arrival="10:16" departure="10:16">Paradis</stop>
    <stop arrival="10:17" departure="10:17">Tveiteråsskiftet</stop>
    <stop arrival="10:18" departure="10:18">Hopsbro</stop>
    <stop arrival="10:20" departure="10:20">Hopstangen</stop>
    <stop arrival="10:21" departure="10:21">Nesttun terminal</stop>
    <stop arrival="10:23" departure="10:23">Nesttun</stop>
    <stop arrival="10:26" departure="10:26">Skjoldskiftet</stop>
    <stop arrival="10:26" departure="10:26">Nesttunbrekka</stop>
    <stop arrival="10:27" departure="10:27">Mårdalen</stop>
    <stop arrival="10:27" departure="10:27">Skjoldhøgda</stop>
    <stop arrival="10:27" departure="10:27">Skjold skole</stop>
    <stop arrival="10:28" departure="10:28">Lagunen</stop>
    <stop arrival="10:29" departure="10:29">Rådal</stop>
    <stop arrival="10:30" departure="10:30">Sunea</stop>
    <stop arrival="10:30" departure="10:30">Rådalshaug</stop>
    <stop arrival="10:30" departure="10:30">Steinknuseverket</stop>
    <stop arrival="10:31" departure="10:31">Hordnesskiftet Stend</stop>
    <stop arrival="10:32" departure="10:32">Konowskiftet</stop>
    <stop arrival="10:33" departure="10:33">Krykkjehaugen</stop>
    <stop arrival="10:34" departure="10:34">Fana</stop>
    <stop arrival="10:34" departure="10:34">Gaia Fana</stop>
    <stop arrival="10:35" departure="10:35">Vollaskiftet</stop>
    <stop arrival="10:36" departure="10:36">Fossen</stop>
    <stop arrival="10:36" departure="10:36">Saganeset 1</stop>
    <stop arrival="10:36" departure="10:36">Saganeset 2</stop>
    <stop arrival="10:37" departure="10:37">Salbu</stop>
    <stop arrival="10:38" departure="10:38">Rød, Krokeideveien</stop>
    <stop arrival="10:39" departure="10:39">Rød, Krokeideveien</stop>
    <stop arrival="10:40" departure="10:40">Breivik (Fana)</stop>
    <stop arrival="10:41" departure="10:41">Krokeide skole 1</stop>
    <stop arrival="10:41" departure="10:41">Krokeide skole 2</stop>
    <stop arrival="10:42" departure="10:42">Krokeide</stop>
    <stop arrival="10:43" departure="10:43">Krokeide</stop>
    <stop arrival="10:43" departure="10:43">Krokeide krysset</stop>
    <stop arrival="10:44">Krokeide Yrkesskole</stop>
  </route>
  <route no="560" destination="Krokeide Yrkesskole" url="http://www.web2051.no/bin/tp/zuginfo.exe/on/182820/66479/335556/106838/1/" trafficDays="kjører Ma - Fr, ikke 13., 17., 24. Mai">
    <stop departure="10:00" routeNo="560">Bergen Busstasjon</stop>
    <stop arrival="10:05" departure="10:05">Danmarksplass</stop>
    <stop arrival="10:06" departure="10:06">Solheimsgaten</stop>
    <stop arrival="10:07" departure="10:07">Reperbanen</stop>
    <stop arrival="10:09" departure="10:09">Fjøsangerveien/ Minde Allè</stop>
    <stop arrival="10:13" departure="10:13">Minde</stop>
    <stop arrival="10:14" departure="10:14">Elvebakken</stop>
    <stop arrival="10:14" departure="10:14">Storetveit</stop>
    <stop arrival="10:14" departure="10:14">Fantoft</stop>
    <stop arrival="10:15" departure="10:15">Nydalen</stop>
    <stop arrival="10:16" departure="10:16">Paradis</stop>
    <stop arrival="10:17" departure="10:17">Tveiteråsskiftet</stop>
    <stop arrival="10:18" departure="10:18">Hopsbro</stop>
    <stop arrival="10:20" departure="10:20">Hopstangen</stop>
    <stop arrival="10:21" departure="10:21">Nesttun terminal</stop>
    <stop arrival="10:23" departure="10:23">Nesttun</stop>
    <stop arrival="10:26" departure="10:26">Skjoldskiftet</stop>
    <stop arrival="10:26" departure="10:26">Nesttunbrekka</stop>
    <stop arrival="10:27" departure="10:27">Mårdalen</stop>
    <stop arrival="10:27" departure="10:27">Skjoldhøgda</stop>
    <stop arrival="10:27" departure="10:27">Skjold skole</stop>
    <stop arrival="10:28" departure="10:28">Lagunen</stop>
    <stop arrival="10:29" departure="10:29">Rådal</stop>
    <stop arrival="10:30" departure="10:30">Sunea</stop>
    <stop arrival="10:30" departure="10:30">Rådalshaug</stop>
    <stop arrival="10:30" departure="10:30">Steinknuseverket</stop>
    <stop arrival="10:31" departure="10:31">Hordnesskiftet Stend</stop>
    <stop arrival="10:32" departure="10:32">Konowskiftet</stop>
    <stop arrival="10:33" departure="10:33">Krykkjehaugen</stop>
    <stop arrival="10:34" departure="10:34">Fana</stop>
    <stop arrival="10:34" departure="10:34">Gaia Fana</stop>
    <stop arrival="10:35" departure="10:35">Vollaskiftet</stop>
    <stop arrival="10:36" departure="10:36">Fossen</stop>
    <stop arrival="10:36" departure="10:36">Saganeset 1</stop>
    <stop arrival="10:36" departure="10:36">Saganeset 2</stop>
    <stop arrival="10:37" departure="10:37">Salbu</stop>
    <stop arrival="10:38" departure="10:38">Rød, Krokeideveien</stop>
    <stop arrival="10:39" departure="10:39">Rød, Krokeideveien</stop>
    <stop arrival="10:40" departure="10:40">Breivik (Fana)</stop>
    <stop arrival="10:41" departure="10:41">Krokeide skole 1</stop>
    <stop arrival="10:41" departure="10:41">Krokeide skole 2</stop>
    <stop arrival="10:42" departure="10:42">Krokeide</stop>
    <stop arrival="10:43" departure="10:43">Krokeide</stop>
    <stop arrival="10:43" departure="10:43">Krokeide krysset</stop>
    <stop arrival="10:44">Krokeide Yrkesskole</stop>
  </route>
  <route no="20" destination="Rådal ved Lagunen" url="http://www.web2051.no/bin/tp/zuginfo.exe/on/118962/43516/832962/376827/1/" trafficDays="kjører Ma - Fr, ikke 13., 17., 24. Mai">
    <stop departure="10:33" routeNo="20">Gaia Fana</stop>
    <stop arrival="10:35" departure="10:35">Fana kirke</stop>
    <stop arrival="10:35" departure="10:35">Norheimsveien</stop>
    <stop arrival="10:36" departure="10:36">Kvernabekkvegen</stop>
    <stop arrival="10:37" departure="10:37">Titlestad</stop>
    <stop arrival="10:37" departure="10:37">Rydland (Titlestad, Fana)</stop>
    <stop arrival="10:38" departure="10:38">Øvre Titlestad</stop>
    <stop arrival="10:39" departure="10:39">Bergheim</stop>
    <stop arrival="10:39" departure="10:39">Bergheim</stop>
    <stop arrival="10:41" departure="10:41">Hordnesskiftet Stend</stop>
    <stop arrival="10:42" departure="10:42">Steinknuseverket</stop>
    <stop arrival="10:42" departure="10:42">Rådalshaug</stop>
    <stop arrival="10:43" departure="10:43">Sunea</stop>
    <stop arrival="10:44" departure="10:44">Rådal</stop>
    <stop arrival="10:45">Rådal ved Lagunen</stop>
  </route>
  <route no="566" destination="Rådal ved Lagunen" url="http://www.web2051.no/bin/tp/zuginfo.exe/on/698973/238554/580718/57368/1/" trafficDays="kjører Lø, ikke 1. Mai">
    <stop departure="10:30" routeNo="566">Eidsvik snuplass</stop>
    <stop arrival="10:31" departure="10:31">Eidsvik</stop>
    <stop arrival="10:32" departure="10:32">Drangevågen</stop>
    <stop arrival="10:33" departure="10:33">Drange handel</stop>
    <stop arrival="10:34" departure="10:34">Drange (Os)</stop>
    <stop arrival="10:35" departure="10:35">Drangshaug</stop>
    <stop arrival="10:35" departure="10:35">Bjoarvik</stop>
    <stop arrival="10:37" departure="10:37">Salbuvik</stop>
    <stop arrival="10:38" departure="10:38">Søvik Gamleskulen</stop>
    <stop arrival="10:40" departure="10:40">Lysekloster skule</stop>
    <stop arrival="10:40" departure="10:40">Søvik (Os)</stop>
    <stop arrival="10:40" departure="10:40">Søvik (Os)</stop>
    <stop arrival="10:41" departure="10:41">Søvik (Os)</stop>
    <stop arrival="10:41" departure="10:41">Buena</stop>
    <stop arrival="10:42" departure="10:42">Sørstraumen</stop>
    <stop arrival="10:43" departure="10:43">Nordstrøm</stop>
    <stop arrival="10:43" departure="10:43">Sperrevik 3</stop>
    <stop arrival="10:43" departure="10:43">Sperrevik 2</stop>
    <stop arrival="10:44" departure="10:44">Sperrevik 1</stop>
    <stop arrival="10:44" departure="10:44">Sagstad (Nordvik, Fana)</stop>
    <stop arrival="10:45" departure="10:45">Nordvik skole</stop>
    <stop arrival="10:45" departure="10:45">Nordvik 2</stop>
    <stop arrival="10:46" departure="10:46">Nordvik 1</stop>
    <stop arrival="10:48" departure="10:48">Sædal 2</stop>
    <stop arrival="10:49" departure="10:49">Sædal 1</stop>
    <stop arrival="10:50" departure="10:50">Fanafjell</stop>
    <stop arrival="10:52" departure="10:52">Rambergtunet</stop>
    <stop arrival="10:54" departure="10:54">Hamreskiftet</stop>
    <stop arrival="10:55" departure="10:55">Fana</stop>
    <stop arrival="10:56" departure="10:56">Krykkjehaugen</stop>
    <stop arrival="10:57" departure="10:57">Konowskiftet</stop>
    <stop arrival="10:58" departure="10:58">Hordnesskiftet Stend</stop>
    <stop arrival="10:58" departure="10:58">Steinknuseverket</stop>
    <stop arrival="10:59" departure="10:59">Rådalshaug</stop>
    <stop arrival="10:59" departure="10:59">Sunea</stop>
    <stop arrival="11:00" departure="11:00">Rådal</stop>
    <stop arrival="11:00">Rådal ved Lagunen</stop>
  </route>
</routes>
