<?xml version="1.0" encoding="UTF-8"?>
<routes>
  <route no="560" destination="Nesttun terminal" url="http://www.web2051.no/bin/tp/zuginfo.exe/on/93876/36793/953716/445566/1/" trafficDays="kjører Sø, også 1., 13., 17., 24. Mai">
    <stop departure="10:20" routeNo="560">Krokeide Yrkesskole</stop>
    <stop arrival="10:21" departure="10:21">Krokeide krysset</stop>
    <stop arrival="10:21" departure="10:21">Krokeide</stop>
    <stop arrival="10:22" departure="10:22">Krokeide</stop>
    <stop arrival="10:23" departure="10:23">Krokeide skole 2</stop>
    <stop arrival="10:24" departure="10:24">Breivik (Fana)</stop>
    <stop arrival="10:25" departure="10:25">Rød, Krokeideveien</stop>
    <stop arrival="10:26" departure="10:26">Rød, Krokeideveien</stop>
    <stop arrival="10:27" departure="10:27">Salbu</stop>
    <stop arrival="10:28" departure="10:28">Saganeset 2</stop>
    <stop arrival="10:28" departure="10:28">Saganeset 1</stop>
    <stop arrival="10:28" departure="10:28">Fossen</stop>
    <stop arrival="10:29" departure="10:29">Vollaskiftet</stop>
    <stop arrival="10:30" departure="10:30">Gaia Fana</stop>
    <stop arrival="10:32" departure="10:32">Fana kirke</stop>
    <stop arrival="10:32" departure="10:32">Norheimsveien</stop>
    <stop arrival="10:33" departure="10:33">Kvernabekkvegen</stop>
    <stop arrival="10:34" departure="10:34">Titlestad</stop>
    <stop arrival="10:34" departure="10:34">Rydland (Titlestad, Fana)</stop>
    <stop arrival="10:35" departure="10:35">Øvre Titlestad</stop>
    <stop arrival="10:36" departure="10:36">Bergheim</stop>
    <stop arrival="10:36" departure="10:36">Bergheim</stop>
    <stop arrival="10:38" departure="10:38">Hordnesskiftet Stend</stop>
    <stop arrival="10:39" departure="10:39">Steinknuseverket</stop>
    <stop arrival="10:39" departure="10:39">Rådalshaug</stop>
    <stop arrival="10:40" departure="10:40">Sunea</stop>
    <stop arrival="10:41" departure="10:41">Rådal</stop>
    <stop arrival="10:42" departure="10:42">Rådal ved Lagunen</stop>
    <stop arrival="10:45" departure="10:45">Skjold skole</stop>
    <stop arrival="10:47" departure="10:47">Mårdalen</stop>
    <stop arrival="10:48" departure="10:48">Nesttunbrekka</stop>
    <stop arrival="10:48" departure="10:48">Skjoldskiftet</stop>
    <stop arrival="10:49" departure="10:49">Nesttun</stop>
    <stop arrival="10:50">Nesttun terminal</stop>
  </route>
  <route no="560" destination="Krokeide Yrkesskole" url="http://www.web2051.no/bin/tp/zuginfo.exe/on/932247/316262/446906/87297/1/" trafficDays="kjører Lø, ikke 1. Mai">
    <stop departure="10:00" routeNo="560">Bergen Busstasjon</stop>
    <stop arrival="10:04" departure="10:04">Danmarksplass</stop>
    <stop arrival="10:05" departure="10:05">Solheimsgaten</stop>
    <stop arrival="10:06" departure="10:06">Reperbanen</stop>
    <stop arrival="10:08" departure="10:08">Fjøsangerveien/ Minde Allè</stop>
    <stop arrival="10:11" departure="10:11">Minde</stop>
    <stop arrival="10:12" departure="10:12">Elvebakken</stop>
    <stop arrival="10:12" departure="10:12">Storetveit</stop>
    <stop arrival="10:12" departure="10:12">Fantoft</stop>
    <stop arrival="10:13" departure="10:13">Nydalen</stop>
    <stop arrival="10:14" departure="10:14">Paradis</stop>
    <stop arrival="10:15" departure="10:15">Tveiteråsskiftet</stop>
    <stop arrival="10:16" departure="10:16">Hopsbro</stop>
    <stop arrival="10:18" departure="10:18">Hopstangen</stop>
    <stop arrival="10:19" departure="10:19">Nesttun terminal</stop>
    <stop arrival="10:21" departure="10:21">Nesttun</stop>
    <stop arrival="10:24" departure="10:24">Skjoldskiftet</stop>
    <stop arrival="10:24" departure="10:24">Nesttunbrekka</stop>
    <stop arrival="10:25" departure="10:25">Mårdalen</stop>
    <stop arrival="10:25" departure="10:25">Skjoldhøgda</stop>
    <stop arrival="10:25" departure="10:25">Skjold skole</stop>
    <stop arrival="10:26" departure="10:26">Lagunen</stop>
    <stop arrival="10:27" departure="10:27">Rådal</stop>
    <stop arrival="10:28" departure="10:28">Sunea</stop>
    <stop arrival="10:28" departure="10:28">Rådalshaug</stop>
    <stop arrival="10:28" departure="10:28">Steinknuseverket</stop>
    <stop arrival="10:29" departure="10:29">Hordnesskiftet Stend</stop>
    <stop arrival="10:30" departure="10:30">Konowskiftet</stop>
    <stop arrival="10:31" departure="10:31">Krykkjehaugen</stop>
    <stop arrival="10:32" departure="10:32">Fana</stop>
    <stop arrival="10:32" departure="10:32">Gaia Fana</stop>
    <stop arrival="10:33" departure="10:33">Vollaskiftet</stop>
    <stop arrival="10:34" departure="10:34">Fossen</stop>
    <stop arrival="10:34" departure="10:34">Saganeset 1</stop>
    <stop arrival="10:34" departure="10:34">Saganeset 2</stop>
    <stop arrival="10:35" departure="10:35">Salbu</stop>
    <stop arrival="10:36" departure="10:36">Rød, Krokeideveien</stop>
    <stop arrival="10:37" departure="10:37">Rød, Krokeideveien</stop>
    <stop arrival="10:38" departure="10:38">Breivik (Fana)</stop>
    <stop arrival="10:39" departure="10:39">Krokeide skole 1</stop>
    <stop arrival="10:39" departure="10:39">Krokeide skole 2</stop>
    <stop arrival="10:40" departure="10:40">Krokeide</stop>
    <stop arrival="10:41" departure="10:41">Krokeide</stop>
    <stop arrival="10:41" departure="10:41">Krokeide krysset</stop>
    <stop arrival="10:42">Krokeide Yrkesskole</stop>
  </route>
  <route no="560" destination="Krokeide Yrkesskole" url="http://www.web2051.no/bin/tp/zuginfo.exe/on/697107/237908/533732/34497/1/" trafficDays="kjører Ma - Fr, ikke 13., 17., 24. Mai">
    <stop departure="10:00" routeNo="560">Bergen Busstasjon</stop>
    <stop arrival="10:05" departure="10:05">Danmarksplass</stop>
    <stop arrival="10:06" departure="10:06">Solheimsgaten</stop>
    <stop arrival="10:07" departure="10:07">Reperbanen</stop>
    <stop arrival="10:09" departure="10:09">Fjøsangerveien/ Minde Allè</stop>
    <stop arrival="10:13" departure="10:13">Minde</stop>
    <stop arrival="10:14" departure="10:14">Elvebakken</stop>
    <stop arrival="10:14" departure="10:14">Storetveit</stop>
    <stop arrival="10:14" departure="10:14">Fantoft</stop>
    <stop arrival="10:15" departure="10:15">Nydalen</stop>
    <stop arrival="10:16" departure="10:16">Paradis</stop>
    <stop arrival="10:17" departure="10:17">Tveiteråsskiftet</stop>
    <stop arrival="10:18" departure="10:18">Hopsbro</stop>
    <stop arrival="10:20" departure="10:20">Hopstangen</stop>
    <stop arrival="10:21" departure="10:21">Nesttun terminal</stop>
    <stop arrival="10:23" departure="10:23">Nesttun</stop>
    <stop arrival="10:26" departure="10:26">Skjoldskiftet</stop>
    <stop arrival="10:26" departure="10:26">Nesttunbrekka</stop>
    <stop arrival="10:27" departure="10:27">Mårdalen</stop>
    <stop arrival="10:27" departure="10:27">Skjoldhøgda</stop>
    <stop arrival="10:27" departure="10:27">Skjold skole</stop>
    <stop arrival="10:28" departure="10:28">Lagunen</stop>
    <stop arrival="10:29" departure="10:29">Rådal</stop>
    <stop arrival="10:30" departure="10:30">Sunea</stop>
    <stop arrival="10:30" departure="10:30">Rådalshaug</stop>
    <stop arrival="10:30" departure="10:30">Steinknuseverket</stop>
    <stop arrival="10:31" departure="10:31">Hordnesskiftet Stend</stop>
    <stop arrival="10:32" departure="10:32">Konowskiftet</stop>
    <stop arrival="10:33" departure="10:33">Krykkjehaugen</stop>
    <stop arrival="10:34" departure="10:34">Fana</stop>
    <stop arrival="10:34" departure="10:34">Gaia Fana</stop>
    <stop arrival="10:35" departure="10:35">Vollaskiftet</stop>
    <stop arrival="10:36" departure="10:36">Fossen</stop>
    <stop arrival="10:36" departure="10:36">Saganeset 1</stop>
    <stop arrival="10:36" departure="10:36">Saganeset 2</stop>
    <stop arrival="10:37" departure="10:37">Salbu</stop>
    <stop arrival="10:38" departure="10:38">Rød, Krokeideveien</stop>
    <stop arrival="10:39" departure="10:39">Rød, Krokeideveien</stop>
    <stop arrival="10:40" departure="10:40">Breivik (Fana)</stop>
    <stop arrival="10:41" departure="10:41">Krokeide skole 1</stop>
    <stop arrival="10:41" departure="10:41">Krokeide skole 2</stop>
    <stop arrival="10:42" departure="10:42">Krokeide</stop>
    <stop arrival="10:43" departure="10:43">Krokeide</stop>
    <stop arrival="10:43" departure="10:43">Krokeide krysset</stop>
    <stop arrival="10:44">Krokeide Yrkesskole</stop>
  </route>
  <route no="560" destination="Bergen Busstasjon" url="http://www.web2051.no/bin/tp/zuginfo.exe/on/472302/162951/716374/200753/1/" trafficDays="kjører Lø, ikke 1. Mai">
    <stop departure="10:50" routeNo="560">Krokeide Yrkesskole</stop>
    <stop arrival="10:51" departure="10:51">Krokeide krysset</stop>
    <stop arrival="10:51" departure="10:51">Krokeide</stop>
    <stop arrival="10:52" departure="10:52">Krokeide</stop>
    <stop arrival="10:53" departure="10:53">Krokeide skole 2</stop>
    <stop arrival="10:54" departure="10:54">Breivik (Fana)</stop>
    <stop arrival="10:55" departure="10:55">Rød, Krokeideveien</stop>
    <stop arrival="10:56" departure="10:56">Rød, Krokeideveien</stop>
    <stop arrival="10:57" departure="10:57">Salbu</stop>
    <stop arrival="10:58" departure="10:58">Saganeset 2</stop>
    <stop arrival="10:58" departure="10:58">Saganeset 1</stop>
    <stop arrival="10:58" departure="10:58">Fossen</stop>
    <stop arrival="10:59" departure="10:59">Vollaskiftet</stop>
    <stop arrival="11:00" departure="11:00">Gaia Fana</stop>
    <stop arrival="11:00" departure="11:00">Fana</stop>
    <stop arrival="11:01" departure="11:01">Krykkjehaugen</stop>
    <stop arrival="11:02" departure="11:02">Konowskiftet</stop>
    <stop arrival="11:03" departure="11:03">Hordnesskiftet Stend</stop>
    <stop arrival="11:04" departure="11:04">Steinknuseverket</stop>
    <stop arrival="11:04" departure="11:04">Rådalshaug</stop>
    <stop arrival="11:05" departure="11:05">Sunea</stop>
    <stop arrival="11:06" departure="11:06">Rådal</stop>
    <stop arrival="11:07" departure="11:07">Rådal ved Lagunen</stop>
    <stop arrival="11:10" departure="11:10">Skjold skole</stop>
    <stop arrival="11:12" departure="11:12">Mårdalen</stop>
    <stop arrival="11:13" departure="11:13">Nesttunbrekka</stop>
    <stop arrival="11:13" departure="11:13">Skjoldskiftet</stop>
    <stop arrival="11:14" departure="11:14">Nesttun</stop>
    <stop arrival="11:15" departure="11:15">Nesttun terminal</stop>
    <stop arrival="11:17" departure="11:17">Hopsbro</stop>
    <stop arrival="11:19" departure="11:19">Tveiteråsskiftet</stop>
    <stop arrival="11:20" departure="11:20">Paradis</stop>
    <stop arrival="11:22" departure="11:22">Nydalen</stop>
    <stop arrival="11:24" departure="11:24">Fantoft</stop>
    <stop arrival="11:25" departure="11:25">Storetveit</stop>
    <stop arrival="11:25" departure="11:25">Elvebakken</stop>
    <stop arrival="11:26" departure="11:26">Minde</stop>
    <stop arrival="11:30" departure="11:30">Mindemyren</stop>
    <stop arrival="11:31" departure="11:31">Postterminalen</stop>
    <stop arrival="11:31" departure="11:31">Kanalveien v/LBK</stop>
    <stop arrival="11:33" departure="11:33">Danmarksplass v/Forum kino</stop>
    <stop arrival="11:38">Bergen Busstasjon</stop>
  </route>
  <route no="560" destination="Bergen Busstasjon" url="http://www.web2051.no/bin/tp/zuginfo.exe/on/120399/45671/155562/37649/1/" trafficDays="kjører Ma - Fr, ikke 13., 17., 24. Mai">
    <stop departure="10:50" routeNo="560">Krokeide Yrkesskole</stop>
    <stop arrival="10:51" departure="10:51">Krokeide krysset</stop>
    <stop arrival="10:51" departure="10:51">Krokeide</stop>
    <stop arrival="10:52" departure="10:52">Krokeide</stop>
    <stop arrival="10:53" departure="10:53">Krokeide skole 2</stop>
    <stop arrival="10:54" departure="10:54">Breivik (Fana)</stop>
    <stop arrival="10:55" departure="10:55">Rød, Krokeideveien</stop>
    <stop arrival="10:56" departure="10:56">Rød, Krokeideveien</stop>
    <stop arrival="10:57" departure="10:57">Salbu</stop>
    <stop arrival="10:58" departure="10:58">Saganeset 2</stop>
    <stop arrival="10:58" departure="10:58">Saganeset 1</stop>
    <stop arrival="10:58" departure="10:58">Fossen</stop>
    <stop arrival="10:59" departure="10:59">Vollaskiftet</stop>
    <stop arrival="11:00" departure="11:00">Gaia Fana</stop>
    <stop arrival="11:00" departure="11:00">Fana</stop>
    <stop arrival="11:01" departure="11:01">Krykkjehaugen</stop>
    <stop arrival="11:02" departure="11:02">Konowskiftet</stop>
    <stop arrival="11:03" departure="11:03">Hordnesskiftet Stend</stop>
    <stop arrival="11:04" departure="11:04">Steinknuseverket</stop>
    <stop arrival="11:04" departure="11:04">Rådalshaug</stop>
    <stop arrival="11:05" departure="11:05">Sunea</stop>
    <stop arrival="11:06" departure="11:06">Rådal</stop>
    <stop arrival="11:07" departure="11:07">Rådal ved Lagunen</stop>
    <stop arrival="11:12" departure="11:12">Skjold skole</stop>
    <stop arrival="11:14" departure="11:14">Mårdalen</stop>
    <stop arrival="11:15" departure="11:15">Nesttunbrekka</stop>
    <stop arrival="11:15" departure="11:15">Skjoldskiftet</stop>
    <stop arrival="11:16" departure="11:16">Nesttun</stop>
    <stop arrival="11:17" departure="11:17">Nesttun terminal</stop>
    <stop arrival="11:19" departure="11:19">Hopsbro</stop>
    <stop arrival="11:21" departure="11:21">Tveiteråsskiftet</stop>
    <stop arrival="11:22" departure="11:22">Paradis</stop>
    <stop arrival="11:24" departure="11:24">Nydalen</stop>
    <stop arrival="11:26" departure="11:26">Fantoft</stop>
    <stop arrival="11:27" departure="11:27">Storetveit</stop>
    <stop arrival="11:27" departure="11:27">Elvebakken</stop>
    <stop arrival="11:28" departure="11:28">Minde</stop>
    <stop arrival="11:31" departure="11:31">Mindemyren</stop>
    <stop arrival="11:32" departure="11:32">Postterminalen</stop>
    <stop arrival="11:33" departure="11:33">Kanalveien v/LBK</stop>
    <stop arrival="11:35" departure="11:35">Danmarksplass v/Forum kino</stop>
    <stop arrival="11:40" departure="11:40">Bergen Busstasjon</stop>
    <stop arrival="11:42" departure="11:42">Christies gate (Festplassen)</stop>
    <stop arrival="11:47">Bergen Busstasjon</stop>
  </route>
</routes>
