<?xml version="1.0" encoding="UTF-8"?>
<routes>
  <route no="80" destination="Oasen Terminal" url="http://www.web2051.no/bin/tp/zuginfo.exe/on/733518/249271/686388/98688/1/" trafficDays="kjører Sø, også 1., 13., 17., 24. Mai">
    <stop departure="10:00" routeNo="80">Flaktveit snuplass</stop>
    <stop arrival="10:01" departure="10:01">Breimyra</stop>
    <stop arrival="10:02" departure="10:02">Ulvhøyen</stop>
    <stop arrival="10:03" departure="10:03">Træsgrenda (Ulsberglia)</stop>
    <stop arrival="10:04" departure="10:04">Flaktveitsvingane</stop>
    <stop arrival="10:05" departure="10:05">Flaktveitrinden</stop>
    <stop arrival="10:07" departure="10:07">Lid (Åsane)</stop>
    <stop arrival="10:08" departure="10:08">Liakroken</stop>
    <stop arrival="10:09" departure="10:09">Industrihuset</stop>
    <stop arrival="10:10" departure="10:10">Gullgruven</stop>
    <stop arrival="10:12" departure="10:12">Nyborg</stop>
    <stop arrival="10:13" departure="10:13">Salhuskrysset</stop>
    <stop arrival="10:14" departure="10:14">Litleåskryss</stop>
    <stop arrival="10:14" departure="10:14">Rollandskrysset</stop>
    <stop arrival="10:15" departure="10:15">Åsane terminal</stop>
    <stop arrival="10:20" departure="10:20">Eidsvåg</stop>
    <stop arrival="10:22" departure="10:22">Handelshøyskolen</stop>
    <stop arrival="10:23" departure="10:23">Nyhavnsvei (Gamle Bergen)</stop>
    <stop arrival="10:24" departure="10:24">Munkebotten</stop>
    <stop arrival="10:24" departure="10:24">Ludebryggen</stop>
    <stop arrival="10:26" departure="10:26">Sandvikstorget</stop>
    <stop arrival="10:27" departure="10:27">Skutevikstorget</stop>
    <stop arrival="10:28" departure="10:28">Bontelabo</stop>
    <stop arrival="10:29" departure="10:29">Slottsgaten</stop>
    <stop arrival="10:29" departure="10:29">Bryggen</stop>
    <stop arrival="10:30" departure="10:30">Olav Kyrres gate</stop>
    <stop arrival="10:35" departure="10:35">Bergen Busstasjon</stop>
    <stop arrival="10:40" departure="10:40">Gyldenpris</stop>
    <stop arrival="10:44" departure="10:44">Løvstakktunnelen</stop>
    <stop arrival="10:44" departure="10:44">Sikthaugen</stop>
    <stop arrival="10:46" departure="10:46">Lynghaug skole</stop>
    <stop arrival="10:46" departure="10:46">Dag Hammarskjølds vei</stop>
    <stop arrival="10:47" departure="10:47">Træet (Benshaugen)</stop>
    <stop arrival="10:48" departure="10:48">Hjalmar Brantings vei</stop>
    <stop arrival="10:48" departure="10:48">Sælemyr</stop>
    <stop arrival="10:49" departure="10:49">Lyshovden skole</stop>
    <stop arrival="10:49" departure="10:49">Ortustranden</stop>
    <stop arrival="10:50" departure="10:50">Smiberget</stop>
    <stop arrival="10:51" departure="10:51">Torgny Segersteds vei</stop>
    <stop arrival="10:52" departure="10:52">Sælen skole</stop>
    <stop arrival="10:54" departure="10:54">Skarphaugen</stop>
    <stop arrival="10:55">Oasen Terminal</stop>
  </route>
  <route no="80" destination="Oasen Terminal" url="http://www.web2051.no/bin/tp/zuginfo.exe/on/985161/333167/484948/85913/1/" trafficDays="kjører Lø, ikke 1. Mai">
    <stop departure="10:00" routeNo="80">Flaktveit snuplass</stop>
    <stop arrival="10:01" departure="10:01">Breimyra</stop>
    <stop arrival="10:02" departure="10:02">Ulvhøyen</stop>
    <stop arrival="10:03" departure="10:03">Træsgrenda (Ulsberglia)</stop>
    <stop arrival="10:04" departure="10:04">Flaktveitsvingane</stop>
    <stop arrival="10:05" departure="10:05">Flaktveitrinden</stop>
    <stop arrival="10:07" departure="10:07">Lid (Åsane)</stop>
    <stop arrival="10:08" departure="10:08">Liakroken</stop>
    <stop arrival="10:09" departure="10:09">Industrihuset</stop>
    <stop arrival="10:10" departure="10:10">Gullgruven</stop>
    <stop arrival="10:12" departure="10:12">Nyborg</stop>
    <stop arrival="10:13" departure="10:13">Salhuskrysset</stop>
    <stop arrival="10:14" departure="10:14">Litleåskryss</stop>
    <stop arrival="10:14" departure="10:14">Rollandskrysset</stop>
    <stop arrival="10:15" departure="10:15">Åsane terminal</stop>
    <stop arrival="10:20" departure="10:20">Eidsvåg</stop>
    <stop arrival="10:22" departure="10:22">Handelshøyskolen</stop>
    <stop arrival="10:23" departure="10:23">Nyhavnsvei (Gamle Bergen)</stop>
    <stop arrival="10:25" departure="10:25">Munkebotten</stop>
    <stop arrival="10:25" departure="10:25">Ludebryggen</stop>
    <stop arrival="10:28" departure="10:28">Sandvikstorget</stop>
    <stop arrival="10:29" departure="10:29">Skutevikstorget</stop>
    <stop arrival="10:30" departure="10:30">Bontelabo</stop>
    <stop arrival="10:31" departure="10:31">Slottsgaten</stop>
    <stop arrival="10:32" departure="10:32">Bryggen</stop>
    <stop arrival="10:33" departure="10:33">Olav Kyrres gate</stop>
    <stop arrival="10:38" departure="10:38">Bergen Busstasjon</stop>
    <stop arrival="10:43" departure="10:43">Gyldenpris</stop>
    <stop arrival="10:47" departure="10:47">Løvstakktunnelen</stop>
    <stop arrival="10:47" departure="10:47">Sikthaugen</stop>
    <stop arrival="10:49" departure="10:49">Lynghaug skole</stop>
    <stop arrival="10:49" departure="10:49">Dag Hammarskjølds vei</stop>
    <stop arrival="10:50" departure="10:50">Træet (Benshaugen)</stop>
    <stop arrival="10:51" departure="10:51">Hjalmar Brantings vei</stop>
    <stop arrival="10:51" departure="10:51">Sælemyr</stop>
    <stop arrival="10:52" departure="10:52">Lyshovden skole</stop>
    <stop arrival="10:52" departure="10:52">Ortustranden</stop>
    <stop arrival="10:53" departure="10:53">Smiberget</stop>
    <stop arrival="10:54" departure="10:54">Torgny Segersteds vei</stop>
    <stop arrival="10:55" departure="10:55">Sælen skole</stop>
    <stop arrival="10:57" departure="10:57">Skarphaugen</stop>
    <stop arrival="10:58">Oasen Terminal</stop>
  </route>
  <route no="80" destination="Oasen Terminal" url="http://www.web2051.no/bin/tp/zuginfo.exe/on/944136/319524/800208/85400/1/" trafficDays="kjører Ma - Fr, ikke 13., 17., 24. Mai">
    <stop departure="10:10" routeNo="80">Flaktveit snuplass</stop>
    <stop arrival="10:11" departure="10:11">Breimyra</stop>
    <stop arrival="10:12" departure="10:12">Ulvhøyen</stop>
    <stop arrival="10:13" departure="10:13">Træsgrenda (Ulsberglia)</stop>
    <stop arrival="10:14" departure="10:14">Flaktveitsvingane</stop>
    <stop arrival="10:15" departure="10:15">Flaktveitrinden</stop>
    <stop arrival="10:17" departure="10:17">Lid (Åsane)</stop>
    <stop arrival="10:18" departure="10:18">Liakroken</stop>
    <stop arrival="10:19" departure="10:19">Industrihuset</stop>
    <stop arrival="10:20" departure="10:20">Gullgruven</stop>
    <stop arrival="10:22" departure="10:22">Nyborg</stop>
    <stop arrival="10:23" departure="10:23">Salhuskrysset</stop>
    <stop arrival="10:24" departure="10:24">Litleåskryss</stop>
    <stop arrival="10:24" departure="10:24">Rollandskrysset</stop>
    <stop arrival="10:25" departure="10:25">Åsane terminal</stop>
    <stop arrival="10:30" departure="10:30">Eidsvåg</stop>
    <stop arrival="10:32" departure="10:32">Handelshøyskolen</stop>
    <stop arrival="10:33" departure="10:33">Nyhavnsvei (Gamle Bergen)</stop>
    <stop arrival="10:35" departure="10:35">Munkebotten</stop>
    <stop arrival="10:36" departure="10:36">Ludebryggen</stop>
    <stop arrival="10:39" departure="10:39">Sandvikstorget</stop>
    <stop arrival="10:41" departure="10:41">Skutevikstorget</stop>
    <stop arrival="10:42" departure="10:42">Bontelabo</stop>
    <stop arrival="10:43" departure="10:43">Slottsgaten</stop>
    <stop arrival="10:44" departure="10:44">Bryggen</stop>
    <stop arrival="10:45" departure="10:45">Olav Kyrres gate</stop>
    <stop arrival="10:50" departure="10:50">Bergen Busstasjon</stop>
    <stop arrival="10:53" departure="10:53">Gyldenpris</stop>
    <stop arrival="10:57" departure="10:57">Løvstakktunnelen</stop>
    <stop arrival="10:58" departure="10:58">Sikthaugen</stop>
    <stop arrival="11:00" departure="11:00">Lynghaug skole</stop>
    <stop arrival="11:01" departure="11:01">Dag Hammarskjølds vei</stop>
    <stop arrival="11:01" departure="11:01">Træet (Benshaugen)</stop>
    <stop arrival="11:02" departure="11:02">Hjalmar Brantings vei</stop>
    <stop arrival="11:03" departure="11:03">Sælemyr</stop>
    <stop arrival="11:04" departure="11:04">Lyshovden skole</stop>
    <stop arrival="11:04" departure="11:04">Ortustranden</stop>
    <stop arrival="11:05" departure="11:05">Smiberget</stop>
    <stop arrival="11:06" departure="11:06">Torgny Segersteds vei</stop>
    <stop arrival="11:07" departure="11:07">Sælen skole</stop>
    <stop arrival="11:09" departure="11:09">Skarphaugen</stop>
    <stop arrival="11:10">Oasen Terminal</stop>
  </route>
  <route no="80" destination="Oasen Terminal" url="http://www.web2051.no/bin/tp/zuginfo.exe/on/943014/319104/792762/82043/1/" trafficDays="kjører Sø, også 1., 13., 17., 24. Mai">
    <stop departure="10:30" routeNo="80">Flaktveit snuplass</stop>
    <stop arrival="10:31" departure="10:31">Breimyra</stop>
    <stop arrival="10:32" departure="10:32">Ulvhøyen</stop>
    <stop arrival="10:33" departure="10:33">Træsgrenda (Ulsberglia)</stop>
    <stop arrival="10:34" departure="10:34">Flaktveitsvingane</stop>
    <stop arrival="10:35" departure="10:35">Flaktveitrinden</stop>
    <stop arrival="10:37" departure="10:37">Lid (Åsane)</stop>
    <stop arrival="10:38" departure="10:38">Liakroken</stop>
    <stop arrival="10:39" departure="10:39">Industrihuset</stop>
    <stop arrival="10:40" departure="10:40">Gullgruven</stop>
    <stop arrival="10:42" departure="10:42">Nyborg</stop>
    <stop arrival="10:43" departure="10:43">Salhuskrysset</stop>
    <stop arrival="10:44" departure="10:44">Litleåskryss</stop>
    <stop arrival="10:44" departure="10:44">Rollandskrysset</stop>
    <stop arrival="10:45" departure="10:45">Åsane terminal</stop>
    <stop arrival="10:50" departure="10:50">Eidsvåg</stop>
    <stop arrival="10:52" departure="10:52">Handelshøyskolen</stop>
    <stop arrival="10:53" departure="10:53">Nyhavnsvei (Gamle Bergen)</stop>
    <stop arrival="10:54" departure="10:54">Munkebotten</stop>
    <stop arrival="10:55" departure="10:55">Ludebryggen</stop>
    <stop arrival="10:57" departure="10:57">Sandvikstorget</stop>
    <stop arrival="10:59" departure="10:59">Skutevikstorget</stop>
    <stop arrival="10:59" departure="10:59">Bontelabo</stop>
    <stop arrival="11:00" departure="11:00">Slottsgaten</stop>
    <stop arrival="11:01" departure="11:01">Bryggen</stop>
    <stop arrival="11:02" departure="11:02">Olav Kyrres gate</stop>
    <stop arrival="11:07" departure="11:07">Bergen Busstasjon</stop>
    <stop arrival="11:12" departure="11:12">Gyldenpris</stop>
    <stop arrival="11:16" departure="11:16">Løvstakktunnelen</stop>
    <stop arrival="11:16" departure="11:16">Sikthaugen</stop>
    <stop arrival="11:18" departure="11:18">Lynghaug skole</stop>
    <stop arrival="11:18" departure="11:18">Dag Hammarskjølds vei</stop>
    <stop arrival="11:19" departure="11:19">Træet (Benshaugen)</stop>
    <stop arrival="11:20" departure="11:20">Hjalmar Brantings vei</stop>
    <stop arrival="11:20" departure="11:20">Sælemyr</stop>
    <stop arrival="11:21" departure="11:21">Lyshovden skole</stop>
    <stop arrival="11:21" departure="11:21">Ortustranden</stop>
    <stop arrival="11:22" departure="11:22">Smiberget</stop>
    <stop arrival="11:23" departure="11:23">Torgny Segersteds vei</stop>
    <stop arrival="11:24" departure="11:24">Sælen skole</stop>
    <stop arrival="11:26" departure="11:26">Skarphaugen</stop>
    <stop arrival="11:27">Oasen Terminal</stop>
  </route>
  <route no="80" destination="Oasen Terminal" url="http://www.web2051.no/bin/tp/zuginfo.exe/on/582858/199068/637682/124555/1/" trafficDays="kjører Lø, ikke 1. Mai">
    <stop departure="10:30" routeNo="80">Flaktveit snuplass</stop>
    <stop arrival="10:31" departure="10:31">Breimyra</stop>
    <stop arrival="10:32" departure="10:32">Ulvhøyen</stop>
    <stop arrival="10:33" departure="10:33">Træsgrenda (Ulsberglia)</stop>
    <stop arrival="10:34" departure="10:34">Flaktveitsvingane</stop>
    <stop arrival="10:35" departure="10:35">Flaktveitrinden</stop>
    <stop arrival="10:37" departure="10:37">Lid (Åsane)</stop>
    <stop arrival="10:38" departure="10:38">Liakroken</stop>
    <stop arrival="10:39" departure="10:39">Industrihuset</stop>
    <stop arrival="10:40" departure="10:40">Gullgruven</stop>
    <stop arrival="10:42" departure="10:42">Nyborg</stop>
    <stop arrival="10:43" departure="10:43">Salhuskrysset</stop>
    <stop arrival="10:44" departure="10:44">Litleåskryss</stop>
    <stop arrival="10:44" departure="10:44">Rollandskrysset</stop>
    <stop arrival="10:45" departure="10:45">Åsane terminal</stop>
    <stop arrival="10:50" departure="10:50">Eidsvåg</stop>
    <stop arrival="10:52" departure="10:52">Handelshøyskolen</stop>
    <stop arrival="10:53" departure="10:53">Nyhavnsvei (Gamle Bergen)</stop>
    <stop arrival="10:55" departure="10:55">Munkebotten</stop>
    <stop arrival="10:56" departure="10:56">Ludebryggen</stop>
    <stop arrival="10:59" departure="10:59">Sandvikstorget</stop>
    <stop arrival="11:01" departure="11:01">Skutevikstorget</stop>
    <stop arrival="11:02" departure="11:02">Bontelabo</stop>
    <stop arrival="11:03" departure="11:03">Slottsgaten</stop>
    <stop arrival="11:04" departure="11:04">Bryggen</stop>
    <stop arrival="11:05" departure="11:05">Olav Kyrres gate</stop>
    <stop arrival="11:10" departure="11:10">Bergen Busstasjon</stop>
    <stop arrival="11:15" departure="11:15">Gyldenpris</stop>
    <stop arrival="11:19" departure="11:19">Løvstakktunnelen</stop>
    <stop arrival="11:19" departure="11:19">Sikthaugen</stop>
    <stop arrival="11:21" departure="11:21">Lynghaug skole</stop>
    <stop arrival="11:21" departure="11:21">Dag Hammarskjølds vei</stop>
    <stop arrival="11:22" departure="11:22">Træet (Benshaugen)</stop>
    <stop arrival="11:23" departure="11:23">Hjalmar Brantings vei</stop>
    <stop arrival="11:23" departure="11:23">Sælemyr</stop>
    <stop arrival="11:24" departure="11:24">Lyshovden skole</stop>
    <stop arrival="11:24" departure="11:24">Ortustranden</stop>
    <stop arrival="11:25" departure="11:25">Smiberget</stop>
    <stop arrival="11:26" departure="11:26">Torgny Segersteds vei</stop>
    <stop arrival="11:27" departure="11:27">Sælen skole</stop>
    <stop arrival="11:29" departure="11:29">Skarphaugen</stop>
    <stop arrival="11:30">Oasen Terminal</stop>
  </route>
  <route no="80" destination="Oasen Terminal" url="http://www.web2051.no/bin/tp/zuginfo.exe/on/755844/256760/456394/23760/1/" trafficDays="kjører Ma - Fr, ikke 13., 17., 24. Mai">
    <stop departure="10:30" routeNo="80">Flaktveit snuplass</stop>
    <stop arrival="10:31" departure="10:31">Breimyra</stop>
    <stop arrival="10:32" departure="10:32">Ulvhøyen</stop>
    <stop arrival="10:33" departure="10:33">Træsgrenda (Ulsberglia)</stop>
    <stop arrival="10:34" departure="10:34">Flaktveitsvingane</stop>
    <stop arrival="10:35" departure="10:35">Flaktveitrinden</stop>
    <stop arrival="10:37" departure="10:37">Lid (Åsane)</stop>
    <stop arrival="10:38" departure="10:38">Liakroken</stop>
    <stop arrival="10:39" departure="10:39">Industrihuset</stop>
    <stop arrival="10:40" departure="10:40">Gullgruven</stop>
    <stop arrival="10:42" departure="10:42">Nyborg</stop>
    <stop arrival="10:43" departure="10:43">Salhuskrysset</stop>
    <stop arrival="10:44" departure="10:44">Litleåskryss</stop>
    <stop arrival="10:44" departure="10:44">Rollandskrysset</stop>
    <stop arrival="10:45" departure="10:45">Åsane terminal</stop>
    <stop arrival="10:50" departure="10:50">Eidsvåg</stop>
    <stop arrival="10:52" departure="10:52">Handelshøyskolen</stop>
    <stop arrival="10:53" departure="10:53">Nyhavnsvei (Gamle Bergen)</stop>
    <stop arrival="10:55" departure="10:55">Munkebotten</stop>
    <stop arrival="10:56" departure="10:56">Ludebryggen</stop>
    <stop arrival="10:59" departure="10:59">Sandvikstorget</stop>
    <stop arrival="11:01" departure="11:01">Skutevikstorget</stop>
    <stop arrival="11:02" departure="11:02">Bontelabo</stop>
    <stop arrival="11:03" departure="11:03">Slottsgaten</stop>
    <stop arrival="11:04" departure="11:04">Bryggen</stop>
    <stop arrival="11:05" departure="11:05">Olav Kyrres gate</stop>
    <stop arrival="11:10" departure="11:10">Bergen Busstasjon</stop>
    <stop arrival="11:13" departure="11:13">Gyldenpris</stop>
    <stop arrival="11:17" departure="11:17">Løvstakktunnelen</stop>
    <stop arrival="11:18" departure="11:18">Sikthaugen</stop>
    <stop arrival="11:20" departure="11:20">Lynghaug skole</stop>
    <stop arrival="11:21" departure="11:21">Dag Hammarskjølds vei</stop>
    <stop arrival="11:21" departure="11:21">Træet (Benshaugen)</stop>
    <stop arrival="11:22" departure="11:22">Hjalmar Brantings vei</stop>
    <stop arrival="11:23" departure="11:23">Sælemyr</stop>
    <stop arrival="11:24" departure="11:24">Lyshovden skole</stop>
    <stop arrival="11:24" departure="11:24">Ortustranden</stop>
    <stop arrival="11:25" departure="11:25">Smiberget</stop>
    <stop arrival="11:26" departure="11:26">Torgny Segersteds vei</stop>
    <stop arrival="11:27" departure="11:27">Sælen skole</stop>
    <stop arrival="11:29" departure="11:29">Skarphaugen</stop>
    <stop arrival="11:30">Oasen Terminal</stop>
  </route>
  <route no="80" destination="Oasen Terminal" url="http://www.web2051.no/bin/tp/zuginfo.exe/on/667554/227330/752034/153509/1/" trafficDays="kjører Ma - Fr, ikke 13., 17., 24. Mai">
    <stop departure="10:50" routeNo="80">Flaktveit snuplass</stop>
    <stop arrival="10:51" departure="10:51">Breimyra</stop>
    <stop arrival="10:52" departure="10:52">Ulvhøyen</stop>
    <stop arrival="10:53" departure="10:53">Træsgrenda (Ulsberglia)</stop>
    <stop arrival="10:54" departure="10:54">Flaktveitsvingane</stop>
    <stop arrival="10:55" departure="10:55">Flaktveitrinden</stop>
    <stop arrival="10:57" departure="10:57">Lid (Åsane)</stop>
    <stop arrival="10:58" departure="10:58">Liakroken</stop>
    <stop arrival="10:59" departure="10:59">Industrihuset</stop>
    <stop arrival="11:00" departure="11:00">Gullgruven</stop>
    <stop arrival="11:02" departure="11:02">Nyborg</stop>
    <stop arrival="11:03" departure="11:03">Salhuskrysset</stop>
    <stop arrival="11:04" departure="11:04">Litleåskryss</stop>
    <stop arrival="11:04" departure="11:04">Rollandskrysset</stop>
    <stop arrival="11:05" departure="11:05">Åsane terminal</stop>
    <stop arrival="11:10" departure="11:10">Eidsvåg</stop>
    <stop arrival="11:12" departure="11:12">Handelshøyskolen</stop>
    <stop arrival="11:13" departure="11:13">Nyhavnsvei (Gamle Bergen)</stop>
    <stop arrival="11:15" departure="11:15">Munkebotten</stop>
    <stop arrival="11:16" departure="11:16">Ludebryggen</stop>
    <stop arrival="11:19" departure="11:19">Sandvikstorget</stop>
    <stop arrival="11:21" departure="11:21">Skutevikstorget</stop>
    <stop arrival="11:22" departure="11:22">Bontelabo</stop>
    <stop arrival="11:23" departure="11:23">Slottsgaten</stop>
    <stop arrival="11:24" departure="11:24">Bryggen</stop>
    <stop arrival="11:25" departure="11:25">Olav Kyrres gate</stop>
    <stop arrival="11:30" departure="11:30">Bergen Busstasjon</stop>
    <stop arrival="11:33" departure="11:33">Gyldenpris</stop>
    <stop arrival="11:37" departure="11:37">Løvstakktunnelen</stop>
    <stop arrival="11:38" departure="11:38">Sikthaugen</stop>
    <stop arrival="11:40" departure="11:40">Lynghaug skole</stop>
    <stop arrival="11:41" departure="11:41">Dag Hammarskjølds vei</stop>
    <stop arrival="11:41" departure="11:41">Træet (Benshaugen)</stop>
    <stop arrival="11:42" departure="11:42">Hjalmar Brantings vei</stop>
    <stop arrival="11:43" departure="11:43">Sælemyr</stop>
    <stop arrival="11:44" departure="11:44">Lyshovden skole</stop>
    <stop arrival="11:44" departure="11:44">Ortustranden</stop>
    <stop arrival="11:45" departure="11:45">Smiberget</stop>
    <stop arrival="11:46" departure="11:46">Torgny Segersteds vei</stop>
    <stop arrival="11:47" departure="11:47">Sælen skole</stop>
    <stop arrival="11:49" departure="11:49">Skarphaugen</stop>
    <stop arrival="11:50">Oasen Terminal</stop>
  </route>
</routes>
