<?xml version="1.0" encoding="UTF-8"?>
<routes>
  <route no="30" destination="Bergen Busstasjon" url="http://www.web2051.no/bin/tp/zuginfo.exe/on/615780/209569/598290/93891/1/" trafficDays="kjører Lø, ikke 1. Mai">
    <stop departure="9:50" routeNo="30">Birkelandskrysset Terminal</stop>
    <stop arrival="9:52" departure="9:52">Birkelandsflaten</stop>
    <stop arrival="9:53" departure="9:53">Birkelandsflaten</stop>
    <stop arrival="9:53" departure="9:53">Sandslislusen</stop>
    <stop arrival="9:53" departure="9:53">Sandslisnuplass</stop>
    <stop arrival="9:54" departure="9:54">Sandsligården</stop>
    <stop arrival="9:55" departure="9:55">Statoil (Sandsli)</stop>
    <stop arrival="9:55" departure="9:55">Statoil stasjon Sandsli</stop>
    <stop arrival="9:56" departure="9:56">Hydro Sandsli</stop>
    <stop arrival="9:56" departure="9:56">Petedalsheia</stop>
    <stop arrival="9:57" departure="9:57">Fanatorget</stop>
    <stop arrival="10:01" departure="10:01">Dolvik terminal</stop>
    <stop arrival="10:01" departure="10:01">Dolvikbakken</stop>
    <stop arrival="10:02" departure="10:02">Søreide skole</stop>
    <stop arrival="10:03" departure="10:03">Søreide v/Hydrostasjonen</stop>
    <stop arrival="10:03" departure="10:03">Straume bro</stop>
    <stop arrival="10:03" departure="10:03">Bergen Motorbåtforening</stop>
    <stop arrival="10:04" departure="10:04">Sementbroen</stop>
    <stop arrival="10:05" departure="10:05">Sandeide terminal</stop>
    <stop arrival="10:07" departure="10:07">Fyllingsdalsveien v/Shell</stop>
    <stop arrival="10:09" departure="10:09">Skarphaugen</stop>
    <stop arrival="10:10" departure="10:10">Oasen Terminal</stop>
    <stop arrival="10:11" departure="10:11">Løvås</stop>
    <stop arrival="10:11" departure="10:11">Nebbeveien</stop>
    <stop arrival="10:11" departure="10:11">Hamregården</stop>
    <stop arrival="10:12" departure="10:12">Sikthaugen</stop>
    <stop arrival="10:15" departure="10:15">Gyldenpris</stop>
    <stop arrival="10:16" departure="10:16">Møhlenpris v/ Industrihuset</stop>
    <stop arrival="10:18" departure="10:18">Nygårdsgaten</stop>
    <stop arrival="10:23">Bergen Busstasjon</stop>
  </route>
  <route no="30" destination="Birkelandskrysset Terminal" url="http://www.web2051.no/bin/tp/zuginfo.exe/on/750669/254569/750612/125085/1/" trafficDays="kjører Ma - Fr, ikke 13., 17., 24. Mai">
    <stop departure="9:35" routeNo="30">Bergen Busstasjon</stop>
    <stop arrival="9:40" departure="9:40">Olav Kyrres gate</stop>
    <stop arrival="9:42" departure="9:42">Møhlenpris v/ Industrihuset</stop>
    <stop arrival="9:43" departure="9:43">Gyldenpris</stop>
    <stop arrival="9:47" departure="9:47">Løvstakktunnelen</stop>
    <stop arrival="9:47" departure="9:47">Sikthaugen</stop>
    <stop arrival="9:48" departure="9:48">Hamregården</stop>
    <stop arrival="9:48" departure="9:48">Nebbeveien</stop>
    <stop arrival="9:49" departure="9:49">Løvås</stop>
    <stop arrival="9:50" departure="9:50">Oasen Terminal</stop>
    <stop arrival="9:50" departure="9:50">Skarphaugen</stop>
    <stop arrival="9:51" departure="9:51">Fyllingdsalsveien v/Shell</stop>
    <stop arrival="9:52" departure="9:52">Sandeide terminal</stop>
    <stop arrival="9:55" departure="9:55">Bjørgeveien</stop>
    <stop arrival="9:57" departure="9:57">Sementbroen</stop>
    <stop arrival="10:00" departure="10:00">Straume bro</stop>
    <stop arrival="10:02" departure="10:02">Søreide v/Hydrostasjonen</stop>
    <stop arrival="10:02" departure="10:02">Søreide skole</stop>
    <stop arrival="10:03" departure="10:03">Grimstadskiftet</stop>
    <stop arrival="10:03" departure="10:03">Dolvik terminal</stop>
    <stop arrival="10:03" departure="10:03">Skranevegen</stop>
    <stop arrival="10:04" departure="10:04">Regnbueåsen</stop>
    <stop arrival="10:05" departure="10:05">Fanatorget</stop>
    <stop arrival="10:06" departure="10:06">Petedalsheia</stop>
    <stop arrival="10:07" departure="10:07">Hydro Sandsli</stop>
    <stop arrival="10:08" departure="10:08">Statoil (Sandsli)</stop>
    <stop arrival="10:09" departure="10:09">Sandsligården</stop>
    <stop arrival="10:10" departure="10:10">Sandslisnuplass</stop>
    <stop arrival="10:10" departure="10:10">Sandslislusen</stop>
    <stop arrival="10:12" departure="10:12">Birkelandsflaten</stop>
    <stop arrival="10:16" departure="10:16">Birkelandsflaten</stop>
    <stop arrival="10:20">Birkelandskrysset Terminal</stop>
  </route>
  <route no="30" destination="Bergen Busstasjon" url="http://www.web2051.no/bin/tp/zuginfo.exe/on/719454/244167/618940/69653/1/" trafficDays="kjører Ma - Fr, ikke 13., 17., 24. Mai">
    <stop departure="9:50" routeNo="30">Birkelandskrysset Terminal</stop>
    <stop arrival="9:52" departure="9:52">Birkelandsflaten</stop>
    <stop arrival="9:53" departure="9:53">Birkelandsflaten</stop>
    <stop arrival="9:53" departure="9:53">Sandslislusen</stop>
    <stop arrival="9:53" departure="9:53">Sandslisnuplass</stop>
    <stop arrival="9:54" departure="9:54">Sandsligården</stop>
    <stop arrival="9:55" departure="9:55">Statoil (Sandsli)</stop>
    <stop arrival="9:55" departure="9:55">Statoil stasjon Sandsli</stop>
    <stop arrival="9:56" departure="9:56">Hydro Sandsli</stop>
    <stop arrival="9:56" departure="9:56">Petedalsheia</stop>
    <stop arrival="9:57" departure="9:57">Fanatorget</stop>
    <stop arrival="10:00" departure="10:00">Regnbueåsen</stop>
    <stop arrival="10:03" departure="10:03">Skranevegen</stop>
    <stop arrival="10:03" departure="10:03">Dolvik terminal</stop>
    <stop arrival="10:03" departure="10:03">Dolvikbakken</stop>
    <stop arrival="10:04" departure="10:04">Søreide skole</stop>
    <stop arrival="10:05" departure="10:05">Søreide v/Hydrostasjonen</stop>
    <stop arrival="10:06" departure="10:06">Straume bro</stop>
    <stop arrival="10:06" departure="10:06">Bergen Motorbåtforening</stop>
    <stop arrival="10:06" departure="10:06">Sementbroen</stop>
    <stop arrival="10:08" departure="10:08">Sandeide terminal</stop>
    <stop arrival="10:10" departure="10:10">Fyllingsdalsveien v/Shell</stop>
    <stop arrival="10:12" departure="10:12">Skarphaugen</stop>
    <stop arrival="10:13" departure="10:13">Oasen Terminal</stop>
    <stop arrival="10:14" departure="10:14">Løvås</stop>
    <stop arrival="10:15" departure="10:15">Nebbeveien</stop>
    <stop arrival="10:15" departure="10:15">Hamregården</stop>
    <stop arrival="10:16" departure="10:16">Sikthaugen</stop>
    <stop arrival="10:21" departure="10:21">Gyldenpris</stop>
    <stop arrival="10:23" departure="10:23">Møhlenpris v/ Industrihuset</stop>
    <stop arrival="10:26" departure="10:26">Nygårdsgaten</stop>
    <stop arrival="10:31">Bergen Busstasjon</stop>
  </route>
  <route no="45" destination="Straume term." url="http://www.web2051.no/bin/tp/zuginfo.exe/on/618885/207934/224522/94038/1/" trafficDays="kjører Ma - Fr, ikke 13., 17., 24. Mai">
    <stop departure="9:50" routeNo="45">Flesland Flyplass</stop>
    <stop arrival="9:51" departure="9:51">Liland (Flyplassvegen)</stop>
    <stop arrival="9:53" departure="9:53">Birkelandskrysset Terminal</stop>
    <stop arrival="9:55" departure="9:55">Scandic</stop>
    <stop arrival="9:57" departure="9:57">Nera</stop>
    <stop arrival="9:59" departure="9:59">BKK , Kokstad</stop>
    <stop arrival="10:00" departure="10:00">Kokstad Bilhandel</stop>
    <stop arrival="10:02" departure="10:02">Storrinden</stop>
    <stop arrival="10:04" departure="10:04">Dolvikbakken</stop>
    <stop arrival="10:04" departure="10:04">Grimstadskiftet</stop>
    <stop arrival="10:05" departure="10:05">Søreide skole</stop>
    <stop arrival="10:06" departure="10:06">Søreide v/Hydrostasjonen</stop>
    <stop arrival="10:07" departure="10:07">Straume bro</stop>
    <stop arrival="10:07" departure="10:07">Sementbroen</stop>
    <stop arrival="10:09" departure="10:09">Sandeide terminal</stop>
    <stop arrival="10:10" departure="10:10">Sandeidet barnehage</stop>
    <stop arrival="10:10" departure="10:10">Sandeidbråtet</stop>
    <stop arrival="10:11" departure="10:11">Bjørge</stop>
    <stop arrival="10:12" departure="10:12">Kjerreidviken</stop>
    <stop arrival="10:13" departure="10:13">Bjørndalsskogen</stop>
    <stop arrival="10:14" departure="10:14">Sætermyr</stop>
    <stop arrival="10:15" departure="10:15">Ravnestølen</stop>
    <stop arrival="10:15" departure="10:15">Bjørndalstræ R557</stop>
    <stop arrival="10:17" departure="10:17">Loddefjord term.</stop>
    <stop arrival="10:19" departure="10:19">Loddefjorddalen</stop>
    <stop arrival="10:20" departure="10:20">Frida Fasmer</stop>
    <stop arrival="10:21" departure="10:21">Frida Fasmer R555</stop>
    <stop arrival="10:22" departure="10:22">Storavatnet term.</stop>
    <stop arrival="10:24" departure="10:24">Breivikskiftet</stop>
    <stop arrival="10:26" departure="10:26">Drotningsvik Rv 555</stop>
    <stop arrival="10:28" departure="10:28">Knarrevik</stop>
    <stop arrival="10:32">Straume term.</stop>
  </route>
  <route no="45" destination="Straume term." url="http://www.web2051.no/bin/tp/zuginfo.exe/on/670326/225081/573970/63547/1/" trafficDays="kjører Ma - Fr, ikke 13., 17., 24. Mai">
    <stop departure="9:50" routeNo="45">Flesland Flyplass</stop>
    <stop arrival="9:51" departure="9:51">Liland (Flyplassvegen)</stop>
    <stop arrival="9:53" departure="9:53">Birkelandskrysset Terminal</stop>
    <stop arrival="9:55" departure="9:55">Scandic</stop>
    <stop arrival="9:57" departure="9:57">Nera</stop>
    <stop arrival="9:59" departure="9:59">BKK , Kokstad</stop>
    <stop arrival="10:00" departure="10:00">Kokstad Bilhandel</stop>
    <stop arrival="10:02" departure="10:02">Storrinden</stop>
    <stop arrival="10:04" departure="10:04">Dolvikbakken</stop>
    <stop arrival="10:04" departure="10:04">Grimstadskiftet</stop>
    <stop arrival="10:05" departure="10:05">Søreide skole</stop>
    <stop arrival="10:06" departure="10:06">Søreide v/Hydrostasjonen</stop>
    <stop arrival="10:07" departure="10:07">Straume bro</stop>
    <stop arrival="10:07" departure="10:07">Sementbroen</stop>
    <stop arrival="10:09" departure="10:09">Sandeide terminal</stop>
    <stop arrival="10:10" departure="10:10">Sandeidet barnehage</stop>
    <stop arrival="10:10" departure="10:10">Sandeidbråtet</stop>
    <stop arrival="10:11" departure="10:11">Bjørge</stop>
    <stop arrival="10:12" departure="10:12">Kjerreidviken</stop>
    <stop arrival="10:13" departure="10:13">Bjørndalsskogen</stop>
    <stop arrival="10:14" departure="10:14">Sætermyr</stop>
    <stop arrival="10:15" departure="10:15">Ravnestølen</stop>
    <stop arrival="10:15" departure="10:15">Bjørndalstræ R557</stop>
    <stop arrival="10:17" departure="10:17">Loddefjord term.</stop>
    <stop arrival="10:19" departure="10:19">Loddefjorddalen</stop>
    <stop arrival="10:20" departure="10:20">Frida Fasmer</stop>
    <stop arrival="10:21" departure="10:21">Frida Fasmer R555</stop>
    <stop arrival="10:22" departure="10:22">Storavatnet term.</stop>
    <stop arrival="10:24" departure="10:24">Breivikskiftet</stop>
    <stop arrival="10:26" departure="10:26">Drotningsvik Rv 555</stop>
    <stop arrival="10:28" departure="10:28">Knarrevik</stop>
    <stop arrival="10:32">Straume term.</stop>
  </route>
  <route no="30" destination="Bergen Busstasjon" url="http://www.web2051.no/bin/tp/zuginfo.exe/on/480153/164364/62582/128760/1/" trafficDays="kjører Lø, ikke 1. Mai">
    <stop departure="10:20" routeNo="30">Birkelandskrysset Terminal</stop>
    <stop arrival="10:22" departure="10:22">Birkelandsflaten</stop>
    <stop arrival="10:23" departure="10:23">Birkelandsflaten</stop>
    <stop arrival="10:23" departure="10:23">Sandslislusen</stop>
    <stop arrival="10:23" departure="10:23">Sandslisnuplass</stop>
    <stop arrival="10:24" departure="10:24">Sandsligården</stop>
    <stop arrival="10:25" departure="10:25">Statoil (Sandsli)</stop>
    <stop arrival="10:25" departure="10:25">Statoil stasjon Sandsli</stop>
    <stop arrival="10:26" departure="10:26">Hydro Sandsli</stop>
    <stop arrival="10:26" departure="10:26">Petedalsheia</stop>
    <stop arrival="10:27" departure="10:27">Fanatorget</stop>
    <stop arrival="10:31" departure="10:31">Dolvik terminal</stop>
    <stop arrival="10:31" departure="10:31">Dolvikbakken</stop>
    <stop arrival="10:32" departure="10:32">Søreide skole</stop>
    <stop arrival="10:33" departure="10:33">Søreide v/Hydrostasjonen</stop>
    <stop arrival="10:33" departure="10:33">Straume bro</stop>
    <stop arrival="10:33" departure="10:33">Bergen Motorbåtforening</stop>
    <stop arrival="10:34" departure="10:34">Sementbroen</stop>
    <stop arrival="10:35" departure="10:35">Sandeide terminal</stop>
    <stop arrival="10:38" departure="10:38">Fyllingsdalsveien v/Shell</stop>
    <stop arrival="10:42" departure="10:42">Skarphaugen</stop>
    <stop arrival="10:43" departure="10:43">Oasen Terminal</stop>
    <stop arrival="10:44" departure="10:44">Løvås</stop>
    <stop arrival="10:44" departure="10:44">Nebbeveien</stop>
    <stop arrival="10:44" departure="10:44">Hamregården</stop>
    <stop arrival="10:45" departure="10:45">Sikthaugen</stop>
    <stop arrival="10:48" departure="10:48">Gyldenpris</stop>
    <stop arrival="10:50" departure="10:50">Møhlenpris v/ Industrihuset</stop>
    <stop arrival="10:53" departure="10:53">Nygårdsgaten</stop>
    <stop arrival="10:58">Bergen Busstasjon</stop>
  </route>
  <route no="30" destination="Birkelandskrysset Terminal" url="http://www.web2051.no/bin/tp/zuginfo.exe/on/15402/9480/463836/226787/1/" trafficDays="kjører Ma - Fr, ikke 13., 17., 24. Mai">
    <stop departure="10:05" routeNo="30">Bergen Busstasjon</stop>
    <stop arrival="10:10" departure="10:10">Olav Kyrres gate</stop>
    <stop arrival="10:12" departure="10:12">Møhlenpris v/ Industrihuset</stop>
    <stop arrival="10:13" departure="10:13">Gyldenpris</stop>
    <stop arrival="10:17" departure="10:17">Løvstakktunnelen</stop>
    <stop arrival="10:17" departure="10:17">Sikthaugen</stop>
    <stop arrival="10:18" departure="10:18">Hamregården</stop>
    <stop arrival="10:18" departure="10:18">Nebbeveien</stop>
    <stop arrival="10:19" departure="10:19">Løvås</stop>
    <stop arrival="10:20" departure="10:20">Oasen Terminal</stop>
    <stop arrival="10:20" departure="10:20">Skarphaugen</stop>
    <stop arrival="10:21" departure="10:21">Fyllingdsalsveien v/Shell</stop>
    <stop arrival="10:22" departure="10:22">Sandeide terminal</stop>
    <stop arrival="10:25" departure="10:25">Bjørgeveien</stop>
    <stop arrival="10:27" departure="10:27">Sementbroen</stop>
    <stop arrival="10:30" departure="10:30">Straume bro</stop>
    <stop arrival="10:32" departure="10:32">Søreide v/Hydrostasjonen</stop>
    <stop arrival="10:32" departure="10:32">Søreide skole</stop>
    <stop arrival="10:33" departure="10:33">Grimstadskiftet</stop>
    <stop arrival="10:33" departure="10:33">Dolvik terminal</stop>
    <stop arrival="10:33" departure="10:33">Skranevegen</stop>
    <stop arrival="10:34" departure="10:34">Regnbueåsen</stop>
    <stop arrival="10:35" departure="10:35">Fanatorget</stop>
    <stop arrival="10:36" departure="10:36">Petedalsheia</stop>
    <stop arrival="10:37" departure="10:37">Hydro Sandsli</stop>
    <stop arrival="10:38" departure="10:38">Statoil (Sandsli)</stop>
    <stop arrival="10:39" departure="10:39">Sandsligården</stop>
    <stop arrival="10:40" departure="10:40">Sandslisnuplass</stop>
    <stop arrival="10:40" departure="10:40">Sandslislusen</stop>
    <stop arrival="10:42" departure="10:42">Birkelandsflaten</stop>
    <stop arrival="10:46" departure="10:46">Birkelandsflaten</stop>
    <stop arrival="10:50">Birkelandskrysset Terminal</stop>
  </route>
  <route no="30" destination="Bergen Busstasjon" url="http://www.web2051.no/bin/tp/zuginfo.exe/on/5805/6284/383680/189907/1/" trafficDays="kjører Ma - Fr, ikke 13., 17., 24. Mai">
    <stop departure="10:20" routeNo="30">Birkelandskrysset Terminal</stop>
    <stop arrival="10:22" departure="10:22">Birkelandsflaten</stop>
    <stop arrival="10:23" departure="10:23">Birkelandsflaten</stop>
    <stop arrival="10:23" departure="10:23">Sandslislusen</stop>
    <stop arrival="10:23" departure="10:23">Sandslisnuplass</stop>
    <stop arrival="10:24" departure="10:24">Sandsligården</stop>
    <stop arrival="10:25" departure="10:25">Statoil (Sandsli)</stop>
    <stop arrival="10:25" departure="10:25">Statoil stasjon Sandsli</stop>
    <stop arrival="10:26" departure="10:26">Hydro Sandsli</stop>
    <stop arrival="10:26" departure="10:26">Petedalsheia</stop>
    <stop arrival="10:27" departure="10:27">Fanatorget</stop>
    <stop arrival="10:30" departure="10:30">Regnbueåsen</stop>
    <stop arrival="10:33" departure="10:33">Skranevegen</stop>
    <stop arrival="10:33" departure="10:33">Dolvik terminal</stop>
    <stop arrival="10:33" departure="10:33">Dolvikbakken</stop>
    <stop arrival="10:34" departure="10:34">Søreide skole</stop>
    <stop arrival="10:35" departure="10:35">Søreide v/Hydrostasjonen</stop>
    <stop arrival="10:36" departure="10:36">Straume bro</stop>
    <stop arrival="10:36" departure="10:36">Bergen Motorbåtforening</stop>
    <stop arrival="10:36" departure="10:36">Sementbroen</stop>
    <stop arrival="10:38" departure="10:38">Sandeide terminal</stop>
    <stop arrival="10:40" departure="10:40">Fyllingsdalsveien v/Shell</stop>
    <stop arrival="10:42" departure="10:42">Skarphaugen</stop>
    <stop arrival="10:43" departure="10:43">Oasen Terminal</stop>
    <stop arrival="10:44" departure="10:44">Løvås</stop>
    <stop arrival="10:45" departure="10:45">Nebbeveien</stop>
    <stop arrival="10:45" departure="10:45">Hamregården</stop>
    <stop arrival="10:46" departure="10:46">Sikthaugen</stop>
    <stop arrival="10:51" departure="10:51">Gyldenpris</stop>
    <stop arrival="10:53" departure="10:53">Møhlenpris v/ Industrihuset</stop>
    <stop arrival="10:56" departure="10:56">Nygårdsgaten</stop>
    <stop arrival="11:01">Bergen Busstasjon</stop>
  </route>
  <route no="525" destination="Milde" url="http://www.web2051.no/bin/tp/zuginfo.exe/on/862737/292943/392306/91427/1/" trafficDays="kjører Ma - Fr, ikke 13., 17., 24. Mai">
    <stop departure="10:20" routeNo="525">Bergen Busstasjon</stop>
    <stop arrival="10:25" departure="10:25">Danmarksplass</stop>
    <stop arrival="10:25" departure="10:25">Solheimsgaten</stop>
    <stop arrival="10:26" departure="10:26">Reperbanen</stop>
    <stop arrival="10:26" departure="10:26">Fjøsangerveien/ Minde Allè</stop>
    <stop arrival="10:26" departure="10:26">Kristianborg</stop>
    <stop arrival="10:27" departure="10:27">Grønnestølsbakken</stop>
    <stop arrival="10:27" departure="10:27">Fjøsanger</stop>
    <stop arrival="10:28" departure="10:28">Langegården</stop>
    <stop arrival="10:29" departure="10:29">Langebekken</stop>
    <stop arrival="10:31" departure="10:31">Kråkenes 1</stop>
    <stop arrival="10:31" departure="10:31">Kråkenes 2 (Kleiva)</stop>
    <stop arrival="10:33" departure="10:33">Bønesskiftet</stop>
    <stop arrival="10:34" departure="10:34">Bøjarnesvegen (Toftegård)</stop>
    <stop arrival="10:35" departure="10:35">Straume (Straumeveien, Fana)</stop>
    <stop arrival="10:37" departure="10:37">Sementbroen</stop>
    <stop arrival="10:38" departure="10:38">Straume bro</stop>
    <stop arrival="10:40" departure="10:40">Søreide v/Hydrostasjonen</stop>
    <stop arrival="10:40" departure="10:40">Søreide skole</stop>
    <stop arrival="10:41" departure="10:41">Grimstadskiftet</stop>
    <stop arrival="10:41" departure="10:41">Dolvik terminal</stop>
    <stop arrival="10:42" departure="10:42">Kokstad Bilhandel</stop>
    <stop arrival="10:44" departure="10:44">BKK , Kokstad</stop>
    <stop arrival="10:46" departure="10:46">Nera</stop>
    <stop arrival="10:47" departure="10:47">Scandic</stop>
    <stop arrival="10:50" departure="10:50">Birkelandskrysset Terminal</stop>
    <stop arrival="10:57" departure="10:57">Blomsterdalen</stop>
    <stop arrival="10:58" departure="10:58">Ådlandsflaten</stop>
    <stop arrival="10:59" departure="10:59">Ådlandsskiftet</stop>
    <stop arrival="11:00" departure="11:00">Kartveitskiftet</stop>
    <stop arrival="11:00" departure="11:00">Heggernesskiftet</stop>
    <stop arrival="11:02" departure="11:02">Ådlandsbro</stop>
    <stop arrival="11:02" departure="11:02">K.Kaland</stop>
    <stop arrival="11:03" departure="11:03">Hjellestadskiftet</stop>
    <stop arrival="11:04" departure="11:04">Seilforeningen</stop>
    <stop arrival="11:05" departure="11:05">Hjellestad post</stop>
    <stop arrival="11:05" departure="11:05">Hjellestad</stop>
    <stop arrival="11:05" departure="11:05">Hjellestad post</stop>
    <stop arrival="11:07" departure="11:07">Seilforeningen</stop>
    <stop arrival="11:09" departure="11:09">Hjellestadskiftet</stop>
    <stop arrival="11:09" departure="11:09">Planteskogen (Milde)</stop>
    <stop arrival="11:11" departure="11:11">Planteskogen (Milde)</stop>
    <stop arrival="11:12" departure="11:12">Grendatunvegen</stop>
    <stop arrival="11:13" departure="11:13">Geilen</stop>
    <stop arrival="11:14" departure="11:14">Fana folkehøgskole (Aboretet)</stop>
    <stop arrival="11:15">Milde</stop>
  </route>
  <route no="525" destination="Bergen Busstasjon" url="http://www.web2051.no/bin/tp/zuginfo.exe/on/810624/275573/17848/261285/1/" trafficDays="kjører Ma - Fr, ikke 13., 17., 24. Mai">
    <stop departure="10:25" routeNo="525">Milde</stop>
    <stop arrival="10:26" departure="10:26">Fana folkehøgskole (Aboretet)</stop>
    <stop arrival="10:27" departure="10:27">Geilen</stop>
    <stop arrival="10:27" departure="10:27">Grendatunvegen</stop>
    <stop arrival="10:28" departure="10:28">Planteskogen (Milde)</stop>
    <stop arrival="10:30" departure="10:30">Hjellestadskiftet</stop>
    <stop arrival="10:31" departure="10:31">Seilforeningen</stop>
    <stop arrival="10:32" departure="10:32">Hjellestad post</stop>
    <stop arrival="10:32" departure="10:32">Hjellestad</stop>
    <stop arrival="10:32" departure="10:32">Hjellestad post</stop>
    <stop arrival="10:34" departure="10:34">Seilforeningen</stop>
    <stop arrival="10:35" departure="10:35">Hjellestadskiftet</stop>
    <stop arrival="10:36" departure="10:36">K.Kaland</stop>
    <stop arrival="10:37" departure="10:37">Ådlandsbro</stop>
    <stop arrival="10:38" departure="10:38">Heggernesskiftet</stop>
    <stop arrival="10:39" departure="10:39">Kartveitskiftet</stop>
    <stop arrival="10:40" departure="10:40">Ådlandsskiftet</stop>
    <stop arrival="10:41" departure="10:41">Ådlandsflaten</stop>
    <stop arrival="10:41" departure="10:41">Blomsterdalen</stop>
    <stop arrival="10:45" departure="10:45">Birkelandskrysset Terminal</stop>
    <stop arrival="10:45" departure="10:45">Scandic</stop>
    <stop arrival="10:45" departure="10:45">Nera</stop>
    <stop arrival="10:46" departure="10:46">BKK , Kokstad</stop>
    <stop arrival="10:46" departure="10:46">Kokstad Bilhandel</stop>
    <stop arrival="10:54" departure="10:54">Dolvik terminal</stop>
    <stop arrival="10:54" departure="10:54">Dolvikbakken</stop>
    <stop arrival="10:55" departure="10:55">Søreide skole</stop>
    <stop arrival="10:56" departure="10:56">Søreide v/Hydrostasjonen</stop>
    <stop arrival="10:58" departure="10:58">Straume bro</stop>
    <stop arrival="10:58" departure="10:58">Bergen Motorbåtforening</stop>
    <stop arrival="11:00" departure="11:00">Straume (Straumeveien, Fana)</stop>
    <stop arrival="11:01" departure="11:01">Bøjarnesvegen (Toftegård)</stop>
    <stop arrival="11:01" departure="11:01">Bønesskiftet</stop>
    <stop arrival="11:03" departure="11:03">Kråkenes 2 (Kleiva)</stop>
    <stop arrival="11:03" departure="11:03">Kråkenes 1</stop>
    <stop arrival="11:04" departure="11:04">Langebekken</stop>
    <stop arrival="11:04" departure="11:04">Langegården</stop>
    <stop arrival="11:05" departure="11:05">Krambua</stop>
    <stop arrival="11:05" departure="11:05">Fjøsanger</stop>
    <stop arrival="11:09" departure="11:09">Kanalveien v/NRK</stop>
    <stop arrival="11:09" departure="11:09">Mindemyren</stop>
    <stop arrival="11:10" departure="11:10">Postterminalen</stop>
    <stop arrival="11:10" departure="11:10">Kanalveien v/LBK</stop>
    <stop arrival="11:11" departure="11:11">Danmarksplass v/Forum kino</stop>
    <stop arrival="11:16" departure="11:16">Bergen Busstasjon</stop>
    <stop arrival="11:18" departure="11:18">Christies gate (Festplassen)</stop>
    <stop arrival="11:23">Bergen Busstasjon</stop>
  </route>
</routes>
