<?xml version="1.0" encoding="UTF-8"?>
<routes>
  <route no="459" destination="Tælavåg snuplass" url="http://www.web2051.no/bin/tp/zuginfo.exe/on/485397/164046/288946/17326/1/" trafficDays="kjører Ma - Fr, ikke 13., 17., 24. Mai">
    <stop departure="10:05" routeNo="459">Straume term.</stop>
    <stop arrival="10:06" departure="10:06">Bildøy</stop>
    <stop arrival="10:09" departure="10:09">Fjell Blommen</stop>
    <stop arrival="10:09" departure="10:09">Fjell Heljedalen</stop>
    <stop arrival="10:10" departure="10:10">Fjell</stop>
    <stop arrival="10:10" departure="10:10">Fjell kyrkje</stop>
    <stop arrival="10:10" departure="10:10">Fjell Leite</stop>
    <stop arrival="10:11" departure="10:11">Fjell Søre</stop>
    <stop arrival="10:11" departure="10:11">Fjell Podlagrinda</stop>
    <stop arrival="10:12" departure="10:12">Fjell Krossleite</stop>
    <stop arrival="10:12" departure="10:12">Fjell søre Krossleite</stop>
    <stop arrival="10:13" departure="10:13">Tellnesskogen</stop>
    <stop arrival="10:14" departure="10:14">Tellnes Bruabrekko</stop>
    <stop arrival="10:15" departure="10:15">Tellnesskiftet</stop>
    <stop arrival="10:15" departure="10:15">Tellnes skule</stop>
    <stop arrival="10:17" departure="10:17">Dala (Fjell)</stop>
    <stop arrival="10:17" departure="10:17">Dala (Fjell)</stop>
    <stop arrival="10:18" departure="10:18">Dalseide (Fjell)</stop>
    <stop arrival="10:23" departure="10:23">Trengereid Slettebakken (Fjell</stop>
    <stop arrival="10:24" departure="10:24">Trengereid (Fjell)</stop>
    <stop arrival="10:25" departure="10:25">Skogsskiftet term.</stop>
    <stop arrival="10:28" departure="10:28">Hammersland (Sund)</stop>
    <stop arrival="10:28" departure="10:28">Hammersland (Sund)</stop>
    <stop arrival="10:29" departure="10:29">Eidesjøen Tveitaneset</stop>
    <stop arrival="10:30" departure="10:30">Eidesjøen</stop>
    <stop arrival="10:31" departure="10:31">Pollen skule</stop>
    <stop arrival="10:32" departure="10:32">Kårevik</stop>
    <stop arrival="10:32" departure="10:32">Kårevik</stop>
    <stop arrival="10:33" departure="10:33">Spildepollen</stop>
    <stop arrival="10:34" departure="10:34">Kausland Sund Auto</stop>
    <stop arrival="10:34" departure="10:34">Kausland industri</stop>
    <stop arrival="10:35" departure="10:35">Kausland (brekko)</stop>
    <stop arrival="10:36" departure="10:36">Kausland gard</stop>
    <stop arrival="10:36" departure="10:36">Kausland kyrkje</stop>
    <stop arrival="10:36" departure="10:36">Kausland (Lunde)</stop>
    <stop arrival="10:38" departure="10:38">Glesnes Skule</stop>
    <stop arrival="10:39" departure="10:39">Glesvær (Elva)</stop>
    <stop arrival="10:39" departure="10:39">Glesvær (Slettebergsmauget)</stop>
    <stop arrival="10:39" departure="10:39">Glesvær (Vollakrysset)</stop>
    <stop arrival="10:40" departure="10:40">Glesvær snuplass</stop>
    <stop arrival="10:40" departure="10:40">Glesvær (Vollakrysset)</stop>
    <stop arrival="10:41" departure="10:41">Glesvær (Slettebergsmauget)</stop>
    <stop arrival="10:41" departure="10:41">Glesvær (Elva)</stop>
    <stop arrival="10:41" departure="10:41">Glesnes Skule</stop>
    <stop arrival="10:43" departure="10:43">Kausland (Lunde)</stop>
    <stop arrival="10:43" departure="10:43">Kausland kyrkje</stop>
    <stop arrival="10:44" departure="10:44">Kausland gard</stop>
    <stop arrival="10:44" departure="10:44">Kausland (brekko)</stop>
    <stop arrival="10:45" departure="10:45">Kausland industri</stop>
    <stop arrival="10:45" departure="10:45">Kausland Sund Auto</stop>
    <stop arrival="10:46" departure="10:46">Spildepollen</stop>
    <stop arrival="10:47" departure="10:47">Asphaug</stop>
    <stop arrival="10:49" departure="10:49">Tælavåg gravplass</stop>
    <stop arrival="10:51" departure="10:51">Tælavåg Sælstø</stop>
    <stop arrival="10:51" departure="10:51">Tælavåg Museum (Idrettsplass)</stop>
    <stop arrival="10:52" departure="10:52">Tælavåg Nipa byggefelt</stop>
    <stop arrival="10:52" departure="10:52">Tælavåg Nipa</stop>
    <stop arrival="10:53" departure="10:53">Tælavåg bedehus</stop>
    <stop arrival="10:53" departure="10:53">Tælavåg Telle</stop>
    <stop arrival="10:53" departure="10:53">Tælavåg skule</stop>
    <stop arrival="10:54" departure="10:54">Tælavåg Midttveit</stop>
    <stop arrival="10:54" departure="10:54">Tælavåg Øvretveit (brekko)</stop>
    <stop arrival="10:55" departure="10:55">Tælavåg Øvretveit</stop>
    <stop arrival="10:55">Tælavåg snuplass</stop>
  </route>
  <route no="459" destination="Tælavåg snuplass" url="http://www.web2051.no/bin/tp/zuginfo.exe/on/505566/170769/145768/95638/1/" trafficDays="kjører Ma - Fr, ikke 13., 17., 24. Mai">
    <stop departure="10:05" routeNo="459">Straume term.</stop>
    <stop arrival="10:06" departure="10:06">Bildøy</stop>
    <stop arrival="10:09" departure="10:09">Fjell Blommen</stop>
    <stop arrival="10:09" departure="10:09">Fjell Heljedalen</stop>
    <stop arrival="10:10" departure="10:10">Fjell</stop>
    <stop arrival="10:10" departure="10:10">Fjell kyrkje</stop>
    <stop arrival="10:10" departure="10:10">Fjell Leite</stop>
    <stop arrival="10:11" departure="10:11">Fjell Søre</stop>
    <stop arrival="10:11" departure="10:11">Fjell Podlagrinda</stop>
    <stop arrival="10:12" departure="10:12">Fjell Krossleite</stop>
    <stop arrival="10:12" departure="10:12">Fjell søre Krossleite</stop>
    <stop arrival="10:13" departure="10:13">Tellnesskogen</stop>
    <stop arrival="10:14" departure="10:14">Tellnes Bruabrekko</stop>
    <stop arrival="10:15" departure="10:15">Tellnesskiftet</stop>
    <stop arrival="10:15" departure="10:15">Tellnes skule</stop>
    <stop arrival="10:17" departure="10:17">Dala (Fjell)</stop>
    <stop arrival="10:17" departure="10:17">Dala (Fjell)</stop>
    <stop arrival="10:18" departure="10:18">Dalseide (Fjell)</stop>
    <stop arrival="10:23" departure="10:23">Trengereid Slettebakken (Fjell</stop>
    <stop arrival="10:24" departure="10:24">Trengereid (Fjell)</stop>
    <stop arrival="10:25" departure="10:25">Skogsskiftet term.</stop>
    <stop arrival="10:28" departure="10:28">Hammersland (Sund)</stop>
    <stop arrival="10:28" departure="10:28">Hammersland (Sund)</stop>
    <stop arrival="10:29" departure="10:29">Eidesjøen Tveitaneset</stop>
    <stop arrival="10:30" departure="10:30">Eidesjøen</stop>
    <stop arrival="10:31" departure="10:31">Pollen skule</stop>
    <stop arrival="10:32" departure="10:32">Kårevik</stop>
    <stop arrival="10:32" departure="10:32">Kårevik</stop>
    <stop arrival="10:33" departure="10:33">Spildepollen</stop>
    <stop arrival="10:34" departure="10:34">Kausland Sund Auto</stop>
    <stop arrival="10:34" departure="10:34">Kausland industri</stop>
    <stop arrival="10:35" departure="10:35">Kausland (brekko)</stop>
    <stop arrival="10:36" departure="10:36">Kausland gard</stop>
    <stop arrival="10:36" departure="10:36">Kausland kyrkje</stop>
    <stop arrival="10:36" departure="10:36">Kausland (Lunde)</stop>
    <stop arrival="10:38" departure="10:38">Glesnes Skule</stop>
    <stop arrival="10:39" departure="10:39">Glesvær (Elva)</stop>
    <stop arrival="10:39" departure="10:39">Glesvær (Slettebergsmauget)</stop>
    <stop arrival="10:39" departure="10:39">Glesvær (Vollakrysset)</stop>
    <stop arrival="10:40" departure="10:40">Glesvær snuplass</stop>
    <stop arrival="10:40" departure="10:40">Glesvær (Vollakrysset)</stop>
    <stop arrival="10:41" departure="10:41">Glesvær (Slettebergsmauget)</stop>
    <stop arrival="10:41" departure="10:41">Glesvær (Elva)</stop>
    <stop arrival="10:41" departure="10:41">Glesnes Skule</stop>
    <stop arrival="10:43" departure="10:43">Kausland (Lunde)</stop>
    <stop arrival="10:43" departure="10:43">Kausland kyrkje</stop>
    <stop arrival="10:44" departure="10:44">Kausland gard</stop>
    <stop arrival="10:44" departure="10:44">Kausland (brekko)</stop>
    <stop arrival="10:45" departure="10:45">Kausland industri</stop>
    <stop arrival="10:45" departure="10:45">Kausland Sund Auto</stop>
    <stop arrival="10:46" departure="10:46">Spildepollen</stop>
    <stop arrival="10:47" departure="10:47">Asphaug</stop>
    <stop arrival="10:49" departure="10:49">Tælavåg gravplass</stop>
    <stop arrival="10:51" departure="10:51">Tælavåg Sælstø</stop>
    <stop arrival="10:51" departure="10:51">Tælavåg Museum (Idrettsplass)</stop>
    <stop arrival="10:52" departure="10:52">Tælavåg Nipa byggefelt</stop>
    <stop arrival="10:52" departure="10:52">Tælavåg Nipa</stop>
    <stop arrival="10:53" departure="10:53">Tælavåg bedehus</stop>
    <stop arrival="10:53" departure="10:53">Tælavåg Telle</stop>
    <stop arrival="10:53" departure="10:53">Tælavåg skule</stop>
    <stop arrival="10:54" departure="10:54">Tælavåg Midttveit</stop>
    <stop arrival="10:54" departure="10:54">Tælavåg Øvretveit (brekko)</stop>
    <stop arrival="10:55" departure="10:55">Tælavåg Øvretveit</stop>
    <stop arrival="10:55">Tælavåg snuplass</stop>
  </route>
</routes>
