<?xml version="1.0" encoding="UTF-8"?>
<routes>
  <route no="499" destination="Herdla snuplass" url="http://www.web2051.no/bin/tp/zuginfo.exe/on/737226/248687/64452/213516/1/" trafficDays="kjører Ma - Fr, ikke 13., 17., 24. Mai">
    <stop departure="9:40" routeNo="499">Bergen Busstasjon</stop>
    <stop arrival="9:43" departure="9:43">Olav Kyrres gate</stop>
    <stop arrival="9:44" departure="9:44">Møhlenpris v/ Industrihuset</stop>
    <stop arrival="9:49" departure="9:49">Lyngbø Motorvei R555</stop>
    <stop arrival="9:54" departure="9:54">Frida Fasmer R555</stop>
    <stop arrival="9:55" departure="9:55">Storavatnet term.</stop>
    <stop arrival="9:58" departure="9:58">Brøstaneset</stop>
    <stop arrival="10:00" departure="10:00">Storeklubben (Askøy)</stop>
    <stop arrival="10:02" departure="10:02">Holmedal (Askøy)</stop>
    <stop arrival="10:05" departure="10:05">Kleppestø term.</stop>
    <stop arrival="10:06" departure="10:06">Kleppestø senter</stop>
    <stop arrival="10:07" departure="10:07">Askøy Helsetun</stop>
    <stop arrival="10:07" departure="10:07">Kleppestø ungdomsskole</stop>
    <stop arrival="10:08" departure="10:08">Florvågskiftet F216</stop>
    <stop arrival="10:08" departure="10:08">Torvgården (Askøy)</stop>
    <stop arrival="10:09" departure="10:09">Skansen (Askøy)</stop>
    <stop arrival="10:09" departure="10:09">Svingen F216 (Askøy)</stop>
    <stop arrival="10:09" departure="10:09">Askøy senter</stop>
    <stop arrival="10:10" departure="10:10">Krokåsskiftet (Askøy)</stop>
    <stop arrival="10:11" departure="10:11">Juvikflaten (Askøy)</stop>
    <stop arrival="10:12" departure="10:12">Juvik bedehus (Askøy)</stop>
    <stop arrival="10:13" departure="10:13">Lavikskiftet (Askøy)</stop>
    <stop arrival="10:14" departure="10:14">Pålelva (Askøy)</stop>
    <stop arrival="10:14" departure="10:14">Kråvik (Askøy)</stop>
    <stop arrival="10:15" departure="10:15">Haugland Verkstedet (Askøy)</stop>
    <stop arrival="10:16" departure="10:16">Fjellveien (Askøy)</stop>
    <stop arrival="10:18" departure="10:18">Haugland skole (Askøy)</stop>
    <stop arrival="10:19" departure="10:19">Haugland bedehus (Askøy)</stop>
    <stop arrival="10:21" departure="10:21">Ravnanger</stop>
    <stop arrival="10:22" departure="10:22">Ravnanger term.</stop>
    <stop arrival="10:23" departure="10:23">Ravnanger nord</stop>
    <stop arrival="10:24" departure="10:24">Heiavatnet (Askøy)</stop>
    <stop arrival="10:26" departure="10:26">Åsebø (Askøy)</stop>
    <stop arrival="10:27" departure="10:27">Kjergardsåsen</stop>
    <stop arrival="10:28" departure="10:28">Kjerrgarden sør</stop>
    <stop arrival="10:29" departure="10:29">Kjerrgarden</stop>
    <stop arrival="10:29" departure="10:29">Kjerrgardskrysset</stop>
    <stop arrival="10:30" departure="10:30">Fromreide</stop>
    <stop arrival="10:30" departure="10:30">Fromreidetoppen</stop>
    <stop arrival="10:31" departure="10:31">Eikevågen</stop>
    <stop arrival="10:32" departure="10:32">Søre Fauskanger</stop>
    <stop arrival="10:33" departure="10:33">Store Fauskanger</stop>
    <stop arrival="10:33" departure="10:33">Lille Fauskanger</stop>
    <stop arrival="10:34" departure="10:34">Hestetræet (Askøy)</stop>
    <stop arrival="10:35" departure="10:35">Ådlandsvik</stop>
    <stop arrival="10:36" departure="10:36">Abbedissen kryss</stop>
    <stop arrival="10:37" departure="10:37">Skråmestø</stop>
    <stop arrival="10:40" departure="10:40">Merkesvik</stop>
    <stop arrival="10:41" departure="10:41">Sannes (Askøy)</stop>
    <stop arrival="10:42" departure="10:42">Guldbrandsøy</stop>
    <stop arrival="10:43" departure="10:43">Herdla Heimdal</stop>
    <stop arrival="10:44" departure="10:44">Herdla Skansen</stop>
    <stop arrival="10:45" departure="10:45">Herdla sør</stop>
    <stop arrival="10:46" departure="10:46">Herdla</stop>
    <stop arrival="10:47" departure="10:47">Herdla</stop>
    <stop arrival="10:47">Herdla snuplass</stop>
  </route>
</routes>
