<?xml version="1.0" encoding="UTF-8"?>
<routes>
  <route no="285" destination="Åsane terminal" url="http://www.web2051.no/bin/tp/zuginfo.exe/on/992814/336147/408426/126725/1/" trafficDays="kjører Lø, Sø, også 13., 17., 24. Mai">
    <stop departure="9:55" routeNo="285">Breistein snuplass</stop>
    <stop arrival="9:57" departure="9:57">Såtavegen</stop>
    <stop arrival="9:58" departure="9:58">Eikemo (Åsane)</stop>
    <stop arrival="10:00" departure="10:00">Breistein kai</stop>
    <stop arrival="10:01" departure="10:01">Kaiveg</stop>
    <stop arrival="10:02" departure="10:02">Vollane</stop>
    <stop arrival="10:04" departure="10:04">Vestlandsheimen</stop>
    <stop arrival="10:05" departure="10:05">Myrsæter</stop>
    <stop arrival="10:05" departure="10:05">Haukås barnehage</stop>
    <stop arrival="10:06" departure="10:06">Haukåsvegen</stop>
    <stop arrival="10:08" departure="10:08">Vikaleitet</stop>
    <stop arrival="10:09" departure="10:09">Eikås</stop>
    <stop arrival="10:10" departure="10:10">Vågsbotn</stop>
    <stop arrival="10:11" departure="10:11">Liavegen (Åsane)</stop>
    <stop arrival="10:11" departure="10:11">Domus Nyborg</stop>
    <stop arrival="10:12" departure="10:12">Nyborg</stop>
    <stop arrival="10:13" departure="10:13">Salhuskrysset</stop>
    <stop arrival="10:14" departure="10:14">Litleåskryss</stop>
    <stop arrival="10:14" departure="10:14">Rollandskrysset</stop>
    <stop arrival="10:15">Åsane terminal</stop>
  </route>
  <route no="285" destination="Åsane terminal" url="http://www.web2051.no/bin/tp/zuginfo.exe/on/625884/213861/399472/8893/1/" trafficDays="kjører Ma - Fr, ikke 13., 17., 24. Mai">
    <stop departure="9:55" routeNo="285">Breistein snuplass</stop>
    <stop arrival="9:56" departure="9:56">Såtavegen</stop>
    <stop arrival="9:56" departure="9:56">Eikemo (Åsane)</stop>
    <stop arrival="9:57" departure="9:57">Breistein kai</stop>
    <stop arrival="9:58" departure="9:58">Kaiveg</stop>
    <stop arrival="10:00" departure="10:00">Vollane</stop>
    <stop arrival="10:03" departure="10:03">Vestlandsheimen</stop>
    <stop arrival="10:05" departure="10:05">Myrsæter</stop>
    <stop arrival="10:05" departure="10:05">Haukås barnehage</stop>
    <stop arrival="10:06" departure="10:06">Haukåsvegen</stop>
    <stop arrival="10:07" departure="10:07">Vikaleitet</stop>
    <stop arrival="10:08" departure="10:08">Eikås</stop>
    <stop arrival="10:08" departure="10:08">Vågsbotn</stop>
    <stop arrival="10:09" departure="10:09">Liavegen (Åsane)</stop>
    <stop arrival="10:10" departure="10:10">Domus Nyborg</stop>
    <stop arrival="10:12" departure="10:12">Nyborg</stop>
    <stop arrival="10:13" departure="10:13">Salhuskrysset</stop>
    <stop arrival="10:14" departure="10:14">Litleåskryss</stop>
    <stop arrival="10:14" departure="10:14">Rollandskrysset</stop>
    <stop arrival="10:15">Åsane terminal</stop>
  </route>
  <route no="280" destination="Bergen Busstasjon" url="http://www.web2051.no/bin/tp/zuginfo.exe/on/828003/281186/654658/51330/1/" trafficDays="kjører Ma - Fr, ikke 13., 17., 24. Mai">
    <stop departure="9:53" routeNo="280">Salhus kai</stop>
    <stop arrival="9:53" departure="9:53">Samhold</stop>
    <stop arrival="9:55" departure="9:55">Slettebakken</stop>
    <stop arrival="9:57" departure="9:57">Sveisbakken</stop>
    <stop arrival="9:58" departure="9:58">Klauvarinden</stop>
    <stop arrival="9:59" departure="9:59">Tellevik</stop>
    <stop arrival="10:00" departure="10:00">Falkangervegen</stop>
    <stop arrival="10:01" departure="10:01">Hordvik post</stop>
    <stop arrival="10:02" departure="10:02">Grøvlesvingen</stop>
    <stop arrival="10:03" departure="10:03">Grøvlesvingen</stop>
    <stop arrival="10:03" departure="10:03">Grøvle (Åsane)</stop>
    <stop arrival="10:03" departure="10:03">Hordvikhamnen</stop>
    <stop arrival="10:04" departure="10:04">Ulstein kryss</stop>
    <stop arrival="10:04" departure="10:04">Ulstein</stop>
    <stop arrival="10:05" departure="10:05">Ulstein snuplass</stop>
    <stop arrival="10:06" departure="10:06">Hordvik skole nedre</stop>
    <stop arrival="10:07" departure="10:07">Hordvikhamnen</stop>
    <stop arrival="10:08" departure="10:08">Nesjavegen</stop>
    <stop arrival="10:09" departure="10:09">Langamyrene</stop>
    <stop arrival="10:10" departure="10:10">Tuft (Åsane)</stop>
    <stop arrival="10:11" departure="10:11">Hylkje</stop>
    <stop arrival="10:13" departure="10:13">Almåsvegen</stop>
    <stop arrival="10:14" departure="10:14">Haukåsskogen</stop>
    <stop arrival="10:15" departure="10:15">Myrsæter</stop>
    <stop arrival="10:15" departure="10:15">Haukås barnehage</stop>
    <stop arrival="10:16" departure="10:16">Haukåsvegen</stop>
    <stop arrival="10:17" departure="10:17">Vikaleitet</stop>
    <stop arrival="10:18" departure="10:18">Eikås</stop>
    <stop arrival="10:18" departure="10:18">Vågsbotn</stop>
    <stop arrival="10:19" departure="10:19">Liavegen (Åsane)</stop>
    <stop arrival="10:20" departure="10:20">Domus Nyborg</stop>
    <stop arrival="10:22" departure="10:22">Nyborg</stop>
    <stop arrival="10:23" departure="10:23">Salhuskrysset</stop>
    <stop arrival="10:24" departure="10:24">Litleåskryss</stop>
    <stop arrival="10:24" departure="10:24">Rollandskrysset</stop>
    <stop arrival="10:25" departure="10:25">Åsane terminal</stop>
    <stop arrival="10:30" departure="10:30">Eidsvåg</stop>
    <stop arrival="10:32" departure="10:32">Handelshøyskolen</stop>
    <stop arrival="10:37" departure="10:37">Nyhavnsvei (Gamle Bergen)</stop>
    <stop arrival="10:38" departure="10:38">Munkebotten</stop>
    <stop arrival="10:39" departure="10:39">Ludebryggen</stop>
    <stop arrival="10:40" departure="10:40">Sandvikstorget</stop>
    <stop arrival="10:42" departure="10:42">Skutevikstorget</stop>
    <stop arrival="10:43" departure="10:43">Bontelabo</stop>
    <stop arrival="10:45" departure="10:45">Slottsgaten</stop>
    <stop arrival="10:45" departure="10:45">Bryggen</stop>
    <stop arrival="10:47" departure="10:47">Olav Kyrres gate</stop>
    <stop arrival="10:50">Bergen Busstasjon</stop>
  </route>
  <route no="280" destination="Bergen Busstasjon" url="http://www.web2051.no/bin/tp/zuginfo.exe/on/764871/260115/411878/49019/1/" trafficDays="kjører Lø, ikke 1. Mai">
    <stop departure="9:53" routeNo="280">Salhus kai</stop>
    <stop arrival="9:53" departure="9:53">Samhold</stop>
    <stop arrival="9:55" departure="9:55">Slettebakken</stop>
    <stop arrival="9:57" departure="9:57">Sveisbakken</stop>
    <stop arrival="9:58" departure="9:58">Klauvarinden</stop>
    <stop arrival="9:59" departure="9:59">Tellevik</stop>
    <stop arrival="10:00" departure="10:00">Falkangervegen</stop>
    <stop arrival="10:01" departure="10:01">Hordvik post</stop>
    <stop arrival="10:02" departure="10:02">Grøvlesvingen</stop>
    <stop arrival="10:03" departure="10:03">Grøvlesvingen</stop>
    <stop arrival="10:03" departure="10:03">Grøvle (Åsane)</stop>
    <stop arrival="10:03" departure="10:03">Hordvikhamnen</stop>
    <stop arrival="10:04" departure="10:04">Ulstein kryss</stop>
    <stop arrival="10:04" departure="10:04">Ulstein</stop>
    <stop arrival="10:05" departure="10:05">Ulstein snuplass</stop>
    <stop arrival="10:07" departure="10:07">Hordvik skole nedre</stop>
    <stop arrival="10:09" departure="10:09">Hordvikhamnen</stop>
    <stop arrival="10:10" departure="10:10">Nesjavegen</stop>
    <stop arrival="10:11" departure="10:11">Langamyrene</stop>
    <stop arrival="10:12" departure="10:12">Tuft (Åsane)</stop>
    <stop arrival="10:13" departure="10:13">Hylkje</stop>
    <stop arrival="10:15" departure="10:15">Almåsvegen</stop>
    <stop arrival="10:16" departure="10:16">Haukåsskogen</stop>
    <stop arrival="10:17" departure="10:17">Myrsæter</stop>
    <stop arrival="10:18" departure="10:18">Haukås barnehage</stop>
    <stop arrival="10:18" departure="10:18">Haukåsvegen</stop>
    <stop arrival="10:21" departure="10:21">Vikaleitet</stop>
    <stop arrival="10:22" departure="10:22">Eikås</stop>
    <stop arrival="10:23" departure="10:23">Vågsbotn</stop>
    <stop arrival="10:24" departure="10:24">Liavegen (Åsane)</stop>
    <stop arrival="10:24" departure="10:24">Domus Nyborg</stop>
    <stop arrival="10:25" departure="10:25">Nyborg</stop>
    <stop arrival="10:26" departure="10:26">Salhuskrysset</stop>
    <stop arrival="10:27" departure="10:27">Litleåskryss</stop>
    <stop arrival="10:27" departure="10:27">Rollandskrysset</stop>
    <stop arrival="10:28" departure="10:28">Åsane terminal</stop>
    <stop arrival="10:33" departure="10:33">Eidsvåg</stop>
    <stop arrival="10:35" departure="10:35">Handelshøyskolen</stop>
    <stop arrival="10:40" departure="10:40">Nyhavnsvei (Gamle Bergen)</stop>
    <stop arrival="10:41" departure="10:41">Munkebotten</stop>
    <stop arrival="10:42" departure="10:42">Ludebryggen</stop>
    <stop arrival="10:43" departure="10:43">Sandvikstorget</stop>
    <stop arrival="10:45" departure="10:45">Skutevikstorget</stop>
    <stop arrival="10:46" departure="10:46">Bontelabo</stop>
    <stop arrival="10:48" departure="10:48">Slottsgaten</stop>
    <stop arrival="10:48" departure="10:48">Bryggen</stop>
    <stop arrival="10:50" departure="10:50">Olav Kyrres gate</stop>
    <stop arrival="10:53">Bergen Busstasjon</stop>
  </route>
  <route no="280" destination="Åsane terminal" url="http://www.web2051.no/bin/tp/zuginfo.exe/on/189042/68156/997956/435964/1/" trafficDays="kjører Sø, også 1., 13., 17., 24. Mai">
    <stop departure="10:05" routeNo="280">Klauvarinden</stop>
    <stop arrival="10:06" departure="10:06">Tellevik</stop>
    <stop arrival="10:07" departure="10:07">Falkangervegen</stop>
    <stop arrival="10:08" departure="10:08">Hordvik post</stop>
    <stop arrival="10:09" departure="10:09">Grøvlesvingen</stop>
    <stop arrival="10:10" departure="10:10">Grøvlesvingen</stop>
    <stop arrival="10:10" departure="10:10">Grøvle (Åsane)</stop>
    <stop arrival="10:10" departure="10:10">Hordvikhamnen</stop>
    <stop arrival="10:11" departure="10:11">Ulstein kryss</stop>
    <stop arrival="10:11" departure="10:11">Ulstein</stop>
    <stop arrival="10:12" departure="10:12">Ulstein snuplass</stop>
    <stop arrival="10:13" departure="10:13">Hordvik skole nedre</stop>
    <stop arrival="10:14" departure="10:14">Hordvikhamnen</stop>
    <stop arrival="10:15" departure="10:15">Nesjavegen</stop>
    <stop arrival="10:15" departure="10:15">Langamyrene</stop>
    <stop arrival="10:16" departure="10:16">Tuft (Åsane)</stop>
    <stop arrival="10:17" departure="10:17">Hylkje</stop>
    <stop arrival="10:18" departure="10:18">Almåsvegen</stop>
    <stop arrival="10:19" departure="10:19">Haukåsskogen</stop>
    <stop arrival="10:20" departure="10:20">Myrsæter</stop>
    <stop arrival="10:20" departure="10:20">Haukås barnehage</stop>
    <stop arrival="10:21" departure="10:21">Haukåsvegen</stop>
    <stop arrival="10:23" departure="10:23">Vikaleitet</stop>
    <stop arrival="10:24" departure="10:24">Eikås</stop>
    <stop arrival="10:25" departure="10:25">Vågsbotn</stop>
    <stop arrival="10:26" departure="10:26">Liavegen (Åsane)</stop>
    <stop arrival="10:26" departure="10:26">Domus Nyborg</stop>
    <stop arrival="10:27" departure="10:27">Nyborg</stop>
    <stop arrival="10:28" departure="10:28">Salhuskrysset</stop>
    <stop arrival="10:29" departure="10:29">Litleåskryss</stop>
    <stop arrival="10:29" departure="10:29">Rollandskrysset</stop>
    <stop arrival="10:30">Åsane terminal</stop>
  </route>
  <route no="280" destination="Salhus kai" url="http://www.web2051.no/bin/tp/zuginfo.exe/on/948738/321405/23648/304422/1/" trafficDays="kjører Lø, ikke 1. Mai">
    <stop departure="10:10" routeNo="280">Bergen Busstasjon</stop>
    <stop arrival="10:11" departure="10:11">Christies gate (Festplassen)</stop>
    <stop arrival="10:13" departure="10:13">Torget (Bergen)</stop>
    <stop arrival="10:14" departure="10:14">Bryggen</stop>
    <stop arrival="10:14" departure="10:14">Slottsgaten</stop>
    <stop arrival="10:16" departure="10:16">Bontelabo</stop>
    <stop arrival="10:16" departure="10:16">Skutevikstorget</stop>
    <stop arrival="10:17" departure="10:17">Sjøgaten</stop>
    <stop arrival="10:18" departure="10:18">Sandvikstorget</stop>
    <stop arrival="10:19" departure="10:19">Ludebryggen</stop>
    <stop arrival="10:20" departure="10:20">Munkebotten</stop>
    <stop arrival="10:21" departure="10:21">Nyhavnsvei (Gamle Bergen)</stop>
    <stop arrival="10:23" departure="10:23">Handelshøyskolen</stop>
    <stop arrival="10:25" departure="10:25">Eidsvåg</stop>
    <stop arrival="10:30" departure="10:30">Åsane terminal</stop>
    <stop arrival="10:31" departure="10:31">Rollandskrysset</stop>
    <stop arrival="10:31" departure="10:31">Litleåskryss</stop>
    <stop arrival="10:32" departure="10:32">Salhuskrysset</stop>
    <stop arrival="10:33" departure="10:33">Nyborg</stop>
    <stop arrival="10:35" departure="10:35">Domus Nyborg</stop>
    <stop arrival="10:36" departure="10:36">Liavegen (Åsane)</stop>
    <stop arrival="10:37" departure="10:37">Vågsbotn</stop>
    <stop arrival="10:37" departure="10:37">Eikås</stop>
    <stop arrival="10:38" departure="10:38">Vikaleitet</stop>
    <stop arrival="10:39" departure="10:39">Haukåsvegen</stop>
    <stop arrival="10:40" departure="10:40">Haukås barnehage</stop>
    <stop arrival="10:40" departure="10:40">Myrsæter</stop>
    <stop arrival="10:41" departure="10:41">Haukåsskogen</stop>
    <stop arrival="10:42" departure="10:42">Almåsvegen</stop>
    <stop arrival="10:43" departure="10:43">Hylkje</stop>
    <stop arrival="10:44" departure="10:44">Tuft (Åsane)</stop>
    <stop arrival="10:45" departure="10:45">Langamyrene</stop>
    <stop arrival="10:45" departure="10:45">Nesjavegen</stop>
    <stop arrival="10:46" departure="10:46">Grøvle (Åsane)</stop>
    <stop arrival="10:46" departure="10:46">Hordvikhamnen</stop>
    <stop arrival="10:47" departure="10:47">Ulstein kryss</stop>
    <stop arrival="10:47" departure="10:47">Ulstein</stop>
    <stop arrival="10:48" departure="10:48">Ulstein snuplass</stop>
    <stop arrival="10:52" departure="10:52">Grøvle (Åsane)</stop>
    <stop arrival="10:52" departure="10:52">Grøvlesvingen</stop>
    <stop arrival="10:54" departure="10:54">Hordvik gård</stop>
    <stop arrival="10:55" departure="10:55">Hordvik skole</stop>
    <stop arrival="10:55" departure="10:55">Falkangervegen</stop>
    <stop arrival="10:57" departure="10:57">Tellevik</stop>
    <stop arrival="10:58" departure="10:58">Klauvarinden</stop>
    <stop arrival="10:59" departure="10:59">Sveisbakken</stop>
    <stop arrival="11:02" departure="11:02">Slettebakken</stop>
    <stop arrival="11:04" departure="11:04">Samhold</stop>
    <stop arrival="11:05">Salhus kai</stop>
  </route>
  <route no="280" destination="Salhus kai" url="http://www.web2051.no/bin/tp/zuginfo.exe/on/525687/180415/178210/86125/1/" trafficDays="kjører Ma - Fr, ikke 13., 17., 24. Mai">
    <stop departure="10:10" routeNo="280">Bergen Busstasjon</stop>
    <stop arrival="10:11" departure="10:11">Christies gate (Festplassen)</stop>
    <stop arrival="10:13" departure="10:13">Torget (Bergen)</stop>
    <stop arrival="10:14" departure="10:14">Bryggen</stop>
    <stop arrival="10:14" departure="10:14">Slottsgaten</stop>
    <stop arrival="10:16" departure="10:16">Bontelabo</stop>
    <stop arrival="10:16" departure="10:16">Skutevikstorget</stop>
    <stop arrival="10:17" departure="10:17">Sjøgaten</stop>
    <stop arrival="10:18" departure="10:18">Sandvikstorget</stop>
    <stop arrival="10:19" departure="10:19">Ludebryggen</stop>
    <stop arrival="10:20" departure="10:20">Munkebotten</stop>
    <stop arrival="10:21" departure="10:21">Nyhavnsvei (Gamle Bergen)</stop>
    <stop arrival="10:23" departure="10:23">Handelshøyskolen</stop>
    <stop arrival="10:25" departure="10:25">Eidsvåg</stop>
    <stop arrival="10:30" departure="10:30">Åsane terminal</stop>
    <stop arrival="10:31" departure="10:31">Rollandskrysset</stop>
    <stop arrival="10:31" departure="10:31">Litleåskryss</stop>
    <stop arrival="10:32" departure="10:32">Salhuskrysset</stop>
    <stop arrival="10:33" departure="10:33">Nyborg</stop>
    <stop arrival="10:35" departure="10:35">Domus Nyborg</stop>
    <stop arrival="10:36" departure="10:36">Liavegen (Åsane)</stop>
    <stop arrival="10:37" departure="10:37">Vågsbotn</stop>
    <stop arrival="10:37" departure="10:37">Eikås</stop>
    <stop arrival="10:38" departure="10:38">Vikaleitet</stop>
    <stop arrival="10:39" departure="10:39">Haukåsvegen</stop>
    <stop arrival="10:40" departure="10:40">Haukås barnehage</stop>
    <stop arrival="10:40" departure="10:40">Myrsæter</stop>
    <stop arrival="10:41" departure="10:41">Haukåsskogen</stop>
    <stop arrival="10:42" departure="10:42">Almåsvegen</stop>
    <stop arrival="10:43" departure="10:43">Hylkje</stop>
    <stop arrival="10:44" departure="10:44">Tuft (Åsane)</stop>
    <stop arrival="10:45" departure="10:45">Langamyrene</stop>
    <stop arrival="10:45" departure="10:45">Nesjavegen</stop>
    <stop arrival="10:46" departure="10:46">Grøvle (Åsane)</stop>
    <stop arrival="10:46" departure="10:46">Hordvikhamnen</stop>
    <stop arrival="10:47" departure="10:47">Ulstein kryss</stop>
    <stop arrival="10:47" departure="10:47">Ulstein</stop>
    <stop arrival="10:48" departure="10:48">Ulstein snuplass</stop>
    <stop arrival="10:50" departure="10:50">Grøvle (Åsane)</stop>
    <stop arrival="10:50" departure="10:50">Grøvlesvingen</stop>
    <stop arrival="10:51" departure="10:51">Hordvik gård</stop>
    <stop arrival="10:52" departure="10:52">Hordvik skole</stop>
    <stop arrival="10:53" departure="10:53">Falkangervegen</stop>
    <stop arrival="10:54" departure="10:54">Tellevik</stop>
    <stop arrival="10:55" departure="10:55">Klauvarinden</stop>
    <stop arrival="10:57" departure="10:57">Sveisbakken</stop>
    <stop arrival="11:01" departure="11:01">Slettebakken</stop>
    <stop arrival="11:04" departure="11:04">Samhold</stop>
    <stop arrival="11:05">Salhus kai</stop>
  </route>
  <route no="285" destination="Breistein snuplass" url="http://www.web2051.no/bin/tp/zuginfo.exe/on/65775/27147/384022/170086/1/" trafficDays="kjører Ma - Lø, ikke 1., 13., 17., 24. Mai">
    <stop departure="10:35" routeNo="285">Åsane terminal</stop>
    <stop arrival="10:36" departure="10:36">Rollandskrysset</stop>
    <stop arrival="10:36" departure="10:36">Litleåskryss</stop>
    <stop arrival="10:37" departure="10:37">Salhuskrysset</stop>
    <stop arrival="10:38" departure="10:38">Nyborg</stop>
    <stop arrival="10:40" departure="10:40">Domus Nyborg</stop>
    <stop arrival="10:41" departure="10:41">Liavegen (Åsane)</stop>
    <stop arrival="10:42" departure="10:42">Vågsbotn</stop>
    <stop arrival="10:42" departure="10:42">Eikås</stop>
    <stop arrival="10:43" departure="10:43">Vikaleitet</stop>
    <stop arrival="10:44" departure="10:44">Haukåsvegen</stop>
    <stop arrival="10:45" departure="10:45">Haukås barnehage</stop>
    <stop arrival="10:45" departure="10:45">Myrsæter</stop>
    <stop arrival="10:46" departure="10:46">Bergen Travpark</stop>
    <stop arrival="10:47" departure="10:47">Vestlandsheimen</stop>
    <stop arrival="10:49" departure="10:49">Vollane</stop>
    <stop arrival="10:49" departure="10:49">Kaiveg</stop>
    <stop arrival="10:50" departure="10:50">Breistein kai</stop>
    <stop arrival="10:52" departure="10:52">Eikemo (Åsane)</stop>
    <stop arrival="10:53" departure="10:53">Såtavegen</stop>
    <stop arrival="10:55">Breistein snuplass</stop>
  </route>
  <route no="380" destination="Birkeland (Osterøy)" url="http://www.web2051.no/bin/tp/zuginfo.exe/on/758904/253872/389772/58082/1/" trafficDays="kjører Ma - Fr, ikke 13., 17., 24. Mai">
    <stop departure="10:20" routeNo="380">Bergen Busstasjon</stop>
    <stop departure="10:21">Kaigaten</stop>
    <stop departure="10:22">Torget (Bergen)</stop>
    <stop departure="10:23">Bryggen</stop>
    <stop departure="10:24">Bontelabo</stop>
    <stop departure="10:25">Skutevikstorget</stop>
    <stop departure="10:25">Sjøgaten</stop>
    <stop departure="10:26">Sandvikstorget</stop>
    <stop departure="10:27">Ludebryggen</stop>
    <stop departure="10:27">Munkebotten</stop>
    <stop departure="10:29">Nyhavnsvei (Gamle Bergen)</stop>
    <stop departure="10:30">Handelshøyskolen</stop>
    <stop departure="10:33">Eidsvåg</stop>
    <stop departure="10:38">Åsane terminal</stop>
    <stop departure="10:39">Rollandskrysset</stop>
    <stop departure="10:39">Litleåskryss</stop>
    <stop departure="10:40">Salhuskrysset</stop>
    <stop departure="10:41">Nyborg</stop>
    <stop departure="10:41">Domus Nyborg</stop>
    <stop departure="10:42">Liavegen (Åsane)</stop>
    <stop departure="10:43">Vågsbotn</stop>
    <stop departure="10:43">Eikås</stop>
    <stop departure="10:44">Vikaleitet</stop>
    <stop departure="10:46">Haukåsvegen</stop>
    <stop departure="10:47">Haukås barnehage</stop>
    <stop departure="10:47">Myrsæter</stop>
    <stop departure="10:48">Bergen Travpark</stop>
    <stop departure="10:51">Vestlandsheimen</stop>
    <stop departure="10:56">Vollane</stop>
    <stop departure="10:58">Kaiveg</stop>
    <stop arrival="11:00" departure="11:00">Breistein kai</stop>
    <stop arrival="11:10" departure="11:10">Valestrand</stop>
    <stop arrival="11:10" departure="11:10">Valestrand</stop>
    <stop arrival="11:11" departure="11:11">Bullabrekka (Osterøy)</stop>
    <stop arrival="11:12" departure="11:12">Elvikneset</stop>
    <stop arrival="11:13" departure="11:13">Loftås (Osterøy)</stop>
    <stop arrival="11:13" departure="11:13">Småland</stop>
    <stop arrival="11:14" departure="11:14">Halland, Osterøy</stop>
    <stop arrival="11:14" departure="11:14">Halland S, Osterøy</stop>
    <stop arrival="11:15" departure="11:15">Hauge Industrier (Osterøy)</stop>
    <stop arrival="11:16" departure="11:16">Hauge (Osterøy)</stop>
    <stop arrival="11:17" departure="11:17">Hauge skule (Osterøy)</stop>
    <stop arrival="11:18" departure="11:18">Haugsviksvingen</stop>
    <stop arrival="11:19" departure="11:19">Øyjordsbru</stop>
    <stop arrival="11:22" departure="11:22">Revheim</stop>
    <stop arrival="11:23" departure="11:23">Revheim</stop>
    <stop arrival="11:25" departure="11:25">Lone Bru, Osterøy</stop>
    <stop arrival="11:25" departure="11:25">Lone, Osterøy</stop>
    <stop arrival="11:27" departure="11:27">Lone N , Osterøy</stop>
    <stop arrival="11:29" departure="11:29">Kårvik vkr. (Osterøy)</stop>
    <stop arrival="11:30" departure="11:30">Lonevåg terminal</stop>
    <stop arrival="11:31" departure="11:31">Lonevåg v Coop</stop>
    <stop arrival="11:32" departure="11:32">Lonevåg v Rådhuset</stop>
    <stop arrival="11:32" departure="11:32">Hatland v ungdomsskulen</stop>
    <stop arrival="11:32" departure="11:32">Lonevåg v Rådhuset</stop>
    <stop arrival="11:33" departure="11:33">Lonevåg v Coop</stop>
    <stop arrival="11:33" departure="11:33">Lonevåg terminal</stop>
    <stop arrival="11:34" departure="11:34">Lonevåg N, HSD</stop>
    <stop arrival="11:36" departure="11:36">Geitrheim, Osterøy</stop>
    <stop arrival="11:38" departure="11:38">Bysheim sør</stop>
    <stop arrival="11:38" departure="11:38">Bysheim</stop>
    <stop arrival="11:39" departure="11:39">Bysheim nord</stop>
    <stop arrival="11:40" departure="11:40">Litland S, Osterøy</stop>
    <stop arrival="11:40" departure="11:40">Litland gartneri, Osterøy</stop>
    <stop arrival="11:41" departure="11:41">Helldalstølen, Osterøy</stop>
    <stop arrival="11:42" departure="11:42">Helldal (Osterøy)</stop>
    <stop arrival="11:42" departure="11:42">Helldal vkr Fjellskålnes</stop>
    <stop arrival="11:43" departure="11:43">Helldal (Osterøy)</stop>
    <stop arrival="11:43" departure="11:43">Hoshovde</stop>
    <stop arrival="11:45" departure="11:45">Hosanger</stop>
    <stop arrival="11:45" departure="11:45">Hosanger</stop>
    <stop arrival="11:46" departure="11:46">Børa, Osterøy</stop>
    <stop arrival="11:50" departure="11:50">Gatland, Osterøy</stop>
    <stop arrival="11:51" departure="11:51">Saltverket, Osterøy</stop>
    <stop arrival="11:52" departure="11:52">Fotlandstrand</stop>
    <stop arrival="11:53" departure="11:53">Fotlandstrand v Anylett</stop>
    <stop arrival="11:54" departure="11:54">Fotlandsvåg v skulen</stop>
    <stop arrival="11:55" departure="11:55">Fotlansdvåg sentrum</stop>
    <stop arrival="11:55" departure="11:55">Fotlandsvåg v fokus</stop>
    <stop arrival="11:56" departure="11:56">Hanstveit</stop>
    <stop arrival="11:57" departure="11:57">Bernesskiftet</stop>
    <stop arrival="11:58">Birkeland (Osterøy)</stop>
  </route>
</routes>
