<?xml version="1.0" encoding="UTF-8"?>
<routes>
  <route no="24" destination="Nesttun terminal" url="http://www.web2051.no/bin/tp/zuginfo.exe/on/170910/61178/714480/300270/1/" trafficDays="kjører Ma - Fr, ikke 13., 17., 24. Mai">
    <stop departure="10:01" routeNo="24">Åsane terminal</stop>
    <stop arrival="10:02" departure="10:02">Hesthaugen</stop>
    <stop arrival="10:03" departure="10:03">Stamskaret</stop>
    <stop arrival="10:04" departure="10:04">Tertneskrysset gamleveien</stop>
    <stop arrival="10:05" departure="10:05">Griggastemma</stop>
    <stop arrival="10:07" departure="10:07">Nedre Åstveit snuplass</stop>
    <stop arrival="10:09" departure="10:09">Åstveitvegen</stop>
    <stop arrival="10:10" departure="10:10">Ervik øvre</stop>
    <stop arrival="10:11" departure="10:11">Ervik nedre (Sellesvingen)</stop>
    <stop arrival="10:12" departure="10:12">Eidsvåg gamlevegen</stop>
    <stop arrival="10:12" departure="10:12">Fabrikkvegen</stop>
    <stop arrival="10:14" departure="10:14">Hagebyen (Eidsvåg)</stop>
    <stop arrival="10:15" departure="10:15">Lillevågen</stop>
    <stop arrival="10:16" departure="10:16">Tømmervågen</stop>
    <stop arrival="10:17" departure="10:17">Trollbekken</stop>
    <stop arrival="10:18" departure="10:18">Trolldalen (Eidsvågneset)</stop>
    <stop arrival="10:20" departure="10:20">Fagerbakken</stop>
    <stop arrival="10:22" departure="10:22">Nordre Lønborg</stop>
    <stop arrival="10:23" departure="10:23">Lønborg</stop>
    <stop arrival="10:23" departure="10:23">Brunestykket</stop>
    <stop arrival="10:24" departure="10:24">Hellebakken</stop>
    <stop arrival="10:25" departure="10:25">Eikeviken</stop>
    <stop arrival="10:26" departure="10:26">Solbakken</stop>
    <stop arrival="10:27" departure="10:27">Handelshøyskolen</stop>
    <stop arrival="10:28" departure="10:28">Nyhavnsvei (Gamle Bergen)</stop>
    <stop arrival="10:30" departure="10:30">Munkebotten</stop>
    <stop arrival="10:31" departure="10:31">Ludebryggen</stop>
    <stop arrival="10:34" departure="10:34">Sandvikstorget</stop>
    <stop arrival="10:36" departure="10:36">Skutevikstorget</stop>
    <stop arrival="10:37" departure="10:37">Bontelabo</stop>
    <stop arrival="10:38" departure="10:38">Slottsgaten</stop>
    <stop arrival="10:39" departure="10:39">Bryggen</stop>
    <stop arrival="10:40" departure="10:40">Olav Kyrres gate</stop>
    <stop arrival="10:45" departure="10:45">Bergen Busstasjon</stop>
    <stop arrival="10:49" departure="10:49">Danmarksplass</stop>
    <stop arrival="10:50" departure="10:50">Solheimsgaten</stop>
    <stop arrival="10:51" departure="10:51">Reperbanen</stop>
    <stop arrival="10:53" departure="10:53">Fjøsangerveien/ Minde Allè</stop>
    <stop arrival="10:57" departure="10:57">Minde</stop>
    <stop arrival="10:58" departure="10:58">Elvebakken</stop>
    <stop arrival="10:58" departure="10:58">Storetveit</stop>
    <stop arrival="10:58" departure="10:58">Fantoft</stop>
    <stop arrival="10:59" departure="10:59">Nydalen</stop>
    <stop arrival="11:00" departure="11:00">Paradis</stop>
    <stop arrival="11:01" departure="11:01">Tveiteråsskiftet</stop>
    <stop arrival="11:02" departure="11:02">Hopsbro</stop>
    <stop arrival="11:04" departure="11:04">Hopstangen</stop>
    <stop arrival="11:05">Nesttun terminal</stop>
  </route>
  <route no="21" destination="Søråshøgda snuplass" url="http://www.web2051.no/bin/tp/zuginfo.exe/on/698139/236655/122266/171580/1/" trafficDays="kjører Sø, også 1., 13., 17., 24. Mai">
    <stop departure="10:04" routeNo="21">Åsane terminal</stop>
    <stop arrival="10:05" departure="10:05">Hesthaugen</stop>
    <stop arrival="10:06" departure="10:06">Stamskaret</stop>
    <stop arrival="10:07" departure="10:07">Tertneskrysset gamleveien</stop>
    <stop arrival="10:08" departure="10:08">Griggastemma</stop>
    <stop arrival="10:08" departure="10:08">Åstveitvegen</stop>
    <stop arrival="10:09" departure="10:09">Ervik øvre</stop>
    <stop arrival="10:10" departure="10:10">Ervik nedre (Sellesvingen)</stop>
    <stop arrival="10:11" departure="10:11">Selvikvegen</stop>
    <stop arrival="10:12" departure="10:12">Eidsvåg gamlevegen</stop>
    <stop arrival="10:12" departure="10:12">Fabrikkvegen</stop>
    <stop arrival="10:15" departure="10:15">Hagebyen (Eidsvåg)</stop>
    <stop arrival="10:16" departure="10:16">Lillevågen</stop>
    <stop arrival="10:16" departure="10:16">Tømmervågen</stop>
    <stop arrival="10:17" departure="10:17">Trollbekken</stop>
    <stop arrival="10:17" departure="10:17">Trolldalen (Eidsvågneset)</stop>
    <stop arrival="10:18" departure="10:18">Fagerbakken</stop>
    <stop arrival="10:19" departure="10:19">Nordre Lønborg</stop>
    <stop arrival="10:20" departure="10:20">Lønborg</stop>
    <stop arrival="10:20" departure="10:20">Brunestykket</stop>
    <stop arrival="10:21" departure="10:21">Hellebakken</stop>
    <stop arrival="10:22" departure="10:22">Eikeviken</stop>
    <stop arrival="10:23" departure="10:23">Solbakken</stop>
    <stop arrival="10:24" departure="10:24">Handelshøyskolen</stop>
    <stop arrival="10:25" departure="10:25">Nyhavnsvei (Gamle Bergen)</stop>
    <stop arrival="10:27" departure="10:27">Munkebotten</stop>
    <stop arrival="10:27" departure="10:27">Ludebryggen</stop>
    <stop arrival="10:30" departure="10:30">Sandvikstorget</stop>
    <stop arrival="10:31" departure="10:31">Skutevikstorget</stop>
    <stop arrival="10:32" departure="10:32">Bontelabo</stop>
    <stop arrival="10:33" departure="10:33">Slottsgaten</stop>
    <stop arrival="10:34" departure="10:34">Bryggen</stop>
    <stop arrival="10:35" departure="10:35">Olav Kyrres gate</stop>
    <stop arrival="10:40" departure="10:40">Bergen Busstasjon</stop>
    <stop arrival="10:45" departure="10:45">Danmarksplass</stop>
    <stop arrival="10:46" departure="10:46">Solheimsgaten</stop>
    <stop arrival="10:47" departure="10:47">Reperbanen</stop>
    <stop arrival="10:48" departure="10:48">Fjøsangerveien/ Minde Allè</stop>
    <stop arrival="10:51" departure="10:51">Minde</stop>
    <stop arrival="10:52" departure="10:52">Elvebakken</stop>
    <stop arrival="10:53" departure="10:53">Storetveit</stop>
    <stop arrival="10:53" departure="10:53">Fantoft</stop>
    <stop arrival="10:54" departure="10:54">Nydalen</stop>
    <stop arrival="10:55" departure="10:55">Paradis</stop>
    <stop arrival="10:56" departure="10:56">Tveiteråsskiftet</stop>
    <stop arrival="10:57" departure="10:57">Hopsbro</stop>
    <stop arrival="10:59" departure="10:59">Hopstangen</stop>
    <stop arrival="11:00" departure="11:00">Nesttun terminal</stop>
    <stop arrival="11:02" departure="11:02">Nesttun</stop>
    <stop arrival="11:05" departure="11:05">Skjoldskiftet</stop>
    <stop arrival="11:05" departure="11:05">Nesttunbrekka</stop>
    <stop arrival="11:06" departure="11:06">Mårdalen</stop>
    <stop arrival="11:06" departure="11:06">Skjoldhøgda</stop>
    <stop arrival="11:06" departure="11:06">Skjold skole</stop>
    <stop arrival="11:07" departure="11:07">Søråsveien</stop>
    <stop arrival="11:07" departure="11:07">Kilden senter</stop>
    <stop arrival="11:08" departure="11:08">Nordåsgrenda</stop>
    <stop arrival="11:09" departure="11:09">Nordåstræet</stop>
    <stop arrival="11:10" departure="11:10">Nordås</stop>
    <stop arrival="11:11" departure="11:11">Nordåstræet</stop>
    <stop arrival="11:12" departure="11:12">Nordåsgrenda</stop>
    <stop arrival="11:14" departure="11:14">Søråsgrenda</stop>
    <stop arrival="11:15">Søråshøgda snuplass</stop>
  </route>
  <route no="50" destination="Åsane terminal" url="http://www.web2051.no/bin/tp/zuginfo.exe/on/332928/111790/313526/45788/1/" trafficDays="kjører Lø, ikke 1. Mai">
    <stop departure="9:08" routeNo="50">Dolvik terminal</stop>
    <stop arrival="9:08" departure="9:08">Skranevegen</stop>
    <stop arrival="9:09" departure="9:09">Regnbueåsen</stop>
    <stop arrival="9:10" departure="9:10">Fanatorget</stop>
    <stop arrival="9:11" departure="9:11">Petedalsheia</stop>
    <stop arrival="9:12" departure="9:12">Hydro Sandsli</stop>
    <stop arrival="9:15" departure="9:15">Håvardstun</stop>
    <stop arrival="9:18" departure="9:18">Meyer</stop>
    <stop arrival="9:19" departure="9:19">Rådal</stop>
    <stop arrival="9:20" departure="9:20">Rådal ved Lagunen</stop>
    <stop arrival="9:23" departure="9:23">Skjold skole</stop>
    <stop arrival="9:25" departure="9:25">Mårdalen</stop>
    <stop arrival="9:26" departure="9:26">Nesttunbrekka</stop>
    <stop arrival="9:26" departure="9:26">Skjoldskiftet</stop>
    <stop arrival="9:27" departure="9:27">Nesttun</stop>
    <stop arrival="9:28" departure="9:28">Nesttun terminal</stop>
    <stop arrival="9:29" departure="9:29">Hopsbro</stop>
    <stop arrival="9:30" departure="9:30">Tveiteråsskiftet</stop>
    <stop arrival="9:31" departure="9:31">Paradis/50</stop>
    <stop arrival="9:33" departure="9:33">Stavkirken</stop>
    <stop arrival="9:34" departure="9:34">Natlandslien</stop>
    <stop arrival="9:35" departure="9:35">Birkelundsbakken</stop>
    <stop arrival="9:36" departure="9:36">Birkelundstoppen</stop>
    <stop arrival="9:37" departure="9:37">Knausen</stop>
    <stop arrival="9:37" departure="9:37">Kolstibotn</stop>
    <stop arrival="9:38" departure="9:38">H. Jægers vei</stop>
    <stop arrival="9:38" departure="9:38">Bolstad</stop>
    <stop arrival="9:39" departure="9:39">Mannsverk</stop>
    <stop arrival="9:39" departure="9:39">Wiers -Jenssens vei</stop>
    <stop arrival="9:40" departure="9:40">Erleveien</stop>
    <stop arrival="9:40" departure="9:40">Landåstorget</stop>
    <stop arrival="9:41" departure="9:41">Natlandsv. v/Hagerupsvei</stop>
    <stop arrival="9:41" departure="9:41">Langhaugen</stop>
    <stop arrival="9:42" departure="9:42">Fridalen</stop>
    <stop arrival="9:43" departure="9:43">Haukeland sykehus sør</stop>
    <stop arrival="9:44" departure="9:44">Haukeland sykehus nord</stop>
    <stop arrival="9:45" departure="9:45">Haraldsplass sykehus</stop>
    <stop arrival="9:46" departure="9:46">Haukeland skole</stop>
    <stop arrival="9:47" departure="9:47">Svartediksveien</stop>
    <stop arrival="9:48" departure="9:48">Kalvedalsveien</stop>
    <stop arrival="9:49" departure="9:49">Kalfarlien</stop>
    <stop arrival="9:51" departure="9:51">Stadsporten (jernbanen)</stop>
    <stop arrival="9:52" departure="9:52">Kong Oscars gate</stop>
    <stop arrival="9:53" departure="9:53">Allehelgensgate</stop>
    <stop arrival="9:53" departure="9:53">Torget (Bergen)</stop>
    <stop arrival="9:54" departure="9:54">Bryggen</stop>
    <stop arrival="9:55" departure="9:55">Slottsgaten</stop>
    <stop arrival="9:56" departure="9:56">Bontelabo</stop>
    <stop arrival="9:56" departure="9:56">Skutevikstorget</stop>
    <stop arrival="9:57" departure="9:57">Sjøgaten</stop>
    <stop arrival="9:57" departure="9:57">Sandvikstorget</stop>
    <stop arrival="9:58" departure="9:58">Ludebryggen</stop>
    <stop arrival="9:59" departure="9:59">Munkebotten</stop>
    <stop arrival="10:00" departure="10:00">Nyhavnsvei (Gamle Bergen)</stop>
    <stop arrival="10:01" departure="10:01">Handelshøyskolen</stop>
    <stop arrival="10:03" departure="10:03">Eidsvåg gamlevegen</stop>
    <stop arrival="10:04" departure="10:04">Selvikvegen</stop>
    <stop arrival="10:05" departure="10:05">Ervik nedre (Sellesvingen)</stop>
    <stop arrival="10:05" departure="10:05">Ervik øvre</stop>
    <stop arrival="10:06" departure="10:06">Åstveitvegen</stop>
    <stop arrival="10:07" departure="10:07">Griggastemma</stop>
    <stop arrival="10:08" departure="10:08">Tertneskrysset gamleveien</stop>
    <stop arrival="10:09" departure="10:09">Stamskaret</stop>
    <stop arrival="10:09" departure="10:09">Hesthaugen</stop>
    <stop arrival="10:10">Åsane terminal</stop>
  </route>
  <route no="71" destination="Viddalen" url="http://www.web2051.no/bin/tp/zuginfo.exe/on/547335/187172/160682/102106/1/" trafficDays="kjører Ma - Fr, ikke 13., 17., 24. Mai">
    <stop departure="9:30" routeNo="71">Nipedalen</stop>
    <stop arrival="9:31" departure="9:31">Lyngbøkollen</stop>
    <stop arrival="9:32" departure="9:32">Øvre Lyngbø</stop>
    <stop arrival="9:33" departure="9:33">Nipedalen v/nr.23</stop>
    <stop arrival="9:33" departure="9:33">Nipedalen v/Lyngbøveien</stop>
    <stop arrival="9:34" departure="9:34">Lyngbøveien</stop>
    <stop arrival="9:35" departure="9:35">Nygårdslien</stop>
    <stop arrival="9:35" departure="9:35">Haustbeitet</stop>
    <stop arrival="9:36" departure="9:36">Nygård, Laksevåg</stop>
    <stop arrival="9:38" departure="9:38">Kringsjå</stop>
    <stop arrival="9:39" departure="9:39">Oldernes</stop>
    <stop arrival="9:40" departure="9:40">Vågedalen</stop>
    <stop arrival="9:41" departure="9:41">Fergeveien</stop>
    <stop arrival="9:43" departure="9:43">Jansongården</stop>
    <stop arrival="9:44" departure="9:44">Solveien</stop>
    <stop arrival="9:45" departure="9:45">Gyldenpris</stop>
    <stop arrival="9:48" departure="9:48">Møhlenpris v/ Industrihuset</stop>
    <stop arrival="9:50" departure="9:50">Christies gate (Festplassen)</stop>
    <stop arrival="9:53" departure="9:53">Torget (Bergen)</stop>
    <stop arrival="9:54" departure="9:54">Bryggen</stop>
    <stop arrival="9:54" departure="9:54">Slottsgaten</stop>
    <stop arrival="9:55" departure="9:55">Bontelabo</stop>
    <stop arrival="9:56" departure="9:56">Skutevikstorget</stop>
    <stop arrival="9:56" departure="9:56">Sjøgaten</stop>
    <stop arrival="9:57" departure="9:57">Sandvikstorget</stop>
    <stop arrival="9:58" departure="9:58">Ludebryggen</stop>
    <stop arrival="9:58" departure="9:58">Munkebotten</stop>
    <stop arrival="10:00" departure="10:00">Nyhavnsvei (Gamle Bergen)</stop>
    <stop arrival="10:01" departure="10:01">Handelshøyskolen</stop>
    <stop arrival="10:03" departure="10:03">Eidsvåg</stop>
    <stop arrival="10:06" departure="10:06">Tertneskrysset nyevegen</stop>
    <stop arrival="10:08" departure="10:08">Stamskaret</stop>
    <stop arrival="10:09" departure="10:09">Hesthaugen</stop>
    <stop arrival="10:10" departure="10:10">Åsane terminal</stop>
    <stop arrival="10:12" departure="10:12">Ulsetåsen</stop>
    <stop arrival="10:13" departure="10:13">Haukeberget</stop>
    <stop arrival="10:15" departure="10:15">Botnane</stop>
    <stop arrival="10:16" departure="10:16">Haukedalsvegen</stop>
    <stop arrival="10:17" departure="10:17">Sjøveien</stop>
    <stop arrival="10:18" departure="10:18">Tertitten</stop>
    <stop arrival="10:18" departure="10:18">Kipo</stop>
    <stop arrival="10:19" departure="10:19">Storevarden</stop>
    <stop arrival="10:19" departure="10:19">Nesmyr</stop>
    <stop arrival="10:20" departure="10:20">Bekkjarvik (Åsane)</stop>
    <stop arrival="10:21" departure="10:21">Bekkjarvikkryss (Åsane)</stop>
    <stop arrival="10:22" departure="10:22">Kvernevikstemma</stop>
    <stop arrival="10:22" departure="10:22">Åsane sand + singel</stop>
    <stop arrival="10:23" departure="10:23">Bryggedalen</stop>
    <stop arrival="10:25">Viddalen</stop>
  </route>
  <route no="24" destination="Åsane terminal" url="http://www.web2051.no/bin/tp/zuginfo.exe/on/133779/48800/626866/268842/1/" trafficDays="kjører Ma - Fr, ikke 13., 17., 24. Mai">
    <stop departure="9:15" routeNo="24">Nesttun terminal</stop>
    <stop arrival="9:17" departure="9:17">Hopsbro</stop>
    <stop arrival="9:19" departure="9:19">Tveiteråsskiftet</stop>
    <stop arrival="9:20" departure="9:20">Paradis</stop>
    <stop arrival="9:22" departure="9:22">Nydalen</stop>
    <stop arrival="9:24" departure="9:24">Fantoft</stop>
    <stop arrival="9:25" departure="9:25">Storetveit</stop>
    <stop arrival="9:25" departure="9:25">Elvebakken</stop>
    <stop arrival="9:26" departure="9:26">Minde</stop>
    <stop arrival="9:29" departure="9:29">Mindemyren</stop>
    <stop arrival="9:30" departure="9:30">Postterminalen</stop>
    <stop arrival="9:31" departure="9:31">Kanalveien v/LBK</stop>
    <stop arrival="9:33" departure="9:33">Danmarksplass v/Forum kino</stop>
    <stop arrival="9:38" departure="9:38">Bergen Busstasjon</stop>
    <stop arrival="9:40" departure="9:40">Christies gate (Festplassen)</stop>
    <stop arrival="9:43" departure="9:43">Torget v/DnB</stop>
    <stop arrival="9:44" departure="9:44">Bryggen</stop>
    <stop arrival="9:44" departure="9:44">Slottsgaten</stop>
    <stop arrival="9:45" departure="9:45">Bontelabo</stop>
    <stop arrival="9:46" departure="9:46">Skutevikstorget</stop>
    <stop arrival="9:46" departure="9:46">Sjøgaten</stop>
    <stop arrival="9:47" departure="9:47">Sandvikstorget</stop>
    <stop arrival="9:48" departure="9:48">Ludebryggen</stop>
    <stop arrival="9:48" departure="9:48">Munkebotten</stop>
    <stop arrival="9:50" departure="9:50">Nyhavnsvei (Gamle Bergen)</stop>
    <stop arrival="9:51" departure="9:51">Handelshøyskolen</stop>
    <stop arrival="9:52" departure="9:52">Solbakken</stop>
    <stop arrival="9:53" departure="9:53">Eikeviken</stop>
    <stop arrival="9:55" departure="9:55">Hellebakken</stop>
    <stop arrival="9:55" departure="9:55">Brunestykket</stop>
    <stop arrival="9:56" departure="9:56">Lønborg</stop>
    <stop arrival="9:57" departure="9:57">Nordre Lønborg</stop>
    <stop arrival="9:57" departure="9:57">Fagerbakken</stop>
    <stop arrival="9:58" departure="9:58">Eidsvågneset</stop>
    <stop arrival="9:58" departure="9:58">Trolldalen (Eidsvågneset)</stop>
    <stop arrival="9:59" departure="9:59">Trollbekken</stop>
    <stop arrival="9:59" departure="9:59">Tømmervågen</stop>
    <stop arrival="10:00" departure="10:00">Lillevågen</stop>
    <stop arrival="10:01" departure="10:01">Hagebyen (Eidsvåg)</stop>
    <stop arrival="10:02" departure="10:02">Fabrikkvegen</stop>
    <stop arrival="10:03" departure="10:03">Eidsvåg gamlevegen</stop>
    <stop arrival="10:04" departure="10:04">Selvikvegen</stop>
    <stop arrival="10:05" departure="10:05">Ervik nedre (Sellesvingen)</stop>
    <stop arrival="10:05" departure="10:05">Ervik øvre</stop>
    <stop arrival="10:06" departure="10:06">Åstveitvegen</stop>
    <stop arrival="10:07" departure="10:07">Griggastemma</stop>
    <stop arrival="10:08" departure="10:08">Tertneskrysset gamleveien</stop>
    <stop arrival="10:10" departure="10:10">Stamskaret</stop>
    <stop arrival="10:11" departure="10:11">Hesthaugen</stop>
    <stop arrival="10:12">Åsane terminal</stop>
  </route>
  <route no="50" destination="Dolvik terminal" url="http://www.web2051.no/bin/tp/zuginfo.exe/on/136842/46431/144538/26655/1/" trafficDays="kjører Lø, ikke 1. Mai">
    <stop departure="10:10" routeNo="50">Åsane terminal</stop>
    <stop arrival="10:11" departure="10:11">Hesthaugen</stop>
    <stop arrival="10:11" departure="10:11">Stamskaret</stop>
    <stop arrival="10:12" departure="10:12">Tertneskrysset gamleveien</stop>
    <stop arrival="10:13" departure="10:13">Griggastemma</stop>
    <stop arrival="10:14" departure="10:14">Åstveitvegen</stop>
    <stop arrival="10:14" departure="10:14">Ervik øvre</stop>
    <stop arrival="10:15" departure="10:15">Ervik nedre (Sellesvingen)</stop>
    <stop arrival="10:16" departure="10:16">Selvikvegen</stop>
    <stop arrival="10:17" departure="10:17">Eidsvåg</stop>
    <stop arrival="10:19" departure="10:19">Handelshøyskolen</stop>
    <stop arrival="10:20" departure="10:20">Nyhavnsvei (Gamle Bergen)</stop>
    <stop arrival="10:22" departure="10:22">Munkebotten</stop>
    <stop arrival="10:23" departure="10:23">Ludebryggen</stop>
    <stop arrival="10:24" departure="10:24">Sandvikstorget</stop>
    <stop arrival="10:25" departure="10:25">Skutevikstorget</stop>
    <stop arrival="10:26" departure="10:26">Bontelabo</stop>
    <stop arrival="10:27" departure="10:27">Slottsgaten</stop>
    <stop arrival="10:28" departure="10:28">Bryggen</stop>
    <stop arrival="10:29" departure="10:29">Småstrandgaten</stop>
    <stop arrival="10:30" departure="10:30">Nygaten</stop>
    <stop arrival="10:31" departure="10:31">Statsporten (jernbanen)</stop>
    <stop arrival="10:34" departure="10:34">Kalfarlien</stop>
    <stop arrival="10:35" departure="10:35">Kalvedalsveien</stop>
    <stop arrival="10:36" departure="10:36">Svartediksveien</stop>
    <stop arrival="10:37" departure="10:37">Statsarkivet</stop>
    <stop arrival="10:38" departure="10:38">Haraldsplass sykehus</stop>
    <stop arrival="10:39" departure="10:39">Haukeland sykehus nord</stop>
    <stop arrival="10:39" departure="10:39">Haukeland sykehus sør</stop>
    <stop arrival="10:40" departure="10:40">Fridalen</stop>
    <stop arrival="10:40" departure="10:40">Langhaugen</stop>
    <stop arrival="10:41" departure="10:41">Landåssvingen</stop>
    <stop arrival="10:41" departure="10:41">Landåstorget</stop>
    <stop arrival="10:41" departure="10:41">Erleveien</stop>
    <stop arrival="10:42" departure="10:42">Wier-Jenssens vei</stop>
    <stop arrival="10:42" departure="10:42">Mannsverk</stop>
    <stop arrival="10:43" departure="10:43">Bolstad</stop>
    <stop arrival="10:44" departure="10:44">Hans Jægers vei</stop>
    <stop arrival="10:45" departure="10:45">Kolstibotn</stop>
    <stop arrival="10:46" departure="10:46">Knausen</stop>
    <stop arrival="10:47" departure="10:47">Birkelundstoppen</stop>
    <stop arrival="10:48" departure="10:48">Birkelundsbakken</stop>
    <stop arrival="10:48" departure="10:48">Natlandslien</stop>
    <stop arrival="10:48" departure="10:48">Stavkirken</stop>
    <stop arrival="10:49" departure="10:49">Paradis</stop>
    <stop arrival="10:50" departure="10:50">Tveiteråsskiftet</stop>
    <stop arrival="10:51" departure="10:51">Hopsbro</stop>
    <stop arrival="10:52" departure="10:52">Hopstangen</stop>
    <stop arrival="10:53" departure="10:53">Nesttun terminal</stop>
    <stop arrival="10:55" departure="10:55">Nesttun</stop>
    <stop arrival="10:58" departure="10:58">Skjoldskiftet</stop>
    <stop arrival="10:59" departure="10:59">Nesttunbrekka</stop>
    <stop arrival="10:59" departure="10:59">Mårdalen</stop>
    <stop arrival="11:00" departure="11:00">Skjoldhøgda</stop>
    <stop arrival="11:02" departure="11:02">Skjold skole</stop>
    <stop arrival="11:03" departure="11:03">Lagunen</stop>
    <stop arrival="11:04" departure="11:04">Rådal</stop>
    <stop arrival="11:05" departure="11:05">Meyerskiftet</stop>
    <stop arrival="11:09" departure="11:09">Håvardstun</stop>
    <stop arrival="11:10" departure="11:10">Statoil stasjon Sandsli</stop>
    <stop arrival="11:11" departure="11:11">Hydro Sandsli</stop>
    <stop arrival="11:12" departure="11:12">Petedalsheia</stop>
    <stop arrival="11:13" departure="11:13">Fanatorget</stop>
    <stop arrival="11:13" departure="11:13">Regnbueåsen</stop>
    <stop arrival="11:14">Dolvik terminal</stop>
  </route>
  <route no="50" destination="Dolvik terminal" url="http://www.web2051.no/bin/tp/zuginfo.exe/on/718503/240353/546818/33908/1/" trafficDays="kjører Ma - Fr, ikke 13., 17., 24. Mai">
    <stop departure="10:10" routeNo="50">Åsane terminal</stop>
    <stop arrival="10:11" departure="10:11">Hesthaugen</stop>
    <stop arrival="10:12" departure="10:12">Stamskaret</stop>
    <stop arrival="10:13" departure="10:13">Tertneskrysset gamleveien</stop>
    <stop arrival="10:14" departure="10:14">Griggastemma</stop>
    <stop arrival="10:15" departure="10:15">Åstveitvegen</stop>
    <stop arrival="10:15" departure="10:15">Ervik øvre</stop>
    <stop arrival="10:16" departure="10:16">Ervik nedre (Sellesvingen)</stop>
    <stop arrival="10:17" departure="10:17">Selvikvegen</stop>
    <stop arrival="10:18" departure="10:18">Eidsvåg</stop>
    <stop arrival="10:20" departure="10:20">Handelshøyskolen</stop>
    <stop arrival="10:22" departure="10:22">Nyhavnsvei (Gamle Bergen)</stop>
    <stop arrival="10:24" departure="10:24">Munkebotten</stop>
    <stop arrival="10:25" departure="10:25">Ludebryggen</stop>
    <stop arrival="10:26" departure="10:26">Sandvikstorget</stop>
    <stop arrival="10:28" departure="10:28">Skutevikstorget</stop>
    <stop arrival="10:29" departure="10:29">Bontelabo</stop>
    <stop arrival="10:31" departure="10:31">Slottsgaten</stop>
    <stop arrival="10:32" departure="10:32">Bryggen</stop>
    <stop arrival="10:33" departure="10:33">Småstrandgaten</stop>
    <stop arrival="10:34" departure="10:34">Nygaten</stop>
    <stop arrival="10:35" departure="10:35">Statsporten (jernbanen)</stop>
    <stop arrival="10:38" departure="10:38">Kalfarlien</stop>
    <stop arrival="10:39" departure="10:39">Kalvedalsveien</stop>
    <stop arrival="10:40" departure="10:40">Svartediksveien</stop>
    <stop arrival="10:41" departure="10:41">Statsarkivet</stop>
    <stop arrival="10:42" departure="10:42">Haraldsplass sykehus</stop>
    <stop arrival="10:43" departure="10:43">Haukeland sykehus nord</stop>
    <stop arrival="10:44" departure="10:44">Haukeland sykehus sør</stop>
    <stop arrival="10:45" departure="10:45">Fridalen</stop>
    <stop arrival="10:45" departure="10:45">Langhaugen</stop>
    <stop arrival="10:46" departure="10:46">Landåssvingen</stop>
    <stop arrival="10:46" departure="10:46">Landåstorget</stop>
    <stop arrival="10:47" departure="10:47">Erleveien</stop>
    <stop arrival="10:47" departure="10:47">Wier-Jenssens vei</stop>
    <stop arrival="10:48" departure="10:48">Mannsverk</stop>
    <stop arrival="10:48" departure="10:48">Bolstad</stop>
    <stop arrival="10:49" departure="10:49">Hans Jægers vei</stop>
    <stop arrival="10:49" departure="10:49">Kolstibotn</stop>
    <stop arrival="10:49" departure="10:49">Knausen</stop>
    <stop arrival="10:50" departure="10:50">Birkelundstoppen</stop>
    <stop arrival="10:51" departure="10:51">Birkelundsbakken</stop>
    <stop arrival="10:51" departure="10:51">Natlandslien</stop>
    <stop arrival="10:52" departure="10:52">Stavkirken</stop>
    <stop arrival="10:53" departure="10:53">Paradis</stop>
    <stop arrival="10:54" departure="10:54">Tveiteråsskiftet</stop>
    <stop arrival="10:55" departure="10:55">Hopsbro</stop>
    <stop arrival="10:57" departure="10:57">Hopstangen</stop>
    <stop arrival="10:58" departure="10:58">Nesttun terminal</stop>
    <stop arrival="11:00" departure="11:00">Nesttun</stop>
    <stop arrival="11:03" departure="11:03">Skjoldskiftet</stop>
    <stop arrival="11:03" departure="11:03">Nesttunbrekka</stop>
    <stop arrival="11:04" departure="11:04">Mårdalen</stop>
    <stop arrival="11:04" departure="11:04">Skjoldhøgda</stop>
    <stop arrival="11:04" departure="11:04">Skjold skole</stop>
    <stop arrival="11:05" departure="11:05">Lagunen</stop>
    <stop arrival="11:06" departure="11:06">Rådal</stop>
    <stop arrival="11:07" departure="11:07">Meyerskiftet</stop>
    <stop arrival="11:11" departure="11:11">Håvardstun</stop>
    <stop arrival="11:12" departure="11:12">Statoil stasjon Sandsli</stop>
    <stop arrival="11:13" departure="11:13">Hydro Sandsli</stop>
    <stop arrival="11:14" departure="11:14">Petedalsheia</stop>
    <stop arrival="11:15" departure="11:15">Fanatorget</stop>
    <stop arrival="11:20">Dolvik terminal</stop>
  </route>
  <route no="50" destination="Åsane terminal" url="http://www.web2051.no/bin/tp/zuginfo.exe/on/879129/293892/570276/7905/1/" trafficDays="kjører Ma - Fr, ikke 13., 17., 24. Mai">
    <stop departure="9:08" routeNo="50">Dolvik terminal</stop>
    <stop arrival="9:08" departure="9:08">Skranevegen</stop>
    <stop arrival="9:09" departure="9:09">Regnbueåsen</stop>
    <stop arrival="9:10" departure="9:10">Fanatorget</stop>
    <stop arrival="9:11" departure="9:11">Petedalsheia</stop>
    <stop arrival="9:12" departure="9:12">Hydro Sandsli</stop>
    <stop arrival="9:15" departure="9:15">Håvardstun</stop>
    <stop arrival="9:18" departure="9:18">Meyer</stop>
    <stop arrival="9:19" departure="9:19">Rådal</stop>
    <stop arrival="9:20" departure="9:20">Rådal ved Lagunen</stop>
    <stop arrival="9:25" departure="9:25">Skjold skole</stop>
    <stop arrival="9:27" departure="9:27">Mårdalen</stop>
    <stop arrival="9:28" departure="9:28">Nesttunbrekka</stop>
    <stop arrival="9:28" departure="9:28">Skjoldskiftet</stop>
    <stop arrival="9:29" departure="9:29">Nesttun</stop>
    <stop arrival="9:30" departure="9:30">Nesttun terminal</stop>
    <stop arrival="9:32" departure="9:32">Hopsbro</stop>
    <stop arrival="9:34" departure="9:34">Tveiteråsskiftet</stop>
    <stop arrival="9:35" departure="9:35">Paradis/50</stop>
    <stop arrival="9:36" departure="9:36">Stavkirken</stop>
    <stop arrival="9:36" departure="9:36">Natlandslien</stop>
    <stop arrival="9:37" departure="9:37">Birkelundsbakken</stop>
    <stop arrival="9:37" departure="9:37">Birkelundstoppen</stop>
    <stop arrival="9:38" departure="9:38">Knausen</stop>
    <stop arrival="9:38" departure="9:38">Kolstibotn</stop>
    <stop arrival="9:39" departure="9:39">H. Jægers vei</stop>
    <stop arrival="9:39" departure="9:39">Bolstad</stop>
    <stop arrival="9:40" departure="9:40">Mannsverk</stop>
    <stop arrival="9:41" departure="9:41">Wiers -Jenssens vei</stop>
    <stop arrival="9:42" departure="9:42">Erleveien</stop>
    <stop arrival="9:42" departure="9:42">Landåstorget</stop>
    <stop arrival="9:44" departure="9:44">Natlandsv. v/Hagerupsvei</stop>
    <stop arrival="9:44" departure="9:44">Langhaugen</stop>
    <stop arrival="9:45" departure="9:45">Fridalen</stop>
    <stop arrival="9:47" departure="9:47">Haukeland sykehus sør</stop>
    <stop arrival="9:48" departure="9:48">Haukeland sykehus nord</stop>
    <stop arrival="9:49" departure="9:49">Haraldsplass sykehus</stop>
    <stop arrival="9:50" departure="9:50">Haukeland skole</stop>
    <stop arrival="9:51" departure="9:51">Svartediksveien</stop>
    <stop arrival="9:52" departure="9:52">Kalvedalsveien</stop>
    <stop arrival="9:53" departure="9:53">Kalfarlien</stop>
    <stop arrival="9:55" departure="9:55">Stadsporten (jernbanen)</stop>
    <stop arrival="9:56" departure="9:56">Kong Oscars gate</stop>
    <stop arrival="9:57" departure="9:57">Allehelgensgate</stop>
    <stop arrival="9:57" departure="9:57">Torget (Bergen)</stop>
    <stop arrival="9:58" departure="9:58">Bryggen</stop>
    <stop arrival="9:59" departure="9:59">Slottsgaten</stop>
    <stop arrival="10:00" departure="10:00">Bontelabo</stop>
    <stop arrival="10:00" departure="10:00">Skutevikstorget</stop>
    <stop arrival="10:01" departure="10:01">Sjøgaten</stop>
    <stop arrival="10:01" departure="10:01">Sandvikstorget</stop>
    <stop arrival="10:02" departure="10:02">Ludebryggen</stop>
    <stop arrival="10:03" departure="10:03">Munkebotten</stop>
    <stop arrival="10:04" departure="10:04">Nyhavnsvei (Gamle Bergen)</stop>
    <stop arrival="10:05" departure="10:05">Handelshøyskolen</stop>
    <stop arrival="10:07" departure="10:07">Eidsvåg gamlevegen</stop>
    <stop arrival="10:08" departure="10:08">Selvikvegen</stop>
    <stop arrival="10:09" departure="10:09">Ervik nedre (Sellesvingen)</stop>
    <stop arrival="10:09" departure="10:09">Ervik øvre</stop>
    <stop arrival="10:10" departure="10:10">Åstveitvegen</stop>
    <stop arrival="10:11" departure="10:11">Griggastemma</stop>
    <stop arrival="10:12" departure="10:12">Tertneskrysset gamleveien</stop>
    <stop arrival="10:14" departure="10:14">Stamskaret</stop>
    <stop arrival="10:15" departure="10:15">Hesthaugen</stop>
    <stop arrival="10:16">Åsane terminal</stop>
  </route>
  <route no="90" destination="Støbotn snuplass" url="http://www.web2051.no/bin/tp/zuginfo.exe/on/219240/77925/935726/394783/1/" trafficDays="kjører Sø, også 1., 13., 17., 24. Mai">
    <stop departure="9:40" routeNo="90">Sletten (Bergen)</stop>
    <stop arrival="9:42" departure="9:42">Johan Hjorts vei</stop>
    <stop arrival="9:43" departure="9:43">Bergenshallen</stop>
    <stop arrival="9:44" departure="9:44">Sletten Shoppingsenter</stop>
    <stop arrival="9:45" departure="9:45">Fageråsen</stop>
    <stop arrival="9:46" departure="9:46">Hagerups vei</stop>
    <stop arrival="9:47" departure="9:47">Natlandsv. v/Hagerupsvei</stop>
    <stop arrival="9:48" departure="9:48">Langhaugen</stop>
    <stop arrival="9:49" departure="9:49">Fridalen</stop>
    <stop arrival="9:50" departure="9:50">Haukelandsveien</stop>
    <stop arrival="9:51" departure="9:51">Ibsens gate /Haukeland sykehus</stop>
    <stop arrival="9:52" departure="9:52">Bjørnsons gate</stop>
    <stop arrival="9:54" departure="9:54">Årstad VGS</stop>
    <stop arrival="9:55" departure="9:55">Danmarksplass v/Forum kino</stop>
    <stop arrival="9:58" departure="9:58">Bergen Busstasjon</stop>
    <stop arrival="10:00" departure="10:00">Christies gate (Festplassen)</stop>
    <stop arrival="10:03" departure="10:03">Torget (Bergen)</stop>
    <stop arrival="10:04" departure="10:04">Bryggen</stop>
    <stop arrival="10:04" departure="10:04">Slottsgaten</stop>
    <stop arrival="10:05" departure="10:05">Bontelabo</stop>
    <stop arrival="10:06" departure="10:06">Skutevikstorget</stop>
    <stop arrival="10:06" departure="10:06">Sjøgaten</stop>
    <stop arrival="10:07" departure="10:07">Sandvikstorget</stop>
    <stop arrival="10:08" departure="10:08">Ludebryggen</stop>
    <stop arrival="10:08" departure="10:08">Munkebotten</stop>
    <stop arrival="10:10" departure="10:10">Nyhavnsvei (Gamle Bergen)</stop>
    <stop arrival="10:11" departure="10:11">Handelshøyskolen</stop>
    <stop arrival="10:13" departure="10:13">Eidsvåg</stop>
    <stop arrival="10:16" departure="10:16">Tertneskrysset nyevegen</stop>
    <stop arrival="10:18" departure="10:18">Stamskaret</stop>
    <stop arrival="10:18" departure="10:18">Hesthaugen</stop>
    <stop arrival="10:19" departure="10:19">Åsane terminal</stop>
    <stop arrival="10:20" departure="10:20">Åsane Brannstasjon</stop>
    <stop arrival="10:21" departure="10:21">Flatevad</stop>
    <stop arrival="10:22" departure="10:22">Spondalen</stop>
    <stop arrival="10:22" departure="10:22">Torvbakken</stop>
    <stop arrival="10:23" departure="10:23">Morvikbotn</stop>
    <stop arrival="10:24" departure="10:24">Viddalen</stop>
    <stop arrival="10:25" departure="10:25">Bakketoppen, Morvik</stop>
    <stop arrival="10:27" departure="10:27">Kollbudalen</stop>
    <stop arrival="10:28" departure="10:28">Saudalen</stop>
    <stop arrival="10:29" departure="10:29">Saudalskleivane</stop>
    <stop arrival="10:30" departure="10:30">Lokketodalen</stop>
    <stop arrival="10:31" departure="10:31">Slettestølen</stop>
    <stop arrival="10:32" departure="10:32">Marikollen</stop>
    <stop arrival="10:33" departure="10:33">Toppe</stop>
    <stop arrival="10:34">Støbotn snuplass</stop>
  </route>
  <route no="71" destination="Nipedalen" url="http://www.web2051.no/bin/tp/zuginfo.exe/on/717843/243979/66666/205948/1/" trafficDays="kjører Lø, ikke 1. Mai">
    <stop departure="10:05" routeNo="71">Viddalen</stop>
    <stop arrival="10:07" departure="10:07">Bryggedalen</stop>
    <stop arrival="10:08" departure="10:08">Åsane sand + singel</stop>
    <stop arrival="10:08" departure="10:08">Kvernevikstemma</stop>
    <stop arrival="10:09" departure="10:09">Tertitten</stop>
    <stop arrival="10:10" departure="10:10">Bekkjarvik (Åsane)</stop>
    <stop arrival="10:11" departure="10:11">Nesmyr</stop>
    <stop arrival="10:11" departure="10:11">Storevarden</stop>
    <stop arrival="10:12" departure="10:12">Kipo</stop>
    <stop arrival="10:12" departure="10:12">Bekkjarvikkryss (Åsane)</stop>
    <stop arrival="10:13" departure="10:13">Sjøveien</stop>
    <stop arrival="10:14" departure="10:14">Haukedalsvegen</stop>
    <stop arrival="10:15" departure="10:15">Botnane</stop>
    <stop arrival="10:16" departure="10:16">Haukeberget</stop>
    <stop arrival="10:17" departure="10:17">Ulsetåsen</stop>
    <stop arrival="10:18" departure="10:18">Åsane Brannstasjon</stop>
    <stop arrival="10:20" departure="10:20">Åsane terminal</stop>
    <stop arrival="10:21" departure="10:21">Hesthaugen</stop>
    <stop arrival="10:22" departure="10:22">Stamskaret</stop>
    <stop arrival="10:24" departure="10:24">Tertneskrysset nyevegen</stop>
    <stop arrival="10:26" departure="10:26">Eidsvåg</stop>
    <stop arrival="10:28" departure="10:28">Handelshøyskolen</stop>
    <stop arrival="10:30" departure="10:30">Nyhavnsvei (Gamle Bergen)</stop>
    <stop arrival="10:31" departure="10:31">Munkebotten</stop>
    <stop arrival="10:32" departure="10:32">Ludebryggen</stop>
    <stop arrival="10:33" departure="10:33">Sandvikstorget</stop>
    <stop arrival="10:35" departure="10:35">Skutevikstorget</stop>
    <stop arrival="10:36" departure="10:36">Bontelabo</stop>
    <stop arrival="10:38" departure="10:38">Slottsgaten</stop>
    <stop arrival="10:39" departure="10:39">Bryggen</stop>
    <stop arrival="10:40" departure="10:40">Olav Kyrres gate</stop>
    <stop arrival="10:43" departure="10:43">Møhlenpris v/ Industrihuset</stop>
    <stop arrival="10:45" departure="10:45">Gyldenpris</stop>
    <stop arrival="10:46" departure="10:46">Solveien</stop>
    <stop arrival="10:47" departure="10:47">Jansongården</stop>
    <stop arrival="10:49" departure="10:49">Fergeveien</stop>
    <stop arrival="10:49" departure="10:49">Vågedalen</stop>
    <stop arrival="10:51" departure="10:51">Oldernes</stop>
    <stop arrival="10:51" departure="10:51">Kringsjå</stop>
    <stop arrival="10:53" departure="10:53">Nygård, Laksevåg</stop>
    <stop arrival="10:53" departure="10:53">Haustbeitet</stop>
    <stop arrival="10:54" departure="10:54">Nygårdslien</stop>
    <stop arrival="10:55" departure="10:55">Lyngbøveien</stop>
    <stop arrival="10:56" departure="10:56">Nipedalen v/Lyngbøveien</stop>
    <stop arrival="10:57" departure="10:57">Nipedalen v/nr. 23</stop>
    <stop arrival="10:59" departure="10:59">Lyngbøkollen</stop>
    <stop arrival="11:00">Nipedalen</stop>
  </route>
  <route no="71" destination="Nipedalen" url="http://www.web2051.no/bin/tp/zuginfo.exe/on/110370/41518/844214/385320/1/" trafficDays="kjører Ma - Fr, ikke 13., 17., 24. Mai">
    <stop departure="10:05" routeNo="71">Viddalen</stop>
    <stop arrival="10:07" departure="10:07">Bryggedalen</stop>
    <stop arrival="10:08" departure="10:08">Åsane sand + singel</stop>
    <stop arrival="10:08" departure="10:08">Kvernevikstemma</stop>
    <stop arrival="10:09" departure="10:09">Tertitten</stop>
    <stop arrival="10:10" departure="10:10">Bekkjarvik (Åsane)</stop>
    <stop arrival="10:11" departure="10:11">Nesmyr</stop>
    <stop arrival="10:11" departure="10:11">Storevarden</stop>
    <stop arrival="10:12" departure="10:12">Kipo</stop>
    <stop arrival="10:12" departure="10:12">Bekkjarvikkryss (Åsane)</stop>
    <stop arrival="10:13" departure="10:13">Sjøveien</stop>
    <stop arrival="10:14" departure="10:14">Haukedalsvegen</stop>
    <stop arrival="10:15" departure="10:15">Botnane</stop>
    <stop arrival="10:16" departure="10:16">Haukeberget</stop>
    <stop arrival="10:17" departure="10:17">Ulsetåsen</stop>
    <stop arrival="10:18" departure="10:18">Åsane Brannstasjon</stop>
    <stop arrival="10:20" departure="10:20">Åsane terminal</stop>
    <stop arrival="10:21" departure="10:21">Hesthaugen</stop>
    <stop arrival="10:22" departure="10:22">Stamskaret</stop>
    <stop arrival="10:23" departure="10:23">Tertneskrysset nyevegen</stop>
    <stop arrival="10:26" departure="10:26">Eidsvåg</stop>
    <stop arrival="10:28" departure="10:28">Handelshøyskolen</stop>
    <stop arrival="10:30" departure="10:30">Nyhavnsvei (Gamle Bergen)</stop>
    <stop arrival="10:32" departure="10:32">Munkebotten</stop>
    <stop arrival="10:33" departure="10:33">Ludebryggen</stop>
    <stop arrival="10:34" departure="10:34">Sandvikstorget</stop>
    <stop arrival="10:36" departure="10:36">Skutevikstorget</stop>
    <stop arrival="10:37" departure="10:37">Bontelabo</stop>
    <stop arrival="10:38" departure="10:38">Slottsgaten</stop>
    <stop arrival="10:40" departure="10:40">Bryggen</stop>
    <stop arrival="10:41" departure="10:41">Olav Kyrres gate</stop>
    <stop arrival="10:44" departure="10:44">Møhlenpris v/ Industrihuset</stop>
    <stop arrival="10:46" departure="10:46">Gyldenpris</stop>
    <stop arrival="10:47" departure="10:47">Solveien</stop>
    <stop arrival="10:48" departure="10:48">Jansongården</stop>
    <stop arrival="10:50" departure="10:50">Fergeveien</stop>
    <stop arrival="10:51" departure="10:51">Vågedalen</stop>
    <stop arrival="10:53" departure="10:53">Oldernes</stop>
    <stop arrival="10:54" departure="10:54">Kringsjå</stop>
    <stop arrival="10:55" departure="10:55">Nygård, Laksevåg</stop>
    <stop arrival="10:56" departure="10:56">Haustbeitet</stop>
    <stop arrival="10:57" departure="10:57">Nygårdslien</stop>
    <stop arrival="10:58" departure="10:58">Lyngbøveien</stop>
    <stop arrival="11:00" departure="11:00">Nipedalen v/Lyngbøveien</stop>
    <stop arrival="11:01" departure="11:01">Nipedalen v/nr. 23</stop>
    <stop arrival="11:03" departure="11:03">Lyngbøkollen</stop>
    <stop arrival="11:05">Nipedalen</stop>
  </route>
  <route no="21" destination="Åsane terminal" url="http://www.web2051.no/bin/tp/zuginfo.exe/on/917661/309828/964144/176185/1/" trafficDays="kjører Sø, også 1., 13., 17., 24. Mai">
    <stop departure="9:20" routeNo="21">Søråshøgda snuplass</stop>
    <stop arrival="9:21" departure="9:21">Søråsgrenda</stop>
    <stop arrival="9:23" departure="9:23">Nordåsgrenda</stop>
    <stop arrival="9:24" departure="9:24">Nordåstræet</stop>
    <stop arrival="9:25" departure="9:25">Nordås</stop>
    <stop arrival="9:27" departure="9:27">Nordåstræet</stop>
    <stop arrival="9:28" departure="9:28">Nordåsgrenda</stop>
    <stop arrival="9:28" departure="9:28">Kilden senter</stop>
    <stop arrival="9:29" departure="9:29">Søråsveien</stop>
    <stop arrival="9:30" departure="9:30">Skjold skole</stop>
    <stop arrival="9:32" departure="9:32">Mårdalen</stop>
    <stop arrival="9:33" departure="9:33">Nesttunbrekka</stop>
    <stop arrival="9:33" departure="9:33">Skjoldskiftet</stop>
    <stop arrival="9:34" departure="9:34">Nesttun</stop>
    <stop arrival="9:35" departure="9:35">Nesttun terminal</stop>
    <stop arrival="9:36" departure="9:36">Hopsbro</stop>
    <stop arrival="9:37" departure="9:37">Tveiteråsskiftet</stop>
    <stop arrival="9:38" departure="9:38">Paradis</stop>
    <stop arrival="9:40" departure="9:40">Nydalen</stop>
    <stop arrival="9:41" departure="9:41">Fantoft</stop>
    <stop arrival="9:42" departure="9:42">Storetveit</stop>
    <stop arrival="9:42" departure="9:42">Elvebakken</stop>
    <stop arrival="9:43" departure="9:43">Minde</stop>
    <stop arrival="9:46" departure="9:46">Mindemyren</stop>
    <stop arrival="9:47" departure="9:47">Postterminalen</stop>
    <stop arrival="9:47" departure="9:47">Kanalveien v/LBK</stop>
    <stop arrival="9:49" departure="9:49">Danmarksplass v/Forum kino</stop>
    <stop arrival="9:53" departure="9:53">Bergen Busstasjon</stop>
    <stop arrival="9:56" departure="9:56">Christies gate (Festplassen)</stop>
    <stop arrival="9:59" departure="9:59">Torget v/DnB</stop>
    <stop arrival="10:00" departure="10:00">Bryggen</stop>
    <stop arrival="10:00" departure="10:00">Slottsgaten</stop>
    <stop arrival="10:01" departure="10:01">Bontelabo</stop>
    <stop arrival="10:02" departure="10:02">Skutevikstorget</stop>
    <stop arrival="10:02" departure="10:02">Sjøgaten</stop>
    <stop arrival="10:03" departure="10:03">Sandvikstorget</stop>
    <stop arrival="10:04" departure="10:04">Ludebryggen</stop>
    <stop arrival="10:04" departure="10:04">Munkebotten</stop>
    <stop arrival="10:06" departure="10:06">Nyhavnsvei (Gamle Bergen)</stop>
    <stop arrival="10:07" departure="10:07">Handelshøyskolen</stop>
    <stop arrival="10:08" departure="10:08">Solbakken</stop>
    <stop arrival="10:08" departure="10:08">Eikeviken</stop>
    <stop arrival="10:09" departure="10:09">Hellebakken</stop>
    <stop arrival="10:10" departure="10:10">Brunestykket</stop>
    <stop arrival="10:11" departure="10:11">Lønborg</stop>
    <stop arrival="10:11" departure="10:11">Nordre Lønborg</stop>
    <stop arrival="10:11" departure="10:11">Fagerbakken</stop>
    <stop arrival="10:12" departure="10:12">Eidsvågneset</stop>
    <stop arrival="10:12" departure="10:12">Trolldalen (Eidsvågneset)</stop>
    <stop arrival="10:12" departure="10:12">Trollbekken</stop>
    <stop arrival="10:13" departure="10:13">Tømmervågen</stop>
    <stop arrival="10:13" departure="10:13">Lillevågen</stop>
    <stop arrival="10:14" departure="10:14">Hagebyen (Eidsvåg)</stop>
    <stop arrival="10:14" departure="10:14">Fabrikkvegen</stop>
    <stop arrival="10:15" departure="10:15">Eidsvåg gamlevegen</stop>
    <stop arrival="10:16" departure="10:16">Selvikvegen</stop>
    <stop arrival="10:17" departure="10:17">Ervik nedre (Sellesvingen)</stop>
    <stop arrival="10:18" departure="10:18">Ervik øvre</stop>
    <stop arrival="10:18" departure="10:18">Åstveitvegen</stop>
    <stop arrival="10:20" departure="10:20">Griggastemma</stop>
    <stop arrival="10:20" departure="10:20">Tertneskrysset gamleveien</stop>
    <stop arrival="10:22" departure="10:22">Stamskaret</stop>
    <stop arrival="10:22" departure="10:22">Hesthaugen</stop>
    <stop arrival="10:23">Åsane terminal</stop>
  </route>
  <route no="24" destination="Åsane terminal" url="http://www.web2051.no/bin/tp/zuginfo.exe/on/835920/282809/371722/92779/1/" trafficDays="kjører Lø, ikke 1. Mai">
    <stop departure="9:45" routeNo="24">Nesttun terminal</stop>
    <stop arrival="9:46" departure="9:46">Hopsbro</stop>
    <stop arrival="9:47" departure="9:47">Tveiteråsskiftet</stop>
    <stop arrival="9:48" departure="9:48">Paradis</stop>
    <stop arrival="9:50" departure="9:50">Nydalen</stop>
    <stop arrival="9:51" departure="9:51">Fantoft</stop>
    <stop arrival="9:52" departure="9:52">Storetveit</stop>
    <stop arrival="9:52" departure="9:52">Elvebakken</stop>
    <stop arrival="9:53" departure="9:53">Minde</stop>
    <stop arrival="9:57" departure="9:57">Mindemyren</stop>
    <stop arrival="9:58" departure="9:58">Postterminalen</stop>
    <stop arrival="9:58" departure="9:58">Kanalveien v/LBK</stop>
    <stop arrival="10:00" departure="10:00">Danmarksplass v/Forum kino</stop>
    <stop arrival="10:04" departure="10:04">Bergen Busstasjon</stop>
    <stop arrival="10:07" departure="10:07">Christies gate (Festplassen)</stop>
    <stop arrival="10:10" departure="10:10">Torget v/DnB</stop>
    <stop arrival="10:11" departure="10:11">Bryggen</stop>
    <stop arrival="10:11" departure="10:11">Slottsgaten</stop>
    <stop arrival="10:12" departure="10:12">Bontelabo</stop>
    <stop arrival="10:13" departure="10:13">Skutevikstorget</stop>
    <stop arrival="10:13" departure="10:13">Sjøgaten</stop>
    <stop arrival="10:14" departure="10:14">Sandvikstorget</stop>
    <stop arrival="10:15" departure="10:15">Ludebryggen</stop>
    <stop arrival="10:15" departure="10:15">Munkebotten</stop>
    <stop arrival="10:17" departure="10:17">Nyhavnsvei (Gamle Bergen)</stop>
    <stop arrival="10:18" departure="10:18">Handelshøyskolen</stop>
    <stop arrival="10:19" departure="10:19">Solbakken</stop>
    <stop arrival="10:19" departure="10:19">Eikeviken</stop>
    <stop arrival="10:20" departure="10:20">Hellebakken</stop>
    <stop arrival="10:21" departure="10:21">Brunestykket</stop>
    <stop arrival="10:22" departure="10:22">Lønborg</stop>
    <stop arrival="10:22" departure="10:22">Nordre Lønborg</stop>
    <stop arrival="10:22" departure="10:22">Fagerbakken</stop>
    <stop arrival="10:23" departure="10:23">Eidsvågneset</stop>
    <stop arrival="10:23" departure="10:23">Trolldalen (Eidsvågneset)</stop>
    <stop arrival="10:23" departure="10:23">Trollbekken</stop>
    <stop arrival="10:24" departure="10:24">Tømmervågen</stop>
    <stop arrival="10:24" departure="10:24">Lillevågen</stop>
    <stop arrival="10:25" departure="10:25">Hagebyen (Eidsvåg)</stop>
    <stop arrival="10:25" departure="10:25">Fabrikkvegen</stop>
    <stop arrival="10:26" departure="10:26">Eidsvåg gamlevegen</stop>
    <stop arrival="10:27" departure="10:27">Selvikvegen</stop>
    <stop arrival="10:28" departure="10:28">Ervik nedre (Sellesvingen)</stop>
    <stop arrival="10:28" departure="10:28">Ervik øvre</stop>
    <stop arrival="10:29" departure="10:29">Åstveitvegen</stop>
    <stop arrival="10:30" departure="10:30">Griggastemma</stop>
    <stop arrival="10:31" departure="10:31">Tertneskrysset gamleveien</stop>
    <stop arrival="10:33" departure="10:33">Stamskaret</stop>
    <stop arrival="10:34" departure="10:34">Hesthaugen</stop>
    <stop arrival="10:35">Åsane terminal</stop>
  </route>
  <route no="24" destination="Nesttun terminal" url="http://www.web2051.no/bin/tp/zuginfo.exe/on/272904/95139/366270/92167/1/" trafficDays="kjører Lø, ikke 1. Mai">
    <stop departure="10:34" routeNo="24">Åsane terminal</stop>
    <stop arrival="10:35" departure="10:35">Hesthaugen</stop>
    <stop arrival="10:36" departure="10:36">Stamskaret</stop>
    <stop arrival="10:37" departure="10:37">Tertneskrysset gamleveien</stop>
    <stop arrival="10:38" departure="10:38">Griggastemma</stop>
    <stop arrival="10:38" departure="10:38">Åstveitvegen</stop>
    <stop arrival="10:39" departure="10:39">Ervik øvre</stop>
    <stop arrival="10:40" departure="10:40">Ervik nedre (Sellesvingen)</stop>
    <stop arrival="10:41" departure="10:41">Selvikvegen</stop>
    <stop arrival="10:42" departure="10:42">Eidsvåg gamlevegen</stop>
    <stop arrival="10:43" departure="10:43">Fabrikkvegen</stop>
    <stop arrival="10:45" departure="10:45">Hagebyen (Eidsvåg)</stop>
    <stop arrival="10:47" departure="10:47">Lillevågen</stop>
    <stop arrival="10:48" departure="10:48">Tømmervågen</stop>
    <stop arrival="10:48" departure="10:48">Trollbekken</stop>
    <stop arrival="10:49" departure="10:49">Trolldalen (Eidsvågneset)</stop>
    <stop arrival="10:51" departure="10:51">Fagerbakken</stop>
    <stop arrival="10:52" departure="10:52">Nordre Lønborg</stop>
    <stop arrival="10:53" departure="10:53">Lønborg</stop>
    <stop arrival="10:53" departure="10:53">Brunestykket</stop>
    <stop arrival="10:54" departure="10:54">Hellebakken</stop>
    <stop arrival="10:55" departure="10:55">Eikeviken</stop>
    <stop arrival="10:56" departure="10:56">Solbakken</stop>
    <stop arrival="10:57" departure="10:57">Handelshøyskolen</stop>
    <stop arrival="10:59" departure="10:59">Nyhavnsvei (Gamle Bergen)</stop>
    <stop arrival="11:01" departure="11:01">Munkebotten</stop>
    <stop arrival="11:02" departure="11:02">Ludebryggen</stop>
    <stop arrival="11:03" departure="11:03">Sandvikstorget</stop>
    <stop arrival="11:05" departure="11:05">Skutevikstorget</stop>
    <stop arrival="11:06" departure="11:06">Bontelabo</stop>
    <stop arrival="11:08" departure="11:08">Slottsgaten</stop>
    <stop arrival="11:09" departure="11:09">Bryggen</stop>
    <stop arrival="11:10" departure="11:10">Olav Kyrres gate</stop>
    <stop arrival="11:15" departure="11:15">Bergen Busstasjon</stop>
    <stop arrival="11:19" departure="11:19">Danmarksplass</stop>
    <stop arrival="11:20" departure="11:20">Solheimsgaten</stop>
    <stop arrival="11:21" departure="11:21">Reperbanen</stop>
    <stop arrival="11:23" departure="11:23">Fjøsangerveien/ Minde Allè</stop>
    <stop arrival="11:26" departure="11:26">Minde</stop>
    <stop arrival="11:27" departure="11:27">Elvebakken</stop>
    <stop arrival="11:28" departure="11:28">Storetveit</stop>
    <stop arrival="11:28" departure="11:28">Fantoft</stop>
    <stop arrival="11:29" departure="11:29">Nydalen</stop>
    <stop arrival="11:30" departure="11:30">Paradis</stop>
    <stop arrival="11:31" departure="11:31">Tveiteråsskiftet</stop>
    <stop arrival="11:32" departure="11:32">Hopsbro</stop>
    <stop arrival="11:34" departure="11:34">Hopstangen</stop>
    <stop arrival="11:35">Nesttun terminal</stop>
  </route>
  <route no="24" destination="Nesttun terminal" url="http://www.web2051.no/bin/tp/zuginfo.exe/on/484845/165825/91302/115964/1/" trafficDays="kjører Ma - Fr, ikke 13., 17., 24. Mai">
    <stop departure="10:34" routeNo="24">Åsane terminal</stop>
    <stop arrival="10:35" departure="10:35">Hesthaugen</stop>
    <stop arrival="10:36" departure="10:36">Stamskaret</stop>
    <stop arrival="10:37" departure="10:37">Tertneskrysset gamleveien</stop>
    <stop arrival="10:38" departure="10:38">Griggastemma</stop>
    <stop arrival="10:38" departure="10:38">Åstveitvegen</stop>
    <stop arrival="10:39" departure="10:39">Ervik øvre</stop>
    <stop arrival="10:40" departure="10:40">Ervik nedre (Sellesvingen)</stop>
    <stop arrival="10:41" departure="10:41">Selvikvegen</stop>
    <stop arrival="10:42" departure="10:42">Eidsvåg gamlevegen</stop>
    <stop arrival="10:42" departure="10:42">Fabrikkvegen</stop>
    <stop arrival="10:44" departure="10:44">Hagebyen (Eidsvåg)</stop>
    <stop arrival="10:45" departure="10:45">Lillevågen</stop>
    <stop arrival="10:46" departure="10:46">Tømmervågen</stop>
    <stop arrival="10:47" departure="10:47">Trollbekken</stop>
    <stop arrival="10:48" departure="10:48">Trolldalen (Eidsvågneset)</stop>
    <stop arrival="10:50" departure="10:50">Fagerbakken</stop>
    <stop arrival="10:52" departure="10:52">Nordre Lønborg</stop>
    <stop arrival="10:53" departure="10:53">Lønborg</stop>
    <stop arrival="10:53" departure="10:53">Brunestykket</stop>
    <stop arrival="10:54" departure="10:54">Hellebakken</stop>
    <stop arrival="10:55" departure="10:55">Eikeviken</stop>
    <stop arrival="10:56" departure="10:56">Solbakken</stop>
    <stop arrival="10:57" departure="10:57">Handelshøyskolen</stop>
    <stop arrival="10:59" departure="10:59">Nyhavnsvei (Gamle Bergen)</stop>
    <stop arrival="11:01" departure="11:01">Munkebotten</stop>
    <stop arrival="11:02" departure="11:02">Ludebryggen</stop>
    <stop arrival="11:03" departure="11:03">Sandvikstorget</stop>
    <stop arrival="11:05" departure="11:05">Skutevikstorget</stop>
    <stop arrival="11:06" departure="11:06">Bontelabo</stop>
    <stop arrival="11:08" departure="11:08">Slottsgaten</stop>
    <stop arrival="11:09" departure="11:09">Bryggen</stop>
    <stop arrival="11:10" departure="11:10">Olav Kyrres gate</stop>
    <stop arrival="11:15" departure="11:15">Bergen Busstasjon</stop>
    <stop arrival="11:19" departure="11:19">Danmarksplass</stop>
    <stop arrival="11:20" departure="11:20">Solheimsgaten</stop>
    <stop arrival="11:21" departure="11:21">Reperbanen</stop>
    <stop arrival="11:23" departure="11:23">Fjøsangerveien/ Minde Allè</stop>
    <stop arrival="11:27" departure="11:27">Minde</stop>
    <stop arrival="11:28" departure="11:28">Elvebakken</stop>
    <stop arrival="11:28" departure="11:28">Storetveit</stop>
    <stop arrival="11:28" departure="11:28">Fantoft</stop>
    <stop arrival="11:29" departure="11:29">Nydalen</stop>
    <stop arrival="11:30" departure="11:30">Paradis</stop>
    <stop arrival="11:31" departure="11:31">Tveiteråsskiftet</stop>
    <stop arrival="11:32" departure="11:32">Hopsbro</stop>
    <stop arrival="11:34" departure="11:34">Hopstangen</stop>
    <stop arrival="11:35">Nesttun terminal</stop>
  </route>
  <route no="71" destination="Viddalen" url="http://www.web2051.no/bin/tp/zuginfo.exe/on/850992/288391/439566/63884/1/" trafficDays="kjører Ma - Fr, ikke 13., 17., 24. Mai">
    <stop departure="10:00" routeNo="71">Nipedalen</stop>
    <stop arrival="10:01" departure="10:01">Lyngbøkollen</stop>
    <stop arrival="10:02" departure="10:02">Øvre Lyngbø</stop>
    <stop arrival="10:03" departure="10:03">Nipedalen v/nr.23</stop>
    <stop arrival="10:03" departure="10:03">Nipedalen v/Lyngbøveien</stop>
    <stop arrival="10:04" departure="10:04">Lyngbøveien</stop>
    <stop arrival="10:05" departure="10:05">Nygårdslien</stop>
    <stop arrival="10:05" departure="10:05">Haustbeitet</stop>
    <stop arrival="10:06" departure="10:06">Nygård, Laksevåg</stop>
    <stop arrival="10:08" departure="10:08">Kringsjå</stop>
    <stop arrival="10:09" departure="10:09">Oldernes</stop>
    <stop arrival="10:10" departure="10:10">Vågedalen</stop>
    <stop arrival="10:11" departure="10:11">Fergeveien</stop>
    <stop arrival="10:13" departure="10:13">Jansongården</stop>
    <stop arrival="10:14" departure="10:14">Solveien</stop>
    <stop arrival="10:15" departure="10:15">Gyldenpris</stop>
    <stop arrival="10:18" departure="10:18">Møhlenpris v/ Industrihuset</stop>
    <stop arrival="10:20" departure="10:20">Christies gate (Festplassen)</stop>
    <stop arrival="10:23" departure="10:23">Torget (Bergen)</stop>
    <stop arrival="10:24" departure="10:24">Bryggen</stop>
    <stop arrival="10:24" departure="10:24">Slottsgaten</stop>
    <stop arrival="10:25" departure="10:25">Bontelabo</stop>
    <stop arrival="10:26" departure="10:26">Skutevikstorget</stop>
    <stop arrival="10:26" departure="10:26">Sjøgaten</stop>
    <stop arrival="10:27" departure="10:27">Sandvikstorget</stop>
    <stop arrival="10:28" departure="10:28">Ludebryggen</stop>
    <stop arrival="10:28" departure="10:28">Munkebotten</stop>
    <stop arrival="10:30" departure="10:30">Nyhavnsvei (Gamle Bergen)</stop>
    <stop arrival="10:31" departure="10:31">Handelshøyskolen</stop>
    <stop arrival="10:33" departure="10:33">Eidsvåg</stop>
    <stop arrival="10:36" departure="10:36">Tertneskrysset nyevegen</stop>
    <stop arrival="10:38" departure="10:38">Stamskaret</stop>
    <stop arrival="10:39" departure="10:39">Hesthaugen</stop>
    <stop arrival="10:40" departure="10:40">Åsane terminal</stop>
    <stop arrival="10:42" departure="10:42">Ulsetåsen</stop>
    <stop arrival="10:43" departure="10:43">Haukeberget</stop>
    <stop arrival="10:45" departure="10:45">Botnane</stop>
    <stop arrival="10:46" departure="10:46">Haukedalsvegen</stop>
    <stop arrival="10:47" departure="10:47">Sjøveien</stop>
    <stop arrival="10:48" departure="10:48">Tertitten</stop>
    <stop arrival="10:48" departure="10:48">Kipo</stop>
    <stop arrival="10:49" departure="10:49">Storevarden</stop>
    <stop arrival="10:49" departure="10:49">Nesmyr</stop>
    <stop arrival="10:50" departure="10:50">Bekkjarvik (Åsane)</stop>
    <stop arrival="10:51" departure="10:51">Bekkjarvikkryss (Åsane)</stop>
    <stop arrival="10:52" departure="10:52">Kvernevikstemma</stop>
    <stop arrival="10:52" departure="10:52">Åsane sand + singel</stop>
    <stop arrival="10:53" departure="10:53">Bryggedalen</stop>
    <stop arrival="10:55">Viddalen</stop>
  </route>
  <route no="50" destination="Åsane terminal" url="http://www.web2051.no/bin/tp/zuginfo.exe/on/202689/68378/368300/116587/1/" trafficDays="kjører Lø, ikke 1. Mai">
    <stop departure="9:38" routeNo="50">Dolvik terminal</stop>
    <stop arrival="9:38" departure="9:38">Skranevegen</stop>
    <stop arrival="9:39" departure="9:39">Regnbueåsen</stop>
    <stop arrival="9:40" departure="9:40">Fanatorget</stop>
    <stop arrival="9:41" departure="9:41">Petedalsheia</stop>
    <stop arrival="9:42" departure="9:42">Hydro Sandsli</stop>
    <stop arrival="9:45" departure="9:45">Håvardstun</stop>
    <stop arrival="9:48" departure="9:48">Meyer</stop>
    <stop arrival="9:49" departure="9:49">Rådal</stop>
    <stop arrival="9:50" departure="9:50">Rådal ved Lagunen</stop>
    <stop arrival="9:53" departure="9:53">Skjold skole</stop>
    <stop arrival="9:55" departure="9:55">Mårdalen</stop>
    <stop arrival="9:56" departure="9:56">Nesttunbrekka</stop>
    <stop arrival="9:56" departure="9:56">Skjoldskiftet</stop>
    <stop arrival="9:57" departure="9:57">Nesttun</stop>
    <stop arrival="9:58" departure="9:58">Nesttun terminal</stop>
    <stop arrival="9:59" departure="9:59">Hopsbro</stop>
    <stop arrival="10:00" departure="10:00">Tveiteråsskiftet</stop>
    <stop arrival="10:01" departure="10:01">Paradis/50</stop>
    <stop arrival="10:03" departure="10:03">Stavkirken</stop>
    <stop arrival="10:04" departure="10:04">Natlandslien</stop>
    <stop arrival="10:05" departure="10:05">Birkelundsbakken</stop>
    <stop arrival="10:06" departure="10:06">Birkelundstoppen</stop>
    <stop arrival="10:07" departure="10:07">Knausen</stop>
    <stop arrival="10:07" departure="10:07">Kolstibotn</stop>
    <stop arrival="10:08" departure="10:08">H. Jægers vei</stop>
    <stop arrival="10:08" departure="10:08">Bolstad</stop>
    <stop arrival="10:09" departure="10:09">Mannsverk</stop>
    <stop arrival="10:09" departure="10:09">Wiers -Jenssens vei</stop>
    <stop arrival="10:10" departure="10:10">Erleveien</stop>
    <stop arrival="10:10" departure="10:10">Landåstorget</stop>
    <stop arrival="10:11" departure="10:11">Natlandsv. v/Hagerupsvei</stop>
    <stop arrival="10:11" departure="10:11">Langhaugen</stop>
    <stop arrival="10:12" departure="10:12">Fridalen</stop>
    <stop arrival="10:13" departure="10:13">Haukeland sykehus sør</stop>
    <stop arrival="10:14" departure="10:14">Haukeland sykehus nord</stop>
    <stop arrival="10:15" departure="10:15">Haraldsplass sykehus</stop>
    <stop arrival="10:16" departure="10:16">Haukeland skole</stop>
    <stop arrival="10:17" departure="10:17">Svartediksveien</stop>
    <stop arrival="10:18" departure="10:18">Kalvedalsveien</stop>
    <stop arrival="10:19" departure="10:19">Kalfarlien</stop>
    <stop arrival="10:21" departure="10:21">Stadsporten (jernbanen)</stop>
    <stop arrival="10:22" departure="10:22">Kong Oscars gate</stop>
    <stop arrival="10:23" departure="10:23">Allehelgensgate</stop>
    <stop arrival="10:23" departure="10:23">Torget (Bergen)</stop>
    <stop arrival="10:24" departure="10:24">Bryggen</stop>
    <stop arrival="10:25" departure="10:25">Slottsgaten</stop>
    <stop arrival="10:26" departure="10:26">Bontelabo</stop>
    <stop arrival="10:26" departure="10:26">Skutevikstorget</stop>
    <stop arrival="10:27" departure="10:27">Sjøgaten</stop>
    <stop arrival="10:27" departure="10:27">Sandvikstorget</stop>
    <stop arrival="10:28" departure="10:28">Ludebryggen</stop>
    <stop arrival="10:29" departure="10:29">Munkebotten</stop>
    <stop arrival="10:30" departure="10:30">Nyhavnsvei (Gamle Bergen)</stop>
    <stop arrival="10:31" departure="10:31">Handelshøyskolen</stop>
    <stop arrival="10:33" departure="10:33">Eidsvåg gamlevegen</stop>
    <stop arrival="10:34" departure="10:34">Selvikvegen</stop>
    <stop arrival="10:35" departure="10:35">Ervik nedre (Sellesvingen)</stop>
    <stop arrival="10:35" departure="10:35">Ervik øvre</stop>
    <stop arrival="10:36" departure="10:36">Åstveitvegen</stop>
    <stop arrival="10:37" departure="10:37">Griggastemma</stop>
    <stop arrival="10:38" departure="10:38">Tertneskrysset gamleveien</stop>
    <stop arrival="10:40" departure="10:40">Stamskaret</stop>
    <stop arrival="10:41" departure="10:41">Hesthaugen</stop>
    <stop arrival="10:43">Åsane terminal</stop>
  </route>
  <route no="24" destination="Åsane terminal" url="http://www.web2051.no/bin/tp/zuginfo.exe/on/836844/283155/52650/252626/1/" trafficDays="kjører Ma - Fr, ikke 13., 17., 24. Mai">
    <stop departure="9:45" routeNo="24">Nesttun terminal</stop>
    <stop arrival="9:47" departure="9:47">Hopsbro</stop>
    <stop arrival="9:49" departure="9:49">Tveiteråsskiftet</stop>
    <stop arrival="9:50" departure="9:50">Paradis</stop>
    <stop arrival="9:52" departure="9:52">Nydalen</stop>
    <stop arrival="9:54" departure="9:54">Fantoft</stop>
    <stop arrival="9:55" departure="9:55">Storetveit</stop>
    <stop arrival="9:55" departure="9:55">Elvebakken</stop>
    <stop arrival="9:56" departure="9:56">Minde</stop>
    <stop arrival="9:59" departure="9:59">Mindemyren</stop>
    <stop arrival="10:00" departure="10:00">Postterminalen</stop>
    <stop arrival="10:01" departure="10:01">Kanalveien v/LBK</stop>
    <stop arrival="10:03" departure="10:03">Danmarksplass v/Forum kino</stop>
    <stop arrival="10:08" departure="10:08">Bergen Busstasjon</stop>
    <stop arrival="10:10" departure="10:10">Christies gate (Festplassen)</stop>
    <stop arrival="10:13" departure="10:13">Torget v/DnB</stop>
    <stop arrival="10:14" departure="10:14">Bryggen</stop>
    <stop arrival="10:14" departure="10:14">Slottsgaten</stop>
    <stop arrival="10:15" departure="10:15">Bontelabo</stop>
    <stop arrival="10:16" departure="10:16">Skutevikstorget</stop>
    <stop arrival="10:16" departure="10:16">Sjøgaten</stop>
    <stop arrival="10:17" departure="10:17">Sandvikstorget</stop>
    <stop arrival="10:18" departure="10:18">Ludebryggen</stop>
    <stop arrival="10:18" departure="10:18">Munkebotten</stop>
    <stop arrival="10:20" departure="10:20">Nyhavnsvei (Gamle Bergen)</stop>
    <stop arrival="10:21" departure="10:21">Handelshøyskolen</stop>
    <stop arrival="10:22" departure="10:22">Solbakken</stop>
    <stop arrival="10:23" departure="10:23">Eikeviken</stop>
    <stop arrival="10:25" departure="10:25">Hellebakken</stop>
    <stop arrival="10:25" departure="10:25">Brunestykket</stop>
    <stop arrival="10:26" departure="10:26">Lønborg</stop>
    <stop arrival="10:27" departure="10:27">Nordre Lønborg</stop>
    <stop arrival="10:27" departure="10:27">Fagerbakken</stop>
    <stop arrival="10:28" departure="10:28">Eidsvågneset</stop>
    <stop arrival="10:28" departure="10:28">Trolldalen (Eidsvågneset)</stop>
    <stop arrival="10:29" departure="10:29">Trollbekken</stop>
    <stop arrival="10:29" departure="10:29">Tømmervågen</stop>
    <stop arrival="10:30" departure="10:30">Lillevågen</stop>
    <stop arrival="10:31" departure="10:31">Hagebyen (Eidsvåg)</stop>
    <stop arrival="10:32" departure="10:32">Fabrikkvegen</stop>
    <stop arrival="10:33" departure="10:33">Eidsvåg gamlevegen</stop>
    <stop arrival="10:34" departure="10:34">Selvikvegen</stop>
    <stop arrival="10:35" departure="10:35">Ervik nedre (Sellesvingen)</stop>
    <stop arrival="10:35" departure="10:35">Ervik øvre</stop>
    <stop arrival="10:36" departure="10:36">Åstveitvegen</stop>
    <stop arrival="10:37" departure="10:37">Griggastemma</stop>
    <stop arrival="10:38" departure="10:38">Tertneskrysset gamleveien</stop>
    <stop arrival="10:40" departure="10:40">Stamskaret</stop>
    <stop arrival="10:41" departure="10:41">Hesthaugen</stop>
    <stop arrival="10:42">Åsane terminal</stop>
  </route>
  <route no="50" destination="Dolvik terminal" url="http://www.web2051.no/bin/tp/zuginfo.exe/on/19023/7160/285506/136412/1/" trafficDays="kjører Lø, ikke 1. Mai">
    <stop departure="10:40" routeNo="50">Åsane terminal</stop>
    <stop arrival="10:41" departure="10:41">Hesthaugen</stop>
    <stop arrival="10:43" departure="10:43">Stamskaret</stop>
    <stop arrival="10:45" departure="10:45">Tertneskrysset gamleveien</stop>
    <stop arrival="10:46" departure="10:46">Griggastemma</stop>
    <stop arrival="10:47" departure="10:47">Åstveitvegen</stop>
    <stop arrival="10:47" departure="10:47">Ervik øvre</stop>
    <stop arrival="10:48" departure="10:48">Ervik nedre (Sellesvingen)</stop>
    <stop arrival="10:49" departure="10:49">Selvikvegen</stop>
    <stop arrival="10:50" departure="10:50">Eidsvåg</stop>
    <stop arrival="10:52" departure="10:52">Handelshøyskolen</stop>
    <stop arrival="10:54" departure="10:54">Nyhavnsvei (Gamle Bergen)</stop>
    <stop arrival="10:56" departure="10:56">Munkebotten</stop>
    <stop arrival="10:57" departure="10:57">Ludebryggen</stop>
    <stop arrival="10:58" departure="10:58">Sandvikstorget</stop>
    <stop arrival="11:00" departure="11:00">Skutevikstorget</stop>
    <stop arrival="11:01" departure="11:01">Bontelabo</stop>
    <stop arrival="11:03" departure="11:03">Slottsgaten</stop>
    <stop arrival="11:04" departure="11:04">Bryggen</stop>
    <stop arrival="11:05" departure="11:05">Småstrandgaten</stop>
    <stop arrival="11:06" departure="11:06">Nygaten</stop>
    <stop arrival="11:07" departure="11:07">Statsporten (jernbanen)</stop>
    <stop arrival="11:10" departure="11:10">Kalfarlien</stop>
    <stop arrival="11:11" departure="11:11">Kalvedalsveien</stop>
    <stop arrival="11:12" departure="11:12">Svartediksveien</stop>
    <stop arrival="11:13" departure="11:13">Statsarkivet</stop>
    <stop arrival="11:14" departure="11:14">Haraldsplass sykehus</stop>
    <stop arrival="11:15" departure="11:15">Haukeland sykehus nord</stop>
    <stop arrival="11:15" departure="11:15">Haukeland sykehus sør</stop>
    <stop arrival="11:16" departure="11:16">Fridalen</stop>
    <stop arrival="11:16" departure="11:16">Langhaugen</stop>
    <stop arrival="11:17" departure="11:17">Landåssvingen</stop>
    <stop arrival="11:17" departure="11:17">Landåstorget</stop>
    <stop arrival="11:17" departure="11:17">Erleveien</stop>
    <stop arrival="11:18" departure="11:18">Wier-Jenssens vei</stop>
    <stop arrival="11:18" departure="11:18">Mannsverk</stop>
    <stop arrival="11:19" departure="11:19">Bolstad</stop>
    <stop arrival="11:20" departure="11:20">Hans Jægers vei</stop>
    <stop arrival="11:21" departure="11:21">Kolstibotn</stop>
    <stop arrival="11:22" departure="11:22">Knausen</stop>
    <stop arrival="11:23" departure="11:23">Birkelundstoppen</stop>
    <stop arrival="11:24" departure="11:24">Birkelundsbakken</stop>
    <stop arrival="11:24" departure="11:24">Natlandslien</stop>
    <stop arrival="11:24" departure="11:24">Stavkirken</stop>
    <stop arrival="11:25" departure="11:25">Paradis</stop>
    <stop arrival="11:26" departure="11:26">Tveiteråsskiftet</stop>
    <stop arrival="11:27" departure="11:27">Hopsbro</stop>
    <stop arrival="11:29" departure="11:29">Hopstangen</stop>
    <stop arrival="11:30" departure="11:30">Nesttun terminal</stop>
    <stop arrival="11:32" departure="11:32">Nesttun</stop>
    <stop arrival="11:35" departure="11:35">Skjoldskiftet</stop>
    <stop arrival="11:36" departure="11:36">Nesttunbrekka</stop>
    <stop arrival="11:36" departure="11:36">Mårdalen</stop>
    <stop arrival="11:37" departure="11:37">Skjoldhøgda</stop>
    <stop arrival="11:39" departure="11:39">Skjold skole</stop>
    <stop arrival="11:40" departure="11:40">Lagunen</stop>
    <stop arrival="11:41" departure="11:41">Rådal</stop>
    <stop arrival="11:42" departure="11:42">Meyerskiftet</stop>
    <stop arrival="11:45" departure="11:45">Håvardstun</stop>
    <stop arrival="11:46" departure="11:46">Statoil stasjon Sandsli</stop>
    <stop arrival="11:47" departure="11:47">Hydro Sandsli</stop>
    <stop arrival="11:48" departure="11:48">Petedalsheia</stop>
    <stop arrival="11:49" departure="11:49">Fanatorget</stop>
    <stop arrival="11:49" departure="11:49">Regnbueåsen</stop>
    <stop arrival="11:50">Dolvik terminal</stop>
  </route>
  <route no="50" destination="Dolvik terminal" url="http://www.web2051.no/bin/tp/zuginfo.exe/on/316791/106443/104368/53415/1/" trafficDays="kjører Ma - Fr, ikke 13., 17., 24. Mai">
    <stop departure="10:40" routeNo="50">Åsane terminal</stop>
    <stop arrival="10:41" departure="10:41">Hesthaugen</stop>
    <stop arrival="10:42" departure="10:42">Stamskaret</stop>
    <stop arrival="10:43" departure="10:43">Tertneskrysset gamleveien</stop>
    <stop arrival="10:44" departure="10:44">Griggastemma</stop>
    <stop arrival="10:45" departure="10:45">Åstveitvegen</stop>
    <stop arrival="10:45" departure="10:45">Ervik øvre</stop>
    <stop arrival="10:46" departure="10:46">Ervik nedre (Sellesvingen)</stop>
    <stop arrival="10:47" departure="10:47">Selvikvegen</stop>
    <stop arrival="10:48" departure="10:48">Eidsvåg</stop>
    <stop arrival="10:50" departure="10:50">Handelshøyskolen</stop>
    <stop arrival="10:52" departure="10:52">Nyhavnsvei (Gamle Bergen)</stop>
    <stop arrival="10:54" departure="10:54">Munkebotten</stop>
    <stop arrival="10:55" departure="10:55">Ludebryggen</stop>
    <stop arrival="10:56" departure="10:56">Sandvikstorget</stop>
    <stop arrival="10:58" departure="10:58">Skutevikstorget</stop>
    <stop arrival="10:59" departure="10:59">Bontelabo</stop>
    <stop arrival="11:01" departure="11:01">Slottsgaten</stop>
    <stop arrival="11:02" departure="11:02">Bryggen</stop>
    <stop arrival="11:03" departure="11:03">Småstrandgaten</stop>
    <stop arrival="11:04" departure="11:04">Nygaten</stop>
    <stop arrival="11:05" departure="11:05">Statsporten (jernbanen)</stop>
    <stop arrival="11:08" departure="11:08">Kalfarlien</stop>
    <stop arrival="11:09" departure="11:09">Kalvedalsveien</stop>
    <stop arrival="11:10" departure="11:10">Svartediksveien</stop>
    <stop arrival="11:11" departure="11:11">Statsarkivet</stop>
    <stop arrival="11:12" departure="11:12">Haraldsplass sykehus</stop>
    <stop arrival="11:13" departure="11:13">Haukeland sykehus nord</stop>
    <stop arrival="11:14" departure="11:14">Haukeland sykehus sør</stop>
    <stop arrival="11:15" departure="11:15">Fridalen</stop>
    <stop arrival="11:15" departure="11:15">Langhaugen</stop>
    <stop arrival="11:16" departure="11:16">Landåssvingen</stop>
    <stop arrival="11:16" departure="11:16">Landåstorget</stop>
    <stop arrival="11:17" departure="11:17">Erleveien</stop>
    <stop arrival="11:17" departure="11:17">Wier-Jenssens vei</stop>
    <stop arrival="11:18" departure="11:18">Mannsverk</stop>
    <stop arrival="11:18" departure="11:18">Bolstad</stop>
    <stop arrival="11:19" departure="11:19">Hans Jægers vei</stop>
    <stop arrival="11:19" departure="11:19">Kolstibotn</stop>
    <stop arrival="11:19" departure="11:19">Knausen</stop>
    <stop arrival="11:20" departure="11:20">Birkelundstoppen</stop>
    <stop arrival="11:21" departure="11:21">Birkelundsbakken</stop>
    <stop arrival="11:21" departure="11:21">Natlandslien</stop>
    <stop arrival="11:22" departure="11:22">Stavkirken</stop>
    <stop arrival="11:23" departure="11:23">Paradis</stop>
    <stop arrival="11:24" departure="11:24">Tveiteråsskiftet</stop>
    <stop arrival="11:25" departure="11:25">Hopsbro</stop>
    <stop arrival="11:27" departure="11:27">Hopstangen</stop>
    <stop arrival="11:28" departure="11:28">Nesttun terminal</stop>
    <stop arrival="11:30" departure="11:30">Nesttun</stop>
    <stop arrival="11:33" departure="11:33">Skjoldskiftet</stop>
    <stop arrival="11:33" departure="11:33">Nesttunbrekka</stop>
    <stop arrival="11:34" departure="11:34">Mårdalen</stop>
    <stop arrival="11:34" departure="11:34">Skjoldhøgda</stop>
    <stop arrival="11:34" departure="11:34">Skjold skole</stop>
    <stop arrival="11:35" departure="11:35">Lagunen</stop>
    <stop arrival="11:36" departure="11:36">Rådal</stop>
    <stop arrival="11:37" departure="11:37">Meyerskiftet</stop>
    <stop arrival="11:41" departure="11:41">Håvardstun</stop>
    <stop arrival="11:42" departure="11:42">Statoil stasjon Sandsli</stop>
    <stop arrival="11:43" departure="11:43">Hydro Sandsli</stop>
    <stop arrival="11:44" departure="11:44">Petedalsheia</stop>
    <stop arrival="11:45" departure="11:45">Fanatorget</stop>
    <stop arrival="11:50">Dolvik terminal</stop>
  </route>
  <route no="50" destination="Åsane terminal" url="http://www.web2051.no/bin/tp/zuginfo.exe/on/862389/288314/639688/32381/1/" trafficDays="kjører Ma - Fr, ikke 13., 17., 24. Mai">
    <stop departure="9:38" routeNo="50">Dolvik terminal</stop>
    <stop arrival="9:38" departure="9:38">Skranevegen</stop>
    <stop arrival="9:39" departure="9:39">Regnbueåsen</stop>
    <stop arrival="9:40" departure="9:40">Fanatorget</stop>
    <stop arrival="9:41" departure="9:41">Petedalsheia</stop>
    <stop arrival="9:42" departure="9:42">Hydro Sandsli</stop>
    <stop arrival="9:45" departure="9:45">Håvardstun</stop>
    <stop arrival="9:48" departure="9:48">Meyer</stop>
    <stop arrival="9:49" departure="9:49">Rådal</stop>
    <stop arrival="9:50" departure="9:50">Rådal ved Lagunen</stop>
    <stop arrival="9:55" departure="9:55">Skjold skole</stop>
    <stop arrival="9:57" departure="9:57">Mårdalen</stop>
    <stop arrival="9:58" departure="9:58">Nesttunbrekka</stop>
    <stop arrival="9:58" departure="9:58">Skjoldskiftet</stop>
    <stop arrival="9:59" departure="9:59">Nesttun</stop>
    <stop arrival="10:00" departure="10:00">Nesttun terminal</stop>
    <stop arrival="10:02" departure="10:02">Hopsbro</stop>
    <stop arrival="10:04" departure="10:04">Tveiteråsskiftet</stop>
    <stop arrival="10:05" departure="10:05">Paradis/50</stop>
    <stop arrival="10:06" departure="10:06">Stavkirken</stop>
    <stop arrival="10:06" departure="10:06">Natlandslien</stop>
    <stop arrival="10:07" departure="10:07">Birkelundsbakken</stop>
    <stop arrival="10:07" departure="10:07">Birkelundstoppen</stop>
    <stop arrival="10:08" departure="10:08">Knausen</stop>
    <stop arrival="10:08" departure="10:08">Kolstibotn</stop>
    <stop arrival="10:09" departure="10:09">H. Jægers vei</stop>
    <stop arrival="10:09" departure="10:09">Bolstad</stop>
    <stop arrival="10:10" departure="10:10">Mannsverk</stop>
    <stop arrival="10:11" departure="10:11">Wiers -Jenssens vei</stop>
    <stop arrival="10:12" departure="10:12">Erleveien</stop>
    <stop arrival="10:12" departure="10:12">Landåstorget</stop>
    <stop arrival="10:14" departure="10:14">Natlandsv. v/Hagerupsvei</stop>
    <stop arrival="10:14" departure="10:14">Langhaugen</stop>
    <stop arrival="10:15" departure="10:15">Fridalen</stop>
    <stop arrival="10:17" departure="10:17">Haukeland sykehus sør</stop>
    <stop arrival="10:18" departure="10:18">Haukeland sykehus nord</stop>
    <stop arrival="10:19" departure="10:19">Haraldsplass sykehus</stop>
    <stop arrival="10:20" departure="10:20">Haukeland skole</stop>
    <stop arrival="10:21" departure="10:21">Svartediksveien</stop>
    <stop arrival="10:22" departure="10:22">Kalvedalsveien</stop>
    <stop arrival="10:23" departure="10:23">Kalfarlien</stop>
    <stop arrival="10:25" departure="10:25">Stadsporten (jernbanen)</stop>
    <stop arrival="10:26" departure="10:26">Kong Oscars gate</stop>
    <stop arrival="10:27" departure="10:27">Allehelgensgate</stop>
    <stop arrival="10:27" departure="10:27">Torget (Bergen)</stop>
    <stop arrival="10:28" departure="10:28">Bryggen</stop>
    <stop arrival="10:29" departure="10:29">Slottsgaten</stop>
    <stop arrival="10:30" departure="10:30">Bontelabo</stop>
    <stop arrival="10:30" departure="10:30">Skutevikstorget</stop>
    <stop arrival="10:31" departure="10:31">Sjøgaten</stop>
    <stop arrival="10:31" departure="10:31">Sandvikstorget</stop>
    <stop arrival="10:32" departure="10:32">Ludebryggen</stop>
    <stop arrival="10:33" departure="10:33">Munkebotten</stop>
    <stop arrival="10:34" departure="10:34">Nyhavnsvei (Gamle Bergen)</stop>
    <stop arrival="10:35" departure="10:35">Handelshøyskolen</stop>
    <stop arrival="10:37" departure="10:37">Eidsvåg gamlevegen</stop>
    <stop arrival="10:38" departure="10:38">Selvikvegen</stop>
    <stop arrival="10:39" departure="10:39">Ervik nedre (Sellesvingen)</stop>
    <stop arrival="10:39" departure="10:39">Ervik øvre</stop>
    <stop arrival="10:40" departure="10:40">Åstveitvegen</stop>
    <stop arrival="10:41" departure="10:41">Griggastemma</stop>
    <stop arrival="10:42" departure="10:42">Tertneskrysset gamleveien</stop>
    <stop arrival="10:44" departure="10:44">Stamskaret</stop>
    <stop arrival="10:45" departure="10:45">Hesthaugen</stop>
    <stop arrival="10:46">Åsane terminal</stop>
  </route>
  <route no="21" destination="Søråshøgda snuplass" url="http://www.web2051.no/bin/tp/zuginfo.exe/on/406443/139425/749872/239455/1/" trafficDays="kjører Sø, også 1., 13., 17., 24. Mai">
    <stop departure="10:44" routeNo="21">Åsane terminal</stop>
    <stop arrival="10:45" departure="10:45">Hesthaugen</stop>
    <stop arrival="10:46" departure="10:46">Stamskaret</stop>
    <stop arrival="10:47" departure="10:47">Tertneskrysset gamleveien</stop>
    <stop arrival="10:48" departure="10:48">Griggastemma</stop>
    <stop arrival="10:48" departure="10:48">Åstveitvegen</stop>
    <stop arrival="10:49" departure="10:49">Ervik øvre</stop>
    <stop arrival="10:50" departure="10:50">Ervik nedre (Sellesvingen)</stop>
    <stop arrival="10:51" departure="10:51">Selvikvegen</stop>
    <stop arrival="10:52" departure="10:52">Eidsvåg gamlevegen</stop>
    <stop arrival="10:53" departure="10:53">Fabrikkvegen</stop>
    <stop arrival="10:55" departure="10:55">Hagebyen (Eidsvåg)</stop>
    <stop arrival="10:57" departure="10:57">Lillevågen</stop>
    <stop arrival="10:58" departure="10:58">Tømmervågen</stop>
    <stop arrival="10:58" departure="10:58">Trollbekken</stop>
    <stop arrival="10:59" departure="10:59">Trolldalen (Eidsvågneset)</stop>
    <stop arrival="11:01" departure="11:01">Fagerbakken</stop>
    <stop arrival="11:02" departure="11:02">Nordre Lønborg</stop>
    <stop arrival="11:03" departure="11:03">Lønborg</stop>
    <stop arrival="11:03" departure="11:03">Brunestykket</stop>
    <stop arrival="11:04" departure="11:04">Hellebakken</stop>
    <stop arrival="11:05" departure="11:05">Eikeviken</stop>
    <stop arrival="11:06" departure="11:06">Solbakken</stop>
    <stop arrival="11:07" departure="11:07">Handelshøyskolen</stop>
    <stop arrival="11:08" departure="11:08">Nyhavnsvei (Gamle Bergen)</stop>
    <stop arrival="11:10" departure="11:10">Munkebotten</stop>
    <stop arrival="11:11" departure="11:11">Ludebryggen</stop>
    <stop arrival="11:14" departure="11:14">Sandvikstorget</stop>
    <stop arrival="11:16" departure="11:16">Skutevikstorget</stop>
    <stop arrival="11:17" departure="11:17">Bontelabo</stop>
    <stop arrival="11:18" departure="11:18">Slottsgaten</stop>
    <stop arrival="11:19" departure="11:19">Bryggen</stop>
    <stop arrival="11:20" departure="11:20">Olav Kyrres gate</stop>
    <stop arrival="11:25" departure="11:25">Bergen Busstasjon</stop>
    <stop arrival="11:30" departure="11:30">Danmarksplass</stop>
    <stop arrival="11:31" departure="11:31">Solheimsgaten</stop>
    <stop arrival="11:32" departure="11:32">Reperbanen</stop>
    <stop arrival="11:33" departure="11:33">Fjøsangerveien/ Minde Allè</stop>
    <stop arrival="11:36" departure="11:36">Minde</stop>
    <stop arrival="11:37" departure="11:37">Elvebakken</stop>
    <stop arrival="11:38" departure="11:38">Storetveit</stop>
    <stop arrival="11:38" departure="11:38">Fantoft</stop>
    <stop arrival="11:39" departure="11:39">Nydalen</stop>
    <stop arrival="11:40" departure="11:40">Paradis</stop>
    <stop arrival="11:41" departure="11:41">Tveiteråsskiftet</stop>
    <stop arrival="11:42" departure="11:42">Hopsbro</stop>
    <stop arrival="11:44" departure="11:44">Hopstangen</stop>
    <stop arrival="11:45" departure="11:45">Nesttun terminal</stop>
    <stop arrival="11:47" departure="11:47">Nesttun</stop>
    <stop arrival="11:50" departure="11:50">Skjoldskiftet</stop>
    <stop arrival="11:50" departure="11:50">Nesttunbrekka</stop>
    <stop arrival="11:51" departure="11:51">Mårdalen</stop>
    <stop arrival="11:51" departure="11:51">Skjoldhøgda</stop>
    <stop arrival="11:51" departure="11:51">Skjold skole</stop>
    <stop arrival="11:52" departure="11:52">Søråsveien</stop>
    <stop arrival="11:52" departure="11:52">Kilden senter</stop>
    <stop arrival="11:53" departure="11:53">Nordåsgrenda</stop>
    <stop arrival="11:54" departure="11:54">Nordåstræet</stop>
    <stop arrival="11:55" departure="11:55">Nordås</stop>
    <stop arrival="11:56" departure="11:56">Nordåstræet</stop>
    <stop arrival="11:57" departure="11:57">Nordåsgrenda</stop>
    <stop arrival="11:59" departure="11:59">Søråsgrenda</stop>
    <stop arrival="12:00">Søråshøgda snuplass</stop>
  </route>
  <route no="71" destination="Nipedalen" url="http://www.web2051.no/bin/tp/zuginfo.exe/on/314445/109543/860962/325670/1/" trafficDays="kjører Ma - Fr, ikke 13., 17., 24. Mai">
    <stop departure="10:35" routeNo="71">Viddalen</stop>
    <stop arrival="10:37" departure="10:37">Bryggedalen</stop>
    <stop arrival="10:38" departure="10:38">Åsane sand + singel</stop>
    <stop arrival="10:38" departure="10:38">Kvernevikstemma</stop>
    <stop arrival="10:39" departure="10:39">Tertitten</stop>
    <stop arrival="10:40" departure="10:40">Bekkjarvik (Åsane)</stop>
    <stop arrival="10:41" departure="10:41">Nesmyr</stop>
    <stop arrival="10:41" departure="10:41">Storevarden</stop>
    <stop arrival="10:42" departure="10:42">Kipo</stop>
    <stop arrival="10:42" departure="10:42">Bekkjarvikkryss (Åsane)</stop>
    <stop arrival="10:43" departure="10:43">Sjøveien</stop>
    <stop arrival="10:44" departure="10:44">Haukedalsvegen</stop>
    <stop arrival="10:45" departure="10:45">Botnane</stop>
    <stop arrival="10:46" departure="10:46">Haukeberget</stop>
    <stop arrival="10:47" departure="10:47">Ulsetåsen</stop>
    <stop arrival="10:48" departure="10:48">Åsane Brannstasjon</stop>
    <stop arrival="10:50" departure="10:50">Åsane terminal</stop>
    <stop arrival="10:51" departure="10:51">Hesthaugen</stop>
    <stop arrival="10:52" departure="10:52">Stamskaret</stop>
    <stop arrival="10:53" departure="10:53">Tertneskrysset nyevegen</stop>
    <stop arrival="10:56" departure="10:56">Eidsvåg</stop>
    <stop arrival="10:58" departure="10:58">Handelshøyskolen</stop>
    <stop arrival="11:00" departure="11:00">Nyhavnsvei (Gamle Bergen)</stop>
    <stop arrival="11:02" departure="11:02">Munkebotten</stop>
    <stop arrival="11:03" departure="11:03">Ludebryggen</stop>
    <stop arrival="11:04" departure="11:04">Sandvikstorget</stop>
    <stop arrival="11:06" departure="11:06">Skutevikstorget</stop>
    <stop arrival="11:07" departure="11:07">Bontelabo</stop>
    <stop arrival="11:08" departure="11:08">Slottsgaten</stop>
    <stop arrival="11:10" departure="11:10">Bryggen</stop>
    <stop arrival="11:11" departure="11:11">Olav Kyrres gate</stop>
    <stop arrival="11:14" departure="11:14">Møhlenpris v/ Industrihuset</stop>
    <stop arrival="11:16" departure="11:16">Gyldenpris</stop>
    <stop arrival="11:17" departure="11:17">Solveien</stop>
    <stop arrival="11:18" departure="11:18">Jansongården</stop>
    <stop arrival="11:20" departure="11:20">Fergeveien</stop>
    <stop arrival="11:21" departure="11:21">Vågedalen</stop>
    <stop arrival="11:23" departure="11:23">Oldernes</stop>
    <stop arrival="11:24" departure="11:24">Kringsjå</stop>
    <stop arrival="11:25" departure="11:25">Nygård, Laksevåg</stop>
    <stop arrival="11:26" departure="11:26">Haustbeitet</stop>
    <stop arrival="11:27" departure="11:27">Nygårdslien</stop>
    <stop arrival="11:28" departure="11:28">Lyngbøveien</stop>
    <stop arrival="11:30" departure="11:30">Nipedalen v/Lyngbøveien</stop>
    <stop arrival="11:31" departure="11:31">Nipedalen v/nr. 23</stop>
    <stop arrival="11:33" departure="11:33">Lyngbøkollen</stop>
    <stop arrival="11:35">Nipedalen</stop>
  </route>
</routes>
