<?xml version="1.0" encoding="UTF-8"?>
<routes>
  <route no="525" destination="Milde" url="http://www.web2051.no/bin/tp/zuginfo.exe/on/733800/249933/496224/3512/1/" trafficDays="kjører Lø, ikke 1. Mai">
    <stop departure="10:25" routeNo="525">Bergen Busstasjon</stop>
    <stop arrival="10:27" departure="10:27">Danmarksplass</stop>
    <stop arrival="10:28" departure="10:28">Solheimsgaten</stop>
    <stop arrival="10:28" departure="10:28">Reperbanen</stop>
    <stop arrival="10:29" departure="10:29">Fjøsangerveien/ Minde Allè</stop>
    <stop arrival="10:30" departure="10:30">Kristianborg</stop>
    <stop arrival="10:30" departure="10:30">Grønnestølsbakken</stop>
    <stop arrival="10:31" departure="10:31">Fjøsanger</stop>
    <stop arrival="10:31" departure="10:31">Langegården</stop>
    <stop arrival="10:32" departure="10:32">Langebekken</stop>
    <stop arrival="10:32" departure="10:32">Kråkenes 1</stop>
    <stop arrival="10:32" departure="10:32">Kråkenes 2 (Kleiva)</stop>
    <stop arrival="10:33" departure="10:33">Bønesskiftet</stop>
    <stop arrival="10:33" departure="10:33">Bøjarnesvegen (Toftegård)</stop>
    <stop arrival="10:33" departure="10:33">Straume (Straumeveien, Fana)</stop>
    <stop arrival="10:36" departure="10:36">Sementbroen</stop>
    <stop arrival="10:38" departure="10:38">Straume bro</stop>
    <stop arrival="10:40" departure="10:40">Søreide v/Hydrostasjonen</stop>
    <stop arrival="10:41" departure="10:41">Søreide skole</stop>
    <stop arrival="10:41" departure="10:41">Dolvik terminal</stop>
    <stop arrival="10:42" departure="10:42">Kokstad Bilhandel</stop>
    <stop arrival="10:44" departure="10:44">BKK , Kokstad</stop>
    <stop arrival="10:46" departure="10:46">Nera</stop>
    <stop arrival="10:47" departure="10:47">Scandic</stop>
    <stop arrival="10:50" departure="10:50">Birkelandskrysset Terminal</stop>
    <stop arrival="10:51" departure="10:51">Blomsterdalen</stop>
    <stop arrival="10:51" departure="10:51">Ådlandsflaten</stop>
    <stop arrival="10:52" departure="10:52">Ådlandsskiftet</stop>
    <stop arrival="10:52" departure="10:52">Kartveitskiftet</stop>
    <stop arrival="10:52" departure="10:52">Heggernesskiftet</stop>
    <stop arrival="10:53" departure="10:53">Ådlandsbro</stop>
    <stop arrival="10:53" departure="10:53">K.Kaland</stop>
    <stop arrival="10:53" departure="10:53">Hjellestadskiftet</stop>
    <stop arrival="10:56" departure="10:56">Seilforeningen</stop>
    <stop arrival="10:59" departure="10:59">Hjellestad post</stop>
    <stop arrival="11:00" departure="11:00">Hjellestad</stop>
    <stop arrival="11:00" departure="11:00">Hjellestad post</stop>
    <stop arrival="11:02" departure="11:02">Seilforeningen</stop>
    <stop arrival="11:04" departure="11:04">Hjellestadskiftet</stop>
    <stop arrival="11:04" departure="11:04">Planteskogen (Milde)</stop>
    <stop arrival="11:06" departure="11:06">Planteskogen (Milde)</stop>
    <stop arrival="11:07" departure="11:07">Grendatunvegen</stop>
    <stop arrival="11:08" departure="11:08">Geilen</stop>
    <stop arrival="11:09" departure="11:09">Fana folkehøgskole (Aboretet)</stop>
    <stop arrival="11:10">Milde</stop>
  </route>
  <route no="525" destination="Milde" url="http://www.web2051.no/bin/tp/zuginfo.exe/on/474435/163509/674364/179038/1/" trafficDays="kjører Ma - Fr, ikke 13., 17., 24. Mai">
    <stop departure="10:20" routeNo="525">Bergen Busstasjon</stop>
    <stop arrival="10:25" departure="10:25">Danmarksplass</stop>
    <stop arrival="10:25" departure="10:25">Solheimsgaten</stop>
    <stop arrival="10:26" departure="10:26">Reperbanen</stop>
    <stop arrival="10:26" departure="10:26">Fjøsangerveien/ Minde Allè</stop>
    <stop arrival="10:26" departure="10:26">Kristianborg</stop>
    <stop arrival="10:27" departure="10:27">Grønnestølsbakken</stop>
    <stop arrival="10:27" departure="10:27">Fjøsanger</stop>
    <stop arrival="10:28" departure="10:28">Langegården</stop>
    <stop arrival="10:29" departure="10:29">Langebekken</stop>
    <stop arrival="10:31" departure="10:31">Kråkenes 1</stop>
    <stop arrival="10:31" departure="10:31">Kråkenes 2 (Kleiva)</stop>
    <stop arrival="10:33" departure="10:33">Bønesskiftet</stop>
    <stop arrival="10:34" departure="10:34">Bøjarnesvegen (Toftegård)</stop>
    <stop arrival="10:35" departure="10:35">Straume (Straumeveien, Fana)</stop>
    <stop arrival="10:37" departure="10:37">Sementbroen</stop>
    <stop arrival="10:38" departure="10:38">Straume bro</stop>
    <stop arrival="10:40" departure="10:40">Søreide v/Hydrostasjonen</stop>
    <stop arrival="10:40" departure="10:40">Søreide skole</stop>
    <stop arrival="10:41" departure="10:41">Grimstadskiftet</stop>
    <stop arrival="10:41" departure="10:41">Dolvik terminal</stop>
    <stop arrival="10:42" departure="10:42">Kokstad Bilhandel</stop>
    <stop arrival="10:44" departure="10:44">BKK , Kokstad</stop>
    <stop arrival="10:46" departure="10:46">Nera</stop>
    <stop arrival="10:47" departure="10:47">Scandic</stop>
    <stop arrival="10:50" departure="10:50">Birkelandskrysset Terminal</stop>
    <stop arrival="10:57" departure="10:57">Blomsterdalen</stop>
    <stop arrival="10:58" departure="10:58">Ådlandsflaten</stop>
    <stop arrival="10:59" departure="10:59">Ådlandsskiftet</stop>
    <stop arrival="11:00" departure="11:00">Kartveitskiftet</stop>
    <stop arrival="11:00" departure="11:00">Heggernesskiftet</stop>
    <stop arrival="11:02" departure="11:02">Ådlandsbro</stop>
    <stop arrival="11:02" departure="11:02">K.Kaland</stop>
    <stop arrival="11:03" departure="11:03">Hjellestadskiftet</stop>
    <stop arrival="11:04" departure="11:04">Seilforeningen</stop>
    <stop arrival="11:05" departure="11:05">Hjellestad post</stop>
    <stop arrival="11:05" departure="11:05">Hjellestad</stop>
    <stop arrival="11:05" departure="11:05">Hjellestad post</stop>
    <stop arrival="11:07" departure="11:07">Seilforeningen</stop>
    <stop arrival="11:09" departure="11:09">Hjellestadskiftet</stop>
    <stop arrival="11:09" departure="11:09">Planteskogen (Milde)</stop>
    <stop arrival="11:11" departure="11:11">Planteskogen (Milde)</stop>
    <stop arrival="11:12" departure="11:12">Grendatunvegen</stop>
    <stop arrival="11:13" departure="11:13">Geilen</stop>
    <stop arrival="11:14" departure="11:14">Fana folkehøgskole (Aboretet)</stop>
    <stop arrival="11:15">Milde</stop>
  </route>
  <route no="525" destination="Bergen Busstasjon" url="http://www.web2051.no/bin/tp/zuginfo.exe/on/794289/270128/125868/201830/1/" trafficDays="kjører Ma - Fr, ikke 13., 17., 24. Mai">
    <stop departure="10:25" routeNo="525">Milde</stop>
    <stop arrival="10:26" departure="10:26">Fana folkehøgskole (Aboretet)</stop>
    <stop arrival="10:27" departure="10:27">Geilen</stop>
    <stop arrival="10:27" departure="10:27">Grendatunvegen</stop>
    <stop arrival="10:28" departure="10:28">Planteskogen (Milde)</stop>
    <stop arrival="10:30" departure="10:30">Hjellestadskiftet</stop>
    <stop arrival="10:31" departure="10:31">Seilforeningen</stop>
    <stop arrival="10:32" departure="10:32">Hjellestad post</stop>
    <stop arrival="10:32" departure="10:32">Hjellestad</stop>
    <stop arrival="10:32" departure="10:32">Hjellestad post</stop>
    <stop arrival="10:34" departure="10:34">Seilforeningen</stop>
    <stop arrival="10:35" departure="10:35">Hjellestadskiftet</stop>
    <stop arrival="10:36" departure="10:36">K.Kaland</stop>
    <stop arrival="10:37" departure="10:37">Ådlandsbro</stop>
    <stop arrival="10:38" departure="10:38">Heggernesskiftet</stop>
    <stop arrival="10:39" departure="10:39">Kartveitskiftet</stop>
    <stop arrival="10:40" departure="10:40">Ådlandsskiftet</stop>
    <stop arrival="10:41" departure="10:41">Ådlandsflaten</stop>
    <stop arrival="10:41" departure="10:41">Blomsterdalen</stop>
    <stop arrival="10:45" departure="10:45">Birkelandskrysset Terminal</stop>
    <stop arrival="10:45" departure="10:45">Scandic</stop>
    <stop arrival="10:45" departure="10:45">Nera</stop>
    <stop arrival="10:46" departure="10:46">BKK , Kokstad</stop>
    <stop arrival="10:46" departure="10:46">Kokstad Bilhandel</stop>
    <stop arrival="10:54" departure="10:54">Dolvik terminal</stop>
    <stop arrival="10:54" departure="10:54">Dolvikbakken</stop>
    <stop arrival="10:55" departure="10:55">Søreide skole</stop>
    <stop arrival="10:56" departure="10:56">Søreide v/Hydrostasjonen</stop>
    <stop arrival="10:58" departure="10:58">Straume bro</stop>
    <stop arrival="10:58" departure="10:58">Bergen Motorbåtforening</stop>
    <stop arrival="11:00" departure="11:00">Straume (Straumeveien, Fana)</stop>
    <stop arrival="11:01" departure="11:01">Bøjarnesvegen (Toftegård)</stop>
    <stop arrival="11:01" departure="11:01">Bønesskiftet</stop>
    <stop arrival="11:03" departure="11:03">Kråkenes 2 (Kleiva)</stop>
    <stop arrival="11:03" departure="11:03">Kråkenes 1</stop>
    <stop arrival="11:04" departure="11:04">Langebekken</stop>
    <stop arrival="11:04" departure="11:04">Langegården</stop>
    <stop arrival="11:05" departure="11:05">Krambua</stop>
    <stop arrival="11:05" departure="11:05">Fjøsanger</stop>
    <stop arrival="11:09" departure="11:09">Kanalveien v/NRK</stop>
    <stop arrival="11:09" departure="11:09">Mindemyren</stop>
    <stop arrival="11:10" departure="11:10">Postterminalen</stop>
    <stop arrival="11:10" departure="11:10">Kanalveien v/LBK</stop>
    <stop arrival="11:11" departure="11:11">Danmarksplass v/Forum kino</stop>
    <stop arrival="11:16" departure="11:16">Bergen Busstasjon</stop>
    <stop arrival="11:18" departure="11:18">Christies gate (Festplassen)</stop>
    <stop arrival="11:23">Bergen Busstasjon</stop>
  </route>
  <route no="525" destination="Milde" url="http://www.web2051.no/bin/tp/zuginfo.exe/on/400977/138978/468518/100601/1/" trafficDays="kjører Sø, også 1., 13., 17., 24. Mai">
    <stop departure="10:25" routeNo="525">Bergen Busstasjon</stop>
    <stop arrival="10:27" departure="10:27">Danmarksplass</stop>
    <stop arrival="10:27" departure="10:27">Solheimsgaten</stop>
    <stop arrival="10:28" departure="10:28">Reperbanen</stop>
    <stop arrival="10:28" departure="10:28">Fjøsangerveien/ Minde Allè</stop>
    <stop arrival="10:28" departure="10:28">Kristianborg</stop>
    <stop arrival="10:29" departure="10:29">Grønnestølsbakken</stop>
    <stop arrival="10:29" departure="10:29">Fjøsanger</stop>
    <stop arrival="10:30" departure="10:30">Langegården</stop>
    <stop arrival="10:31" departure="10:31">Langebekken</stop>
    <stop arrival="10:31" departure="10:31">Kråkenes 1</stop>
    <stop arrival="10:32" departure="10:32">Kråkenes 2 (Kleiva)</stop>
    <stop arrival="10:33" departure="10:33">Bønesskiftet</stop>
    <stop arrival="10:34" departure="10:34">Bøjarnesvegen (Toftegård)</stop>
    <stop arrival="10:34" departure="10:34">Straume (Straumeveien, Fana)</stop>
    <stop arrival="10:37" departure="10:37">Sementbroen</stop>
    <stop arrival="10:39" departure="10:39">Straume bro</stop>
    <stop arrival="10:42" departure="10:42">Søreide v/Hydrostasjonen</stop>
    <stop arrival="10:43" departure="10:43">Søreide skole</stop>
    <stop arrival="10:43" departure="10:43">Dolvik terminal</stop>
    <stop arrival="10:44" departure="10:44">Kokstad Bilhandel</stop>
    <stop arrival="10:46" departure="10:46">BKK , Kokstad</stop>
    <stop arrival="10:47" departure="10:47">Nera</stop>
    <stop arrival="10:48" departure="10:48">Scandic</stop>
    <stop arrival="10:50" departure="10:50">Birkelandskrysset Terminal</stop>
    <stop arrival="10:51" departure="10:51">Blomsterdalen</stop>
    <stop arrival="10:51" departure="10:51">Ådlandsflaten</stop>
    <stop arrival="10:52" departure="10:52">Ådlandsskiftet</stop>
    <stop arrival="10:52" departure="10:52">Kartveitskiftet</stop>
    <stop arrival="10:52" departure="10:52">Heggernesskiftet</stop>
    <stop arrival="10:53" departure="10:53">Ådlandsbro</stop>
    <stop arrival="10:53" departure="10:53">K.Kaland</stop>
    <stop arrival="10:53" departure="10:53">Hjellestadskiftet</stop>
    <stop arrival="10:56" departure="10:56">Seilforeningen</stop>
    <stop arrival="10:59" departure="10:59">Hjellestad post</stop>
    <stop arrival="11:00" departure="11:00">Hjellestad</stop>
    <stop arrival="11:00" departure="11:00">Hjellestad post</stop>
    <stop arrival="11:02" departure="11:02">Seilforeningen</stop>
    <stop arrival="11:04" departure="11:04">Hjellestadskiftet</stop>
    <stop arrival="11:04" departure="11:04">Planteskogen (Milde)</stop>
    <stop arrival="11:06" departure="11:06">Planteskogen (Milde)</stop>
    <stop arrival="11:07" departure="11:07">Grendatunvegen</stop>
    <stop arrival="11:08" departure="11:08">Geilen</stop>
    <stop arrival="11:09" departure="11:09">Fana folkehøgskole (Aboretet)</stop>
    <stop arrival="11:10">Milde</stop>
  </route>
  <route no="525" destination="Bergen Busstasjon" url="http://www.web2051.no/bin/tp/zuginfo.exe/on/474318/163440/224752/45730/1/" trafficDays="kjører Lø, ikke 1. Mai">
    <stop departure="10:32" routeNo="525">Milde</stop>
    <stop arrival="10:33" departure="10:33">Fana folkehøgskole (Aboretet)</stop>
    <stop arrival="10:34" departure="10:34">Geilen</stop>
    <stop arrival="10:34" departure="10:34">Grendatunvegen</stop>
    <stop arrival="10:35" departure="10:35">Planteskogen (Milde)</stop>
    <stop arrival="10:37" departure="10:37">Hjellestadskiftet</stop>
    <stop arrival="10:38" departure="10:38">Seilforeningen</stop>
    <stop arrival="10:39" departure="10:39">Hjellestad post</stop>
    <stop arrival="10:39" departure="10:39">Hjellestad</stop>
    <stop arrival="10:39" departure="10:39">Hjellestad post</stop>
    <stop arrival="10:41" departure="10:41">Seilforeningen</stop>
    <stop arrival="10:42" departure="10:42">Hjellestadskiftet</stop>
    <stop arrival="10:43" departure="10:43">K.Kaland</stop>
    <stop arrival="10:44" departure="10:44">Ådlandsbro</stop>
    <stop arrival="10:44" departure="10:44">Heggernesskiftet</stop>
    <stop arrival="10:46" departure="10:46">Kartveitskiftet</stop>
    <stop arrival="10:46" departure="10:46">Ådlandsskiftet</stop>
    <stop arrival="10:47" departure="10:47">Ådlandsflaten</stop>
    <stop arrival="10:48" departure="10:48">Blomsterdalen</stop>
    <stop arrival="10:50" departure="10:50">Birkelandskrysset Terminal</stop>
    <stop arrival="10:50" departure="10:50">Scandic</stop>
    <stop arrival="10:50" departure="10:50">Nera</stop>
    <stop arrival="10:51" departure="10:51">BKK , Kokstad</stop>
    <stop arrival="10:51" departure="10:51">Kokstad Bilhandel</stop>
    <stop arrival="10:59" departure="10:59">Dolvik terminal</stop>
    <stop arrival="11:00" departure="11:00">Søreide skole</stop>
    <stop arrival="11:01" departure="11:01">Søreide v/Hydrostasjonen</stop>
    <stop arrival="11:03" departure="11:03">Straume bro</stop>
    <stop arrival="11:03" departure="11:03">Bergen Motorbåtforening</stop>
    <stop arrival="11:05" departure="11:05">Straume (Straumeveien, Fana)</stop>
    <stop arrival="11:06" departure="11:06">Bøjarnesvegen (Toftegård)</stop>
    <stop arrival="11:06" departure="11:06">Bønesskiftet</stop>
    <stop arrival="11:08" departure="11:08">Kråkenes 2 (Kleiva)</stop>
    <stop arrival="11:08" departure="11:08">Kråkenes 1</stop>
    <stop arrival="11:09" departure="11:09">Langebekken</stop>
    <stop arrival="11:09" departure="11:09">Langegården</stop>
    <stop arrival="11:10" departure="11:10">Krambua</stop>
    <stop arrival="11:10" departure="11:10">Fjøsanger</stop>
    <stop arrival="11:17" departure="11:17">Kanalveien v/NRK</stop>
    <stop arrival="11:18" departure="11:18">Mindemyren</stop>
    <stop arrival="11:18" departure="11:18">Postterminalen</stop>
    <stop arrival="11:19" departure="11:19">Kanalveien v/LBK</stop>
    <stop arrival="11:20" departure="11:20">Danmarksplass v/Forum kino</stop>
    <stop arrival="11:25" departure="11:25">Bergen Busstasjon</stop>
    <stop arrival="11:28" departure="11:28">Christies gate (Festplassen)</stop>
    <stop arrival="11:33">Bergen Busstasjon</stop>
  </route>
</routes>
