<?xml version="1.0" encoding="UTF-8"?>
<routes>
  <route no="23" destination="Bergen Busstasjon" url="http://www.web2051.no/bin/tp/zuginfo.exe/on/717429/243238/154444/161921/1/" trafficDays="kjører Lø, ikke 1. Mai">
    <stop departure="9:56" routeNo="23">Birkelandskrysset Terminal</stop>
    <stop arrival="9:57" departure="9:57">Gomarhaug</stop>
    <stop arrival="9:58" departure="9:58">Sandsliskiftet</stop>
    <stop arrival="9:58" departure="9:58">Håvardstun</stop>
    <stop arrival="10:00" departure="10:00">Meyer</stop>
    <stop arrival="10:01" departure="10:01">Rådal</stop>
    <stop arrival="10:02" departure="10:02">Rådal ved Lagunen</stop>
    <stop arrival="10:05" departure="10:05">Skjold skole</stop>
    <stop arrival="10:07" departure="10:07">Mårdalen</stop>
    <stop arrival="10:08" departure="10:08">Nesttunbrekka</stop>
    <stop arrival="10:08" departure="10:08">Skjoldskiftet</stop>
    <stop arrival="10:09" departure="10:09">Nesttun</stop>
    <stop arrival="10:10" departure="10:10">Nesttun terminal</stop>
    <stop arrival="10:11" departure="10:11">Hopsbro</stop>
    <stop arrival="10:12" departure="10:12">Tveiteråsskiftet</stop>
    <stop arrival="10:13" departure="10:13">Paradis</stop>
    <stop arrival="10:15" departure="10:15">Nydalen</stop>
    <stop arrival="10:16" departure="10:16">Fantoft</stop>
    <stop arrival="10:17" departure="10:17">Storetveit</stop>
    <stop arrival="10:17" departure="10:17">Elvebakken</stop>
    <stop arrival="10:18" departure="10:18">Minde</stop>
    <stop arrival="10:22" departure="10:22">Mindemyren</stop>
    <stop arrival="10:23" departure="10:23">Postterminalen</stop>
    <stop arrival="10:23" departure="10:23">Kanalveien v/LBK</stop>
    <stop arrival="10:25" departure="10:25">Danmarksplass v/Forum kino</stop>
    <stop arrival="10:29" departure="10:29">Bergen Busstasjon</stop>
    <stop arrival="10:32" departure="10:32">Christies gate (Festplassen)</stop>
    <stop arrival="10:37">Bergen Busstasjon</stop>
  </route>
  <route no="50" destination="Dolvik terminal" url="http://www.web2051.no/bin/tp/zuginfo.exe/on/154896/52482/773282/335009/1/" trafficDays="kjører Ma - Fr, ikke 13., 17., 24. Mai">
    <stop departure="9:10" routeNo="50">Åsane terminal</stop>
    <stop arrival="9:11" departure="9:11">Hesthaugen</stop>
    <stop arrival="9:12" departure="9:12">Stamskaret</stop>
    <stop arrival="9:13" departure="9:13">Tertneskrysset gamleveien</stop>
    <stop arrival="9:14" departure="9:14">Griggastemma</stop>
    <stop arrival="9:15" departure="9:15">Åstveitvegen</stop>
    <stop arrival="9:15" departure="9:15">Ervik øvre</stop>
    <stop arrival="9:16" departure="9:16">Ervik nedre (Sellesvingen)</stop>
    <stop arrival="9:17" departure="9:17">Selvikvegen</stop>
    <stop arrival="9:18" departure="9:18">Eidsvåg</stop>
    <stop arrival="9:20" departure="9:20">Handelshøyskolen</stop>
    <stop arrival="9:22" departure="9:22">Nyhavnsvei (Gamle Bergen)</stop>
    <stop arrival="9:24" departure="9:24">Munkebotten</stop>
    <stop arrival="9:25" departure="9:25">Ludebryggen</stop>
    <stop arrival="9:26" departure="9:26">Sandvikstorget</stop>
    <stop arrival="9:28" departure="9:28">Skutevikstorget</stop>
    <stop arrival="9:29" departure="9:29">Bontelabo</stop>
    <stop arrival="9:31" departure="9:31">Slottsgaten</stop>
    <stop arrival="9:32" departure="9:32">Bryggen</stop>
    <stop arrival="9:33" departure="9:33">Småstrandgaten</stop>
    <stop arrival="9:34" departure="9:34">Nygaten</stop>
    <stop arrival="9:35" departure="9:35">Statsporten (jernbanen)</stop>
    <stop arrival="9:38" departure="9:38">Kalfarlien</stop>
    <stop arrival="9:39" departure="9:39">Kalvedalsveien</stop>
    <stop arrival="9:40" departure="9:40">Svartediksveien</stop>
    <stop arrival="9:41" departure="9:41">Statsarkivet</stop>
    <stop arrival="9:42" departure="9:42">Haraldsplass sykehus</stop>
    <stop arrival="9:43" departure="9:43">Haukeland sykehus nord</stop>
    <stop arrival="9:44" departure="9:44">Haukeland sykehus sør</stop>
    <stop arrival="9:45" departure="9:45">Fridalen</stop>
    <stop arrival="9:45" departure="9:45">Langhaugen</stop>
    <stop arrival="9:46" departure="9:46">Landåssvingen</stop>
    <stop arrival="9:46" departure="9:46">Landåstorget</stop>
    <stop arrival="9:47" departure="9:47">Erleveien</stop>
    <stop arrival="9:47" departure="9:47">Wier-Jenssens vei</stop>
    <stop arrival="9:48" departure="9:48">Mannsverk</stop>
    <stop arrival="9:48" departure="9:48">Bolstad</stop>
    <stop arrival="9:49" departure="9:49">Hans Jægers vei</stop>
    <stop arrival="9:49" departure="9:49">Kolstibotn</stop>
    <stop arrival="9:49" departure="9:49">Knausen</stop>
    <stop arrival="9:50" departure="9:50">Birkelundstoppen</stop>
    <stop arrival="9:51" departure="9:51">Birkelundsbakken</stop>
    <stop arrival="9:51" departure="9:51">Natlandslien</stop>
    <stop arrival="9:52" departure="9:52">Stavkirken</stop>
    <stop arrival="9:53" departure="9:53">Paradis</stop>
    <stop arrival="9:54" departure="9:54">Tveiteråsskiftet</stop>
    <stop arrival="9:55" departure="9:55">Hopsbro</stop>
    <stop arrival="9:57" departure="9:57">Hopstangen</stop>
    <stop arrival="9:58" departure="9:58">Nesttun terminal</stop>
    <stop arrival="10:00" departure="10:00">Nesttun</stop>
    <stop arrival="10:03" departure="10:03">Skjoldskiftet</stop>
    <stop arrival="10:03" departure="10:03">Nesttunbrekka</stop>
    <stop arrival="10:04" departure="10:04">Mårdalen</stop>
    <stop arrival="10:04" departure="10:04">Skjoldhøgda</stop>
    <stop arrival="10:04" departure="10:04">Skjold skole</stop>
    <stop arrival="10:05" departure="10:05">Lagunen</stop>
    <stop arrival="10:06" departure="10:06">Rådal</stop>
    <stop arrival="10:07" departure="10:07">Meyerskiftet</stop>
    <stop arrival="10:11" departure="10:11">Håvardstun</stop>
    <stop arrival="10:12" departure="10:12">Statoil stasjon Sandsli</stop>
    <stop arrival="10:13" departure="10:13">Hydro Sandsli</stop>
    <stop arrival="10:14" departure="10:14">Petedalsheia</stop>
    <stop arrival="10:15" departure="10:15">Fanatorget</stop>
    <stop arrival="10:17">Dolvik terminal</stop>
  </route>
  <route no="23" destination="Birkelandskrysset Terminal" url="http://www.web2051.no/bin/tp/zuginfo.exe/on/74226/28865/111314/30919/1/" trafficDays="kjører Ma - Fr, ikke 13., 17., 24. Mai">
    <stop departure="9:30" routeNo="23">Olav Kyrres gate</stop>
    <stop arrival="9:35" departure="9:35">Bergen Busstasjon</stop>
    <stop arrival="9:40" departure="9:40">Danmarksplass</stop>
    <stop arrival="9:41" departure="9:41">Solheimsgaten</stop>
    <stop arrival="9:42" departure="9:42">Reperbanen</stop>
    <stop arrival="9:44" departure="9:44">Fjøsangerveien/ Minde Allè</stop>
    <stop arrival="9:47" departure="9:47">Minde</stop>
    <stop arrival="9:48" departure="9:48">Elvebakken</stop>
    <stop arrival="9:48" departure="9:48">Storetveit</stop>
    <stop arrival="9:48" departure="9:48">Fantoft</stop>
    <stop arrival="9:49" departure="9:49">Nydalen</stop>
    <stop arrival="9:50" departure="9:50">Paradis</stop>
    <stop arrival="9:51" departure="9:51">Tveiteråsskiftet</stop>
    <stop arrival="9:52" departure="9:52">Hopsbro</stop>
    <stop arrival="9:54" departure="9:54">Hopstangen</stop>
    <stop arrival="9:55" departure="9:55">Nesttun terminal</stop>
    <stop arrival="9:57" departure="9:57">Nesttun</stop>
    <stop arrival="10:00" departure="10:00">Skjoldskiftet</stop>
    <stop arrival="10:00" departure="10:00">Nesttunbrekka</stop>
    <stop arrival="10:01" departure="10:01">Mårdalen</stop>
    <stop arrival="10:01" departure="10:01">Skjoldhøgda</stop>
    <stop arrival="10:01" departure="10:01">Skjold skole</stop>
    <stop arrival="10:02" departure="10:02">Lagunen</stop>
    <stop arrival="10:04" departure="10:04">Rådal</stop>
    <stop arrival="10:07" departure="10:07">Meyerskiftet</stop>
    <stop arrival="10:14" departure="10:14">Håvardstun</stop>
    <stop arrival="10:15" departure="10:15">Sandsliskiftet</stop>
    <stop arrival="10:17" departure="10:17">Gomarhaug</stop>
    <stop arrival="10:20">Birkelandskrysset Terminal</stop>
  </route>
  <route no="50" destination="Åsane terminal" url="http://www.web2051.no/bin/tp/zuginfo.exe/on/135096/45848/715502/312719/1/" trafficDays="kjører Lø, ikke 1. Mai">
    <stop departure="10:08" routeNo="50">Dolvik terminal</stop>
    <stop arrival="10:08" departure="10:08">Skranevegen</stop>
    <stop arrival="10:09" departure="10:09">Regnbueåsen</stop>
    <stop arrival="10:10" departure="10:10">Fanatorget</stop>
    <stop arrival="10:11" departure="10:11">Petedalsheia</stop>
    <stop arrival="10:12" departure="10:12">Hydro Sandsli</stop>
    <stop arrival="10:15" departure="10:15">Håvardstun</stop>
    <stop arrival="10:18" departure="10:18">Meyer</stop>
    <stop arrival="10:19" departure="10:19">Rådal</stop>
    <stop arrival="10:20" departure="10:20">Rådal ved Lagunen</stop>
    <stop arrival="10:23" departure="10:23">Skjold skole</stop>
    <stop arrival="10:25" departure="10:25">Mårdalen</stop>
    <stop arrival="10:26" departure="10:26">Nesttunbrekka</stop>
    <stop arrival="10:26" departure="10:26">Skjoldskiftet</stop>
    <stop arrival="10:27" departure="10:27">Nesttun</stop>
    <stop arrival="10:28" departure="10:28">Nesttun terminal</stop>
    <stop arrival="10:30" departure="10:30">Hopsbro</stop>
    <stop arrival="10:31" departure="10:31">Tveiteråsskiftet</stop>
    <stop arrival="10:32" departure="10:32">Paradis/50</stop>
    <stop arrival="10:34" departure="10:34">Stavkirken</stop>
    <stop arrival="10:35" departure="10:35">Natlandslien</stop>
    <stop arrival="10:36" departure="10:36">Birkelundsbakken</stop>
    <stop arrival="10:37" departure="10:37">Birkelundstoppen</stop>
    <stop arrival="10:38" departure="10:38">Knausen</stop>
    <stop arrival="10:38" departure="10:38">Kolstibotn</stop>
    <stop arrival="10:39" departure="10:39">H. Jægers vei</stop>
    <stop arrival="10:39" departure="10:39">Bolstad</stop>
    <stop arrival="10:40" departure="10:40">Mannsverk</stop>
    <stop arrival="10:40" departure="10:40">Wiers -Jenssens vei</stop>
    <stop arrival="10:41" departure="10:41">Erleveien</stop>
    <stop arrival="10:41" departure="10:41">Landåstorget</stop>
    <stop arrival="10:42" departure="10:42">Natlandsv. v/Hagerupsvei</stop>
    <stop arrival="10:42" departure="10:42">Langhaugen</stop>
    <stop arrival="10:43" departure="10:43">Fridalen</stop>
    <stop arrival="10:44" departure="10:44">Haukeland sykehus sør</stop>
    <stop arrival="10:45" departure="10:45">Haukeland sykehus nord</stop>
    <stop arrival="10:46" departure="10:46">Haraldsplass sykehus</stop>
    <stop arrival="10:47" departure="10:47">Haukeland skole</stop>
    <stop arrival="10:48" departure="10:48">Svartediksveien</stop>
    <stop arrival="10:49" departure="10:49">Kalvedalsveien</stop>
    <stop arrival="10:50" departure="10:50">Kalfarlien</stop>
    <stop arrival="10:52" departure="10:52">Stadsporten (jernbanen)</stop>
    <stop arrival="10:53" departure="10:53">Kong Oscars gate</stop>
    <stop arrival="10:54" departure="10:54">Allehelgensgate</stop>
    <stop arrival="10:54" departure="10:54">Torget (Bergen)</stop>
    <stop arrival="10:55" departure="10:55">Bryggen</stop>
    <stop arrival="10:56" departure="10:56">Slottsgaten</stop>
    <stop arrival="10:57" departure="10:57">Bontelabo</stop>
    <stop arrival="10:57" departure="10:57">Skutevikstorget</stop>
    <stop arrival="10:58" departure="10:58">Sjøgaten</stop>
    <stop arrival="10:58" departure="10:58">Sandvikstorget</stop>
    <stop arrival="10:59" departure="10:59">Ludebryggen</stop>
    <stop arrival="11:00" departure="11:00">Munkebotten</stop>
    <stop arrival="11:01" departure="11:01">Nyhavnsvei (Gamle Bergen)</stop>
    <stop arrival="11:02" departure="11:02">Handelshøyskolen</stop>
    <stop arrival="11:04" departure="11:04">Eidsvåg gamlevegen</stop>
    <stop arrival="11:05" departure="11:05">Selvikvegen</stop>
    <stop arrival="11:06" departure="11:06">Ervik nedre (Sellesvingen)</stop>
    <stop arrival="11:06" departure="11:06">Ervik øvre</stop>
    <stop arrival="11:07" departure="11:07">Åstveitvegen</stop>
    <stop arrival="11:08" departure="11:08">Griggastemma</stop>
    <stop arrival="11:09" departure="11:09">Tertneskrysset gamleveien</stop>
    <stop arrival="11:11" departure="11:11">Stamskaret</stop>
    <stop arrival="11:12" departure="11:12">Hesthaugen</stop>
    <stop arrival="11:14">Åsane terminal</stop>
  </route>
  <route no="50" destination="Åsane terminal" url="http://www.web2051.no/bin/tp/zuginfo.exe/on/256824/86451/311626/70206/1/" trafficDays="kjører Ma - Fr, ikke 13., 17., 24. Mai">
    <stop departure="10:08" routeNo="50">Dolvik terminal</stop>
    <stop arrival="10:08" departure="10:08">Skranevegen</stop>
    <stop arrival="10:09" departure="10:09">Regnbueåsen</stop>
    <stop arrival="10:10" departure="10:10">Fanatorget</stop>
    <stop arrival="10:11" departure="10:11">Petedalsheia</stop>
    <stop arrival="10:12" departure="10:12">Hydro Sandsli</stop>
    <stop arrival="10:15" departure="10:15">Håvardstun</stop>
    <stop arrival="10:18" departure="10:18">Meyer</stop>
    <stop arrival="10:19" departure="10:19">Rådal</stop>
    <stop arrival="10:20" departure="10:20">Rådal ved Lagunen</stop>
    <stop arrival="10:25" departure="10:25">Skjold skole</stop>
    <stop arrival="10:27" departure="10:27">Mårdalen</stop>
    <stop arrival="10:28" departure="10:28">Nesttunbrekka</stop>
    <stop arrival="10:28" departure="10:28">Skjoldskiftet</stop>
    <stop arrival="10:29" departure="10:29">Nesttun</stop>
    <stop arrival="10:30" departure="10:30">Nesttun terminal</stop>
    <stop arrival="10:32" departure="10:32">Hopsbro</stop>
    <stop arrival="10:34" departure="10:34">Tveiteråsskiftet</stop>
    <stop arrival="10:35" departure="10:35">Paradis/50</stop>
    <stop arrival="10:36" departure="10:36">Stavkirken</stop>
    <stop arrival="10:36" departure="10:36">Natlandslien</stop>
    <stop arrival="10:37" departure="10:37">Birkelundsbakken</stop>
    <stop arrival="10:37" departure="10:37">Birkelundstoppen</stop>
    <stop arrival="10:38" departure="10:38">Knausen</stop>
    <stop arrival="10:38" departure="10:38">Kolstibotn</stop>
    <stop arrival="10:39" departure="10:39">H. Jægers vei</stop>
    <stop arrival="10:39" departure="10:39">Bolstad</stop>
    <stop arrival="10:40" departure="10:40">Mannsverk</stop>
    <stop arrival="10:41" departure="10:41">Wiers -Jenssens vei</stop>
    <stop arrival="10:42" departure="10:42">Erleveien</stop>
    <stop arrival="10:42" departure="10:42">Landåstorget</stop>
    <stop arrival="10:44" departure="10:44">Natlandsv. v/Hagerupsvei</stop>
    <stop arrival="10:44" departure="10:44">Langhaugen</stop>
    <stop arrival="10:45" departure="10:45">Fridalen</stop>
    <stop arrival="10:47" departure="10:47">Haukeland sykehus sør</stop>
    <stop arrival="10:48" departure="10:48">Haukeland sykehus nord</stop>
    <stop arrival="10:49" departure="10:49">Haraldsplass sykehus</stop>
    <stop arrival="10:50" departure="10:50">Haukeland skole</stop>
    <stop arrival="10:51" departure="10:51">Svartediksveien</stop>
    <stop arrival="10:52" departure="10:52">Kalvedalsveien</stop>
    <stop arrival="10:53" departure="10:53">Kalfarlien</stop>
    <stop arrival="10:55" departure="10:55">Stadsporten (jernbanen)</stop>
    <stop arrival="10:56" departure="10:56">Kong Oscars gate</stop>
    <stop arrival="10:57" departure="10:57">Allehelgensgate</stop>
    <stop arrival="10:57" departure="10:57">Torget (Bergen)</stop>
    <stop arrival="10:58" departure="10:58">Bryggen</stop>
    <stop arrival="10:59" departure="10:59">Slottsgaten</stop>
    <stop arrival="11:00" departure="11:00">Bontelabo</stop>
    <stop arrival="11:00" departure="11:00">Skutevikstorget</stop>
    <stop arrival="11:01" departure="11:01">Sjøgaten</stop>
    <stop arrival="11:01" departure="11:01">Sandvikstorget</stop>
    <stop arrival="11:02" departure="11:02">Ludebryggen</stop>
    <stop arrival="11:03" departure="11:03">Munkebotten</stop>
    <stop arrival="11:04" departure="11:04">Nyhavnsvei (Gamle Bergen)</stop>
    <stop arrival="11:05" departure="11:05">Handelshøyskolen</stop>
    <stop arrival="11:07" departure="11:07">Eidsvåg gamlevegen</stop>
    <stop arrival="11:08" departure="11:08">Selvikvegen</stop>
    <stop arrival="11:09" departure="11:09">Ervik nedre (Sellesvingen)</stop>
    <stop arrival="11:09" departure="11:09">Ervik øvre</stop>
    <stop arrival="11:10" departure="11:10">Åstveitvegen</stop>
    <stop arrival="11:11" departure="11:11">Griggastemma</stop>
    <stop arrival="11:12" departure="11:12">Tertneskrysset gamleveien</stop>
    <stop arrival="11:16" departure="11:16">Stamskaret</stop>
    <stop arrival="11:17" departure="11:17">Hesthaugen</stop>
    <stop arrival="11:20">Åsane terminal</stop>
  </route>
  <route no="23" destination="Bergen Busstasjon" url="http://www.web2051.no/bin/tp/zuginfo.exe/on/86979/33118/31892/13051/1/" trafficDays="kjører Ma - Fr, ikke 13., 17., 24. Mai">
    <stop departure="10:24" routeNo="23">Birkelandskrysset Terminal</stop>
    <stop arrival="10:25" departure="10:25">Gomarhaug</stop>
    <stop arrival="10:26" departure="10:26">Sandsliskiftet</stop>
    <stop arrival="10:26" departure="10:26">Håvardstun</stop>
    <stop arrival="10:28" departure="10:28">Meyer</stop>
    <stop arrival="10:29" departure="10:29">Rådal</stop>
    <stop arrival="10:30" departure="10:30">Rådal ved Lagunen</stop>
    <stop arrival="10:35" departure="10:35">Skjold skole</stop>
    <stop arrival="10:37" departure="10:37">Mårdalen</stop>
    <stop arrival="10:38" departure="10:38">Nesttunbrekka</stop>
    <stop arrival="10:38" departure="10:38">Skjoldskiftet</stop>
    <stop arrival="10:39" departure="10:39">Nesttun</stop>
    <stop arrival="10:40" departure="10:40">Nesttun terminal</stop>
    <stop arrival="10:42" departure="10:42">Hopsbro</stop>
    <stop arrival="10:44" departure="10:44">Tveiteråsskiftet</stop>
    <stop arrival="10:45" departure="10:45">Paradis</stop>
    <stop arrival="10:47" departure="10:47">Nydalen</stop>
    <stop arrival="10:49" departure="10:49">Fantoft</stop>
    <stop arrival="10:50" departure="10:50">Storetveit</stop>
    <stop arrival="10:50" departure="10:50">Elvebakken</stop>
    <stop arrival="10:51" departure="10:51">Minde</stop>
    <stop arrival="10:54" departure="10:54">Mindemyren</stop>
    <stop arrival="10:55" departure="10:55">Postterminalen</stop>
    <stop arrival="10:56" departure="10:56">Kanalveien v/LBK</stop>
    <stop arrival="10:58" departure="10:58">Danmarksplass v/Forum kino</stop>
    <stop arrival="11:01" departure="11:01">Bergen Busstasjon</stop>
    <stop arrival="11:04" departure="11:04">Christies gate (Festplassen)</stop>
    <stop arrival="11:09">Bergen Busstasjon</stop>
  </route>
  <route no="23" destination="Bergen Busstasjon" url="http://www.web2051.no/bin/tp/zuginfo.exe/on/309597/107296/657590/225596/1/" trafficDays="kjører Lø, ikke 1. Mai">
    <stop departure="10:26" routeNo="23">Birkelandskrysset Terminal</stop>
    <stop arrival="10:27" departure="10:27">Gomarhaug</stop>
    <stop arrival="10:28" departure="10:28">Sandsliskiftet</stop>
    <stop arrival="10:28" departure="10:28">Håvardstun</stop>
    <stop arrival="10:30" departure="10:30">Meyer</stop>
    <stop arrival="10:31" departure="10:31">Rådal</stop>
    <stop arrival="10:32" departure="10:32">Rådal ved Lagunen</stop>
    <stop arrival="10:35" departure="10:35">Skjold skole</stop>
    <stop arrival="10:37" departure="10:37">Mårdalen</stop>
    <stop arrival="10:38" departure="10:38">Nesttunbrekka</stop>
    <stop arrival="10:38" departure="10:38">Skjoldskiftet</stop>
    <stop arrival="10:39" departure="10:39">Nesttun</stop>
    <stop arrival="10:40" departure="10:40">Nesttun terminal</stop>
    <stop arrival="10:42" departure="10:42">Hopsbro</stop>
    <stop arrival="10:44" departure="10:44">Tveiteråsskiftet</stop>
    <stop arrival="10:45" departure="10:45">Paradis</stop>
    <stop arrival="10:47" departure="10:47">Nydalen</stop>
    <stop arrival="10:49" departure="10:49">Fantoft</stop>
    <stop arrival="10:50" departure="10:50">Storetveit</stop>
    <stop arrival="10:50" departure="10:50">Elvebakken</stop>
    <stop arrival="10:51" departure="10:51">Minde</stop>
    <stop arrival="10:55" departure="10:55">Mindemyren</stop>
    <stop arrival="10:56" departure="10:56">Postterminalen</stop>
    <stop arrival="10:56" departure="10:56">Kanalveien v/LBK</stop>
    <stop arrival="10:58" departure="10:58">Danmarksplass v/Forum kino</stop>
    <stop arrival="11:02" departure="11:02">Bergen Busstasjon</stop>
    <stop arrival="11:05" departure="11:05">Christies gate (Festplassen)</stop>
    <stop arrival="11:10">Bergen Busstasjon</stop>
  </route>
  <route no="23" destination="Birkelandskrysset Terminal" url="http://www.web2051.no/bin/tp/zuginfo.exe/on/237612/83300/80728/38840/1/" trafficDays="kjører Lø, ikke 1. Mai">
    <stop departure="10:00" routeNo="23">Olav Kyrres gate</stop>
    <stop arrival="10:05" departure="10:05">Bergen Busstasjon</stop>
    <stop arrival="10:09" departure="10:09">Danmarksplass</stop>
    <stop arrival="10:10" departure="10:10">Solheimsgaten</stop>
    <stop arrival="10:11" departure="10:11">Reperbanen</stop>
    <stop arrival="10:13" departure="10:13">Fjøsangerveien/ Minde Allè</stop>
    <stop arrival="10:16" departure="10:16">Minde</stop>
    <stop arrival="10:17" departure="10:17">Elvebakken</stop>
    <stop arrival="10:17" departure="10:17">Storetveit</stop>
    <stop arrival="10:17" departure="10:17">Fantoft</stop>
    <stop arrival="10:18" departure="10:18">Nydalen</stop>
    <stop arrival="10:19" departure="10:19">Paradis</stop>
    <stop arrival="10:20" departure="10:20">Tveiteråsskiftet</stop>
    <stop arrival="10:21" departure="10:21">Hopsbro</stop>
    <stop arrival="10:23" departure="10:23">Hopstangen</stop>
    <stop arrival="10:24" departure="10:24">Nesttun terminal</stop>
    <stop arrival="10:26" departure="10:26">Nesttun</stop>
    <stop arrival="10:29" departure="10:29">Skjoldskiftet</stop>
    <stop arrival="10:30" departure="10:30">Nesttunbrekka</stop>
    <stop arrival="10:30" departure="10:30">Mårdalen</stop>
    <stop arrival="10:31" departure="10:31">Skjoldhøgda</stop>
    <stop arrival="10:32" departure="10:32">Skjold skole</stop>
    <stop arrival="10:33" departure="10:33">Lagunen</stop>
    <stop arrival="10:35" departure="10:35">Rådal</stop>
    <stop arrival="10:36" departure="10:36">Meyerskiftet</stop>
    <stop arrival="10:42" departure="10:42">Håvardstun</stop>
    <stop arrival="10:43" departure="10:43">Sandsliskiftet</stop>
    <stop arrival="10:44" departure="10:44">Gomarhaug</stop>
    <stop arrival="10:46">Birkelandskrysset Terminal</stop>
  </route>
  <route no="50" destination="Dolvik terminal" url="http://www.web2051.no/bin/tp/zuginfo.exe/on/883692/295410/560110/14510/1/" trafficDays="kjører Ma - Fr, ikke 13., 17., 24. Mai">
    <stop departure="9:40" routeNo="50">Åsane terminal</stop>
    <stop arrival="9:41" departure="9:41">Hesthaugen</stop>
    <stop arrival="9:42" departure="9:42">Stamskaret</stop>
    <stop arrival="9:43" departure="9:43">Tertneskrysset gamleveien</stop>
    <stop arrival="9:44" departure="9:44">Griggastemma</stop>
    <stop arrival="9:45" departure="9:45">Åstveitvegen</stop>
    <stop arrival="9:45" departure="9:45">Ervik øvre</stop>
    <stop arrival="9:46" departure="9:46">Ervik nedre (Sellesvingen)</stop>
    <stop arrival="9:47" departure="9:47">Selvikvegen</stop>
    <stop arrival="9:48" departure="9:48">Eidsvåg</stop>
    <stop arrival="9:50" departure="9:50">Handelshøyskolen</stop>
    <stop arrival="9:52" departure="9:52">Nyhavnsvei (Gamle Bergen)</stop>
    <stop arrival="9:54" departure="9:54">Munkebotten</stop>
    <stop arrival="9:55" departure="9:55">Ludebryggen</stop>
    <stop arrival="9:56" departure="9:56">Sandvikstorget</stop>
    <stop arrival="9:58" departure="9:58">Skutevikstorget</stop>
    <stop arrival="9:59" departure="9:59">Bontelabo</stop>
    <stop arrival="10:01" departure="10:01">Slottsgaten</stop>
    <stop arrival="10:02" departure="10:02">Bryggen</stop>
    <stop arrival="10:03" departure="10:03">Småstrandgaten</stop>
    <stop arrival="10:04" departure="10:04">Nygaten</stop>
    <stop arrival="10:05" departure="10:05">Statsporten (jernbanen)</stop>
    <stop arrival="10:08" departure="10:08">Kalfarlien</stop>
    <stop arrival="10:09" departure="10:09">Kalvedalsveien</stop>
    <stop arrival="10:10" departure="10:10">Svartediksveien</stop>
    <stop arrival="10:11" departure="10:11">Statsarkivet</stop>
    <stop arrival="10:12" departure="10:12">Haraldsplass sykehus</stop>
    <stop arrival="10:13" departure="10:13">Haukeland sykehus nord</stop>
    <stop arrival="10:14" departure="10:14">Haukeland sykehus sør</stop>
    <stop arrival="10:15" departure="10:15">Fridalen</stop>
    <stop arrival="10:15" departure="10:15">Langhaugen</stop>
    <stop arrival="10:16" departure="10:16">Landåssvingen</stop>
    <stop arrival="10:16" departure="10:16">Landåstorget</stop>
    <stop arrival="10:17" departure="10:17">Erleveien</stop>
    <stop arrival="10:17" departure="10:17">Wier-Jenssens vei</stop>
    <stop arrival="10:18" departure="10:18">Mannsverk</stop>
    <stop arrival="10:18" departure="10:18">Bolstad</stop>
    <stop arrival="10:19" departure="10:19">Hans Jægers vei</stop>
    <stop arrival="10:19" departure="10:19">Kolstibotn</stop>
    <stop arrival="10:19" departure="10:19">Knausen</stop>
    <stop arrival="10:20" departure="10:20">Birkelundstoppen</stop>
    <stop arrival="10:21" departure="10:21">Birkelundsbakken</stop>
    <stop arrival="10:21" departure="10:21">Natlandslien</stop>
    <stop arrival="10:22" departure="10:22">Stavkirken</stop>
    <stop arrival="10:23" departure="10:23">Paradis</stop>
    <stop arrival="10:24" departure="10:24">Tveiteråsskiftet</stop>
    <stop arrival="10:25" departure="10:25">Hopsbro</stop>
    <stop arrival="10:27" departure="10:27">Hopstangen</stop>
    <stop arrival="10:28" departure="10:28">Nesttun terminal</stop>
    <stop arrival="10:30" departure="10:30">Nesttun</stop>
    <stop arrival="10:33" departure="10:33">Skjoldskiftet</stop>
    <stop arrival="10:33" departure="10:33">Nesttunbrekka</stop>
    <stop arrival="10:34" departure="10:34">Mårdalen</stop>
    <stop arrival="10:34" departure="10:34">Skjoldhøgda</stop>
    <stop arrival="10:34" departure="10:34">Skjold skole</stop>
    <stop arrival="10:35" departure="10:35">Lagunen</stop>
    <stop arrival="10:36" departure="10:36">Rådal</stop>
    <stop arrival="10:37" departure="10:37">Meyerskiftet</stop>
    <stop arrival="10:41" departure="10:41">Håvardstun</stop>
    <stop arrival="10:42" departure="10:42">Statoil stasjon Sandsli</stop>
    <stop arrival="10:43" departure="10:43">Hydro Sandsli</stop>
    <stop arrival="10:44" departure="10:44">Petedalsheia</stop>
    <stop arrival="10:45" departure="10:45">Fanatorget</stop>
    <stop arrival="10:50">Dolvik terminal</stop>
  </route>
  <route no="23" destination="Birkelandskrysset Terminal" url="http://www.web2051.no/bin/tp/zuginfo.exe/on/963369/325246/209060/216598/1/" trafficDays="kjører Ma - Fr, ikke 13., 17., 24. Mai">
    <stop departure="10:00" routeNo="23">Olav Kyrres gate</stop>
    <stop arrival="10:05" departure="10:05">Bergen Busstasjon</stop>
    <stop arrival="10:10" departure="10:10">Danmarksplass</stop>
    <stop arrival="10:11" departure="10:11">Solheimsgaten</stop>
    <stop arrival="10:12" departure="10:12">Reperbanen</stop>
    <stop arrival="10:14" departure="10:14">Fjøsangerveien/ Minde Allè</stop>
    <stop arrival="10:17" departure="10:17">Minde</stop>
    <stop arrival="10:18" departure="10:18">Elvebakken</stop>
    <stop arrival="10:18" departure="10:18">Storetveit</stop>
    <stop arrival="10:18" departure="10:18">Fantoft</stop>
    <stop arrival="10:19" departure="10:19">Nydalen</stop>
    <stop arrival="10:20" departure="10:20">Paradis</stop>
    <stop arrival="10:21" departure="10:21">Tveiteråsskiftet</stop>
    <stop arrival="10:22" departure="10:22">Hopsbro</stop>
    <stop arrival="10:24" departure="10:24">Hopstangen</stop>
    <stop arrival="10:25" departure="10:25">Nesttun terminal</stop>
    <stop arrival="10:27" departure="10:27">Nesttun</stop>
    <stop arrival="10:30" departure="10:30">Skjoldskiftet</stop>
    <stop arrival="10:30" departure="10:30">Nesttunbrekka</stop>
    <stop arrival="10:31" departure="10:31">Mårdalen</stop>
    <stop arrival="10:31" departure="10:31">Skjoldhøgda</stop>
    <stop arrival="10:31" departure="10:31">Skjold skole</stop>
    <stop arrival="10:32" departure="10:32">Lagunen</stop>
    <stop arrival="10:34" departure="10:34">Rådal</stop>
    <stop arrival="10:37" departure="10:37">Meyerskiftet</stop>
    <stop arrival="10:44" departure="10:44">Håvardstun</stop>
    <stop arrival="10:45" departure="10:45">Sandsliskiftet</stop>
    <stop arrival="10:47" departure="10:47">Gomarhaug</stop>
    <stop arrival="10:50">Birkelandskrysset Terminal</stop>
  </route>
  <route no="23" destination="Birkelandskrysset Terminal" url="http://www.web2051.no/bin/tp/zuginfo.exe/on/461361/157867/529220/110825/1/" trafficDays="kjører Sø, også 1., 13., 17., 24. Mai">
    <stop departure="10:05" routeNo="23">Olav Kyrres gate</stop>
    <stop arrival="10:10" departure="10:10">Bergen Busstasjon</stop>
    <stop arrival="10:14" departure="10:14">Danmarksplass</stop>
    <stop arrival="10:15" departure="10:15">Solheimsgaten</stop>
    <stop arrival="10:16" departure="10:16">Reperbanen</stop>
    <stop arrival="10:17" departure="10:17">Fjøsangerveien/ Minde Allè</stop>
    <stop arrival="10:20" departure="10:20">Minde</stop>
    <stop arrival="10:21" departure="10:21">Elvebakken</stop>
    <stop arrival="10:22" departure="10:22">Storetveit</stop>
    <stop arrival="10:22" departure="10:22">Fantoft</stop>
    <stop arrival="10:23" departure="10:23">Nydalen</stop>
    <stop arrival="10:24" departure="10:24">Paradis</stop>
    <stop arrival="10:25" departure="10:25">Tveiteråsskiftet</stop>
    <stop arrival="10:26" departure="10:26">Hopsbro</stop>
    <stop arrival="10:28" departure="10:28">Hopstangen</stop>
    <stop arrival="10:29" departure="10:29">Nesttun terminal</stop>
    <stop arrival="10:31" departure="10:31">Nesttun</stop>
    <stop arrival="10:34" departure="10:34">Skjoldskiftet</stop>
    <stop arrival="10:34" departure="10:34">Nesttunbrekka</stop>
    <stop arrival="10:35" departure="10:35">Mårdalen</stop>
    <stop arrival="10:35" departure="10:35">Skjoldhøgda</stop>
    <stop arrival="10:35" departure="10:35">Skjold skole</stop>
    <stop arrival="10:36" departure="10:36">Lagunen</stop>
    <stop arrival="10:38" departure="10:38">Rådal</stop>
    <stop arrival="10:39" departure="10:39">Meyerskiftet</stop>
    <stop arrival="10:45" departure="10:45">Håvardstun</stop>
    <stop arrival="10:46" departure="10:46">Sandsliskiftet</stop>
    <stop arrival="10:47" departure="10:47">Gomarhaug</stop>
    <stop arrival="10:49">Birkelandskrysset Terminal</stop>
  </route>
  <route no="50" destination="Åsane terminal" url="http://www.web2051.no/bin/tp/zuginfo.exe/on/476616/159690/917496/299876/1/" trafficDays="kjører Lø, ikke 1. Mai">
    <stop departure="10:38" routeNo="50">Dolvik terminal</stop>
    <stop arrival="10:38" departure="10:38">Skranevegen</stop>
    <stop arrival="10:39" departure="10:39">Regnbueåsen</stop>
    <stop arrival="10:40" departure="10:40">Fanatorget</stop>
    <stop arrival="10:41" departure="10:41">Petedalsheia</stop>
    <stop arrival="10:42" departure="10:42">Hydro Sandsli</stop>
    <stop arrival="10:45" departure="10:45">Håvardstun</stop>
    <stop arrival="10:48" departure="10:48">Meyer</stop>
    <stop arrival="10:49" departure="10:49">Rådal</stop>
    <stop arrival="10:50" departure="10:50">Rådal ved Lagunen</stop>
    <stop arrival="10:53" departure="10:53">Skjold skole</stop>
    <stop arrival="10:55" departure="10:55">Mårdalen</stop>
    <stop arrival="10:56" departure="10:56">Nesttunbrekka</stop>
    <stop arrival="10:56" departure="10:56">Skjoldskiftet</stop>
    <stop arrival="10:57" departure="10:57">Nesttun</stop>
    <stop arrival="10:58" departure="10:58">Nesttun terminal</stop>
    <stop arrival="11:00" departure="11:00">Hopsbro</stop>
    <stop arrival="11:02" departure="11:02">Tveiteråsskiftet</stop>
    <stop arrival="11:03" departure="11:03">Paradis/50</stop>
    <stop arrival="11:05" departure="11:05">Stavkirken</stop>
    <stop arrival="11:06" departure="11:06">Natlandslien</stop>
    <stop arrival="11:07" departure="11:07">Birkelundsbakken</stop>
    <stop arrival="11:08" departure="11:08">Birkelundstoppen</stop>
    <stop arrival="11:09" departure="11:09">Knausen</stop>
    <stop arrival="11:09" departure="11:09">Kolstibotn</stop>
    <stop arrival="11:10" departure="11:10">H. Jægers vei</stop>
    <stop arrival="11:10" departure="11:10">Bolstad</stop>
    <stop arrival="11:11" departure="11:11">Mannsverk</stop>
    <stop arrival="11:11" departure="11:11">Wiers -Jenssens vei</stop>
    <stop arrival="11:12" departure="11:12">Erleveien</stop>
    <stop arrival="11:12" departure="11:12">Landåstorget</stop>
    <stop arrival="11:13" departure="11:13">Natlandsv. v/Hagerupsvei</stop>
    <stop arrival="11:13" departure="11:13">Langhaugen</stop>
    <stop arrival="11:14" departure="11:14">Fridalen</stop>
    <stop arrival="11:15" departure="11:15">Haukeland sykehus sør</stop>
    <stop arrival="11:16" departure="11:16">Haukeland sykehus nord</stop>
    <stop arrival="11:17" departure="11:17">Haraldsplass sykehus</stop>
    <stop arrival="11:18" departure="11:18">Haukeland skole</stop>
    <stop arrival="11:19" departure="11:19">Svartediksveien</stop>
    <stop arrival="11:20" departure="11:20">Kalvedalsveien</stop>
    <stop arrival="11:21" departure="11:21">Kalfarlien</stop>
    <stop arrival="11:23" departure="11:23">Stadsporten (jernbanen)</stop>
    <stop arrival="11:24" departure="11:24">Kong Oscars gate</stop>
    <stop arrival="11:25" departure="11:25">Allehelgensgate</stop>
    <stop arrival="11:25" departure="11:25">Torget (Bergen)</stop>
    <stop arrival="11:26" departure="11:26">Bryggen</stop>
    <stop arrival="11:27" departure="11:27">Slottsgaten</stop>
    <stop arrival="11:28" departure="11:28">Bontelabo</stop>
    <stop arrival="11:28" departure="11:28">Skutevikstorget</stop>
    <stop arrival="11:29" departure="11:29">Sjøgaten</stop>
    <stop arrival="11:29" departure="11:29">Sandvikstorget</stop>
    <stop arrival="11:30" departure="11:30">Ludebryggen</stop>
    <stop arrival="11:31" departure="11:31">Munkebotten</stop>
    <stop arrival="11:32" departure="11:32">Nyhavnsvei (Gamle Bergen)</stop>
    <stop arrival="11:33" departure="11:33">Handelshøyskolen</stop>
    <stop arrival="11:35" departure="11:35">Eidsvåg gamlevegen</stop>
    <stop arrival="11:36" departure="11:36">Selvikvegen</stop>
    <stop arrival="11:37" departure="11:37">Ervik nedre (Sellesvingen)</stop>
    <stop arrival="11:37" departure="11:37">Ervik øvre</stop>
    <stop arrival="11:38" departure="11:38">Åstveitvegen</stop>
    <stop arrival="11:39" departure="11:39">Griggastemma</stop>
    <stop arrival="11:40" departure="11:40">Tertneskrysset gamleveien</stop>
    <stop arrival="11:42" departure="11:42">Stamskaret</stop>
    <stop arrival="11:43" departure="11:43">Hesthaugen</stop>
    <stop arrival="11:45">Åsane terminal</stop>
  </route>
  <route no="50" destination="Åsane terminal" url="http://www.web2051.no/bin/tp/zuginfo.exe/on/949746/317433/926746/146792/1/" trafficDays="kjører Ma - Fr, ikke 13., 17., 24. Mai">
    <stop departure="10:38" routeNo="50">Dolvik terminal</stop>
    <stop arrival="10:38" departure="10:38">Skranevegen</stop>
    <stop arrival="10:39" departure="10:39">Regnbueåsen</stop>
    <stop arrival="10:40" departure="10:40">Fanatorget</stop>
    <stop arrival="10:41" departure="10:41">Petedalsheia</stop>
    <stop arrival="10:42" departure="10:42">Hydro Sandsli</stop>
    <stop arrival="10:45" departure="10:45">Håvardstun</stop>
    <stop arrival="10:48" departure="10:48">Meyer</stop>
    <stop arrival="10:49" departure="10:49">Rådal</stop>
    <stop arrival="10:50" departure="10:50">Rådal ved Lagunen</stop>
    <stop arrival="10:55" departure="10:55">Skjold skole</stop>
    <stop arrival="10:57" departure="10:57">Mårdalen</stop>
    <stop arrival="10:58" departure="10:58">Nesttunbrekka</stop>
    <stop arrival="10:58" departure="10:58">Skjoldskiftet</stop>
    <stop arrival="10:59" departure="10:59">Nesttun</stop>
    <stop arrival="11:00" departure="11:00">Nesttun terminal</stop>
    <stop arrival="11:02" departure="11:02">Hopsbro</stop>
    <stop arrival="11:04" departure="11:04">Tveiteråsskiftet</stop>
    <stop arrival="11:05" departure="11:05">Paradis/50</stop>
    <stop arrival="11:06" departure="11:06">Stavkirken</stop>
    <stop arrival="11:06" departure="11:06">Natlandslien</stop>
    <stop arrival="11:07" departure="11:07">Birkelundsbakken</stop>
    <stop arrival="11:07" departure="11:07">Birkelundstoppen</stop>
    <stop arrival="11:08" departure="11:08">Knausen</stop>
    <stop arrival="11:08" departure="11:08">Kolstibotn</stop>
    <stop arrival="11:09" departure="11:09">H. Jægers vei</stop>
    <stop arrival="11:09" departure="11:09">Bolstad</stop>
    <stop arrival="11:10" departure="11:10">Mannsverk</stop>
    <stop arrival="11:11" departure="11:11">Wiers -Jenssens vei</stop>
    <stop arrival="11:12" departure="11:12">Erleveien</stop>
    <stop arrival="11:12" departure="11:12">Landåstorget</stop>
    <stop arrival="11:14" departure="11:14">Natlandsv. v/Hagerupsvei</stop>
    <stop arrival="11:14" departure="11:14">Langhaugen</stop>
    <stop arrival="11:15" departure="11:15">Fridalen</stop>
    <stop arrival="11:17" departure="11:17">Haukeland sykehus sør</stop>
    <stop arrival="11:18" departure="11:18">Haukeland sykehus nord</stop>
    <stop arrival="11:19" departure="11:19">Haraldsplass sykehus</stop>
    <stop arrival="11:20" departure="11:20">Haukeland skole</stop>
    <stop arrival="11:21" departure="11:21">Svartediksveien</stop>
    <stop arrival="11:22" departure="11:22">Kalvedalsveien</stop>
    <stop arrival="11:23" departure="11:23">Kalfarlien</stop>
    <stop arrival="11:25" departure="11:25">Stadsporten (jernbanen)</stop>
    <stop arrival="11:26" departure="11:26">Kong Oscars gate</stop>
    <stop arrival="11:27" departure="11:27">Allehelgensgate</stop>
    <stop arrival="11:27" departure="11:27">Torget (Bergen)</stop>
    <stop arrival="11:28" departure="11:28">Bryggen</stop>
    <stop arrival="11:29" departure="11:29">Slottsgaten</stop>
    <stop arrival="11:30" departure="11:30">Bontelabo</stop>
    <stop arrival="11:30" departure="11:30">Skutevikstorget</stop>
    <stop arrival="11:31" departure="11:31">Sjøgaten</stop>
    <stop arrival="11:31" departure="11:31">Sandvikstorget</stop>
    <stop arrival="11:32" departure="11:32">Ludebryggen</stop>
    <stop arrival="11:33" departure="11:33">Munkebotten</stop>
    <stop arrival="11:34" departure="11:34">Nyhavnsvei (Gamle Bergen)</stop>
    <stop arrival="11:35" departure="11:35">Handelshøyskolen</stop>
    <stop arrival="11:37" departure="11:37">Eidsvåg gamlevegen</stop>
    <stop arrival="11:38" departure="11:38">Selvikvegen</stop>
    <stop arrival="11:39" departure="11:39">Ervik nedre (Sellesvingen)</stop>
    <stop arrival="11:39" departure="11:39">Ervik øvre</stop>
    <stop arrival="11:40" departure="11:40">Åstveitvegen</stop>
    <stop arrival="11:41" departure="11:41">Griggastemma</stop>
    <stop arrival="11:42" departure="11:42">Tertneskrysset gamleveien</stop>
    <stop arrival="11:44" departure="11:44">Stamskaret</stop>
    <stop arrival="11:45" departure="11:45">Hesthaugen</stop>
    <stop arrival="11:46">Åsane terminal</stop>
  </route>
  <route no="23" destination="Bergen Busstasjon" url="http://www.web2051.no/bin/tp/zuginfo.exe/on/577245/196497/202672/91079/1/" trafficDays="kjører Sø, også 1., 13., 17., 24. Mai">
    <stop departure="10:51" routeNo="23">Birkelandskrysset Terminal</stop>
    <stop arrival="10:52" departure="10:52">Gomarhaug</stop>
    <stop arrival="10:53" departure="10:53">Sandsliskiftet</stop>
    <stop arrival="10:53" departure="10:53">Håvardstun</stop>
    <stop arrival="10:55" departure="10:55">Meyer</stop>
    <stop arrival="10:56" departure="10:56">Rådal</stop>
    <stop arrival="10:57" departure="10:57">Rådal ved Lagunen</stop>
    <stop arrival="11:00" departure="11:00">Skjold skole</stop>
    <stop arrival="11:02" departure="11:02">Mårdalen</stop>
    <stop arrival="11:03" departure="11:03">Nesttunbrekka</stop>
    <stop arrival="11:03" departure="11:03">Skjoldskiftet</stop>
    <stop arrival="11:04" departure="11:04">Nesttun</stop>
    <stop arrival="11:05" departure="11:05">Nesttun terminal</stop>
    <stop arrival="11:07" departure="11:07">Hopsbro</stop>
    <stop arrival="11:09" departure="11:09">Tveiteråsskiftet</stop>
    <stop arrival="11:10" departure="11:10">Paradis</stop>
    <stop arrival="11:12" departure="11:12">Nydalen</stop>
    <stop arrival="11:14" departure="11:14">Fantoft</stop>
    <stop arrival="11:15" departure="11:15">Storetveit</stop>
    <stop arrival="11:15" departure="11:15">Elvebakken</stop>
    <stop arrival="11:16" departure="11:16">Minde</stop>
    <stop arrival="11:19" departure="11:19">Mindemyren</stop>
    <stop arrival="11:20" departure="11:20">Postterminalen</stop>
    <stop arrival="11:21" departure="11:21">Kanalveien v/LBK</stop>
    <stop arrival="11:23" departure="11:23">Danmarksplass v/Forum kino</stop>
    <stop arrival="11:26" departure="11:26">Bergen Busstasjon</stop>
    <stop arrival="11:29" departure="11:29">Christies gate (Festplassen)</stop>
    <stop arrival="11:34">Bergen Busstasjon</stop>
  </route>
  <route no="23" destination="Bergen Busstasjon" url="http://www.web2051.no/bin/tp/zuginfo.exe/on/216333/76236/348082/101935/1/" trafficDays="kjører Ma - Fr, ikke 13., 17., 24. Mai">
    <stop departure="10:54" routeNo="23">Birkelandskrysset Terminal</stop>
    <stop arrival="10:55" departure="10:55">Gomarhaug</stop>
    <stop arrival="10:56" departure="10:56">Sandsliskiftet</stop>
    <stop arrival="10:56" departure="10:56">Håvardstun</stop>
    <stop arrival="10:58" departure="10:58">Meyer</stop>
    <stop arrival="10:59" departure="10:59">Rådal</stop>
    <stop arrival="11:00" departure="11:00">Rådal ved Lagunen</stop>
    <stop arrival="11:05" departure="11:05">Skjold skole</stop>
    <stop arrival="11:07" departure="11:07">Mårdalen</stop>
    <stop arrival="11:08" departure="11:08">Nesttunbrekka</stop>
    <stop arrival="11:08" departure="11:08">Skjoldskiftet</stop>
    <stop arrival="11:09" departure="11:09">Nesttun</stop>
    <stop arrival="11:10" departure="11:10">Nesttun terminal</stop>
    <stop arrival="11:12" departure="11:12">Hopsbro</stop>
    <stop arrival="11:14" departure="11:14">Tveiteråsskiftet</stop>
    <stop arrival="11:15" departure="11:15">Paradis</stop>
    <stop arrival="11:17" departure="11:17">Nydalen</stop>
    <stop arrival="11:19" departure="11:19">Fantoft</stop>
    <stop arrival="11:20" departure="11:20">Storetveit</stop>
    <stop arrival="11:20" departure="11:20">Elvebakken</stop>
    <stop arrival="11:21" departure="11:21">Minde</stop>
    <stop arrival="11:24" departure="11:24">Mindemyren</stop>
    <stop arrival="11:25" departure="11:25">Postterminalen</stop>
    <stop arrival="11:26" departure="11:26">Kanalveien v/LBK</stop>
    <stop arrival="11:28" departure="11:28">Danmarksplass v/Forum kino</stop>
    <stop arrival="11:31" departure="11:31">Bergen Busstasjon</stop>
    <stop arrival="11:34" departure="11:34">Christies gate (Festplassen)</stop>
    <stop arrival="11:39">Bergen Busstasjon</stop>
  </route>
</routes>
