<?xml version="1.0" encoding="UTF-8"?>
<routes>
  <route no="546" destination="Nesttun terminal" url="http://www.web2051.no/bin/tp/zuginfo.exe/on/409353/141885/268588/2157/1/" trafficDays="kjører Lø, ikke 1. Mai">
    <stop departure="10:00" routeNo="546">Nesttun terminal</stop>
    <stop arrival="10:01" departure="10:01">Nesttun</stop>
    <stop arrival="10:01" departure="10:01">Herredshuset, Nesttun</stop>
    <stop arrival="10:02" departure="10:02">Midtun bro</stop>
    <stop arrival="10:03" departure="10:03">Midttunflaten</stop>
    <stop arrival="10:04" departure="10:04">Ulsmågveien 12-14</stop>
    <stop arrival="10:04" departure="10:04">Ulsmågveien 29</stop>
    <stop arrival="10:05" departure="10:05">Ulsmåg skole</stop>
    <stop arrival="10:06" departure="10:06">Elvaneset 4</stop>
    <stop arrival="10:07" departure="10:07">Elvaneset 3</stop>
    <stop arrival="10:07" departure="10:07">Sørlia</stop>
    <stop arrival="10:09" departure="10:09">Øvsttun</stop>
    <stop arrival="10:10" departure="10:10">Solåsen</stop>
    <stop arrival="10:10" departure="10:10">Øvsttun kapell</stop>
    <stop arrival="10:11" departure="10:11">Dynevoll</stop>
    <stop arrival="10:11" departure="10:11">Elvenes</stop>
    <stop arrival="10:13" departure="10:13">Elvenes 1</stop>
    <stop arrival="10:13" departure="10:13">Elvenes 2</stop>
    <stop arrival="10:14" departure="10:14">Elvaneset 4</stop>
    <stop arrival="10:15" departure="10:15">Elvaneset 5</stop>
    <stop arrival="10:16" departure="10:16">Ulsmåg skole</stop>
    <stop arrival="10:17" departure="10:17">Ulsmågveien 29</stop>
    <stop arrival="10:18" departure="10:18">Ulsmågveien 12-14</stop>
    <stop arrival="10:20" departure="10:20">Midttunflaten</stop>
    <stop arrival="10:21" departure="10:21">Midtun bro</stop>
    <stop arrival="10:23" departure="10:23">Herredshuset, Nesttun</stop>
    <stop arrival="10:24" departure="10:24">Nesttun</stop>
    <stop arrival="10:25">Nesttun terminal</stop>
  </route>
  <route no="546" destination="Nesttun terminal" url="http://www.web2051.no/bin/tp/zuginfo.exe/on/952173/322837/935240/150229/1/" trafficDays="kjører Ma - Fr, ikke 13., 17., 24. Mai">
    <stop departure="10:05" routeNo="546">Nesttun terminal</stop>
    <stop arrival="10:06" departure="10:06">Nesttun</stop>
    <stop arrival="10:06" departure="10:06">Herredshuset, Nesttun</stop>
    <stop arrival="10:07" departure="10:07">Midtun bro</stop>
    <stop arrival="10:08" departure="10:08">Midttunflaten</stop>
    <stop arrival="10:09" departure="10:09">Ulsmågveien 12-14</stop>
    <stop arrival="10:09" departure="10:09">Ulsmågveien 29</stop>
    <stop arrival="10:10" departure="10:10">Ulsmåg skole</stop>
    <stop arrival="10:11" departure="10:11">Elvaneset 4</stop>
    <stop arrival="10:12" departure="10:12">Elvaneset 3</stop>
    <stop arrival="10:12" departure="10:12">Sørlia</stop>
    <stop arrival="10:14" departure="10:14">Øvsttun</stop>
    <stop arrival="10:15" departure="10:15">Solåsen</stop>
    <stop arrival="10:15" departure="10:15">Øvsttun kapell</stop>
    <stop arrival="10:16" departure="10:16">Dynevoll</stop>
    <stop arrival="10:16" departure="10:16">Elvenes</stop>
    <stop arrival="10:18" departure="10:18">Elvenes 1</stop>
    <stop arrival="10:18" departure="10:18">Elvenes 2</stop>
    <stop arrival="10:19" departure="10:19">Elvaneset 4</stop>
    <stop arrival="10:20" departure="10:20">Elvaneset 5</stop>
    <stop arrival="10:21" departure="10:21">Ulsmåg skole</stop>
    <stop arrival="10:22" departure="10:22">Ulsmågveien 29</stop>
    <stop arrival="10:23" departure="10:23">Ulsmågveien 12-14</stop>
    <stop arrival="10:25" departure="10:25">Midttunflaten</stop>
    <stop arrival="10:26" departure="10:26">Midtun bro</stop>
    <stop arrival="10:28" departure="10:28">Herredshuset, Nesttun</stop>
    <stop arrival="10:29" departure="10:29">Nesttun</stop>
    <stop arrival="10:30">Nesttun terminal</stop>
  </route>
  <route no="22" destination="Birkelundstoppen" url="http://www.web2051.no/bin/tp/zuginfo.exe/on/471897/161322/852070/268737/1/" trafficDays="kjører Lø, ikke 1. Mai">
    <stop departure="9:45" routeNo="22">Olav Kyrres gate</stop>
    <stop arrival="9:50" departure="9:50">Bergen Busstasjon</stop>
    <stop arrival="9:54" departure="9:54">Danmarksplass</stop>
    <stop arrival="9:55" departure="9:55">Solheimsgaten</stop>
    <stop arrival="9:56" departure="9:56">Reperbanen</stop>
    <stop arrival="9:58" departure="9:58">Fjøsangerveien/ Minde Allè</stop>
    <stop arrival="10:01" departure="10:01">Minde</stop>
    <stop arrival="10:02" departure="10:02">Elvebakken</stop>
    <stop arrival="10:02" departure="10:02">Storetveit</stop>
    <stop arrival="10:02" departure="10:02">Fantoft</stop>
    <stop arrival="10:03" departure="10:03">Nydalen</stop>
    <stop arrival="10:04" departure="10:04">Paradis</stop>
    <stop arrival="10:05" departure="10:05">Tveiteråsskiftet</stop>
    <stop arrival="10:06" departure="10:06">Hopsbro</stop>
    <stop arrival="10:08" departure="10:08">Hopstangen</stop>
    <stop arrival="10:09" departure="10:09">Nesttun terminal</stop>
    <stop arrival="10:10" departure="10:10">Nesttun</stop>
    <stop arrival="10:10" departure="10:10">Herredshuset, Nesttun</stop>
    <stop arrival="10:11" departure="10:11">Midtun bro</stop>
    <stop arrival="10:12" departure="10:12">Midttunflaten</stop>
    <stop arrival="10:13" departure="10:13">Sandbrekkeveien</stop>
    <stop arrival="10:14" departure="10:14">Sandalskollen</stop>
    <stop arrival="10:15" departure="10:15">Kringlebotn</stop>
    <stop arrival="10:16" departure="10:16">Kjenndalslia</stop>
    <stop arrival="10:17" departure="10:17">Kjenndalsåsen</stop>
    <stop arrival="10:18" departure="10:18">Sandalsringen snuplass</stop>
    <stop arrival="10:19" departure="10:19">Helldalslia</stop>
    <stop arrival="10:19" departure="10:19">Helldalslia</stop>
    <stop arrival="10:19" departure="10:19">Indre Sædal</stop>
    <stop arrival="10:20" departure="10:20">Rinddalen</stop>
    <stop arrival="10:21" departure="10:21">Merkurvegen (nyeveien)</stop>
    <stop arrival="10:21" departure="10:21">Nattland gård (nyeveien)</stop>
    <stop arrival="10:22">Birkelundstoppen</stop>
  </route>
  <route no="22" destination="Birkelundstoppen" url="http://www.web2051.no/bin/tp/zuginfo.exe/on/438288/150152/106336/92930/1/" trafficDays="kjører Ma - Fr, ikke 13., 17., 24. Mai">
    <stop departure="9:45" routeNo="22">Olav Kyrres gate</stop>
    <stop arrival="9:50" departure="9:50">Bergen Busstasjon</stop>
    <stop arrival="9:55" departure="9:55">Danmarksplass</stop>
    <stop arrival="9:56" departure="9:56">Solheimsgaten</stop>
    <stop arrival="9:57" departure="9:57">Reperbanen</stop>
    <stop arrival="9:58" departure="9:58">Fjøsangerveien/ Minde Allè</stop>
    <stop arrival="10:00" departure="10:00">Minde</stop>
    <stop arrival="10:01" departure="10:01">Elvebakken</stop>
    <stop arrival="10:01" departure="10:01">Storetveit</stop>
    <stop arrival="10:01" departure="10:01">Fantoft</stop>
    <stop arrival="10:02" departure="10:02">Nydalen</stop>
    <stop arrival="10:03" departure="10:03">Paradis</stop>
    <stop arrival="10:04" departure="10:04">Tveiteråsskiftet</stop>
    <stop arrival="10:05" departure="10:05">Hopsbro</stop>
    <stop arrival="10:07" departure="10:07">Hopstangen</stop>
    <stop arrival="10:08" departure="10:08">Nesttun terminal</stop>
    <stop arrival="10:09" departure="10:09">Nesttun</stop>
    <stop arrival="10:09" departure="10:09">Herredshuset, Nesttun</stop>
    <stop arrival="10:10" departure="10:10">Midtun bro</stop>
    <stop arrival="10:12" departure="10:12">Midttunflaten</stop>
    <stop arrival="10:13" departure="10:13">Sandbrekkeveien</stop>
    <stop arrival="10:13" departure="10:13">Sandalskollen</stop>
    <stop arrival="10:15" departure="10:15">Kringlebotn</stop>
    <stop arrival="10:16" departure="10:16">Kjenndalslia</stop>
    <stop arrival="10:17" departure="10:17">Kjenndalsåsen</stop>
    <stop arrival="10:18" departure="10:18">Sandalsringen snuplass</stop>
    <stop arrival="10:19" departure="10:19">Helldalslia</stop>
    <stop arrival="10:20" departure="10:20">Helldalslia</stop>
    <stop arrival="10:20" departure="10:20">Indre Sædal</stop>
    <stop arrival="10:21" departure="10:21">Rinddalen</stop>
    <stop arrival="10:23" departure="10:23">Merkurvegen (nyeveien)</stop>
    <stop arrival="10:24" departure="10:24">Nattland gård (nyeveien)</stop>
    <stop arrival="10:25">Birkelundstoppen</stop>
  </route>
  <route no="900" destination="Arna terminal" url="http://www.web2051.no/bin/tp/zuginfo.exe/on/619698/207706/273900/69616/1/" trafficDays="kjører Ma - Fr, ikke 13., 17., 24. Mai">
    <stop departure="9:45" routeNo="900">Bergen Busstasjon</stop>
    <stop arrival="9:48" departure="9:48">Danmarksplass</stop>
    <stop arrival="9:50" departure="9:50">Solheimsgaten</stop>
    <stop arrival="9:52" departure="9:52">Reperbanen</stop>
    <stop arrival="9:54" departure="9:54">Fjøsangerveien/ Minde Allè</stop>
    <stop arrival="9:56" departure="9:56">Minde</stop>
    <stop arrival="9:58" departure="9:58">Elvebakken</stop>
    <stop arrival="9:59" departure="9:59">Storetveit</stop>
    <stop arrival="10:00" departure="10:00">Fantoft</stop>
    <stop arrival="10:02" departure="10:02">Nydalen</stop>
    <stop arrival="10:04" departure="10:04">Paradis</stop>
    <stop arrival="10:05" departure="10:05">Tveiteråsskiftet</stop>
    <stop arrival="10:07" departure="10:07">Hopsbro</stop>
    <stop arrival="10:08" departure="10:08">Hopstangen</stop>
    <stop arrival="10:10" departure="10:10">Nesttun terminal</stop>
    <stop arrival="10:11" departure="10:11">Nesttun</stop>
    <stop arrival="10:11" departure="10:11">Herredshuset, Nesttun</stop>
    <stop arrival="10:12" departure="10:12">Midtun bro</stop>
    <stop arrival="10:13" departure="10:13">Midttunflaten</stop>
    <stop arrival="10:15" departure="10:15">BKK Trafo (Helldal)</stop>
    <stop arrival="10:16" departure="10:16">Helldal (Fana)</stop>
    <stop arrival="10:17" departure="10:17">Helldal, Frank Mohn</stop>
    <stop arrival="10:18" departure="10:18">Helldal skole</stop>
    <stop arrival="10:19" departure="10:19">Grimen</stop>
    <stop arrival="10:20" departure="10:20">Grimen øst</stop>
    <stop arrival="10:21" departure="10:21">Bratland</stop>
    <stop arrival="10:22" departure="10:22">Søylen (Espeland)</stop>
    <stop arrival="10:23" departure="10:23">Haukeland vest (Arna)</stop>
    <stop arrival="10:23" departure="10:23">Haukeland (Arna)</stop>
    <stop arrival="10:24" departure="10:24">Haukeland øst (Arna)</stop>
    <stop arrival="10:24" departure="10:24">Lone vest</stop>
    <stop arrival="10:25" departure="10:25">Lone øst</stop>
    <stop arrival="10:25" departure="10:25">Espelandshallen (Arna)</stop>
    <stop arrival="10:26" departure="10:26">Espeland Janus (Arna)</stop>
    <stop arrival="10:28" departure="10:28">Espelandsmyrane fylkesvn.</stop>
    <stop arrival="10:29" departure="10:29">Sæthre steinindustri</stop>
    <stop arrival="10:30" departure="10:30">Arna busser</stop>
    <stop arrival="10:30" departure="10:30">Arnatveit</stop>
    <stop arrival="10:31" departure="10:31">Hølbekken</stop>
    <stop arrival="10:31" departure="10:31">Stølsvegen vest</stop>
    <stop arrival="10:32" departure="10:32">Stølsvegen</stop>
    <stop arrival="10:33" departure="10:33">Stølsvegen øst</stop>
    <stop arrival="10:35" departure="10:35">Roknetoppen</stop>
    <stop arrival="10:37" departure="10:37">Rokneholo</stop>
    <stop arrival="10:38" departure="10:38">Indre Arna skule</stop>
    <stop arrival="10:41" departure="10:41">Bommane (Åsane)</stop>
    <stop arrival="10:45">Arna terminal</stop>
  </route>
  <route no="546" destination="Nesttun terminal" url="http://www.web2051.no/bin/tp/zuginfo.exe/on/807819/274700/851254/156354/1/" trafficDays="kjører Sø, også 1., 13., 17., 24. Mai">
    <stop departure="10:10" routeNo="546">Nesttun terminal</stop>
    <stop arrival="10:11" departure="10:11">Nesttun</stop>
    <stop arrival="10:11" departure="10:11">Herredshuset, Nesttun</stop>
    <stop arrival="10:12" departure="10:12">Midtun bro</stop>
    <stop arrival="10:13" departure="10:13">Midttunflaten</stop>
    <stop arrival="10:14" departure="10:14">Ulsmågveien 12-14</stop>
    <stop arrival="10:14" departure="10:14">Ulsmågveien 29</stop>
    <stop arrival="10:15" departure="10:15">Ulsmåg skole</stop>
    <stop arrival="10:16" departure="10:16">Elvaneset 4</stop>
    <stop arrival="10:17" departure="10:17">Elvaneset 3</stop>
    <stop arrival="10:17" departure="10:17">Sørlia</stop>
    <stop arrival="10:19" departure="10:19">Øvsttun</stop>
    <stop arrival="10:20" departure="10:20">Solåsen</stop>
    <stop arrival="10:20" departure="10:20">Øvsttun kapell</stop>
    <stop arrival="10:21" departure="10:21">Dynevoll</stop>
    <stop arrival="10:21" departure="10:21">Elvenes</stop>
    <stop arrival="10:23" departure="10:23">Elvenes 1</stop>
    <stop arrival="10:23" departure="10:23">Elvenes 2</stop>
    <stop arrival="10:24" departure="10:24">Elvaneset 4</stop>
    <stop arrival="10:25" departure="10:25">Elvaneset 5</stop>
    <stop arrival="10:26" departure="10:26">Ulsmåg skole</stop>
    <stop arrival="10:27" departure="10:27">Ulsmågveien 29</stop>
    <stop arrival="10:28" departure="10:28">Ulsmågveien 12-14</stop>
    <stop arrival="10:30" departure="10:30">Midttunflaten</stop>
    <stop arrival="10:31" departure="10:31">Midtun bro</stop>
    <stop arrival="10:33" departure="10:33">Herredshuset, Nesttun</stop>
    <stop arrival="10:34" departure="10:34">Nesttun</stop>
    <stop arrival="10:35">Nesttun terminal</stop>
  </route>
  <route no="22" destination="Bergen Busstasjon" url="http://www.web2051.no/bin/tp/zuginfo.exe/on/118548/43573/491860/206416/1/" trafficDays="kjører Ma - Fr, ikke 13., 17., 24. Mai">
    <stop departure="10:03" routeNo="22">Birkelundstoppen</stop>
    <stop arrival="10:04" departure="10:04">Nattland gård (nyeveien)</stop>
    <stop arrival="10:05" departure="10:05">Merkurvegen (nyeveien)</stop>
    <stop arrival="10:06" departure="10:06">Rinddalen</stop>
    <stop arrival="10:07" departure="10:07">Indre Sædal</stop>
    <stop arrival="10:07" departure="10:07">Helldalslia</stop>
    <stop arrival="10:08" departure="10:08">Helldalslia</stop>
    <stop arrival="10:09" departure="10:09">Helldalsåsen</stop>
    <stop arrival="10:10" departure="10:10">Kjenndalsåsen</stop>
    <stop arrival="10:11" departure="10:11">Kjenndalslia</stop>
    <stop arrival="10:13" departure="10:13">Kringlebotn</stop>
    <stop arrival="10:14" departure="10:14">Sandalskollen</stop>
    <stop arrival="10:15" departure="10:15">Sandbrekkeveien</stop>
    <stop arrival="10:16" departure="10:16">Midttunflaten</stop>
    <stop arrival="10:17" departure="10:17">Midtun bro</stop>
    <stop arrival="10:19" departure="10:19">Herredshuset, Nesttun</stop>
    <stop arrival="10:19" departure="10:19">Nesttun</stop>
    <stop arrival="10:20" departure="10:20">Nesttun terminal</stop>
    <stop arrival="10:22" departure="10:22">Hopsbro</stop>
    <stop arrival="10:24" departure="10:24">Tveiteråsskiftet</stop>
    <stop arrival="10:25" departure="10:25">Paradis</stop>
    <stop arrival="10:27" departure="10:27">Nydalen</stop>
    <stop arrival="10:29" departure="10:29">Fantoft</stop>
    <stop arrival="10:30" departure="10:30">Storetveit</stop>
    <stop arrival="10:30" departure="10:30">Elvebakken</stop>
    <stop arrival="10:31" departure="10:31">Minde</stop>
    <stop arrival="10:34" departure="10:34">Mindemyren</stop>
    <stop arrival="10:35" departure="10:35">Postterminalen</stop>
    <stop arrival="10:36" departure="10:36">Kanalveien v/LBK</stop>
    <stop arrival="10:38" departure="10:38">Danmarksplass v/Forum kino</stop>
    <stop arrival="10:41" departure="10:41">Bergen Busstasjon</stop>
    <stop arrival="10:44" departure="10:44">Christies gate (Festplassen)</stop>
    <stop arrival="10:49">Bergen Busstasjon</stop>
  </route>
  <route no="546" destination="Nesttun terminal" url="http://www.web2051.no/bin/tp/zuginfo.exe/on/987306/334536/991968/166882/1/" trafficDays="kjører Lø, ikke 1. Mai">
    <stop departure="10:00" routeNo="546">Nesttun terminal</stop>
    <stop arrival="10:01" departure="10:01">Nesttun</stop>
    <stop arrival="10:01" departure="10:01">Herredshuset, Nesttun</stop>
    <stop arrival="10:02" departure="10:02">Midtun bro</stop>
    <stop arrival="10:03" departure="10:03">Midttunflaten</stop>
    <stop arrival="10:04" departure="10:04">Ulsmågveien 12-14</stop>
    <stop arrival="10:04" departure="10:04">Ulsmågveien 29</stop>
    <stop arrival="10:05" departure="10:05">Ulsmåg skole</stop>
    <stop arrival="10:06" departure="10:06">Elvaneset 4</stop>
    <stop arrival="10:07" departure="10:07">Elvaneset 3</stop>
    <stop arrival="10:07" departure="10:07">Sørlia</stop>
    <stop arrival="10:09" departure="10:09">Øvsttun</stop>
    <stop arrival="10:10" departure="10:10">Solåsen</stop>
    <stop arrival="10:10" departure="10:10">Øvsttun kapell</stop>
    <stop arrival="10:11" departure="10:11">Dynevoll</stop>
    <stop arrival="10:11" departure="10:11">Elvenes</stop>
    <stop arrival="10:13" departure="10:13">Elvenes 1</stop>
    <stop arrival="10:13" departure="10:13">Elvenes 2</stop>
    <stop arrival="10:14" departure="10:14">Elvaneset 4</stop>
    <stop arrival="10:15" departure="10:15">Elvaneset 5</stop>
    <stop arrival="10:16" departure="10:16">Ulsmåg skole</stop>
    <stop arrival="10:17" departure="10:17">Ulsmågveien 29</stop>
    <stop arrival="10:18" departure="10:18">Ulsmågveien 12-14</stop>
    <stop arrival="10:20" departure="10:20">Midttunflaten</stop>
    <stop arrival="10:21" departure="10:21">Midtun bro</stop>
    <stop arrival="10:23" departure="10:23">Herredshuset, Nesttun</stop>
    <stop arrival="10:24" departure="10:24">Nesttun</stop>
    <stop arrival="10:25">Nesttun terminal</stop>
  </route>
  <route no="546" destination="Nesttun terminal" url="http://www.web2051.no/bin/tp/zuginfo.exe/on/252858/89732/471450/151439/1/" trafficDays="kjører Ma - Fr, ikke 13., 17., 24. Mai">
    <stop departure="10:05" routeNo="546">Nesttun terminal</stop>
    <stop arrival="10:06" departure="10:06">Nesttun</stop>
    <stop arrival="10:06" departure="10:06">Herredshuset, Nesttun</stop>
    <stop arrival="10:07" departure="10:07">Midtun bro</stop>
    <stop arrival="10:08" departure="10:08">Midttunflaten</stop>
    <stop arrival="10:09" departure="10:09">Ulsmågveien 12-14</stop>
    <stop arrival="10:09" departure="10:09">Ulsmågveien 29</stop>
    <stop arrival="10:10" departure="10:10">Ulsmåg skole</stop>
    <stop arrival="10:11" departure="10:11">Elvaneset 4</stop>
    <stop arrival="10:12" departure="10:12">Elvaneset 3</stop>
    <stop arrival="10:12" departure="10:12">Sørlia</stop>
    <stop arrival="10:14" departure="10:14">Øvsttun</stop>
    <stop arrival="10:15" departure="10:15">Solåsen</stop>
    <stop arrival="10:15" departure="10:15">Øvsttun kapell</stop>
    <stop arrival="10:16" departure="10:16">Dynevoll</stop>
    <stop arrival="10:16" departure="10:16">Elvenes</stop>
    <stop arrival="10:18" departure="10:18">Elvenes 1</stop>
    <stop arrival="10:18" departure="10:18">Elvenes 2</stop>
    <stop arrival="10:19" departure="10:19">Elvaneset 4</stop>
    <stop arrival="10:20" departure="10:20">Elvaneset 5</stop>
    <stop arrival="10:21" departure="10:21">Ulsmåg skole</stop>
    <stop arrival="10:22" departure="10:22">Ulsmågveien 29</stop>
    <stop arrival="10:23" departure="10:23">Ulsmågveien 12-14</stop>
    <stop arrival="10:25" departure="10:25">Midttunflaten</stop>
    <stop arrival="10:26" departure="10:26">Midtun bro</stop>
    <stop arrival="10:28" departure="10:28">Herredshuset, Nesttun</stop>
    <stop arrival="10:29" departure="10:29">Nesttun</stop>
    <stop arrival="10:30">Nesttun terminal</stop>
  </route>
  <route no="22" destination="Nesttun terminal" url="http://www.web2051.no/bin/tp/zuginfo.exe/on/327261/113091/495364/138595/1/" trafficDays="kjører Sø, også 1., 13., 17., 24. Mai">
    <stop departure="10:15" routeNo="22">Birkelundstoppen</stop>
    <stop arrival="10:17" departure="10:17">Nattland gård (nyeveien)</stop>
    <stop arrival="10:19" departure="10:19">Merkurvegen (nyeveien)</stop>
    <stop arrival="10:22" departure="10:22">Rinddalen</stop>
    <stop arrival="10:23" departure="10:23">Indre Sædal</stop>
    <stop arrival="10:23" departure="10:23">Helldalslia</stop>
    <stop arrival="10:23" departure="10:23">Helldalslia</stop>
    <stop arrival="10:24" departure="10:24">Helldalsåsen</stop>
    <stop arrival="10:25" departure="10:25">Kjenndalsåsen</stop>
    <stop arrival="10:26" departure="10:26">Kjenndalslia</stop>
    <stop arrival="10:27" departure="10:27">Kringlebotn</stop>
    <stop arrival="10:29" departure="10:29">Sandalskollen</stop>
    <stop arrival="10:30" departure="10:30">Sandbrekkeveien</stop>
    <stop arrival="10:30" departure="10:30">Midttunflaten</stop>
    <stop arrival="10:31" departure="10:31">Midtun bro</stop>
    <stop arrival="10:33" departure="10:33">Herredshuset, Nesttun</stop>
    <stop arrival="10:33" departure="10:33">Nesttun</stop>
    <stop arrival="10:34">Nesttun terminal</stop>
  </route>
  <route no="546" destination="Nesttun terminal" url="http://www.web2051.no/bin/tp/zuginfo.exe/on/304725/107002/325688/61269/1/" trafficDays="kjører Sø, også 1., 13., 17., 24. Mai">
    <stop departure="10:10" routeNo="546">Nesttun terminal</stop>
    <stop arrival="10:11" departure="10:11">Nesttun</stop>
    <stop arrival="10:11" departure="10:11">Herredshuset, Nesttun</stop>
    <stop arrival="10:12" departure="10:12">Midtun bro</stop>
    <stop arrival="10:13" departure="10:13">Midttunflaten</stop>
    <stop arrival="10:14" departure="10:14">Ulsmågveien 12-14</stop>
    <stop arrival="10:14" departure="10:14">Ulsmågveien 29</stop>
    <stop arrival="10:15" departure="10:15">Ulsmåg skole</stop>
    <stop arrival="10:16" departure="10:16">Elvaneset 4</stop>
    <stop arrival="10:17" departure="10:17">Elvaneset 3</stop>
    <stop arrival="10:17" departure="10:17">Sørlia</stop>
    <stop arrival="10:19" departure="10:19">Øvsttun</stop>
    <stop arrival="10:20" departure="10:20">Solåsen</stop>
    <stop arrival="10:20" departure="10:20">Øvsttun kapell</stop>
    <stop arrival="10:21" departure="10:21">Dynevoll</stop>
    <stop arrival="10:21" departure="10:21">Elvenes</stop>
    <stop arrival="10:23" departure="10:23">Elvenes 1</stop>
    <stop arrival="10:23" departure="10:23">Elvenes 2</stop>
    <stop arrival="10:24" departure="10:24">Elvaneset 4</stop>
    <stop arrival="10:25" departure="10:25">Elvaneset 5</stop>
    <stop arrival="10:26" departure="10:26">Ulsmåg skole</stop>
    <stop arrival="10:27" departure="10:27">Ulsmågveien 29</stop>
    <stop arrival="10:28" departure="10:28">Ulsmågveien 12-14</stop>
    <stop arrival="10:30" departure="10:30">Midttunflaten</stop>
    <stop arrival="10:31" departure="10:31">Midtun bro</stop>
    <stop arrival="10:33" departure="10:33">Herredshuset, Nesttun</stop>
    <stop arrival="10:34" departure="10:34">Nesttun</stop>
    <stop arrival="10:35">Nesttun terminal</stop>
  </route>
  <route no="22" destination="Birkelundstoppen" url="http://www.web2051.no/bin/tp/zuginfo.exe/on/67593/26587/862648/408796/1/" trafficDays="kjører Ma - Fr, ikke 13., 17., 24. Mai">
    <stop departure="10:15" routeNo="22">Olav Kyrres gate</stop>
    <stop arrival="10:20" departure="10:20">Bergen Busstasjon</stop>
    <stop arrival="10:25" departure="10:25">Danmarksplass</stop>
    <stop arrival="10:26" departure="10:26">Solheimsgaten</stop>
    <stop arrival="10:27" departure="10:27">Reperbanen</stop>
    <stop arrival="10:28" departure="10:28">Fjøsangerveien/ Minde Allè</stop>
    <stop arrival="10:30" departure="10:30">Minde</stop>
    <stop arrival="10:31" departure="10:31">Elvebakken</stop>
    <stop arrival="10:31" departure="10:31">Storetveit</stop>
    <stop arrival="10:31" departure="10:31">Fantoft</stop>
    <stop arrival="10:32" departure="10:32">Nydalen</stop>
    <stop arrival="10:33" departure="10:33">Paradis</stop>
    <stop arrival="10:34" departure="10:34">Tveiteråsskiftet</stop>
    <stop arrival="10:35" departure="10:35">Hopsbro</stop>
    <stop arrival="10:37" departure="10:37">Hopstangen</stop>
    <stop arrival="10:38" departure="10:38">Nesttun terminal</stop>
    <stop arrival="10:39" departure="10:39">Nesttun</stop>
    <stop arrival="10:39" departure="10:39">Herredshuset, Nesttun</stop>
    <stop arrival="10:40" departure="10:40">Midtun bro</stop>
    <stop arrival="10:42" departure="10:42">Midttunflaten</stop>
    <stop arrival="10:43" departure="10:43">Sandbrekkeveien</stop>
    <stop arrival="10:43" departure="10:43">Sandalskollen</stop>
    <stop arrival="10:45" departure="10:45">Kringlebotn</stop>
    <stop arrival="10:46" departure="10:46">Kjenndalslia</stop>
    <stop arrival="10:47" departure="10:47">Kjenndalsåsen</stop>
    <stop arrival="10:48" departure="10:48">Sandalsringen snuplass</stop>
    <stop arrival="10:49" departure="10:49">Helldalslia</stop>
    <stop arrival="10:50" departure="10:50">Helldalslia</stop>
    <stop arrival="10:50" departure="10:50">Indre Sædal</stop>
    <stop arrival="10:51" departure="10:51">Rinddalen</stop>
    <stop arrival="10:53" departure="10:53">Merkurvegen (nyeveien)</stop>
    <stop arrival="10:54" departure="10:54">Nattland gård (nyeveien)</stop>
    <stop arrival="10:55">Birkelundstoppen</stop>
  </route>
  <route no="546" destination="Nesttun terminal" url="http://www.web2051.no/bin/tp/zuginfo.exe/on/565137/193813/791970/207607/1/" trafficDays="kjører Lø, ikke 1. Mai">
    <stop departure="10:40" routeNo="546">Nesttun terminal</stop>
    <stop arrival="10:41" departure="10:41">Nesttun</stop>
    <stop arrival="10:41" departure="10:41">Herredshuset, Nesttun</stop>
    <stop arrival="10:42" departure="10:42">Midtun bro</stop>
    <stop arrival="10:43" departure="10:43">Midttunflaten</stop>
    <stop arrival="10:44" departure="10:44">Ulsmågveien 12-14</stop>
    <stop arrival="10:44" departure="10:44">Ulsmågveien 29</stop>
    <stop arrival="10:45" departure="10:45">Ulsmåg skole</stop>
    <stop arrival="10:46" departure="10:46">Elvaneset 4</stop>
    <stop arrival="10:47" departure="10:47">Elvaneset 3</stop>
    <stop arrival="10:47" departure="10:47">Sørlia</stop>
    <stop arrival="10:49" departure="10:49">Øvsttun</stop>
    <stop arrival="10:50" departure="10:50">Solåsen</stop>
    <stop arrival="10:50" departure="10:50">Øvsttun kapell</stop>
    <stop arrival="10:51" departure="10:51">Dynevoll</stop>
    <stop arrival="10:51" departure="10:51">Elvenes</stop>
    <stop arrival="10:53" departure="10:53">Elvenes 1</stop>
    <stop arrival="10:53" departure="10:53">Elvenes 2</stop>
    <stop arrival="10:54" departure="10:54">Elvaneset 4</stop>
    <stop arrival="10:55" departure="10:55">Elvaneset 5</stop>
    <stop arrival="10:56" departure="10:56">Ulsmåg skole</stop>
    <stop arrival="10:57" departure="10:57">Ulsmågveien 29</stop>
    <stop arrival="10:58" departure="10:58">Ulsmågveien 12-14</stop>
    <stop arrival="11:00" departure="11:00">Midttunflaten</stop>
    <stop arrival="11:01" departure="11:01">Midtun bro</stop>
    <stop arrival="11:03" departure="11:03">Herredshuset, Nesttun</stop>
    <stop arrival="11:04" departure="11:04">Nesttun</stop>
    <stop arrival="11:05">Nesttun terminal</stop>
  </route>
  <route no="900" destination="Nesttun terminal" url="http://www.web2051.no/bin/tp/zuginfo.exe/on/353970/119131/544736/154378/1/" trafficDays="kjører Ma - Fr, Sø, også 1. Mai">
    <stop departure="10:18" routeNo="900">Arna terminal</stop>
    <stop arrival="10:20" departure="10:20">Bommane (Arnatveitvegen)</stop>
    <stop arrival="10:21" departure="10:21">Indre Arna skule</stop>
    <stop arrival="10:21" departure="10:21">Rokneholo</stop>
    <stop arrival="10:22" departure="10:22">Roknetoppen</stop>
    <stop arrival="10:23" departure="10:23">Stølsvegen øst</stop>
    <stop arrival="10:23" departure="10:23">Stølsvegen</stop>
    <stop arrival="10:26" departure="10:26">Stølsvegen vest</stop>
    <stop arrival="10:26" departure="10:26">Arnatveit</stop>
    <stop arrival="10:27" departure="10:27">Arna busser</stop>
    <stop arrival="10:27" departure="10:27">Sæthre steinindustri</stop>
    <stop arrival="10:29" departure="10:29">Espelandsmyrane fylkesvn.</stop>
    <stop arrival="10:30" departure="10:30">Espeland Janus (Arna)</stop>
    <stop arrival="10:31" departure="10:31">Espelandshallen (Arna)</stop>
    <stop arrival="10:32" departure="10:32">Lone øst</stop>
    <stop arrival="10:33" departure="10:33">Lone vest</stop>
    <stop arrival="10:34" departure="10:34">Haukeland øst (Arna)</stop>
    <stop arrival="10:34" departure="10:34">Haukeland (Arna)</stop>
    <stop arrival="10:35" departure="10:35">Haukeland vest (Arna)</stop>
    <stop arrival="10:36" departure="10:36">Søylen (Espeland)</stop>
    <stop arrival="10:36" departure="10:36">Bratland</stop>
    <stop arrival="10:37" departure="10:37">Grimen øst</stop>
    <stop arrival="10:38" departure="10:38">Grimen</stop>
    <stop arrival="10:39" departure="10:39">Helldal skole</stop>
    <stop arrival="10:40" departure="10:40">Helldal, Frank Mohn</stop>
    <stop arrival="10:40" departure="10:40">Helldal (Fana)</stop>
    <stop arrival="10:42" departure="10:42">BKK Trafo (Helldal)</stop>
    <stop arrival="10:44" departure="10:44">Midttunflaten</stop>
    <stop arrival="10:45" departure="10:45">Midtun bro</stop>
    <stop arrival="10:47" departure="10:47">Herredshuset, Nesttun</stop>
    <stop arrival="10:48" departure="10:48">Nesttun</stop>
    <stop arrival="10:49">Nesttun terminal</stop>
  </route>
  <route no="22" destination="Bergen Busstasjon" url="http://www.web2051.no/bin/tp/zuginfo.exe/on/433176/148416/913204/312210/1/" trafficDays="kjører Lø, ikke 1. Mai">
    <stop departure="10:33" routeNo="22">Birkelundstoppen</stop>
    <stop arrival="10:34" departure="10:34">Nattland gård (nyeveien)</stop>
    <stop arrival="10:35" departure="10:35">Merkurvegen (nyeveien)</stop>
    <stop arrival="10:37" departure="10:37">Rinddalen</stop>
    <stop arrival="10:38" departure="10:38">Indre Sædal</stop>
    <stop arrival="10:38" departure="10:38">Helldalslia</stop>
    <stop arrival="10:38" departure="10:38">Helldalslia</stop>
    <stop arrival="10:39" departure="10:39">Helldalsåsen</stop>
    <stop arrival="10:40" departure="10:40">Kjenndalsåsen</stop>
    <stop arrival="10:41" departure="10:41">Kjenndalslia</stop>
    <stop arrival="10:43" departure="10:43">Kringlebotn</stop>
    <stop arrival="10:44" departure="10:44">Sandalskollen</stop>
    <stop arrival="10:45" departure="10:45">Sandbrekkeveien</stop>
    <stop arrival="10:46" departure="10:46">Midttunflaten</stop>
    <stop arrival="10:47" departure="10:47">Midtun bro</stop>
    <stop arrival="10:49" departure="10:49">Herredshuset, Nesttun</stop>
    <stop arrival="10:49" departure="10:49">Nesttun</stop>
    <stop arrival="10:50" departure="10:50">Nesttun terminal</stop>
    <stop arrival="10:52" departure="10:52">Hopsbro</stop>
    <stop arrival="10:54" departure="10:54">Tveiteråsskiftet</stop>
    <stop arrival="10:55" departure="10:55">Paradis</stop>
    <stop arrival="10:57" departure="10:57">Nydalen</stop>
    <stop arrival="10:59" departure="10:59">Fantoft</stop>
    <stop arrival="11:00" departure="11:00">Storetveit</stop>
    <stop arrival="11:00" departure="11:00">Elvebakken</stop>
    <stop arrival="11:01" departure="11:01">Minde</stop>
    <stop arrival="11:05" departure="11:05">Mindemyren</stop>
    <stop arrival="11:06" departure="11:06">Postterminalen</stop>
    <stop arrival="11:06" departure="11:06">Kanalveien v/LBK</stop>
    <stop arrival="11:08" departure="11:08">Danmarksplass v/Forum kino</stop>
    <stop arrival="11:12" departure="11:12">Bergen Busstasjon</stop>
    <stop arrival="11:15" departure="11:15">Christies gate (Festplassen)</stop>
    <stop arrival="11:20">Bergen Busstasjon</stop>
  </route>
  <route no="22" destination="Bergen Busstasjon" url="http://www.web2051.no/bin/tp/zuginfo.exe/on/159675/57282/897094/395325/1/" trafficDays="kjører Ma - Fr, ikke 13., 17., 24. Mai">
    <stop departure="10:33" routeNo="22">Birkelundstoppen</stop>
    <stop arrival="10:34" departure="10:34">Nattland gård (nyeveien)</stop>
    <stop arrival="10:35" departure="10:35">Merkurvegen (nyeveien)</stop>
    <stop arrival="10:36" departure="10:36">Rinddalen</stop>
    <stop arrival="10:37" departure="10:37">Indre Sædal</stop>
    <stop arrival="10:37" departure="10:37">Helldalslia</stop>
    <stop arrival="10:38" departure="10:38">Helldalslia</stop>
    <stop arrival="10:39" departure="10:39">Helldalsåsen</stop>
    <stop arrival="10:40" departure="10:40">Kjenndalsåsen</stop>
    <stop arrival="10:41" departure="10:41">Kjenndalslia</stop>
    <stop arrival="10:43" departure="10:43">Kringlebotn</stop>
    <stop arrival="10:44" departure="10:44">Sandalskollen</stop>
    <stop arrival="10:45" departure="10:45">Sandbrekkeveien</stop>
    <stop arrival="10:46" departure="10:46">Midttunflaten</stop>
    <stop arrival="10:47" departure="10:47">Midtun bro</stop>
    <stop arrival="10:49" departure="10:49">Herredshuset, Nesttun</stop>
    <stop arrival="10:49" departure="10:49">Nesttun</stop>
    <stop arrival="10:50" departure="10:50">Nesttun terminal</stop>
    <stop arrival="10:52" departure="10:52">Hopsbro</stop>
    <stop arrival="10:54" departure="10:54">Tveiteråsskiftet</stop>
    <stop arrival="10:55" departure="10:55">Paradis</stop>
    <stop arrival="10:57" departure="10:57">Nydalen</stop>
    <stop arrival="10:59" departure="10:59">Fantoft</stop>
    <stop arrival="11:00" departure="11:00">Storetveit</stop>
    <stop arrival="11:00" departure="11:00">Elvebakken</stop>
    <stop arrival="11:01" departure="11:01">Minde</stop>
    <stop arrival="11:04" departure="11:04">Mindemyren</stop>
    <stop arrival="11:05" departure="11:05">Postterminalen</stop>
    <stop arrival="11:06" departure="11:06">Kanalveien v/LBK</stop>
    <stop arrival="11:08" departure="11:08">Danmarksplass v/Forum kino</stop>
    <stop arrival="11:11" departure="11:11">Bergen Busstasjon</stop>
    <stop arrival="11:14" departure="11:14">Christies gate (Festplassen)</stop>
    <stop arrival="11:19">Bergen Busstasjon</stop>
  </route>
</routes>
