<?xml version="1.0" encoding="UTF-8"?>
<routes>
  <route no="31" destination="Mannsverk vognstasjon" url="http://www.web2051.no/bin/tp/zuginfo.exe/on/957984/323743/642384/1864/1/" trafficDays="kjører Lø, ikke 1. Mai">
    <stop departure="9:45" routeNo="31">Varden</stop>
    <stop arrival="9:46" departure="9:46">Vardeveien</stop>
    <stop arrival="9:46" departure="9:46">Vardesvingen</stop>
    <stop arrival="9:47" departure="9:47">Varden skole</stop>
    <stop arrival="9:48" departure="9:48">Allestadveien</stop>
    <stop arrival="9:48" departure="9:48">Allestadhaugen</stop>
    <stop arrival="9:49" departure="9:49">Hesjaholtet</stop>
    <stop arrival="9:50" departure="9:50">Allestadhaugen</stop>
    <stop arrival="9:50" departure="9:50">Allestadveien</stop>
    <stop arrival="9:52" departure="9:52">Myrholtet</stop>
    <stop arrival="9:52" departure="9:52">Krokatjønnveien</stop>
    <stop arrival="9:53" departure="9:53">St.Hanshaugen</stop>
    <stop arrival="9:54" departure="9:54">Skarphaugen</stop>
    <stop arrival="9:55" departure="9:55">Oasen Terminal</stop>
    <stop arrival="9:56" departure="9:56">Løvås</stop>
    <stop arrival="9:56" departure="9:56">Nebbeveien</stop>
    <stop arrival="9:57" departure="9:57">Hamregården</stop>
    <stop arrival="9:58" departure="9:58">Sikthaugen</stop>
    <stop arrival="10:02" departure="10:02">Gyldenpris</stop>
    <stop arrival="10:04" departure="10:04">Møhlenpris v/ Industrihuset</stop>
    <stop arrival="10:06" departure="10:06">Nøstet</stop>
    <stop arrival="10:10" departure="10:10">Strandgaten (Svaneapoteket)</stop>
    <stop arrival="10:15" departure="10:15">Småstrandgaten</stop>
    <stop arrival="10:16" departure="10:16">Nygaten</stop>
    <stop arrival="10:17" departure="10:17">Statsporten (jernbanen)</stop>
    <stop arrival="10:20" departure="10:20">Kalfarlien</stop>
    <stop arrival="10:21" departure="10:21">Kalvedalsveien</stop>
    <stop arrival="10:22" departure="10:22">Svartediksveien</stop>
    <stop arrival="10:23" departure="10:23">Statsarkivet</stop>
    <stop arrival="10:24" departure="10:24">Haraldsplass sykehus</stop>
    <stop arrival="10:25" departure="10:25">Haukeland sykehus nord</stop>
    <stop arrival="10:27" departure="10:27">Haukeland sykehus sør</stop>
    <stop arrival="10:28" departure="10:28">Fridalen</stop>
    <stop arrival="10:29" departure="10:29">Langhaugen</stop>
    <stop arrival="10:31" departure="10:31">Lærerskolen, Landås</stop>
    <stop arrival="10:32" departure="10:32">Lægdene</stop>
    <stop arrival="10:33" departure="10:33">Lægdenesvingen</stop>
    <stop arrival="10:33" departure="10:33">Montana</stop>
    <stop arrival="10:34" departure="10:34">Sollien v/nr. 57</stop>
    <stop arrival="10:35" departure="10:35">Sollien v/nr. 87</stop>
    <stop arrival="10:35" departure="10:35">Sollien v/nr. 126</stop>
    <stop arrival="10:36" departure="10:36">Kanonhaugen</stop>
    <stop arrival="10:36" departure="10:36">Kolstien</stop>
    <stop arrival="10:37" departure="10:37">Strimmelen</stop>
    <stop arrival="10:38">Mannsverk vognstasjon</stop>
  </route>
  <route no="31" destination="Mannsverk vognstasjon" url="http://www.web2051.no/bin/tp/zuginfo.exe/on/354714/122682/854608/309069/1/" trafficDays="kjører Ma - Fr, ikke 13., 17., 24. Mai">
    <stop departure="9:45" routeNo="31">Varden</stop>
    <stop arrival="9:46" departure="9:46">Vardeveien</stop>
    <stop arrival="9:46" departure="9:46">Vardesvingen</stop>
    <stop arrival="9:47" departure="9:47">Varden skole</stop>
    <stop arrival="9:48" departure="9:48">Allestadveien</stop>
    <stop arrival="9:48" departure="9:48">Allestadhaugen</stop>
    <stop arrival="9:49" departure="9:49">Hesjaholtet</stop>
    <stop arrival="9:50" departure="9:50">Allestadhaugen</stop>
    <stop arrival="9:50" departure="9:50">Allestadveien</stop>
    <stop arrival="9:52" departure="9:52">Myrholtet</stop>
    <stop arrival="9:52" departure="9:52">Krokatjønnveien</stop>
    <stop arrival="9:53" departure="9:53">St.Hanshaugen</stop>
    <stop arrival="9:54" departure="9:54">Skarphaugen</stop>
    <stop arrival="9:55" departure="9:55">Oasen Terminal</stop>
    <stop arrival="9:56" departure="9:56">Løvås</stop>
    <stop arrival="9:57" departure="9:57">Nebbeveien</stop>
    <stop arrival="9:57" departure="9:57">Hamregården</stop>
    <stop arrival="9:58" departure="9:58">Sikthaugen</stop>
    <stop arrival="10:03" departure="10:03">Gyldenpris</stop>
    <stop arrival="10:04" departure="10:04">Møhlenpris v/ Industrihuset</stop>
    <stop arrival="10:06" departure="10:06">Nøstet</stop>
    <stop arrival="10:10" departure="10:10">Strandgaten (Svaneapoteket)</stop>
    <stop arrival="10:12" departure="10:12">Småstrandgaten</stop>
    <stop arrival="10:13" departure="10:13">Nygaten</stop>
    <stop arrival="10:14" departure="10:14">Statsporten (jernbanen)</stop>
    <stop arrival="10:17" departure="10:17">Kalfarlien</stop>
    <stop arrival="10:18" departure="10:18">Kalvedalsveien</stop>
    <stop arrival="10:19" departure="10:19">Svartediksveien</stop>
    <stop arrival="10:20" departure="10:20">Statsarkivet</stop>
    <stop arrival="10:21" departure="10:21">Haraldsplass sykehus</stop>
    <stop arrival="10:22" departure="10:22">Haukeland sykehus nord</stop>
    <stop arrival="10:24" departure="10:24">Haukeland sykehus sør</stop>
    <stop arrival="10:25" departure="10:25">Fridalen</stop>
    <stop arrival="10:27" departure="10:27">Langhaugen</stop>
    <stop arrival="10:28" departure="10:28">Lærerskolen, Landås</stop>
    <stop arrival="10:30" departure="10:30">Lægdene</stop>
    <stop arrival="10:30" departure="10:30">Lægdenesvingen</stop>
    <stop arrival="10:31" departure="10:31">Montana</stop>
    <stop arrival="10:32" departure="10:32">Sollien v/nr. 57</stop>
    <stop arrival="10:32" departure="10:32">Sollien v/nr. 87</stop>
    <stop arrival="10:33" departure="10:33">Sollien v/nr. 126</stop>
    <stop arrival="10:33" departure="10:33">Kanonhaugen</stop>
    <stop arrival="10:34" departure="10:34">Kolstien</stop>
    <stop arrival="10:34" departure="10:34">Strimmelen</stop>
    <stop arrival="10:35">Mannsverk vognstasjon</stop>
  </route>
  <route no="31" destination="Mannsverk vognstasjon" url="http://www.web2051.no/bin/tp/zuginfo.exe/on/846831/286692/729500/82474/1/" trafficDays="kjører Lø, ikke 1. Mai">
    <stop departure="10:15" routeNo="31">Varden</stop>
    <stop arrival="10:16" departure="10:16">Vardeveien</stop>
    <stop arrival="10:16" departure="10:16">Vardesvingen</stop>
    <stop arrival="10:17" departure="10:17">Varden skole</stop>
    <stop arrival="10:18" departure="10:18">Allestadveien</stop>
    <stop arrival="10:18" departure="10:18">Allestadhaugen</stop>
    <stop arrival="10:19" departure="10:19">Hesjaholtet</stop>
    <stop arrival="10:20" departure="10:20">Allestadhaugen</stop>
    <stop arrival="10:20" departure="10:20">Allestadveien</stop>
    <stop arrival="10:22" departure="10:22">Myrholtet</stop>
    <stop arrival="10:22" departure="10:22">Krokatjønnveien</stop>
    <stop arrival="10:23" departure="10:23">St.Hanshaugen</stop>
    <stop arrival="10:24" departure="10:24">Skarphaugen</stop>
    <stop arrival="10:25" departure="10:25">Oasen Terminal</stop>
    <stop arrival="10:26" departure="10:26">Løvås</stop>
    <stop arrival="10:26" departure="10:26">Nebbeveien</stop>
    <stop arrival="10:27" departure="10:27">Hamregården</stop>
    <stop arrival="10:28" departure="10:28">Sikthaugen</stop>
    <stop arrival="10:32" departure="10:32">Gyldenpris</stop>
    <stop arrival="10:34" departure="10:34">Møhlenpris v/ Industrihuset</stop>
    <stop arrival="10:36" departure="10:36">Nøstet</stop>
    <stop arrival="10:40" departure="10:40">Strandgaten (Svaneapoteket)</stop>
    <stop arrival="10:45" departure="10:45">Småstrandgaten</stop>
    <stop arrival="10:46" departure="10:46">Nygaten</stop>
    <stop arrival="10:47" departure="10:47">Statsporten (jernbanen)</stop>
    <stop arrival="10:50" departure="10:50">Kalfarlien</stop>
    <stop arrival="10:51" departure="10:51">Kalvedalsveien</stop>
    <stop arrival="10:52" departure="10:52">Svartediksveien</stop>
    <stop arrival="10:53" departure="10:53">Statsarkivet</stop>
    <stop arrival="10:54" departure="10:54">Haraldsplass sykehus</stop>
    <stop arrival="10:55" departure="10:55">Haukeland sykehus nord</stop>
    <stop arrival="10:57" departure="10:57">Haukeland sykehus sør</stop>
    <stop arrival="10:58" departure="10:58">Fridalen</stop>
    <stop arrival="10:59" departure="10:59">Langhaugen</stop>
    <stop arrival="11:01" departure="11:01">Lærerskolen, Landås</stop>
    <stop arrival="11:02" departure="11:02">Lægdene</stop>
    <stop arrival="11:03" departure="11:03">Lægdenesvingen</stop>
    <stop arrival="11:03" departure="11:03">Montana</stop>
    <stop arrival="11:04" departure="11:04">Sollien v/nr. 57</stop>
    <stop arrival="11:05" departure="11:05">Sollien v/nr. 87</stop>
    <stop arrival="11:05" departure="11:05">Sollien v/nr. 126</stop>
    <stop arrival="11:06" departure="11:06">Kanonhaugen</stop>
    <stop arrival="11:06" departure="11:06">Kolstien</stop>
    <stop arrival="11:07" departure="11:07">Strimmelen</stop>
    <stop arrival="11:08">Mannsverk vognstasjon</stop>
  </route>
  <route no="31" destination="Mannsverk vognstasjon" url="http://www.web2051.no/bin/tp/zuginfo.exe/on/634281/215871/219820/101521/1/" trafficDays="kjører Ma - Fr, ikke 13., 17., 24. Mai">
    <stop departure="10:15" routeNo="31">Varden</stop>
    <stop arrival="10:16" departure="10:16">Vardeveien</stop>
    <stop arrival="10:16" departure="10:16">Vardesvingen</stop>
    <stop arrival="10:17" departure="10:17">Varden skole</stop>
    <stop arrival="10:18" departure="10:18">Allestadveien</stop>
    <stop arrival="10:18" departure="10:18">Allestadhaugen</stop>
    <stop arrival="10:19" departure="10:19">Hesjaholtet</stop>
    <stop arrival="10:20" departure="10:20">Allestadhaugen</stop>
    <stop arrival="10:20" departure="10:20">Allestadveien</stop>
    <stop arrival="10:22" departure="10:22">Myrholtet</stop>
    <stop arrival="10:22" departure="10:22">Krokatjønnveien</stop>
    <stop arrival="10:23" departure="10:23">St.Hanshaugen</stop>
    <stop arrival="10:24" departure="10:24">Skarphaugen</stop>
    <stop arrival="10:25" departure="10:25">Oasen Terminal</stop>
    <stop arrival="10:26" departure="10:26">Løvås</stop>
    <stop arrival="10:27" departure="10:27">Nebbeveien</stop>
    <stop arrival="10:27" departure="10:27">Hamregården</stop>
    <stop arrival="10:28" departure="10:28">Sikthaugen</stop>
    <stop arrival="10:33" departure="10:33">Gyldenpris</stop>
    <stop arrival="10:34" departure="10:34">Møhlenpris v/ Industrihuset</stop>
    <stop arrival="10:36" departure="10:36">Nøstet</stop>
    <stop arrival="10:40" departure="10:40">Strandgaten (Svaneapoteket)</stop>
    <stop arrival="10:42" departure="10:42">Småstrandgaten</stop>
    <stop arrival="10:43" departure="10:43">Nygaten</stop>
    <stop arrival="10:44" departure="10:44">Statsporten (jernbanen)</stop>
    <stop arrival="10:47" departure="10:47">Kalfarlien</stop>
    <stop arrival="10:48" departure="10:48">Kalvedalsveien</stop>
    <stop arrival="10:49" departure="10:49">Svartediksveien</stop>
    <stop arrival="10:50" departure="10:50">Statsarkivet</stop>
    <stop arrival="10:51" departure="10:51">Haraldsplass sykehus</stop>
    <stop arrival="10:52" departure="10:52">Haukeland sykehus nord</stop>
    <stop arrival="10:54" departure="10:54">Haukeland sykehus sør</stop>
    <stop arrival="10:55" departure="10:55">Fridalen</stop>
    <stop arrival="10:57" departure="10:57">Langhaugen</stop>
    <stop arrival="10:58" departure="10:58">Lærerskolen, Landås</stop>
    <stop arrival="11:00" departure="11:00">Lægdene</stop>
    <stop arrival="11:00" departure="11:00">Lægdenesvingen</stop>
    <stop arrival="11:01" departure="11:01">Montana</stop>
    <stop arrival="11:02" departure="11:02">Sollien v/nr. 57</stop>
    <stop arrival="11:02" departure="11:02">Sollien v/nr. 87</stop>
    <stop arrival="11:03" departure="11:03">Sollien v/nr. 126</stop>
    <stop arrival="11:03" departure="11:03">Kanonhaugen</stop>
    <stop arrival="11:04" departure="11:04">Kolstien</stop>
    <stop arrival="11:04" departure="11:04">Strimmelen</stop>
    <stop arrival="11:05">Mannsverk vognstasjon</stop>
  </route>
</routes>
