<?xml version="1.0" encoding="UTF-8"?>
<routes>
  <route no="71" destination="Viddalen" url="http://www.web2051.no/bin/tp/zuginfo.exe/on/601581/205254/638820/118886/1/" trafficDays="kjører Ma - Fr, ikke 13., 17., 24. Mai">
    <stop departure="10:00" routeNo="71">Nipedalen</stop>
    <stop arrival="10:01" departure="10:01">Lyngbøkollen</stop>
    <stop arrival="10:02" departure="10:02">Øvre Lyngbø</stop>
    <stop arrival="10:03" departure="10:03">Nipedalen v/nr.23</stop>
    <stop arrival="10:03" departure="10:03">Nipedalen v/Lyngbøveien</stop>
    <stop arrival="10:04" departure="10:04">Lyngbøveien</stop>
    <stop arrival="10:05" departure="10:05">Nygårdslien</stop>
    <stop arrival="10:05" departure="10:05">Haustbeitet</stop>
    <stop arrival="10:06" departure="10:06">Nygård, Laksevåg</stop>
    <stop arrival="10:08" departure="10:08">Kringsjå</stop>
    <stop arrival="10:09" departure="10:09">Oldernes</stop>
    <stop arrival="10:10" departure="10:10">Vågedalen</stop>
    <stop arrival="10:11" departure="10:11">Fergeveien</stop>
    <stop arrival="10:13" departure="10:13">Jansongården</stop>
    <stop arrival="10:14" departure="10:14">Solveien</stop>
    <stop arrival="10:15" departure="10:15">Gyldenpris</stop>
    <stop arrival="10:18" departure="10:18">Møhlenpris v/ Industrihuset</stop>
    <stop arrival="10:20" departure="10:20">Christies gate (Festplassen)</stop>
    <stop arrival="10:23" departure="10:23">Torget (Bergen)</stop>
    <stop arrival="10:24" departure="10:24">Bryggen</stop>
    <stop arrival="10:24" departure="10:24">Slottsgaten</stop>
    <stop arrival="10:25" departure="10:25">Bontelabo</stop>
    <stop arrival="10:26" departure="10:26">Skutevikstorget</stop>
    <stop arrival="10:26" departure="10:26">Sjøgaten</stop>
    <stop arrival="10:27" departure="10:27">Sandvikstorget</stop>
    <stop arrival="10:28" departure="10:28">Ludebryggen</stop>
    <stop arrival="10:28" departure="10:28">Munkebotten</stop>
    <stop arrival="10:30" departure="10:30">Nyhavnsvei (Gamle Bergen)</stop>
    <stop arrival="10:31" departure="10:31">Handelshøyskolen</stop>
    <stop arrival="10:33" departure="10:33">Eidsvåg</stop>
    <stop arrival="10:36" departure="10:36">Tertneskrysset nyevegen</stop>
    <stop arrival="10:38" departure="10:38">Stamskaret</stop>
    <stop arrival="10:39" departure="10:39">Hesthaugen</stop>
    <stop arrival="10:40" departure="10:40">Åsane terminal</stop>
    <stop arrival="10:42" departure="10:42">Ulsetåsen</stop>
    <stop arrival="10:43" departure="10:43">Haukeberget</stop>
    <stop arrival="10:45" departure="10:45">Botnane</stop>
    <stop arrival="10:46" departure="10:46">Haukedalsvegen</stop>
    <stop arrival="10:47" departure="10:47">Sjøveien</stop>
    <stop arrival="10:48" departure="10:48">Tertitten</stop>
    <stop arrival="10:48" departure="10:48">Kipo</stop>
    <stop arrival="10:49" departure="10:49">Storevarden</stop>
    <stop arrival="10:49" departure="10:49">Nesmyr</stop>
    <stop arrival="10:50" departure="10:50">Bekkjarvik (Åsane)</stop>
    <stop arrival="10:51" departure="10:51">Bekkjarvikkryss (Åsane)</stop>
    <stop arrival="10:52" departure="10:52">Kvernevikstemma</stop>
    <stop arrival="10:52" departure="10:52">Åsane sand + singel</stop>
    <stop arrival="10:53" departure="10:53">Bryggedalen</stop>
    <stop arrival="10:55">Viddalen</stop>
  </route>
  <route no="71" destination="Viddalen" url="http://www.web2051.no/bin/tp/zuginfo.exe/on/357510/123867/818860/290260/1/" trafficDays="kjører Lø, ikke 1. Mai">
    <stop departure="10:02" routeNo="71">Nipedalen</stop>
    <stop arrival="10:03" departure="10:03">Lyngbøkollen</stop>
    <stop arrival="10:04" departure="10:04">Øvre Lyngbø</stop>
    <stop arrival="10:05" departure="10:05">Nipedalen v/nr.23</stop>
    <stop arrival="10:05" departure="10:05">Nipedalen v/Lyngbøveien</stop>
    <stop arrival="10:06" departure="10:06">Lyngbøveien</stop>
    <stop arrival="10:07" departure="10:07">Nygårdslien</stop>
    <stop arrival="10:07" departure="10:07">Haustbeitet</stop>
    <stop arrival="10:08" departure="10:08">Nygård, Laksevåg</stop>
    <stop arrival="10:10" departure="10:10">Kringsjå</stop>
    <stop arrival="10:11" departure="10:11">Oldernes</stop>
    <stop arrival="10:12" departure="10:12">Vågedalen</stop>
    <stop arrival="10:13" departure="10:13">Fergeveien</stop>
    <stop arrival="10:15" departure="10:15">Jansongården</stop>
    <stop arrival="10:16" departure="10:16">Solveien</stop>
    <stop arrival="10:17" departure="10:17">Gyldenpris</stop>
    <stop arrival="10:19" departure="10:19">Møhlenpris v/ Industrihuset</stop>
    <stop arrival="10:20" departure="10:20">Christies gate (Festplassen)</stop>
    <stop arrival="10:23" departure="10:23">Torget (Bergen)</stop>
    <stop arrival="10:24" departure="10:24">Bryggen</stop>
    <stop arrival="10:24" departure="10:24">Slottsgaten</stop>
    <stop arrival="10:25" departure="10:25">Bontelabo</stop>
    <stop arrival="10:26" departure="10:26">Skutevikstorget</stop>
    <stop arrival="10:26" departure="10:26">Sjøgaten</stop>
    <stop arrival="10:27" departure="10:27">Sandvikstorget</stop>
    <stop arrival="10:28" departure="10:28">Ludebryggen</stop>
    <stop arrival="10:28" departure="10:28">Munkebotten</stop>
    <stop arrival="10:30" departure="10:30">Nyhavnsvei (Gamle Bergen)</stop>
    <stop arrival="10:31" departure="10:31">Handelshøyskolen</stop>
    <stop arrival="10:33" departure="10:33">Eidsvåg</stop>
    <stop arrival="10:36" departure="10:36">Tertneskrysset nyevegen</stop>
    <stop arrival="10:38" departure="10:38">Stamskaret</stop>
    <stop arrival="10:39" departure="10:39">Hesthaugen</stop>
    <stop arrival="10:40" departure="10:40">Åsane terminal</stop>
    <stop arrival="10:42" departure="10:42">Ulsetåsen</stop>
    <stop arrival="10:43" departure="10:43">Haukeberget</stop>
    <stop arrival="10:45" departure="10:45">Botnane</stop>
    <stop arrival="10:46" departure="10:46">Haukedalsvegen</stop>
    <stop arrival="10:47" departure="10:47">Sjøveien</stop>
    <stop arrival="10:48" departure="10:48">Tertitten</stop>
    <stop arrival="10:48" departure="10:48">Kipo</stop>
    <stop arrival="10:49" departure="10:49">Storevarden</stop>
    <stop arrival="10:49" departure="10:49">Nesmyr</stop>
    <stop arrival="10:50" departure="10:50">Bekkjarvik (Åsane)</stop>
    <stop arrival="10:51" departure="10:51">Bekkjarvikkryss (Åsane)</stop>
    <stop arrival="10:52" departure="10:52">Kvernevikstemma</stop>
    <stop arrival="10:52" departure="10:52">Åsane sand + singel</stop>
    <stop arrival="10:53" departure="10:53">Bryggedalen</stop>
    <stop arrival="10:55">Viddalen</stop>
  </route>
  <route no="70" destination="Bergen Busstasjon" url="http://www.web2051.no/bin/tp/zuginfo.exe/on/378591/127999/377174/62390/1/" trafficDays="kjører Ma - Fr, ikke 13., 17., 24. Mai">
    <stop departure="10:10" routeNo="70">Nipedalen</stop>
    <stop arrival="10:11" departure="10:11">Lyngbøkollen</stop>
    <stop arrival="10:12" departure="10:12">Øvre Lyngbø</stop>
    <stop arrival="10:12" departure="10:12">Nipedalen v/nr.23</stop>
    <stop arrival="10:13" departure="10:13">Kvernhusveien</stop>
    <stop arrival="10:13" departure="10:13">Lyngbøveien v/nr. 146</stop>
    <stop arrival="10:14" departure="10:14">Lyngbø</stop>
    <stop arrival="10:14" departure="10:14">Lyngbøtunet</stop>
    <stop arrival="10:15" departure="10:15">Lyderhornsveien</stop>
    <stop arrival="10:15" departure="10:15">Gravdalsveien</stop>
    <stop arrival="10:16" departure="10:16">Sjøkrigsskoleveien</stop>
    <stop arrival="10:16" departure="10:16">Skjenevik</stop>
    <stop arrival="10:17" departure="10:17">Gravdal</stop>
    <stop arrival="10:18" departure="10:18">Skjenevik</stop>
    <stop arrival="10:19" departure="10:19">Sjøkrigsskoleveien</stop>
    <stop arrival="10:19" departure="10:19">Gravdalsveien (Laksevåg)</stop>
    <stop arrival="10:21" departure="10:21">Nygård, Laksevåg</stop>
    <stop arrival="10:22" departure="10:22">Kringsjå</stop>
    <stop arrival="10:23" departure="10:23">Oldernes</stop>
    <stop arrival="10:24" departure="10:24">Vågedalen</stop>
    <stop arrival="10:25" departure="10:25">Fergeveien</stop>
    <stop arrival="10:27" departure="10:27">Jansongården</stop>
    <stop arrival="10:29" departure="10:29">Solveien</stop>
    <stop arrival="10:30" departure="10:30">Gyldenpris</stop>
    <stop arrival="10:33" departure="10:33">Møhlenpris v/ Industrihuset</stop>
    <stop arrival="10:35" departure="10:35">Christies gate (Festplassen)</stop>
    <stop arrival="10:40">Bergen Busstasjon</stop>
  </route>
  <route no="70" destination="Christies gate (Festplassen)" url="http://www.web2051.no/bin/tp/zuginfo.exe/on/437781/147699/24452/133701/1/" trafficDays="kjører Lø, ikke 1. Mai">
    <stop departure="10:25" routeNo="70">Nipedalen</stop>
    <stop arrival="10:26" departure="10:26">Lyngbøkollen</stop>
    <stop arrival="10:27" departure="10:27">Øvre Lyngbø</stop>
    <stop arrival="10:27" departure="10:27">Nipedalen v/nr.23</stop>
    <stop arrival="10:28" departure="10:28">Kvernhusveien</stop>
    <stop arrival="10:28" departure="10:28">Lyngbøveien v/nr. 146</stop>
    <stop arrival="10:29" departure="10:29">Lyngbø</stop>
    <stop arrival="10:29" departure="10:29">Lyngbøtunet</stop>
    <stop arrival="10:30" departure="10:30">Lyderhornsveien</stop>
    <stop arrival="10:30" departure="10:30">Gravdalsveien</stop>
    <stop arrival="10:31" departure="10:31">Sjøkrigsskoleveien</stop>
    <stop arrival="10:31" departure="10:31">Skjenevik</stop>
    <stop arrival="10:32" departure="10:32">Gravdal</stop>
    <stop arrival="10:33" departure="10:33">Skjenevik</stop>
    <stop arrival="10:34" departure="10:34">Sjøkrigsskoleveien</stop>
    <stop arrival="10:34" departure="10:34">Gravdalsveien (Laksevåg)</stop>
    <stop arrival="10:36" departure="10:36">Nygård, Laksevåg</stop>
    <stop arrival="10:37" departure="10:37">Kringsjå</stop>
    <stop arrival="10:38" departure="10:38">Oldernes</stop>
    <stop arrival="10:39" departure="10:39">Vågedalen</stop>
    <stop arrival="10:40" departure="10:40">Fergeveien</stop>
    <stop arrival="10:42" departure="10:42">Jansongården</stop>
    <stop arrival="10:44" departure="10:44">Solveien</stop>
    <stop arrival="10:45" departure="10:45">Gyldenpris</stop>
    <stop arrival="10:48" departure="10:48">Møhlenpris v/ Industrihuset</stop>
    <stop arrival="10:50">Christies gate (Festplassen)</stop>
  </route>
  <route no="71" destination="Viddalen" url="http://www.web2051.no/bin/tp/zuginfo.exe/on/803400/272527/338464/98572/1/" trafficDays="kjører Ma - Fr, ikke 13., 17., 24. Mai">
    <stop departure="10:30" routeNo="71">Nipedalen</stop>
    <stop arrival="10:31" departure="10:31">Lyngbøkollen</stop>
    <stop arrival="10:32" departure="10:32">Øvre Lyngbø</stop>
    <stop arrival="10:33" departure="10:33">Nipedalen v/nr.23</stop>
    <stop arrival="10:33" departure="10:33">Nipedalen v/Lyngbøveien</stop>
    <stop arrival="10:34" departure="10:34">Lyngbøveien</stop>
    <stop arrival="10:35" departure="10:35">Nygårdslien</stop>
    <stop arrival="10:35" departure="10:35">Haustbeitet</stop>
    <stop arrival="10:36" departure="10:36">Nygård, Laksevåg</stop>
    <stop arrival="10:38" departure="10:38">Kringsjå</stop>
    <stop arrival="10:39" departure="10:39">Oldernes</stop>
    <stop arrival="10:40" departure="10:40">Vågedalen</stop>
    <stop arrival="10:41" departure="10:41">Fergeveien</stop>
    <stop arrival="10:43" departure="10:43">Jansongården</stop>
    <stop arrival="10:44" departure="10:44">Solveien</stop>
    <stop arrival="10:45" departure="10:45">Gyldenpris</stop>
    <stop arrival="10:48" departure="10:48">Møhlenpris v/ Industrihuset</stop>
    <stop arrival="10:50" departure="10:50">Christies gate (Festplassen)</stop>
    <stop arrival="10:53" departure="10:53">Torget (Bergen)</stop>
    <stop arrival="10:54" departure="10:54">Bryggen</stop>
    <stop arrival="10:54" departure="10:54">Slottsgaten</stop>
    <stop arrival="10:55" departure="10:55">Bontelabo</stop>
    <stop arrival="10:56" departure="10:56">Skutevikstorget</stop>
    <stop arrival="10:56" departure="10:56">Sjøgaten</stop>
    <stop arrival="10:57" departure="10:57">Sandvikstorget</stop>
    <stop arrival="10:58" departure="10:58">Ludebryggen</stop>
    <stop arrival="10:58" departure="10:58">Munkebotten</stop>
    <stop arrival="11:00" departure="11:00">Nyhavnsvei (Gamle Bergen)</stop>
    <stop arrival="11:01" departure="11:01">Handelshøyskolen</stop>
    <stop arrival="11:03" departure="11:03">Eidsvåg</stop>
    <stop arrival="11:06" departure="11:06">Tertneskrysset nyevegen</stop>
    <stop arrival="11:08" departure="11:08">Stamskaret</stop>
    <stop arrival="11:09" departure="11:09">Hesthaugen</stop>
    <stop arrival="11:10" departure="11:10">Åsane terminal</stop>
    <stop arrival="11:12" departure="11:12">Ulsetåsen</stop>
    <stop arrival="11:13" departure="11:13">Haukeberget</stop>
    <stop arrival="11:15" departure="11:15">Botnane</stop>
    <stop arrival="11:16" departure="11:16">Haukedalsvegen</stop>
    <stop arrival="11:17" departure="11:17">Sjøveien</stop>
    <stop arrival="11:18" departure="11:18">Tertitten</stop>
    <stop arrival="11:18" departure="11:18">Kipo</stop>
    <stop arrival="11:19" departure="11:19">Storevarden</stop>
    <stop arrival="11:19" departure="11:19">Nesmyr</stop>
    <stop arrival="11:20" departure="11:20">Bekkjarvik (Åsane)</stop>
    <stop arrival="11:21" departure="11:21">Bekkjarvikkryss (Åsane)</stop>
    <stop arrival="11:22" departure="11:22">Kvernevikstemma</stop>
    <stop arrival="11:22" departure="11:22">Åsane sand + singel</stop>
    <stop arrival="11:23" departure="11:23">Bryggedalen</stop>
    <stop arrival="11:25">Viddalen</stop>
  </route>
  <route no="71" destination="Christies gate (Festplassen)" url="http://www.web2051.no/bin/tp/zuginfo.exe/on/566469/193503/222188/77729/1/" trafficDays="kjører Sø, også 1., 13., 17., 24. Mai">
    <stop departure="10:38" routeNo="71">Nipedalen</stop>
    <stop arrival="10:39" departure="10:39">Lyngbøkollen</stop>
    <stop arrival="10:40" departure="10:40">Øvre Lyngbø</stop>
    <stop arrival="10:41" departure="10:41">Nipedalen v/nr.23</stop>
    <stop arrival="10:41" departure="10:41">Nipedalen v/Lyngbøveien</stop>
    <stop arrival="10:42" departure="10:42">Lyngbøveien</stop>
    <stop arrival="10:43" departure="10:43">Nygårdslien</stop>
    <stop arrival="10:43" departure="10:43">Haustbeitet</stop>
    <stop arrival="10:44" departure="10:44">Nygård, Laksevåg</stop>
    <stop arrival="10:46" departure="10:46">Kringsjå</stop>
    <stop arrival="10:47" departure="10:47">Oldernes</stop>
    <stop arrival="10:48" departure="10:48">Vågedalen</stop>
    <stop arrival="10:49" departure="10:49">Fergeveien</stop>
    <stop arrival="10:51" departure="10:51">Jansongården</stop>
    <stop arrival="10:52" departure="10:52">Solveien</stop>
    <stop arrival="10:53" departure="10:53">Gyldenpris</stop>
    <stop arrival="10:56" departure="10:56">Møhlenpris v/ Industrihuset</stop>
    <stop arrival="10:58">Christies gate (Festplassen)</stop>
  </route>
  <route no="71" destination="Christies gate (Festplassen)" url="http://www.web2051.no/bin/tp/zuginfo.exe/on/2190/5461/681212/339877/1/" trafficDays="kjører Ma - Fr, ikke 13., 17., 24. Mai">
    <stop departure="10:45" routeNo="71">Nipedalen</stop>
    <stop arrival="10:46" departure="10:46">Lyngbøkollen</stop>
    <stop arrival="10:47" departure="10:47">Øvre Lyngbø</stop>
    <stop arrival="10:48" departure="10:48">Nipedalen v/nr.23</stop>
    <stop arrival="10:48" departure="10:48">Nipedalen v/Lyngbøveien</stop>
    <stop arrival="10:49" departure="10:49">Lyngbøveien</stop>
    <stop arrival="10:50" departure="10:50">Nygårdslien</stop>
    <stop arrival="10:50" departure="10:50">Haustbeitet</stop>
    <stop arrival="10:51" departure="10:51">Nygård, Laksevåg</stop>
    <stop arrival="10:53" departure="10:53">Kringsjå</stop>
    <stop arrival="10:54" departure="10:54">Oldernes</stop>
    <stop arrival="10:55" departure="10:55">Vågedalen</stop>
    <stop arrival="10:56" departure="10:56">Fergeveien</stop>
    <stop arrival="10:58" departure="10:58">Jansongården</stop>
    <stop arrival="10:59" departure="10:59">Solveien</stop>
    <stop arrival="11:00" departure="11:00">Gyldenpris</stop>
    <stop arrival="11:03" departure="11:03">Møhlenpris v/ Industrihuset</stop>
    <stop arrival="11:05">Christies gate (Festplassen)</stop>
  </route>
</routes>
