<?xml version="1.0" encoding="UTF-8"?>
<routes>
  <route no="71" destination="Nipedalen" url="http://www.web2051.no/bin/tp/zuginfo.exe/on/304788/106294/799224/298016/1/" trafficDays="kjører Lø, ikke 1. Mai">
    <stop departure="10:05" routeNo="71">Viddalen</stop>
    <stop arrival="10:07" departure="10:07">Bryggedalen</stop>
    <stop arrival="10:08" departure="10:08">Åsane sand + singel</stop>
    <stop arrival="10:08" departure="10:08">Kvernevikstemma</stop>
    <stop arrival="10:09" departure="10:09">Tertitten</stop>
    <stop arrival="10:10" departure="10:10">Bekkjarvik (Åsane)</stop>
    <stop arrival="10:11" departure="10:11">Nesmyr</stop>
    <stop arrival="10:11" departure="10:11">Storevarden</stop>
    <stop arrival="10:12" departure="10:12">Kipo</stop>
    <stop arrival="10:12" departure="10:12">Bekkjarvikkryss (Åsane)</stop>
    <stop arrival="10:13" departure="10:13">Sjøveien</stop>
    <stop arrival="10:14" departure="10:14">Haukedalsvegen</stop>
    <stop arrival="10:15" departure="10:15">Botnane</stop>
    <stop arrival="10:16" departure="10:16">Haukeberget</stop>
    <stop arrival="10:17" departure="10:17">Ulsetåsen</stop>
    <stop arrival="10:18" departure="10:18">Åsane Brannstasjon</stop>
    <stop arrival="10:20" departure="10:20">Åsane terminal</stop>
    <stop arrival="10:21" departure="10:21">Hesthaugen</stop>
    <stop arrival="10:22" departure="10:22">Stamskaret</stop>
    <stop arrival="10:24" departure="10:24">Tertneskrysset nyevegen</stop>
    <stop arrival="10:26" departure="10:26">Eidsvåg</stop>
    <stop arrival="10:28" departure="10:28">Handelshøyskolen</stop>
    <stop arrival="10:30" departure="10:30">Nyhavnsvei (Gamle Bergen)</stop>
    <stop arrival="10:31" departure="10:31">Munkebotten</stop>
    <stop arrival="10:32" departure="10:32">Ludebryggen</stop>
    <stop arrival="10:33" departure="10:33">Sandvikstorget</stop>
    <stop arrival="10:35" departure="10:35">Skutevikstorget</stop>
    <stop arrival="10:36" departure="10:36">Bontelabo</stop>
    <stop arrival="10:38" departure="10:38">Slottsgaten</stop>
    <stop arrival="10:39" departure="10:39">Bryggen</stop>
    <stop arrival="10:40" departure="10:40">Olav Kyrres gate</stop>
    <stop arrival="10:43" departure="10:43">Møhlenpris v/ Industrihuset</stop>
    <stop arrival="10:45" departure="10:45">Gyldenpris</stop>
    <stop arrival="10:46" departure="10:46">Solveien</stop>
    <stop arrival="10:47" departure="10:47">Jansongården</stop>
    <stop arrival="10:49" departure="10:49">Fergeveien</stop>
    <stop arrival="10:49" departure="10:49">Vågedalen</stop>
    <stop arrival="10:51" departure="10:51">Oldernes</stop>
    <stop arrival="10:51" departure="10:51">Kringsjå</stop>
    <stop arrival="10:53" departure="10:53">Nygård, Laksevåg</stop>
    <stop arrival="10:53" departure="10:53">Haustbeitet</stop>
    <stop arrival="10:54" departure="10:54">Nygårdslien</stop>
    <stop arrival="10:55" departure="10:55">Lyngbøveien</stop>
    <stop arrival="10:56" departure="10:56">Nipedalen v/Lyngbøveien</stop>
    <stop arrival="10:57" departure="10:57">Nipedalen v/nr. 23</stop>
    <stop arrival="10:59" departure="10:59">Lyngbøkollen</stop>
    <stop arrival="11:00">Nipedalen</stop>
  </route>
  <route no="71" destination="Nipedalen" url="http://www.web2051.no/bin/tp/zuginfo.exe/on/43665/19283/428900/199898/1/" trafficDays="kjører Ma - Fr, ikke 13., 17., 24. Mai">
    <stop departure="10:05" routeNo="71">Viddalen</stop>
    <stop arrival="10:07" departure="10:07">Bryggedalen</stop>
    <stop arrival="10:08" departure="10:08">Åsane sand + singel</stop>
    <stop arrival="10:08" departure="10:08">Kvernevikstemma</stop>
    <stop arrival="10:09" departure="10:09">Tertitten</stop>
    <stop arrival="10:10" departure="10:10">Bekkjarvik (Åsane)</stop>
    <stop arrival="10:11" departure="10:11">Nesmyr</stop>
    <stop arrival="10:11" departure="10:11">Storevarden</stop>
    <stop arrival="10:12" departure="10:12">Kipo</stop>
    <stop arrival="10:12" departure="10:12">Bekkjarvikkryss (Åsane)</stop>
    <stop arrival="10:13" departure="10:13">Sjøveien</stop>
    <stop arrival="10:14" departure="10:14">Haukedalsvegen</stop>
    <stop arrival="10:15" departure="10:15">Botnane</stop>
    <stop arrival="10:16" departure="10:16">Haukeberget</stop>
    <stop arrival="10:17" departure="10:17">Ulsetåsen</stop>
    <stop arrival="10:18" departure="10:18">Åsane Brannstasjon</stop>
    <stop arrival="10:20" departure="10:20">Åsane terminal</stop>
    <stop arrival="10:21" departure="10:21">Hesthaugen</stop>
    <stop arrival="10:22" departure="10:22">Stamskaret</stop>
    <stop arrival="10:23" departure="10:23">Tertneskrysset nyevegen</stop>
    <stop arrival="10:26" departure="10:26">Eidsvåg</stop>
    <stop arrival="10:28" departure="10:28">Handelshøyskolen</stop>
    <stop arrival="10:30" departure="10:30">Nyhavnsvei (Gamle Bergen)</stop>
    <stop arrival="10:32" departure="10:32">Munkebotten</stop>
    <stop arrival="10:33" departure="10:33">Ludebryggen</stop>
    <stop arrival="10:34" departure="10:34">Sandvikstorget</stop>
    <stop arrival="10:36" departure="10:36">Skutevikstorget</stop>
    <stop arrival="10:37" departure="10:37">Bontelabo</stop>
    <stop arrival="10:38" departure="10:38">Slottsgaten</stop>
    <stop arrival="10:40" departure="10:40">Bryggen</stop>
    <stop arrival="10:41" departure="10:41">Olav Kyrres gate</stop>
    <stop arrival="10:44" departure="10:44">Møhlenpris v/ Industrihuset</stop>
    <stop arrival="10:46" departure="10:46">Gyldenpris</stop>
    <stop arrival="10:47" departure="10:47">Solveien</stop>
    <stop arrival="10:48" departure="10:48">Jansongården</stop>
    <stop arrival="10:50" departure="10:50">Fergeveien</stop>
    <stop arrival="10:51" departure="10:51">Vågedalen</stop>
    <stop arrival="10:53" departure="10:53">Oldernes</stop>
    <stop arrival="10:54" departure="10:54">Kringsjå</stop>
    <stop arrival="10:55" departure="10:55">Nygård, Laksevåg</stop>
    <stop arrival="10:56" departure="10:56">Haustbeitet</stop>
    <stop arrival="10:57" departure="10:57">Nygårdslien</stop>
    <stop arrival="10:58" departure="10:58">Lyngbøveien</stop>
    <stop arrival="11:00" departure="11:00">Nipedalen v/Lyngbøveien</stop>
    <stop arrival="11:01" departure="11:01">Nipedalen v/nr. 23</stop>
    <stop arrival="11:03" departure="11:03">Lyngbøkollen</stop>
    <stop arrival="11:05">Nipedalen</stop>
  </route>
  <route no="71" destination="Viddalen" url="http://www.web2051.no/bin/tp/zuginfo.exe/on/142524/52235/939146/422067/1/" trafficDays="kjører Ma - Fr, ikke 13., 17., 24. Mai">
    <stop departure="9:30" routeNo="71">Nipedalen</stop>
    <stop arrival="9:31" departure="9:31">Lyngbøkollen</stop>
    <stop arrival="9:32" departure="9:32">Øvre Lyngbø</stop>
    <stop arrival="9:33" departure="9:33">Nipedalen v/nr.23</stop>
    <stop arrival="9:33" departure="9:33">Nipedalen v/Lyngbøveien</stop>
    <stop arrival="9:34" departure="9:34">Lyngbøveien</stop>
    <stop arrival="9:35" departure="9:35">Nygårdslien</stop>
    <stop arrival="9:35" departure="9:35">Haustbeitet</stop>
    <stop arrival="9:36" departure="9:36">Nygård, Laksevåg</stop>
    <stop arrival="9:38" departure="9:38">Kringsjå</stop>
    <stop arrival="9:39" departure="9:39">Oldernes</stop>
    <stop arrival="9:40" departure="9:40">Vågedalen</stop>
    <stop arrival="9:41" departure="9:41">Fergeveien</stop>
    <stop arrival="9:43" departure="9:43">Jansongården</stop>
    <stop arrival="9:44" departure="9:44">Solveien</stop>
    <stop arrival="9:45" departure="9:45">Gyldenpris</stop>
    <stop arrival="9:48" departure="9:48">Møhlenpris v/ Industrihuset</stop>
    <stop arrival="9:50" departure="9:50">Christies gate (Festplassen)</stop>
    <stop arrival="9:53" departure="9:53">Torget (Bergen)</stop>
    <stop arrival="9:54" departure="9:54">Bryggen</stop>
    <stop arrival="9:54" departure="9:54">Slottsgaten</stop>
    <stop arrival="9:55" departure="9:55">Bontelabo</stop>
    <stop arrival="9:56" departure="9:56">Skutevikstorget</stop>
    <stop arrival="9:56" departure="9:56">Sjøgaten</stop>
    <stop arrival="9:57" departure="9:57">Sandvikstorget</stop>
    <stop arrival="9:58" departure="9:58">Ludebryggen</stop>
    <stop arrival="9:58" departure="9:58">Munkebotten</stop>
    <stop arrival="10:00" departure="10:00">Nyhavnsvei (Gamle Bergen)</stop>
    <stop arrival="10:01" departure="10:01">Handelshøyskolen</stop>
    <stop arrival="10:03" departure="10:03">Eidsvåg</stop>
    <stop arrival="10:06" departure="10:06">Tertneskrysset nyevegen</stop>
    <stop arrival="10:08" departure="10:08">Stamskaret</stop>
    <stop arrival="10:09" departure="10:09">Hesthaugen</stop>
    <stop arrival="10:10" departure="10:10">Åsane terminal</stop>
    <stop arrival="10:12" departure="10:12">Ulsetåsen</stop>
    <stop arrival="10:13" departure="10:13">Haukeberget</stop>
    <stop arrival="10:15" departure="10:15">Botnane</stop>
    <stop arrival="10:16" departure="10:16">Haukedalsvegen</stop>
    <stop arrival="10:17" departure="10:17">Sjøveien</stop>
    <stop arrival="10:18" departure="10:18">Tertitten</stop>
    <stop arrival="10:18" departure="10:18">Kipo</stop>
    <stop arrival="10:19" departure="10:19">Storevarden</stop>
    <stop arrival="10:19" departure="10:19">Nesmyr</stop>
    <stop arrival="10:20" departure="10:20">Bekkjarvik (Åsane)</stop>
    <stop arrival="10:21" departure="10:21">Bekkjarvikkryss (Åsane)</stop>
    <stop arrival="10:22" departure="10:22">Kvernevikstemma</stop>
    <stop arrival="10:22" departure="10:22">Åsane sand + singel</stop>
    <stop arrival="10:23" departure="10:23">Bryggedalen</stop>
    <stop arrival="10:25">Viddalen</stop>
  </route>
  <route no="71" destination="Åsane terminal" url="http://www.web2051.no/bin/tp/zuginfo.exe/on/843378/285805/173006/194623/1/" trafficDays="kjører Sø, også 1., 13., 17., 24. Mai">
    <stop departure="10:30" routeNo="71">Viddalen</stop>
    <stop arrival="10:32" departure="10:32">Bryggedalen</stop>
    <stop arrival="10:33" departure="10:33">Åsane sand + singel</stop>
    <stop arrival="10:33" departure="10:33">Kvernevikstemma</stop>
    <stop arrival="10:34" departure="10:34">Tertitten</stop>
    <stop arrival="10:35" departure="10:35">Bekkjarvik (Åsane)</stop>
    <stop arrival="10:36" departure="10:36">Nesmyr</stop>
    <stop arrival="10:36" departure="10:36">Storevarden</stop>
    <stop arrival="10:37" departure="10:37">Kipo</stop>
    <stop arrival="10:37" departure="10:37">Bekkjarvikkryss (Åsane)</stop>
    <stop arrival="10:38" departure="10:38">Sjøveien</stop>
    <stop arrival="10:39" departure="10:39">Haukedalsvegen</stop>
    <stop arrival="10:40" departure="10:40">Botnane</stop>
    <stop arrival="10:41" departure="10:41">Haukeberget</stop>
    <stop arrival="10:42" departure="10:42">Ulsetåsen</stop>
    <stop arrival="10:43" departure="10:43">Åsane Brannstasjon</stop>
    <stop arrival="10:45">Åsane terminal</stop>
  </route>
  <route no="71" destination="Nipedalen" url="http://www.web2051.no/bin/tp/zuginfo.exe/on/606867/207017/608658/102044/1/" trafficDays="kjører Ma - Fr, ikke 13., 17., 24. Mai">
    <stop departure="10:35" routeNo="71">Viddalen</stop>
    <stop arrival="10:37" departure="10:37">Bryggedalen</stop>
    <stop arrival="10:38" departure="10:38">Åsane sand + singel</stop>
    <stop arrival="10:38" departure="10:38">Kvernevikstemma</stop>
    <stop arrival="10:39" departure="10:39">Tertitten</stop>
    <stop arrival="10:40" departure="10:40">Bekkjarvik (Åsane)</stop>
    <stop arrival="10:41" departure="10:41">Nesmyr</stop>
    <stop arrival="10:41" departure="10:41">Storevarden</stop>
    <stop arrival="10:42" departure="10:42">Kipo</stop>
    <stop arrival="10:42" departure="10:42">Bekkjarvikkryss (Åsane)</stop>
    <stop arrival="10:43" departure="10:43">Sjøveien</stop>
    <stop arrival="10:44" departure="10:44">Haukedalsvegen</stop>
    <stop arrival="10:45" departure="10:45">Botnane</stop>
    <stop arrival="10:46" departure="10:46">Haukeberget</stop>
    <stop arrival="10:47" departure="10:47">Ulsetåsen</stop>
    <stop arrival="10:48" departure="10:48">Åsane Brannstasjon</stop>
    <stop arrival="10:50" departure="10:50">Åsane terminal</stop>
    <stop arrival="10:51" departure="10:51">Hesthaugen</stop>
    <stop arrival="10:52" departure="10:52">Stamskaret</stop>
    <stop arrival="10:53" departure="10:53">Tertneskrysset nyevegen</stop>
    <stop arrival="10:56" departure="10:56">Eidsvåg</stop>
    <stop arrival="10:58" departure="10:58">Handelshøyskolen</stop>
    <stop arrival="11:00" departure="11:00">Nyhavnsvei (Gamle Bergen)</stop>
    <stop arrival="11:02" departure="11:02">Munkebotten</stop>
    <stop arrival="11:03" departure="11:03">Ludebryggen</stop>
    <stop arrival="11:04" departure="11:04">Sandvikstorget</stop>
    <stop arrival="11:06" departure="11:06">Skutevikstorget</stop>
    <stop arrival="11:07" departure="11:07">Bontelabo</stop>
    <stop arrival="11:08" departure="11:08">Slottsgaten</stop>
    <stop arrival="11:10" departure="11:10">Bryggen</stop>
    <stop arrival="11:11" departure="11:11">Olav Kyrres gate</stop>
    <stop arrival="11:14" departure="11:14">Møhlenpris v/ Industrihuset</stop>
    <stop arrival="11:16" departure="11:16">Gyldenpris</stop>
    <stop arrival="11:17" departure="11:17">Solveien</stop>
    <stop arrival="11:18" departure="11:18">Jansongården</stop>
    <stop arrival="11:20" departure="11:20">Fergeveien</stop>
    <stop arrival="11:21" departure="11:21">Vågedalen</stop>
    <stop arrival="11:23" departure="11:23">Oldernes</stop>
    <stop arrival="11:24" departure="11:24">Kringsjå</stop>
    <stop arrival="11:25" departure="11:25">Nygård, Laksevåg</stop>
    <stop arrival="11:26" departure="11:26">Haustbeitet</stop>
    <stop arrival="11:27" departure="11:27">Nygårdslien</stop>
    <stop arrival="11:28" departure="11:28">Lyngbøveien</stop>
    <stop arrival="11:30" departure="11:30">Nipedalen v/Lyngbøveien</stop>
    <stop arrival="11:31" departure="11:31">Nipedalen v/nr. 23</stop>
    <stop arrival="11:33" departure="11:33">Lyngbøkollen</stop>
    <stop arrival="11:35">Nipedalen</stop>
  </route>
  <route no="71" destination="Viddalen" url="http://www.web2051.no/bin/tp/zuginfo.exe/on/811791/275324/668132/63472/1/" trafficDays="kjører Ma - Fr, ikke 13., 17., 24. Mai">
    <stop departure="10:00" routeNo="71">Nipedalen</stop>
    <stop arrival="10:01" departure="10:01">Lyngbøkollen</stop>
    <stop arrival="10:02" departure="10:02">Øvre Lyngbø</stop>
    <stop arrival="10:03" departure="10:03">Nipedalen v/nr.23</stop>
    <stop arrival="10:03" departure="10:03">Nipedalen v/Lyngbøveien</stop>
    <stop arrival="10:04" departure="10:04">Lyngbøveien</stop>
    <stop arrival="10:05" departure="10:05">Nygårdslien</stop>
    <stop arrival="10:05" departure="10:05">Haustbeitet</stop>
    <stop arrival="10:06" departure="10:06">Nygård, Laksevåg</stop>
    <stop arrival="10:08" departure="10:08">Kringsjå</stop>
    <stop arrival="10:09" departure="10:09">Oldernes</stop>
    <stop arrival="10:10" departure="10:10">Vågedalen</stop>
    <stop arrival="10:11" departure="10:11">Fergeveien</stop>
    <stop arrival="10:13" departure="10:13">Jansongården</stop>
    <stop arrival="10:14" departure="10:14">Solveien</stop>
    <stop arrival="10:15" departure="10:15">Gyldenpris</stop>
    <stop arrival="10:18" departure="10:18">Møhlenpris v/ Industrihuset</stop>
    <stop arrival="10:20" departure="10:20">Christies gate (Festplassen)</stop>
    <stop arrival="10:23" departure="10:23">Torget (Bergen)</stop>
    <stop arrival="10:24" departure="10:24">Bryggen</stop>
    <stop arrival="10:24" departure="10:24">Slottsgaten</stop>
    <stop arrival="10:25" departure="10:25">Bontelabo</stop>
    <stop arrival="10:26" departure="10:26">Skutevikstorget</stop>
    <stop arrival="10:26" departure="10:26">Sjøgaten</stop>
    <stop arrival="10:27" departure="10:27">Sandvikstorget</stop>
    <stop arrival="10:28" departure="10:28">Ludebryggen</stop>
    <stop arrival="10:28" departure="10:28">Munkebotten</stop>
    <stop arrival="10:30" departure="10:30">Nyhavnsvei (Gamle Bergen)</stop>
    <stop arrival="10:31" departure="10:31">Handelshøyskolen</stop>
    <stop arrival="10:33" departure="10:33">Eidsvåg</stop>
    <stop arrival="10:36" departure="10:36">Tertneskrysset nyevegen</stop>
    <stop arrival="10:38" departure="10:38">Stamskaret</stop>
    <stop arrival="10:39" departure="10:39">Hesthaugen</stop>
    <stop arrival="10:40" departure="10:40">Åsane terminal</stop>
    <stop arrival="10:42" departure="10:42">Ulsetåsen</stop>
    <stop arrival="10:43" departure="10:43">Haukeberget</stop>
    <stop arrival="10:45" departure="10:45">Botnane</stop>
    <stop arrival="10:46" departure="10:46">Haukedalsvegen</stop>
    <stop arrival="10:47" departure="10:47">Sjøveien</stop>
    <stop arrival="10:48" departure="10:48">Tertitten</stop>
    <stop arrival="10:48" departure="10:48">Kipo</stop>
    <stop arrival="10:49" departure="10:49">Storevarden</stop>
    <stop arrival="10:49" departure="10:49">Nesmyr</stop>
    <stop arrival="10:50" departure="10:50">Bekkjarvik (Åsane)</stop>
    <stop arrival="10:51" departure="10:51">Bekkjarvikkryss (Åsane)</stop>
    <stop arrival="10:52" departure="10:52">Kvernevikstemma</stop>
    <stop arrival="10:52" departure="10:52">Åsane sand + singel</stop>
    <stop arrival="10:53" departure="10:53">Bryggedalen</stop>
    <stop arrival="10:55">Viddalen</stop>
  </route>
</routes>
