<?xml version="1.0" encoding="UTF-8"?>
<routes>
  <route no="491" destination="Hetlevik snuplass" url="http://www.web2051.no/bin/tp/zuginfo.exe/on/298962/102356/400770/100732/1/" trafficDays="kjører Ma - Fr, ikke 13., 17., 24. Mai">
    <stop departure="11:05" routeNo="491">Kleppestø term.</stop>
    <stop arrival="11:05" departure="11:05">Kleppestø (Rådhuset)</stop>
    <stop arrival="11:06" departure="11:06">Holmedal (Askøy)</stop>
    <stop arrival="11:07" departure="11:07">Storeklubben (Askøy)</stop>
    <stop arrival="11:08" departure="11:08">Skarholmen</stop>
    <stop arrival="11:09" departure="11:09">Skarholmshøyden</stop>
    <stop arrival="11:10" departure="11:10">Strusshamn</stop>
    <stop arrival="11:11" departure="11:11">Norrønaheimen</stop>
    <stop arrival="11:12" departure="11:12">Vestravatnet (Askøy)</stop>
    <stop arrival="11:12" departure="11:12">Flagget byggefelt (Askøy)</stop>
    <stop arrival="11:13" departure="11:13">Follese Skogen</stop>
    <stop arrival="11:13" departure="11:13">Lindhaugen (Askøy)</stop>
    <stop arrival="11:13" departure="11:13">Slettebrekklia (Askøy)</stop>
    <stop arrival="11:14" departure="11:14">Stølahøyden (Askøy)</stop>
    <stop arrival="11:14" departure="11:14">Follese barneskole</stop>
    <stop arrival="11:15" departure="11:15">Stølasvingen (Askøy)</stop>
    <stop arrival="11:15" departure="11:15">Follese</stop>
    <stop arrival="11:16" departure="11:16">Follese bedehus</stop>
    <stop arrival="11:17" departure="11:17">Haugadalen (Follese)</stop>
    <stop arrival="11:19" departure="11:19">Hetlevik Utsikten (Askøy)</stop>
    <stop arrival="11:20" departure="11:20">Hetlevik Kastet (Askøy)</stop>
    <stop arrival="11:21" departure="11:21">Hetlevik Kastesvingen</stop>
    <stop arrival="11:22" departure="11:22">Hetlevik idrettsbane</stop>
    <stop arrival="11:22" departure="11:22">Hetlevik Standal</stop>
    <stop arrival="11:24" departure="11:24">Hetlevik barneskole</stop>
    <stop arrival="11:25">Hetlevik snuplass</stop>
  </route>
  <route no="491" destination="Hetlevik snuplass" url="http://www.web2051.no/bin/tp/zuginfo.exe/on/394509/134205/429378/83187/1/" trafficDays="kjører Ma - Fr, ikke 13., 17., 24. Mai">
    <stop departure="11:05" routeNo="491">Kleppestø term.</stop>
    <stop arrival="11:05" departure="11:05">Kleppestø (Rådhuset)</stop>
    <stop arrival="11:06" departure="11:06">Holmedal (Askøy)</stop>
    <stop arrival="11:07" departure="11:07">Storeklubben (Askøy)</stop>
    <stop arrival="11:08" departure="11:08">Skarholmen</stop>
    <stop arrival="11:09" departure="11:09">Skarholmshøyden</stop>
    <stop arrival="11:10" departure="11:10">Strusshamn</stop>
    <stop arrival="11:11" departure="11:11">Norrønaheimen</stop>
    <stop arrival="11:12" departure="11:12">Vestravatnet (Askøy)</stop>
    <stop arrival="11:12" departure="11:12">Flagget byggefelt (Askøy)</stop>
    <stop arrival="11:13" departure="11:13">Follese Skogen</stop>
    <stop arrival="11:13" departure="11:13">Lindhaugen (Askøy)</stop>
    <stop arrival="11:13" departure="11:13">Slettebrekklia (Askøy)</stop>
    <stop arrival="11:14" departure="11:14">Stølahøyden (Askøy)</stop>
    <stop arrival="11:14" departure="11:14">Follese barneskole</stop>
    <stop arrival="11:15" departure="11:15">Stølasvingen (Askøy)</stop>
    <stop arrival="11:15" departure="11:15">Follese</stop>
    <stop arrival="11:16" departure="11:16">Follese bedehus</stop>
    <stop arrival="11:17" departure="11:17">Haugadalen (Follese)</stop>
    <stop arrival="11:19" departure="11:19">Hetlevik Utsikten (Askøy)</stop>
    <stop arrival="11:20" departure="11:20">Hetlevik Kastet (Askøy)</stop>
    <stop arrival="11:21" departure="11:21">Hetlevik Kastesvingen</stop>
    <stop arrival="11:22" departure="11:22">Hetlevik idrettsbane</stop>
    <stop arrival="11:22" departure="11:22">Hetlevik Standal</stop>
    <stop arrival="11:24" departure="11:24">Hetlevik barneskole</stop>
    <stop arrival="11:25">Hetlevik snuplass</stop>
  </route>
  <route no="491" destination="Bergen Busstasjon" url="http://www.web2051.no/bin/tp/zuginfo.exe/on/710676/239636/433940/19922/1/" trafficDays="kjører">
    <stop departure="11:25" routeNo="491">Hetlevik snuplass</stop>
    <stop arrival="11:26" departure="11:26">Hetlevik barneskole</stop>
    <stop arrival="11:26" departure="11:26">Hetlevik Standal</stop>
    <stop arrival="11:27" departure="11:27">Hetlevik idrettsbane</stop>
    <stop arrival="11:27" departure="11:27">Hetlevik Kastet (Askøy)</stop>
    <stop arrival="11:28" departure="11:28">Hetlevik Utsikten (Askøy)</stop>
    <stop arrival="11:29" departure="11:29">Haugadalen (Follese)</stop>
    <stop arrival="11:29" departure="11:29">Follese bedehus</stop>
    <stop arrival="11:30" departure="11:30">Follese</stop>
    <stop arrival="11:32" departure="11:32">Follese barneskole</stop>
    <stop arrival="11:33" departure="11:33">Stølahøyden (Askøy)</stop>
    <stop arrival="11:33" departure="11:33">Slettebrekklia (Askøy)</stop>
    <stop arrival="11:34" departure="11:34">Lindhaugen (Askøy)</stop>
    <stop arrival="11:35" departure="11:35">Follese Skogen</stop>
    <stop arrival="11:38" departure="11:38">Skiftesvik</stop>
    <stop arrival="11:39" departure="11:39">Skiftesvikhøyden (Askøy)</stop>
    <stop arrival="11:41" departure="11:41">Marikoven (Pøylo)</stop>
    <stop arrival="11:42" departure="11:42">Marikoven snuplass</stop>
    <stop arrival="11:43" departure="11:43">Marikoven (Pøylo)</stop>
    <stop arrival="11:44" departure="11:44">Skiftesvikhøyden (Askøy)</stop>
    <stop arrival="11:45" departure="11:45">Skiftesvik</stop>
    <stop arrival="11:47" departure="11:47">Follese Skogen</stop>
    <stop arrival="11:48" departure="11:48">Flagget byggefelt (Askøy)</stop>
    <stop arrival="11:48" departure="11:48">Vestravatnet (Askøy)</stop>
    <stop arrival="11:49" departure="11:49">Norrønaheimen</stop>
    <stop arrival="11:50" departure="11:50">Strusshamn</stop>
    <stop arrival="11:52" departure="11:52">Skarholmshøyden</stop>
    <stop arrival="11:53" departure="11:53">Skarholmen</stop>
    <stop arrival="11:55" departure="11:55">Storeklubben (Askøy)</stop>
    <stop arrival="11:57" departure="11:57">Holmedal (Askøy)</stop>
    <stop arrival="12:00" departure="12:00">Kleppestø term.</stop>
    <stop arrival="12:01" departure="12:01">Kleppestø (Rådhuset)</stop>
    <stop arrival="12:02" departure="12:02">Holmedal (Askøy)</stop>
    <stop arrival="12:03" departure="12:03">Storeklubben (Askøy)</stop>
    <stop arrival="12:06" departure="12:06">Brøstaneset</stop>
    <stop arrival="12:10" departure="12:10">Storavatnet term.</stop>
    <stop arrival="12:11" departure="12:11">Frida Fasmer</stop>
    <stop arrival="12:17" departure="12:17">Lyngbø Motorvei R555</stop>
    <stop arrival="12:22" departure="12:22">Møhlenpris v/ Industrihuset</stop>
    <stop arrival="12:24" departure="12:24">Christies gate (Festplassen)</stop>
    <stop arrival="12:25">Bergen Busstasjon</stop>
  </route>
  <route no="491" destination="Bergen Busstasjon" url="http://www.web2051.no/bin/tp/zuginfo.exe/on/979401/329210/148526/252204/1/" trafficDays="kjører Lø, ikke 1. Mai">
    <stop departure="11:27" routeNo="491">Hetlevik snuplass</stop>
    <stop arrival="11:28" departure="11:28">Hetlevik barneskole</stop>
    <stop arrival="11:28" departure="11:28">Hetlevik Standal</stop>
    <stop arrival="11:29" departure="11:29">Hetlevik idrettsbane</stop>
    <stop arrival="11:29" departure="11:29">Hetlevik Kastet (Askøy)</stop>
    <stop arrival="11:30" departure="11:30">Hetlevik Utsikten (Askøy)</stop>
    <stop arrival="11:31" departure="11:31">Haugadalen (Follese)</stop>
    <stop arrival="11:31" departure="11:31">Follese bedehus</stop>
    <stop arrival="11:32" departure="11:32">Follese</stop>
    <stop arrival="11:33" departure="11:33">Follese barneskole</stop>
    <stop arrival="11:34" departure="11:34">Stølahøyden (Askøy)</stop>
    <stop arrival="11:35" departure="11:35">Slettebrekklia (Askøy)</stop>
    <stop arrival="11:36" departure="11:36">Lindhaugen (Askøy)</stop>
    <stop arrival="11:36" departure="11:36">Follese Skogen</stop>
    <stop arrival="11:39" departure="11:39">Skiftesvik</stop>
    <stop arrival="11:40" departure="11:40">Skiftesvikhøyden (Askøy)</stop>
    <stop arrival="11:41" departure="11:41">Marikoven (Pøylo)</stop>
    <stop arrival="11:42" departure="11:42">Marikoven snuplass</stop>
    <stop arrival="11:43" departure="11:43">Marikoven (Pøylo)</stop>
    <stop arrival="11:44" departure="11:44">Skiftesvikhøyden (Askøy)</stop>
    <stop arrival="11:45" departure="11:45">Skiftesvik</stop>
    <stop arrival="11:47" departure="11:47">Follese Skogen</stop>
    <stop arrival="11:48" departure="11:48">Flagget byggefelt (Askøy)</stop>
    <stop arrival="11:48" departure="11:48">Vestravatnet (Askøy)</stop>
    <stop arrival="11:49" departure="11:49">Norrønaheimen</stop>
    <stop arrival="11:50" departure="11:50">Strusshamn</stop>
    <stop arrival="11:52" departure="11:52">Skarholmshøyden</stop>
    <stop arrival="11:53" departure="11:53">Skarholmen</stop>
    <stop arrival="11:55" departure="11:55">Storeklubben (Askøy)</stop>
    <stop arrival="11:57" departure="11:57">Holmedal (Askøy)</stop>
    <stop arrival="12:00" departure="12:00">Kleppestø term.</stop>
    <stop arrival="12:01" departure="12:01">Kleppestø (Rådhuset)</stop>
    <stop arrival="12:02" departure="12:02">Holmedal (Askøy)</stop>
    <stop arrival="12:03" departure="12:03">Storeklubben (Askøy)</stop>
    <stop arrival="12:06" departure="12:06">Brøstaneset</stop>
    <stop arrival="12:10" departure="12:10">Storavatnet term.</stop>
    <stop arrival="12:11" departure="12:11">Frida Fasmer</stop>
    <stop arrival="12:17" departure="12:17">Lyngbø Motorvei R555</stop>
    <stop arrival="12:22" departure="12:22">Møhlenpris v/ Industrihuset</stop>
    <stop arrival="12:24" departure="12:24">Nygårdsgaten</stop>
    <stop arrival="12:25">Bergen Busstasjon</stop>
  </route>
  <route no="491" destination="Bergen Busstasjon" url="http://www.web2051.no/bin/tp/zuginfo.exe/on/605667/204609/243724/80027/1/" trafficDays="kjører Ma - Fr, ikke 13., 17., 24. Mai">
    <stop departure="11:32" routeNo="491">Hetlevik snuplass</stop>
    <stop arrival="11:33" departure="11:33">Hetlevik barneskole</stop>
    <stop arrival="11:33" departure="11:33">Hetlevik Standal</stop>
    <stop arrival="11:34" departure="11:34">Hetlevik idrettsbane</stop>
    <stop arrival="11:34" departure="11:34">Hetlevik Kastet (Askøy)</stop>
    <stop arrival="11:35" departure="11:35">Hetlevik Utsikten (Askøy)</stop>
    <stop arrival="11:36" departure="11:36">Haugadalen (Follese)</stop>
    <stop arrival="11:36" departure="11:36">Follese bedehus</stop>
    <stop arrival="11:37" departure="11:37">Follese</stop>
    <stop arrival="11:39" departure="11:39">Follese barneskole</stop>
    <stop arrival="11:41" departure="11:41">Stølahøyden (Askøy)</stop>
    <stop arrival="11:42" departure="11:42">Slettebrekklia (Askøy)</stop>
    <stop arrival="11:43" departure="11:43">Lindhaugen (Askøy)</stop>
    <stop arrival="11:45" departure="11:45">Follese Skogen</stop>
    <stop arrival="11:46" departure="11:46">Flagget byggefelt (Askøy)</stop>
    <stop arrival="11:48" departure="11:48">Vestravatnet (Askøy)</stop>
    <stop arrival="11:49" departure="11:49">Norrønaheimen</stop>
    <stop arrival="11:50" departure="11:50">Strusshamn</stop>
    <stop arrival="11:52" departure="11:52">Skarholmshøyden</stop>
    <stop arrival="11:53" departure="11:53">Skarholmen</stop>
    <stop arrival="11:55" departure="11:55">Storeklubben (Askøy)</stop>
    <stop arrival="11:57" departure="11:57">Holmedal (Askøy)</stop>
    <stop arrival="12:00" departure="12:00">Kleppestø term.</stop>
    <stop arrival="12:01" departure="12:01">Kleppestø (Rådhuset)</stop>
    <stop arrival="12:02" departure="12:02">Holmedal (Askøy)</stop>
    <stop arrival="12:03" departure="12:03">Storeklubben (Askøy)</stop>
    <stop arrival="12:06" departure="12:06">Brøstaneset</stop>
    <stop arrival="12:10" departure="12:10">Storavatnet term.</stop>
    <stop arrival="12:11" departure="12:11">Frida Fasmer</stop>
    <stop arrival="12:16" departure="12:16">Lyngbø Motorvei R555</stop>
    <stop arrival="12:21" departure="12:21">Møhlenpris v/ Industrihuset</stop>
    <stop arrival="12:22" departure="12:22">Christies gate (Festplassen)</stop>
    <stop>Olav Kyrres gate</stop>
    <stop arrival="12:23" departure="12:23">Kaigaten/v. Jernbanen</stop>
    <stop arrival="12:25">Bergen Busstasjon</stop>
  </route>
</routes>
