<?xml version="1.0" encoding="UTF-8"?>
<routes>
  <route no="620" destination="Bergen Busstasjon" url="http://www.web2051.no/bin/tp/zuginfo.exe/on/312573/109916/982838/387229/1/" trafficDays="kjører Lø, ikke 1. Mai">
    <stop departure="10:45" routeNo="620">Os - Osøyro</stop>
    <stop arrival="10:46" departure="10:46">Fjellheim</stop>
    <stop arrival="10:47" departure="10:47">Kuven</stop>
    <stop arrival="10:48" departure="10:48">Flåten (Os)</stop>
    <stop arrival="10:49" departure="10:49">Flåten Senter</stop>
    <stop arrival="10:50" departure="10:50">Tøsdalskiftet</stop>
    <stop arrival="10:50" departure="10:50">Ulvenskiftet</stop>
    <stop arrival="10:51" departure="10:51">Hetleflåten</stop>
    <stop arrival="10:52" departure="10:52">Helleflåttre</stop>
    <stop arrival="10:54" departure="10:54">Storestraumen</stop>
    <stop arrival="10:55" departure="10:55">Søfteland skule</stop>
    <stop arrival="10:56" departure="10:56">Søfteland</stop>
    <stop arrival="10:56" departure="10:56">Gåssandskiftet</stop>
    <stop arrival="10:57" departure="10:57">Tømmernes</stop>
    <stop arrival="10:58" departure="10:58">Røykenes (Os)</stop>
    <stop arrival="10:59" departure="10:59">Bahus</stop>
    <stop arrival="11:00" departure="11:00">Fløysand</stop>
    <stop arrival="11:00" departure="11:00">Kalandseid</stop>
    <stop arrival="11:01" departure="11:01">Austevoll (Fana)</stop>
    <stop arrival="11:02" departure="11:02">Kaland (Fana)</stop>
    <stop arrival="11:03" departure="11:03">Smådalen (Kaland i Fana)</stop>
    <stop arrival="11:03" departure="11:03">Kaland skole (Fana)</stop>
    <stop arrival="11:05" departure="11:05">Nedre Sandven</stop>
    <stop arrival="11:05" departure="11:05">Sandven</stop>
    <stop arrival="11:06" departure="11:06">Øvre Hatlestad</stop>
    <stop arrival="11:07" departure="11:07">Hatlestadlia</stop>
    <stop arrival="11:08" departure="11:08">Hatlestad terr.</stop>
    <stop arrival="11:09" departure="11:09">Valle (Fana)</stop>
    <stop arrival="11:10" departure="11:10">Kirkebirkeland</stop>
    <stop arrival="11:11" departure="11:11">Lilletvedt</stop>
    <stop arrival="11:12" departure="11:12">Bjørkåsen</stop>
    <stop arrival="11:13" departure="11:13">Elvenes vegkryss</stop>
    <stop arrival="11:14" departure="11:14">Skjoldskiftet</stop>
    <stop arrival="11:14" departure="11:14">Nesttun</stop>
    <stop arrival="11:15" departure="11:15">Nesttun terminal</stop>
    <stop arrival="11:17" departure="11:17">Hopsbro</stop>
    <stop arrival="11:19" departure="11:19">Tveiteråsskiftet</stop>
    <stop arrival="11:20" departure="11:20">Paradis</stop>
    <stop arrival="11:22" departure="11:22">Nydalen</stop>
    <stop arrival="11:24" departure="11:24">Fantoft</stop>
    <stop arrival="11:25" departure="11:25">Storetveit</stop>
    <stop arrival="11:25" departure="11:25">Elvebakken</stop>
    <stop arrival="11:26" departure="11:26">Minde</stop>
    <stop arrival="11:30" departure="11:30">Mindemyren</stop>
    <stop arrival="11:31" departure="11:31">Postterminalen</stop>
    <stop arrival="11:31" departure="11:31">Kanalveien v/LBK</stop>
    <stop arrival="11:33" departure="11:33">Danmarksplass v/Forum kino</stop>
    <stop arrival="11:38" departure="11:38">Bergen Busstasjon</stop>
    <stop arrival="11:41" departure="11:41">Christies gate (Festplassen)</stop>
    <stop arrival="11:46">Bergen Busstasjon</stop>
  </route>
  <route no="620" destination="Os - Osøyro" url="http://www.web2051.no/bin/tp/zuginfo.exe/on/367062/128131/33510/105600/1/" trafficDays="kjører Ma - Fr, ikke 13., 17., 24. Mai">
    <stop departure="10:30" routeNo="620">Bergen Busstasjon</stop>
    <stop arrival="10:33" departure="10:33">Danmarksplass</stop>
    <stop arrival="10:34" departure="10:34">Solheimsgaten</stop>
    <stop arrival="10:35" departure="10:35">Reperbanen</stop>
    <stop arrival="10:37" departure="10:37">Fjøsangerveien/ Minde Allè</stop>
    <stop arrival="10:38" departure="10:38">Minde</stop>
    <stop arrival="10:39" departure="10:39">Elvebakken</stop>
    <stop arrival="10:39" departure="10:39">Storetveit</stop>
    <stop arrival="10:39" departure="10:39">Fantoft</stop>
    <stop arrival="10:40" departure="10:40">Nydalen</stop>
    <stop arrival="10:41" departure="10:41">Paradis</stop>
    <stop arrival="10:42" departure="10:42">Tveiteråsskiftet</stop>
    <stop arrival="10:43" departure="10:43">Hopsbro</stop>
    <stop arrival="10:45" departure="10:45">Hopstangen</stop>
    <stop arrival="10:46" departure="10:46">Nesttun terminal</stop>
    <stop arrival="10:46" departure="10:46">Nesttun</stop>
    <stop arrival="10:47" departure="10:47">Skjoldskiftet</stop>
    <stop arrival="10:48" departure="10:48">Elvenes vegkryss</stop>
    <stop arrival="10:48" departure="10:48">Bjørkåsen</stop>
    <stop arrival="10:49" departure="10:49">Lilletvedt</stop>
    <stop arrival="10:50" departure="10:50">Kirkebirkeland</stop>
    <stop arrival="10:51" departure="10:51">Valle (Fana)</stop>
    <stop arrival="10:52" departure="10:52">Hatlestad terr.</stop>
    <stop arrival="10:54" departure="10:54">Øvre Hatlestad</stop>
    <stop arrival="10:56" departure="10:56">Sandven</stop>
    <stop arrival="10:57" departure="10:57">Nedre Sandven</stop>
    <stop arrival="10:58" departure="10:58">Kaland skole (Fana)</stop>
    <stop arrival="10:59" departure="10:59">Kaland (Fana)</stop>
    <stop arrival="11:00" departure="11:00">Austevoll (Fana)</stop>
    <stop arrival="11:01" departure="11:01">Kalandseid</stop>
    <stop arrival="11:01" departure="11:01">Fløysand</stop>
    <stop arrival="11:02" departure="11:02">Bahus</stop>
    <stop arrival="11:03" departure="11:03">Røykenes (Os)</stop>
    <stop arrival="11:04" departure="11:04">Tømmernes</stop>
    <stop arrival="11:05" departure="11:05">Gåssandskiftet</stop>
    <stop arrival="11:05" departure="11:05">Søfteland</stop>
    <stop arrival="11:06" departure="11:06">Søfteland skule</stop>
    <stop arrival="11:07" departure="11:07">Storestraumen</stop>
    <stop arrival="11:09" departure="11:09">Hetleflåttre</stop>
    <stop arrival="11:10" departure="11:10">Hetleflåten</stop>
    <stop arrival="11:11" departure="11:11">Ulvenskiftet</stop>
    <stop arrival="11:11" departure="11:11">Tøsdalskiftet</stop>
    <stop arrival="11:12" departure="11:12">Flåten Senter</stop>
    <stop arrival="11:13" departure="11:13">Flåten (Os)</stop>
    <stop arrival="11:14" departure="11:14">Kuven</stop>
    <stop arrival="11:15" departure="11:15">Fjellheim</stop>
    <stop arrival="11:16">Os - Osøyro</stop>
  </route>
  <route no="620" destination="Bergen Busstasjon" url="http://www.web2051.no/bin/tp/zuginfo.exe/on/320211/112515/811676/299106/1/" trafficDays="kjører Ma - Fr, ikke 13., 17., 24. Mai">
    <stop departure="10:55" routeNo="620">Os - Osøyro</stop>
    <stop arrival="10:56" departure="10:56">Fjellheim</stop>
    <stop arrival="10:57" departure="10:57">Kuven</stop>
    <stop arrival="10:58" departure="10:58">Flåten (Os)</stop>
    <stop arrival="10:59" departure="10:59">Flåten Senter</stop>
    <stop arrival="11:00" departure="11:00">Tøsdalskiftet</stop>
    <stop arrival="11:00" departure="11:00">Ulvenskiftet</stop>
    <stop arrival="11:01" departure="11:01">Hetleflåten</stop>
    <stop arrival="11:02" departure="11:02">Helleflåttre</stop>
    <stop arrival="11:04" departure="11:04">Storestraumen</stop>
    <stop arrival="11:05" departure="11:05">Søfteland skule</stop>
    <stop arrival="11:06" departure="11:06">Søfteland</stop>
    <stop arrival="11:06" departure="11:06">Gåssandskiftet</stop>
    <stop arrival="11:07" departure="11:07">Tømmernes</stop>
    <stop arrival="11:08" departure="11:08">Røykenes (Os)</stop>
    <stop arrival="11:09" departure="11:09">Bahus</stop>
    <stop arrival="11:10" departure="11:10">Fløysand</stop>
    <stop arrival="11:10" departure="11:10">Kalandseid</stop>
    <stop arrival="11:11" departure="11:11">Austevoll (Fana)</stop>
    <stop arrival="11:12" departure="11:12">Kaland (Fana)</stop>
    <stop arrival="11:13" departure="11:13">Smådalen (Kaland i Fana)</stop>
    <stop arrival="11:13" departure="11:13">Kaland skole (Fana)</stop>
    <stop arrival="11:15" departure="11:15">Nedre Sandven</stop>
    <stop arrival="11:15" departure="11:15">Sandven</stop>
    <stop arrival="11:16" departure="11:16">Øvre Hatlestad</stop>
    <stop arrival="11:17" departure="11:17">Hatlestadlia</stop>
    <stop arrival="11:18" departure="11:18">Hatlestad terr.</stop>
    <stop arrival="11:19" departure="11:19">Valle (Fana)</stop>
    <stop arrival="11:20" departure="11:20">Kirkebirkeland</stop>
    <stop arrival="11:21" departure="11:21">Lilletvedt</stop>
    <stop arrival="11:22" departure="11:22">Bjørkåsen</stop>
    <stop arrival="11:23" departure="11:23">Elvenes vegkryss</stop>
    <stop arrival="11:24" departure="11:24">Skjoldskiftet</stop>
    <stop arrival="11:24" departure="11:24">Nesttun</stop>
    <stop arrival="11:25" departure="11:25">Nesttun terminal</stop>
    <stop arrival="11:27" departure="11:27">Hopsbro</stop>
    <stop arrival="11:29" departure="11:29">Tveiteråsskiftet</stop>
    <stop arrival="11:30" departure="11:30">Paradis</stop>
    <stop arrival="11:32" departure="11:32">Nydalen</stop>
    <stop arrival="11:34" departure="11:34">Fantoft</stop>
    <stop arrival="11:35" departure="11:35">Storetveit</stop>
    <stop arrival="11:35" departure="11:35">Elvebakken</stop>
    <stop arrival="11:36" departure="11:36">Minde</stop>
    <stop arrival="11:39" departure="11:39">Mindemyren</stop>
    <stop arrival="11:40" departure="11:40">Postterminalen</stop>
    <stop arrival="11:41" departure="11:41">Kanalveien v/LBK</stop>
    <stop arrival="11:43" departure="11:43">Danmarksplass v/Forum kino</stop>
    <stop arrival="11:48" departure="11:48">Bergen Busstasjon</stop>
    <stop arrival="11:50" departure="11:50">Christies gate (Festplassen)</stop>
    <stop arrival="11:55">Bergen Busstasjon</stop>
  </route>
  <route no="620" destination="Os - Osøyro" url="http://www.web2051.no/bin/tp/zuginfo.exe/on/509208/175517/330218/4627/1/" trafficDays="kjører Ma - Fr, ikke 13., 17., 24. Mai">
    <stop departure="10:50" routeNo="620">Bergen Busstasjon</stop>
    <stop arrival="10:53" departure="10:53">Danmarksplass</stop>
    <stop arrival="10:54" departure="10:54">Solheimsgaten</stop>
    <stop arrival="10:55" departure="10:55">Reperbanen</stop>
    <stop arrival="10:57" departure="10:57">Fjøsangerveien/ Minde Allè</stop>
    <stop arrival="10:58" departure="10:58">Minde</stop>
    <stop arrival="10:59" departure="10:59">Elvebakken</stop>
    <stop arrival="10:59" departure="10:59">Storetveit</stop>
    <stop arrival="10:59" departure="10:59">Fantoft</stop>
    <stop arrival="11:00" departure="11:00">Nydalen</stop>
    <stop arrival="11:01" departure="11:01">Paradis</stop>
    <stop arrival="11:02" departure="11:02">Tveiteråsskiftet</stop>
    <stop arrival="11:03" departure="11:03">Hopsbro</stop>
    <stop arrival="11:05" departure="11:05">Hopstangen</stop>
    <stop arrival="11:06" departure="11:06">Nesttun terminal</stop>
    <stop arrival="11:06" departure="11:06">Nesttun</stop>
    <stop arrival="11:07" departure="11:07">Skjoldskiftet</stop>
    <stop arrival="11:08" departure="11:08">Elvenes vegkryss</stop>
    <stop arrival="11:08" departure="11:08">Bjørkåsen</stop>
    <stop arrival="11:09" departure="11:09">Lilletvedt</stop>
    <stop arrival="11:10" departure="11:10">Kirkebirkeland</stop>
    <stop arrival="11:11" departure="11:11">Valle (Fana)</stop>
    <stop arrival="11:12" departure="11:12">Hatlestad terr.</stop>
    <stop arrival="11:14" departure="11:14">Øvre Hatlestad</stop>
    <stop arrival="11:16" departure="11:16">Sandven</stop>
    <stop arrival="11:17" departure="11:17">Nedre Sandven</stop>
    <stop arrival="11:18" departure="11:18">Kaland skole (Fana)</stop>
    <stop arrival="11:19" departure="11:19">Kaland (Fana)</stop>
    <stop arrival="11:20" departure="11:20">Austevoll (Fana)</stop>
    <stop arrival="11:21" departure="11:21">Kalandseid</stop>
    <stop arrival="11:21" departure="11:21">Fløysand</stop>
    <stop arrival="11:22" departure="11:22">Bahus</stop>
    <stop arrival="11:23" departure="11:23">Røykenes (Os)</stop>
    <stop arrival="11:24" departure="11:24">Tømmernes</stop>
    <stop arrival="11:25" departure="11:25">Gåssandskiftet</stop>
    <stop arrival="11:25" departure="11:25">Søfteland</stop>
    <stop arrival="11:26" departure="11:26">Søfteland skule</stop>
    <stop arrival="11:27" departure="11:27">Storestraumen</stop>
    <stop arrival="11:29" departure="11:29">Hetleflåttre</stop>
    <stop arrival="11:30" departure="11:30">Hetleflåten</stop>
    <stop arrival="11:31" departure="11:31">Ulvenskiftet</stop>
    <stop arrival="11:31" departure="11:31">Tøsdalskiftet</stop>
    <stop arrival="11:32" departure="11:32">Flåten Senter</stop>
    <stop arrival="11:33" departure="11:33">Flåten (Os)</stop>
    <stop arrival="11:34" departure="11:34">Kuven</stop>
    <stop arrival="11:35" departure="11:35">Fjellheim</stop>
    <stop arrival="11:36">Os - Osøyro</stop>
  </route>
  <route no="620" destination="Os - Osøyro" url="http://www.web2051.no/bin/tp/zuginfo.exe/on/603099/206759/421230/9582/1/" trafficDays="kjører Lø, ikke 1. Mai">
    <stop departure="10:45" routeNo="620">Olav Kyrres gate</stop>
    <stop arrival="10:50" departure="10:50">Bergen Busstasjon</stop>
    <stop arrival="10:54" departure="10:54">Danmarksplass</stop>
    <stop arrival="10:55" departure="10:55">Solheimsgaten</stop>
    <stop arrival="10:56" departure="10:56">Reperbanen</stop>
    <stop arrival="10:58" departure="10:58">Fjøsangerveien/ Minde Allè</stop>
    <stop arrival="10:59" departure="10:59">Minde</stop>
    <stop arrival="11:00" departure="11:00">Elvebakken</stop>
    <stop arrival="11:00" departure="11:00">Storetveit</stop>
    <stop arrival="11:00" departure="11:00">Fantoft</stop>
    <stop arrival="11:01" departure="11:01">Nydalen</stop>
    <stop arrival="11:02" departure="11:02">Paradis</stop>
    <stop arrival="11:03" departure="11:03">Tveiteråsskiftet</stop>
    <stop arrival="11:04" departure="11:04">Hopsbro</stop>
    <stop arrival="11:06" departure="11:06">Hopstangen</stop>
    <stop arrival="11:07" departure="11:07">Nesttun terminal</stop>
    <stop arrival="11:07" departure="11:07">Nesttun</stop>
    <stop arrival="11:08" departure="11:08">Skjoldskiftet</stop>
    <stop arrival="11:09" departure="11:09">Elvenes vegkryss</stop>
    <stop arrival="11:09" departure="11:09">Bjørkåsen</stop>
    <stop arrival="11:10" departure="11:10">Lilletvedt</stop>
    <stop arrival="11:11" departure="11:11">Kirkebirkeland</stop>
    <stop arrival="11:12" departure="11:12">Valle (Fana)</stop>
    <stop arrival="11:13" departure="11:13">Hatlestad terr.</stop>
    <stop arrival="11:15" departure="11:15">Øvre Hatlestad</stop>
    <stop arrival="11:17" departure="11:17">Sandven</stop>
    <stop arrival="11:18" departure="11:18">Nedre Sandven</stop>
    <stop arrival="11:19" departure="11:19">Kaland skole (Fana)</stop>
    <stop arrival="11:20" departure="11:20">Kaland (Fana)</stop>
    <stop arrival="11:21" departure="11:21">Austevoll (Fana)</stop>
    <stop arrival="11:22" departure="11:22">Kalandseid</stop>
    <stop arrival="11:22" departure="11:22">Fløysand</stop>
    <stop arrival="11:23" departure="11:23">Bahus</stop>
    <stop arrival="11:24" departure="11:24">Røykenes (Os)</stop>
    <stop arrival="11:25" departure="11:25">Tømmernes</stop>
    <stop arrival="11:26" departure="11:26">Gåssandskiftet</stop>
    <stop arrival="11:26" departure="11:26">Søfteland</stop>
    <stop arrival="11:27" departure="11:27">Søfteland skule</stop>
    <stop arrival="11:28" departure="11:28">Storestraumen</stop>
    <stop arrival="11:30" departure="11:30">Hetleflåttre</stop>
    <stop arrival="11:31" departure="11:31">Hetleflåten</stop>
    <stop arrival="11:32" departure="11:32">Ulvenskiftet</stop>
    <stop arrival="11:32" departure="11:32">Tøsdalskiftet</stop>
    <stop arrival="11:33" departure="11:33">Flåten Senter</stop>
    <stop arrival="11:34" departure="11:34">Flåten (Os)</stop>
    <stop arrival="11:35" departure="11:35">Kuven</stop>
    <stop arrival="11:36" departure="11:36">Fjellheim</stop>
    <stop arrival="11:37">Os - Osøyro</stop>
  </route>
  <route no="620" destination="Os - Osøyro" url="http://www.web2051.no/bin/tp/zuginfo.exe/on/148896/55330/464300/182518/1/" trafficDays="kjører Sø, også 1., 13., 17., 24. Mai">
    <stop departure="10:45" routeNo="620">Olav Kyrres gate</stop>
    <stop arrival="10:50" departure="10:50">Bergen Busstasjon</stop>
    <stop arrival="10:54" departure="10:54">Danmarksplass</stop>
    <stop arrival="10:55" departure="10:55">Solheimsgaten</stop>
    <stop arrival="10:56" departure="10:56">Reperbanen</stop>
    <stop arrival="10:58" departure="10:58">Fjøsangerveien/ Minde Allè</stop>
    <stop arrival="10:59" departure="10:59">Minde</stop>
    <stop arrival="11:00" departure="11:00">Elvebakken</stop>
    <stop arrival="11:00" departure="11:00">Storetveit</stop>
    <stop arrival="11:00" departure="11:00">Fantoft</stop>
    <stop arrival="11:01" departure="11:01">Nydalen</stop>
    <stop arrival="11:02" departure="11:02">Paradis</stop>
    <stop arrival="11:03" departure="11:03">Tveiteråsskiftet</stop>
    <stop arrival="11:04" departure="11:04">Hopsbro</stop>
    <stop arrival="11:06" departure="11:06">Hopstangen</stop>
    <stop arrival="11:07" departure="11:07">Nesttun terminal</stop>
    <stop arrival="11:08" departure="11:08">Nesttun</stop>
    <stop arrival="11:08" departure="11:08">Skjoldskiftet</stop>
    <stop arrival="11:09" departure="11:09">Elvenes vegkryss</stop>
    <stop arrival="11:10" departure="11:10">Bjørkåsen</stop>
    <stop arrival="11:11" departure="11:11">Lilletvedt</stop>
    <stop arrival="11:13" departure="11:13">Kirkebirkeland</stop>
    <stop arrival="11:14" departure="11:14">Valle (Fana)</stop>
    <stop arrival="11:15" departure="11:15">Hatlestad terr.</stop>
    <stop arrival="11:17" departure="11:17">Øvre Hatlestad</stop>
    <stop arrival="11:19" departure="11:19">Sandven</stop>
    <stop arrival="11:20" departure="11:20">Nedre Sandven</stop>
    <stop arrival="11:21" departure="11:21">Kaland skole (Fana)</stop>
    <stop arrival="11:23" departure="11:23">Kaland (Fana)</stop>
    <stop arrival="11:24" departure="11:24">Austevoll (Fana)</stop>
    <stop arrival="11:25" departure="11:25">Kalandseid</stop>
    <stop arrival="11:25" departure="11:25">Fløysand</stop>
    <stop arrival="11:26" departure="11:26">Bahus</stop>
    <stop arrival="11:27" departure="11:27">Røykenes (Os)</stop>
    <stop arrival="11:28" departure="11:28">Tømmernes</stop>
    <stop arrival="11:29" departure="11:29">Gåssandskiftet</stop>
    <stop arrival="11:29" departure="11:29">Søfteland</stop>
    <stop arrival="11:30" departure="11:30">Søfteland skule</stop>
    <stop arrival="11:31" departure="11:31">Storestraumen</stop>
    <stop arrival="11:33" departure="11:33">Hetleflåttre</stop>
    <stop arrival="11:34" departure="11:34">Hetleflåten</stop>
    <stop arrival="11:35" departure="11:35">Ulvenskiftet</stop>
    <stop arrival="11:35" departure="11:35">Tøsdalskiftet</stop>
    <stop arrival="11:36" departure="11:36">Flåten Senter</stop>
    <stop arrival="11:37" departure="11:37">Flåten (Os)</stop>
    <stop arrival="11:38" departure="11:38">Kuven</stop>
    <stop arrival="11:39" departure="11:39">Fjellheim</stop>
    <stop arrival="11:40">Os - Osøyro</stop>
  </route>
  <route no="620" destination="Bergen Busstasjon" url="http://www.web2051.no/bin/tp/zuginfo.exe/on/315231/110776/39960/85097/1/" trafficDays="kjører Sø, også 1., 13., 17., 24. Mai">
    <stop departure="11:15" routeNo="620">Os - Osøyro</stop>
    <stop arrival="11:16" departure="11:16">Fjellheim</stop>
    <stop arrival="11:17" departure="11:17">Kuven</stop>
    <stop arrival="11:18" departure="11:18">Flåten (Os)</stop>
    <stop arrival="11:19" departure="11:19">Flåten Senter</stop>
    <stop arrival="11:20" departure="11:20">Tøsdalskiftet</stop>
    <stop arrival="11:20" departure="11:20">Ulvenskiftet</stop>
    <stop arrival="11:21" departure="11:21">Hetleflåten</stop>
    <stop arrival="11:22" departure="11:22">Helleflåttre</stop>
    <stop arrival="11:24" departure="11:24">Storestraumen</stop>
    <stop arrival="11:25" departure="11:25">Søfteland skule</stop>
    <stop arrival="11:26" departure="11:26">Søfteland</stop>
    <stop arrival="11:26" departure="11:26">Gåssandskiftet</stop>
    <stop arrival="11:27" departure="11:27">Tømmernes</stop>
    <stop arrival="11:28" departure="11:28">Røykenes (Os)</stop>
    <stop arrival="11:29" departure="11:29">Bahus</stop>
    <stop arrival="11:30" departure="11:30">Fløysand</stop>
    <stop arrival="11:30" departure="11:30">Kalandseid</stop>
    <stop arrival="11:31" departure="11:31">Austevoll (Fana)</stop>
    <stop arrival="11:32" departure="11:32">Kaland (Fana)</stop>
    <stop arrival="11:33" departure="11:33">Smådalen (Kaland i Fana)</stop>
    <stop arrival="11:33" departure="11:33">Kaland skole (Fana)</stop>
    <stop arrival="11:35" departure="11:35">Nedre Sandven</stop>
    <stop arrival="11:35" departure="11:35">Sandven</stop>
    <stop arrival="11:36" departure="11:36">Øvre Hatlestad</stop>
    <stop arrival="11:37" departure="11:37">Hatlestadlia</stop>
    <stop arrival="11:38" departure="11:38">Hatlestad terr.</stop>
    <stop arrival="11:39" departure="11:39">Valle (Fana)</stop>
    <stop arrival="11:40" departure="11:40">Kirkebirkeland</stop>
    <stop arrival="11:41" departure="11:41">Lilletvedt</stop>
    <stop arrival="11:42" departure="11:42">Bjørkåsen</stop>
    <stop arrival="11:43" departure="11:43">Elvenes vegkryss</stop>
    <stop arrival="11:44" departure="11:44">Skjoldskiftet</stop>
    <stop arrival="11:44" departure="11:44">Nesttun</stop>
    <stop arrival="11:45" departure="11:45">Nesttun terminal</stop>
    <stop arrival="11:47" departure="11:47">Hopsbro</stop>
    <stop arrival="11:49" departure="11:49">Tveiteråsskiftet</stop>
    <stop arrival="11:50" departure="11:50">Paradis</stop>
    <stop arrival="11:52" departure="11:52">Nydalen</stop>
    <stop arrival="11:54" departure="11:54">Fantoft</stop>
    <stop arrival="11:55" departure="11:55">Storetveit</stop>
    <stop arrival="11:55" departure="11:55">Elvebakken</stop>
    <stop arrival="11:56" departure="11:56">Minde</stop>
    <stop arrival="11:59" departure="11:59">Mindemyren</stop>
    <stop arrival="12:00" departure="12:00">Postterminalen</stop>
    <stop arrival="12:00" departure="12:00">Kanalveien v/LBK</stop>
    <stop arrival="12:02" departure="12:02">Danmarksplass v/Forum kino</stop>
    <stop arrival="12:07" departure="12:07">Bergen Busstasjon</stop>
    <stop arrival="12:10" departure="12:10">Christies gate (Festplassen)</stop>
    <stop arrival="12:15">Bergen Busstasjon</stop>
  </route>
  <route no="620" destination="Bergen Busstasjon" url="http://www.web2051.no/bin/tp/zuginfo.exe/on/96105/37760/517332/226633/1/" trafficDays="kjører Lø, ikke 1. Mai">
    <stop departure="11:15" routeNo="620">Os - Osøyro</stop>
    <stop arrival="11:16" departure="11:16">Fjellheim</stop>
    <stop arrival="11:17" departure="11:17">Kuven</stop>
    <stop arrival="11:18" departure="11:18">Flåten (Os)</stop>
    <stop arrival="11:19" departure="11:19">Flåten Senter</stop>
    <stop arrival="11:20" departure="11:20">Tøsdalskiftet</stop>
    <stop arrival="11:20" departure="11:20">Ulvenskiftet</stop>
    <stop arrival="11:21" departure="11:21">Hetleflåten</stop>
    <stop arrival="11:22" departure="11:22">Helleflåttre</stop>
    <stop arrival="11:24" departure="11:24">Storestraumen</stop>
    <stop arrival="11:25" departure="11:25">Søfteland skule</stop>
    <stop arrival="11:26" departure="11:26">Søfteland</stop>
    <stop arrival="11:26" departure="11:26">Gåssandskiftet</stop>
    <stop arrival="11:27" departure="11:27">Tømmernes</stop>
    <stop arrival="11:28" departure="11:28">Røykenes (Os)</stop>
    <stop arrival="11:29" departure="11:29">Bahus</stop>
    <stop arrival="11:30" departure="11:30">Fløysand</stop>
    <stop arrival="11:30" departure="11:30">Kalandseid</stop>
    <stop arrival="11:31" departure="11:31">Austevoll (Fana)</stop>
    <stop arrival="11:32" departure="11:32">Kaland (Fana)</stop>
    <stop arrival="11:33" departure="11:33">Smådalen (Kaland i Fana)</stop>
    <stop arrival="11:33" departure="11:33">Kaland skole (Fana)</stop>
    <stop arrival="11:35" departure="11:35">Nedre Sandven</stop>
    <stop arrival="11:35" departure="11:35">Sandven</stop>
    <stop arrival="11:36" departure="11:36">Øvre Hatlestad</stop>
    <stop arrival="11:37" departure="11:37">Hatlestadlia</stop>
    <stop arrival="11:38" departure="11:38">Hatlestad terr.</stop>
    <stop arrival="11:39" departure="11:39">Valle (Fana)</stop>
    <stop arrival="11:40" departure="11:40">Kirkebirkeland</stop>
    <stop arrival="11:41" departure="11:41">Lilletvedt</stop>
    <stop arrival="11:42" departure="11:42">Bjørkåsen</stop>
    <stop arrival="11:43" departure="11:43">Elvenes vegkryss</stop>
    <stop arrival="11:44" departure="11:44">Skjoldskiftet</stop>
    <stop arrival="11:44" departure="11:44">Nesttun</stop>
    <stop arrival="11:45" departure="11:45">Nesttun terminal</stop>
    <stop arrival="11:47" departure="11:47">Hopsbro</stop>
    <stop arrival="11:49" departure="11:49">Tveiteråsskiftet</stop>
    <stop arrival="11:50" departure="11:50">Paradis</stop>
    <stop arrival="11:52" departure="11:52">Nydalen</stop>
    <stop arrival="11:54" departure="11:54">Fantoft</stop>
    <stop arrival="11:55" departure="11:55">Storetveit</stop>
    <stop arrival="11:55" departure="11:55">Elvebakken</stop>
    <stop arrival="11:56" departure="11:56">Minde</stop>
    <stop arrival="12:00" departure="12:00">Mindemyren</stop>
    <stop arrival="12:01" departure="12:01">Postterminalen</stop>
    <stop arrival="12:01" departure="12:01">Kanalveien v/LBK</stop>
    <stop arrival="12:03" departure="12:03">Danmarksplass v/Forum kino</stop>
    <stop arrival="12:08" departure="12:08">Bergen Busstasjon</stop>
    <stop arrival="12:11" departure="12:11">Christies gate (Festplassen)</stop>
    <stop arrival="12:16">Bergen Busstasjon</stop>
  </route>
  <route no="620" destination="Bergen Busstasjon" url="http://www.web2051.no/bin/tp/zuginfo.exe/on/257124/91486/304076/66336/1/" trafficDays="kjører Ma - Fr, ikke 13., 17., 24. Mai">
    <stop departure="11:15" routeNo="620">Os - Osøyro</stop>
    <stop arrival="11:16" departure="11:16">Fjellheim</stop>
    <stop arrival="11:17" departure="11:17">Kuven</stop>
    <stop arrival="11:18" departure="11:18">Flåten (Os)</stop>
    <stop arrival="11:19" departure="11:19">Flåten Senter</stop>
    <stop arrival="11:20" departure="11:20">Tøsdalskiftet</stop>
    <stop arrival="11:20" departure="11:20">Ulvenskiftet</stop>
    <stop arrival="11:21" departure="11:21">Hetleflåten</stop>
    <stop arrival="11:22" departure="11:22">Helleflåttre</stop>
    <stop arrival="11:24" departure="11:24">Storestraumen</stop>
    <stop arrival="11:25" departure="11:25">Søfteland skule</stop>
    <stop arrival="11:26" departure="11:26">Søfteland</stop>
    <stop arrival="11:26" departure="11:26">Gåssandskiftet</stop>
    <stop arrival="11:27" departure="11:27">Tømmernes</stop>
    <stop arrival="11:28" departure="11:28">Røykenes (Os)</stop>
    <stop arrival="11:29" departure="11:29">Bahus</stop>
    <stop arrival="11:30" departure="11:30">Fløysand</stop>
    <stop arrival="11:30" departure="11:30">Kalandseid</stop>
    <stop arrival="11:31" departure="11:31">Austevoll (Fana)</stop>
    <stop arrival="11:32" departure="11:32">Kaland (Fana)</stop>
    <stop arrival="11:33" departure="11:33">Smådalen (Kaland i Fana)</stop>
    <stop arrival="11:33" departure="11:33">Kaland skole (Fana)</stop>
    <stop arrival="11:35" departure="11:35">Nedre Sandven</stop>
    <stop arrival="11:35" departure="11:35">Sandven</stop>
    <stop arrival="11:36" departure="11:36">Øvre Hatlestad</stop>
    <stop arrival="11:37" departure="11:37">Hatlestadlia</stop>
    <stop arrival="11:38" departure="11:38">Hatlestad terr.</stop>
    <stop arrival="11:39" departure="11:39">Valle (Fana)</stop>
    <stop arrival="11:40" departure="11:40">Kirkebirkeland</stop>
    <stop arrival="11:41" departure="11:41">Lilletvedt</stop>
    <stop arrival="11:42" departure="11:42">Bjørkåsen</stop>
    <stop arrival="11:43" departure="11:43">Elvenes vegkryss</stop>
    <stop arrival="11:44" departure="11:44">Skjoldskiftet</stop>
    <stop arrival="11:44" departure="11:44">Nesttun</stop>
    <stop arrival="11:45" departure="11:45">Nesttun terminal</stop>
    <stop arrival="11:47" departure="11:47">Hopsbro</stop>
    <stop arrival="11:49" departure="11:49">Tveiteråsskiftet</stop>
    <stop arrival="11:50" departure="11:50">Paradis</stop>
    <stop arrival="11:52" departure="11:52">Nydalen</stop>
    <stop arrival="11:54" departure="11:54">Fantoft</stop>
    <stop arrival="11:55" departure="11:55">Storetveit</stop>
    <stop arrival="11:55" departure="11:55">Elvebakken</stop>
    <stop arrival="11:56" departure="11:56">Minde</stop>
    <stop arrival="11:59" departure="11:59">Mindemyren</stop>
    <stop arrival="12:00" departure="12:00">Postterminalen</stop>
    <stop arrival="12:01" departure="12:01">Kanalveien v/LBK</stop>
    <stop arrival="12:03" departure="12:03">Danmarksplass v/Forum kino</stop>
    <stop arrival="12:08" departure="12:08">Bergen Busstasjon</stop>
    <stop arrival="12:10" departure="12:10">Christies gate (Festplassen)</stop>
    <stop arrival="12:15">Bergen Busstasjon</stop>
  </route>
  <route no="620" destination="Os - Osøyro" url="http://www.web2051.no/bin/tp/zuginfo.exe/on/544008/187118/150782/105945/1/" trafficDays="kjører Ma - Fr, ikke 13., 17., 24. Mai">
    <stop departure="11:10" routeNo="620">Bergen Busstasjon</stop>
    <stop arrival="11:13" departure="11:13">Danmarksplass</stop>
    <stop arrival="11:14" departure="11:14">Solheimsgaten</stop>
    <stop arrival="11:15" departure="11:15">Reperbanen</stop>
    <stop arrival="11:17" departure="11:17">Fjøsangerveien/ Minde Allè</stop>
    <stop arrival="11:18" departure="11:18">Minde</stop>
    <stop arrival="11:19" departure="11:19">Elvebakken</stop>
    <stop arrival="11:19" departure="11:19">Storetveit</stop>
    <stop arrival="11:19" departure="11:19">Fantoft</stop>
    <stop arrival="11:20" departure="11:20">Nydalen</stop>
    <stop arrival="11:21" departure="11:21">Paradis</stop>
    <stop arrival="11:22" departure="11:22">Tveiteråsskiftet</stop>
    <stop arrival="11:23" departure="11:23">Hopsbro</stop>
    <stop arrival="11:25" departure="11:25">Hopstangen</stop>
    <stop arrival="11:26" departure="11:26">Nesttun terminal</stop>
    <stop arrival="11:26" departure="11:26">Nesttun</stop>
    <stop arrival="11:27" departure="11:27">Skjoldskiftet</stop>
    <stop arrival="11:28" departure="11:28">Elvenes vegkryss</stop>
    <stop arrival="11:28" departure="11:28">Bjørkåsen</stop>
    <stop arrival="11:29" departure="11:29">Lilletvedt</stop>
    <stop arrival="11:30" departure="11:30">Kirkebirkeland</stop>
    <stop arrival="11:31" departure="11:31">Valle (Fana)</stop>
    <stop arrival="11:32" departure="11:32">Hatlestad terr.</stop>
    <stop arrival="11:34" departure="11:34">Øvre Hatlestad</stop>
    <stop arrival="11:36" departure="11:36">Sandven</stop>
    <stop arrival="11:37" departure="11:37">Nedre Sandven</stop>
    <stop arrival="11:38" departure="11:38">Kaland skole (Fana)</stop>
    <stop arrival="11:39" departure="11:39">Kaland (Fana)</stop>
    <stop arrival="11:40" departure="11:40">Austevoll (Fana)</stop>
    <stop arrival="11:41" departure="11:41">Kalandseid</stop>
    <stop arrival="11:41" departure="11:41">Fløysand</stop>
    <stop arrival="11:42" departure="11:42">Bahus</stop>
    <stop arrival="11:43" departure="11:43">Røykenes (Os)</stop>
    <stop arrival="11:44" departure="11:44">Tømmernes</stop>
    <stop arrival="11:45" departure="11:45">Gåssandskiftet</stop>
    <stop arrival="11:45" departure="11:45">Søfteland</stop>
    <stop arrival="11:46" departure="11:46">Søfteland skule</stop>
    <stop arrival="11:47" departure="11:47">Storestraumen</stop>
    <stop arrival="11:49" departure="11:49">Hetleflåttre</stop>
    <stop arrival="11:50" departure="11:50">Hetleflåten</stop>
    <stop arrival="11:51" departure="11:51">Ulvenskiftet</stop>
    <stop arrival="11:51" departure="11:51">Tøsdalskiftet</stop>
    <stop arrival="11:52" departure="11:52">Flåten Senter</stop>
    <stop arrival="11:53" departure="11:53">Flåten (Os)</stop>
    <stop arrival="11:54" departure="11:54">Kuven</stop>
    <stop arrival="11:55" departure="11:55">Fjellheim</stop>
    <stop arrival="11:56">Os - Osøyro</stop>
  </route>
  <route no="620" destination="Bergen Busstasjon" url="http://www.web2051.no/bin/tp/zuginfo.exe/on/827553/281629/479104/36306/1/" trafficDays="kjører Ma - Fr, ikke 13., 17., 24. Mai">
    <stop departure="11:35" routeNo="620">Os - Osøyro</stop>
    <stop arrival="11:36" departure="11:36">Fjellheim</stop>
    <stop arrival="11:37" departure="11:37">Kuven</stop>
    <stop arrival="11:38" departure="11:38">Flåten (Os)</stop>
    <stop arrival="11:39" departure="11:39">Flåten Senter</stop>
    <stop arrival="11:40" departure="11:40">Tøsdalskiftet</stop>
    <stop arrival="11:40" departure="11:40">Ulvenskiftet</stop>
    <stop arrival="11:41" departure="11:41">Hetleflåten</stop>
    <stop arrival="11:42" departure="11:42">Helleflåttre</stop>
    <stop arrival="11:44" departure="11:44">Storestraumen</stop>
    <stop arrival="11:45" departure="11:45">Søfteland skule</stop>
    <stop arrival="11:46" departure="11:46">Søfteland</stop>
    <stop arrival="11:46" departure="11:46">Gåssandskiftet</stop>
    <stop arrival="11:47" departure="11:47">Tømmernes</stop>
    <stop arrival="11:48" departure="11:48">Røykenes (Os)</stop>
    <stop arrival="11:49" departure="11:49">Bahus</stop>
    <stop arrival="11:50" departure="11:50">Fløysand</stop>
    <stop arrival="11:50" departure="11:50">Kalandseid</stop>
    <stop arrival="11:51" departure="11:51">Austevoll (Fana)</stop>
    <stop arrival="11:52" departure="11:52">Kaland (Fana)</stop>
    <stop arrival="11:53" departure="11:53">Smådalen (Kaland i Fana)</stop>
    <stop arrival="11:53" departure="11:53">Kaland skole (Fana)</stop>
    <stop arrival="11:55" departure="11:55">Nedre Sandven</stop>
    <stop arrival="11:55" departure="11:55">Sandven</stop>
    <stop arrival="11:56" departure="11:56">Øvre Hatlestad</stop>
    <stop arrival="11:57" departure="11:57">Hatlestadlia</stop>
    <stop arrival="11:58" departure="11:58">Hatlestad terr.</stop>
    <stop arrival="11:59" departure="11:59">Valle (Fana)</stop>
    <stop arrival="12:00" departure="12:00">Kirkebirkeland</stop>
    <stop arrival="12:01" departure="12:01">Lilletvedt</stop>
    <stop arrival="12:02" departure="12:02">Bjørkåsen</stop>
    <stop arrival="12:03" departure="12:03">Elvenes vegkryss</stop>
    <stop arrival="12:04" departure="12:04">Skjoldskiftet</stop>
    <stop arrival="12:04" departure="12:04">Nesttun</stop>
    <stop arrival="12:05" departure="12:05">Nesttun terminal</stop>
    <stop arrival="12:07" departure="12:07">Hopsbro</stop>
    <stop arrival="12:09" departure="12:09">Tveiteråsskiftet</stop>
    <stop arrival="12:10" departure="12:10">Paradis</stop>
    <stop arrival="12:12" departure="12:12">Nydalen</stop>
    <stop arrival="12:14" departure="12:14">Fantoft</stop>
    <stop arrival="12:15" departure="12:15">Storetveit</stop>
    <stop arrival="12:15" departure="12:15">Elvebakken</stop>
    <stop arrival="12:16" departure="12:16">Minde</stop>
    <stop arrival="12:19" departure="12:19">Mindemyren</stop>
    <stop arrival="12:20" departure="12:20">Postterminalen</stop>
    <stop arrival="12:21" departure="12:21">Kanalveien v/LBK</stop>
    <stop arrival="12:23" departure="12:23">Danmarksplass v/Forum kino</stop>
    <stop arrival="12:28" departure="12:28">Bergen Busstasjon</stop>
    <stop arrival="12:30" departure="12:30">Christies gate (Festplassen)</stop>
    <stop arrival="12:35">Bergen Busstasjon</stop>
  </route>
  <route no="620" destination="Os - Osøyro" url="http://www.web2051.no/bin/tp/zuginfo.exe/on/323466/113549/95066/60289/1/" trafficDays="kjører Lø, ikke 1. Mai">
    <stop departure="11:15" routeNo="620">Olav Kyrres gate</stop>
    <stop arrival="11:20" departure="11:20">Bergen Busstasjon</stop>
    <stop arrival="11:24" departure="11:24">Danmarksplass</stop>
    <stop arrival="11:25" departure="11:25">Solheimsgaten</stop>
    <stop arrival="11:26" departure="11:26">Reperbanen</stop>
    <stop arrival="11:28" departure="11:28">Fjøsangerveien/ Minde Allè</stop>
    <stop arrival="11:29" departure="11:29">Minde</stop>
    <stop arrival="11:30" departure="11:30">Elvebakken</stop>
    <stop arrival="11:30" departure="11:30">Storetveit</stop>
    <stop arrival="11:30" departure="11:30">Fantoft</stop>
    <stop arrival="11:31" departure="11:31">Nydalen</stop>
    <stop arrival="11:32" departure="11:32">Paradis</stop>
    <stop arrival="11:33" departure="11:33">Tveiteråsskiftet</stop>
    <stop arrival="11:34" departure="11:34">Hopsbro</stop>
    <stop arrival="11:36" departure="11:36">Hopstangen</stop>
    <stop arrival="11:37" departure="11:37">Nesttun terminal</stop>
    <stop arrival="11:37" departure="11:37">Nesttun</stop>
    <stop arrival="11:38" departure="11:38">Skjoldskiftet</stop>
    <stop arrival="11:39" departure="11:39">Elvenes vegkryss</stop>
    <stop arrival="11:39" departure="11:39">Bjørkåsen</stop>
    <stop arrival="11:40" departure="11:40">Lilletvedt</stop>
    <stop arrival="11:41" departure="11:41">Kirkebirkeland</stop>
    <stop arrival="11:42" departure="11:42">Valle (Fana)</stop>
    <stop arrival="11:43" departure="11:43">Hatlestad terr.</stop>
    <stop arrival="11:45" departure="11:45">Øvre Hatlestad</stop>
    <stop arrival="11:47" departure="11:47">Sandven</stop>
    <stop arrival="11:48" departure="11:48">Nedre Sandven</stop>
    <stop arrival="11:49" departure="11:49">Kaland skole (Fana)</stop>
    <stop arrival="11:50" departure="11:50">Kaland (Fana)</stop>
    <stop arrival="11:51" departure="11:51">Austevoll (Fana)</stop>
    <stop arrival="11:52" departure="11:52">Kalandseid</stop>
    <stop arrival="11:52" departure="11:52">Fløysand</stop>
    <stop arrival="11:53" departure="11:53">Bahus</stop>
    <stop arrival="11:54" departure="11:54">Røykenes (Os)</stop>
    <stop arrival="11:55" departure="11:55">Tømmernes</stop>
    <stop arrival="11:56" departure="11:56">Gåssandskiftet</stop>
    <stop arrival="11:56" departure="11:56">Søfteland</stop>
    <stop arrival="11:57" departure="11:57">Søfteland skule</stop>
    <stop arrival="11:58" departure="11:58">Storestraumen</stop>
    <stop arrival="12:00" departure="12:00">Hetleflåttre</stop>
    <stop arrival="12:01" departure="12:01">Hetleflåten</stop>
    <stop arrival="12:02" departure="12:02">Ulvenskiftet</stop>
    <stop arrival="12:02" departure="12:02">Tøsdalskiftet</stop>
    <stop arrival="12:03" departure="12:03">Flåten Senter</stop>
    <stop arrival="12:04" departure="12:04">Flåten (Os)</stop>
    <stop arrival="12:05" departure="12:05">Kuven</stop>
    <stop arrival="12:06" departure="12:06">Fjellheim</stop>
    <stop arrival="12:07">Os - Osøyro</stop>
  </route>
</routes>
