<?xml version="1.0" encoding="UTF-8"?>
<routes>
  <route no="613" destination="Nord Strøno Snuplass" url="http://www.web2051.no/bin/tp/zuginfo.exe/on/19695/12240/957242/472056/1/" trafficDays="kjører Lø, ikke 1. Mai">
    <stop departure="11:00" routeNo="613">Os - Osøyro</stop>
    <stop arrival="11:01" departure="11:01">Fjellheim</stop>
    <stop arrival="11:02" departure="11:02">Kuven</stop>
    <stop arrival="11:03" departure="11:03">Flåten (Os)</stop>
    <stop arrival="11:04" departure="11:04">Flåten Senter</stop>
    <stop arrival="11:05" departure="11:05">Tøsdalskiftet</stop>
    <stop arrival="11:08" departure="11:08">Os Vidaregåande skule</stop>
    <stop arrival="11:10" departure="11:10">Ulvensletta</stop>
    <stop arrival="11:11" departure="11:11">Vaksinen</stop>
    <stop arrival="11:12" departure="11:12">Ådnadalen</stop>
    <stop arrival="11:13" departure="11:13">Irgenskryss</stop>
    <stop arrival="11:13" departure="11:13">Hagevik 1</stop>
    <stop arrival="11:14" departure="11:14">Hagevik 2</stop>
    <stop arrival="11:14" departure="11:14">Hagavik (Hovland - Os)</stop>
    <stop arrival="11:15" departure="11:15">Ytre Hovland</stop>
    <stop arrival="11:15" departure="11:15">Grøvle (Os)</stop>
    <stop arrival="11:15" departure="11:15">Askvik (Os)</stop>
    <stop arrival="11:16" departure="11:16">Askvikskogen</stop>
    <stop arrival="11:17" departure="11:17">Hildershavn</stop>
    <stop arrival="11:17" departure="11:17">Strøno vegkryss</stop>
    <stop arrival="11:19" departure="11:19">Sør Strøno 1</stop>
    <stop arrival="11:20" departure="11:20">Sør Strøno 2</stop>
    <stop arrival="11:21" departure="11:21">Sør Strøno snuplass</stop>
    <stop arrival="11:22" departure="11:22">Sør Strøno 2</stop>
    <stop arrival="11:23" departure="11:23">Sør Strøno 1</stop>
    <stop arrival="11:26" departure="11:26">Stokkavik 1</stop>
    <stop arrival="11:27" departure="11:27">Nore Øyane skule</stop>
    <stop arrival="11:29" departure="11:29">Strøno 1</stop>
    <stop arrival="11:29" departure="11:29">Strøno 2</stop>
    <stop arrival="11:30" departure="11:30">Strøno Ungdomshuset</stop>
    <stop arrival="11:31">Nord Strøno Snuplass</stop>
  </route>
  <route no="620" destination="Os - Osøyro" url="http://www.web2051.no/bin/tp/zuginfo.exe/on/449697/155623/983042/341622/1/" trafficDays="kjører Lø, ikke 1. Mai">
    <stop departure="10:15" routeNo="620">Olav Kyrres gate</stop>
    <stop arrival="10:20" departure="10:20">Bergen Busstasjon</stop>
    <stop arrival="10:23" departure="10:23">Danmarksplass</stop>
    <stop arrival="10:24" departure="10:24">Solheimsgaten</stop>
    <stop arrival="10:25" departure="10:25">Reperbanen</stop>
    <stop arrival="10:27" departure="10:27">Fjøsangerveien/ Minde Allè</stop>
    <stop arrival="10:28" departure="10:28">Minde</stop>
    <stop arrival="10:29" departure="10:29">Elvebakken</stop>
    <stop arrival="10:29" departure="10:29">Storetveit</stop>
    <stop arrival="10:29" departure="10:29">Fantoft</stop>
    <stop arrival="10:30" departure="10:30">Nydalen</stop>
    <stop arrival="10:31" departure="10:31">Paradis</stop>
    <stop arrival="10:32" departure="10:32">Tveiteråsskiftet</stop>
    <stop arrival="10:33" departure="10:33">Hopsbro</stop>
    <stop arrival="10:35" departure="10:35">Hopstangen</stop>
    <stop arrival="10:36" departure="10:36">Nesttun terminal</stop>
    <stop arrival="10:36" departure="10:36">Nesttun</stop>
    <stop arrival="10:37" departure="10:37">Skjoldskiftet</stop>
    <stop arrival="10:38" departure="10:38">Elvenes vegkryss</stop>
    <stop arrival="10:38" departure="10:38">Bjørkåsen</stop>
    <stop arrival="10:39" departure="10:39">Lilletvedt</stop>
    <stop arrival="10:40" departure="10:40">Kirkebirkeland</stop>
    <stop arrival="10:41" departure="10:41">Valle (Fana)</stop>
    <stop arrival="10:42" departure="10:42">Hatlestad terr.</stop>
    <stop arrival="10:44" departure="10:44">Øvre Hatlestad</stop>
    <stop arrival="10:46" departure="10:46">Sandven</stop>
    <stop arrival="10:47" departure="10:47">Nedre Sandven</stop>
    <stop arrival="10:48" departure="10:48">Kaland skole (Fana)</stop>
    <stop arrival="10:49" departure="10:49">Kaland (Fana)</stop>
    <stop arrival="10:50" departure="10:50">Austevoll (Fana)</stop>
    <stop arrival="10:51" departure="10:51">Kalandseid</stop>
    <stop arrival="10:51" departure="10:51">Fløysand</stop>
    <stop arrival="10:52" departure="10:52">Bahus</stop>
    <stop arrival="10:53" departure="10:53">Røykenes (Os)</stop>
    <stop arrival="10:54" departure="10:54">Tømmernes</stop>
    <stop arrival="10:55" departure="10:55">Gåssandskiftet</stop>
    <stop arrival="10:55" departure="10:55">Søfteland</stop>
    <stop arrival="10:56" departure="10:56">Søfteland skule</stop>
    <stop arrival="10:57" departure="10:57">Storestraumen</stop>
    <stop arrival="10:59" departure="10:59">Hetleflåttre</stop>
    <stop arrival="11:00" departure="11:00">Hetleflåten</stop>
    <stop arrival="11:01" departure="11:01">Ulvenskiftet</stop>
    <stop arrival="11:01" departure="11:01">Tøsdalskiftet</stop>
    <stop arrival="11:02" departure="11:02">Flåten Senter</stop>
    <stop arrival="11:03" departure="11:03">Flåten (Os)</stop>
    <stop arrival="11:04" departure="11:04">Kuven</stop>
    <stop arrival="11:05" departure="11:05">Fjellheim</stop>
    <stop arrival="11:06">Os - Osøyro</stop>
  </route>
  <route no="613" destination="Os - Osøyro" url="http://www.web2051.no/bin/tp/zuginfo.exe/on/769605/262218/618406/52668/1/" trafficDays="kjører Ma - Fr, ikke 13., 17., 24. Mai">
    <stop departure="10:50" routeNo="613">Sør Strøno snuplass</stop>
    <stop arrival="10:51" departure="10:51">Sør Strøno 2</stop>
    <stop arrival="10:52" departure="10:52">Sør Strøno 1</stop>
    <stop arrival="10:54" departure="10:54">Strøno vegkryss</stop>
    <stop arrival="10:54" departure="10:54">Hildershavn</stop>
    <stop arrival="10:55" departure="10:55">Askvikskogen</stop>
    <stop arrival="10:56" departure="10:56">Askvik (Os)</stop>
    <stop arrival="10:56" departure="10:56">Grøvle (Os)</stop>
    <stop arrival="10:56" departure="10:56">Ytre Hovland</stop>
    <stop arrival="10:57" departure="10:57">Hagavik (Hovland - Os)</stop>
    <stop arrival="10:57" departure="10:57">Hagevik 2</stop>
    <stop arrival="10:58" departure="10:58">Hagevik 1</stop>
    <stop arrival="10:58" departure="10:58">Irgenskryss</stop>
    <stop arrival="10:59" departure="10:59">Ådnadalen</stop>
    <stop arrival="11:00" departure="11:00">Vaksinen</stop>
    <stop arrival="11:01" departure="11:01">Ulvensletta</stop>
    <stop arrival="11:02" departure="11:02">Os Vidaregåande skule</stop>
    <stop arrival="11:03" departure="11:03">Kolskogen</stop>
    <stop arrival="11:04" departure="11:04">Tøsdalskiftet</stop>
    <stop arrival="11:05" departure="11:05">Flåten Senter</stop>
    <stop arrival="11:06" departure="11:06">Flåten (Os)</stop>
    <stop arrival="11:07" departure="11:07">Kuven</stop>
    <stop arrival="11:08" departure="11:08">Fjellheim</stop>
    <stop arrival="11:09">Os - Osøyro</stop>
  </route>
  <route no="620" destination="Os - Osøyro" url="http://www.web2051.no/bin/tp/zuginfo.exe/on/454107/157146/705972/201618/1/" trafficDays="kjører Ma - Fr, ikke 13., 17., 24. Mai">
    <stop departure="10:30" routeNo="620">Bergen Busstasjon</stop>
    <stop arrival="10:33" departure="10:33">Danmarksplass</stop>
    <stop arrival="10:34" departure="10:34">Solheimsgaten</stop>
    <stop arrival="10:35" departure="10:35">Reperbanen</stop>
    <stop arrival="10:37" departure="10:37">Fjøsangerveien/ Minde Allè</stop>
    <stop arrival="10:38" departure="10:38">Minde</stop>
    <stop arrival="10:39" departure="10:39">Elvebakken</stop>
    <stop arrival="10:39" departure="10:39">Storetveit</stop>
    <stop arrival="10:39" departure="10:39">Fantoft</stop>
    <stop arrival="10:40" departure="10:40">Nydalen</stop>
    <stop arrival="10:41" departure="10:41">Paradis</stop>
    <stop arrival="10:42" departure="10:42">Tveiteråsskiftet</stop>
    <stop arrival="10:43" departure="10:43">Hopsbro</stop>
    <stop arrival="10:45" departure="10:45">Hopstangen</stop>
    <stop arrival="10:46" departure="10:46">Nesttun terminal</stop>
    <stop arrival="10:46" departure="10:46">Nesttun</stop>
    <stop arrival="10:47" departure="10:47">Skjoldskiftet</stop>
    <stop arrival="10:48" departure="10:48">Elvenes vegkryss</stop>
    <stop arrival="10:48" departure="10:48">Bjørkåsen</stop>
    <stop arrival="10:49" departure="10:49">Lilletvedt</stop>
    <stop arrival="10:50" departure="10:50">Kirkebirkeland</stop>
    <stop arrival="10:51" departure="10:51">Valle (Fana)</stop>
    <stop arrival="10:52" departure="10:52">Hatlestad terr.</stop>
    <stop arrival="10:54" departure="10:54">Øvre Hatlestad</stop>
    <stop arrival="10:56" departure="10:56">Sandven</stop>
    <stop arrival="10:57" departure="10:57">Nedre Sandven</stop>
    <stop arrival="10:58" departure="10:58">Kaland skole (Fana)</stop>
    <stop arrival="10:59" departure="10:59">Kaland (Fana)</stop>
    <stop arrival="11:00" departure="11:00">Austevoll (Fana)</stop>
    <stop arrival="11:01" departure="11:01">Kalandseid</stop>
    <stop arrival="11:01" departure="11:01">Fløysand</stop>
    <stop arrival="11:02" departure="11:02">Bahus</stop>
    <stop arrival="11:03" departure="11:03">Røykenes (Os)</stop>
    <stop arrival="11:04" departure="11:04">Tømmernes</stop>
    <stop arrival="11:05" departure="11:05">Gåssandskiftet</stop>
    <stop arrival="11:05" departure="11:05">Søfteland</stop>
    <stop arrival="11:06" departure="11:06">Søfteland skule</stop>
    <stop arrival="11:07" departure="11:07">Storestraumen</stop>
    <stop arrival="11:09" departure="11:09">Hetleflåttre</stop>
    <stop arrival="11:10" departure="11:10">Hetleflåten</stop>
    <stop arrival="11:11" departure="11:11">Ulvenskiftet</stop>
    <stop arrival="11:11" departure="11:11">Tøsdalskiftet</stop>
    <stop arrival="11:12" departure="11:12">Flåten Senter</stop>
    <stop arrival="11:13" departure="11:13">Flåten (Os)</stop>
    <stop arrival="11:14" departure="11:14">Kuven</stop>
    <stop arrival="11:15" departure="11:15">Fjellheim</stop>
    <stop arrival="11:16">Os - Osøyro</stop>
  </route>
  <route no="620" destination="Bergen Busstasjon" url="http://www.web2051.no/bin/tp/zuginfo.exe/on/827370/281489/456002/47789/1/" trafficDays="kjører Sø, også 1., 13., 17., 24. Mai">
    <stop departure="11:15" routeNo="620">Os - Osøyro</stop>
    <stop arrival="11:16" departure="11:16">Fjellheim</stop>
    <stop arrival="11:17" departure="11:17">Kuven</stop>
    <stop arrival="11:18" departure="11:18">Flåten (Os)</stop>
    <stop arrival="11:19" departure="11:19">Flåten Senter</stop>
    <stop arrival="11:20" departure="11:20">Tøsdalskiftet</stop>
    <stop arrival="11:20" departure="11:20">Ulvenskiftet</stop>
    <stop arrival="11:21" departure="11:21">Hetleflåten</stop>
    <stop arrival="11:22" departure="11:22">Helleflåttre</stop>
    <stop arrival="11:24" departure="11:24">Storestraumen</stop>
    <stop arrival="11:25" departure="11:25">Søfteland skule</stop>
    <stop arrival="11:26" departure="11:26">Søfteland</stop>
    <stop arrival="11:26" departure="11:26">Gåssandskiftet</stop>
    <stop arrival="11:27" departure="11:27">Tømmernes</stop>
    <stop arrival="11:28" departure="11:28">Røykenes (Os)</stop>
    <stop arrival="11:29" departure="11:29">Bahus</stop>
    <stop arrival="11:30" departure="11:30">Fløysand</stop>
    <stop arrival="11:30" departure="11:30">Kalandseid</stop>
    <stop arrival="11:31" departure="11:31">Austevoll (Fana)</stop>
    <stop arrival="11:32" departure="11:32">Kaland (Fana)</stop>
    <stop arrival="11:33" departure="11:33">Smådalen (Kaland i Fana)</stop>
    <stop arrival="11:33" departure="11:33">Kaland skole (Fana)</stop>
    <stop arrival="11:35" departure="11:35">Nedre Sandven</stop>
    <stop arrival="11:35" departure="11:35">Sandven</stop>
    <stop arrival="11:36" departure="11:36">Øvre Hatlestad</stop>
    <stop arrival="11:37" departure="11:37">Hatlestadlia</stop>
    <stop arrival="11:38" departure="11:38">Hatlestad terr.</stop>
    <stop arrival="11:39" departure="11:39">Valle (Fana)</stop>
    <stop arrival="11:40" departure="11:40">Kirkebirkeland</stop>
    <stop arrival="11:41" departure="11:41">Lilletvedt</stop>
    <stop arrival="11:42" departure="11:42">Bjørkåsen</stop>
    <stop arrival="11:43" departure="11:43">Elvenes vegkryss</stop>
    <stop arrival="11:44" departure="11:44">Skjoldskiftet</stop>
    <stop arrival="11:44" departure="11:44">Nesttun</stop>
    <stop arrival="11:45" departure="11:45">Nesttun terminal</stop>
    <stop arrival="11:47" departure="11:47">Hopsbro</stop>
    <stop arrival="11:49" departure="11:49">Tveiteråsskiftet</stop>
    <stop arrival="11:50" departure="11:50">Paradis</stop>
    <stop arrival="11:52" departure="11:52">Nydalen</stop>
    <stop arrival="11:54" departure="11:54">Fantoft</stop>
    <stop arrival="11:55" departure="11:55">Storetveit</stop>
    <stop arrival="11:55" departure="11:55">Elvebakken</stop>
    <stop arrival="11:56" departure="11:56">Minde</stop>
    <stop arrival="11:59" departure="11:59">Mindemyren</stop>
    <stop arrival="12:00" departure="12:00">Postterminalen</stop>
    <stop arrival="12:00" departure="12:00">Kanalveien v/LBK</stop>
    <stop arrival="12:02" departure="12:02">Danmarksplass v/Forum kino</stop>
    <stop arrival="12:07" departure="12:07">Bergen Busstasjon</stop>
    <stop arrival="12:10" departure="12:10">Christies gate (Festplassen)</stop>
    <stop arrival="12:15">Bergen Busstasjon</stop>
  </route>
  <route no="620" destination="Bergen Busstasjon" url="http://www.web2051.no/bin/tp/zuginfo.exe/on/936369/317848/864876/120317/1/" trafficDays="kjører Lø, ikke 1. Mai">
    <stop departure="11:15" routeNo="620">Os - Osøyro</stop>
    <stop arrival="11:16" departure="11:16">Fjellheim</stop>
    <stop arrival="11:17" departure="11:17">Kuven</stop>
    <stop arrival="11:18" departure="11:18">Flåten (Os)</stop>
    <stop arrival="11:19" departure="11:19">Flåten Senter</stop>
    <stop arrival="11:20" departure="11:20">Tøsdalskiftet</stop>
    <stop arrival="11:20" departure="11:20">Ulvenskiftet</stop>
    <stop arrival="11:21" departure="11:21">Hetleflåten</stop>
    <stop arrival="11:22" departure="11:22">Helleflåttre</stop>
    <stop arrival="11:24" departure="11:24">Storestraumen</stop>
    <stop arrival="11:25" departure="11:25">Søfteland skule</stop>
    <stop arrival="11:26" departure="11:26">Søfteland</stop>
    <stop arrival="11:26" departure="11:26">Gåssandskiftet</stop>
    <stop arrival="11:27" departure="11:27">Tømmernes</stop>
    <stop arrival="11:28" departure="11:28">Røykenes (Os)</stop>
    <stop arrival="11:29" departure="11:29">Bahus</stop>
    <stop arrival="11:30" departure="11:30">Fløysand</stop>
    <stop arrival="11:30" departure="11:30">Kalandseid</stop>
    <stop arrival="11:31" departure="11:31">Austevoll (Fana)</stop>
    <stop arrival="11:32" departure="11:32">Kaland (Fana)</stop>
    <stop arrival="11:33" departure="11:33">Smådalen (Kaland i Fana)</stop>
    <stop arrival="11:33" departure="11:33">Kaland skole (Fana)</stop>
    <stop arrival="11:35" departure="11:35">Nedre Sandven</stop>
    <stop arrival="11:35" departure="11:35">Sandven</stop>
    <stop arrival="11:36" departure="11:36">Øvre Hatlestad</stop>
    <stop arrival="11:37" departure="11:37">Hatlestadlia</stop>
    <stop arrival="11:38" departure="11:38">Hatlestad terr.</stop>
    <stop arrival="11:39" departure="11:39">Valle (Fana)</stop>
    <stop arrival="11:40" departure="11:40">Kirkebirkeland</stop>
    <stop arrival="11:41" departure="11:41">Lilletvedt</stop>
    <stop arrival="11:42" departure="11:42">Bjørkåsen</stop>
    <stop arrival="11:43" departure="11:43">Elvenes vegkryss</stop>
    <stop arrival="11:44" departure="11:44">Skjoldskiftet</stop>
    <stop arrival="11:44" departure="11:44">Nesttun</stop>
    <stop arrival="11:45" departure="11:45">Nesttun terminal</stop>
    <stop arrival="11:47" departure="11:47">Hopsbro</stop>
    <stop arrival="11:49" departure="11:49">Tveiteråsskiftet</stop>
    <stop arrival="11:50" departure="11:50">Paradis</stop>
    <stop arrival="11:52" departure="11:52">Nydalen</stop>
    <stop arrival="11:54" departure="11:54">Fantoft</stop>
    <stop arrival="11:55" departure="11:55">Storetveit</stop>
    <stop arrival="11:55" departure="11:55">Elvebakken</stop>
    <stop arrival="11:56" departure="11:56">Minde</stop>
    <stop arrival="12:00" departure="12:00">Mindemyren</stop>
    <stop arrival="12:01" departure="12:01">Postterminalen</stop>
    <stop arrival="12:01" departure="12:01">Kanalveien v/LBK</stop>
    <stop arrival="12:03" departure="12:03">Danmarksplass v/Forum kino</stop>
    <stop arrival="12:08" departure="12:08">Bergen Busstasjon</stop>
    <stop arrival="12:11" departure="12:11">Christies gate (Festplassen)</stop>
    <stop arrival="12:16">Bergen Busstasjon</stop>
  </route>
  <route no="620" destination="Bergen Busstasjon" url="http://www.web2051.no/bin/tp/zuginfo.exe/on/86748/34694/621092/281636/1/" trafficDays="kjører Ma - Fr, ikke 13., 17., 24. Mai">
    <stop departure="11:15" routeNo="620">Os - Osøyro</stop>
    <stop arrival="11:16" departure="11:16">Fjellheim</stop>
    <stop arrival="11:17" departure="11:17">Kuven</stop>
    <stop arrival="11:18" departure="11:18">Flåten (Os)</stop>
    <stop arrival="11:19" departure="11:19">Flåten Senter</stop>
    <stop arrival="11:20" departure="11:20">Tøsdalskiftet</stop>
    <stop arrival="11:20" departure="11:20">Ulvenskiftet</stop>
    <stop arrival="11:21" departure="11:21">Hetleflåten</stop>
    <stop arrival="11:22" departure="11:22">Helleflåttre</stop>
    <stop arrival="11:24" departure="11:24">Storestraumen</stop>
    <stop arrival="11:25" departure="11:25">Søfteland skule</stop>
    <stop arrival="11:26" departure="11:26">Søfteland</stop>
    <stop arrival="11:26" departure="11:26">Gåssandskiftet</stop>
    <stop arrival="11:27" departure="11:27">Tømmernes</stop>
    <stop arrival="11:28" departure="11:28">Røykenes (Os)</stop>
    <stop arrival="11:29" departure="11:29">Bahus</stop>
    <stop arrival="11:30" departure="11:30">Fløysand</stop>
    <stop arrival="11:30" departure="11:30">Kalandseid</stop>
    <stop arrival="11:31" departure="11:31">Austevoll (Fana)</stop>
    <stop arrival="11:32" departure="11:32">Kaland (Fana)</stop>
    <stop arrival="11:33" departure="11:33">Smådalen (Kaland i Fana)</stop>
    <stop arrival="11:33" departure="11:33">Kaland skole (Fana)</stop>
    <stop arrival="11:35" departure="11:35">Nedre Sandven</stop>
    <stop arrival="11:35" departure="11:35">Sandven</stop>
    <stop arrival="11:36" departure="11:36">Øvre Hatlestad</stop>
    <stop arrival="11:37" departure="11:37">Hatlestadlia</stop>
    <stop arrival="11:38" departure="11:38">Hatlestad terr.</stop>
    <stop arrival="11:39" departure="11:39">Valle (Fana)</stop>
    <stop arrival="11:40" departure="11:40">Kirkebirkeland</stop>
    <stop arrival="11:41" departure="11:41">Lilletvedt</stop>
    <stop arrival="11:42" departure="11:42">Bjørkåsen</stop>
    <stop arrival="11:43" departure="11:43">Elvenes vegkryss</stop>
    <stop arrival="11:44" departure="11:44">Skjoldskiftet</stop>
    <stop arrival="11:44" departure="11:44">Nesttun</stop>
    <stop arrival="11:45" departure="11:45">Nesttun terminal</stop>
    <stop arrival="11:47" departure="11:47">Hopsbro</stop>
    <stop arrival="11:49" departure="11:49">Tveiteråsskiftet</stop>
    <stop arrival="11:50" departure="11:50">Paradis</stop>
    <stop arrival="11:52" departure="11:52">Nydalen</stop>
    <stop arrival="11:54" departure="11:54">Fantoft</stop>
    <stop arrival="11:55" departure="11:55">Storetveit</stop>
    <stop arrival="11:55" departure="11:55">Elvebakken</stop>
    <stop arrival="11:56" departure="11:56">Minde</stop>
    <stop arrival="11:59" departure="11:59">Mindemyren</stop>
    <stop arrival="12:00" departure="12:00">Postterminalen</stop>
    <stop arrival="12:01" departure="12:01">Kanalveien v/LBK</stop>
    <stop arrival="12:03" departure="12:03">Danmarksplass v/Forum kino</stop>
    <stop arrival="12:08" departure="12:08">Bergen Busstasjon</stop>
    <stop arrival="12:10" departure="12:10">Christies gate (Festplassen)</stop>
    <stop arrival="12:15">Bergen Busstasjon</stop>
  </route>
  <route no="612" destination="Os - Osøyro" url="http://www.web2051.no/bin/tp/zuginfo.exe/on/216123/77710/828878/342398/1/" trafficDays="kjører Ma - Fr, ikke 13., 17., 24. Mai">
    <stop departure="11:20" routeNo="612">Os - Osøyro</stop>
    <stop arrival="11:21" departure="11:21">Fjellheim</stop>
    <stop arrival="11:22" departure="11:22">Kuven</stop>
    <stop arrival="11:23" departure="11:23">Flåten (Os)</stop>
    <stop arrival="11:24" departure="11:24">Flåten Senter</stop>
    <stop arrival="11:25" departure="11:25">Tøsdalskiftet</stop>
    <stop arrival="11:27" departure="11:27">Os Vidaregåande skule</stop>
    <stop arrival="11:28" departure="11:28">Ulvensletta</stop>
    <stop arrival="11:29" departure="11:29">Vaksinen</stop>
    <stop arrival="11:30" departure="11:30">Ådnadalen</stop>
    <stop arrival="11:31" departure="11:31">Irgenskryss</stop>
    <stop arrival="11:31" departure="11:31">Hagevik 1</stop>
    <stop arrival="11:32" departure="11:32">Hagevik 2</stop>
    <stop arrival="11:32" departure="11:32">Hagavik (Hovland - Os)</stop>
    <stop arrival="11:32" departure="11:32">Hagavik (Hovland - Os)</stop>
    <stop arrival="11:33" departure="11:33">Hagevik 2</stop>
    <stop arrival="11:33" departure="11:33">Hagevik 1</stop>
    <stop arrival="11:34" departure="11:34">Irgenskryss</stop>
    <stop arrival="11:35" departure="11:35">Nore Neset skule</stop>
    <stop arrival="11:36" departure="11:36">Skeie (Os)</stop>
    <stop arrival="11:37" departure="11:37">Grindevoll snuplass</stop>
    <stop arrival="11:38" departure="11:38">Grindevoll</stop>
    <stop arrival="11:38" departure="11:38">Thuen</stop>
    <stop arrival="11:41" departure="11:41">Thuen Bedehuset</stop>
    <stop arrival="11:44" departure="11:44">Mobergslien</stop>
    <stop arrival="11:45" departure="11:45">Moberg</stop>
    <stop arrival="11:46" departure="11:46">Mobergsbakken</stop>
    <stop arrival="11:47" departure="11:47">Os kai</stop>
    <stop arrival="11:47">Os - Osøyro</stop>
  </route>
  <route no="620" destination="Os - Osøyro" url="http://www.web2051.no/bin/tp/zuginfo.exe/on/877119/298154/777290/96272/1/" trafficDays="kjører Ma - Fr, ikke 13., 17., 24. Mai">
    <stop departure="10:50" routeNo="620">Bergen Busstasjon</stop>
    <stop arrival="10:53" departure="10:53">Danmarksplass</stop>
    <stop arrival="10:54" departure="10:54">Solheimsgaten</stop>
    <stop arrival="10:55" departure="10:55">Reperbanen</stop>
    <stop arrival="10:57" departure="10:57">Fjøsangerveien/ Minde Allè</stop>
    <stop arrival="10:58" departure="10:58">Minde</stop>
    <stop arrival="10:59" departure="10:59">Elvebakken</stop>
    <stop arrival="10:59" departure="10:59">Storetveit</stop>
    <stop arrival="10:59" departure="10:59">Fantoft</stop>
    <stop arrival="11:00" departure="11:00">Nydalen</stop>
    <stop arrival="11:01" departure="11:01">Paradis</stop>
    <stop arrival="11:02" departure="11:02">Tveiteråsskiftet</stop>
    <stop arrival="11:03" departure="11:03">Hopsbro</stop>
    <stop arrival="11:05" departure="11:05">Hopstangen</stop>
    <stop arrival="11:06" departure="11:06">Nesttun terminal</stop>
    <stop arrival="11:06" departure="11:06">Nesttun</stop>
    <stop arrival="11:07" departure="11:07">Skjoldskiftet</stop>
    <stop arrival="11:08" departure="11:08">Elvenes vegkryss</stop>
    <stop arrival="11:08" departure="11:08">Bjørkåsen</stop>
    <stop arrival="11:09" departure="11:09">Lilletvedt</stop>
    <stop arrival="11:10" departure="11:10">Kirkebirkeland</stop>
    <stop arrival="11:11" departure="11:11">Valle (Fana)</stop>
    <stop arrival="11:12" departure="11:12">Hatlestad terr.</stop>
    <stop arrival="11:14" departure="11:14">Øvre Hatlestad</stop>
    <stop arrival="11:16" departure="11:16">Sandven</stop>
    <stop arrival="11:17" departure="11:17">Nedre Sandven</stop>
    <stop arrival="11:18" departure="11:18">Kaland skole (Fana)</stop>
    <stop arrival="11:19" departure="11:19">Kaland (Fana)</stop>
    <stop arrival="11:20" departure="11:20">Austevoll (Fana)</stop>
    <stop arrival="11:21" departure="11:21">Kalandseid</stop>
    <stop arrival="11:21" departure="11:21">Fløysand</stop>
    <stop arrival="11:22" departure="11:22">Bahus</stop>
    <stop arrival="11:23" departure="11:23">Røykenes (Os)</stop>
    <stop arrival="11:24" departure="11:24">Tømmernes</stop>
    <stop arrival="11:25" departure="11:25">Gåssandskiftet</stop>
    <stop arrival="11:25" departure="11:25">Søfteland</stop>
    <stop arrival="11:26" departure="11:26">Søfteland skule</stop>
    <stop arrival="11:27" departure="11:27">Storestraumen</stop>
    <stop arrival="11:29" departure="11:29">Hetleflåttre</stop>
    <stop arrival="11:30" departure="11:30">Hetleflåten</stop>
    <stop arrival="11:31" departure="11:31">Ulvenskiftet</stop>
    <stop arrival="11:31" departure="11:31">Tøsdalskiftet</stop>
    <stop arrival="11:32" departure="11:32">Flåten Senter</stop>
    <stop arrival="11:33" departure="11:33">Flåten (Os)</stop>
    <stop arrival="11:34" departure="11:34">Kuven</stop>
    <stop arrival="11:35" departure="11:35">Fjellheim</stop>
    <stop arrival="11:36">Os - Osøyro</stop>
  </route>
  <route no="620" destination="Bergen Busstasjon" url="http://www.web2051.no/bin/tp/zuginfo.exe/on/146850/54728/656290/279202/1/" trafficDays="kjører Ma - Fr, ikke 13., 17., 24. Mai">
    <stop departure="11:35" routeNo="620">Os - Osøyro</stop>
    <stop arrival="11:36" departure="11:36">Fjellheim</stop>
    <stop arrival="11:37" departure="11:37">Kuven</stop>
    <stop arrival="11:38" departure="11:38">Flåten (Os)</stop>
    <stop arrival="11:39" departure="11:39">Flåten Senter</stop>
    <stop arrival="11:40" departure="11:40">Tøsdalskiftet</stop>
    <stop arrival="11:40" departure="11:40">Ulvenskiftet</stop>
    <stop arrival="11:41" departure="11:41">Hetleflåten</stop>
    <stop arrival="11:42" departure="11:42">Helleflåttre</stop>
    <stop arrival="11:44" departure="11:44">Storestraumen</stop>
    <stop arrival="11:45" departure="11:45">Søfteland skule</stop>
    <stop arrival="11:46" departure="11:46">Søfteland</stop>
    <stop arrival="11:46" departure="11:46">Gåssandskiftet</stop>
    <stop arrival="11:47" departure="11:47">Tømmernes</stop>
    <stop arrival="11:48" departure="11:48">Røykenes (Os)</stop>
    <stop arrival="11:49" departure="11:49">Bahus</stop>
    <stop arrival="11:50" departure="11:50">Fløysand</stop>
    <stop arrival="11:50" departure="11:50">Kalandseid</stop>
    <stop arrival="11:51" departure="11:51">Austevoll (Fana)</stop>
    <stop arrival="11:52" departure="11:52">Kaland (Fana)</stop>
    <stop arrival="11:53" departure="11:53">Smådalen (Kaland i Fana)</stop>
    <stop arrival="11:53" departure="11:53">Kaland skole (Fana)</stop>
    <stop arrival="11:55" departure="11:55">Nedre Sandven</stop>
    <stop arrival="11:55" departure="11:55">Sandven</stop>
    <stop arrival="11:56" departure="11:56">Øvre Hatlestad</stop>
    <stop arrival="11:57" departure="11:57">Hatlestadlia</stop>
    <stop arrival="11:58" departure="11:58">Hatlestad terr.</stop>
    <stop arrival="11:59" departure="11:59">Valle (Fana)</stop>
    <stop arrival="12:00" departure="12:00">Kirkebirkeland</stop>
    <stop arrival="12:01" departure="12:01">Lilletvedt</stop>
    <stop arrival="12:02" departure="12:02">Bjørkåsen</stop>
    <stop arrival="12:03" departure="12:03">Elvenes vegkryss</stop>
    <stop arrival="12:04" departure="12:04">Skjoldskiftet</stop>
    <stop arrival="12:04" departure="12:04">Nesttun</stop>
    <stop arrival="12:05" departure="12:05">Nesttun terminal</stop>
    <stop arrival="12:07" departure="12:07">Hopsbro</stop>
    <stop arrival="12:09" departure="12:09">Tveiteråsskiftet</stop>
    <stop arrival="12:10" departure="12:10">Paradis</stop>
    <stop arrival="12:12" departure="12:12">Nydalen</stop>
    <stop arrival="12:14" departure="12:14">Fantoft</stop>
    <stop arrival="12:15" departure="12:15">Storetveit</stop>
    <stop arrival="12:15" departure="12:15">Elvebakken</stop>
    <stop arrival="12:16" departure="12:16">Minde</stop>
    <stop arrival="12:19" departure="12:19">Mindemyren</stop>
    <stop arrival="12:20" departure="12:20">Postterminalen</stop>
    <stop arrival="12:21" departure="12:21">Kanalveien v/LBK</stop>
    <stop arrival="12:23" departure="12:23">Danmarksplass v/Forum kino</stop>
    <stop arrival="12:28" departure="12:28">Bergen Busstasjon</stop>
    <stop arrival="12:30" departure="12:30">Christies gate (Festplassen)</stop>
    <stop arrival="12:35">Bergen Busstasjon</stop>
  </route>
  <route no="620" destination="Os - Osøyro" url="http://www.web2051.no/bin/tp/zuginfo.exe/on/952311/323163/80256/277309/1/" trafficDays="kjører Lø, ikke 1. Mai">
    <stop departure="10:45" routeNo="620">Olav Kyrres gate</stop>
    <stop arrival="10:50" departure="10:50">Bergen Busstasjon</stop>
    <stop arrival="10:54" departure="10:54">Danmarksplass</stop>
    <stop arrival="10:55" departure="10:55">Solheimsgaten</stop>
    <stop arrival="10:56" departure="10:56">Reperbanen</stop>
    <stop arrival="10:58" departure="10:58">Fjøsangerveien/ Minde Allè</stop>
    <stop arrival="10:59" departure="10:59">Minde</stop>
    <stop arrival="11:00" departure="11:00">Elvebakken</stop>
    <stop arrival="11:00" departure="11:00">Storetveit</stop>
    <stop arrival="11:00" departure="11:00">Fantoft</stop>
    <stop arrival="11:01" departure="11:01">Nydalen</stop>
    <stop arrival="11:02" departure="11:02">Paradis</stop>
    <stop arrival="11:03" departure="11:03">Tveiteråsskiftet</stop>
    <stop arrival="11:04" departure="11:04">Hopsbro</stop>
    <stop arrival="11:06" departure="11:06">Hopstangen</stop>
    <stop arrival="11:07" departure="11:07">Nesttun terminal</stop>
    <stop arrival="11:07" departure="11:07">Nesttun</stop>
    <stop arrival="11:08" departure="11:08">Skjoldskiftet</stop>
    <stop arrival="11:09" departure="11:09">Elvenes vegkryss</stop>
    <stop arrival="11:09" departure="11:09">Bjørkåsen</stop>
    <stop arrival="11:10" departure="11:10">Lilletvedt</stop>
    <stop arrival="11:11" departure="11:11">Kirkebirkeland</stop>
    <stop arrival="11:12" departure="11:12">Valle (Fana)</stop>
    <stop arrival="11:13" departure="11:13">Hatlestad terr.</stop>
    <stop arrival="11:15" departure="11:15">Øvre Hatlestad</stop>
    <stop arrival="11:17" departure="11:17">Sandven</stop>
    <stop arrival="11:18" departure="11:18">Nedre Sandven</stop>
    <stop arrival="11:19" departure="11:19">Kaland skole (Fana)</stop>
    <stop arrival="11:20" departure="11:20">Kaland (Fana)</stop>
    <stop arrival="11:21" departure="11:21">Austevoll (Fana)</stop>
    <stop arrival="11:22" departure="11:22">Kalandseid</stop>
    <stop arrival="11:22" departure="11:22">Fløysand</stop>
    <stop arrival="11:23" departure="11:23">Bahus</stop>
    <stop arrival="11:24" departure="11:24">Røykenes (Os)</stop>
    <stop arrival="11:25" departure="11:25">Tømmernes</stop>
    <stop arrival="11:26" departure="11:26">Gåssandskiftet</stop>
    <stop arrival="11:26" departure="11:26">Søfteland</stop>
    <stop arrival="11:27" departure="11:27">Søfteland skule</stop>
    <stop arrival="11:28" departure="11:28">Storestraumen</stop>
    <stop arrival="11:30" departure="11:30">Hetleflåttre</stop>
    <stop arrival="11:31" departure="11:31">Hetleflåten</stop>
    <stop arrival="11:32" departure="11:32">Ulvenskiftet</stop>
    <stop arrival="11:32" departure="11:32">Tøsdalskiftet</stop>
    <stop arrival="11:33" departure="11:33">Flåten Senter</stop>
    <stop arrival="11:34" departure="11:34">Flåten (Os)</stop>
    <stop arrival="11:35" departure="11:35">Kuven</stop>
    <stop arrival="11:36" departure="11:36">Fjellheim</stop>
    <stop arrival="11:37">Os - Osøyro</stop>
  </route>
  <route no="567" destination="Os - Osøyro" url="http://www.web2051.no/bin/tp/zuginfo.exe/on/769983/262259/542438/14559/1/" trafficDays="kjører Ma - Fr, ikke 13., 17., 24. Mai">
    <stop departure="11:20" routeNo="567">Lysekloster skule</stop>
    <stop arrival="11:20" departure="11:20">Søvik (Os)</stop>
    <stop arrival="11:20" departure="11:20">Søvik (Os)</stop>
    <stop arrival="11:21" departure="11:21">Søvik (Os)</stop>
    <stop arrival="11:21" departure="11:21">Buena</stop>
    <stop arrival="11:22" departure="11:22">Smeabakken</stop>
    <stop arrival="11:23" departure="11:23">Lysekloster gård</stop>
    <stop arrival="11:23" departure="11:23">Lysekloster ruiner</stop>
    <stop arrival="11:24" departure="11:24">Langedalen</stop>
    <stop arrival="11:25" departure="11:25">Åsen (Os)</stop>
    <stop arrival="11:26" departure="11:26">Åsen (Os)</stop>
    <stop arrival="11:27" departure="11:27">Åsen vegkryss (Os)</stop>
    <stop arrival="11:29" departure="11:29">Ulven leir</stop>
    <stop arrival="11:32" departure="11:32">Os Vidaregåande skule</stop>
    <stop arrival="11:34" departure="11:34">Kolskogen</stop>
    <stop arrival="11:35" departure="11:35">Tøsdalskiftet</stop>
    <stop arrival="11:36" departure="11:36">Flåten Senter</stop>
    <stop arrival="11:37" departure="11:37">Flåten (Os)</stop>
    <stop arrival="11:38" departure="11:38">Kuven</stop>
    <stop arrival="11:39" departure="11:39">Fjellheim</stop>
    <stop arrival="11:40">Os - Osøyro</stop>
  </route>
  <route no="620" destination="Os - Osøyro" url="http://www.web2051.no/bin/tp/zuginfo.exe/on/913725/310273/335742/136704/1/" trafficDays="kjører Sø, også 1., 13., 17., 24. Mai">
    <stop departure="10:45" routeNo="620">Olav Kyrres gate</stop>
    <stop arrival="10:50" departure="10:50">Bergen Busstasjon</stop>
    <stop arrival="10:54" departure="10:54">Danmarksplass</stop>
    <stop arrival="10:55" departure="10:55">Solheimsgaten</stop>
    <stop arrival="10:56" departure="10:56">Reperbanen</stop>
    <stop arrival="10:58" departure="10:58">Fjøsangerveien/ Minde Allè</stop>
    <stop arrival="10:59" departure="10:59">Minde</stop>
    <stop arrival="11:00" departure="11:00">Elvebakken</stop>
    <stop arrival="11:00" departure="11:00">Storetveit</stop>
    <stop arrival="11:00" departure="11:00">Fantoft</stop>
    <stop arrival="11:01" departure="11:01">Nydalen</stop>
    <stop arrival="11:02" departure="11:02">Paradis</stop>
    <stop arrival="11:03" departure="11:03">Tveiteråsskiftet</stop>
    <stop arrival="11:04" departure="11:04">Hopsbro</stop>
    <stop arrival="11:06" departure="11:06">Hopstangen</stop>
    <stop arrival="11:07" departure="11:07">Nesttun terminal</stop>
    <stop arrival="11:08" departure="11:08">Nesttun</stop>
    <stop arrival="11:08" departure="11:08">Skjoldskiftet</stop>
    <stop arrival="11:09" departure="11:09">Elvenes vegkryss</stop>
    <stop arrival="11:10" departure="11:10">Bjørkåsen</stop>
    <stop arrival="11:11" departure="11:11">Lilletvedt</stop>
    <stop arrival="11:13" departure="11:13">Kirkebirkeland</stop>
    <stop arrival="11:14" departure="11:14">Valle (Fana)</stop>
    <stop arrival="11:15" departure="11:15">Hatlestad terr.</stop>
    <stop arrival="11:17" departure="11:17">Øvre Hatlestad</stop>
    <stop arrival="11:19" departure="11:19">Sandven</stop>
    <stop arrival="11:20" departure="11:20">Nedre Sandven</stop>
    <stop arrival="11:21" departure="11:21">Kaland skole (Fana)</stop>
    <stop arrival="11:23" departure="11:23">Kaland (Fana)</stop>
    <stop arrival="11:24" departure="11:24">Austevoll (Fana)</stop>
    <stop arrival="11:25" departure="11:25">Kalandseid</stop>
    <stop arrival="11:25" departure="11:25">Fløysand</stop>
    <stop arrival="11:26" departure="11:26">Bahus</stop>
    <stop arrival="11:27" departure="11:27">Røykenes (Os)</stop>
    <stop arrival="11:28" departure="11:28">Tømmernes</stop>
    <stop arrival="11:29" departure="11:29">Gåssandskiftet</stop>
    <stop arrival="11:29" departure="11:29">Søfteland</stop>
    <stop arrival="11:30" departure="11:30">Søfteland skule</stop>
    <stop arrival="11:31" departure="11:31">Storestraumen</stop>
    <stop arrival="11:33" departure="11:33">Hetleflåttre</stop>
    <stop arrival="11:34" departure="11:34">Hetleflåten</stop>
    <stop arrival="11:35" departure="11:35">Ulvenskiftet</stop>
    <stop arrival="11:35" departure="11:35">Tøsdalskiftet</stop>
    <stop arrival="11:36" departure="11:36">Flåten Senter</stop>
    <stop arrival="11:37" departure="11:37">Flåten (Os)</stop>
    <stop arrival="11:38" departure="11:38">Kuven</stop>
    <stop arrival="11:39" departure="11:39">Fjellheim</stop>
    <stop arrival="11:40">Os - Osøyro</stop>
  </route>
  <route no="620" destination="Bergen Busstasjon" url="http://www.web2051.no/bin/tp/zuginfo.exe/on/765699/260958/318600/95936/1/" trafficDays="kjører Lø, ikke 1. Mai">
    <stop departure="11:45" routeNo="620">Os - Osøyro</stop>
    <stop arrival="11:46" departure="11:46">Fjellheim</stop>
    <stop arrival="11:47" departure="11:47">Kuven</stop>
    <stop arrival="11:48" departure="11:48">Flåten (Os)</stop>
    <stop arrival="11:49" departure="11:49">Flåten Senter</stop>
    <stop arrival="11:50" departure="11:50">Tøsdalskiftet</stop>
    <stop arrival="11:50" departure="11:50">Ulvenskiftet</stop>
    <stop arrival="11:51" departure="11:51">Hetleflåten</stop>
    <stop arrival="11:52" departure="11:52">Helleflåttre</stop>
    <stop arrival="11:54" departure="11:54">Storestraumen</stop>
    <stop arrival="11:55" departure="11:55">Søfteland skule</stop>
    <stop arrival="11:56" departure="11:56">Søfteland</stop>
    <stop arrival="11:56" departure="11:56">Gåssandskiftet</stop>
    <stop arrival="11:57" departure="11:57">Tømmernes</stop>
    <stop arrival="11:58" departure="11:58">Røykenes (Os)</stop>
    <stop arrival="11:59" departure="11:59">Bahus</stop>
    <stop arrival="12:00" departure="12:00">Fløysand</stop>
    <stop arrival="12:00" departure="12:00">Kalandseid</stop>
    <stop arrival="12:01" departure="12:01">Austevoll (Fana)</stop>
    <stop arrival="12:02" departure="12:02">Kaland (Fana)</stop>
    <stop arrival="12:03" departure="12:03">Smådalen (Kaland i Fana)</stop>
    <stop arrival="12:03" departure="12:03">Kaland skole (Fana)</stop>
    <stop arrival="12:05" departure="12:05">Nedre Sandven</stop>
    <stop arrival="12:05" departure="12:05">Sandven</stop>
    <stop arrival="12:06" departure="12:06">Øvre Hatlestad</stop>
    <stop arrival="12:07" departure="12:07">Hatlestadlia</stop>
    <stop arrival="12:08" departure="12:08">Hatlestad terr.</stop>
    <stop arrival="12:09" departure="12:09">Valle (Fana)</stop>
    <stop arrival="12:10" departure="12:10">Kirkebirkeland</stop>
    <stop arrival="12:11" departure="12:11">Lilletvedt</stop>
    <stop arrival="12:12" departure="12:12">Bjørkåsen</stop>
    <stop arrival="12:13" departure="12:13">Elvenes vegkryss</stop>
    <stop arrival="12:14" departure="12:14">Skjoldskiftet</stop>
    <stop arrival="12:14" departure="12:14">Nesttun</stop>
    <stop arrival="12:15" departure="12:15">Nesttun terminal</stop>
    <stop arrival="12:17" departure="12:17">Hopsbro</stop>
    <stop arrival="12:19" departure="12:19">Tveiteråsskiftet</stop>
    <stop arrival="12:20" departure="12:20">Paradis</stop>
    <stop arrival="12:22" departure="12:22">Nydalen</stop>
    <stop arrival="12:24" departure="12:24">Fantoft</stop>
    <stop arrival="12:25" departure="12:25">Storetveit</stop>
    <stop arrival="12:25" departure="12:25">Elvebakken</stop>
    <stop arrival="12:26" departure="12:26">Minde</stop>
    <stop arrival="12:30" departure="12:30">Mindemyren</stop>
    <stop arrival="12:31" departure="12:31">Postterminalen</stop>
    <stop arrival="12:31" departure="12:31">Kanalveien v/LBK</stop>
    <stop arrival="12:33" departure="12:33">Danmarksplass v/Forum kino</stop>
    <stop arrival="12:38" departure="12:38">Bergen Busstasjon</stop>
    <stop arrival="12:41" departure="12:41">Christies gate (Festplassen)</stop>
    <stop arrival="12:46">Bergen Busstasjon</stop>
  </route>
  <route no="613" destination="Os - Osøyro" url="http://www.web2051.no/bin/tp/zuginfo.exe/on/439305/152109/147814/72529/1/" trafficDays="kjører Lø, ikke 1. Mai">
    <stop departure="11:31" routeNo="613">Nord Strøno Snuplass</stop>
    <stop arrival="11:31" departure="11:31">Strøno Ungdomshuset</stop>
    <stop arrival="11:32" departure="11:32">Strøno 2</stop>
    <stop arrival="11:33" departure="11:33">Strøno 1</stop>
    <stop arrival="11:34" departure="11:34">Nore Øyane skule</stop>
    <stop arrival="11:34" departure="11:34">Stokkavik 1</stop>
    <stop arrival="11:35" departure="11:35">Strøno vegkryss</stop>
    <stop arrival="11:35" departure="11:35">Hildershavn</stop>
    <stop arrival="11:36" departure="11:36">Askvikskogen</stop>
    <stop arrival="11:37" departure="11:37">Askvik (Os)</stop>
    <stop arrival="11:37" departure="11:37">Grøvle (Os)</stop>
    <stop arrival="11:37" departure="11:37">Ytre Hovland</stop>
    <stop arrival="11:38" departure="11:38">Hagavik (Hovland - Os)</stop>
    <stop arrival="11:38" departure="11:38">Hagevik 2</stop>
    <stop arrival="11:39" departure="11:39">Hagevik 1</stop>
    <stop arrival="11:39" departure="11:39">Irgenskryss</stop>
    <stop arrival="11:40" departure="11:40">Ådnadalen</stop>
    <stop arrival="11:41" departure="11:41">Vaksinen</stop>
    <stop arrival="11:42" departure="11:42">Ulvensletta</stop>
    <stop arrival="11:44" departure="11:44">Os Vidaregåande skule</stop>
    <stop arrival="11:45" departure="11:45">Kolskogen</stop>
    <stop arrival="11:47" departure="11:47">Tøsdalskiftet</stop>
    <stop arrival="11:47" departure="11:47">Ulvenskiftet</stop>
    <stop arrival="11:48" departure="11:48">Tøsdalskiftet</stop>
    <stop arrival="11:49" departure="11:49">Flåten Senter</stop>
    <stop arrival="11:50" departure="11:50">Flåten (Os)</stop>
    <stop arrival="11:50" departure="11:50">Kuven</stop>
    <stop arrival="11:51" departure="11:51">Fjellheim</stop>
    <stop arrival="11:52">Os - Osøyro</stop>
  </route>
  <route no="620" destination="Os - Osøyro" url="http://www.web2051.no/bin/tp/zuginfo.exe/on/305589/107645/36618/83554/1/" trafficDays="kjører Ma - Fr, ikke 13., 17., 24. Mai">
    <stop departure="11:10" routeNo="620">Bergen Busstasjon</stop>
    <stop arrival="11:13" departure="11:13">Danmarksplass</stop>
    <stop arrival="11:14" departure="11:14">Solheimsgaten</stop>
    <stop arrival="11:15" departure="11:15">Reperbanen</stop>
    <stop arrival="11:17" departure="11:17">Fjøsangerveien/ Minde Allè</stop>
    <stop arrival="11:18" departure="11:18">Minde</stop>
    <stop arrival="11:19" departure="11:19">Elvebakken</stop>
    <stop arrival="11:19" departure="11:19">Storetveit</stop>
    <stop arrival="11:19" departure="11:19">Fantoft</stop>
    <stop arrival="11:20" departure="11:20">Nydalen</stop>
    <stop arrival="11:21" departure="11:21">Paradis</stop>
    <stop arrival="11:22" departure="11:22">Tveiteråsskiftet</stop>
    <stop arrival="11:23" departure="11:23">Hopsbro</stop>
    <stop arrival="11:25" departure="11:25">Hopstangen</stop>
    <stop arrival="11:26" departure="11:26">Nesttun terminal</stop>
    <stop arrival="11:26" departure="11:26">Nesttun</stop>
    <stop arrival="11:27" departure="11:27">Skjoldskiftet</stop>
    <stop arrival="11:28" departure="11:28">Elvenes vegkryss</stop>
    <stop arrival="11:28" departure="11:28">Bjørkåsen</stop>
    <stop arrival="11:29" departure="11:29">Lilletvedt</stop>
    <stop arrival="11:30" departure="11:30">Kirkebirkeland</stop>
    <stop arrival="11:31" departure="11:31">Valle (Fana)</stop>
    <stop arrival="11:32" departure="11:32">Hatlestad terr.</stop>
    <stop arrival="11:34" departure="11:34">Øvre Hatlestad</stop>
    <stop arrival="11:36" departure="11:36">Sandven</stop>
    <stop arrival="11:37" departure="11:37">Nedre Sandven</stop>
    <stop arrival="11:38" departure="11:38">Kaland skole (Fana)</stop>
    <stop arrival="11:39" departure="11:39">Kaland (Fana)</stop>
    <stop arrival="11:40" departure="11:40">Austevoll (Fana)</stop>
    <stop arrival="11:41" departure="11:41">Kalandseid</stop>
    <stop arrival="11:41" departure="11:41">Fløysand</stop>
    <stop arrival="11:42" departure="11:42">Bahus</stop>
    <stop arrival="11:43" departure="11:43">Røykenes (Os)</stop>
    <stop arrival="11:44" departure="11:44">Tømmernes</stop>
    <stop arrival="11:45" departure="11:45">Gåssandskiftet</stop>
    <stop arrival="11:45" departure="11:45">Søfteland</stop>
    <stop arrival="11:46" departure="11:46">Søfteland skule</stop>
    <stop arrival="11:47" departure="11:47">Storestraumen</stop>
    <stop arrival="11:49" departure="11:49">Hetleflåttre</stop>
    <stop arrival="11:50" departure="11:50">Hetleflåten</stop>
    <stop arrival="11:51" departure="11:51">Ulvenskiftet</stop>
    <stop arrival="11:51" departure="11:51">Tøsdalskiftet</stop>
    <stop arrival="11:52" departure="11:52">Flåten Senter</stop>
    <stop arrival="11:53" departure="11:53">Flåten (Os)</stop>
    <stop arrival="11:54" departure="11:54">Kuven</stop>
    <stop arrival="11:55" departure="11:55">Fjellheim</stop>
    <stop arrival="11:56">Os - Osøyro</stop>
  </route>
  <route no="567" destination="Eidsvik snuplass" url="http://www.web2051.no/bin/tp/zuginfo.exe/on/125286/47366/164790/40634/1/" trafficDays="kjører Ma - Fr, ikke 13., 17., 24. Mai">
    <stop departure="11:55" routeNo="567">Os - Osøyro</stop>
    <stop arrival="11:56" departure="11:56">Fjellheim</stop>
    <stop arrival="11:57" departure="11:57">Kuven</stop>
    <stop arrival="11:58" departure="11:58">Flåten (Os)</stop>
    <stop arrival="11:59" departure="11:59">Flåten Senter</stop>
    <stop arrival="12:00" departure="12:00">Tøsdalskiftet</stop>
    <stop arrival="12:01" departure="12:01">Ulvenskiftet</stop>
    <stop arrival="12:02" departure="12:02">Vaktdal</stop>
    <stop arrival="12:03" departure="12:03">Os Vidaregåande skule</stop>
    <stop arrival="12:06" departure="12:06">Ulven leir</stop>
    <stop arrival="12:08" departure="12:08">Åsen vegkryss (Os)</stop>
    <stop arrival="12:09" departure="12:09">Åsen (Os)</stop>
    <stop arrival="12:09" departure="12:09">Åsen (Os)</stop>
    <stop arrival="12:09" departure="12:09">Åsen (Os)</stop>
    <stop arrival="12:11" departure="12:11">Langedalen</stop>
    <stop arrival="12:12" departure="12:12">Lysekloster ruiner</stop>
    <stop arrival="12:12" departure="12:12">Lysekloster gård</stop>
    <stop arrival="12:13" departure="12:13">Smeabakken</stop>
    <stop arrival="12:14" departure="12:14">Buena</stop>
    <stop arrival="12:14" departure="12:14">Søvik (Os)</stop>
    <stop arrival="12:14" departure="12:14">Søvik (Os)</stop>
    <stop arrival="12:15" departure="12:15">Søvik (Os)</stop>
    <stop arrival="12:15" departure="12:15">Lysekloster skule</stop>
    <stop arrival="12:17" departure="12:17">Søvik Gamleskulen</stop>
    <stop arrival="12:18" departure="12:18">Salbuvik</stop>
    <stop arrival="12:20" departure="12:20">Bjoarvik</stop>
    <stop arrival="12:20" departure="12:20">Drangshaug</stop>
    <stop arrival="12:21" departure="12:21">Drange (Os)</stop>
    <stop arrival="12:22" departure="12:22">Drange handel</stop>
    <stop arrival="12:23" departure="12:23">Drangevågen</stop>
    <stop arrival="12:24" departure="12:24">Eidsvik</stop>
    <stop arrival="12:25">Eidsvik snuplass</stop>
  </route>
  <route no="620" destination="Bergen Busstasjon" url="http://www.web2051.no/bin/tp/zuginfo.exe/on/849486/288940/143300/211520/1/" trafficDays="kjører Ma - Fr, ikke 13., 17., 24. Mai">
    <stop departure="11:55" routeNo="620">Os - Osøyro</stop>
    <stop arrival="11:56" departure="11:56">Fjellheim</stop>
    <stop arrival="11:57" departure="11:57">Kuven</stop>
    <stop arrival="11:58" departure="11:58">Flåten (Os)</stop>
    <stop arrival="11:59" departure="11:59">Flåten Senter</stop>
    <stop arrival="12:00" departure="12:00">Tøsdalskiftet</stop>
    <stop arrival="12:00" departure="12:00">Ulvenskiftet</stop>
    <stop arrival="12:01" departure="12:01">Hetleflåten</stop>
    <stop arrival="12:02" departure="12:02">Helleflåttre</stop>
    <stop arrival="12:04" departure="12:04">Storestraumen</stop>
    <stop arrival="12:05" departure="12:05">Søfteland skule</stop>
    <stop arrival="12:06" departure="12:06">Søfteland</stop>
    <stop arrival="12:06" departure="12:06">Gåssandskiftet</stop>
    <stop arrival="12:07" departure="12:07">Tømmernes</stop>
    <stop arrival="12:08" departure="12:08">Røykenes (Os)</stop>
    <stop arrival="12:09" departure="12:09">Bahus</stop>
    <stop arrival="12:10" departure="12:10">Fløysand</stop>
    <stop arrival="12:10" departure="12:10">Kalandseid</stop>
    <stop arrival="12:11" departure="12:11">Austevoll (Fana)</stop>
    <stop arrival="12:12" departure="12:12">Kaland (Fana)</stop>
    <stop arrival="12:13" departure="12:13">Smådalen (Kaland i Fana)</stop>
    <stop arrival="12:13" departure="12:13">Kaland skole (Fana)</stop>
    <stop arrival="12:15" departure="12:15">Nedre Sandven</stop>
    <stop arrival="12:15" departure="12:15">Sandven</stop>
    <stop arrival="12:16" departure="12:16">Øvre Hatlestad</stop>
    <stop arrival="12:17" departure="12:17">Hatlestadlia</stop>
    <stop arrival="12:18" departure="12:18">Hatlestad terr.</stop>
    <stop arrival="12:19" departure="12:19">Valle (Fana)</stop>
    <stop arrival="12:20" departure="12:20">Kirkebirkeland</stop>
    <stop arrival="12:21" departure="12:21">Lilletvedt</stop>
    <stop arrival="12:22" departure="12:22">Bjørkåsen</stop>
    <stop arrival="12:23" departure="12:23">Elvenes vegkryss</stop>
    <stop arrival="12:24" departure="12:24">Skjoldskiftet</stop>
    <stop arrival="12:24" departure="12:24">Nesttun</stop>
    <stop arrival="12:25" departure="12:25">Nesttun terminal</stop>
    <stop arrival="12:27" departure="12:27">Hopsbro</stop>
    <stop arrival="12:29" departure="12:29">Tveiteråsskiftet</stop>
    <stop arrival="12:30" departure="12:30">Paradis</stop>
    <stop arrival="12:32" departure="12:32">Nydalen</stop>
    <stop arrival="12:34" departure="12:34">Fantoft</stop>
    <stop arrival="12:35" departure="12:35">Storetveit</stop>
    <stop arrival="12:35" departure="12:35">Elvebakken</stop>
    <stop arrival="12:36" departure="12:36">Minde</stop>
    <stop arrival="12:39" departure="12:39">Mindemyren</stop>
    <stop arrival="12:40" departure="12:40">Postterminalen</stop>
    <stop arrival="12:41" departure="12:41">Kanalveien v/LBK</stop>
    <stop arrival="12:43" departure="12:43">Danmarksplass v/Forum kino</stop>
    <stop arrival="12:48" departure="12:48">Bergen Busstasjon</stop>
    <stop arrival="12:50" departure="12:50">Christies gate (Festplassen)</stop>
    <stop arrival="12:55">Bergen Busstasjon</stop>
  </route>
  <route no="567" destination="Os - Osøyro" url="http://www.web2051.no/bin/tp/zuginfo.exe/on/210309/75698/46968/46620/1/" trafficDays="kjører Lø, ikke 1. Mai">
    <stop departure="11:30" routeNo="567">Eidsvik snuplass</stop>
    <stop arrival="11:31" departure="11:31">Eidsvik</stop>
    <stop arrival="11:32" departure="11:32">Drangevågen</stop>
    <stop arrival="11:33" departure="11:33">Drange handel</stop>
    <stop arrival="11:34" departure="11:34">Drange (Os)</stop>
    <stop arrival="11:35" departure="11:35">Drangshaug</stop>
    <stop arrival="11:35" departure="11:35">Bjoarvik</stop>
    <stop arrival="11:37" departure="11:37">Salbuvik</stop>
    <stop arrival="11:38" departure="11:38">Søvik Gamleskulen</stop>
    <stop arrival="11:40" departure="11:40">Lysekloster skule</stop>
    <stop arrival="11:40" departure="11:40">Søvik (Os)</stop>
    <stop arrival="11:40" departure="11:40">Søvik (Os)</stop>
    <stop arrival="11:41" departure="11:41">Søvik (Os)</stop>
    <stop arrival="11:41" departure="11:41">Buena</stop>
    <stop arrival="11:42" departure="11:42">Smeabakken</stop>
    <stop arrival="11:43" departure="11:43">Lysekloster gård</stop>
    <stop arrival="11:43" departure="11:43">Lysekloster ruiner</stop>
    <stop arrival="11:44" departure="11:44">Langedalen</stop>
    <stop arrival="11:45" departure="11:45">Åsen (Os)</stop>
    <stop arrival="11:46" departure="11:46">Åsen (Os)</stop>
    <stop arrival="11:47" departure="11:47">Åsen vegkryss (Os)</stop>
    <stop arrival="11:49" departure="11:49">Ulven leir</stop>
    <stop arrival="11:52" departure="11:52">Os Vidaregåande skule</stop>
    <stop arrival="11:54" departure="11:54">Kolskogen</stop>
    <stop arrival="11:55" departure="11:55">Tøsdalskiftet</stop>
    <stop arrival="11:56" departure="11:56">Flåten Senter</stop>
    <stop arrival="11:57" departure="11:57">Flåten (Os)</stop>
    <stop arrival="11:58" departure="11:58">Kuven</stop>
    <stop arrival="11:59" departure="11:59">Fjellheim</stop>
    <stop arrival="12:00">Os - Osøyro</stop>
  </route>
</routes>
