<?xml version="1.0" encoding="UTF-8"?>
<routes>
  <route no="560" destination="Krokeide Yrkesskole" url="http://www.web2051.no/bin/tp/zuginfo.exe/on/68142/28254/201814/78193/1/" trafficDays="kjører Ma - Fr, ikke 13., 17., 24. Mai">
    <stop departure="11:02" routeNo="560">Lagunen</stop>
    <stop arrival="11:03" departure="11:03">Rådal</stop>
    <stop arrival="11:04" departure="11:04">Sunea</stop>
    <stop arrival="11:04" departure="11:04">Rådalshaug</stop>
    <stop arrival="11:04" departure="11:04">Steinknuseverket</stop>
    <stop arrival="11:05" departure="11:05">Hordnesskiftet Stend</stop>
    <stop arrival="11:06" departure="11:06">Konowskiftet</stop>
    <stop arrival="11:07" departure="11:07">Krykkjehaugen</stop>
    <stop arrival="11:08" departure="11:08">Fana</stop>
    <stop arrival="11:08" departure="11:08">Gaia Fana</stop>
    <stop arrival="11:09" departure="11:09">Vollaskiftet</stop>
    <stop arrival="11:10" departure="11:10">Fossen</stop>
    <stop arrival="11:10" departure="11:10">Saganeset 1</stop>
    <stop arrival="11:10" departure="11:10">Saganeset 2</stop>
    <stop arrival="11:11" departure="11:11">Salbu</stop>
    <stop arrival="11:12" departure="11:12">Rød, Krokeideveien</stop>
    <stop arrival="11:13" departure="11:13">Rød, Krokeideveien</stop>
    <stop arrival="11:14" departure="11:14">Breivik (Fana)</stop>
    <stop arrival="11:15" departure="11:15">Krokeide skole 1</stop>
    <stop arrival="11:15" departure="11:15">Krokeide skole 2</stop>
    <stop arrival="11:16" departure="11:16">Krokeide</stop>
    <stop arrival="11:17" departure="11:17">Krokeide</stop>
    <stop arrival="11:17" departure="11:17">Krokeide krysset</stop>
    <stop arrival="11:18">Krokeide Yrkesskole</stop>
  </route>
  <route no="560" destination="Rådal ved Lagunen" url="http://www.web2051.no/bin/tp/zuginfo.exe/on/264153/93592/806570/315234/1/" trafficDays="kjører Ma - Fr, ikke 13., 17., 24. Mai">
    <stop departure="11:30" routeNo="560">Krokeide Yrkesskole</stop>
    <stop arrival="11:31" departure="11:31">Krokeide krysset</stop>
    <stop arrival="11:31" departure="11:31">Krokeide</stop>
    <stop arrival="11:32" departure="11:32">Krokeide</stop>
    <stop arrival="11:33" departure="11:33">Krokeide skole 2</stop>
    <stop arrival="11:34" departure="11:34">Breivik (Fana)</stop>
    <stop arrival="11:35" departure="11:35">Rød, Krokeideveien</stop>
    <stop arrival="11:36" departure="11:36">Rød, Krokeideveien</stop>
    <stop arrival="11:37" departure="11:37">Salbu</stop>
    <stop arrival="11:38" departure="11:38">Saganeset 2</stop>
    <stop arrival="11:38" departure="11:38">Saganeset 1</stop>
    <stop arrival="11:38" departure="11:38">Fossen</stop>
    <stop arrival="11:39" departure="11:39">Vollaskiftet</stop>
    <stop arrival="11:40" departure="11:40">Gaia Fana</stop>
    <stop arrival="11:40" departure="11:40">Fana</stop>
    <stop arrival="11:41" departure="11:41">Krykkjehaugen</stop>
    <stop arrival="11:42" departure="11:42">Konowskiftet</stop>
    <stop arrival="11:43" departure="11:43">Hordnesskiftet Stend</stop>
    <stop arrival="11:45" departure="11:45">Steinknuseverket</stop>
    <stop arrival="11:45" departure="11:45">Rådalshaug</stop>
    <stop arrival="11:47" departure="11:47">Sunea</stop>
    <stop arrival="11:49" departure="11:49">Rådal</stop>
    <stop arrival="11:50">Rådal ved Lagunen</stop>
  </route>
</routes>
