<?xml version="1.0" encoding="UTF-8"?>
<routes>
  <route no="80" destination="Oasen Terminal" url="http://www.web2051.no/bin/tp/zuginfo.exe/on/928032/314110/208714/204988/1/" trafficDays="kjører Sø, også 1., 13., 17., 24. Mai">
    <stop departure="11:00" routeNo="80">Flaktveit snuplass</stop>
    <stop arrival="11:01" departure="11:01">Breimyra</stop>
    <stop arrival="11:02" departure="11:02">Ulvhøyen</stop>
    <stop arrival="11:03" departure="11:03">Træsgrenda (Ulsberglia)</stop>
    <stop arrival="11:04" departure="11:04">Flaktveitsvingane</stop>
    <stop arrival="11:05" departure="11:05">Flaktveitrinden</stop>
    <stop arrival="11:07" departure="11:07">Lid (Åsane)</stop>
    <stop arrival="11:08" departure="11:08">Liakroken</stop>
    <stop arrival="11:09" departure="11:09">Industrihuset</stop>
    <stop arrival="11:10" departure="11:10">Gullgruven</stop>
    <stop arrival="11:12" departure="11:12">Nyborg</stop>
    <stop arrival="11:13" departure="11:13">Salhuskrysset</stop>
    <stop arrival="11:14" departure="11:14">Litleåskryss</stop>
    <stop arrival="11:14" departure="11:14">Rollandskrysset</stop>
    <stop arrival="11:15" departure="11:15">Åsane terminal</stop>
    <stop arrival="11:20" departure="11:20">Eidsvåg</stop>
    <stop arrival="11:22" departure="11:22">Handelshøyskolen</stop>
    <stop arrival="11:23" departure="11:23">Nyhavnsvei (Gamle Bergen)</stop>
    <stop arrival="11:24" departure="11:24">Munkebotten</stop>
    <stop arrival="11:25" departure="11:25">Ludebryggen</stop>
    <stop arrival="11:27" departure="11:27">Sandvikstorget</stop>
    <stop arrival="11:29" departure="11:29">Skutevikstorget</stop>
    <stop arrival="11:29" departure="11:29">Bontelabo</stop>
    <stop arrival="11:30" departure="11:30">Slottsgaten</stop>
    <stop arrival="11:31" departure="11:31">Bryggen</stop>
    <stop arrival="11:32" departure="11:32">Olav Kyrres gate</stop>
    <stop arrival="11:37" departure="11:37">Bergen Busstasjon</stop>
    <stop arrival="11:42" departure="11:42">Gyldenpris</stop>
    <stop arrival="11:46" departure="11:46">Løvstakktunnelen</stop>
    <stop arrival="11:46" departure="11:46">Sikthaugen</stop>
    <stop arrival="11:48" departure="11:48">Lynghaug skole</stop>
    <stop arrival="11:48" departure="11:48">Dag Hammarskjølds vei</stop>
    <stop arrival="11:49" departure="11:49">Træet (Benshaugen)</stop>
    <stop arrival="11:50" departure="11:50">Hjalmar Brantings vei</stop>
    <stop arrival="11:50" departure="11:50">Sælemyr</stop>
    <stop arrival="11:51" departure="11:51">Lyshovden skole</stop>
    <stop arrival="11:51" departure="11:51">Ortustranden</stop>
    <stop arrival="11:52" departure="11:52">Smiberget</stop>
    <stop arrival="11:53" departure="11:53">Torgny Segersteds vei</stop>
    <stop arrival="11:54" departure="11:54">Sælen skole</stop>
    <stop arrival="11:56" departure="11:56">Skarphaugen</stop>
    <stop arrival="11:57">Oasen Terminal</stop>
  </route>
  <route no="80" destination="Oasen Terminal" url="http://www.web2051.no/bin/tp/zuginfo.exe/on/473817/162721/226578/44651/1/" trafficDays="kjører Lø, ikke 1. Mai">
    <stop departure="11:00" routeNo="80">Flaktveit snuplass</stop>
    <stop arrival="11:01" departure="11:01">Breimyra</stop>
    <stop arrival="11:02" departure="11:02">Ulvhøyen</stop>
    <stop arrival="11:03" departure="11:03">Træsgrenda (Ulsberglia)</stop>
    <stop arrival="11:04" departure="11:04">Flaktveitsvingane</stop>
    <stop arrival="11:05" departure="11:05">Flaktveitrinden</stop>
    <stop arrival="11:07" departure="11:07">Lid (Åsane)</stop>
    <stop arrival="11:08" departure="11:08">Liakroken</stop>
    <stop arrival="11:09" departure="11:09">Industrihuset</stop>
    <stop arrival="11:10" departure="11:10">Gullgruven</stop>
    <stop arrival="11:12" departure="11:12">Nyborg</stop>
    <stop arrival="11:13" departure="11:13">Salhuskrysset</stop>
    <stop arrival="11:14" departure="11:14">Litleåskryss</stop>
    <stop arrival="11:14" departure="11:14">Rollandskrysset</stop>
    <stop arrival="11:15" departure="11:15">Åsane terminal</stop>
    <stop arrival="11:20" departure="11:20">Eidsvåg</stop>
    <stop arrival="11:22" departure="11:22">Handelshøyskolen</stop>
    <stop arrival="11:23" departure="11:23">Nyhavnsvei (Gamle Bergen)</stop>
    <stop arrival="11:25" departure="11:25">Munkebotten</stop>
    <stop arrival="11:26" departure="11:26">Ludebryggen</stop>
    <stop arrival="11:29" departure="11:29">Sandvikstorget</stop>
    <stop arrival="11:31" departure="11:31">Skutevikstorget</stop>
    <stop arrival="11:32" departure="11:32">Bontelabo</stop>
    <stop arrival="11:33" departure="11:33">Slottsgaten</stop>
    <stop arrival="11:34" departure="11:34">Bryggen</stop>
    <stop arrival="11:35" departure="11:35">Olav Kyrres gate</stop>
    <stop arrival="11:40" departure="11:40">Bergen Busstasjon</stop>
    <stop arrival="11:45" departure="11:45">Gyldenpris</stop>
    <stop arrival="11:49" departure="11:49">Løvstakktunnelen</stop>
    <stop arrival="11:49" departure="11:49">Sikthaugen</stop>
    <stop arrival="11:51" departure="11:51">Lynghaug skole</stop>
    <stop arrival="11:51" departure="11:51">Dag Hammarskjølds vei</stop>
    <stop arrival="11:52" departure="11:52">Træet (Benshaugen)</stop>
    <stop arrival="11:53" departure="11:53">Hjalmar Brantings vei</stop>
    <stop arrival="11:53" departure="11:53">Sælemyr</stop>
    <stop arrival="11:54" departure="11:54">Lyshovden skole</stop>
    <stop arrival="11:54" departure="11:54">Ortustranden</stop>
    <stop arrival="11:55" departure="11:55">Smiberget</stop>
    <stop arrival="11:56" departure="11:56">Torgny Segersteds vei</stop>
    <stop arrival="11:57" departure="11:57">Sælen skole</stop>
    <stop arrival="11:59" departure="11:59">Skarphaugen</stop>
    <stop arrival="12:00">Oasen Terminal</stop>
  </route>
  <route no="80" destination="Oasen Terminal" url="http://www.web2051.no/bin/tp/zuginfo.exe/on/404385/139607/430022/80227/1/" trafficDays="kjører Ma - Fr, ikke 13., 17., 24. Mai">
    <stop departure="11:10" routeNo="80">Flaktveit snuplass</stop>
    <stop arrival="11:11" departure="11:11">Breimyra</stop>
    <stop arrival="11:12" departure="11:12">Ulvhøyen</stop>
    <stop arrival="11:13" departure="11:13">Træsgrenda (Ulsberglia)</stop>
    <stop arrival="11:14" departure="11:14">Flaktveitsvingane</stop>
    <stop arrival="11:15" departure="11:15">Flaktveitrinden</stop>
    <stop arrival="11:17" departure="11:17">Lid (Åsane)</stop>
    <stop arrival="11:18" departure="11:18">Liakroken</stop>
    <stop arrival="11:19" departure="11:19">Industrihuset</stop>
    <stop arrival="11:20" departure="11:20">Gullgruven</stop>
    <stop arrival="11:22" departure="11:22">Nyborg</stop>
    <stop arrival="11:23" departure="11:23">Salhuskrysset</stop>
    <stop arrival="11:24" departure="11:24">Litleåskryss</stop>
    <stop arrival="11:24" departure="11:24">Rollandskrysset</stop>
    <stop arrival="11:25" departure="11:25">Åsane terminal</stop>
    <stop arrival="11:30" departure="11:30">Eidsvåg</stop>
    <stop arrival="11:32" departure="11:32">Handelshøyskolen</stop>
    <stop arrival="11:33" departure="11:33">Nyhavnsvei (Gamle Bergen)</stop>
    <stop arrival="11:35" departure="11:35">Munkebotten</stop>
    <stop arrival="11:36" departure="11:36">Ludebryggen</stop>
    <stop arrival="11:39" departure="11:39">Sandvikstorget</stop>
    <stop arrival="11:41" departure="11:41">Skutevikstorget</stop>
    <stop arrival="11:42" departure="11:42">Bontelabo</stop>
    <stop arrival="11:43" departure="11:43">Slottsgaten</stop>
    <stop arrival="11:44" departure="11:44">Bryggen</stop>
    <stop arrival="11:45" departure="11:45">Olav Kyrres gate</stop>
    <stop arrival="11:50" departure="11:50">Bergen Busstasjon</stop>
    <stop arrival="11:53" departure="11:53">Gyldenpris</stop>
    <stop arrival="11:57" departure="11:57">Løvstakktunnelen</stop>
    <stop arrival="11:58" departure="11:58">Sikthaugen</stop>
    <stop arrival="12:00" departure="12:00">Lynghaug skole</stop>
    <stop arrival="12:01" departure="12:01">Dag Hammarskjølds vei</stop>
    <stop arrival="12:01" departure="12:01">Træet (Benshaugen)</stop>
    <stop arrival="12:02" departure="12:02">Hjalmar Brantings vei</stop>
    <stop arrival="12:03" departure="12:03">Sælemyr</stop>
    <stop arrival="12:04" departure="12:04">Lyshovden skole</stop>
    <stop arrival="12:04" departure="12:04">Ortustranden</stop>
    <stop arrival="12:05" departure="12:05">Smiberget</stop>
    <stop arrival="12:06" departure="12:06">Torgny Segersteds vei</stop>
    <stop arrival="12:07" departure="12:07">Sælen skole</stop>
    <stop arrival="12:09" departure="12:09">Skarphaugen</stop>
    <stop arrival="12:10">Oasen Terminal</stop>
  </route>
  <route no="80" destination="Oasen Terminal" url="http://www.web2051.no/bin/tp/zuginfo.exe/on/931956/315418/646730/12715/1/" trafficDays="kjører Sø, også 1., 13., 17., 24. Mai">
    <stop departure="11:30" routeNo="80">Flaktveit snuplass</stop>
    <stop arrival="11:31" departure="11:31">Breimyra</stop>
    <stop arrival="11:32" departure="11:32">Ulvhøyen</stop>
    <stop arrival="11:33" departure="11:33">Træsgrenda (Ulsberglia)</stop>
    <stop arrival="11:34" departure="11:34">Flaktveitsvingane</stop>
    <stop arrival="11:35" departure="11:35">Flaktveitrinden</stop>
    <stop arrival="11:37" departure="11:37">Lid (Åsane)</stop>
    <stop arrival="11:38" departure="11:38">Liakroken</stop>
    <stop arrival="11:39" departure="11:39">Industrihuset</stop>
    <stop arrival="11:40" departure="11:40">Gullgruven</stop>
    <stop arrival="11:42" departure="11:42">Nyborg</stop>
    <stop arrival="11:43" departure="11:43">Salhuskrysset</stop>
    <stop arrival="11:44" departure="11:44">Litleåskryss</stop>
    <stop arrival="11:44" departure="11:44">Rollandskrysset</stop>
    <stop arrival="11:45" departure="11:45">Åsane terminal</stop>
    <stop arrival="11:50" departure="11:50">Eidsvåg</stop>
    <stop arrival="11:52" departure="11:52">Handelshøyskolen</stop>
    <stop arrival="11:53" departure="11:53">Nyhavnsvei (Gamle Bergen)</stop>
    <stop arrival="11:54" departure="11:54">Munkebotten</stop>
    <stop arrival="11:55" departure="11:55">Ludebryggen</stop>
    <stop arrival="11:57" departure="11:57">Sandvikstorget</stop>
    <stop arrival="11:59" departure="11:59">Skutevikstorget</stop>
    <stop arrival="11:59" departure="11:59">Bontelabo</stop>
    <stop arrival="12:00" departure="12:00">Slottsgaten</stop>
    <stop arrival="12:01" departure="12:01">Bryggen</stop>
    <stop arrival="12:02" departure="12:02">Olav Kyrres gate</stop>
    <stop arrival="12:07" departure="12:07">Bergen Busstasjon</stop>
    <stop arrival="12:12" departure="12:12">Gyldenpris</stop>
    <stop arrival="12:16" departure="12:16">Løvstakktunnelen</stop>
    <stop arrival="12:16" departure="12:16">Sikthaugen</stop>
    <stop arrival="12:18" departure="12:18">Lynghaug skole</stop>
    <stop arrival="12:18" departure="12:18">Dag Hammarskjølds vei</stop>
    <stop arrival="12:19" departure="12:19">Træet (Benshaugen)</stop>
    <stop arrival="12:20" departure="12:20">Hjalmar Brantings vei</stop>
    <stop arrival="12:20" departure="12:20">Sælemyr</stop>
    <stop arrival="12:21" departure="12:21">Lyshovden skole</stop>
    <stop arrival="12:21" departure="12:21">Ortustranden</stop>
    <stop arrival="12:22" departure="12:22">Smiberget</stop>
    <stop arrival="12:23" departure="12:23">Torgny Segersteds vei</stop>
    <stop arrival="12:24" departure="12:24">Sælen skole</stop>
    <stop arrival="12:26" departure="12:26">Skarphaugen</stop>
    <stop arrival="12:27">Oasen Terminal</stop>
  </route>
  <route no="80" destination="Oasen Terminal" url="http://www.web2051.no/bin/tp/zuginfo.exe/on/320229/111525/993144/389831/1/" trafficDays="kjører Lø, ikke 1. Mai">
    <stop departure="11:30" routeNo="80">Flaktveit snuplass</stop>
    <stop arrival="11:31" departure="11:31">Breimyra</stop>
    <stop arrival="11:32" departure="11:32">Ulvhøyen</stop>
    <stop arrival="11:33" departure="11:33">Træsgrenda (Ulsberglia)</stop>
    <stop arrival="11:34" departure="11:34">Flaktveitsvingane</stop>
    <stop arrival="11:35" departure="11:35">Flaktveitrinden</stop>
    <stop arrival="11:37" departure="11:37">Lid (Åsane)</stop>
    <stop arrival="11:38" departure="11:38">Liakroken</stop>
    <stop arrival="11:39" departure="11:39">Industrihuset</stop>
    <stop arrival="11:40" departure="11:40">Gullgruven</stop>
    <stop arrival="11:42" departure="11:42">Nyborg</stop>
    <stop arrival="11:43" departure="11:43">Salhuskrysset</stop>
    <stop arrival="11:44" departure="11:44">Litleåskryss</stop>
    <stop arrival="11:44" departure="11:44">Rollandskrysset</stop>
    <stop arrival="11:45" departure="11:45">Åsane terminal</stop>
    <stop arrival="11:50" departure="11:50">Eidsvåg</stop>
    <stop arrival="11:52" departure="11:52">Handelshøyskolen</stop>
    <stop arrival="11:53" departure="11:53">Nyhavnsvei (Gamle Bergen)</stop>
    <stop arrival="11:55" departure="11:55">Munkebotten</stop>
    <stop arrival="11:56" departure="11:56">Ludebryggen</stop>
    <stop arrival="11:59" departure="11:59">Sandvikstorget</stop>
    <stop arrival="12:01" departure="12:01">Skutevikstorget</stop>
    <stop arrival="12:02" departure="12:02">Bontelabo</stop>
    <stop arrival="12:03" departure="12:03">Slottsgaten</stop>
    <stop arrival="12:04" departure="12:04">Bryggen</stop>
    <stop arrival="12:05" departure="12:05">Olav Kyrres gate</stop>
    <stop arrival="12:10" departure="12:10">Bergen Busstasjon</stop>
    <stop arrival="12:15" departure="12:15">Gyldenpris</stop>
    <stop arrival="12:19" departure="12:19">Løvstakktunnelen</stop>
    <stop arrival="12:19" departure="12:19">Sikthaugen</stop>
    <stop arrival="12:21" departure="12:21">Lynghaug skole</stop>
    <stop arrival="12:21" departure="12:21">Dag Hammarskjølds vei</stop>
    <stop arrival="12:22" departure="12:22">Træet (Benshaugen)</stop>
    <stop arrival="12:23" departure="12:23">Hjalmar Brantings vei</stop>
    <stop arrival="12:23" departure="12:23">Sælemyr</stop>
    <stop arrival="12:24" departure="12:24">Lyshovden skole</stop>
    <stop arrival="12:24" departure="12:24">Ortustranden</stop>
    <stop arrival="12:25" departure="12:25">Smiberget</stop>
    <stop arrival="12:26" departure="12:26">Torgny Segersteds vei</stop>
    <stop arrival="12:27" departure="12:27">Sælen skole</stop>
    <stop arrival="12:29" departure="12:29">Skarphaugen</stop>
    <stop arrival="12:30">Oasen Terminal</stop>
  </route>
  <route no="80" destination="Oasen Terminal" url="http://www.web2051.no/bin/tp/zuginfo.exe/on/559896/191444/144444/114422/1/" trafficDays="kjører Ma - Fr, ikke 13., 17., 24. Mai">
    <stop departure="11:30" routeNo="80">Flaktveit snuplass</stop>
    <stop arrival="11:31" departure="11:31">Breimyra</stop>
    <stop arrival="11:32" departure="11:32">Ulvhøyen</stop>
    <stop arrival="11:33" departure="11:33">Træsgrenda (Ulsberglia)</stop>
    <stop arrival="11:34" departure="11:34">Flaktveitsvingane</stop>
    <stop arrival="11:35" departure="11:35">Flaktveitrinden</stop>
    <stop arrival="11:37" departure="11:37">Lid (Åsane)</stop>
    <stop arrival="11:38" departure="11:38">Liakroken</stop>
    <stop arrival="11:39" departure="11:39">Industrihuset</stop>
    <stop arrival="11:40" departure="11:40">Gullgruven</stop>
    <stop arrival="11:42" departure="11:42">Nyborg</stop>
    <stop arrival="11:43" departure="11:43">Salhuskrysset</stop>
    <stop arrival="11:44" departure="11:44">Litleåskryss</stop>
    <stop arrival="11:44" departure="11:44">Rollandskrysset</stop>
    <stop arrival="11:45" departure="11:45">Åsane terminal</stop>
    <stop arrival="11:50" departure="11:50">Eidsvåg</stop>
    <stop arrival="11:52" departure="11:52">Handelshøyskolen</stop>
    <stop arrival="11:53" departure="11:53">Nyhavnsvei (Gamle Bergen)</stop>
    <stop arrival="11:55" departure="11:55">Munkebotten</stop>
    <stop arrival="11:56" departure="11:56">Ludebryggen</stop>
    <stop arrival="11:59" departure="11:59">Sandvikstorget</stop>
    <stop arrival="12:01" departure="12:01">Skutevikstorget</stop>
    <stop arrival="12:02" departure="12:02">Bontelabo</stop>
    <stop arrival="12:03" departure="12:03">Slottsgaten</stop>
    <stop arrival="12:04" departure="12:04">Bryggen</stop>
    <stop arrival="12:05" departure="12:05">Olav Kyrres gate</stop>
    <stop arrival="12:10" departure="12:10">Bergen Busstasjon</stop>
    <stop arrival="12:13" departure="12:13">Gyldenpris</stop>
    <stop arrival="12:17" departure="12:17">Løvstakktunnelen</stop>
    <stop arrival="12:18" departure="12:18">Sikthaugen</stop>
    <stop arrival="12:20" departure="12:20">Lynghaug skole</stop>
    <stop arrival="12:21" departure="12:21">Dag Hammarskjølds vei</stop>
    <stop arrival="12:21" departure="12:21">Træet (Benshaugen)</stop>
    <stop arrival="12:22" departure="12:22">Hjalmar Brantings vei</stop>
    <stop arrival="12:23" departure="12:23">Sælemyr</stop>
    <stop arrival="12:24" departure="12:24">Lyshovden skole</stop>
    <stop arrival="12:24" departure="12:24">Ortustranden</stop>
    <stop arrival="12:25" departure="12:25">Smiberget</stop>
    <stop arrival="12:26" departure="12:26">Torgny Segersteds vei</stop>
    <stop arrival="12:27" departure="12:27">Sælen skole</stop>
    <stop arrival="12:29" departure="12:29">Skarphaugen</stop>
    <stop arrival="12:30">Oasen Terminal</stop>
  </route>
  <route no="80" destination="Oasen Terminal" url="http://www.web2051.no/bin/tp/zuginfo.exe/on/899973/304803/744794/72419/1/" trafficDays="kjører Ma - Fr, ikke 13., 17., 24. Mai">
    <stop departure="11:50" routeNo="80">Flaktveit snuplass</stop>
    <stop arrival="11:51" departure="11:51">Breimyra</stop>
    <stop arrival="11:52" departure="11:52">Ulvhøyen</stop>
    <stop arrival="11:53" departure="11:53">Træsgrenda (Ulsberglia)</stop>
    <stop arrival="11:54" departure="11:54">Flaktveitsvingane</stop>
    <stop arrival="11:55" departure="11:55">Flaktveitrinden</stop>
    <stop arrival="11:57" departure="11:57">Lid (Åsane)</stop>
    <stop arrival="11:58" departure="11:58">Liakroken</stop>
    <stop arrival="11:59" departure="11:59">Industrihuset</stop>
    <stop arrival="12:00" departure="12:00">Gullgruven</stop>
    <stop arrival="12:02" departure="12:02">Nyborg</stop>
    <stop arrival="12:03" departure="12:03">Salhuskrysset</stop>
    <stop arrival="12:04" departure="12:04">Litleåskryss</stop>
    <stop arrival="12:04" departure="12:04">Rollandskrysset</stop>
    <stop arrival="12:05" departure="12:05">Åsane terminal</stop>
    <stop arrival="12:10" departure="12:10">Eidsvåg</stop>
    <stop arrival="12:12" departure="12:12">Handelshøyskolen</stop>
    <stop arrival="12:13" departure="12:13">Nyhavnsvei (Gamle Bergen)</stop>
    <stop arrival="12:15" departure="12:15">Munkebotten</stop>
    <stop arrival="12:16" departure="12:16">Ludebryggen</stop>
    <stop arrival="12:19" departure="12:19">Sandvikstorget</stop>
    <stop arrival="12:21" departure="12:21">Skutevikstorget</stop>
    <stop arrival="12:22" departure="12:22">Bontelabo</stop>
    <stop arrival="12:23" departure="12:23">Slottsgaten</stop>
    <stop arrival="12:24" departure="12:24">Bryggen</stop>
    <stop arrival="12:25" departure="12:25">Olav Kyrres gate</stop>
    <stop arrival="12:30" departure="12:30">Bergen Busstasjon</stop>
    <stop arrival="12:33" departure="12:33">Gyldenpris</stop>
    <stop arrival="12:37" departure="12:37">Løvstakktunnelen</stop>
    <stop arrival="12:38" departure="12:38">Sikthaugen</stop>
    <stop arrival="12:40" departure="12:40">Lynghaug skole</stop>
    <stop arrival="12:41" departure="12:41">Dag Hammarskjølds vei</stop>
    <stop arrival="12:41" departure="12:41">Træet (Benshaugen)</stop>
    <stop arrival="12:42" departure="12:42">Hjalmar Brantings vei</stop>
    <stop arrival="12:43" departure="12:43">Sælemyr</stop>
    <stop arrival="12:44" departure="12:44">Lyshovden skole</stop>
    <stop arrival="12:44" departure="12:44">Ortustranden</stop>
    <stop arrival="12:45" departure="12:45">Smiberget</stop>
    <stop arrival="12:46" departure="12:46">Torgny Segersteds vei</stop>
    <stop arrival="12:47" departure="12:47">Sælen skole</stop>
    <stop arrival="12:49" departure="12:49">Skarphaugen</stop>
    <stop arrival="12:50">Oasen Terminal</stop>
  </route>
</routes>
