<?xml version="1.0" encoding="UTF-8"?>
<routes>
  <route no="524" destination="Birkelandskrysset Terminal" url="http://www.web2051.no/bin/tp/zuginfo.exe/on/249531/88478/32776/66789/1/" trafficDays="kjører Lø, ikke 1. Mai">
    <stop departure="11:20" routeNo="524">Espeland kai (Fana)</stop>
    <stop arrival="11:21" departure="11:21">Wiikskiftet</stop>
    <stop arrival="11:21" departure="11:21">M. Espeland</stop>
    <stop arrival="11:22" departure="11:22">Myntevik</stop>
    <stop arrival="11:23" departure="11:23">E. Espeland</stop>
    <stop arrival="11:24" departure="11:24">Ådlandsskiftet</stop>
    <stop arrival="11:25" departure="11:25">Ådlandsflaten</stop>
    <stop arrival="11:26" departure="11:26">Blomsterdalen</stop>
    <stop arrival="11:27" departure="11:27">Grana</stop>
    <stop arrival="11:28" departure="11:28">Nobi</stop>
    <stop arrival="11:29" departure="11:29">Sommerleiren</stop>
    <stop arrival="11:31" departure="11:31">Slettenskiftet</stop>
    <stop arrival="11:33" departure="11:33">Flesland gård</stop>
    <stop arrival="11:34" departure="11:34">Flesland bruktjern</stop>
    <stop arrival="11:34" departure="11:34">Flesland</stop>
    <stop arrival="11:35" departure="11:35">Flesland snuplass</stop>
    <stop arrival="11:36" departure="11:36">Flesland</stop>
    <stop arrival="11:36" departure="11:36">Flesland bruktjern</stop>
    <stop arrival="11:37" departure="11:37">Flesland gård</stop>
    <stop arrival="11:38" departure="11:38">Slettenskiftet</stop>
    <stop arrival="11:40" departure="11:40">Sommerleiren</stop>
    <stop arrival="11:41" departure="11:41">Nobi</stop>
    <stop arrival="11:43" departure="11:43">Grana</stop>
    <stop arrival="11:44" departure="11:44">Blomsterdalen</stop>
    <stop arrival="11:44" departure="11:44">Liland skole</stop>
    <stop arrival="11:44" departure="11:44">Liland (Fana)</stop>
    <stop arrival="11:45" departure="11:45">Lønningen (Fana)</stop>
    <stop arrival="11:45" departure="11:45">Flesland Flyplass</stop>
    <stop arrival="11:47" departure="11:47">Liland (Flyplassvegen)</stop>
    <stop arrival="11:50" departure="11:50">Kokstadskiftet</stop>
    <stop arrival="11:50">Birkelandskrysset Terminal</stop>
  </route>
</routes>
