<?xml version="1.0" encoding="UTF-8"?>
<routes>
  <route no="512" destination="Søreide skole" url="http://www.web2051.no/bin/tp/zuginfo.exe/on/942897/319568/966676/169039/1/" trafficDays="kjører Ma - Fr, ikke 13., 17., 24. Mai">
    <stop departure="11:50" routeNo="512">Grimstad (Fana)</stop>
    <stop arrival="11:51" departure="11:51">Grimstad handel (Fana)</stop>
    <stop arrival="11:53" departure="11:53">Ytre Hope</stop>
    <stop arrival="11:55" departure="11:55">Hope (Grimstad, Fana)</stop>
    <stop arrival="11:56" departure="11:56">Ytre Hammersland</stop>
    <stop arrival="11:57" departure="11:57">Hammersland (Grimstadvn.)</stop>
    <stop arrival="12:00">Søreide skole</stop>
  </route>
</routes>
