<?xml version="1.0" encoding="UTF-8"?>
<routes>
  <route no="23" destination="Birkelandskrysset Terminal" url="http://www.web2051.no/bin/tp/zuginfo.exe/on/966882/326420/211302/216643/1/" trafficDays="kjører Ma - Fr, ikke 13., 17., 24. Mai">
    <stop departure="10:30" routeNo="23">Olav Kyrres gate</stop>
    <stop arrival="10:35" departure="10:35">Bergen Busstasjon</stop>
    <stop arrival="10:40" departure="10:40">Danmarksplass</stop>
    <stop arrival="10:41" departure="10:41">Solheimsgaten</stop>
    <stop arrival="10:42" departure="10:42">Reperbanen</stop>
    <stop arrival="10:44" departure="10:44">Fjøsangerveien/ Minde Allè</stop>
    <stop arrival="10:47" departure="10:47">Minde</stop>
    <stop arrival="10:48" departure="10:48">Elvebakken</stop>
    <stop arrival="10:48" departure="10:48">Storetveit</stop>
    <stop arrival="10:48" departure="10:48">Fantoft</stop>
    <stop arrival="10:49" departure="10:49">Nydalen</stop>
    <stop arrival="10:50" departure="10:50">Paradis</stop>
    <stop arrival="10:51" departure="10:51">Tveiteråsskiftet</stop>
    <stop arrival="10:52" departure="10:52">Hopsbro</stop>
    <stop arrival="10:54" departure="10:54">Hopstangen</stop>
    <stop arrival="10:55" departure="10:55">Nesttun terminal</stop>
    <stop arrival="10:57" departure="10:57">Nesttun</stop>
    <stop arrival="11:00" departure="11:00">Skjoldskiftet</stop>
    <stop arrival="11:00" departure="11:00">Nesttunbrekka</stop>
    <stop arrival="11:01" departure="11:01">Mårdalen</stop>
    <stop arrival="11:01" departure="11:01">Skjoldhøgda</stop>
    <stop arrival="11:01" departure="11:01">Skjold skole</stop>
    <stop arrival="11:02" departure="11:02">Lagunen</stop>
    <stop arrival="11:04" departure="11:04">Rådal</stop>
    <stop arrival="11:07" departure="11:07">Meyerskiftet</stop>
    <stop arrival="11:14" departure="11:14">Håvardstun</stop>
    <stop arrival="11:15" departure="11:15">Sandsliskiftet</stop>
    <stop arrival="11:17" departure="11:17">Gomarhaug</stop>
    <stop arrival="11:20">Birkelandskrysset Terminal</stop>
  </route>
  <route no="23" destination="Bergen Busstasjon" url="http://www.web2051.no/bin/tp/zuginfo.exe/on/5403/5926/272084/134247/1/" trafficDays="kjører Ma - Fr, ikke 13., 17., 24. Mai">
    <stop departure="11:24" routeNo="23">Birkelandskrysset Terminal</stop>
    <stop arrival="11:25" departure="11:25">Gomarhaug</stop>
    <stop arrival="11:26" departure="11:26">Sandsliskiftet</stop>
    <stop arrival="11:26" departure="11:26">Håvardstun</stop>
    <stop arrival="11:28" departure="11:28">Meyer</stop>
    <stop arrival="11:29" departure="11:29">Rådal</stop>
    <stop arrival="11:30" departure="11:30">Rådal ved Lagunen</stop>
    <stop arrival="11:35" departure="11:35">Skjold skole</stop>
    <stop arrival="11:37" departure="11:37">Mårdalen</stop>
    <stop arrival="11:38" departure="11:38">Nesttunbrekka</stop>
    <stop arrival="11:38" departure="11:38">Skjoldskiftet</stop>
    <stop arrival="11:39" departure="11:39">Nesttun</stop>
    <stop arrival="11:40" departure="11:40">Nesttun terminal</stop>
    <stop arrival="11:42" departure="11:42">Hopsbro</stop>
    <stop arrival="11:44" departure="11:44">Tveiteråsskiftet</stop>
    <stop arrival="11:45" departure="11:45">Paradis</stop>
    <stop arrival="11:47" departure="11:47">Nydalen</stop>
    <stop arrival="11:49" departure="11:49">Fantoft</stop>
    <stop arrival="11:50" departure="11:50">Storetveit</stop>
    <stop arrival="11:50" departure="11:50">Elvebakken</stop>
    <stop arrival="11:51" departure="11:51">Minde</stop>
    <stop arrival="11:54" departure="11:54">Mindemyren</stop>
    <stop arrival="11:55" departure="11:55">Postterminalen</stop>
    <stop arrival="11:56" departure="11:56">Kanalveien v/LBK</stop>
    <stop arrival="11:58" departure="11:58">Danmarksplass v/Forum kino</stop>
    <stop arrival="12:01" departure="12:01">Bergen Busstasjon</stop>
    <stop arrival="12:04" departure="12:04">Christies gate (Festplassen)</stop>
    <stop arrival="12:09">Bergen Busstasjon</stop>
  </route>
  <route no="23" destination="Bergen Busstasjon" url="http://www.web2051.no/bin/tp/zuginfo.exe/on/927825/313374/261112/178720/1/" trafficDays="kjører Lø, ikke 1. Mai">
    <stop departure="11:25" routeNo="23">Birkelandskrysset Terminal</stop>
    <stop arrival="11:27" departure="11:27">Gomarhaug</stop>
    <stop arrival="11:27" departure="11:27">Sandsliskiftet</stop>
    <stop arrival="11:28" departure="11:28">Håvardstun</stop>
    <stop arrival="11:30" departure="11:30">Meyer</stop>
    <stop arrival="11:31" departure="11:31">Rådal</stop>
    <stop arrival="11:32" departure="11:32">Rådal ved Lagunen</stop>
    <stop arrival="11:35" departure="11:35">Skjold skole</stop>
    <stop arrival="11:37" departure="11:37">Mårdalen</stop>
    <stop arrival="11:38" departure="11:38">Nesttunbrekka</stop>
    <stop arrival="11:38" departure="11:38">Skjoldskiftet</stop>
    <stop arrival="11:39" departure="11:39">Nesttun</stop>
    <stop arrival="11:40" departure="11:40">Nesttun terminal</stop>
    <stop arrival="11:42" departure="11:42">Hopsbro</stop>
    <stop arrival="11:44" departure="11:44">Tveiteråsskiftet</stop>
    <stop arrival="11:45" departure="11:45">Paradis</stop>
    <stop arrival="11:47" departure="11:47">Nydalen</stop>
    <stop arrival="11:49" departure="11:49">Fantoft</stop>
    <stop arrival="11:50" departure="11:50">Storetveit</stop>
    <stop arrival="11:50" departure="11:50">Elvebakken</stop>
    <stop arrival="11:51" departure="11:51">Minde</stop>
    <stop arrival="11:55" departure="11:55">Mindemyren</stop>
    <stop arrival="11:56" departure="11:56">Postterminalen</stop>
    <stop arrival="11:56" departure="11:56">Kanalveien v/LBK</stop>
    <stop arrival="11:58" departure="11:58">Danmarksplass v/Forum kino</stop>
    <stop arrival="12:02" departure="12:02">Bergen Busstasjon</stop>
    <stop arrival="12:05" departure="12:05">Christies gate (Festplassen)</stop>
    <stop arrival="12:10">Bergen Busstasjon</stop>
  </route>
  <route no="23" destination="Birkelandskrysset Terminal" url="http://www.web2051.no/bin/tp/zuginfo.exe/on/675450/229230/412112/19097/1/" trafficDays="kjører Sø, også 1., 13., 17., 24. Mai">
    <stop departure="11:05" routeNo="23">Olav Kyrres gate</stop>
    <stop arrival="11:10" departure="11:10">Bergen Busstasjon</stop>
    <stop arrival="11:14" departure="11:14">Danmarksplass</stop>
    <stop arrival="11:15" departure="11:15">Solheimsgaten</stop>
    <stop arrival="11:16" departure="11:16">Reperbanen</stop>
    <stop arrival="11:17" departure="11:17">Fjøsangerveien/ Minde Allè</stop>
    <stop arrival="11:20" departure="11:20">Minde</stop>
    <stop arrival="11:21" departure="11:21">Elvebakken</stop>
    <stop arrival="11:22" departure="11:22">Storetveit</stop>
    <stop arrival="11:22" departure="11:22">Fantoft</stop>
    <stop arrival="11:23" departure="11:23">Nydalen</stop>
    <stop arrival="11:24" departure="11:24">Paradis</stop>
    <stop arrival="11:25" departure="11:25">Tveiteråsskiftet</stop>
    <stop arrival="11:26" departure="11:26">Hopsbro</stop>
    <stop arrival="11:28" departure="11:28">Hopstangen</stop>
    <stop arrival="11:29" departure="11:29">Nesttun terminal</stop>
    <stop arrival="11:31" departure="11:31">Nesttun</stop>
    <stop arrival="11:34" departure="11:34">Skjoldskiftet</stop>
    <stop arrival="11:34" departure="11:34">Nesttunbrekka</stop>
    <stop arrival="11:35" departure="11:35">Mårdalen</stop>
    <stop arrival="11:35" departure="11:35">Skjoldhøgda</stop>
    <stop arrival="11:35" departure="11:35">Skjold skole</stop>
    <stop arrival="11:36" departure="11:36">Lagunen</stop>
    <stop arrival="11:38" departure="11:38">Rådal</stop>
    <stop arrival="11:39" departure="11:39">Meyerskiftet</stop>
    <stop arrival="11:45" departure="11:45">Håvardstun</stop>
    <stop arrival="11:46" departure="11:46">Sandsliskiftet</stop>
    <stop arrival="11:47" departure="11:47">Gomarhaug</stop>
    <stop arrival="11:49">Birkelandskrysset Terminal</stop>
  </route>
  <route no="23" destination="Birkelandskrysset Terminal" url="http://www.web2051.no/bin/tp/zuginfo.exe/on/996807/336396/985504/160483/1/" trafficDays="kjører Ma - Fr, ikke 13., 17., 24. Mai">
    <stop departure="11:00" routeNo="23">Olav Kyrres gate</stop>
    <stop arrival="11:05" departure="11:05">Bergen Busstasjon</stop>
    <stop arrival="11:10" departure="11:10">Danmarksplass</stop>
    <stop arrival="11:11" departure="11:11">Solheimsgaten</stop>
    <stop arrival="11:12" departure="11:12">Reperbanen</stop>
    <stop arrival="11:14" departure="11:14">Fjøsangerveien/ Minde Allè</stop>
    <stop arrival="11:17" departure="11:17">Minde</stop>
    <stop arrival="11:18" departure="11:18">Elvebakken</stop>
    <stop arrival="11:18" departure="11:18">Storetveit</stop>
    <stop arrival="11:18" departure="11:18">Fantoft</stop>
    <stop arrival="11:19" departure="11:19">Nydalen</stop>
    <stop arrival="11:20" departure="11:20">Paradis</stop>
    <stop arrival="11:21" departure="11:21">Tveiteråsskiftet</stop>
    <stop arrival="11:22" departure="11:22">Hopsbro</stop>
    <stop arrival="11:24" departure="11:24">Hopstangen</stop>
    <stop arrival="11:25" departure="11:25">Nesttun terminal</stop>
    <stop arrival="11:27" departure="11:27">Nesttun</stop>
    <stop arrival="11:30" departure="11:30">Skjoldskiftet</stop>
    <stop arrival="11:30" departure="11:30">Nesttunbrekka</stop>
    <stop arrival="11:31" departure="11:31">Mårdalen</stop>
    <stop arrival="11:31" departure="11:31">Skjoldhøgda</stop>
    <stop arrival="11:31" departure="11:31">Skjold skole</stop>
    <stop arrival="11:32" departure="11:32">Lagunen</stop>
    <stop arrival="11:34" departure="11:34">Rådal</stop>
    <stop arrival="11:37" departure="11:37">Meyerskiftet</stop>
    <stop arrival="11:44" departure="11:44">Håvardstun</stop>
    <stop arrival="11:45" departure="11:45">Sandsliskiftet</stop>
    <stop arrival="11:47" departure="11:47">Gomarhaug</stop>
    <stop arrival="11:50">Birkelandskrysset Terminal</stop>
  </route>
  <route no="23" destination="Bergen Busstasjon" url="http://www.web2051.no/bin/tp/zuginfo.exe/on/681156/231134/142500/155803/1/" trafficDays="kjører Sø, også 1., 13., 17., 24. Mai">
    <stop departure="11:51" routeNo="23">Birkelandskrysset Terminal</stop>
    <stop arrival="11:52" departure="11:52">Gomarhaug</stop>
    <stop arrival="11:53" departure="11:53">Sandsliskiftet</stop>
    <stop arrival="11:53" departure="11:53">Håvardstun</stop>
    <stop arrival="11:55" departure="11:55">Meyer</stop>
    <stop arrival="11:56" departure="11:56">Rådal</stop>
    <stop arrival="11:57" departure="11:57">Rådal ved Lagunen</stop>
    <stop arrival="12:00" departure="12:00">Skjold skole</stop>
    <stop arrival="12:02" departure="12:02">Mårdalen</stop>
    <stop arrival="12:03" departure="12:03">Nesttunbrekka</stop>
    <stop arrival="12:03" departure="12:03">Skjoldskiftet</stop>
    <stop arrival="12:04" departure="12:04">Nesttun</stop>
    <stop arrival="12:05" departure="12:05">Nesttun terminal</stop>
    <stop arrival="12:07" departure="12:07">Hopsbro</stop>
    <stop arrival="12:09" departure="12:09">Tveiteråsskiftet</stop>
    <stop arrival="12:10" departure="12:10">Paradis</stop>
    <stop arrival="12:12" departure="12:12">Nydalen</stop>
    <stop arrival="12:14" departure="12:14">Fantoft</stop>
    <stop arrival="12:15" departure="12:15">Storetveit</stop>
    <stop arrival="12:15" departure="12:15">Elvebakken</stop>
    <stop arrival="12:16" departure="12:16">Minde</stop>
    <stop arrival="12:19" departure="12:19">Mindemyren</stop>
    <stop arrival="12:20" departure="12:20">Postterminalen</stop>
    <stop arrival="12:21" departure="12:21">Kanalveien v/LBK</stop>
    <stop arrival="12:23" departure="12:23">Danmarksplass v/Forum kino</stop>
    <stop arrival="12:26" departure="12:26">Bergen Busstasjon</stop>
    <stop arrival="12:29" departure="12:29">Christies gate (Festplassen)</stop>
    <stop arrival="12:34">Bergen Busstasjon</stop>
  </route>
  <route no="23" destination="Bergen Busstasjon" url="http://www.web2051.no/bin/tp/zuginfo.exe/on/447984/153453/344866/23112/1/" trafficDays="kjører Ma - Fr, ikke 13., 17., 24. Mai">
    <stop departure="11:54" routeNo="23">Birkelandskrysset Terminal</stop>
    <stop arrival="11:55" departure="11:55">Gomarhaug</stop>
    <stop arrival="11:56" departure="11:56">Sandsliskiftet</stop>
    <stop arrival="11:56" departure="11:56">Håvardstun</stop>
    <stop arrival="11:58" departure="11:58">Meyer</stop>
    <stop arrival="11:59" departure="11:59">Rådal</stop>
    <stop arrival="12:00" departure="12:00">Rådal ved Lagunen</stop>
    <stop arrival="12:05" departure="12:05">Skjold skole</stop>
    <stop arrival="12:07" departure="12:07">Mårdalen</stop>
    <stop arrival="12:08" departure="12:08">Nesttunbrekka</stop>
    <stop arrival="12:08" departure="12:08">Skjoldskiftet</stop>
    <stop arrival="12:09" departure="12:09">Nesttun</stop>
    <stop arrival="12:10" departure="12:10">Nesttun terminal</stop>
    <stop arrival="12:12" departure="12:12">Hopsbro</stop>
    <stop arrival="12:14" departure="12:14">Tveiteråsskiftet</stop>
    <stop arrival="12:15" departure="12:15">Paradis</stop>
    <stop arrival="12:17" departure="12:17">Nydalen</stop>
    <stop arrival="12:19" departure="12:19">Fantoft</stop>
    <stop arrival="12:20" departure="12:20">Storetveit</stop>
    <stop arrival="12:20" departure="12:20">Elvebakken</stop>
    <stop arrival="12:21" departure="12:21">Minde</stop>
    <stop arrival="12:24" departure="12:24">Mindemyren</stop>
    <stop arrival="12:25" departure="12:25">Postterminalen</stop>
    <stop arrival="12:26" departure="12:26">Kanalveien v/LBK</stop>
    <stop arrival="12:28" departure="12:28">Danmarksplass v/Forum kino</stop>
    <stop arrival="12:31" departure="12:31">Bergen Busstasjon</stop>
    <stop arrival="12:34" departure="12:34">Christies gate (Festplassen)</stop>
    <stop arrival="12:39">Bergen Busstasjon</stop>
  </route>
  <route no="23" destination="Bergen Busstasjon" url="http://www.web2051.no/bin/tp/zuginfo.exe/on/676029/229442/88158/181266/1/" trafficDays="kjører Lø, ikke 1. Mai">
    <stop departure="11:55" routeNo="23">Birkelandskrysset Terminal</stop>
    <stop arrival="11:57" departure="11:57">Gomarhaug</stop>
    <stop arrival="11:57" departure="11:57">Sandsliskiftet</stop>
    <stop arrival="11:58" departure="11:58">Håvardstun</stop>
    <stop arrival="12:00" departure="12:00">Meyer</stop>
    <stop arrival="12:01" departure="12:01">Rådal</stop>
    <stop arrival="12:02" departure="12:02">Rådal ved Lagunen</stop>
    <stop arrival="12:05" departure="12:05">Skjold skole</stop>
    <stop arrival="12:07" departure="12:07">Mårdalen</stop>
    <stop arrival="12:08" departure="12:08">Nesttunbrekka</stop>
    <stop arrival="12:08" departure="12:08">Skjoldskiftet</stop>
    <stop arrival="12:09" departure="12:09">Nesttun</stop>
    <stop arrival="12:10" departure="12:10">Nesttun terminal</stop>
    <stop arrival="12:12" departure="12:12">Hopsbro</stop>
    <stop arrival="12:14" departure="12:14">Tveiteråsskiftet</stop>
    <stop arrival="12:15" departure="12:15">Paradis</stop>
    <stop arrival="12:17" departure="12:17">Nydalen</stop>
    <stop arrival="12:19" departure="12:19">Fantoft</stop>
    <stop arrival="12:20" departure="12:20">Storetveit</stop>
    <stop arrival="12:20" departure="12:20">Elvebakken</stop>
    <stop arrival="12:21" departure="12:21">Minde</stop>
    <stop arrival="12:25" departure="12:25">Mindemyren</stop>
    <stop arrival="12:26" departure="12:26">Postterminalen</stop>
    <stop arrival="12:26" departure="12:26">Kanalveien v/LBK</stop>
    <stop arrival="12:28" departure="12:28">Danmarksplass v/Forum kino</stop>
    <stop arrival="12:32" departure="12:32">Bergen Busstasjon</stop>
    <stop arrival="12:35" departure="12:35">Christies gate (Festplassen)</stop>
    <stop arrival="12:40">Bergen Busstasjon</stop>
  </route>
</routes>
