<?xml version="1.0" encoding="UTF-8"?>
<routes>
  <route no="459" destination="Bergen Busstasjon" url="http://www.web2051.no/bin/tp/zuginfo.exe/on/176376/61041/704630/293523/1/" trafficDays="kjører Ma - Fr, ikke 13., 17., 24. Mai">
    <stop departure="11:05" routeNo="459">Tælavåg snuplass</stop>
    <stop arrival="11:05" departure="11:05">Tælavåg Øvretveit</stop>
    <stop arrival="11:06" departure="11:06">Tælavåg Øvretveit (brekko)</stop>
    <stop arrival="11:06" departure="11:06">Tælavåg Midttveit</stop>
    <stop arrival="11:07" departure="11:07">Tælavåg skule</stop>
    <stop arrival="11:07" departure="11:07">Tælavåg Telle</stop>
    <stop arrival="11:07" departure="11:07">Tælavåg bedehus</stop>
    <stop arrival="11:08" departure="11:08">Tælavåg Nipa</stop>
    <stop arrival="11:08" departure="11:08">Tælavåg Nipa byggefelt</stop>
    <stop arrival="11:09" departure="11:09">Tælavåg Museum (Idrettsplass)</stop>
    <stop arrival="11:09" departure="11:09">Tælavåg Sælstø</stop>
    <stop arrival="11:11" departure="11:11">Tælavåg gravplass</stop>
    <stop arrival="11:12" departure="11:12">Asphaug</stop>
    <stop arrival="11:14" departure="11:14">Spildepollen</stop>
    <stop arrival="11:15" departure="11:15">Kausland Sund Auto</stop>
    <stop arrival="11:15" departure="11:15">Kausland industri</stop>
    <stop arrival="11:16" departure="11:16">Kausland (brekko)</stop>
    <stop arrival="11:16" departure="11:16">Kausland gard</stop>
    <stop arrival="11:17" departure="11:17">Kausland kyrkje</stop>
    <stop arrival="11:17" departure="11:17">Kausland (Lunde)</stop>
    <stop arrival="11:18" departure="11:18">Glesnes Skule</stop>
    <stop arrival="11:19" departure="11:19">Glesvær (Elva)</stop>
    <stop arrival="11:19" departure="11:19">Glesvær (Slettebergsmauget)</stop>
    <stop arrival="11:20" departure="11:20">Glesvær (Vollakrysset)</stop>
    <stop arrival="11:20" departure="11:20">Glesvær snuplass</stop>
    <stop arrival="11:20" departure="11:20">Glesvær (Vollakrysset)</stop>
    <stop arrival="11:21" departure="11:21">Glesvær (Slettebergsmauget)</stop>
    <stop arrival="11:21" departure="11:21">Glesvær (Elva)</stop>
    <stop arrival="11:22" departure="11:22">Glesnes Skule</stop>
    <stop arrival="11:24" departure="11:24">Kausland (Lunde)</stop>
    <stop arrival="11:24" departure="11:24">Kausland kyrkje</stop>
    <stop arrival="11:24" departure="11:24">Kausland gard</stop>
    <stop arrival="11:25" departure="11:25">Kausland (brekko)</stop>
    <stop arrival="11:25" departure="11:25">Kausland industri</stop>
    <stop arrival="11:26" departure="11:26">Kausland Sund Auto</stop>
    <stop arrival="11:27" departure="11:27">Spildepollen</stop>
    <stop arrival="11:28" departure="11:28">Kårevik</stop>
    <stop arrival="11:28" departure="11:28">Kårevik</stop>
    <stop arrival="11:29" departure="11:29">Pollen skule</stop>
    <stop arrival="11:30" departure="11:30">Eidesjøen</stop>
    <stop arrival="11:32" departure="11:32">Eidesjøen Tveitaneset</stop>
    <stop arrival="11:34" departure="11:34">Hammersland (Sund)</stop>
    <stop arrival="11:35" departure="11:35">Hammersland (Sund)</stop>
    <stop arrival="11:40" departure="11:40">Skogsskiftet term.</stop>
    <stop arrival="11:41" departure="11:41">Trengereid (Fjell)</stop>
    <stop arrival="11:41" departure="11:41">Trengereid Slettebakken (Fjell</stop>
    <stop arrival="11:43" departure="11:43">Dalseide (Fjell)</stop>
    <stop arrival="11:44" departure="11:44">Dala (Fjell)</stop>
    <stop arrival="11:44" departure="11:44">Dala (Fjell)</stop>
    <stop arrival="11:45" departure="11:45">Tellnes skule</stop>
    <stop arrival="11:45" departure="11:45">Tellnesskiftet</stop>
    <stop arrival="11:46" departure="11:46">Tellnes Bruabrekko</stop>
    <stop arrival="11:47" departure="11:47">Tellnesskogen</stop>
    <stop arrival="11:48" departure="11:48">Fjell søre Krossleite</stop>
    <stop arrival="11:48" departure="11:48">Fjell Krossleite</stop>
    <stop arrival="11:49" departure="11:49">Fjell Podlagrinda</stop>
    <stop arrival="11:49" departure="11:49">Fjell Søre</stop>
    <stop arrival="11:50" departure="11:50">Fjell Leite</stop>
    <stop arrival="11:50" departure="11:50">Fjell kyrkje</stop>
    <stop arrival="11:50" departure="11:50">Fjell</stop>
    <stop arrival="11:51" departure="11:51">Fjell Heljedalen</stop>
    <stop arrival="11:52" departure="11:52">Fjell Blommen</stop>
    <stop arrival="11:58" departure="11:58">Bildøy</stop>
    <stop arrival="12:00" departure="12:00">Straume term.</stop>
    <stop arrival="12:03" departure="12:03">Knarrevik</stop>
    <stop arrival="12:05" departure="12:05">Drotningsvik Rv 555</stop>
    <stop arrival="12:06" departure="12:06">Breivikskiftet</stop>
    <stop arrival="12:09" departure="12:09">Frida Fasmer</stop>
    <stop arrival="12:13" departure="12:13">Lyngbø Motorvei R555</stop>
    <stop arrival="12:17" departure="12:17">Møhlenpris v/ Industrihuset</stop>
    <stop arrival="12:19" departure="12:19">Nygårdsgaten</stop>
    <stop arrival="12:20">Bergen Busstasjon</stop>
  </route>
  <route no="459" destination="Bergen Busstasjon" url="http://www.web2051.no/bin/tp/zuginfo.exe/on/515094/173947/301226/21085/1/" trafficDays="kjører Ma - Fr, ikke 13., 17., 24. Mai">
    <stop departure="11:05" routeNo="459">Tælavåg snuplass</stop>
    <stop arrival="11:05" departure="11:05">Tælavåg Øvretveit</stop>
    <stop arrival="11:06" departure="11:06">Tælavåg Øvretveit (brekko)</stop>
    <stop arrival="11:06" departure="11:06">Tælavåg Midttveit</stop>
    <stop arrival="11:07" departure="11:07">Tælavåg skule</stop>
    <stop arrival="11:07" departure="11:07">Tælavåg Telle</stop>
    <stop arrival="11:07" departure="11:07">Tælavåg bedehus</stop>
    <stop arrival="11:08" departure="11:08">Tælavåg Nipa</stop>
    <stop arrival="11:08" departure="11:08">Tælavåg Nipa byggefelt</stop>
    <stop arrival="11:09" departure="11:09">Tælavåg Museum (Idrettsplass)</stop>
    <stop arrival="11:09" departure="11:09">Tælavåg Sælstø</stop>
    <stop arrival="11:11" departure="11:11">Tælavåg gravplass</stop>
    <stop arrival="11:12" departure="11:12">Asphaug</stop>
    <stop arrival="11:14" departure="11:14">Spildepollen</stop>
    <stop arrival="11:15" departure="11:15">Kausland Sund Auto</stop>
    <stop arrival="11:15" departure="11:15">Kausland industri</stop>
    <stop arrival="11:16" departure="11:16">Kausland (brekko)</stop>
    <stop arrival="11:16" departure="11:16">Kausland gard</stop>
    <stop arrival="11:17" departure="11:17">Kausland kyrkje</stop>
    <stop arrival="11:17" departure="11:17">Kausland (Lunde)</stop>
    <stop arrival="11:18" departure="11:18">Glesnes Skule</stop>
    <stop arrival="11:19" departure="11:19">Glesvær (Elva)</stop>
    <stop arrival="11:19" departure="11:19">Glesvær (Slettebergsmauget)</stop>
    <stop arrival="11:20" departure="11:20">Glesvær (Vollakrysset)</stop>
    <stop arrival="11:20" departure="11:20">Glesvær snuplass</stop>
    <stop arrival="11:20" departure="11:20">Glesvær (Vollakrysset)</stop>
    <stop arrival="11:21" departure="11:21">Glesvær (Slettebergsmauget)</stop>
    <stop arrival="11:21" departure="11:21">Glesvær (Elva)</stop>
    <stop arrival="11:22" departure="11:22">Glesnes Skule</stop>
    <stop arrival="11:24" departure="11:24">Kausland (Lunde)</stop>
    <stop arrival="11:24" departure="11:24">Kausland kyrkje</stop>
    <stop arrival="11:24" departure="11:24">Kausland gard</stop>
    <stop arrival="11:25" departure="11:25">Kausland (brekko)</stop>
    <stop arrival="11:25" departure="11:25">Kausland industri</stop>
    <stop arrival="11:26" departure="11:26">Kausland Sund Auto</stop>
    <stop arrival="11:27" departure="11:27">Spildepollen</stop>
    <stop arrival="11:28" departure="11:28">Kårevik</stop>
    <stop arrival="11:28" departure="11:28">Kårevik</stop>
    <stop arrival="11:29" departure="11:29">Pollen skule</stop>
    <stop arrival="11:30" departure="11:30">Eidesjøen</stop>
    <stop arrival="11:32" departure="11:32">Eidesjøen Tveitaneset</stop>
    <stop arrival="11:34" departure="11:34">Hammersland (Sund)</stop>
    <stop arrival="11:35" departure="11:35">Hammersland (Sund)</stop>
    <stop arrival="11:40" departure="11:40">Skogsskiftet term.</stop>
    <stop arrival="11:41" departure="11:41">Trengereid (Fjell)</stop>
    <stop arrival="11:41" departure="11:41">Trengereid Slettebakken (Fjell</stop>
    <stop arrival="11:43" departure="11:43">Dalseide (Fjell)</stop>
    <stop arrival="11:44" departure="11:44">Dala (Fjell)</stop>
    <stop arrival="11:44" departure="11:44">Dala (Fjell)</stop>
    <stop arrival="11:45" departure="11:45">Tellnes skule</stop>
    <stop arrival="11:45" departure="11:45">Tellnesskiftet</stop>
    <stop arrival="11:46" departure="11:46">Tellnes Bruabrekko</stop>
    <stop arrival="11:47" departure="11:47">Tellnesskogen</stop>
    <stop arrival="11:48" departure="11:48">Fjell søre Krossleite</stop>
    <stop arrival="11:48" departure="11:48">Fjell Krossleite</stop>
    <stop arrival="11:49" departure="11:49">Fjell Podlagrinda</stop>
    <stop arrival="11:49" departure="11:49">Fjell Søre</stop>
    <stop arrival="11:50" departure="11:50">Fjell Leite</stop>
    <stop arrival="11:50" departure="11:50">Fjell kyrkje</stop>
    <stop arrival="11:50" departure="11:50">Fjell</stop>
    <stop arrival="11:51" departure="11:51">Fjell Heljedalen</stop>
    <stop arrival="11:52" departure="11:52">Fjell Blommen</stop>
    <stop arrival="11:58" departure="11:58">Bildøy</stop>
    <stop arrival="12:00" departure="12:00">Straume term.</stop>
    <stop arrival="12:03" departure="12:03">Knarrevik</stop>
    <stop arrival="12:05" departure="12:05">Drotningsvik Rv 555</stop>
    <stop arrival="12:06" departure="12:06">Breivikskiftet</stop>
    <stop arrival="12:09" departure="12:09">Frida Fasmer</stop>
    <stop arrival="12:13" departure="12:13">Lyngbø Motorvei R555</stop>
    <stop arrival="12:17" departure="12:17">Møhlenpris v/ Industrihuset</stop>
    <stop arrival="12:19" departure="12:19">Nygårdsgaten</stop>
    <stop arrival="12:20">Bergen Busstasjon</stop>
  </route>
  <route no="459" destination="Tælavåg snuplass" url="http://www.web2051.no/bin/tp/zuginfo.exe/on/905751/304160/972182/184174/1/" trafficDays="kjører Lø, ikke 1. Mai">
    <stop departure="11:05" routeNo="459">Straume term.</stop>
    <stop arrival="11:06" departure="11:06">Bildøy</stop>
    <stop arrival="11:09" departure="11:09">Fjell Blommen</stop>
    <stop arrival="11:09" departure="11:09">Fjell Heljedalen</stop>
    <stop arrival="11:10" departure="11:10">Fjell</stop>
    <stop arrival="11:10" departure="11:10">Fjell kyrkje</stop>
    <stop arrival="11:10" departure="11:10">Fjell Leite</stop>
    <stop arrival="11:11" departure="11:11">Fjell Søre</stop>
    <stop arrival="11:11" departure="11:11">Fjell Podlagrinda</stop>
    <stop arrival="11:12" departure="11:12">Fjell Krossleite</stop>
    <stop arrival="11:12" departure="11:12">Fjell søre Krossleite</stop>
    <stop arrival="11:13" departure="11:13">Tellnesskogen</stop>
    <stop arrival="11:14" departure="11:14">Tellnes Bruabrekko</stop>
    <stop arrival="11:15" departure="11:15">Tellnesskiftet</stop>
    <stop arrival="11:15" departure="11:15">Tellnes skule</stop>
    <stop arrival="11:17" departure="11:17">Dala (Fjell)</stop>
    <stop arrival="11:17" departure="11:17">Dala (Fjell)</stop>
    <stop arrival="11:18" departure="11:18">Dalseide (Fjell)</stop>
    <stop arrival="11:23" departure="11:23">Trengereid Slettebakken (Fjell</stop>
    <stop arrival="11:24" departure="11:24">Trengereid (Fjell)</stop>
    <stop arrival="11:25" departure="11:25">Skogsskiftet term.</stop>
    <stop arrival="11:28" departure="11:28">Hammersland (Sund)</stop>
    <stop arrival="11:28" departure="11:28">Hammersland (Sund)</stop>
    <stop arrival="11:29" departure="11:29">Eidesjøen Tveitaneset</stop>
    <stop arrival="11:30" departure="11:30">Eidesjøen</stop>
    <stop arrival="11:31" departure="11:31">Pollen skule</stop>
    <stop arrival="11:32" departure="11:32">Kårevik</stop>
    <stop arrival="11:32" departure="11:32">Kårevik</stop>
    <stop arrival="11:33" departure="11:33">Spildepollen</stop>
    <stop arrival="11:34" departure="11:34">Kausland Sund Auto</stop>
    <stop arrival="11:34" departure="11:34">Kausland industri</stop>
    <stop arrival="11:35" departure="11:35">Kausland (brekko)</stop>
    <stop arrival="11:36" departure="11:36">Kausland gard</stop>
    <stop arrival="11:36" departure="11:36">Kausland kyrkje</stop>
    <stop arrival="11:36" departure="11:36">Kausland (Lunde)</stop>
    <stop arrival="11:38" departure="11:38">Glesnes Skule</stop>
    <stop arrival="11:39" departure="11:39">Glesvær (Elva)</stop>
    <stop arrival="11:39" departure="11:39">Glesvær (Slettebergsmauget)</stop>
    <stop arrival="11:39" departure="11:39">Glesvær (Vollakrysset)</stop>
    <stop arrival="11:40" departure="11:40">Glesvær snuplass</stop>
    <stop arrival="11:40" departure="11:40">Glesvær (Vollakrysset)</stop>
    <stop arrival="11:41" departure="11:41">Glesvær (Slettebergsmauget)</stop>
    <stop arrival="11:41" departure="11:41">Glesvær (Elva)</stop>
    <stop arrival="11:41" departure="11:41">Glesnes Skule</stop>
    <stop arrival="11:43" departure="11:43">Kausland (Lunde)</stop>
    <stop arrival="11:43" departure="11:43">Kausland kyrkje</stop>
    <stop arrival="11:44" departure="11:44">Kausland gard</stop>
    <stop arrival="11:44" departure="11:44">Kausland (brekko)</stop>
    <stop arrival="11:45" departure="11:45">Kausland industri</stop>
    <stop arrival="11:45" departure="11:45">Kausland Sund Auto</stop>
    <stop arrival="11:46" departure="11:46">Spildepollen</stop>
    <stop arrival="11:47" departure="11:47">Asphaug</stop>
    <stop arrival="11:49" departure="11:49">Tælavåg gravplass</stop>
    <stop arrival="11:51" departure="11:51">Tælavåg Sælstø</stop>
    <stop arrival="11:51" departure="11:51">Tælavåg Museum (Idrettsplass)</stop>
    <stop arrival="11:52" departure="11:52">Tælavåg Nipa byggefelt</stop>
    <stop arrival="11:52" departure="11:52">Tælavåg Nipa</stop>
    <stop arrival="11:53" departure="11:53">Tælavåg bedehus</stop>
    <stop arrival="11:53" departure="11:53">Tælavåg Telle</stop>
    <stop arrival="11:53" departure="11:53">Tælavåg skule</stop>
    <stop arrival="11:54" departure="11:54">Tælavåg Midttveit</stop>
    <stop arrival="11:54" departure="11:54">Tælavåg Øvretveit (brekko)</stop>
    <stop arrival="11:55" departure="11:55">Tælavåg Øvretveit</stop>
    <stop arrival="11:55">Tælavåg snuplass</stop>
  </route>
  <route no="459" destination="Tælavåg snuplass" url="http://www.web2051.no/bin/tp/zuginfo.exe/on/423531/143420/116178/83088/1/" trafficDays="kjører Lø, ikke 1. Mai">
    <stop departure="11:05" routeNo="459">Straume term.</stop>
    <stop arrival="11:06" departure="11:06">Bildøy</stop>
    <stop arrival="11:09" departure="11:09">Fjell Blommen</stop>
    <stop arrival="11:09" departure="11:09">Fjell Heljedalen</stop>
    <stop arrival="11:10" departure="11:10">Fjell</stop>
    <stop arrival="11:10" departure="11:10">Fjell kyrkje</stop>
    <stop arrival="11:10" departure="11:10">Fjell Leite</stop>
    <stop arrival="11:11" departure="11:11">Fjell Søre</stop>
    <stop arrival="11:11" departure="11:11">Fjell Podlagrinda</stop>
    <stop arrival="11:12" departure="11:12">Fjell Krossleite</stop>
    <stop arrival="11:12" departure="11:12">Fjell søre Krossleite</stop>
    <stop arrival="11:13" departure="11:13">Tellnesskogen</stop>
    <stop arrival="11:14" departure="11:14">Tellnes Bruabrekko</stop>
    <stop arrival="11:15" departure="11:15">Tellnesskiftet</stop>
    <stop arrival="11:15" departure="11:15">Tellnes skule</stop>
    <stop arrival="11:17" departure="11:17">Dala (Fjell)</stop>
    <stop arrival="11:17" departure="11:17">Dala (Fjell)</stop>
    <stop arrival="11:18" departure="11:18">Dalseide (Fjell)</stop>
    <stop arrival="11:23" departure="11:23">Trengereid Slettebakken (Fjell</stop>
    <stop arrival="11:24" departure="11:24">Trengereid (Fjell)</stop>
    <stop arrival="11:25" departure="11:25">Skogsskiftet term.</stop>
    <stop arrival="11:28" departure="11:28">Hammersland (Sund)</stop>
    <stop arrival="11:28" departure="11:28">Hammersland (Sund)</stop>
    <stop arrival="11:29" departure="11:29">Eidesjøen Tveitaneset</stop>
    <stop arrival="11:30" departure="11:30">Eidesjøen</stop>
    <stop arrival="11:31" departure="11:31">Pollen skule</stop>
    <stop arrival="11:32" departure="11:32">Kårevik</stop>
    <stop arrival="11:32" departure="11:32">Kårevik</stop>
    <stop arrival="11:33" departure="11:33">Spildepollen</stop>
    <stop arrival="11:34" departure="11:34">Kausland Sund Auto</stop>
    <stop arrival="11:34" departure="11:34">Kausland industri</stop>
    <stop arrival="11:35" departure="11:35">Kausland (brekko)</stop>
    <stop arrival="11:36" departure="11:36">Kausland gard</stop>
    <stop arrival="11:36" departure="11:36">Kausland kyrkje</stop>
    <stop arrival="11:36" departure="11:36">Kausland (Lunde)</stop>
    <stop arrival="11:38" departure="11:38">Glesnes Skule</stop>
    <stop arrival="11:39" departure="11:39">Glesvær (Elva)</stop>
    <stop arrival="11:39" departure="11:39">Glesvær (Slettebergsmauget)</stop>
    <stop arrival="11:39" departure="11:39">Glesvær (Vollakrysset)</stop>
    <stop arrival="11:40" departure="11:40">Glesvær snuplass</stop>
    <stop arrival="11:40" departure="11:40">Glesvær (Vollakrysset)</stop>
    <stop arrival="11:41" departure="11:41">Glesvær (Slettebergsmauget)</stop>
    <stop arrival="11:41" departure="11:41">Glesvær (Elva)</stop>
    <stop arrival="11:41" departure="11:41">Glesnes Skule</stop>
    <stop arrival="11:43" departure="11:43">Kausland (Lunde)</stop>
    <stop arrival="11:43" departure="11:43">Kausland kyrkje</stop>
    <stop arrival="11:44" departure="11:44">Kausland gard</stop>
    <stop arrival="11:44" departure="11:44">Kausland (brekko)</stop>
    <stop arrival="11:45" departure="11:45">Kausland industri</stop>
    <stop arrival="11:45" departure="11:45">Kausland Sund Auto</stop>
    <stop arrival="11:46" departure="11:46">Spildepollen</stop>
    <stop arrival="11:47" departure="11:47">Asphaug</stop>
    <stop arrival="11:49" departure="11:49">Tælavåg gravplass</stop>
    <stop arrival="11:51" departure="11:51">Tælavåg Sælstø</stop>
    <stop arrival="11:51" departure="11:51">Tælavåg Museum (Idrettsplass)</stop>
    <stop arrival="11:52" departure="11:52">Tælavåg Nipa byggefelt</stop>
    <stop arrival="11:52" departure="11:52">Tælavåg Nipa</stop>
    <stop arrival="11:53" departure="11:53">Tælavåg bedehus</stop>
    <stop arrival="11:53" departure="11:53">Tælavåg Telle</stop>
    <stop arrival="11:53" departure="11:53">Tælavåg skule</stop>
    <stop arrival="11:54" departure="11:54">Tælavåg Midttveit</stop>
    <stop arrival="11:54" departure="11:54">Tælavåg Øvretveit (brekko)</stop>
    <stop arrival="11:55" departure="11:55">Tælavåg Øvretveit</stop>
    <stop arrival="11:55">Tælavåg snuplass</stop>
  </route>
</routes>
