<?xml version="1.0" encoding="UTF-8"?>
<routes>
  <route no="370" destination="Lonevåg terminal" url="http://www.web2051.no/bin/tp/zuginfo.exe/on/59610/20768/73712/16986/1/" trafficDays="kjører Lø, ikke 1. Mai">
    <stop departure="11:10" routeNo="370">Valestrand</stop>
    <stop arrival="11:11" departure="11:11">Eidefeltet (Osterøy)</stop>
    <stop arrival="11:11" departure="11:11">Eidefeltet (Osterøy)</stop>
    <stop arrival="11:11" departure="11:11">Rundhovde</stop>
    <stop arrival="11:11" departure="11:11">Rundhovde</stop>
    <stop arrival="11:12" departure="11:12">Varmyra sør (Osterøy)</stop>
    <stop arrival="11:14" departure="11:14">Varmyra nord (Osterøy)</stop>
    <stop arrival="11:15" departure="11:15">Kvamme S, Osterøy</stop>
    <stop arrival="11:15" departure="11:15">Kvamme N, Osterøy</stop>
    <stop arrival="11:17" departure="11:17">Angelskår</stop>
    <stop arrival="11:17" departure="11:17">Angelskår</stop>
    <stop arrival="11:18" departure="11:18">Eikeland (Osterøy)</stop>
    <stop arrival="11:20" departure="11:20">Hamre (Osterøy)</stop>
    <stop arrival="11:21" departure="11:21">Hamre byggefelt (Osterøy)</stop>
    <stop arrival="11:21" departure="11:21">Hamre kyrkje, Osterøy</stop>
    <stop arrival="11:21" departure="11:21">Hamre (Osterøy)</stop>
    <stop arrival="11:22" departure="11:22">Hamre (Osterøy)</stop>
    <stop arrival="11:22" departure="11:22">Hamre (Osterøy)</stop>
    <stop arrival="11:22" departure="11:22">Sandal, Osterøy</stop>
    <stop arrival="11:24" departure="11:24">Hustrulid</stop>
    <stop arrival="11:24" departure="11:24">Hustrulid</stop>
    <stop arrival="11:25" departure="11:25">Bleikli</stop>
    <stop arrival="11:26" departure="11:26">Bleikli</stop>
    <stop arrival="11:26" departure="11:26">Tveiten (Osterøy)</stop>
    <stop arrival="11:27" departure="11:27">Tveitaskaret</stop>
    <stop arrival="11:28" departure="11:28">Horsås</stop>
    <stop arrival="11:28" departure="11:28">Måsevoll</stop>
    <stop arrival="11:29" departure="11:29">Mjeldstad Øvre</stop>
    <stop arrival="11:29" departure="11:29">Mjeldstad Mitre</stop>
    <stop arrival="11:29" departure="11:29">Mjeldstad Nedre</stop>
    <stop arrival="11:30" departure="11:30">Tepstad</stop>
    <stop arrival="11:30" departure="11:30">Tepstad</stop>
    <stop arrival="11:30" departure="11:30">Birkeland (Osterøy)</stop>
    <stop arrival="11:31" departure="11:31">Birkeland (Osterøy)</stop>
    <stop arrival="11:31" departure="11:31">Hjelvik</stop>
    <stop arrival="11:32" departure="11:32">Hjelvik</stop>
    <stop arrival="11:32" departure="11:32">Hjelvik</stop>
    <stop arrival="11:32" departure="11:32">Hjelvikvåg</stop>
    <stop arrival="11:33" departure="11:33">Hjelvik</stop>
    <stop arrival="11:33" departure="11:33">Hjelvik</stop>
    <stop arrival="11:34" departure="11:34">Raknes nord</stop>
    <stop arrival="11:36" departure="11:36">Raknes v fabrikken</stop>
    <stop arrival="11:36" departure="11:36">Raknes</stop>
    <stop arrival="11:37" departure="11:37">Raknes sør</stop>
    <stop arrival="11:37" departure="11:37">Raknes</stop>
    <stop arrival="11:38" departure="11:38">Raknes v fabrikken</stop>
    <stop arrival="11:39" departure="11:39">Raknes nord</stop>
    <stop arrival="11:39" departure="11:39">Hjelvik</stop>
    <stop arrival="11:39" departure="11:39">Hjelvik</stop>
    <stop arrival="11:40" departure="11:40">Hjelvikvåg</stop>
    <stop arrival="11:40" departure="11:40">Hjelvik</stop>
    <stop arrival="11:40" departure="11:40">Håland (Osterøy)</stop>
    <stop arrival="11:42" departure="11:42">Håland (Osterøy)</stop>
    <stop arrival="11:42" departure="11:42">Børtveit, Osterøy</stop>
    <stop arrival="11:43" departure="11:43">Skår nord (Osterøy)</stop>
    <stop arrival="11:44" departure="11:44">Skår sør (Osterøy)</stop>
    <stop arrival="11:45" departure="11:45">Greve, Osterøy</stop>
    <stop arrival="11:46" departure="11:46">Borge (Osterøy)</stop>
    <stop arrival="11:47" departure="11:47">Borge (Osterøy)</stop>
    <stop arrival="11:50" departure="11:50">Haugsviksvingen</stop>
    <stop arrival="11:52" departure="11:52">Hauge skule (Osterøy)</stop>
    <stop arrival="11:53" departure="11:53">Hauge (Osterøy)</stop>
    <stop arrival="11:54" departure="11:54">Hauge Industrier (Osterøy)</stop>
    <stop arrival="11:55" departure="11:55">Hauge (Osterøy)</stop>
    <stop arrival="11:55" departure="11:55">Hauge skule (Osterøy)</stop>
    <stop arrival="11:56" departure="11:56">Haugsviksvingen</stop>
    <stop arrival="11:56" departure="11:56">Øyjordsbru</stop>
    <stop arrival="11:58" departure="11:58">Revheim</stop>
    <stop arrival="11:59" departure="11:59">Revheim</stop>
    <stop arrival="11:59" departure="11:59">Lone Bru, Osterøy</stop>
    <stop arrival="12:00" departure="12:00">Lone, Osterøy</stop>
    <stop arrival="12:00" departure="12:00">Lone N , Osterøy</stop>
    <stop arrival="12:01" departure="12:01">Kårvik vkr. (Osterøy)</stop>
    <stop arrival="12:02">Lonevåg terminal</stop>
  </route>
  <route no="370" destination="Lonevåg terminal" url="http://www.web2051.no/bin/tp/zuginfo.exe/on/96597/33090/606752/271177/1/" trafficDays="kjører Ma - Fr, ikke 13., 17., 24. Mai">
    <stop departure="11:10" routeNo="370">Valestrand</stop>
    <stop arrival="11:11" departure="11:11">Eidefeltet (Osterøy)</stop>
    <stop arrival="11:11" departure="11:11">Eidefeltet (Osterøy)</stop>
    <stop arrival="11:11" departure="11:11">Rundhovde</stop>
    <stop arrival="11:11" departure="11:11">Rundhovde</stop>
    <stop arrival="11:12" departure="11:12">Varmyra sør (Osterøy)</stop>
    <stop arrival="11:14" departure="11:14">Varmyra nord (Osterøy)</stop>
    <stop arrival="11:15" departure="11:15">Kvamme S, Osterøy</stop>
    <stop arrival="11:15" departure="11:15">Kvamme N, Osterøy</stop>
    <stop arrival="11:17" departure="11:17">Angelskår</stop>
    <stop arrival="11:17" departure="11:17">Angelskår</stop>
    <stop arrival="11:18" departure="11:18">Eikeland (Osterøy)</stop>
    <stop arrival="11:20" departure="11:20">Hamre (Osterøy)</stop>
    <stop arrival="11:21" departure="11:21">Hamre byggefelt (Osterøy)</stop>
    <stop arrival="11:21" departure="11:21">Hamre kyrkje, Osterøy</stop>
    <stop arrival="11:21" departure="11:21">Hamre (Osterøy)</stop>
    <stop arrival="11:22" departure="11:22">Hamre (Osterøy)</stop>
    <stop arrival="11:22" departure="11:22">Hamre (Osterøy)</stop>
    <stop arrival="11:23" departure="11:23">Sandal, Osterøy</stop>
    <stop arrival="11:25" departure="11:25">Hustrulid</stop>
    <stop arrival="11:26" departure="11:26">Hustrulid</stop>
    <stop arrival="11:27" departure="11:27">Bleikli</stop>
    <stop arrival="11:28" departure="11:28">Bleikli</stop>
    <stop arrival="11:29" departure="11:29">Tveiten (Osterøy)</stop>
    <stop arrival="11:30" departure="11:30">Tveitaskaret</stop>
    <stop arrival="11:31" departure="11:31">Horsås</stop>
    <stop arrival="11:32" departure="11:32">Måsevoll</stop>
    <stop arrival="11:33" departure="11:33">Mjeldstad Øvre</stop>
    <stop arrival="11:33" departure="11:33">Mjeldstad Mitre</stop>
    <stop arrival="11:34" departure="11:34">Mjeldstad Nedre</stop>
    <stop arrival="11:35" departure="11:35">Tepstad</stop>
    <stop arrival="11:35" departure="11:35">Tepstad</stop>
    <stop arrival="11:36" departure="11:36">Birkeland (Osterøy)</stop>
    <stop arrival="11:36" departure="11:36">Birkeland (Osterøy)</stop>
    <stop arrival="11:37" departure="11:37">Hjelvik</stop>
    <stop arrival="11:37" departure="11:37">Hjelvik</stop>
    <stop arrival="11:38" departure="11:38">Hjelvik</stop>
    <stop arrival="11:38" departure="11:38">Hjelvikvåg</stop>
    <stop arrival="11:39" departure="11:39">Hjelvik</stop>
    <stop arrival="11:40" departure="11:40">Hjelvik</stop>
    <stop arrival="11:41" departure="11:41">Raknes nord</stop>
    <stop arrival="11:43" departure="11:43">Raknes v fabrikken</stop>
    <stop arrival="11:44" departure="11:44">Raknes</stop>
    <stop arrival="11:45" departure="11:45">Raknes sør</stop>
    <stop arrival="11:46" departure="11:46">Raknes</stop>
    <stop arrival="11:46" departure="11:46">Raknes v fabrikken</stop>
    <stop arrival="11:47" departure="11:47">Raknes nord</stop>
    <stop arrival="11:47" departure="11:47">Hjelvik</stop>
    <stop arrival="11:48" departure="11:48">Hjelvik</stop>
    <stop arrival="11:48" departure="11:48">Hjelvikvåg</stop>
    <stop arrival="11:49" departure="11:49">Hjelvik</stop>
    <stop arrival="11:49" departure="11:49">Håland (Osterøy)</stop>
    <stop arrival="11:51" departure="11:51">Håland (Osterøy)</stop>
    <stop arrival="11:52" departure="11:52">Børtveit, Osterøy</stop>
    <stop arrival="11:53" departure="11:53">Skår nord (Osterøy)</stop>
    <stop arrival="11:54" departure="11:54">Skår sør (Osterøy)</stop>
    <stop arrival="11:56" departure="11:56">Greve, Osterøy</stop>
    <stop arrival="11:57" departure="11:57">Borge (Osterøy)</stop>
    <stop arrival="11:58" departure="11:58">Borge (Osterøy)</stop>
    <stop arrival="11:59" departure="11:59">Haugsviksvingen</stop>
    <stop arrival="12:00" departure="12:00">Øyjordsbru</stop>
    <stop arrival="12:03" departure="12:03">Revheim</stop>
    <stop arrival="12:04" departure="12:04">Revheim</stop>
    <stop arrival="12:06" departure="12:06">Lone Bru, Osterøy</stop>
    <stop arrival="12:07" departure="12:07">Lone, Osterøy</stop>
    <stop arrival="12:08" departure="12:08">Lone N , Osterøy</stop>
    <stop arrival="12:10" departure="12:10">Kårvik vkr. (Osterøy)</stop>
    <stop arrival="12:11">Lonevåg terminal</stop>
  </route>
</routes>
