<?xml version="1.0" encoding="UTF-8"?>
<routes>
  <route no="398" destination="Kvisti (Osterøy)" url="http://www.web2051.no/bin/tp/zuginfo.exe/on/81510/28273/666972/306316/1/" trafficDays="kjører Fr">
    <stop departure="10:58" routeNo="398">Olsnesskiftet</stop>
    <stop arrival="10:59" departure="10:59">Olsnesskiftet</stop>
    <stop arrival="11:00" departure="11:00">Bruvik v byggefelt</stop>
    <stop arrival="11:00" departure="11:00">Bruvik v butikken</stop>
    <stop arrival="11:01" departure="11:01">Bruvik 1</stop>
    <stop arrival="11:04" departure="11:04">Bruvik v Lushalien</stop>
    <stop arrival="11:04" departure="11:04">Bruvik Ytre</stop>
    <stop arrival="11:05" departure="11:05">Hekland</stop>
    <stop arrival="11:06" departure="11:06">Hekland</stop>
    <stop arrival="11:09" departure="11:09">Skaftå bru</stop>
    <stop arrival="11:10" departure="11:10">Skaftå m butikk</stop>
    <stop arrival="11:11" departure="11:11">Vik (Bruvik)</stop>
    <stop arrival="11:11" departure="11:11">Vik (Bruvik)</stop>
    <stop arrival="11:12" departure="11:12">Vik (Bruvik)</stop>
    <stop arrival="11:12" departure="11:12">Stokke (Osterøy)</stop>
    <stop arrival="11:13" departure="11:13">Stokke (Osterøy)</stop>
    <stop arrival="11:15" departure="11:15">Vimmelvik</stop>
    <stop arrival="11:15" departure="11:15">Vimmelvik</stop>
    <stop arrival="11:17" departure="11:17">Havrå</stop>
    <stop arrival="11:17" departure="11:17">Blom (Osterøy)</stop>
    <stop arrival="11:18" departure="11:18">Blom (Osterøy)</stop>
    <stop arrival="11:19" departure="11:19">Hundhammer (Osterøy)</stop>
    <stop arrival="11:22">Kvisti (Osterøy)</stop>
  </route>
</routes>
