<?xml version="1.0" encoding="UTF-8"?>
<routes>
  <route no="42" destination="Alvøen kai" url="http://www.web2051.no/bin/tp/zuginfo.exe/on/225822/76725/675120/262287/1/" trafficDays="kjører Ma - Fr, ikke 13., 17., 24. Mai">
    <stop departure="10:50" routeNo="42">Loddefjord term.</stop>
    <stop arrival="10:53" departure="10:53">Hetlevikskiftet</stop>
    <stop arrival="10:53" departure="10:53">Hetlevikstrømmen</stop>
    <stop arrival="10:55" departure="10:55">Notaneset</stop>
    <stop arrival="10:56" departure="10:56">Haakonsvern/Mathopen</stop>
    <stop arrival="10:57" departure="10:57">Mathopen Sætre</stop>
    <stop arrival="10:58" departure="10:58">Skare (Mathopen skole)</stop>
    <stop arrival="11:00" departure="11:00">Hilleren</stop>
    <stop arrival="11:01" departure="11:01">Medhaugflaten</stop>
    <stop arrival="11:02" departure="11:02">Storingavika</stop>
    <stop arrival="11:02" departure="11:02">Lille Kongshaug</stop>
    <stop arrival="11:03" departure="11:03">Håkonshella Feriehjemmet</stop>
    <stop arrival="11:03" departure="11:03">Håkonshella Feriehjemmet</stop>
    <stop arrival="11:04" departure="11:04">Håkonshella Myren</stop>
    <stop arrival="11:04" departure="11:04">Håkonshella Skansen</stop>
    <stop arrival="11:05" departure="11:05">Håkonshella Ungdomshuset</stop>
    <stop arrival="11:06" departure="11:06">Håkonshella</stop>
    <stop arrival="11:09" departure="11:09">Hillehaugen</stop>
    <stop arrival="11:10" departure="11:10">Ørnefjellet</stop>
    <stop arrival="11:11" departure="11:11">Alvøen gård</stop>
    <stop arrival="11:12" departure="11:12">Alvøen kryss holdepl.</stop>
    <stop arrival="11:12" departure="11:12">Alvøen nede</stop>
    <stop arrival="11:13">Alvøen kai</stop>
  </route>
  <route no="42" destination="Bergen Busstasjon" url="http://www.web2051.no/bin/tp/zuginfo.exe/on/928398/310992/161478/228727/1/" trafficDays="kjører Sø, også 1., 13., 17., 24. Mai">
    <stop departure="10:50" routeNo="42">Bjorøy skole</stop>
    <stop arrival="10:51" departure="10:51">Bjorøy etter X Kai</stop>
    <stop arrival="10:52" departure="10:52">Bjorøy X til kai</stop>
    <stop arrival="10:52" departure="10:52">Bjorøy ved bommen</stop>
    <stop arrival="10:58" departure="10:58">Hillehaugen</stop>
    <stop arrival="10:59" departure="10:59">Hillehaugen</stop>
    <stop arrival="10:59" departure="10:59">Håkonshella Feriehjemmet</stop>
    <stop arrival="11:00" departure="11:00">Lille Kongshaug</stop>
    <stop arrival="11:01" departure="11:01">Storingavika</stop>
    <stop arrival="11:01" departure="11:01">Medhaugflaten</stop>
    <stop arrival="11:02" departure="11:02">Hilleren</stop>
    <stop arrival="11:03" departure="11:03">Skaretoppen</stop>
    <stop arrival="11:03" departure="11:03">Skare (Mathopen skole)</stop>
    <stop arrival="11:04" departure="11:04">Mathopen Sætre</stop>
    <stop arrival="11:05" departure="11:05">Haakonsvern/Mathopen</stop>
    <stop arrival="11:07" departure="11:07">Notaneset</stop>
    <stop arrival="11:10" departure="11:10">Hetlevikstrømmen</stop>
    <stop arrival="11:11" departure="11:11">Hetlevikskiftet</stop>
    <stop arrival="11:15">Loddefjord term.</stop>
  </route>
  <route no="42" destination="Bergen Busstasjon" url="http://www.web2051.no/bin/tp/zuginfo.exe/on/763734/256086/460886/24137/1/" trafficDays="kjører Lø, ikke 1. Mai">
    <stop departure="10:50" routeNo="42">Bjorøy skole</stop>
    <stop arrival="10:51" departure="10:51">Bjorøy etter X Kai</stop>
    <stop arrival="10:52" departure="10:52">Bjorøy X til kai</stop>
    <stop arrival="10:52" departure="10:52">Bjorøy ved bommen</stop>
    <stop arrival="10:58" departure="10:58">Hillehaugen</stop>
    <stop arrival="10:59" departure="10:59">Hillehaugen</stop>
    <stop arrival="10:59" departure="10:59">Håkonshella Feriehjemmet</stop>
    <stop arrival="11:00" departure="11:00">Lille Kongshaug</stop>
    <stop arrival="11:01" departure="11:01">Storingavika</stop>
    <stop arrival="11:01" departure="11:01">Medhaugflaten</stop>
    <stop arrival="11:02" departure="11:02">Hilleren</stop>
    <stop arrival="11:03" departure="11:03">Skaretoppen</stop>
    <stop arrival="11:03" departure="11:03">Skare (Mathopen skole)</stop>
    <stop arrival="11:04" departure="11:04">Mathopen Sætre</stop>
    <stop arrival="11:05" departure="11:05">Haakonsvern/Mathopen</stop>
    <stop arrival="11:07" departure="11:07">Notaneset</stop>
    <stop arrival="11:10" departure="11:10">Hetlevikstrømmen</stop>
    <stop arrival="11:11" departure="11:11">Hetlevikskiftet</stop>
    <stop arrival="11:15" departure="11:15">Loddefjord term.</stop>
    <stop arrival="11:16" departure="11:16">Bjørndalstre krysset</stop>
    <stop arrival="11:17" departure="11:17">Tennebekk</stop>
    <stop arrival="11:20" departure="11:20">Lyngbø Motorvei R555</stop>
    <stop arrival="11:25" departure="11:25">Møhlenpris v/ Industrihuset</stop>
    <stop arrival="11:27" departure="11:27">Nygårdsgaten</stop>
    <stop arrival="11:30">Bergen Busstasjon</stop>
  </route>
  <route no="42" destination="Alvøen kai" url="http://www.web2051.no/bin/tp/zuginfo.exe/on/784386/262957/901216/189146/1/" trafficDays="kjører Lø, Sø, også 13., 24. Mai">
    <stop departure="11:20" routeNo="42">Loddefjord term.</stop>
    <stop arrival="11:23" departure="11:23">Hetlevikskiftet</stop>
    <stop arrival="11:23" departure="11:23">Hetlevikstrømmen</stop>
    <stop arrival="11:25" departure="11:25">Notaneset</stop>
    <stop arrival="11:26" departure="11:26">Haakonsvern/Mathopen</stop>
    <stop arrival="11:27" departure="11:27">Mathopen Sætre</stop>
    <stop arrival="11:28" departure="11:28">Skare (Mathopen skole)</stop>
    <stop arrival="11:30" departure="11:30">Hilleren</stop>
    <stop arrival="11:31" departure="11:31">Medhaugflaten</stop>
    <stop arrival="11:32" departure="11:32">Storingavika</stop>
    <stop arrival="11:32" departure="11:32">Lille Kongshaug</stop>
    <stop arrival="11:33" departure="11:33">Håkonshella Feriehjemmet</stop>
    <stop arrival="11:33" departure="11:33">Håkonshella Feriehjemmet</stop>
    <stop arrival="11:34" departure="11:34">Håkonshella Myren</stop>
    <stop arrival="11:34" departure="11:34">Håkonshella Skansen</stop>
    <stop arrival="11:35" departure="11:35">Håkonshella Ungdomshuset</stop>
    <stop arrival="11:36" departure="11:36">Håkonshella</stop>
    <stop arrival="11:39" departure="11:39">Hillehaugen</stop>
    <stop arrival="11:40" departure="11:40">Ørnefjellet</stop>
    <stop arrival="11:41" departure="11:41">Alvøen gård</stop>
    <stop arrival="11:42" departure="11:42">Alvøen kryss holdepl.</stop>
    <stop arrival="11:42" departure="11:42">Alvøen nede</stop>
    <stop arrival="11:43">Alvøen kai</stop>
  </route>
  <route no="42" destination="Bergen Busstasjon" url="http://www.web2051.no/bin/tp/zuginfo.exe/on/133902/46099/844164/377448/1/" trafficDays="kjører Ma - Fr, ikke 13., 17., 24. Mai">
    <stop departure="11:20" routeNo="42">Alvøen kai</stop>
    <stop arrival="11:21" departure="11:21">Alvøen nede</stop>
    <stop arrival="11:21" departure="11:21">Alvøen kryss holdepl.</stop>
    <stop arrival="11:22" departure="11:22">Alvøen gård</stop>
    <stop arrival="11:23" departure="11:23">Ørnefjellet</stop>
    <stop arrival="11:24" departure="11:24">Hillehaugen</stop>
    <stop arrival="11:26" departure="11:26">Håkonshella</stop>
    <stop arrival="11:27" departure="11:27">Håkonshella Ungdomshuset</stop>
    <stop arrival="11:28" departure="11:28">Håkonshella Skansen</stop>
    <stop arrival="11:28" departure="11:28">Håkonshella Myren</stop>
    <stop arrival="11:29" departure="11:29">Håkonshella Feriehjemmet</stop>
    <stop arrival="11:30" departure="11:30">Lille Kongshaug</stop>
    <stop arrival="11:31" departure="11:31">Storingavika</stop>
    <stop arrival="11:31" departure="11:31">Medhaugflaten</stop>
    <stop arrival="11:32" departure="11:32">Hilleren</stop>
    <stop arrival="11:33" departure="11:33">Skaretoppen</stop>
    <stop arrival="11:33" departure="11:33">Skare (Mathopen skole)</stop>
    <stop arrival="11:34" departure="11:34">Mathopen Sætre</stop>
    <stop arrival="11:35" departure="11:35">Haakonsvern/Mathopen</stop>
    <stop arrival="11:37" departure="11:37">Notaneset</stop>
    <stop arrival="11:40" departure="11:40">Hetlevikstrømmen</stop>
    <stop arrival="11:41" departure="11:41">Hetlevikskiftet</stop>
    <stop arrival="11:45" departure="11:45">Loddefjord term.</stop>
    <stop arrival="11:46" departure="11:46">Bjørndalstre krysset</stop>
    <stop arrival="11:47" departure="11:47">Tennebekk</stop>
    <stop arrival="11:50" departure="11:50">Lyngbø Motorvei R555</stop>
    <stop arrival="11:55" departure="11:55">Møhlenpris v/ Industrihuset</stop>
    <stop arrival="11:57" departure="11:57">Nygårdsgaten</stop>
    <stop arrival="12:00">Bergen Busstasjon</stop>
  </route>
</routes>
