<?xml version="1.0" encoding="UTF-8"?>
<routes>
  <route no="612" destination="Os - Osøyro" url="http://www.web2051.no/bin/tp/zuginfo.exe/on/415368/144124/940856/331972/1/" trafficDays="kjører Ma - Fr, ikke 13., 17., 24. Mai">
    <stop departure="10:49" routeNo="612">Os - Osøyro</stop>
    <stop arrival="10:50" departure="10:50">Fjellheim</stop>
    <stop arrival="10:51" departure="10:51">Kuven</stop>
    <stop arrival="10:52" departure="10:52">Flåten (Os)</stop>
    <stop arrival="10:53" departure="10:53">Flåten Senter</stop>
    <stop arrival="10:54" departure="10:54">Tøsdalskiftet</stop>
    <stop arrival="10:56" departure="10:56">Os Vidaregåande skule</stop>
    <stop arrival="10:57" departure="10:57">Ulvensletta</stop>
    <stop arrival="10:58" departure="10:58">Vaksinen</stop>
    <stop arrival="10:59" departure="10:59">Ådnadalen</stop>
    <stop arrival="11:00" departure="11:00">Irgenskryss</stop>
    <stop arrival="11:00" departure="11:00">Hagevik 1</stop>
    <stop arrival="11:01" departure="11:01">Hagevik 2</stop>
    <stop arrival="11:01" departure="11:01">Hagavik (Hovland - Os)</stop>
    <stop arrival="11:01" departure="11:01">Hagavik (Hovland - Os)</stop>
    <stop arrival="11:02" departure="11:02">Hagevik 2</stop>
    <stop arrival="11:02" departure="11:02">Hagevik 1</stop>
    <stop arrival="11:03" departure="11:03">Irgenskryss</stop>
    <stop arrival="11:04" departure="11:04">Nore Neset skule</stop>
    <stop arrival="11:05" departure="11:05">Skeie (Os)</stop>
    <stop arrival="11:06" departure="11:06">Grindevoll snuplass</stop>
    <stop arrival="11:07" departure="11:07">Grindevoll</stop>
    <stop arrival="11:07" departure="11:07">Thuen</stop>
    <stop arrival="11:09" departure="11:09">Thuen Bedehuset</stop>
    <stop arrival="11:12" departure="11:12">Mobergslien</stop>
    <stop arrival="11:13" departure="11:13">Moberg</stop>
    <stop arrival="11:14" departure="11:14">Mobergsbakken</stop>
    <stop arrival="11:15" departure="11:15">Os kai</stop>
    <stop arrival="11:15">Os - Osøyro</stop>
  </route>
  <route no="612" destination="Os - Osøyro" url="http://www.web2051.no/bin/tp/zuginfo.exe/on/685980/234328/237942/109689/1/" trafficDays="kjører Ma - Fr, ikke 13., 17., 24. Mai">
    <stop departure="10:49" routeNo="612">Os - Osøyro</stop>
    <stop arrival="10:50" departure="10:50">Fjellheim</stop>
    <stop arrival="10:51" departure="10:51">Kuven</stop>
    <stop arrival="10:52" departure="10:52">Flåten (Os)</stop>
    <stop arrival="10:53" departure="10:53">Flåten Senter</stop>
    <stop arrival="10:54" departure="10:54">Tøsdalskiftet</stop>
    <stop arrival="10:56" departure="10:56">Os Vidaregåande skule</stop>
    <stop arrival="10:57" departure="10:57">Ulvensletta</stop>
    <stop arrival="10:58" departure="10:58">Vaksinen</stop>
    <stop arrival="10:59" departure="10:59">Ådnadalen</stop>
    <stop arrival="11:00" departure="11:00">Irgenskryss</stop>
    <stop arrival="11:00" departure="11:00">Hagevik 1</stop>
    <stop arrival="11:01" departure="11:01">Hagevik 2</stop>
    <stop arrival="11:01" departure="11:01">Hagavik (Hovland - Os)</stop>
    <stop arrival="11:01" departure="11:01">Hagavik (Hovland - Os)</stop>
    <stop arrival="11:02" departure="11:02">Hagevik 2</stop>
    <stop arrival="11:02" departure="11:02">Hagevik 1</stop>
    <stop arrival="11:03" departure="11:03">Irgenskryss</stop>
    <stop arrival="11:04" departure="11:04">Nore Neset skule</stop>
    <stop arrival="11:05" departure="11:05">Skeie (Os)</stop>
    <stop arrival="11:06" departure="11:06">Grindevoll snuplass</stop>
    <stop arrival="11:07" departure="11:07">Grindevoll</stop>
    <stop arrival="11:07" departure="11:07">Thuen</stop>
    <stop arrival="11:09" departure="11:09">Thuen Bedehuset</stop>
    <stop arrival="11:12" departure="11:12">Mobergslien</stop>
    <stop arrival="11:13" departure="11:13">Moberg</stop>
    <stop arrival="11:14" departure="11:14">Mobergsbakken</stop>
    <stop arrival="11:15" departure="11:15">Os kai</stop>
    <stop arrival="11:15">Os - Osøyro</stop>
  </route>
  <route no="612" destination="Os - Osøyro" url="http://www.web2051.no/bin/tp/zuginfo.exe/on/871704/296236/430208/75464/1/" trafficDays="kjører Ma - Fr, ikke 13., 17., 24. Mai">
    <stop departure="10:49" routeNo="612">Os - Osøyro</stop>
    <stop arrival="10:50" departure="10:50">Fjellheim</stop>
    <stop arrival="10:51" departure="10:51">Kuven</stop>
    <stop arrival="10:52" departure="10:52">Flåten (Os)</stop>
    <stop arrival="10:53" departure="10:53">Flåten Senter</stop>
    <stop arrival="10:54" departure="10:54">Tøsdalskiftet</stop>
    <stop arrival="10:56" departure="10:56">Os Vidaregåande skule</stop>
    <stop arrival="10:57" departure="10:57">Ulvensletta</stop>
    <stop arrival="10:58" departure="10:58">Vaksinen</stop>
    <stop arrival="10:59" departure="10:59">Ådnadalen</stop>
    <stop arrival="11:00" departure="11:00">Irgenskryss</stop>
    <stop arrival="11:00" departure="11:00">Hagevik 1</stop>
    <stop arrival="11:01" departure="11:01">Hagevik 2</stop>
    <stop arrival="11:01" departure="11:01">Hagavik (Hovland - Os)</stop>
    <stop arrival="11:01" departure="11:01">Hagavik (Hovland - Os)</stop>
    <stop arrival="11:02" departure="11:02">Hagevik 2</stop>
    <stop arrival="11:02" departure="11:02">Hagevik 1</stop>
    <stop arrival="11:03" departure="11:03">Irgenskryss</stop>
    <stop arrival="11:04" departure="11:04">Nore Neset skule</stop>
    <stop arrival="11:05" departure="11:05">Skeie (Os)</stop>
    <stop arrival="11:06" departure="11:06">Grindevoll snuplass</stop>
    <stop arrival="11:07" departure="11:07">Grindevoll</stop>
    <stop arrival="11:07" departure="11:07">Thuen</stop>
    <stop arrival="11:09" departure="11:09">Thuen Bedehuset</stop>
    <stop arrival="11:12" departure="11:12">Mobergslien</stop>
    <stop arrival="11:13" departure="11:13">Moberg</stop>
    <stop arrival="11:14" departure="11:14">Mobergsbakken</stop>
    <stop arrival="11:15" departure="11:15">Os kai</stop>
    <stop arrival="11:15">Os - Osøyro</stop>
  </route>
  <route no="612" destination="Os - Osøyro" url="http://www.web2051.no/bin/tp/zuginfo.exe/on/304473/107159/147416/27783/1/" trafficDays="kjører Ma - Fr, ikke 13., 17., 24. Mai">
    <stop departure="10:49" routeNo="612">Os - Osøyro</stop>
    <stop arrival="10:50" departure="10:50">Fjellheim</stop>
    <stop arrival="10:51" departure="10:51">Kuven</stop>
    <stop arrival="10:52" departure="10:52">Flåten (Os)</stop>
    <stop arrival="10:53" departure="10:53">Flåten Senter</stop>
    <stop arrival="10:54" departure="10:54">Tøsdalskiftet</stop>
    <stop arrival="10:56" departure="10:56">Os Vidaregåande skule</stop>
    <stop arrival="10:57" departure="10:57">Ulvensletta</stop>
    <stop arrival="10:58" departure="10:58">Vaksinen</stop>
    <stop arrival="10:59" departure="10:59">Ådnadalen</stop>
    <stop arrival="11:00" departure="11:00">Irgenskryss</stop>
    <stop arrival="11:00" departure="11:00">Hagevik 1</stop>
    <stop arrival="11:01" departure="11:01">Hagevik 2</stop>
    <stop arrival="11:01" departure="11:01">Hagavik (Hovland - Os)</stop>
    <stop arrival="11:01" departure="11:01">Hagavik (Hovland - Os)</stop>
    <stop arrival="11:02" departure="11:02">Hagevik 2</stop>
    <stop arrival="11:02" departure="11:02">Hagevik 1</stop>
    <stop arrival="11:03" departure="11:03">Irgenskryss</stop>
    <stop arrival="11:04" departure="11:04">Nore Neset skule</stop>
    <stop arrival="11:05" departure="11:05">Skeie (Os)</stop>
    <stop arrival="11:06" departure="11:06">Grindevoll snuplass</stop>
    <stop arrival="11:07" departure="11:07">Grindevoll</stop>
    <stop arrival="11:07" departure="11:07">Thuen</stop>
    <stop arrival="11:09" departure="11:09">Thuen Bedehuset</stop>
    <stop arrival="11:12" departure="11:12">Mobergslien</stop>
    <stop arrival="11:13" departure="11:13">Moberg</stop>
    <stop arrival="11:14" departure="11:14">Mobergsbakken</stop>
    <stop arrival="11:15" departure="11:15">Os kai</stop>
    <stop arrival="11:15">Os - Osøyro</stop>
  </route>
  <route no="613" destination="Nord Strøno Snuplass" url="http://www.web2051.no/bin/tp/zuginfo.exe/on/941736/319587/336232/145796/1/" trafficDays="kjører Lø, ikke 1. Mai">
    <stop departure="11:00" routeNo="613">Os - Osøyro</stop>
    <stop arrival="11:01" departure="11:01">Fjellheim</stop>
    <stop arrival="11:02" departure="11:02">Kuven</stop>
    <stop arrival="11:03" departure="11:03">Flåten (Os)</stop>
    <stop arrival="11:04" departure="11:04">Flåten Senter</stop>
    <stop arrival="11:05" departure="11:05">Tøsdalskiftet</stop>
    <stop arrival="11:08" departure="11:08">Os Vidaregåande skule</stop>
    <stop arrival="11:10" departure="11:10">Ulvensletta</stop>
    <stop arrival="11:11" departure="11:11">Vaksinen</stop>
    <stop arrival="11:12" departure="11:12">Ådnadalen</stop>
    <stop arrival="11:13" departure="11:13">Irgenskryss</stop>
    <stop arrival="11:13" departure="11:13">Hagevik 1</stop>
    <stop arrival="11:14" departure="11:14">Hagevik 2</stop>
    <stop arrival="11:14" departure="11:14">Hagavik (Hovland - Os)</stop>
    <stop arrival="11:15" departure="11:15">Ytre Hovland</stop>
    <stop arrival="11:15" departure="11:15">Grøvle (Os)</stop>
    <stop arrival="11:15" departure="11:15">Askvik (Os)</stop>
    <stop arrival="11:16" departure="11:16">Askvikskogen</stop>
    <stop arrival="11:17" departure="11:17">Hildershavn</stop>
    <stop arrival="11:17" departure="11:17">Strøno vegkryss</stop>
    <stop arrival="11:19" departure="11:19">Sør Strøno 1</stop>
    <stop arrival="11:20" departure="11:20">Sør Strøno 2</stop>
    <stop arrival="11:21" departure="11:21">Sør Strøno snuplass</stop>
    <stop arrival="11:22" departure="11:22">Sør Strøno 2</stop>
    <stop arrival="11:23" departure="11:23">Sør Strøno 1</stop>
    <stop arrival="11:26" departure="11:26">Stokkavik 1</stop>
    <stop arrival="11:27" departure="11:27">Nore Øyane skule</stop>
    <stop arrival="11:29" departure="11:29">Strøno 1</stop>
    <stop arrival="11:29" departure="11:29">Strøno 2</stop>
    <stop arrival="11:30" departure="11:30">Strøno Ungdomshuset</stop>
    <stop arrival="11:31">Nord Strøno Snuplass</stop>
  </route>
  <route no="613" destination="Nord Strøno Snuplass" url="http://www.web2051.no/bin/tp/zuginfo.exe/on/46059/21028/103328/36311/1/" trafficDays="kjører Lø, ikke 1. Mai">
    <stop departure="11:00" routeNo="613">Os - Osøyro</stop>
    <stop arrival="11:01" departure="11:01">Fjellheim</stop>
    <stop arrival="11:02" departure="11:02">Kuven</stop>
    <stop arrival="11:03" departure="11:03">Flåten (Os)</stop>
    <stop arrival="11:04" departure="11:04">Flåten Senter</stop>
    <stop arrival="11:05" departure="11:05">Tøsdalskiftet</stop>
    <stop arrival="11:08" departure="11:08">Os Vidaregåande skule</stop>
    <stop arrival="11:10" departure="11:10">Ulvensletta</stop>
    <stop arrival="11:11" departure="11:11">Vaksinen</stop>
    <stop arrival="11:12" departure="11:12">Ådnadalen</stop>
    <stop arrival="11:13" departure="11:13">Irgenskryss</stop>
    <stop arrival="11:13" departure="11:13">Hagevik 1</stop>
    <stop arrival="11:14" departure="11:14">Hagevik 2</stop>
    <stop arrival="11:14" departure="11:14">Hagavik (Hovland - Os)</stop>
    <stop arrival="11:15" departure="11:15">Ytre Hovland</stop>
    <stop arrival="11:15" departure="11:15">Grøvle (Os)</stop>
    <stop arrival="11:15" departure="11:15">Askvik (Os)</stop>
    <stop arrival="11:16" departure="11:16">Askvikskogen</stop>
    <stop arrival="11:17" departure="11:17">Hildershavn</stop>
    <stop arrival="11:17" departure="11:17">Strøno vegkryss</stop>
    <stop arrival="11:19" departure="11:19">Sør Strøno 1</stop>
    <stop arrival="11:20" departure="11:20">Sør Strøno 2</stop>
    <stop arrival="11:21" departure="11:21">Sør Strøno snuplass</stop>
    <stop arrival="11:22" departure="11:22">Sør Strøno 2</stop>
    <stop arrival="11:23" departure="11:23">Sør Strøno 1</stop>
    <stop arrival="11:26" departure="11:26">Stokkavik 1</stop>
    <stop arrival="11:27" departure="11:27">Nore Øyane skule</stop>
    <stop arrival="11:29" departure="11:29">Strøno 1</stop>
    <stop arrival="11:29" departure="11:29">Strøno 2</stop>
    <stop arrival="11:30" departure="11:30">Strøno Ungdomshuset</stop>
    <stop arrival="11:31">Nord Strøno Snuplass</stop>
  </route>
  <route no="626" destination="Tøsdalskiftet" url="http://www.web2051.no/bin/tp/zuginfo.exe/on/408309/141957/998882/363338/1/" trafficDays="kjører Ma, ikke 17., 24. Mai">
    <stop departure="11:10" routeNo="626">Røttingen snuplass</stop>
    <stop arrival="11:11" departure="11:11">Hauane (Røtinga)</stop>
    <stop arrival="11:12" departure="11:12">Bruarøy Ungdomshuset</stop>
    <stop arrival="11:13" departure="11:13">Bruarøy</stop>
    <stop arrival="11:13" departure="11:13">Sundøy</stop>
    <stop arrival="11:15" departure="11:15">Lepsøy kai</stop>
    <stop arrival="11:16" departure="11:16">Lepsøy</stop>
    <stop arrival="11:17" departure="11:17">Blindesund</stop>
    <stop arrival="11:19" departure="11:19">Storumhammeren</stop>
    <stop arrival="11:19" departure="11:19">Storum (Os)</stop>
    <stop arrival="11:20" departure="11:20">Ravneberghaugen</stop>
    <stop arrival="11:20" departure="11:20">Grindevoll</stop>
    <stop arrival="11:20" departure="11:20">Grindevoll snuplass</stop>
    <stop arrival="11:21" departure="11:21">Skeie (Os)</stop>
    <stop arrival="11:22" departure="11:22">Nore Neset skule</stop>
    <stop arrival="11:23" departure="11:23">Irgenskryss</stop>
    <stop arrival="11:23" departure="11:23">Hagevik 1</stop>
    <stop arrival="11:23" departure="11:23">Hagevik 2</stop>
    <stop arrival="11:23" departure="11:23">Hagavik (Hovland - Os)</stop>
    <stop arrival="11:24" departure="11:24">Hagavik (Hovland - Os)</stop>
    <stop arrival="11:24" departure="11:24">Hagevik 2</stop>
    <stop arrival="11:24" departure="11:24">Hagevik 1</stop>
    <stop arrival="11:24" departure="11:24">Irgenskryss</stop>
    <stop arrival="11:24" departure="11:24">Ådnadalen</stop>
    <stop arrival="11:25" departure="11:25">Vaksinen</stop>
    <stop arrival="11:25" departure="11:25">Ulvensletta</stop>
    <stop arrival="11:27" departure="11:27">Os Vidaregåande skule</stop>
    <stop arrival="11:29" departure="11:29">Kolskogen</stop>
    <stop arrival="11:30">Tøsdalskiftet</stop>
  </route>
  <route no="626" destination="Tøsdalskiftet" url="http://www.web2051.no/bin/tp/zuginfo.exe/on/28524/15362/895312/438148/1/" trafficDays="kjører Ma, ikke 17., 24. Mai">
    <stop departure="11:10" routeNo="626">Røttingen snuplass</stop>
    <stop arrival="11:11" departure="11:11">Hauane (Røtinga)</stop>
    <stop arrival="11:12" departure="11:12">Bruarøy Ungdomshuset</stop>
    <stop arrival="11:13" departure="11:13">Bruarøy</stop>
    <stop arrival="11:13" departure="11:13">Sundøy</stop>
    <stop arrival="11:15" departure="11:15">Lepsøy kai</stop>
    <stop arrival="11:16" departure="11:16">Lepsøy</stop>
    <stop arrival="11:17" departure="11:17">Blindesund</stop>
    <stop arrival="11:19" departure="11:19">Storumhammeren</stop>
    <stop arrival="11:19" departure="11:19">Storum (Os)</stop>
    <stop arrival="11:20" departure="11:20">Ravneberghaugen</stop>
    <stop arrival="11:20" departure="11:20">Grindevoll</stop>
    <stop arrival="11:20" departure="11:20">Grindevoll snuplass</stop>
    <stop arrival="11:21" departure="11:21">Skeie (Os)</stop>
    <stop arrival="11:22" departure="11:22">Nore Neset skule</stop>
    <stop arrival="11:23" departure="11:23">Irgenskryss</stop>
    <stop arrival="11:23" departure="11:23">Hagevik 1</stop>
    <stop arrival="11:23" departure="11:23">Hagevik 2</stop>
    <stop arrival="11:23" departure="11:23">Hagavik (Hovland - Os)</stop>
    <stop arrival="11:24" departure="11:24">Hagavik (Hovland - Os)</stop>
    <stop arrival="11:24" departure="11:24">Hagevik 2</stop>
    <stop arrival="11:24" departure="11:24">Hagevik 1</stop>
    <stop arrival="11:24" departure="11:24">Irgenskryss</stop>
    <stop arrival="11:24" departure="11:24">Ådnadalen</stop>
    <stop arrival="11:25" departure="11:25">Vaksinen</stop>
    <stop arrival="11:25" departure="11:25">Ulvensletta</stop>
    <stop arrival="11:27" departure="11:27">Os Vidaregåande skule</stop>
    <stop arrival="11:29" departure="11:29">Kolskogen</stop>
    <stop arrival="11:30">Tøsdalskiftet</stop>
  </route>
  <route no="626" destination="Tøsdalskiftet" url="http://www.web2051.no/bin/tp/zuginfo.exe/on/724455/247339/170578/156196/1/" trafficDays="kjører Ma, ikke 17., 24. Mai">
    <stop departure="11:10" routeNo="626">Røttingen snuplass</stop>
    <stop arrival="11:11" departure="11:11">Hauane (Røtinga)</stop>
    <stop arrival="11:12" departure="11:12">Bruarøy Ungdomshuset</stop>
    <stop arrival="11:13" departure="11:13">Bruarøy</stop>
    <stop arrival="11:13" departure="11:13">Sundøy</stop>
    <stop arrival="11:15" departure="11:15">Lepsøy kai</stop>
    <stop arrival="11:16" departure="11:16">Lepsøy</stop>
    <stop arrival="11:17" departure="11:17">Blindesund</stop>
    <stop arrival="11:19" departure="11:19">Storumhammeren</stop>
    <stop arrival="11:19" departure="11:19">Storum (Os)</stop>
    <stop arrival="11:20" departure="11:20">Ravneberghaugen</stop>
    <stop arrival="11:20" departure="11:20">Grindevoll</stop>
    <stop arrival="11:20" departure="11:20">Grindevoll snuplass</stop>
    <stop arrival="11:21" departure="11:21">Skeie (Os)</stop>
    <stop arrival="11:22" departure="11:22">Nore Neset skule</stop>
    <stop arrival="11:23" departure="11:23">Irgenskryss</stop>
    <stop arrival="11:23" departure="11:23">Hagevik 1</stop>
    <stop arrival="11:23" departure="11:23">Hagevik 2</stop>
    <stop arrival="11:23" departure="11:23">Hagavik (Hovland - Os)</stop>
    <stop arrival="11:24" departure="11:24">Hagavik (Hovland - Os)</stop>
    <stop arrival="11:24" departure="11:24">Hagevik 2</stop>
    <stop arrival="11:24" departure="11:24">Hagevik 1</stop>
    <stop arrival="11:24" departure="11:24">Irgenskryss</stop>
    <stop arrival="11:24" departure="11:24">Ådnadalen</stop>
    <stop arrival="11:25" departure="11:25">Vaksinen</stop>
    <stop arrival="11:25" departure="11:25">Ulvensletta</stop>
    <stop arrival="11:27" departure="11:27">Os Vidaregåande skule</stop>
    <stop arrival="11:29" departure="11:29">Kolskogen</stop>
    <stop arrival="11:30">Tøsdalskiftet</stop>
  </route>
  <route no="626" destination="Tøsdalskiftet" url="http://www.web2051.no/bin/tp/zuginfo.exe/on/223377/80313/300378/75730/1/" trafficDays="kjører Ma, ikke 17., 24. Mai">
    <stop departure="11:10" routeNo="626">Røttingen snuplass</stop>
    <stop arrival="11:11" departure="11:11">Hauane (Røtinga)</stop>
    <stop arrival="11:12" departure="11:12">Bruarøy Ungdomshuset</stop>
    <stop arrival="11:13" departure="11:13">Bruarøy</stop>
    <stop arrival="11:13" departure="11:13">Sundøy</stop>
    <stop arrival="11:15" departure="11:15">Lepsøy kai</stop>
    <stop arrival="11:16" departure="11:16">Lepsøy</stop>
    <stop arrival="11:17" departure="11:17">Blindesund</stop>
    <stop arrival="11:19" departure="11:19">Storumhammeren</stop>
    <stop arrival="11:19" departure="11:19">Storum (Os)</stop>
    <stop arrival="11:20" departure="11:20">Ravneberghaugen</stop>
    <stop arrival="11:20" departure="11:20">Grindevoll</stop>
    <stop arrival="11:20" departure="11:20">Grindevoll snuplass</stop>
    <stop arrival="11:21" departure="11:21">Skeie (Os)</stop>
    <stop arrival="11:22" departure="11:22">Nore Neset skule</stop>
    <stop arrival="11:23" departure="11:23">Irgenskryss</stop>
    <stop arrival="11:23" departure="11:23">Hagevik 1</stop>
    <stop arrival="11:23" departure="11:23">Hagevik 2</stop>
    <stop arrival="11:23" departure="11:23">Hagavik (Hovland - Os)</stop>
    <stop arrival="11:24" departure="11:24">Hagavik (Hovland - Os)</stop>
    <stop arrival="11:24" departure="11:24">Hagevik 2</stop>
    <stop arrival="11:24" departure="11:24">Hagevik 1</stop>
    <stop arrival="11:24" departure="11:24">Irgenskryss</stop>
    <stop arrival="11:24" departure="11:24">Ådnadalen</stop>
    <stop arrival="11:25" departure="11:25">Vaksinen</stop>
    <stop arrival="11:25" departure="11:25">Ulvensletta</stop>
    <stop arrival="11:27" departure="11:27">Os Vidaregåande skule</stop>
    <stop arrival="11:29" departure="11:29">Kolskogen</stop>
    <stop arrival="11:30">Tøsdalskiftet</stop>
  </route>
  <route no="612" destination="Os - Osøyro" url="http://www.web2051.no/bin/tp/zuginfo.exe/on/257586/91531/430928/129602/1/" trafficDays="kjører Ma - Fr, ikke 13., 17., 24. Mai">
    <stop departure="11:20" routeNo="612">Os - Osøyro</stop>
    <stop arrival="11:21" departure="11:21">Fjellheim</stop>
    <stop arrival="11:22" departure="11:22">Kuven</stop>
    <stop arrival="11:23" departure="11:23">Flåten (Os)</stop>
    <stop arrival="11:24" departure="11:24">Flåten Senter</stop>
    <stop arrival="11:25" departure="11:25">Tøsdalskiftet</stop>
    <stop arrival="11:27" departure="11:27">Os Vidaregåande skule</stop>
    <stop arrival="11:28" departure="11:28">Ulvensletta</stop>
    <stop arrival="11:29" departure="11:29">Vaksinen</stop>
    <stop arrival="11:30" departure="11:30">Ådnadalen</stop>
    <stop arrival="11:31" departure="11:31">Irgenskryss</stop>
    <stop arrival="11:31" departure="11:31">Hagevik 1</stop>
    <stop arrival="11:32" departure="11:32">Hagevik 2</stop>
    <stop arrival="11:32" departure="11:32">Hagavik (Hovland - Os)</stop>
    <stop arrival="11:32" departure="11:32">Hagavik (Hovland - Os)</stop>
    <stop arrival="11:33" departure="11:33">Hagevik 2</stop>
    <stop arrival="11:33" departure="11:33">Hagevik 1</stop>
    <stop arrival="11:34" departure="11:34">Irgenskryss</stop>
    <stop arrival="11:35" departure="11:35">Nore Neset skule</stop>
    <stop arrival="11:36" departure="11:36">Skeie (Os)</stop>
    <stop arrival="11:37" departure="11:37">Grindevoll snuplass</stop>
    <stop arrival="11:38" departure="11:38">Grindevoll</stop>
    <stop arrival="11:38" departure="11:38">Thuen</stop>
    <stop arrival="11:41" departure="11:41">Thuen Bedehuset</stop>
    <stop arrival="11:44" departure="11:44">Mobergslien</stop>
    <stop arrival="11:45" departure="11:45">Moberg</stop>
    <stop arrival="11:46" departure="11:46">Mobergsbakken</stop>
    <stop arrival="11:47" departure="11:47">Os kai</stop>
    <stop arrival="11:47">Os - Osøyro</stop>
  </route>
  <route no="612" destination="Os - Osøyro" url="http://www.web2051.no/bin/tp/zuginfo.exe/on/771123/262710/675470/80694/1/" trafficDays="kjører Ma - Fr, ikke 13., 17., 24. Mai">
    <stop departure="11:20" routeNo="612">Os - Osøyro</stop>
    <stop arrival="11:21" departure="11:21">Fjellheim</stop>
    <stop arrival="11:22" departure="11:22">Kuven</stop>
    <stop arrival="11:23" departure="11:23">Flåten (Os)</stop>
    <stop arrival="11:24" departure="11:24">Flåten Senter</stop>
    <stop arrival="11:25" departure="11:25">Tøsdalskiftet</stop>
    <stop arrival="11:27" departure="11:27">Os Vidaregåande skule</stop>
    <stop arrival="11:28" departure="11:28">Ulvensletta</stop>
    <stop arrival="11:29" departure="11:29">Vaksinen</stop>
    <stop arrival="11:30" departure="11:30">Ådnadalen</stop>
    <stop arrival="11:31" departure="11:31">Irgenskryss</stop>
    <stop arrival="11:31" departure="11:31">Hagevik 1</stop>
    <stop arrival="11:32" departure="11:32">Hagevik 2</stop>
    <stop arrival="11:32" departure="11:32">Hagavik (Hovland - Os)</stop>
    <stop arrival="11:32" departure="11:32">Hagavik (Hovland - Os)</stop>
    <stop arrival="11:33" departure="11:33">Hagevik 2</stop>
    <stop arrival="11:33" departure="11:33">Hagevik 1</stop>
    <stop arrival="11:34" departure="11:34">Irgenskryss</stop>
    <stop arrival="11:35" departure="11:35">Nore Neset skule</stop>
    <stop arrival="11:36" departure="11:36">Skeie (Os)</stop>
    <stop arrival="11:37" departure="11:37">Grindevoll snuplass</stop>
    <stop arrival="11:38" departure="11:38">Grindevoll</stop>
    <stop arrival="11:38" departure="11:38">Thuen</stop>
    <stop arrival="11:41" departure="11:41">Thuen Bedehuset</stop>
    <stop arrival="11:44" departure="11:44">Mobergslien</stop>
    <stop arrival="11:45" departure="11:45">Moberg</stop>
    <stop arrival="11:46" departure="11:46">Mobergsbakken</stop>
    <stop arrival="11:47" departure="11:47">Os kai</stop>
    <stop arrival="11:47">Os - Osøyro</stop>
  </route>
  <route no="612" destination="Os - Osøyro" url="http://www.web2051.no/bin/tp/zuginfo.exe/on/286638/101215/670776/239842/1/" trafficDays="kjører Ma - Fr, ikke 13., 17., 24. Mai">
    <stop departure="11:20" routeNo="612">Os - Osøyro</stop>
    <stop arrival="11:21" departure="11:21">Fjellheim</stop>
    <stop arrival="11:22" departure="11:22">Kuven</stop>
    <stop arrival="11:23" departure="11:23">Flåten (Os)</stop>
    <stop arrival="11:24" departure="11:24">Flåten Senter</stop>
    <stop arrival="11:25" departure="11:25">Tøsdalskiftet</stop>
    <stop arrival="11:27" departure="11:27">Os Vidaregåande skule</stop>
    <stop arrival="11:28" departure="11:28">Ulvensletta</stop>
    <stop arrival="11:29" departure="11:29">Vaksinen</stop>
    <stop arrival="11:30" departure="11:30">Ådnadalen</stop>
    <stop arrival="11:31" departure="11:31">Irgenskryss</stop>
    <stop arrival="11:31" departure="11:31">Hagevik 1</stop>
    <stop arrival="11:32" departure="11:32">Hagevik 2</stop>
    <stop arrival="11:32" departure="11:32">Hagavik (Hovland - Os)</stop>
    <stop arrival="11:32" departure="11:32">Hagavik (Hovland - Os)</stop>
    <stop arrival="11:33" departure="11:33">Hagevik 2</stop>
    <stop arrival="11:33" departure="11:33">Hagevik 1</stop>
    <stop arrival="11:34" departure="11:34">Irgenskryss</stop>
    <stop arrival="11:35" departure="11:35">Nore Neset skule</stop>
    <stop arrival="11:36" departure="11:36">Skeie (Os)</stop>
    <stop arrival="11:37" departure="11:37">Grindevoll snuplass</stop>
    <stop arrival="11:38" departure="11:38">Grindevoll</stop>
    <stop arrival="11:38" departure="11:38">Thuen</stop>
    <stop arrival="11:41" departure="11:41">Thuen Bedehuset</stop>
    <stop arrival="11:44" departure="11:44">Mobergslien</stop>
    <stop arrival="11:45" departure="11:45">Moberg</stop>
    <stop arrival="11:46" departure="11:46">Mobergsbakken</stop>
    <stop arrival="11:47" departure="11:47">Os kai</stop>
    <stop arrival="11:47">Os - Osøyro</stop>
  </route>
  <route no="612" destination="Os - Osøyro" url="http://www.web2051.no/bin/tp/zuginfo.exe/on/918735/311914/134542/238974/1/" trafficDays="kjører Ma - Fr, ikke 13., 17., 24. Mai">
    <stop departure="11:20" routeNo="612">Os - Osøyro</stop>
    <stop arrival="11:21" departure="11:21">Fjellheim</stop>
    <stop arrival="11:22" departure="11:22">Kuven</stop>
    <stop arrival="11:23" departure="11:23">Flåten (Os)</stop>
    <stop arrival="11:24" departure="11:24">Flåten Senter</stop>
    <stop arrival="11:25" departure="11:25">Tøsdalskiftet</stop>
    <stop arrival="11:27" departure="11:27">Os Vidaregåande skule</stop>
    <stop arrival="11:28" departure="11:28">Ulvensletta</stop>
    <stop arrival="11:29" departure="11:29">Vaksinen</stop>
    <stop arrival="11:30" departure="11:30">Ådnadalen</stop>
    <stop arrival="11:31" departure="11:31">Irgenskryss</stop>
    <stop arrival="11:31" departure="11:31">Hagevik 1</stop>
    <stop arrival="11:32" departure="11:32">Hagevik 2</stop>
    <stop arrival="11:32" departure="11:32">Hagavik (Hovland - Os)</stop>
    <stop arrival="11:32" departure="11:32">Hagavik (Hovland - Os)</stop>
    <stop arrival="11:33" departure="11:33">Hagevik 2</stop>
    <stop arrival="11:33" departure="11:33">Hagevik 1</stop>
    <stop arrival="11:34" departure="11:34">Irgenskryss</stop>
    <stop arrival="11:35" departure="11:35">Nore Neset skule</stop>
    <stop arrival="11:36" departure="11:36">Skeie (Os)</stop>
    <stop arrival="11:37" departure="11:37">Grindevoll snuplass</stop>
    <stop arrival="11:38" departure="11:38">Grindevoll</stop>
    <stop arrival="11:38" departure="11:38">Thuen</stop>
    <stop arrival="11:41" departure="11:41">Thuen Bedehuset</stop>
    <stop arrival="11:44" departure="11:44">Mobergslien</stop>
    <stop arrival="11:45" departure="11:45">Moberg</stop>
    <stop arrival="11:46" departure="11:46">Mobergsbakken</stop>
    <stop arrival="11:47" departure="11:47">Os kai</stop>
    <stop arrival="11:47">Os - Osøyro</stop>
  </route>
  <route no="613" destination="Os - Osøyro" url="http://www.web2051.no/bin/tp/zuginfo.exe/on/510402/175808/215780/62245/1/" trafficDays="kjører Lø, ikke 1. Mai">
    <stop departure="11:31" routeNo="613">Nord Strøno Snuplass</stop>
    <stop arrival="11:31" departure="11:31">Strøno Ungdomshuset</stop>
    <stop arrival="11:32" departure="11:32">Strøno 2</stop>
    <stop arrival="11:33" departure="11:33">Strøno 1</stop>
    <stop arrival="11:34" departure="11:34">Nore Øyane skule</stop>
    <stop arrival="11:34" departure="11:34">Stokkavik 1</stop>
    <stop arrival="11:35" departure="11:35">Strøno vegkryss</stop>
    <stop arrival="11:35" departure="11:35">Hildershavn</stop>
    <stop arrival="11:36" departure="11:36">Askvikskogen</stop>
    <stop arrival="11:37" departure="11:37">Askvik (Os)</stop>
    <stop arrival="11:37" departure="11:37">Grøvle (Os)</stop>
    <stop arrival="11:37" departure="11:37">Ytre Hovland</stop>
    <stop arrival="11:38" departure="11:38">Hagavik (Hovland - Os)</stop>
    <stop arrival="11:38" departure="11:38">Hagevik 2</stop>
    <stop arrival="11:39" departure="11:39">Hagevik 1</stop>
    <stop arrival="11:39" departure="11:39">Irgenskryss</stop>
    <stop arrival="11:40" departure="11:40">Ådnadalen</stop>
    <stop arrival="11:41" departure="11:41">Vaksinen</stop>
    <stop arrival="11:42" departure="11:42">Ulvensletta</stop>
    <stop arrival="11:44" departure="11:44">Os Vidaregåande skule</stop>
    <stop arrival="11:45" departure="11:45">Kolskogen</stop>
    <stop arrival="11:47" departure="11:47">Tøsdalskiftet</stop>
    <stop arrival="11:47" departure="11:47">Ulvenskiftet</stop>
    <stop arrival="11:48" departure="11:48">Tøsdalskiftet</stop>
    <stop arrival="11:49" departure="11:49">Flåten Senter</stop>
    <stop arrival="11:50" departure="11:50">Flåten (Os)</stop>
    <stop arrival="11:50" departure="11:50">Kuven</stop>
    <stop arrival="11:51" departure="11:51">Fjellheim</stop>
    <stop arrival="11:52">Os - Osøyro</stop>
  </route>
  <route no="613" destination="Os - Osøyro" url="http://www.web2051.no/bin/tp/zuginfo.exe/on/657732/224918/313758/62366/1/" trafficDays="kjører Lø, ikke 1. Mai">
    <stop departure="11:31" routeNo="613">Nord Strøno Snuplass</stop>
    <stop arrival="11:31" departure="11:31">Strøno Ungdomshuset</stop>
    <stop arrival="11:32" departure="11:32">Strøno 2</stop>
    <stop arrival="11:33" departure="11:33">Strøno 1</stop>
    <stop arrival="11:34" departure="11:34">Nore Øyane skule</stop>
    <stop arrival="11:34" departure="11:34">Stokkavik 1</stop>
    <stop arrival="11:35" departure="11:35">Strøno vegkryss</stop>
    <stop arrival="11:35" departure="11:35">Hildershavn</stop>
    <stop arrival="11:36" departure="11:36">Askvikskogen</stop>
    <stop arrival="11:37" departure="11:37">Askvik (Os)</stop>
    <stop arrival="11:37" departure="11:37">Grøvle (Os)</stop>
    <stop arrival="11:37" departure="11:37">Ytre Hovland</stop>
    <stop arrival="11:38" departure="11:38">Hagavik (Hovland - Os)</stop>
    <stop arrival="11:38" departure="11:38">Hagevik 2</stop>
    <stop arrival="11:39" departure="11:39">Hagevik 1</stop>
    <stop arrival="11:39" departure="11:39">Irgenskryss</stop>
    <stop arrival="11:40" departure="11:40">Ådnadalen</stop>
    <stop arrival="11:41" departure="11:41">Vaksinen</stop>
    <stop arrival="11:42" departure="11:42">Ulvensletta</stop>
    <stop arrival="11:44" departure="11:44">Os Vidaregåande skule</stop>
    <stop arrival="11:45" departure="11:45">Kolskogen</stop>
    <stop arrival="11:47" departure="11:47">Tøsdalskiftet</stop>
    <stop arrival="11:47" departure="11:47">Ulvenskiftet</stop>
    <stop arrival="11:48" departure="11:48">Tøsdalskiftet</stop>
    <stop arrival="11:49" departure="11:49">Flåten Senter</stop>
    <stop arrival="11:50" departure="11:50">Flåten (Os)</stop>
    <stop arrival="11:50" departure="11:50">Kuven</stop>
    <stop arrival="11:51" departure="11:51">Fjellheim</stop>
    <stop arrival="11:52">Os - Osøyro</stop>
  </route>
</routes>
