<?xml version="1.0" encoding="UTF-8"?>
<routes>
  <route no="499" destination="Bergen Busstasjon" url="http://www.web2051.no/bin/tp/zuginfo.exe/on/139125/49328/845732/376491/1/" trafficDays="kjører Ma - Fr, ikke 13., 17., 24. Mai">
    <stop departure="11:03" routeNo="499">Herdla snuplass</stop>
    <stop arrival="11:03" departure="11:03">Herdla</stop>
    <stop arrival="11:04" departure="11:04">Herdla</stop>
    <stop arrival="11:04" departure="11:04">Herdla sør</stop>
    <stop arrival="11:05" departure="11:05">Herdla Skansen</stop>
    <stop arrival="11:06" departure="11:06">Herdla Heimdal</stop>
    <stop arrival="11:06" departure="11:06">Guldbrandsøy</stop>
    <stop arrival="11:07" departure="11:07">Sannes (Askøy)</stop>
    <stop arrival="11:08" departure="11:08">Merkesvik</stop>
    <stop arrival="11:10" departure="11:10">Skråmestø</stop>
    <stop arrival="11:11" departure="11:11">Abbedissen kryss</stop>
    <stop arrival="11:12" departure="11:12">Ådlandsvik</stop>
    <stop arrival="11:16" departure="11:16">Hestetræet (Askøy)</stop>
    <stop arrival="11:17" departure="11:17">Lille Fauskanger</stop>
    <stop arrival="11:18" departure="11:18">Store Fauskanger</stop>
    <stop arrival="11:18" departure="11:18">Søre Fauskanger</stop>
    <stop arrival="11:20" departure="11:20">Eikevågen</stop>
    <stop arrival="11:21" departure="11:21">Fromreidetoppen</stop>
    <stop arrival="11:22" departure="11:22">Fromreide</stop>
    <stop arrival="11:23" departure="11:23">Kjerrgardskrysset</stop>
    <stop arrival="11:24" departure="11:24">Kjerrgarden</stop>
    <stop arrival="11:24" departure="11:24">Kjergardsåsen</stop>
    <stop arrival="11:25" departure="11:25">Kjerrgardskogen</stop>
    <stop arrival="11:28" departure="11:28">Åsebø (Askøy)</stop>
    <stop arrival="11:30" departure="11:30">Heiavatnet (Askøy)</stop>
    <stop arrival="11:31" departure="11:31">Ravnanger nord</stop>
    <stop arrival="11:33" departure="11:33">Ravnanger term.</stop>
    <stop arrival="11:33" departure="11:33">Ravnanger</stop>
    <stop arrival="11:34" departure="11:34">Haugland bedehus (Askøy)</stop>
    <stop arrival="11:35" departure="11:35">Haugland skole (Askøy)</stop>
    <stop arrival="11:36" departure="11:36">Haugland sør (Askøy)</stop>
    <stop arrival="11:37" departure="11:37">Fjellveien (Askøy)</stop>
    <stop arrival="11:38" departure="11:38">Haugland Verkstedet (Askøy)</stop>
    <stop arrival="11:39" departure="11:39">Kråvik (Askøy)</stop>
    <stop arrival="11:39" departure="11:39">Pålelva (Askøy)</stop>
    <stop arrival="11:40" departure="11:40">Lavikskiftet (Askøy)</stop>
    <stop arrival="11:41" departure="11:41">Juvik bedehus (Askøy)</stop>
    <stop arrival="11:42" departure="11:42">Juvikflaten (Askøy)</stop>
    <stop arrival="11:43" departure="11:43">Krokåsskiftet (Askøy)</stop>
    <stop arrival="11:45" departure="11:45">Askøy senter</stop>
    <stop arrival="11:47" departure="11:47">Skansen (Askøy)</stop>
    <stop arrival="11:49" departure="11:49">Torvgården (Askøy)</stop>
    <stop arrival="11:51" departure="11:51">Florvågskiftet F216</stop>
    <stop arrival="11:53" departure="11:53">Kleppestø ungdomsskole</stop>
    <stop arrival="11:54" departure="11:54">Askøy Helsetun</stop>
    <stop arrival="11:58" departure="11:58">Kleppestø senter</stop>
    <stop arrival="12:00" departure="12:00">Kleppestø term.</stop>
    <stop arrival="12:01" departure="12:01">Kleppestø (Rådhuset)</stop>
    <stop arrival="12:02" departure="12:02">Holmedal (Askøy)</stop>
    <stop arrival="12:03" departure="12:03">Storeklubben (Askøy)</stop>
    <stop arrival="12:06" departure="12:06">Brøstaneset</stop>
    <stop arrival="12:10" departure="12:10">Storavatnet term.</stop>
    <stop arrival="12:11" departure="12:11">Frida Fasmer</stop>
    <stop arrival="12:16" departure="12:16">Lyngbø Motorvei R555</stop>
    <stop arrival="12:20" departure="12:20">Møhlenpris v/ Industrihuset</stop>
    <stop arrival="12:22" departure="12:22">Nygårdsgaten</stop>
    <stop arrival="12:25">Bergen Busstasjon</stop>
  </route>
  <route no="499" destination="Bergen Busstasjon" url="http://www.web2051.no/bin/tp/zuginfo.exe/on/270972/93277/821948/320650/1/" trafficDays="kjører Ma - Fr, ikke 13., 17., 24. Mai">
    <stop departure="11:03" routeNo="499">Herdla snuplass</stop>
    <stop arrival="11:03" departure="11:03">Herdla</stop>
    <stop arrival="11:04" departure="11:04">Herdla</stop>
    <stop arrival="11:04" departure="11:04">Herdla sør</stop>
    <stop arrival="11:05" departure="11:05">Herdla Skansen</stop>
    <stop arrival="11:06" departure="11:06">Herdla Heimdal</stop>
    <stop arrival="11:06" departure="11:06">Guldbrandsøy</stop>
    <stop arrival="11:07" departure="11:07">Sannes (Askøy)</stop>
    <stop arrival="11:08" departure="11:08">Merkesvik</stop>
    <stop arrival="11:10" departure="11:10">Skråmestø</stop>
    <stop arrival="11:11" departure="11:11">Abbedissen kryss</stop>
    <stop arrival="11:12" departure="11:12">Ådlandsvik</stop>
    <stop arrival="11:16" departure="11:16">Hestetræet (Askøy)</stop>
    <stop arrival="11:17" departure="11:17">Lille Fauskanger</stop>
    <stop arrival="11:18" departure="11:18">Store Fauskanger</stop>
    <stop arrival="11:18" departure="11:18">Søre Fauskanger</stop>
    <stop arrival="11:20" departure="11:20">Eikevågen</stop>
    <stop arrival="11:21" departure="11:21">Fromreidetoppen</stop>
    <stop arrival="11:22" departure="11:22">Fromreide</stop>
    <stop arrival="11:23" departure="11:23">Kjerrgardskrysset</stop>
    <stop arrival="11:24" departure="11:24">Kjerrgarden</stop>
    <stop arrival="11:24" departure="11:24">Kjergardsåsen</stop>
    <stop arrival="11:25" departure="11:25">Kjerrgardskogen</stop>
    <stop arrival="11:28" departure="11:28">Åsebø (Askøy)</stop>
    <stop arrival="11:30" departure="11:30">Heiavatnet (Askøy)</stop>
    <stop arrival="11:31" departure="11:31">Ravnanger nord</stop>
    <stop arrival="11:33" departure="11:33">Ravnanger term.</stop>
    <stop arrival="11:33" departure="11:33">Ravnanger</stop>
    <stop arrival="11:34" departure="11:34">Haugland bedehus (Askøy)</stop>
    <stop arrival="11:35" departure="11:35">Haugland skole (Askøy)</stop>
    <stop arrival="11:36" departure="11:36">Haugland sør (Askøy)</stop>
    <stop arrival="11:37" departure="11:37">Fjellveien (Askøy)</stop>
    <stop arrival="11:38" departure="11:38">Haugland Verkstedet (Askøy)</stop>
    <stop arrival="11:39" departure="11:39">Kråvik (Askøy)</stop>
    <stop arrival="11:39" departure="11:39">Pålelva (Askøy)</stop>
    <stop arrival="11:40" departure="11:40">Lavikskiftet (Askøy)</stop>
    <stop arrival="11:41" departure="11:41">Juvik bedehus (Askøy)</stop>
    <stop arrival="11:42" departure="11:42">Juvikflaten (Askøy)</stop>
    <stop arrival="11:43" departure="11:43">Krokåsskiftet (Askøy)</stop>
    <stop arrival="11:45" departure="11:45">Askøy senter</stop>
    <stop arrival="11:47" departure="11:47">Skansen (Askøy)</stop>
    <stop arrival="11:49" departure="11:49">Torvgården (Askøy)</stop>
    <stop arrival="11:51" departure="11:51">Florvågskiftet F216</stop>
    <stop arrival="11:53" departure="11:53">Kleppestø ungdomsskole</stop>
    <stop arrival="11:54" departure="11:54">Askøy Helsetun</stop>
    <stop arrival="11:58" departure="11:58">Kleppestø senter</stop>
    <stop arrival="12:00" departure="12:00">Kleppestø term.</stop>
    <stop arrival="12:01" departure="12:01">Kleppestø (Rådhuset)</stop>
    <stop arrival="12:02" departure="12:02">Holmedal (Askøy)</stop>
    <stop arrival="12:03" departure="12:03">Storeklubben (Askøy)</stop>
    <stop arrival="12:06" departure="12:06">Brøstaneset</stop>
    <stop arrival="12:10" departure="12:10">Storavatnet term.</stop>
    <stop arrival="12:11" departure="12:11">Frida Fasmer</stop>
    <stop arrival="12:16" departure="12:16">Lyngbø Motorvei R555</stop>
    <stop arrival="12:20" departure="12:20">Møhlenpris v/ Industrihuset</stop>
    <stop arrival="12:22" departure="12:22">Nygårdsgaten</stop>
    <stop arrival="12:25">Bergen Busstasjon</stop>
  </route>
</routes>
