<?xml version="1.0" encoding="UTF-8"?>
<routes>
  <route no="90" destination="Sletten (Bergen)" url="http://www.web2051.no/bin/tp/zuginfo.exe/on/523155/179233/853706/252468/1/" trafficDays="kjører Sø, også 1., 13., 17., 24. Mai">
    <stop departure="10:45" routeNo="90">Støbotn snuplass</stop>
    <stop arrival="10:46" departure="10:46">Toppe</stop>
    <stop arrival="10:47" departure="10:47">Marikollen</stop>
    <stop arrival="10:47" departure="10:47">Slettestølen</stop>
    <stop arrival="10:48" departure="10:48">Lokketodalen</stop>
    <stop arrival="10:49" departure="10:49">Saudalskleivane</stop>
    <stop arrival="10:51" departure="10:51">Kollbudalen</stop>
    <stop arrival="10:52" departure="10:52">Bakketoppen, Morvik</stop>
    <stop arrival="10:53" departure="10:53">Viddalen</stop>
    <stop arrival="10:55" departure="10:55">Morvikbotn</stop>
    <stop arrival="10:56" departure="10:56">Torvbakken</stop>
    <stop arrival="10:57" departure="10:57">Spondalen</stop>
    <stop arrival="10:58" departure="10:58">Flatevad</stop>
    <stop arrival="10:59" departure="10:59">Åsane Brannstasjon</stop>
    <stop arrival="11:00" departure="11:00">Åsane terminal</stop>
    <stop arrival="11:01" departure="11:01">Hesthaugen</stop>
    <stop arrival="11:02" departure="11:02">Stamskaret</stop>
    <stop arrival="11:03" departure="11:03">Tertneskrysset nyevegen</stop>
    <stop arrival="11:05" departure="11:05">Eidsvåg</stop>
    <stop arrival="11:07" departure="11:07">Handelshøyskolen</stop>
    <stop arrival="11:08" departure="11:08">Nyhavnsvei (Gamle Bergen)</stop>
    <stop arrival="11:10" departure="11:10">Munkebotten</stop>
    <stop arrival="11:11" departure="11:11">Ludebryggen</stop>
    <stop arrival="11:12" departure="11:12">Sandvikstorget</stop>
    <stop arrival="11:13" departure="11:13">Skutevikstorget</stop>
    <stop arrival="11:14" departure="11:14">Bontelabo</stop>
    <stop arrival="11:15" departure="11:15">Slottsgaten</stop>
    <stop arrival="11:16" departure="11:16">Bryggen</stop>
    <stop arrival="11:17" departure="11:17">Olav Kyrres gate</stop>
    <stop arrival="11:22" departure="11:22">Bergen Busstasjon</stop>
    <stop arrival="11:27" departure="11:27">Danmarksplass/ Ibsens gt.</stop>
    <stop arrival="11:30" departure="11:30">Bjørnsons gate</stop>
    <stop arrival="11:32" departure="11:32">Haukelandsveien</stop>
    <stop arrival="11:33" departure="11:33">Fridalen</stop>
    <stop arrival="11:34" departure="11:34">Langhaugen</stop>
    <stop arrival="11:35" departure="11:35">Landåssvingen</stop>
    <stop arrival="11:36" departure="11:36">Hagerups vei</stop>
    <stop arrival="11:37" departure="11:37">Fageråsen</stop>
    <stop arrival="11:38" departure="11:38">Sletten Shoppingsenter</stop>
    <stop arrival="11:39" departure="11:39">Bergenshallen</stop>
    <stop arrival="11:40" departure="11:40">Johan Hjorts vei</stop>
    <stop arrival="11:42">Sletten (Bergen)</stop>
  </route>
  <route no="24" destination="Nesttun terminal" url="http://www.web2051.no/bin/tp/zuginfo.exe/on/294000/102171/654448/229225/1/" trafficDays="kjører Lø, ikke 1. Mai">
    <stop departure="11:04" routeNo="24">Åsane terminal</stop>
    <stop arrival="11:05" departure="11:05">Hesthaugen</stop>
    <stop arrival="11:06" departure="11:06">Stamskaret</stop>
    <stop arrival="11:07" departure="11:07">Tertneskrysset gamleveien</stop>
    <stop arrival="11:08" departure="11:08">Griggastemma</stop>
    <stop arrival="11:08" departure="11:08">Åstveitvegen</stop>
    <stop arrival="11:09" departure="11:09">Ervik øvre</stop>
    <stop arrival="11:10" departure="11:10">Ervik nedre (Sellesvingen)</stop>
    <stop arrival="11:11" departure="11:11">Selvikvegen</stop>
    <stop arrival="11:12" departure="11:12">Eidsvåg gamlevegen</stop>
    <stop arrival="11:13" departure="11:13">Fabrikkvegen</stop>
    <stop arrival="11:15" departure="11:15">Hagebyen (Eidsvåg)</stop>
    <stop arrival="11:17" departure="11:17">Lillevågen</stop>
    <stop arrival="11:18" departure="11:18">Tømmervågen</stop>
    <stop arrival="11:18" departure="11:18">Trollbekken</stop>
    <stop arrival="11:19" departure="11:19">Trolldalen (Eidsvågneset)</stop>
    <stop arrival="11:21" departure="11:21">Fagerbakken</stop>
    <stop arrival="11:22" departure="11:22">Nordre Lønborg</stop>
    <stop arrival="11:23" departure="11:23">Lønborg</stop>
    <stop arrival="11:23" departure="11:23">Brunestykket</stop>
    <stop arrival="11:24" departure="11:24">Hellebakken</stop>
    <stop arrival="11:25" departure="11:25">Eikeviken</stop>
    <stop arrival="11:26" departure="11:26">Solbakken</stop>
    <stop arrival="11:27" departure="11:27">Handelshøyskolen</stop>
    <stop arrival="11:29" departure="11:29">Nyhavnsvei (Gamle Bergen)</stop>
    <stop arrival="11:31" departure="11:31">Munkebotten</stop>
    <stop arrival="11:32" departure="11:32">Ludebryggen</stop>
    <stop arrival="11:33" departure="11:33">Sandvikstorget</stop>
    <stop arrival="11:35" departure="11:35">Skutevikstorget</stop>
    <stop arrival="11:36" departure="11:36">Bontelabo</stop>
    <stop arrival="11:38" departure="11:38">Slottsgaten</stop>
    <stop arrival="11:39" departure="11:39">Bryggen</stop>
    <stop arrival="11:40" departure="11:40">Olav Kyrres gate</stop>
    <stop arrival="11:45" departure="11:45">Bergen Busstasjon</stop>
    <stop arrival="11:49" departure="11:49">Danmarksplass</stop>
    <stop arrival="11:50" departure="11:50">Solheimsgaten</stop>
    <stop arrival="11:51" departure="11:51">Reperbanen</stop>
    <stop arrival="11:53" departure="11:53">Fjøsangerveien/ Minde Allè</stop>
    <stop arrival="11:56" departure="11:56">Minde</stop>
    <stop arrival="11:57" departure="11:57">Elvebakken</stop>
    <stop arrival="11:58" departure="11:58">Storetveit</stop>
    <stop arrival="11:58" departure="11:58">Fantoft</stop>
    <stop arrival="11:59" departure="11:59">Nydalen</stop>
    <stop arrival="12:00" departure="12:00">Paradis</stop>
    <stop arrival="12:01" departure="12:01">Tveiteråsskiftet</stop>
    <stop arrival="12:02" departure="12:02">Hopsbro</stop>
    <stop arrival="12:04" departure="12:04">Hopstangen</stop>
    <stop arrival="12:05">Nesttun terminal</stop>
  </route>
  <route no="24" destination="Nesttun terminal" url="http://www.web2051.no/bin/tp/zuginfo.exe/on/421086/144572/291266/5272/1/" trafficDays="kjører Ma - Fr, ikke 13., 17., 24. Mai">
    <stop departure="11:04" routeNo="24">Åsane terminal</stop>
    <stop arrival="11:05" departure="11:05">Hesthaugen</stop>
    <stop arrival="11:06" departure="11:06">Stamskaret</stop>
    <stop arrival="11:07" departure="11:07">Tertneskrysset gamleveien</stop>
    <stop arrival="11:08" departure="11:08">Griggastemma</stop>
    <stop arrival="11:08" departure="11:08">Åstveitvegen</stop>
    <stop arrival="11:09" departure="11:09">Ervik øvre</stop>
    <stop arrival="11:10" departure="11:10">Ervik nedre (Sellesvingen)</stop>
    <stop arrival="11:11" departure="11:11">Selvikvegen</stop>
    <stop arrival="11:12" departure="11:12">Eidsvåg gamlevegen</stop>
    <stop arrival="11:12" departure="11:12">Fabrikkvegen</stop>
    <stop arrival="11:14" departure="11:14">Hagebyen (Eidsvåg)</stop>
    <stop arrival="11:15" departure="11:15">Lillevågen</stop>
    <stop arrival="11:16" departure="11:16">Tømmervågen</stop>
    <stop arrival="11:17" departure="11:17">Trollbekken</stop>
    <stop arrival="11:18" departure="11:18">Trolldalen (Eidsvågneset)</stop>
    <stop arrival="11:20" departure="11:20">Fagerbakken</stop>
    <stop arrival="11:22" departure="11:22">Nordre Lønborg</stop>
    <stop arrival="11:23" departure="11:23">Lønborg</stop>
    <stop arrival="11:23" departure="11:23">Brunestykket</stop>
    <stop arrival="11:24" departure="11:24">Hellebakken</stop>
    <stop arrival="11:25" departure="11:25">Eikeviken</stop>
    <stop arrival="11:26" departure="11:26">Solbakken</stop>
    <stop arrival="11:27" departure="11:27">Handelshøyskolen</stop>
    <stop arrival="11:29" departure="11:29">Nyhavnsvei (Gamle Bergen)</stop>
    <stop arrival="11:31" departure="11:31">Munkebotten</stop>
    <stop arrival="11:32" departure="11:32">Ludebryggen</stop>
    <stop arrival="11:33" departure="11:33">Sandvikstorget</stop>
    <stop arrival="11:35" departure="11:35">Skutevikstorget</stop>
    <stop arrival="11:36" departure="11:36">Bontelabo</stop>
    <stop arrival="11:38" departure="11:38">Slottsgaten</stop>
    <stop arrival="11:39" departure="11:39">Bryggen</stop>
    <stop arrival="11:40" departure="11:40">Olav Kyrres gate</stop>
    <stop arrival="11:45" departure="11:45">Bergen Busstasjon</stop>
    <stop arrival="11:49" departure="11:49">Danmarksplass</stop>
    <stop arrival="11:50" departure="11:50">Solheimsgaten</stop>
    <stop arrival="11:51" departure="11:51">Reperbanen</stop>
    <stop arrival="11:53" departure="11:53">Fjøsangerveien/ Minde Allè</stop>
    <stop arrival="11:57" departure="11:57">Minde</stop>
    <stop arrival="11:58" departure="11:58">Elvebakken</stop>
    <stop arrival="11:58" departure="11:58">Storetveit</stop>
    <stop arrival="11:58" departure="11:58">Fantoft</stop>
    <stop arrival="11:59" departure="11:59">Nydalen</stop>
    <stop arrival="12:00" departure="12:00">Paradis</stop>
    <stop arrival="12:01" departure="12:01">Tveiteråsskiftet</stop>
    <stop arrival="12:02" departure="12:02">Hopsbro</stop>
    <stop arrival="12:04" departure="12:04">Hopstangen</stop>
    <stop arrival="12:05">Nesttun terminal</stop>
  </route>
  <route no="71" destination="Viddalen" url="http://www.web2051.no/bin/tp/zuginfo.exe/on/690663/234948/689766/114666/1/" trafficDays="kjører Ma - Fr, ikke 13., 17., 24. Mai">
    <stop departure="10:30" routeNo="71">Nipedalen</stop>
    <stop arrival="10:31" departure="10:31">Lyngbøkollen</stop>
    <stop arrival="10:32" departure="10:32">Øvre Lyngbø</stop>
    <stop arrival="10:33" departure="10:33">Nipedalen v/nr.23</stop>
    <stop arrival="10:33" departure="10:33">Nipedalen v/Lyngbøveien</stop>
    <stop arrival="10:34" departure="10:34">Lyngbøveien</stop>
    <stop arrival="10:35" departure="10:35">Nygårdslien</stop>
    <stop arrival="10:35" departure="10:35">Haustbeitet</stop>
    <stop arrival="10:36" departure="10:36">Nygård, Laksevåg</stop>
    <stop arrival="10:38" departure="10:38">Kringsjå</stop>
    <stop arrival="10:39" departure="10:39">Oldernes</stop>
    <stop arrival="10:40" departure="10:40">Vågedalen</stop>
    <stop arrival="10:41" departure="10:41">Fergeveien</stop>
    <stop arrival="10:43" departure="10:43">Jansongården</stop>
    <stop arrival="10:44" departure="10:44">Solveien</stop>
    <stop arrival="10:45" departure="10:45">Gyldenpris</stop>
    <stop arrival="10:48" departure="10:48">Møhlenpris v/ Industrihuset</stop>
    <stop arrival="10:50" departure="10:50">Christies gate (Festplassen)</stop>
    <stop arrival="10:53" departure="10:53">Torget (Bergen)</stop>
    <stop arrival="10:54" departure="10:54">Bryggen</stop>
    <stop arrival="10:54" departure="10:54">Slottsgaten</stop>
    <stop arrival="10:55" departure="10:55">Bontelabo</stop>
    <stop arrival="10:56" departure="10:56">Skutevikstorget</stop>
    <stop arrival="10:56" departure="10:56">Sjøgaten</stop>
    <stop arrival="10:57" departure="10:57">Sandvikstorget</stop>
    <stop arrival="10:58" departure="10:58">Ludebryggen</stop>
    <stop arrival="10:58" departure="10:58">Munkebotten</stop>
    <stop arrival="11:00" departure="11:00">Nyhavnsvei (Gamle Bergen)</stop>
    <stop arrival="11:01" departure="11:01">Handelshøyskolen</stop>
    <stop arrival="11:03" departure="11:03">Eidsvåg</stop>
    <stop arrival="11:06" departure="11:06">Tertneskrysset nyevegen</stop>
    <stop arrival="11:08" departure="11:08">Stamskaret</stop>
    <stop arrival="11:09" departure="11:09">Hesthaugen</stop>
    <stop arrival="11:10" departure="11:10">Åsane terminal</stop>
    <stop arrival="11:12" departure="11:12">Ulsetåsen</stop>
    <stop arrival="11:13" departure="11:13">Haukeberget</stop>
    <stop arrival="11:15" departure="11:15">Botnane</stop>
    <stop arrival="11:16" departure="11:16">Haukedalsvegen</stop>
    <stop arrival="11:17" departure="11:17">Sjøveien</stop>
    <stop arrival="11:18" departure="11:18">Tertitten</stop>
    <stop arrival="11:18" departure="11:18">Kipo</stop>
    <stop arrival="11:19" departure="11:19">Storevarden</stop>
    <stop arrival="11:19" departure="11:19">Nesmyr</stop>
    <stop arrival="11:20" departure="11:20">Bekkjarvik (Åsane)</stop>
    <stop arrival="11:21" departure="11:21">Bekkjarvikkryss (Åsane)</stop>
    <stop arrival="11:22" departure="11:22">Kvernevikstemma</stop>
    <stop arrival="11:22" departure="11:22">Åsane sand + singel</stop>
    <stop arrival="11:23" departure="11:23">Bryggedalen</stop>
    <stop arrival="11:25">Viddalen</stop>
  </route>
  <route no="50" destination="Dolvik terminal" url="http://www.web2051.no/bin/tp/zuginfo.exe/on/495663/166040/370962/20261/1/" trafficDays="kjører Lø, ikke 1. Mai">
    <stop departure="11:10" routeNo="50">Åsane terminal</stop>
    <stop arrival="11:11" departure="11:11">Hesthaugen</stop>
    <stop arrival="11:13" departure="11:13">Stamskaret</stop>
    <stop arrival="11:15" departure="11:15">Tertneskrysset gamleveien</stop>
    <stop arrival="11:16" departure="11:16">Griggastemma</stop>
    <stop arrival="11:17" departure="11:17">Åstveitvegen</stop>
    <stop arrival="11:17" departure="11:17">Ervik øvre</stop>
    <stop arrival="11:18" departure="11:18">Ervik nedre (Sellesvingen)</stop>
    <stop arrival="11:19" departure="11:19">Selvikvegen</stop>
    <stop arrival="11:20" departure="11:20">Eidsvåg</stop>
    <stop arrival="11:22" departure="11:22">Handelshøyskolen</stop>
    <stop arrival="11:24" departure="11:24">Nyhavnsvei (Gamle Bergen)</stop>
    <stop arrival="11:26" departure="11:26">Munkebotten</stop>
    <stop arrival="11:27" departure="11:27">Ludebryggen</stop>
    <stop arrival="11:28" departure="11:28">Sandvikstorget</stop>
    <stop arrival="11:30" departure="11:30">Skutevikstorget</stop>
    <stop arrival="11:31" departure="11:31">Bontelabo</stop>
    <stop arrival="11:33" departure="11:33">Slottsgaten</stop>
    <stop arrival="11:34" departure="11:34">Bryggen</stop>
    <stop arrival="11:35" departure="11:35">Småstrandgaten</stop>
    <stop arrival="11:36" departure="11:36">Nygaten</stop>
    <stop arrival="11:37" departure="11:37">Statsporten (jernbanen)</stop>
    <stop arrival="11:40" departure="11:40">Kalfarlien</stop>
    <stop arrival="11:41" departure="11:41">Kalvedalsveien</stop>
    <stop arrival="11:42" departure="11:42">Svartediksveien</stop>
    <stop arrival="11:43" departure="11:43">Statsarkivet</stop>
    <stop arrival="11:44" departure="11:44">Haraldsplass sykehus</stop>
    <stop arrival="11:45" departure="11:45">Haukeland sykehus nord</stop>
    <stop arrival="11:45" departure="11:45">Haukeland sykehus sør</stop>
    <stop arrival="11:46" departure="11:46">Fridalen</stop>
    <stop arrival="11:46" departure="11:46">Langhaugen</stop>
    <stop arrival="11:47" departure="11:47">Landåssvingen</stop>
    <stop arrival="11:47" departure="11:47">Landåstorget</stop>
    <stop arrival="11:47" departure="11:47">Erleveien</stop>
    <stop arrival="11:48" departure="11:48">Wier-Jenssens vei</stop>
    <stop arrival="11:48" departure="11:48">Mannsverk</stop>
    <stop arrival="11:49" departure="11:49">Bolstad</stop>
    <stop arrival="11:50" departure="11:50">Hans Jægers vei</stop>
    <stop arrival="11:51" departure="11:51">Kolstibotn</stop>
    <stop arrival="11:52" departure="11:52">Knausen</stop>
    <stop arrival="11:53" departure="11:53">Birkelundstoppen</stop>
    <stop arrival="11:54" departure="11:54">Birkelundsbakken</stop>
    <stop arrival="11:54" departure="11:54">Natlandslien</stop>
    <stop arrival="11:54" departure="11:54">Stavkirken</stop>
    <stop arrival="11:55" departure="11:55">Paradis</stop>
    <stop arrival="11:56" departure="11:56">Tveiteråsskiftet</stop>
    <stop arrival="11:57" departure="11:57">Hopsbro</stop>
    <stop arrival="11:59" departure="11:59">Hopstangen</stop>
    <stop arrival="12:00" departure="12:00">Nesttun terminal</stop>
    <stop arrival="12:02" departure="12:02">Nesttun</stop>
    <stop arrival="12:05" departure="12:05">Skjoldskiftet</stop>
    <stop arrival="12:06" departure="12:06">Nesttunbrekka</stop>
    <stop arrival="12:06" departure="12:06">Mårdalen</stop>
    <stop arrival="12:07" departure="12:07">Skjoldhøgda</stop>
    <stop arrival="12:09" departure="12:09">Skjold skole</stop>
    <stop arrival="12:10" departure="12:10">Lagunen</stop>
    <stop arrival="12:11" departure="12:11">Rådal</stop>
    <stop arrival="12:12" departure="12:12">Meyerskiftet</stop>
    <stop arrival="12:15" departure="12:15">Håvardstun</stop>
    <stop arrival="12:16" departure="12:16">Statoil stasjon Sandsli</stop>
    <stop arrival="12:17" departure="12:17">Hydro Sandsli</stop>
    <stop arrival="12:18" departure="12:18">Petedalsheia</stop>
    <stop arrival="12:19" departure="12:19">Fanatorget</stop>
    <stop arrival="12:19" departure="12:19">Regnbueåsen</stop>
    <stop arrival="12:20">Dolvik terminal</stop>
  </route>
  <route no="50" destination="Dolvik terminal" url="http://www.web2051.no/bin/tp/zuginfo.exe/on/740187/247579/353808/69826/1/" trafficDays="kjører Ma - Fr, ikke 13., 17., 24. Mai">
    <stop departure="11:10" routeNo="50">Åsane terminal</stop>
    <stop arrival="11:11" departure="11:11">Hesthaugen</stop>
    <stop arrival="11:12" departure="11:12">Stamskaret</stop>
    <stop arrival="11:13" departure="11:13">Tertneskrysset gamleveien</stop>
    <stop arrival="11:14" departure="11:14">Griggastemma</stop>
    <stop arrival="11:15" departure="11:15">Åstveitvegen</stop>
    <stop arrival="11:15" departure="11:15">Ervik øvre</stop>
    <stop arrival="11:16" departure="11:16">Ervik nedre (Sellesvingen)</stop>
    <stop arrival="11:17" departure="11:17">Selvikvegen</stop>
    <stop arrival="11:18" departure="11:18">Eidsvåg</stop>
    <stop arrival="11:20" departure="11:20">Handelshøyskolen</stop>
    <stop arrival="11:22" departure="11:22">Nyhavnsvei (Gamle Bergen)</stop>
    <stop arrival="11:24" departure="11:24">Munkebotten</stop>
    <stop arrival="11:25" departure="11:25">Ludebryggen</stop>
    <stop arrival="11:26" departure="11:26">Sandvikstorget</stop>
    <stop arrival="11:28" departure="11:28">Skutevikstorget</stop>
    <stop arrival="11:29" departure="11:29">Bontelabo</stop>
    <stop arrival="11:31" departure="11:31">Slottsgaten</stop>
    <stop arrival="11:32" departure="11:32">Bryggen</stop>
    <stop arrival="11:33" departure="11:33">Småstrandgaten</stop>
    <stop arrival="11:34" departure="11:34">Nygaten</stop>
    <stop arrival="11:35" departure="11:35">Statsporten (jernbanen)</stop>
    <stop arrival="11:38" departure="11:38">Kalfarlien</stop>
    <stop arrival="11:39" departure="11:39">Kalvedalsveien</stop>
    <stop arrival="11:40" departure="11:40">Svartediksveien</stop>
    <stop arrival="11:41" departure="11:41">Statsarkivet</stop>
    <stop arrival="11:42" departure="11:42">Haraldsplass sykehus</stop>
    <stop arrival="11:43" departure="11:43">Haukeland sykehus nord</stop>
    <stop arrival="11:44" departure="11:44">Haukeland sykehus sør</stop>
    <stop arrival="11:45" departure="11:45">Fridalen</stop>
    <stop arrival="11:45" departure="11:45">Langhaugen</stop>
    <stop arrival="11:46" departure="11:46">Landåssvingen</stop>
    <stop arrival="11:46" departure="11:46">Landåstorget</stop>
    <stop arrival="11:47" departure="11:47">Erleveien</stop>
    <stop arrival="11:47" departure="11:47">Wier-Jenssens vei</stop>
    <stop arrival="11:48" departure="11:48">Mannsverk</stop>
    <stop arrival="11:48" departure="11:48">Bolstad</stop>
    <stop arrival="11:49" departure="11:49">Hans Jægers vei</stop>
    <stop arrival="11:49" departure="11:49">Kolstibotn</stop>
    <stop arrival="11:49" departure="11:49">Knausen</stop>
    <stop arrival="11:50" departure="11:50">Birkelundstoppen</stop>
    <stop arrival="11:51" departure="11:51">Birkelundsbakken</stop>
    <stop arrival="11:51" departure="11:51">Natlandslien</stop>
    <stop arrival="11:52" departure="11:52">Stavkirken</stop>
    <stop arrival="11:53" departure="11:53">Paradis</stop>
    <stop arrival="11:54" departure="11:54">Tveiteråsskiftet</stop>
    <stop arrival="11:55" departure="11:55">Hopsbro</stop>
    <stop arrival="11:57" departure="11:57">Hopstangen</stop>
    <stop arrival="11:58" departure="11:58">Nesttun terminal</stop>
    <stop arrival="12:00" departure="12:00">Nesttun</stop>
    <stop arrival="12:03" departure="12:03">Skjoldskiftet</stop>
    <stop arrival="12:03" departure="12:03">Nesttunbrekka</stop>
    <stop arrival="12:04" departure="12:04">Mårdalen</stop>
    <stop arrival="12:04" departure="12:04">Skjoldhøgda</stop>
    <stop arrival="12:04" departure="12:04">Skjold skole</stop>
    <stop arrival="12:05" departure="12:05">Lagunen</stop>
    <stop arrival="12:06" departure="12:06">Rådal</stop>
    <stop arrival="12:07" departure="12:07">Meyerskiftet</stop>
    <stop arrival="12:11" departure="12:11">Håvardstun</stop>
    <stop arrival="12:12" departure="12:12">Statoil stasjon Sandsli</stop>
    <stop arrival="12:13" departure="12:13">Hydro Sandsli</stop>
    <stop arrival="12:14" departure="12:14">Petedalsheia</stop>
    <stop arrival="12:15" departure="12:15">Fanatorget</stop>
    <stop arrival="12:17">Dolvik terminal</stop>
  </route>
  <route no="50" destination="Åsane terminal" url="http://www.web2051.no/bin/tp/zuginfo.exe/on/55944/19464/759596/361150/1/" trafficDays="kjører Lø, ikke 1. Mai">
    <stop departure="10:08" routeNo="50">Dolvik terminal</stop>
    <stop arrival="10:08" departure="10:08">Skranevegen</stop>
    <stop arrival="10:09" departure="10:09">Regnbueåsen</stop>
    <stop arrival="10:10" departure="10:10">Fanatorget</stop>
    <stop arrival="10:11" departure="10:11">Petedalsheia</stop>
    <stop arrival="10:12" departure="10:12">Hydro Sandsli</stop>
    <stop arrival="10:15" departure="10:15">Håvardstun</stop>
    <stop arrival="10:18" departure="10:18">Meyer</stop>
    <stop arrival="10:19" departure="10:19">Rådal</stop>
    <stop arrival="10:20" departure="10:20">Rådal ved Lagunen</stop>
    <stop arrival="10:23" departure="10:23">Skjold skole</stop>
    <stop arrival="10:25" departure="10:25">Mårdalen</stop>
    <stop arrival="10:26" departure="10:26">Nesttunbrekka</stop>
    <stop arrival="10:26" departure="10:26">Skjoldskiftet</stop>
    <stop arrival="10:27" departure="10:27">Nesttun</stop>
    <stop arrival="10:28" departure="10:28">Nesttun terminal</stop>
    <stop arrival="10:30" departure="10:30">Hopsbro</stop>
    <stop arrival="10:31" departure="10:31">Tveiteråsskiftet</stop>
    <stop arrival="10:32" departure="10:32">Paradis/50</stop>
    <stop arrival="10:34" departure="10:34">Stavkirken</stop>
    <stop arrival="10:35" departure="10:35">Natlandslien</stop>
    <stop arrival="10:36" departure="10:36">Birkelundsbakken</stop>
    <stop arrival="10:37" departure="10:37">Birkelundstoppen</stop>
    <stop arrival="10:38" departure="10:38">Knausen</stop>
    <stop arrival="10:38" departure="10:38">Kolstibotn</stop>
    <stop arrival="10:39" departure="10:39">H. Jægers vei</stop>
    <stop arrival="10:39" departure="10:39">Bolstad</stop>
    <stop arrival="10:40" departure="10:40">Mannsverk</stop>
    <stop arrival="10:40" departure="10:40">Wiers -Jenssens vei</stop>
    <stop arrival="10:41" departure="10:41">Erleveien</stop>
    <stop arrival="10:41" departure="10:41">Landåstorget</stop>
    <stop arrival="10:42" departure="10:42">Natlandsv. v/Hagerupsvei</stop>
    <stop arrival="10:42" departure="10:42">Langhaugen</stop>
    <stop arrival="10:43" departure="10:43">Fridalen</stop>
    <stop arrival="10:44" departure="10:44">Haukeland sykehus sør</stop>
    <stop arrival="10:45" departure="10:45">Haukeland sykehus nord</stop>
    <stop arrival="10:46" departure="10:46">Haraldsplass sykehus</stop>
    <stop arrival="10:47" departure="10:47">Haukeland skole</stop>
    <stop arrival="10:48" departure="10:48">Svartediksveien</stop>
    <stop arrival="10:49" departure="10:49">Kalvedalsveien</stop>
    <stop arrival="10:50" departure="10:50">Kalfarlien</stop>
    <stop arrival="10:52" departure="10:52">Stadsporten (jernbanen)</stop>
    <stop arrival="10:53" departure="10:53">Kong Oscars gate</stop>
    <stop arrival="10:54" departure="10:54">Allehelgensgate</stop>
    <stop arrival="10:54" departure="10:54">Torget (Bergen)</stop>
    <stop arrival="10:55" departure="10:55">Bryggen</stop>
    <stop arrival="10:56" departure="10:56">Slottsgaten</stop>
    <stop arrival="10:57" departure="10:57">Bontelabo</stop>
    <stop arrival="10:57" departure="10:57">Skutevikstorget</stop>
    <stop arrival="10:58" departure="10:58">Sjøgaten</stop>
    <stop arrival="10:58" departure="10:58">Sandvikstorget</stop>
    <stop arrival="10:59" departure="10:59">Ludebryggen</stop>
    <stop arrival="11:00" departure="11:00">Munkebotten</stop>
    <stop arrival="11:01" departure="11:01">Nyhavnsvei (Gamle Bergen)</stop>
    <stop arrival="11:02" departure="11:02">Handelshøyskolen</stop>
    <stop arrival="11:04" departure="11:04">Eidsvåg gamlevegen</stop>
    <stop arrival="11:05" departure="11:05">Selvikvegen</stop>
    <stop arrival="11:06" departure="11:06">Ervik nedre (Sellesvingen)</stop>
    <stop arrival="11:06" departure="11:06">Ervik øvre</stop>
    <stop arrival="11:07" departure="11:07">Åstveitvegen</stop>
    <stop arrival="11:08" departure="11:08">Griggastemma</stop>
    <stop arrival="11:09" departure="11:09">Tertneskrysset gamleveien</stop>
    <stop arrival="11:11" departure="11:11">Stamskaret</stop>
    <stop arrival="11:12" departure="11:12">Hesthaugen</stop>
    <stop arrival="11:14">Åsane terminal</stop>
  </route>
  <route no="24" destination="Åsane terminal" url="http://www.web2051.no/bin/tp/zuginfo.exe/on/352425/121684/545438/155244/1/" trafficDays="kjører Ma - Fr, ikke 13., 17., 24. Mai">
    <stop departure="10:15" routeNo="24">Nesttun terminal</stop>
    <stop arrival="10:17" departure="10:17">Hopsbro</stop>
    <stop arrival="10:19" departure="10:19">Tveiteråsskiftet</stop>
    <stop arrival="10:20" departure="10:20">Paradis</stop>
    <stop arrival="10:22" departure="10:22">Nydalen</stop>
    <stop arrival="10:24" departure="10:24">Fantoft</stop>
    <stop arrival="10:25" departure="10:25">Storetveit</stop>
    <stop arrival="10:25" departure="10:25">Elvebakken</stop>
    <stop arrival="10:26" departure="10:26">Minde</stop>
    <stop arrival="10:29" departure="10:29">Mindemyren</stop>
    <stop arrival="10:30" departure="10:30">Postterminalen</stop>
    <stop arrival="10:31" departure="10:31">Kanalveien v/LBK</stop>
    <stop arrival="10:33" departure="10:33">Danmarksplass v/Forum kino</stop>
    <stop arrival="10:38" departure="10:38">Bergen Busstasjon</stop>
    <stop arrival="10:40" departure="10:40">Christies gate (Festplassen)</stop>
    <stop arrival="10:43" departure="10:43">Torget v/DnB</stop>
    <stop arrival="10:44" departure="10:44">Bryggen</stop>
    <stop arrival="10:44" departure="10:44">Slottsgaten</stop>
    <stop arrival="10:45" departure="10:45">Bontelabo</stop>
    <stop arrival="10:46" departure="10:46">Skutevikstorget</stop>
    <stop arrival="10:46" departure="10:46">Sjøgaten</stop>
    <stop arrival="10:47" departure="10:47">Sandvikstorget</stop>
    <stop arrival="10:48" departure="10:48">Ludebryggen</stop>
    <stop arrival="10:48" departure="10:48">Munkebotten</stop>
    <stop arrival="10:50" departure="10:50">Nyhavnsvei (Gamle Bergen)</stop>
    <stop arrival="10:51" departure="10:51">Handelshøyskolen</stop>
    <stop arrival="10:52" departure="10:52">Solbakken</stop>
    <stop arrival="10:53" departure="10:53">Eikeviken</stop>
    <stop arrival="10:55" departure="10:55">Hellebakken</stop>
    <stop arrival="10:55" departure="10:55">Brunestykket</stop>
    <stop arrival="10:56" departure="10:56">Lønborg</stop>
    <stop arrival="10:57" departure="10:57">Nordre Lønborg</stop>
    <stop arrival="10:57" departure="10:57">Fagerbakken</stop>
    <stop arrival="10:58" departure="10:58">Eidsvågneset</stop>
    <stop arrival="10:58" departure="10:58">Trolldalen (Eidsvågneset)</stop>
    <stop arrival="10:59" departure="10:59">Trollbekken</stop>
    <stop arrival="10:59" departure="10:59">Tømmervågen</stop>
    <stop arrival="11:00" departure="11:00">Lillevågen</stop>
    <stop arrival="11:01" departure="11:01">Hagebyen (Eidsvåg)</stop>
    <stop arrival="11:03" departure="11:03">Fabrikkvegen</stop>
    <stop arrival="11:04" departure="11:04">Eidsvåg gamlevegen</stop>
    <stop arrival="11:05" departure="11:05">Selvikvegen</stop>
    <stop arrival="11:06" departure="11:06">Ervik nedre (Sellesvingen)</stop>
    <stop arrival="11:06" departure="11:06">Ervik øvre</stop>
    <stop arrival="11:07" departure="11:07">Åstveitvegen</stop>
    <stop arrival="11:08" departure="11:08">Griggastemma</stop>
    <stop arrival="11:09" departure="11:09">Tertneskrysset gamleveien</stop>
    <stop arrival="11:11" departure="11:11">Stamskaret</stop>
    <stop arrival="11:12" departure="11:12">Hesthaugen</stop>
    <stop arrival="11:13">Åsane terminal</stop>
  </route>
  <route no="212" destination="Selvik snuplass (Åsane)" url="http://www.web2051.no/bin/tp/zuginfo.exe/on/522435/179106/726546/189128/1/" trafficDays="kjører Ma, On, Fr, ikke 17., 24. Mai">
    <stop departure="11:15" routeNo="212">Åsane terminal</stop>
    <stop arrival="11:16" departure="11:16">Hesthaugen</stop>
    <stop arrival="11:17" departure="11:17">Stamskaret</stop>
    <stop arrival="11:18" departure="11:18">Tertneskrysset gamleveien</stop>
    <stop arrival="11:19" departure="11:19">Griggastemma</stop>
    <stop arrival="11:20" departure="11:20">Åstveitvegen</stop>
    <stop arrival="11:20" departure="11:20">Ervik øvre</stop>
    <stop arrival="11:21" departure="11:21">Ervik nedre (Sellesvingen)</stop>
    <stop arrival="11:22" departure="11:22">Selvikkrysset</stop>
    <stop arrival="11:25">Selvik snuplass (Åsane)</stop>
  </route>
  <route no="50" destination="Åsane terminal" url="http://www.web2051.no/bin/tp/zuginfo.exe/on/986406/329645/879868/111133/1/" trafficDays="kjører Ma - Fr, ikke 13., 17., 24. Mai">
    <stop departure="10:08" routeNo="50">Dolvik terminal</stop>
    <stop arrival="10:08" departure="10:08">Skranevegen</stop>
    <stop arrival="10:09" departure="10:09">Regnbueåsen</stop>
    <stop arrival="10:10" departure="10:10">Fanatorget</stop>
    <stop arrival="10:11" departure="10:11">Petedalsheia</stop>
    <stop arrival="10:12" departure="10:12">Hydro Sandsli</stop>
    <stop arrival="10:15" departure="10:15">Håvardstun</stop>
    <stop arrival="10:18" departure="10:18">Meyer</stop>
    <stop arrival="10:19" departure="10:19">Rådal</stop>
    <stop arrival="10:20" departure="10:20">Rådal ved Lagunen</stop>
    <stop arrival="10:25" departure="10:25">Skjold skole</stop>
    <stop arrival="10:27" departure="10:27">Mårdalen</stop>
    <stop arrival="10:28" departure="10:28">Nesttunbrekka</stop>
    <stop arrival="10:28" departure="10:28">Skjoldskiftet</stop>
    <stop arrival="10:29" departure="10:29">Nesttun</stop>
    <stop arrival="10:30" departure="10:30">Nesttun terminal</stop>
    <stop arrival="10:32" departure="10:32">Hopsbro</stop>
    <stop arrival="10:34" departure="10:34">Tveiteråsskiftet</stop>
    <stop arrival="10:35" departure="10:35">Paradis/50</stop>
    <stop arrival="10:36" departure="10:36">Stavkirken</stop>
    <stop arrival="10:36" departure="10:36">Natlandslien</stop>
    <stop arrival="10:37" departure="10:37">Birkelundsbakken</stop>
    <stop arrival="10:37" departure="10:37">Birkelundstoppen</stop>
    <stop arrival="10:38" departure="10:38">Knausen</stop>
    <stop arrival="10:38" departure="10:38">Kolstibotn</stop>
    <stop arrival="10:39" departure="10:39">H. Jægers vei</stop>
    <stop arrival="10:39" departure="10:39">Bolstad</stop>
    <stop arrival="10:40" departure="10:40">Mannsverk</stop>
    <stop arrival="10:41" departure="10:41">Wiers -Jenssens vei</stop>
    <stop arrival="10:42" departure="10:42">Erleveien</stop>
    <stop arrival="10:42" departure="10:42">Landåstorget</stop>
    <stop arrival="10:44" departure="10:44">Natlandsv. v/Hagerupsvei</stop>
    <stop arrival="10:44" departure="10:44">Langhaugen</stop>
    <stop arrival="10:45" departure="10:45">Fridalen</stop>
    <stop arrival="10:47" departure="10:47">Haukeland sykehus sør</stop>
    <stop arrival="10:48" departure="10:48">Haukeland sykehus nord</stop>
    <stop arrival="10:49" departure="10:49">Haraldsplass sykehus</stop>
    <stop arrival="10:50" departure="10:50">Haukeland skole</stop>
    <stop arrival="10:51" departure="10:51">Svartediksveien</stop>
    <stop arrival="10:52" departure="10:52">Kalvedalsveien</stop>
    <stop arrival="10:53" departure="10:53">Kalfarlien</stop>
    <stop arrival="10:55" departure="10:55">Stadsporten (jernbanen)</stop>
    <stop arrival="10:56" departure="10:56">Kong Oscars gate</stop>
    <stop arrival="10:57" departure="10:57">Allehelgensgate</stop>
    <stop arrival="10:57" departure="10:57">Torget (Bergen)</stop>
    <stop arrival="10:58" departure="10:58">Bryggen</stop>
    <stop arrival="10:59" departure="10:59">Slottsgaten</stop>
    <stop arrival="11:00" departure="11:00">Bontelabo</stop>
    <stop arrival="11:00" departure="11:00">Skutevikstorget</stop>
    <stop arrival="11:01" departure="11:01">Sjøgaten</stop>
    <stop arrival="11:01" departure="11:01">Sandvikstorget</stop>
    <stop arrival="11:02" departure="11:02">Ludebryggen</stop>
    <stop arrival="11:03" departure="11:03">Munkebotten</stop>
    <stop arrival="11:04" departure="11:04">Nyhavnsvei (Gamle Bergen)</stop>
    <stop arrival="11:05" departure="11:05">Handelshøyskolen</stop>
    <stop arrival="11:07" departure="11:07">Eidsvåg gamlevegen</stop>
    <stop arrival="11:08" departure="11:08">Selvikvegen</stop>
    <stop arrival="11:09" departure="11:09">Ervik nedre (Sellesvingen)</stop>
    <stop arrival="11:09" departure="11:09">Ervik øvre</stop>
    <stop arrival="11:10" departure="11:10">Åstveitvegen</stop>
    <stop arrival="11:11" departure="11:11">Griggastemma</stop>
    <stop arrival="11:12" departure="11:12">Tertneskrysset gamleveien</stop>
    <stop arrival="11:16" departure="11:16">Stamskaret</stop>
    <stop arrival="11:17" departure="11:17">Hesthaugen</stop>
    <stop arrival="11:20">Åsane terminal</stop>
  </route>
  <route no="22" destination="Birkelundstoppen" url="http://www.web2051.no/bin/tp/zuginfo.exe/on/128160/46726/74870/5285/1/" trafficDays="kjører Sø, også 1., 13., 17., 24. Mai">
    <stop departure="11:16" routeNo="22">Åsane terminal</stop>
    <stop arrival="11:17" departure="11:17">Hesthaugen</stop>
    <stop arrival="11:18" departure="11:18">Stamskaret</stop>
    <stop arrival="11:19" departure="11:19">Tertneskrysset gamleveien</stop>
    <stop arrival="11:19" departure="11:19">Griggastemma</stop>
    <stop arrival="11:20" departure="11:20">Åstveitvegen</stop>
    <stop arrival="11:20" departure="11:20">Ervik øvre</stop>
    <stop arrival="11:21" departure="11:21">Ervik nedre (Sellesvingen)</stop>
    <stop arrival="11:21" departure="11:21">Selvikvegen</stop>
    <stop arrival="11:22" departure="11:22">Eidsvåg gamlevegen</stop>
    <stop arrival="11:23" departure="11:23">Fabrikkvegen</stop>
    <stop arrival="11:25" departure="11:25">Hagebyen (Eidsvåg)</stop>
    <stop arrival="11:27" departure="11:27">Lillevågen</stop>
    <stop arrival="11:28" departure="11:28">Tømmervågen</stop>
    <stop arrival="11:28" departure="11:28">Trollbekken</stop>
    <stop arrival="11:29" departure="11:29">Trolldalen (Eidsvågneset)</stop>
    <stop arrival="11:31" departure="11:31">Fagerbakken</stop>
    <stop arrival="11:32" departure="11:32">Nordre Lønborg</stop>
    <stop arrival="11:33" departure="11:33">Lønborg</stop>
    <stop arrival="11:33" departure="11:33">Brunestykket</stop>
    <stop arrival="11:34" departure="11:34">Hellebakken</stop>
    <stop arrival="11:35" departure="11:35">Eikeviken</stop>
    <stop arrival="11:36" departure="11:36">Solbakken</stop>
    <stop arrival="11:37" departure="11:37">Handelshøyskolen</stop>
    <stop arrival="11:39" departure="11:39">Nyhavnsvei (Gamle Bergen)</stop>
    <stop arrival="11:41" departure="11:41">Munkebotten</stop>
    <stop arrival="11:42" departure="11:42">Ludebryggen</stop>
    <stop arrival="11:43" departure="11:43">Sandvikstorget</stop>
    <stop arrival="11:45" departure="11:45">Skutevikstorget</stop>
    <stop arrival="11:46" departure="11:46">Bontelabo</stop>
    <stop arrival="11:48" departure="11:48">Slottsgaten</stop>
    <stop arrival="11:49" departure="11:49">Bryggen</stop>
    <stop arrival="11:50" departure="11:50">Olav Kyrres gate</stop>
    <stop arrival="11:57" departure="11:57">Bergen Busstasjon</stop>
    <stop arrival="12:01" departure="12:01">Danmarksplass</stop>
    <stop arrival="12:02" departure="12:02">Solheimsgaten</stop>
    <stop arrival="12:03" departure="12:03">Reperbanen</stop>
    <stop arrival="12:04" departure="12:04">Fjøsangerveien/ Minde Allè</stop>
    <stop arrival="12:07" departure="12:07">Minde</stop>
    <stop arrival="12:08" departure="12:08">Elvebakken</stop>
    <stop arrival="12:09" departure="12:09">Storetveit</stop>
    <stop arrival="12:09" departure="12:09">Fantoft</stop>
    <stop arrival="12:10" departure="12:10">Nydalen</stop>
    <stop arrival="12:11" departure="12:11">Paradis</stop>
    <stop arrival="12:12" departure="12:12">Tveiteråsskiftet</stop>
    <stop arrival="12:13" departure="12:13">Hopsbro</stop>
    <stop arrival="12:15" departure="12:15">Hopstangen</stop>
    <stop arrival="12:16" departure="12:16">Nesttun terminal</stop>
    <stop arrival="12:17" departure="12:17">Nesttun</stop>
    <stop arrival="12:17" departure="12:17">Herredshuset, Nesttun</stop>
    <stop arrival="12:18" departure="12:18">Midtun bro</stop>
    <stop arrival="12:20" departure="12:20">Midttunflaten</stop>
    <stop arrival="12:21" departure="12:21">Sandbrekkeveien</stop>
    <stop arrival="12:21" departure="12:21">Sandalskollen</stop>
    <stop arrival="12:23" departure="12:23">Kringlebotn</stop>
    <stop arrival="12:24" departure="12:24">Kjenndalslia</stop>
    <stop arrival="12:25" departure="12:25">Kjenndalsåsen</stop>
    <stop arrival="12:26" departure="12:26">Sandalsringen snuplass</stop>
    <stop arrival="12:27" departure="12:27">Helldalslia</stop>
    <stop arrival="12:28" departure="12:28">Helldalslia</stop>
    <stop arrival="12:28" departure="12:28">Indre Sædal</stop>
    <stop arrival="12:30" departure="12:30">Rinddalen</stop>
    <stop arrival="12:32" departure="12:32">Merkurvegen (nyeveien)</stop>
    <stop arrival="12:33" departure="12:33">Nattland gård (nyeveien)</stop>
    <stop arrival="12:35">Birkelundstoppen</stop>
  </route>
  <route no="90" destination="Støbotn snuplass" url="http://www.web2051.no/bin/tp/zuginfo.exe/on/634044/216195/22604/200046/1/" trafficDays="kjører Sø, også 1., 13., 17., 24. Mai">
    <stop departure="10:35" routeNo="90">Sletten (Bergen)</stop>
    <stop arrival="10:37" departure="10:37">Johan Hjorts vei</stop>
    <stop arrival="10:38" departure="10:38">Bergenshallen</stop>
    <stop arrival="10:39" departure="10:39">Sletten Shoppingsenter</stop>
    <stop arrival="10:40" departure="10:40">Fageråsen</stop>
    <stop arrival="10:41" departure="10:41">Hagerups vei</stop>
    <stop arrival="10:42" departure="10:42">Natlandsv. v/Hagerupsvei</stop>
    <stop arrival="10:43" departure="10:43">Langhaugen</stop>
    <stop arrival="10:44" departure="10:44">Fridalen</stop>
    <stop arrival="10:45" departure="10:45">Haukelandsveien</stop>
    <stop arrival="10:46" departure="10:46">Ibsens gate /Haukeland sykehus</stop>
    <stop arrival="10:48" departure="10:48">Bjørnsons gate</stop>
    <stop arrival="10:50" departure="10:50">Årstad VGS</stop>
    <stop arrival="10:52" departure="10:52">Danmarksplass v/Forum kino</stop>
    <stop arrival="10:58" departure="10:58">Bergen Busstasjon</stop>
    <stop arrival="11:00" departure="11:00">Christies gate (Festplassen)</stop>
    <stop arrival="11:03" departure="11:03">Torget (Bergen)</stop>
    <stop arrival="11:04" departure="11:04">Bryggen</stop>
    <stop arrival="11:04" departure="11:04">Slottsgaten</stop>
    <stop arrival="11:05" departure="11:05">Bontelabo</stop>
    <stop arrival="11:06" departure="11:06">Skutevikstorget</stop>
    <stop arrival="11:06" departure="11:06">Sjøgaten</stop>
    <stop arrival="11:07" departure="11:07">Sandvikstorget</stop>
    <stop arrival="11:08" departure="11:08">Ludebryggen</stop>
    <stop arrival="11:08" departure="11:08">Munkebotten</stop>
    <stop arrival="11:10" departure="11:10">Nyhavnsvei (Gamle Bergen)</stop>
    <stop arrival="11:11" departure="11:11">Handelshøyskolen</stop>
    <stop arrival="11:13" departure="11:13">Eidsvåg</stop>
    <stop arrival="11:16" departure="11:16">Tertneskrysset nyevegen</stop>
    <stop arrival="11:18" departure="11:18">Stamskaret</stop>
    <stop arrival="11:19" departure="11:19">Hesthaugen</stop>
    <stop arrival="11:20" departure="11:20">Åsane terminal</stop>
    <stop arrival="11:21" departure="11:21">Åsane Brannstasjon</stop>
    <stop arrival="11:22" departure="11:22">Flatevad</stop>
    <stop arrival="11:23" departure="11:23">Spondalen</stop>
    <stop arrival="11:23" departure="11:23">Torvbakken</stop>
    <stop arrival="11:24" departure="11:24">Morvikbotn</stop>
    <stop arrival="11:25" departure="11:25">Viddalen</stop>
    <stop arrival="11:26" departure="11:26">Bakketoppen, Morvik</stop>
    <stop arrival="11:28" departure="11:28">Kollbudalen</stop>
    <stop arrival="11:29" departure="11:29">Saudalen</stop>
    <stop arrival="11:30" departure="11:30">Saudalskleivane</stop>
    <stop arrival="11:31" departure="11:31">Lokketodalen</stop>
    <stop arrival="11:32" departure="11:32">Slettestølen</stop>
    <stop arrival="11:33" departure="11:33">Marikollen</stop>
    <stop arrival="11:34" departure="11:34">Toppe</stop>
    <stop arrival="11:35">Støbotn snuplass</stop>
  </route>
  <route no="71" destination="Nipedalen" url="http://www.web2051.no/bin/tp/zuginfo.exe/on/757455/257185/568532/31781/1/" trafficDays="kjører Lø, ikke 1. Mai">
    <stop departure="11:05" routeNo="71">Viddalen</stop>
    <stop arrival="11:07" departure="11:07">Bryggedalen</stop>
    <stop arrival="11:08" departure="11:08">Åsane sand + singel</stop>
    <stop arrival="11:08" departure="11:08">Kvernevikstemma</stop>
    <stop arrival="11:09" departure="11:09">Tertitten</stop>
    <stop arrival="11:10" departure="11:10">Bekkjarvik (Åsane)</stop>
    <stop arrival="11:11" departure="11:11">Nesmyr</stop>
    <stop arrival="11:11" departure="11:11">Storevarden</stop>
    <stop arrival="11:12" departure="11:12">Kipo</stop>
    <stop arrival="11:12" departure="11:12">Bekkjarvikkryss (Åsane)</stop>
    <stop arrival="11:13" departure="11:13">Sjøveien</stop>
    <stop arrival="11:14" departure="11:14">Haukedalsvegen</stop>
    <stop arrival="11:15" departure="11:15">Botnane</stop>
    <stop arrival="11:16" departure="11:16">Haukeberget</stop>
    <stop arrival="11:17" departure="11:17">Ulsetåsen</stop>
    <stop arrival="11:18" departure="11:18">Åsane Brannstasjon</stop>
    <stop arrival="11:20" departure="11:20">Åsane terminal</stop>
    <stop arrival="11:21" departure="11:21">Hesthaugen</stop>
    <stop arrival="11:22" departure="11:22">Stamskaret</stop>
    <stop arrival="11:23" departure="11:23">Tertneskrysset nyevegen</stop>
    <stop arrival="11:26" departure="11:26">Eidsvåg</stop>
    <stop arrival="11:28" departure="11:28">Handelshøyskolen</stop>
    <stop arrival="11:30" departure="11:30">Nyhavnsvei (Gamle Bergen)</stop>
    <stop arrival="11:32" departure="11:32">Munkebotten</stop>
    <stop arrival="11:33" departure="11:33">Ludebryggen</stop>
    <stop arrival="11:34" departure="11:34">Sandvikstorget</stop>
    <stop arrival="11:36" departure="11:36">Skutevikstorget</stop>
    <stop arrival="11:37" departure="11:37">Bontelabo</stop>
    <stop arrival="11:38" departure="11:38">Slottsgaten</stop>
    <stop arrival="11:40" departure="11:40">Bryggen</stop>
    <stop arrival="11:41" departure="11:41">Olav Kyrres gate</stop>
    <stop arrival="11:44" departure="11:44">Møhlenpris v/ Industrihuset</stop>
    <stop arrival="11:46" departure="11:46">Gyldenpris</stop>
    <stop arrival="11:47" departure="11:47">Solveien</stop>
    <stop arrival="11:48" departure="11:48">Jansongården</stop>
    <stop arrival="11:50" departure="11:50">Fergeveien</stop>
    <stop arrival="11:50" departure="11:50">Vågedalen</stop>
    <stop arrival="11:52" departure="11:52">Oldernes</stop>
    <stop arrival="11:52" departure="11:52">Kringsjå</stop>
    <stop arrival="11:54" departure="11:54">Nygård, Laksevåg</stop>
    <stop arrival="11:54" departure="11:54">Haustbeitet</stop>
    <stop arrival="11:55" departure="11:55">Nygårdslien</stop>
    <stop arrival="11:56" departure="11:56">Lyngbøveien</stop>
    <stop arrival="11:57" departure="11:57">Nipedalen v/Lyngbøveien</stop>
    <stop arrival="11:58" departure="11:58">Nipedalen v/nr. 23</stop>
    <stop arrival="12:00" departure="12:00">Lyngbøkollen</stop>
    <stop arrival="12:01">Nipedalen</stop>
  </route>
  <route no="71" destination="Nipedalen" url="http://www.web2051.no/bin/tp/zuginfo.exe/on/743439/252541/673238/88811/1/" trafficDays="kjører Ma - Fr, ikke 13., 17., 24. Mai">
    <stop departure="11:05" routeNo="71">Viddalen</stop>
    <stop arrival="11:07" departure="11:07">Bryggedalen</stop>
    <stop arrival="11:08" departure="11:08">Åsane sand + singel</stop>
    <stop arrival="11:08" departure="11:08">Kvernevikstemma</stop>
    <stop arrival="11:09" departure="11:09">Tertitten</stop>
    <stop arrival="11:10" departure="11:10">Bekkjarvik (Åsane)</stop>
    <stop arrival="11:11" departure="11:11">Nesmyr</stop>
    <stop arrival="11:11" departure="11:11">Storevarden</stop>
    <stop arrival="11:12" departure="11:12">Kipo</stop>
    <stop arrival="11:12" departure="11:12">Bekkjarvikkryss (Åsane)</stop>
    <stop arrival="11:13" departure="11:13">Sjøveien</stop>
    <stop arrival="11:14" departure="11:14">Haukedalsvegen</stop>
    <stop arrival="11:15" departure="11:15">Botnane</stop>
    <stop arrival="11:16" departure="11:16">Haukeberget</stop>
    <stop arrival="11:17" departure="11:17">Ulsetåsen</stop>
    <stop arrival="11:18" departure="11:18">Åsane Brannstasjon</stop>
    <stop arrival="11:20" departure="11:20">Åsane terminal</stop>
    <stop arrival="11:21" departure="11:21">Hesthaugen</stop>
    <stop arrival="11:22" departure="11:22">Stamskaret</stop>
    <stop arrival="11:23" departure="11:23">Tertneskrysset nyevegen</stop>
    <stop arrival="11:26" departure="11:26">Eidsvåg</stop>
    <stop arrival="11:28" departure="11:28">Handelshøyskolen</stop>
    <stop arrival="11:30" departure="11:30">Nyhavnsvei (Gamle Bergen)</stop>
    <stop arrival="11:32" departure="11:32">Munkebotten</stop>
    <stop arrival="11:33" departure="11:33">Ludebryggen</stop>
    <stop arrival="11:34" departure="11:34">Sandvikstorget</stop>
    <stop arrival="11:36" departure="11:36">Skutevikstorget</stop>
    <stop arrival="11:37" departure="11:37">Bontelabo</stop>
    <stop arrival="11:38" departure="11:38">Slottsgaten</stop>
    <stop arrival="11:40" departure="11:40">Bryggen</stop>
    <stop arrival="11:41" departure="11:41">Olav Kyrres gate</stop>
    <stop arrival="11:44" departure="11:44">Møhlenpris v/ Industrihuset</stop>
    <stop arrival="11:46" departure="11:46">Gyldenpris</stop>
    <stop arrival="11:47" departure="11:47">Solveien</stop>
    <stop arrival="11:48" departure="11:48">Jansongården</stop>
    <stop arrival="11:50" departure="11:50">Fergeveien</stop>
    <stop arrival="11:51" departure="11:51">Vågedalen</stop>
    <stop arrival="11:53" departure="11:53">Oldernes</stop>
    <stop arrival="11:54" departure="11:54">Kringsjå</stop>
    <stop arrival="11:55" departure="11:55">Nygård, Laksevåg</stop>
    <stop arrival="11:56" departure="11:56">Haustbeitet</stop>
    <stop arrival="11:57" departure="11:57">Nygårdslien</stop>
    <stop arrival="11:58" departure="11:58">Lyngbøveien</stop>
    <stop arrival="12:00" departure="12:00">Nipedalen v/Lyngbøveien</stop>
    <stop arrival="12:01" departure="12:01">Nipedalen v/nr. 23</stop>
    <stop arrival="12:03" departure="12:03">Lyngbøkollen</stop>
    <stop arrival="12:05">Nipedalen</stop>
  </route>
  <route no="21" destination="Åsane terminal" url="http://www.web2051.no/bin/tp/zuginfo.exe/on/350511/120780/34858/99408/1/" trafficDays="kjører Sø, også 1., 13., 17., 24. Mai">
    <stop departure="10:20" routeNo="21">Søråshøgda snuplass</stop>
    <stop arrival="10:21" departure="10:21">Søråsgrenda</stop>
    <stop arrival="10:23" departure="10:23">Nordåsgrenda</stop>
    <stop arrival="10:24" departure="10:24">Nordåstræet</stop>
    <stop arrival="10:25" departure="10:25">Nordås</stop>
    <stop arrival="10:27" departure="10:27">Nordåstræet</stop>
    <stop arrival="10:28" departure="10:28">Nordåsgrenda</stop>
    <stop arrival="10:28" departure="10:28">Kilden senter</stop>
    <stop arrival="10:29" departure="10:29">Søråsveien</stop>
    <stop arrival="10:30" departure="10:30">Skjold skole</stop>
    <stop arrival="10:32" departure="10:32">Mårdalen</stop>
    <stop arrival="10:33" departure="10:33">Nesttunbrekka</stop>
    <stop arrival="10:33" departure="10:33">Skjoldskiftet</stop>
    <stop arrival="10:34" departure="10:34">Nesttun</stop>
    <stop arrival="10:35" departure="10:35">Nesttun terminal</stop>
    <stop arrival="10:37" departure="10:37">Hopsbro</stop>
    <stop arrival="10:39" departure="10:39">Tveiteråsskiftet</stop>
    <stop arrival="10:40" departure="10:40">Paradis</stop>
    <stop arrival="10:42" departure="10:42">Nydalen</stop>
    <stop arrival="10:44" departure="10:44">Fantoft</stop>
    <stop arrival="10:45" departure="10:45">Storetveit</stop>
    <stop arrival="10:45" departure="10:45">Elvebakken</stop>
    <stop arrival="10:46" departure="10:46">Minde</stop>
    <stop arrival="10:49" departure="10:49">Mindemyren</stop>
    <stop arrival="10:50" departure="10:50">Postterminalen</stop>
    <stop arrival="10:50" departure="10:50">Kanalveien v/LBK</stop>
    <stop arrival="10:52" departure="10:52">Danmarksplass v/Forum kino</stop>
    <stop arrival="10:57" departure="10:57">Bergen Busstasjon</stop>
    <stop arrival="11:00" departure="11:00">Christies gate (Festplassen)</stop>
    <stop arrival="11:03" departure="11:03">Torget v/DnB</stop>
    <stop arrival="11:04" departure="11:04">Bryggen</stop>
    <stop arrival="11:04" departure="11:04">Slottsgaten</stop>
    <stop arrival="11:05" departure="11:05">Bontelabo</stop>
    <stop arrival="11:06" departure="11:06">Skutevikstorget</stop>
    <stop arrival="11:06" departure="11:06">Sjøgaten</stop>
    <stop arrival="11:07" departure="11:07">Sandvikstorget</stop>
    <stop arrival="11:08" departure="11:08">Ludebryggen</stop>
    <stop arrival="11:08" departure="11:08">Munkebotten</stop>
    <stop arrival="11:10" departure="11:10">Nyhavnsvei (Gamle Bergen)</stop>
    <stop arrival="11:11" departure="11:11">Handelshøyskolen</stop>
    <stop arrival="11:12" departure="11:12">Solbakken</stop>
    <stop arrival="11:13" departure="11:13">Eikeviken</stop>
    <stop arrival="11:15" departure="11:15">Hellebakken</stop>
    <stop arrival="11:15" departure="11:15">Brunestykket</stop>
    <stop arrival="11:16" departure="11:16">Lønborg</stop>
    <stop arrival="11:17" departure="11:17">Nordre Lønborg</stop>
    <stop arrival="11:17" departure="11:17">Fagerbakken</stop>
    <stop arrival="11:18" departure="11:18">Eidsvågneset</stop>
    <stop arrival="11:18" departure="11:18">Trolldalen (Eidsvågneset)</stop>
    <stop arrival="11:18" departure="11:18">Trollbekken</stop>
    <stop arrival="11:19" departure="11:19">Tømmervågen</stop>
    <stop arrival="11:19" departure="11:19">Lillevågen</stop>
    <stop arrival="11:20" departure="11:20">Hagebyen (Eidsvåg)</stop>
    <stop arrival="11:21" departure="11:21">Fabrikkvegen</stop>
    <stop arrival="11:22" departure="11:22">Eidsvåg gamlevegen</stop>
    <stop arrival="11:23" departure="11:23">Selvikvegen</stop>
    <stop arrival="11:24" departure="11:24">Ervik nedre (Sellesvingen)</stop>
    <stop arrival="11:25" departure="11:25">Ervik øvre</stop>
    <stop arrival="11:25" departure="11:25">Åstveitvegen</stop>
    <stop arrival="11:27" departure="11:27">Griggastemma</stop>
    <stop arrival="11:27" departure="11:27">Tertneskrysset gamleveien</stop>
    <stop arrival="11:29" departure="11:29">Stamskaret</stop>
    <stop arrival="11:30" departure="11:30">Hesthaugen</stop>
    <stop arrival="11:31">Åsane terminal</stop>
  </route>
  <route no="24" destination="Nesttun terminal" url="http://www.web2051.no/bin/tp/zuginfo.exe/on/194295/68940/612420/241445/1/" trafficDays="kjører Lø, ikke 1. Mai">
    <stop departure="11:31" routeNo="24">Åsane terminal</stop>
    <stop arrival="11:32" departure="11:32">Hesthaugen</stop>
    <stop arrival="11:33" departure="11:33">Stamskaret</stop>
    <stop arrival="11:34" departure="11:34">Tertneskrysset gamleveien</stop>
    <stop arrival="11:35" departure="11:35">Griggastemma</stop>
    <stop arrival="11:37" departure="11:37">Nedre Åstveit snuplass</stop>
    <stop arrival="11:39" departure="11:39">Åstveitvegen</stop>
    <stop arrival="11:40" departure="11:40">Ervik øvre</stop>
    <stop arrival="11:41" departure="11:41">Ervik nedre (Sellesvingen)</stop>
    <stop arrival="11:42" departure="11:42">Eidsvåg gamlevegen</stop>
    <stop arrival="11:43" departure="11:43">Fabrikkvegen</stop>
    <stop arrival="11:45" departure="11:45">Hagebyen (Eidsvåg)</stop>
    <stop arrival="11:47" departure="11:47">Lillevågen</stop>
    <stop arrival="11:48" departure="11:48">Tømmervågen</stop>
    <stop arrival="11:48" departure="11:48">Trollbekken</stop>
    <stop arrival="11:49" departure="11:49">Trolldalen (Eidsvågneset)</stop>
    <stop arrival="11:51" departure="11:51">Fagerbakken</stop>
    <stop arrival="11:52" departure="11:52">Nordre Lønborg</stop>
    <stop arrival="11:53" departure="11:53">Lønborg</stop>
    <stop arrival="11:53" departure="11:53">Brunestykket</stop>
    <stop arrival="11:54" departure="11:54">Hellebakken</stop>
    <stop arrival="11:55" departure="11:55">Eikeviken</stop>
    <stop arrival="11:56" departure="11:56">Solbakken</stop>
    <stop arrival="11:57" departure="11:57">Handelshøyskolen</stop>
    <stop arrival="11:58" departure="11:58">Nyhavnsvei (Gamle Bergen)</stop>
    <stop arrival="12:00" departure="12:00">Munkebotten</stop>
    <stop arrival="12:01" departure="12:01">Ludebryggen</stop>
    <stop arrival="12:04" departure="12:04">Sandvikstorget</stop>
    <stop arrival="12:06" departure="12:06">Skutevikstorget</stop>
    <stop arrival="12:07" departure="12:07">Bontelabo</stop>
    <stop arrival="12:08" departure="12:08">Slottsgaten</stop>
    <stop arrival="12:09" departure="12:09">Bryggen</stop>
    <stop arrival="12:10" departure="12:10">Olav Kyrres gate</stop>
    <stop arrival="12:15" departure="12:15">Bergen Busstasjon</stop>
    <stop arrival="12:19" departure="12:19">Danmarksplass</stop>
    <stop arrival="12:20" departure="12:20">Solheimsgaten</stop>
    <stop arrival="12:21" departure="12:21">Reperbanen</stop>
    <stop arrival="12:23" departure="12:23">Fjøsangerveien/ Minde Allè</stop>
    <stop arrival="12:26" departure="12:26">Minde</stop>
    <stop arrival="12:27" departure="12:27">Elvebakken</stop>
    <stop arrival="12:28" departure="12:28">Storetveit</stop>
    <stop arrival="12:28" departure="12:28">Fantoft</stop>
    <stop arrival="12:29" departure="12:29">Nydalen</stop>
    <stop arrival="12:30" departure="12:30">Paradis</stop>
    <stop arrival="12:31" departure="12:31">Tveiteråsskiftet</stop>
    <stop arrival="12:32" departure="12:32">Hopsbro</stop>
    <stop arrival="12:34" departure="12:34">Hopstangen</stop>
    <stop arrival="12:35">Nesttun terminal</stop>
  </route>
  <route no="212" destination="Åsane terminal" url="http://www.web2051.no/bin/tp/zuginfo.exe/on/328443/114443/663108/222073/1/" trafficDays="kjører Ma, On, Fr, ikke 17., 24. Mai">
    <stop departure="11:25" routeNo="212">Selvik snuplass (Åsane)</stop>
    <stop arrival="11:27" departure="11:27">Selvikkrysset</stop>
    <stop arrival="11:28" departure="11:28">Ervik nedre (Sellesvingen)</stop>
    <stop arrival="11:28" departure="11:28">Ervik øvre</stop>
    <stop arrival="11:29" departure="11:29">Åstveitvegen</stop>
    <stop arrival="11:31" departure="11:31">Griggastemma</stop>
    <stop arrival="11:31" departure="11:31">Tertneskrysset gamleveien</stop>
    <stop arrival="11:33" departure="11:33">Stamskaret</stop>
    <stop arrival="11:34" departure="11:34">Hesthaugen</stop>
    <stop arrival="11:35">Åsane terminal</stop>
  </route>
  <route no="24" destination="Nesttun terminal" url="http://www.web2051.no/bin/tp/zuginfo.exe/on/935187/315939/836552/106549/1/" trafficDays="kjører Ma - Fr, ikke 13., 17., 24. Mai">
    <stop departure="11:34" routeNo="24">Åsane terminal</stop>
    <stop arrival="11:35" departure="11:35">Hesthaugen</stop>
    <stop arrival="11:36" departure="11:36">Stamskaret</stop>
    <stop arrival="11:37" departure="11:37">Tertneskrysset gamleveien</stop>
    <stop arrival="11:38" departure="11:38">Griggastemma</stop>
    <stop arrival="11:38" departure="11:38">Åstveitvegen</stop>
    <stop arrival="11:39" departure="11:39">Ervik øvre</stop>
    <stop arrival="11:40" departure="11:40">Ervik nedre (Sellesvingen)</stop>
    <stop arrival="11:41" departure="11:41">Selvikvegen</stop>
    <stop arrival="11:42" departure="11:42">Eidsvåg gamlevegen</stop>
    <stop arrival="11:42" departure="11:42">Fabrikkvegen</stop>
    <stop arrival="11:44" departure="11:44">Hagebyen (Eidsvåg)</stop>
    <stop arrival="11:45" departure="11:45">Lillevågen</stop>
    <stop arrival="11:46" departure="11:46">Tømmervågen</stop>
    <stop arrival="11:47" departure="11:47">Trollbekken</stop>
    <stop arrival="11:48" departure="11:48">Trolldalen (Eidsvågneset)</stop>
    <stop arrival="11:50" departure="11:50">Fagerbakken</stop>
    <stop arrival="11:52" departure="11:52">Nordre Lønborg</stop>
    <stop arrival="11:53" departure="11:53">Lønborg</stop>
    <stop arrival="11:53" departure="11:53">Brunestykket</stop>
    <stop arrival="11:54" departure="11:54">Hellebakken</stop>
    <stop arrival="11:55" departure="11:55">Eikeviken</stop>
    <stop arrival="11:56" departure="11:56">Solbakken</stop>
    <stop arrival="11:57" departure="11:57">Handelshøyskolen</stop>
    <stop arrival="11:59" departure="11:59">Nyhavnsvei (Gamle Bergen)</stop>
    <stop arrival="12:01" departure="12:01">Munkebotten</stop>
    <stop arrival="12:02" departure="12:02">Ludebryggen</stop>
    <stop arrival="12:03" departure="12:03">Sandvikstorget</stop>
    <stop arrival="12:05" departure="12:05">Skutevikstorget</stop>
    <stop arrival="12:06" departure="12:06">Bontelabo</stop>
    <stop arrival="12:08" departure="12:08">Slottsgaten</stop>
    <stop arrival="12:09" departure="12:09">Bryggen</stop>
    <stop arrival="12:10" departure="12:10">Olav Kyrres gate</stop>
    <stop arrival="12:15" departure="12:15">Bergen Busstasjon</stop>
    <stop arrival="12:19" departure="12:19">Danmarksplass</stop>
    <stop arrival="12:20" departure="12:20">Solheimsgaten</stop>
    <stop arrival="12:21" departure="12:21">Reperbanen</stop>
    <stop arrival="12:23" departure="12:23">Fjøsangerveien/ Minde Allè</stop>
    <stop arrival="12:27" departure="12:27">Minde</stop>
    <stop arrival="12:28" departure="12:28">Elvebakken</stop>
    <stop arrival="12:28" departure="12:28">Storetveit</stop>
    <stop arrival="12:28" departure="12:28">Fantoft</stop>
    <stop arrival="12:29" departure="12:29">Nydalen</stop>
    <stop arrival="12:30" departure="12:30">Paradis</stop>
    <stop arrival="12:31" departure="12:31">Tveiteråsskiftet</stop>
    <stop arrival="12:32" departure="12:32">Hopsbro</stop>
    <stop arrival="12:34" departure="12:34">Hopstangen</stop>
    <stop arrival="12:35">Nesttun terminal</stop>
  </route>
  <route no="211" destination="Åsane terminal" url="http://www.web2051.no/bin/tp/zuginfo.exe/on/462201/159022/778988/235427/1/" trafficDays="kjører Ti, To, ikke 13. Mai">
    <stop departure="11:25" routeNo="211">Jordal snuplass</stop>
    <stop arrival="11:26" departure="11:26">Jordal (Eidsvåg)</stop>
    <stop arrival="11:29" departure="11:29">Fatland</stop>
    <stop arrival="11:29" departure="11:29">Munkebottsveien</stop>
    <stop arrival="11:30" departure="11:30">Eidsvåg snuplass</stop>
    <stop arrival="11:30" departure="11:30">Eidsvåg gamlevegen</stop>
    <stop arrival="11:31" departure="11:31">Selvikvegen</stop>
    <stop arrival="11:31" departure="11:31">Ervik nedre (Sellesvingen)</stop>
    <stop arrival="11:32" departure="11:32">Ervik øvre</stop>
    <stop arrival="11:32" departure="11:32">Åstveitvegen</stop>
    <stop arrival="11:33" departure="11:33">Nedre Åstveit snuplass</stop>
    <stop arrival="11:35" departure="11:35">Griggastemma</stop>
    <stop arrival="11:35" departure="11:35">Tertneskrysset gamleveien</stop>
    <stop arrival="11:37" departure="11:37">Stamskaret</stop>
    <stop arrival="11:38" departure="11:38">Hesthaugen</stop>
    <stop arrival="11:39">Åsane terminal</stop>
  </route>
  <route no="71" destination="Viddalen" url="http://www.web2051.no/bin/tp/zuginfo.exe/on/825045/279714/336980/106525/1/" trafficDays="kjører Lø, ikke 1. Mai">
    <stop departure="11:00" routeNo="71">Nipedalen</stop>
    <stop arrival="11:01" departure="11:01">Lyngbøkollen</stop>
    <stop arrival="11:02" departure="11:02">Øvre Lyngbø</stop>
    <stop arrival="11:03" departure="11:03">Nipedalen v/nr.23</stop>
    <stop arrival="11:03" departure="11:03">Nipedalen v/Lyngbøveien</stop>
    <stop arrival="11:04" departure="11:04">Lyngbøveien</stop>
    <stop arrival="11:05" departure="11:05">Nygårdslien</stop>
    <stop arrival="11:05" departure="11:05">Haustbeitet</stop>
    <stop arrival="11:06" departure="11:06">Nygård, Laksevåg</stop>
    <stop arrival="11:08" departure="11:08">Kringsjå</stop>
    <stop arrival="11:09" departure="11:09">Oldernes</stop>
    <stop arrival="11:10" departure="11:10">Vågedalen</stop>
    <stop arrival="11:11" departure="11:11">Fergeveien</stop>
    <stop arrival="11:13" departure="11:13">Jansongården</stop>
    <stop arrival="11:14" departure="11:14">Solveien</stop>
    <stop arrival="11:15" departure="11:15">Gyldenpris</stop>
    <stop arrival="11:18" departure="11:18">Møhlenpris v/ Industrihuset</stop>
    <stop arrival="11:20" departure="11:20">Christies gate (Festplassen)</stop>
    <stop arrival="11:23" departure="11:23">Torget (Bergen)</stop>
    <stop arrival="11:24" departure="11:24">Bryggen</stop>
    <stop arrival="11:24" departure="11:24">Slottsgaten</stop>
    <stop arrival="11:25" departure="11:25">Bontelabo</stop>
    <stop arrival="11:26" departure="11:26">Skutevikstorget</stop>
    <stop arrival="11:26" departure="11:26">Sjøgaten</stop>
    <stop arrival="11:27" departure="11:27">Sandvikstorget</stop>
    <stop arrival="11:28" departure="11:28">Ludebryggen</stop>
    <stop arrival="11:28" departure="11:28">Munkebotten</stop>
    <stop arrival="11:30" departure="11:30">Nyhavnsvei (Gamle Bergen)</stop>
    <stop arrival="11:31" departure="11:31">Handelshøyskolen</stop>
    <stop arrival="11:33" departure="11:33">Eidsvåg</stop>
    <stop arrival="11:36" departure="11:36">Tertneskrysset nyevegen</stop>
    <stop arrival="11:38" departure="11:38">Stamskaret</stop>
    <stop arrival="11:39" departure="11:39">Hesthaugen</stop>
    <stop arrival="11:40" departure="11:40">Åsane terminal</stop>
    <stop arrival="11:42" departure="11:42">Ulsetåsen</stop>
    <stop arrival="11:43" departure="11:43">Haukeberget</stop>
    <stop arrival="11:45" departure="11:45">Botnane</stop>
    <stop arrival="11:46" departure="11:46">Haukedalsvegen</stop>
    <stop arrival="11:47" departure="11:47">Sjøveien</stop>
    <stop arrival="11:48" departure="11:48">Tertitten</stop>
    <stop arrival="11:48" departure="11:48">Kipo</stop>
    <stop arrival="11:49" departure="11:49">Storevarden</stop>
    <stop arrival="11:49" departure="11:49">Nesmyr</stop>
    <stop arrival="11:50" departure="11:50">Bekkjarvik (Åsane)</stop>
    <stop arrival="11:51" departure="11:51">Bekkjarvikkryss (Åsane)</stop>
    <stop arrival="11:52" departure="11:52">Kvernevikstemma</stop>
    <stop arrival="11:52" departure="11:52">Åsane sand + singel</stop>
    <stop arrival="11:53" departure="11:53">Bryggedalen</stop>
    <stop arrival="11:55">Viddalen</stop>
  </route>
  <route no="71" destination="Viddalen" url="http://www.web2051.no/bin/tp/zuginfo.exe/on/220278/78158/378738/115943/1/" trafficDays="kjører Ma - Fr, ikke 13., 17., 24. Mai">
    <stop departure="11:00" routeNo="71">Nipedalen</stop>
    <stop arrival="11:01" departure="11:01">Lyngbøkollen</stop>
    <stop arrival="11:02" departure="11:02">Øvre Lyngbø</stop>
    <stop arrival="11:03" departure="11:03">Nipedalen v/nr.23</stop>
    <stop arrival="11:03" departure="11:03">Nipedalen v/Lyngbøveien</stop>
    <stop arrival="11:04" departure="11:04">Lyngbøveien</stop>
    <stop arrival="11:05" departure="11:05">Nygårdslien</stop>
    <stop arrival="11:05" departure="11:05">Haustbeitet</stop>
    <stop arrival="11:06" departure="11:06">Nygård, Laksevåg</stop>
    <stop arrival="11:08" departure="11:08">Kringsjå</stop>
    <stop arrival="11:09" departure="11:09">Oldernes</stop>
    <stop arrival="11:10" departure="11:10">Vågedalen</stop>
    <stop arrival="11:11" departure="11:11">Fergeveien</stop>
    <stop arrival="11:13" departure="11:13">Jansongården</stop>
    <stop arrival="11:14" departure="11:14">Solveien</stop>
    <stop arrival="11:15" departure="11:15">Gyldenpris</stop>
    <stop arrival="11:18" departure="11:18">Møhlenpris v/ Industrihuset</stop>
    <stop arrival="11:20" departure="11:20">Christies gate (Festplassen)</stop>
    <stop arrival="11:23" departure="11:23">Torget (Bergen)</stop>
    <stop arrival="11:24" departure="11:24">Bryggen</stop>
    <stop arrival="11:24" departure="11:24">Slottsgaten</stop>
    <stop arrival="11:25" departure="11:25">Bontelabo</stop>
    <stop arrival="11:26" departure="11:26">Skutevikstorget</stop>
    <stop arrival="11:26" departure="11:26">Sjøgaten</stop>
    <stop arrival="11:27" departure="11:27">Sandvikstorget</stop>
    <stop arrival="11:28" departure="11:28">Ludebryggen</stop>
    <stop arrival="11:28" departure="11:28">Munkebotten</stop>
    <stop arrival="11:30" departure="11:30">Nyhavnsvei (Gamle Bergen)</stop>
    <stop arrival="11:31" departure="11:31">Handelshøyskolen</stop>
    <stop arrival="11:33" departure="11:33">Eidsvåg</stop>
    <stop arrival="11:36" departure="11:36">Tertneskrysset nyevegen</stop>
    <stop arrival="11:38" departure="11:38">Stamskaret</stop>
    <stop arrival="11:39" departure="11:39">Hesthaugen</stop>
    <stop arrival="11:40" departure="11:40">Åsane terminal</stop>
    <stop arrival="11:42" departure="11:42">Ulsetåsen</stop>
    <stop arrival="11:43" departure="11:43">Haukeberget</stop>
    <stop arrival="11:45" departure="11:45">Botnane</stop>
    <stop arrival="11:46" departure="11:46">Haukedalsvegen</stop>
    <stop arrival="11:47" departure="11:47">Sjøveien</stop>
    <stop arrival="11:48" departure="11:48">Tertitten</stop>
    <stop arrival="11:48" departure="11:48">Kipo</stop>
    <stop arrival="11:49" departure="11:49">Storevarden</stop>
    <stop arrival="11:49" departure="11:49">Nesmyr</stop>
    <stop arrival="11:50" departure="11:50">Bekkjarvik (Åsane)</stop>
    <stop arrival="11:51" departure="11:51">Bekkjarvikkryss (Åsane)</stop>
    <stop arrival="11:52" departure="11:52">Kvernevikstemma</stop>
    <stop arrival="11:52" departure="11:52">Åsane sand + singel</stop>
    <stop arrival="11:53" departure="11:53">Bryggedalen</stop>
    <stop arrival="12:00">Viddalen</stop>
  </route>
  <route no="24" destination="Åsane terminal" url="http://www.web2051.no/bin/tp/zuginfo.exe/on/30213/14244/548534/264196/1/" trafficDays="kjører Lø, ikke 1. Mai">
    <stop departure="10:45" routeNo="24">Nesttun terminal</stop>
    <stop arrival="10:47" departure="10:47">Hopsbro</stop>
    <stop arrival="10:49" departure="10:49">Tveiteråsskiftet</stop>
    <stop arrival="10:50" departure="10:50">Paradis</stop>
    <stop arrival="10:52" departure="10:52">Nydalen</stop>
    <stop arrival="10:54" departure="10:54">Fantoft</stop>
    <stop arrival="10:55" departure="10:55">Storetveit</stop>
    <stop arrival="10:55" departure="10:55">Elvebakken</stop>
    <stop arrival="10:56" departure="10:56">Minde</stop>
    <stop arrival="11:00" departure="11:00">Mindemyren</stop>
    <stop arrival="11:01" departure="11:01">Postterminalen</stop>
    <stop arrival="11:01" departure="11:01">Kanalveien v/LBK</stop>
    <stop arrival="11:03" departure="11:03">Danmarksplass v/Forum kino</stop>
    <stop arrival="11:08" departure="11:08">Bergen Busstasjon</stop>
    <stop arrival="11:11" departure="11:11">Christies gate (Festplassen)</stop>
    <stop arrival="11:14" departure="11:14">Torget v/DnB</stop>
    <stop arrival="11:15" departure="11:15">Bryggen</stop>
    <stop arrival="11:15" departure="11:15">Slottsgaten</stop>
    <stop arrival="11:16" departure="11:16">Bontelabo</stop>
    <stop arrival="11:17" departure="11:17">Skutevikstorget</stop>
    <stop arrival="11:17" departure="11:17">Sjøgaten</stop>
    <stop arrival="11:18" departure="11:18">Sandvikstorget</stop>
    <stop arrival="11:19" departure="11:19">Ludebryggen</stop>
    <stop arrival="11:19" departure="11:19">Munkebotten</stop>
    <stop arrival="11:21" departure="11:21">Nyhavnsvei (Gamle Bergen)</stop>
    <stop arrival="11:22" departure="11:22">Handelshøyskolen</stop>
    <stop arrival="11:23" departure="11:23">Solbakken</stop>
    <stop arrival="11:24" departure="11:24">Eikeviken</stop>
    <stop arrival="11:26" departure="11:26">Hellebakken</stop>
    <stop arrival="11:26" departure="11:26">Brunestykket</stop>
    <stop arrival="11:27" departure="11:27">Lønborg</stop>
    <stop arrival="11:28" departure="11:28">Nordre Lønborg</stop>
    <stop arrival="11:28" departure="11:28">Fagerbakken</stop>
    <stop arrival="11:29" departure="11:29">Eidsvågneset</stop>
    <stop arrival="11:29" departure="11:29">Trolldalen (Eidsvågneset)</stop>
    <stop arrival="11:29" departure="11:29">Trollbekken</stop>
    <stop arrival="11:30" departure="11:30">Tømmervågen</stop>
    <stop arrival="11:30" departure="11:30">Lillevågen</stop>
    <stop arrival="11:31" departure="11:31">Hagebyen (Eidsvåg)</stop>
    <stop arrival="11:32" departure="11:32">Fabrikkvegen</stop>
    <stop arrival="11:33" departure="11:33">Eidsvåg gamlevegen</stop>
    <stop arrival="11:34" departure="11:34">Selvikvegen</stop>
    <stop arrival="11:35" departure="11:35">Ervik nedre (Sellesvingen)</stop>
    <stop arrival="11:35" departure="11:35">Ervik øvre</stop>
    <stop arrival="11:36" departure="11:36">Åstveitvegen</stop>
    <stop arrival="11:37" departure="11:37">Griggastemma</stop>
    <stop arrival="11:38" departure="11:38">Tertneskrysset gamleveien</stop>
    <stop arrival="11:40" departure="11:40">Stamskaret</stop>
    <stop arrival="11:41" departure="11:41">Hesthaugen</stop>
    <stop arrival="11:42">Åsane terminal</stop>
  </route>
  <route no="50" destination="Dolvik terminal" url="http://www.web2051.no/bin/tp/zuginfo.exe/on/201519/67992/620410/243034/1/" trafficDays="kjører Lø, ikke 1. Mai">
    <stop departure="11:40" routeNo="50">Åsane terminal</stop>
    <stop arrival="11:41" departure="11:41">Hesthaugen</stop>
    <stop arrival="11:43" departure="11:43">Stamskaret</stop>
    <stop arrival="11:45" departure="11:45">Tertneskrysset gamleveien</stop>
    <stop arrival="11:46" departure="11:46">Griggastemma</stop>
    <stop arrival="11:47" departure="11:47">Åstveitvegen</stop>
    <stop arrival="11:47" departure="11:47">Ervik øvre</stop>
    <stop arrival="11:48" departure="11:48">Ervik nedre (Sellesvingen)</stop>
    <stop arrival="11:49" departure="11:49">Selvikvegen</stop>
    <stop arrival="11:50" departure="11:50">Eidsvåg</stop>
    <stop arrival="11:52" departure="11:52">Handelshøyskolen</stop>
    <stop arrival="11:54" departure="11:54">Nyhavnsvei (Gamle Bergen)</stop>
    <stop arrival="11:56" departure="11:56">Munkebotten</stop>
    <stop arrival="11:57" departure="11:57">Ludebryggen</stop>
    <stop arrival="11:58" departure="11:58">Sandvikstorget</stop>
    <stop arrival="12:00" departure="12:00">Skutevikstorget</stop>
    <stop arrival="12:01" departure="12:01">Bontelabo</stop>
    <stop arrival="12:03" departure="12:03">Slottsgaten</stop>
    <stop arrival="12:04" departure="12:04">Bryggen</stop>
    <stop arrival="12:05" departure="12:05">Småstrandgaten</stop>
    <stop arrival="12:06" departure="12:06">Nygaten</stop>
    <stop arrival="12:07" departure="12:07">Statsporten (jernbanen)</stop>
    <stop arrival="12:10" departure="12:10">Kalfarlien</stop>
    <stop arrival="12:11" departure="12:11">Kalvedalsveien</stop>
    <stop arrival="12:12" departure="12:12">Svartediksveien</stop>
    <stop arrival="12:13" departure="12:13">Statsarkivet</stop>
    <stop arrival="12:14" departure="12:14">Haraldsplass sykehus</stop>
    <stop arrival="12:15" departure="12:15">Haukeland sykehus nord</stop>
    <stop arrival="12:15" departure="12:15">Haukeland sykehus sør</stop>
    <stop arrival="12:16" departure="12:16">Fridalen</stop>
    <stop arrival="12:16" departure="12:16">Langhaugen</stop>
    <stop arrival="12:17" departure="12:17">Landåssvingen</stop>
    <stop arrival="12:17" departure="12:17">Landåstorget</stop>
    <stop arrival="12:17" departure="12:17">Erleveien</stop>
    <stop arrival="12:18" departure="12:18">Wier-Jenssens vei</stop>
    <stop arrival="12:18" departure="12:18">Mannsverk</stop>
    <stop arrival="12:19" departure="12:19">Bolstad</stop>
    <stop arrival="12:20" departure="12:20">Hans Jægers vei</stop>
    <stop arrival="12:21" departure="12:21">Kolstibotn</stop>
    <stop arrival="12:22" departure="12:22">Knausen</stop>
    <stop arrival="12:23" departure="12:23">Birkelundstoppen</stop>
    <stop arrival="12:24" departure="12:24">Birkelundsbakken</stop>
    <stop arrival="12:24" departure="12:24">Natlandslien</stop>
    <stop arrival="12:24" departure="12:24">Stavkirken</stop>
    <stop arrival="12:25" departure="12:25">Paradis</stop>
    <stop arrival="12:26" departure="12:26">Tveiteråsskiftet</stop>
    <stop arrival="12:27" departure="12:27">Hopsbro</stop>
    <stop arrival="12:29" departure="12:29">Hopstangen</stop>
    <stop arrival="12:30" departure="12:30">Nesttun terminal</stop>
    <stop arrival="12:32" departure="12:32">Nesttun</stop>
    <stop arrival="12:35" departure="12:35">Skjoldskiftet</stop>
    <stop arrival="12:36" departure="12:36">Nesttunbrekka</stop>
    <stop arrival="12:36" departure="12:36">Mårdalen</stop>
    <stop arrival="12:37" departure="12:37">Skjoldhøgda</stop>
    <stop arrival="12:39" departure="12:39">Skjold skole</stop>
    <stop arrival="12:40" departure="12:40">Lagunen</stop>
    <stop arrival="12:41" departure="12:41">Rådal</stop>
    <stop arrival="12:42" departure="12:42">Meyerskiftet</stop>
    <stop arrival="12:45" departure="12:45">Håvardstun</stop>
    <stop arrival="12:46" departure="12:46">Statoil stasjon Sandsli</stop>
    <stop arrival="12:47" departure="12:47">Hydro Sandsli</stop>
    <stop arrival="12:48" departure="12:48">Petedalsheia</stop>
    <stop arrival="12:49" departure="12:49">Fanatorget</stop>
    <stop arrival="12:49" departure="12:49">Regnbueåsen</stop>
    <stop arrival="12:50">Dolvik terminal</stop>
  </route>
  <route no="50" destination="Dolvik terminal" url="http://www.web2051.no/bin/tp/zuginfo.exe/on/674823/225794/845204/197661/1/" trafficDays="kjører Ma - Fr, ikke 13., 17., 24. Mai">
    <stop departure="11:40" routeNo="50">Åsane terminal</stop>
    <stop arrival="11:41" departure="11:41">Hesthaugen</stop>
    <stop arrival="11:42" departure="11:42">Stamskaret</stop>
    <stop arrival="11:43" departure="11:43">Tertneskrysset gamleveien</stop>
    <stop arrival="11:44" departure="11:44">Griggastemma</stop>
    <stop arrival="11:45" departure="11:45">Åstveitvegen</stop>
    <stop arrival="11:45" departure="11:45">Ervik øvre</stop>
    <stop arrival="11:46" departure="11:46">Ervik nedre (Sellesvingen)</stop>
    <stop arrival="11:47" departure="11:47">Selvikvegen</stop>
    <stop arrival="11:48" departure="11:48">Eidsvåg</stop>
    <stop arrival="11:50" departure="11:50">Handelshøyskolen</stop>
    <stop arrival="11:52" departure="11:52">Nyhavnsvei (Gamle Bergen)</stop>
    <stop arrival="11:54" departure="11:54">Munkebotten</stop>
    <stop arrival="11:55" departure="11:55">Ludebryggen</stop>
    <stop arrival="11:56" departure="11:56">Sandvikstorget</stop>
    <stop arrival="11:58" departure="11:58">Skutevikstorget</stop>
    <stop arrival="11:59" departure="11:59">Bontelabo</stop>
    <stop arrival="12:01" departure="12:01">Slottsgaten</stop>
    <stop arrival="12:02" departure="12:02">Bryggen</stop>
    <stop arrival="12:03" departure="12:03">Småstrandgaten</stop>
    <stop arrival="12:04" departure="12:04">Nygaten</stop>
    <stop arrival="12:05" departure="12:05">Statsporten (jernbanen)</stop>
    <stop arrival="12:08" departure="12:08">Kalfarlien</stop>
    <stop arrival="12:09" departure="12:09">Kalvedalsveien</stop>
    <stop arrival="12:10" departure="12:10">Svartediksveien</stop>
    <stop arrival="12:11" departure="12:11">Statsarkivet</stop>
    <stop arrival="12:12" departure="12:12">Haraldsplass sykehus</stop>
    <stop arrival="12:13" departure="12:13">Haukeland sykehus nord</stop>
    <stop arrival="12:14" departure="12:14">Haukeland sykehus sør</stop>
    <stop arrival="12:15" departure="12:15">Fridalen</stop>
    <stop arrival="12:15" departure="12:15">Langhaugen</stop>
    <stop arrival="12:16" departure="12:16">Landåssvingen</stop>
    <stop arrival="12:16" departure="12:16">Landåstorget</stop>
    <stop arrival="12:17" departure="12:17">Erleveien</stop>
    <stop arrival="12:17" departure="12:17">Wier-Jenssens vei</stop>
    <stop arrival="12:18" departure="12:18">Mannsverk</stop>
    <stop arrival="12:18" departure="12:18">Bolstad</stop>
    <stop arrival="12:19" departure="12:19">Hans Jægers vei</stop>
    <stop arrival="12:19" departure="12:19">Kolstibotn</stop>
    <stop arrival="12:19" departure="12:19">Knausen</stop>
    <stop arrival="12:20" departure="12:20">Birkelundstoppen</stop>
    <stop arrival="12:21" departure="12:21">Birkelundsbakken</stop>
    <stop arrival="12:21" departure="12:21">Natlandslien</stop>
    <stop arrival="12:22" departure="12:22">Stavkirken</stop>
    <stop arrival="12:23" departure="12:23">Paradis</stop>
    <stop arrival="12:24" departure="12:24">Tveiteråsskiftet</stop>
    <stop arrival="12:25" departure="12:25">Hopsbro</stop>
    <stop arrival="12:27" departure="12:27">Hopstangen</stop>
    <stop arrival="12:28" departure="12:28">Nesttun terminal</stop>
    <stop arrival="12:30" departure="12:30">Nesttun</stop>
    <stop arrival="12:33" departure="12:33">Skjoldskiftet</stop>
    <stop arrival="12:33" departure="12:33">Nesttunbrekka</stop>
    <stop arrival="12:34" departure="12:34">Mårdalen</stop>
    <stop arrival="12:34" departure="12:34">Skjoldhøgda</stop>
    <stop arrival="12:34" departure="12:34">Skjold skole</stop>
    <stop arrival="12:35" departure="12:35">Lagunen</stop>
    <stop arrival="12:36" departure="12:36">Rådal</stop>
    <stop arrival="12:37" departure="12:37">Meyerskiftet</stop>
    <stop arrival="12:41" departure="12:41">Håvardstun</stop>
    <stop arrival="12:42" departure="12:42">Statoil stasjon Sandsli</stop>
    <stop arrival="12:43" departure="12:43">Hydro Sandsli</stop>
    <stop arrival="12:44" departure="12:44">Petedalsheia</stop>
    <stop arrival="12:45" departure="12:45">Fanatorget</stop>
    <stop arrival="12:47">Dolvik terminal</stop>
  </route>
  <route no="50" destination="Åsane terminal" url="http://www.web2051.no/bin/tp/zuginfo.exe/on/551676/184710/470366/51291/1/" trafficDays="kjører Lø, ikke 1. Mai">
    <stop departure="10:38" routeNo="50">Dolvik terminal</stop>
    <stop arrival="10:38" departure="10:38">Skranevegen</stop>
    <stop arrival="10:39" departure="10:39">Regnbueåsen</stop>
    <stop arrival="10:40" departure="10:40">Fanatorget</stop>
    <stop arrival="10:41" departure="10:41">Petedalsheia</stop>
    <stop arrival="10:42" departure="10:42">Hydro Sandsli</stop>
    <stop arrival="10:45" departure="10:45">Håvardstun</stop>
    <stop arrival="10:48" departure="10:48">Meyer</stop>
    <stop arrival="10:49" departure="10:49">Rådal</stop>
    <stop arrival="10:50" departure="10:50">Rådal ved Lagunen</stop>
    <stop arrival="10:53" departure="10:53">Skjold skole</stop>
    <stop arrival="10:55" departure="10:55">Mårdalen</stop>
    <stop arrival="10:56" departure="10:56">Nesttunbrekka</stop>
    <stop arrival="10:56" departure="10:56">Skjoldskiftet</stop>
    <stop arrival="10:57" departure="10:57">Nesttun</stop>
    <stop arrival="10:58" departure="10:58">Nesttun terminal</stop>
    <stop arrival="11:00" departure="11:00">Hopsbro</stop>
    <stop arrival="11:02" departure="11:02">Tveiteråsskiftet</stop>
    <stop arrival="11:03" departure="11:03">Paradis/50</stop>
    <stop arrival="11:05" departure="11:05">Stavkirken</stop>
    <stop arrival="11:06" departure="11:06">Natlandslien</stop>
    <stop arrival="11:07" departure="11:07">Birkelundsbakken</stop>
    <stop arrival="11:08" departure="11:08">Birkelundstoppen</stop>
    <stop arrival="11:09" departure="11:09">Knausen</stop>
    <stop arrival="11:09" departure="11:09">Kolstibotn</stop>
    <stop arrival="11:10" departure="11:10">H. Jægers vei</stop>
    <stop arrival="11:10" departure="11:10">Bolstad</stop>
    <stop arrival="11:11" departure="11:11">Mannsverk</stop>
    <stop arrival="11:11" departure="11:11">Wiers -Jenssens vei</stop>
    <stop arrival="11:12" departure="11:12">Erleveien</stop>
    <stop arrival="11:12" departure="11:12">Landåstorget</stop>
    <stop arrival="11:13" departure="11:13">Natlandsv. v/Hagerupsvei</stop>
    <stop arrival="11:13" departure="11:13">Langhaugen</stop>
    <stop arrival="11:14" departure="11:14">Fridalen</stop>
    <stop arrival="11:15" departure="11:15">Haukeland sykehus sør</stop>
    <stop arrival="11:16" departure="11:16">Haukeland sykehus nord</stop>
    <stop arrival="11:17" departure="11:17">Haraldsplass sykehus</stop>
    <stop arrival="11:18" departure="11:18">Haukeland skole</stop>
    <stop arrival="11:19" departure="11:19">Svartediksveien</stop>
    <stop arrival="11:20" departure="11:20">Kalvedalsveien</stop>
    <stop arrival="11:21" departure="11:21">Kalfarlien</stop>
    <stop arrival="11:23" departure="11:23">Stadsporten (jernbanen)</stop>
    <stop arrival="11:24" departure="11:24">Kong Oscars gate</stop>
    <stop arrival="11:25" departure="11:25">Allehelgensgate</stop>
    <stop arrival="11:25" departure="11:25">Torget (Bergen)</stop>
    <stop arrival="11:26" departure="11:26">Bryggen</stop>
    <stop arrival="11:27" departure="11:27">Slottsgaten</stop>
    <stop arrival="11:28" departure="11:28">Bontelabo</stop>
    <stop arrival="11:28" departure="11:28">Skutevikstorget</stop>
    <stop arrival="11:29" departure="11:29">Sjøgaten</stop>
    <stop arrival="11:29" departure="11:29">Sandvikstorget</stop>
    <stop arrival="11:30" departure="11:30">Ludebryggen</stop>
    <stop arrival="11:31" departure="11:31">Munkebotten</stop>
    <stop arrival="11:32" departure="11:32">Nyhavnsvei (Gamle Bergen)</stop>
    <stop arrival="11:33" departure="11:33">Handelshøyskolen</stop>
    <stop arrival="11:35" departure="11:35">Eidsvåg gamlevegen</stop>
    <stop arrival="11:36" departure="11:36">Selvikvegen</stop>
    <stop arrival="11:37" departure="11:37">Ervik nedre (Sellesvingen)</stop>
    <stop arrival="11:37" departure="11:37">Ervik øvre</stop>
    <stop arrival="11:38" departure="11:38">Åstveitvegen</stop>
    <stop arrival="11:39" departure="11:39">Griggastemma</stop>
    <stop arrival="11:40" departure="11:40">Tertneskrysset gamleveien</stop>
    <stop arrival="11:42" departure="11:42">Stamskaret</stop>
    <stop arrival="11:43" departure="11:43">Hesthaugen</stop>
    <stop arrival="11:45">Åsane terminal</stop>
  </route>
  <route no="24" destination="Åsane terminal" url="http://www.web2051.no/bin/tp/zuginfo.exe/on/583965/198866/123354/132978/1/" trafficDays="kjører Ma - Fr, ikke 13., 17., 24. Mai">
    <stop departure="10:45" routeNo="24">Nesttun terminal</stop>
    <stop arrival="10:47" departure="10:47">Hopsbro</stop>
    <stop arrival="10:49" departure="10:49">Tveiteråsskiftet</stop>
    <stop arrival="10:50" departure="10:50">Paradis</stop>
    <stop arrival="10:52" departure="10:52">Nydalen</stop>
    <stop arrival="10:54" departure="10:54">Fantoft</stop>
    <stop arrival="10:55" departure="10:55">Storetveit</stop>
    <stop arrival="10:55" departure="10:55">Elvebakken</stop>
    <stop arrival="10:56" departure="10:56">Minde</stop>
    <stop arrival="10:59" departure="10:59">Mindemyren</stop>
    <stop arrival="11:00" departure="11:00">Postterminalen</stop>
    <stop arrival="11:01" departure="11:01">Kanalveien v/LBK</stop>
    <stop arrival="11:03" departure="11:03">Danmarksplass v/Forum kino</stop>
    <stop arrival="11:08" departure="11:08">Bergen Busstasjon</stop>
    <stop arrival="11:10" departure="11:10">Christies gate (Festplassen)</stop>
    <stop arrival="11:13" departure="11:13">Torget v/DnB</stop>
    <stop arrival="11:14" departure="11:14">Bryggen</stop>
    <stop arrival="11:14" departure="11:14">Slottsgaten</stop>
    <stop arrival="11:15" departure="11:15">Bontelabo</stop>
    <stop arrival="11:16" departure="11:16">Skutevikstorget</stop>
    <stop arrival="11:16" departure="11:16">Sjøgaten</stop>
    <stop arrival="11:17" departure="11:17">Sandvikstorget</stop>
    <stop arrival="11:18" departure="11:18">Ludebryggen</stop>
    <stop arrival="11:18" departure="11:18">Munkebotten</stop>
    <stop arrival="11:20" departure="11:20">Nyhavnsvei (Gamle Bergen)</stop>
    <stop arrival="11:21" departure="11:21">Handelshøyskolen</stop>
    <stop arrival="11:22" departure="11:22">Solbakken</stop>
    <stop arrival="11:23" departure="11:23">Eikeviken</stop>
    <stop arrival="11:25" departure="11:25">Hellebakken</stop>
    <stop arrival="11:25" departure="11:25">Brunestykket</stop>
    <stop arrival="11:26" departure="11:26">Lønborg</stop>
    <stop arrival="11:27" departure="11:27">Nordre Lønborg</stop>
    <stop arrival="11:27" departure="11:27">Fagerbakken</stop>
    <stop arrival="11:28" departure="11:28">Eidsvågneset</stop>
    <stop arrival="11:29" departure="11:29">Trolldalen (Eidsvågneset)</stop>
    <stop arrival="11:30" departure="11:30">Trollbekken</stop>
    <stop arrival="11:30" departure="11:30">Tømmervågen</stop>
    <stop arrival="11:31" departure="11:31">Lillevågen</stop>
    <stop arrival="11:32" departure="11:32">Hagebyen (Eidsvåg)</stop>
    <stop arrival="11:34" departure="11:34">Fabrikkvegen</stop>
    <stop arrival="11:35" departure="11:35">Eidsvåg gamlevegen</stop>
    <stop arrival="11:36" departure="11:36">Selvikvegen</stop>
    <stop arrival="11:37" departure="11:37">Ervik nedre (Sellesvingen)</stop>
    <stop arrival="11:37" departure="11:37">Ervik øvre</stop>
    <stop arrival="11:38" departure="11:38">Åstveitvegen</stop>
    <stop arrival="11:39" departure="11:39">Griggastemma</stop>
    <stop arrival="11:40" departure="11:40">Tertneskrysset gamleveien</stop>
    <stop arrival="11:42" departure="11:42">Stamskaret</stop>
    <stop arrival="11:43" departure="11:43">Hesthaugen</stop>
    <stop arrival="11:44">Åsane terminal</stop>
  </route>
  <route no="50" destination="Åsane terminal" url="http://www.web2051.no/bin/tp/zuginfo.exe/on/816009/272854/147946/198031/1/" trafficDays="kjører Ma - Fr, ikke 13., 17., 24. Mai">
    <stop departure="10:38" routeNo="50">Dolvik terminal</stop>
    <stop arrival="10:38" departure="10:38">Skranevegen</stop>
    <stop arrival="10:39" departure="10:39">Regnbueåsen</stop>
    <stop arrival="10:40" departure="10:40">Fanatorget</stop>
    <stop arrival="10:41" departure="10:41">Petedalsheia</stop>
    <stop arrival="10:42" departure="10:42">Hydro Sandsli</stop>
    <stop arrival="10:45" departure="10:45">Håvardstun</stop>
    <stop arrival="10:48" departure="10:48">Meyer</stop>
    <stop arrival="10:49" departure="10:49">Rådal</stop>
    <stop arrival="10:50" departure="10:50">Rådal ved Lagunen</stop>
    <stop arrival="10:55" departure="10:55">Skjold skole</stop>
    <stop arrival="10:57" departure="10:57">Mårdalen</stop>
    <stop arrival="10:58" departure="10:58">Nesttunbrekka</stop>
    <stop arrival="10:58" departure="10:58">Skjoldskiftet</stop>
    <stop arrival="10:59" departure="10:59">Nesttun</stop>
    <stop arrival="11:00" departure="11:00">Nesttun terminal</stop>
    <stop arrival="11:02" departure="11:02">Hopsbro</stop>
    <stop arrival="11:04" departure="11:04">Tveiteråsskiftet</stop>
    <stop arrival="11:05" departure="11:05">Paradis/50</stop>
    <stop arrival="11:06" departure="11:06">Stavkirken</stop>
    <stop arrival="11:06" departure="11:06">Natlandslien</stop>
    <stop arrival="11:07" departure="11:07">Birkelundsbakken</stop>
    <stop arrival="11:07" departure="11:07">Birkelundstoppen</stop>
    <stop arrival="11:08" departure="11:08">Knausen</stop>
    <stop arrival="11:08" departure="11:08">Kolstibotn</stop>
    <stop arrival="11:09" departure="11:09">H. Jægers vei</stop>
    <stop arrival="11:09" departure="11:09">Bolstad</stop>
    <stop arrival="11:10" departure="11:10">Mannsverk</stop>
    <stop arrival="11:11" departure="11:11">Wiers -Jenssens vei</stop>
    <stop arrival="11:12" departure="11:12">Erleveien</stop>
    <stop arrival="11:12" departure="11:12">Landåstorget</stop>
    <stop arrival="11:14" departure="11:14">Natlandsv. v/Hagerupsvei</stop>
    <stop arrival="11:14" departure="11:14">Langhaugen</stop>
    <stop arrival="11:15" departure="11:15">Fridalen</stop>
    <stop arrival="11:17" departure="11:17">Haukeland sykehus sør</stop>
    <stop arrival="11:18" departure="11:18">Haukeland sykehus nord</stop>
    <stop arrival="11:19" departure="11:19">Haraldsplass sykehus</stop>
    <stop arrival="11:20" departure="11:20">Haukeland skole</stop>
    <stop arrival="11:21" departure="11:21">Svartediksveien</stop>
    <stop arrival="11:22" departure="11:22">Kalvedalsveien</stop>
    <stop arrival="11:23" departure="11:23">Kalfarlien</stop>
    <stop arrival="11:25" departure="11:25">Stadsporten (jernbanen)</stop>
    <stop arrival="11:26" departure="11:26">Kong Oscars gate</stop>
    <stop arrival="11:27" departure="11:27">Allehelgensgate</stop>
    <stop arrival="11:27" departure="11:27">Torget (Bergen)</stop>
    <stop arrival="11:28" departure="11:28">Bryggen</stop>
    <stop arrival="11:29" departure="11:29">Slottsgaten</stop>
    <stop arrival="11:30" departure="11:30">Bontelabo</stop>
    <stop arrival="11:30" departure="11:30">Skutevikstorget</stop>
    <stop arrival="11:31" departure="11:31">Sjøgaten</stop>
    <stop arrival="11:31" departure="11:31">Sandvikstorget</stop>
    <stop arrival="11:32" departure="11:32">Ludebryggen</stop>
    <stop arrival="11:33" departure="11:33">Munkebotten</stop>
    <stop arrival="11:34" departure="11:34">Nyhavnsvei (Gamle Bergen)</stop>
    <stop arrival="11:35" departure="11:35">Handelshøyskolen</stop>
    <stop arrival="11:37" departure="11:37">Eidsvåg gamlevegen</stop>
    <stop arrival="11:38" departure="11:38">Selvikvegen</stop>
    <stop arrival="11:39" departure="11:39">Ervik nedre (Sellesvingen)</stop>
    <stop arrival="11:39" departure="11:39">Ervik øvre</stop>
    <stop arrival="11:40" departure="11:40">Åstveitvegen</stop>
    <stop arrival="11:41" departure="11:41">Griggastemma</stop>
    <stop arrival="11:42" departure="11:42">Tertneskrysset gamleveien</stop>
    <stop arrival="11:44" departure="11:44">Stamskaret</stop>
    <stop arrival="11:45" departure="11:45">Hesthaugen</stop>
    <stop arrival="11:46">Åsane terminal</stop>
  </route>
  <route no="71" destination="Nipedalen" url="http://www.web2051.no/bin/tp/zuginfo.exe/on/754905/256363/384508/59387/1/" trafficDays="kjører Ma - Fr, ikke 13., 17., 24. Mai">
    <stop departure="11:35" routeNo="71">Viddalen</stop>
    <stop arrival="11:37" departure="11:37">Bryggedalen</stop>
    <stop arrival="11:38" departure="11:38">Åsane sand + singel</stop>
    <stop arrival="11:38" departure="11:38">Kvernevikstemma</stop>
    <stop arrival="11:39" departure="11:39">Tertitten</stop>
    <stop arrival="11:40" departure="11:40">Bekkjarvik (Åsane)</stop>
    <stop arrival="11:41" departure="11:41">Nesmyr</stop>
    <stop arrival="11:41" departure="11:41">Storevarden</stop>
    <stop arrival="11:42" departure="11:42">Kipo</stop>
    <stop arrival="11:42" departure="11:42">Bekkjarvikkryss (Åsane)</stop>
    <stop arrival="11:43" departure="11:43">Sjøveien</stop>
    <stop arrival="11:44" departure="11:44">Haukedalsvegen</stop>
    <stop arrival="11:45" departure="11:45">Botnane</stop>
    <stop arrival="11:46" departure="11:46">Haukeberget</stop>
    <stop arrival="11:47" departure="11:47">Ulsetåsen</stop>
    <stop arrival="11:48" departure="11:48">Åsane Brannstasjon</stop>
    <stop arrival="11:50" departure="11:50">Åsane terminal</stop>
    <stop arrival="11:51" departure="11:51">Hesthaugen</stop>
    <stop arrival="11:52" departure="11:52">Stamskaret</stop>
    <stop arrival="11:53" departure="11:53">Tertneskrysset nyevegen</stop>
    <stop arrival="11:56" departure="11:56">Eidsvåg</stop>
    <stop arrival="11:58" departure="11:58">Handelshøyskolen</stop>
    <stop arrival="12:00" departure="12:00">Nyhavnsvei (Gamle Bergen)</stop>
    <stop arrival="12:02" departure="12:02">Munkebotten</stop>
    <stop arrival="12:03" departure="12:03">Ludebryggen</stop>
    <stop arrival="12:04" departure="12:04">Sandvikstorget</stop>
    <stop arrival="12:06" departure="12:06">Skutevikstorget</stop>
    <stop arrival="12:07" departure="12:07">Bontelabo</stop>
    <stop arrival="12:08" departure="12:08">Slottsgaten</stop>
    <stop arrival="12:10" departure="12:10">Bryggen</stop>
    <stop arrival="12:11" departure="12:11">Olav Kyrres gate</stop>
    <stop arrival="12:14" departure="12:14">Møhlenpris v/ Industrihuset</stop>
    <stop arrival="12:16" departure="12:16">Gyldenpris</stop>
    <stop arrival="12:17" departure="12:17">Solveien</stop>
    <stop arrival="12:18" departure="12:18">Jansongården</stop>
    <stop arrival="12:20" departure="12:20">Fergeveien</stop>
    <stop arrival="12:21" departure="12:21">Vågedalen</stop>
    <stop arrival="12:23" departure="12:23">Oldernes</stop>
    <stop arrival="12:24" departure="12:24">Kringsjå</stop>
    <stop arrival="12:25" departure="12:25">Nygård, Laksevåg</stop>
    <stop arrival="12:26" departure="12:26">Haustbeitet</stop>
    <stop arrival="12:27" departure="12:27">Nygårdslien</stop>
    <stop arrival="12:28" departure="12:28">Lyngbøveien</stop>
    <stop arrival="12:30" departure="12:30">Nipedalen v/Lyngbøveien</stop>
    <stop arrival="12:31" departure="12:31">Nipedalen v/nr. 23</stop>
    <stop arrival="12:33" departure="12:33">Lyngbøkollen</stop>
    <stop arrival="12:35">Nipedalen</stop>
  </route>
</routes>
