<?xml version="1.0" encoding="UTF-8"?>
<routes>
  <route no="20" destination="Lønborglien snuplass" url="http://www.web2051.no/bin/tp/zuginfo.exe/on/65400/25586/396338/176369/1/" trafficDays="kjører Lø, ikke 1. Mai">
    <stop departure="10:17" routeNo="20">Rådal ved Lagunen</stop>
    <stop arrival="10:20" departure="10:20">Skjold skole</stop>
    <stop arrival="10:22" departure="10:22">Mårdalen</stop>
    <stop arrival="10:23" departure="10:23">Nesttunbrekka</stop>
    <stop arrival="10:23" departure="10:23">Skjoldskiftet</stop>
    <stop arrival="10:24" departure="10:24">Nesttun</stop>
    <stop arrival="10:25" departure="10:25">Nesttun terminal</stop>
    <stop arrival="10:26" departure="10:26">Hopsbro</stop>
    <stop arrival="10:27" departure="10:27">Tveiteråsskiftet</stop>
    <stop arrival="10:28" departure="10:28">Paradis</stop>
    <stop arrival="10:30" departure="10:30">Nydalen</stop>
    <stop arrival="10:31" departure="10:31">Fantoft</stop>
    <stop arrival="10:32" departure="10:32">Storetveit</stop>
    <stop arrival="10:32" departure="10:32">Elvebakken</stop>
    <stop arrival="10:33" departure="10:33">Minde</stop>
    <stop arrival="10:37" departure="10:37">Mindemyren</stop>
    <stop arrival="10:38" departure="10:38">Postterminalen</stop>
    <stop arrival="10:38" departure="10:38">Kanalveien v/LBK</stop>
    <stop arrival="10:40" departure="10:40">Danmarksplass v/Forum kino</stop>
    <stop arrival="10:45" departure="10:45">Bergen Busstasjon</stop>
    <stop arrival="10:48" departure="10:48">Christies gate (Festplassen)</stop>
    <stop arrival="10:51" departure="10:51">Torget v/DnB</stop>
    <stop arrival="10:52" departure="10:52">Bryggen</stop>
    <stop arrival="10:52" departure="10:52">Slottsgaten</stop>
    <stop arrival="10:53" departure="10:53">Bontelabo</stop>
    <stop arrival="10:54" departure="10:54">Skutevikstorget</stop>
    <stop arrival="10:54" departure="10:54">Sjøgaten</stop>
    <stop arrival="10:55" departure="10:55">Sandvikstorget</stop>
    <stop arrival="10:56" departure="10:56">Ludebryggen</stop>
    <stop arrival="10:56" departure="10:56">Munkebotten</stop>
    <stop arrival="10:58" departure="10:58">Nyhavnsvei (Gamle Bergen)</stop>
    <stop arrival="10:59" departure="10:59">Handelshøyskolen</stop>
    <stop arrival="11:00" departure="11:00">Solbakken</stop>
    <stop arrival="11:01" departure="11:01">Eikeviken</stop>
    <stop arrival="11:03" departure="11:03">Hellebakken</stop>
    <stop arrival="11:03" departure="11:03">Brunestykket</stop>
    <stop arrival="11:04" departure="11:04">Lønborg</stop>
    <stop arrival="11:05" departure="11:05">Nordre Lønborg</stop>
    <stop arrival="11:06" departure="11:06">Lønborglien 1</stop>
    <stop arrival="11:06" departure="11:06">Lønborglien 2</stop>
    <stop arrival="11:07">Lønborglien snuplass</stop>
  </route>
  <route no="20" destination="Lagunen" url="http://www.web2051.no/bin/tp/zuginfo.exe/on/56235/22538/61036/11773/1/" trafficDays="kjører Lø, ikke 1. Mai">
    <stop departure="11:00" routeNo="20">Lønborglien snuplass</stop>
    <stop arrival="11:00" departure="11:00">Lønborglien 2</stop>
    <stop arrival="11:01" departure="11:01">Lønborglien 1</stop>
    <stop arrival="11:02" departure="11:02">Nordre Lønborg</stop>
    <stop arrival="11:03" departure="11:03">Lønborg</stop>
    <stop arrival="11:03" departure="11:03">Brunestykket</stop>
    <stop arrival="11:04" departure="11:04">Hellebakken</stop>
    <stop arrival="11:05" departure="11:05">Eikeviken</stop>
    <stop arrival="11:06" departure="11:06">Solbakken</stop>
    <stop arrival="11:07" departure="11:07">Handelshøyskolen</stop>
    <stop arrival="11:08" departure="11:08">Nyhavnsvei (Gamle Bergen)</stop>
    <stop arrival="11:10" departure="11:10">Munkebotten</stop>
    <stop arrival="11:11" departure="11:11">Ludebryggen</stop>
    <stop arrival="11:14" departure="11:14">Sandvikstorget</stop>
    <stop arrival="11:16" departure="11:16">Skutevikstorget</stop>
    <stop arrival="11:17" departure="11:17">Bontelabo</stop>
    <stop arrival="11:18" departure="11:18">Slottsgaten</stop>
    <stop arrival="11:19" departure="11:19">Bryggen</stop>
    <stop arrival="11:20" departure="11:20">Olav Kyrres gate</stop>
    <stop arrival="11:25" departure="11:25">Bergen Busstasjon</stop>
    <stop arrival="11:29" departure="11:29">Danmarksplass</stop>
    <stop arrival="11:30" departure="11:30">Solheimsgaten</stop>
    <stop arrival="11:31" departure="11:31">Reperbanen</stop>
    <stop arrival="11:33" departure="11:33">Fjøsangerveien/ Minde Allè</stop>
    <stop arrival="11:36" departure="11:36">Minde</stop>
    <stop arrival="11:37" departure="11:37">Elvebakken</stop>
    <stop arrival="11:38" departure="11:38">Storetveit</stop>
    <stop arrival="11:38" departure="11:38">Fantoft</stop>
    <stop arrival="11:39" departure="11:39">Nydalen</stop>
    <stop arrival="11:40" departure="11:40">Paradis</stop>
    <stop arrival="11:41" departure="11:41">Tveiteråsskiftet</stop>
    <stop arrival="11:42" departure="11:42">Hopsbro</stop>
    <stop arrival="11:44" departure="11:44">Hopstangen</stop>
    <stop arrival="11:45" departure="11:45">Nesttun terminal</stop>
    <stop arrival="11:47" departure="11:47">Nesttun</stop>
    <stop arrival="11:50" departure="11:50">Skjoldskiftet</stop>
    <stop arrival="11:51" departure="11:51">Nesttunbrekka</stop>
    <stop arrival="11:51" departure="11:51">Mårdalen</stop>
    <stop arrival="11:52" departure="11:52">Skjoldhøgda</stop>
    <stop arrival="11:54" departure="11:54">Skjold skole</stop>
    <stop arrival="11:55">Lagunen</stop>
  </route>
  <route no="20" destination="Fanahammeren" url="http://www.web2051.no/bin/tp/zuginfo.exe/on/807252/272949/429474/54347/1/" trafficDays="kjører Ma - Fr, ikke 13., 17., 24. Mai">
    <stop departure="11:00" routeNo="20">Lønborglien snuplass</stop>
    <stop arrival="11:00" departure="11:00">Lønborglien 2</stop>
    <stop arrival="11:01" departure="11:01">Lønborglien 1</stop>
    <stop arrival="11:02" departure="11:02">Nordre Lønborg</stop>
    <stop arrival="11:03" departure="11:03">Lønborg</stop>
    <stop arrival="11:03" departure="11:03">Brunestykket</stop>
    <stop arrival="11:04" departure="11:04">Hellebakken</stop>
    <stop arrival="11:05" departure="11:05">Eikeviken</stop>
    <stop arrival="11:06" departure="11:06">Solbakken</stop>
    <stop arrival="11:07" departure="11:07">Handelshøyskolen</stop>
    <stop arrival="11:08" departure="11:08">Nyhavnsvei (Gamle Bergen)</stop>
    <stop arrival="11:10" departure="11:10">Munkebotten</stop>
    <stop arrival="11:11" departure="11:11">Ludebryggen</stop>
    <stop arrival="11:14" departure="11:14">Sandvikstorget</stop>
    <stop arrival="11:16" departure="11:16">Skutevikstorget</stop>
    <stop arrival="11:17" departure="11:17">Bontelabo</stop>
    <stop arrival="11:18" departure="11:18">Slottsgaten</stop>
    <stop arrival="11:19" departure="11:19">Bryggen</stop>
    <stop arrival="11:20" departure="11:20">Olav Kyrres gate</stop>
    <stop arrival="11:25" departure="11:25">Bergen Busstasjon</stop>
    <stop arrival="11:28" departure="11:28">Danmarksplass</stop>
    <stop arrival="11:29" departure="11:29">Solheimsgaten</stop>
    <stop arrival="11:30" departure="11:30">Reperbanen</stop>
    <stop arrival="11:32" departure="11:32">Fjøsangerveien/ Minde Allè</stop>
    <stop arrival="11:33" departure="11:33">Minde</stop>
    <stop arrival="11:34" departure="11:34">Elvebakken</stop>
    <stop arrival="11:34" departure="11:34">Storetveit</stop>
    <stop arrival="11:34" departure="11:34">Fantoft</stop>
    <stop arrival="11:35" departure="11:35">Nydalen</stop>
    <stop arrival="11:36" departure="11:36">Paradis</stop>
    <stop arrival="11:37" departure="11:37">Tveiteråsskiftet</stop>
    <stop arrival="11:38" departure="11:38">Hopsbro</stop>
    <stop arrival="11:40" departure="11:40">Hopstangen</stop>
    <stop arrival="11:41" departure="11:41">Nesttun terminal</stop>
    <stop arrival="11:43" departure="11:43">Nesttun</stop>
    <stop arrival="11:46" departure="11:46">Skjoldskiftet</stop>
    <stop arrival="11:46" departure="11:46">Nesttunbrekka</stop>
    <stop arrival="11:47" departure="11:47">Mårdalen</stop>
    <stop arrival="11:47" departure="11:47">Skjoldhøgda</stop>
    <stop arrival="11:47" departure="11:47">Skjold skole</stop>
    <stop arrival="11:48" departure="11:48">Lagunen</stop>
    <stop arrival="11:49" departure="11:49">Rådal</stop>
    <stop arrival="11:50" departure="11:50">Sunea</stop>
    <stop arrival="11:50" departure="11:50">Rådalshaug</stop>
    <stop arrival="11:50" departure="11:50">Steinknuseverket</stop>
    <stop arrival="11:51" departure="11:51">Hordnesskiftet Stend</stop>
    <stop arrival="11:53" departure="11:53">Bergheim</stop>
    <stop arrival="11:54" departure="11:54">Bergheim</stop>
    <stop arrival="11:55" departure="11:55">Øvre Titlestad</stop>
    <stop arrival="11:57" departure="11:57">Rydland (Titlestad, Fana)</stop>
    <stop arrival="11:58" departure="11:58">Titlestad</stop>
    <stop arrival="11:59" departure="11:59">Kvernabekkvegen</stop>
    <stop arrival="12:00" departure="12:00">Norheimsveien</stop>
    <stop arrival="12:01" departure="12:01">Fana</stop>
    <stop arrival="12:01" departure="12:01">Gaia Fana</stop>
    <stop arrival="12:02" departure="12:02">Vollaskiftet</stop>
    <stop arrival="12:02" departure="12:02">Volladalen</stop>
    <stop arrival="12:03">Fanahammeren</stop>
  </route>
  <route no="21" destination="Søråshøgda snuplass" url="http://www.web2051.no/bin/tp/zuginfo.exe/on/227088/79640/180042/14325/1/" trafficDays="kjører Sø, også 1., 13., 17., 24. Mai">
    <stop departure="10:44" routeNo="21">Åsane terminal</stop>
    <stop arrival="10:45" departure="10:45">Hesthaugen</stop>
    <stop arrival="10:46" departure="10:46">Stamskaret</stop>
    <stop arrival="10:47" departure="10:47">Tertneskrysset gamleveien</stop>
    <stop arrival="10:48" departure="10:48">Griggastemma</stop>
    <stop arrival="10:48" departure="10:48">Åstveitvegen</stop>
    <stop arrival="10:49" departure="10:49">Ervik øvre</stop>
    <stop arrival="10:50" departure="10:50">Ervik nedre (Sellesvingen)</stop>
    <stop arrival="10:51" departure="10:51">Selvikvegen</stop>
    <stop arrival="10:52" departure="10:52">Eidsvåg gamlevegen</stop>
    <stop arrival="10:53" departure="10:53">Fabrikkvegen</stop>
    <stop arrival="10:55" departure="10:55">Hagebyen (Eidsvåg)</stop>
    <stop arrival="10:57" departure="10:57">Lillevågen</stop>
    <stop arrival="10:58" departure="10:58">Tømmervågen</stop>
    <stop arrival="10:58" departure="10:58">Trollbekken</stop>
    <stop arrival="10:59" departure="10:59">Trolldalen (Eidsvågneset)</stop>
    <stop arrival="11:01" departure="11:01">Fagerbakken</stop>
    <stop arrival="11:02" departure="11:02">Nordre Lønborg</stop>
    <stop arrival="11:03" departure="11:03">Lønborg</stop>
    <stop arrival="11:03" departure="11:03">Brunestykket</stop>
    <stop arrival="11:04" departure="11:04">Hellebakken</stop>
    <stop arrival="11:05" departure="11:05">Eikeviken</stop>
    <stop arrival="11:06" departure="11:06">Solbakken</stop>
    <stop arrival="11:07" departure="11:07">Handelshøyskolen</stop>
    <stop arrival="11:08" departure="11:08">Nyhavnsvei (Gamle Bergen)</stop>
    <stop arrival="11:10" departure="11:10">Munkebotten</stop>
    <stop arrival="11:11" departure="11:11">Ludebryggen</stop>
    <stop arrival="11:14" departure="11:14">Sandvikstorget</stop>
    <stop arrival="11:16" departure="11:16">Skutevikstorget</stop>
    <stop arrival="11:17" departure="11:17">Bontelabo</stop>
    <stop arrival="11:18" departure="11:18">Slottsgaten</stop>
    <stop arrival="11:19" departure="11:19">Bryggen</stop>
    <stop arrival="11:20" departure="11:20">Olav Kyrres gate</stop>
    <stop arrival="11:25" departure="11:25">Bergen Busstasjon</stop>
    <stop arrival="11:30" departure="11:30">Danmarksplass</stop>
    <stop arrival="11:31" departure="11:31">Solheimsgaten</stop>
    <stop arrival="11:32" departure="11:32">Reperbanen</stop>
    <stop arrival="11:33" departure="11:33">Fjøsangerveien/ Minde Allè</stop>
    <stop arrival="11:36" departure="11:36">Minde</stop>
    <stop arrival="11:37" departure="11:37">Elvebakken</stop>
    <stop arrival="11:38" departure="11:38">Storetveit</stop>
    <stop arrival="11:38" departure="11:38">Fantoft</stop>
    <stop arrival="11:39" departure="11:39">Nydalen</stop>
    <stop arrival="11:40" departure="11:40">Paradis</stop>
    <stop arrival="11:41" departure="11:41">Tveiteråsskiftet</stop>
    <stop arrival="11:42" departure="11:42">Hopsbro</stop>
    <stop arrival="11:44" departure="11:44">Hopstangen</stop>
    <stop arrival="11:45" departure="11:45">Nesttun terminal</stop>
    <stop arrival="11:47" departure="11:47">Nesttun</stop>
    <stop arrival="11:50" departure="11:50">Skjoldskiftet</stop>
    <stop arrival="11:50" departure="11:50">Nesttunbrekka</stop>
    <stop arrival="11:51" departure="11:51">Mårdalen</stop>
    <stop arrival="11:51" departure="11:51">Skjoldhøgda</stop>
    <stop arrival="11:51" departure="11:51">Skjold skole</stop>
    <stop arrival="11:52" departure="11:52">Søråsveien</stop>
    <stop arrival="11:52" departure="11:52">Kilden senter</stop>
    <stop arrival="11:53" departure="11:53">Nordåsgrenda</stop>
    <stop arrival="11:54" departure="11:54">Nordåstræet</stop>
    <stop arrival="11:55" departure="11:55">Nordås</stop>
    <stop arrival="11:56" departure="11:56">Nordåstræet</stop>
    <stop arrival="11:57" departure="11:57">Nordåsgrenda</stop>
    <stop arrival="11:59" departure="11:59">Søråsgrenda</stop>
    <stop arrival="12:00">Søråshøgda snuplass</stop>
  </route>
  <route no="20" destination="Lønborglien snuplass" url="http://www.web2051.no/bin/tp/zuginfo.exe/on/571617/194393/162364/109358/1/" trafficDays="kjører Ma - Fr, ikke 13., 17., 24. Mai">
    <stop departure="10:10" routeNo="20">Fana Stadion</stop>
    <stop arrival="10:15" departure="10:15">Rådal ved Lagunen</stop>
    <stop arrival="10:20" departure="10:20">Skjold skole</stop>
    <stop arrival="10:22" departure="10:22">Mårdalen</stop>
    <stop arrival="10:23" departure="10:23">Nesttunbrekka</stop>
    <stop arrival="10:23" departure="10:23">Skjoldskiftet</stop>
    <stop arrival="10:24" departure="10:24">Nesttun</stop>
    <stop arrival="10:25" departure="10:25">Nesttun terminal</stop>
    <stop arrival="10:27" departure="10:27">Hopsbro</stop>
    <stop arrival="10:29" departure="10:29">Tveiteråsskiftet</stop>
    <stop arrival="10:30" departure="10:30">Paradis</stop>
    <stop arrival="10:32" departure="10:32">Nydalen</stop>
    <stop arrival="10:34" departure="10:34">Fantoft</stop>
    <stop arrival="10:35" departure="10:35">Storetveit</stop>
    <stop arrival="10:35" departure="10:35">Elvebakken</stop>
    <stop arrival="10:36" departure="10:36">Minde</stop>
    <stop arrival="10:39" departure="10:39">Mindemyren</stop>
    <stop arrival="10:40" departure="10:40">Postterminalen</stop>
    <stop arrival="10:41" departure="10:41">Kanalveien v/LBK</stop>
    <stop arrival="10:43" departure="10:43">Danmarksplass v/Forum kino</stop>
    <stop arrival="10:48" departure="10:48">Bergen Busstasjon</stop>
    <stop arrival="10:50" departure="10:50">Christies gate (Festplassen)</stop>
    <stop arrival="10:53" departure="10:53">Torget v/DnB</stop>
    <stop arrival="10:54" departure="10:54">Bryggen</stop>
    <stop arrival="10:54" departure="10:54">Slottsgaten</stop>
    <stop arrival="10:55" departure="10:55">Bontelabo</stop>
    <stop arrival="10:56" departure="10:56">Skutevikstorget</stop>
    <stop arrival="10:56" departure="10:56">Sjøgaten</stop>
    <stop arrival="10:57" departure="10:57">Sandvikstorget</stop>
    <stop arrival="10:58" departure="10:58">Ludebryggen</stop>
    <stop arrival="10:58" departure="10:58">Munkebotten</stop>
    <stop arrival="11:00" departure="11:00">Nyhavnsvei (Gamle Bergen)</stop>
    <stop arrival="11:01" departure="11:01">Handelshøyskolen</stop>
    <stop arrival="11:02" departure="11:02">Solbakken</stop>
    <stop arrival="11:03" departure="11:03">Eikeviken</stop>
    <stop arrival="11:05" departure="11:05">Hellebakken</stop>
    <stop arrival="11:05" departure="11:05">Brunestykket</stop>
    <stop arrival="11:06" departure="11:06">Lønborg</stop>
    <stop arrival="11:07" departure="11:07">Nordre Lønborg</stop>
    <stop arrival="11:10" departure="11:10">Lønborglien 1</stop>
    <stop arrival="11:11" departure="11:11">Lønborglien 2</stop>
    <stop arrival="11:13">Lønborglien snuplass</stop>
  </route>
  <route no="24" destination="Smørås snuplass" url="http://www.web2051.no/bin/tp/zuginfo.exe/on/547458/186658/196518/84228/1/" trafficDays="kjører Lø, ikke 1. Mai">
    <stop departure="11:10" routeNo="24">Lønborglien snuplass</stop>
    <stop arrival="11:10" departure="11:10">Lønborglien 2</stop>
    <stop arrival="11:11" departure="11:11">Lønborglien 1</stop>
    <stop arrival="11:12" departure="11:12">Nordre Lønborg</stop>
    <stop arrival="11:13" departure="11:13">Lønborg</stop>
    <stop arrival="11:13" departure="11:13">Brunestykket</stop>
    <stop arrival="11:14" departure="11:14">Hellebakken</stop>
    <stop arrival="11:15" departure="11:15">Eikeviken</stop>
    <stop arrival="11:16" departure="11:16">Solbakken</stop>
    <stop arrival="11:17" departure="11:17">Handelshøyskolen</stop>
    <stop arrival="11:18" departure="11:18">Nyhavnsvei (Gamle Bergen)</stop>
    <stop arrival="11:20" departure="11:20">Munkebotten</stop>
    <stop arrival="11:21" departure="11:21">Ludebryggen</stop>
    <stop arrival="11:24" departure="11:24">Sandvikstorget</stop>
    <stop arrival="11:26" departure="11:26">Skutevikstorget</stop>
    <stop arrival="11:27" departure="11:27">Bontelabo</stop>
    <stop arrival="11:28" departure="11:28">Slottsgaten</stop>
    <stop arrival="11:29" departure="11:29">Bryggen</stop>
    <stop arrival="11:30" departure="11:30">Olav Kyrres gate</stop>
    <stop arrival="11:35" departure="11:35">Bergen Busstasjon</stop>
    <stop arrival="11:39" departure="11:39">Danmarksplass</stop>
    <stop arrival="11:40" departure="11:40">Solheimsgaten</stop>
    <stop arrival="11:41" departure="11:41">Reperbanen</stop>
    <stop arrival="11:43" departure="11:43">Fjøsangerveien/ Minde Allè</stop>
    <stop arrival="11:46" departure="11:46">Minde</stop>
    <stop arrival="11:47" departure="11:47">Elvebakken</stop>
    <stop arrival="11:48" departure="11:48">Storetveit</stop>
    <stop arrival="11:48" departure="11:48">Fantoft</stop>
    <stop arrival="11:49" departure="11:49">Nydalen</stop>
    <stop arrival="11:50" departure="11:50">Paradis</stop>
    <stop arrival="11:51" departure="11:51">Tveiteråsskiftet</stop>
    <stop arrival="11:52" departure="11:52">Hopsbro</stop>
    <stop arrival="11:54" departure="11:54">Hopstangen</stop>
    <stop arrival="11:55" departure="11:55">Nesttun terminal</stop>
    <stop arrival="11:55" departure="11:55">Nesttun</stop>
    <stop arrival="11:57" departure="11:57">Nesttunhallen</stop>
    <stop arrival="11:57" departure="11:57">Gamle kyrkjeveg</stop>
    <stop arrival="11:57" departure="11:57">Tranevegen</stop>
    <stop arrival="11:58" departure="11:58">Hjortevegen</stop>
    <stop arrival="11:58" departure="11:58">Dådyrvegen</stop>
    <stop arrival="11:59" departure="11:59">Nedre Smøråsvegen</stop>
    <stop arrival="12:00" departure="12:00">Smørås</stop>
    <stop arrival="12:01">Smørås snuplass</stop>
  </route>
  <route no="24" destination="Smørås snuplass" url="http://www.web2051.no/bin/tp/zuginfo.exe/on/446805/153135/193616/52135/1/" trafficDays="kjører Ma - Fr, ikke 13., 17., 24. Mai">
    <stop departure="11:10" routeNo="24">Lønborglien snuplass</stop>
    <stop arrival="11:10" departure="11:10">Lønborglien 2</stop>
    <stop arrival="11:11" departure="11:11">Lønborglien 1</stop>
    <stop arrival="11:12" departure="11:12">Nordre Lønborg</stop>
    <stop arrival="11:13" departure="11:13">Lønborg</stop>
    <stop arrival="11:13" departure="11:13">Brunestykket</stop>
    <stop arrival="11:14" departure="11:14">Hellebakken</stop>
    <stop arrival="11:15" departure="11:15">Eikeviken</stop>
    <stop arrival="11:16" departure="11:16">Solbakken</stop>
    <stop arrival="11:17" departure="11:17">Handelshøyskolen</stop>
    <stop arrival="11:18" departure="11:18">Nyhavnsvei (Gamle Bergen)</stop>
    <stop arrival="11:20" departure="11:20">Munkebotten</stop>
    <stop arrival="11:21" departure="11:21">Ludebryggen</stop>
    <stop arrival="11:24" departure="11:24">Sandvikstorget</stop>
    <stop arrival="11:26" departure="11:26">Skutevikstorget</stop>
    <stop arrival="11:27" departure="11:27">Bontelabo</stop>
    <stop arrival="11:28" departure="11:28">Slottsgaten</stop>
    <stop arrival="11:29" departure="11:29">Bryggen</stop>
    <stop arrival="11:30" departure="11:30">Olav Kyrres gate</stop>
    <stop arrival="11:35" departure="11:35">Bergen Busstasjon</stop>
    <stop arrival="11:39" departure="11:39">Danmarksplass</stop>
    <stop arrival="11:40" departure="11:40">Solheimsgaten</stop>
    <stop arrival="11:41" departure="11:41">Reperbanen</stop>
    <stop arrival="11:43" departure="11:43">Fjøsangerveien/ Minde Allè</stop>
    <stop arrival="11:47" departure="11:47">Minde</stop>
    <stop arrival="11:48" departure="11:48">Elvebakken</stop>
    <stop arrival="11:48" departure="11:48">Storetveit</stop>
    <stop arrival="11:48" departure="11:48">Fantoft</stop>
    <stop arrival="11:49" departure="11:49">Nydalen</stop>
    <stop arrival="11:50" departure="11:50">Paradis</stop>
    <stop arrival="11:51" departure="11:51">Tveiteråsskiftet</stop>
    <stop arrival="11:52" departure="11:52">Hopsbro</stop>
    <stop arrival="11:54" departure="11:54">Hopstangen</stop>
    <stop arrival="11:55" departure="11:55">Nesttun terminal</stop>
    <stop arrival="11:55" departure="11:55">Nesttun</stop>
    <stop arrival="11:57" departure="11:57">Nesttunhallen</stop>
    <stop arrival="11:57" departure="11:57">Gamle kyrkjeveg</stop>
    <stop arrival="11:57" departure="11:57">Tranevegen</stop>
    <stop arrival="11:58" departure="11:58">Hjortevegen</stop>
    <stop arrival="11:59" departure="11:59">Dådyrvegen</stop>
    <stop arrival="11:59" departure="11:59">Nedre Smøråsvegen</stop>
    <stop arrival="12:01" departure="12:01">Smørås</stop>
    <stop arrival="12:02">Smørås snuplass</stop>
  </route>
  <route no="20" destination="Lønborglien snuplass" url="http://www.web2051.no/bin/tp/zuginfo.exe/on/749685/253756/605716/52963/1/" trafficDays="kjører Ma - Fr, ikke 13., 17., 24. Mai">
    <stop departure="10:24" routeNo="20">Smørås snuplass</stop>
    <stop arrival="10:25" departure="10:25">Smørås</stop>
    <stop arrival="10:26" departure="10:26">Nedre Smøråsvegen</stop>
    <stop arrival="10:26" departure="10:26">Dådyrvegen</stop>
    <stop arrival="10:27" departure="10:27">Hjortevegen</stop>
    <stop arrival="10:28" departure="10:28">Tranevegen</stop>
    <stop arrival="10:30" departure="10:30">Gamle kyrkjeveg</stop>
    <stop arrival="10:31" departure="10:31">Nesttunhallen</stop>
    <stop arrival="10:34" departure="10:34">Nesttun</stop>
    <stop arrival="10:35" departure="10:35">Nesttun terminal</stop>
    <stop arrival="10:37" departure="10:37">Hopsbro</stop>
    <stop arrival="10:39" departure="10:39">Tveiteråsskiftet</stop>
    <stop arrival="10:40" departure="10:40">Paradis</stop>
    <stop arrival="10:42" departure="10:42">Nydalen</stop>
    <stop arrival="10:44" departure="10:44">Fantoft</stop>
    <stop arrival="10:45" departure="10:45">Storetveit</stop>
    <stop arrival="10:45" departure="10:45">Elvebakken</stop>
    <stop arrival="10:46" departure="10:46">Minde</stop>
    <stop arrival="10:49" departure="10:49">Mindemyren</stop>
    <stop arrival="10:50" departure="10:50">Postterminalen</stop>
    <stop arrival="10:51" departure="10:51">Kanalveien v/LBK</stop>
    <stop arrival="10:53" departure="10:53">Danmarksplass v/Forum kino</stop>
    <stop arrival="10:58" departure="10:58">Bergen Busstasjon</stop>
    <stop arrival="11:00" departure="11:00">Christies gate (Festplassen)</stop>
    <stop arrival="11:03" departure="11:03">Torget v/DnB</stop>
    <stop arrival="11:04" departure="11:04">Bryggen</stop>
    <stop arrival="11:04" departure="11:04">Slottsgaten</stop>
    <stop arrival="11:05" departure="11:05">Bontelabo</stop>
    <stop arrival="11:06" departure="11:06">Skutevikstorget</stop>
    <stop arrival="11:06" departure="11:06">Sjøgaten</stop>
    <stop arrival="11:07" departure="11:07">Sandvikstorget</stop>
    <stop arrival="11:08" departure="11:08">Ludebryggen</stop>
    <stop arrival="11:08" departure="11:08">Munkebotten</stop>
    <stop arrival="11:10" departure="11:10">Nyhavnsvei (Gamle Bergen)</stop>
    <stop arrival="11:11" departure="11:11">Handelshøyskolen</stop>
    <stop arrival="11:12" departure="11:12">Solbakken</stop>
    <stop arrival="11:13" departure="11:13">Eikeviken</stop>
    <stop arrival="11:15" departure="11:15">Hellebakken</stop>
    <stop arrival="11:15" departure="11:15">Brunestykket</stop>
    <stop arrival="11:16" departure="11:16">Lønborg</stop>
    <stop arrival="11:17" departure="11:17">Nordre Lønborg</stop>
    <stop arrival="11:19" departure="11:19">Lønborglien 1</stop>
    <stop arrival="11:20" departure="11:20">Lønborglien 2</stop>
    <stop arrival="11:22">Lønborglien snuplass</stop>
  </route>
  <route no="21" destination="Åsane terminal" url="http://www.web2051.no/bin/tp/zuginfo.exe/on/463452/158427/262528/23220/1/" trafficDays="kjører Sø, også 1., 13., 17., 24. Mai">
    <stop departure="10:20" routeNo="21">Søråshøgda snuplass</stop>
    <stop arrival="10:21" departure="10:21">Søråsgrenda</stop>
    <stop arrival="10:23" departure="10:23">Nordåsgrenda</stop>
    <stop arrival="10:24" departure="10:24">Nordåstræet</stop>
    <stop arrival="10:25" departure="10:25">Nordås</stop>
    <stop arrival="10:27" departure="10:27">Nordåstræet</stop>
    <stop arrival="10:28" departure="10:28">Nordåsgrenda</stop>
    <stop arrival="10:28" departure="10:28">Kilden senter</stop>
    <stop arrival="10:29" departure="10:29">Søråsveien</stop>
    <stop arrival="10:30" departure="10:30">Skjold skole</stop>
    <stop arrival="10:32" departure="10:32">Mårdalen</stop>
    <stop arrival="10:33" departure="10:33">Nesttunbrekka</stop>
    <stop arrival="10:33" departure="10:33">Skjoldskiftet</stop>
    <stop arrival="10:34" departure="10:34">Nesttun</stop>
    <stop arrival="10:35" departure="10:35">Nesttun terminal</stop>
    <stop arrival="10:37" departure="10:37">Hopsbro</stop>
    <stop arrival="10:39" departure="10:39">Tveiteråsskiftet</stop>
    <stop arrival="10:40" departure="10:40">Paradis</stop>
    <stop arrival="10:42" departure="10:42">Nydalen</stop>
    <stop arrival="10:44" departure="10:44">Fantoft</stop>
    <stop arrival="10:45" departure="10:45">Storetveit</stop>
    <stop arrival="10:45" departure="10:45">Elvebakken</stop>
    <stop arrival="10:46" departure="10:46">Minde</stop>
    <stop arrival="10:49" departure="10:49">Mindemyren</stop>
    <stop arrival="10:50" departure="10:50">Postterminalen</stop>
    <stop arrival="10:50" departure="10:50">Kanalveien v/LBK</stop>
    <stop arrival="10:52" departure="10:52">Danmarksplass v/Forum kino</stop>
    <stop arrival="10:57" departure="10:57">Bergen Busstasjon</stop>
    <stop arrival="11:00" departure="11:00">Christies gate (Festplassen)</stop>
    <stop arrival="11:03" departure="11:03">Torget v/DnB</stop>
    <stop arrival="11:04" departure="11:04">Bryggen</stop>
    <stop arrival="11:04" departure="11:04">Slottsgaten</stop>
    <stop arrival="11:05" departure="11:05">Bontelabo</stop>
    <stop arrival="11:06" departure="11:06">Skutevikstorget</stop>
    <stop arrival="11:06" departure="11:06">Sjøgaten</stop>
    <stop arrival="11:07" departure="11:07">Sandvikstorget</stop>
    <stop arrival="11:08" departure="11:08">Ludebryggen</stop>
    <stop arrival="11:08" departure="11:08">Munkebotten</stop>
    <stop arrival="11:10" departure="11:10">Nyhavnsvei (Gamle Bergen)</stop>
    <stop arrival="11:11" departure="11:11">Handelshøyskolen</stop>
    <stop arrival="11:12" departure="11:12">Solbakken</stop>
    <stop arrival="11:13" departure="11:13">Eikeviken</stop>
    <stop arrival="11:15" departure="11:15">Hellebakken</stop>
    <stop arrival="11:15" departure="11:15">Brunestykket</stop>
    <stop arrival="11:16" departure="11:16">Lønborg</stop>
    <stop arrival="11:17" departure="11:17">Nordre Lønborg</stop>
    <stop arrival="11:17" departure="11:17">Fagerbakken</stop>
    <stop arrival="11:18" departure="11:18">Eidsvågneset</stop>
    <stop arrival="11:18" departure="11:18">Trolldalen (Eidsvågneset)</stop>
    <stop arrival="11:18" departure="11:18">Trollbekken</stop>
    <stop arrival="11:19" departure="11:19">Tømmervågen</stop>
    <stop arrival="11:19" departure="11:19">Lillevågen</stop>
    <stop arrival="11:20" departure="11:20">Hagebyen (Eidsvåg)</stop>
    <stop arrival="11:21" departure="11:21">Fabrikkvegen</stop>
    <stop arrival="11:22" departure="11:22">Eidsvåg gamlevegen</stop>
    <stop arrival="11:23" departure="11:23">Selvikvegen</stop>
    <stop arrival="11:24" departure="11:24">Ervik nedre (Sellesvingen)</stop>
    <stop arrival="11:25" departure="11:25">Ervik øvre</stop>
    <stop arrival="11:25" departure="11:25">Åstveitvegen</stop>
    <stop arrival="11:27" departure="11:27">Griggastemma</stop>
    <stop arrival="11:27" departure="11:27">Tertneskrysset gamleveien</stop>
    <stop arrival="11:29" departure="11:29">Stamskaret</stop>
    <stop arrival="11:30" departure="11:30">Hesthaugen</stop>
    <stop arrival="11:31">Åsane terminal</stop>
  </route>
  <route no="20" destination="Lønborglien snuplass" url="http://www.web2051.no/bin/tp/zuginfo.exe/on/756951/256104/907814/201590/1/" trafficDays="kjører Lø, ikke 1. Mai">
    <stop departure="10:26" routeNo="20">Smørås snuplass</stop>
    <stop arrival="10:27" departure="10:27">Smørås</stop>
    <stop arrival="10:29" departure="10:29">Nedre Smøråsvegen</stop>
    <stop arrival="10:29" departure="10:29">Dådyrvegen</stop>
    <stop arrival="10:30" departure="10:30">Hjortevegen</stop>
    <stop arrival="10:31" departure="10:31">Tranevegen</stop>
    <stop arrival="10:32" departure="10:32">Gamle kyrkjeveg</stop>
    <stop arrival="10:32" departure="10:32">Nesttunhallen</stop>
    <stop arrival="10:34" departure="10:34">Nesttun</stop>
    <stop arrival="10:35" departure="10:35">Nesttun terminal</stop>
    <stop arrival="10:37" departure="10:37">Hopsbro</stop>
    <stop arrival="10:39" departure="10:39">Tveiteråsskiftet</stop>
    <stop arrival="10:40" departure="10:40">Paradis</stop>
    <stop arrival="10:42" departure="10:42">Nydalen</stop>
    <stop arrival="10:44" departure="10:44">Fantoft</stop>
    <stop arrival="10:45" departure="10:45">Storetveit</stop>
    <stop arrival="10:45" departure="10:45">Elvebakken</stop>
    <stop arrival="10:46" departure="10:46">Minde</stop>
    <stop arrival="10:50" departure="10:50">Mindemyren</stop>
    <stop arrival="10:51" departure="10:51">Postterminalen</stop>
    <stop arrival="10:51" departure="10:51">Kanalveien v/LBK</stop>
    <stop arrival="10:53" departure="10:53">Danmarksplass v/Forum kino</stop>
    <stop arrival="10:58" departure="10:58">Bergen Busstasjon</stop>
    <stop arrival="11:01" departure="11:01">Christies gate (Festplassen)</stop>
    <stop arrival="11:04" departure="11:04">Torget v/DnB</stop>
    <stop arrival="11:05" departure="11:05">Bryggen</stop>
    <stop arrival="11:05" departure="11:05">Slottsgaten</stop>
    <stop arrival="11:06" departure="11:06">Bontelabo</stop>
    <stop arrival="11:07" departure="11:07">Skutevikstorget</stop>
    <stop arrival="11:07" departure="11:07">Sjøgaten</stop>
    <stop arrival="11:08" departure="11:08">Sandvikstorget</stop>
    <stop arrival="11:09" departure="11:09">Ludebryggen</stop>
    <stop arrival="11:09" departure="11:09">Munkebotten</stop>
    <stop arrival="11:11" departure="11:11">Nyhavnsvei (Gamle Bergen)</stop>
    <stop arrival="11:12" departure="11:12">Handelshøyskolen</stop>
    <stop arrival="11:13" departure="11:13">Solbakken</stop>
    <stop arrival="11:14" departure="11:14">Eikeviken</stop>
    <stop arrival="11:16" departure="11:16">Hellebakken</stop>
    <stop arrival="11:16" departure="11:16">Brunestykket</stop>
    <stop arrival="11:17" departure="11:17">Lønborg</stop>
    <stop arrival="11:18" departure="11:18">Nordre Lønborg</stop>
    <stop arrival="11:19" departure="11:19">Lønborglien 1</stop>
    <stop arrival="11:19" departure="11:19">Lønborglien 2</stop>
    <stop arrival="11:20">Lønborglien snuplass</stop>
  </route>
  <route no="20" destination="Lagunen" url="http://www.web2051.no/bin/tp/zuginfo.exe/on/166944/59398/66616/22340/1/" trafficDays="kjører Sø, også 1., 13., 17., 24. Mai">
    <stop departure="11:15" routeNo="20">Lønborglien snuplass</stop>
    <stop arrival="11:15" departure="11:15">Lønborglien 2</stop>
    <stop arrival="11:16" departure="11:16">Lønborglien 1</stop>
    <stop arrival="11:17" departure="11:17">Nordre Lønborg</stop>
    <stop arrival="11:18" departure="11:18">Lønborg</stop>
    <stop arrival="11:18" departure="11:18">Brunestykket</stop>
    <stop arrival="11:19" departure="11:19">Hellebakken</stop>
    <stop arrival="11:20" departure="11:20">Eikeviken</stop>
    <stop arrival="11:21" departure="11:21">Solbakken</stop>
    <stop arrival="11:22" departure="11:22">Handelshøyskolen</stop>
    <stop arrival="11:23" departure="11:23">Nyhavnsvei (Gamle Bergen)</stop>
    <stop arrival="11:25" departure="11:25">Munkebotten</stop>
    <stop arrival="11:26" departure="11:26">Ludebryggen</stop>
    <stop arrival="11:29" departure="11:29">Sandvikstorget</stop>
    <stop arrival="11:31" departure="11:31">Skutevikstorget</stop>
    <stop arrival="11:32" departure="11:32">Bontelabo</stop>
    <stop arrival="11:33" departure="11:33">Slottsgaten</stop>
    <stop arrival="11:34" departure="11:34">Bryggen</stop>
    <stop arrival="11:35" departure="11:35">Olav Kyrres gate</stop>
    <stop arrival="11:40" departure="11:40">Bergen Busstasjon</stop>
    <stop arrival="11:44" departure="11:44">Danmarksplass</stop>
    <stop arrival="11:45" departure="11:45">Solheimsgaten</stop>
    <stop arrival="11:46" departure="11:46">Reperbanen</stop>
    <stop arrival="11:47" departure="11:47">Fjøsangerveien/ Minde Allè</stop>
    <stop arrival="11:50" departure="11:50">Minde</stop>
    <stop arrival="11:51" departure="11:51">Elvebakken</stop>
    <stop arrival="11:52" departure="11:52">Storetveit</stop>
    <stop arrival="11:52" departure="11:52">Fantoft</stop>
    <stop arrival="11:53" departure="11:53">Nydalen</stop>
    <stop arrival="11:54" departure="11:54">Paradis</stop>
    <stop arrival="11:55" departure="11:55">Tveiteråsskiftet</stop>
    <stop arrival="11:56" departure="11:56">Hopsbro</stop>
    <stop arrival="11:58" departure="11:58">Hopstangen</stop>
    <stop arrival="11:59" departure="11:59">Nesttun terminal</stop>
    <stop arrival="12:01" departure="12:01">Nesttun</stop>
    <stop arrival="12:04" departure="12:04">Skjoldskiftet</stop>
    <stop arrival="12:04" departure="12:04">Nesttunbrekka</stop>
    <stop arrival="12:05" departure="12:05">Mårdalen</stop>
    <stop arrival="12:05" departure="12:05">Skjoldhøgda</stop>
    <stop arrival="12:05" departure="12:05">Skjold skole</stop>
    <stop arrival="12:06">Lagunen</stop>
  </route>
  <route no="24" destination="Nesttun terminal" url="http://www.web2051.no/bin/tp/zuginfo.exe/on/967740/326751/410384/117389/1/" trafficDays="kjører Lø, ikke 1. Mai">
    <stop departure="11:04" routeNo="24">Åsane terminal</stop>
    <stop arrival="11:05" departure="11:05">Hesthaugen</stop>
    <stop arrival="11:06" departure="11:06">Stamskaret</stop>
    <stop arrival="11:07" departure="11:07">Tertneskrysset gamleveien</stop>
    <stop arrival="11:08" departure="11:08">Griggastemma</stop>
    <stop arrival="11:08" departure="11:08">Åstveitvegen</stop>
    <stop arrival="11:09" departure="11:09">Ervik øvre</stop>
    <stop arrival="11:10" departure="11:10">Ervik nedre (Sellesvingen)</stop>
    <stop arrival="11:11" departure="11:11">Selvikvegen</stop>
    <stop arrival="11:12" departure="11:12">Eidsvåg gamlevegen</stop>
    <stop arrival="11:13" departure="11:13">Fabrikkvegen</stop>
    <stop arrival="11:15" departure="11:15">Hagebyen (Eidsvåg)</stop>
    <stop arrival="11:17" departure="11:17">Lillevågen</stop>
    <stop arrival="11:18" departure="11:18">Tømmervågen</stop>
    <stop arrival="11:18" departure="11:18">Trollbekken</stop>
    <stop arrival="11:19" departure="11:19">Trolldalen (Eidsvågneset)</stop>
    <stop arrival="11:21" departure="11:21">Fagerbakken</stop>
    <stop arrival="11:22" departure="11:22">Nordre Lønborg</stop>
    <stop arrival="11:23" departure="11:23">Lønborg</stop>
    <stop arrival="11:23" departure="11:23">Brunestykket</stop>
    <stop arrival="11:24" departure="11:24">Hellebakken</stop>
    <stop arrival="11:25" departure="11:25">Eikeviken</stop>
    <stop arrival="11:26" departure="11:26">Solbakken</stop>
    <stop arrival="11:27" departure="11:27">Handelshøyskolen</stop>
    <stop arrival="11:29" departure="11:29">Nyhavnsvei (Gamle Bergen)</stop>
    <stop arrival="11:31" departure="11:31">Munkebotten</stop>
    <stop arrival="11:32" departure="11:32">Ludebryggen</stop>
    <stop arrival="11:33" departure="11:33">Sandvikstorget</stop>
    <stop arrival="11:35" departure="11:35">Skutevikstorget</stop>
    <stop arrival="11:36" departure="11:36">Bontelabo</stop>
    <stop arrival="11:38" departure="11:38">Slottsgaten</stop>
    <stop arrival="11:39" departure="11:39">Bryggen</stop>
    <stop arrival="11:40" departure="11:40">Olav Kyrres gate</stop>
    <stop arrival="11:45" departure="11:45">Bergen Busstasjon</stop>
    <stop arrival="11:49" departure="11:49">Danmarksplass</stop>
    <stop arrival="11:50" departure="11:50">Solheimsgaten</stop>
    <stop arrival="11:51" departure="11:51">Reperbanen</stop>
    <stop arrival="11:53" departure="11:53">Fjøsangerveien/ Minde Allè</stop>
    <stop arrival="11:56" departure="11:56">Minde</stop>
    <stop arrival="11:57" departure="11:57">Elvebakken</stop>
    <stop arrival="11:58" departure="11:58">Storetveit</stop>
    <stop arrival="11:58" departure="11:58">Fantoft</stop>
    <stop arrival="11:59" departure="11:59">Nydalen</stop>
    <stop arrival="12:00" departure="12:00">Paradis</stop>
    <stop arrival="12:01" departure="12:01">Tveiteråsskiftet</stop>
    <stop arrival="12:02" departure="12:02">Hopsbro</stop>
    <stop arrival="12:04" departure="12:04">Hopstangen</stop>
    <stop arrival="12:05">Nesttun terminal</stop>
  </route>
  <route no="24" destination="Nesttun terminal" url="http://www.web2051.no/bin/tp/zuginfo.exe/on/491931/168187/815086/243567/1/" trafficDays="kjører Ma - Fr, ikke 13., 17., 24. Mai">
    <stop departure="11:04" routeNo="24">Åsane terminal</stop>
    <stop arrival="11:05" departure="11:05">Hesthaugen</stop>
    <stop arrival="11:06" departure="11:06">Stamskaret</stop>
    <stop arrival="11:07" departure="11:07">Tertneskrysset gamleveien</stop>
    <stop arrival="11:08" departure="11:08">Griggastemma</stop>
    <stop arrival="11:08" departure="11:08">Åstveitvegen</stop>
    <stop arrival="11:09" departure="11:09">Ervik øvre</stop>
    <stop arrival="11:10" departure="11:10">Ervik nedre (Sellesvingen)</stop>
    <stop arrival="11:11" departure="11:11">Selvikvegen</stop>
    <stop arrival="11:12" departure="11:12">Eidsvåg gamlevegen</stop>
    <stop arrival="11:12" departure="11:12">Fabrikkvegen</stop>
    <stop arrival="11:14" departure="11:14">Hagebyen (Eidsvåg)</stop>
    <stop arrival="11:15" departure="11:15">Lillevågen</stop>
    <stop arrival="11:16" departure="11:16">Tømmervågen</stop>
    <stop arrival="11:17" departure="11:17">Trollbekken</stop>
    <stop arrival="11:18" departure="11:18">Trolldalen (Eidsvågneset)</stop>
    <stop arrival="11:20" departure="11:20">Fagerbakken</stop>
    <stop arrival="11:22" departure="11:22">Nordre Lønborg</stop>
    <stop arrival="11:23" departure="11:23">Lønborg</stop>
    <stop arrival="11:23" departure="11:23">Brunestykket</stop>
    <stop arrival="11:24" departure="11:24">Hellebakken</stop>
    <stop arrival="11:25" departure="11:25">Eikeviken</stop>
    <stop arrival="11:26" departure="11:26">Solbakken</stop>
    <stop arrival="11:27" departure="11:27">Handelshøyskolen</stop>
    <stop arrival="11:29" departure="11:29">Nyhavnsvei (Gamle Bergen)</stop>
    <stop arrival="11:31" departure="11:31">Munkebotten</stop>
    <stop arrival="11:32" departure="11:32">Ludebryggen</stop>
    <stop arrival="11:33" departure="11:33">Sandvikstorget</stop>
    <stop arrival="11:35" departure="11:35">Skutevikstorget</stop>
    <stop arrival="11:36" departure="11:36">Bontelabo</stop>
    <stop arrival="11:38" departure="11:38">Slottsgaten</stop>
    <stop arrival="11:39" departure="11:39">Bryggen</stop>
    <stop arrival="11:40" departure="11:40">Olav Kyrres gate</stop>
    <stop arrival="11:45" departure="11:45">Bergen Busstasjon</stop>
    <stop arrival="11:49" departure="11:49">Danmarksplass</stop>
    <stop arrival="11:50" departure="11:50">Solheimsgaten</stop>
    <stop arrival="11:51" departure="11:51">Reperbanen</stop>
    <stop arrival="11:53" departure="11:53">Fjøsangerveien/ Minde Allè</stop>
    <stop arrival="11:57" departure="11:57">Minde</stop>
    <stop arrival="11:58" departure="11:58">Elvebakken</stop>
    <stop arrival="11:58" departure="11:58">Storetveit</stop>
    <stop arrival="11:58" departure="11:58">Fantoft</stop>
    <stop arrival="11:59" departure="11:59">Nydalen</stop>
    <stop arrival="12:00" departure="12:00">Paradis</stop>
    <stop arrival="12:01" departure="12:01">Tveiteråsskiftet</stop>
    <stop arrival="12:02" departure="12:02">Hopsbro</stop>
    <stop arrival="12:04" departure="12:04">Hopstangen</stop>
    <stop arrival="12:05">Nesttun terminal</stop>
  </route>
  <route no="24" destination="Åsane terminal" url="http://www.web2051.no/bin/tp/zuginfo.exe/on/591120/201251/157436/118322/1/" trafficDays="kjører Ma - Fr, ikke 13., 17., 24. Mai">
    <stop departure="10:45" routeNo="24">Nesttun terminal</stop>
    <stop arrival="10:47" departure="10:47">Hopsbro</stop>
    <stop arrival="10:49" departure="10:49">Tveiteråsskiftet</stop>
    <stop arrival="10:50" departure="10:50">Paradis</stop>
    <stop arrival="10:52" departure="10:52">Nydalen</stop>
    <stop arrival="10:54" departure="10:54">Fantoft</stop>
    <stop arrival="10:55" departure="10:55">Storetveit</stop>
    <stop arrival="10:55" departure="10:55">Elvebakken</stop>
    <stop arrival="10:56" departure="10:56">Minde</stop>
    <stop arrival="10:59" departure="10:59">Mindemyren</stop>
    <stop arrival="11:00" departure="11:00">Postterminalen</stop>
    <stop arrival="11:01" departure="11:01">Kanalveien v/LBK</stop>
    <stop arrival="11:03" departure="11:03">Danmarksplass v/Forum kino</stop>
    <stop arrival="11:08" departure="11:08">Bergen Busstasjon</stop>
    <stop arrival="11:10" departure="11:10">Christies gate (Festplassen)</stop>
    <stop arrival="11:13" departure="11:13">Torget v/DnB</stop>
    <stop arrival="11:14" departure="11:14">Bryggen</stop>
    <stop arrival="11:14" departure="11:14">Slottsgaten</stop>
    <stop arrival="11:15" departure="11:15">Bontelabo</stop>
    <stop arrival="11:16" departure="11:16">Skutevikstorget</stop>
    <stop arrival="11:16" departure="11:16">Sjøgaten</stop>
    <stop arrival="11:17" departure="11:17">Sandvikstorget</stop>
    <stop arrival="11:18" departure="11:18">Ludebryggen</stop>
    <stop arrival="11:18" departure="11:18">Munkebotten</stop>
    <stop arrival="11:20" departure="11:20">Nyhavnsvei (Gamle Bergen)</stop>
    <stop arrival="11:21" departure="11:21">Handelshøyskolen</stop>
    <stop arrival="11:22" departure="11:22">Solbakken</stop>
    <stop arrival="11:23" departure="11:23">Eikeviken</stop>
    <stop arrival="11:25" departure="11:25">Hellebakken</stop>
    <stop arrival="11:25" departure="11:25">Brunestykket</stop>
    <stop arrival="11:26" departure="11:26">Lønborg</stop>
    <stop arrival="11:27" departure="11:27">Nordre Lønborg</stop>
    <stop arrival="11:27" departure="11:27">Fagerbakken</stop>
    <stop arrival="11:28" departure="11:28">Eidsvågneset</stop>
    <stop arrival="11:29" departure="11:29">Trolldalen (Eidsvågneset)</stop>
    <stop arrival="11:30" departure="11:30">Trollbekken</stop>
    <stop arrival="11:30" departure="11:30">Tømmervågen</stop>
    <stop arrival="11:31" departure="11:31">Lillevågen</stop>
    <stop arrival="11:32" departure="11:32">Hagebyen (Eidsvåg)</stop>
    <stop arrival="11:34" departure="11:34">Fabrikkvegen</stop>
    <stop arrival="11:35" departure="11:35">Eidsvåg gamlevegen</stop>
    <stop arrival="11:36" departure="11:36">Selvikvegen</stop>
    <stop arrival="11:37" departure="11:37">Ervik nedre (Sellesvingen)</stop>
    <stop arrival="11:37" departure="11:37">Ervik øvre</stop>
    <stop arrival="11:38" departure="11:38">Åstveitvegen</stop>
    <stop arrival="11:39" departure="11:39">Griggastemma</stop>
    <stop arrival="11:40" departure="11:40">Tertneskrysset gamleveien</stop>
    <stop arrival="11:42" departure="11:42">Stamskaret</stop>
    <stop arrival="11:43" departure="11:43">Hesthaugen</stop>
    <stop arrival="11:44">Åsane terminal</stop>
  </route>
  <route no="24" destination="Åsane terminal" url="http://www.web2051.no/bin/tp/zuginfo.exe/on/6738/6419/197694/96601/1/" trafficDays="kjører Lø, ikke 1. Mai">
    <stop departure="10:45" routeNo="24">Nesttun terminal</stop>
    <stop arrival="10:47" departure="10:47">Hopsbro</stop>
    <stop arrival="10:49" departure="10:49">Tveiteråsskiftet</stop>
    <stop arrival="10:50" departure="10:50">Paradis</stop>
    <stop arrival="10:52" departure="10:52">Nydalen</stop>
    <stop arrival="10:54" departure="10:54">Fantoft</stop>
    <stop arrival="10:55" departure="10:55">Storetveit</stop>
    <stop arrival="10:55" departure="10:55">Elvebakken</stop>
    <stop arrival="10:56" departure="10:56">Minde</stop>
    <stop arrival="11:00" departure="11:00">Mindemyren</stop>
    <stop arrival="11:01" departure="11:01">Postterminalen</stop>
    <stop arrival="11:01" departure="11:01">Kanalveien v/LBK</stop>
    <stop arrival="11:03" departure="11:03">Danmarksplass v/Forum kino</stop>
    <stop arrival="11:08" departure="11:08">Bergen Busstasjon</stop>
    <stop arrival="11:11" departure="11:11">Christies gate (Festplassen)</stop>
    <stop arrival="11:14" departure="11:14">Torget v/DnB</stop>
    <stop arrival="11:15" departure="11:15">Bryggen</stop>
    <stop arrival="11:15" departure="11:15">Slottsgaten</stop>
    <stop arrival="11:16" departure="11:16">Bontelabo</stop>
    <stop arrival="11:17" departure="11:17">Skutevikstorget</stop>
    <stop arrival="11:17" departure="11:17">Sjøgaten</stop>
    <stop arrival="11:18" departure="11:18">Sandvikstorget</stop>
    <stop arrival="11:19" departure="11:19">Ludebryggen</stop>
    <stop arrival="11:19" departure="11:19">Munkebotten</stop>
    <stop arrival="11:21" departure="11:21">Nyhavnsvei (Gamle Bergen)</stop>
    <stop arrival="11:22" departure="11:22">Handelshøyskolen</stop>
    <stop arrival="11:23" departure="11:23">Solbakken</stop>
    <stop arrival="11:24" departure="11:24">Eikeviken</stop>
    <stop arrival="11:26" departure="11:26">Hellebakken</stop>
    <stop arrival="11:26" departure="11:26">Brunestykket</stop>
    <stop arrival="11:27" departure="11:27">Lønborg</stop>
    <stop arrival="11:28" departure="11:28">Nordre Lønborg</stop>
    <stop arrival="11:28" departure="11:28">Fagerbakken</stop>
    <stop arrival="11:29" departure="11:29">Eidsvågneset</stop>
    <stop arrival="11:29" departure="11:29">Trolldalen (Eidsvågneset)</stop>
    <stop arrival="11:29" departure="11:29">Trollbekken</stop>
    <stop arrival="11:30" departure="11:30">Tømmervågen</stop>
    <stop arrival="11:30" departure="11:30">Lillevågen</stop>
    <stop arrival="11:31" departure="11:31">Hagebyen (Eidsvåg)</stop>
    <stop arrival="11:32" departure="11:32">Fabrikkvegen</stop>
    <stop arrival="11:33" departure="11:33">Eidsvåg gamlevegen</stop>
    <stop arrival="11:34" departure="11:34">Selvikvegen</stop>
    <stop arrival="11:35" departure="11:35">Ervik nedre (Sellesvingen)</stop>
    <stop arrival="11:35" departure="11:35">Ervik øvre</stop>
    <stop arrival="11:36" departure="11:36">Åstveitvegen</stop>
    <stop arrival="11:37" departure="11:37">Griggastemma</stop>
    <stop arrival="11:38" departure="11:38">Tertneskrysset gamleveien</stop>
    <stop arrival="11:40" departure="11:40">Stamskaret</stop>
    <stop arrival="11:41" departure="11:41">Hesthaugen</stop>
    <stop arrival="11:42">Åsane terminal</stop>
  </route>
  <route no="20" destination="Fanahammeren" url="http://www.web2051.no/bin/tp/zuginfo.exe/on/958515/323372/410180/114415/1/" trafficDays="kjører Ma - Fr, ikke 13., 17., 24. Mai">
    <stop departure="11:25" routeNo="20">Lønborglien snuplass</stop>
    <stop arrival="11:25" departure="11:25">Lønborglien 2</stop>
    <stop arrival="11:26" departure="11:26">Lønborglien 1</stop>
    <stop arrival="11:27" departure="11:27">Nordre Lønborg</stop>
    <stop arrival="11:28" departure="11:28">Lønborg</stop>
    <stop arrival="11:28" departure="11:28">Brunestykket</stop>
    <stop arrival="11:29" departure="11:29">Hellebakken</stop>
    <stop arrival="11:30" departure="11:30">Eikeviken</stop>
    <stop arrival="11:31" departure="11:31">Solbakken</stop>
    <stop arrival="11:32" departure="11:32">Handelshøyskolen</stop>
    <stop arrival="11:34" departure="11:34">Nyhavnsvei (Gamle Bergen)</stop>
    <stop arrival="11:36" departure="11:36">Munkebotten</stop>
    <stop arrival="11:37" departure="11:37">Ludebryggen</stop>
    <stop arrival="11:42" departure="11:42">Sandvikstorget</stop>
    <stop arrival="11:44" departure="11:44">Skutevikstorget</stop>
    <stop arrival="11:45" departure="11:45">Bontelabo</stop>
    <stop arrival="11:47" departure="11:47">Slottsgaten</stop>
    <stop arrival="11:48" departure="11:48">Bryggen</stop>
    <stop arrival="11:50" departure="11:50">Olav Kyrres gate</stop>
    <stop arrival="11:55" departure="11:55">Bergen Busstasjon</stop>
    <stop arrival="11:58" departure="11:58">Danmarksplass</stop>
    <stop arrival="11:59" departure="11:59">Solheimsgaten</stop>
    <stop arrival="12:00" departure="12:00">Reperbanen</stop>
    <stop arrival="12:02" departure="12:02">Fjøsangerveien/ Minde Allè</stop>
    <stop arrival="12:03" departure="12:03">Minde</stop>
    <stop arrival="12:04" departure="12:04">Elvebakken</stop>
    <stop arrival="12:04" departure="12:04">Storetveit</stop>
    <stop arrival="12:04" departure="12:04">Fantoft</stop>
    <stop arrival="12:05" departure="12:05">Nydalen</stop>
    <stop arrival="12:06" departure="12:06">Paradis</stop>
    <stop arrival="12:07" departure="12:07">Tveiteråsskiftet</stop>
    <stop arrival="12:08" departure="12:08">Hopsbro</stop>
    <stop arrival="12:10" departure="12:10">Hopstangen</stop>
    <stop arrival="12:11" departure="12:11">Nesttun terminal</stop>
    <stop arrival="12:13" departure="12:13">Nesttun</stop>
    <stop arrival="12:16" departure="12:16">Skjoldskiftet</stop>
    <stop arrival="12:16" departure="12:16">Nesttunbrekka</stop>
    <stop arrival="12:17" departure="12:17">Mårdalen</stop>
    <stop arrival="12:17" departure="12:17">Skjoldhøgda</stop>
    <stop arrival="12:17" departure="12:17">Skjold skole</stop>
    <stop arrival="12:18" departure="12:18">Lagunen</stop>
    <stop arrival="12:19" departure="12:19">Rådal</stop>
    <stop arrival="12:20" departure="12:20">Sunea</stop>
    <stop arrival="12:20" departure="12:20">Rådalshaug</stop>
    <stop arrival="12:20" departure="12:20">Steinknuseverket</stop>
    <stop arrival="12:21" departure="12:21">Hordnesskiftet Stend</stop>
    <stop arrival="12:23" departure="12:23">Bergheim</stop>
    <stop arrival="12:24" departure="12:24">Bergheim</stop>
    <stop arrival="12:25" departure="12:25">Øvre Titlestad</stop>
    <stop arrival="12:27" departure="12:27">Rydland (Titlestad, Fana)</stop>
    <stop arrival="12:28" departure="12:28">Titlestad</stop>
    <stop arrival="12:29" departure="12:29">Kvernabekkvegen</stop>
    <stop arrival="12:30" departure="12:30">Norheimsveien</stop>
    <stop arrival="12:31" departure="12:31">Fana</stop>
    <stop arrival="12:31" departure="12:31">Gaia Fana</stop>
    <stop arrival="12:32" departure="12:32">Vollaskiftet</stop>
    <stop arrival="12:32" departure="12:32">Volladalen</stop>
    <stop arrival="12:33">Fanahammeren</stop>
  </route>
  <route no="20" destination="Lagunen" url="http://www.web2051.no/bin/tp/zuginfo.exe/on/887670/299678/39024/276379/1/" trafficDays="kjører Lø, ikke 1. Mai">
    <stop departure="11:30" routeNo="20">Lønborglien snuplass</stop>
    <stop arrival="11:30" departure="11:30">Lønborglien 2</stop>
    <stop arrival="11:31" departure="11:31">Lønborglien 1</stop>
    <stop arrival="11:32" departure="11:32">Nordre Lønborg</stop>
    <stop arrival="11:33" departure="11:33">Lønborg</stop>
    <stop arrival="11:33" departure="11:33">Brunestykket</stop>
    <stop arrival="11:34" departure="11:34">Hellebakken</stop>
    <stop arrival="11:35" departure="11:35">Eikeviken</stop>
    <stop arrival="11:36" departure="11:36">Solbakken</stop>
    <stop arrival="11:37" departure="11:37">Handelshøyskolen</stop>
    <stop arrival="11:38" departure="11:38">Nyhavnsvei (Gamle Bergen)</stop>
    <stop arrival="11:40" departure="11:40">Munkebotten</stop>
    <stop arrival="11:41" departure="11:41">Ludebryggen</stop>
    <stop arrival="11:44" departure="11:44">Sandvikstorget</stop>
    <stop arrival="11:46" departure="11:46">Skutevikstorget</stop>
    <stop arrival="11:47" departure="11:47">Bontelabo</stop>
    <stop arrival="11:48" departure="11:48">Slottsgaten</stop>
    <stop arrival="11:49" departure="11:49">Bryggen</stop>
    <stop arrival="11:50" departure="11:50">Olav Kyrres gate</stop>
    <stop arrival="11:55" departure="11:55">Bergen Busstasjon</stop>
    <stop arrival="11:59" departure="11:59">Danmarksplass</stop>
    <stop arrival="12:00" departure="12:00">Solheimsgaten</stop>
    <stop arrival="12:01" departure="12:01">Reperbanen</stop>
    <stop arrival="12:03" departure="12:03">Fjøsangerveien/ Minde Allè</stop>
    <stop arrival="12:06" departure="12:06">Minde</stop>
    <stop arrival="12:07" departure="12:07">Elvebakken</stop>
    <stop arrival="12:08" departure="12:08">Storetveit</stop>
    <stop arrival="12:08" departure="12:08">Fantoft</stop>
    <stop arrival="12:09" departure="12:09">Nydalen</stop>
    <stop arrival="12:10" departure="12:10">Paradis</stop>
    <stop arrival="12:11" departure="12:11">Tveiteråsskiftet</stop>
    <stop arrival="12:12" departure="12:12">Hopsbro</stop>
    <stop arrival="12:14" departure="12:14">Hopstangen</stop>
    <stop arrival="12:15" departure="12:15">Nesttun terminal</stop>
    <stop arrival="12:17" departure="12:17">Nesttun</stop>
    <stop arrival="12:20" departure="12:20">Skjoldskiftet</stop>
    <stop arrival="12:21" departure="12:21">Nesttunbrekka</stop>
    <stop arrival="12:21" departure="12:21">Mårdalen</stop>
    <stop arrival="12:22" departure="12:22">Skjoldhøgda</stop>
    <stop arrival="12:24" departure="12:24">Skjold skole</stop>
    <stop arrival="12:25">Lagunen</stop>
  </route>
  <route no="22" destination="Birkelundstoppen" url="http://www.web2051.no/bin/tp/zuginfo.exe/on/204723/72247/798938/331228/1/" trafficDays="kjører Sø, også 1., 13., 17., 24. Mai">
    <stop departure="11:16" routeNo="22">Åsane terminal</stop>
    <stop arrival="11:17" departure="11:17">Hesthaugen</stop>
    <stop arrival="11:18" departure="11:18">Stamskaret</stop>
    <stop arrival="11:19" departure="11:19">Tertneskrysset gamleveien</stop>
    <stop arrival="11:19" departure="11:19">Griggastemma</stop>
    <stop arrival="11:20" departure="11:20">Åstveitvegen</stop>
    <stop arrival="11:20" departure="11:20">Ervik øvre</stop>
    <stop arrival="11:21" departure="11:21">Ervik nedre (Sellesvingen)</stop>
    <stop arrival="11:21" departure="11:21">Selvikvegen</stop>
    <stop arrival="11:22" departure="11:22">Eidsvåg gamlevegen</stop>
    <stop arrival="11:23" departure="11:23">Fabrikkvegen</stop>
    <stop arrival="11:25" departure="11:25">Hagebyen (Eidsvåg)</stop>
    <stop arrival="11:27" departure="11:27">Lillevågen</stop>
    <stop arrival="11:28" departure="11:28">Tømmervågen</stop>
    <stop arrival="11:28" departure="11:28">Trollbekken</stop>
    <stop arrival="11:29" departure="11:29">Trolldalen (Eidsvågneset)</stop>
    <stop arrival="11:31" departure="11:31">Fagerbakken</stop>
    <stop arrival="11:32" departure="11:32">Nordre Lønborg</stop>
    <stop arrival="11:33" departure="11:33">Lønborg</stop>
    <stop arrival="11:33" departure="11:33">Brunestykket</stop>
    <stop arrival="11:34" departure="11:34">Hellebakken</stop>
    <stop arrival="11:35" departure="11:35">Eikeviken</stop>
    <stop arrival="11:36" departure="11:36">Solbakken</stop>
    <stop arrival="11:37" departure="11:37">Handelshøyskolen</stop>
    <stop arrival="11:39" departure="11:39">Nyhavnsvei (Gamle Bergen)</stop>
    <stop arrival="11:41" departure="11:41">Munkebotten</stop>
    <stop arrival="11:42" departure="11:42">Ludebryggen</stop>
    <stop arrival="11:43" departure="11:43">Sandvikstorget</stop>
    <stop arrival="11:45" departure="11:45">Skutevikstorget</stop>
    <stop arrival="11:46" departure="11:46">Bontelabo</stop>
    <stop arrival="11:48" departure="11:48">Slottsgaten</stop>
    <stop arrival="11:49" departure="11:49">Bryggen</stop>
    <stop arrival="11:50" departure="11:50">Olav Kyrres gate</stop>
    <stop arrival="11:57" departure="11:57">Bergen Busstasjon</stop>
    <stop arrival="12:01" departure="12:01">Danmarksplass</stop>
    <stop arrival="12:02" departure="12:02">Solheimsgaten</stop>
    <stop arrival="12:03" departure="12:03">Reperbanen</stop>
    <stop arrival="12:04" departure="12:04">Fjøsangerveien/ Minde Allè</stop>
    <stop arrival="12:07" departure="12:07">Minde</stop>
    <stop arrival="12:08" departure="12:08">Elvebakken</stop>
    <stop arrival="12:09" departure="12:09">Storetveit</stop>
    <stop arrival="12:09" departure="12:09">Fantoft</stop>
    <stop arrival="12:10" departure="12:10">Nydalen</stop>
    <stop arrival="12:11" departure="12:11">Paradis</stop>
    <stop arrival="12:12" departure="12:12">Tveiteråsskiftet</stop>
    <stop arrival="12:13" departure="12:13">Hopsbro</stop>
    <stop arrival="12:15" departure="12:15">Hopstangen</stop>
    <stop arrival="12:16" departure="12:16">Nesttun terminal</stop>
    <stop arrival="12:17" departure="12:17">Nesttun</stop>
    <stop arrival="12:17" departure="12:17">Herredshuset, Nesttun</stop>
    <stop arrival="12:18" departure="12:18">Midtun bro</stop>
    <stop arrival="12:20" departure="12:20">Midttunflaten</stop>
    <stop arrival="12:21" departure="12:21">Sandbrekkeveien</stop>
    <stop arrival="12:21" departure="12:21">Sandalskollen</stop>
    <stop arrival="12:23" departure="12:23">Kringlebotn</stop>
    <stop arrival="12:24" departure="12:24">Kjenndalslia</stop>
    <stop arrival="12:25" departure="12:25">Kjenndalsåsen</stop>
    <stop arrival="12:26" departure="12:26">Sandalsringen snuplass</stop>
    <stop arrival="12:27" departure="12:27">Helldalslia</stop>
    <stop arrival="12:28" departure="12:28">Helldalslia</stop>
    <stop arrival="12:28" departure="12:28">Indre Sædal</stop>
    <stop arrival="12:30" departure="12:30">Rinddalen</stop>
    <stop arrival="12:32" departure="12:32">Merkurvegen (nyeveien)</stop>
    <stop arrival="12:33" departure="12:33">Nattland gård (nyeveien)</stop>
    <stop arrival="12:35">Birkelundstoppen</stop>
  </route>
  <route no="20" destination="Lønborglien snuplass" url="http://www.web2051.no/bin/tp/zuginfo.exe/on/200712/70767/650782/258487/1/" trafficDays="kjører Ma - Fr, ikke 13., 17., 24. Mai">
    <stop departure="10:45" routeNo="20">Rådal ved Lagunen</stop>
    <stop arrival="10:50" departure="10:50">Skjold skole</stop>
    <stop arrival="10:52" departure="10:52">Mårdalen</stop>
    <stop arrival="10:53" departure="10:53">Nesttunbrekka</stop>
    <stop arrival="10:53" departure="10:53">Skjoldskiftet</stop>
    <stop arrival="10:54" departure="10:54">Nesttun</stop>
    <stop arrival="10:55" departure="10:55">Nesttun terminal</stop>
    <stop arrival="10:57" departure="10:57">Hopsbro</stop>
    <stop arrival="10:59" departure="10:59">Tveiteråsskiftet</stop>
    <stop arrival="11:00" departure="11:00">Paradis</stop>
    <stop arrival="11:02" departure="11:02">Nydalen</stop>
    <stop arrival="11:04" departure="11:04">Fantoft</stop>
    <stop arrival="11:05" departure="11:05">Storetveit</stop>
    <stop arrival="11:05" departure="11:05">Elvebakken</stop>
    <stop arrival="11:06" departure="11:06">Minde</stop>
    <stop arrival="11:09" departure="11:09">Mindemyren</stop>
    <stop arrival="11:10" departure="11:10">Postterminalen</stop>
    <stop arrival="11:11" departure="11:11">Kanalveien v/LBK</stop>
    <stop arrival="11:13" departure="11:13">Danmarksplass v/Forum kino</stop>
    <stop arrival="11:18" departure="11:18">Bergen Busstasjon</stop>
    <stop arrival="11:20" departure="11:20">Christies gate (Festplassen)</stop>
    <stop arrival="11:23" departure="11:23">Torget v/DnB</stop>
    <stop arrival="11:24" departure="11:24">Bryggen</stop>
    <stop arrival="11:24" departure="11:24">Slottsgaten</stop>
    <stop arrival="11:25" departure="11:25">Bontelabo</stop>
    <stop arrival="11:26" departure="11:26">Skutevikstorget</stop>
    <stop arrival="11:26" departure="11:26">Sjøgaten</stop>
    <stop arrival="11:27" departure="11:27">Sandvikstorget</stop>
    <stop arrival="11:28" departure="11:28">Ludebryggen</stop>
    <stop arrival="11:28" departure="11:28">Munkebotten</stop>
    <stop arrival="11:30" departure="11:30">Nyhavnsvei (Gamle Bergen)</stop>
    <stop arrival="11:31" departure="11:31">Handelshøyskolen</stop>
    <stop arrival="11:32" departure="11:32">Solbakken</stop>
    <stop arrival="11:33" departure="11:33">Eikeviken</stop>
    <stop arrival="11:35" departure="11:35">Hellebakken</stop>
    <stop arrival="11:35" departure="11:35">Brunestykket</stop>
    <stop arrival="11:36" departure="11:36">Lønborg</stop>
    <stop arrival="11:37" departure="11:37">Nordre Lønborg</stop>
    <stop arrival="11:40" departure="11:40">Lønborglien 1</stop>
    <stop arrival="11:41" departure="11:41">Lønborglien 2</stop>
    <stop arrival="11:43">Lønborglien snuplass</stop>
  </route>
  <route no="20" destination="Lønborglien snuplass" url="http://www.web2051.no/bin/tp/zuginfo.exe/on/503523/171632/877558/270938/1/" trafficDays="kjører Lø, ikke 1. Mai">
    <stop departure="10:47" routeNo="20">Rådal ved Lagunen</stop>
    <stop arrival="10:50" departure="10:50">Skjold skole</stop>
    <stop arrival="10:52" departure="10:52">Mårdalen</stop>
    <stop arrival="10:53" departure="10:53">Nesttunbrekka</stop>
    <stop arrival="10:53" departure="10:53">Skjoldskiftet</stop>
    <stop arrival="10:54" departure="10:54">Nesttun</stop>
    <stop arrival="10:55" departure="10:55">Nesttun terminal</stop>
    <stop arrival="10:57" departure="10:57">Hopsbro</stop>
    <stop arrival="10:59" departure="10:59">Tveiteråsskiftet</stop>
    <stop arrival="11:00" departure="11:00">Paradis</stop>
    <stop arrival="11:02" departure="11:02">Nydalen</stop>
    <stop arrival="11:04" departure="11:04">Fantoft</stop>
    <stop arrival="11:05" departure="11:05">Storetveit</stop>
    <stop arrival="11:05" departure="11:05">Elvebakken</stop>
    <stop arrival="11:06" departure="11:06">Minde</stop>
    <stop arrival="11:10" departure="11:10">Mindemyren</stop>
    <stop arrival="11:11" departure="11:11">Postterminalen</stop>
    <stop arrival="11:11" departure="11:11">Kanalveien v/LBK</stop>
    <stop arrival="11:13" departure="11:13">Danmarksplass v/Forum kino</stop>
    <stop arrival="11:18" departure="11:18">Bergen Busstasjon</stop>
    <stop arrival="11:21" departure="11:21">Christies gate (Festplassen)</stop>
    <stop arrival="11:24" departure="11:24">Torget v/DnB</stop>
    <stop arrival="11:25" departure="11:25">Bryggen</stop>
    <stop arrival="11:25" departure="11:25">Slottsgaten</stop>
    <stop arrival="11:26" departure="11:26">Bontelabo</stop>
    <stop arrival="11:27" departure="11:27">Skutevikstorget</stop>
    <stop arrival="11:27" departure="11:27">Sjøgaten</stop>
    <stop arrival="11:28" departure="11:28">Sandvikstorget</stop>
    <stop arrival="11:29" departure="11:29">Ludebryggen</stop>
    <stop arrival="11:29" departure="11:29">Munkebotten</stop>
    <stop arrival="11:31" departure="11:31">Nyhavnsvei (Gamle Bergen)</stop>
    <stop arrival="11:32" departure="11:32">Handelshøyskolen</stop>
    <stop arrival="11:33" departure="11:33">Solbakken</stop>
    <stop arrival="11:34" departure="11:34">Eikeviken</stop>
    <stop arrival="11:36" departure="11:36">Hellebakken</stop>
    <stop arrival="11:36" departure="11:36">Brunestykket</stop>
    <stop arrival="11:37" departure="11:37">Lønborg</stop>
    <stop arrival="11:38" departure="11:38">Nordre Lønborg</stop>
    <stop arrival="11:39" departure="11:39">Lønborglien 1</stop>
    <stop arrival="11:39" departure="11:39">Lønborglien 2</stop>
    <stop arrival="11:40">Lønborglien snuplass</stop>
  </route>
  <route no="24" destination="Smørås snuplass" url="http://www.web2051.no/bin/tp/zuginfo.exe/on/717474/243330/369016/54652/1/" trafficDays="kjører Lø, ikke 1. Mai">
    <stop departure="11:40" routeNo="24">Lønborglien snuplass</stop>
    <stop arrival="11:40" departure="11:40">Lønborglien 2</stop>
    <stop arrival="11:41" departure="11:41">Lønborglien 1</stop>
    <stop arrival="11:42" departure="11:42">Nordre Lønborg</stop>
    <stop arrival="11:43" departure="11:43">Lønborg</stop>
    <stop arrival="11:43" departure="11:43">Brunestykket</stop>
    <stop arrival="11:44" departure="11:44">Hellebakken</stop>
    <stop arrival="11:45" departure="11:45">Eikeviken</stop>
    <stop arrival="11:46" departure="11:46">Solbakken</stop>
    <stop arrival="11:47" departure="11:47">Handelshøyskolen</stop>
    <stop arrival="11:48" departure="11:48">Nyhavnsvei (Gamle Bergen)</stop>
    <stop arrival="11:50" departure="11:50">Munkebotten</stop>
    <stop arrival="11:51" departure="11:51">Ludebryggen</stop>
    <stop arrival="11:54" departure="11:54">Sandvikstorget</stop>
    <stop arrival="11:56" departure="11:56">Skutevikstorget</stop>
    <stop arrival="11:57" departure="11:57">Bontelabo</stop>
    <stop arrival="11:58" departure="11:58">Slottsgaten</stop>
    <stop arrival="11:59" departure="11:59">Bryggen</stop>
    <stop arrival="12:00" departure="12:00">Olav Kyrres gate</stop>
    <stop arrival="12:05" departure="12:05">Bergen Busstasjon</stop>
    <stop arrival="12:09" departure="12:09">Danmarksplass</stop>
    <stop arrival="12:10" departure="12:10">Solheimsgaten</stop>
    <stop arrival="12:11" departure="12:11">Reperbanen</stop>
    <stop arrival="12:13" departure="12:13">Fjøsangerveien/ Minde Allè</stop>
    <stop arrival="12:16" departure="12:16">Minde</stop>
    <stop arrival="12:17" departure="12:17">Elvebakken</stop>
    <stop arrival="12:18" departure="12:18">Storetveit</stop>
    <stop arrival="12:18" departure="12:18">Fantoft</stop>
    <stop arrival="12:19" departure="12:19">Nydalen</stop>
    <stop arrival="12:20" departure="12:20">Paradis</stop>
    <stop arrival="12:21" departure="12:21">Tveiteråsskiftet</stop>
    <stop arrival="12:22" departure="12:22">Hopsbro</stop>
    <stop arrival="12:24" departure="12:24">Hopstangen</stop>
    <stop arrival="12:25" departure="12:25">Nesttun terminal</stop>
    <stop arrival="12:25" departure="12:25">Nesttun</stop>
    <stop arrival="12:27" departure="12:27">Nesttunhallen</stop>
    <stop arrival="12:27" departure="12:27">Gamle kyrkjeveg</stop>
    <stop arrival="12:27" departure="12:27">Tranevegen</stop>
    <stop arrival="12:28" departure="12:28">Hjortevegen</stop>
    <stop arrival="12:28" departure="12:28">Dådyrvegen</stop>
    <stop arrival="12:29" departure="12:29">Nedre Smøråsvegen</stop>
    <stop arrival="12:30" departure="12:30">Smørås</stop>
    <stop arrival="12:31">Smørås snuplass</stop>
  </route>
  <route no="24" destination="Smørås snuplass" url="http://www.web2051.no/bin/tp/zuginfo.exe/on/608841/207147/111930/146991/1/" trafficDays="kjører Ma - Fr, ikke 13., 17., 24. Mai">
    <stop departure="11:40" routeNo="24">Lønborglien snuplass</stop>
    <stop arrival="11:40" departure="11:40">Lønborglien 2</stop>
    <stop arrival="11:41" departure="11:41">Lønborglien 1</stop>
    <stop arrival="11:42" departure="11:42">Nordre Lønborg</stop>
    <stop arrival="11:43" departure="11:43">Lønborg</stop>
    <stop arrival="11:43" departure="11:43">Brunestykket</stop>
    <stop arrival="11:44" departure="11:44">Hellebakken</stop>
    <stop arrival="11:45" departure="11:45">Eikeviken</stop>
    <stop arrival="11:46" departure="11:46">Solbakken</stop>
    <stop arrival="11:47" departure="11:47">Handelshøyskolen</stop>
    <stop arrival="11:48" departure="11:48">Nyhavnsvei (Gamle Bergen)</stop>
    <stop arrival="11:50" departure="11:50">Munkebotten</stop>
    <stop arrival="11:51" departure="11:51">Ludebryggen</stop>
    <stop arrival="11:54" departure="11:54">Sandvikstorget</stop>
    <stop arrival="11:56" departure="11:56">Skutevikstorget</stop>
    <stop arrival="11:57" departure="11:57">Bontelabo</stop>
    <stop arrival="11:58" departure="11:58">Slottsgaten</stop>
    <stop arrival="11:59" departure="11:59">Bryggen</stop>
    <stop arrival="12:00" departure="12:00">Olav Kyrres gate</stop>
    <stop arrival="12:05" departure="12:05">Bergen Busstasjon</stop>
    <stop arrival="12:09" departure="12:09">Danmarksplass</stop>
    <stop arrival="12:10" departure="12:10">Solheimsgaten</stop>
    <stop arrival="12:11" departure="12:11">Reperbanen</stop>
    <stop arrival="12:13" departure="12:13">Fjøsangerveien/ Minde Allè</stop>
    <stop arrival="12:17" departure="12:17">Minde</stop>
    <stop arrival="12:18" departure="12:18">Elvebakken</stop>
    <stop arrival="12:18" departure="12:18">Storetveit</stop>
    <stop arrival="12:18" departure="12:18">Fantoft</stop>
    <stop arrival="12:19" departure="12:19">Nydalen</stop>
    <stop arrival="12:20" departure="12:20">Paradis</stop>
    <stop arrival="12:21" departure="12:21">Tveiteråsskiftet</stop>
    <stop arrival="12:22" departure="12:22">Hopsbro</stop>
    <stop arrival="12:24" departure="12:24">Hopstangen</stop>
    <stop arrival="12:25" departure="12:25">Nesttun terminal</stop>
    <stop arrival="12:25" departure="12:25">Nesttun</stop>
    <stop arrival="12:27" departure="12:27">Nesttunhallen</stop>
    <stop arrival="12:27" departure="12:27">Gamle kyrkjeveg</stop>
    <stop arrival="12:27" departure="12:27">Tranevegen</stop>
    <stop arrival="12:28" departure="12:28">Hjortevegen</stop>
    <stop arrival="12:29" departure="12:29">Dådyrvegen</stop>
    <stop arrival="12:29" departure="12:29">Nedre Smøråsvegen</stop>
    <stop arrival="12:31" departure="12:31">Smørås</stop>
    <stop arrival="12:32">Smørås snuplass</stop>
  </route>
  <route no="20" destination="Lønborglien snuplass" url="http://www.web2051.no/bin/tp/zuginfo.exe/on/337518/116370/907660/341324/1/" trafficDays="kjører Ma - Fr, ikke 13., 17., 24. Mai">
    <stop departure="10:54" routeNo="20">Smørås snuplass</stop>
    <stop arrival="10:55" departure="10:55">Smørås</stop>
    <stop arrival="10:56" departure="10:56">Nedre Smøråsvegen</stop>
    <stop arrival="10:56" departure="10:56">Dådyrvegen</stop>
    <stop arrival="10:57" departure="10:57">Hjortevegen</stop>
    <stop arrival="10:58" departure="10:58">Tranevegen</stop>
    <stop arrival="11:00" departure="11:00">Gamle kyrkjeveg</stop>
    <stop arrival="11:01" departure="11:01">Nesttunhallen</stop>
    <stop arrival="11:04" departure="11:04">Nesttun</stop>
    <stop arrival="11:05" departure="11:05">Nesttun terminal</stop>
    <stop arrival="11:07" departure="11:07">Hopsbro</stop>
    <stop arrival="11:09" departure="11:09">Tveiteråsskiftet</stop>
    <stop arrival="11:10" departure="11:10">Paradis</stop>
    <stop arrival="11:12" departure="11:12">Nydalen</stop>
    <stop arrival="11:14" departure="11:14">Fantoft</stop>
    <stop arrival="11:15" departure="11:15">Storetveit</stop>
    <stop arrival="11:15" departure="11:15">Elvebakken</stop>
    <stop arrival="11:16" departure="11:16">Minde</stop>
    <stop arrival="11:19" departure="11:19">Mindemyren</stop>
    <stop arrival="11:20" departure="11:20">Postterminalen</stop>
    <stop arrival="11:21" departure="11:21">Kanalveien v/LBK</stop>
    <stop arrival="11:23" departure="11:23">Danmarksplass v/Forum kino</stop>
    <stop arrival="11:28" departure="11:28">Bergen Busstasjon</stop>
    <stop arrival="11:30" departure="11:30">Christies gate (Festplassen)</stop>
    <stop arrival="11:33" departure="11:33">Torget v/DnB</stop>
    <stop arrival="11:34" departure="11:34">Bryggen</stop>
    <stop arrival="11:34" departure="11:34">Slottsgaten</stop>
    <stop arrival="11:35" departure="11:35">Bontelabo</stop>
    <stop arrival="11:36" departure="11:36">Skutevikstorget</stop>
    <stop arrival="11:36" departure="11:36">Sjøgaten</stop>
    <stop arrival="11:37" departure="11:37">Sandvikstorget</stop>
    <stop arrival="11:38" departure="11:38">Ludebryggen</stop>
    <stop arrival="11:38" departure="11:38">Munkebotten</stop>
    <stop arrival="11:40" departure="11:40">Nyhavnsvei (Gamle Bergen)</stop>
    <stop arrival="11:41" departure="11:41">Handelshøyskolen</stop>
    <stop arrival="11:42" departure="11:42">Solbakken</stop>
    <stop arrival="11:43" departure="11:43">Eikeviken</stop>
    <stop arrival="11:45" departure="11:45">Hellebakken</stop>
    <stop arrival="11:45" departure="11:45">Brunestykket</stop>
    <stop arrival="11:46" departure="11:46">Lønborg</stop>
    <stop arrival="11:47" departure="11:47">Nordre Lønborg</stop>
    <stop arrival="11:50" departure="11:50">Lønborglien 1</stop>
    <stop arrival="11:51" departure="11:51">Lønborglien 2</stop>
    <stop arrival="11:53">Lønborglien snuplass</stop>
  </route>
  <route no="20" destination="Lønborglien snuplass" url="http://www.web2051.no/bin/tp/zuginfo.exe/on/109725/40362/896448/411650/1/" trafficDays="kjører Lø, ikke 1. Mai">
    <stop departure="10:56" routeNo="20">Smørås snuplass</stop>
    <stop arrival="10:57" departure="10:57">Smørås</stop>
    <stop arrival="10:59" departure="10:59">Nedre Smøråsvegen</stop>
    <stop arrival="10:59" departure="10:59">Dådyrvegen</stop>
    <stop arrival="11:00" departure="11:00">Hjortevegen</stop>
    <stop arrival="11:01" departure="11:01">Tranevegen</stop>
    <stop arrival="11:02" departure="11:02">Gamle kyrkjeveg</stop>
    <stop arrival="11:02" departure="11:02">Nesttunhallen</stop>
    <stop arrival="11:04" departure="11:04">Nesttun</stop>
    <stop arrival="11:05" departure="11:05">Nesttun terminal</stop>
    <stop arrival="11:07" departure="11:07">Hopsbro</stop>
    <stop arrival="11:09" departure="11:09">Tveiteråsskiftet</stop>
    <stop arrival="11:10" departure="11:10">Paradis</stop>
    <stop arrival="11:12" departure="11:12">Nydalen</stop>
    <stop arrival="11:14" departure="11:14">Fantoft</stop>
    <stop arrival="11:15" departure="11:15">Storetveit</stop>
    <stop arrival="11:15" departure="11:15">Elvebakken</stop>
    <stop arrival="11:16" departure="11:16">Minde</stop>
    <stop arrival="11:20" departure="11:20">Mindemyren</stop>
    <stop arrival="11:21" departure="11:21">Postterminalen</stop>
    <stop arrival="11:21" departure="11:21">Kanalveien v/LBK</stop>
    <stop arrival="11:23" departure="11:23">Danmarksplass v/Forum kino</stop>
    <stop arrival="11:28" departure="11:28">Bergen Busstasjon</stop>
    <stop arrival="11:31" departure="11:31">Christies gate (Festplassen)</stop>
    <stop arrival="11:34" departure="11:34">Torget v/DnB</stop>
    <stop arrival="11:35" departure="11:35">Bryggen</stop>
    <stop arrival="11:35" departure="11:35">Slottsgaten</stop>
    <stop arrival="11:36" departure="11:36">Bontelabo</stop>
    <stop arrival="11:37" departure="11:37">Skutevikstorget</stop>
    <stop arrival="11:37" departure="11:37">Sjøgaten</stop>
    <stop arrival="11:38" departure="11:38">Sandvikstorget</stop>
    <stop arrival="11:39" departure="11:39">Ludebryggen</stop>
    <stop arrival="11:39" departure="11:39">Munkebotten</stop>
    <stop arrival="11:41" departure="11:41">Nyhavnsvei (Gamle Bergen)</stop>
    <stop arrival="11:42" departure="11:42">Handelshøyskolen</stop>
    <stop arrival="11:43" departure="11:43">Solbakken</stop>
    <stop arrival="11:44" departure="11:44">Eikeviken</stop>
    <stop arrival="11:46" departure="11:46">Hellebakken</stop>
    <stop arrival="11:46" departure="11:46">Brunestykket</stop>
    <stop arrival="11:47" departure="11:47">Lønborg</stop>
    <stop arrival="11:48" departure="11:48">Nordre Lønborg</stop>
    <stop arrival="11:49" departure="11:49">Lønborglien 1</stop>
    <stop arrival="11:49" departure="11:49">Lønborglien 2</stop>
    <stop arrival="11:50">Lønborglien snuplass</stop>
  </route>
  <route no="24" destination="Nesttun terminal" url="http://www.web2051.no/bin/tp/zuginfo.exe/on/749703/254076/247426/126188/1/" trafficDays="kjører Lø, ikke 1. Mai">
    <stop departure="11:31" routeNo="24">Åsane terminal</stop>
    <stop arrival="11:32" departure="11:32">Hesthaugen</stop>
    <stop arrival="11:33" departure="11:33">Stamskaret</stop>
    <stop arrival="11:34" departure="11:34">Tertneskrysset gamleveien</stop>
    <stop arrival="11:35" departure="11:35">Griggastemma</stop>
    <stop arrival="11:37" departure="11:37">Nedre Åstveit snuplass</stop>
    <stop arrival="11:39" departure="11:39">Åstveitvegen</stop>
    <stop arrival="11:40" departure="11:40">Ervik øvre</stop>
    <stop arrival="11:41" departure="11:41">Ervik nedre (Sellesvingen)</stop>
    <stop arrival="11:42" departure="11:42">Eidsvåg gamlevegen</stop>
    <stop arrival="11:43" departure="11:43">Fabrikkvegen</stop>
    <stop arrival="11:45" departure="11:45">Hagebyen (Eidsvåg)</stop>
    <stop arrival="11:47" departure="11:47">Lillevågen</stop>
    <stop arrival="11:48" departure="11:48">Tømmervågen</stop>
    <stop arrival="11:48" departure="11:48">Trollbekken</stop>
    <stop arrival="11:49" departure="11:49">Trolldalen (Eidsvågneset)</stop>
    <stop arrival="11:51" departure="11:51">Fagerbakken</stop>
    <stop arrival="11:52" departure="11:52">Nordre Lønborg</stop>
    <stop arrival="11:53" departure="11:53">Lønborg</stop>
    <stop arrival="11:53" departure="11:53">Brunestykket</stop>
    <stop arrival="11:54" departure="11:54">Hellebakken</stop>
    <stop arrival="11:55" departure="11:55">Eikeviken</stop>
    <stop arrival="11:56" departure="11:56">Solbakken</stop>
    <stop arrival="11:57" departure="11:57">Handelshøyskolen</stop>
    <stop arrival="11:58" departure="11:58">Nyhavnsvei (Gamle Bergen)</stop>
    <stop arrival="12:00" departure="12:00">Munkebotten</stop>
    <stop arrival="12:01" departure="12:01">Ludebryggen</stop>
    <stop arrival="12:04" departure="12:04">Sandvikstorget</stop>
    <stop arrival="12:06" departure="12:06">Skutevikstorget</stop>
    <stop arrival="12:07" departure="12:07">Bontelabo</stop>
    <stop arrival="12:08" departure="12:08">Slottsgaten</stop>
    <stop arrival="12:09" departure="12:09">Bryggen</stop>
    <stop arrival="12:10" departure="12:10">Olav Kyrres gate</stop>
    <stop arrival="12:15" departure="12:15">Bergen Busstasjon</stop>
    <stop arrival="12:19" departure="12:19">Danmarksplass</stop>
    <stop arrival="12:20" departure="12:20">Solheimsgaten</stop>
    <stop arrival="12:21" departure="12:21">Reperbanen</stop>
    <stop arrival="12:23" departure="12:23">Fjøsangerveien/ Minde Allè</stop>
    <stop arrival="12:26" departure="12:26">Minde</stop>
    <stop arrival="12:27" departure="12:27">Elvebakken</stop>
    <stop arrival="12:28" departure="12:28">Storetveit</stop>
    <stop arrival="12:28" departure="12:28">Fantoft</stop>
    <stop arrival="12:29" departure="12:29">Nydalen</stop>
    <stop arrival="12:30" departure="12:30">Paradis</stop>
    <stop arrival="12:31" departure="12:31">Tveiteråsskiftet</stop>
    <stop arrival="12:32" departure="12:32">Hopsbro</stop>
    <stop arrival="12:34" departure="12:34">Hopstangen</stop>
    <stop arrival="12:35">Nesttun terminal</stop>
  </route>
  <route no="24" destination="Nesttun terminal" url="http://www.web2051.no/bin/tp/zuginfo.exe/on/204129/72253/307014/85466/1/" trafficDays="kjører Ma - Fr, ikke 13., 17., 24. Mai">
    <stop departure="11:34" routeNo="24">Åsane terminal</stop>
    <stop arrival="11:35" departure="11:35">Hesthaugen</stop>
    <stop arrival="11:36" departure="11:36">Stamskaret</stop>
    <stop arrival="11:37" departure="11:37">Tertneskrysset gamleveien</stop>
    <stop arrival="11:38" departure="11:38">Griggastemma</stop>
    <stop arrival="11:38" departure="11:38">Åstveitvegen</stop>
    <stop arrival="11:39" departure="11:39">Ervik øvre</stop>
    <stop arrival="11:40" departure="11:40">Ervik nedre (Sellesvingen)</stop>
    <stop arrival="11:41" departure="11:41">Selvikvegen</stop>
    <stop arrival="11:42" departure="11:42">Eidsvåg gamlevegen</stop>
    <stop arrival="11:42" departure="11:42">Fabrikkvegen</stop>
    <stop arrival="11:44" departure="11:44">Hagebyen (Eidsvåg)</stop>
    <stop arrival="11:45" departure="11:45">Lillevågen</stop>
    <stop arrival="11:46" departure="11:46">Tømmervågen</stop>
    <stop arrival="11:47" departure="11:47">Trollbekken</stop>
    <stop arrival="11:48" departure="11:48">Trolldalen (Eidsvågneset)</stop>
    <stop arrival="11:50" departure="11:50">Fagerbakken</stop>
    <stop arrival="11:52" departure="11:52">Nordre Lønborg</stop>
    <stop arrival="11:53" departure="11:53">Lønborg</stop>
    <stop arrival="11:53" departure="11:53">Brunestykket</stop>
    <stop arrival="11:54" departure="11:54">Hellebakken</stop>
    <stop arrival="11:55" departure="11:55">Eikeviken</stop>
    <stop arrival="11:56" departure="11:56">Solbakken</stop>
    <stop arrival="11:57" departure="11:57">Handelshøyskolen</stop>
    <stop arrival="11:59" departure="11:59">Nyhavnsvei (Gamle Bergen)</stop>
    <stop arrival="12:01" departure="12:01">Munkebotten</stop>
    <stop arrival="12:02" departure="12:02">Ludebryggen</stop>
    <stop arrival="12:03" departure="12:03">Sandvikstorget</stop>
    <stop arrival="12:05" departure="12:05">Skutevikstorget</stop>
    <stop arrival="12:06" departure="12:06">Bontelabo</stop>
    <stop arrival="12:08" departure="12:08">Slottsgaten</stop>
    <stop arrival="12:09" departure="12:09">Bryggen</stop>
    <stop arrival="12:10" departure="12:10">Olav Kyrres gate</stop>
    <stop arrival="12:15" departure="12:15">Bergen Busstasjon</stop>
    <stop arrival="12:19" departure="12:19">Danmarksplass</stop>
    <stop arrival="12:20" departure="12:20">Solheimsgaten</stop>
    <stop arrival="12:21" departure="12:21">Reperbanen</stop>
    <stop arrival="12:23" departure="12:23">Fjøsangerveien/ Minde Allè</stop>
    <stop arrival="12:27" departure="12:27">Minde</stop>
    <stop arrival="12:28" departure="12:28">Elvebakken</stop>
    <stop arrival="12:28" departure="12:28">Storetveit</stop>
    <stop arrival="12:28" departure="12:28">Fantoft</stop>
    <stop arrival="12:29" departure="12:29">Nydalen</stop>
    <stop arrival="12:30" departure="12:30">Paradis</stop>
    <stop arrival="12:31" departure="12:31">Tveiteråsskiftet</stop>
    <stop arrival="12:32" departure="12:32">Hopsbro</stop>
    <stop arrival="12:34" departure="12:34">Hopstangen</stop>
    <stop arrival="12:35">Nesttun terminal</stop>
  </route>
  <route no="24" destination="Åsane terminal" url="http://www.web2051.no/bin/tp/zuginfo.exe/on/966390/326342/118556/262852/1/" trafficDays="kjører Ma - Fr, ikke 13., 17., 24. Mai">
    <stop departure="11:15" routeNo="24">Nesttun terminal</stop>
    <stop arrival="11:17" departure="11:17">Hopsbro</stop>
    <stop arrival="11:19" departure="11:19">Tveiteråsskiftet</stop>
    <stop arrival="11:20" departure="11:20">Paradis</stop>
    <stop arrival="11:22" departure="11:22">Nydalen</stop>
    <stop arrival="11:24" departure="11:24">Fantoft</stop>
    <stop arrival="11:25" departure="11:25">Storetveit</stop>
    <stop arrival="11:25" departure="11:25">Elvebakken</stop>
    <stop arrival="11:26" departure="11:26">Minde</stop>
    <stop arrival="11:29" departure="11:29">Mindemyren</stop>
    <stop arrival="11:30" departure="11:30">Postterminalen</stop>
    <stop arrival="11:31" departure="11:31">Kanalveien v/LBK</stop>
    <stop arrival="11:33" departure="11:33">Danmarksplass v/Forum kino</stop>
    <stop arrival="11:38" departure="11:38">Bergen Busstasjon</stop>
    <stop arrival="11:40" departure="11:40">Christies gate (Festplassen)</stop>
    <stop arrival="11:43" departure="11:43">Torget v/DnB</stop>
    <stop arrival="11:44" departure="11:44">Bryggen</stop>
    <stop arrival="11:44" departure="11:44">Slottsgaten</stop>
    <stop arrival="11:45" departure="11:45">Bontelabo</stop>
    <stop arrival="11:46" departure="11:46">Skutevikstorget</stop>
    <stop arrival="11:46" departure="11:46">Sjøgaten</stop>
    <stop arrival="11:47" departure="11:47">Sandvikstorget</stop>
    <stop arrival="11:48" departure="11:48">Ludebryggen</stop>
    <stop arrival="11:48" departure="11:48">Munkebotten</stop>
    <stop arrival="11:50" departure="11:50">Nyhavnsvei (Gamle Bergen)</stop>
    <stop arrival="11:51" departure="11:51">Handelshøyskolen</stop>
    <stop arrival="11:52" departure="11:52">Solbakken</stop>
    <stop arrival="11:53" departure="11:53">Eikeviken</stop>
    <stop arrival="11:55" departure="11:55">Hellebakken</stop>
    <stop arrival="11:55" departure="11:55">Brunestykket</stop>
    <stop arrival="11:56" departure="11:56">Lønborg</stop>
    <stop arrival="11:57" departure="11:57">Nordre Lønborg</stop>
    <stop arrival="11:57" departure="11:57">Fagerbakken</stop>
    <stop arrival="11:58" departure="11:58">Eidsvågneset</stop>
    <stop arrival="11:59" departure="11:59">Trolldalen (Eidsvågneset)</stop>
    <stop arrival="12:00" departure="12:00">Trollbekken</stop>
    <stop arrival="12:00" departure="12:00">Tømmervågen</stop>
    <stop arrival="12:01" departure="12:01">Lillevågen</stop>
    <stop arrival="12:02" departure="12:02">Hagebyen (Eidsvåg)</stop>
    <stop arrival="12:04" departure="12:04">Fabrikkvegen</stop>
    <stop arrival="12:05" departure="12:05">Eidsvåg gamlevegen</stop>
    <stop arrival="12:06" departure="12:06">Selvikvegen</stop>
    <stop arrival="12:07" departure="12:07">Ervik nedre (Sellesvingen)</stop>
    <stop arrival="12:07" departure="12:07">Ervik øvre</stop>
    <stop arrival="12:08" departure="12:08">Åstveitvegen</stop>
    <stop arrival="12:10" departure="12:10">Nedre Åstveit snuplass</stop>
    <stop arrival="12:12" departure="12:12">Griggastemma</stop>
    <stop arrival="12:13" departure="12:13">Tertneskrysset gamleveien</stop>
    <stop arrival="12:15" departure="12:15">Stamskaret</stop>
    <stop arrival="12:16" departure="12:16">Hesthaugen</stop>
    <stop arrival="12:17">Åsane terminal</stop>
  </route>
  <route no="24" destination="Åsane terminal" url="http://www.web2051.no/bin/tp/zuginfo.exe/on/70218/27580/335990/144589/1/" trafficDays="kjører Lø, ikke 1. Mai">
    <stop departure="11:15" routeNo="24">Nesttun terminal</stop>
    <stop arrival="11:17" departure="11:17">Hopsbro</stop>
    <stop arrival="11:19" departure="11:19">Tveiteråsskiftet</stop>
    <stop arrival="11:20" departure="11:20">Paradis</stop>
    <stop arrival="11:22" departure="11:22">Nydalen</stop>
    <stop arrival="11:24" departure="11:24">Fantoft</stop>
    <stop arrival="11:25" departure="11:25">Storetveit</stop>
    <stop arrival="11:25" departure="11:25">Elvebakken</stop>
    <stop arrival="11:26" departure="11:26">Minde</stop>
    <stop arrival="11:30" departure="11:30">Mindemyren</stop>
    <stop arrival="11:31" departure="11:31">Postterminalen</stop>
    <stop arrival="11:31" departure="11:31">Kanalveien v/LBK</stop>
    <stop arrival="11:33" departure="11:33">Danmarksplass v/Forum kino</stop>
    <stop arrival="11:38" departure="11:38">Bergen Busstasjon</stop>
    <stop arrival="11:41" departure="11:41">Christies gate (Festplassen)</stop>
    <stop arrival="11:44" departure="11:44">Torget v/DnB</stop>
    <stop arrival="11:45" departure="11:45">Bryggen</stop>
    <stop arrival="11:45" departure="11:45">Slottsgaten</stop>
    <stop arrival="11:46" departure="11:46">Bontelabo</stop>
    <stop arrival="11:47" departure="11:47">Skutevikstorget</stop>
    <stop arrival="11:47" departure="11:47">Sjøgaten</stop>
    <stop arrival="11:48" departure="11:48">Sandvikstorget</stop>
    <stop arrival="11:49" departure="11:49">Ludebryggen</stop>
    <stop arrival="11:49" departure="11:49">Munkebotten</stop>
    <stop arrival="11:51" departure="11:51">Nyhavnsvei (Gamle Bergen)</stop>
    <stop arrival="11:52" departure="11:52">Handelshøyskolen</stop>
    <stop arrival="11:53" departure="11:53">Solbakken</stop>
    <stop arrival="11:54" departure="11:54">Eikeviken</stop>
    <stop arrival="11:56" departure="11:56">Hellebakken</stop>
    <stop arrival="11:56" departure="11:56">Brunestykket</stop>
    <stop arrival="11:57" departure="11:57">Lønborg</stop>
    <stop arrival="11:58" departure="11:58">Nordre Lønborg</stop>
    <stop arrival="11:58" departure="11:58">Fagerbakken</stop>
    <stop arrival="11:59" departure="11:59">Eidsvågneset</stop>
    <stop arrival="11:59" departure="11:59">Trolldalen (Eidsvågneset)</stop>
    <stop arrival="11:59" departure="11:59">Trollbekken</stop>
    <stop arrival="12:00" departure="12:00">Tømmervågen</stop>
    <stop arrival="12:00" departure="12:00">Lillevågen</stop>
    <stop arrival="12:01" departure="12:01">Hagebyen (Eidsvåg)</stop>
    <stop arrival="12:02" departure="12:02">Fabrikkvegen</stop>
    <stop arrival="12:03" departure="12:03">Eidsvåg gamlevegen</stop>
    <stop arrival="12:04" departure="12:04">Selvikvegen</stop>
    <stop arrival="12:05" departure="12:05">Ervik nedre (Sellesvingen)</stop>
    <stop arrival="12:05" departure="12:05">Ervik øvre</stop>
    <stop arrival="12:06" departure="12:06">Åstveitvegen</stop>
    <stop arrival="12:07" departure="12:07">Griggastemma</stop>
    <stop arrival="12:08" departure="12:08">Tertneskrysset gamleveien</stop>
    <stop arrival="12:10" departure="12:10">Stamskaret</stop>
    <stop arrival="12:11" departure="12:11">Hesthaugen</stop>
    <stop arrival="12:12">Åsane terminal</stop>
  </route>
</routes>
