<?xml version="1.0" encoding="UTF-8"?>
<routes>
  <route no="900" destination="Arna terminal" url="http://www.web2051.no/bin/tp/zuginfo.exe/on/182043/61890/154916/16777/1/" trafficDays="kjører Lø, ikke 1. Mai">
    <stop departure="10:57" routeNo="900">Espeland Janus (Arna)</stop>
    <stop arrival="10:59" departure="10:59">Espelandsmyrane fylkesvn.</stop>
    <stop arrival="11:00" departure="11:00">Sæthre steinindustri</stop>
    <stop arrival="11:01" departure="11:01">Arna busser</stop>
    <stop arrival="11:01" departure="11:01">Arnatveit</stop>
    <stop arrival="11:02" departure="11:02">Hølbekken</stop>
    <stop arrival="11:02" departure="11:02">Stølsvegen vest</stop>
    <stop arrival="11:03" departure="11:03">Stølsvegen</stop>
    <stop arrival="11:04" departure="11:04">Stølsvegen øst</stop>
    <stop arrival="11:06" departure="11:06">Roknetoppen</stop>
    <stop arrival="11:07" departure="11:07">Rokneholo</stop>
    <stop arrival="11:09" departure="11:09">Indre Arna skule</stop>
    <stop arrival="11:11" departure="11:11">Bommane (Åsane)</stop>
    <stop arrival="11:15">Arna terminal</stop>
  </route>
  <route no="900" destination="Olav Kyrres gate" url="http://www.web2051.no/bin/tp/zuginfo.exe/on/581505/195017/480168/46249/1/" trafficDays="kjører Lø, ikke 1. Mai">
    <stop departure="11:18" routeNo="900">Arna terminal</stop>
    <stop arrival="11:20" departure="11:20">Bommane (Arnatveitvegen)</stop>
    <stop arrival="11:21" departure="11:21">Indre Arna skule</stop>
    <stop arrival="11:21" departure="11:21">Rokneholo</stop>
    <stop arrival="11:22" departure="11:22">Roknetoppen</stop>
    <stop arrival="11:23" departure="11:23">Stølsvegen øst</stop>
    <stop arrival="11:23" departure="11:23">Stølsvegen</stop>
    <stop arrival="11:26" departure="11:26">Stølsvegen vest</stop>
    <stop arrival="11:26" departure="11:26">Arnatveit</stop>
    <stop arrival="11:27" departure="11:27">Arna busser</stop>
    <stop arrival="11:27" departure="11:27">Sæthre steinindustri</stop>
    <stop arrival="11:29" departure="11:29">Espelandsmyrane fylkesvn.</stop>
    <stop arrival="11:30" departure="11:30">Espeland Janus (Arna)</stop>
    <stop arrival="11:31" departure="11:31">Espelandshallen (Arna)</stop>
    <stop arrival="11:32" departure="11:32">Lone øst</stop>
    <stop arrival="11:33" departure="11:33">Lone vest</stop>
    <stop arrival="11:34" departure="11:34">Haukeland øst (Arna)</stop>
    <stop arrival="11:34" departure="11:34">Haukeland (Arna)</stop>
    <stop arrival="11:35" departure="11:35">Haukeland vest (Arna)</stop>
    <stop arrival="11:36" departure="11:36">Søylen (Espeland)</stop>
    <stop arrival="11:36" departure="11:36">Bratland</stop>
    <stop arrival="11:37" departure="11:37">Grimen øst</stop>
    <stop arrival="11:38" departure="11:38">Grimen</stop>
    <stop arrival="11:39" departure="11:39">Helldal skole</stop>
    <stop arrival="11:40" departure="11:40">Helldal, Frank Mohn</stop>
    <stop arrival="11:40" departure="11:40">Helldal (Fana)</stop>
    <stop arrival="11:42" departure="11:42">BKK Trafo (Helldal)</stop>
    <stop arrival="11:44" departure="11:44">Midttunflaten</stop>
    <stop arrival="11:45" departure="11:45">Midtun bro</stop>
    <stop arrival="11:47" departure="11:47">Herredshuset, Nesttun</stop>
    <stop arrival="11:48" departure="11:48">Nesttun</stop>
    <stop arrival="11:49" departure="11:49">Nesttun terminal</stop>
    <stop arrival="11:51" departure="11:51">Hopsbro</stop>
    <stop arrival="11:53" departure="11:53">Tveiteråsskiftet</stop>
    <stop arrival="11:54" departure="11:54">Paradis</stop>
    <stop arrival="11:55" departure="11:55">Nydalen</stop>
    <stop arrival="11:57" departure="11:57">Fantoft</stop>
    <stop arrival="11:58" departure="11:58">Storetveit</stop>
    <stop arrival="11:59" departure="11:59">Elvebakken</stop>
    <stop arrival="12:01" departure="12:01">Minde</stop>
    <stop arrival="12:02" departure="12:02">Mindemyren</stop>
    <stop arrival="12:03" departure="12:03">Postterminalen</stop>
    <stop arrival="12:03" departure="12:03">Kanalveien v/LBK</stop>
    <stop arrival="12:05" departure="12:05">Danmarksplass v/Forum kino</stop>
    <stop arrival="12:09" departure="12:09">Bergen Busstasjon</stop>
    <stop arrival="12:13" departure="12:13">Christies gate (Festplassen)</stop>
    <stop arrival="12:14">Olav Kyrres gate</stop>
  </route>
  <route no="900" destination="Arna terminal" url="http://www.web2051.no/bin/tp/zuginfo.exe/on/707499/237010/309482/81093/1/" trafficDays="kjører Ma - Fr, ikke 13., 17., 24. Mai">
    <stop departure="11:10" routeNo="900">Nesttun terminal</stop>
    <stop arrival="11:11" departure="11:11">Nesttun</stop>
    <stop arrival="11:11" departure="11:11">Herredshuset, Nesttun</stop>
    <stop arrival="11:12" departure="11:12">Midtun bro</stop>
    <stop arrival="11:13" departure="11:13">Midttunflaten</stop>
    <stop arrival="11:15" departure="11:15">BKK Trafo (Helldal)</stop>
    <stop arrival="11:16" departure="11:16">Helldal (Fana)</stop>
    <stop arrival="11:17" departure="11:17">Helldal, Frank Mohn</stop>
    <stop arrival="11:18" departure="11:18">Helldal skole</stop>
    <stop arrival="11:19" departure="11:19">Grimen</stop>
    <stop arrival="11:20" departure="11:20">Grimen øst</stop>
    <stop arrival="11:21" departure="11:21">Bratland</stop>
    <stop arrival="11:22" departure="11:22">Søylen (Espeland)</stop>
    <stop arrival="11:23" departure="11:23">Haukeland vest (Arna)</stop>
    <stop arrival="11:23" departure="11:23">Haukeland (Arna)</stop>
    <stop arrival="11:24" departure="11:24">Haukeland øst (Arna)</stop>
    <stop arrival="11:24" departure="11:24">Lone vest</stop>
    <stop arrival="11:25" departure="11:25">Lone øst</stop>
    <stop arrival="11:25" departure="11:25">Espelandshallen (Arna)</stop>
    <stop arrival="11:26" departure="11:26">Espeland Janus (Arna)</stop>
    <stop arrival="11:28" departure="11:28">Espelandsmyrane fylkesvn.</stop>
    <stop arrival="11:29" departure="11:29">Sæthre steinindustri</stop>
    <stop arrival="11:30" departure="11:30">Arna busser</stop>
    <stop arrival="11:30" departure="11:30">Arnatveit</stop>
    <stop arrival="11:31" departure="11:31">Hølbekken</stop>
    <stop arrival="11:31" departure="11:31">Stølsvegen vest</stop>
    <stop arrival="11:32" departure="11:32">Stølsvegen</stop>
    <stop arrival="11:33" departure="11:33">Stølsvegen øst</stop>
    <stop arrival="11:35" departure="11:35">Roknetoppen</stop>
    <stop arrival="11:37" departure="11:37">Rokneholo</stop>
    <stop arrival="11:38" departure="11:38">Indre Arna skule</stop>
    <stop arrival="11:41" departure="11:41">Bommane (Åsane)</stop>
    <stop arrival="11:45">Arna terminal</stop>
  </route>
  <route no="900" destination="Nesttun terminal" url="http://www.web2051.no/bin/tp/zuginfo.exe/on/348249/117229/238254/3044/1/" trafficDays="kjører Ma - Fr, ikke 13., 17., 24. Mai">
    <stop departure="11:48" routeNo="900">Arna terminal</stop>
    <stop arrival="11:50" departure="11:50">Bommane (Arnatveitvegen)</stop>
    <stop arrival="11:51" departure="11:51">Indre Arna skule</stop>
    <stop arrival="11:51" departure="11:51">Rokneholo</stop>
    <stop arrival="11:52" departure="11:52">Roknetoppen</stop>
    <stop arrival="11:53" departure="11:53">Stølsvegen øst</stop>
    <stop arrival="11:53" departure="11:53">Stølsvegen</stop>
    <stop arrival="11:56" departure="11:56">Stølsvegen vest</stop>
    <stop arrival="11:56" departure="11:56">Arnatveit</stop>
    <stop arrival="11:57" departure="11:57">Arna busser</stop>
    <stop arrival="11:57" departure="11:57">Sæthre steinindustri</stop>
    <stop arrival="11:59" departure="11:59">Espelandsmyrane fylkesvn.</stop>
    <stop arrival="12:00" departure="12:00">Espeland Janus (Arna)</stop>
    <stop arrival="12:01" departure="12:01">Espelandshallen (Arna)</stop>
    <stop arrival="12:02" departure="12:02">Lone øst</stop>
    <stop arrival="12:03" departure="12:03">Lone vest</stop>
    <stop arrival="12:04" departure="12:04">Haukeland øst (Arna)</stop>
    <stop arrival="12:04" departure="12:04">Haukeland (Arna)</stop>
    <stop arrival="12:05" departure="12:05">Haukeland vest (Arna)</stop>
    <stop arrival="12:06" departure="12:06">Søylen (Espeland)</stop>
    <stop arrival="12:06" departure="12:06">Bratland</stop>
    <stop arrival="12:07" departure="12:07">Grimen øst</stop>
    <stop arrival="12:08" departure="12:08">Grimen</stop>
    <stop arrival="12:09" departure="12:09">Helldal skole</stop>
    <stop arrival="12:10" departure="12:10">Helldal, Frank Mohn</stop>
    <stop arrival="12:10" departure="12:10">Helldal (Fana)</stop>
    <stop arrival="12:12" departure="12:12">BKK Trafo (Helldal)</stop>
    <stop arrival="12:14" departure="12:14">Midttunflaten</stop>
    <stop arrival="12:15" departure="12:15">Midtun bro</stop>
    <stop arrival="12:17" departure="12:17">Herredshuset, Nesttun</stop>
    <stop arrival="12:18" departure="12:18">Nesttun</stop>
    <stop arrival="12:19">Nesttun terminal</stop>
  </route>
</routes>
