<?xml version="1.0" encoding="UTF-8"?>
<routes>
  <route no="495" destination="Ramsøy snuplass" url="http://www.web2051.no/bin/tp/zuginfo.exe/on/224163/77568/492474/171516/1/" trafficDays="kjører Ma - Fr, ikke 13., 17., 24. Mai">
    <stop departure="10:40" routeNo="495">Bergen Busstasjon</stop>
    <stop arrival="10:43" departure="10:43">Olav Kyrres gate</stop>
    <stop arrival="10:44" departure="10:44">Møhlenpris v/ Industrihuset</stop>
    <stop arrival="10:49" departure="10:49">Lyngbø Motorvei R555</stop>
    <stop arrival="10:54" departure="10:54">Frida Fasmer R555</stop>
    <stop arrival="10:55" departure="10:55">Storavatnet term.</stop>
    <stop arrival="10:58" departure="10:58">Brøstaneset</stop>
    <stop arrival="11:00" departure="11:00">Storeklubben (Askøy)</stop>
    <stop arrival="11:02" departure="11:02">Holmedal (Askøy)</stop>
    <stop arrival="11:05" departure="11:05">Kleppestø term.</stop>
    <stop arrival="11:06" departure="11:06">Kleppestø senter</stop>
    <stop arrival="11:07" departure="11:07">Askøy Helsetun</stop>
    <stop arrival="11:07" departure="11:07">Kleppestø ungdomsskole</stop>
    <stop arrival="11:08" departure="11:08">Florvågskiftet F216</stop>
    <stop arrival="11:08" departure="11:08">Torvgården (Askøy)</stop>
    <stop arrival="11:09" departure="11:09">Skansen (Askøy)</stop>
    <stop arrival="11:09" departure="11:09">Svingen F216 (Askøy)</stop>
    <stop arrival="11:09" departure="11:09">Askøy senter</stop>
    <stop arrival="11:10" departure="11:10">Krokåsskiftet (Askøy)</stop>
    <stop arrival="11:11" departure="11:11">Juvikflaten (Askøy)</stop>
    <stop arrival="11:12" departure="11:12">Juvik bedehus (Askøy)</stop>
    <stop arrival="11:13" departure="11:13">Lavikskiftet (Askøy)</stop>
    <stop arrival="11:14" departure="11:14">Pålelva (Askøy)</stop>
    <stop arrival="11:14" departure="11:14">Kråvik (Askøy)</stop>
    <stop arrival="11:15" departure="11:15">Haugland Verkstedet (Askøy)</stop>
    <stop arrival="11:16" departure="11:16">Fjellveien (Askøy)</stop>
    <stop arrival="11:18" departure="11:18">Haugland skole (Askøy)</stop>
    <stop arrival="11:19" departure="11:19">Haugland bedehus (Askøy)</stop>
    <stop arrival="11:21" departure="11:21">Ravnanger</stop>
    <stop arrival="11:22" departure="11:22">Ravnanger term.</stop>
    <stop arrival="11:23" departure="11:23">Ravnanger (Jehovas V.)</stop>
    <stop arrival="11:24" departure="11:24">Tveitetræet</stop>
    <stop arrival="11:24" departure="11:24">Tveitevågskiftet</stop>
    <stop arrival="11:25" departure="11:25">Tveit kirke/skole (Askøy)</stop>
    <stop arrival="11:26" departure="11:26">Kollevåg Hendriksen</stop>
    <stop arrival="11:27" departure="11:27">Kollevåg</stop>
    <stop arrival="11:28" departure="11:28">Kollevåg Svartevatnet</stop>
    <stop arrival="11:29" departure="11:29">Kollevågshøyden</stop>
    <stop arrival="11:30" departure="11:30">Kollevåg Friluften</stop>
    <stop arrival="11:31" departure="11:31">Hanøy Langøyvei</stop>
    <stop arrival="11:32" departure="11:32">Hanøy Steinsbruddet</stop>
    <stop arrival="11:33" departure="11:33">Hanøy Steinseidet</stop>
    <stop arrival="11:34" departure="11:34">Hanøy Skaret</stop>
    <stop arrival="11:35" departure="11:35">Hanøy skole</stop>
    <stop arrival="11:36" departure="11:36">Hanøy bedehus</stop>
    <stop arrival="11:37" departure="11:37">Hanøy</stop>
    <stop arrival="11:38" departure="11:38">Ramsøy bro</stop>
    <stop arrival="11:42">Ramsøy snuplass</stop>
  </route>
  <route no="496" destination="Breivik snuplass (Askøy)" url="http://www.web2051.no/bin/tp/zuginfo.exe/on/429711/146143/960296/336911/1/" trafficDays="kjører Lø, ikke 1. Mai">
    <stop departure="10:40" routeNo="496">Bergen Busstasjon</stop>
    <stop arrival="10:43" departure="10:43">Olav Kyrres gate</stop>
    <stop arrival="10:44" departure="10:44">Møhlenpris v/ Industrihuset</stop>
    <stop arrival="10:49" departure="10:49">Lyngbø Motorvei R555</stop>
    <stop arrival="10:54" departure="10:54">Frida Fasmer R555</stop>
    <stop arrival="10:55" departure="10:55">Storavatnet term.</stop>
    <stop arrival="10:58" departure="10:58">Brøstaneset</stop>
    <stop arrival="11:00" departure="11:00">Storeklubben (Askøy)</stop>
    <stop arrival="11:02" departure="11:02">Holmedal (Askøy)</stop>
    <stop arrival="11:05" departure="11:05">Kleppestø term.</stop>
    <stop arrival="11:06" departure="11:06">Kleppestø senter</stop>
    <stop arrival="11:07" departure="11:07">Askøy Helsetun</stop>
    <stop arrival="11:07" departure="11:07">Kleppestø ungdomsskole</stop>
    <stop arrival="11:08" departure="11:08">Florvågskiftet F216</stop>
    <stop arrival="11:08" departure="11:08">Torvgården (Askøy)</stop>
    <stop arrival="11:09" departure="11:09">Skansen (Askøy)</stop>
    <stop arrival="11:09" departure="11:09">Svingen F216 (Askøy)</stop>
    <stop arrival="11:09" departure="11:09">Askøy senter</stop>
    <stop arrival="11:10" departure="11:10">Krokåsskiftet (Askøy)</stop>
    <stop arrival="11:11" departure="11:11">Juvikflaten (Askøy)</stop>
    <stop arrival="11:12" departure="11:12">Juvik bedehus (Askøy)</stop>
    <stop arrival="11:13" departure="11:13">Lavikskiftet (Askøy)</stop>
    <stop arrival="11:14" departure="11:14">Pålelva (Askøy)</stop>
    <stop arrival="11:14" departure="11:14">Kråvik (Askøy)</stop>
    <stop arrival="11:15" departure="11:15">Haugland Verkstedet (Askøy)</stop>
    <stop arrival="11:16" departure="11:16">Fjellveien (Askøy)</stop>
    <stop arrival="11:18" departure="11:18">Haugland skole (Askøy)</stop>
    <stop arrival="11:19" departure="11:19">Haugland bedehus (Askøy)</stop>
    <stop arrival="11:21" departure="11:21">Ravnanger</stop>
    <stop arrival="11:22" departure="11:22">Ravnanger term.</stop>
    <stop arrival="11:24" departure="11:24">Ravnanger nord</stop>
    <stop arrival="11:25" departure="11:25">Heiavatnet (Askøy)</stop>
    <stop arrival="11:26" departure="11:26">Davanger v/Ingv. Larsen</stop>
    <stop arrival="11:27" departure="11:27">Davanger treindustri</stop>
    <stop arrival="11:28" departure="11:28">Davanger Sladrehjørnet</stop>
    <stop arrival="11:28" departure="11:28">Davanger v/Torgersen</stop>
    <stop arrival="11:29" departure="11:29">Davanger bro</stop>
    <stop arrival="11:29" departure="11:29">Davanger skole</stop>
    <stop arrival="11:30" departure="11:30">Davanger vest</stop>
    <stop arrival="11:31" departure="11:31">Davanger byggefelt</stop>
    <stop arrival="11:31" departure="11:31">Breivik Kinn (Askøy)</stop>
    <stop arrival="11:32" departure="11:32">Breivik (Askøy)</stop>
    <stop arrival="11:32">Breivik snuplass (Askøy)</stop>
  </route>
  <route no="495" destination="Kleppestø term." url="http://www.web2051.no/bin/tp/zuginfo.exe/on/684816/231149/324310/66117/1/" trafficDays="kjører Lø, ikke 1. Mai">
    <stop departure="10:48" routeNo="495">Ramsøy snuplass</stop>
    <stop arrival="10:50" departure="10:50">Ramsøy bro</stop>
    <stop arrival="10:51" departure="10:51">Hanøy</stop>
    <stop arrival="10:51" departure="10:51">Hanøy bedehus</stop>
    <stop arrival="10:52" departure="10:52">Hanøy skole</stop>
    <stop arrival="10:53" departure="10:53">Hanøy Skaret</stop>
    <stop arrival="10:53" departure="10:53">Hanøy Steinseidet</stop>
    <stop arrival="10:54" departure="10:54">Hanøy Steinsbruddet</stop>
    <stop arrival="10:54" departure="10:54">Hanøy Langøyvei</stop>
    <stop arrival="10:55" departure="10:55">Kollevåg Friluften</stop>
    <stop arrival="10:57" departure="10:57">Kollevågshøyden</stop>
    <stop arrival="10:58" departure="10:58">Kollevåg Svartevatnet</stop>
    <stop arrival="11:00" departure="11:00">Kollevåg</stop>
    <stop arrival="11:01" departure="11:01">Kollevåg Hendriksen</stop>
    <stop arrival="11:03" departure="11:03">Tveit kirke/skole (Askøy)</stop>
    <stop arrival="11:04" departure="11:04">Tveitevågskiftet</stop>
    <stop arrival="11:05" departure="11:05">Tveitetræet</stop>
    <stop arrival="11:07" departure="11:07">Ravnanger (Jehovas V.)</stop>
    <stop arrival="11:08" departure="11:08">Ravnanger term.</stop>
    <stop arrival="11:08" departure="11:08">Ravnanger</stop>
    <stop arrival="11:09" departure="11:09">Haugland bedehus (Askøy)</stop>
    <stop arrival="11:10" departure="11:10">Haugland skole (Askøy)</stop>
    <stop arrival="11:11" departure="11:11">Haugland sør (Askøy)</stop>
    <stop arrival="11:12" departure="11:12">Fjellveien (Askøy)</stop>
    <stop arrival="11:13" departure="11:13">Haugland Verkstedet (Askøy)</stop>
    <stop arrival="11:14" departure="11:14">Kråvik (Askøy)</stop>
    <stop arrival="11:14" departure="11:14">Pålelva (Askøy)</stop>
    <stop arrival="11:15" departure="11:15">Lavikskiftet (Askøy)</stop>
    <stop arrival="11:16" departure="11:16">Juvik bedehus (Askøy)</stop>
    <stop arrival="11:17" departure="11:17">Juvikflaten (Askøy)</stop>
    <stop arrival="11:18" departure="11:18">Krokåsskiftet (Askøy)</stop>
    <stop arrival="11:20" departure="11:20">Askøy senter</stop>
    <stop arrival="11:21" departure="11:21">Skansen (Askøy)</stop>
    <stop arrival="11:22" departure="11:22">Torvgården (Askøy)</stop>
    <stop arrival="11:23" departure="11:23">Florvågskiftet F216</stop>
    <stop arrival="11:25" departure="11:25">Kleppestø ungdomsskole</stop>
    <stop arrival="11:26" departure="11:26">Askøy Helsetun</stop>
    <stop arrival="11:28" departure="11:28">Kleppestø senter</stop>
    <stop arrival="11:30">Kleppestø term.</stop>
  </route>
  <route no="499" destination="Bergen Busstasjon" url="http://www.web2051.no/bin/tp/zuginfo.exe/on/639153/216004/651192/112545/1/" trafficDays="kjører Ma - Fr, ikke 13., 17., 24. Mai">
    <stop departure="11:03" routeNo="499">Herdla snuplass</stop>
    <stop arrival="11:03" departure="11:03">Herdla</stop>
    <stop arrival="11:04" departure="11:04">Herdla</stop>
    <stop arrival="11:04" departure="11:04">Herdla sør</stop>
    <stop arrival="11:05" departure="11:05">Herdla Skansen</stop>
    <stop arrival="11:06" departure="11:06">Herdla Heimdal</stop>
    <stop arrival="11:06" departure="11:06">Guldbrandsøy</stop>
    <stop arrival="11:07" departure="11:07">Sannes (Askøy)</stop>
    <stop arrival="11:08" departure="11:08">Merkesvik</stop>
    <stop arrival="11:10" departure="11:10">Skråmestø</stop>
    <stop arrival="11:11" departure="11:11">Abbedissen kryss</stop>
    <stop arrival="11:12" departure="11:12">Ådlandsvik</stop>
    <stop arrival="11:16" departure="11:16">Hestetræet (Askøy)</stop>
    <stop arrival="11:17" departure="11:17">Lille Fauskanger</stop>
    <stop arrival="11:18" departure="11:18">Store Fauskanger</stop>
    <stop arrival="11:18" departure="11:18">Søre Fauskanger</stop>
    <stop arrival="11:20" departure="11:20">Eikevågen</stop>
    <stop arrival="11:21" departure="11:21">Fromreidetoppen</stop>
    <stop arrival="11:22" departure="11:22">Fromreide</stop>
    <stop arrival="11:23" departure="11:23">Kjerrgardskrysset</stop>
    <stop arrival="11:24" departure="11:24">Kjerrgarden</stop>
    <stop arrival="11:24" departure="11:24">Kjergardsåsen</stop>
    <stop arrival="11:25" departure="11:25">Kjerrgardskogen</stop>
    <stop arrival="11:28" departure="11:28">Åsebø (Askøy)</stop>
    <stop arrival="11:30" departure="11:30">Heiavatnet (Askøy)</stop>
    <stop arrival="11:31" departure="11:31">Ravnanger nord</stop>
    <stop arrival="11:33" departure="11:33">Ravnanger term.</stop>
    <stop arrival="11:33" departure="11:33">Ravnanger</stop>
    <stop arrival="11:34" departure="11:34">Haugland bedehus (Askøy)</stop>
    <stop arrival="11:35" departure="11:35">Haugland skole (Askøy)</stop>
    <stop arrival="11:36" departure="11:36">Haugland sør (Askøy)</stop>
    <stop arrival="11:37" departure="11:37">Fjellveien (Askøy)</stop>
    <stop arrival="11:38" departure="11:38">Haugland Verkstedet (Askøy)</stop>
    <stop arrival="11:39" departure="11:39">Kråvik (Askøy)</stop>
    <stop arrival="11:39" departure="11:39">Pålelva (Askøy)</stop>
    <stop arrival="11:40" departure="11:40">Lavikskiftet (Askøy)</stop>
    <stop arrival="11:41" departure="11:41">Juvik bedehus (Askøy)</stop>
    <stop arrival="11:42" departure="11:42">Juvikflaten (Askøy)</stop>
    <stop arrival="11:43" departure="11:43">Krokåsskiftet (Askøy)</stop>
    <stop arrival="11:45" departure="11:45">Askøy senter</stop>
    <stop arrival="11:47" departure="11:47">Skansen (Askøy)</stop>
    <stop arrival="11:49" departure="11:49">Torvgården (Askøy)</stop>
    <stop arrival="11:51" departure="11:51">Florvågskiftet F216</stop>
    <stop arrival="11:53" departure="11:53">Kleppestø ungdomsskole</stop>
    <stop arrival="11:54" departure="11:54">Askøy Helsetun</stop>
    <stop arrival="11:58" departure="11:58">Kleppestø senter</stop>
    <stop arrival="12:00" departure="12:00">Kleppestø term.</stop>
    <stop arrival="12:01" departure="12:01">Kleppestø (Rådhuset)</stop>
    <stop arrival="12:02" departure="12:02">Holmedal (Askøy)</stop>
    <stop arrival="12:03" departure="12:03">Storeklubben (Askøy)</stop>
    <stop arrival="12:06" departure="12:06">Brøstaneset</stop>
    <stop arrival="12:10" departure="12:10">Storavatnet term.</stop>
    <stop arrival="12:11" departure="12:11">Frida Fasmer</stop>
    <stop arrival="12:16" departure="12:16">Lyngbø Motorvei R555</stop>
    <stop arrival="12:20" departure="12:20">Møhlenpris v/ Industrihuset</stop>
    <stop arrival="12:22" departure="12:22">Nygårdsgaten</stop>
    <stop arrival="12:25">Bergen Busstasjon</stop>
  </route>
  <route no="495" destination="Ramsøy snuplass" url="http://www.web2051.no/bin/tp/zuginfo.exe/on/383244/130630/969960/357232/1/" trafficDays="kjører Sø, ikke 16. Mai; også 13., 24. Mai">
    <stop departure="11:10" routeNo="495">Bergen Busstasjon</stop>
    <stop arrival="11:13" departure="11:13">Olav Kyrres gate</stop>
    <stop arrival="11:14" departure="11:14">Møhlenpris v/ Industrihuset</stop>
    <stop arrival="11:19" departure="11:19">Lyngbø Motorvei R555</stop>
    <stop arrival="11:24" departure="11:24">Frida Fasmer R555</stop>
    <stop arrival="11:25" departure="11:25">Storavatnet term.</stop>
    <stop arrival="11:28" departure="11:28">Brøstaneset</stop>
    <stop arrival="11:30" departure="11:30">Storeklubben (Askøy)</stop>
    <stop arrival="11:32" departure="11:32">Holmedal (Askøy)</stop>
    <stop arrival="11:35" departure="11:35">Kleppestø term.</stop>
    <stop arrival="11:36" departure="11:36">Kleppestø senter</stop>
    <stop arrival="11:37" departure="11:37">Askøy Helsetun</stop>
    <stop arrival="11:37" departure="11:37">Kleppestø ungdomsskole</stop>
    <stop arrival="11:38" departure="11:38">Florvågskiftet F216</stop>
    <stop arrival="11:38" departure="11:38">Torvgården (Askøy)</stop>
    <stop arrival="11:39" departure="11:39">Skansen (Askøy)</stop>
    <stop arrival="11:39" departure="11:39">Svingen F216 (Askøy)</stop>
    <stop arrival="11:39" departure="11:39">Askøy senter</stop>
    <stop arrival="11:40" departure="11:40">Krokåsskiftet (Askøy)</stop>
    <stop arrival="11:41" departure="11:41">Juvikflaten (Askøy)</stop>
    <stop arrival="11:42" departure="11:42">Juvik bedehus (Askøy)</stop>
    <stop arrival="11:43" departure="11:43">Lavikskiftet (Askøy)</stop>
    <stop arrival="11:44" departure="11:44">Pålelva (Askøy)</stop>
    <stop arrival="11:44" departure="11:44">Kråvik (Askøy)</stop>
    <stop arrival="11:45" departure="11:45">Haugland Verkstedet (Askøy)</stop>
    <stop arrival="11:46" departure="11:46">Fjellveien (Askøy)</stop>
    <stop arrival="11:48" departure="11:48">Haugland skole (Askøy)</stop>
    <stop arrival="11:49" departure="11:49">Haugland bedehus (Askøy)</stop>
    <stop arrival="11:51" departure="11:51">Ravnanger</stop>
    <stop arrival="11:52" departure="11:52">Ravnanger term.</stop>
    <stop arrival="11:53" departure="11:53">Ravnanger (Jehovas V.)</stop>
    <stop arrival="11:54" departure="11:54">Tveitetræet</stop>
    <stop arrival="11:54" departure="11:54">Tveitevågskiftet</stop>
    <stop arrival="11:55" departure="11:55">Tveit kirke/skole (Askøy)</stop>
    <stop arrival="11:56" departure="11:56">Kollevåg Hendriksen</stop>
    <stop arrival="11:57" departure="11:57">Kollevåg</stop>
    <stop arrival="11:58" departure="11:58">Kollevåg Svartevatnet</stop>
    <stop arrival="11:59" departure="11:59">Kollevågshøyden</stop>
    <stop arrival="12:00" departure="12:00">Kollevåg Friluften</stop>
    <stop arrival="12:01" departure="12:01">Hanøy Langøyvei</stop>
    <stop arrival="12:02" departure="12:02">Hanøy Steinsbruddet</stop>
    <stop arrival="12:03" departure="12:03">Hanøy Steinseidet</stop>
    <stop arrival="12:04" departure="12:04">Hanøy Skaret</stop>
    <stop arrival="12:05" departure="12:05">Hanøy skole</stop>
    <stop arrival="12:06" departure="12:06">Hanøy bedehus</stop>
    <stop arrival="12:07" departure="12:07">Hanøy</stop>
    <stop arrival="12:08" departure="12:08">Ramsøy bro</stop>
    <stop arrival="12:12">Ramsøy snuplass</stop>
  </route>
  <route no="499" destination="Herdla snuplass" url="http://www.web2051.no/bin/tp/zuginfo.exe/on/908556/305796/486716/59495/1/" trafficDays="kjører Ma - Fr, ikke 13., 17., 24. Mai">
    <stop departure="11:35" routeNo="499">Kleppestø term.</stop>
    <stop arrival="11:36" departure="11:36">Kleppestø senter</stop>
    <stop arrival="11:37" departure="11:37">Askøy Helsetun</stop>
    <stop arrival="11:37" departure="11:37">Kleppestø ungdomsskole</stop>
    <stop arrival="11:38" departure="11:38">Florvågskiftet F216</stop>
    <stop arrival="11:38" departure="11:38">Torvgården (Askøy)</stop>
    <stop arrival="11:39" departure="11:39">Skansen (Askøy)</stop>
    <stop arrival="11:39" departure="11:39">Svingen F216 (Askøy)</stop>
    <stop arrival="11:39" departure="11:39">Askøy senter</stop>
    <stop arrival="11:40" departure="11:40">Krokåsskiftet (Askøy)</stop>
    <stop arrival="11:41" departure="11:41">Juvikflaten (Askøy)</stop>
    <stop arrival="11:42" departure="11:42">Juvik bedehus (Askøy)</stop>
    <stop arrival="11:43" departure="11:43">Lavikskiftet (Askøy)</stop>
    <stop arrival="11:44" departure="11:44">Pålelva (Askøy)</stop>
    <stop arrival="11:44" departure="11:44">Kråvik (Askøy)</stop>
    <stop arrival="11:45" departure="11:45">Haugland Verkstedet (Askøy)</stop>
    <stop arrival="11:46" departure="11:46">Fjellveien (Askøy)</stop>
    <stop arrival="11:48" departure="11:48">Haugland skole (Askøy)</stop>
    <stop arrival="11:49" departure="11:49">Haugland bedehus (Askøy)</stop>
    <stop arrival="11:51" departure="11:51">Ravnanger</stop>
    <stop arrival="11:52" departure="11:52">Ravnanger term.</stop>
    <stop arrival="11:53" departure="11:53">Ravnanger nord</stop>
    <stop arrival="11:54" departure="11:54">Heiavatnet (Askøy)</stop>
    <stop arrival="11:56" departure="11:56">Åsebø (Askøy)</stop>
    <stop arrival="11:57" departure="11:57">Kjergardsåsen</stop>
    <stop arrival="11:58" departure="11:58">Kjerrgarden sør</stop>
    <stop arrival="11:59" departure="11:59">Kjerrgarden</stop>
    <stop arrival="11:59" departure="11:59">Kjerrgardskrysset</stop>
    <stop arrival="12:00" departure="12:00">Fromreide</stop>
    <stop arrival="12:00" departure="12:00">Fromreidetoppen</stop>
    <stop arrival="12:01" departure="12:01">Eikevågen</stop>
    <stop arrival="12:02" departure="12:02">Søre Fauskanger</stop>
    <stop arrival="12:03" departure="12:03">Store Fauskanger</stop>
    <stop arrival="12:03" departure="12:03">Lille Fauskanger</stop>
    <stop arrival="12:04" departure="12:04">Hestetræet (Askøy)</stop>
    <stop arrival="12:05" departure="12:05">Ådlandsvik</stop>
    <stop arrival="12:06" departure="12:06">Abbedissen kryss</stop>
    <stop arrival="12:07" departure="12:07">Skråmestø</stop>
    <stop arrival="12:10" departure="12:10">Merkesvik</stop>
    <stop arrival="12:11" departure="12:11">Sannes (Askøy)</stop>
    <stop arrival="12:12" departure="12:12">Guldbrandsøy</stop>
    <stop arrival="12:13" departure="12:13">Herdla Heimdal</stop>
    <stop arrival="12:14" departure="12:14">Herdla Skansen</stop>
    <stop arrival="12:15" departure="12:15">Herdla sør</stop>
    <stop arrival="12:16" departure="12:16">Herdla</stop>
    <stop arrival="12:17" departure="12:17">Herdla</stop>
    <stop arrival="12:17">Herdla snuplass</stop>
  </route>
</routes>
