<?xml version="1.0" encoding="UTF-8"?>
<routes>
  <route no="71" destination="Nipedalen" url="http://www.web2051.no/bin/tp/zuginfo.exe/on/12219/8773/648298/320076/1/" trafficDays="kjører Lø, ikke 1. Mai">
    <stop departure="11:05" routeNo="71">Viddalen</stop>
    <stop arrival="11:07" departure="11:07">Bryggedalen</stop>
    <stop arrival="11:08" departure="11:08">Åsane sand + singel</stop>
    <stop arrival="11:08" departure="11:08">Kvernevikstemma</stop>
    <stop arrival="11:09" departure="11:09">Tertitten</stop>
    <stop arrival="11:10" departure="11:10">Bekkjarvik (Åsane)</stop>
    <stop arrival="11:11" departure="11:11">Nesmyr</stop>
    <stop arrival="11:11" departure="11:11">Storevarden</stop>
    <stop arrival="11:12" departure="11:12">Kipo</stop>
    <stop arrival="11:12" departure="11:12">Bekkjarvikkryss (Åsane)</stop>
    <stop arrival="11:13" departure="11:13">Sjøveien</stop>
    <stop arrival="11:14" departure="11:14">Haukedalsvegen</stop>
    <stop arrival="11:15" departure="11:15">Botnane</stop>
    <stop arrival="11:16" departure="11:16">Haukeberget</stop>
    <stop arrival="11:17" departure="11:17">Ulsetåsen</stop>
    <stop arrival="11:18" departure="11:18">Åsane Brannstasjon</stop>
    <stop arrival="11:20" departure="11:20">Åsane terminal</stop>
    <stop arrival="11:21" departure="11:21">Hesthaugen</stop>
    <stop arrival="11:22" departure="11:22">Stamskaret</stop>
    <stop arrival="11:23" departure="11:23">Tertneskrysset nyevegen</stop>
    <stop arrival="11:26" departure="11:26">Eidsvåg</stop>
    <stop arrival="11:28" departure="11:28">Handelshøyskolen</stop>
    <stop arrival="11:30" departure="11:30">Nyhavnsvei (Gamle Bergen)</stop>
    <stop arrival="11:32" departure="11:32">Munkebotten</stop>
    <stop arrival="11:33" departure="11:33">Ludebryggen</stop>
    <stop arrival="11:34" departure="11:34">Sandvikstorget</stop>
    <stop arrival="11:36" departure="11:36">Skutevikstorget</stop>
    <stop arrival="11:37" departure="11:37">Bontelabo</stop>
    <stop arrival="11:38" departure="11:38">Slottsgaten</stop>
    <stop arrival="11:40" departure="11:40">Bryggen</stop>
    <stop arrival="11:41" departure="11:41">Olav Kyrres gate</stop>
    <stop arrival="11:44" departure="11:44">Møhlenpris v/ Industrihuset</stop>
    <stop arrival="11:46" departure="11:46">Gyldenpris</stop>
    <stop arrival="11:47" departure="11:47">Solveien</stop>
    <stop arrival="11:48" departure="11:48">Jansongården</stop>
    <stop arrival="11:50" departure="11:50">Fergeveien</stop>
    <stop arrival="11:50" departure="11:50">Vågedalen</stop>
    <stop arrival="11:52" departure="11:52">Oldernes</stop>
    <stop arrival="11:52" departure="11:52">Kringsjå</stop>
    <stop arrival="11:54" departure="11:54">Nygård, Laksevåg</stop>
    <stop arrival="11:54" departure="11:54">Haustbeitet</stop>
    <stop arrival="11:55" departure="11:55">Nygårdslien</stop>
    <stop arrival="11:56" departure="11:56">Lyngbøveien</stop>
    <stop arrival="11:57" departure="11:57">Nipedalen v/Lyngbøveien</stop>
    <stop arrival="11:58" departure="11:58">Nipedalen v/nr. 23</stop>
    <stop arrival="12:00" departure="12:00">Lyngbøkollen</stop>
    <stop arrival="12:01">Nipedalen</stop>
  </route>
  <route no="71" destination="Nipedalen" url="http://www.web2051.no/bin/tp/zuginfo.exe/on/294588/102924/275852/39735/1/" trafficDays="kjører Ma - Fr, ikke 13., 17., 24. Mai">
    <stop departure="11:05" routeNo="71">Viddalen</stop>
    <stop arrival="11:07" departure="11:07">Bryggedalen</stop>
    <stop arrival="11:08" departure="11:08">Åsane sand + singel</stop>
    <stop arrival="11:08" departure="11:08">Kvernevikstemma</stop>
    <stop arrival="11:09" departure="11:09">Tertitten</stop>
    <stop arrival="11:10" departure="11:10">Bekkjarvik (Åsane)</stop>
    <stop arrival="11:11" departure="11:11">Nesmyr</stop>
    <stop arrival="11:11" departure="11:11">Storevarden</stop>
    <stop arrival="11:12" departure="11:12">Kipo</stop>
    <stop arrival="11:12" departure="11:12">Bekkjarvikkryss (Åsane)</stop>
    <stop arrival="11:13" departure="11:13">Sjøveien</stop>
    <stop arrival="11:14" departure="11:14">Haukedalsvegen</stop>
    <stop arrival="11:15" departure="11:15">Botnane</stop>
    <stop arrival="11:16" departure="11:16">Haukeberget</stop>
    <stop arrival="11:17" departure="11:17">Ulsetåsen</stop>
    <stop arrival="11:18" departure="11:18">Åsane Brannstasjon</stop>
    <stop arrival="11:20" departure="11:20">Åsane terminal</stop>
    <stop arrival="11:21" departure="11:21">Hesthaugen</stop>
    <stop arrival="11:22" departure="11:22">Stamskaret</stop>
    <stop arrival="11:23" departure="11:23">Tertneskrysset nyevegen</stop>
    <stop arrival="11:26" departure="11:26">Eidsvåg</stop>
    <stop arrival="11:28" departure="11:28">Handelshøyskolen</stop>
    <stop arrival="11:30" departure="11:30">Nyhavnsvei (Gamle Bergen)</stop>
    <stop arrival="11:32" departure="11:32">Munkebotten</stop>
    <stop arrival="11:33" departure="11:33">Ludebryggen</stop>
    <stop arrival="11:34" departure="11:34">Sandvikstorget</stop>
    <stop arrival="11:36" departure="11:36">Skutevikstorget</stop>
    <stop arrival="11:37" departure="11:37">Bontelabo</stop>
    <stop arrival="11:38" departure="11:38">Slottsgaten</stop>
    <stop arrival="11:40" departure="11:40">Bryggen</stop>
    <stop arrival="11:41" departure="11:41">Olav Kyrres gate</stop>
    <stop arrival="11:44" departure="11:44">Møhlenpris v/ Industrihuset</stop>
    <stop arrival="11:46" departure="11:46">Gyldenpris</stop>
    <stop arrival="11:47" departure="11:47">Solveien</stop>
    <stop arrival="11:48" departure="11:48">Jansongården</stop>
    <stop arrival="11:50" departure="11:50">Fergeveien</stop>
    <stop arrival="11:51" departure="11:51">Vågedalen</stop>
    <stop arrival="11:53" departure="11:53">Oldernes</stop>
    <stop arrival="11:54" departure="11:54">Kringsjå</stop>
    <stop arrival="11:55" departure="11:55">Nygård, Laksevåg</stop>
    <stop arrival="11:56" departure="11:56">Haustbeitet</stop>
    <stop arrival="11:57" departure="11:57">Nygårdslien</stop>
    <stop arrival="11:58" departure="11:58">Lyngbøveien</stop>
    <stop arrival="12:00" departure="12:00">Nipedalen v/Lyngbøveien</stop>
    <stop arrival="12:01" departure="12:01">Nipedalen v/nr. 23</stop>
    <stop arrival="12:03" departure="12:03">Lyngbøkollen</stop>
    <stop arrival="12:05">Nipedalen</stop>
  </route>
  <route no="71" destination="Viddalen" url="http://www.web2051.no/bin/tp/zuginfo.exe/on/546456/186879/75236/144538/1/" trafficDays="kjører Ma - Fr, ikke 13., 17., 24. Mai">
    <stop departure="10:30" routeNo="71">Nipedalen</stop>
    <stop arrival="10:31" departure="10:31">Lyngbøkollen</stop>
    <stop arrival="10:32" departure="10:32">Øvre Lyngbø</stop>
    <stop arrival="10:33" departure="10:33">Nipedalen v/nr.23</stop>
    <stop arrival="10:33" departure="10:33">Nipedalen v/Lyngbøveien</stop>
    <stop arrival="10:34" departure="10:34">Lyngbøveien</stop>
    <stop arrival="10:35" departure="10:35">Nygårdslien</stop>
    <stop arrival="10:35" departure="10:35">Haustbeitet</stop>
    <stop arrival="10:36" departure="10:36">Nygård, Laksevåg</stop>
    <stop arrival="10:38" departure="10:38">Kringsjå</stop>
    <stop arrival="10:39" departure="10:39">Oldernes</stop>
    <stop arrival="10:40" departure="10:40">Vågedalen</stop>
    <stop arrival="10:41" departure="10:41">Fergeveien</stop>
    <stop arrival="10:43" departure="10:43">Jansongården</stop>
    <stop arrival="10:44" departure="10:44">Solveien</stop>
    <stop arrival="10:45" departure="10:45">Gyldenpris</stop>
    <stop arrival="10:48" departure="10:48">Møhlenpris v/ Industrihuset</stop>
    <stop arrival="10:50" departure="10:50">Christies gate (Festplassen)</stop>
    <stop arrival="10:53" departure="10:53">Torget (Bergen)</stop>
    <stop arrival="10:54" departure="10:54">Bryggen</stop>
    <stop arrival="10:54" departure="10:54">Slottsgaten</stop>
    <stop arrival="10:55" departure="10:55">Bontelabo</stop>
    <stop arrival="10:56" departure="10:56">Skutevikstorget</stop>
    <stop arrival="10:56" departure="10:56">Sjøgaten</stop>
    <stop arrival="10:57" departure="10:57">Sandvikstorget</stop>
    <stop arrival="10:58" departure="10:58">Ludebryggen</stop>
    <stop arrival="10:58" departure="10:58">Munkebotten</stop>
    <stop arrival="11:00" departure="11:00">Nyhavnsvei (Gamle Bergen)</stop>
    <stop arrival="11:01" departure="11:01">Handelshøyskolen</stop>
    <stop arrival="11:03" departure="11:03">Eidsvåg</stop>
    <stop arrival="11:06" departure="11:06">Tertneskrysset nyevegen</stop>
    <stop arrival="11:08" departure="11:08">Stamskaret</stop>
    <stop arrival="11:09" departure="11:09">Hesthaugen</stop>
    <stop arrival="11:10" departure="11:10">Åsane terminal</stop>
    <stop arrival="11:12" departure="11:12">Ulsetåsen</stop>
    <stop arrival="11:13" departure="11:13">Haukeberget</stop>
    <stop arrival="11:15" departure="11:15">Botnane</stop>
    <stop arrival="11:16" departure="11:16">Haukedalsvegen</stop>
    <stop arrival="11:17" departure="11:17">Sjøveien</stop>
    <stop arrival="11:18" departure="11:18">Tertitten</stop>
    <stop arrival="11:18" departure="11:18">Kipo</stop>
    <stop arrival="11:19" departure="11:19">Storevarden</stop>
    <stop arrival="11:19" departure="11:19">Nesmyr</stop>
    <stop arrival="11:20" departure="11:20">Bekkjarvik (Åsane)</stop>
    <stop arrival="11:21" departure="11:21">Bekkjarvikkryss (Åsane)</stop>
    <stop arrival="11:22" departure="11:22">Kvernevikstemma</stop>
    <stop arrival="11:22" departure="11:22">Åsane sand + singel</stop>
    <stop arrival="11:23" departure="11:23">Bryggedalen</stop>
    <stop arrival="11:25">Viddalen</stop>
  </route>
  <route no="71" destination="Åsane terminal" url="http://www.web2051.no/bin/tp/zuginfo.exe/on/942393/318810/838120/104930/1/" trafficDays="kjører Sø, også 1., 13., 17., 24. Mai">
    <stop departure="11:30" routeNo="71">Viddalen</stop>
    <stop arrival="11:32" departure="11:32">Bryggedalen</stop>
    <stop arrival="11:33" departure="11:33">Åsane sand + singel</stop>
    <stop arrival="11:33" departure="11:33">Kvernevikstemma</stop>
    <stop arrival="11:34" departure="11:34">Tertitten</stop>
    <stop arrival="11:35" departure="11:35">Bekkjarvik (Åsane)</stop>
    <stop arrival="11:36" departure="11:36">Nesmyr</stop>
    <stop arrival="11:36" departure="11:36">Storevarden</stop>
    <stop arrival="11:37" departure="11:37">Kipo</stop>
    <stop arrival="11:37" departure="11:37">Bekkjarvikkryss (Åsane)</stop>
    <stop arrival="11:38" departure="11:38">Sjøveien</stop>
    <stop arrival="11:39" departure="11:39">Haukedalsvegen</stop>
    <stop arrival="11:40" departure="11:40">Botnane</stop>
    <stop arrival="11:41" departure="11:41">Haukeberget</stop>
    <stop arrival="11:42" departure="11:42">Ulsetåsen</stop>
    <stop arrival="11:43" departure="11:43">Åsane Brannstasjon</stop>
    <stop arrival="11:45">Åsane terminal</stop>
  </route>
  <route no="71" destination="Nipedalen" url="http://www.web2051.no/bin/tp/zuginfo.exe/on/652770/222318/265006/85093/1/" trafficDays="kjører Ma - Fr, ikke 13., 17., 24. Mai">
    <stop departure="11:35" routeNo="71">Viddalen</stop>
    <stop arrival="11:37" departure="11:37">Bryggedalen</stop>
    <stop arrival="11:38" departure="11:38">Åsane sand + singel</stop>
    <stop arrival="11:38" departure="11:38">Kvernevikstemma</stop>
    <stop arrival="11:39" departure="11:39">Tertitten</stop>
    <stop arrival="11:40" departure="11:40">Bekkjarvik (Åsane)</stop>
    <stop arrival="11:41" departure="11:41">Nesmyr</stop>
    <stop arrival="11:41" departure="11:41">Storevarden</stop>
    <stop arrival="11:42" departure="11:42">Kipo</stop>
    <stop arrival="11:42" departure="11:42">Bekkjarvikkryss (Åsane)</stop>
    <stop arrival="11:43" departure="11:43">Sjøveien</stop>
    <stop arrival="11:44" departure="11:44">Haukedalsvegen</stop>
    <stop arrival="11:45" departure="11:45">Botnane</stop>
    <stop arrival="11:46" departure="11:46">Haukeberget</stop>
    <stop arrival="11:47" departure="11:47">Ulsetåsen</stop>
    <stop arrival="11:48" departure="11:48">Åsane Brannstasjon</stop>
    <stop arrival="11:50" departure="11:50">Åsane terminal</stop>
    <stop arrival="11:51" departure="11:51">Hesthaugen</stop>
    <stop arrival="11:52" departure="11:52">Stamskaret</stop>
    <stop arrival="11:53" departure="11:53">Tertneskrysset nyevegen</stop>
    <stop arrival="11:56" departure="11:56">Eidsvåg</stop>
    <stop arrival="11:58" departure="11:58">Handelshøyskolen</stop>
    <stop arrival="12:00" departure="12:00">Nyhavnsvei (Gamle Bergen)</stop>
    <stop arrival="12:02" departure="12:02">Munkebotten</stop>
    <stop arrival="12:03" departure="12:03">Ludebryggen</stop>
    <stop arrival="12:04" departure="12:04">Sandvikstorget</stop>
    <stop arrival="12:06" departure="12:06">Skutevikstorget</stop>
    <stop arrival="12:07" departure="12:07">Bontelabo</stop>
    <stop arrival="12:08" departure="12:08">Slottsgaten</stop>
    <stop arrival="12:10" departure="12:10">Bryggen</stop>
    <stop arrival="12:11" departure="12:11">Olav Kyrres gate</stop>
    <stop arrival="12:14" departure="12:14">Møhlenpris v/ Industrihuset</stop>
    <stop arrival="12:16" departure="12:16">Gyldenpris</stop>
    <stop arrival="12:17" departure="12:17">Solveien</stop>
    <stop arrival="12:18" departure="12:18">Jansongården</stop>
    <stop arrival="12:20" departure="12:20">Fergeveien</stop>
    <stop arrival="12:21" departure="12:21">Vågedalen</stop>
    <stop arrival="12:23" departure="12:23">Oldernes</stop>
    <stop arrival="12:24" departure="12:24">Kringsjå</stop>
    <stop arrival="12:25" departure="12:25">Nygård, Laksevåg</stop>
    <stop arrival="12:26" departure="12:26">Haustbeitet</stop>
    <stop arrival="12:27" departure="12:27">Nygårdslien</stop>
    <stop arrival="12:28" departure="12:28">Lyngbøveien</stop>
    <stop arrival="12:30" departure="12:30">Nipedalen v/Lyngbøveien</stop>
    <stop arrival="12:31" departure="12:31">Nipedalen v/nr. 23</stop>
    <stop arrival="12:33" departure="12:33">Lyngbøkollen</stop>
    <stop arrival="12:35">Nipedalen</stop>
  </route>
  <route no="71" destination="Viddalen" url="http://www.web2051.no/bin/tp/zuginfo.exe/on/418110/144069/40462/119139/1/" trafficDays="kjører Lø, ikke 1. Mai">
    <stop departure="11:00" routeNo="71">Nipedalen</stop>
    <stop arrival="11:01" departure="11:01">Lyngbøkollen</stop>
    <stop arrival="11:02" departure="11:02">Øvre Lyngbø</stop>
    <stop arrival="11:03" departure="11:03">Nipedalen v/nr.23</stop>
    <stop arrival="11:03" departure="11:03">Nipedalen v/Lyngbøveien</stop>
    <stop arrival="11:04" departure="11:04">Lyngbøveien</stop>
    <stop arrival="11:05" departure="11:05">Nygårdslien</stop>
    <stop arrival="11:05" departure="11:05">Haustbeitet</stop>
    <stop arrival="11:06" departure="11:06">Nygård, Laksevåg</stop>
    <stop arrival="11:08" departure="11:08">Kringsjå</stop>
    <stop arrival="11:09" departure="11:09">Oldernes</stop>
    <stop arrival="11:10" departure="11:10">Vågedalen</stop>
    <stop arrival="11:11" departure="11:11">Fergeveien</stop>
    <stop arrival="11:13" departure="11:13">Jansongården</stop>
    <stop arrival="11:14" departure="11:14">Solveien</stop>
    <stop arrival="11:15" departure="11:15">Gyldenpris</stop>
    <stop arrival="11:18" departure="11:18">Møhlenpris v/ Industrihuset</stop>
    <stop arrival="11:20" departure="11:20">Christies gate (Festplassen)</stop>
    <stop arrival="11:23" departure="11:23">Torget (Bergen)</stop>
    <stop arrival="11:24" departure="11:24">Bryggen</stop>
    <stop arrival="11:24" departure="11:24">Slottsgaten</stop>
    <stop arrival="11:25" departure="11:25">Bontelabo</stop>
    <stop arrival="11:26" departure="11:26">Skutevikstorget</stop>
    <stop arrival="11:26" departure="11:26">Sjøgaten</stop>
    <stop arrival="11:27" departure="11:27">Sandvikstorget</stop>
    <stop arrival="11:28" departure="11:28">Ludebryggen</stop>
    <stop arrival="11:28" departure="11:28">Munkebotten</stop>
    <stop arrival="11:30" departure="11:30">Nyhavnsvei (Gamle Bergen)</stop>
    <stop arrival="11:31" departure="11:31">Handelshøyskolen</stop>
    <stop arrival="11:33" departure="11:33">Eidsvåg</stop>
    <stop arrival="11:36" departure="11:36">Tertneskrysset nyevegen</stop>
    <stop arrival="11:38" departure="11:38">Stamskaret</stop>
    <stop arrival="11:39" departure="11:39">Hesthaugen</stop>
    <stop arrival="11:40" departure="11:40">Åsane terminal</stop>
    <stop arrival="11:42" departure="11:42">Ulsetåsen</stop>
    <stop arrival="11:43" departure="11:43">Haukeberget</stop>
    <stop arrival="11:45" departure="11:45">Botnane</stop>
    <stop arrival="11:46" departure="11:46">Haukedalsvegen</stop>
    <stop arrival="11:47" departure="11:47">Sjøveien</stop>
    <stop arrival="11:48" departure="11:48">Tertitten</stop>
    <stop arrival="11:48" departure="11:48">Kipo</stop>
    <stop arrival="11:49" departure="11:49">Storevarden</stop>
    <stop arrival="11:49" departure="11:49">Nesmyr</stop>
    <stop arrival="11:50" departure="11:50">Bekkjarvik (Åsane)</stop>
    <stop arrival="11:51" departure="11:51">Bekkjarvikkryss (Åsane)</stop>
    <stop arrival="11:52" departure="11:52">Kvernevikstemma</stop>
    <stop arrival="11:52" departure="11:52">Åsane sand + singel</stop>
    <stop arrival="11:53" departure="11:53">Bryggedalen</stop>
    <stop arrival="11:55">Viddalen</stop>
  </route>
  <route no="71" destination="Viddalen" url="http://www.web2051.no/bin/tp/zuginfo.exe/on/336672/116956/204330/10059/1/" trafficDays="kjører Ma - Fr, ikke 13., 17., 24. Mai">
    <stop departure="11:00" routeNo="71">Nipedalen</stop>
    <stop arrival="11:01" departure="11:01">Lyngbøkollen</stop>
    <stop arrival="11:02" departure="11:02">Øvre Lyngbø</stop>
    <stop arrival="11:03" departure="11:03">Nipedalen v/nr.23</stop>
    <stop arrival="11:03" departure="11:03">Nipedalen v/Lyngbøveien</stop>
    <stop arrival="11:04" departure="11:04">Lyngbøveien</stop>
    <stop arrival="11:05" departure="11:05">Nygårdslien</stop>
    <stop arrival="11:05" departure="11:05">Haustbeitet</stop>
    <stop arrival="11:06" departure="11:06">Nygård, Laksevåg</stop>
    <stop arrival="11:08" departure="11:08">Kringsjå</stop>
    <stop arrival="11:09" departure="11:09">Oldernes</stop>
    <stop arrival="11:10" departure="11:10">Vågedalen</stop>
    <stop arrival="11:11" departure="11:11">Fergeveien</stop>
    <stop arrival="11:13" departure="11:13">Jansongården</stop>
    <stop arrival="11:14" departure="11:14">Solveien</stop>
    <stop arrival="11:15" departure="11:15">Gyldenpris</stop>
    <stop arrival="11:18" departure="11:18">Møhlenpris v/ Industrihuset</stop>
    <stop arrival="11:20" departure="11:20">Christies gate (Festplassen)</stop>
    <stop arrival="11:23" departure="11:23">Torget (Bergen)</stop>
    <stop arrival="11:24" departure="11:24">Bryggen</stop>
    <stop arrival="11:24" departure="11:24">Slottsgaten</stop>
    <stop arrival="11:25" departure="11:25">Bontelabo</stop>
    <stop arrival="11:26" departure="11:26">Skutevikstorget</stop>
    <stop arrival="11:26" departure="11:26">Sjøgaten</stop>
    <stop arrival="11:27" departure="11:27">Sandvikstorget</stop>
    <stop arrival="11:28" departure="11:28">Ludebryggen</stop>
    <stop arrival="11:28" departure="11:28">Munkebotten</stop>
    <stop arrival="11:30" departure="11:30">Nyhavnsvei (Gamle Bergen)</stop>
    <stop arrival="11:31" departure="11:31">Handelshøyskolen</stop>
    <stop arrival="11:33" departure="11:33">Eidsvåg</stop>
    <stop arrival="11:36" departure="11:36">Tertneskrysset nyevegen</stop>
    <stop arrival="11:38" departure="11:38">Stamskaret</stop>
    <stop arrival="11:39" departure="11:39">Hesthaugen</stop>
    <stop arrival="11:40" departure="11:40">Åsane terminal</stop>
    <stop arrival="11:42" departure="11:42">Ulsetåsen</stop>
    <stop arrival="11:43" departure="11:43">Haukeberget</stop>
    <stop arrival="11:45" departure="11:45">Botnane</stop>
    <stop arrival="11:46" departure="11:46">Haukedalsvegen</stop>
    <stop arrival="11:47" departure="11:47">Sjøveien</stop>
    <stop arrival="11:48" departure="11:48">Tertitten</stop>
    <stop arrival="11:48" departure="11:48">Kipo</stop>
    <stop arrival="11:49" departure="11:49">Storevarden</stop>
    <stop arrival="11:49" departure="11:49">Nesmyr</stop>
    <stop arrival="11:50" departure="11:50">Bekkjarvik (Åsane)</stop>
    <stop arrival="11:51" departure="11:51">Bekkjarvikkryss (Åsane)</stop>
    <stop arrival="11:52" departure="11:52">Kvernevikstemma</stop>
    <stop arrival="11:52" departure="11:52">Åsane sand + singel</stop>
    <stop arrival="11:53" departure="11:53">Bryggedalen</stop>
    <stop arrival="12:00">Viddalen</stop>
  </route>
</routes>
