<?xml version="1.0" encoding="UTF-8"?>
<routes>
  <route no="525" destination="Milde" url="http://www.web2051.no/bin/tp/zuginfo.exe/on/437787/151293/434724/71434/1/" trafficDays="kjører Ma - Fr, ikke 13., 17., 24. Mai">
    <stop departure="10:20" routeNo="525">Bergen Busstasjon</stop>
    <stop arrival="10:25" departure="10:25">Danmarksplass</stop>
    <stop arrival="10:25" departure="10:25">Solheimsgaten</stop>
    <stop arrival="10:26" departure="10:26">Reperbanen</stop>
    <stop arrival="10:26" departure="10:26">Fjøsangerveien/ Minde Allè</stop>
    <stop arrival="10:26" departure="10:26">Kristianborg</stop>
    <stop arrival="10:27" departure="10:27">Grønnestølsbakken</stop>
    <stop arrival="10:27" departure="10:27">Fjøsanger</stop>
    <stop arrival="10:28" departure="10:28">Langegården</stop>
    <stop arrival="10:29" departure="10:29">Langebekken</stop>
    <stop arrival="10:31" departure="10:31">Kråkenes 1</stop>
    <stop arrival="10:31" departure="10:31">Kråkenes 2 (Kleiva)</stop>
    <stop arrival="10:33" departure="10:33">Bønesskiftet</stop>
    <stop arrival="10:34" departure="10:34">Bøjarnesvegen (Toftegård)</stop>
    <stop arrival="10:35" departure="10:35">Straume (Straumeveien, Fana)</stop>
    <stop arrival="10:37" departure="10:37">Sementbroen</stop>
    <stop arrival="10:38" departure="10:38">Straume bro</stop>
    <stop arrival="10:40" departure="10:40">Søreide v/Hydrostasjonen</stop>
    <stop arrival="10:40" departure="10:40">Søreide skole</stop>
    <stop arrival="10:41" departure="10:41">Grimstadskiftet</stop>
    <stop arrival="10:41" departure="10:41">Dolvik terminal</stop>
    <stop arrival="10:42" departure="10:42">Kokstad Bilhandel</stop>
    <stop arrival="10:44" departure="10:44">BKK , Kokstad</stop>
    <stop arrival="10:46" departure="10:46">Nera</stop>
    <stop arrival="10:47" departure="10:47">Scandic</stop>
    <stop arrival="10:50" departure="10:50">Birkelandskrysset Terminal</stop>
    <stop arrival="10:57" departure="10:57">Blomsterdalen</stop>
    <stop arrival="10:58" departure="10:58">Ådlandsflaten</stop>
    <stop arrival="10:59" departure="10:59">Ådlandsskiftet</stop>
    <stop arrival="11:00" departure="11:00">Kartveitskiftet</stop>
    <stop arrival="11:00" departure="11:00">Heggernesskiftet</stop>
    <stop arrival="11:02" departure="11:02">Ådlandsbro</stop>
    <stop arrival="11:02" departure="11:02">K.Kaland</stop>
    <stop arrival="11:03" departure="11:03">Hjellestadskiftet</stop>
    <stop arrival="11:04" departure="11:04">Seilforeningen</stop>
    <stop arrival="11:05" departure="11:05">Hjellestad post</stop>
    <stop arrival="11:05" departure="11:05">Hjellestad</stop>
    <stop arrival="11:05" departure="11:05">Hjellestad post</stop>
    <stop arrival="11:07" departure="11:07">Seilforeningen</stop>
    <stop arrival="11:09" departure="11:09">Hjellestadskiftet</stop>
    <stop arrival="11:09" departure="11:09">Planteskogen (Milde)</stop>
    <stop arrival="11:11" departure="11:11">Planteskogen (Milde)</stop>
    <stop arrival="11:12" departure="11:12">Grendatunvegen</stop>
    <stop arrival="11:13" departure="11:13">Geilen</stop>
    <stop arrival="11:14" departure="11:14">Fana folkehøgskole (Aboretet)</stop>
    <stop arrival="11:15">Milde</stop>
  </route>
  <route no="525" destination="Bergen Busstasjon" url="http://www.web2051.no/bin/tp/zuginfo.exe/on/911376/309157/12694/297447/1/" trafficDays="kjører Ma - Fr, ikke 13., 17., 24. Mai">
    <stop departure="11:25" routeNo="525">Milde</stop>
    <stop arrival="11:26" departure="11:26">Fana folkehøgskole (Aboretet)</stop>
    <stop arrival="11:27" departure="11:27">Geilen</stop>
    <stop arrival="11:27" departure="11:27">Grendatunvegen</stop>
    <stop arrival="11:28" departure="11:28">Planteskogen (Milde)</stop>
    <stop arrival="11:30" departure="11:30">Hjellestadskiftet</stop>
    <stop arrival="11:31" departure="11:31">Seilforeningen</stop>
    <stop arrival="11:32" departure="11:32">Hjellestad post</stop>
    <stop arrival="11:32" departure="11:32">Hjellestad</stop>
    <stop arrival="11:32" departure="11:32">Hjellestad post</stop>
    <stop arrival="11:34" departure="11:34">Seilforeningen</stop>
    <stop arrival="11:35" departure="11:35">Hjellestadskiftet</stop>
    <stop arrival="11:36" departure="11:36">K.Kaland</stop>
    <stop arrival="11:37" departure="11:37">Ådlandsbro</stop>
    <stop arrival="11:38" departure="11:38">Heggernesskiftet</stop>
    <stop arrival="11:39" departure="11:39">Kartveitskiftet</stop>
    <stop arrival="11:40" departure="11:40">Ådlandsskiftet</stop>
    <stop arrival="11:41" departure="11:41">Ådlandsflaten</stop>
    <stop arrival="11:41" departure="11:41">Blomsterdalen</stop>
    <stop arrival="11:45" departure="11:45">Birkelandskrysset Terminal</stop>
    <stop arrival="11:45" departure="11:45">Scandic</stop>
    <stop arrival="11:45" departure="11:45">Nera</stop>
    <stop arrival="11:46" departure="11:46">BKK , Kokstad</stop>
    <stop arrival="11:46" departure="11:46">Kokstad Bilhandel</stop>
    <stop arrival="11:54" departure="11:54">Dolvik terminal</stop>
    <stop arrival="11:54" departure="11:54">Dolvikbakken</stop>
    <stop arrival="11:55" departure="11:55">Søreide skole</stop>
    <stop arrival="11:56" departure="11:56">Søreide v/Hydrostasjonen</stop>
    <stop arrival="11:58" departure="11:58">Straume bro</stop>
    <stop arrival="11:58" departure="11:58">Bergen Motorbåtforening</stop>
    <stop arrival="12:00" departure="12:00">Straume (Straumeveien, Fana)</stop>
    <stop arrival="12:01" departure="12:01">Bøjarnesvegen (Toftegård)</stop>
    <stop arrival="12:01" departure="12:01">Bønesskiftet</stop>
    <stop arrival="12:03" departure="12:03">Kråkenes 2 (Kleiva)</stop>
    <stop arrival="12:03" departure="12:03">Kråkenes 1</stop>
    <stop arrival="12:04" departure="12:04">Langebekken</stop>
    <stop arrival="12:04" departure="12:04">Langegården</stop>
    <stop arrival="12:05" departure="12:05">Krambua</stop>
    <stop arrival="12:05" departure="12:05">Fjøsanger</stop>
    <stop arrival="12:09" departure="12:09">Kanalveien v/NRK</stop>
    <stop arrival="12:09" departure="12:09">Mindemyren</stop>
    <stop arrival="12:10" departure="12:10">Postterminalen</stop>
    <stop arrival="12:10" departure="12:10">Kanalveien v/LBK</stop>
    <stop arrival="12:11" departure="12:11">Danmarksplass v/Forum kino</stop>
    <stop arrival="12:16" departure="12:16">Bergen Busstasjon</stop>
    <stop arrival="12:18" departure="12:18">Christies gate (Festplassen)</stop>
    <stop arrival="12:23">Bergen Busstasjon</stop>
  </route>
  <route no="525" destination="Bergen Busstasjon" url="http://www.web2051.no/bin/tp/zuginfo.exe/on/145599/53855/707228/305081/1/" trafficDays="kjører Sø, også 1., 13., 17., 24. Mai">
    <stop departure="11:28" routeNo="525">Milde</stop>
    <stop arrival="11:29" departure="11:29">Fana folkehøgskole (Aboretet)</stop>
    <stop arrival="11:30" departure="11:30">Geilen</stop>
    <stop arrival="11:30" departure="11:30">Grendatunvegen</stop>
    <stop arrival="11:31" departure="11:31">Planteskogen (Milde)</stop>
    <stop arrival="11:33" departure="11:33">Hjellestadskiftet</stop>
    <stop arrival="11:34" departure="11:34">Seilforeningen</stop>
    <stop arrival="11:35" departure="11:35">Hjellestad post</stop>
    <stop arrival="11:35" departure="11:35">Hjellestad</stop>
    <stop arrival="11:35" departure="11:35">Hjellestad post</stop>
    <stop arrival="11:37" departure="11:37">Seilforeningen</stop>
    <stop arrival="11:38" departure="11:38">Hjellestadskiftet</stop>
    <stop arrival="11:39" departure="11:39">K.Kaland</stop>
    <stop arrival="11:40" departure="11:40">Ådlandsbro</stop>
    <stop arrival="11:40" departure="11:40">Heggernesskiftet</stop>
    <stop arrival="11:41" departure="11:41">Kartveitskiftet</stop>
    <stop arrival="11:42" departure="11:42">Ådlandsskiftet</stop>
    <stop arrival="11:42" departure="11:42">Ådlandsflaten</stop>
    <stop arrival="11:43" departure="11:43">Blomsterdalen</stop>
    <stop arrival="11:45" departure="11:45">Birkelandskrysset Terminal</stop>
    <stop arrival="11:45" departure="11:45">Scandic</stop>
    <stop arrival="11:45" departure="11:45">Nera</stop>
    <stop arrival="11:46" departure="11:46">BKK , Kokstad</stop>
    <stop arrival="11:46" departure="11:46">Kokstad Bilhandel</stop>
    <stop arrival="11:54" departure="11:54">Dolvik terminal</stop>
    <stop arrival="11:55" departure="11:55">Søreide skole</stop>
    <stop arrival="11:56" departure="11:56">Søreide v/Hydrostasjonen</stop>
    <stop arrival="11:58" departure="11:58">Straume bro</stop>
    <stop arrival="11:58" departure="11:58">Bergen Motorbåtforening</stop>
    <stop arrival="12:00" departure="12:00">Straume (Straumeveien, Fana)</stop>
    <stop arrival="12:01" departure="12:01">Bøjarnesvegen (Toftegård)</stop>
    <stop arrival="12:01" departure="12:01">Bønesskiftet</stop>
    <stop arrival="12:03" departure="12:03">Kråkenes 2 (Kleiva)</stop>
    <stop arrival="12:03" departure="12:03">Kråkenes 1</stop>
    <stop arrival="12:04" departure="12:04">Langebekken</stop>
    <stop arrival="12:04" departure="12:04">Langegården</stop>
    <stop arrival="12:05" departure="12:05">Krambua</stop>
    <stop arrival="12:05" departure="12:05">Fjøsanger</stop>
    <stop arrival="12:12" departure="12:12">Kanalveien v/NRK</stop>
    <stop arrival="12:13" departure="12:13">Mindemyren</stop>
    <stop arrival="12:13" departure="12:13">Postterminalen</stop>
    <stop arrival="12:14" departure="12:14">Kanalveien v/LBK</stop>
    <stop arrival="12:15" departure="12:15">Danmarksplass v/Forum kino</stop>
    <stop arrival="12:20" departure="12:20">Bergen Busstasjon</stop>
    <stop arrival="12:23" departure="12:23">Christies gate (Festplassen)</stop>
    <stop arrival="12:28">Bergen Busstasjon</stop>
  </route>
  <route no="525" destination="Bergen Busstasjon" url="http://www.web2051.no/bin/tp/zuginfo.exe/on/963534/326512/487924/77217/1/" trafficDays="kjører Lø, ikke 1. Mai">
    <stop departure="11:32" routeNo="525">Milde</stop>
    <stop arrival="11:33" departure="11:33">Fana folkehøgskole (Aboretet)</stop>
    <stop arrival="11:34" departure="11:34">Geilen</stop>
    <stop arrival="11:34" departure="11:34">Grendatunvegen</stop>
    <stop arrival="11:35" departure="11:35">Planteskogen (Milde)</stop>
    <stop arrival="11:37" departure="11:37">Hjellestadskiftet</stop>
    <stop arrival="11:38" departure="11:38">Seilforeningen</stop>
    <stop arrival="11:39" departure="11:39">Hjellestad post</stop>
    <stop arrival="11:39" departure="11:39">Hjellestad</stop>
    <stop arrival="11:39" departure="11:39">Hjellestad post</stop>
    <stop arrival="11:41" departure="11:41">Seilforeningen</stop>
    <stop arrival="11:42" departure="11:42">Hjellestadskiftet</stop>
    <stop arrival="11:43" departure="11:43">K.Kaland</stop>
    <stop arrival="11:44" departure="11:44">Ådlandsbro</stop>
    <stop arrival="11:44" departure="11:44">Heggernesskiftet</stop>
    <stop arrival="11:46" departure="11:46">Kartveitskiftet</stop>
    <stop arrival="11:46" departure="11:46">Ådlandsskiftet</stop>
    <stop arrival="11:47" departure="11:47">Ådlandsflaten</stop>
    <stop arrival="11:48" departure="11:48">Blomsterdalen</stop>
    <stop arrival="11:50" departure="11:50">Birkelandskrysset Terminal</stop>
    <stop arrival="11:50" departure="11:50">Scandic</stop>
    <stop arrival="11:50" departure="11:50">Nera</stop>
    <stop arrival="11:51" departure="11:51">BKK , Kokstad</stop>
    <stop arrival="11:51" departure="11:51">Kokstad Bilhandel</stop>
    <stop arrival="11:59" departure="11:59">Dolvik terminal</stop>
    <stop arrival="12:00" departure="12:00">Søreide skole</stop>
    <stop arrival="12:01" departure="12:01">Søreide v/Hydrostasjonen</stop>
    <stop arrival="12:03" departure="12:03">Straume bro</stop>
    <stop arrival="12:03" departure="12:03">Bergen Motorbåtforening</stop>
    <stop arrival="12:05" departure="12:05">Straume (Straumeveien, Fana)</stop>
    <stop arrival="12:06" departure="12:06">Bøjarnesvegen (Toftegård)</stop>
    <stop arrival="12:06" departure="12:06">Bønesskiftet</stop>
    <stop arrival="12:08" departure="12:08">Kråkenes 2 (Kleiva)</stop>
    <stop arrival="12:08" departure="12:08">Kråkenes 1</stop>
    <stop arrival="12:09" departure="12:09">Langebekken</stop>
    <stop arrival="12:09" departure="12:09">Langegården</stop>
    <stop arrival="12:10" departure="12:10">Krambua</stop>
    <stop arrival="12:10" departure="12:10">Fjøsanger</stop>
    <stop arrival="12:17" departure="12:17">Kanalveien v/NRK</stop>
    <stop arrival="12:18" departure="12:18">Mindemyren</stop>
    <stop arrival="12:18" departure="12:18">Postterminalen</stop>
    <stop arrival="12:19" departure="12:19">Kanalveien v/LBK</stop>
    <stop arrival="12:20" departure="12:20">Danmarksplass v/Forum kino</stop>
    <stop arrival="12:25" departure="12:25">Bergen Busstasjon</stop>
    <stop arrival="12:28" departure="12:28">Christies gate (Festplassen)</stop>
    <stop arrival="12:33">Bergen Busstasjon</stop>
  </route>
  <route no="525" destination="Milde" url="http://www.web2051.no/bin/tp/zuginfo.exe/on/398154/138053/330974/32769/1/" trafficDays="kjører Lø, ikke 1. Mai">
    <stop departure="11:25" routeNo="525">Bergen Busstasjon</stop>
    <stop arrival="11:27" departure="11:27">Danmarksplass</stop>
    <stop arrival="11:28" departure="11:28">Solheimsgaten</stop>
    <stop arrival="11:28" departure="11:28">Reperbanen</stop>
    <stop arrival="11:29" departure="11:29">Fjøsangerveien/ Minde Allè</stop>
    <stop arrival="11:30" departure="11:30">Kristianborg</stop>
    <stop arrival="11:30" departure="11:30">Grønnestølsbakken</stop>
    <stop arrival="11:31" departure="11:31">Fjøsanger</stop>
    <stop arrival="11:31" departure="11:31">Langegården</stop>
    <stop arrival="11:32" departure="11:32">Langebekken</stop>
    <stop arrival="11:32" departure="11:32">Kråkenes 1</stop>
    <stop arrival="11:32" departure="11:32">Kråkenes 2 (Kleiva)</stop>
    <stop arrival="11:33" departure="11:33">Bønesskiftet</stop>
    <stop arrival="11:33" departure="11:33">Bøjarnesvegen (Toftegård)</stop>
    <stop arrival="11:33" departure="11:33">Straume (Straumeveien, Fana)</stop>
    <stop arrival="11:36" departure="11:36">Sementbroen</stop>
    <stop arrival="11:38" departure="11:38">Straume bro</stop>
    <stop arrival="11:40" departure="11:40">Søreide v/Hydrostasjonen</stop>
    <stop arrival="11:41" departure="11:41">Søreide skole</stop>
    <stop arrival="11:41" departure="11:41">Dolvik terminal</stop>
    <stop arrival="11:42" departure="11:42">Kokstad Bilhandel</stop>
    <stop arrival="11:44" departure="11:44">BKK , Kokstad</stop>
    <stop arrival="11:46" departure="11:46">Nera</stop>
    <stop arrival="11:47" departure="11:47">Scandic</stop>
    <stop arrival="11:50" departure="11:50">Birkelandskrysset Terminal</stop>
    <stop arrival="11:51" departure="11:51">Blomsterdalen</stop>
    <stop arrival="11:51" departure="11:51">Ådlandsflaten</stop>
    <stop arrival="11:52" departure="11:52">Ådlandsskiftet</stop>
    <stop arrival="11:52" departure="11:52">Kartveitskiftet</stop>
    <stop arrival="11:52" departure="11:52">Heggernesskiftet</stop>
    <stop arrival="11:53" departure="11:53">Ådlandsbro</stop>
    <stop arrival="11:53" departure="11:53">K.Kaland</stop>
    <stop arrival="11:53" departure="11:53">Hjellestadskiftet</stop>
    <stop arrival="11:56" departure="11:56">Seilforeningen</stop>
    <stop arrival="11:59" departure="11:59">Hjellestad post</stop>
    <stop arrival="12:00" departure="12:00">Hjellestad</stop>
    <stop arrival="12:00" departure="12:00">Hjellestad post</stop>
    <stop arrival="12:02" departure="12:02">Seilforeningen</stop>
    <stop arrival="12:04" departure="12:04">Hjellestadskiftet</stop>
    <stop arrival="12:04" departure="12:04">Planteskogen (Milde)</stop>
    <stop arrival="12:06" departure="12:06">Planteskogen (Milde)</stop>
    <stop arrival="12:07" departure="12:07">Grendatunvegen</stop>
    <stop arrival="12:08" departure="12:08">Geilen</stop>
    <stop arrival="12:09" departure="12:09">Fana folkehøgskole (Aboretet)</stop>
    <stop arrival="12:10">Milde</stop>
  </route>
</routes>
