<?xml version="1.0" encoding="UTF-8"?>
<routes>
  <route no="455" destination="Forland kai" url="http://www.web2051.no/bin/tp/zuginfo.exe/on/330366/112259/118604/50820/1/" trafficDays="kjører Ma - Fr, ikke 13., 17., 24. Mai">
    <stop departure="10:40" routeNo="455">Bergen Busstasjon</stop>
    <stop arrival="10:41" departure="10:41">Olav Kyrres gate</stop>
    <stop arrival="10:43" departure="10:43">Møhlenpris v/ Industrihuset</stop>
    <stop arrival="10:48" departure="10:48">Lyngbø Motorvei R555</stop>
    <stop arrival="10:54" departure="10:54">Frida Fasmer R555</stop>
    <stop arrival="10:55" departure="10:55">Storavatnet term.</stop>
    <stop arrival="10:57" departure="10:57">Breivikskiftet</stop>
    <stop arrival="10:58" departure="10:58">Drotningsvik Rv 555</stop>
    <stop arrival="11:00" departure="11:00">Knarrevik</stop>
    <stop arrival="11:05" departure="11:05">Straume term.</stop>
    <stop arrival="11:06" departure="11:06">Bildøy</stop>
    <stop arrival="11:09" departure="11:09">Fjell Blommen</stop>
    <stop arrival="11:09" departure="11:09">Fjell Heljedalen</stop>
    <stop arrival="11:10" departure="11:10">Fjell</stop>
    <stop arrival="11:10" departure="11:10">Fjell kyrkje</stop>
    <stop arrival="11:10" departure="11:10">Fjell Leite</stop>
    <stop arrival="11:11" departure="11:11">Fjell Søre</stop>
    <stop arrival="11:11" departure="11:11">Fjell Podlagrinda</stop>
    <stop arrival="11:12" departure="11:12">Fjell Krossleite</stop>
    <stop arrival="11:12" departure="11:12">Fjell søre Krossleite</stop>
    <stop arrival="11:13" departure="11:13">Tellnesskogen</stop>
    <stop arrival="11:14" departure="11:14">Tellnes Bruabrekko</stop>
    <stop arrival="11:15" departure="11:15">Tellnesskiftet</stop>
    <stop arrival="11:15" departure="11:15">Tellnes skule</stop>
    <stop arrival="11:17" departure="11:17">Dala (Fjell)</stop>
    <stop arrival="11:17" departure="11:17">Dala (Fjell)</stop>
    <stop arrival="11:18" departure="11:18">Dalseide (Fjell)</stop>
    <stop arrival="11:23" departure="11:23">Trengereid Slettebakken (Fjell</stop>
    <stop arrival="11:24" departure="11:24">Trengereid (Fjell)</stop>
    <stop arrival="11:25" departure="11:25">Skogsskiftet term.</stop>
    <stop arrival="11:26" departure="11:26">Skogsskiftet Midtstegen</stop>
    <stop arrival="11:27" departure="11:27">Skoge (Sund)</stop>
    <stop arrival="11:28" departure="11:28">Skoge Kvalvågen (Sund)</stop>
    <stop arrival="11:30" departure="11:30">Sangoltskiftet</stop>
    <stop arrival="11:31" departure="11:31">Skogsvåg Aurabekken</stop>
    <stop arrival="11:31" departure="11:31">Skogsvåg Dommedalen</stop>
    <stop arrival="11:32" departure="11:32">Skogsvåg Oppedal</stop>
    <stop arrival="11:33" departure="11:33">Sundskogen</stop>
    <stop arrival="11:34" departure="11:34">Klokkarvik Stølen</stop>
    <stop arrival="11:35" departure="11:35">Klokkarvik Kyrkjevegen</stop>
    <stop arrival="11:35" departure="11:35">Klokkarvik</stop>
    <stop arrival="11:35" departure="11:35">Klokkarvik Limavåg</stop>
    <stop arrival="11:36" departure="11:36">Klokkarvik Sund barneskule</stop>
    <stop arrival="11:36" departure="11:36">Klokkarvik Børnes</stop>
    <stop arrival="11:37" departure="11:37">Førde Stauradalen (Sund)</stop>
    <stop arrival="11:37" departure="11:37">Førde (Sund)</stop>
    <stop arrival="11:38" departure="11:38">Førde Melkevik (Sund)</stop>
    <stop arrival="11:39" departure="11:39">Førdestraumen (Sund)</stop>
    <stop arrival="11:39" departure="11:39">Førdestraumen sør (Sund)</stop>
    <stop arrival="11:39" departure="11:39">Høyland grustaket (Sund)</stop>
    <stop arrival="11:40" departure="11:40">Høyland (Sund)</stop>
    <stop arrival="11:41" departure="11:41">Høyland Bakeriet (Sund)</stop>
    <stop arrival="11:41" departure="11:41">Kleppevik (Sund)</stop>
    <stop arrival="11:42" departure="11:42">Kleppe (Sund)</stop>
    <stop arrival="11:42" departure="11:42">Kleppe barnehage (Sund)</stop>
    <stop arrival="11:43" departure="11:43">Kleppe utmark (Sund)</stop>
    <stop arrival="11:45" departure="11:45">Forlandskiftet</stop>
    <stop arrival="11:45" departure="11:45">Stranda Skole</stop>
    <stop arrival="11:46" departure="11:46">Forlandskiftet</stop>
    <stop arrival="11:47" departure="11:47">Forland Kleiva</stop>
    <stop arrival="11:48" departure="11:48">Forland Bedhus</stop>
    <stop arrival="11:50">Forland kai</stop>
  </route>
  <route no="459" destination="Straume term." url="http://www.web2051.no/bin/tp/zuginfo.exe/on/896949/301221/9712/294127/1/" trafficDays="kjører Lø, ikke 1. Mai">
    <stop departure="10:40" routeNo="459">Bergen Busstasjon</stop>
    <stop arrival="10:41" departure="10:41">Olav Kyrres gate</stop>
    <stop arrival="10:43" departure="10:43">Møhlenpris v/ Industrihuset</stop>
    <stop arrival="10:48" departure="10:48">Lyngbø Motorvei R555</stop>
    <stop arrival="10:54" departure="10:54">Frida Fasmer R555</stop>
    <stop arrival="10:55" departure="10:55">Storavatnet term.</stop>
    <stop arrival="10:57" departure="10:57">Breivikskiftet</stop>
    <stop arrival="10:58" departure="10:58">Drotningsvik Rv 555</stop>
    <stop arrival="11:00" departure="11:00">Knarrevik</stop>
    <stop arrival="11:05">Straume term.</stop>
  </route>
  <route no="444" destination="Bergen Busstasjon" url="http://www.web2051.no/bin/tp/zuginfo.exe/on/967233/324396/202064/221380/1/" trafficDays="kjører Lø, ikke 1. Mai">
    <stop departure="11:00" routeNo="444">Straume term.</stop>
    <stop arrival="11:03" departure="11:03">Knarrevik</stop>
    <stop arrival="11:06" departure="11:06">Drotningsvik Rv 555</stop>
    <stop arrival="11:07" departure="11:07">Breivikskiftet</stop>
    <stop arrival="11:10" departure="11:10">Storavatnet term.</stop>
    <stop arrival="11:11" departure="11:11">Frida Fasmer</stop>
    <stop arrival="11:16" departure="11:16">Lyngbø Motorvei R555</stop>
    <stop arrival="11:20" departure="11:20">Møhlenpris v/ Industrihuset</stop>
    <stop arrival="11:22" departure="11:22">Nygårdsgaten</stop>
    <stop arrival="11:25">Bergen Busstasjon</stop>
  </route>
  <route no="444" destination="Bergen Busstasjon" url="http://www.web2051.no/bin/tp/zuginfo.exe/on/770877/258945/265520/124200/1/" trafficDays="kjører">
    <stop departure="11:00" routeNo="444">Straume term.</stop>
    <stop arrival="11:03" departure="11:03">Knarrevik</stop>
    <stop arrival="11:06" departure="11:06">Drotningsvik Rv 555</stop>
    <stop arrival="11:07" departure="11:07">Breivikskiftet</stop>
    <stop arrival="11:10" departure="11:10">Storavatnet term.</stop>
    <stop arrival="11:11" departure="11:11">Frida Fasmer</stop>
    <stop arrival="11:16" departure="11:16">Lyngbø Motorvei R555</stop>
    <stop arrival="11:21" departure="11:21">Møhlenpris v/ Industrihuset</stop>
    <stop arrival="11:22" departure="11:22">Christies gate (Festplassen)</stop>
    <stop arrival="11:25">Bergen Busstasjon</stop>
  </route>
  <route no="445" destination="Bergen Busstasjon" url="http://www.web2051.no/bin/tp/zuginfo.exe/on/172518/59538/469926/177457/1/" trafficDays="kjører Ma - Fr, ikke 13., 17., 24. Mai">
    <stop departure="10:45" routeNo="445">Anglevik snuplass</stop>
    <stop arrival="10:46" departure="10:46">Anglevik</stop>
    <stop arrival="10:46" departure="10:46">Våge kryss (Fjell)</stop>
    <stop arrival="10:47" departure="10:47">Vågaleite (Fjell)</stop>
    <stop arrival="10:48" departure="10:48">Foldnes</stop>
    <stop arrival="10:50" departure="10:50">Foldnesvegen</stop>
    <stop arrival="10:52" departure="10:52">Foldnes Grunnavågen</stop>
    <stop arrival="10:54" departure="10:54">Sotraheimen</stop>
    <stop arrival="10:56" departure="10:56">Åttringavegen</stop>
    <stop arrival="10:58" departure="10:58">Storhilleren (Foldnesveg)</stop>
    <stop arrival="11:00" departure="11:00">Straume term.</stop>
    <stop arrival="11:03" departure="11:03">Knarrevik</stop>
    <stop arrival="11:06" departure="11:06">Drotningsvik Rv 555</stop>
    <stop arrival="11:07" departure="11:07">Breivikskiftet</stop>
    <stop arrival="11:10" departure="11:10">Storavatnet term.</stop>
    <stop arrival="11:11" departure="11:11">Frida Fasmer</stop>
    <stop arrival="11:17" departure="11:17">Lyngbø Motorvei R555</stop>
    <stop arrival="11:22" departure="11:22">Møhlenpris v/ Industrihuset</stop>
    <stop arrival="11:24" departure="11:24">Nygårdsgaten</stop>
    <stop arrival="11:25">Bergen Busstasjon</stop>
  </route>
  <route no="455" destination="Bergen Busstasjon" url="http://www.web2051.no/bin/tp/zuginfo.exe/on/55821/20786/516438/239612/1/" trafficDays="kjører Ma - Fr, ikke 13., 17., 24. Mai">
    <stop departure="10:05" routeNo="455">Forland kai</stop>
    <stop arrival="10:06" departure="10:06">Forland Bedhus</stop>
    <stop arrival="10:06" departure="10:06">Forland Kleiva</stop>
    <stop arrival="10:07" departure="10:07">Forlandskiftet</stop>
    <stop arrival="10:07" departure="10:07">Stranda Skole</stop>
    <stop arrival="10:07" departure="10:07">Forlandskiftet</stop>
    <stop arrival="10:09" departure="10:09">Kleppe utmark (Sund)</stop>
    <stop arrival="10:10" departure="10:10">Kleppe barnehage (Sund)</stop>
    <stop arrival="10:10" departure="10:10">Kleppe (Sund)</stop>
    <stop arrival="10:11" departure="10:11">Kleppevik (Sund)</stop>
    <stop arrival="10:11" departure="10:11">Høyland Bakeriet (Sund)</stop>
    <stop arrival="10:12" departure="10:12">Høyland (Sund)</stop>
    <stop arrival="10:13" departure="10:13">Høyland grustaket (Sund)</stop>
    <stop arrival="10:14" departure="10:14">Førdestraumen sør (Sund)</stop>
    <stop arrival="10:14" departure="10:14">Førdestraumen (Sund)</stop>
    <stop arrival="10:15" departure="10:15">Førde Melkevik (Sund)</stop>
    <stop arrival="10:16" departure="10:16">Førde (Sund)</stop>
    <stop arrival="10:17" departure="10:17">Førde Stauradalen (Sund)</stop>
    <stop arrival="10:18" departure="10:18">Klokkarvik Børnes</stop>
    <stop arrival="10:19" departure="10:19">Klokkarvik Sund barneskule</stop>
    <stop arrival="10:19" departure="10:19">Klokkarvik Limavåg</stop>
    <stop arrival="10:20" departure="10:20">Klokkarvik</stop>
    <stop arrival="10:21" departure="10:21">Klokkarvik Kyrkjevegen</stop>
    <stop arrival="10:21" departure="10:21">Klokkarvik Stølen</stop>
    <stop arrival="10:21" departure="10:21">Klokkarvik Laksen</stop>
    <stop arrival="10:22" departure="10:22">Sundskogen</stop>
    <stop arrival="10:23" departure="10:23">Skogsvåg Oppedal</stop>
    <stop arrival="10:24" departure="10:24">Skogsvåg Dommedalen</stop>
    <stop arrival="10:25" departure="10:25">Skogsvåg Aurabekken</stop>
    <stop arrival="10:25" departure="10:25">Sangoltskiftet</stop>
    <stop arrival="10:27" departure="10:27">Skogsvåg gamle skule</stop>
    <stop arrival="10:31" departure="10:31">Skoge Kvalvågen (Sund)</stop>
    <stop arrival="10:34" departure="10:34">Skoge (Sund)</stop>
    <stop arrival="10:36" departure="10:36">Skogsskiftet Midtstegen</stop>
    <stop arrival="10:38" departure="10:38">Skogsskiftet Hald Stadion</stop>
    <stop arrival="10:40" departure="10:40">Skogsskiftet term.</stop>
    <stop arrival="10:41" departure="10:41">Trengereid (Fjell)</stop>
    <stop arrival="10:41" departure="10:41">Trengereid Slettebakken (Fjell</stop>
    <stop arrival="10:43" departure="10:43">Dalseide (Fjell)</stop>
    <stop arrival="10:44" departure="10:44">Dala (Fjell)</stop>
    <stop arrival="10:44" departure="10:44">Dala (Fjell)</stop>
    <stop arrival="10:45" departure="10:45">Tellnes skule</stop>
    <stop arrival="10:45" departure="10:45">Tellnesskiftet</stop>
    <stop arrival="10:46" departure="10:46">Tellnes Bruabrekko</stop>
    <stop arrival="10:47" departure="10:47">Tellnesskogen</stop>
    <stop arrival="10:48" departure="10:48">Fjell søre Krossleite</stop>
    <stop arrival="10:48" departure="10:48">Fjell Krossleite</stop>
    <stop arrival="10:49" departure="10:49">Fjell Podlagrinda</stop>
    <stop arrival="10:49" departure="10:49">Fjell Søre</stop>
    <stop arrival="10:50" departure="10:50">Fjell Leite</stop>
    <stop arrival="10:50" departure="10:50">Fjell kyrkje</stop>
    <stop arrival="10:50" departure="10:50">Fjell</stop>
    <stop arrival="10:51" departure="10:51">Fjell Heljedalen</stop>
    <stop arrival="10:52" departure="10:52">Fjell Blommen</stop>
    <stop arrival="10:58" departure="10:58">Bildøy</stop>
    <stop arrival="11:00" departure="11:00">Straume term.</stop>
    <stop arrival="11:03" departure="11:03">Knarrevik</stop>
    <stop arrival="11:05" departure="11:05">Drotningsvik Rv 555</stop>
    <stop arrival="11:06" departure="11:06">Breivikskiftet</stop>
    <stop arrival="11:08" departure="11:08">Frida Fasmer</stop>
    <stop arrival="11:13" departure="11:13">Lyngbø Motorvei R555</stop>
    <stop arrival="11:17" departure="11:17">Møhlenpris v/ Industrihuset</stop>
    <stop arrival="11:19" departure="11:19">Nygårdsgaten</stop>
    <stop arrival="11:20">Bergen Busstasjon</stop>
  </route>
  <route no="32" destination="Bergen Busstasjon" url="http://www.web2051.no/bin/tp/zuginfo.exe/on/605043/202956/370578/16394/1/" trafficDays="kjører Ma - Fr, ikke 13., 17., 24. Mai">
    <stop departure="11:03" routeNo="32">Straume term.</stop>
    <stop arrival="11:06" departure="11:06">Knarrevik</stop>
    <stop arrival="11:09" departure="11:09">Drotningsvik Rv 555</stop>
    <stop arrival="11:10" departure="11:10">Breivikskiftet</stop>
    <stop arrival="11:13" departure="11:13">Storavatnet term.</stop>
    <stop arrival="11:14" departure="11:14">Frida Fasmer</stop>
    <stop arrival="11:15" departure="11:15">Loddefjorddalen</stop>
    <stop arrival="11:18" departure="11:18">Loddefjord term.</stop>
    <stop arrival="11:19" departure="11:19">Bjørndalstre krysset</stop>
    <stop arrival="11:19" departure="11:19">Bjørndalstræ R557</stop>
    <stop arrival="11:20" departure="11:20">Ravnestølen</stop>
    <stop arrival="11:21" departure="11:21">Sætermyr</stop>
    <stop arrival="11:22" departure="11:22">Bjørndalsskogen</stop>
    <stop arrival="11:23" departure="11:23">Kjerreidviken</stop>
    <stop arrival="11:24" departure="11:24">Bjørge</stop>
    <stop arrival="11:24" departure="11:24">Sandeidbråtet</stop>
    <stop arrival="11:24" departure="11:24">Sandeidet barnehage</stop>
    <stop arrival="11:25" departure="11:25">Sandeide terminal</stop>
    <stop arrival="11:27" departure="11:27">Fyllingsdalsveien v/Shell</stop>
    <stop arrival="11:29" departure="11:29">Skarphaugen</stop>
    <stop arrival="11:30" departure="11:30">Oasen Terminal</stop>
    <stop arrival="11:31" departure="11:31">Løvås</stop>
    <stop arrival="11:32" departure="11:32">Nebbeveien</stop>
    <stop arrival="11:32" departure="11:32">Hamregården</stop>
    <stop arrival="11:33" departure="11:33">Sikthaugen</stop>
    <stop arrival="11:38" departure="11:38">Gyldenpris</stop>
    <stop arrival="11:39" departure="11:39">Møhlenpris v/ Industrihuset</stop>
    <stop arrival="11:42" departure="11:42">Nygårdsgaten</stop>
    <stop arrival="11:45">Bergen Busstasjon</stop>
  </route>
  <route no="45" destination="Flesland Flyplass" url="http://www.web2051.no/bin/tp/zuginfo.exe/on/816660/273868/208492/167974/1/" trafficDays="kjører Ma - Fr, ikke 13., 17., 24. Mai">
    <stop departure="11:03" routeNo="45">Straume term.</stop>
    <stop arrival="11:07" departure="11:07">Knarrevik</stop>
    <stop arrival="11:09" departure="11:09">Drotningsvik Rv 555</stop>
    <stop arrival="11:11" departure="11:11">Breivikskiftet</stop>
    <stop arrival="11:13" departure="11:13">Storavatnet term.</stop>
    <stop arrival="11:14" departure="11:14">Frida Fasmer</stop>
    <stop arrival="11:15" departure="11:15">Loddefjorddalen</stop>
    <stop arrival="11:18" departure="11:18">Loddefjord term.</stop>
    <stop arrival="11:19" departure="11:19">Bjørndalstre krysset</stop>
    <stop arrival="11:19" departure="11:19">Bjørndalstræ R557</stop>
    <stop arrival="11:20" departure="11:20">Ravnestølen</stop>
    <stop arrival="11:21" departure="11:21">Sætermyr</stop>
    <stop arrival="11:22" departure="11:22">Bjørndalsskogen</stop>
    <stop arrival="11:23" departure="11:23">Kjerreidviken</stop>
    <stop arrival="11:24" departure="11:24">Bjørge</stop>
    <stop arrival="11:24" departure="11:24">Sandeidbråtet</stop>
    <stop arrival="11:24" departure="11:24">Sandeidet barnehage</stop>
    <stop arrival="11:26" departure="11:26">Sementbroen</stop>
    <stop arrival="11:27" departure="11:27">Straume bro</stop>
    <stop arrival="11:27" departure="11:27">Søreide v/Hydrostasjonen</stop>
    <stop arrival="11:28" departure="11:28">Søreide skole</stop>
    <stop arrival="11:29" departure="11:29">Dolvikbakken</stop>
    <stop arrival="11:29" departure="11:29">Kokstad Bilhandel</stop>
    <stop arrival="11:30" departure="11:30">BKK , Kokstad</stop>
    <stop arrival="11:30" departure="11:30">Nera</stop>
    <stop arrival="11:30" departure="11:30">Scandic</stop>
    <stop arrival="11:37" departure="11:37">Birkelandskrysset Terminal</stop>
    <stop arrival="11:39" departure="11:39">Kokstadskiftet</stop>
    <stop arrival="11:42" departure="11:42">Liland (Flyplassvegen)</stop>
    <stop arrival="11:45">Flesland Flyplass</stop>
  </route>
  <route no="445" destination="Anglevik snuplass" url="http://www.web2051.no/bin/tp/zuginfo.exe/on/869436/291827/983136/201756/1/" trafficDays="kjører Ma - Fr, ikke 13., 17., 24. Mai">
    <stop departure="11:10" routeNo="445">Bergen Busstasjon</stop>
    <stop arrival="11:11" departure="11:11">Olav Kyrres gate</stop>
    <stop arrival="11:13" departure="11:13">Møhlenpris v/ Industrihuset</stop>
    <stop arrival="11:18" departure="11:18">Lyngbø Motorvei R555</stop>
    <stop arrival="11:24" departure="11:24">Frida Fasmer R555</stop>
    <stop arrival="11:25" departure="11:25">Storavatnet term.</stop>
    <stop arrival="11:27" departure="11:27">Breivikskiftet</stop>
    <stop arrival="11:28" departure="11:28">Drotningsvik Rv 555</stop>
    <stop arrival="11:30" departure="11:30">Knarrevik</stop>
    <stop arrival="11:35" departure="11:35">Straume term.</stop>
    <stop arrival="11:36" departure="11:36">Storhilleren (Foldnesveg)</stop>
    <stop arrival="11:37" departure="11:37">Åttringavegen</stop>
    <stop arrival="11:38" departure="11:38">Sotraheimen</stop>
    <stop arrival="11:38" departure="11:38">Foldnes Grunnavågen</stop>
    <stop arrival="11:39" departure="11:39">Foldnesvegen</stop>
    <stop arrival="11:40" departure="11:40">Foldnes</stop>
    <stop arrival="11:41" departure="11:41">Vågaleite (Fjell)</stop>
    <stop arrival="11:42" departure="11:42">Våge kryss (Fjell)</stop>
    <stop arrival="11:44" departure="11:44">Anglevik</stop>
    <stop arrival="11:45">Anglevik snuplass</stop>
  </route>
  <route no="459" destination="Tælavåg snuplass" url="http://www.web2051.no/bin/tp/zuginfo.exe/on/863019/289923/862596/143625/1/" trafficDays="kjører Sø, ikke 16. Mai; også 13., 24. Mai">
    <stop departure="11:10" routeNo="459">Bergen Busstasjon</stop>
    <stop arrival="11:11" departure="11:11">Olav Kyrres gate</stop>
    <stop arrival="11:13" departure="11:13">Møhlenpris v/ Industrihuset</stop>
    <stop arrival="11:18" departure="11:18">Lyngbø Motorvei R555</stop>
    <stop arrival="11:24" departure="11:24">Frida Fasmer R555</stop>
    <stop arrival="11:25" departure="11:25">Storavatnet term.</stop>
    <stop arrival="11:27" departure="11:27">Breivikskiftet</stop>
    <stop arrival="11:28" departure="11:28">Drotningsvik Rv 555</stop>
    <stop arrival="11:30" departure="11:30">Knarrevik</stop>
    <stop arrival="11:35" departure="11:35">Straume term.</stop>
    <stop arrival="11:36" departure="11:36">Bildøy</stop>
    <stop arrival="11:39" departure="11:39">Fjell Blommen</stop>
    <stop arrival="11:39" departure="11:39">Fjell Heljedalen</stop>
    <stop arrival="11:40" departure="11:40">Fjell</stop>
    <stop arrival="11:40" departure="11:40">Fjell kyrkje</stop>
    <stop arrival="11:40" departure="11:40">Fjell Leite</stop>
    <stop arrival="11:41" departure="11:41">Fjell Søre</stop>
    <stop arrival="11:41" departure="11:41">Fjell Podlagrinda</stop>
    <stop arrival="11:42" departure="11:42">Fjell Krossleite</stop>
    <stop arrival="11:42" departure="11:42">Fjell søre Krossleite</stop>
    <stop arrival="11:43" departure="11:43">Tellnesskogen</stop>
    <stop arrival="11:44" departure="11:44">Tellnes Bruabrekko</stop>
    <stop arrival="11:45" departure="11:45">Tellnesskiftet</stop>
    <stop arrival="11:45" departure="11:45">Tellnes skule</stop>
    <stop arrival="11:47" departure="11:47">Dala (Fjell)</stop>
    <stop arrival="11:47" departure="11:47">Dala (Fjell)</stop>
    <stop arrival="11:48" departure="11:48">Dalseide (Fjell)</stop>
    <stop arrival="11:53" departure="11:53">Trengereid Slettebakken (Fjell</stop>
    <stop arrival="11:54" departure="11:54">Trengereid (Fjell)</stop>
    <stop arrival="11:55" departure="11:55">Skogsskiftet term.</stop>
    <stop arrival="11:58" departure="11:58">Hammersland (Sund)</stop>
    <stop arrival="11:58" departure="11:58">Hammersland (Sund)</stop>
    <stop arrival="11:59" departure="11:59">Eidesjøen Tveitaneset</stop>
    <stop arrival="12:00" departure="12:00">Eidesjøen</stop>
    <stop arrival="12:01" departure="12:01">Pollen skule</stop>
    <stop arrival="12:02" departure="12:02">Kårevik</stop>
    <stop arrival="12:02" departure="12:02">Kårevik</stop>
    <stop arrival="12:03" departure="12:03">Spildepollen</stop>
    <stop arrival="12:04" departure="12:04">Kausland Sund Auto</stop>
    <stop arrival="12:04" departure="12:04">Kausland industri</stop>
    <stop arrival="12:05" departure="12:05">Kausland (brekko)</stop>
    <stop arrival="12:06" departure="12:06">Kausland gard</stop>
    <stop arrival="12:06" departure="12:06">Kausland kyrkje</stop>
    <stop arrival="12:06" departure="12:06">Kausland (Lunde)</stop>
    <stop arrival="12:08" departure="12:08">Glesnes Skule</stop>
    <stop arrival="12:09" departure="12:09">Glesvær (Elva)</stop>
    <stop arrival="12:09" departure="12:09">Glesvær (Slettebergsmauget)</stop>
    <stop arrival="12:09" departure="12:09">Glesvær (Vollakrysset)</stop>
    <stop arrival="12:10" departure="12:10">Glesvær snuplass</stop>
    <stop arrival="12:10" departure="12:10">Glesvær (Vollakrysset)</stop>
    <stop arrival="12:11" departure="12:11">Glesvær (Slettebergsmauget)</stop>
    <stop arrival="12:11" departure="12:11">Glesvær (Elva)</stop>
    <stop arrival="12:11" departure="12:11">Glesnes Skule</stop>
    <stop arrival="12:13" departure="12:13">Kausland (Lunde)</stop>
    <stop arrival="12:13" departure="12:13">Kausland kyrkje</stop>
    <stop arrival="12:14" departure="12:14">Kausland gard</stop>
    <stop arrival="12:14" departure="12:14">Kausland (brekko)</stop>
    <stop arrival="12:15" departure="12:15">Kausland industri</stop>
    <stop arrival="12:15" departure="12:15">Kausland Sund Auto</stop>
    <stop arrival="12:16" departure="12:16">Spildepollen</stop>
    <stop arrival="12:17" departure="12:17">Asphaug</stop>
    <stop arrival="12:19" departure="12:19">Tælavåg gravplass</stop>
    <stop arrival="12:21" departure="12:21">Tælavåg Sælstø</stop>
    <stop arrival="12:21" departure="12:21">Tælavåg Museum (Idrettsplass)</stop>
    <stop arrival="12:22" departure="12:22">Tælavåg Nipa byggefelt</stop>
    <stop arrival="12:22" departure="12:22">Tælavåg Nipa</stop>
    <stop arrival="12:23" departure="12:23">Tælavåg bedehus</stop>
    <stop arrival="12:23" departure="12:23">Tælavåg Telle</stop>
    <stop arrival="12:23" departure="12:23">Tælavåg skule</stop>
    <stop arrival="12:24" departure="12:24">Tælavåg Midttveit</stop>
    <stop arrival="12:24" departure="12:24">Tælavåg Øvretveit (brekko)</stop>
    <stop arrival="12:25" departure="12:25">Tælavåg Øvretveit</stop>
    <stop arrival="12:25">Tælavåg snuplass</stop>
  </route>
  <route no="441" destination="Hjelteryggen Nordre knappen" url="http://www.web2051.no/bin/tp/zuginfo.exe/on/467715/157755/593688/140940/1/" trafficDays="kjører Ma - Lø, ikke 1., 13., 17., 24. Mai">
    <stop departure="11:25" routeNo="441">Storavatnet term.</stop>
    <stop arrival="11:26" departure="11:26">Ørjebekk</stop>
    <stop arrival="11:27" departure="11:27">Øvre Godvik</stop>
    <stop arrival="11:28" departure="11:28">Nedre Godvik</stop>
    <stop arrival="11:28" departure="11:28">Kiplehaugen</stop>
    <stop arrival="11:28" departure="11:28">Breivikskiftet</stop>
    <stop arrival="11:29" departure="11:29">Breivikdalen</stop>
    <stop arrival="11:30" departure="11:30">Stiaberget</stop>
    <stop arrival="11:30" departure="11:30">Drotningsvik v/Hydro</stop>
    <stop arrival="11:31" departure="11:31">Drotningsvik Rv 555</stop>
    <stop arrival="11:33" departure="11:33">Knarrevik</stop>
    <stop arrival="11:34" departure="11:34">Knarrevik under brua</stop>
    <stop arrival="11:35" departure="11:35">Hjelteryggen Svensveien</stop>
    <stop arrival="11:37" departure="11:37">Hjelteryggen Søre Knappen</stop>
    <stop arrival="11:37">Hjelteryggen Nordre knappen</stop>
  </route>
  <route no="455" destination="Bergen Busstasjon" url="http://www.web2051.no/bin/tp/zuginfo.exe/on/125469/43996/217356/66855/1/" trafficDays="kjører Lø, ikke 1. Mai">
    <stop departure="10:40" routeNo="455">Forland kai</stop>
    <stop arrival="10:41" departure="10:41">Forland Bedhus</stop>
    <stop arrival="10:41" departure="10:41">Forland Kleiva</stop>
    <stop arrival="10:42" departure="10:42">Forlandskiftet</stop>
    <stop arrival="10:42" departure="10:42">Stranda Skole</stop>
    <stop arrival="10:42" departure="10:42">Forlandskiftet</stop>
    <stop arrival="10:44" departure="10:44">Kleppe utmark (Sund)</stop>
    <stop arrival="10:45" departure="10:45">Kleppe barnehage (Sund)</stop>
    <stop arrival="10:45" departure="10:45">Kleppe (Sund)</stop>
    <stop arrival="10:46" departure="10:46">Kleppevik (Sund)</stop>
    <stop arrival="10:46" departure="10:46">Høyland Bakeriet (Sund)</stop>
    <stop arrival="10:47" departure="10:47">Høyland (Sund)</stop>
    <stop arrival="10:48" departure="10:48">Høyland grustaket (Sund)</stop>
    <stop arrival="10:49" departure="10:49">Førdestraumen sør (Sund)</stop>
    <stop arrival="10:49" departure="10:49">Førdestraumen (Sund)</stop>
    <stop arrival="10:50" departure="10:50">Førde Melkevik (Sund)</stop>
    <stop arrival="10:51" departure="10:51">Førde (Sund)</stop>
    <stop arrival="10:52" departure="10:52">Førde Stauradalen (Sund)</stop>
    <stop arrival="10:53" departure="10:53">Klokkarvik Børnes</stop>
    <stop arrival="10:54" departure="10:54">Klokkarvik Sund barneskule</stop>
    <stop arrival="10:54" departure="10:54">Klokkarvik Limavåg</stop>
    <stop arrival="10:55" departure="10:55">Klokkarvik</stop>
    <stop arrival="10:56" departure="10:56">Klokkarvik Kyrkjevegen</stop>
    <stop arrival="10:56" departure="10:56">Klokkarvik Stølen</stop>
    <stop arrival="10:56" departure="10:56">Klokkarvik Laksen</stop>
    <stop arrival="10:57" departure="10:57">Sundskogen</stop>
    <stop arrival="10:58" departure="10:58">Skogsvåg Oppedal</stop>
    <stop arrival="10:59" departure="10:59">Skogsvåg Dommedalen</stop>
    <stop arrival="11:00" departure="11:00">Skogsvåg Aurabekken</stop>
    <stop arrival="11:00" departure="11:00">Sangoltskiftet</stop>
    <stop arrival="11:01" departure="11:01">Skogsvåg gamle skule</stop>
    <stop arrival="11:04" departure="11:04">Skoge Kvalvågen (Sund)</stop>
    <stop arrival="11:06" departure="11:06">Skoge (Sund)</stop>
    <stop arrival="11:08" departure="11:08">Skogsskiftet Midtstegen</stop>
    <stop arrival="11:09" departure="11:09">Skogsskiftet Hald Stadion</stop>
    <stop arrival="11:10" departure="11:10">Skogsskiftet term.</stop>
    <stop arrival="11:11" departure="11:11">Trengereid (Fjell)</stop>
    <stop arrival="11:11" departure="11:11">Trengereid Slettebakken (Fjell</stop>
    <stop arrival="11:13" departure="11:13">Dalseide (Fjell)</stop>
    <stop arrival="11:14" departure="11:14">Dala (Fjell)</stop>
    <stop arrival="11:14" departure="11:14">Dala (Fjell)</stop>
    <stop arrival="11:15" departure="11:15">Tellnes skule</stop>
    <stop arrival="11:15" departure="11:15">Tellnesskiftet</stop>
    <stop arrival="11:16" departure="11:16">Tellnes Bruabrekko</stop>
    <stop arrival="11:17" departure="11:17">Tellnesskogen</stop>
    <stop arrival="11:18" departure="11:18">Fjell søre Krossleite</stop>
    <stop arrival="11:18" departure="11:18">Fjell Krossleite</stop>
    <stop arrival="11:19" departure="11:19">Fjell Podlagrinda</stop>
    <stop arrival="11:19" departure="11:19">Fjell Søre</stop>
    <stop arrival="11:20" departure="11:20">Fjell Leite</stop>
    <stop arrival="11:20" departure="11:20">Fjell kyrkje</stop>
    <stop arrival="11:20" departure="11:20">Fjell</stop>
    <stop arrival="11:21" departure="11:21">Fjell Heljedalen</stop>
    <stop arrival="11:22" departure="11:22">Fjell Blommen</stop>
    <stop arrival="11:28" departure="11:28">Bildøy</stop>
    <stop arrival="11:30" departure="11:30">Straume term.</stop>
    <stop arrival="11:33" departure="11:33">Knarrevik</stop>
    <stop arrival="11:36" departure="11:36">Drotningsvik Rv 555</stop>
    <stop arrival="11:37" departure="11:37">Breivikskiftet</stop>
    <stop arrival="11:40" departure="11:40">Storavatnet term.</stop>
    <stop arrival="11:41" departure="11:41">Frida Fasmer</stop>
    <stop arrival="11:47" departure="11:47">Lyngbø Motorvei R555</stop>
    <stop arrival="11:52" departure="11:52">Møhlenpris v/ Industrihuset</stop>
    <stop arrival="11:54" departure="11:54">Nygårdsgaten</stop>
    <stop arrival="11:55">Bergen Busstasjon</stop>
  </route>
  <route no="455" destination="Bergen Busstasjon" url="http://www.web2051.no/bin/tp/zuginfo.exe/on/688734/231752/148216/155470/1/" trafficDays="kjører">
    <stop departure="10:40" routeNo="455">Forland kai</stop>
    <stop arrival="10:41" departure="10:41">Forland Bedhus</stop>
    <stop arrival="10:41" departure="10:41">Forland Kleiva</stop>
    <stop arrival="10:42" departure="10:42">Forlandskiftet</stop>
    <stop arrival="10:42" departure="10:42">Stranda Skole</stop>
    <stop arrival="10:42" departure="10:42">Forlandskiftet</stop>
    <stop arrival="10:44" departure="10:44">Kleppe utmark (Sund)</stop>
    <stop arrival="10:45" departure="10:45">Kleppe barnehage (Sund)</stop>
    <stop arrival="10:45" departure="10:45">Kleppe (Sund)</stop>
    <stop arrival="10:46" departure="10:46">Kleppevik (Sund)</stop>
    <stop arrival="10:46" departure="10:46">Høyland Bakeriet (Sund)</stop>
    <stop arrival="10:47" departure="10:47">Høyland (Sund)</stop>
    <stop arrival="10:48" departure="10:48">Høyland grustaket (Sund)</stop>
    <stop arrival="10:49" departure="10:49">Førdestraumen sør (Sund)</stop>
    <stop arrival="10:49" departure="10:49">Førdestraumen (Sund)</stop>
    <stop arrival="10:50" departure="10:50">Førde Melkevik (Sund)</stop>
    <stop arrival="10:51" departure="10:51">Førde (Sund)</stop>
    <stop arrival="10:52" departure="10:52">Førde Stauradalen (Sund)</stop>
    <stop arrival="10:53" departure="10:53">Klokkarvik Børnes</stop>
    <stop arrival="10:54" departure="10:54">Klokkarvik Sund barneskule</stop>
    <stop arrival="10:54" departure="10:54">Klokkarvik Limavåg</stop>
    <stop arrival="10:55" departure="10:55">Klokkarvik</stop>
    <stop arrival="10:56" departure="10:56">Klokkarvik Kyrkjevegen</stop>
    <stop arrival="10:56" departure="10:56">Klokkarvik Stølen</stop>
    <stop arrival="10:56" departure="10:56">Klokkarvik Laksen</stop>
    <stop arrival="10:57" departure="10:57">Sundskogen</stop>
    <stop arrival="10:58" departure="10:58">Skogsvåg Oppedal</stop>
    <stop arrival="10:59" departure="10:59">Skogsvåg Dommedalen</stop>
    <stop arrival="11:00" departure="11:00">Skogsvåg Aurabekken</stop>
    <stop arrival="11:00" departure="11:00">Sangoltskiftet</stop>
    <stop arrival="11:01" departure="11:01">Skogsvåg gamle skule</stop>
    <stop arrival="11:04" departure="11:04">Skoge Kvalvågen (Sund)</stop>
    <stop arrival="11:06" departure="11:06">Skoge (Sund)</stop>
    <stop arrival="11:08" departure="11:08">Skogsskiftet Midtstegen</stop>
    <stop arrival="11:09" departure="11:09">Skogsskiftet Hald Stadion</stop>
    <stop arrival="11:10" departure="11:10">Skogsskiftet term.</stop>
    <stop arrival="11:11" departure="11:11">Trengereid (Fjell)</stop>
    <stop arrival="11:11" departure="11:11">Trengereid Slettebakken (Fjell</stop>
    <stop arrival="11:13" departure="11:13">Dalseide (Fjell)</stop>
    <stop arrival="11:14" departure="11:14">Dala (Fjell)</stop>
    <stop arrival="11:14" departure="11:14">Dala (Fjell)</stop>
    <stop arrival="11:15" departure="11:15">Tellnes skule</stop>
    <stop arrival="11:15" departure="11:15">Tellnesskiftet</stop>
    <stop arrival="11:16" departure="11:16">Tellnes Bruabrekko</stop>
    <stop arrival="11:17" departure="11:17">Tellnesskogen</stop>
    <stop arrival="11:18" departure="11:18">Fjell søre Krossleite</stop>
    <stop arrival="11:18" departure="11:18">Fjell Krossleite</stop>
    <stop arrival="11:19" departure="11:19">Fjell Podlagrinda</stop>
    <stop arrival="11:19" departure="11:19">Fjell Søre</stop>
    <stop arrival="11:20" departure="11:20">Fjell Leite</stop>
    <stop arrival="11:20" departure="11:20">Fjell kyrkje</stop>
    <stop arrival="11:20" departure="11:20">Fjell</stop>
    <stop arrival="11:21" departure="11:21">Fjell Heljedalen</stop>
    <stop arrival="11:22" departure="11:22">Fjell Blommen</stop>
    <stop arrival="11:28" departure="11:28">Bildøy</stop>
    <stop arrival="11:30" departure="11:30">Straume term.</stop>
    <stop arrival="11:33" departure="11:33">Knarrevik</stop>
    <stop arrival="11:36" departure="11:36">Drotningsvik Rv 555</stop>
    <stop arrival="11:37" departure="11:37">Breivikskiftet</stop>
    <stop arrival="11:40" departure="11:40">Storavatnet term.</stop>
    <stop arrival="11:41" departure="11:41">Frida Fasmer</stop>
    <stop arrival="11:47" departure="11:47">Lyngbø Motorvei R555</stop>
    <stop arrival="11:52" departure="11:52">Møhlenpris v/ Industrihuset</stop>
    <stop arrival="11:54" departure="11:54">Christies gate (Festplassen)</stop>
    <stop arrival="11:55">Bergen Busstasjon</stop>
  </route>
  <route no="465" destination="Bergen Busstasjon" url="http://www.web2051.no/bin/tp/zuginfo.exe/on/409503/138817/970460/348729/1/" trafficDays="kjører Lø, Sø, ikke 1., 16. Mai; også 13., 24. Mai">
    <stop departure="10:55" routeNo="465">Ågotnes terminal</stop>
    <stop arrival="10:56" departure="10:56">Kårtveit (gamleskule)</stop>
    <stop arrival="10:57" departure="10:57">Kårtveit Nordli</stop>
    <stop arrival="10:58" departure="10:58">Kårtveit (Fjell)</stop>
    <stop arrival="10:58" departure="10:58">Kårtveit Eide butikk</stop>
    <stop arrival="10:59" departure="10:59">Kårtveit Eide kryss</stop>
    <stop arrival="10:59" departure="10:59">Kårtveit (Snekkerbua)</stop>
    <stop arrival="11:00" departure="11:00">Kårtveit (Nymark)</stop>
    <stop arrival="11:01" departure="11:01">Sekkingstad Glattkjøringsbane</stop>
    <stop arrival="11:01" departure="11:01">Sekkingstad (Møyvatn)</stop>
    <stop arrival="11:02" departure="11:02">Sekkingstad (Skjenavatne)</stop>
    <stop arrival="11:02" departure="11:02">Sekkingstad (butikken)</stop>
    <stop arrival="11:03" departure="11:03">Sekkingstad (bakketoppen)</stop>
    <stop arrival="11:03" departure="11:03">Sekkingstad (Lillebø)</stop>
    <stop arrival="11:04" departure="11:04">Sekkingstad (Apalvågen)</stop>
    <stop arrival="11:05" departure="11:05">Algrøy kryss</stop>
    <stop arrival="11:05" departure="11:05">Skålevik skule (Fjell)</stop>
    <stop arrival="11:06" departure="11:06">Skålevik Kuaneset (Fjell)</stop>
    <stop arrival="11:07" departure="11:07">Skålevik stølen (Fjell)</stop>
    <stop arrival="11:08" departure="11:08">Skålevik gravplass (Fjell)</stop>
    <stop arrival="11:09" departure="11:09">Skålevik utmark (Fjell)</stop>
    <stop arrival="11:10" departure="11:10">Møvik, Leirvik</stop>
    <stop arrival="11:10" departure="11:10">Møvik (Fjell)</stop>
    <stop arrival="11:11" departure="11:11">Møvik, Åse kryss</stop>
    <stop arrival="11:12" departure="11:12">Møvik Halsvarden (Fjell)</stop>
    <stop arrival="11:13" departure="11:13">Ytre Ulveseth</stop>
    <stop arrival="11:14" departure="11:14">Ulveseth skule</stop>
    <stop arrival="11:15" departure="11:15">Ulveseth</stop>
    <stop arrival="11:16" departure="11:16">Fjell Litlakvilet</stop>
    <stop arrival="11:17" departure="11:17">Fjell Prestasmauet</stop>
    <stop arrival="11:18" departure="11:18">Fjell Kleivane</stop>
    <stop arrival="11:19" departure="11:19">Fjell kyrkje</stop>
    <stop arrival="11:20" departure="11:20">Fjell</stop>
    <stop arrival="11:20" departure="11:20">Fjell Heljedalen</stop>
    <stop arrival="11:21" departure="11:21">Fjell Blommen</stop>
    <stop arrival="11:27" departure="11:27">Bildøy</stop>
    <stop arrival="11:30" departure="11:30">Straume term.</stop>
    <stop arrival="11:33" departure="11:33">Knarrevik</stop>
    <stop arrival="11:36" departure="11:36">Drotningsvik Rv 555</stop>
    <stop arrival="11:37" departure="11:37">Breivikskiftet</stop>
    <stop arrival="11:40" departure="11:40">Storavatnet term.</stop>
    <stop arrival="11:41" departure="11:41">Frida Fasmer</stop>
    <stop arrival="11:47" departure="11:47">Lyngbø Motorvei R555</stop>
    <stop arrival="11:52" departure="11:52">Møhlenpris v/ Industrihuset</stop>
    <stop arrival="11:54" departure="11:54">Nygårdsgaten</stop>
    <stop arrival="11:55">Bergen Busstasjon</stop>
  </route>
  <route no="465" destination="Bergen Busstasjon" url="http://www.web2051.no/bin/tp/zuginfo.exe/on/44772/17251/931728/450940/1/" trafficDays="kjører 1., 16., 17. Mai">
    <stop departure="10:55" routeNo="465">Ågotnes terminal</stop>
    <stop arrival="10:56" departure="10:56">Kårtveit (gamleskule)</stop>
    <stop arrival="10:57" departure="10:57">Kårtveit Nordli</stop>
    <stop arrival="10:58" departure="10:58">Kårtveit (Fjell)</stop>
    <stop arrival="10:58" departure="10:58">Kårtveit Eide butikk</stop>
    <stop arrival="10:59" departure="10:59">Kårtveit Eide kryss</stop>
    <stop arrival="10:59" departure="10:59">Kårtveit (Snekkerbua)</stop>
    <stop arrival="11:00" departure="11:00">Kårtveit (Nymark)</stop>
    <stop arrival="11:01" departure="11:01">Sekkingstad Glattkjøringsbane</stop>
    <stop arrival="11:01" departure="11:01">Sekkingstad (Møyvatn)</stop>
    <stop arrival="11:02" departure="11:02">Sekkingstad (Skjenavatne)</stop>
    <stop arrival="11:02" departure="11:02">Sekkingstad (butikken)</stop>
    <stop arrival="11:03" departure="11:03">Sekkingstad (bakketoppen)</stop>
    <stop arrival="11:03" departure="11:03">Sekkingstad (Lillebø)</stop>
    <stop arrival="11:04" departure="11:04">Sekkingstad (Apalvågen)</stop>
    <stop arrival="11:05" departure="11:05">Algrøy kryss</stop>
    <stop arrival="11:05" departure="11:05">Skålevik skule (Fjell)</stop>
    <stop arrival="11:06" departure="11:06">Skålevik Kuaneset (Fjell)</stop>
    <stop arrival="11:07" departure="11:07">Skålevik stølen (Fjell)</stop>
    <stop arrival="11:08" departure="11:08">Skålevik gravplass (Fjell)</stop>
    <stop arrival="11:09" departure="11:09">Skålevik utmark (Fjell)</stop>
    <stop arrival="11:10" departure="11:10">Møvik, Leirvik</stop>
    <stop arrival="11:10" departure="11:10">Møvik (Fjell)</stop>
    <stop arrival="11:11" departure="11:11">Møvik, Åse kryss</stop>
    <stop arrival="11:12" departure="11:12">Møvik Halsvarden (Fjell)</stop>
    <stop arrival="11:13" departure="11:13">Ytre Ulveseth</stop>
    <stop arrival="11:14" departure="11:14">Ulveseth skule</stop>
    <stop arrival="11:15" departure="11:15">Ulveseth</stop>
    <stop arrival="11:16" departure="11:16">Fjell Litlakvilet</stop>
    <stop arrival="11:17" departure="11:17">Fjell Prestasmauet</stop>
    <stop arrival="11:18" departure="11:18">Fjell Kleivane</stop>
    <stop arrival="11:19" departure="11:19">Fjell kyrkje</stop>
    <stop arrival="11:20" departure="11:20">Fjell</stop>
    <stop arrival="11:20" departure="11:20">Fjell Heljedalen</stop>
    <stop arrival="11:21" departure="11:21">Fjell Blommen</stop>
    <stop arrival="11:27" departure="11:27">Bildøy</stop>
    <stop arrival="11:30" departure="11:30">Straume term.</stop>
    <stop arrival="11:33" departure="11:33">Knarrevik</stop>
    <stop arrival="11:36" departure="11:36">Drotningsvik Rv 555</stop>
    <stop arrival="11:37" departure="11:37">Breivikskiftet</stop>
    <stop arrival="11:40" departure="11:40">Storavatnet term.</stop>
    <stop arrival="11:41" departure="11:41">Frida Fasmer</stop>
    <stop arrival="11:47" departure="11:47">Lyngbø Motorvei R555</stop>
    <stop arrival="11:52" departure="11:52">Møhlenpris v/ Industrihuset</stop>
    <stop arrival="11:54" departure="11:54">Christies gate (Festplassen)</stop>
    <stop arrival="11:55">Bergen Busstasjon</stop>
  </route>
  <route no="468" destination="Bergen Busstasjon" url="http://www.web2051.no/bin/tp/zuginfo.exe/on/381681/129607/947698/346623/1/" trafficDays="kjører Ma - Fr, ikke 13., 17., 24. Mai">
    <stop departure="11:05" routeNo="468">Ågotnes terminal</stop>
    <stop arrival="11:06" departure="11:06">Ågotnes Kryss CCB</stop>
    <stop arrival="11:06" departure="11:06">Ågotnes Maggevarden</stop>
    <stop arrival="11:07" departure="11:07">Ågotnes</stop>
    <stop arrival="11:08" departure="11:08">Ågotnes Vanntanken</stop>
    <stop arrival="11:10" departure="11:10">Spjeldbrekko</stop>
    <stop arrival="11:11" departure="11:11">Spjeld</stop>
    <stop arrival="11:11" departure="11:11">Ormevik</stop>
    <stop arrival="11:12" departure="11:12">Knappskog</stop>
    <stop arrival="11:13" departure="11:13">Fjæreide kryss</stop>
    <stop arrival="11:15" departure="11:15">Knappskog utmark</stop>
    <stop arrival="11:16" departure="11:16">Morlandstø</stop>
    <stop arrival="11:17" departure="11:17">Morland ved bensinstasjon</stop>
    <stop arrival="11:18" departure="11:18">Kolltveit senter</stop>
    <stop arrival="11:19" departure="11:19">Kolltveit kai</stop>
    <stop arrival="11:20" departure="11:20">Kolltveit Bergasletto</stop>
    <stop arrival="11:21" departure="11:21">Kolltveit sør</stop>
    <stop arrival="11:21" departure="11:21">Kolltveit ved skulen</stop>
    <stop arrival="11:22" departure="11:22">Kolltveit kryss</stop>
    <stop arrival="11:23" departure="11:23">Døsjeskiftet</stop>
    <stop arrival="11:24" departure="11:24">Bildøy bro</stop>
    <stop arrival="11:26" departure="11:26">Bildøy</stop>
    <stop arrival="11:30" departure="11:30">Straume term.</stop>
    <stop arrival="11:33" departure="11:33">Knarrevik</stop>
    <stop arrival="11:35" departure="11:35">Drotningsvik Rv 555</stop>
    <stop arrival="11:36" departure="11:36">Breivikskiftet</stop>
    <stop arrival="11:38" departure="11:38">Frida Fasmer</stop>
    <stop arrival="11:43" departure="11:43">Lyngbø Motorvei R555</stop>
    <stop arrival="11:47" departure="11:47">Møhlenpris v/ Industrihuset</stop>
    <stop arrival="11:49" departure="11:49">Nygårdsgaten</stop>
    <stop arrival="11:50">Bergen Busstasjon</stop>
  </route>
  <route no="441" destination="Hjelteryggen Nordre knappen" url="http://www.web2051.no/bin/tp/zuginfo.exe/on/110316/38622/882750/404604/1/" trafficDays="kjører Ma - Lø, ikke 1., 13., 17., 24. Mai">
    <stop departure="11:25" routeNo="441">Storavatnet term.</stop>
    <stop arrival="11:26" departure="11:26">Ørjebekk</stop>
    <stop arrival="11:27" departure="11:27">Øvre Godvik</stop>
    <stop arrival="11:28" departure="11:28">Nedre Godvik</stop>
    <stop arrival="11:28" departure="11:28">Kiplehaugen</stop>
    <stop arrival="11:28" departure="11:28">Breivikskiftet</stop>
    <stop arrival="11:29" departure="11:29">Breivikdalen</stop>
    <stop arrival="11:30" departure="11:30">Stiaberget</stop>
    <stop arrival="11:30" departure="11:30">Drotningsvik v/Hydro</stop>
    <stop arrival="11:31" departure="11:31">Drotningsvik Rv 555</stop>
    <stop arrival="11:33" departure="11:33">Knarrevik</stop>
    <stop arrival="11:34" departure="11:34">Knarrevik under brua</stop>
    <stop arrival="11:35" departure="11:35">Hjelteryggen Svensveien</stop>
    <stop arrival="11:37" departure="11:37">Hjelteryggen Søre Knappen</stop>
    <stop arrival="11:37">Hjelteryggen Nordre knappen</stop>
  </route>
  <route no="70" destination="Bergen Busstasjon" url="http://www.web2051.no/bin/tp/zuginfo.exe/on/430572/145234/55194/115929/1/" trafficDays="kjører Ma - Fr, ikke 13., 17., 24. Mai">
    <stop departure="11:33" routeNo="70">Straume term.</stop>
    <stop arrival="11:36" departure="11:36">Knarrevik</stop>
    <stop arrival="11:39" departure="11:39">Drotningsvik Rv 555</stop>
    <stop arrival="11:40" departure="11:40">Breivikskiftet</stop>
    <stop arrival="11:43" departure="11:43">Storavatnet term.</stop>
    <stop arrival="11:44" departure="11:44">Frida Fasmer</stop>
    <stop arrival="11:45" departure="11:45">Loddefjorddalen</stop>
    <stop arrival="11:48" departure="11:48">Loddefjord term.</stop>
    <stop arrival="11:49" departure="11:49">Bjørndalstre krysset</stop>
    <stop arrival="11:49" departure="11:49">Tennebekk</stop>
    <stop arrival="11:52" departure="11:52">Lyngbøtunet</stop>
    <stop arrival="11:53" departure="11:53">Lyderhornsveien</stop>
    <stop arrival="11:53" departure="11:53">Gravdalsveien</stop>
    <stop arrival="11:54" departure="11:54">Sjøkrigsskoleveien</stop>
    <stop arrival="11:54" departure="11:54">Skjenevik</stop>
    <stop arrival="11:55" departure="11:55">Gravdal</stop>
    <stop arrival="11:56" departure="11:56">Skjenevik</stop>
    <stop arrival="11:57" departure="11:57">Sjøkrigsskoleveien</stop>
    <stop arrival="11:57" departure="11:57">Gravdalsveien</stop>
    <stop arrival="11:58" departure="11:58">Nygård, Laksevåg</stop>
    <stop arrival="12:00" departure="12:00">Kringsjå</stop>
    <stop arrival="12:01" departure="12:01">Oldernes</stop>
    <stop arrival="12:02" departure="12:02">Vågedalen</stop>
    <stop arrival="12:03" departure="12:03">Fergeveien</stop>
    <stop arrival="12:05" departure="12:05">Jansongården</stop>
    <stop arrival="12:07" departure="12:07">Solveien</stop>
    <stop arrival="12:08" departure="12:08">Gyldenpris</stop>
    <stop arrival="12:15" departure="12:15">Christies gate (Festplassen)</stop>
    <stop arrival="12:20">Bergen Busstasjon</stop>
  </route>
  <route no="441" destination="Hjelteryggen snuplass" url="http://www.web2051.no/bin/tp/zuginfo.exe/on/163368/56316/498790/194939/1/" trafficDays="kjører Ma - Fr, ikke 13., 17., 24. Mai">
    <stop departure="11:30" routeNo="441">Straume term.</stop>
    <stop arrival="11:32" departure="11:32">Lonavegen (Fjell)</stop>
    <stop arrival="11:32" departure="11:32">Instamyra (Fjell)</stop>
    <stop arrival="11:33" departure="11:33">Straume søre (Fjell)</stop>
    <stop arrival="11:33" departure="11:33">Danielsen skole (Fjell)</stop>
    <stop arrival="11:34" departure="11:34">Storskaret (Fjell)</stop>
    <stop arrival="11:35" departure="11:35">Arefjord grustak</stop>
    <stop arrival="11:35" departure="11:35">Arefjord</stop>
    <stop arrival="11:36" departure="11:36">Arefjord sjøen</stop>
    <stop arrival="11:38" departure="11:38">Valen Tona (Fjell)</stop>
    <stop arrival="11:39" departure="11:39">Valenskiftet (Fjell)</stop>
    <stop arrival="11:40" departure="11:40">Knarrevik</stop>
    <stop arrival="11:41" departure="11:41">Knarrevik under brua</stop>
    <stop arrival="11:42" departure="11:42">Hjelteryggen Svensveien</stop>
    <stop arrival="11:44" departure="11:44">Hjelteryggen Søre Knappen</stop>
    <stop arrival="11:44" departure="11:44">Hjelteryggen Nordre knappen</stop>
    <stop arrival="11:45">Hjelteryggen snuplass</stop>
  </route>
  <route no="441" destination="Hjelteryggen snuplass" url="http://www.web2051.no/bin/tp/zuginfo.exe/on/17214/7598/894202/441363/1/" trafficDays="kjører Ma - Fr, ikke 13., 17., 24. Mai">
    <stop departure="11:30" routeNo="441">Straume term.</stop>
    <stop arrival="11:32" departure="11:32">Lonavegen (Fjell)</stop>
    <stop arrival="11:32" departure="11:32">Instamyra (Fjell)</stop>
    <stop arrival="11:33" departure="11:33">Straume søre (Fjell)</stop>
    <stop arrival="11:33" departure="11:33">Danielsen skole (Fjell)</stop>
    <stop arrival="11:34" departure="11:34">Storskaret (Fjell)</stop>
    <stop arrival="11:35" departure="11:35">Arefjord grustak</stop>
    <stop arrival="11:35" departure="11:35">Arefjord</stop>
    <stop arrival="11:36" departure="11:36">Arefjord sjøen</stop>
    <stop arrival="11:38" departure="11:38">Valen Tona (Fjell)</stop>
    <stop arrival="11:39" departure="11:39">Valenskiftet (Fjell)</stop>
    <stop arrival="11:40" departure="11:40">Knarrevik</stop>
    <stop arrival="11:41" departure="11:41">Knarrevik under brua</stop>
    <stop arrival="11:42" departure="11:42">Hjelteryggen Svensveien</stop>
    <stop arrival="11:44" departure="11:44">Hjelteryggen Søre Knappen</stop>
    <stop arrival="11:44" departure="11:44">Hjelteryggen Nordre knappen</stop>
    <stop arrival="11:45">Hjelteryggen snuplass</stop>
  </route>
  <route no="441" destination="Storavatnet term." url="http://www.web2051.no/bin/tp/zuginfo.exe/on/986784/330798/49474/304192/1/" trafficDays="kjører Ma - Lø, ikke 1., 13., 17., 24. Mai">
    <stop departure="11:50" routeNo="441">Hjelteryggen Nordre Knappen</stop>
    <stop arrival="11:51" departure="11:51">Hjelteryggen Søre Knappen</stop>
    <stop arrival="11:53" departure="11:53">Hjelteryggen Svensveien</stop>
    <stop arrival="11:54" departure="11:54">Knarrevik under brua</stop>
    <stop arrival="11:55" departure="11:55">Knarrevik</stop>
    <stop arrival="11:56" departure="11:56">Drotningsvik Rv 555</stop>
    <stop arrival="11:56" departure="11:56">Drotningsvik v/Hydro</stop>
    <stop arrival="11:57" departure="11:57">Breivika</stop>
    <stop arrival="11:58" departure="11:58">Breivikdalen</stop>
    <stop arrival="12:00" departure="12:00">Breivikskiftet</stop>
    <stop arrival="12:01" departure="12:01">Kiplehaugen</stop>
    <stop arrival="12:02" departure="12:02">Nedre Godvik</stop>
    <stop arrival="12:03" departure="12:03">Øvre Godvik</stop>
    <stop arrival="12:05" departure="12:05">Godviksvingene</stop>
    <stop arrival="12:07" departure="12:07">Ørjebekk</stop>
    <stop arrival="12:10">Storavatnet term.</stop>
  </route>
  <route no="441" destination="Storavatnet term." url="http://www.web2051.no/bin/tp/zuginfo.exe/on/650187/218599/397192/18134/1/" trafficDays="kjører Ma - Lø, ikke 1., 13., 17., 24. Mai">
    <stop departure="11:50" routeNo="441">Hjelteryggen Nordre Knappen</stop>
    <stop arrival="11:51" departure="11:51">Hjelteryggen Søre Knappen</stop>
    <stop arrival="11:53" departure="11:53">Hjelteryggen Svensveien</stop>
    <stop arrival="11:54" departure="11:54">Knarrevik under brua</stop>
    <stop arrival="11:55" departure="11:55">Knarrevik</stop>
    <stop arrival="11:56" departure="11:56">Drotningsvik Rv 555</stop>
    <stop arrival="11:56" departure="11:56">Drotningsvik v/Hydro</stop>
    <stop arrival="11:57" departure="11:57">Breivika</stop>
    <stop arrival="11:58" departure="11:58">Breivikdalen</stop>
    <stop arrival="12:00" departure="12:00">Breivikskiftet</stop>
    <stop arrival="12:01" departure="12:01">Kiplehaugen</stop>
    <stop arrival="12:02" departure="12:02">Nedre Godvik</stop>
    <stop arrival="12:03" departure="12:03">Øvre Godvik</stop>
    <stop arrival="12:05" departure="12:05">Godviksvingene</stop>
    <stop arrival="12:07" departure="12:07">Ørjebekk</stop>
    <stop arrival="12:10">Storavatnet term.</stop>
  </route>
  <route no="32" destination="Straume term." url="http://www.web2051.no/bin/tp/zuginfo.exe/on/128094/43961/981484/448044/1/" trafficDays="kjører Ma - Fr, ikke 13., 17., 24. Mai">
    <stop departure="11:15" routeNo="32">Bergen Busstasjon</stop>
    <stop arrival="11:18" departure="11:18">Olav Kyrres gate</stop>
    <stop arrival="11:20" departure="11:20">Møhlenpris v/ Industrihuset</stop>
    <stop arrival="11:21" departure="11:21">Gyldenpris</stop>
    <stop arrival="11:26" departure="11:26">Løvstakktunnelen</stop>
    <stop arrival="11:27" departure="11:27">Sikthaugen</stop>
    <stop arrival="11:28" departure="11:28">Hamregården</stop>
    <stop arrival="11:28" departure="11:28">Nebbeveien</stop>
    <stop arrival="11:29" departure="11:29">Løvås</stop>
    <stop arrival="11:30" departure="11:30">Oasen Terminal</stop>
    <stop arrival="11:31" departure="11:31">Skarphaugen</stop>
    <stop arrival="11:33" departure="11:33">Fyllingdsalsveien v/Shell</stop>
    <stop arrival="11:35" departure="11:35">Sandeide terminal</stop>
    <stop arrival="11:36" departure="11:36">Sandeidet barnehage</stop>
    <stop arrival="11:36" departure="11:36">Sandeidbråtet</stop>
    <stop arrival="11:37" departure="11:37">Bjørge</stop>
    <stop arrival="11:39" departure="11:39">Kjerreidviken</stop>
    <stop arrival="11:41" departure="11:41">Bjørndalsskogen</stop>
    <stop arrival="11:42" departure="11:42">Sætermyr</stop>
    <stop arrival="11:43" departure="11:43">Ravnestølen</stop>
    <stop arrival="11:45" departure="11:45">Bjørndalstræ R557</stop>
    <stop arrival="11:47" departure="11:47">Loddefjord term.</stop>
    <stop arrival="11:49" departure="11:49">Loddefjorddalen</stop>
    <stop arrival="11:50" departure="11:50">Frida Fasmer</stop>
    <stop arrival="11:51" departure="11:51">Frida Fasmer R555</stop>
    <stop arrival="11:52" departure="11:52">Storavatnet term.</stop>
    <stop arrival="11:54" departure="11:54">Breivikskiftet</stop>
    <stop arrival="11:55" departure="11:55">Drotningsvik Rv 555</stop>
    <stop arrival="11:57" departure="11:57">Knarrevik</stop>
    <stop arrival="12:02">Straume term.</stop>
  </route>
</routes>
