<?xml version="1.0" encoding="UTF-8"?>
<routes>
  <route no="285" destination="Åsane terminal" url="http://www.web2051.no/bin/tp/zuginfo.exe/on/73983/29882/92644/21662/1/" trafficDays="kjører Lø, ikke 1. Mai">
    <stop departure="10:55" routeNo="285">Breistein snuplass</stop>
    <stop arrival="10:57" departure="10:57">Såtavegen</stop>
    <stop arrival="10:58" departure="10:58">Eikemo (Åsane)</stop>
    <stop arrival="11:00" departure="11:00">Breistein kai</stop>
    <stop arrival="11:01" departure="11:01">Kaiveg</stop>
    <stop arrival="11:02" departure="11:02">Vollane</stop>
    <stop arrival="11:04" departure="11:04">Vestlandsheimen</stop>
    <stop arrival="11:05" departure="11:05">Myrsæter</stop>
    <stop arrival="11:05" departure="11:05">Haukås barnehage</stop>
    <stop arrival="11:06" departure="11:06">Haukåsvegen</stop>
    <stop arrival="11:08" departure="11:08">Vikaleitet</stop>
    <stop arrival="11:09" departure="11:09">Eikås</stop>
    <stop arrival="11:10" departure="11:10">Vågsbotn</stop>
    <stop arrival="11:11" departure="11:11">Liavegen (Åsane)</stop>
    <stop arrival="11:11" departure="11:11">Domus Nyborg</stop>
    <stop arrival="11:12" departure="11:12">Nyborg</stop>
    <stop arrival="11:13" departure="11:13">Salhuskrysset</stop>
    <stop arrival="11:14" departure="11:14">Litleåskryss</stop>
    <stop arrival="11:14" departure="11:14">Rollandskrysset</stop>
    <stop arrival="11:15">Åsane terminal</stop>
  </route>
  <route no="380" destination="Bergen Busstasjon" url="http://www.web2051.no/bin/tp/zuginfo.exe/on/856815/286524/497116/37047/1/" trafficDays="kjører Ma - Fr, ikke 13., 17., 24. Mai">
    <stop departure="10:50" routeNo="380">Lonevåg terminal</stop>
    <stop arrival="10:51" departure="10:51">Kårvik vkr. (Osterøy)</stop>
    <stop arrival="10:52" departure="10:52">Lone N , Osterøy</stop>
    <stop arrival="10:53" departure="10:53">Lone, Osterøy</stop>
    <stop arrival="10:53" departure="10:53">Lone Bru, Osterøy</stop>
    <stop arrival="10:54" departure="10:54">Revheim</stop>
    <stop arrival="10:55" departure="10:55">Revheim</stop>
    <stop arrival="10:57" departure="10:57">Øyjordsbru</stop>
    <stop arrival="10:57" departure="10:57">Haugsviksvingen</stop>
    <stop arrival="10:58" departure="10:58">Hauge skule (Osterøy)</stop>
    <stop arrival="10:59" departure="10:59">Hauge (Osterøy)</stop>
    <stop arrival="11:00" departure="11:00">Hauge Industrier (Osterøy)</stop>
    <stop arrival="11:02" departure="11:02">Halland S, Osterøy</stop>
    <stop arrival="11:03" departure="11:03">Halland, Osterøy</stop>
    <stop arrival="11:05" departure="11:05">Småland</stop>
    <stop arrival="11:07" departure="11:07">Loftås (Osterøy)</stop>
    <stop arrival="11:09" departure="11:09">Elvikneset</stop>
    <stop arrival="11:11" departure="11:11">Bullabrekka (Osterøy)</stop>
    <stop arrival="11:14" departure="11:14">Valestrand</stop>
    <stop arrival="11:15" departure="11:15">Valestrand</stop>
    <stop arrival="11:25" departure="11:25">Breistein kai</stop>
    <stop arrival="11:26" departure="11:26">Kaiveg</stop>
    <stop arrival="11:27" departure="11:27">Vollane</stop>
    <stop arrival="11:29" departure="11:29">Vestlandsheimen</stop>
    <stop arrival="11:30" departure="11:30">Myrsæter</stop>
    <stop arrival="11:30" departure="11:30">Haukås barnehage</stop>
    <stop arrival="11:31" departure="11:31">Haukåsvegen</stop>
    <stop arrival="11:33" departure="11:33">Vikaleitet</stop>
    <stop arrival="11:34" departure="11:34">Eikås</stop>
    <stop arrival="11:34" departure="11:34">Vågsbotn</stop>
    <stop arrival="11:35" departure="11:35">Liavegen (Åsane)</stop>
    <stop arrival="11:36" departure="11:36">Domus Nyborg</stop>
    <stop arrival="11:36" departure="11:36">Nyborg</stop>
    <stop arrival="11:37" departure="11:37">Salhuskrysset</stop>
    <stop arrival="11:38" departure="11:38">Litleåskryss</stop>
    <stop arrival="11:38" departure="11:38">Rollandskrysset</stop>
    <stop arrival="11:39" departure="11:39">Åsane terminal</stop>
    <stop arrival="11:44" departure="11:44">Eidsvåg</stop>
    <stop arrival="11:49" departure="11:49">Handelshøyskolen</stop>
    <stop arrival="11:51" departure="11:51">Nyhavnsvei (Gamle Bergen)</stop>
    <stop arrival="11:53" departure="11:53">Munkebotten</stop>
    <stop arrival="11:54" departure="11:54">Ludebryggen</stop>
    <stop arrival="11:56" departure="11:56">Sandvikstorget</stop>
    <stop arrival="11:57" departure="11:57">Skutevikstorget</stop>
    <stop arrival="11:59" departure="11:59">Bontelabo</stop>
    <stop arrival="12:00" departure="12:00">Slottsgaten</stop>
    <stop arrival="12:01" departure="12:01">Bryggen</stop>
    <stop arrival="12:02" departure="12:02">Olav Kyrres gate</stop>
    <stop arrival="12:04" departure="12:04">Kaigaten/v. Jernbanen</stop>
    <stop arrival="12:05">Bergen Busstasjon</stop>
  </route>
  <route no="285" destination="Breistein snuplass" url="http://www.web2051.no/bin/tp/zuginfo.exe/on/81975/32533/635438/290395/1/" trafficDays="kjører daglig">
    <stop departure="11:35" routeNo="285">Åsane terminal</stop>
    <stop arrival="11:36" departure="11:36">Rollandskrysset</stop>
    <stop arrival="11:36" departure="11:36">Litleåskryss</stop>
    <stop arrival="11:37" departure="11:37">Salhuskrysset</stop>
    <stop arrival="11:38" departure="11:38">Nyborg</stop>
    <stop arrival="11:40" departure="11:40">Domus Nyborg</stop>
    <stop arrival="11:41" departure="11:41">Liavegen (Åsane)</stop>
    <stop arrival="11:42" departure="11:42">Vågsbotn</stop>
    <stop arrival="11:42" departure="11:42">Eikås</stop>
    <stop arrival="11:43" departure="11:43">Vikaleitet</stop>
    <stop arrival="11:44" departure="11:44">Haukåsvegen</stop>
    <stop arrival="11:45" departure="11:45">Haukås barnehage</stop>
    <stop arrival="11:45" departure="11:45">Myrsæter</stop>
    <stop arrival="11:46" departure="11:46">Bergen Travpark</stop>
    <stop arrival="11:47" departure="11:47">Vestlandsheimen</stop>
    <stop arrival="11:49" departure="11:49">Vollane</stop>
    <stop arrival="11:49" departure="11:49">Kaiveg</stop>
    <stop arrival="11:50" departure="11:50">Breistein kai</stop>
    <stop arrival="11:52" departure="11:52">Eikemo (Åsane)</stop>
    <stop arrival="11:53" departure="11:53">Såtavegen</stop>
    <stop arrival="11:55">Breistein snuplass</stop>
  </route>
  <route no="285" destination="Åsane terminal" url="http://www.web2051.no/bin/tp/zuginfo.exe/on/78690/31463/159666/53606/1/" trafficDays="kjører Ma - Fr, ikke 13., 17., 24. Mai">
    <stop departure="11:55" routeNo="285">Breistein snuplass</stop>
    <stop arrival="11:56" departure="11:56">Såtavegen</stop>
    <stop arrival="11:56" departure="11:56">Eikemo (Åsane)</stop>
    <stop arrival="11:57" departure="11:57">Breistein kai</stop>
    <stop arrival="11:58" departure="11:58">Kaiveg</stop>
    <stop arrival="12:00" departure="12:00">Vollane</stop>
    <stop arrival="12:03" departure="12:03">Vestlandsheimen</stop>
    <stop arrival="12:05" departure="12:05">Myrsæter</stop>
    <stop arrival="12:05" departure="12:05">Haukås barnehage</stop>
    <stop arrival="12:06" departure="12:06">Haukåsvegen</stop>
    <stop arrival="12:07" departure="12:07">Vikaleitet</stop>
    <stop arrival="12:08" departure="12:08">Eikås</stop>
    <stop arrival="12:08" departure="12:08">Vågsbotn</stop>
    <stop arrival="12:09" departure="12:09">Liavegen (Åsane)</stop>
    <stop arrival="12:10" departure="12:10">Domus Nyborg</stop>
    <stop arrival="12:12" departure="12:12">Nyborg</stop>
    <stop arrival="12:13" departure="12:13">Salhuskrysset</stop>
    <stop arrival="12:14" departure="12:14">Litleåskryss</stop>
    <stop arrival="12:14" departure="12:14">Rollandskrysset</stop>
    <stop arrival="12:15">Åsane terminal</stop>
  </route>
</routes>
