<?xml version="1.0" encoding="UTF-8"?>
<routes>
  <route no="31" destination="Mannsverk vognstasjon" url="http://www.web2051.no/bin/tp/zuginfo.exe/on/302352/105228/127138/37219/1/" trafficDays="kjører Ma - Fr, ikke 13., 17., 24. Mai">
    <stop departure="10:15" routeNo="31">Varden</stop>
    <stop arrival="10:16" departure="10:16">Vardeveien</stop>
    <stop arrival="10:16" departure="10:16">Vardesvingen</stop>
    <stop arrival="10:17" departure="10:17">Varden skole</stop>
    <stop arrival="10:18" departure="10:18">Allestadveien</stop>
    <stop arrival="10:18" departure="10:18">Allestadhaugen</stop>
    <stop arrival="10:19" departure="10:19">Hesjaholtet</stop>
    <stop arrival="10:20" departure="10:20">Allestadhaugen</stop>
    <stop arrival="10:20" departure="10:20">Allestadveien</stop>
    <stop arrival="10:22" departure="10:22">Myrholtet</stop>
    <stop arrival="10:22" departure="10:22">Krokatjønnveien</stop>
    <stop arrival="10:23" departure="10:23">St.Hanshaugen</stop>
    <stop arrival="10:24" departure="10:24">Skarphaugen</stop>
    <stop arrival="10:25" departure="10:25">Oasen Terminal</stop>
    <stop arrival="10:26" departure="10:26">Løvås</stop>
    <stop arrival="10:27" departure="10:27">Nebbeveien</stop>
    <stop arrival="10:27" departure="10:27">Hamregården</stop>
    <stop arrival="10:28" departure="10:28">Sikthaugen</stop>
    <stop arrival="10:33" departure="10:33">Gyldenpris</stop>
    <stop arrival="10:34" departure="10:34">Møhlenpris v/ Industrihuset</stop>
    <stop arrival="10:36" departure="10:36">Nøstet</stop>
    <stop arrival="10:40" departure="10:40">Strandgaten (Svaneapoteket)</stop>
    <stop arrival="10:42" departure="10:42">Småstrandgaten</stop>
    <stop arrival="10:43" departure="10:43">Nygaten</stop>
    <stop arrival="10:44" departure="10:44">Statsporten (jernbanen)</stop>
    <stop arrival="10:47" departure="10:47">Kalfarlien</stop>
    <stop arrival="10:48" departure="10:48">Kalvedalsveien</stop>
    <stop arrival="10:49" departure="10:49">Svartediksveien</stop>
    <stop arrival="10:50" departure="10:50">Statsarkivet</stop>
    <stop arrival="10:51" departure="10:51">Haraldsplass sykehus</stop>
    <stop arrival="10:52" departure="10:52">Haukeland sykehus nord</stop>
    <stop arrival="10:54" departure="10:54">Haukeland sykehus sør</stop>
    <stop arrival="10:55" departure="10:55">Fridalen</stop>
    <stop arrival="10:57" departure="10:57">Langhaugen</stop>
    <stop arrival="10:58" departure="10:58">Lærerskolen, Landås</stop>
    <stop arrival="11:00" departure="11:00">Lægdene</stop>
    <stop arrival="11:00" departure="11:00">Lægdenesvingen</stop>
    <stop arrival="11:01" departure="11:01">Montana</stop>
    <stop arrival="11:02" departure="11:02">Sollien v/nr. 57</stop>
    <stop arrival="11:02" departure="11:02">Sollien v/nr. 87</stop>
    <stop arrival="11:03" departure="11:03">Sollien v/nr. 126</stop>
    <stop arrival="11:03" departure="11:03">Kanonhaugen</stop>
    <stop arrival="11:04" departure="11:04">Kolstien</stop>
    <stop arrival="11:04" departure="11:04">Strimmelen</stop>
    <stop arrival="11:05">Mannsverk vognstasjon</stop>
  </route>
  <route no="31" destination="Mannsverk vognstasjon" url="http://www.web2051.no/bin/tp/zuginfo.exe/on/702900/238715/706728/119065/1/" trafficDays="kjører Lø, ikke 1. Mai">
    <stop departure="10:15" routeNo="31">Varden</stop>
    <stop arrival="10:16" departure="10:16">Vardeveien</stop>
    <stop arrival="10:16" departure="10:16">Vardesvingen</stop>
    <stop arrival="10:17" departure="10:17">Varden skole</stop>
    <stop arrival="10:18" departure="10:18">Allestadveien</stop>
    <stop arrival="10:18" departure="10:18">Allestadhaugen</stop>
    <stop arrival="10:19" departure="10:19">Hesjaholtet</stop>
    <stop arrival="10:20" departure="10:20">Allestadhaugen</stop>
    <stop arrival="10:20" departure="10:20">Allestadveien</stop>
    <stop arrival="10:22" departure="10:22">Myrholtet</stop>
    <stop arrival="10:22" departure="10:22">Krokatjønnveien</stop>
    <stop arrival="10:23" departure="10:23">St.Hanshaugen</stop>
    <stop arrival="10:24" departure="10:24">Skarphaugen</stop>
    <stop arrival="10:25" departure="10:25">Oasen Terminal</stop>
    <stop arrival="10:26" departure="10:26">Løvås</stop>
    <stop arrival="10:26" departure="10:26">Nebbeveien</stop>
    <stop arrival="10:27" departure="10:27">Hamregården</stop>
    <stop arrival="10:28" departure="10:28">Sikthaugen</stop>
    <stop arrival="10:32" departure="10:32">Gyldenpris</stop>
    <stop arrival="10:34" departure="10:34">Møhlenpris v/ Industrihuset</stop>
    <stop arrival="10:36" departure="10:36">Nøstet</stop>
    <stop arrival="10:40" departure="10:40">Strandgaten (Svaneapoteket)</stop>
    <stop arrival="10:45" departure="10:45">Småstrandgaten</stop>
    <stop arrival="10:46" departure="10:46">Nygaten</stop>
    <stop arrival="10:47" departure="10:47">Statsporten (jernbanen)</stop>
    <stop arrival="10:50" departure="10:50">Kalfarlien</stop>
    <stop arrival="10:51" departure="10:51">Kalvedalsveien</stop>
    <stop arrival="10:52" departure="10:52">Svartediksveien</stop>
    <stop arrival="10:53" departure="10:53">Statsarkivet</stop>
    <stop arrival="10:54" departure="10:54">Haraldsplass sykehus</stop>
    <stop arrival="10:55" departure="10:55">Haukeland sykehus nord</stop>
    <stop arrival="10:57" departure="10:57">Haukeland sykehus sør</stop>
    <stop arrival="10:58" departure="10:58">Fridalen</stop>
    <stop arrival="10:59" departure="10:59">Langhaugen</stop>
    <stop arrival="11:01" departure="11:01">Lærerskolen, Landås</stop>
    <stop arrival="11:02" departure="11:02">Lægdene</stop>
    <stop arrival="11:03" departure="11:03">Lægdenesvingen</stop>
    <stop arrival="11:03" departure="11:03">Montana</stop>
    <stop arrival="11:04" departure="11:04">Sollien v/nr. 57</stop>
    <stop arrival="11:05" departure="11:05">Sollien v/nr. 87</stop>
    <stop arrival="11:05" departure="11:05">Sollien v/nr. 126</stop>
    <stop arrival="11:06" departure="11:06">Kanonhaugen</stop>
    <stop arrival="11:06" departure="11:06">Kolstien</stop>
    <stop arrival="11:07" departure="11:07">Strimmelen</stop>
    <stop arrival="11:08">Mannsverk vognstasjon</stop>
  </route>
  <route no="31" destination="Varden" url="http://www.web2051.no/bin/tp/zuginfo.exe/on/75606/29618/450126/199863/1/" trafficDays="kjører Lø, ikke 1. Mai">
    <stop departure="11:10" routeNo="31">Mannsverk vognstasjon</stop>
    <stop arrival="11:10" departure="11:10">Wiers -Jenssens vei</stop>
    <stop arrival="11:11" departure="11:11">Strimmelen</stop>
    <stop arrival="11:12" departure="11:12">Kolstien</stop>
    <stop arrival="11:14" departure="11:14">Kanonhaugen</stop>
    <stop arrival="11:15" departure="11:15">Lægdene</stop>
    <stop arrival="11:15" departure="11:15">Lægdenesvingen</stop>
    <stop arrival="11:16" departure="11:16">Montana</stop>
    <stop arrival="11:16" departure="11:16">Sollien v/nr. 57</stop>
    <stop arrival="11:17" departure="11:17">Sollien v/nr. 87</stop>
    <stop arrival="11:17" departure="11:17">Sollien v/nr. 126</stop>
    <stop arrival="11:17" departure="11:17">Lægdene</stop>
    <stop arrival="11:18" departure="11:18">Lærerskolen, Landås</stop>
    <stop arrival="11:18" departure="11:18">Langhaugen</stop>
    <stop arrival="11:19" departure="11:19">Fridalen</stop>
    <stop arrival="11:19" departure="11:19">Haukeland sykehus sør</stop>
    <stop arrival="11:20" departure="11:20">Haukeland sykehus nord</stop>
    <stop arrival="11:20" departure="11:20">Haraldsplass sykehus</stop>
    <stop arrival="11:21" departure="11:21">Haukeland skole</stop>
    <stop arrival="11:23" departure="11:23">Svartediksveien</stop>
    <stop arrival="11:24" departure="11:24">Kalvedalsveien</stop>
    <stop arrival="11:26" departure="11:26">Kalfarlien</stop>
    <stop arrival="11:27" departure="11:27">Stadsporten (jernbanen)</stop>
    <stop arrival="11:29" departure="11:29">Kong Oscars gate</stop>
    <stop arrival="11:30" departure="11:30">Allehelgensgate</stop>
    <stop arrival="11:35" departure="11:35">Olav Kyrres gate</stop>
    <stop arrival="11:38" departure="11:38">Møhlenpris v/ Industrihuset</stop>
    <stop arrival="11:40" departure="11:40">Gyldenpris</stop>
    <stop arrival="11:44" departure="11:44">Løvstakktunnelen</stop>
    <stop arrival="11:45" departure="11:45">Sikthaugen</stop>
    <stop arrival="11:46" departure="11:46">Hamregården</stop>
    <stop arrival="11:46" departure="11:46">Nebbeveien</stop>
    <stop arrival="11:47" departure="11:47">Løvås</stop>
    <stop arrival="11:48" departure="11:48">Oasen Terminal</stop>
    <stop arrival="11:49" departure="11:49">Skarphaugen</stop>
    <stop arrival="11:50" departure="11:50">St.Hanshaugen</stop>
    <stop arrival="11:51" departure="11:51">Krokatjønnveien</stop>
    <stop arrival="11:51" departure="11:51">Myrholtet</stop>
    <stop arrival="11:52" departure="11:52">Allestadveien</stop>
    <stop arrival="11:52" departure="11:52">Allestadhaugen</stop>
    <stop arrival="11:53" departure="11:53">Hesjaholtet</stop>
    <stop arrival="11:54" departure="11:54">Allestadhaugen</stop>
    <stop arrival="11:55" departure="11:55">Allestadveien</stop>
    <stop arrival="11:56" departure="11:56">Varden skole</stop>
    <stop arrival="11:57" departure="11:57">Vardesvingen</stop>
    <stop arrival="11:57" departure="11:57">Vardeveien</stop>
    <stop arrival="11:58">Varden</stop>
  </route>
  <route no="31" destination="Varden" url="http://www.web2051.no/bin/tp/zuginfo.exe/on/668265/227188/121210/162159/1/" trafficDays="kjører Ma - Fr, ikke 13., 17., 24. Mai">
    <stop departure="11:13" routeNo="31">Mannsverk vognstasjon</stop>
    <stop arrival="11:13" departure="11:13">Wiers -Jenssens vei</stop>
    <stop arrival="11:14" departure="11:14">Strimmelen</stop>
    <stop arrival="11:15" departure="11:15">Kolstien</stop>
    <stop arrival="11:17" departure="11:17">Kanonhaugen</stop>
    <stop arrival="11:18" departure="11:18">Lægdene</stop>
    <stop arrival="11:18" departure="11:18">Lægdenesvingen</stop>
    <stop arrival="11:19" departure="11:19">Montana</stop>
    <stop arrival="11:20" departure="11:20">Sollien v/nr. 57</stop>
    <stop arrival="11:20" departure="11:20">Sollien v/nr. 87</stop>
    <stop arrival="11:21" departure="11:21">Sollien v/nr. 126</stop>
    <stop arrival="11:21" departure="11:21">Lægdene</stop>
    <stop arrival="11:22" departure="11:22">Lærerskolen, Landås</stop>
    <stop arrival="11:23" departure="11:23">Langhaugen</stop>
    <stop arrival="11:23" departure="11:23">Fridalen</stop>
    <stop arrival="11:24" departure="11:24">Haukeland sykehus sør</stop>
    <stop arrival="11:25" departure="11:25">Haukeland sykehus nord</stop>
    <stop arrival="11:25" departure="11:25">Haraldsplass sykehus</stop>
    <stop arrival="11:26" departure="11:26">Haukeland skole</stop>
    <stop arrival="11:28" departure="11:28">Svartediksveien</stop>
    <stop arrival="11:29" departure="11:29">Kalvedalsveien</stop>
    <stop arrival="11:31" departure="11:31">Kalfarlien</stop>
    <stop arrival="11:32" departure="11:32">Stadsporten (jernbanen)</stop>
    <stop arrival="11:34" departure="11:34">Kong Oscars gate</stop>
    <stop arrival="11:35" departure="11:35">Allehelgensgate</stop>
    <stop arrival="11:40" departure="11:40">Olav Kyrres gate</stop>
    <stop arrival="11:43" departure="11:43">Møhlenpris v/ Industrihuset</stop>
    <stop arrival="11:45" departure="11:45">Gyldenpris</stop>
    <stop arrival="11:48" departure="11:48">Løvstakktunnelen</stop>
    <stop arrival="11:49" departure="11:49">Sikthaugen</stop>
    <stop arrival="11:49" departure="11:49">Hamregården</stop>
    <stop arrival="11:50" departure="11:50">Nebbeveien</stop>
    <stop arrival="11:50" departure="11:50">Løvås</stop>
    <stop arrival="11:51" departure="11:51">Oasen Terminal</stop>
    <stop arrival="11:52" departure="11:52">Skarphaugen</stop>
    <stop arrival="11:53" departure="11:53">St.Hanshaugen</stop>
    <stop arrival="11:54" departure="11:54">Krokatjønnveien</stop>
    <stop arrival="11:54" departure="11:54">Myrholtet</stop>
    <stop arrival="11:55" departure="11:55">Allestadveien</stop>
    <stop arrival="11:55" departure="11:55">Allestadhaugen</stop>
    <stop arrival="11:56" departure="11:56">Hesjaholtet</stop>
    <stop arrival="11:57" departure="11:57">Allestadhaugen</stop>
    <stop arrival="11:58" departure="11:58">Allestadveien</stop>
    <stop arrival="11:59" departure="11:59">Varden skole</stop>
    <stop arrival="12:00" departure="12:00">Vardesvingen</stop>
    <stop arrival="12:00" departure="12:00">Vardeveien</stop>
    <stop arrival="12:01">Varden</stop>
  </route>
  <route no="31" destination="Varden" url="http://www.web2051.no/bin/tp/zuginfo.exe/on/468369/160519/625708/156731/1/" trafficDays="kjører Sø, også 1., 13., 17., 24. Mai">
    <stop departure="11:25" routeNo="31">Mannsverk vognstasjon</stop>
    <stop arrival="11:25" departure="11:25">Wiers -Jenssens vei</stop>
    <stop arrival="11:26" departure="11:26">Strimmelen</stop>
    <stop arrival="11:27" departure="11:27">Kolstien</stop>
    <stop arrival="11:29" departure="11:29">Kanonhaugen</stop>
    <stop arrival="11:30" departure="11:30">Lægdene</stop>
    <stop arrival="11:30" departure="11:30">Lægdenesvingen</stop>
    <stop arrival="11:31" departure="11:31">Montana</stop>
    <stop arrival="11:31" departure="11:31">Sollien v/nr. 57</stop>
    <stop arrival="11:32" departure="11:32">Sollien v/nr. 87</stop>
    <stop arrival="11:32" departure="11:32">Sollien v/nr. 126</stop>
    <stop arrival="11:32" departure="11:32">Lægdene</stop>
    <stop arrival="11:33" departure="11:33">Lærerskolen, Landås</stop>
    <stop arrival="11:33" departure="11:33">Langhaugen</stop>
    <stop arrival="11:34" departure="11:34">Fridalen</stop>
    <stop arrival="11:34" departure="11:34">Haukeland sykehus sør</stop>
    <stop arrival="11:35" departure="11:35">Haukeland sykehus nord</stop>
    <stop arrival="11:35" departure="11:35">Haraldsplass sykehus</stop>
    <stop arrival="11:36" departure="11:36">Haukeland skole</stop>
    <stop arrival="11:38" departure="11:38">Svartediksveien</stop>
    <stop arrival="11:39" departure="11:39">Kalvedalsveien</stop>
    <stop arrival="11:41" departure="11:41">Kalfarlien</stop>
    <stop arrival="11:42" departure="11:42">Stadsporten (jernbanen)</stop>
    <stop arrival="11:44" departure="11:44">Kong Oscars gate</stop>
    <stop arrival="11:45" departure="11:45">Allehelgensgate</stop>
    <stop arrival="11:50" departure="11:50">Olav Kyrres gate</stop>
    <stop arrival="11:53" departure="11:53">Møhlenpris v/ Industrihuset</stop>
    <stop arrival="11:55" departure="11:55">Gyldenpris</stop>
    <stop arrival="11:58" departure="11:58">Løvstakktunnelen</stop>
    <stop arrival="11:59" departure="11:59">Vestlundveien</stop>
    <stop arrival="12:00" departure="12:00">Storhammeren (Betanien)</stop>
    <stop arrival="12:00" departure="12:00">Vestlund beh.sent.</stop>
    <stop arrival="12:01" departure="12:01">Seljedalen skole</stop>
    <stop arrival="12:01" departure="12:01">Løvåsveien</stop>
    <stop arrival="12:02" departure="12:02">Nebbeveien</stop>
    <stop arrival="12:02" departure="12:02">Løvås</stop>
    <stop arrival="12:03" departure="12:03">Oasen Terminal</stop>
    <stop arrival="12:04" departure="12:04">Skarphaugen</stop>
    <stop arrival="12:05" departure="12:05">St.Hanshaugen</stop>
    <stop arrival="12:06" departure="12:06">Krokatjønnveien</stop>
    <stop arrival="12:06" departure="12:06">Myrholtet</stop>
    <stop arrival="12:07" departure="12:07">Allestadveien</stop>
    <stop arrival="12:07" departure="12:07">Allestadhaugen</stop>
    <stop arrival="12:08" departure="12:08">Hesjaholtet</stop>
    <stop arrival="12:09" departure="12:09">Allestadhaugen</stop>
    <stop arrival="12:09" departure="12:09">Allestadveien</stop>
    <stop arrival="12:10" departure="12:10">Varden skole</stop>
    <stop arrival="12:11" departure="12:11">Vardesvingen</stop>
    <stop arrival="12:11" departure="12:11">Vardeveien</stop>
    <stop arrival="12:12">Varden</stop>
  </route>
  <route no="31" destination="Mannsverk vognstasjon" url="http://www.web2051.no/bin/tp/zuginfo.exe/on/507276/173536/689934/175880/1/" trafficDays="kjører Ma - Fr, ikke 13., 17., 24. Mai">
    <stop departure="10:45" routeNo="31">Varden</stop>
    <stop arrival="10:46" departure="10:46">Vardeveien</stop>
    <stop arrival="10:46" departure="10:46">Vardesvingen</stop>
    <stop arrival="10:47" departure="10:47">Varden skole</stop>
    <stop arrival="10:48" departure="10:48">Allestadveien</stop>
    <stop arrival="10:48" departure="10:48">Allestadhaugen</stop>
    <stop arrival="10:49" departure="10:49">Hesjaholtet</stop>
    <stop arrival="10:50" departure="10:50">Allestadhaugen</stop>
    <stop arrival="10:50" departure="10:50">Allestadveien</stop>
    <stop arrival="10:52" departure="10:52">Myrholtet</stop>
    <stop arrival="10:52" departure="10:52">Krokatjønnveien</stop>
    <stop arrival="10:53" departure="10:53">St.Hanshaugen</stop>
    <stop arrival="10:54" departure="10:54">Skarphaugen</stop>
    <stop arrival="10:55" departure="10:55">Oasen Terminal</stop>
    <stop arrival="10:56" departure="10:56">Løvås</stop>
    <stop arrival="10:57" departure="10:57">Nebbeveien</stop>
    <stop arrival="10:57" departure="10:57">Hamregården</stop>
    <stop arrival="10:58" departure="10:58">Sikthaugen</stop>
    <stop arrival="11:03" departure="11:03">Gyldenpris</stop>
    <stop arrival="11:04" departure="11:04">Møhlenpris v/ Industrihuset</stop>
    <stop arrival="11:06" departure="11:06">Nøstet</stop>
    <stop arrival="11:10" departure="11:10">Strandgaten (Svaneapoteket)</stop>
    <stop arrival="11:12" departure="11:12">Småstrandgaten</stop>
    <stop arrival="11:13" departure="11:13">Nygaten</stop>
    <stop arrival="11:14" departure="11:14">Statsporten (jernbanen)</stop>
    <stop arrival="11:17" departure="11:17">Kalfarlien</stop>
    <stop arrival="11:18" departure="11:18">Kalvedalsveien</stop>
    <stop arrival="11:19" departure="11:19">Svartediksveien</stop>
    <stop arrival="11:20" departure="11:20">Statsarkivet</stop>
    <stop arrival="11:21" departure="11:21">Haraldsplass sykehus</stop>
    <stop arrival="11:22" departure="11:22">Haukeland sykehus nord</stop>
    <stop arrival="11:24" departure="11:24">Haukeland sykehus sør</stop>
    <stop arrival="11:25" departure="11:25">Fridalen</stop>
    <stop arrival="11:27" departure="11:27">Langhaugen</stop>
    <stop arrival="11:28" departure="11:28">Lærerskolen, Landås</stop>
    <stop arrival="11:30" departure="11:30">Lægdene</stop>
    <stop arrival="11:30" departure="11:30">Lægdenesvingen</stop>
    <stop arrival="11:31" departure="11:31">Montana</stop>
    <stop arrival="11:32" departure="11:32">Sollien v/nr. 57</stop>
    <stop arrival="11:32" departure="11:32">Sollien v/nr. 87</stop>
    <stop arrival="11:33" departure="11:33">Sollien v/nr. 126</stop>
    <stop arrival="11:33" departure="11:33">Kanonhaugen</stop>
    <stop arrival="11:34" departure="11:34">Kolstien</stop>
    <stop arrival="11:34" departure="11:34">Strimmelen</stop>
    <stop arrival="11:35">Mannsverk vognstasjon</stop>
  </route>
  <route no="31" destination="Mannsverk vognstasjon" url="http://www.web2051.no/bin/tp/zuginfo.exe/on/603879/205708/43760/179415/1/" trafficDays="kjører Lø, ikke 1. Mai">
    <stop departure="10:45" routeNo="31">Varden</stop>
    <stop arrival="10:46" departure="10:46">Vardeveien</stop>
    <stop arrival="10:46" departure="10:46">Vardesvingen</stop>
    <stop arrival="10:47" departure="10:47">Varden skole</stop>
    <stop arrival="10:48" departure="10:48">Allestadveien</stop>
    <stop arrival="10:48" departure="10:48">Allestadhaugen</stop>
    <stop arrival="10:49" departure="10:49">Hesjaholtet</stop>
    <stop arrival="10:50" departure="10:50">Allestadhaugen</stop>
    <stop arrival="10:50" departure="10:50">Allestadveien</stop>
    <stop arrival="10:52" departure="10:52">Myrholtet</stop>
    <stop arrival="10:52" departure="10:52">Krokatjønnveien</stop>
    <stop arrival="10:53" departure="10:53">St.Hanshaugen</stop>
    <stop arrival="10:54" departure="10:54">Skarphaugen</stop>
    <stop arrival="10:55" departure="10:55">Oasen Terminal</stop>
    <stop arrival="10:56" departure="10:56">Løvås</stop>
    <stop arrival="10:56" departure="10:56">Nebbeveien</stop>
    <stop arrival="10:57" departure="10:57">Hamregården</stop>
    <stop arrival="10:58" departure="10:58">Sikthaugen</stop>
    <stop arrival="11:02" departure="11:02">Gyldenpris</stop>
    <stop arrival="11:04" departure="11:04">Møhlenpris v/ Industrihuset</stop>
    <stop arrival="11:06" departure="11:06">Nøstet</stop>
    <stop arrival="11:10" departure="11:10">Strandgaten (Svaneapoteket)</stop>
    <stop arrival="11:15" departure="11:15">Småstrandgaten</stop>
    <stop arrival="11:16" departure="11:16">Nygaten</stop>
    <stop arrival="11:17" departure="11:17">Statsporten (jernbanen)</stop>
    <stop arrival="11:20" departure="11:20">Kalfarlien</stop>
    <stop arrival="11:21" departure="11:21">Kalvedalsveien</stop>
    <stop arrival="11:22" departure="11:22">Svartediksveien</stop>
    <stop arrival="11:23" departure="11:23">Statsarkivet</stop>
    <stop arrival="11:24" departure="11:24">Haraldsplass sykehus</stop>
    <stop arrival="11:25" departure="11:25">Haukeland sykehus nord</stop>
    <stop arrival="11:27" departure="11:27">Haukeland sykehus sør</stop>
    <stop arrival="11:28" departure="11:28">Fridalen</stop>
    <stop arrival="11:29" departure="11:29">Langhaugen</stop>
    <stop arrival="11:31" departure="11:31">Lærerskolen, Landås</stop>
    <stop arrival="11:32" departure="11:32">Lægdene</stop>
    <stop arrival="11:33" departure="11:33">Lægdenesvingen</stop>
    <stop arrival="11:33" departure="11:33">Montana</stop>
    <stop arrival="11:34" departure="11:34">Sollien v/nr. 57</stop>
    <stop arrival="11:35" departure="11:35">Sollien v/nr. 87</stop>
    <stop arrival="11:35" departure="11:35">Sollien v/nr. 126</stop>
    <stop arrival="11:36" departure="11:36">Kanonhaugen</stop>
    <stop arrival="11:36" departure="11:36">Kolstien</stop>
    <stop arrival="11:37" departure="11:37">Strimmelen</stop>
    <stop arrival="11:38">Mannsverk vognstasjon</stop>
  </route>
  <route no="31" destination="Mannsverk vognstasjon" url="http://www.web2051.no/bin/tp/zuginfo.exe/on/60285/24490/88446/24128/1/" trafficDays="kjører Sø, også 1., 13., 17., 24. Mai">
    <stop departure="10:50" routeNo="31">Varden</stop>
    <stop arrival="10:51" departure="10:51">Vardeveien</stop>
    <stop arrival="10:51" departure="10:51">Vardesvingen</stop>
    <stop arrival="10:52" departure="10:52">Varden skole</stop>
    <stop arrival="10:53" departure="10:53">Allestadveien</stop>
    <stop arrival="10:53" departure="10:53">Allestadhaugen</stop>
    <stop arrival="10:54" departure="10:54">Hesjaholtet</stop>
    <stop arrival="10:55" departure="10:55">Allestadhaugen</stop>
    <stop arrival="10:55" departure="10:55">Allestadveien</stop>
    <stop arrival="10:57" departure="10:57">Myrholtet</stop>
    <stop arrival="10:57" departure="10:57">Krokatjønnveien</stop>
    <stop arrival="10:58" departure="10:58">St.Hanshaugen</stop>
    <stop arrival="10:59" departure="10:59">Skarphaugen</stop>
    <stop arrival="11:00" departure="11:00">Oasen Terminal</stop>
    <stop arrival="11:02" departure="11:02">Løvås</stop>
    <stop arrival="11:05" departure="11:05">Løvåsveien</stop>
    <stop arrival="11:06" departure="11:06">Seljedalen skole</stop>
    <stop arrival="11:06" departure="11:06">Vestlund beh.sent.</stop>
    <stop arrival="11:06" departure="11:06">Storhammeren (Betanien)</stop>
    <stop arrival="11:07" departure="11:07">Vestlundveien</stop>
    <stop arrival="11:12" departure="11:12">Gyldenpris</stop>
    <stop arrival="11:14" departure="11:14">Møhlenpris v/ Industrihuset</stop>
    <stop arrival="11:17" departure="11:17">Nøstet</stop>
    <stop arrival="11:19" departure="11:19">Strandgaten (Svaneapoteket)</stop>
    <stop arrival="11:21" departure="11:21">Småstrandgaten</stop>
    <stop arrival="11:22" departure="11:22">Nygaten</stop>
    <stop arrival="11:23" departure="11:23">Statsporten (jernbanen)</stop>
    <stop arrival="11:26" departure="11:26">Kalfarlien</stop>
    <stop arrival="11:27" departure="11:27">Kalvedalsveien</stop>
    <stop arrival="11:28" departure="11:28">Svartediksveien</stop>
    <stop arrival="11:29" departure="11:29">Statsarkivet</stop>
    <stop arrival="11:30" departure="11:30">Haraldsplass sykehus</stop>
    <stop arrival="11:31" departure="11:31">Haukeland sykehus nord</stop>
    <stop arrival="11:33" departure="11:33">Haukeland sykehus sør</stop>
    <stop arrival="11:34" departure="11:34">Fridalen</stop>
    <stop arrival="11:35" departure="11:35">Langhaugen</stop>
    <stop arrival="11:37" departure="11:37">Lærerskolen, Landås</stop>
    <stop arrival="11:38" departure="11:38">Lægdene</stop>
    <stop arrival="11:39" departure="11:39">Lægdenesvingen</stop>
    <stop arrival="11:39" departure="11:39">Montana</stop>
    <stop arrival="11:40" departure="11:40">Sollien v/nr. 57</stop>
    <stop arrival="11:41" departure="11:41">Sollien v/nr. 87</stop>
    <stop arrival="11:41" departure="11:41">Sollien v/nr. 126</stop>
    <stop arrival="11:42" departure="11:42">Kanonhaugen</stop>
    <stop arrival="11:42" departure="11:42">Kolstien</stop>
    <stop arrival="11:43" departure="11:43">Strimmelen</stop>
    <stop arrival="11:44">Mannsverk vognstasjon</stop>
  </route>
  <route no="31" destination="Varden" url="http://www.web2051.no/bin/tp/zuginfo.exe/on/581295/198181/246954/70291/1/" trafficDays="kjører Lø, ikke 1. Mai">
    <stop departure="11:40" routeNo="31">Mannsverk vognstasjon</stop>
    <stop arrival="11:40" departure="11:40">Wiers -Jenssens vei</stop>
    <stop arrival="11:41" departure="11:41">Strimmelen</stop>
    <stop arrival="11:42" departure="11:42">Kolstien</stop>
    <stop arrival="11:44" departure="11:44">Kanonhaugen</stop>
    <stop arrival="11:45" departure="11:45">Lægdene</stop>
    <stop arrival="11:45" departure="11:45">Lægdenesvingen</stop>
    <stop arrival="11:46" departure="11:46">Montana</stop>
    <stop arrival="11:46" departure="11:46">Sollien v/nr. 57</stop>
    <stop arrival="11:47" departure="11:47">Sollien v/nr. 87</stop>
    <stop arrival="11:47" departure="11:47">Sollien v/nr. 126</stop>
    <stop arrival="11:47" departure="11:47">Lægdene</stop>
    <stop arrival="11:48" departure="11:48">Lærerskolen, Landås</stop>
    <stop arrival="11:48" departure="11:48">Langhaugen</stop>
    <stop arrival="11:49" departure="11:49">Fridalen</stop>
    <stop arrival="11:49" departure="11:49">Haukeland sykehus sør</stop>
    <stop arrival="11:50" departure="11:50">Haukeland sykehus nord</stop>
    <stop arrival="11:50" departure="11:50">Haraldsplass sykehus</stop>
    <stop arrival="11:51" departure="11:51">Haukeland skole</stop>
    <stop arrival="11:53" departure="11:53">Svartediksveien</stop>
    <stop arrival="11:54" departure="11:54">Kalvedalsveien</stop>
    <stop arrival="11:56" departure="11:56">Kalfarlien</stop>
    <stop arrival="11:57" departure="11:57">Stadsporten (jernbanen)</stop>
    <stop arrival="11:59" departure="11:59">Kong Oscars gate</stop>
    <stop arrival="12:00" departure="12:00">Allehelgensgate</stop>
    <stop arrival="12:05" departure="12:05">Olav Kyrres gate</stop>
    <stop arrival="12:08" departure="12:08">Møhlenpris v/ Industrihuset</stop>
    <stop arrival="12:10" departure="12:10">Gyldenpris</stop>
    <stop arrival="12:14" departure="12:14">Løvstakktunnelen</stop>
    <stop arrival="12:15" departure="12:15">Sikthaugen</stop>
    <stop arrival="12:16" departure="12:16">Hamregården</stop>
    <stop arrival="12:16" departure="12:16">Nebbeveien</stop>
    <stop arrival="12:17" departure="12:17">Løvås</stop>
    <stop arrival="12:18" departure="12:18">Oasen Terminal</stop>
    <stop arrival="12:19" departure="12:19">Skarphaugen</stop>
    <stop arrival="12:20" departure="12:20">St.Hanshaugen</stop>
    <stop arrival="12:21" departure="12:21">Krokatjønnveien</stop>
    <stop arrival="12:21" departure="12:21">Myrholtet</stop>
    <stop arrival="12:22" departure="12:22">Allestadveien</stop>
    <stop arrival="12:22" departure="12:22">Allestadhaugen</stop>
    <stop arrival="12:23" departure="12:23">Hesjaholtet</stop>
    <stop arrival="12:24" departure="12:24">Allestadhaugen</stop>
    <stop arrival="12:25" departure="12:25">Allestadveien</stop>
    <stop arrival="12:26" departure="12:26">Varden skole</stop>
    <stop arrival="12:27" departure="12:27">Vardesvingen</stop>
    <stop arrival="12:27" departure="12:27">Vardeveien</stop>
    <stop arrival="12:28">Varden</stop>
  </route>
  <route no="31" destination="Varden" url="http://www.web2051.no/bin/tp/zuginfo.exe/on/120636/44659/838134/378855/1/" trafficDays="kjører Ma - Fr, ikke 13., 17., 24. Mai">
    <stop departure="11:43" routeNo="31">Mannsverk vognstasjon</stop>
    <stop arrival="11:43" departure="11:43">Wiers -Jenssens vei</stop>
    <stop arrival="11:44" departure="11:44">Strimmelen</stop>
    <stop arrival="11:45" departure="11:45">Kolstien</stop>
    <stop arrival="11:47" departure="11:47">Kanonhaugen</stop>
    <stop arrival="11:48" departure="11:48">Lægdene</stop>
    <stop arrival="11:48" departure="11:48">Lægdenesvingen</stop>
    <stop arrival="11:49" departure="11:49">Montana</stop>
    <stop arrival="11:50" departure="11:50">Sollien v/nr. 57</stop>
    <stop arrival="11:50" departure="11:50">Sollien v/nr. 87</stop>
    <stop arrival="11:51" departure="11:51">Sollien v/nr. 126</stop>
    <stop arrival="11:51" departure="11:51">Lægdene</stop>
    <stop arrival="11:52" departure="11:52">Lærerskolen, Landås</stop>
    <stop arrival="11:53" departure="11:53">Langhaugen</stop>
    <stop arrival="11:53" departure="11:53">Fridalen</stop>
    <stop arrival="11:54" departure="11:54">Haukeland sykehus sør</stop>
    <stop arrival="11:55" departure="11:55">Haukeland sykehus nord</stop>
    <stop arrival="11:55" departure="11:55">Haraldsplass sykehus</stop>
    <stop arrival="11:56" departure="11:56">Haukeland skole</stop>
    <stop arrival="11:58" departure="11:58">Svartediksveien</stop>
    <stop arrival="11:59" departure="11:59">Kalvedalsveien</stop>
    <stop arrival="12:01" departure="12:01">Kalfarlien</stop>
    <stop arrival="12:02" departure="12:02">Stadsporten (jernbanen)</stop>
    <stop arrival="12:04" departure="12:04">Kong Oscars gate</stop>
    <stop arrival="12:05" departure="12:05">Allehelgensgate</stop>
    <stop arrival="12:10" departure="12:10">Olav Kyrres gate</stop>
    <stop arrival="12:13" departure="12:13">Møhlenpris v/ Industrihuset</stop>
    <stop arrival="12:15" departure="12:15">Gyldenpris</stop>
    <stop arrival="12:18" departure="12:18">Løvstakktunnelen</stop>
    <stop arrival="12:19" departure="12:19">Sikthaugen</stop>
    <stop arrival="12:19" departure="12:19">Hamregården</stop>
    <stop arrival="12:20" departure="12:20">Nebbeveien</stop>
    <stop arrival="12:20" departure="12:20">Løvås</stop>
    <stop arrival="12:21" departure="12:21">Oasen Terminal</stop>
    <stop arrival="12:22" departure="12:22">Skarphaugen</stop>
    <stop arrival="12:23" departure="12:23">St.Hanshaugen</stop>
    <stop arrival="12:24" departure="12:24">Krokatjønnveien</stop>
    <stop arrival="12:24" departure="12:24">Myrholtet</stop>
    <stop arrival="12:25" departure="12:25">Allestadveien</stop>
    <stop arrival="12:25" departure="12:25">Allestadhaugen</stop>
    <stop arrival="12:26" departure="12:26">Hesjaholtet</stop>
    <stop arrival="12:27" departure="12:27">Allestadhaugen</stop>
    <stop arrival="12:28" departure="12:28">Allestadveien</stop>
    <stop arrival="12:29" departure="12:29">Varden skole</stop>
    <stop arrival="12:30" departure="12:30">Vardesvingen</stop>
    <stop arrival="12:30" departure="12:30">Vardeveien</stop>
    <stop arrival="12:31">Varden</stop>
  </route>
</routes>
