<?xml version="1.0" encoding="UTF-8"?>
<routes>
  <route no="525" destination="Bergen Busstasjon" url="http://www.web2051.no/bin/tp/zuginfo.exe/on/74133/30076/104708/27644/1/" trafficDays="kjører Ma - Fr, ikke 13., 17., 24. Mai">
    <stop departure="10:25" routeNo="525">Milde</stop>
    <stop arrival="10:26" departure="10:26">Fana folkehøgskole (Aboretet)</stop>
    <stop arrival="10:27" departure="10:27">Geilen</stop>
    <stop arrival="10:27" departure="10:27">Grendatunvegen</stop>
    <stop arrival="10:28" departure="10:28">Planteskogen (Milde)</stop>
    <stop arrival="10:30" departure="10:30">Hjellestadskiftet</stop>
    <stop arrival="10:31" departure="10:31">Seilforeningen</stop>
    <stop arrival="10:32" departure="10:32">Hjellestad post</stop>
    <stop arrival="10:32" departure="10:32">Hjellestad</stop>
    <stop arrival="10:32" departure="10:32">Hjellestad post</stop>
    <stop arrival="10:34" departure="10:34">Seilforeningen</stop>
    <stop arrival="10:35" departure="10:35">Hjellestadskiftet</stop>
    <stop arrival="10:36" departure="10:36">K.Kaland</stop>
    <stop arrival="10:37" departure="10:37">Ådlandsbro</stop>
    <stop arrival="10:38" departure="10:38">Heggernesskiftet</stop>
    <stop arrival="10:39" departure="10:39">Kartveitskiftet</stop>
    <stop arrival="10:40" departure="10:40">Ådlandsskiftet</stop>
    <stop arrival="10:41" departure="10:41">Ådlandsflaten</stop>
    <stop arrival="10:41" departure="10:41">Blomsterdalen</stop>
    <stop arrival="10:45" departure="10:45">Birkelandskrysset Terminal</stop>
    <stop arrival="10:45" departure="10:45">Scandic</stop>
    <stop arrival="10:45" departure="10:45">Nera</stop>
    <stop arrival="10:46" departure="10:46">BKK , Kokstad</stop>
    <stop arrival="10:46" departure="10:46">Kokstad Bilhandel</stop>
    <stop arrival="10:54" departure="10:54">Dolvik terminal</stop>
    <stop arrival="10:54" departure="10:54">Dolvikbakken</stop>
    <stop arrival="10:55" departure="10:55">Søreide skole</stop>
    <stop arrival="10:56" departure="10:56">Søreide v/Hydrostasjonen</stop>
    <stop arrival="10:58" departure="10:58">Straume bro</stop>
    <stop arrival="10:58" departure="10:58">Bergen Motorbåtforening</stop>
    <stop arrival="11:00" departure="11:00">Straume (Straumeveien, Fana)</stop>
    <stop arrival="11:01" departure="11:01">Bøjarnesvegen (Toftegård)</stop>
    <stop arrival="11:01" departure="11:01">Bønesskiftet</stop>
    <stop arrival="11:03" departure="11:03">Kråkenes 2 (Kleiva)</stop>
    <stop arrival="11:03" departure="11:03">Kråkenes 1</stop>
    <stop arrival="11:04" departure="11:04">Langebekken</stop>
    <stop arrival="11:04" departure="11:04">Langegården</stop>
    <stop arrival="11:05" departure="11:05">Krambua</stop>
    <stop arrival="11:05" departure="11:05">Fjøsanger</stop>
    <stop arrival="11:09" departure="11:09">Kanalveien v/NRK</stop>
    <stop arrival="11:09" departure="11:09">Mindemyren</stop>
    <stop arrival="11:10" departure="11:10">Postterminalen</stop>
    <stop arrival="11:10" departure="11:10">Kanalveien v/LBK</stop>
    <stop arrival="11:11" departure="11:11">Danmarksplass v/Forum kino</stop>
    <stop arrival="11:16" departure="11:16">Bergen Busstasjon</stop>
    <stop arrival="11:18" departure="11:18">Christies gate (Festplassen)</stop>
    <stop arrival="11:23">Bergen Busstasjon</stop>
  </route>
  <route no="525" destination="Bergen Busstasjon" url="http://www.web2051.no/bin/tp/zuginfo.exe/on/882690/299595/388912/99775/1/" trafficDays="kjører Ma - Fr, ikke 13., 17., 24. Mai">
    <stop departure="10:25" routeNo="525">Milde</stop>
    <stop arrival="10:26" departure="10:26">Fana folkehøgskole (Aboretet)</stop>
    <stop arrival="10:27" departure="10:27">Geilen</stop>
    <stop arrival="10:27" departure="10:27">Grendatunvegen</stop>
    <stop arrival="10:28" departure="10:28">Planteskogen (Milde)</stop>
    <stop arrival="10:30" departure="10:30">Hjellestadskiftet</stop>
    <stop arrival="10:31" departure="10:31">Seilforeningen</stop>
    <stop arrival="10:32" departure="10:32">Hjellestad post</stop>
    <stop arrival="10:32" departure="10:32">Hjellestad</stop>
    <stop arrival="10:32" departure="10:32">Hjellestad post</stop>
    <stop arrival="10:34" departure="10:34">Seilforeningen</stop>
    <stop arrival="10:35" departure="10:35">Hjellestadskiftet</stop>
    <stop arrival="10:36" departure="10:36">K.Kaland</stop>
    <stop arrival="10:37" departure="10:37">Ådlandsbro</stop>
    <stop arrival="10:38" departure="10:38">Heggernesskiftet</stop>
    <stop arrival="10:39" departure="10:39">Kartveitskiftet</stop>
    <stop arrival="10:40" departure="10:40">Ådlandsskiftet</stop>
    <stop arrival="10:41" departure="10:41">Ådlandsflaten</stop>
    <stop arrival="10:41" departure="10:41">Blomsterdalen</stop>
    <stop arrival="10:45" departure="10:45">Birkelandskrysset Terminal</stop>
    <stop arrival="10:45" departure="10:45">Scandic</stop>
    <stop arrival="10:45" departure="10:45">Nera</stop>
    <stop arrival="10:46" departure="10:46">BKK , Kokstad</stop>
    <stop arrival="10:46" departure="10:46">Kokstad Bilhandel</stop>
    <stop arrival="10:54" departure="10:54">Dolvik terminal</stop>
    <stop arrival="10:54" departure="10:54">Dolvikbakken</stop>
    <stop arrival="10:55" departure="10:55">Søreide skole</stop>
    <stop arrival="10:56" departure="10:56">Søreide v/Hydrostasjonen</stop>
    <stop arrival="10:58" departure="10:58">Straume bro</stop>
    <stop arrival="10:58" departure="10:58">Bergen Motorbåtforening</stop>
    <stop arrival="11:00" departure="11:00">Straume (Straumeveien, Fana)</stop>
    <stop arrival="11:01" departure="11:01">Bøjarnesvegen (Toftegård)</stop>
    <stop arrival="11:01" departure="11:01">Bønesskiftet</stop>
    <stop arrival="11:03" departure="11:03">Kråkenes 2 (Kleiva)</stop>
    <stop arrival="11:03" departure="11:03">Kråkenes 1</stop>
    <stop arrival="11:04" departure="11:04">Langebekken</stop>
    <stop arrival="11:04" departure="11:04">Langegården</stop>
    <stop arrival="11:05" departure="11:05">Krambua</stop>
    <stop arrival="11:05" departure="11:05">Fjøsanger</stop>
    <stop arrival="11:09" departure="11:09">Kanalveien v/NRK</stop>
    <stop arrival="11:09" departure="11:09">Mindemyren</stop>
    <stop arrival="11:10" departure="11:10">Postterminalen</stop>
    <stop arrival="11:10" departure="11:10">Kanalveien v/LBK</stop>
    <stop arrival="11:11" departure="11:11">Danmarksplass v/Forum kino</stop>
    <stop arrival="11:16" departure="11:16">Bergen Busstasjon</stop>
    <stop arrival="11:18" departure="11:18">Christies gate (Festplassen)</stop>
    <stop arrival="11:23">Bergen Busstasjon</stop>
  </route>
  <route no="60" destination="Bergvegen" url="http://www.web2051.no/bin/tp/zuginfo.exe/on/358035/124000/949766/355544/1/" trafficDays="kjører Ma - Fr, ikke 13., 17., 24. Mai">
    <stop departure="10:45" routeNo="60">Nordahl Bruns gate</stop>
    <stop arrival="10:50" departure="10:50">Bergen Busstasjon</stop>
    <stop arrival="10:55" departure="10:55">Danmarksplass</stop>
    <stop arrival="10:56" departure="10:56">Solheimsgaten</stop>
    <stop arrival="10:58" departure="10:58">Reperbanen</stop>
    <stop arrival="11:00" departure="11:00">Fjøsangerveien/ Minde Allè</stop>
    <stop arrival="11:02" departure="11:02">Kristianborg</stop>
    <stop arrival="11:04" departure="11:04">Grønnestølsbakken</stop>
    <stop arrival="11:05" departure="11:05">Fjøsanger</stop>
    <stop arrival="11:06" departure="11:06">Langegården</stop>
    <stop arrival="11:08">Bergvegen</stop>
  </route>
  <route no="60" destination="Bergen Busstasjon" url="http://www.web2051.no/bin/tp/zuginfo.exe/on/764595/259485/117312/196209/1/" trafficDays="kjører Sø, også 1., 13., 17., 24. Mai">
    <stop departure="11:00" routeNo="60">Bønes senter</stop>
    <stop arrival="11:01" departure="11:01">Våkleiva</stop>
    <stop arrival="11:01" departure="11:01">Bønes hagesenter</stop>
    <stop arrival="11:03" departure="11:03">Bønes skole</stop>
    <stop arrival="11:04" departure="11:04">Kråkenestoppen</stop>
    <stop arrival="11:05" departure="11:05">Bergvegen</stop>
    <stop arrival="11:06" departure="11:06">Langebekken</stop>
    <stop arrival="11:07" departure="11:07">Langegården</stop>
    <stop arrival="11:07" departure="11:07">Krambua</stop>
    <stop arrival="11:08" departure="11:08">Fjøsanger</stop>
    <stop arrival="11:15" departure="11:15">Kanalveien v/NRK</stop>
    <stop arrival="11:16" departure="11:16">Mindemyren</stop>
    <stop arrival="11:17" departure="11:17">Postterminalen</stop>
    <stop arrival="11:18" departure="11:18">Kanalveien v/LBK</stop>
    <stop arrival="11:21" departure="11:21">Danmarksplass v/Forum kino</stop>
    <stop arrival="11:25" departure="11:25">Bergen Busstasjon</stop>
    <stop arrival="11:25" departure="11:25">Christies gate (Festplassen)</stop>
    <stop arrival="11:30">Bergen Busstasjon</stop>
  </route>
  <route no="60" destination="Bergen Busstasjon" url="http://www.web2051.no/bin/tp/zuginfo.exe/on/830343/281437/163894/194840/1/" trafficDays="kjører Ma - Fr, ikke 13., 17., 24. Mai">
    <stop departure="11:00" routeNo="60">Bønes senter</stop>
    <stop arrival="11:01" departure="11:01">Våkleiva</stop>
    <stop arrival="11:01" departure="11:01">Bønes hagesenter</stop>
    <stop arrival="11:03" departure="11:03">Bønes skole</stop>
    <stop arrival="11:04" departure="11:04">Kråkenestoppen</stop>
    <stop arrival="11:05" departure="11:05">Bergvegen</stop>
    <stop arrival="11:06" departure="11:06">Langebekken</stop>
    <stop arrival="11:07" departure="11:07">Langegården</stop>
    <stop arrival="11:07" departure="11:07">Krambua</stop>
    <stop arrival="11:08" departure="11:08">Fjøsanger</stop>
    <stop arrival="11:12" departure="11:12">Kanalveien v/NRK</stop>
    <stop arrival="11:13" departure="11:13">Mindemyren</stop>
    <stop arrival="11:14" departure="11:14">Postterminalen</stop>
    <stop arrival="11:14" departure="11:14">Kanalveien v/LBK</stop>
    <stop arrival="11:16" departure="11:16">Danmarksplass v/Forum kino</stop>
    <stop arrival="11:19" departure="11:19">Bergen Busstasjon</stop>
    <stop arrival="11:20" departure="11:20">Christies gate (Festplassen)</stop>
    <stop arrival="11:25">Bergen Busstasjon</stop>
  </route>
  <route no="60" destination="Bergen Busstasjon" url="http://www.web2051.no/bin/tp/zuginfo.exe/on/483297/165719/229812/46193/1/" trafficDays="kjører Sø, også 1., 13., 17., 24. Mai">
    <stop departure="11:00" routeNo="60">Bønes senter</stop>
    <stop arrival="11:01" departure="11:01">Våkleiva</stop>
    <stop arrival="11:01" departure="11:01">Bønes hagesenter</stop>
    <stop arrival="11:03" departure="11:03">Bønes skole</stop>
    <stop arrival="11:04" departure="11:04">Kråkenestoppen</stop>
    <stop arrival="11:05" departure="11:05">Bergvegen</stop>
    <stop arrival="11:06" departure="11:06">Langebekken</stop>
    <stop arrival="11:07" departure="11:07">Langegården</stop>
    <stop arrival="11:07" departure="11:07">Krambua</stop>
    <stop arrival="11:08" departure="11:08">Fjøsanger</stop>
    <stop arrival="11:15" departure="11:15">Kanalveien v/NRK</stop>
    <stop arrival="11:16" departure="11:16">Mindemyren</stop>
    <stop arrival="11:17" departure="11:17">Postterminalen</stop>
    <stop arrival="11:18" departure="11:18">Kanalveien v/LBK</stop>
    <stop arrival="11:21" departure="11:21">Danmarksplass v/Forum kino</stop>
    <stop arrival="11:25" departure="11:25">Bergen Busstasjon</stop>
    <stop arrival="11:25" departure="11:25">Christies gate (Festplassen)</stop>
    <stop arrival="11:30">Bergen Busstasjon</stop>
  </route>
  <route no="60" destination="Bergen Busstasjon" url="http://www.web2051.no/bin/tp/zuginfo.exe/on/447354/153774/765768/233772/1/" trafficDays="kjører Ma - Fr, ikke 13., 17., 24. Mai">
    <stop departure="11:00" routeNo="60">Bønes senter</stop>
    <stop arrival="11:01" departure="11:01">Våkleiva</stop>
    <stop arrival="11:01" departure="11:01">Bønes hagesenter</stop>
    <stop arrival="11:03" departure="11:03">Bønes skole</stop>
    <stop arrival="11:04" departure="11:04">Kråkenestoppen</stop>
    <stop arrival="11:05" departure="11:05">Bergvegen</stop>
    <stop arrival="11:06" departure="11:06">Langebekken</stop>
    <stop arrival="11:07" departure="11:07">Langegården</stop>
    <stop arrival="11:07" departure="11:07">Krambua</stop>
    <stop arrival="11:08" departure="11:08">Fjøsanger</stop>
    <stop arrival="11:12" departure="11:12">Kanalveien v/NRK</stop>
    <stop arrival="11:13" departure="11:13">Mindemyren</stop>
    <stop arrival="11:14" departure="11:14">Postterminalen</stop>
    <stop arrival="11:14" departure="11:14">Kanalveien v/LBK</stop>
    <stop arrival="11:16" departure="11:16">Danmarksplass v/Forum kino</stop>
    <stop arrival="11:19" departure="11:19">Bergen Busstasjon</stop>
    <stop arrival="11:20" departure="11:20">Christies gate (Festplassen)</stop>
    <stop arrival="11:25">Bergen Busstasjon</stop>
  </route>
  <route no="525" destination="Bergen Busstasjon" url="http://www.web2051.no/bin/tp/zuginfo.exe/on/381450/132484/135208/59546/1/" trafficDays="kjører Lø, ikke 1. Mai">
    <stop departure="10:32" routeNo="525">Milde</stop>
    <stop arrival="10:33" departure="10:33">Fana folkehøgskole (Aboretet)</stop>
    <stop arrival="10:34" departure="10:34">Geilen</stop>
    <stop arrival="10:34" departure="10:34">Grendatunvegen</stop>
    <stop arrival="10:35" departure="10:35">Planteskogen (Milde)</stop>
    <stop arrival="10:37" departure="10:37">Hjellestadskiftet</stop>
    <stop arrival="10:38" departure="10:38">Seilforeningen</stop>
    <stop arrival="10:39" departure="10:39">Hjellestad post</stop>
    <stop arrival="10:39" departure="10:39">Hjellestad</stop>
    <stop arrival="10:39" departure="10:39">Hjellestad post</stop>
    <stop arrival="10:41" departure="10:41">Seilforeningen</stop>
    <stop arrival="10:42" departure="10:42">Hjellestadskiftet</stop>
    <stop arrival="10:43" departure="10:43">K.Kaland</stop>
    <stop arrival="10:44" departure="10:44">Ådlandsbro</stop>
    <stop arrival="10:44" departure="10:44">Heggernesskiftet</stop>
    <stop arrival="10:46" departure="10:46">Kartveitskiftet</stop>
    <stop arrival="10:46" departure="10:46">Ådlandsskiftet</stop>
    <stop arrival="10:47" departure="10:47">Ådlandsflaten</stop>
    <stop arrival="10:48" departure="10:48">Blomsterdalen</stop>
    <stop arrival="10:50" departure="10:50">Birkelandskrysset Terminal</stop>
    <stop arrival="10:50" departure="10:50">Scandic</stop>
    <stop arrival="10:50" departure="10:50">Nera</stop>
    <stop arrival="10:51" departure="10:51">BKK , Kokstad</stop>
    <stop arrival="10:51" departure="10:51">Kokstad Bilhandel</stop>
    <stop arrival="10:59" departure="10:59">Dolvik terminal</stop>
    <stop arrival="11:00" departure="11:00">Søreide skole</stop>
    <stop arrival="11:01" departure="11:01">Søreide v/Hydrostasjonen</stop>
    <stop arrival="11:03" departure="11:03">Straume bro</stop>
    <stop arrival="11:03" departure="11:03">Bergen Motorbåtforening</stop>
    <stop arrival="11:05" departure="11:05">Straume (Straumeveien, Fana)</stop>
    <stop arrival="11:06" departure="11:06">Bøjarnesvegen (Toftegård)</stop>
    <stop arrival="11:06" departure="11:06">Bønesskiftet</stop>
    <stop arrival="11:08" departure="11:08">Kråkenes 2 (Kleiva)</stop>
    <stop arrival="11:08" departure="11:08">Kråkenes 1</stop>
    <stop arrival="11:09" departure="11:09">Langebekken</stop>
    <stop arrival="11:09" departure="11:09">Langegården</stop>
    <stop arrival="11:10" departure="11:10">Krambua</stop>
    <stop arrival="11:10" departure="11:10">Fjøsanger</stop>
    <stop arrival="11:17" departure="11:17">Kanalveien v/NRK</stop>
    <stop arrival="11:18" departure="11:18">Mindemyren</stop>
    <stop arrival="11:18" departure="11:18">Postterminalen</stop>
    <stop arrival="11:19" departure="11:19">Kanalveien v/LBK</stop>
    <stop arrival="11:20" departure="11:20">Danmarksplass v/Forum kino</stop>
    <stop arrival="11:25" departure="11:25">Bergen Busstasjon</stop>
    <stop arrival="11:28" departure="11:28">Christies gate (Festplassen)</stop>
    <stop arrival="11:33">Bergen Busstasjon</stop>
  </route>
  <route no="525" destination="Bergen Busstasjon" url="http://www.web2051.no/bin/tp/zuginfo.exe/on/427707/147903/713384/214123/1/" trafficDays="kjører Lø, ikke 1. Mai">
    <stop departure="10:32" routeNo="525">Milde</stop>
    <stop arrival="10:33" departure="10:33">Fana folkehøgskole (Aboretet)</stop>
    <stop arrival="10:34" departure="10:34">Geilen</stop>
    <stop arrival="10:34" departure="10:34">Grendatunvegen</stop>
    <stop arrival="10:35" departure="10:35">Planteskogen (Milde)</stop>
    <stop arrival="10:37" departure="10:37">Hjellestadskiftet</stop>
    <stop arrival="10:38" departure="10:38">Seilforeningen</stop>
    <stop arrival="10:39" departure="10:39">Hjellestad post</stop>
    <stop arrival="10:39" departure="10:39">Hjellestad</stop>
    <stop arrival="10:39" departure="10:39">Hjellestad post</stop>
    <stop arrival="10:41" departure="10:41">Seilforeningen</stop>
    <stop arrival="10:42" departure="10:42">Hjellestadskiftet</stop>
    <stop arrival="10:43" departure="10:43">K.Kaland</stop>
    <stop arrival="10:44" departure="10:44">Ådlandsbro</stop>
    <stop arrival="10:44" departure="10:44">Heggernesskiftet</stop>
    <stop arrival="10:46" departure="10:46">Kartveitskiftet</stop>
    <stop arrival="10:46" departure="10:46">Ådlandsskiftet</stop>
    <stop arrival="10:47" departure="10:47">Ådlandsflaten</stop>
    <stop arrival="10:48" departure="10:48">Blomsterdalen</stop>
    <stop arrival="10:50" departure="10:50">Birkelandskrysset Terminal</stop>
    <stop arrival="10:50" departure="10:50">Scandic</stop>
    <stop arrival="10:50" departure="10:50">Nera</stop>
    <stop arrival="10:51" departure="10:51">BKK , Kokstad</stop>
    <stop arrival="10:51" departure="10:51">Kokstad Bilhandel</stop>
    <stop arrival="10:59" departure="10:59">Dolvik terminal</stop>
    <stop arrival="11:00" departure="11:00">Søreide skole</stop>
    <stop arrival="11:01" departure="11:01">Søreide v/Hydrostasjonen</stop>
    <stop arrival="11:03" departure="11:03">Straume bro</stop>
    <stop arrival="11:03" departure="11:03">Bergen Motorbåtforening</stop>
    <stop arrival="11:05" departure="11:05">Straume (Straumeveien, Fana)</stop>
    <stop arrival="11:06" departure="11:06">Bøjarnesvegen (Toftegård)</stop>
    <stop arrival="11:06" departure="11:06">Bønesskiftet</stop>
    <stop arrival="11:08" departure="11:08">Kråkenes 2 (Kleiva)</stop>
    <stop arrival="11:08" departure="11:08">Kråkenes 1</stop>
    <stop arrival="11:09" departure="11:09">Langebekken</stop>
    <stop arrival="11:09" departure="11:09">Langegården</stop>
    <stop arrival="11:10" departure="11:10">Krambua</stop>
    <stop arrival="11:10" departure="11:10">Fjøsanger</stop>
    <stop arrival="11:17" departure="11:17">Kanalveien v/NRK</stop>
    <stop arrival="11:18" departure="11:18">Mindemyren</stop>
    <stop arrival="11:18" departure="11:18">Postterminalen</stop>
    <stop arrival="11:19" departure="11:19">Kanalveien v/LBK</stop>
    <stop arrival="11:20" departure="11:20">Danmarksplass v/Forum kino</stop>
    <stop arrival="11:25" departure="11:25">Bergen Busstasjon</stop>
    <stop arrival="11:28" departure="11:28">Christies gate (Festplassen)</stop>
    <stop arrival="11:33">Bergen Busstasjon</stop>
  </route>
  <route no="60" destination="Bergen Busstasjon" url="http://www.web2051.no/bin/tp/zuginfo.exe/on/346833/120241/842426/305602/1/" trafficDays="kjører Lø, ikke 1. Mai">
    <stop departure="11:15" routeNo="60">Bønes senter</stop>
    <stop arrival="11:16" departure="11:16">Våkleiva</stop>
    <stop arrival="11:16" departure="11:16">Bønes hagesenter</stop>
    <stop arrival="11:18" departure="11:18">Bønes skole</stop>
    <stop arrival="11:19" departure="11:19">Kråkenestoppen</stop>
    <stop arrival="11:20" departure="11:20">Bergvegen</stop>
    <stop arrival="11:21" departure="11:21">Langebekken</stop>
    <stop arrival="11:22" departure="11:22">Langegården</stop>
    <stop arrival="11:22" departure="11:22">Krambua</stop>
    <stop arrival="11:23" departure="11:23">Fjøsanger</stop>
    <stop arrival="11:30" departure="11:30">Kanalveien v/NRK</stop>
    <stop arrival="11:31" departure="11:31">Mindemyren</stop>
    <stop arrival="11:32" departure="11:32">Postterminalen</stop>
    <stop arrival="11:33" departure="11:33">Kanalveien v/LBK</stop>
    <stop arrival="11:35" departure="11:35">Danmarksplass v/Forum kino</stop>
    <stop arrival="11:38" departure="11:38">Bergen Busstasjon</stop>
    <stop arrival="11:40" departure="11:40">Christies gate (Festplassen)</stop>
    <stop arrival="11:45">Bergen Busstasjon</stop>
  </route>
  <route no="60" destination="Bergen Busstasjon" url="http://www.web2051.no/bin/tp/zuginfo.exe/on/641139/218343/32566/197430/1/" trafficDays="kjører Lø, ikke 1. Mai">
    <stop departure="11:15" routeNo="60">Bønes senter</stop>
    <stop arrival="11:16" departure="11:16">Våkleiva</stop>
    <stop arrival="11:16" departure="11:16">Bønes hagesenter</stop>
    <stop arrival="11:18" departure="11:18">Bønes skole</stop>
    <stop arrival="11:19" departure="11:19">Kråkenestoppen</stop>
    <stop arrival="11:20" departure="11:20">Bergvegen</stop>
    <stop arrival="11:21" departure="11:21">Langebekken</stop>
    <stop arrival="11:22" departure="11:22">Langegården</stop>
    <stop arrival="11:22" departure="11:22">Krambua</stop>
    <stop arrival="11:23" departure="11:23">Fjøsanger</stop>
    <stop arrival="11:30" departure="11:30">Kanalveien v/NRK</stop>
    <stop arrival="11:31" departure="11:31">Mindemyren</stop>
    <stop arrival="11:32" departure="11:32">Postterminalen</stop>
    <stop arrival="11:33" departure="11:33">Kanalveien v/LBK</stop>
    <stop arrival="11:35" departure="11:35">Danmarksplass v/Forum kino</stop>
    <stop arrival="11:38" departure="11:38">Bergen Busstasjon</stop>
    <stop arrival="11:40" departure="11:40">Christies gate (Festplassen)</stop>
    <stop arrival="11:45">Bergen Busstasjon</stop>
  </route>
  <route no="60" destination="Bergvegen" url="http://www.web2051.no/bin/tp/zuginfo.exe/on/435675/149846/478000/93775/1/" trafficDays="kjører Sø, også 1., 13., 17., 24. Mai">
    <stop departure="11:07" routeNo="60">Nordahl Bruns gate</stop>
    <stop arrival="11:12" departure="11:12">Bergen Busstasjon</stop>
    <stop arrival="11:17" departure="11:17">Danmarksplass</stop>
    <stop arrival="11:18" departure="11:18">Solheimsgaten</stop>
    <stop arrival="11:20" departure="11:20">Reperbanen</stop>
    <stop arrival="11:21" departure="11:21">Fjøsangerveien/ Minde Allè</stop>
    <stop arrival="11:22" departure="11:22">Kristianborg</stop>
    <stop arrival="11:23" departure="11:23">Grønnestølsbakken</stop>
    <stop arrival="11:24" departure="11:24">Fjøsanger</stop>
    <stop arrival="11:24" departure="11:24">Langegården</stop>
    <stop arrival="11:25">Bergvegen</stop>
  </route>
  <route no="60" destination="Bergvegen" url="http://www.web2051.no/bin/tp/zuginfo.exe/on/580098/197994/649632/131451/1/" trafficDays="kjører Lø, ikke 1. Mai">
    <stop departure="11:09" routeNo="60">Nordahl Bruns gate</stop>
    <stop arrival="11:14" departure="11:14">Bergen Busstasjon</stop>
    <stop arrival="11:19" departure="11:19">Danmarksplass</stop>
    <stop arrival="11:20" departure="11:20">Solheimsgaten</stop>
    <stop arrival="11:21" departure="11:21">Reperbanen</stop>
    <stop arrival="11:23" departure="11:23">Fjøsangerveien/ Minde Allè</stop>
    <stop arrival="11:24" departure="11:24">Kristianborg</stop>
    <stop arrival="11:25" departure="11:25">Grønnestølsbakken</stop>
    <stop arrival="11:26" departure="11:26">Fjøsanger</stop>
    <stop arrival="11:26" departure="11:26">Langegården</stop>
    <stop arrival="11:27">Bergvegen</stop>
  </route>
  <route no="60" destination="Bergvegen" url="http://www.web2051.no/bin/tp/zuginfo.exe/on/881934/298633/737320/74689/1/" trafficDays="kjører Ma - Fr, ikke 13., 17., 24. Mai">
    <stop departure="11:05" routeNo="60">Nordahl Bruns gate</stop>
    <stop arrival="11:10" departure="11:10">Bergen Busstasjon</stop>
    <stop arrival="11:15" departure="11:15">Danmarksplass</stop>
    <stop arrival="11:16" departure="11:16">Solheimsgaten</stop>
    <stop arrival="11:18" departure="11:18">Reperbanen</stop>
    <stop arrival="11:20" departure="11:20">Fjøsangerveien/ Minde Allè</stop>
    <stop arrival="11:22" departure="11:22">Kristianborg</stop>
    <stop arrival="11:24" departure="11:24">Grønnestølsbakken</stop>
    <stop arrival="11:25" departure="11:25">Fjøsanger</stop>
    <stop arrival="11:26" departure="11:26">Langegården</stop>
    <stop arrival="11:28">Bergvegen</stop>
  </route>
  <route no="60" destination="Bergen Busstasjon" url="http://www.web2051.no/bin/tp/zuginfo.exe/on/769911/261293/34636/239326/1/" trafficDays="kjører Ma - Fr, ikke 13., 17., 24. Mai">
    <stop departure="11:20" routeNo="60">Bønes senter</stop>
    <stop arrival="11:21" departure="11:21">Våkleiva</stop>
    <stop arrival="11:21" departure="11:21">Bønes hagesenter</stop>
    <stop arrival="11:23" departure="11:23">Bønes skole</stop>
    <stop arrival="11:24" departure="11:24">Kråkenestoppen</stop>
    <stop arrival="11:25" departure="11:25">Bergvegen</stop>
    <stop arrival="11:26" departure="11:26">Langebekken</stop>
    <stop arrival="11:27" departure="11:27">Langegården</stop>
    <stop arrival="11:27" departure="11:27">Krambua</stop>
    <stop arrival="11:28" departure="11:28">Fjøsanger</stop>
    <stop arrival="11:32" departure="11:32">Kanalveien v/NRK</stop>
    <stop arrival="11:33" departure="11:33">Mindemyren</stop>
    <stop arrival="11:34" departure="11:34">Postterminalen</stop>
    <stop arrival="11:34" departure="11:34">Kanalveien v/LBK</stop>
    <stop arrival="11:36" departure="11:36">Danmarksplass v/Forum kino</stop>
    <stop arrival="11:39" departure="11:39">Bergen Busstasjon</stop>
    <stop arrival="11:40" departure="11:40">Christies gate (Festplassen)</stop>
    <stop arrival="11:45">Bergen Busstasjon</stop>
  </route>
  <route no="60" destination="Bergen Busstasjon" url="http://www.web2051.no/bin/tp/zuginfo.exe/on/468123/160697/259964/26066/1/" trafficDays="kjører Ma - Fr, ikke 13., 17., 24. Mai">
    <stop departure="11:20" routeNo="60">Bønes senter</stop>
    <stop arrival="11:21" departure="11:21">Våkleiva</stop>
    <stop arrival="11:21" departure="11:21">Bønes hagesenter</stop>
    <stop arrival="11:23" departure="11:23">Bønes skole</stop>
    <stop arrival="11:24" departure="11:24">Kråkenestoppen</stop>
    <stop arrival="11:25" departure="11:25">Bergvegen</stop>
    <stop arrival="11:26" departure="11:26">Langebekken</stop>
    <stop arrival="11:27" departure="11:27">Langegården</stop>
    <stop arrival="11:27" departure="11:27">Krambua</stop>
    <stop arrival="11:28" departure="11:28">Fjøsanger</stop>
    <stop arrival="11:32" departure="11:32">Kanalveien v/NRK</stop>
    <stop arrival="11:33" departure="11:33">Mindemyren</stop>
    <stop arrival="11:34" departure="11:34">Postterminalen</stop>
    <stop arrival="11:34" departure="11:34">Kanalveien v/LBK</stop>
    <stop arrival="11:36" departure="11:36">Danmarksplass v/Forum kino</stop>
    <stop arrival="11:39" departure="11:39">Bergen Busstasjon</stop>
    <stop arrival="11:40" departure="11:40">Christies gate (Festplassen)</stop>
    <stop arrival="11:45">Bergen Busstasjon</stop>
  </route>
  <route no="525" destination="Milde" url="http://www.web2051.no/bin/tp/zuginfo.exe/on/744384/253492/596638/50193/1/" trafficDays="kjører Ma - Fr, ikke 13., 17., 24. Mai">
    <stop departure="11:20" routeNo="525">Bergen Busstasjon</stop>
    <stop arrival="11:25" departure="11:25">Danmarksplass</stop>
    <stop arrival="11:25" departure="11:25">Solheimsgaten</stop>
    <stop arrival="11:26" departure="11:26">Reperbanen</stop>
    <stop arrival="11:26" departure="11:26">Fjøsangerveien/ Minde Allè</stop>
    <stop arrival="11:26" departure="11:26">Kristianborg</stop>
    <stop arrival="11:27" departure="11:27">Grønnestølsbakken</stop>
    <stop arrival="11:27" departure="11:27">Fjøsanger</stop>
    <stop arrival="11:28" departure="11:28">Langegården</stop>
    <stop arrival="11:29" departure="11:29">Langebekken</stop>
    <stop arrival="11:31" departure="11:31">Kråkenes 1</stop>
    <stop arrival="11:31" departure="11:31">Kråkenes 2 (Kleiva)</stop>
    <stop arrival="11:33" departure="11:33">Bønesskiftet</stop>
    <stop arrival="11:34" departure="11:34">Bøjarnesvegen (Toftegård)</stop>
    <stop arrival="11:35" departure="11:35">Straume (Straumeveien, Fana)</stop>
    <stop arrival="11:37" departure="11:37">Sementbroen</stop>
    <stop arrival="11:38" departure="11:38">Straume bro</stop>
    <stop arrival="11:40" departure="11:40">Søreide v/Hydrostasjonen</stop>
    <stop arrival="11:40" departure="11:40">Søreide skole</stop>
    <stop arrival="11:41" departure="11:41">Grimstadskiftet</stop>
    <stop arrival="11:41" departure="11:41">Dolvik terminal</stop>
    <stop arrival="11:42" departure="11:42">Kokstad Bilhandel</stop>
    <stop arrival="11:44" departure="11:44">BKK , Kokstad</stop>
    <stop arrival="11:46" departure="11:46">Nera</stop>
    <stop arrival="11:47" departure="11:47">Scandic</stop>
    <stop arrival="11:50" departure="11:50">Birkelandskrysset Terminal</stop>
    <stop arrival="11:57" departure="11:57">Blomsterdalen</stop>
    <stop arrival="11:58" departure="11:58">Ådlandsflaten</stop>
    <stop arrival="11:59" departure="11:59">Ådlandsskiftet</stop>
    <stop arrival="12:00" departure="12:00">Kartveitskiftet</stop>
    <stop arrival="12:00" departure="12:00">Heggernesskiftet</stop>
    <stop arrival="12:02" departure="12:02">Ådlandsbro</stop>
    <stop arrival="12:02" departure="12:02">K.Kaland</stop>
    <stop arrival="12:03" departure="12:03">Hjellestadskiftet</stop>
    <stop arrival="12:04" departure="12:04">Seilforeningen</stop>
    <stop arrival="12:05" departure="12:05">Hjellestad post</stop>
    <stop arrival="12:05" departure="12:05">Hjellestad</stop>
    <stop arrival="12:05" departure="12:05">Hjellestad post</stop>
    <stop arrival="12:07" departure="12:07">Seilforeningen</stop>
    <stop arrival="12:09" departure="12:09">Hjellestadskiftet</stop>
    <stop arrival="12:09" departure="12:09">Planteskogen (Milde)</stop>
    <stop arrival="12:11" departure="12:11">Planteskogen (Milde)</stop>
    <stop arrival="12:12" departure="12:12">Grendatunvegen</stop>
    <stop arrival="12:13" departure="12:13">Geilen</stop>
    <stop arrival="12:14" departure="12:14">Fana folkehøgskole (Aboretet)</stop>
    <stop arrival="12:15">Milde</stop>
  </route>
  <route no="525" destination="Milde" url="http://www.web2051.no/bin/tp/zuginfo.exe/on/968085/328030/405206/120092/1/" trafficDays="kjører Lø, ikke 1. Mai">
    <stop departure="11:25" routeNo="525">Bergen Busstasjon</stop>
    <stop arrival="11:27" departure="11:27">Danmarksplass</stop>
    <stop arrival="11:28" departure="11:28">Solheimsgaten</stop>
    <stop arrival="11:28" departure="11:28">Reperbanen</stop>
    <stop arrival="11:29" departure="11:29">Fjøsangerveien/ Minde Allè</stop>
    <stop arrival="11:30" departure="11:30">Kristianborg</stop>
    <stop arrival="11:30" departure="11:30">Grønnestølsbakken</stop>
    <stop arrival="11:31" departure="11:31">Fjøsanger</stop>
    <stop arrival="11:31" departure="11:31">Langegården</stop>
    <stop arrival="11:32" departure="11:32">Langebekken</stop>
    <stop arrival="11:32" departure="11:32">Kråkenes 1</stop>
    <stop arrival="11:32" departure="11:32">Kråkenes 2 (Kleiva)</stop>
    <stop arrival="11:33" departure="11:33">Bønesskiftet</stop>
    <stop arrival="11:33" departure="11:33">Bøjarnesvegen (Toftegård)</stop>
    <stop arrival="11:33" departure="11:33">Straume (Straumeveien, Fana)</stop>
    <stop arrival="11:36" departure="11:36">Sementbroen</stop>
    <stop arrival="11:38" departure="11:38">Straume bro</stop>
    <stop arrival="11:40" departure="11:40">Søreide v/Hydrostasjonen</stop>
    <stop arrival="11:41" departure="11:41">Søreide skole</stop>
    <stop arrival="11:41" departure="11:41">Dolvik terminal</stop>
    <stop arrival="11:42" departure="11:42">Kokstad Bilhandel</stop>
    <stop arrival="11:44" departure="11:44">BKK , Kokstad</stop>
    <stop arrival="11:46" departure="11:46">Nera</stop>
    <stop arrival="11:47" departure="11:47">Scandic</stop>
    <stop arrival="11:50" departure="11:50">Birkelandskrysset Terminal</stop>
    <stop arrival="11:51" departure="11:51">Blomsterdalen</stop>
    <stop arrival="11:51" departure="11:51">Ådlandsflaten</stop>
    <stop arrival="11:52" departure="11:52">Ådlandsskiftet</stop>
    <stop arrival="11:52" departure="11:52">Kartveitskiftet</stop>
    <stop arrival="11:52" departure="11:52">Heggernesskiftet</stop>
    <stop arrival="11:53" departure="11:53">Ådlandsbro</stop>
    <stop arrival="11:53" departure="11:53">K.Kaland</stop>
    <stop arrival="11:53" departure="11:53">Hjellestadskiftet</stop>
    <stop arrival="11:56" departure="11:56">Seilforeningen</stop>
    <stop arrival="11:59" departure="11:59">Hjellestad post</stop>
    <stop arrival="12:00" departure="12:00">Hjellestad</stop>
    <stop arrival="12:00" departure="12:00">Hjellestad post</stop>
    <stop arrival="12:02" departure="12:02">Seilforeningen</stop>
    <stop arrival="12:04" departure="12:04">Hjellestadskiftet</stop>
    <stop arrival="12:04" departure="12:04">Planteskogen (Milde)</stop>
    <stop arrival="12:06" departure="12:06">Planteskogen (Milde)</stop>
    <stop arrival="12:07" departure="12:07">Grendatunvegen</stop>
    <stop arrival="12:08" departure="12:08">Geilen</stop>
    <stop arrival="12:09" departure="12:09">Fana folkehøgskole (Aboretet)</stop>
    <stop arrival="12:10">Milde</stop>
  </route>
  <route no="60" destination="Bergvegen" url="http://www.web2051.no/bin/tp/zuginfo.exe/on/855090/289685/519520/25278/1/" trafficDays="kjører Ma - Fr, ikke 13., 17., 24. Mai">
    <stop departure="11:25" routeNo="60">Nordahl Bruns gate</stop>
    <stop arrival="11:30" departure="11:30">Bergen Busstasjon</stop>
    <stop arrival="11:35" departure="11:35">Danmarksplass</stop>
    <stop arrival="11:36" departure="11:36">Solheimsgaten</stop>
    <stop arrival="11:38" departure="11:38">Reperbanen</stop>
    <stop arrival="11:40" departure="11:40">Fjøsangerveien/ Minde Allè</stop>
    <stop arrival="11:42" departure="11:42">Kristianborg</stop>
    <stop arrival="11:44" departure="11:44">Grønnestølsbakken</stop>
    <stop arrival="11:45" departure="11:45">Fjøsanger</stop>
    <stop arrival="11:46" departure="11:46">Langegården</stop>
    <stop arrival="11:48">Bergvegen</stop>
  </route>
  <route no="60" destination="Bergen Busstasjon" url="http://www.web2051.no/bin/tp/zuginfo.exe/on/815934/276634/461060/41456/1/" trafficDays="kjører Ma - Fr, ikke 13., 17., 24. Mai">
    <stop departure="11:40" routeNo="60">Bønes senter</stop>
    <stop arrival="11:41" departure="11:41">Våkleiva</stop>
    <stop arrival="11:41" departure="11:41">Bønes hagesenter</stop>
    <stop arrival="11:43" departure="11:43">Bønes skole</stop>
    <stop arrival="11:44" departure="11:44">Kråkenestoppen</stop>
    <stop arrival="11:45" departure="11:45">Bergvegen</stop>
    <stop arrival="11:46" departure="11:46">Langebekken</stop>
    <stop arrival="11:47" departure="11:47">Langegården</stop>
    <stop arrival="11:47" departure="11:47">Krambua</stop>
    <stop arrival="11:48" departure="11:48">Fjøsanger</stop>
    <stop arrival="11:52" departure="11:52">Kanalveien v/NRK</stop>
    <stop arrival="11:53" departure="11:53">Mindemyren</stop>
    <stop arrival="11:54" departure="11:54">Postterminalen</stop>
    <stop arrival="11:54" departure="11:54">Kanalveien v/LBK</stop>
    <stop arrival="11:56" departure="11:56">Danmarksplass v/Forum kino</stop>
    <stop arrival="11:59" departure="11:59">Bergen Busstasjon</stop>
    <stop arrival="12:00" departure="12:00">Christies gate (Festplassen)</stop>
    <stop arrival="12:05">Bergen Busstasjon</stop>
  </route>
  <route no="60" destination="Bergen Busstasjon" url="http://www.web2051.no/bin/tp/zuginfo.exe/on/60426/24798/229746/94739/1/" trafficDays="kjører Ma - Fr, ikke 13., 17., 24. Mai">
    <stop departure="11:40" routeNo="60">Bønes senter</stop>
    <stop arrival="11:41" departure="11:41">Våkleiva</stop>
    <stop arrival="11:41" departure="11:41">Bønes hagesenter</stop>
    <stop arrival="11:43" departure="11:43">Bønes skole</stop>
    <stop arrival="11:44" departure="11:44">Kråkenestoppen</stop>
    <stop arrival="11:45" departure="11:45">Bergvegen</stop>
    <stop arrival="11:46" departure="11:46">Langebekken</stop>
    <stop arrival="11:47" departure="11:47">Langegården</stop>
    <stop arrival="11:47" departure="11:47">Krambua</stop>
    <stop arrival="11:48" departure="11:48">Fjøsanger</stop>
    <stop arrival="11:52" departure="11:52">Kanalveien v/NRK</stop>
    <stop arrival="11:53" departure="11:53">Mindemyren</stop>
    <stop arrival="11:54" departure="11:54">Postterminalen</stop>
    <stop arrival="11:54" departure="11:54">Kanalveien v/LBK</stop>
    <stop arrival="11:56" departure="11:56">Danmarksplass v/Forum kino</stop>
    <stop arrival="11:59" departure="11:59">Bergen Busstasjon</stop>
    <stop arrival="12:00" departure="12:00">Christies gate (Festplassen)</stop>
    <stop arrival="12:05">Bergen Busstasjon</stop>
  </route>
  <route no="60" destination="Bergen Busstasjon" url="http://www.web2051.no/bin/tp/zuginfo.exe/on/67953/27281/8740/18282/1/" trafficDays="kjører Lø, ikke 1. Mai">
    <stop departure="11:50" routeNo="60">Bønes senter</stop>
    <stop arrival="11:51" departure="11:51">Våkleiva</stop>
    <stop arrival="11:51" departure="11:51">Bønes hagesenter</stop>
    <stop arrival="11:53" departure="11:53">Bønes skole</stop>
    <stop arrival="11:54" departure="11:54">Kråkenestoppen</stop>
    <stop arrival="11:55" departure="11:55">Bergvegen</stop>
    <stop arrival="11:56" departure="11:56">Langebekken</stop>
    <stop arrival="11:57" departure="11:57">Langegården</stop>
    <stop arrival="11:57" departure="11:57">Krambua</stop>
    <stop arrival="11:58" departure="11:58">Fjøsanger</stop>
    <stop arrival="12:05" departure="12:05">Kanalveien v/NRK</stop>
    <stop arrival="12:06" departure="12:06">Mindemyren</stop>
    <stop arrival="12:07" departure="12:07">Postterminalen</stop>
    <stop arrival="12:08" departure="12:08">Kanalveien v/LBK</stop>
    <stop arrival="12:10" departure="12:10">Danmarksplass v/Forum kino</stop>
    <stop arrival="12:13" departure="12:13">Bergen Busstasjon</stop>
    <stop arrival="12:15" departure="12:15">Christies gate (Festplassen)</stop>
    <stop arrival="12:20">Bergen Busstasjon</stop>
  </route>
  <route no="60" destination="Bergen Busstasjon" url="http://www.web2051.no/bin/tp/zuginfo.exe/on/488796/167562/994968/334553/1/" trafficDays="kjører Lø, ikke 1. Mai">
    <stop departure="11:50" routeNo="60">Bønes senter</stop>
    <stop arrival="11:51" departure="11:51">Våkleiva</stop>
    <stop arrival="11:51" departure="11:51">Bønes hagesenter</stop>
    <stop arrival="11:53" departure="11:53">Bønes skole</stop>
    <stop arrival="11:54" departure="11:54">Kråkenestoppen</stop>
    <stop arrival="11:55" departure="11:55">Bergvegen</stop>
    <stop arrival="11:56" departure="11:56">Langebekken</stop>
    <stop arrival="11:57" departure="11:57">Langegården</stop>
    <stop arrival="11:57" departure="11:57">Krambua</stop>
    <stop arrival="11:58" departure="11:58">Fjøsanger</stop>
    <stop arrival="12:05" departure="12:05">Kanalveien v/NRK</stop>
    <stop arrival="12:06" departure="12:06">Mindemyren</stop>
    <stop arrival="12:07" departure="12:07">Postterminalen</stop>
    <stop arrival="12:08" departure="12:08">Kanalveien v/LBK</stop>
    <stop arrival="12:10" departure="12:10">Danmarksplass v/Forum kino</stop>
    <stop arrival="12:13" departure="12:13">Bergen Busstasjon</stop>
    <stop arrival="12:15" departure="12:15">Christies gate (Festplassen)</stop>
    <stop arrival="12:20">Bergen Busstasjon</stop>
  </route>
  <route no="60" destination="Bergvegen" url="http://www.web2051.no/bin/tp/zuginfo.exe/on/748074/253989/639580/70432/1/" trafficDays="kjører Lø, ikke 1. Mai">
    <stop departure="11:42" routeNo="60">Nordahl Bruns gate</stop>
    <stop arrival="11:47" departure="11:47">Bergen Busstasjon</stop>
    <stop arrival="11:52" departure="11:52">Danmarksplass</stop>
    <stop arrival="11:53" departure="11:53">Solheimsgaten</stop>
    <stop arrival="11:54" departure="11:54">Reperbanen</stop>
    <stop arrival="11:56" departure="11:56">Fjøsangerveien/ Minde Allè</stop>
    <stop arrival="11:57" departure="11:57">Kristianborg</stop>
    <stop arrival="11:58" departure="11:58">Grønnestølsbakken</stop>
    <stop arrival="11:59" departure="11:59">Fjøsanger</stop>
    <stop arrival="11:59" departure="11:59">Langegården</stop>
    <stop arrival="12:00">Bergvegen</stop>
  </route>
</routes>
