<?xml version="1.0" encoding="UTF-8"?>
<routes>
  <route no="31" destination="Mannsverk vognstasjon" url="http://www.web2051.no/bin/tp/zuginfo.exe/on/535818/183001/689546/166167/1/" trafficDays="kjører Sø, også 1., 13., 17., 24. Mai">
    <stop departure="10:50" routeNo="31">Varden</stop>
    <stop arrival="10:51" departure="10:51">Vardeveien</stop>
    <stop arrival="10:51" departure="10:51">Vardesvingen</stop>
    <stop arrival="10:52" departure="10:52">Varden skole</stop>
    <stop arrival="10:53" departure="10:53">Allestadveien</stop>
    <stop arrival="10:53" departure="10:53">Allestadhaugen</stop>
    <stop arrival="10:54" departure="10:54">Hesjaholtet</stop>
    <stop arrival="10:55" departure="10:55">Allestadhaugen</stop>
    <stop arrival="10:55" departure="10:55">Allestadveien</stop>
    <stop arrival="10:57" departure="10:57">Myrholtet</stop>
    <stop arrival="10:57" departure="10:57">Krokatjønnveien</stop>
    <stop arrival="10:58" departure="10:58">St.Hanshaugen</stop>
    <stop arrival="10:59" departure="10:59">Skarphaugen</stop>
    <stop arrival="11:00" departure="11:00">Oasen Terminal</stop>
    <stop arrival="11:02" departure="11:02">Løvås</stop>
    <stop arrival="11:05" departure="11:05">Løvåsveien</stop>
    <stop arrival="11:06" departure="11:06">Seljedalen skole</stop>
    <stop arrival="11:06" departure="11:06">Vestlund beh.sent.</stop>
    <stop arrival="11:06" departure="11:06">Storhammeren (Betanien)</stop>
    <stop arrival="11:07" departure="11:07">Vestlundveien</stop>
    <stop arrival="11:12" departure="11:12">Gyldenpris</stop>
    <stop arrival="11:14" departure="11:14">Møhlenpris v/ Industrihuset</stop>
    <stop arrival="11:17" departure="11:17">Nøstet</stop>
    <stop arrival="11:19" departure="11:19">Strandgaten (Svaneapoteket)</stop>
    <stop arrival="11:21" departure="11:21">Småstrandgaten</stop>
    <stop arrival="11:22" departure="11:22">Nygaten</stop>
    <stop arrival="11:23" departure="11:23">Statsporten (jernbanen)</stop>
    <stop arrival="11:26" departure="11:26">Kalfarlien</stop>
    <stop arrival="11:27" departure="11:27">Kalvedalsveien</stop>
    <stop arrival="11:28" departure="11:28">Svartediksveien</stop>
    <stop arrival="11:29" departure="11:29">Statsarkivet</stop>
    <stop arrival="11:30" departure="11:30">Haraldsplass sykehus</stop>
    <stop arrival="11:31" departure="11:31">Haukeland sykehus nord</stop>
    <stop arrival="11:33" departure="11:33">Haukeland sykehus sør</stop>
    <stop arrival="11:34" departure="11:34">Fridalen</stop>
    <stop arrival="11:35" departure="11:35">Langhaugen</stop>
    <stop arrival="11:37" departure="11:37">Lærerskolen, Landås</stop>
    <stop arrival="11:38" departure="11:38">Lægdene</stop>
    <stop arrival="11:39" departure="11:39">Lægdenesvingen</stop>
    <stop arrival="11:39" departure="11:39">Montana</stop>
    <stop arrival="11:40" departure="11:40">Sollien v/nr. 57</stop>
    <stop arrival="11:41" departure="11:41">Sollien v/nr. 87</stop>
    <stop arrival="11:41" departure="11:41">Sollien v/nr. 126</stop>
    <stop arrival="11:42" departure="11:42">Kanonhaugen</stop>
    <stop arrival="11:42" departure="11:42">Kolstien</stop>
    <stop arrival="11:43" departure="11:43">Strimmelen</stop>
    <stop arrival="11:44">Mannsverk vognstasjon</stop>
  </route>
  <route no="9" destination="Øyjorden (Bergen)" url="http://www.web2051.no/bin/tp/zuginfo.exe/on/583230/198054/679590/145386/1/" trafficDays="kjører Lø, ikke 1. Mai">
    <stop departure="10:57" routeNo="9">Barlia</stop>
    <stop arrival="10:58" departure="10:58">Tjernet</stop>
    <stop arrival="10:59" departure="10:59">Spelhaugen</stop>
    <stop arrival="11:00" departure="11:00">Skarphaugen</stop>
    <stop arrival="11:02" departure="11:02">Oasen Terminal</stop>
    <stop arrival="11:03" departure="11:03">Løvås</stop>
    <stop arrival="11:05" departure="11:05">Løvåsveien</stop>
    <stop arrival="11:06" departure="11:06">Seljedalen skole</stop>
    <stop arrival="11:07" departure="11:07">Vestlund beh.sent.</stop>
    <stop arrival="11:07" departure="11:07">Storhammeren (Betanien)</stop>
    <stop arrival="11:08" departure="11:08">Vestlundveien</stop>
    <stop arrival="11:14" departure="11:14">Gyldenpris</stop>
    <stop arrival="11:15" departure="11:15">Møhlenpris v/ Industrihuset</stop>
    <stop arrival="11:17" departure="11:17">Christies gate (Festplassen)</stop>
    <stop arrival="11:20" departure="11:20">Torget v/DnB</stop>
    <stop arrival="11:21" departure="11:21">Bryggen</stop>
    <stop arrival="11:21" departure="11:21">Slottsgaten</stop>
    <stop arrival="11:22" departure="11:22">Bontelabo</stop>
    <stop arrival="11:23" departure="11:23">Skutevikstorget</stop>
    <stop arrival="11:24" departure="11:24">Sjøgaten</stop>
    <stop arrival="11:24" departure="11:24">Sandvikstorget</stop>
    <stop arrival="11:25" departure="11:25">Ludebryggen</stop>
    <stop arrival="11:26" departure="11:26">Munkebotten</stop>
    <stop arrival="11:27" departure="11:27">Nyhavnsvei (Gamle Bergen)</stop>
    <stop arrival="11:28" departure="11:28">Handelshøyskolen</stop>
    <stop arrival="11:29" departure="11:29">Hatleberg</stop>
    <stop arrival="11:30" departure="11:30">Skytterveien</stop>
    <stop arrival="11:31" departure="11:31">Øyjordsveien</stop>
    <stop arrival="11:32">Øyjorden (Bergen)</stop>
  </route>
  <route no="9" destination="Øyjorden (Bergen)" url="http://www.web2051.no/bin/tp/zuginfo.exe/on/207393/72780/783748/322752/1/" trafficDays="kjører Ma - Fr, ikke 13., 17., 24. Mai">
    <stop departure="11:00" routeNo="9">Barlia</stop>
    <stop arrival="11:00" departure="11:00">Tjernet</stop>
    <stop arrival="11:01" departure="11:01">Spelhaugen</stop>
    <stop arrival="11:02" departure="11:02">Skarphaugen</stop>
    <stop arrival="11:03" departure="11:03">Oasen Terminal</stop>
    <stop arrival="11:04" departure="11:04">Løvås</stop>
    <stop arrival="11:05" departure="11:05">Løvåsveien</stop>
    <stop arrival="11:05" departure="11:05">Seljedalen skole</stop>
    <stop arrival="11:06" departure="11:06">Vestlund beh.sent.</stop>
    <stop arrival="11:06" departure="11:06">Storhammeren (Betanien)</stop>
    <stop arrival="11:07" departure="11:07">Vestlundveien</stop>
    <stop arrival="11:13" departure="11:13">Gyldenpris</stop>
    <stop arrival="11:14" departure="11:14">Møhlenpris v/ Industrihuset</stop>
    <stop arrival="11:16" departure="11:16">Christies gate (Festplassen)</stop>
    <stop arrival="11:19" departure="11:19">Torget v/DnB</stop>
    <stop arrival="11:20" departure="11:20">Bryggen</stop>
    <stop arrival="11:20" departure="11:20">Slottsgaten</stop>
    <stop arrival="11:21" departure="11:21">Bontelabo</stop>
    <stop arrival="11:22" departure="11:22">Skutevikstorget</stop>
    <stop arrival="11:23" departure="11:23">Sjøgaten</stop>
    <stop arrival="11:23" departure="11:23">Sandvikstorget</stop>
    <stop arrival="11:24" departure="11:24">Ludebryggen</stop>
    <stop arrival="11:25" departure="11:25">Munkebotten</stop>
    <stop arrival="11:26" departure="11:26">Nyhavnsvei (Gamle Bergen)</stop>
    <stop arrival="11:27" departure="11:27">Handelshøyskolen</stop>
    <stop arrival="11:28" departure="11:28">Hatleberg</stop>
    <stop arrival="11:29" departure="11:29">Skytterveien</stop>
    <stop arrival="11:30" departure="11:30">Øyjordsveien</stop>
    <stop arrival="11:31">Øyjorden (Bergen)</stop>
  </route>
  <route no="9" destination="Barlia" url="http://www.web2051.no/bin/tp/zuginfo.exe/on/414228/141728/932252/328057/1/" trafficDays="kjører Ma - Fr, ikke 13., 17., 24. Mai">
    <stop departure="10:40" routeNo="9">Øyjorden (Bergen)</stop>
    <stop arrival="10:41" departure="10:41">Øyjordsveien</stop>
    <stop arrival="10:41" departure="10:41">Skytterveien</stop>
    <stop arrival="10:42" departure="10:42">Hatleberg</stop>
    <stop arrival="10:42" departure="10:42">Handelshøyskolen</stop>
    <stop arrival="10:44" departure="10:44">Nyhavnsvei (Gamle Bergen)</stop>
    <stop arrival="10:46" departure="10:46">Munkebotten</stop>
    <stop arrival="10:47" departure="10:47">Ludebryggen</stop>
    <stop arrival="10:48" departure="10:48">Sandvikstorget</stop>
    <stop arrival="10:50" departure="10:50">Skutevikstorget</stop>
    <stop arrival="10:51" departure="10:51">Bontelabo</stop>
    <stop arrival="10:52" departure="10:52">Slottsgaten</stop>
    <stop arrival="10:54" departure="10:54">Bryggen</stop>
    <stop arrival="10:55" departure="10:55">Olav Kyrres gate</stop>
    <stop arrival="10:56" departure="10:56">Møhlenpris v/ Industrihuset</stop>
    <stop arrival="10:57" departure="10:57">Gyldenpris</stop>
    <stop arrival="11:00" departure="11:00">Løvstakktunnelen</stop>
    <stop arrival="11:01" departure="11:01">Vestlundveien</stop>
    <stop arrival="11:02" departure="11:02">Storhammeren (Betanien)</stop>
    <stop arrival="11:02" departure="11:02">Vestlund beh.sent.</stop>
    <stop arrival="11:04" departure="11:04">Seljedalen skole</stop>
    <stop arrival="11:05" departure="11:05">Løvåsveien</stop>
    <stop arrival="11:07" departure="11:07">Nebbeveien</stop>
    <stop arrival="11:08" departure="11:08">Løvås</stop>
    <stop arrival="11:10" departure="11:10">Oasen Terminal</stop>
    <stop arrival="11:12" departure="11:12">Skarphaugen</stop>
    <stop arrival="11:13" departure="11:13">Spelhaugen</stop>
    <stop arrival="11:14" departure="11:14">Tjernet</stop>
    <stop arrival="11:15">Barlia</stop>
  </route>
  <route no="30" destination="Bergen Busstasjon" url="http://www.web2051.no/bin/tp/zuginfo.exe/on/867930/293608/578104/258/1/" trafficDays="kjører Sø, også 1., 13., 17., 24. Mai">
    <stop departure="10:50" routeNo="30">Birkelandskrysset Terminal</stop>
    <stop arrival="10:51" departure="10:51">Birkelandsflaten</stop>
    <stop arrival="10:52" departure="10:52">Birkelandsflaten</stop>
    <stop arrival="10:53" departure="10:53">Sandslislusen</stop>
    <stop arrival="10:53" departure="10:53">Sandslisnuplass</stop>
    <stop arrival="10:54" departure="10:54">Sandsligården</stop>
    <stop arrival="10:55" departure="10:55">Statoil (Sandsli)</stop>
    <stop arrival="10:56" departure="10:56">Statoil stasjon Sandsli</stop>
    <stop arrival="10:57" departure="10:57">Hydro Sandsli</stop>
    <stop arrival="10:58" departure="10:58">Petedalsheia</stop>
    <stop arrival="10:59" departure="10:59">Fanatorget</stop>
    <stop arrival="11:03" departure="11:03">Dolvik terminal</stop>
    <stop arrival="11:04" departure="11:04">Søreide skole</stop>
    <stop arrival="11:05" departure="11:05">Søreide v/Hydrostasjonen</stop>
    <stop arrival="11:05" departure="11:05">Straume bro</stop>
    <stop arrival="11:05" departure="11:05">Bergen Motorbåtforening</stop>
    <stop arrival="11:06" departure="11:06">Sementbroen</stop>
    <stop arrival="11:07" departure="11:07">Sandeide terminal</stop>
    <stop arrival="11:09" departure="11:09">Fyllingsdalsveien v/Shell</stop>
    <stop arrival="11:11" departure="11:11">Skarphaugen</stop>
    <stop arrival="11:12" departure="11:12">Oasen Terminal</stop>
    <stop arrival="11:13" departure="11:13">Løvås</stop>
    <stop arrival="11:13" departure="11:13">Nebbeveien</stop>
    <stop arrival="11:13" departure="11:13">Hamregården</stop>
    <stop arrival="11:14" departure="11:14">Sikthaugen</stop>
    <stop arrival="11:17" departure="11:17">Gyldenpris</stop>
    <stop arrival="11:19" departure="11:19">Møhlenpris v/ Industrihuset</stop>
    <stop arrival="11:22" departure="11:22">Nygårdsgaten</stop>
    <stop arrival="11:27">Bergen Busstasjon</stop>
  </route>
  <route no="9" destination="Barlia" url="http://www.web2051.no/bin/tp/zuginfo.exe/on/542517/184484/90282/135698/1/" trafficDays="kjører Lø, ikke 1. Mai">
    <stop departure="10:40" routeNo="9">Øyjorden (Bergen)</stop>
    <stop arrival="10:41" departure="10:41">Øyjordsveien</stop>
    <stop arrival="10:42" departure="10:42">Skytterveien</stop>
    <stop arrival="10:42" departure="10:42">Hatleberg</stop>
    <stop arrival="10:43" departure="10:43">Handelshøyskolen</stop>
    <stop arrival="10:45" departure="10:45">Nyhavnsvei (Gamle Bergen)</stop>
    <stop arrival="10:47" departure="10:47">Munkebotten</stop>
    <stop arrival="10:48" departure="10:48">Ludebryggen</stop>
    <stop arrival="10:49" departure="10:49">Sandvikstorget</stop>
    <stop arrival="10:51" departure="10:51">Skutevikstorget</stop>
    <stop arrival="10:52" departure="10:52">Bontelabo</stop>
    <stop arrival="10:53" departure="10:53">Slottsgaten</stop>
    <stop arrival="10:55" departure="10:55">Bryggen</stop>
    <stop arrival="10:56" departure="10:56">Olav Kyrres gate</stop>
    <stop arrival="10:58" departure="10:58">Møhlenpris v/ Industrihuset</stop>
    <stop arrival="10:59" departure="10:59">Gyldenpris</stop>
    <stop arrival="11:04" departure="11:04">Løvstakktunnelen</stop>
    <stop arrival="11:05" departure="11:05">Vestlundveien</stop>
    <stop arrival="11:07" departure="11:07">Storhammeren (Betanien)</stop>
    <stop arrival="11:07" departure="11:07">Vestlund beh.sent.</stop>
    <stop arrival="11:09" departure="11:09">Seljedalen skole</stop>
    <stop arrival="11:10" departure="11:10">Løvåsveien</stop>
    <stop arrival="11:12" departure="11:12">Nebbeveien</stop>
    <stop arrival="11:13" departure="11:13">Løvås</stop>
    <stop arrival="11:15" departure="11:15">Oasen Terminal</stop>
    <stop arrival="11:17" departure="11:17">Skarphaugen</stop>
    <stop arrival="11:18" departure="11:18">Spelhaugen</stop>
    <stop arrival="11:19" departure="11:19">Tjernet</stop>
    <stop arrival="11:20">Barlia</stop>
  </route>
  <route no="30" destination="Bergen Busstasjon" url="http://www.web2051.no/bin/tp/zuginfo.exe/on/697200/236749/243836/110485/1/" trafficDays="kjører Ma - Fr, ikke 13., 17., 24. Mai">
    <stop departure="10:50" routeNo="30">Birkelandskrysset Terminal</stop>
    <stop arrival="10:52" departure="10:52">Birkelandsflaten</stop>
    <stop arrival="10:53" departure="10:53">Birkelandsflaten</stop>
    <stop arrival="10:53" departure="10:53">Sandslislusen</stop>
    <stop arrival="10:53" departure="10:53">Sandslisnuplass</stop>
    <stop arrival="10:54" departure="10:54">Sandsligården</stop>
    <stop arrival="10:55" departure="10:55">Statoil (Sandsli)</stop>
    <stop arrival="10:55" departure="10:55">Statoil stasjon Sandsli</stop>
    <stop arrival="10:56" departure="10:56">Hydro Sandsli</stop>
    <stop arrival="10:56" departure="10:56">Petedalsheia</stop>
    <stop arrival="10:57" departure="10:57">Fanatorget</stop>
    <stop arrival="11:00" departure="11:00">Regnbueåsen</stop>
    <stop arrival="11:03" departure="11:03">Skranevegen</stop>
    <stop arrival="11:03" departure="11:03">Dolvik terminal</stop>
    <stop arrival="11:03" departure="11:03">Dolvikbakken</stop>
    <stop arrival="11:04" departure="11:04">Søreide skole</stop>
    <stop arrival="11:05" departure="11:05">Søreide v/Hydrostasjonen</stop>
    <stop arrival="11:06" departure="11:06">Straume bro</stop>
    <stop arrival="11:06" departure="11:06">Bergen Motorbåtforening</stop>
    <stop arrival="11:06" departure="11:06">Sementbroen</stop>
    <stop arrival="11:08" departure="11:08">Sandeide terminal</stop>
    <stop arrival="11:10" departure="11:10">Fyllingsdalsveien v/Shell</stop>
    <stop arrival="11:12" departure="11:12">Skarphaugen</stop>
    <stop arrival="11:13" departure="11:13">Oasen Terminal</stop>
    <stop arrival="11:14" departure="11:14">Løvås</stop>
    <stop arrival="11:15" departure="11:15">Nebbeveien</stop>
    <stop arrival="11:15" departure="11:15">Hamregården</stop>
    <stop arrival="11:16" departure="11:16">Sikthaugen</stop>
    <stop arrival="11:21" departure="11:21">Gyldenpris</stop>
    <stop arrival="11:23" departure="11:23">Møhlenpris v/ Industrihuset</stop>
    <stop arrival="11:26" departure="11:26">Nygårdsgaten</stop>
    <stop arrival="11:31">Bergen Busstasjon</stop>
  </route>
  <route no="30" destination="Bergen Busstasjon" url="http://www.web2051.no/bin/tp/zuginfo.exe/on/36114/16352/165656/70790/1/" trafficDays="kjører Lø, ikke 1. Mai">
    <stop departure="10:50" routeNo="30">Birkelandskrysset Terminal</stop>
    <stop arrival="10:52" departure="10:52">Birkelandsflaten</stop>
    <stop arrival="10:53" departure="10:53">Birkelandsflaten</stop>
    <stop arrival="10:53" departure="10:53">Sandslislusen</stop>
    <stop arrival="10:53" departure="10:53">Sandslisnuplass</stop>
    <stop arrival="10:54" departure="10:54">Sandsligården</stop>
    <stop arrival="10:55" departure="10:55">Statoil (Sandsli)</stop>
    <stop arrival="10:56" departure="10:56">Statoil stasjon Sandsli</stop>
    <stop arrival="10:57" departure="10:57">Hydro Sandsli</stop>
    <stop arrival="10:58" departure="10:58">Petedalsheia</stop>
    <stop arrival="10:59" departure="10:59">Fanatorget</stop>
    <stop arrival="11:03" departure="11:03">Dolvik terminal</stop>
    <stop arrival="11:03" departure="11:03">Dolvikbakken</stop>
    <stop arrival="11:04" departure="11:04">Søreide skole</stop>
    <stop arrival="11:05" departure="11:05">Søreide v/Hydrostasjonen</stop>
    <stop arrival="11:05" departure="11:05">Straume bro</stop>
    <stop arrival="11:05" departure="11:05">Bergen Motorbåtforening</stop>
    <stop arrival="11:06" departure="11:06">Sementbroen</stop>
    <stop arrival="11:07" departure="11:07">Sandeide terminal</stop>
    <stop arrival="11:10" departure="11:10">Fyllingsdalsveien v/Shell</stop>
    <stop arrival="11:14" departure="11:14">Skarphaugen</stop>
    <stop arrival="11:15" departure="11:15">Oasen Terminal</stop>
    <stop arrival="11:16" departure="11:16">Løvås</stop>
    <stop arrival="11:16" departure="11:16">Nebbeveien</stop>
    <stop arrival="11:16" departure="11:16">Hamregården</stop>
    <stop arrival="11:17" departure="11:17">Sikthaugen</stop>
    <stop arrival="11:20" departure="11:20">Gyldenpris</stop>
    <stop arrival="11:22" departure="11:22">Møhlenpris v/ Industrihuset</stop>
    <stop arrival="11:25" departure="11:25">Nygårdsgaten</stop>
    <stop arrival="11:30">Bergen Busstasjon</stop>
  </route>
  <route no="30" destination="Birkelandskrysset Terminal" url="http://www.web2051.no/bin/tp/zuginfo.exe/on/581346/198081/17884/184840/1/" trafficDays="kjører Sø, også 1., 13., 17., 24. Mai">
    <stop departure="11:05" routeNo="30">Bergen Busstasjon</stop>
    <stop arrival="11:10" departure="11:10">Olav Kyrres gate</stop>
    <stop arrival="11:11" departure="11:11">Møhlenpris v/ Industrihuset</stop>
    <stop arrival="11:12" departure="11:12">Gyldenpris</stop>
    <stop arrival="11:15" departure="11:15">Løvstakktunnelen</stop>
    <stop arrival="11:16" departure="11:16">Sikthaugen</stop>
    <stop arrival="11:16" departure="11:16">Hamregården</stop>
    <stop arrival="11:17" departure="11:17">Nebbeveien</stop>
    <stop arrival="11:17" departure="11:17">Løvås</stop>
    <stop arrival="11:18" departure="11:18">Oasen Terminal</stop>
    <stop arrival="11:19" departure="11:19">Skarphaugen</stop>
    <stop arrival="11:21" departure="11:21">Fyllingdsalsveien v/Shell</stop>
    <stop arrival="11:23" departure="11:23">Sandeide terminal</stop>
    <stop arrival="11:25" departure="11:25">Bjørgeveien</stop>
    <stop arrival="11:27" departure="11:27">Sementbroen</stop>
    <stop arrival="11:29" departure="11:29">Straume bro</stop>
    <stop arrival="11:30" departure="11:30">Søreide v/Hydrostasjonen</stop>
    <stop arrival="11:31" departure="11:31">Dolvik terminal</stop>
    <stop arrival="11:34" departure="11:34">Fanatorget</stop>
    <stop arrival="11:35" departure="11:35">Petedalsheia</stop>
    <stop arrival="11:35" departure="11:35">Hydro Sandsli</stop>
    <stop arrival="11:36" departure="11:36">Statoil (Sandsli)</stop>
    <stop arrival="11:37" departure="11:37">Sandsligården</stop>
    <stop arrival="11:38" departure="11:38">Sandslisnuplass</stop>
    <stop arrival="11:38" departure="11:38">Sandslislusen</stop>
    <stop arrival="11:39" departure="11:39">Birkelandsflaten</stop>
    <stop arrival="11:42" departure="11:42">Birkelandsflaten</stop>
    <stop arrival="11:45">Birkelandskrysset Terminal</stop>
  </route>
  <route no="30" destination="Birkelandskrysset Terminal" url="http://www.web2051.no/bin/tp/zuginfo.exe/on/946860/319932/935506/152135/1/" trafficDays="kjører Lø, ikke 1. Mai">
    <stop departure="11:05" routeNo="30">Bergen Busstasjon</stop>
    <stop arrival="11:10" departure="11:10">Olav Kyrres gate</stop>
    <stop arrival="11:11" departure="11:11">Møhlenpris v/ Industrihuset</stop>
    <stop arrival="11:12" departure="11:12">Gyldenpris</stop>
    <stop arrival="11:15" departure="11:15">Løvstakktunnelen</stop>
    <stop arrival="11:16" departure="11:16">Sikthaugen</stop>
    <stop arrival="11:16" departure="11:16">Hamregården</stop>
    <stop arrival="11:17" departure="11:17">Nebbeveien</stop>
    <stop arrival="11:17" departure="11:17">Løvås</stop>
    <stop arrival="11:18" departure="11:18">Oasen Terminal</stop>
    <stop arrival="11:19" departure="11:19">Skarphaugen</stop>
    <stop arrival="11:21" departure="11:21">Fyllingdsalsveien v/Shell</stop>
    <stop arrival="11:23" departure="11:23">Sandeide terminal</stop>
    <stop arrival="11:25" departure="11:25">Bjørgeveien</stop>
    <stop arrival="11:27" departure="11:27">Sementbroen</stop>
    <stop arrival="11:29" departure="11:29">Straume bro</stop>
    <stop arrival="11:30" departure="11:30">Søreide v/Hydrostasjonen</stop>
    <stop arrival="11:31" departure="11:31">Søreide skole</stop>
    <stop arrival="11:31" departure="11:31">Dolvik terminal</stop>
    <stop arrival="11:34" departure="11:34">Fanatorget</stop>
    <stop arrival="11:35" departure="11:35">Petedalsheia</stop>
    <stop arrival="11:35" departure="11:35">Hydro Sandsli</stop>
    <stop arrival="11:36" departure="11:36">Statoil (Sandsli)</stop>
    <stop arrival="11:37" departure="11:37">Sandsligården</stop>
    <stop arrival="11:38" departure="11:38">Sandslisnuplass</stop>
    <stop arrival="11:38" departure="11:38">Sandslislusen</stop>
    <stop arrival="11:39" departure="11:39">Birkelandsflaten</stop>
    <stop arrival="11:42" departure="11:42">Birkelandsflaten</stop>
    <stop arrival="11:45">Birkelandskrysset Terminal</stop>
  </route>
  <route no="31" destination="Varden" url="http://www.web2051.no/bin/tp/zuginfo.exe/on/45339/19529/612888/291332/1/" trafficDays="kjører Lø, ikke 1. Mai">
    <stop departure="10:40" routeNo="31">Mannsverk vognstasjon</stop>
    <stop arrival="10:40" departure="10:40">Wiers -Jenssens vei</stop>
    <stop arrival="10:41" departure="10:41">Strimmelen</stop>
    <stop arrival="10:42" departure="10:42">Kolstien</stop>
    <stop arrival="10:44" departure="10:44">Kanonhaugen</stop>
    <stop arrival="10:45" departure="10:45">Lægdene</stop>
    <stop arrival="10:45" departure="10:45">Lægdenesvingen</stop>
    <stop arrival="10:46" departure="10:46">Montana</stop>
    <stop arrival="10:46" departure="10:46">Sollien v/nr. 57</stop>
    <stop arrival="10:47" departure="10:47">Sollien v/nr. 87</stop>
    <stop arrival="10:47" departure="10:47">Sollien v/nr. 126</stop>
    <stop arrival="10:47" departure="10:47">Lægdene</stop>
    <stop arrival="10:48" departure="10:48">Lærerskolen, Landås</stop>
    <stop arrival="10:48" departure="10:48">Langhaugen</stop>
    <stop arrival="10:49" departure="10:49">Fridalen</stop>
    <stop arrival="10:49" departure="10:49">Haukeland sykehus sør</stop>
    <stop arrival="10:50" departure="10:50">Haukeland sykehus nord</stop>
    <stop arrival="10:50" departure="10:50">Haraldsplass sykehus</stop>
    <stop arrival="10:51" departure="10:51">Haukeland skole</stop>
    <stop arrival="10:53" departure="10:53">Svartediksveien</stop>
    <stop arrival="10:54" departure="10:54">Kalvedalsveien</stop>
    <stop arrival="10:56" departure="10:56">Kalfarlien</stop>
    <stop arrival="10:57" departure="10:57">Stadsporten (jernbanen)</stop>
    <stop arrival="10:59" departure="10:59">Kong Oscars gate</stop>
    <stop arrival="11:00" departure="11:00">Allehelgensgate</stop>
    <stop arrival="11:05" departure="11:05">Olav Kyrres gate</stop>
    <stop arrival="11:08" departure="11:08">Møhlenpris v/ Industrihuset</stop>
    <stop arrival="11:10" departure="11:10">Gyldenpris</stop>
    <stop arrival="11:14" departure="11:14">Løvstakktunnelen</stop>
    <stop arrival="11:15" departure="11:15">Sikthaugen</stop>
    <stop arrival="11:16" departure="11:16">Hamregården</stop>
    <stop arrival="11:16" departure="11:16">Nebbeveien</stop>
    <stop arrival="11:17" departure="11:17">Løvås</stop>
    <stop arrival="11:18" departure="11:18">Oasen Terminal</stop>
    <stop arrival="11:19" departure="11:19">Skarphaugen</stop>
    <stop arrival="11:20" departure="11:20">St.Hanshaugen</stop>
    <stop arrival="11:21" departure="11:21">Krokatjønnveien</stop>
    <stop arrival="11:21" departure="11:21">Myrholtet</stop>
    <stop arrival="11:22" departure="11:22">Allestadveien</stop>
    <stop arrival="11:22" departure="11:22">Allestadhaugen</stop>
    <stop arrival="11:23" departure="11:23">Hesjaholtet</stop>
    <stop arrival="11:24" departure="11:24">Allestadhaugen</stop>
    <stop arrival="11:25" departure="11:25">Allestadveien</stop>
    <stop arrival="11:26" departure="11:26">Varden skole</stop>
    <stop arrival="11:27" departure="11:27">Vardesvingen</stop>
    <stop arrival="11:27" departure="11:27">Vardeveien</stop>
    <stop arrival="11:28">Varden</stop>
  </route>
  <route no="30" destination="Birkelandskrysset Terminal" url="http://www.web2051.no/bin/tp/zuginfo.exe/on/833535/282196/816574/130442/1/" trafficDays="kjører Ma - Fr, ikke 13., 17., 24. Mai">
    <stop departure="11:05" routeNo="30">Bergen Busstasjon</stop>
    <stop arrival="11:10" departure="11:10">Olav Kyrres gate</stop>
    <stop arrival="11:12" departure="11:12">Møhlenpris v/ Industrihuset</stop>
    <stop arrival="11:13" departure="11:13">Gyldenpris</stop>
    <stop arrival="11:17" departure="11:17">Løvstakktunnelen</stop>
    <stop arrival="11:17" departure="11:17">Sikthaugen</stop>
    <stop arrival="11:18" departure="11:18">Hamregården</stop>
    <stop arrival="11:18" departure="11:18">Nebbeveien</stop>
    <stop arrival="11:19" departure="11:19">Løvås</stop>
    <stop arrival="11:20" departure="11:20">Oasen Terminal</stop>
    <stop arrival="11:20" departure="11:20">Skarphaugen</stop>
    <stop arrival="11:21" departure="11:21">Fyllingdsalsveien v/Shell</stop>
    <stop arrival="11:22" departure="11:22">Sandeide terminal</stop>
    <stop arrival="11:25" departure="11:25">Bjørgeveien</stop>
    <stop arrival="11:27" departure="11:27">Sementbroen</stop>
    <stop arrival="11:30" departure="11:30">Straume bro</stop>
    <stop arrival="11:32" departure="11:32">Søreide v/Hydrostasjonen</stop>
    <stop arrival="11:32" departure="11:32">Søreide skole</stop>
    <stop arrival="11:33" departure="11:33">Grimstadskiftet</stop>
    <stop arrival="11:33" departure="11:33">Dolvik terminal</stop>
    <stop arrival="11:33" departure="11:33">Skranevegen</stop>
    <stop arrival="11:34" departure="11:34">Regnbueåsen</stop>
    <stop arrival="11:35" departure="11:35">Fanatorget</stop>
    <stop arrival="11:36" departure="11:36">Petedalsheia</stop>
    <stop arrival="11:37" departure="11:37">Hydro Sandsli</stop>
    <stop arrival="11:38" departure="11:38">Statoil (Sandsli)</stop>
    <stop arrival="11:39" departure="11:39">Sandsligården</stop>
    <stop arrival="11:40" departure="11:40">Sandslisnuplass</stop>
    <stop arrival="11:40" departure="11:40">Sandslislusen</stop>
    <stop arrival="11:42" departure="11:42">Birkelandsflaten</stop>
    <stop arrival="11:46" departure="11:46">Birkelandsflaten</stop>
    <stop arrival="11:50">Birkelandskrysset Terminal</stop>
  </route>
  <route no="31" destination="Varden" url="http://www.web2051.no/bin/tp/zuginfo.exe/on/666210/226503/480734/18305/1/" trafficDays="kjører Ma - Fr, ikke 13., 17., 24. Mai">
    <stop departure="10:43" routeNo="31">Mannsverk vognstasjon</stop>
    <stop arrival="10:43" departure="10:43">Wiers -Jenssens vei</stop>
    <stop arrival="10:44" departure="10:44">Strimmelen</stop>
    <stop arrival="10:45" departure="10:45">Kolstien</stop>
    <stop arrival="10:47" departure="10:47">Kanonhaugen</stop>
    <stop arrival="10:48" departure="10:48">Lægdene</stop>
    <stop arrival="10:48" departure="10:48">Lægdenesvingen</stop>
    <stop arrival="10:49" departure="10:49">Montana</stop>
    <stop arrival="10:50" departure="10:50">Sollien v/nr. 57</stop>
    <stop arrival="10:50" departure="10:50">Sollien v/nr. 87</stop>
    <stop arrival="10:51" departure="10:51">Sollien v/nr. 126</stop>
    <stop arrival="10:51" departure="10:51">Lægdene</stop>
    <stop arrival="10:52" departure="10:52">Lærerskolen, Landås</stop>
    <stop arrival="10:53" departure="10:53">Langhaugen</stop>
    <stop arrival="10:53" departure="10:53">Fridalen</stop>
    <stop arrival="10:54" departure="10:54">Haukeland sykehus sør</stop>
    <stop arrival="10:55" departure="10:55">Haukeland sykehus nord</stop>
    <stop arrival="10:55" departure="10:55">Haraldsplass sykehus</stop>
    <stop arrival="10:56" departure="10:56">Haukeland skole</stop>
    <stop arrival="10:58" departure="10:58">Svartediksveien</stop>
    <stop arrival="10:59" departure="10:59">Kalvedalsveien</stop>
    <stop arrival="11:01" departure="11:01">Kalfarlien</stop>
    <stop arrival="11:02" departure="11:02">Stadsporten (jernbanen)</stop>
    <stop arrival="11:04" departure="11:04">Kong Oscars gate</stop>
    <stop arrival="11:05" departure="11:05">Allehelgensgate</stop>
    <stop arrival="11:10" departure="11:10">Olav Kyrres gate</stop>
    <stop arrival="11:13" departure="11:13">Møhlenpris v/ Industrihuset</stop>
    <stop arrival="11:15" departure="11:15">Gyldenpris</stop>
    <stop arrival="11:18" departure="11:18">Løvstakktunnelen</stop>
    <stop arrival="11:19" departure="11:19">Sikthaugen</stop>
    <stop arrival="11:19" departure="11:19">Hamregården</stop>
    <stop arrival="11:20" departure="11:20">Nebbeveien</stop>
    <stop arrival="11:20" departure="11:20">Løvås</stop>
    <stop arrival="11:21" departure="11:21">Oasen Terminal</stop>
    <stop arrival="11:22" departure="11:22">Skarphaugen</stop>
    <stop arrival="11:23" departure="11:23">St.Hanshaugen</stop>
    <stop arrival="11:24" departure="11:24">Krokatjønnveien</stop>
    <stop arrival="11:24" departure="11:24">Myrholtet</stop>
    <stop arrival="11:25" departure="11:25">Allestadveien</stop>
    <stop arrival="11:25" departure="11:25">Allestadhaugen</stop>
    <stop arrival="11:26" departure="11:26">Hesjaholtet</stop>
    <stop arrival="11:27" departure="11:27">Allestadhaugen</stop>
    <stop arrival="11:28" departure="11:28">Allestadveien</stop>
    <stop arrival="11:29" departure="11:29">Varden skole</stop>
    <stop arrival="11:30" departure="11:30">Vardesvingen</stop>
    <stop arrival="11:30" departure="11:30">Vardeveien</stop>
    <stop arrival="11:31">Varden</stop>
  </route>
  <route no="31" destination="Mannsverk vognstasjon" url="http://www.web2051.no/bin/tp/zuginfo.exe/on/965865/326370/805020/80558/1/" trafficDays="kjører Lø, ikke 1. Mai">
    <stop departure="11:15" routeNo="31">Varden</stop>
    <stop arrival="11:16" departure="11:16">Vardeveien</stop>
    <stop arrival="11:16" departure="11:16">Vardesvingen</stop>
    <stop arrival="11:17" departure="11:17">Varden skole</stop>
    <stop arrival="11:18" departure="11:18">Allestadveien</stop>
    <stop arrival="11:18" departure="11:18">Allestadhaugen</stop>
    <stop arrival="11:19" departure="11:19">Hesjaholtet</stop>
    <stop arrival="11:20" departure="11:20">Allestadhaugen</stop>
    <stop arrival="11:20" departure="11:20">Allestadveien</stop>
    <stop arrival="11:22" departure="11:22">Myrholtet</stop>
    <stop arrival="11:22" departure="11:22">Krokatjønnveien</stop>
    <stop arrival="11:23" departure="11:23">St.Hanshaugen</stop>
    <stop arrival="11:24" departure="11:24">Skarphaugen</stop>
    <stop arrival="11:25" departure="11:25">Oasen Terminal</stop>
    <stop arrival="11:26" departure="11:26">Løvås</stop>
    <stop arrival="11:26" departure="11:26">Nebbeveien</stop>
    <stop arrival="11:27" departure="11:27">Hamregården</stop>
    <stop arrival="11:28" departure="11:28">Sikthaugen</stop>
    <stop arrival="11:32" departure="11:32">Gyldenpris</stop>
    <stop arrival="11:34" departure="11:34">Møhlenpris v/ Industrihuset</stop>
    <stop arrival="11:36" departure="11:36">Nøstet</stop>
    <stop arrival="11:40" departure="11:40">Strandgaten (Svaneapoteket)</stop>
    <stop arrival="11:45" departure="11:45">Småstrandgaten</stop>
    <stop arrival="11:46" departure="11:46">Nygaten</stop>
    <stop arrival="11:47" departure="11:47">Statsporten (jernbanen)</stop>
    <stop arrival="11:50" departure="11:50">Kalfarlien</stop>
    <stop arrival="11:51" departure="11:51">Kalvedalsveien</stop>
    <stop arrival="11:52" departure="11:52">Svartediksveien</stop>
    <stop arrival="11:53" departure="11:53">Statsarkivet</stop>
    <stop arrival="11:54" departure="11:54">Haraldsplass sykehus</stop>
    <stop arrival="11:55" departure="11:55">Haukeland sykehus nord</stop>
    <stop arrival="11:57" departure="11:57">Haukeland sykehus sør</stop>
    <stop arrival="11:58" departure="11:58">Fridalen</stop>
    <stop arrival="11:59" departure="11:59">Langhaugen</stop>
    <stop arrival="12:01" departure="12:01">Lærerskolen, Landås</stop>
    <stop arrival="12:02" departure="12:02">Lægdene</stop>
    <stop arrival="12:03" departure="12:03">Lægdenesvingen</stop>
    <stop arrival="12:03" departure="12:03">Montana</stop>
    <stop arrival="12:04" departure="12:04">Sollien v/nr. 57</stop>
    <stop arrival="12:05" departure="12:05">Sollien v/nr. 87</stop>
    <stop arrival="12:05" departure="12:05">Sollien v/nr. 126</stop>
    <stop arrival="12:06" departure="12:06">Kanonhaugen</stop>
    <stop arrival="12:06" departure="12:06">Kolstien</stop>
    <stop arrival="12:07" departure="12:07">Strimmelen</stop>
    <stop arrival="12:08">Mannsverk vognstasjon</stop>
  </route>
  <route no="31" destination="Mannsverk vognstasjon" url="http://www.web2051.no/bin/tp/zuginfo.exe/on/250080/87804/701104/267198/1/" trafficDays="kjører Ma - Fr, ikke 13., 17., 24. Mai">
    <stop departure="11:15" routeNo="31">Varden</stop>
    <stop arrival="11:16" departure="11:16">Vardeveien</stop>
    <stop arrival="11:16" departure="11:16">Vardesvingen</stop>
    <stop arrival="11:17" departure="11:17">Varden skole</stop>
    <stop arrival="11:18" departure="11:18">Allestadveien</stop>
    <stop arrival="11:18" departure="11:18">Allestadhaugen</stop>
    <stop arrival="11:19" departure="11:19">Hesjaholtet</stop>
    <stop arrival="11:20" departure="11:20">Allestadhaugen</stop>
    <stop arrival="11:20" departure="11:20">Allestadveien</stop>
    <stop arrival="11:22" departure="11:22">Myrholtet</stop>
    <stop arrival="11:22" departure="11:22">Krokatjønnveien</stop>
    <stop arrival="11:23" departure="11:23">St.Hanshaugen</stop>
    <stop arrival="11:24" departure="11:24">Skarphaugen</stop>
    <stop arrival="11:25" departure="11:25">Oasen Terminal</stop>
    <stop arrival="11:26" departure="11:26">Løvås</stop>
    <stop arrival="11:27" departure="11:27">Nebbeveien</stop>
    <stop arrival="11:27" departure="11:27">Hamregården</stop>
    <stop arrival="11:28" departure="11:28">Sikthaugen</stop>
    <stop arrival="11:33" departure="11:33">Gyldenpris</stop>
    <stop arrival="11:34" departure="11:34">Møhlenpris v/ Industrihuset</stop>
    <stop arrival="11:36" departure="11:36">Nøstet</stop>
    <stop arrival="11:40" departure="11:40">Strandgaten (Svaneapoteket)</stop>
    <stop arrival="11:42" departure="11:42">Småstrandgaten</stop>
    <stop arrival="11:43" departure="11:43">Nygaten</stop>
    <stop arrival="11:44" departure="11:44">Statsporten (jernbanen)</stop>
    <stop arrival="11:47" departure="11:47">Kalfarlien</stop>
    <stop arrival="11:48" departure="11:48">Kalvedalsveien</stop>
    <stop arrival="11:49" departure="11:49">Svartediksveien</stop>
    <stop arrival="11:50" departure="11:50">Statsarkivet</stop>
    <stop arrival="11:51" departure="11:51">Haraldsplass sykehus</stop>
    <stop arrival="11:52" departure="11:52">Haukeland sykehus nord</stop>
    <stop arrival="11:54" departure="11:54">Haukeland sykehus sør</stop>
    <stop arrival="11:55" departure="11:55">Fridalen</stop>
    <stop arrival="11:57" departure="11:57">Langhaugen</stop>
    <stop arrival="11:58" departure="11:58">Lærerskolen, Landås</stop>
    <stop arrival="12:00" departure="12:00">Lægdene</stop>
    <stop arrival="12:00" departure="12:00">Lægdenesvingen</stop>
    <stop arrival="12:01" departure="12:01">Montana</stop>
    <stop arrival="12:02" departure="12:02">Sollien v/nr. 57</stop>
    <stop arrival="12:02" departure="12:02">Sollien v/nr. 87</stop>
    <stop arrival="12:03" departure="12:03">Sollien v/nr. 126</stop>
    <stop arrival="12:03" departure="12:03">Kanonhaugen</stop>
    <stop arrival="12:04" departure="12:04">Kolstien</stop>
    <stop arrival="12:04" departure="12:04">Strimmelen</stop>
    <stop arrival="12:05">Mannsverk vognstasjon</stop>
  </route>
  <route no="32" destination="Straume term." url="http://www.web2051.no/bin/tp/zuginfo.exe/on/260646/88145/668508/247372/1/" trafficDays="kjører Ma - Fr, ikke 13., 17., 24. Mai">
    <stop departure="11:15" routeNo="32">Bergen Busstasjon</stop>
    <stop arrival="11:18" departure="11:18">Olav Kyrres gate</stop>
    <stop arrival="11:20" departure="11:20">Møhlenpris v/ Industrihuset</stop>
    <stop arrival="11:21" departure="11:21">Gyldenpris</stop>
    <stop arrival="11:26" departure="11:26">Løvstakktunnelen</stop>
    <stop arrival="11:27" departure="11:27">Sikthaugen</stop>
    <stop arrival="11:28" departure="11:28">Hamregården</stop>
    <stop arrival="11:28" departure="11:28">Nebbeveien</stop>
    <stop arrival="11:29" departure="11:29">Løvås</stop>
    <stop arrival="11:30" departure="11:30">Oasen Terminal</stop>
    <stop arrival="11:31" departure="11:31">Skarphaugen</stop>
    <stop arrival="11:33" departure="11:33">Fyllingdsalsveien v/Shell</stop>
    <stop arrival="11:35" departure="11:35">Sandeide terminal</stop>
    <stop arrival="11:36" departure="11:36">Sandeidet barnehage</stop>
    <stop arrival="11:36" departure="11:36">Sandeidbråtet</stop>
    <stop arrival="11:37" departure="11:37">Bjørge</stop>
    <stop arrival="11:39" departure="11:39">Kjerreidviken</stop>
    <stop arrival="11:41" departure="11:41">Bjørndalsskogen</stop>
    <stop arrival="11:42" departure="11:42">Sætermyr</stop>
    <stop arrival="11:43" departure="11:43">Ravnestølen</stop>
    <stop arrival="11:45" departure="11:45">Bjørndalstræ R557</stop>
    <stop arrival="11:47" departure="11:47">Loddefjord term.</stop>
    <stop arrival="11:49" departure="11:49">Loddefjorddalen</stop>
    <stop arrival="11:50" departure="11:50">Frida Fasmer</stop>
    <stop arrival="11:51" departure="11:51">Frida Fasmer R555</stop>
    <stop arrival="11:52" departure="11:52">Storavatnet term.</stop>
    <stop arrival="11:54" departure="11:54">Breivikskiftet</stop>
    <stop arrival="11:55" departure="11:55">Drotningsvik Rv 555</stop>
    <stop arrival="11:57" departure="11:57">Knarrevik</stop>
    <stop arrival="12:02">Straume term.</stop>
  </route>
  <route no="32" destination="Bergen Busstasjon" url="http://www.web2051.no/bin/tp/zuginfo.exe/on/222459/75428/279332/65515/1/" trafficDays="kjører Ma - Fr, ikke 13., 17., 24. Mai">
    <stop departure="11:03" routeNo="32">Straume term.</stop>
    <stop arrival="11:06" departure="11:06">Knarrevik</stop>
    <stop arrival="11:09" departure="11:09">Drotningsvik Rv 555</stop>
    <stop arrival="11:10" departure="11:10">Breivikskiftet</stop>
    <stop arrival="11:13" departure="11:13">Storavatnet term.</stop>
    <stop arrival="11:14" departure="11:14">Frida Fasmer</stop>
    <stop arrival="11:15" departure="11:15">Loddefjorddalen</stop>
    <stop arrival="11:18" departure="11:18">Loddefjord term.</stop>
    <stop arrival="11:19" departure="11:19">Bjørndalstre krysset</stop>
    <stop arrival="11:19" departure="11:19">Bjørndalstræ R557</stop>
    <stop arrival="11:20" departure="11:20">Ravnestølen</stop>
    <stop arrival="11:21" departure="11:21">Sætermyr</stop>
    <stop arrival="11:22" departure="11:22">Bjørndalsskogen</stop>
    <stop arrival="11:23" departure="11:23">Kjerreidviken</stop>
    <stop arrival="11:24" departure="11:24">Bjørge</stop>
    <stop arrival="11:24" departure="11:24">Sandeidbråtet</stop>
    <stop arrival="11:24" departure="11:24">Sandeidet barnehage</stop>
    <stop arrival="11:25" departure="11:25">Sandeide terminal</stop>
    <stop arrival="11:27" departure="11:27">Fyllingsdalsveien v/Shell</stop>
    <stop arrival="11:29" departure="11:29">Skarphaugen</stop>
    <stop arrival="11:30" departure="11:30">Oasen Terminal</stop>
    <stop arrival="11:31" departure="11:31">Løvås</stop>
    <stop arrival="11:32" departure="11:32">Nebbeveien</stop>
    <stop arrival="11:32" departure="11:32">Hamregården</stop>
    <stop arrival="11:33" departure="11:33">Sikthaugen</stop>
    <stop arrival="11:38" departure="11:38">Gyldenpris</stop>
    <stop arrival="11:39" departure="11:39">Møhlenpris v/ Industrihuset</stop>
    <stop arrival="11:42" departure="11:42">Nygårdsgaten</stop>
    <stop arrival="11:45">Bergen Busstasjon</stop>
  </route>
  <route no="32" destination="Bergen Busstasjon" url="http://www.web2051.no/bin/tp/zuginfo.exe/on/200220/68055/598538/232530/1/" trafficDays="kjører 1., 16., 17. Mai">
    <stop departure="11:13" routeNo="32">Storavatnet term.</stop>
    <stop arrival="11:14" departure="11:14">Frida Fasmer</stop>
    <stop arrival="11:15" departure="11:15">Loddefjorddalen</stop>
    <stop arrival="11:18" departure="11:18">Loddefjord term.</stop>
    <stop arrival="11:19" departure="11:19">Bjørndalstre krysset</stop>
    <stop arrival="11:19" departure="11:19">Bjørndalstræ R557</stop>
    <stop arrival="11:20" departure="11:20">Ravnestølen</stop>
    <stop arrival="11:21" departure="11:21">Sætermyr</stop>
    <stop arrival="11:22" departure="11:22">Bjørndalsskogen</stop>
    <stop arrival="11:23" departure="11:23">Kjerreidviken</stop>
    <stop arrival="11:24" departure="11:24">Bjørge</stop>
    <stop arrival="11:24" departure="11:24">Sandeidbråtet</stop>
    <stop arrival="11:24" departure="11:24">Sandeidet barnehage</stop>
    <stop arrival="11:25" departure="11:25">Sandeide terminal</stop>
    <stop arrival="11:27" departure="11:27">Fyllingsdalsveien v/Shell</stop>
    <stop arrival="11:29" departure="11:29">Skarphaugen</stop>
    <stop arrival="11:30" departure="11:30">Oasen Terminal</stop>
    <stop arrival="11:31" departure="11:31">Løvås</stop>
    <stop arrival="11:32" departure="11:32">Nebbeveien</stop>
    <stop arrival="11:33" departure="11:33">Hamregården</stop>
    <stop arrival="11:33" departure="11:33">Sikthaugen</stop>
    <stop arrival="11:39" departure="11:39">Gyldenpris</stop>
    <stop arrival="11:40" departure="11:40">Møhlenpris v/ Industrihuset</stop>
    <stop arrival="11:42" departure="11:42">Christies gate (Festplassen)</stop>
    <stop arrival="11:45">Bergen Busstasjon</stop>
  </route>
  <route no="9" destination="Øyjorden (Bergen)" url="http://www.web2051.no/bin/tp/zuginfo.exe/on/857049/289327/772870/100754/1/" trafficDays="kjører Lø, ikke 1. Mai">
    <stop departure="11:27" routeNo="9">Barlia</stop>
    <stop arrival="11:28" departure="11:28">Tjernet</stop>
    <stop arrival="11:29" departure="11:29">Spelhaugen</stop>
    <stop arrival="11:30" departure="11:30">Skarphaugen</stop>
    <stop arrival="11:32" departure="11:32">Oasen Terminal</stop>
    <stop arrival="11:33" departure="11:33">Løvås</stop>
    <stop arrival="11:35" departure="11:35">Løvåsveien</stop>
    <stop arrival="11:36" departure="11:36">Seljedalen skole</stop>
    <stop arrival="11:37" departure="11:37">Vestlund beh.sent.</stop>
    <stop arrival="11:37" departure="11:37">Storhammeren (Betanien)</stop>
    <stop arrival="11:38" departure="11:38">Vestlundveien</stop>
    <stop arrival="11:44" departure="11:44">Gyldenpris</stop>
    <stop arrival="11:45" departure="11:45">Møhlenpris v/ Industrihuset</stop>
    <stop arrival="11:47" departure="11:47">Christies gate (Festplassen)</stop>
    <stop arrival="11:50" departure="11:50">Torget v/DnB</stop>
    <stop arrival="11:51" departure="11:51">Bryggen</stop>
    <stop arrival="11:51" departure="11:51">Slottsgaten</stop>
    <stop arrival="11:52" departure="11:52">Bontelabo</stop>
    <stop arrival="11:53" departure="11:53">Skutevikstorget</stop>
    <stop arrival="11:54" departure="11:54">Sjøgaten</stop>
    <stop arrival="11:54" departure="11:54">Sandvikstorget</stop>
    <stop arrival="11:55" departure="11:55">Ludebryggen</stop>
    <stop arrival="11:56" departure="11:56">Munkebotten</stop>
    <stop arrival="11:57" departure="11:57">Nyhavnsvei (Gamle Bergen)</stop>
    <stop arrival="11:58" departure="11:58">Handelshøyskolen</stop>
    <stop arrival="11:59" departure="11:59">Hatleberg</stop>
    <stop arrival="12:00" departure="12:00">Skytterveien</stop>
    <stop arrival="12:01" departure="12:01">Øyjordsveien</stop>
    <stop arrival="12:02">Øyjorden (Bergen)</stop>
  </route>
  <route no="9" destination="Øyjorden (Bergen)" url="http://www.web2051.no/bin/tp/zuginfo.exe/on/292599/101182/153136/20975/1/" trafficDays="kjører Ma - Fr, ikke 13., 17., 24. Mai">
    <stop departure="11:30" routeNo="9">Barlia</stop>
    <stop arrival="11:30" departure="11:30">Tjernet</stop>
    <stop arrival="11:31" departure="11:31">Spelhaugen</stop>
    <stop arrival="11:32" departure="11:32">Skarphaugen</stop>
    <stop arrival="11:33" departure="11:33">Oasen Terminal</stop>
    <stop arrival="11:34" departure="11:34">Løvås</stop>
    <stop arrival="11:35" departure="11:35">Løvåsveien</stop>
    <stop arrival="11:35" departure="11:35">Seljedalen skole</stop>
    <stop arrival="11:36" departure="11:36">Vestlund beh.sent.</stop>
    <stop arrival="11:36" departure="11:36">Storhammeren (Betanien)</stop>
    <stop arrival="11:37" departure="11:37">Vestlundveien</stop>
    <stop arrival="11:43" departure="11:43">Gyldenpris</stop>
    <stop arrival="11:44" departure="11:44">Møhlenpris v/ Industrihuset</stop>
    <stop arrival="11:46" departure="11:46">Christies gate (Festplassen)</stop>
    <stop arrival="11:49" departure="11:49">Torget v/DnB</stop>
    <stop arrival="11:50" departure="11:50">Bryggen</stop>
    <stop arrival="11:50" departure="11:50">Slottsgaten</stop>
    <stop arrival="11:51" departure="11:51">Bontelabo</stop>
    <stop arrival="11:52" departure="11:52">Skutevikstorget</stop>
    <stop arrival="11:53" departure="11:53">Sjøgaten</stop>
    <stop arrival="11:53" departure="11:53">Sandvikstorget</stop>
    <stop arrival="11:54" departure="11:54">Ludebryggen</stop>
    <stop arrival="11:55" departure="11:55">Munkebotten</stop>
    <stop arrival="11:56" departure="11:56">Nyhavnsvei (Gamle Bergen)</stop>
    <stop arrival="11:57" departure="11:57">Handelshøyskolen</stop>
    <stop arrival="11:58" departure="11:58">Hatleberg</stop>
    <stop arrival="11:59" departure="11:59">Skytterveien</stop>
    <stop arrival="12:00" departure="12:00">Øyjordsveien</stop>
    <stop arrival="12:01">Øyjorden (Bergen)</stop>
  </route>
  <route no="9" destination="Barlia" url="http://www.web2051.no/bin/tp/zuginfo.exe/on/241725/84227/626554/232710/1/" trafficDays="kjører Ma - Fr, ikke 13., 17., 24. Mai">
    <stop departure="11:10" routeNo="9">Øyjorden (Bergen)</stop>
    <stop arrival="11:11" departure="11:11">Øyjordsveien</stop>
    <stop arrival="11:11" departure="11:11">Skytterveien</stop>
    <stop arrival="11:12" departure="11:12">Hatleberg</stop>
    <stop arrival="11:12" departure="11:12">Handelshøyskolen</stop>
    <stop arrival="11:14" departure="11:14">Nyhavnsvei (Gamle Bergen)</stop>
    <stop arrival="11:16" departure="11:16">Munkebotten</stop>
    <stop arrival="11:17" departure="11:17">Ludebryggen</stop>
    <stop arrival="11:18" departure="11:18">Sandvikstorget</stop>
    <stop arrival="11:20" departure="11:20">Skutevikstorget</stop>
    <stop arrival="11:21" departure="11:21">Bontelabo</stop>
    <stop arrival="11:22" departure="11:22">Slottsgaten</stop>
    <stop arrival="11:24" departure="11:24">Bryggen</stop>
    <stop arrival="11:25" departure="11:25">Olav Kyrres gate</stop>
    <stop arrival="11:26" departure="11:26">Møhlenpris v/ Industrihuset</stop>
    <stop arrival="11:27" departure="11:27">Gyldenpris</stop>
    <stop arrival="11:30" departure="11:30">Løvstakktunnelen</stop>
    <stop arrival="11:31" departure="11:31">Vestlundveien</stop>
    <stop arrival="11:32" departure="11:32">Storhammeren (Betanien)</stop>
    <stop arrival="11:32" departure="11:32">Vestlund beh.sent.</stop>
    <stop arrival="11:34" departure="11:34">Seljedalen skole</stop>
    <stop arrival="11:35" departure="11:35">Løvåsveien</stop>
    <stop arrival="11:37" departure="11:37">Nebbeveien</stop>
    <stop arrival="11:38" departure="11:38">Løvås</stop>
    <stop arrival="11:40" departure="11:40">Oasen Terminal</stop>
    <stop arrival="11:42" departure="11:42">Skarphaugen</stop>
    <stop arrival="11:43" departure="11:43">Spelhaugen</stop>
    <stop arrival="11:44" departure="11:44">Tjernet</stop>
    <stop arrival="11:45">Barlia</stop>
  </route>
  <route no="9" destination="Barlia" url="http://www.web2051.no/bin/tp/zuginfo.exe/on/8622/6519/885960/440107/1/" trafficDays="kjører Lø, ikke 1. Mai">
    <stop departure="11:10" routeNo="9">Øyjorden (Bergen)</stop>
    <stop arrival="11:11" departure="11:11">Øyjordsveien</stop>
    <stop arrival="11:12" departure="11:12">Skytterveien</stop>
    <stop arrival="11:12" departure="11:12">Hatleberg</stop>
    <stop arrival="11:13" departure="11:13">Handelshøyskolen</stop>
    <stop arrival="11:15" departure="11:15">Nyhavnsvei (Gamle Bergen)</stop>
    <stop arrival="11:17" departure="11:17">Munkebotten</stop>
    <stop arrival="11:18" departure="11:18">Ludebryggen</stop>
    <stop arrival="11:19" departure="11:19">Sandvikstorget</stop>
    <stop arrival="11:21" departure="11:21">Skutevikstorget</stop>
    <stop arrival="11:22" departure="11:22">Bontelabo</stop>
    <stop arrival="11:23" departure="11:23">Slottsgaten</stop>
    <stop arrival="11:25" departure="11:25">Bryggen</stop>
    <stop arrival="11:26" departure="11:26">Olav Kyrres gate</stop>
    <stop arrival="11:28" departure="11:28">Møhlenpris v/ Industrihuset</stop>
    <stop arrival="11:29" departure="11:29">Gyldenpris</stop>
    <stop arrival="11:34" departure="11:34">Løvstakktunnelen</stop>
    <stop arrival="11:35" departure="11:35">Vestlundveien</stop>
    <stop arrival="11:37" departure="11:37">Storhammeren (Betanien)</stop>
    <stop arrival="11:37" departure="11:37">Vestlund beh.sent.</stop>
    <stop arrival="11:39" departure="11:39">Seljedalen skole</stop>
    <stop arrival="11:40" departure="11:40">Løvåsveien</stop>
    <stop arrival="11:42" departure="11:42">Nebbeveien</stop>
    <stop arrival="11:43" departure="11:43">Løvås</stop>
    <stop arrival="11:45" departure="11:45">Oasen Terminal</stop>
    <stop arrival="11:47" departure="11:47">Skarphaugen</stop>
    <stop arrival="11:48" departure="11:48">Spelhaugen</stop>
    <stop arrival="11:49" departure="11:49">Tjernet</stop>
    <stop arrival="11:50">Barlia</stop>
  </route>
  <route no="30" destination="Bergen Busstasjon" url="http://www.web2051.no/bin/tp/zuginfo.exe/on/998820/337289/307038/179425/1/" trafficDays="kjører Ma - Fr, ikke 13., 17., 24. Mai">
    <stop departure="11:20" routeNo="30">Birkelandskrysset Terminal</stop>
    <stop arrival="11:22" departure="11:22">Birkelandsflaten</stop>
    <stop arrival="11:23" departure="11:23">Birkelandsflaten</stop>
    <stop arrival="11:23" departure="11:23">Sandslislusen</stop>
    <stop arrival="11:23" departure="11:23">Sandslisnuplass</stop>
    <stop arrival="11:24" departure="11:24">Sandsligården</stop>
    <stop arrival="11:25" departure="11:25">Statoil (Sandsli)</stop>
    <stop arrival="11:25" departure="11:25">Statoil stasjon Sandsli</stop>
    <stop arrival="11:26" departure="11:26">Hydro Sandsli</stop>
    <stop arrival="11:26" departure="11:26">Petedalsheia</stop>
    <stop arrival="11:27" departure="11:27">Fanatorget</stop>
    <stop arrival="11:30" departure="11:30">Regnbueåsen</stop>
    <stop arrival="11:33" departure="11:33">Skranevegen</stop>
    <stop arrival="11:33" departure="11:33">Dolvik terminal</stop>
    <stop arrival="11:33" departure="11:33">Dolvikbakken</stop>
    <stop arrival="11:34" departure="11:34">Søreide skole</stop>
    <stop arrival="11:35" departure="11:35">Søreide v/Hydrostasjonen</stop>
    <stop arrival="11:36" departure="11:36">Straume bro</stop>
    <stop arrival="11:36" departure="11:36">Bergen Motorbåtforening</stop>
    <stop arrival="11:36" departure="11:36">Sementbroen</stop>
    <stop arrival="11:38" departure="11:38">Sandeide terminal</stop>
    <stop arrival="11:40" departure="11:40">Fyllingsdalsveien v/Shell</stop>
    <stop arrival="11:42" departure="11:42">Skarphaugen</stop>
    <stop arrival="11:43" departure="11:43">Oasen Terminal</stop>
    <stop arrival="11:44" departure="11:44">Løvås</stop>
    <stop arrival="11:45" departure="11:45">Nebbeveien</stop>
    <stop arrival="11:45" departure="11:45">Hamregården</stop>
    <stop arrival="11:46" departure="11:46">Sikthaugen</stop>
    <stop arrival="11:51" departure="11:51">Gyldenpris</stop>
    <stop arrival="11:53" departure="11:53">Møhlenpris v/ Industrihuset</stop>
    <stop arrival="11:56" departure="11:56">Nygårdsgaten</stop>
    <stop arrival="12:01">Bergen Busstasjon</stop>
  </route>
  <route no="30" destination="Bergen Busstasjon" url="http://www.web2051.no/bin/tp/zuginfo.exe/on/764988/259310/366464/71765/1/" trafficDays="kjører Lø, ikke 1. Mai">
    <stop departure="11:20" routeNo="30">Birkelandskrysset Terminal</stop>
    <stop arrival="11:22" departure="11:22">Birkelandsflaten</stop>
    <stop arrival="11:23" departure="11:23">Birkelandsflaten</stop>
    <stop arrival="11:23" departure="11:23">Sandslislusen</stop>
    <stop arrival="11:23" departure="11:23">Sandslisnuplass</stop>
    <stop arrival="11:24" departure="11:24">Sandsligården</stop>
    <stop arrival="11:25" departure="11:25">Statoil (Sandsli)</stop>
    <stop arrival="11:26" departure="11:26">Statoil stasjon Sandsli</stop>
    <stop arrival="11:27" departure="11:27">Hydro Sandsli</stop>
    <stop arrival="11:28" departure="11:28">Petedalsheia</stop>
    <stop arrival="11:29" departure="11:29">Fanatorget</stop>
    <stop arrival="11:33" departure="11:33">Dolvik terminal</stop>
    <stop arrival="11:33" departure="11:33">Dolvikbakken</stop>
    <stop arrival="11:34" departure="11:34">Søreide skole</stop>
    <stop arrival="11:35" departure="11:35">Søreide v/Hydrostasjonen</stop>
    <stop arrival="11:35" departure="11:35">Straume bro</stop>
    <stop arrival="11:35" departure="11:35">Bergen Motorbåtforening</stop>
    <stop arrival="11:36" departure="11:36">Sementbroen</stop>
    <stop arrival="11:37" departure="11:37">Sandeide terminal</stop>
    <stop arrival="11:40" departure="11:40">Fyllingsdalsveien v/Shell</stop>
    <stop arrival="11:44" departure="11:44">Skarphaugen</stop>
    <stop arrival="11:45" departure="11:45">Oasen Terminal</stop>
    <stop arrival="11:46" departure="11:46">Løvås</stop>
    <stop arrival="11:46" departure="11:46">Nebbeveien</stop>
    <stop arrival="11:46" departure="11:46">Hamregården</stop>
    <stop arrival="11:47" departure="11:47">Sikthaugen</stop>
    <stop arrival="11:50" departure="11:50">Gyldenpris</stop>
    <stop arrival="11:52" departure="11:52">Møhlenpris v/ Industrihuset</stop>
    <stop arrival="11:55" departure="11:55">Nygårdsgaten</stop>
    <stop arrival="12:00">Bergen Busstasjon</stop>
  </route>
  <route no="30" destination="Birkelandskrysset Terminal" url="http://www.web2051.no/bin/tp/zuginfo.exe/on/913218/308717/735546/63371/1/" trafficDays="kjører Lø, ikke 1. Mai">
    <stop departure="11:35" routeNo="30">Bergen Busstasjon</stop>
    <stop arrival="11:40" departure="11:40">Olav Kyrres gate</stop>
    <stop arrival="11:41" departure="11:41">Møhlenpris v/ Industrihuset</stop>
    <stop arrival="11:42" departure="11:42">Gyldenpris</stop>
    <stop arrival="11:45" departure="11:45">Løvstakktunnelen</stop>
    <stop arrival="11:46" departure="11:46">Sikthaugen</stop>
    <stop arrival="11:46" departure="11:46">Hamregården</stop>
    <stop arrival="11:47" departure="11:47">Nebbeveien</stop>
    <stop arrival="11:47" departure="11:47">Løvås</stop>
    <stop arrival="11:48" departure="11:48">Oasen Terminal</stop>
    <stop arrival="11:49" departure="11:49">Skarphaugen</stop>
    <stop arrival="11:51" departure="11:51">Fyllingdsalsveien v/Shell</stop>
    <stop arrival="11:53" departure="11:53">Sandeide terminal</stop>
    <stop arrival="11:55" departure="11:55">Bjørgeveien</stop>
    <stop arrival="11:57" departure="11:57">Sementbroen</stop>
    <stop arrival="11:59" departure="11:59">Straume bro</stop>
    <stop arrival="12:00" departure="12:00">Søreide v/Hydrostasjonen</stop>
    <stop arrival="12:01" departure="12:01">Søreide skole</stop>
    <stop arrival="12:01" departure="12:01">Dolvik terminal</stop>
    <stop arrival="12:04" departure="12:04">Fanatorget</stop>
    <stop arrival="12:05" departure="12:05">Petedalsheia</stop>
    <stop arrival="12:05" departure="12:05">Hydro Sandsli</stop>
    <stop arrival="12:06" departure="12:06">Statoil (Sandsli)</stop>
    <stop arrival="12:07" departure="12:07">Sandsligården</stop>
    <stop arrival="12:08" departure="12:08">Sandslisnuplass</stop>
    <stop arrival="12:08" departure="12:08">Sandslislusen</stop>
    <stop arrival="12:09" departure="12:09">Birkelandsflaten</stop>
    <stop arrival="12:12" departure="12:12">Birkelandsflaten</stop>
    <stop arrival="12:15">Birkelandskrysset Terminal</stop>
  </route>
  <route no="31" destination="Varden" url="http://www.web2051.no/bin/tp/zuginfo.exe/on/307590/106946/389432/92188/1/" trafficDays="kjører Lø, ikke 1. Mai">
    <stop departure="11:10" routeNo="31">Mannsverk vognstasjon</stop>
    <stop arrival="11:10" departure="11:10">Wiers -Jenssens vei</stop>
    <stop arrival="11:11" departure="11:11">Strimmelen</stop>
    <stop arrival="11:12" departure="11:12">Kolstien</stop>
    <stop arrival="11:14" departure="11:14">Kanonhaugen</stop>
    <stop arrival="11:15" departure="11:15">Lægdene</stop>
    <stop arrival="11:15" departure="11:15">Lægdenesvingen</stop>
    <stop arrival="11:16" departure="11:16">Montana</stop>
    <stop arrival="11:16" departure="11:16">Sollien v/nr. 57</stop>
    <stop arrival="11:17" departure="11:17">Sollien v/nr. 87</stop>
    <stop arrival="11:17" departure="11:17">Sollien v/nr. 126</stop>
    <stop arrival="11:17" departure="11:17">Lægdene</stop>
    <stop arrival="11:18" departure="11:18">Lærerskolen, Landås</stop>
    <stop arrival="11:18" departure="11:18">Langhaugen</stop>
    <stop arrival="11:19" departure="11:19">Fridalen</stop>
    <stop arrival="11:19" departure="11:19">Haukeland sykehus sør</stop>
    <stop arrival="11:20" departure="11:20">Haukeland sykehus nord</stop>
    <stop arrival="11:20" departure="11:20">Haraldsplass sykehus</stop>
    <stop arrival="11:21" departure="11:21">Haukeland skole</stop>
    <stop arrival="11:23" departure="11:23">Svartediksveien</stop>
    <stop arrival="11:24" departure="11:24">Kalvedalsveien</stop>
    <stop arrival="11:26" departure="11:26">Kalfarlien</stop>
    <stop arrival="11:27" departure="11:27">Stadsporten (jernbanen)</stop>
    <stop arrival="11:29" departure="11:29">Kong Oscars gate</stop>
    <stop arrival="11:30" departure="11:30">Allehelgensgate</stop>
    <stop arrival="11:35" departure="11:35">Olav Kyrres gate</stop>
    <stop arrival="11:38" departure="11:38">Møhlenpris v/ Industrihuset</stop>
    <stop arrival="11:40" departure="11:40">Gyldenpris</stop>
    <stop arrival="11:44" departure="11:44">Løvstakktunnelen</stop>
    <stop arrival="11:45" departure="11:45">Sikthaugen</stop>
    <stop arrival="11:46" departure="11:46">Hamregården</stop>
    <stop arrival="11:46" departure="11:46">Nebbeveien</stop>
    <stop arrival="11:47" departure="11:47">Løvås</stop>
    <stop arrival="11:48" departure="11:48">Oasen Terminal</stop>
    <stop arrival="11:49" departure="11:49">Skarphaugen</stop>
    <stop arrival="11:50" departure="11:50">St.Hanshaugen</stop>
    <stop arrival="11:51" departure="11:51">Krokatjønnveien</stop>
    <stop arrival="11:51" departure="11:51">Myrholtet</stop>
    <stop arrival="11:52" departure="11:52">Allestadveien</stop>
    <stop arrival="11:52" departure="11:52">Allestadhaugen</stop>
    <stop arrival="11:53" departure="11:53">Hesjaholtet</stop>
    <stop arrival="11:54" departure="11:54">Allestadhaugen</stop>
    <stop arrival="11:55" departure="11:55">Allestadveien</stop>
    <stop arrival="11:56" departure="11:56">Varden skole</stop>
    <stop arrival="11:57" departure="11:57">Vardesvingen</stop>
    <stop arrival="11:57" departure="11:57">Vardeveien</stop>
    <stop arrival="11:58">Varden</stop>
  </route>
  <route no="30" destination="Birkelandskrysset Terminal" url="http://www.web2051.no/bin/tp/zuginfo.exe/on/358893/123981/518916/139828/1/" trafficDays="kjører Ma - Fr, ikke 13., 17., 24. Mai">
    <stop departure="11:35" routeNo="30">Bergen Busstasjon</stop>
    <stop arrival="11:40" departure="11:40">Olav Kyrres gate</stop>
    <stop arrival="11:42" departure="11:42">Møhlenpris v/ Industrihuset</stop>
    <stop arrival="11:43" departure="11:43">Gyldenpris</stop>
    <stop arrival="11:47" departure="11:47">Løvstakktunnelen</stop>
    <stop arrival="11:47" departure="11:47">Sikthaugen</stop>
    <stop arrival="11:48" departure="11:48">Hamregården</stop>
    <stop arrival="11:48" departure="11:48">Nebbeveien</stop>
    <stop arrival="11:49" departure="11:49">Løvås</stop>
    <stop arrival="11:50" departure="11:50">Oasen Terminal</stop>
    <stop arrival="11:50" departure="11:50">Skarphaugen</stop>
    <stop arrival="11:51" departure="11:51">Fyllingdsalsveien v/Shell</stop>
    <stop arrival="11:52" departure="11:52">Sandeide terminal</stop>
    <stop arrival="11:55" departure="11:55">Bjørgeveien</stop>
    <stop arrival="11:57" departure="11:57">Sementbroen</stop>
    <stop arrival="12:00" departure="12:00">Straume bro</stop>
    <stop arrival="12:02" departure="12:02">Søreide v/Hydrostasjonen</stop>
    <stop arrival="12:02" departure="12:02">Søreide skole</stop>
    <stop arrival="12:03" departure="12:03">Grimstadskiftet</stop>
    <stop arrival="12:03" departure="12:03">Dolvik terminal</stop>
    <stop arrival="12:03" departure="12:03">Skranevegen</stop>
    <stop arrival="12:04" departure="12:04">Regnbueåsen</stop>
    <stop arrival="12:05" departure="12:05">Fanatorget</stop>
    <stop arrival="12:06" departure="12:06">Petedalsheia</stop>
    <stop arrival="12:07" departure="12:07">Hydro Sandsli</stop>
    <stop arrival="12:08" departure="12:08">Statoil (Sandsli)</stop>
    <stop arrival="12:09" departure="12:09">Sandsligården</stop>
    <stop arrival="12:10" departure="12:10">Sandslisnuplass</stop>
    <stop arrival="12:10" departure="12:10">Sandslislusen</stop>
    <stop arrival="12:12" departure="12:12">Birkelandsflaten</stop>
    <stop arrival="12:16" departure="12:16">Birkelandsflaten</stop>
    <stop arrival="12:20">Birkelandskrysset Terminal</stop>
  </route>
  <route no="31" destination="Varden" url="http://www.web2051.no/bin/tp/zuginfo.exe/on/324072/112457/434794/109382/1/" trafficDays="kjører Ma - Fr, ikke 13., 17., 24. Mai">
    <stop departure="11:13" routeNo="31">Mannsverk vognstasjon</stop>
    <stop arrival="11:13" departure="11:13">Wiers -Jenssens vei</stop>
    <stop arrival="11:14" departure="11:14">Strimmelen</stop>
    <stop arrival="11:15" departure="11:15">Kolstien</stop>
    <stop arrival="11:17" departure="11:17">Kanonhaugen</stop>
    <stop arrival="11:18" departure="11:18">Lægdene</stop>
    <stop arrival="11:18" departure="11:18">Lægdenesvingen</stop>
    <stop arrival="11:19" departure="11:19">Montana</stop>
    <stop arrival="11:20" departure="11:20">Sollien v/nr. 57</stop>
    <stop arrival="11:20" departure="11:20">Sollien v/nr. 87</stop>
    <stop arrival="11:21" departure="11:21">Sollien v/nr. 126</stop>
    <stop arrival="11:21" departure="11:21">Lægdene</stop>
    <stop arrival="11:22" departure="11:22">Lærerskolen, Landås</stop>
    <stop arrival="11:23" departure="11:23">Langhaugen</stop>
    <stop arrival="11:23" departure="11:23">Fridalen</stop>
    <stop arrival="11:24" departure="11:24">Haukeland sykehus sør</stop>
    <stop arrival="11:25" departure="11:25">Haukeland sykehus nord</stop>
    <stop arrival="11:25" departure="11:25">Haraldsplass sykehus</stop>
    <stop arrival="11:26" departure="11:26">Haukeland skole</stop>
    <stop arrival="11:28" departure="11:28">Svartediksveien</stop>
    <stop arrival="11:29" departure="11:29">Kalvedalsveien</stop>
    <stop arrival="11:31" departure="11:31">Kalfarlien</stop>
    <stop arrival="11:32" departure="11:32">Stadsporten (jernbanen)</stop>
    <stop arrival="11:34" departure="11:34">Kong Oscars gate</stop>
    <stop arrival="11:35" departure="11:35">Allehelgensgate</stop>
    <stop arrival="11:40" departure="11:40">Olav Kyrres gate</stop>
    <stop arrival="11:43" departure="11:43">Møhlenpris v/ Industrihuset</stop>
    <stop arrival="11:45" departure="11:45">Gyldenpris</stop>
    <stop arrival="11:48" departure="11:48">Løvstakktunnelen</stop>
    <stop arrival="11:49" departure="11:49">Sikthaugen</stop>
    <stop arrival="11:49" departure="11:49">Hamregården</stop>
    <stop arrival="11:50" departure="11:50">Nebbeveien</stop>
    <stop arrival="11:50" departure="11:50">Løvås</stop>
    <stop arrival="11:51" departure="11:51">Oasen Terminal</stop>
    <stop arrival="11:52" departure="11:52">Skarphaugen</stop>
    <stop arrival="11:53" departure="11:53">St.Hanshaugen</stop>
    <stop arrival="11:54" departure="11:54">Krokatjønnveien</stop>
    <stop arrival="11:54" departure="11:54">Myrholtet</stop>
    <stop arrival="11:55" departure="11:55">Allestadveien</stop>
    <stop arrival="11:55" departure="11:55">Allestadhaugen</stop>
    <stop arrival="11:56" departure="11:56">Hesjaholtet</stop>
    <stop arrival="11:57" departure="11:57">Allestadhaugen</stop>
    <stop arrival="11:58" departure="11:58">Allestadveien</stop>
    <stop arrival="11:59" departure="11:59">Varden skole</stop>
    <stop arrival="12:00" departure="12:00">Vardesvingen</stop>
    <stop arrival="12:00" departure="12:00">Vardeveien</stop>
    <stop arrival="12:01">Varden</stop>
  </route>
  <route no="31" destination="Mannsverk vognstasjon" url="http://www.web2051.no/bin/tp/zuginfo.exe/on/365172/126139/727296/241928/1/" trafficDays="kjører Lø, ikke 1. Mai">
    <stop departure="11:45" routeNo="31">Varden</stop>
    <stop arrival="11:46" departure="11:46">Vardeveien</stop>
    <stop arrival="11:46" departure="11:46">Vardesvingen</stop>
    <stop arrival="11:47" departure="11:47">Varden skole</stop>
    <stop arrival="11:48" departure="11:48">Allestadveien</stop>
    <stop arrival="11:48" departure="11:48">Allestadhaugen</stop>
    <stop arrival="11:49" departure="11:49">Hesjaholtet</stop>
    <stop arrival="11:50" departure="11:50">Allestadhaugen</stop>
    <stop arrival="11:50" departure="11:50">Allestadveien</stop>
    <stop arrival="11:52" departure="11:52">Myrholtet</stop>
    <stop arrival="11:52" departure="11:52">Krokatjønnveien</stop>
    <stop arrival="11:53" departure="11:53">St.Hanshaugen</stop>
    <stop arrival="11:54" departure="11:54">Skarphaugen</stop>
    <stop arrival="11:55" departure="11:55">Oasen Terminal</stop>
    <stop arrival="11:56" departure="11:56">Løvås</stop>
    <stop arrival="11:56" departure="11:56">Nebbeveien</stop>
    <stop arrival="11:57" departure="11:57">Hamregården</stop>
    <stop arrival="11:58" departure="11:58">Sikthaugen</stop>
    <stop arrival="12:02" departure="12:02">Gyldenpris</stop>
    <stop arrival="12:04" departure="12:04">Møhlenpris v/ Industrihuset</stop>
    <stop arrival="12:06" departure="12:06">Nøstet</stop>
    <stop arrival="12:10" departure="12:10">Strandgaten (Svaneapoteket)</stop>
    <stop arrival="12:15" departure="12:15">Småstrandgaten</stop>
    <stop arrival="12:16" departure="12:16">Nygaten</stop>
    <stop arrival="12:17" departure="12:17">Statsporten (jernbanen)</stop>
    <stop arrival="12:20" departure="12:20">Kalfarlien</stop>
    <stop arrival="12:21" departure="12:21">Kalvedalsveien</stop>
    <stop arrival="12:22" departure="12:22">Svartediksveien</stop>
    <stop arrival="12:23" departure="12:23">Statsarkivet</stop>
    <stop arrival="12:24" departure="12:24">Haraldsplass sykehus</stop>
    <stop arrival="12:25" departure="12:25">Haukeland sykehus nord</stop>
    <stop arrival="12:27" departure="12:27">Haukeland sykehus sør</stop>
    <stop arrival="12:28" departure="12:28">Fridalen</stop>
    <stop arrival="12:29" departure="12:29">Langhaugen</stop>
    <stop arrival="12:31" departure="12:31">Lærerskolen, Landås</stop>
    <stop arrival="12:32" departure="12:32">Lægdene</stop>
    <stop arrival="12:33" departure="12:33">Lægdenesvingen</stop>
    <stop arrival="12:33" departure="12:33">Montana</stop>
    <stop arrival="12:34" departure="12:34">Sollien v/nr. 57</stop>
    <stop arrival="12:35" departure="12:35">Sollien v/nr. 87</stop>
    <stop arrival="12:35" departure="12:35">Sollien v/nr. 126</stop>
    <stop arrival="12:36" departure="12:36">Kanonhaugen</stop>
    <stop arrival="12:36" departure="12:36">Kolstien</stop>
    <stop arrival="12:37" departure="12:37">Strimmelen</stop>
    <stop arrival="12:38">Mannsverk vognstasjon</stop>
  </route>
  <route no="31" destination="Mannsverk vognstasjon" url="http://www.web2051.no/bin/tp/zuginfo.exe/on/151680/55004/728990/313942/1/" trafficDays="kjører Ma - Fr, ikke 13., 17., 24. Mai">
    <stop departure="11:45" routeNo="31">Varden</stop>
    <stop arrival="11:46" departure="11:46">Vardeveien</stop>
    <stop arrival="11:46" departure="11:46">Vardesvingen</stop>
    <stop arrival="11:47" departure="11:47">Varden skole</stop>
    <stop arrival="11:48" departure="11:48">Allestadveien</stop>
    <stop arrival="11:48" departure="11:48">Allestadhaugen</stop>
    <stop arrival="11:49" departure="11:49">Hesjaholtet</stop>
    <stop arrival="11:50" departure="11:50">Allestadhaugen</stop>
    <stop arrival="11:50" departure="11:50">Allestadveien</stop>
    <stop arrival="11:52" departure="11:52">Myrholtet</stop>
    <stop arrival="11:52" departure="11:52">Krokatjønnveien</stop>
    <stop arrival="11:53" departure="11:53">St.Hanshaugen</stop>
    <stop arrival="11:54" departure="11:54">Skarphaugen</stop>
    <stop arrival="11:55" departure="11:55">Oasen Terminal</stop>
    <stop arrival="11:56" departure="11:56">Løvås</stop>
    <stop arrival="11:57" departure="11:57">Nebbeveien</stop>
    <stop arrival="11:57" departure="11:57">Hamregården</stop>
    <stop arrival="11:58" departure="11:58">Sikthaugen</stop>
    <stop arrival="12:03" departure="12:03">Gyldenpris</stop>
    <stop arrival="12:04" departure="12:04">Møhlenpris v/ Industrihuset</stop>
    <stop arrival="12:06" departure="12:06">Nøstet</stop>
    <stop arrival="12:10" departure="12:10">Strandgaten (Svaneapoteket)</stop>
    <stop arrival="12:12" departure="12:12">Småstrandgaten</stop>
    <stop arrival="12:13" departure="12:13">Nygaten</stop>
    <stop arrival="12:14" departure="12:14">Statsporten (jernbanen)</stop>
    <stop arrival="12:17" departure="12:17">Kalfarlien</stop>
    <stop arrival="12:18" departure="12:18">Kalvedalsveien</stop>
    <stop arrival="12:19" departure="12:19">Svartediksveien</stop>
    <stop arrival="12:20" departure="12:20">Statsarkivet</stop>
    <stop arrival="12:21" departure="12:21">Haraldsplass sykehus</stop>
    <stop arrival="12:22" departure="12:22">Haukeland sykehus nord</stop>
    <stop arrival="12:24" departure="12:24">Haukeland sykehus sør</stop>
    <stop arrival="12:25" departure="12:25">Fridalen</stop>
    <stop arrival="12:27" departure="12:27">Langhaugen</stop>
    <stop arrival="12:28" departure="12:28">Lærerskolen, Landås</stop>
    <stop arrival="12:30" departure="12:30">Lægdene</stop>
    <stop arrival="12:30" departure="12:30">Lægdenesvingen</stop>
    <stop arrival="12:31" departure="12:31">Montana</stop>
    <stop arrival="12:32" departure="12:32">Sollien v/nr. 57</stop>
    <stop arrival="12:32" departure="12:32">Sollien v/nr. 87</stop>
    <stop arrival="12:33" departure="12:33">Sollien v/nr. 126</stop>
    <stop arrival="12:33" departure="12:33">Kanonhaugen</stop>
    <stop arrival="12:34" departure="12:34">Kolstien</stop>
    <stop arrival="12:34" departure="12:34">Strimmelen</stop>
    <stop arrival="12:35">Mannsverk vognstasjon</stop>
  </route>
  <route no="32" destination="Storavatnet term." url="http://www.web2051.no/bin/tp/zuginfo.exe/on/45405/16444/597718/283724/1/" trafficDays="kjører Sø, ikke 16. Mai; også 13., 24. Mai">
    <stop departure="11:50" routeNo="32">Bergen Busstasjon</stop>
    <stop arrival="11:53" departure="11:53">Olav Kyrres gate</stop>
    <stop arrival="11:54" departure="11:54">Møhlenpris v/ Industrihuset</stop>
    <stop arrival="11:55" departure="11:55">Gyldenpris</stop>
    <stop arrival="11:58" departure="11:58">Løvstakktunnelen</stop>
    <stop arrival="11:58" departure="11:58">Sikthaugen</stop>
    <stop arrival="11:59" departure="11:59">Hamregården</stop>
    <stop arrival="11:59" departure="11:59">Nebbeveien</stop>
    <stop arrival="11:59" departure="11:59">Løvås</stop>
    <stop arrival="12:00" departure="12:00">Oasen Terminal</stop>
    <stop arrival="12:01" departure="12:01">Skarphaugen</stop>
    <stop arrival="12:03" departure="12:03">Fyllingdsalsveien v/Shell</stop>
    <stop arrival="12:05" departure="12:05">Sandeide terminal</stop>
    <stop arrival="12:06" departure="12:06">Sandeidet barnehage</stop>
    <stop arrival="12:06" departure="12:06">Sandeidbråtet</stop>
    <stop arrival="12:07" departure="12:07">Bjørge</stop>
    <stop arrival="12:09" departure="12:09">Kjerreidviken</stop>
    <stop arrival="12:11" departure="12:11">Bjørndalsskogen</stop>
    <stop arrival="12:12" departure="12:12">Sætermyr</stop>
    <stop arrival="12:13" departure="12:13">Ravnestølen</stop>
    <stop arrival="12:15" departure="12:15">Bjørndalstræ R557</stop>
    <stop arrival="12:17" departure="12:17">Loddefjord term.</stop>
    <stop arrival="12:19" departure="12:19">Loddefjorddalen</stop>
    <stop arrival="12:20" departure="12:20">Frida Fasmer</stop>
    <stop arrival="12:21" departure="12:21">Frida Fasmer R555</stop>
    <stop arrival="12:22">Storavatnet term.</stop>
  </route>
</routes>
