<?xml version="1.0" encoding="UTF-8"?>
<routes>
  <route no="280" destination="Bergen Busstasjon" url="http://www.web2051.no/bin/tp/zuginfo.exe/on/85899/33818/519322/231031/1/" trafficDays="kjører Ma - Fr, ikke 13., 17., 24. Mai">
    <stop departure="10:53" routeNo="280">Salhus kai</stop>
    <stop arrival="10:53" departure="10:53">Samhold</stop>
    <stop arrival="10:55" departure="10:55">Slettebakken</stop>
    <stop arrival="10:57" departure="10:57">Sveisbakken</stop>
    <stop arrival="10:58" departure="10:58">Klauvarinden</stop>
    <stop arrival="10:59" departure="10:59">Tellevik</stop>
    <stop arrival="11:00" departure="11:00">Falkangervegen</stop>
    <stop arrival="11:01" departure="11:01">Hordvik post</stop>
    <stop arrival="11:02" departure="11:02">Grøvlesvingen</stop>
    <stop arrival="11:03" departure="11:03">Grøvlesvingen</stop>
    <stop arrival="11:03" departure="11:03">Grøvle (Åsane)</stop>
    <stop arrival="11:03" departure="11:03">Hordvikhamnen</stop>
    <stop arrival="11:04" departure="11:04">Ulstein kryss</stop>
    <stop arrival="11:04" departure="11:04">Ulstein</stop>
    <stop arrival="11:05" departure="11:05">Ulstein snuplass</stop>
    <stop arrival="11:06" departure="11:06">Hordvik skole nedre</stop>
    <stop arrival="11:07" departure="11:07">Hordvikhamnen</stop>
    <stop arrival="11:08" departure="11:08">Nesjavegen</stop>
    <stop arrival="11:09" departure="11:09">Langamyrene</stop>
    <stop arrival="11:10" departure="11:10">Tuft (Åsane)</stop>
    <stop arrival="11:11" departure="11:11">Hylkje</stop>
    <stop arrival="11:13" departure="11:13">Almåsvegen</stop>
    <stop arrival="11:14" departure="11:14">Haukåsskogen</stop>
    <stop arrival="11:15" departure="11:15">Myrsæter</stop>
    <stop arrival="11:15" departure="11:15">Haukås barnehage</stop>
    <stop arrival="11:16" departure="11:16">Haukåsvegen</stop>
    <stop arrival="11:17" departure="11:17">Vikaleitet</stop>
    <stop arrival="11:18" departure="11:18">Eikås</stop>
    <stop arrival="11:18" departure="11:18">Vågsbotn</stop>
    <stop arrival="11:19" departure="11:19">Liavegen (Åsane)</stop>
    <stop arrival="11:20" departure="11:20">Domus Nyborg</stop>
    <stop arrival="11:22" departure="11:22">Nyborg</stop>
    <stop arrival="11:23" departure="11:23">Salhuskrysset</stop>
    <stop arrival="11:24" departure="11:24">Litleåskryss</stop>
    <stop arrival="11:24" departure="11:24">Rollandskrysset</stop>
    <stop arrival="11:25" departure="11:25">Åsane terminal</stop>
    <stop arrival="11:30" departure="11:30">Eidsvåg</stop>
    <stop arrival="11:32" departure="11:32">Handelshøyskolen</stop>
    <stop arrival="11:37" departure="11:37">Nyhavnsvei (Gamle Bergen)</stop>
    <stop arrival="11:38" departure="11:38">Munkebotten</stop>
    <stop arrival="11:39" departure="11:39">Ludebryggen</stop>
    <stop arrival="11:40" departure="11:40">Sandvikstorget</stop>
    <stop arrival="11:42" departure="11:42">Skutevikstorget</stop>
    <stop arrival="11:43" departure="11:43">Bontelabo</stop>
    <stop arrival="11:45" departure="11:45">Slottsgaten</stop>
    <stop arrival="11:45" departure="11:45">Bryggen</stop>
    <stop arrival="11:47" departure="11:47">Olav Kyrres gate</stop>
    <stop arrival="11:50">Bergen Busstasjon</stop>
  </route>
  <route no="280" destination="Bergen Busstasjon" url="http://www.web2051.no/bin/tp/zuginfo.exe/on/527187/180887/992142/320344/1/" trafficDays="kjører Lø, ikke 1. Mai">
    <stop departure="10:53" routeNo="280">Salhus kai</stop>
    <stop arrival="10:53" departure="10:53">Samhold</stop>
    <stop arrival="10:55" departure="10:55">Slettebakken</stop>
    <stop arrival="10:57" departure="10:57">Sveisbakken</stop>
    <stop arrival="10:58" departure="10:58">Klauvarinden</stop>
    <stop arrival="10:59" departure="10:59">Tellevik</stop>
    <stop arrival="11:00" departure="11:00">Falkangervegen</stop>
    <stop arrival="11:01" departure="11:01">Hordvik post</stop>
    <stop arrival="11:02" departure="11:02">Grøvlesvingen</stop>
    <stop arrival="11:03" departure="11:03">Grøvlesvingen</stop>
    <stop arrival="11:03" departure="11:03">Grøvle (Åsane)</stop>
    <stop arrival="11:03" departure="11:03">Hordvikhamnen</stop>
    <stop arrival="11:04" departure="11:04">Ulstein kryss</stop>
    <stop arrival="11:04" departure="11:04">Ulstein</stop>
    <stop arrival="11:05" departure="11:05">Ulstein snuplass</stop>
    <stop arrival="11:07" departure="11:07">Hordvik skole nedre</stop>
    <stop arrival="11:09" departure="11:09">Hordvikhamnen</stop>
    <stop arrival="11:10" departure="11:10">Nesjavegen</stop>
    <stop arrival="11:11" departure="11:11">Langamyrene</stop>
    <stop arrival="11:12" departure="11:12">Tuft (Åsane)</stop>
    <stop arrival="11:13" departure="11:13">Hylkje</stop>
    <stop arrival="11:15" departure="11:15">Almåsvegen</stop>
    <stop arrival="11:16" departure="11:16">Haukåsskogen</stop>
    <stop arrival="11:17" departure="11:17">Myrsæter</stop>
    <stop arrival="11:18" departure="11:18">Haukås barnehage</stop>
    <stop arrival="11:18" departure="11:18">Haukåsvegen</stop>
    <stop arrival="11:21" departure="11:21">Vikaleitet</stop>
    <stop arrival="11:22" departure="11:22">Eikås</stop>
    <stop arrival="11:23" departure="11:23">Vågsbotn</stop>
    <stop arrival="11:24" departure="11:24">Liavegen (Åsane)</stop>
    <stop arrival="11:24" departure="11:24">Domus Nyborg</stop>
    <stop arrival="11:25" departure="11:25">Nyborg</stop>
    <stop arrival="11:26" departure="11:26">Salhuskrysset</stop>
    <stop arrival="11:27" departure="11:27">Litleåskryss</stop>
    <stop arrival="11:27" departure="11:27">Rollandskrysset</stop>
    <stop arrival="11:28" departure="11:28">Åsane terminal</stop>
    <stop arrival="11:33" departure="11:33">Eidsvåg</stop>
    <stop arrival="11:35" departure="11:35">Handelshøyskolen</stop>
    <stop arrival="11:40" departure="11:40">Nyhavnsvei (Gamle Bergen)</stop>
    <stop arrival="11:41" departure="11:41">Munkebotten</stop>
    <stop arrival="11:42" departure="11:42">Ludebryggen</stop>
    <stop arrival="11:43" departure="11:43">Sandvikstorget</stop>
    <stop arrival="11:45" departure="11:45">Skutevikstorget</stop>
    <stop arrival="11:46" departure="11:46">Bontelabo</stop>
    <stop arrival="11:48" departure="11:48">Slottsgaten</stop>
    <stop arrival="11:48" departure="11:48">Bryggen</stop>
    <stop arrival="11:50" departure="11:50">Olav Kyrres gate</stop>
    <stop arrival="11:53">Bergen Busstasjon</stop>
  </route>
  <route no="280" destination="Salhus kai" url="http://www.web2051.no/bin/tp/zuginfo.exe/on/768516/261361/150486/180929/1/" trafficDays="kjører Ma - Fr, ikke 13., 17., 24. Mai">
    <stop departure="11:10" routeNo="280">Bergen Busstasjon</stop>
    <stop arrival="11:11" departure="11:11">Christies gate (Festplassen)</stop>
    <stop arrival="11:13" departure="11:13">Torget (Bergen)</stop>
    <stop arrival="11:14" departure="11:14">Bryggen</stop>
    <stop arrival="11:14" departure="11:14">Slottsgaten</stop>
    <stop arrival="11:16" departure="11:16">Bontelabo</stop>
    <stop arrival="11:16" departure="11:16">Skutevikstorget</stop>
    <stop arrival="11:17" departure="11:17">Sjøgaten</stop>
    <stop arrival="11:18" departure="11:18">Sandvikstorget</stop>
    <stop arrival="11:19" departure="11:19">Ludebryggen</stop>
    <stop arrival="11:20" departure="11:20">Munkebotten</stop>
    <stop arrival="11:21" departure="11:21">Nyhavnsvei (Gamle Bergen)</stop>
    <stop arrival="11:23" departure="11:23">Handelshøyskolen</stop>
    <stop arrival="11:25" departure="11:25">Eidsvåg</stop>
    <stop arrival="11:30" departure="11:30">Åsane terminal</stop>
    <stop arrival="11:31" departure="11:31">Rollandskrysset</stop>
    <stop arrival="11:31" departure="11:31">Litleåskryss</stop>
    <stop arrival="11:32" departure="11:32">Salhuskrysset</stop>
    <stop arrival="11:33" departure="11:33">Nyborg</stop>
    <stop arrival="11:35" departure="11:35">Domus Nyborg</stop>
    <stop arrival="11:36" departure="11:36">Liavegen (Åsane)</stop>
    <stop arrival="11:37" departure="11:37">Vågsbotn</stop>
    <stop arrival="11:37" departure="11:37">Eikås</stop>
    <stop arrival="11:38" departure="11:38">Vikaleitet</stop>
    <stop arrival="11:39" departure="11:39">Haukåsvegen</stop>
    <stop arrival="11:40" departure="11:40">Haukås barnehage</stop>
    <stop arrival="11:40" departure="11:40">Myrsæter</stop>
    <stop arrival="11:41" departure="11:41">Haukåsskogen</stop>
    <stop arrival="11:42" departure="11:42">Almåsvegen</stop>
    <stop arrival="11:43" departure="11:43">Hylkje</stop>
    <stop arrival="11:44" departure="11:44">Tuft (Åsane)</stop>
    <stop arrival="11:45" departure="11:45">Langamyrene</stop>
    <stop arrival="11:45" departure="11:45">Nesjavegen</stop>
    <stop arrival="11:46" departure="11:46">Grøvle (Åsane)</stop>
    <stop arrival="11:46" departure="11:46">Hordvikhamnen</stop>
    <stop arrival="11:47" departure="11:47">Ulstein kryss</stop>
    <stop arrival="11:47" departure="11:47">Ulstein</stop>
    <stop arrival="11:48" departure="11:48">Ulstein snuplass</stop>
    <stop arrival="11:50" departure="11:50">Grøvle (Åsane)</stop>
    <stop arrival="11:50" departure="11:50">Grøvlesvingen</stop>
    <stop arrival="11:51" departure="11:51">Hordvik gård</stop>
    <stop arrival="11:52" departure="11:52">Hordvik skole</stop>
    <stop arrival="11:53" departure="11:53">Falkangervegen</stop>
    <stop arrival="11:54" departure="11:54">Tellevik</stop>
    <stop arrival="11:55" departure="11:55">Klauvarinden</stop>
    <stop arrival="11:57" departure="11:57">Sveisbakken</stop>
    <stop arrival="12:01" departure="12:01">Slettebakken</stop>
    <stop arrival="12:04" departure="12:04">Samhold</stop>
    <stop arrival="12:05">Salhus kai</stop>
  </route>
  <route no="280" destination="Salhus kai" url="http://www.web2051.no/bin/tp/zuginfo.exe/on/83934/33137/725630/334838/1/" trafficDays="kjører Lø, ikke 1. Mai">
    <stop departure="11:10" routeNo="280">Bergen Busstasjon</stop>
    <stop arrival="11:11" departure="11:11">Christies gate (Festplassen)</stop>
    <stop arrival="11:13" departure="11:13">Torget (Bergen)</stop>
    <stop arrival="11:14" departure="11:14">Bryggen</stop>
    <stop arrival="11:14" departure="11:14">Slottsgaten</stop>
    <stop arrival="11:16" departure="11:16">Bontelabo</stop>
    <stop arrival="11:16" departure="11:16">Skutevikstorget</stop>
    <stop arrival="11:17" departure="11:17">Sjøgaten</stop>
    <stop arrival="11:18" departure="11:18">Sandvikstorget</stop>
    <stop arrival="11:19" departure="11:19">Ludebryggen</stop>
    <stop arrival="11:20" departure="11:20">Munkebotten</stop>
    <stop arrival="11:21" departure="11:21">Nyhavnsvei (Gamle Bergen)</stop>
    <stop arrival="11:23" departure="11:23">Handelshøyskolen</stop>
    <stop arrival="11:25" departure="11:25">Eidsvåg</stop>
    <stop arrival="11:30" departure="11:30">Åsane terminal</stop>
    <stop arrival="11:31" departure="11:31">Rollandskrysset</stop>
    <stop arrival="11:31" departure="11:31">Litleåskryss</stop>
    <stop arrival="11:32" departure="11:32">Salhuskrysset</stop>
    <stop arrival="11:33" departure="11:33">Nyborg</stop>
    <stop arrival="11:35" departure="11:35">Domus Nyborg</stop>
    <stop arrival="11:36" departure="11:36">Liavegen (Åsane)</stop>
    <stop arrival="11:37" departure="11:37">Vågsbotn</stop>
    <stop arrival="11:37" departure="11:37">Eikås</stop>
    <stop arrival="11:38" departure="11:38">Vikaleitet</stop>
    <stop arrival="11:39" departure="11:39">Haukåsvegen</stop>
    <stop arrival="11:40" departure="11:40">Haukås barnehage</stop>
    <stop arrival="11:40" departure="11:40">Myrsæter</stop>
    <stop arrival="11:41" departure="11:41">Haukåsskogen</stop>
    <stop arrival="11:42" departure="11:42">Almåsvegen</stop>
    <stop arrival="11:43" departure="11:43">Hylkje</stop>
    <stop arrival="11:44" departure="11:44">Tuft (Åsane)</stop>
    <stop arrival="11:45" departure="11:45">Langamyrene</stop>
    <stop arrival="11:45" departure="11:45">Nesjavegen</stop>
    <stop arrival="11:46" departure="11:46">Grøvle (Åsane)</stop>
    <stop arrival="11:46" departure="11:46">Hordvikhamnen</stop>
    <stop arrival="11:47" departure="11:47">Ulstein kryss</stop>
    <stop arrival="11:47" departure="11:47">Ulstein</stop>
    <stop arrival="11:48" departure="11:48">Ulstein snuplass</stop>
    <stop arrival="11:52" departure="11:52">Grøvle (Åsane)</stop>
    <stop arrival="11:52" departure="11:52">Grøvlesvingen</stop>
    <stop arrival="11:54" departure="11:54">Hordvik gård</stop>
    <stop arrival="11:55" departure="11:55">Hordvik skole</stop>
    <stop arrival="11:55" departure="11:55">Falkangervegen</stop>
    <stop arrival="11:57" departure="11:57">Tellevik</stop>
    <stop arrival="11:58" departure="11:58">Klauvarinden</stop>
    <stop arrival="11:59" departure="11:59">Sveisbakken</stop>
    <stop arrival="12:02" departure="12:02">Slettebakken</stop>
    <stop arrival="12:04" departure="12:04">Samhold</stop>
    <stop arrival="12:05">Salhus kai</stop>
  </route>
</routes>
