<?xml version="1.0" encoding="UTF-8"?>
<routes>
  <route no="23" destination="Bergen Busstasjon" url="http://www.web2051.no/bin/tp/zuginfo.exe/on/263454/91943/207796/16085/1/" trafficDays="kjører Ma - Fr, ikke 13., 17., 24. Mai">
    <stop departure="10:54" routeNo="23">Birkelandskrysset Terminal</stop>
    <stop arrival="10:55" departure="10:55">Gomarhaug</stop>
    <stop arrival="10:56" departure="10:56">Sandsliskiftet</stop>
    <stop arrival="10:56" departure="10:56">Håvardstun</stop>
    <stop arrival="10:58" departure="10:58">Meyer</stop>
    <stop arrival="10:59" departure="10:59">Rådal</stop>
    <stop arrival="11:00" departure="11:00">Rådal ved Lagunen</stop>
    <stop arrival="11:05" departure="11:05">Skjold skole</stop>
    <stop arrival="11:07" departure="11:07">Mårdalen</stop>
    <stop arrival="11:08" departure="11:08">Nesttunbrekka</stop>
    <stop arrival="11:08" departure="11:08">Skjoldskiftet</stop>
    <stop arrival="11:09" departure="11:09">Nesttun</stop>
    <stop arrival="11:10" departure="11:10">Nesttun terminal</stop>
    <stop arrival="11:12" departure="11:12">Hopsbro</stop>
    <stop arrival="11:14" departure="11:14">Tveiteråsskiftet</stop>
    <stop arrival="11:15" departure="11:15">Paradis</stop>
    <stop arrival="11:17" departure="11:17">Nydalen</stop>
    <stop arrival="11:19" departure="11:19">Fantoft</stop>
    <stop arrival="11:20" departure="11:20">Storetveit</stop>
    <stop arrival="11:20" departure="11:20">Elvebakken</stop>
    <stop arrival="11:21" departure="11:21">Minde</stop>
    <stop arrival="11:24" departure="11:24">Mindemyren</stop>
    <stop arrival="11:25" departure="11:25">Postterminalen</stop>
    <stop arrival="11:26" departure="11:26">Kanalveien v/LBK</stop>
    <stop arrival="11:28" departure="11:28">Danmarksplass v/Forum kino</stop>
    <stop arrival="11:31" departure="11:31">Bergen Busstasjon</stop>
    <stop arrival="11:34" departure="11:34">Christies gate (Festplassen)</stop>
    <stop arrival="11:39">Bergen Busstasjon</stop>
  </route>
  <route no="566" destination="Eidsvik snuplass" url="http://www.web2051.no/bin/tp/zuginfo.exe/on/915921/310871/139766/235424/1/" trafficDays="kjører Lø, ikke 1. Mai">
    <stop departure="11:00" routeNo="566">Lagunen</stop>
    <stop arrival="11:01" departure="11:01">Rådal</stop>
    <stop arrival="11:02" departure="11:02">Sunea</stop>
    <stop arrival="11:02" departure="11:02">Rådalshaug</stop>
    <stop arrival="11:02" departure="11:02">Steinknuseverket</stop>
    <stop arrival="11:03" departure="11:03">Hordnesskiftet Stend</stop>
    <stop arrival="11:05" departure="11:05">Konowskiftet</stop>
    <stop arrival="11:05" departure="11:05">Krykkjehaugen</stop>
    <stop arrival="11:06" departure="11:06">Fana kirke</stop>
    <stop arrival="11:07" departure="11:07">Hamreskiftet</stop>
    <stop arrival="11:08" departure="11:08">Rambergtunet</stop>
    <stop arrival="11:11" departure="11:11">Fanafjell</stop>
    <stop arrival="11:13" departure="11:13">Sædal 1</stop>
    <stop arrival="11:13" departure="11:13">Sædal 2</stop>
    <stop arrival="11:15" departure="11:15">Nordvik 1</stop>
    <stop arrival="11:16" departure="11:16">Nordvik 2</stop>
    <stop arrival="11:16" departure="11:16">Nordvik skole</stop>
    <stop arrival="11:17" departure="11:17">Sagstad (Nordvik, Fana)</stop>
    <stop arrival="11:17" departure="11:17">Sperrevik 1</stop>
    <stop arrival="11:18" departure="11:18">Sperrevik 2</stop>
    <stop arrival="11:18" departure="11:18">Sperrevik 3</stop>
    <stop arrival="11:18" departure="11:18">Nordstrøm</stop>
    <stop arrival="11:19" departure="11:19">Sørstraumen</stop>
    <stop arrival="11:19" departure="11:19">Buena</stop>
    <stop arrival="11:20" departure="11:20">Søvik (Os)</stop>
    <stop arrival="11:20" departure="11:20">Søvik (Os)</stop>
    <stop arrival="11:20" departure="11:20">Søvik (Os)</stop>
    <stop arrival="11:20" departure="11:20">Lysekloster skule</stop>
    <stop arrival="11:22" departure="11:22">Søvik Gamleskulen</stop>
    <stop arrival="11:23" departure="11:23">Salbuvik</stop>
    <stop arrival="11:25" departure="11:25">Bjoarvik</stop>
    <stop arrival="11:25" departure="11:25">Drangshaug</stop>
    <stop arrival="11:26" departure="11:26">Drange (Os)</stop>
    <stop arrival="11:27" departure="11:27">Drange handel</stop>
    <stop arrival="11:28" departure="11:28">Drangevågen</stop>
    <stop arrival="11:29" departure="11:29">Eidsvik</stop>
    <stop arrival="11:30">Eidsvik snuplass</stop>
  </route>
  <route no="23" destination="Bergen Busstasjon" url="http://www.web2051.no/bin/tp/zuginfo.exe/on/345987/119428/840530/304936/1/" trafficDays="kjører Lø, ikke 1. Mai">
    <stop departure="10:55" routeNo="23">Birkelandskrysset Terminal</stop>
    <stop arrival="10:57" departure="10:57">Gomarhaug</stop>
    <stop arrival="10:57" departure="10:57">Sandsliskiftet</stop>
    <stop arrival="10:58" departure="10:58">Håvardstun</stop>
    <stop arrival="11:00" departure="11:00">Meyer</stop>
    <stop arrival="11:01" departure="11:01">Rådal</stop>
    <stop arrival="11:02" departure="11:02">Rådal ved Lagunen</stop>
    <stop arrival="11:05" departure="11:05">Skjold skole</stop>
    <stop arrival="11:07" departure="11:07">Mårdalen</stop>
    <stop arrival="11:08" departure="11:08">Nesttunbrekka</stop>
    <stop arrival="11:08" departure="11:08">Skjoldskiftet</stop>
    <stop arrival="11:09" departure="11:09">Nesttun</stop>
    <stop arrival="11:10" departure="11:10">Nesttun terminal</stop>
    <stop arrival="11:12" departure="11:12">Hopsbro</stop>
    <stop arrival="11:14" departure="11:14">Tveiteråsskiftet</stop>
    <stop arrival="11:15" departure="11:15">Paradis</stop>
    <stop arrival="11:17" departure="11:17">Nydalen</stop>
    <stop arrival="11:19" departure="11:19">Fantoft</stop>
    <stop arrival="11:20" departure="11:20">Storetveit</stop>
    <stop arrival="11:20" departure="11:20">Elvebakken</stop>
    <stop arrival="11:21" departure="11:21">Minde</stop>
    <stop arrival="11:25" departure="11:25">Mindemyren</stop>
    <stop arrival="11:26" departure="11:26">Postterminalen</stop>
    <stop arrival="11:26" departure="11:26">Kanalveien v/LBK</stop>
    <stop arrival="11:28" departure="11:28">Danmarksplass v/Forum kino</stop>
    <stop arrival="11:32" departure="11:32">Bergen Busstasjon</stop>
    <stop arrival="11:35" departure="11:35">Christies gate (Festplassen)</stop>
    <stop arrival="11:40">Bergen Busstasjon</stop>
  </route>
  <route no="23" destination="Birkelandskrysset Terminal" url="http://www.web2051.no/bin/tp/zuginfo.exe/on/189117/67165/598422/236172/1/" trafficDays="kjører Ma - Fr, ikke 13., 17., 24. Mai">
    <stop departure="10:30" routeNo="23">Olav Kyrres gate</stop>
    <stop arrival="10:35" departure="10:35">Bergen Busstasjon</stop>
    <stop arrival="10:40" departure="10:40">Danmarksplass</stop>
    <stop arrival="10:41" departure="10:41">Solheimsgaten</stop>
    <stop arrival="10:42" departure="10:42">Reperbanen</stop>
    <stop arrival="10:44" departure="10:44">Fjøsangerveien/ Minde Allè</stop>
    <stop arrival="10:47" departure="10:47">Minde</stop>
    <stop arrival="10:48" departure="10:48">Elvebakken</stop>
    <stop arrival="10:48" departure="10:48">Storetveit</stop>
    <stop arrival="10:48" departure="10:48">Fantoft</stop>
    <stop arrival="10:49" departure="10:49">Nydalen</stop>
    <stop arrival="10:50" departure="10:50">Paradis</stop>
    <stop arrival="10:51" departure="10:51">Tveiteråsskiftet</stop>
    <stop arrival="10:52" departure="10:52">Hopsbro</stop>
    <stop arrival="10:54" departure="10:54">Hopstangen</stop>
    <stop arrival="10:55" departure="10:55">Nesttun terminal</stop>
    <stop arrival="10:57" departure="10:57">Nesttun</stop>
    <stop arrival="11:00" departure="11:00">Skjoldskiftet</stop>
    <stop arrival="11:00" departure="11:00">Nesttunbrekka</stop>
    <stop arrival="11:01" departure="11:01">Mårdalen</stop>
    <stop arrival="11:01" departure="11:01">Skjoldhøgda</stop>
    <stop arrival="11:01" departure="11:01">Skjold skole</stop>
    <stop arrival="11:02" departure="11:02">Lagunen</stop>
    <stop arrival="11:04" departure="11:04">Rådal</stop>
    <stop arrival="11:07" departure="11:07">Meyerskiftet</stop>
    <stop arrival="11:14" departure="11:14">Håvardstun</stop>
    <stop arrival="11:15" departure="11:15">Sandsliskiftet</stop>
    <stop arrival="11:17" departure="11:17">Gomarhaug</stop>
    <stop arrival="11:20">Birkelandskrysset Terminal</stop>
  </route>
  <route no="560" destination="Krokeide Yrkesskole" url="http://www.web2051.no/bin/tp/zuginfo.exe/on/305421/107347/863980/330183/1/" trafficDays="kjører Ma - Fr, ikke 13., 17., 24. Mai">
    <stop departure="11:02" routeNo="560">Lagunen</stop>
    <stop arrival="11:03" departure="11:03">Rådal</stop>
    <stop arrival="11:04" departure="11:04">Sunea</stop>
    <stop arrival="11:04" departure="11:04">Rådalshaug</stop>
    <stop arrival="11:04" departure="11:04">Steinknuseverket</stop>
    <stop arrival="11:05" departure="11:05">Hordnesskiftet Stend</stop>
    <stop arrival="11:06" departure="11:06">Konowskiftet</stop>
    <stop arrival="11:07" departure="11:07">Krykkjehaugen</stop>
    <stop arrival="11:08" departure="11:08">Fana</stop>
    <stop arrival="11:08" departure="11:08">Gaia Fana</stop>
    <stop arrival="11:09" departure="11:09">Vollaskiftet</stop>
    <stop arrival="11:10" departure="11:10">Fossen</stop>
    <stop arrival="11:10" departure="11:10">Saganeset 1</stop>
    <stop arrival="11:10" departure="11:10">Saganeset 2</stop>
    <stop arrival="11:11" departure="11:11">Salbu</stop>
    <stop arrival="11:12" departure="11:12">Rød, Krokeideveien</stop>
    <stop arrival="11:13" departure="11:13">Rød, Krokeideveien</stop>
    <stop arrival="11:14" departure="11:14">Breivik (Fana)</stop>
    <stop arrival="11:15" departure="11:15">Krokeide skole 1</stop>
    <stop arrival="11:15" departure="11:15">Krokeide skole 2</stop>
    <stop arrival="11:16" departure="11:16">Krokeide</stop>
    <stop arrival="11:17" departure="11:17">Krokeide</stop>
    <stop arrival="11:17" departure="11:17">Krokeide krysset</stop>
    <stop arrival="11:18">Krokeide Yrkesskole</stop>
  </route>
  <route no="50" destination="Dolvik terminal" url="http://www.web2051.no/bin/tp/zuginfo.exe/on/70248/24233/904088/428628/1/" trafficDays="kjører Lø, ikke 1. Mai">
    <stop departure="10:10" routeNo="50">Åsane terminal</stop>
    <stop arrival="10:11" departure="10:11">Hesthaugen</stop>
    <stop arrival="10:11" departure="10:11">Stamskaret</stop>
    <stop arrival="10:12" departure="10:12">Tertneskrysset gamleveien</stop>
    <stop arrival="10:13" departure="10:13">Griggastemma</stop>
    <stop arrival="10:14" departure="10:14">Åstveitvegen</stop>
    <stop arrival="10:14" departure="10:14">Ervik øvre</stop>
    <stop arrival="10:15" departure="10:15">Ervik nedre (Sellesvingen)</stop>
    <stop arrival="10:16" departure="10:16">Selvikvegen</stop>
    <stop arrival="10:17" departure="10:17">Eidsvåg</stop>
    <stop arrival="10:19" departure="10:19">Handelshøyskolen</stop>
    <stop arrival="10:20" departure="10:20">Nyhavnsvei (Gamle Bergen)</stop>
    <stop arrival="10:22" departure="10:22">Munkebotten</stop>
    <stop arrival="10:23" departure="10:23">Ludebryggen</stop>
    <stop arrival="10:24" departure="10:24">Sandvikstorget</stop>
    <stop arrival="10:25" departure="10:25">Skutevikstorget</stop>
    <stop arrival="10:26" departure="10:26">Bontelabo</stop>
    <stop arrival="10:27" departure="10:27">Slottsgaten</stop>
    <stop arrival="10:28" departure="10:28">Bryggen</stop>
    <stop arrival="10:29" departure="10:29">Småstrandgaten</stop>
    <stop arrival="10:30" departure="10:30">Nygaten</stop>
    <stop arrival="10:31" departure="10:31">Statsporten (jernbanen)</stop>
    <stop arrival="10:34" departure="10:34">Kalfarlien</stop>
    <stop arrival="10:35" departure="10:35">Kalvedalsveien</stop>
    <stop arrival="10:36" departure="10:36">Svartediksveien</stop>
    <stop arrival="10:37" departure="10:37">Statsarkivet</stop>
    <stop arrival="10:38" departure="10:38">Haraldsplass sykehus</stop>
    <stop arrival="10:39" departure="10:39">Haukeland sykehus nord</stop>
    <stop arrival="10:39" departure="10:39">Haukeland sykehus sør</stop>
    <stop arrival="10:40" departure="10:40">Fridalen</stop>
    <stop arrival="10:40" departure="10:40">Langhaugen</stop>
    <stop arrival="10:41" departure="10:41">Landåssvingen</stop>
    <stop arrival="10:41" departure="10:41">Landåstorget</stop>
    <stop arrival="10:41" departure="10:41">Erleveien</stop>
    <stop arrival="10:42" departure="10:42">Wier-Jenssens vei</stop>
    <stop arrival="10:42" departure="10:42">Mannsverk</stop>
    <stop arrival="10:43" departure="10:43">Bolstad</stop>
    <stop arrival="10:44" departure="10:44">Hans Jægers vei</stop>
    <stop arrival="10:45" departure="10:45">Kolstibotn</stop>
    <stop arrival="10:46" departure="10:46">Knausen</stop>
    <stop arrival="10:47" departure="10:47">Birkelundstoppen</stop>
    <stop arrival="10:48" departure="10:48">Birkelundsbakken</stop>
    <stop arrival="10:48" departure="10:48">Natlandslien</stop>
    <stop arrival="10:48" departure="10:48">Stavkirken</stop>
    <stop arrival="10:49" departure="10:49">Paradis</stop>
    <stop arrival="10:50" departure="10:50">Tveiteråsskiftet</stop>
    <stop arrival="10:51" departure="10:51">Hopsbro</stop>
    <stop arrival="10:52" departure="10:52">Hopstangen</stop>
    <stop arrival="10:53" departure="10:53">Nesttun terminal</stop>
    <stop arrival="10:55" departure="10:55">Nesttun</stop>
    <stop arrival="10:58" departure="10:58">Skjoldskiftet</stop>
    <stop arrival="10:59" departure="10:59">Nesttunbrekka</stop>
    <stop arrival="10:59" departure="10:59">Mårdalen</stop>
    <stop arrival="11:00" departure="11:00">Skjoldhøgda</stop>
    <stop arrival="11:02" departure="11:02">Skjold skole</stop>
    <stop arrival="11:03" departure="11:03">Lagunen</stop>
    <stop arrival="11:04" departure="11:04">Rådal</stop>
    <stop arrival="11:05" departure="11:05">Meyerskiftet</stop>
    <stop arrival="11:09" departure="11:09">Håvardstun</stop>
    <stop arrival="11:10" departure="11:10">Statoil stasjon Sandsli</stop>
    <stop arrival="11:11" departure="11:11">Hydro Sandsli</stop>
    <stop arrival="11:12" departure="11:12">Petedalsheia</stop>
    <stop arrival="11:13" departure="11:13">Fanatorget</stop>
    <stop arrival="11:13" departure="11:13">Regnbueåsen</stop>
    <stop arrival="11:14">Dolvik terminal</stop>
  </route>
  <route no="50" destination="Dolvik terminal" url="http://www.web2051.no/bin/tp/zuginfo.exe/on/645177/215911/337424/46347/1/" trafficDays="kjører Ma - Fr, ikke 13., 17., 24. Mai">
    <stop departure="10:10" routeNo="50">Åsane terminal</stop>
    <stop arrival="10:11" departure="10:11">Hesthaugen</stop>
    <stop arrival="10:12" departure="10:12">Stamskaret</stop>
    <stop arrival="10:13" departure="10:13">Tertneskrysset gamleveien</stop>
    <stop arrival="10:14" departure="10:14">Griggastemma</stop>
    <stop arrival="10:15" departure="10:15">Åstveitvegen</stop>
    <stop arrival="10:15" departure="10:15">Ervik øvre</stop>
    <stop arrival="10:16" departure="10:16">Ervik nedre (Sellesvingen)</stop>
    <stop arrival="10:17" departure="10:17">Selvikvegen</stop>
    <stop arrival="10:18" departure="10:18">Eidsvåg</stop>
    <stop arrival="10:20" departure="10:20">Handelshøyskolen</stop>
    <stop arrival="10:22" departure="10:22">Nyhavnsvei (Gamle Bergen)</stop>
    <stop arrival="10:24" departure="10:24">Munkebotten</stop>
    <stop arrival="10:25" departure="10:25">Ludebryggen</stop>
    <stop arrival="10:26" departure="10:26">Sandvikstorget</stop>
    <stop arrival="10:28" departure="10:28">Skutevikstorget</stop>
    <stop arrival="10:29" departure="10:29">Bontelabo</stop>
    <stop arrival="10:31" departure="10:31">Slottsgaten</stop>
    <stop arrival="10:32" departure="10:32">Bryggen</stop>
    <stop arrival="10:33" departure="10:33">Småstrandgaten</stop>
    <stop arrival="10:34" departure="10:34">Nygaten</stop>
    <stop arrival="10:35" departure="10:35">Statsporten (jernbanen)</stop>
    <stop arrival="10:38" departure="10:38">Kalfarlien</stop>
    <stop arrival="10:39" departure="10:39">Kalvedalsveien</stop>
    <stop arrival="10:40" departure="10:40">Svartediksveien</stop>
    <stop arrival="10:41" departure="10:41">Statsarkivet</stop>
    <stop arrival="10:42" departure="10:42">Haraldsplass sykehus</stop>
    <stop arrival="10:43" departure="10:43">Haukeland sykehus nord</stop>
    <stop arrival="10:44" departure="10:44">Haukeland sykehus sør</stop>
    <stop arrival="10:45" departure="10:45">Fridalen</stop>
    <stop arrival="10:45" departure="10:45">Langhaugen</stop>
    <stop arrival="10:46" departure="10:46">Landåssvingen</stop>
    <stop arrival="10:46" departure="10:46">Landåstorget</stop>
    <stop arrival="10:47" departure="10:47">Erleveien</stop>
    <stop arrival="10:47" departure="10:47">Wier-Jenssens vei</stop>
    <stop arrival="10:48" departure="10:48">Mannsverk</stop>
    <stop arrival="10:48" departure="10:48">Bolstad</stop>
    <stop arrival="10:49" departure="10:49">Hans Jægers vei</stop>
    <stop arrival="10:49" departure="10:49">Kolstibotn</stop>
    <stop arrival="10:49" departure="10:49">Knausen</stop>
    <stop arrival="10:50" departure="10:50">Birkelundstoppen</stop>
    <stop arrival="10:51" departure="10:51">Birkelundsbakken</stop>
    <stop arrival="10:51" departure="10:51">Natlandslien</stop>
    <stop arrival="10:52" departure="10:52">Stavkirken</stop>
    <stop arrival="10:53" departure="10:53">Paradis</stop>
    <stop arrival="10:54" departure="10:54">Tveiteråsskiftet</stop>
    <stop arrival="10:55" departure="10:55">Hopsbro</stop>
    <stop arrival="10:57" departure="10:57">Hopstangen</stop>
    <stop arrival="10:58" departure="10:58">Nesttun terminal</stop>
    <stop arrival="11:00" departure="11:00">Nesttun</stop>
    <stop arrival="11:03" departure="11:03">Skjoldskiftet</stop>
    <stop arrival="11:03" departure="11:03">Nesttunbrekka</stop>
    <stop arrival="11:04" departure="11:04">Mårdalen</stop>
    <stop arrival="11:04" departure="11:04">Skjoldhøgda</stop>
    <stop arrival="11:04" departure="11:04">Skjold skole</stop>
    <stop arrival="11:05" departure="11:05">Lagunen</stop>
    <stop arrival="11:06" departure="11:06">Rådal</stop>
    <stop arrival="11:07" departure="11:07">Meyerskiftet</stop>
    <stop arrival="11:11" departure="11:11">Håvardstun</stop>
    <stop arrival="11:12" departure="11:12">Statoil stasjon Sandsli</stop>
    <stop arrival="11:13" departure="11:13">Hydro Sandsli</stop>
    <stop arrival="11:14" departure="11:14">Petedalsheia</stop>
    <stop arrival="11:15" departure="11:15">Fanatorget</stop>
    <stop arrival="11:20">Dolvik terminal</stop>
  </route>
  <route no="23" destination="Birkelandskrysset Terminal" url="http://www.web2051.no/bin/tp/zuginfo.exe/on/33204/15166/801660/389762/1/" trafficDays="kjører Lø, ikke 1. Mai">
    <stop departure="10:30" routeNo="23">Olav Kyrres gate</stop>
    <stop arrival="10:35" departure="10:35">Bergen Busstasjon</stop>
    <stop arrival="10:39" departure="10:39">Danmarksplass</stop>
    <stop arrival="10:40" departure="10:40">Solheimsgaten</stop>
    <stop arrival="10:41" departure="10:41">Reperbanen</stop>
    <stop arrival="10:43" departure="10:43">Fjøsangerveien/ Minde Allè</stop>
    <stop arrival="10:46" departure="10:46">Minde</stop>
    <stop arrival="10:47" departure="10:47">Elvebakken</stop>
    <stop arrival="10:48" departure="10:48">Storetveit</stop>
    <stop arrival="10:48" departure="10:48">Fantoft</stop>
    <stop arrival="10:49" departure="10:49">Nydalen</stop>
    <stop arrival="10:50" departure="10:50">Paradis</stop>
    <stop arrival="10:51" departure="10:51">Tveiteråsskiftet</stop>
    <stop arrival="10:52" departure="10:52">Hopsbro</stop>
    <stop arrival="10:54" departure="10:54">Hopstangen</stop>
    <stop arrival="10:55" departure="10:55">Nesttun terminal</stop>
    <stop arrival="10:57" departure="10:57">Nesttun</stop>
    <stop arrival="11:00" departure="11:00">Skjoldskiftet</stop>
    <stop arrival="11:01" departure="11:01">Nesttunbrekka</stop>
    <stop arrival="11:01" departure="11:01">Mårdalen</stop>
    <stop arrival="11:02" departure="11:02">Skjoldhøgda</stop>
    <stop arrival="11:04" departure="11:04">Skjold skole</stop>
    <stop arrival="11:05" departure="11:05">Lagunen</stop>
    <stop arrival="11:07" departure="11:07">Rådal</stop>
    <stop arrival="11:09" departure="11:09">Meyerskiftet</stop>
    <stop arrival="11:15" departure="11:15">Håvardstun</stop>
    <stop arrival="11:16" departure="11:16">Sandsliskiftet</stop>
    <stop arrival="11:17" departure="11:17">Gomarhaug</stop>
    <stop arrival="11:20">Birkelandskrysset Terminal</stop>
  </route>
  <route no="560" destination="Bergen Busstasjon" url="http://www.web2051.no/bin/tp/zuginfo.exe/on/77358/31303/2986/24293/1/" trafficDays="kjører Lø, ikke 1. Mai">
    <stop departure="10:50" routeNo="560">Krokeide Yrkesskole</stop>
    <stop arrival="10:51" departure="10:51">Krokeide krysset</stop>
    <stop arrival="10:51" departure="10:51">Krokeide</stop>
    <stop arrival="10:52" departure="10:52">Krokeide</stop>
    <stop arrival="10:53" departure="10:53">Krokeide skole 2</stop>
    <stop arrival="10:54" departure="10:54">Breivik (Fana)</stop>
    <stop arrival="10:55" departure="10:55">Rød, Krokeideveien</stop>
    <stop arrival="10:56" departure="10:56">Rød, Krokeideveien</stop>
    <stop arrival="10:57" departure="10:57">Salbu</stop>
    <stop arrival="10:58" departure="10:58">Saganeset 2</stop>
    <stop arrival="10:58" departure="10:58">Saganeset 1</stop>
    <stop arrival="10:58" departure="10:58">Fossen</stop>
    <stop arrival="10:59" departure="10:59">Vollaskiftet</stop>
    <stop arrival="11:00" departure="11:00">Gaia Fana</stop>
    <stop arrival="11:00" departure="11:00">Fana</stop>
    <stop arrival="11:01" departure="11:01">Krykkjehaugen</stop>
    <stop arrival="11:02" departure="11:02">Konowskiftet</stop>
    <stop arrival="11:03" departure="11:03">Hordnesskiftet Stend</stop>
    <stop arrival="11:04" departure="11:04">Steinknuseverket</stop>
    <stop arrival="11:04" departure="11:04">Rådalshaug</stop>
    <stop arrival="11:05" departure="11:05">Sunea</stop>
    <stop arrival="11:06" departure="11:06">Rådal</stop>
    <stop arrival="11:07" departure="11:07">Rådal ved Lagunen</stop>
    <stop arrival="11:10" departure="11:10">Skjold skole</stop>
    <stop arrival="11:12" departure="11:12">Mårdalen</stop>
    <stop arrival="11:13" departure="11:13">Nesttunbrekka</stop>
    <stop arrival="11:13" departure="11:13">Skjoldskiftet</stop>
    <stop arrival="11:14" departure="11:14">Nesttun</stop>
    <stop arrival="11:15" departure="11:15">Nesttun terminal</stop>
    <stop arrival="11:17" departure="11:17">Hopsbro</stop>
    <stop arrival="11:19" departure="11:19">Tveiteråsskiftet</stop>
    <stop arrival="11:20" departure="11:20">Paradis</stop>
    <stop arrival="11:22" departure="11:22">Nydalen</stop>
    <stop arrival="11:24" departure="11:24">Fantoft</stop>
    <stop arrival="11:25" departure="11:25">Storetveit</stop>
    <stop arrival="11:25" departure="11:25">Elvebakken</stop>
    <stop arrival="11:26" departure="11:26">Minde</stop>
    <stop arrival="11:30" departure="11:30">Mindemyren</stop>
    <stop arrival="11:31" departure="11:31">Postterminalen</stop>
    <stop arrival="11:31" departure="11:31">Kanalveien v/LBK</stop>
    <stop arrival="11:33" departure="11:33">Danmarksplass v/Forum kino</stop>
    <stop arrival="11:38">Bergen Busstasjon</stop>
  </route>
  <route no="560" destination="Bergen Busstasjon" url="http://www.web2051.no/bin/tp/zuginfo.exe/on/290589/102401/697276/251776/1/" trafficDays="kjører Ma - Fr, ikke 13., 17., 24. Mai">
    <stop departure="10:50" routeNo="560">Krokeide Yrkesskole</stop>
    <stop arrival="10:51" departure="10:51">Krokeide krysset</stop>
    <stop arrival="10:51" departure="10:51">Krokeide</stop>
    <stop arrival="10:52" departure="10:52">Krokeide</stop>
    <stop arrival="10:53" departure="10:53">Krokeide skole 2</stop>
    <stop arrival="10:54" departure="10:54">Breivik (Fana)</stop>
    <stop arrival="10:55" departure="10:55">Rød, Krokeideveien</stop>
    <stop arrival="10:56" departure="10:56">Rød, Krokeideveien</stop>
    <stop arrival="10:57" departure="10:57">Salbu</stop>
    <stop arrival="10:58" departure="10:58">Saganeset 2</stop>
    <stop arrival="10:58" departure="10:58">Saganeset 1</stop>
    <stop arrival="10:58" departure="10:58">Fossen</stop>
    <stop arrival="10:59" departure="10:59">Vollaskiftet</stop>
    <stop arrival="11:00" departure="11:00">Gaia Fana</stop>
    <stop arrival="11:00" departure="11:00">Fana</stop>
    <stop arrival="11:01" departure="11:01">Krykkjehaugen</stop>
    <stop arrival="11:02" departure="11:02">Konowskiftet</stop>
    <stop arrival="11:03" departure="11:03">Hordnesskiftet Stend</stop>
    <stop arrival="11:04" departure="11:04">Steinknuseverket</stop>
    <stop arrival="11:04" departure="11:04">Rådalshaug</stop>
    <stop arrival="11:05" departure="11:05">Sunea</stop>
    <stop arrival="11:06" departure="11:06">Rådal</stop>
    <stop arrival="11:07" departure="11:07">Rådal ved Lagunen</stop>
    <stop arrival="11:12" departure="11:12">Skjold skole</stop>
    <stop arrival="11:14" departure="11:14">Mårdalen</stop>
    <stop arrival="11:15" departure="11:15">Nesttunbrekka</stop>
    <stop arrival="11:15" departure="11:15">Skjoldskiftet</stop>
    <stop arrival="11:16" departure="11:16">Nesttun</stop>
    <stop arrival="11:17" departure="11:17">Nesttun terminal</stop>
    <stop arrival="11:19" departure="11:19">Hopsbro</stop>
    <stop arrival="11:21" departure="11:21">Tveiteråsskiftet</stop>
    <stop arrival="11:22" departure="11:22">Paradis</stop>
    <stop arrival="11:24" departure="11:24">Nydalen</stop>
    <stop arrival="11:26" departure="11:26">Fantoft</stop>
    <stop arrival="11:27" departure="11:27">Storetveit</stop>
    <stop arrival="11:27" departure="11:27">Elvebakken</stop>
    <stop arrival="11:28" departure="11:28">Minde</stop>
    <stop arrival="11:31" departure="11:31">Mindemyren</stop>
    <stop arrival="11:32" departure="11:32">Postterminalen</stop>
    <stop arrival="11:33" departure="11:33">Kanalveien v/LBK</stop>
    <stop arrival="11:35" departure="11:35">Danmarksplass v/Forum kino</stop>
    <stop arrival="11:40" departure="11:40">Bergen Busstasjon</stop>
    <stop arrival="11:42" departure="11:42">Christies gate (Festplassen)</stop>
    <stop arrival="11:47">Bergen Busstasjon</stop>
  </route>
  <route no="20" destination="Fanahammeren" url="http://www.web2051.no/bin/tp/zuginfo.exe/on/469083/160227/599876/143577/1/" trafficDays="kjører Ma - Fr, ikke 13., 17., 24. Mai">
    <stop departure="11:05" routeNo="20">Nesttun terminal</stop>
    <stop arrival="11:07" departure="11:07">Nesttun</stop>
    <stop arrival="11:10" departure="11:10">Skjoldskiftet</stop>
    <stop arrival="11:10" departure="11:10">Nesttunbrekka</stop>
    <stop arrival="11:11" departure="11:11">Mårdalen</stop>
    <stop arrival="11:11" departure="11:11">Skjoldhøgda</stop>
    <stop arrival="11:11" departure="11:11">Skjold skole</stop>
    <stop arrival="11:12" departure="11:12">Lagunen</stop>
    <stop arrival="11:13" departure="11:13">Rådal</stop>
    <stop arrival="11:14" departure="11:14">Sunea</stop>
    <stop arrival="11:14" departure="11:14">Rådalshaug</stop>
    <stop arrival="11:14" departure="11:14">Steinknuseverket</stop>
    <stop arrival="11:15" departure="11:15">Hordnesskiftet Stend</stop>
    <stop arrival="11:17" departure="11:17">Bergheim</stop>
    <stop arrival="11:18" departure="11:18">Bergheim</stop>
    <stop arrival="11:19" departure="11:19">Øvre Titlestad</stop>
    <stop arrival="11:21" departure="11:21">Rydland (Titlestad, Fana)</stop>
    <stop arrival="11:22" departure="11:22">Titlestad</stop>
    <stop arrival="11:23" departure="11:23">Kvernabekkvegen</stop>
    <stop arrival="11:24" departure="11:24">Norheimsveien</stop>
    <stop arrival="11:25" departure="11:25">Fana</stop>
    <stop arrival="11:25" departure="11:25">Gaia Fana</stop>
    <stop arrival="11:26" departure="11:26">Vollaskiftet</stop>
    <stop arrival="11:26" departure="11:26">Volladalen</stop>
    <stop arrival="11:27">Fanahammeren</stop>
  </route>
  <route no="20" destination="Lønborglien snuplass" url="http://www.web2051.no/bin/tp/zuginfo.exe/on/800223/270535/655044/60781/1/" trafficDays="kjører Lø, ikke 1. Mai">
    <stop departure="11:14" routeNo="20">Rådal ved Lagunen</stop>
    <stop arrival="11:17" departure="11:17">Skjold skole</stop>
    <stop arrival="11:19" departure="11:19">Mårdalen</stop>
    <stop arrival="11:20" departure="11:20">Nesttunbrekka</stop>
    <stop arrival="11:20" departure="11:20">Skjoldskiftet</stop>
    <stop arrival="11:21" departure="11:21">Nesttun</stop>
    <stop arrival="11:22" departure="11:22">Nesttun terminal</stop>
    <stop arrival="11:24" departure="11:24">Hopsbro</stop>
    <stop arrival="11:26" departure="11:26">Tveiteråsskiftet</stop>
    <stop arrival="11:27" departure="11:27">Paradis</stop>
    <stop arrival="11:29" departure="11:29">Nydalen</stop>
    <stop arrival="11:31" departure="11:31">Fantoft</stop>
    <stop arrival="11:32" departure="11:32">Storetveit</stop>
    <stop arrival="11:32" departure="11:32">Elvebakken</stop>
    <stop arrival="11:33" departure="11:33">Minde</stop>
    <stop arrival="11:37" departure="11:37">Mindemyren</stop>
    <stop arrival="11:38" departure="11:38">Postterminalen</stop>
    <stop arrival="11:38" departure="11:38">Kanalveien v/LBK</stop>
    <stop arrival="11:40" departure="11:40">Danmarksplass v/Forum kino</stop>
    <stop arrival="11:45" departure="11:45">Bergen Busstasjon</stop>
    <stop arrival="11:48" departure="11:48">Christies gate (Festplassen)</stop>
    <stop arrival="11:51" departure="11:51">Torget v/DnB</stop>
    <stop arrival="11:52" departure="11:52">Bryggen</stop>
    <stop arrival="11:52" departure="11:52">Slottsgaten</stop>
    <stop arrival="11:53" departure="11:53">Bontelabo</stop>
    <stop arrival="11:54" departure="11:54">Skutevikstorget</stop>
    <stop arrival="11:54" departure="11:54">Sjøgaten</stop>
    <stop arrival="11:55" departure="11:55">Sandvikstorget</stop>
    <stop arrival="11:56" departure="11:56">Ludebryggen</stop>
    <stop arrival="11:56" departure="11:56">Munkebotten</stop>
    <stop arrival="11:58" departure="11:58">Nyhavnsvei (Gamle Bergen)</stop>
    <stop arrival="11:59" departure="11:59">Handelshøyskolen</stop>
    <stop arrival="12:00" departure="12:00">Solbakken</stop>
    <stop arrival="12:01" departure="12:01">Eikeviken</stop>
    <stop arrival="12:03" departure="12:03">Hellebakken</stop>
    <stop arrival="12:03" departure="12:03">Brunestykket</stop>
    <stop arrival="12:04" departure="12:04">Lønborg</stop>
    <stop arrival="12:05" departure="12:05">Nordre Lønborg</stop>
    <stop arrival="12:06" departure="12:06">Lønborglien 1</stop>
    <stop arrival="12:06" departure="12:06">Lønborglien 2</stop>
    <stop arrival="12:07">Lønborglien snuplass</stop>
  </route>
  <route no="20" destination="Lønborglien snuplass" url="http://www.web2051.no/bin/tp/zuginfo.exe/on/263109/91557/954812/389705/1/" trafficDays="kjører Ma - Fr, ikke 13., 17., 24. Mai">
    <stop departure="11:10" routeNo="20">Fana Stadion</stop>
    <stop arrival="11:15" departure="11:15">Rådal ved Lagunen</stop>
    <stop arrival="11:20" departure="11:20">Skjold skole</stop>
    <stop arrival="11:22" departure="11:22">Mårdalen</stop>
    <stop arrival="11:23" departure="11:23">Nesttunbrekka</stop>
    <stop arrival="11:23" departure="11:23">Skjoldskiftet</stop>
    <stop arrival="11:24" departure="11:24">Nesttun</stop>
    <stop arrival="11:25" departure="11:25">Nesttun terminal</stop>
    <stop arrival="11:27" departure="11:27">Hopsbro</stop>
    <stop arrival="11:29" departure="11:29">Tveiteråsskiftet</stop>
    <stop arrival="11:30" departure="11:30">Paradis</stop>
    <stop arrival="11:32" departure="11:32">Nydalen</stop>
    <stop arrival="11:34" departure="11:34">Fantoft</stop>
    <stop arrival="11:35" departure="11:35">Storetveit</stop>
    <stop arrival="11:35" departure="11:35">Elvebakken</stop>
    <stop arrival="11:36" departure="11:36">Minde</stop>
    <stop arrival="11:39" departure="11:39">Mindemyren</stop>
    <stop arrival="11:40" departure="11:40">Postterminalen</stop>
    <stop arrival="11:41" departure="11:41">Kanalveien v/LBK</stop>
    <stop arrival="11:43" departure="11:43">Danmarksplass v/Forum kino</stop>
    <stop arrival="11:48" departure="11:48">Bergen Busstasjon</stop>
    <stop arrival="11:50" departure="11:50">Christies gate (Festplassen)</stop>
    <stop arrival="11:53" departure="11:53">Torget v/DnB</stop>
    <stop arrival="11:54" departure="11:54">Bryggen</stop>
    <stop arrival="11:54" departure="11:54">Slottsgaten</stop>
    <stop arrival="11:55" departure="11:55">Bontelabo</stop>
    <stop arrival="11:56" departure="11:56">Skutevikstorget</stop>
    <stop arrival="11:56" departure="11:56">Sjøgaten</stop>
    <stop arrival="11:57" departure="11:57">Sandvikstorget</stop>
    <stop arrival="11:58" departure="11:58">Ludebryggen</stop>
    <stop arrival="11:58" departure="11:58">Munkebotten</stop>
    <stop arrival="12:00" departure="12:00">Nyhavnsvei (Gamle Bergen)</stop>
    <stop arrival="12:01" departure="12:01">Handelshøyskolen</stop>
    <stop arrival="12:02" departure="12:02">Solbakken</stop>
    <stop arrival="12:03" departure="12:03">Eikeviken</stop>
    <stop arrival="12:05" departure="12:05">Hellebakken</stop>
    <stop arrival="12:05" departure="12:05">Brunestykket</stop>
    <stop arrival="12:06" departure="12:06">Lønborg</stop>
    <stop arrival="12:07" departure="12:07">Nordre Lønborg</stop>
    <stop arrival="12:10" departure="12:10">Lønborglien 1</stop>
    <stop arrival="12:11" departure="12:11">Lønborglien 2</stop>
    <stop arrival="12:13">Lønborglien snuplass</stop>
  </route>
  <route no="20" destination="Fana Stadion" url="http://www.web2051.no/bin/tp/zuginfo.exe/on/241695/84424/800190/319531/1/" trafficDays="kjører Ma - Fr, ikke 13., 17., 24. Mai">
    <stop departure="10:30" routeNo="20">Lønborglien snuplass</stop>
    <stop arrival="10:30" departure="10:30">Lønborglien 2</stop>
    <stop arrival="10:31" departure="10:31">Lønborglien 1</stop>
    <stop arrival="10:32" departure="10:32">Nordre Lønborg</stop>
    <stop arrival="10:33" departure="10:33">Lønborg</stop>
    <stop arrival="10:33" departure="10:33">Brunestykket</stop>
    <stop arrival="10:34" departure="10:34">Hellebakken</stop>
    <stop arrival="10:35" departure="10:35">Eikeviken</stop>
    <stop arrival="10:36" departure="10:36">Solbakken</stop>
    <stop arrival="10:37" departure="10:37">Handelshøyskolen</stop>
    <stop arrival="10:38" departure="10:38">Nyhavnsvei (Gamle Bergen)</stop>
    <stop arrival="10:40" departure="10:40">Munkebotten</stop>
    <stop arrival="10:41" departure="10:41">Ludebryggen</stop>
    <stop arrival="10:44" departure="10:44">Sandvikstorget</stop>
    <stop arrival="10:46" departure="10:46">Skutevikstorget</stop>
    <stop arrival="10:47" departure="10:47">Bontelabo</stop>
    <stop arrival="10:48" departure="10:48">Slottsgaten</stop>
    <stop arrival="10:49" departure="10:49">Bryggen</stop>
    <stop arrival="10:50" departure="10:50">Olav Kyrres gate</stop>
    <stop arrival="10:55" departure="10:55">Bergen Busstasjon</stop>
    <stop arrival="10:58" departure="10:58">Danmarksplass</stop>
    <stop arrival="10:59" departure="10:59">Solheimsgaten</stop>
    <stop arrival="11:00" departure="11:00">Reperbanen</stop>
    <stop arrival="11:02" departure="11:02">Fjøsangerveien/ Minde Allè</stop>
    <stop arrival="11:03" departure="11:03">Minde</stop>
    <stop arrival="11:04" departure="11:04">Elvebakken</stop>
    <stop arrival="11:04" departure="11:04">Storetveit</stop>
    <stop arrival="11:04" departure="11:04">Fantoft</stop>
    <stop arrival="11:05" departure="11:05">Nydalen</stop>
    <stop arrival="11:06" departure="11:06">Paradis</stop>
    <stop arrival="11:07" departure="11:07">Tveiteråsskiftet</stop>
    <stop arrival="11:08" departure="11:08">Hopsbro</stop>
    <stop arrival="11:10" departure="11:10">Hopstangen</stop>
    <stop arrival="11:11" departure="11:11">Nesttun terminal</stop>
    <stop arrival="11:13" departure="11:13">Nesttun</stop>
    <stop arrival="11:16" departure="11:16">Skjold skole</stop>
    <stop arrival="11:18" departure="11:18">Lagunen</stop>
    <stop arrival="11:21">Fana Stadion</stop>
  </route>
  <route no="50" destination="Åsane terminal" url="http://www.web2051.no/bin/tp/zuginfo.exe/on/776943/259799/406064/55950/1/" trafficDays="kjører Lø, ikke 1. Mai">
    <stop departure="11:08" routeNo="50">Dolvik terminal</stop>
    <stop arrival="11:08" departure="11:08">Skranevegen</stop>
    <stop arrival="11:09" departure="11:09">Regnbueåsen</stop>
    <stop arrival="11:10" departure="11:10">Fanatorget</stop>
    <stop arrival="11:11" departure="11:11">Petedalsheia</stop>
    <stop arrival="11:12" departure="11:12">Hydro Sandsli</stop>
    <stop arrival="11:15" departure="11:15">Håvardstun</stop>
    <stop arrival="11:18" departure="11:18">Meyer</stop>
    <stop arrival="11:19" departure="11:19">Rådal</stop>
    <stop arrival="11:20" departure="11:20">Rådal ved Lagunen</stop>
    <stop arrival="11:23" departure="11:23">Skjold skole</stop>
    <stop arrival="11:25" departure="11:25">Mårdalen</stop>
    <stop arrival="11:26" departure="11:26">Nesttunbrekka</stop>
    <stop arrival="11:26" departure="11:26">Skjoldskiftet</stop>
    <stop arrival="11:27" departure="11:27">Nesttun</stop>
    <stop arrival="11:28" departure="11:28">Nesttun terminal</stop>
    <stop arrival="11:30" departure="11:30">Hopsbro</stop>
    <stop arrival="11:32" departure="11:32">Tveiteråsskiftet</stop>
    <stop arrival="11:33" departure="11:33">Paradis/50</stop>
    <stop arrival="11:35" departure="11:35">Stavkirken</stop>
    <stop arrival="11:36" departure="11:36">Natlandslien</stop>
    <stop arrival="11:37" departure="11:37">Birkelundsbakken</stop>
    <stop arrival="11:38" departure="11:38">Birkelundstoppen</stop>
    <stop arrival="11:39" departure="11:39">Knausen</stop>
    <stop arrival="11:39" departure="11:39">Kolstibotn</stop>
    <stop arrival="11:40" departure="11:40">H. Jægers vei</stop>
    <stop arrival="11:40" departure="11:40">Bolstad</stop>
    <stop arrival="11:41" departure="11:41">Mannsverk</stop>
    <stop arrival="11:41" departure="11:41">Wiers -Jenssens vei</stop>
    <stop arrival="11:42" departure="11:42">Erleveien</stop>
    <stop arrival="11:42" departure="11:42">Landåstorget</stop>
    <stop arrival="11:43" departure="11:43">Natlandsv. v/Hagerupsvei</stop>
    <stop arrival="11:43" departure="11:43">Langhaugen</stop>
    <stop arrival="11:44" departure="11:44">Fridalen</stop>
    <stop arrival="11:45" departure="11:45">Haukeland sykehus sør</stop>
    <stop arrival="11:46" departure="11:46">Haukeland sykehus nord</stop>
    <stop arrival="11:47" departure="11:47">Haraldsplass sykehus</stop>
    <stop arrival="11:48" departure="11:48">Haukeland skole</stop>
    <stop arrival="11:49" departure="11:49">Svartediksveien</stop>
    <stop arrival="11:50" departure="11:50">Kalvedalsveien</stop>
    <stop arrival="11:51" departure="11:51">Kalfarlien</stop>
    <stop arrival="11:53" departure="11:53">Stadsporten (jernbanen)</stop>
    <stop arrival="11:54" departure="11:54">Kong Oscars gate</stop>
    <stop arrival="11:55" departure="11:55">Allehelgensgate</stop>
    <stop arrival="11:55" departure="11:55">Torget (Bergen)</stop>
    <stop arrival="11:56" departure="11:56">Bryggen</stop>
    <stop arrival="11:57" departure="11:57">Slottsgaten</stop>
    <stop arrival="11:58" departure="11:58">Bontelabo</stop>
    <stop arrival="11:58" departure="11:58">Skutevikstorget</stop>
    <stop arrival="11:59" departure="11:59">Sjøgaten</stop>
    <stop arrival="11:59" departure="11:59">Sandvikstorget</stop>
    <stop arrival="12:00" departure="12:00">Ludebryggen</stop>
    <stop arrival="12:01" departure="12:01">Munkebotten</stop>
    <stop arrival="12:02" departure="12:02">Nyhavnsvei (Gamle Bergen)</stop>
    <stop arrival="12:03" departure="12:03">Handelshøyskolen</stop>
    <stop arrival="12:05" departure="12:05">Eidsvåg gamlevegen</stop>
    <stop arrival="12:06" departure="12:06">Selvikvegen</stop>
    <stop arrival="12:07" departure="12:07">Ervik nedre (Sellesvingen)</stop>
    <stop arrival="12:07" departure="12:07">Ervik øvre</stop>
    <stop arrival="12:08" departure="12:08">Åstveitvegen</stop>
    <stop arrival="12:09" departure="12:09">Griggastemma</stop>
    <stop arrival="12:10" departure="12:10">Tertneskrysset gamleveien</stop>
    <stop arrival="12:12" departure="12:12">Stamskaret</stop>
    <stop arrival="12:13" departure="12:13">Hesthaugen</stop>
    <stop arrival="12:15">Åsane terminal</stop>
  </route>
  <route no="50" destination="Åsane terminal" url="http://www.web2051.no/bin/tp/zuginfo.exe/on/79632/27393/750670/348792/1/" trafficDays="kjører Ma - Fr, ikke 13., 17., 24. Mai">
    <stop departure="11:08" routeNo="50">Dolvik terminal</stop>
    <stop arrival="11:08" departure="11:08">Skranevegen</stop>
    <stop arrival="11:09" departure="11:09">Regnbueåsen</stop>
    <stop arrival="11:10" departure="11:10">Fanatorget</stop>
    <stop arrival="11:11" departure="11:11">Petedalsheia</stop>
    <stop arrival="11:12" departure="11:12">Hydro Sandsli</stop>
    <stop arrival="11:15" departure="11:15">Håvardstun</stop>
    <stop arrival="11:18" departure="11:18">Meyer</stop>
    <stop arrival="11:19" departure="11:19">Rådal</stop>
    <stop arrival="11:20" departure="11:20">Rådal ved Lagunen</stop>
    <stop arrival="11:25" departure="11:25">Skjold skole</stop>
    <stop arrival="11:27" departure="11:27">Mårdalen</stop>
    <stop arrival="11:28" departure="11:28">Nesttunbrekka</stop>
    <stop arrival="11:28" departure="11:28">Skjoldskiftet</stop>
    <stop arrival="11:29" departure="11:29">Nesttun</stop>
    <stop arrival="11:30" departure="11:30">Nesttun terminal</stop>
    <stop arrival="11:32" departure="11:32">Hopsbro</stop>
    <stop arrival="11:34" departure="11:34">Tveiteråsskiftet</stop>
    <stop arrival="11:35" departure="11:35">Paradis/50</stop>
    <stop arrival="11:36" departure="11:36">Stavkirken</stop>
    <stop arrival="11:36" departure="11:36">Natlandslien</stop>
    <stop arrival="11:37" departure="11:37">Birkelundsbakken</stop>
    <stop arrival="11:37" departure="11:37">Birkelundstoppen</stop>
    <stop arrival="11:38" departure="11:38">Knausen</stop>
    <stop arrival="11:38" departure="11:38">Kolstibotn</stop>
    <stop arrival="11:39" departure="11:39">H. Jægers vei</stop>
    <stop arrival="11:39" departure="11:39">Bolstad</stop>
    <stop arrival="11:40" departure="11:40">Mannsverk</stop>
    <stop arrival="11:41" departure="11:41">Wiers -Jenssens vei</stop>
    <stop arrival="11:42" departure="11:42">Erleveien</stop>
    <stop arrival="11:42" departure="11:42">Landåstorget</stop>
    <stop arrival="11:44" departure="11:44">Natlandsv. v/Hagerupsvei</stop>
    <stop arrival="11:44" departure="11:44">Langhaugen</stop>
    <stop arrival="11:45" departure="11:45">Fridalen</stop>
    <stop arrival="11:47" departure="11:47">Haukeland sykehus sør</stop>
    <stop arrival="11:48" departure="11:48">Haukeland sykehus nord</stop>
    <stop arrival="11:49" departure="11:49">Haraldsplass sykehus</stop>
    <stop arrival="11:50" departure="11:50">Haukeland skole</stop>
    <stop arrival="11:51" departure="11:51">Svartediksveien</stop>
    <stop arrival="11:52" departure="11:52">Kalvedalsveien</stop>
    <stop arrival="11:53" departure="11:53">Kalfarlien</stop>
    <stop arrival="11:55" departure="11:55">Stadsporten (jernbanen)</stop>
    <stop arrival="11:56" departure="11:56">Kong Oscars gate</stop>
    <stop arrival="11:57" departure="11:57">Allehelgensgate</stop>
    <stop arrival="11:57" departure="11:57">Torget (Bergen)</stop>
    <stop arrival="11:58" departure="11:58">Bryggen</stop>
    <stop arrival="11:59" departure="11:59">Slottsgaten</stop>
    <stop arrival="12:00" departure="12:00">Bontelabo</stop>
    <stop arrival="12:00" departure="12:00">Skutevikstorget</stop>
    <stop arrival="12:01" departure="12:01">Sjøgaten</stop>
    <stop arrival="12:01" departure="12:01">Sandvikstorget</stop>
    <stop arrival="12:02" departure="12:02">Ludebryggen</stop>
    <stop arrival="12:03" departure="12:03">Munkebotten</stop>
    <stop arrival="12:04" departure="12:04">Nyhavnsvei (Gamle Bergen)</stop>
    <stop arrival="12:05" departure="12:05">Handelshøyskolen</stop>
    <stop arrival="12:07" departure="12:07">Eidsvåg gamlevegen</stop>
    <stop arrival="12:08" departure="12:08">Selvikvegen</stop>
    <stop arrival="12:09" departure="12:09">Ervik nedre (Sellesvingen)</stop>
    <stop arrival="12:09" departure="12:09">Ervik øvre</stop>
    <stop arrival="12:10" departure="12:10">Åstveitvegen</stop>
    <stop arrival="12:11" departure="12:11">Griggastemma</stop>
    <stop arrival="12:12" departure="12:12">Tertneskrysset gamleveien</stop>
    <stop arrival="12:14" departure="12:14">Stamskaret</stop>
    <stop arrival="12:15" departure="12:15">Hesthaugen</stop>
    <stop arrival="12:16">Åsane terminal</stop>
  </route>
  <route no="20" destination="Nesttun terminal" url="http://www.web2051.no/bin/tp/zuginfo.exe/on/404310/138519/207710/30915/1/" trafficDays="kjører Sø, også 1., 13., 17., 24. Mai">
    <stop departure="11:10" routeNo="20">Gaia Fana</stop>
    <stop arrival="11:12" departure="11:12">Fana kirke</stop>
    <stop arrival="11:12" departure="11:12">Norheimsveien</stop>
    <stop arrival="11:13" departure="11:13">Kvernabekkvegen</stop>
    <stop arrival="11:14" departure="11:14">Titlestad</stop>
    <stop arrival="11:14" departure="11:14">Rydland (Titlestad, Fana)</stop>
    <stop arrival="11:15" departure="11:15">Øvre Titlestad</stop>
    <stop arrival="11:16" departure="11:16">Bergheim</stop>
    <stop arrival="11:16" departure="11:16">Bergheim</stop>
    <stop arrival="11:18" departure="11:18">Hordnesskiftet Stend</stop>
    <stop arrival="11:19" departure="11:19">Steinknuseverket</stop>
    <stop arrival="11:19" departure="11:19">Rådalshaug</stop>
    <stop arrival="11:20" departure="11:20">Sunea</stop>
    <stop arrival="11:21" departure="11:21">Rådal</stop>
    <stop arrival="11:22" departure="11:22">Rådal ved Lagunen</stop>
    <stop arrival="11:25" departure="11:25">Skjold skole</stop>
    <stop arrival="11:27" departure="11:27">Mårdalen</stop>
    <stop arrival="11:28" departure="11:28">Nesttunbrekka</stop>
    <stop arrival="11:28" departure="11:28">Skjoldskiftet</stop>
    <stop arrival="11:29" departure="11:29">Nesttun</stop>
    <stop arrival="11:30">Nesttun terminal</stop>
  </route>
  <route no="20" destination="Lønborglien snuplass" url="http://www.web2051.no/bin/tp/zuginfo.exe/on/520467/177283/143094/101943/1/" trafficDays="kjører Lø, ikke 1. Mai">
    <stop departure="11:25" routeNo="20">Rådal ved Lagunen</stop>
    <stop arrival="11:28" departure="11:28">Skjold skole</stop>
    <stop arrival="11:30" departure="11:30">Mårdalen</stop>
    <stop arrival="11:31" departure="11:31">Nesttunbrekka</stop>
    <stop arrival="11:31" departure="11:31">Skjoldskiftet</stop>
    <stop arrival="11:32" departure="11:32">Nesttun</stop>
    <stop arrival="11:33" departure="11:33">Nesttun terminal</stop>
    <stop arrival="11:35" departure="11:35">Hopsbro</stop>
    <stop arrival="11:37" departure="11:37">Tveiteråsskiftet</stop>
    <stop arrival="11:38" departure="11:38">Paradis</stop>
    <stop arrival="11:40" departure="11:40">Nydalen</stop>
    <stop arrival="11:42" departure="11:42">Fantoft</stop>
    <stop arrival="11:43" departure="11:43">Storetveit</stop>
    <stop arrival="11:43" departure="11:43">Elvebakken</stop>
    <stop arrival="11:44" departure="11:44">Minde</stop>
    <stop arrival="11:48" departure="11:48">Mindemyren</stop>
    <stop arrival="11:49" departure="11:49">Postterminalen</stop>
    <stop arrival="11:49" departure="11:49">Kanalveien v/LBK</stop>
    <stop arrival="11:51" departure="11:51">Danmarksplass v/Forum kino</stop>
    <stop arrival="11:56" departure="11:56">Bergen Busstasjon</stop>
    <stop arrival="11:59" departure="11:59">Christies gate (Festplassen)</stop>
    <stop arrival="12:02" departure="12:02">Torget v/DnB</stop>
    <stop arrival="12:03" departure="12:03">Bryggen</stop>
    <stop arrival="12:03" departure="12:03">Slottsgaten</stop>
    <stop arrival="12:04" departure="12:04">Bontelabo</stop>
    <stop arrival="12:05" departure="12:05">Skutevikstorget</stop>
    <stop arrival="12:05" departure="12:05">Sjøgaten</stop>
    <stop arrival="12:06" departure="12:06">Sandvikstorget</stop>
    <stop arrival="12:07" departure="12:07">Ludebryggen</stop>
    <stop arrival="12:07" departure="12:07">Munkebotten</stop>
    <stop arrival="12:09" departure="12:09">Nyhavnsvei (Gamle Bergen)</stop>
    <stop arrival="12:10" departure="12:10">Handelshøyskolen</stop>
    <stop arrival="12:11" departure="12:11">Solbakken</stop>
    <stop arrival="12:12" departure="12:12">Eikeviken</stop>
    <stop arrival="12:14" departure="12:14">Hellebakken</stop>
    <stop arrival="12:14" departure="12:14">Brunestykket</stop>
    <stop arrival="12:15" departure="12:15">Lønborg</stop>
    <stop arrival="12:16" departure="12:16">Nordre Lønborg</stop>
    <stop arrival="12:17" departure="12:17">Lønborglien 1</stop>
    <stop arrival="12:17" departure="12:17">Lønborglien 2</stop>
    <stop arrival="12:18">Lønborglien snuplass</stop>
  </route>
  <route no="20" destination="Fana" url="http://www.web2051.no/bin/tp/zuginfo.exe/on/602979/204788/423148/10581/1/" trafficDays="kjører Lø, ikke 1. Mai">
    <stop departure="11:25" routeNo="20">Lagunen</stop>
    <stop arrival="11:26" departure="11:26">Rådal</stop>
    <stop arrival="11:27" departure="11:27">Sunea</stop>
    <stop arrival="11:27" departure="11:27">Rådalshaug</stop>
    <stop arrival="11:27" departure="11:27">Steinknuseverket</stop>
    <stop arrival="11:28" departure="11:28">Hordnesskiftet Stend</stop>
    <stop arrival="11:30" departure="11:30">Bergheim</stop>
    <stop arrival="11:31" departure="11:31">Bergheim</stop>
    <stop arrival="11:32" departure="11:32">Øvre Titlestad</stop>
    <stop arrival="11:34" departure="11:34">Rydland (Titlestad, Fana)</stop>
    <stop arrival="11:35" departure="11:35">Titlestad</stop>
    <stop arrival="11:36" departure="11:36">Kvernabekkvegen</stop>
    <stop arrival="11:37" departure="11:37">Norheimsveien</stop>
    <stop arrival="11:38">Fana</stop>
  </route>
  <route no="556" destination="Hordnes snuplass" url="http://www.web2051.no/bin/tp/zuginfo.exe/on/565557/194003/194434/91303/1/" trafficDays="kjører Ma - Fr, ikke 13., 17., 24. Mai">
    <stop departure="11:25" routeNo="556">Lagunen</stop>
    <stop arrival="11:26" departure="11:26">Rådal</stop>
    <stop arrival="11:27" departure="11:27">Sunea</stop>
    <stop arrival="11:27" departure="11:27">Rådalshaug</stop>
    <stop arrival="11:27" departure="11:27">Steinknuseverket</stop>
    <stop arrival="11:28" departure="11:28">Hordnesskiftet</stop>
    <stop arrival="11:29" departure="11:29">Mjelkevika</stop>
    <stop arrival="11:30" departure="11:30">Liland/ Hordnes</stop>
    <stop arrival="11:31" departure="11:31">Troye</stop>
    <stop arrival="11:32" departure="11:32">Hordnes hvilehjem</stop>
    <stop arrival="11:32" departure="11:32">Hordnes</stop>
    <stop arrival="11:33">Hordnes snuplass</stop>
  </route>
  <route no="23" destination="Bergen Busstasjon" url="http://www.web2051.no/bin/tp/zuginfo.exe/on/137520/49965/763636/335984/1/" trafficDays="kjører Ma - Fr, ikke 13., 17., 24. Mai">
    <stop departure="11:24" routeNo="23">Birkelandskrysset Terminal</stop>
    <stop arrival="11:25" departure="11:25">Gomarhaug</stop>
    <stop arrival="11:26" departure="11:26">Sandsliskiftet</stop>
    <stop arrival="11:26" departure="11:26">Håvardstun</stop>
    <stop arrival="11:28" departure="11:28">Meyer</stop>
    <stop arrival="11:29" departure="11:29">Rådal</stop>
    <stop arrival="11:30" departure="11:30">Rådal ved Lagunen</stop>
    <stop arrival="11:35" departure="11:35">Skjold skole</stop>
    <stop arrival="11:37" departure="11:37">Mårdalen</stop>
    <stop arrival="11:38" departure="11:38">Nesttunbrekka</stop>
    <stop arrival="11:38" departure="11:38">Skjoldskiftet</stop>
    <stop arrival="11:39" departure="11:39">Nesttun</stop>
    <stop arrival="11:40" departure="11:40">Nesttun terminal</stop>
    <stop arrival="11:42" departure="11:42">Hopsbro</stop>
    <stop arrival="11:44" departure="11:44">Tveiteråsskiftet</stop>
    <stop arrival="11:45" departure="11:45">Paradis</stop>
    <stop arrival="11:47" departure="11:47">Nydalen</stop>
    <stop arrival="11:49" departure="11:49">Fantoft</stop>
    <stop arrival="11:50" departure="11:50">Storetveit</stop>
    <stop arrival="11:50" departure="11:50">Elvebakken</stop>
    <stop arrival="11:51" departure="11:51">Minde</stop>
    <stop arrival="11:54" departure="11:54">Mindemyren</stop>
    <stop arrival="11:55" departure="11:55">Postterminalen</stop>
    <stop arrival="11:56" departure="11:56">Kanalveien v/LBK</stop>
    <stop arrival="11:58" departure="11:58">Danmarksplass v/Forum kino</stop>
    <stop arrival="12:01" departure="12:01">Bergen Busstasjon</stop>
    <stop arrival="12:04" departure="12:04">Christies gate (Festplassen)</stop>
    <stop arrival="12:09">Bergen Busstasjon</stop>
  </route>
  <route no="553" destination="Blomsterdalen" url="http://www.web2051.no/bin/tp/zuginfo.exe/on/493218/169871/663284/167236/1/" trafficDays="kjører Ma - Fr, ikke 13., 17., 24. Mai">
    <stop departure="11:30" routeNo="553">Lagunen</stop>
    <stop arrival="11:31" departure="11:31">Rådal</stop>
    <stop arrival="11:32" departure="11:32">Fana stadion</stop>
    <stop arrival="11:33" departure="11:33">Rå</stop>
    <stop arrival="11:34" departure="11:34">Skeie (Fana)</stop>
    <stop arrival="11:35" departure="11:35">Ytre Midttun</stop>
    <stop arrival="11:37" departure="11:37">Tveitane (Fana)</stop>
    <stop arrival="11:39" departure="11:39">Vågsbøskiftet</stop>
    <stop arrival="11:40" departure="11:40">Grimseidåsen</stop>
    <stop arrival="11:40" departure="11:40">Grimseid snuplass</stop>
    <stop arrival="11:40" departure="11:40">Grimseidåsen</stop>
    <stop arrival="11:41" departure="11:41">Vågsbøskiftet</stop>
    <stop arrival="11:43" departure="11:43">Tveitane (Fana)</stop>
    <stop arrival="11:45" departure="11:45">Ytre Midttun</stop>
    <stop arrival="11:45" departure="11:45">Skeie (Fana)</stop>
    <stop arrival="11:46" departure="11:46">Skage</stop>
    <stop arrival="11:47" departure="11:47">Håvardstun</stop>
    <stop arrival="11:48" departure="11:48">Håvardstun</stop>
    <stop arrival="11:49" departure="11:49">Gomarhaug (Skagevn.)</stop>
    <stop arrival="11:49" departure="11:49">Ytre Birkeland</stop>
    <stop arrival="11:50">Blomsterdalen</stop>
  </route>
  <route no="23" destination="Bergen Busstasjon" url="http://www.web2051.no/bin/tp/zuginfo.exe/on/994221/335506/146628/258094/1/" trafficDays="kjører Lø, ikke 1. Mai">
    <stop departure="11:25" routeNo="23">Birkelandskrysset Terminal</stop>
    <stop arrival="11:27" departure="11:27">Gomarhaug</stop>
    <stop arrival="11:27" departure="11:27">Sandsliskiftet</stop>
    <stop arrival="11:28" departure="11:28">Håvardstun</stop>
    <stop arrival="11:30" departure="11:30">Meyer</stop>
    <stop arrival="11:31" departure="11:31">Rådal</stop>
    <stop arrival="11:32" departure="11:32">Rådal ved Lagunen</stop>
    <stop arrival="11:35" departure="11:35">Skjold skole</stop>
    <stop arrival="11:37" departure="11:37">Mårdalen</stop>
    <stop arrival="11:38" departure="11:38">Nesttunbrekka</stop>
    <stop arrival="11:38" departure="11:38">Skjoldskiftet</stop>
    <stop arrival="11:39" departure="11:39">Nesttun</stop>
    <stop arrival="11:40" departure="11:40">Nesttun terminal</stop>
    <stop arrival="11:42" departure="11:42">Hopsbro</stop>
    <stop arrival="11:44" departure="11:44">Tveiteråsskiftet</stop>
    <stop arrival="11:45" departure="11:45">Paradis</stop>
    <stop arrival="11:47" departure="11:47">Nydalen</stop>
    <stop arrival="11:49" departure="11:49">Fantoft</stop>
    <stop arrival="11:50" departure="11:50">Storetveit</stop>
    <stop arrival="11:50" departure="11:50">Elvebakken</stop>
    <stop arrival="11:51" departure="11:51">Minde</stop>
    <stop arrival="11:55" departure="11:55">Mindemyren</stop>
    <stop arrival="11:56" departure="11:56">Postterminalen</stop>
    <stop arrival="11:56" departure="11:56">Kanalveien v/LBK</stop>
    <stop arrival="11:58" departure="11:58">Danmarksplass v/Forum kino</stop>
    <stop arrival="12:02" departure="12:02">Bergen Busstasjon</stop>
    <stop arrival="12:05" departure="12:05">Christies gate (Festplassen)</stop>
    <stop arrival="12:10">Bergen Busstasjon</stop>
  </route>
  <route no="23" destination="Birkelandskrysset Terminal" url="http://www.web2051.no/bin/tp/zuginfo.exe/on/155250/55877/979536/438018/1/" trafficDays="kjører Ma - Fr, ikke 13., 17., 24. Mai">
    <stop departure="11:00" routeNo="23">Olav Kyrres gate</stop>
    <stop arrival="11:05" departure="11:05">Bergen Busstasjon</stop>
    <stop arrival="11:10" departure="11:10">Danmarksplass</stop>
    <stop arrival="11:11" departure="11:11">Solheimsgaten</stop>
    <stop arrival="11:12" departure="11:12">Reperbanen</stop>
    <stop arrival="11:14" departure="11:14">Fjøsangerveien/ Minde Allè</stop>
    <stop arrival="11:17" departure="11:17">Minde</stop>
    <stop arrival="11:18" departure="11:18">Elvebakken</stop>
    <stop arrival="11:18" departure="11:18">Storetveit</stop>
    <stop arrival="11:18" departure="11:18">Fantoft</stop>
    <stop arrival="11:19" departure="11:19">Nydalen</stop>
    <stop arrival="11:20" departure="11:20">Paradis</stop>
    <stop arrival="11:21" departure="11:21">Tveiteråsskiftet</stop>
    <stop arrival="11:22" departure="11:22">Hopsbro</stop>
    <stop arrival="11:24" departure="11:24">Hopstangen</stop>
    <stop arrival="11:25" departure="11:25">Nesttun terminal</stop>
    <stop arrival="11:27" departure="11:27">Nesttun</stop>
    <stop arrival="11:30" departure="11:30">Skjoldskiftet</stop>
    <stop arrival="11:30" departure="11:30">Nesttunbrekka</stop>
    <stop arrival="11:31" departure="11:31">Mårdalen</stop>
    <stop arrival="11:31" departure="11:31">Skjoldhøgda</stop>
    <stop arrival="11:31" departure="11:31">Skjold skole</stop>
    <stop arrival="11:32" departure="11:32">Lagunen</stop>
    <stop arrival="11:34" departure="11:34">Rådal</stop>
    <stop arrival="11:37" departure="11:37">Meyerskiftet</stop>
    <stop arrival="11:44" departure="11:44">Håvardstun</stop>
    <stop arrival="11:45" departure="11:45">Sandsliskiftet</stop>
    <stop arrival="11:47" departure="11:47">Gomarhaug</stop>
    <stop arrival="11:50">Birkelandskrysset Terminal</stop>
  </route>
  <route no="50" destination="Dolvik terminal" url="http://www.web2051.no/bin/tp/zuginfo.exe/on/614610/205716/304908/52418/1/" trafficDays="kjører Ma - Fr, ikke 13., 17., 24. Mai">
    <stop departure="10:40" routeNo="50">Åsane terminal</stop>
    <stop arrival="10:41" departure="10:41">Hesthaugen</stop>
    <stop arrival="10:42" departure="10:42">Stamskaret</stop>
    <stop arrival="10:43" departure="10:43">Tertneskrysset gamleveien</stop>
    <stop arrival="10:44" departure="10:44">Griggastemma</stop>
    <stop arrival="10:45" departure="10:45">Åstveitvegen</stop>
    <stop arrival="10:45" departure="10:45">Ervik øvre</stop>
    <stop arrival="10:46" departure="10:46">Ervik nedre (Sellesvingen)</stop>
    <stop arrival="10:47" departure="10:47">Selvikvegen</stop>
    <stop arrival="10:48" departure="10:48">Eidsvåg</stop>
    <stop arrival="10:50" departure="10:50">Handelshøyskolen</stop>
    <stop arrival="10:52" departure="10:52">Nyhavnsvei (Gamle Bergen)</stop>
    <stop arrival="10:54" departure="10:54">Munkebotten</stop>
    <stop arrival="10:55" departure="10:55">Ludebryggen</stop>
    <stop arrival="10:56" departure="10:56">Sandvikstorget</stop>
    <stop arrival="10:58" departure="10:58">Skutevikstorget</stop>
    <stop arrival="10:59" departure="10:59">Bontelabo</stop>
    <stop arrival="11:01" departure="11:01">Slottsgaten</stop>
    <stop arrival="11:02" departure="11:02">Bryggen</stop>
    <stop arrival="11:03" departure="11:03">Småstrandgaten</stop>
    <stop arrival="11:04" departure="11:04">Nygaten</stop>
    <stop arrival="11:05" departure="11:05">Statsporten (jernbanen)</stop>
    <stop arrival="11:08" departure="11:08">Kalfarlien</stop>
    <stop arrival="11:09" departure="11:09">Kalvedalsveien</stop>
    <stop arrival="11:10" departure="11:10">Svartediksveien</stop>
    <stop arrival="11:11" departure="11:11">Statsarkivet</stop>
    <stop arrival="11:12" departure="11:12">Haraldsplass sykehus</stop>
    <stop arrival="11:13" departure="11:13">Haukeland sykehus nord</stop>
    <stop arrival="11:14" departure="11:14">Haukeland sykehus sør</stop>
    <stop arrival="11:15" departure="11:15">Fridalen</stop>
    <stop arrival="11:15" departure="11:15">Langhaugen</stop>
    <stop arrival="11:16" departure="11:16">Landåssvingen</stop>
    <stop arrival="11:16" departure="11:16">Landåstorget</stop>
    <stop arrival="11:17" departure="11:17">Erleveien</stop>
    <stop arrival="11:17" departure="11:17">Wier-Jenssens vei</stop>
    <stop arrival="11:18" departure="11:18">Mannsverk</stop>
    <stop arrival="11:18" departure="11:18">Bolstad</stop>
    <stop arrival="11:19" departure="11:19">Hans Jægers vei</stop>
    <stop arrival="11:19" departure="11:19">Kolstibotn</stop>
    <stop arrival="11:19" departure="11:19">Knausen</stop>
    <stop arrival="11:20" departure="11:20">Birkelundstoppen</stop>
    <stop arrival="11:21" departure="11:21">Birkelundsbakken</stop>
    <stop arrival="11:21" departure="11:21">Natlandslien</stop>
    <stop arrival="11:22" departure="11:22">Stavkirken</stop>
    <stop arrival="11:23" departure="11:23">Paradis</stop>
    <stop arrival="11:24" departure="11:24">Tveiteråsskiftet</stop>
    <stop arrival="11:25" departure="11:25">Hopsbro</stop>
    <stop arrival="11:27" departure="11:27">Hopstangen</stop>
    <stop arrival="11:28" departure="11:28">Nesttun terminal</stop>
    <stop arrival="11:30" departure="11:30">Nesttun</stop>
    <stop arrival="11:33" departure="11:33">Skjoldskiftet</stop>
    <stop arrival="11:33" departure="11:33">Nesttunbrekka</stop>
    <stop arrival="11:34" departure="11:34">Mårdalen</stop>
    <stop arrival="11:34" departure="11:34">Skjoldhøgda</stop>
    <stop arrival="11:34" departure="11:34">Skjold skole</stop>
    <stop arrival="11:35" departure="11:35">Lagunen</stop>
    <stop arrival="11:36" departure="11:36">Rådal</stop>
    <stop arrival="11:37" departure="11:37">Meyerskiftet</stop>
    <stop arrival="11:41" departure="11:41">Håvardstun</stop>
    <stop arrival="11:42" departure="11:42">Statoil stasjon Sandsli</stop>
    <stop arrival="11:43" departure="11:43">Hydro Sandsli</stop>
    <stop arrival="11:44" departure="11:44">Petedalsheia</stop>
    <stop arrival="11:45" departure="11:45">Fanatorget</stop>
    <stop arrival="11:50">Dolvik terminal</stop>
  </route>
  <route no="23" destination="Birkelandskrysset Terminal" url="http://www.web2051.no/bin/tp/zuginfo.exe/on/986229/332843/280454/188516/1/" trafficDays="kjører Lø, ikke 1. Mai">
    <stop departure="11:00" routeNo="23">Olav Kyrres gate</stop>
    <stop arrival="11:05" departure="11:05">Bergen Busstasjon</stop>
    <stop arrival="11:09" departure="11:09">Danmarksplass</stop>
    <stop arrival="11:10" departure="11:10">Solheimsgaten</stop>
    <stop arrival="11:11" departure="11:11">Reperbanen</stop>
    <stop arrival="11:13" departure="11:13">Fjøsangerveien/ Minde Allè</stop>
    <stop arrival="11:16" departure="11:16">Minde</stop>
    <stop arrival="11:17" departure="11:17">Elvebakken</stop>
    <stop arrival="11:18" departure="11:18">Storetveit</stop>
    <stop arrival="11:18" departure="11:18">Fantoft</stop>
    <stop arrival="11:19" departure="11:19">Nydalen</stop>
    <stop arrival="11:20" departure="11:20">Paradis</stop>
    <stop arrival="11:21" departure="11:21">Tveiteråsskiftet</stop>
    <stop arrival="11:22" departure="11:22">Hopsbro</stop>
    <stop arrival="11:24" departure="11:24">Hopstangen</stop>
    <stop arrival="11:25" departure="11:25">Nesttun terminal</stop>
    <stop arrival="11:27" departure="11:27">Nesttun</stop>
    <stop arrival="11:30" departure="11:30">Skjoldskiftet</stop>
    <stop arrival="11:31" departure="11:31">Nesttunbrekka</stop>
    <stop arrival="11:31" departure="11:31">Mårdalen</stop>
    <stop arrival="11:32" departure="11:32">Skjoldhøgda</stop>
    <stop arrival="11:34" departure="11:34">Skjold skole</stop>
    <stop arrival="11:35" departure="11:35">Lagunen</stop>
    <stop arrival="11:37" departure="11:37">Rådal</stop>
    <stop arrival="11:39" departure="11:39">Meyerskiftet</stop>
    <stop arrival="11:45" departure="11:45">Håvardstun</stop>
    <stop arrival="11:46" departure="11:46">Sandsliskiftet</stop>
    <stop arrival="11:47" departure="11:47">Gomarhaug</stop>
    <stop arrival="11:50">Birkelandskrysset Terminal</stop>
  </route>
  <route no="23" destination="Birkelandskrysset Terminal" url="http://www.web2051.no/bin/tp/zuginfo.exe/on/946902/319714/422332/104471/1/" trafficDays="kjører Sø, også 1., 13., 17., 24. Mai">
    <stop departure="11:05" routeNo="23">Olav Kyrres gate</stop>
    <stop arrival="11:10" departure="11:10">Bergen Busstasjon</stop>
    <stop arrival="11:14" departure="11:14">Danmarksplass</stop>
    <stop arrival="11:15" departure="11:15">Solheimsgaten</stop>
    <stop arrival="11:16" departure="11:16">Reperbanen</stop>
    <stop arrival="11:17" departure="11:17">Fjøsangerveien/ Minde Allè</stop>
    <stop arrival="11:20" departure="11:20">Minde</stop>
    <stop arrival="11:21" departure="11:21">Elvebakken</stop>
    <stop arrival="11:22" departure="11:22">Storetveit</stop>
    <stop arrival="11:22" departure="11:22">Fantoft</stop>
    <stop arrival="11:23" departure="11:23">Nydalen</stop>
    <stop arrival="11:24" departure="11:24">Paradis</stop>
    <stop arrival="11:25" departure="11:25">Tveiteråsskiftet</stop>
    <stop arrival="11:26" departure="11:26">Hopsbro</stop>
    <stop arrival="11:28" departure="11:28">Hopstangen</stop>
    <stop arrival="11:29" departure="11:29">Nesttun terminal</stop>
    <stop arrival="11:31" departure="11:31">Nesttun</stop>
    <stop arrival="11:34" departure="11:34">Skjoldskiftet</stop>
    <stop arrival="11:34" departure="11:34">Nesttunbrekka</stop>
    <stop arrival="11:35" departure="11:35">Mårdalen</stop>
    <stop arrival="11:35" departure="11:35">Skjoldhøgda</stop>
    <stop arrival="11:35" departure="11:35">Skjold skole</stop>
    <stop arrival="11:36" departure="11:36">Lagunen</stop>
    <stop arrival="11:38" departure="11:38">Rådal</stop>
    <stop arrival="11:39" departure="11:39">Meyerskiftet</stop>
    <stop arrival="11:45" departure="11:45">Håvardstun</stop>
    <stop arrival="11:46" departure="11:46">Sandsliskiftet</stop>
    <stop arrival="11:47" departure="11:47">Gomarhaug</stop>
    <stop arrival="11:49">Birkelandskrysset Terminal</stop>
  </route>
  <route no="50" destination="Dolvik terminal" url="http://www.web2051.no/bin/tp/zuginfo.exe/on/275037/92498/59080/62139/1/" trafficDays="kjører Lø, ikke 1. Mai">
    <stop departure="10:40" routeNo="50">Åsane terminal</stop>
    <stop arrival="10:41" departure="10:41">Hesthaugen</stop>
    <stop arrival="10:43" departure="10:43">Stamskaret</stop>
    <stop arrival="10:45" departure="10:45">Tertneskrysset gamleveien</stop>
    <stop arrival="10:46" departure="10:46">Griggastemma</stop>
    <stop arrival="10:47" departure="10:47">Åstveitvegen</stop>
    <stop arrival="10:47" departure="10:47">Ervik øvre</stop>
    <stop arrival="10:48" departure="10:48">Ervik nedre (Sellesvingen)</stop>
    <stop arrival="10:49" departure="10:49">Selvikvegen</stop>
    <stop arrival="10:50" departure="10:50">Eidsvåg</stop>
    <stop arrival="10:52" departure="10:52">Handelshøyskolen</stop>
    <stop arrival="10:54" departure="10:54">Nyhavnsvei (Gamle Bergen)</stop>
    <stop arrival="10:56" departure="10:56">Munkebotten</stop>
    <stop arrival="10:57" departure="10:57">Ludebryggen</stop>
    <stop arrival="10:58" departure="10:58">Sandvikstorget</stop>
    <stop arrival="11:00" departure="11:00">Skutevikstorget</stop>
    <stop arrival="11:01" departure="11:01">Bontelabo</stop>
    <stop arrival="11:03" departure="11:03">Slottsgaten</stop>
    <stop arrival="11:04" departure="11:04">Bryggen</stop>
    <stop arrival="11:05" departure="11:05">Småstrandgaten</stop>
    <stop arrival="11:06" departure="11:06">Nygaten</stop>
    <stop arrival="11:07" departure="11:07">Statsporten (jernbanen)</stop>
    <stop arrival="11:10" departure="11:10">Kalfarlien</stop>
    <stop arrival="11:11" departure="11:11">Kalvedalsveien</stop>
    <stop arrival="11:12" departure="11:12">Svartediksveien</stop>
    <stop arrival="11:13" departure="11:13">Statsarkivet</stop>
    <stop arrival="11:14" departure="11:14">Haraldsplass sykehus</stop>
    <stop arrival="11:15" departure="11:15">Haukeland sykehus nord</stop>
    <stop arrival="11:15" departure="11:15">Haukeland sykehus sør</stop>
    <stop arrival="11:16" departure="11:16">Fridalen</stop>
    <stop arrival="11:16" departure="11:16">Langhaugen</stop>
    <stop arrival="11:17" departure="11:17">Landåssvingen</stop>
    <stop arrival="11:17" departure="11:17">Landåstorget</stop>
    <stop arrival="11:17" departure="11:17">Erleveien</stop>
    <stop arrival="11:18" departure="11:18">Wier-Jenssens vei</stop>
    <stop arrival="11:18" departure="11:18">Mannsverk</stop>
    <stop arrival="11:19" departure="11:19">Bolstad</stop>
    <stop arrival="11:20" departure="11:20">Hans Jægers vei</stop>
    <stop arrival="11:21" departure="11:21">Kolstibotn</stop>
    <stop arrival="11:22" departure="11:22">Knausen</stop>
    <stop arrival="11:23" departure="11:23">Birkelundstoppen</stop>
    <stop arrival="11:24" departure="11:24">Birkelundsbakken</stop>
    <stop arrival="11:24" departure="11:24">Natlandslien</stop>
    <stop arrival="11:24" departure="11:24">Stavkirken</stop>
    <stop arrival="11:25" departure="11:25">Paradis</stop>
    <stop arrival="11:26" departure="11:26">Tveiteråsskiftet</stop>
    <stop arrival="11:27" departure="11:27">Hopsbro</stop>
    <stop arrival="11:29" departure="11:29">Hopstangen</stop>
    <stop arrival="11:30" departure="11:30">Nesttun terminal</stop>
    <stop arrival="11:32" departure="11:32">Nesttun</stop>
    <stop arrival="11:35" departure="11:35">Skjoldskiftet</stop>
    <stop arrival="11:36" departure="11:36">Nesttunbrekka</stop>
    <stop arrival="11:36" departure="11:36">Mårdalen</stop>
    <stop arrival="11:37" departure="11:37">Skjoldhøgda</stop>
    <stop arrival="11:39" departure="11:39">Skjold skole</stop>
    <stop arrival="11:40" departure="11:40">Lagunen</stop>
    <stop arrival="11:41" departure="11:41">Rådal</stop>
    <stop arrival="11:42" departure="11:42">Meyerskiftet</stop>
    <stop arrival="11:45" departure="11:45">Håvardstun</stop>
    <stop arrival="11:46" departure="11:46">Statoil stasjon Sandsli</stop>
    <stop arrival="11:47" departure="11:47">Hydro Sandsli</stop>
    <stop arrival="11:48" departure="11:48">Petedalsheia</stop>
    <stop arrival="11:49" departure="11:49">Fanatorget</stop>
    <stop arrival="11:49" departure="11:49">Regnbueåsen</stop>
    <stop arrival="11:50">Dolvik terminal</stop>
  </route>
  <route no="20" destination="Lønborglien snuplass" url="http://www.web2051.no/bin/tp/zuginfo.exe/on/389394/133666/123224/68186/1/" trafficDays="kjører Ma - Fr, ikke 13., 17., 24. Mai">
    <stop departure="11:31" routeNo="20">Fanahammeren</stop>
    <stop arrival="11:32" departure="11:32">Volladalen</stop>
    <stop arrival="11:32" departure="11:32">Vollaskiftet</stop>
    <stop arrival="11:33" departure="11:33">Gaia Fana</stop>
    <stop arrival="11:35" departure="11:35">Fana kirke</stop>
    <stop arrival="11:35" departure="11:35">Norheimsveien</stop>
    <stop arrival="11:36" departure="11:36">Kvernabekkvegen</stop>
    <stop arrival="11:37" departure="11:37">Titlestad</stop>
    <stop arrival="11:37" departure="11:37">Rydland (Titlestad, Fana)</stop>
    <stop arrival="11:38" departure="11:38">Øvre Titlestad</stop>
    <stop arrival="11:39" departure="11:39">Bergheim</stop>
    <stop arrival="11:39" departure="11:39">Bergheim</stop>
    <stop arrival="11:41" departure="11:41">Hordnesskiftet Stend</stop>
    <stop arrival="11:42" departure="11:42">Steinknuseverket</stop>
    <stop arrival="11:42" departure="11:42">Rådalshaug</stop>
    <stop arrival="11:43" departure="11:43">Sunea</stop>
    <stop arrival="11:44" departure="11:44">Rådal</stop>
    <stop arrival="11:45" departure="11:45">Rådal ved Lagunen</stop>
    <stop arrival="11:50" departure="11:50">Skjold skole</stop>
    <stop arrival="11:52" departure="11:52">Mårdalen</stop>
    <stop arrival="11:53" departure="11:53">Nesttunbrekka</stop>
    <stop arrival="11:53" departure="11:53">Skjoldskiftet</stop>
    <stop arrival="11:54" departure="11:54">Nesttun</stop>
    <stop arrival="11:55" departure="11:55">Nesttun terminal</stop>
    <stop arrival="11:57" departure="11:57">Hopsbro</stop>
    <stop arrival="11:59" departure="11:59">Tveiteråsskiftet</stop>
    <stop arrival="12:00" departure="12:00">Paradis</stop>
    <stop arrival="12:02" departure="12:02">Nydalen</stop>
    <stop arrival="12:04" departure="12:04">Fantoft</stop>
    <stop arrival="12:05" departure="12:05">Storetveit</stop>
    <stop arrival="12:05" departure="12:05">Elvebakken</stop>
    <stop arrival="12:06" departure="12:06">Minde</stop>
    <stop arrival="12:09" departure="12:09">Mindemyren</stop>
    <stop arrival="12:10" departure="12:10">Postterminalen</stop>
    <stop arrival="12:11" departure="12:11">Kanalveien v/LBK</stop>
    <stop arrival="12:13" departure="12:13">Danmarksplass v/Forum kino</stop>
    <stop arrival="12:18" departure="12:18">Bergen Busstasjon</stop>
    <stop arrival="12:20" departure="12:20">Christies gate (Festplassen)</stop>
    <stop arrival="12:23" departure="12:23">Torget v/DnB</stop>
    <stop arrival="12:24" departure="12:24">Bryggen</stop>
    <stop arrival="12:24" departure="12:24">Slottsgaten</stop>
    <stop arrival="12:25" departure="12:25">Bontelabo</stop>
    <stop arrival="12:26" departure="12:26">Skutevikstorget</stop>
    <stop arrival="12:26" departure="12:26">Sjøgaten</stop>
    <stop arrival="12:27" departure="12:27">Sandvikstorget</stop>
    <stop arrival="12:28" departure="12:28">Ludebryggen</stop>
    <stop arrival="12:28" departure="12:28">Munkebotten</stop>
    <stop arrival="12:30" departure="12:30">Nyhavnsvei (Gamle Bergen)</stop>
    <stop arrival="12:31" departure="12:31">Handelshøyskolen</stop>
    <stop arrival="12:32" departure="12:32">Solbakken</stop>
    <stop arrival="12:33" departure="12:33">Eikeviken</stop>
    <stop arrival="12:35" departure="12:35">Hellebakken</stop>
    <stop arrival="12:35" departure="12:35">Brunestykket</stop>
    <stop arrival="12:36" departure="12:36">Lønborg</stop>
    <stop arrival="12:37" departure="12:37">Nordre Lønborg</stop>
    <stop arrival="12:40" departure="12:40">Lønborglien 1</stop>
    <stop arrival="12:41" departure="12:41">Lønborglien 2</stop>
    <stop arrival="12:43">Lønborglien snuplass</stop>
  </route>
  <route no="20" destination="Lønborglien snuplass" url="http://www.web2051.no/bin/tp/zuginfo.exe/on/894336/301903/302296/146965/1/" trafficDays="kjører Lø, ikke 1. Mai">
    <stop departure="11:47" routeNo="20">Rådal ved Lagunen</stop>
    <stop arrival="11:50" departure="11:50">Skjold skole</stop>
    <stop arrival="11:52" departure="11:52">Mårdalen</stop>
    <stop arrival="11:53" departure="11:53">Nesttunbrekka</stop>
    <stop arrival="11:53" departure="11:53">Skjoldskiftet</stop>
    <stop arrival="11:54" departure="11:54">Nesttun</stop>
    <stop arrival="11:55" departure="11:55">Nesttun terminal</stop>
    <stop arrival="11:57" departure="11:57">Hopsbro</stop>
    <stop arrival="11:59" departure="11:59">Tveiteråsskiftet</stop>
    <stop arrival="12:00" departure="12:00">Paradis</stop>
    <stop arrival="12:02" departure="12:02">Nydalen</stop>
    <stop arrival="12:04" departure="12:04">Fantoft</stop>
    <stop arrival="12:05" departure="12:05">Storetveit</stop>
    <stop arrival="12:05" departure="12:05">Elvebakken</stop>
    <stop arrival="12:06" departure="12:06">Minde</stop>
    <stop arrival="12:10" departure="12:10">Mindemyren</stop>
    <stop arrival="12:11" departure="12:11">Postterminalen</stop>
    <stop arrival="12:11" departure="12:11">Kanalveien v/LBK</stop>
    <stop arrival="12:13" departure="12:13">Danmarksplass v/Forum kino</stop>
    <stop arrival="12:18" departure="12:18">Bergen Busstasjon</stop>
    <stop arrival="12:21" departure="12:21">Christies gate (Festplassen)</stop>
    <stop arrival="12:24" departure="12:24">Torget v/DnB</stop>
    <stop arrival="12:25" departure="12:25">Bryggen</stop>
    <stop arrival="12:25" departure="12:25">Slottsgaten</stop>
    <stop arrival="12:26" departure="12:26">Bontelabo</stop>
    <stop arrival="12:27" departure="12:27">Skutevikstorget</stop>
    <stop arrival="12:27" departure="12:27">Sjøgaten</stop>
    <stop arrival="12:28" departure="12:28">Sandvikstorget</stop>
    <stop arrival="12:29" departure="12:29">Ludebryggen</stop>
    <stop arrival="12:29" departure="12:29">Munkebotten</stop>
    <stop arrival="12:31" departure="12:31">Nyhavnsvei (Gamle Bergen)</stop>
    <stop arrival="12:32" departure="12:32">Handelshøyskolen</stop>
    <stop arrival="12:33" departure="12:33">Solbakken</stop>
    <stop arrival="12:34" departure="12:34">Eikeviken</stop>
    <stop arrival="12:36" departure="12:36">Hellebakken</stop>
    <stop arrival="12:36" departure="12:36">Brunestykket</stop>
    <stop arrival="12:37" departure="12:37">Lønborg</stop>
    <stop arrival="12:38" departure="12:38">Nordre Lønborg</stop>
    <stop arrival="12:39" departure="12:39">Lønborglien 1</stop>
    <stop arrival="12:39" departure="12:39">Lønborglien 2</stop>
    <stop arrival="12:40">Lønborglien snuplass</stop>
  </route>
  <route no="20" destination="Fanahammeren" url="http://www.web2051.no/bin/tp/zuginfo.exe/on/931692/314429/362596/129266/1/" trafficDays="kjører Ma - Fr, ikke 13., 17., 24. Mai">
    <stop departure="11:00" routeNo="20">Lønborglien snuplass</stop>
    <stop arrival="11:00" departure="11:00">Lønborglien 2</stop>
    <stop arrival="11:01" departure="11:01">Lønborglien 1</stop>
    <stop arrival="11:02" departure="11:02">Nordre Lønborg</stop>
    <stop arrival="11:03" departure="11:03">Lønborg</stop>
    <stop arrival="11:03" departure="11:03">Brunestykket</stop>
    <stop arrival="11:04" departure="11:04">Hellebakken</stop>
    <stop arrival="11:05" departure="11:05">Eikeviken</stop>
    <stop arrival="11:06" departure="11:06">Solbakken</stop>
    <stop arrival="11:07" departure="11:07">Handelshøyskolen</stop>
    <stop arrival="11:08" departure="11:08">Nyhavnsvei (Gamle Bergen)</stop>
    <stop arrival="11:10" departure="11:10">Munkebotten</stop>
    <stop arrival="11:11" departure="11:11">Ludebryggen</stop>
    <stop arrival="11:14" departure="11:14">Sandvikstorget</stop>
    <stop arrival="11:16" departure="11:16">Skutevikstorget</stop>
    <stop arrival="11:17" departure="11:17">Bontelabo</stop>
    <stop arrival="11:18" departure="11:18">Slottsgaten</stop>
    <stop arrival="11:19" departure="11:19">Bryggen</stop>
    <stop arrival="11:20" departure="11:20">Olav Kyrres gate</stop>
    <stop arrival="11:25" departure="11:25">Bergen Busstasjon</stop>
    <stop arrival="11:28" departure="11:28">Danmarksplass</stop>
    <stop arrival="11:29" departure="11:29">Solheimsgaten</stop>
    <stop arrival="11:30" departure="11:30">Reperbanen</stop>
    <stop arrival="11:32" departure="11:32">Fjøsangerveien/ Minde Allè</stop>
    <stop arrival="11:33" departure="11:33">Minde</stop>
    <stop arrival="11:34" departure="11:34">Elvebakken</stop>
    <stop arrival="11:34" departure="11:34">Storetveit</stop>
    <stop arrival="11:34" departure="11:34">Fantoft</stop>
    <stop arrival="11:35" departure="11:35">Nydalen</stop>
    <stop arrival="11:36" departure="11:36">Paradis</stop>
    <stop arrival="11:37" departure="11:37">Tveiteråsskiftet</stop>
    <stop arrival="11:38" departure="11:38">Hopsbro</stop>
    <stop arrival="11:40" departure="11:40">Hopstangen</stop>
    <stop arrival="11:41" departure="11:41">Nesttun terminal</stop>
    <stop arrival="11:43" departure="11:43">Nesttun</stop>
    <stop arrival="11:46" departure="11:46">Skjoldskiftet</stop>
    <stop arrival="11:46" departure="11:46">Nesttunbrekka</stop>
    <stop arrival="11:47" departure="11:47">Mårdalen</stop>
    <stop arrival="11:47" departure="11:47">Skjoldhøgda</stop>
    <stop arrival="11:47" departure="11:47">Skjold skole</stop>
    <stop arrival="11:48" departure="11:48">Lagunen</stop>
    <stop arrival="11:49" departure="11:49">Rådal</stop>
    <stop arrival="11:50" departure="11:50">Sunea</stop>
    <stop arrival="11:50" departure="11:50">Rådalshaug</stop>
    <stop arrival="11:50" departure="11:50">Steinknuseverket</stop>
    <stop arrival="11:51" departure="11:51">Hordnesskiftet Stend</stop>
    <stop arrival="11:53" departure="11:53">Bergheim</stop>
    <stop arrival="11:54" departure="11:54">Bergheim</stop>
    <stop arrival="11:55" departure="11:55">Øvre Titlestad</stop>
    <stop arrival="11:57" departure="11:57">Rydland (Titlestad, Fana)</stop>
    <stop arrival="11:58" departure="11:58">Titlestad</stop>
    <stop arrival="11:59" departure="11:59">Kvernabekkvegen</stop>
    <stop arrival="12:00" departure="12:00">Norheimsveien</stop>
    <stop arrival="12:01" departure="12:01">Fana</stop>
    <stop arrival="12:01" departure="12:01">Gaia Fana</stop>
    <stop arrival="12:02" departure="12:02">Vollaskiftet</stop>
    <stop arrival="12:02" departure="12:02">Volladalen</stop>
    <stop arrival="12:03">Fanahammeren</stop>
  </route>
  <route no="50" destination="Åsane terminal" url="http://www.web2051.no/bin/tp/zuginfo.exe/on/585810/196088/361730/14407/1/" trafficDays="kjører Lø, ikke 1. Mai">
    <stop departure="11:38" routeNo="50">Dolvik terminal</stop>
    <stop arrival="11:38" departure="11:38">Skranevegen</stop>
    <stop arrival="11:39" departure="11:39">Regnbueåsen</stop>
    <stop arrival="11:40" departure="11:40">Fanatorget</stop>
    <stop arrival="11:41" departure="11:41">Petedalsheia</stop>
    <stop arrival="11:42" departure="11:42">Hydro Sandsli</stop>
    <stop arrival="11:45" departure="11:45">Håvardstun</stop>
    <stop arrival="11:48" departure="11:48">Meyer</stop>
    <stop arrival="11:49" departure="11:49">Rådal</stop>
    <stop arrival="11:50" departure="11:50">Rådal ved Lagunen</stop>
    <stop arrival="11:53" departure="11:53">Skjold skole</stop>
    <stop arrival="11:55" departure="11:55">Mårdalen</stop>
    <stop arrival="11:56" departure="11:56">Nesttunbrekka</stop>
    <stop arrival="11:56" departure="11:56">Skjoldskiftet</stop>
    <stop arrival="11:57" departure="11:57">Nesttun</stop>
    <stop arrival="11:58" departure="11:58">Nesttun terminal</stop>
    <stop arrival="12:00" departure="12:00">Hopsbro</stop>
    <stop arrival="12:02" departure="12:02">Tveiteråsskiftet</stop>
    <stop arrival="12:03" departure="12:03">Paradis/50</stop>
    <stop arrival="12:05" departure="12:05">Stavkirken</stop>
    <stop arrival="12:06" departure="12:06">Natlandslien</stop>
    <stop arrival="12:07" departure="12:07">Birkelundsbakken</stop>
    <stop arrival="12:08" departure="12:08">Birkelundstoppen</stop>
    <stop arrival="12:09" departure="12:09">Knausen</stop>
    <stop arrival="12:09" departure="12:09">Kolstibotn</stop>
    <stop arrival="12:10" departure="12:10">H. Jægers vei</stop>
    <stop arrival="12:10" departure="12:10">Bolstad</stop>
    <stop arrival="12:11" departure="12:11">Mannsverk</stop>
    <stop arrival="12:11" departure="12:11">Wiers -Jenssens vei</stop>
    <stop arrival="12:12" departure="12:12">Erleveien</stop>
    <stop arrival="12:12" departure="12:12">Landåstorget</stop>
    <stop arrival="12:13" departure="12:13">Natlandsv. v/Hagerupsvei</stop>
    <stop arrival="12:13" departure="12:13">Langhaugen</stop>
    <stop arrival="12:14" departure="12:14">Fridalen</stop>
    <stop arrival="12:15" departure="12:15">Haukeland sykehus sør</stop>
    <stop arrival="12:16" departure="12:16">Haukeland sykehus nord</stop>
    <stop arrival="12:17" departure="12:17">Haraldsplass sykehus</stop>
    <stop arrival="12:18" departure="12:18">Haukeland skole</stop>
    <stop arrival="12:19" departure="12:19">Svartediksveien</stop>
    <stop arrival="12:20" departure="12:20">Kalvedalsveien</stop>
    <stop arrival="12:21" departure="12:21">Kalfarlien</stop>
    <stop arrival="12:23" departure="12:23">Stadsporten (jernbanen)</stop>
    <stop arrival="12:24" departure="12:24">Kong Oscars gate</stop>
    <stop arrival="12:25" departure="12:25">Allehelgensgate</stop>
    <stop arrival="12:25" departure="12:25">Torget (Bergen)</stop>
    <stop arrival="12:26" departure="12:26">Bryggen</stop>
    <stop arrival="12:27" departure="12:27">Slottsgaten</stop>
    <stop arrival="12:28" departure="12:28">Bontelabo</stop>
    <stop arrival="12:28" departure="12:28">Skutevikstorget</stop>
    <stop arrival="12:29" departure="12:29">Sjøgaten</stop>
    <stop arrival="12:29" departure="12:29">Sandvikstorget</stop>
    <stop arrival="12:30" departure="12:30">Ludebryggen</stop>
    <stop arrival="12:31" departure="12:31">Munkebotten</stop>
    <stop arrival="12:32" departure="12:32">Nyhavnsvei (Gamle Bergen)</stop>
    <stop arrival="12:33" departure="12:33">Handelshøyskolen</stop>
    <stop arrival="12:35" departure="12:35">Eidsvåg gamlevegen</stop>
    <stop arrival="12:36" departure="12:36">Selvikvegen</stop>
    <stop arrival="12:37" departure="12:37">Ervik nedre (Sellesvingen)</stop>
    <stop arrival="12:37" departure="12:37">Ervik øvre</stop>
    <stop arrival="12:38" departure="12:38">Åstveitvegen</stop>
    <stop arrival="12:39" departure="12:39">Griggastemma</stop>
    <stop arrival="12:40" departure="12:40">Tertneskrysset gamleveien</stop>
    <stop arrival="12:42" departure="12:42">Stamskaret</stop>
    <stop arrival="12:43" departure="12:43">Hesthaugen</stop>
    <stop arrival="12:45">Åsane terminal</stop>
  </route>
  <route no="50" destination="Åsane terminal" url="http://www.web2051.no/bin/tp/zuginfo.exe/on/830703/277752/486018/33894/1/" trafficDays="kjører Ma - Fr, ikke 13., 17., 24. Mai">
    <stop departure="11:38" routeNo="50">Dolvik terminal</stop>
    <stop arrival="11:38" departure="11:38">Skranevegen</stop>
    <stop arrival="11:39" departure="11:39">Regnbueåsen</stop>
    <stop arrival="11:40" departure="11:40">Fanatorget</stop>
    <stop arrival="11:41" departure="11:41">Petedalsheia</stop>
    <stop arrival="11:42" departure="11:42">Hydro Sandsli</stop>
    <stop arrival="11:45" departure="11:45">Håvardstun</stop>
    <stop arrival="11:48" departure="11:48">Meyer</stop>
    <stop arrival="11:49" departure="11:49">Rådal</stop>
    <stop arrival="11:50" departure="11:50">Rådal ved Lagunen</stop>
    <stop arrival="11:55" departure="11:55">Skjold skole</stop>
    <stop arrival="11:57" departure="11:57">Mårdalen</stop>
    <stop arrival="11:58" departure="11:58">Nesttunbrekka</stop>
    <stop arrival="11:58" departure="11:58">Skjoldskiftet</stop>
    <stop arrival="11:59" departure="11:59">Nesttun</stop>
    <stop arrival="12:00" departure="12:00">Nesttun terminal</stop>
    <stop arrival="12:02" departure="12:02">Hopsbro</stop>
    <stop arrival="12:04" departure="12:04">Tveiteråsskiftet</stop>
    <stop arrival="12:05" departure="12:05">Paradis/50</stop>
    <stop arrival="12:06" departure="12:06">Stavkirken</stop>
    <stop arrival="12:06" departure="12:06">Natlandslien</stop>
    <stop arrival="12:07" departure="12:07">Birkelundsbakken</stop>
    <stop arrival="12:07" departure="12:07">Birkelundstoppen</stop>
    <stop arrival="12:08" departure="12:08">Knausen</stop>
    <stop arrival="12:08" departure="12:08">Kolstibotn</stop>
    <stop arrival="12:09" departure="12:09">H. Jægers vei</stop>
    <stop arrival="12:09" departure="12:09">Bolstad</stop>
    <stop arrival="12:10" departure="12:10">Mannsverk</stop>
    <stop arrival="12:11" departure="12:11">Wiers -Jenssens vei</stop>
    <stop arrival="12:12" departure="12:12">Erleveien</stop>
    <stop arrival="12:12" departure="12:12">Landåstorget</stop>
    <stop arrival="12:14" departure="12:14">Natlandsv. v/Hagerupsvei</stop>
    <stop arrival="12:14" departure="12:14">Langhaugen</stop>
    <stop arrival="12:15" departure="12:15">Fridalen</stop>
    <stop arrival="12:17" departure="12:17">Haukeland sykehus sør</stop>
    <stop arrival="12:18" departure="12:18">Haukeland sykehus nord</stop>
    <stop arrival="12:19" departure="12:19">Haraldsplass sykehus</stop>
    <stop arrival="12:20" departure="12:20">Haukeland skole</stop>
    <stop arrival="12:21" departure="12:21">Svartediksveien</stop>
    <stop arrival="12:22" departure="12:22">Kalvedalsveien</stop>
    <stop arrival="12:23" departure="12:23">Kalfarlien</stop>
    <stop arrival="12:25" departure="12:25">Stadsporten (jernbanen)</stop>
    <stop arrival="12:26" departure="12:26">Kong Oscars gate</stop>
    <stop arrival="12:27" departure="12:27">Allehelgensgate</stop>
    <stop arrival="12:27" departure="12:27">Torget (Bergen)</stop>
    <stop arrival="12:28" departure="12:28">Bryggen</stop>
    <stop arrival="12:29" departure="12:29">Slottsgaten</stop>
    <stop arrival="12:30" departure="12:30">Bontelabo</stop>
    <stop arrival="12:30" departure="12:30">Skutevikstorget</stop>
    <stop arrival="12:31" departure="12:31">Sjøgaten</stop>
    <stop arrival="12:31" departure="12:31">Sandvikstorget</stop>
    <stop arrival="12:32" departure="12:32">Ludebryggen</stop>
    <stop arrival="12:33" departure="12:33">Munkebotten</stop>
    <stop arrival="12:34" departure="12:34">Nyhavnsvei (Gamle Bergen)</stop>
    <stop arrival="12:35" departure="12:35">Handelshøyskolen</stop>
    <stop arrival="12:37" departure="12:37">Eidsvåg gamlevegen</stop>
    <stop arrival="12:38" departure="12:38">Selvikvegen</stop>
    <stop arrival="12:39" departure="12:39">Ervik nedre (Sellesvingen)</stop>
    <stop arrival="12:39" departure="12:39">Ervik øvre</stop>
    <stop arrival="12:40" departure="12:40">Åstveitvegen</stop>
    <stop arrival="12:41" departure="12:41">Griggastemma</stop>
    <stop arrival="12:42" departure="12:42">Tertneskrysset gamleveien</stop>
    <stop arrival="12:44" departure="12:44">Stamskaret</stop>
    <stop arrival="12:45" departure="12:45">Hesthaugen</stop>
    <stop arrival="12:46">Åsane terminal</stop>
  </route>
  <route no="566" destination="Lysekloster skule" url="http://www.web2051.no/bin/tp/zuginfo.exe/on/723855/246859/553128/35279/1/" trafficDays="kjører Ma - Fr, ikke 13., 17., 24. Mai">
    <stop departure="11:50" routeNo="566">Lagunen</stop>
    <stop arrival="11:51" departure="11:51">Rådal</stop>
    <stop arrival="11:52" departure="11:52">Sunea</stop>
    <stop arrival="11:52" departure="11:52">Rådalshaug</stop>
    <stop arrival="11:52" departure="11:52">Steinknuseverket</stop>
    <stop arrival="11:53" departure="11:53">Hordnesskiftet Stend</stop>
    <stop arrival="11:55" departure="11:55">Konowskiftet</stop>
    <stop arrival="11:55" departure="11:55">Krykkjehaugen</stop>
    <stop arrival="11:56" departure="11:56">Fana kirke</stop>
    <stop arrival="11:57" departure="11:57">Hamreskiftet</stop>
    <stop arrival="11:58" departure="11:58">Rambergtunet</stop>
    <stop arrival="12:01" departure="12:01">Fanafjell</stop>
    <stop arrival="12:03" departure="12:03">Sædal 1</stop>
    <stop arrival="12:03" departure="12:03">Sædal 2</stop>
    <stop arrival="12:05" departure="12:05">Nordvik 1</stop>
    <stop arrival="12:06" departure="12:06">Nordvik 2</stop>
    <stop arrival="12:06" departure="12:06">Nordvik skole</stop>
    <stop arrival="12:07" departure="12:07">Sagstad (Nordvik, Fana)</stop>
    <stop arrival="12:07" departure="12:07">Sperrevik 1</stop>
    <stop arrival="12:08" departure="12:08">Sperrevik 2</stop>
    <stop arrival="12:08" departure="12:08">Sperrevik 3</stop>
    <stop arrival="12:08" departure="12:08">Nordstrøm</stop>
    <stop arrival="12:09" departure="12:09">Sørstraumen</stop>
    <stop arrival="12:11" departure="12:11">Buena</stop>
    <stop arrival="12:12" departure="12:12">Søvik (Os)</stop>
    <stop arrival="12:13" departure="12:13">Søvik (Os)</stop>
    <stop arrival="12:14" departure="12:14">Søvik (Os)</stop>
    <stop arrival="12:15">Lysekloster skule</stop>
  </route>
  <route no="23" destination="Bergen Busstasjon" url="http://www.web2051.no/bin/tp/zuginfo.exe/on/437115/149787/839688/274140/1/" trafficDays="kjører Sø, også 1., 13., 17., 24. Mai">
    <stop departure="11:51" routeNo="23">Birkelandskrysset Terminal</stop>
    <stop arrival="11:52" departure="11:52">Gomarhaug</stop>
    <stop arrival="11:53" departure="11:53">Sandsliskiftet</stop>
    <stop arrival="11:53" departure="11:53">Håvardstun</stop>
    <stop arrival="11:55" departure="11:55">Meyer</stop>
    <stop arrival="11:56" departure="11:56">Rådal</stop>
    <stop arrival="11:57" departure="11:57">Rådal ved Lagunen</stop>
    <stop arrival="12:00" departure="12:00">Skjold skole</stop>
    <stop arrival="12:02" departure="12:02">Mårdalen</stop>
    <stop arrival="12:03" departure="12:03">Nesttunbrekka</stop>
    <stop arrival="12:03" departure="12:03">Skjoldskiftet</stop>
    <stop arrival="12:04" departure="12:04">Nesttun</stop>
    <stop arrival="12:05" departure="12:05">Nesttun terminal</stop>
    <stop arrival="12:07" departure="12:07">Hopsbro</stop>
    <stop arrival="12:09" departure="12:09">Tveiteråsskiftet</stop>
    <stop arrival="12:10" departure="12:10">Paradis</stop>
    <stop arrival="12:12" departure="12:12">Nydalen</stop>
    <stop arrival="12:14" departure="12:14">Fantoft</stop>
    <stop arrival="12:15" departure="12:15">Storetveit</stop>
    <stop arrival="12:15" departure="12:15">Elvebakken</stop>
    <stop arrival="12:16" departure="12:16">Minde</stop>
    <stop arrival="12:19" departure="12:19">Mindemyren</stop>
    <stop arrival="12:20" departure="12:20">Postterminalen</stop>
    <stop arrival="12:21" departure="12:21">Kanalveien v/LBK</stop>
    <stop arrival="12:23" departure="12:23">Danmarksplass v/Forum kino</stop>
    <stop arrival="12:26" departure="12:26">Bergen Busstasjon</stop>
    <stop arrival="12:29" departure="12:29">Christies gate (Festplassen)</stop>
    <stop arrival="12:34">Bergen Busstasjon</stop>
  </route>
</routes>
