<?xml version="1.0" encoding="UTF-8"?>
<routes>
  <route no="6" destination="Mindeveien endeholdeplass" url="http://www.web2051.no/bin/tp/zuginfo.exe/on/227007/79262/933902/391285/1/" trafficDays="kjører Ma - Fr, ikke 13., 17., 24. Mai">
    <stop departure="10:35" routeNo="6">Formannsvei</stop>
    <stop arrival="10:37" departure="10:37">Kirkegaten</stop>
    <stop arrival="10:38" departure="10:38">Sandvikskirken</stop>
    <stop arrival="10:39" departure="10:39">Nye Sandviksveien</stop>
    <stop arrival="10:40" departure="10:40">Sverresborg</stop>
    <stop arrival="10:41" departure="10:41">Øvre Dreggsalmenningen</stop>
    <stop arrival="10:43" departure="10:43">Bryggen</stop>
    <stop arrival="10:44" departure="10:44">Torget v/Lido</stop>
    <stop arrival="10:45" departure="10:45">Olav Kyrres gate v/Hagelin</stop>
    <stop arrival="10:48" departure="10:48">Møhlenpris v/ Industrihuset</stop>
    <stop arrival="10:50" departure="10:50">Gyldenpris</stop>
    <stop arrival="10:52" departure="10:52">Gyldenprisveien</stop>
    <stop arrival="10:53" departure="10:53">Lotheveien</stop>
    <stop arrival="10:54" departure="10:54">Michael Krohns gate</stop>
    <stop arrival="10:55" departure="10:55">Lien (Solheimsviken)</stop>
    <stop arrival="10:57" departure="10:57">Vikens gate</stop>
    <stop arrival="10:58" departure="10:58">Bøhmergaten</stop>
    <stop arrival="10:59" departure="10:59">Michael Krohns gate</stop>
    <stop arrival="11:00" departure="11:00">Sygnagaten</stop>
    <stop arrival="11:01" departure="11:01">Søre Skogvei v/Løvstaklien</stop>
    <stop arrival="11:02" departure="11:02">Lærerbakken</stop>
    <stop arrival="11:03" departure="11:03">Kristian Bings vei</stop>
    <stop arrival="11:04" departure="11:04">Søndre Skogvei v/Mindeveien</stop>
    <stop arrival="11:04" departure="11:04">Mindeveien v/nr. 73</stop>
    <stop arrival="11:05">Mindeveien endeholdeplass</stop>
  </route>
  <route no="6" destination="Formannsvei" url="http://www.web2051.no/bin/tp/zuginfo.exe/on/351438/120715/54646/89825/1/" trafficDays="kjører Lø, ikke 1. Mai">
    <stop departure="11:00" routeNo="6">Mindeveien endeholdeplass</stop>
    <stop arrival="11:01" departure="11:01">Løbergsv. v/nr. 98</stop>
    <stop arrival="11:01" departure="11:01">Løbergsv. v/kirkegården</stop>
    <stop arrival="11:02" departure="11:02">Lærerbakken</stop>
    <stop arrival="11:04" departure="11:04">Skrivergaten</stop>
    <stop arrival="11:05" departure="11:05">Møregaten</stop>
    <stop arrival="11:05" departure="11:05">Bøhmergaten</stop>
    <stop arrival="11:06" departure="11:06">Vikens gate</stop>
    <stop arrival="11:07" departure="11:07">Solheimsviken</stop>
    <stop arrival="11:08" departure="11:08">Lien (Solheimsviken)</stop>
    <stop arrival="11:08" departure="11:08">Michael Krohns gate</stop>
    <stop arrival="11:09" departure="11:09">Lotheveien</stop>
    <stop arrival="11:13" departure="11:13">Møhlenpris v/ Industrihuset</stop>
    <stop arrival="11:15" departure="11:15">Christies gate (Festplassen)</stop>
    <stop arrival="11:18" departure="11:18">Torget v/DnB</stop>
    <stop arrival="11:20" departure="11:20">Bryggen</stop>
    <stop arrival="11:21" departure="11:21">Sandbrugaten</stop>
    <stop arrival="11:24" departure="11:24">Sverresborg</stop>
    <stop arrival="11:25" departure="11:25">Nye Sandviksveien</stop>
    <stop arrival="11:27" departure="11:27">Sandvikskirken</stop>
    <stop arrival="11:29" departure="11:29">Amalie Skrams vei</stop>
    <stop arrival="11:30">Formannsvei</stop>
  </route>
  <route no="6" destination="Formannsvei" url="http://www.web2051.no/bin/tp/zuginfo.exe/on/653298/221365/254574/90481/1/" trafficDays="kjører Ma - Fr, ikke 13., 17., 24. Mai">
    <stop departure="11:05" routeNo="6">Mindeveien endeholdeplass</stop>
    <stop arrival="11:06" departure="11:06">Løbergsv. v/nr. 98</stop>
    <stop arrival="11:06" departure="11:06">Løbergsv. v/kirkegården</stop>
    <stop arrival="11:07" departure="11:07">Lærerbakken</stop>
    <stop arrival="11:09" departure="11:09">Skrivergaten</stop>
    <stop arrival="11:10" departure="11:10">Møregaten</stop>
    <stop arrival="11:10" departure="11:10">Bøhmergaten</stop>
    <stop arrival="11:11" departure="11:11">Vikens gate</stop>
    <stop arrival="11:12" departure="11:12">Solheimsviken</stop>
    <stop arrival="11:13" departure="11:13">Lien (Solheimsviken)</stop>
    <stop arrival="11:13" departure="11:13">Michael Krohns gate</stop>
    <stop arrival="11:14" departure="11:14">Lotheveien</stop>
    <stop arrival="11:18" departure="11:18">Møhlenpris v/ Industrihuset</stop>
    <stop arrival="11:20" departure="11:20">Christies gate (Festplassen)</stop>
    <stop arrival="11:23" departure="11:23">Torget v/DnB</stop>
    <stop arrival="11:25" departure="11:25">Bryggen</stop>
    <stop arrival="11:26" departure="11:26">Sandbrugaten</stop>
    <stop arrival="11:29" departure="11:29">Sverresborg</stop>
    <stop arrival="11:30" departure="11:30">Nye Sandviksveien</stop>
    <stop arrival="11:32" departure="11:32">Sandvikskirken</stop>
    <stop arrival="11:34" departure="11:34">Amalie Skrams vei</stop>
    <stop arrival="11:35">Formannsvei</stop>
  </route>
  <route no="5" destination="Mindeveien endeholdeplass" url="http://www.web2051.no/bin/tp/zuginfo.exe/on/307641/106047/181552/11772/1/" trafficDays="kjører Lø, ikke 1. Mai">
    <stop departure="10:45" routeNo="5">Mulen</stop>
    <stop arrival="10:46" departure="10:46">Prahls vei</stop>
    <stop arrival="10:47" departure="10:47">Øvre Sandviksvei</stop>
    <stop arrival="10:49" departure="10:49">Ladegårdsgaten</stop>
    <stop arrival="10:49" departure="10:49">Helgesens gate</stop>
    <stop arrival="10:51" departure="10:51">Øvre Dreggsalmenningen</stop>
    <stop arrival="10:53" departure="10:53">Bryggen</stop>
    <stop arrival="10:54" departure="10:54">Torget v/Lido</stop>
    <stop arrival="10:55" departure="10:55">Olav Kyrres gate v/Hagelin</stop>
    <stop arrival="10:58" departure="10:58">Møhlenpris v/ Industrihuset</stop>
    <stop arrival="11:00" departure="11:00">Gyldenpris</stop>
    <stop arrival="11:02" departure="11:02">Gyldenprisveien</stop>
    <stop arrival="11:03" departure="11:03">Lien nord (Gyldenpris)</stop>
    <stop arrival="11:05" departure="11:05">Frydenbølien</stop>
    <stop arrival="11:06" departure="11:06">Solheimslien - nord</stop>
    <stop arrival="11:07" departure="11:07">Solheimslien</stop>
    <stop arrival="11:07" departure="11:07">Solheimslien v/nr. 32</stop>
    <stop arrival="11:08" departure="11:08">Solheimslien v/høyblokk</stop>
    <stop arrival="11:09" departure="11:09">Løvstakkveien</stop>
    <stop arrival="11:10" departure="11:10">Blekenberg</stop>
    <stop arrival="11:11" departure="11:11">Sygnagaten</stop>
    <stop arrival="11:12" departure="11:12">Søre Skogvei v/Løvstaklien</stop>
    <stop arrival="11:13" departure="11:13">Lærerbakken</stop>
    <stop arrival="11:13" departure="11:13">Kristian Bings vei</stop>
    <stop arrival="11:14" departure="11:14">Søndre Skogvei v/Mindeveien</stop>
    <stop arrival="11:14" departure="11:14">Mindeveien v/nr. 73</stop>
    <stop arrival="11:15">Mindeveien endeholdeplass</stop>
  </route>
  <route no="5" destination="Mulen" url="http://www.web2051.no/bin/tp/zuginfo.exe/on/463407/157970/216102/46418/1/" trafficDays="kjører Lø, ikke 1. Mai">
    <stop departure="11:15" routeNo="5">Mindeveien endeholdeplass</stop>
    <stop arrival="11:16" departure="11:16">Løbergsv. v/nr. 98</stop>
    <stop arrival="11:16" departure="11:16">Løbergsv. v/kirkegården</stop>
    <stop arrival="11:17" departure="11:17">Lærerbakken</stop>
    <stop arrival="11:19" departure="11:19">Skrivergaten</stop>
    <stop arrival="11:20" departure="11:20">Blekenberg</stop>
    <stop arrival="11:21" departure="11:21">Solheimslien v/høyblokk</stop>
    <stop arrival="11:22" departure="11:22">Solheimslien v/nr. 32</stop>
    <stop arrival="11:23" departure="11:23">Solheimslien</stop>
    <stop arrival="11:23" departure="11:23">Frydenbølien</stop>
    <stop arrival="11:24" departure="11:24">Lien nord (Gyldenpris)</stop>
    <stop arrival="11:25" departure="11:25">Gyldenprisveien</stop>
    <stop arrival="11:28" departure="11:28">Møhlenpris v/ Industrihuset</stop>
    <stop arrival="11:30" departure="11:30">Christies gate (Festplassen)</stop>
    <stop arrival="11:33" departure="11:33">Torget v/DnB</stop>
    <stop arrival="11:36" departure="11:36">Bryggen</stop>
    <stop arrival="11:37" departure="11:37">Sandbrugaten</stop>
    <stop arrival="11:40" departure="11:40">Helgesens gate</stop>
    <stop arrival="11:41" departure="11:41">Ladegårdsgaten</stop>
    <stop arrival="11:42" departure="11:42">Øvre Sandviksvei</stop>
    <stop arrival="11:43" departure="11:43">Prahls vei</stop>
    <stop arrival="11:45">Mulen</stop>
  </route>
  <route no="5" destination="Mindeveien endeholdeplass" url="http://www.web2051.no/bin/tp/zuginfo.exe/on/826038/278876/269212/140742/1/" trafficDays="kjører Ma - Fr, ikke 13., 17., 24. Mai">
    <stop departure="10:50" routeNo="5">Mulen</stop>
    <stop arrival="10:51" departure="10:51">Prahls vei</stop>
    <stop arrival="10:52" departure="10:52">Øvre Sandviksvei</stop>
    <stop arrival="10:54" departure="10:54">Ladegårdsgaten</stop>
    <stop arrival="10:54" departure="10:54">Helgesens gate</stop>
    <stop arrival="10:56" departure="10:56">Øvre Dreggsalmenningen</stop>
    <stop arrival="10:58" departure="10:58">Bryggen</stop>
    <stop arrival="10:59" departure="10:59">Torget v/Lido</stop>
    <stop arrival="11:00" departure="11:00">Olav Kyrres gate v/Hagelin</stop>
    <stop arrival="11:03" departure="11:03">Møhlenpris v/ Industrihuset</stop>
    <stop arrival="11:05" departure="11:05">Gyldenpris</stop>
    <stop arrival="11:07" departure="11:07">Gyldenprisveien</stop>
    <stop arrival="11:08" departure="11:08">Lien nord (Gyldenpris)</stop>
    <stop arrival="11:10" departure="11:10">Frydenbølien</stop>
    <stop arrival="11:11" departure="11:11">Solheimslien - nord</stop>
    <stop arrival="11:12" departure="11:12">Solheimslien</stop>
    <stop arrival="11:12" departure="11:12">Solheimslien v/nr. 32</stop>
    <stop arrival="11:13" departure="11:13">Solheimslien v/høyblokk</stop>
    <stop arrival="11:14" departure="11:14">Løvstakkveien</stop>
    <stop arrival="11:15" departure="11:15">Blekenberg</stop>
    <stop arrival="11:16" departure="11:16">Sygnagaten</stop>
    <stop arrival="11:17" departure="11:17">Søre Skogvei v/Løvstaklien</stop>
    <stop arrival="11:18" departure="11:18">Lærerbakken</stop>
    <stop arrival="11:18" departure="11:18">Kristian Bings vei</stop>
    <stop arrival="11:19" departure="11:19">Søndre Skogvei v/Mindeveien</stop>
    <stop arrival="11:19" departure="11:19">Mindeveien v/nr. 73</stop>
    <stop arrival="11:20">Mindeveien endeholdeplass</stop>
  </route>
  <route no="5" destination="Mulen" url="http://www.web2051.no/bin/tp/zuginfo.exe/on/973095/327897/103460/272639/1/" trafficDays="kjører Ma - Fr, ikke 13., 17., 24. Mai">
    <stop departure="11:20" routeNo="5">Mindeveien endeholdeplass</stop>
    <stop arrival="11:21" departure="11:21">Løbergsv. v/nr. 98</stop>
    <stop arrival="11:21" departure="11:21">Løbergsv. v/kirkegården</stop>
    <stop arrival="11:22" departure="11:22">Lærerbakken</stop>
    <stop arrival="11:24" departure="11:24">Skrivergaten</stop>
    <stop arrival="11:25" departure="11:25">Blekenberg</stop>
    <stop arrival="11:26" departure="11:26">Solheimslien v/høyblokk</stop>
    <stop arrival="11:27" departure="11:27">Solheimslien v/nr. 32</stop>
    <stop arrival="11:28" departure="11:28">Solheimslien</stop>
    <stop arrival="11:28" departure="11:28">Frydenbølien</stop>
    <stop arrival="11:29" departure="11:29">Lien nord (Gyldenpris)</stop>
    <stop arrival="11:30" departure="11:30">Gyldenprisveien</stop>
    <stop arrival="11:33" departure="11:33">Møhlenpris v/ Industrihuset</stop>
    <stop arrival="11:35" departure="11:35">Christies gate (Festplassen)</stop>
    <stop arrival="11:38" departure="11:38">Torget v/DnB</stop>
    <stop arrival="11:41" departure="11:41">Bryggen</stop>
    <stop arrival="11:42" departure="11:42">Sandbrugaten</stop>
    <stop arrival="11:45" departure="11:45">Helgesens gate</stop>
    <stop arrival="11:46" departure="11:46">Ladegårdsgaten</stop>
    <stop arrival="11:47" departure="11:47">Øvre Sandviksvei</stop>
    <stop arrival="11:48" departure="11:48">Prahls vei</stop>
    <stop arrival="11:50">Mulen</stop>
  </route>
  <route no="6" destination="Mindeveien endeholdeplass" url="http://www.web2051.no/bin/tp/zuginfo.exe/on/192186/67632/258740/65309/1/" trafficDays="kjører Lø, ikke 1. Mai">
    <stop departure="11:00" routeNo="6">Formannsvei</stop>
    <stop arrival="11:02" departure="11:02">Kirkegaten</stop>
    <stop arrival="11:03" departure="11:03">Sandvikskirken</stop>
    <stop arrival="11:04" departure="11:04">Nye Sandviksveien</stop>
    <stop arrival="11:05" departure="11:05">Sverresborg</stop>
    <stop arrival="11:06" departure="11:06">Øvre Dreggsalmenningen</stop>
    <stop arrival="11:08" departure="11:08">Bryggen</stop>
    <stop arrival="11:09" departure="11:09">Torget v/Lido</stop>
    <stop arrival="11:10" departure="11:10">Olav Kyrres gate v/Hagelin</stop>
    <stop arrival="11:13" departure="11:13">Møhlenpris v/ Industrihuset</stop>
    <stop arrival="11:15" departure="11:15">Gyldenpris</stop>
    <stop arrival="11:17" departure="11:17">Gyldenprisveien</stop>
    <stop arrival="11:18" departure="11:18">Lotheveien</stop>
    <stop arrival="11:19" departure="11:19">Michael Krohns gate</stop>
    <stop arrival="11:20" departure="11:20">Lien (Solheimsviken)</stop>
    <stop arrival="11:22" departure="11:22">Vikens gate</stop>
    <stop arrival="11:23" departure="11:23">Bøhmergaten</stop>
    <stop arrival="11:24" departure="11:24">Michael Krohns gate</stop>
    <stop arrival="11:25" departure="11:25">Sygnagaten</stop>
    <stop arrival="11:26" departure="11:26">Søre Skogvei v/Løvstaklien</stop>
    <stop arrival="11:27" departure="11:27">Lærerbakken</stop>
    <stop arrival="11:28" departure="11:28">Kristian Bings vei</stop>
    <stop arrival="11:29" departure="11:29">Søndre Skogvei v/Mindeveien</stop>
    <stop arrival="11:29" departure="11:29">Mindeveien v/nr. 73</stop>
    <stop arrival="11:30">Mindeveien endeholdeplass</stop>
  </route>
  <route no="6" destination="Formannsvei" url="http://www.web2051.no/bin/tp/zuginfo.exe/on/67851/26168/829120/391943/1/" trafficDays="kjører Sø, også 1., 13., 17., 24. Mai">
    <stop departure="11:25" routeNo="6">Mindeveien endeholdeplass</stop>
    <stop arrival="11:26" departure="11:26">Løbergsv. v/nr. 98</stop>
    <stop arrival="11:26" departure="11:26">Løbergsv. v/kirkegården</stop>
    <stop arrival="11:27" departure="11:27">Lærerbakken</stop>
    <stop arrival="11:29" departure="11:29">Skrivergaten</stop>
    <stop arrival="11:30" departure="11:30">Møregaten</stop>
    <stop arrival="11:30" departure="11:30">Bøhmergaten</stop>
    <stop arrival="11:31" departure="11:31">Vikens gate</stop>
    <stop arrival="11:32" departure="11:32">Solheimsviken</stop>
    <stop arrival="11:33" departure="11:33">Lien (Solheimsviken)</stop>
    <stop arrival="11:33" departure="11:33">Michael Krohns gate</stop>
    <stop arrival="11:34" departure="11:34">Lotheveien</stop>
    <stop arrival="11:38" departure="11:38">Møhlenpris v/ Industrihuset</stop>
    <stop arrival="11:40" departure="11:40">Christies gate (Festplassen)</stop>
    <stop arrival="11:43" departure="11:43">Torget v/DnB</stop>
    <stop arrival="11:45" departure="11:45">Bryggen</stop>
    <stop arrival="11:46" departure="11:46">Sandbrugaten</stop>
    <stop arrival="11:49" departure="11:49">Sverresborg</stop>
    <stop arrival="11:50" departure="11:50">Nye Sandviksveien</stop>
    <stop arrival="11:52" departure="11:52">Sandvikskirken</stop>
    <stop arrival="11:54" departure="11:54">Amalie Skrams vei</stop>
    <stop arrival="11:55">Formannsvei</stop>
  </route>
  <route no="6" destination="Mindeveien endeholdeplass" url="http://www.web2051.no/bin/tp/zuginfo.exe/on/169764/60179/846838/366832/1/" trafficDays="kjører Ma - Fr, ikke 13., 17., 24. Mai">
    <stop departure="11:05" routeNo="6">Formannsvei</stop>
    <stop arrival="11:07" departure="11:07">Kirkegaten</stop>
    <stop arrival="11:08" departure="11:08">Sandvikskirken</stop>
    <stop arrival="11:09" departure="11:09">Nye Sandviksveien</stop>
    <stop arrival="11:10" departure="11:10">Sverresborg</stop>
    <stop arrival="11:11" departure="11:11">Øvre Dreggsalmenningen</stop>
    <stop arrival="11:13" departure="11:13">Bryggen</stop>
    <stop arrival="11:14" departure="11:14">Torget v/Lido</stop>
    <stop arrival="11:15" departure="11:15">Olav Kyrres gate v/Hagelin</stop>
    <stop arrival="11:18" departure="11:18">Møhlenpris v/ Industrihuset</stop>
    <stop arrival="11:20" departure="11:20">Gyldenpris</stop>
    <stop arrival="11:22" departure="11:22">Gyldenprisveien</stop>
    <stop arrival="11:23" departure="11:23">Lotheveien</stop>
    <stop arrival="11:24" departure="11:24">Michael Krohns gate</stop>
    <stop arrival="11:25" departure="11:25">Lien (Solheimsviken)</stop>
    <stop arrival="11:27" departure="11:27">Vikens gate</stop>
    <stop arrival="11:28" departure="11:28">Bøhmergaten</stop>
    <stop arrival="11:29" departure="11:29">Michael Krohns gate</stop>
    <stop arrival="11:30" departure="11:30">Sygnagaten</stop>
    <stop arrival="11:31" departure="11:31">Søre Skogvei v/Løvstaklien</stop>
    <stop arrival="11:32" departure="11:32">Lærerbakken</stop>
    <stop arrival="11:33" departure="11:33">Kristian Bings vei</stop>
    <stop arrival="11:34" departure="11:34">Søndre Skogvei v/Mindeveien</stop>
    <stop arrival="11:34" departure="11:34">Mindeveien v/nr. 73</stop>
    <stop arrival="11:35">Mindeveien endeholdeplass</stop>
  </route>
  <route no="6" destination="Formannsvei" url="http://www.web2051.no/bin/tp/zuginfo.exe/on/258459/89722/212492/20096/1/" trafficDays="kjører Lø, ikke 1. Mai">
    <stop departure="11:30" routeNo="6">Mindeveien endeholdeplass</stop>
    <stop arrival="11:31" departure="11:31">Løbergsv. v/nr. 98</stop>
    <stop arrival="11:31" departure="11:31">Løbergsv. v/kirkegården</stop>
    <stop arrival="11:32" departure="11:32">Lærerbakken</stop>
    <stop arrival="11:34" departure="11:34">Skrivergaten</stop>
    <stop arrival="11:35" departure="11:35">Møregaten</stop>
    <stop arrival="11:35" departure="11:35">Bøhmergaten</stop>
    <stop arrival="11:36" departure="11:36">Vikens gate</stop>
    <stop arrival="11:37" departure="11:37">Solheimsviken</stop>
    <stop arrival="11:38" departure="11:38">Lien (Solheimsviken)</stop>
    <stop arrival="11:38" departure="11:38">Michael Krohns gate</stop>
    <stop arrival="11:39" departure="11:39">Lotheveien</stop>
    <stop arrival="11:43" departure="11:43">Møhlenpris v/ Industrihuset</stop>
    <stop arrival="11:45" departure="11:45">Christies gate (Festplassen)</stop>
    <stop arrival="11:48" departure="11:48">Torget v/DnB</stop>
    <stop arrival="11:50" departure="11:50">Bryggen</stop>
    <stop arrival="11:51" departure="11:51">Sandbrugaten</stop>
    <stop arrival="11:54" departure="11:54">Sverresborg</stop>
    <stop arrival="11:55" departure="11:55">Nye Sandviksveien</stop>
    <stop arrival="11:57" departure="11:57">Sandvikskirken</stop>
    <stop arrival="11:59" departure="11:59">Amalie Skrams vei</stop>
    <stop arrival="12:00">Formannsvei</stop>
  </route>
  <route no="6" destination="Formannsvei" url="http://www.web2051.no/bin/tp/zuginfo.exe/on/750879/253887/118774/190908/1/" trafficDays="kjører Ma - Fr, ikke 13., 17., 24. Mai">
    <stop departure="11:35" routeNo="6">Mindeveien endeholdeplass</stop>
    <stop arrival="11:36" departure="11:36">Løbergsv. v/nr. 98</stop>
    <stop arrival="11:36" departure="11:36">Løbergsv. v/kirkegården</stop>
    <stop arrival="11:37" departure="11:37">Lærerbakken</stop>
    <stop arrival="11:39" departure="11:39">Skrivergaten</stop>
    <stop arrival="11:40" departure="11:40">Møregaten</stop>
    <stop arrival="11:40" departure="11:40">Bøhmergaten</stop>
    <stop arrival="11:41" departure="11:41">Vikens gate</stop>
    <stop arrival="11:42" departure="11:42">Solheimsviken</stop>
    <stop arrival="11:43" departure="11:43">Lien (Solheimsviken)</stop>
    <stop arrival="11:43" departure="11:43">Michael Krohns gate</stop>
    <stop arrival="11:44" departure="11:44">Lotheveien</stop>
    <stop arrival="11:48" departure="11:48">Møhlenpris v/ Industrihuset</stop>
    <stop arrival="11:50" departure="11:50">Christies gate (Festplassen)</stop>
    <stop arrival="11:53" departure="11:53">Torget v/DnB</stop>
    <stop arrival="11:55" departure="11:55">Bryggen</stop>
    <stop arrival="11:56" departure="11:56">Sandbrugaten</stop>
    <stop arrival="11:59" departure="11:59">Sverresborg</stop>
    <stop arrival="12:00" departure="12:00">Nye Sandviksveien</stop>
    <stop arrival="12:02" departure="12:02">Sandvikskirken</stop>
    <stop arrival="12:04" departure="12:04">Amalie Skrams vei</stop>
    <stop arrival="12:05">Formannsvei</stop>
  </route>
  <route no="5" destination="Mindeveien endeholdeplass" url="http://www.web2051.no/bin/tp/zuginfo.exe/on/816459/275638/820936/138315/1/" trafficDays="kjører Sø, også 1., 13., 17., 24. Mai">
    <stop departure="11:20" routeNo="5">Mulen</stop>
    <stop arrival="11:21" departure="11:21">Prahls vei</stop>
    <stop arrival="11:21" departure="11:21">Øvre Sandviksvei</stop>
    <stop arrival="11:22" departure="11:22">Ladegårdsgaten</stop>
    <stop arrival="11:23" departure="11:23">Helgesens gate</stop>
    <stop arrival="11:24" departure="11:24">Øvre Dreggsalmenningen</stop>
    <stop arrival="11:28" departure="11:28">Bryggen</stop>
    <stop arrival="11:29" departure="11:29">Torget v/Lido</stop>
    <stop arrival="11:30" departure="11:30">Olav Kyrres gate v/Hagelin</stop>
    <stop arrival="11:32" departure="11:32">Møhlenpris v/ Industrihuset</stop>
    <stop arrival="11:34" departure="11:34">Gyldenpris</stop>
    <stop arrival="11:35" departure="11:35">Gyldenprisveien</stop>
    <stop arrival="11:36" departure="11:36">Lien nord (Gyldenpris)</stop>
    <stop arrival="11:37" departure="11:37">Frydenbølien</stop>
    <stop arrival="11:37" departure="11:37">Solheimslien - nord</stop>
    <stop arrival="11:38" departure="11:38">Solheimslien</stop>
    <stop arrival="11:38" departure="11:38">Solheimslien v/nr. 32</stop>
    <stop arrival="11:39" departure="11:39">Solheimslien v/høyblokk</stop>
    <stop arrival="11:39" departure="11:39">Løvstakkveien</stop>
    <stop arrival="11:40" departure="11:40">Blekenberg</stop>
    <stop arrival="11:41" departure="11:41">Sygnagaten</stop>
    <stop arrival="11:42" departure="11:42">Søre Skogvei v/Løvstaklien</stop>
    <stop arrival="11:43" departure="11:43">Lærerbakken</stop>
    <stop arrival="11:43" departure="11:43">Kristian Bings vei</stop>
    <stop arrival="11:44" departure="11:44">Søndre Skogvei v/Mindeveien</stop>
    <stop arrival="11:44" departure="11:44">Mindeveien v/nr. 73</stop>
    <stop arrival="11:45">Mindeveien endeholdeplass</stop>
  </route>
  <route no="5" destination="Mulen" url="http://www.web2051.no/bin/tp/zuginfo.exe/on/947142/319212/703160/35868/1/" trafficDays="kjører Lø, ikke 1. Mai">
    <stop departure="11:45" routeNo="5">Mindeveien endeholdeplass</stop>
    <stop arrival="11:46" departure="11:46">Løbergsv. v/nr. 98</stop>
    <stop arrival="11:46" departure="11:46">Løbergsv. v/kirkegården</stop>
    <stop arrival="11:47" departure="11:47">Lærerbakken</stop>
    <stop arrival="11:49" departure="11:49">Skrivergaten</stop>
    <stop arrival="11:50" departure="11:50">Blekenberg</stop>
    <stop arrival="11:51" departure="11:51">Solheimslien v/høyblokk</stop>
    <stop arrival="11:52" departure="11:52">Solheimslien v/nr. 32</stop>
    <stop arrival="11:53" departure="11:53">Solheimslien</stop>
    <stop arrival="11:53" departure="11:53">Frydenbølien</stop>
    <stop arrival="11:54" departure="11:54">Lien nord (Gyldenpris)</stop>
    <stop arrival="11:55" departure="11:55">Gyldenprisveien</stop>
    <stop arrival="11:58" departure="11:58">Møhlenpris v/ Industrihuset</stop>
    <stop arrival="12:00" departure="12:00">Christies gate (Festplassen)</stop>
    <stop arrival="12:03" departure="12:03">Torget v/DnB</stop>
    <stop arrival="12:06" departure="12:06">Bryggen</stop>
    <stop arrival="12:07" departure="12:07">Sandbrugaten</stop>
    <stop arrival="12:10" departure="12:10">Helgesens gate</stop>
    <stop arrival="12:11" departure="12:11">Ladegårdsgaten</stop>
    <stop arrival="12:12" departure="12:12">Øvre Sandviksvei</stop>
    <stop arrival="12:13" departure="12:13">Prahls vei</stop>
    <stop arrival="12:15">Mulen</stop>
  </route>
  <route no="5" destination="Grønnestølen" url="http://www.web2051.no/bin/tp/zuginfo.exe/on/307419/106004/748660/271858/1/" trafficDays="kjører Ma - Fr, ikke 13., 17., 24. Mai">
    <stop departure="11:20" routeNo="5">Mulen</stop>
    <stop arrival="11:21" departure="11:21">Prahls vei</stop>
    <stop arrival="11:22" departure="11:22">Øvre Sandviksvei</stop>
    <stop arrival="11:24" departure="11:24">Ladegårdsgaten</stop>
    <stop arrival="11:24" departure="11:24">Helgesens gate</stop>
    <stop arrival="11:26" departure="11:26">Øvre Dreggsalmenningen</stop>
    <stop arrival="11:28" departure="11:28">Bryggen</stop>
    <stop arrival="11:29" departure="11:29">Torget v/Lido</stop>
    <stop arrival="11:30" departure="11:30">Olav Kyrres gate v/Hagelin</stop>
    <stop arrival="11:33" departure="11:33">Møhlenpris v/ Industrihuset</stop>
    <stop arrival="11:35" departure="11:35">Gyldenpris</stop>
    <stop arrival="11:37" departure="11:37">Gyldenprisveien</stop>
    <stop arrival="11:38" departure="11:38">Lien nord (Gyldenpris)</stop>
    <stop arrival="11:40" departure="11:40">Frydenbølien</stop>
    <stop arrival="11:41" departure="11:41">Solheimslien - nord</stop>
    <stop arrival="11:42" departure="11:42">Solheimslien</stop>
    <stop arrival="11:42" departure="11:42">Solheimslien v/nr. 32</stop>
    <stop arrival="11:43" departure="11:43">Solheimslien v/høyblokk</stop>
    <stop arrival="11:44" departure="11:44">Løvstakkveien</stop>
    <stop arrival="11:45" departure="11:45">Blekenberg</stop>
    <stop arrival="11:46" departure="11:46">Sygnagaten</stop>
    <stop arrival="11:47" departure="11:47">Søre Skogvei v/Løvstaklien</stop>
    <stop arrival="11:48" departure="11:48">Lærerbakken</stop>
    <stop arrival="11:49" departure="11:49">Kristian Bings vei</stop>
    <stop arrival="11:49" departure="11:49">Søndre Skogvei v/Mindeveien</stop>
    <stop arrival="11:50" departure="11:50">Mindeveien v/nr. 73</stop>
    <stop arrival="11:51" departure="11:51">Minde Allé</stop>
    <stop arrival="11:52" departure="11:52">Fjøsangerveien/Minde Allé</stop>
    <stop arrival="11:53" departure="11:53">Kristianborg</stop>
    <stop arrival="11:54" departure="11:54">Løbergsalleen</stop>
    <stop arrival="11:55">Grønnestølen</stop>
  </route>
  <route no="5" destination="Mulen" url="http://www.web2051.no/bin/tp/zuginfo.exe/on/358050/122882/24544/107083/1/" trafficDays="kjører Ma - Fr, ikke 13., 17., 24. Mai">
    <stop departure="11:50" routeNo="5">Mindeveien endeholdeplass</stop>
    <stop arrival="11:51" departure="11:51">Løbergsv. v/nr. 98</stop>
    <stop arrival="11:51" departure="11:51">Løbergsv. v/kirkegården</stop>
    <stop arrival="11:52" departure="11:52">Lærerbakken</stop>
    <stop arrival="11:54" departure="11:54">Skrivergaten</stop>
    <stop arrival="11:55" departure="11:55">Blekenberg</stop>
    <stop arrival="11:56" departure="11:56">Solheimslien v/høyblokk</stop>
    <stop arrival="11:57" departure="11:57">Solheimslien v/nr. 32</stop>
    <stop arrival="11:58" departure="11:58">Solheimslien</stop>
    <stop arrival="11:58" departure="11:58">Frydenbølien</stop>
    <stop arrival="11:59" departure="11:59">Lien nord (Gyldenpris)</stop>
    <stop arrival="12:00" departure="12:00">Gyldenprisveien</stop>
    <stop arrival="12:03" departure="12:03">Møhlenpris v/ Industrihuset</stop>
    <stop arrival="12:05" departure="12:05">Christies gate (Festplassen)</stop>
    <stop arrival="12:08" departure="12:08">Torget v/DnB</stop>
    <stop arrival="12:11" departure="12:11">Bryggen</stop>
    <stop arrival="12:12" departure="12:12">Sandbrugaten</stop>
    <stop arrival="12:15" departure="12:15">Helgesens gate</stop>
    <stop arrival="12:16" departure="12:16">Ladegårdsgaten</stop>
    <stop arrival="12:17" departure="12:17">Øvre Sandviksvei</stop>
    <stop arrival="12:18" departure="12:18">Prahls vei</stop>
    <stop arrival="12:20">Mulen</stop>
  </route>
  <route no="6" destination="Grønnestølen" url="http://www.web2051.no/bin/tp/zuginfo.exe/on/559719/190144/502164/64509/1/" trafficDays="kjører Lø, ikke 1. Mai">
    <stop departure="11:30" routeNo="6">Formannsvei</stop>
    <stop arrival="11:32" departure="11:32">Kirkegaten</stop>
    <stop arrival="11:33" departure="11:33">Sandvikskirken</stop>
    <stop arrival="11:34" departure="11:34">Nye Sandviksveien</stop>
    <stop arrival="11:35" departure="11:35">Sverresborg</stop>
    <stop arrival="11:36" departure="11:36">Øvre Dreggsalmenningen</stop>
    <stop arrival="11:38" departure="11:38">Bryggen</stop>
    <stop arrival="11:39" departure="11:39">Torget v/Lido</stop>
    <stop arrival="11:40" departure="11:40">Olav Kyrres gate v/Hagelin</stop>
    <stop arrival="11:43" departure="11:43">Møhlenpris v/ Industrihuset</stop>
    <stop arrival="11:45" departure="11:45">Gyldenpris</stop>
    <stop arrival="11:47" departure="11:47">Gyldenprisveien</stop>
    <stop arrival="11:48" departure="11:48">Lotheveien</stop>
    <stop arrival="11:49" departure="11:49">Michael Krohns gate</stop>
    <stop arrival="11:50" departure="11:50">Lien (Solheimsviken)</stop>
    <stop arrival="11:52" departure="11:52">Vikens gate</stop>
    <stop arrival="11:52" departure="11:52">Bøhmergaten</stop>
    <stop arrival="11:53" departure="11:53">Michael Krohns gate</stop>
    <stop arrival="11:55" departure="11:55">Sygnagaten</stop>
    <stop arrival="11:56" departure="11:56">Søre Skogvei v/Løvstaklien</stop>
    <stop arrival="11:57" departure="11:57">Lærerbakken</stop>
    <stop arrival="11:58" departure="11:58">Kristian Bings vei</stop>
    <stop arrival="11:59" departure="11:59">Søndre Skogvei v/Mindeveien</stop>
    <stop arrival="11:59" departure="11:59">Mindeveien v/nr. 73</stop>
    <stop arrival="12:00" departure="12:00">Minde Allé</stop>
    <stop arrival="12:01" departure="12:01">Fjøsangerveien/Minde Allé</stop>
    <stop arrival="12:03" departure="12:03">Kristianborg</stop>
    <stop arrival="12:04" departure="12:04">Løbergsalleen</stop>
    <stop arrival="12:05">Grønnestølen</stop>
  </route>
</routes>
