<?xml version="1.0" encoding="UTF-8"?>
<routes>
  <route no="626" destination="Tøsdalskiftet" url="http://www.web2051.no/bin/tp/zuginfo.exe/on/380754/132772/531978/139071/1/" trafficDays="kjører Ma, ikke 17., 24. Mai">
    <stop departure="11:10" routeNo="626">Røttingen snuplass</stop>
    <stop arrival="11:11" departure="11:11">Hauane (Røtinga)</stop>
    <stop arrival="11:12" departure="11:12">Bruarøy Ungdomshuset</stop>
    <stop arrival="11:13" departure="11:13">Bruarøy</stop>
    <stop arrival="11:13" departure="11:13">Sundøy</stop>
    <stop arrival="11:15" departure="11:15">Lepsøy kai</stop>
    <stop arrival="11:16" departure="11:16">Lepsøy</stop>
    <stop arrival="11:17" departure="11:17">Blindesund</stop>
    <stop arrival="11:19" departure="11:19">Storumhammeren</stop>
    <stop arrival="11:19" departure="11:19">Storum (Os)</stop>
    <stop arrival="11:20" departure="11:20">Ravneberghaugen</stop>
    <stop arrival="11:20" departure="11:20">Grindevoll</stop>
    <stop arrival="11:20" departure="11:20">Grindevoll snuplass</stop>
    <stop arrival="11:21" departure="11:21">Skeie (Os)</stop>
    <stop arrival="11:22" departure="11:22">Nore Neset skule</stop>
    <stop arrival="11:23" departure="11:23">Irgenskryss</stop>
    <stop arrival="11:23" departure="11:23">Hagevik 1</stop>
    <stop arrival="11:23" departure="11:23">Hagevik 2</stop>
    <stop arrival="11:23" departure="11:23">Hagavik (Hovland - Os)</stop>
    <stop arrival="11:24" departure="11:24">Hagavik (Hovland - Os)</stop>
    <stop arrival="11:24" departure="11:24">Hagevik 2</stop>
    <stop arrival="11:24" departure="11:24">Hagevik 1</stop>
    <stop arrival="11:24" departure="11:24">Irgenskryss</stop>
    <stop arrival="11:24" departure="11:24">Ådnadalen</stop>
    <stop arrival="11:25" departure="11:25">Vaksinen</stop>
    <stop arrival="11:25" departure="11:25">Ulvensletta</stop>
    <stop arrival="11:27" departure="11:27">Os Vidaregåande skule</stop>
    <stop arrival="11:29" departure="11:29">Kolskogen</stop>
    <stop arrival="11:30">Tøsdalskiftet</stop>
  </route>
</routes>
