<?xml version="1.0" encoding="UTF-8"?>
<routes>
  <route no="90" destination="Sletten (Bergen)" url="http://www.web2051.no/bin/tp/zuginfo.exe/on/397635/137464/564902/149912/1/" trafficDays="kjører Ma - Fr, ikke 13., 17., 24. Mai">
    <stop departure="11:00" routeNo="90">Støbotn snuplass</stop>
    <stop arrival="11:01" departure="11:01">Toppe</stop>
    <stop arrival="11:02" departure="11:02">Marikollen</stop>
    <stop arrival="11:02" departure="11:02">Slettestølen</stop>
    <stop arrival="11:03" departure="11:03">Lokketodalen</stop>
    <stop arrival="11:04" departure="11:04">Saudalskleivane</stop>
    <stop arrival="11:06" departure="11:06">Kollbudalen</stop>
    <stop arrival="11:07" departure="11:07">Bakketoppen, Morvik</stop>
    <stop arrival="11:08" departure="11:08">Viddalen</stop>
    <stop arrival="11:10" departure="11:10">Morvikbotn</stop>
    <stop arrival="11:11" departure="11:11">Torvbakken</stop>
    <stop arrival="11:12" departure="11:12">Spondalen</stop>
    <stop arrival="11:13" departure="11:13">Flatevad</stop>
    <stop arrival="11:14" departure="11:14">Åsane Brannstasjon</stop>
    <stop arrival="11:15" departure="11:15">Åsane terminal</stop>
    <stop arrival="11:20" departure="11:20">Eidsvåg</stop>
    <stop arrival="11:22" departure="11:22">Handelshøyskolen</stop>
    <stop arrival="11:24" departure="11:24">Nyhavnsvei (Gamle Bergen)</stop>
    <stop arrival="11:26" departure="11:26">Munkebotten</stop>
    <stop arrival="11:27" departure="11:27">Ludebryggen</stop>
    <stop arrival="11:28" departure="11:28">Sandvikstorget</stop>
    <stop arrival="11:30" departure="11:30">Skutevikstorget</stop>
    <stop arrival="11:31" departure="11:31">Bontelabo</stop>
    <stop arrival="11:32" departure="11:32">Slottsgaten</stop>
    <stop arrival="11:34" departure="11:34">Bryggen</stop>
    <stop arrival="11:35" departure="11:35">Olav Kyrres gate</stop>
    <stop arrival="11:40" departure="11:40">Bergen Busstasjon</stop>
    <stop arrival="11:46" departure="11:46">Danmarksplass/ Ibsens gt.</stop>
    <stop arrival="11:49" departure="11:49">Bjørnsons gate</stop>
    <stop arrival="11:52" departure="11:52">Haukelandsveien</stop>
    <stop arrival="11:53" departure="11:53">Fridalen</stop>
    <stop arrival="11:54" departure="11:54">Langhaugen</stop>
    <stop arrival="11:55" departure="11:55">Landåssvingen</stop>
    <stop arrival="11:56" departure="11:56">Hagerups vei</stop>
    <stop arrival="11:57" departure="11:57">Fageråsen</stop>
    <stop arrival="11:58" departure="11:58">Sletten Shoppingsenter</stop>
    <stop arrival="11:59" departure="11:59">Bergenshallen</stop>
    <stop arrival="12:00" departure="12:00">Johan Hjorts vei</stop>
    <stop arrival="12:02">Sletten (Bergen)</stop>
  </route>
  <route no="90" destination="Støbotn snuplass" url="http://www.web2051.no/bin/tp/zuginfo.exe/on/858753/291167/124344/224081/1/" trafficDays="kjører Ma - Fr, ikke 13., 17., 24. Mai">
    <stop departure="10:30" routeNo="90">Sletten (Bergen)</stop>
    <stop arrival="10:32" departure="10:32">Johan Hjorts vei</stop>
    <stop arrival="10:33" departure="10:33">Bergenshallen</stop>
    <stop arrival="10:34" departure="10:34">Sletten Shoppingsenter</stop>
    <stop arrival="10:35" departure="10:35">Fageråsen</stop>
    <stop arrival="10:36" departure="10:36">Hagerups vei</stop>
    <stop arrival="10:37" departure="10:37">Natlandsv. v/Hagerupsvei</stop>
    <stop arrival="10:38" departure="10:38">Langhaugen</stop>
    <stop arrival="10:39" departure="10:39">Fridalen</stop>
    <stop arrival="10:40" departure="10:40">Haukelandsveien</stop>
    <stop arrival="10:42" departure="10:42">Ibsens gate /Haukeland sykehus</stop>
    <stop arrival="10:44" departure="10:44">Bjørnsons gate</stop>
    <stop arrival="10:48" departure="10:48">Årstad VGS</stop>
    <stop arrival="10:49" departure="10:49">Danmarksplass v/Forum kino</stop>
    <stop arrival="10:53" departure="10:53">Bergen Busstasjon</stop>
    <stop arrival="10:55" departure="10:55">Christies gate (Festplassen)</stop>
    <stop arrival="10:58" departure="10:58">Torget (Bergen)</stop>
    <stop arrival="10:59" departure="10:59">Bryggen</stop>
    <stop arrival="10:59" departure="10:59">Slottsgaten</stop>
    <stop arrival="11:00" departure="11:00">Bontelabo</stop>
    <stop arrival="11:01" departure="11:01">Skutevikstorget</stop>
    <stop arrival="11:01" departure="11:01">Sjøgaten</stop>
    <stop arrival="11:02" departure="11:02">Sandvikstorget</stop>
    <stop arrival="11:03" departure="11:03">Ludebryggen</stop>
    <stop arrival="11:03" departure="11:03">Munkebotten</stop>
    <stop arrival="11:05" departure="11:05">Nyhavnsvei (Gamle Bergen)</stop>
    <stop arrival="11:06" departure="11:06">Handelshøyskolen</stop>
    <stop arrival="11:08" departure="11:08">Eidsvåg</stop>
    <stop arrival="11:13" departure="11:13">Åsane terminal</stop>
    <stop arrival="11:14" departure="11:14">Åsane Brannstasjon</stop>
    <stop arrival="11:15" departure="11:15">Flatevad</stop>
    <stop arrival="11:16" departure="11:16">Spondalen</stop>
    <stop arrival="11:16" departure="11:16">Torvbakken</stop>
    <stop arrival="11:17" departure="11:17">Morvikbotn</stop>
    <stop arrival="11:18" departure="11:18">Viddalen</stop>
    <stop arrival="11:19" departure="11:19">Bakketoppen, Morvik</stop>
    <stop arrival="11:21" departure="11:21">Kollbudalen</stop>
    <stop arrival="11:22" departure="11:22">Saudalen</stop>
    <stop arrival="11:23" departure="11:23">Saudalskleivane</stop>
    <stop arrival="11:24" departure="11:24">Lokketodalen</stop>
    <stop arrival="11:25" departure="11:25">Slettestølen</stop>
    <stop arrival="11:26" departure="11:26">Marikollen</stop>
    <stop arrival="11:27" departure="11:27">Toppe</stop>
    <stop arrival="11:28">Støbotn snuplass</stop>
  </route>
  <route no="90" destination="Støbotn snuplass" url="http://www.web2051.no/bin/tp/zuginfo.exe/on/538455/184362/429738/35384/1/" trafficDays="kjører Lø, ikke 1. Mai">
    <stop departure="10:35" routeNo="90">Sletten (Bergen)</stop>
    <stop arrival="10:37" departure="10:37">Johan Hjorts vei</stop>
    <stop arrival="10:38" departure="10:38">Bergenshallen</stop>
    <stop arrival="10:39" departure="10:39">Sletten Shoppingsenter</stop>
    <stop arrival="10:40" departure="10:40">Fageråsen</stop>
    <stop arrival="10:41" departure="10:41">Hagerups vei</stop>
    <stop arrival="10:42" departure="10:42">Natlandsv. v/Hagerupsvei</stop>
    <stop arrival="10:43" departure="10:43">Langhaugen</stop>
    <stop arrival="10:44" departure="10:44">Fridalen</stop>
    <stop arrival="10:45" departure="10:45">Haukelandsveien</stop>
    <stop arrival="10:46" departure="10:46">Ibsens gate /Haukeland sykehus</stop>
    <stop arrival="10:48" departure="10:48">Bjørnsons gate</stop>
    <stop arrival="10:50" departure="10:50">Årstad VGS</stop>
    <stop arrival="10:51" departure="10:51">Danmarksplass v/Forum kino</stop>
    <stop arrival="10:55" departure="10:55">Bergen Busstasjon</stop>
    <stop arrival="10:58" departure="10:58">Christies gate (Festplassen)</stop>
    <stop arrival="11:01" departure="11:01">Torget (Bergen)</stop>
    <stop arrival="11:02" departure="11:02">Bryggen</stop>
    <stop arrival="11:02" departure="11:02">Slottsgaten</stop>
    <stop arrival="11:03" departure="11:03">Bontelabo</stop>
    <stop arrival="11:04" departure="11:04">Skutevikstorget</stop>
    <stop arrival="11:04" departure="11:04">Sjøgaten</stop>
    <stop arrival="11:05" departure="11:05">Sandvikstorget</stop>
    <stop arrival="11:06" departure="11:06">Ludebryggen</stop>
    <stop arrival="11:06" departure="11:06">Munkebotten</stop>
    <stop arrival="11:08" departure="11:08">Nyhavnsvei (Gamle Bergen)</stop>
    <stop arrival="11:09" departure="11:09">Handelshøyskolen</stop>
    <stop arrival="11:11" departure="11:11">Eidsvåg</stop>
    <stop arrival="11:16" departure="11:16">Åsane terminal</stop>
    <stop arrival="11:17" departure="11:17">Åsane Brannstasjon</stop>
    <stop arrival="11:18" departure="11:18">Flatevad</stop>
    <stop arrival="11:19" departure="11:19">Spondalen</stop>
    <stop arrival="11:19" departure="11:19">Torvbakken</stop>
    <stop arrival="11:20" departure="11:20">Morvikbotn</stop>
    <stop arrival="11:21" departure="11:21">Viddalen</stop>
    <stop arrival="11:22" departure="11:22">Bakketoppen, Morvik</stop>
    <stop arrival="11:24" departure="11:24">Kollbudalen</stop>
    <stop arrival="11:25" departure="11:25">Saudalen</stop>
    <stop arrival="11:26" departure="11:26">Saudalskleivane</stop>
    <stop arrival="11:27" departure="11:27">Lokketodalen</stop>
    <stop arrival="11:28" departure="11:28">Slettestølen</stop>
    <stop arrival="11:29" departure="11:29">Marikollen</stop>
    <stop arrival="11:30" departure="11:30">Toppe</stop>
    <stop arrival="11:31">Støbotn snuplass</stop>
  </route>
  <route no="90" destination="Støbotn snuplass" url="http://www.web2051.no/bin/tp/zuginfo.exe/on/533532/182691/400902/22607/1/" trafficDays="kjører Sø, også 1., 13., 17., 24. Mai">
    <stop departure="10:35" routeNo="90">Sletten (Bergen)</stop>
    <stop arrival="10:37" departure="10:37">Johan Hjorts vei</stop>
    <stop arrival="10:38" departure="10:38">Bergenshallen</stop>
    <stop arrival="10:39" departure="10:39">Sletten Shoppingsenter</stop>
    <stop arrival="10:40" departure="10:40">Fageråsen</stop>
    <stop arrival="10:41" departure="10:41">Hagerups vei</stop>
    <stop arrival="10:42" departure="10:42">Natlandsv. v/Hagerupsvei</stop>
    <stop arrival="10:43" departure="10:43">Langhaugen</stop>
    <stop arrival="10:44" departure="10:44">Fridalen</stop>
    <stop arrival="10:45" departure="10:45">Haukelandsveien</stop>
    <stop arrival="10:46" departure="10:46">Ibsens gate /Haukeland sykehus</stop>
    <stop arrival="10:48" departure="10:48">Bjørnsons gate</stop>
    <stop arrival="10:50" departure="10:50">Årstad VGS</stop>
    <stop arrival="10:52" departure="10:52">Danmarksplass v/Forum kino</stop>
    <stop arrival="10:58" departure="10:58">Bergen Busstasjon</stop>
    <stop arrival="11:00" departure="11:00">Christies gate (Festplassen)</stop>
    <stop arrival="11:03" departure="11:03">Torget (Bergen)</stop>
    <stop arrival="11:04" departure="11:04">Bryggen</stop>
    <stop arrival="11:04" departure="11:04">Slottsgaten</stop>
    <stop arrival="11:05" departure="11:05">Bontelabo</stop>
    <stop arrival="11:06" departure="11:06">Skutevikstorget</stop>
    <stop arrival="11:06" departure="11:06">Sjøgaten</stop>
    <stop arrival="11:07" departure="11:07">Sandvikstorget</stop>
    <stop arrival="11:08" departure="11:08">Ludebryggen</stop>
    <stop arrival="11:08" departure="11:08">Munkebotten</stop>
    <stop arrival="11:10" departure="11:10">Nyhavnsvei (Gamle Bergen)</stop>
    <stop arrival="11:11" departure="11:11">Handelshøyskolen</stop>
    <stop arrival="11:13" departure="11:13">Eidsvåg</stop>
    <stop arrival="11:16" departure="11:16">Tertneskrysset nyevegen</stop>
    <stop arrival="11:18" departure="11:18">Stamskaret</stop>
    <stop arrival="11:19" departure="11:19">Hesthaugen</stop>
    <stop arrival="11:20" departure="11:20">Åsane terminal</stop>
    <stop arrival="11:21" departure="11:21">Åsane Brannstasjon</stop>
    <stop arrival="11:22" departure="11:22">Flatevad</stop>
    <stop arrival="11:23" departure="11:23">Spondalen</stop>
    <stop arrival="11:23" departure="11:23">Torvbakken</stop>
    <stop arrival="11:24" departure="11:24">Morvikbotn</stop>
    <stop arrival="11:25" departure="11:25">Viddalen</stop>
    <stop arrival="11:26" departure="11:26">Bakketoppen, Morvik</stop>
    <stop arrival="11:28" departure="11:28">Kollbudalen</stop>
    <stop arrival="11:29" departure="11:29">Saudalen</stop>
    <stop arrival="11:30" departure="11:30">Saudalskleivane</stop>
    <stop arrival="11:31" departure="11:31">Lokketodalen</stop>
    <stop arrival="11:32" departure="11:32">Slettestølen</stop>
    <stop arrival="11:33" departure="11:33">Marikollen</stop>
    <stop arrival="11:34" departure="11:34">Toppe</stop>
    <stop arrival="11:35">Støbotn snuplass</stop>
  </route>
  <route no="90" destination="Sletten (Bergen)" url="http://www.web2051.no/bin/tp/zuginfo.exe/on/793995/269511/445248/42042/1/" trafficDays="kjører Sø, også 1., 13., 17., 24. Mai">
    <stop departure="11:10" routeNo="90">Salhus kai</stop>
    <stop arrival="11:10" departure="11:10">Langeland (Åsane)</stop>
    <stop arrival="11:11" departure="11:11">Nygård, Salhus</stop>
    <stop arrival="11:12" departure="11:12">Ranten</stop>
    <stop arrival="11:13" departure="11:13">Kistebakkane</stop>
    <stop arrival="11:14" departure="11:14">Matre</stop>
    <stop arrival="11:15" departure="11:15">Støbotn snuplass</stop>
    <stop arrival="11:16" departure="11:16">Toppe</stop>
    <stop arrival="11:17" departure="11:17">Marikollen</stop>
    <stop arrival="11:17" departure="11:17">Slettestølen</stop>
    <stop arrival="11:18" departure="11:18">Lokketodalen</stop>
    <stop arrival="11:19" departure="11:19">Saudalskleivane</stop>
    <stop arrival="11:21" departure="11:21">Kollbudalen</stop>
    <stop arrival="11:22" departure="11:22">Bakketoppen, Morvik</stop>
    <stop arrival="11:23" departure="11:23">Viddalen</stop>
    <stop arrival="11:25" departure="11:25">Morvikbotn</stop>
    <stop arrival="11:26" departure="11:26">Torvbakken</stop>
    <stop arrival="11:27" departure="11:27">Spondalen</stop>
    <stop arrival="11:28" departure="11:28">Flatevad</stop>
    <stop arrival="11:29" departure="11:29">Åsane Brannstasjon</stop>
    <stop arrival="11:30" departure="11:30">Åsane terminal</stop>
    <stop arrival="11:35" departure="11:35">Eidsvåg</stop>
    <stop arrival="11:37" departure="11:37">Handelshøyskolen</stop>
    <stop arrival="11:38" departure="11:38">Nyhavnsvei (Gamle Bergen)</stop>
    <stop arrival="11:40" departure="11:40">Munkebotten</stop>
    <stop arrival="11:41" departure="11:41">Ludebryggen</stop>
    <stop arrival="11:42" departure="11:42">Sandvikstorget</stop>
    <stop arrival="11:43" departure="11:43">Skutevikstorget</stop>
    <stop arrival="11:44" departure="11:44">Bontelabo</stop>
    <stop arrival="11:45" departure="11:45">Slottsgaten</stop>
    <stop arrival="11:46" departure="11:46">Bryggen</stop>
    <stop arrival="11:47" departure="11:47">Olav Kyrres gate</stop>
    <stop arrival="11:52" departure="11:52">Bergen Busstasjon</stop>
    <stop arrival="11:57" departure="11:57">Danmarksplass/ Ibsens gt.</stop>
    <stop arrival="12:00" departure="12:00">Bjørnsons gate</stop>
    <stop arrival="12:02" departure="12:02">Haukelandsveien</stop>
    <stop arrival="12:03" departure="12:03">Fridalen</stop>
    <stop arrival="12:04" departure="12:04">Langhaugen</stop>
    <stop arrival="12:05" departure="12:05">Landåssvingen</stop>
    <stop arrival="12:06" departure="12:06">Hagerups vei</stop>
    <stop arrival="12:07" departure="12:07">Fageråsen</stop>
    <stop arrival="12:08" departure="12:08">Sletten Shoppingsenter</stop>
    <stop arrival="12:09" departure="12:09">Bergenshallen</stop>
    <stop arrival="12:10" departure="12:10">Johan Hjorts vei</stop>
    <stop arrival="12:12">Sletten (Bergen)</stop>
  </route>
  <route no="90" destination="Sletten (Bergen)" url="http://www.web2051.no/bin/tp/zuginfo.exe/on/82653/32427/979924/462413/1/" trafficDays="kjører Lø, ikke 1. Mai">
    <stop departure="11:15" routeNo="90">Støbotn snuplass</stop>
    <stop arrival="11:16" departure="11:16">Toppe</stop>
    <stop arrival="11:17" departure="11:17">Marikollen</stop>
    <stop arrival="11:17" departure="11:17">Slettestølen</stop>
    <stop arrival="11:18" departure="11:18">Lokketodalen</stop>
    <stop arrival="11:19" departure="11:19">Saudalskleivane</stop>
    <stop arrival="11:21" departure="11:21">Kollbudalen</stop>
    <stop arrival="11:22" departure="11:22">Bakketoppen, Morvik</stop>
    <stop arrival="11:23" departure="11:23">Viddalen</stop>
    <stop arrival="11:25" departure="11:25">Morvikbotn</stop>
    <stop arrival="11:26" departure="11:26">Torvbakken</stop>
    <stop arrival="11:27" departure="11:27">Spondalen</stop>
    <stop arrival="11:28" departure="11:28">Flatevad</stop>
    <stop arrival="11:29" departure="11:29">Åsane Brannstasjon</stop>
    <stop arrival="11:30" departure="11:30">Åsane terminal</stop>
    <stop arrival="11:35" departure="11:35">Eidsvåg</stop>
    <stop arrival="11:37" departure="11:37">Handelshøyskolen</stop>
    <stop arrival="11:39" departure="11:39">Nyhavnsvei (Gamle Bergen)</stop>
    <stop arrival="11:41" departure="11:41">Munkebotten</stop>
    <stop arrival="11:42" departure="11:42">Ludebryggen</stop>
    <stop arrival="11:43" departure="11:43">Sandvikstorget</stop>
    <stop arrival="11:45" departure="11:45">Skutevikstorget</stop>
    <stop arrival="11:46" departure="11:46">Bontelabo</stop>
    <stop arrival="11:47" departure="11:47">Slottsgaten</stop>
    <stop arrival="11:49" departure="11:49">Bryggen</stop>
    <stop arrival="11:50" departure="11:50">Olav Kyrres gate</stop>
    <stop arrival="11:55" departure="11:55">Bergen Busstasjon</stop>
    <stop arrival="12:00" departure="12:00">Danmarksplass/ Ibsens gt.</stop>
    <stop arrival="12:03" departure="12:03">Bjørnsons gate</stop>
    <stop arrival="12:05" departure="12:05">Haukelandsveien</stop>
    <stop arrival="12:06" departure="12:06">Fridalen</stop>
    <stop arrival="12:07" departure="12:07">Langhaugen</stop>
    <stop arrival="12:08" departure="12:08">Landåssvingen</stop>
    <stop arrival="12:09" departure="12:09">Hagerups vei</stop>
    <stop arrival="12:10" departure="12:10">Fageråsen</stop>
    <stop arrival="12:11" departure="12:11">Sletten Shoppingsenter</stop>
    <stop arrival="12:12" departure="12:12">Bergenshallen</stop>
    <stop arrival="12:13" departure="12:13">Johan Hjorts vei</stop>
    <stop arrival="12:15">Sletten (Bergen)</stop>
  </route>
  <route no="90" destination="Sletten (Bergen)" url="http://www.web2051.no/bin/tp/zuginfo.exe/on/919611/311456/907834/147387/1/" trafficDays="kjører Ma - Fr, ikke 13., 17., 24. Mai">
    <stop departure="11:20" routeNo="90">Støbotn snuplass</stop>
    <stop arrival="11:21" departure="11:21">Toppe</stop>
    <stop arrival="11:22" departure="11:22">Marikollen</stop>
    <stop arrival="11:22" departure="11:22">Slettestølen</stop>
    <stop arrival="11:23" departure="11:23">Lokketodalen</stop>
    <stop arrival="11:24" departure="11:24">Saudalskleivane</stop>
    <stop arrival="11:26" departure="11:26">Kollbudalen</stop>
    <stop arrival="11:27" departure="11:27">Bakketoppen, Morvik</stop>
    <stop arrival="11:28" departure="11:28">Viddalen</stop>
    <stop arrival="11:30" departure="11:30">Morvikbotn</stop>
    <stop arrival="11:31" departure="11:31">Torvbakken</stop>
    <stop arrival="11:32" departure="11:32">Spondalen</stop>
    <stop arrival="11:33" departure="11:33">Flatevad</stop>
    <stop arrival="11:34" departure="11:34">Åsane Brannstasjon</stop>
    <stop arrival="11:35" departure="11:35">Åsane terminal</stop>
    <stop arrival="11:40" departure="11:40">Eidsvåg</stop>
    <stop arrival="11:42" departure="11:42">Handelshøyskolen</stop>
    <stop arrival="11:44" departure="11:44">Nyhavnsvei (Gamle Bergen)</stop>
    <stop arrival="11:46" departure="11:46">Munkebotten</stop>
    <stop arrival="11:47" departure="11:47">Ludebryggen</stop>
    <stop arrival="11:48" departure="11:48">Sandvikstorget</stop>
    <stop arrival="11:50" departure="11:50">Skutevikstorget</stop>
    <stop arrival="11:51" departure="11:51">Bontelabo</stop>
    <stop arrival="11:52" departure="11:52">Slottsgaten</stop>
    <stop arrival="11:54" departure="11:54">Bryggen</stop>
    <stop arrival="11:55" departure="11:55">Olav Kyrres gate</stop>
    <stop arrival="12:00" departure="12:00">Bergen Busstasjon</stop>
    <stop arrival="12:06" departure="12:06">Danmarksplass/ Ibsens gt.</stop>
    <stop arrival="12:09" departure="12:09">Bjørnsons gate</stop>
    <stop arrival="12:12" departure="12:12">Haukelandsveien</stop>
    <stop arrival="12:13" departure="12:13">Fridalen</stop>
    <stop arrival="12:14" departure="12:14">Langhaugen</stop>
    <stop arrival="12:15" departure="12:15">Landåssvingen</stop>
    <stop arrival="12:16" departure="12:16">Hagerups vei</stop>
    <stop arrival="12:17" departure="12:17">Fageråsen</stop>
    <stop arrival="12:18" departure="12:18">Sletten Shoppingsenter</stop>
    <stop arrival="12:19" departure="12:19">Bergenshallen</stop>
    <stop arrival="12:20" departure="12:20">Johan Hjorts vei</stop>
    <stop arrival="12:22">Sletten (Bergen)</stop>
  </route>
  <route no="90" destination="Støbotn snuplass" url="http://www.web2051.no/bin/tp/zuginfo.exe/on/262683/92479/873300/349091/1/" trafficDays="kjører Ma - Fr, ikke 13., 17., 24. Mai">
    <stop departure="10:50" routeNo="90">Sletten (Bergen)</stop>
    <stop arrival="10:52" departure="10:52">Johan Hjorts vei</stop>
    <stop arrival="10:53" departure="10:53">Bergenshallen</stop>
    <stop arrival="10:54" departure="10:54">Sletten Shoppingsenter</stop>
    <stop arrival="10:55" departure="10:55">Fageråsen</stop>
    <stop arrival="10:56" departure="10:56">Hagerups vei</stop>
    <stop arrival="10:57" departure="10:57">Natlandsv. v/Hagerupsvei</stop>
    <stop arrival="10:58" departure="10:58">Langhaugen</stop>
    <stop arrival="10:59" departure="10:59">Fridalen</stop>
    <stop arrival="11:00" departure="11:00">Haukelandsveien</stop>
    <stop arrival="11:02" departure="11:02">Ibsens gate /Haukeland sykehus</stop>
    <stop arrival="11:04" departure="11:04">Bjørnsons gate</stop>
    <stop arrival="11:08" departure="11:08">Årstad VGS</stop>
    <stop arrival="11:09" departure="11:09">Danmarksplass v/Forum kino</stop>
    <stop arrival="11:13" departure="11:13">Bergen Busstasjon</stop>
    <stop arrival="11:15" departure="11:15">Christies gate (Festplassen)</stop>
    <stop arrival="11:18" departure="11:18">Torget (Bergen)</stop>
    <stop arrival="11:19" departure="11:19">Bryggen</stop>
    <stop arrival="11:19" departure="11:19">Slottsgaten</stop>
    <stop arrival="11:20" departure="11:20">Bontelabo</stop>
    <stop arrival="11:21" departure="11:21">Skutevikstorget</stop>
    <stop arrival="11:21" departure="11:21">Sjøgaten</stop>
    <stop arrival="11:22" departure="11:22">Sandvikstorget</stop>
    <stop arrival="11:23" departure="11:23">Ludebryggen</stop>
    <stop arrival="11:23" departure="11:23">Munkebotten</stop>
    <stop arrival="11:25" departure="11:25">Nyhavnsvei (Gamle Bergen)</stop>
    <stop arrival="11:26" departure="11:26">Handelshøyskolen</stop>
    <stop arrival="11:28" departure="11:28">Eidsvåg</stop>
    <stop arrival="11:33" departure="11:33">Åsane terminal</stop>
    <stop arrival="11:34" departure="11:34">Åsane Brannstasjon</stop>
    <stop arrival="11:35" departure="11:35">Flatevad</stop>
    <stop arrival="11:36" departure="11:36">Spondalen</stop>
    <stop arrival="11:36" departure="11:36">Torvbakken</stop>
    <stop arrival="11:37" departure="11:37">Morvikbotn</stop>
    <stop arrival="11:38" departure="11:38">Viddalen</stop>
    <stop arrival="11:39" departure="11:39">Bakketoppen, Morvik</stop>
    <stop arrival="11:41" departure="11:41">Kollbudalen</stop>
    <stop arrival="11:42" departure="11:42">Saudalen</stop>
    <stop arrival="11:43" departure="11:43">Saudalskleivane</stop>
    <stop arrival="11:44" departure="11:44">Lokketodalen</stop>
    <stop arrival="11:45" departure="11:45">Slettestølen</stop>
    <stop arrival="11:46" departure="11:46">Marikollen</stop>
    <stop arrival="11:47" departure="11:47">Toppe</stop>
    <stop arrival="11:48">Støbotn snuplass</stop>
  </route>
  <route no="90" destination="Sletten (Bergen)" url="http://www.web2051.no/bin/tp/zuginfo.exe/on/524934/179897/816928/233494/1/" trafficDays="kjører Ma - Fr, ikke 13., 17., 24. Mai">
    <stop departure="11:40" routeNo="90">Støbotn snuplass</stop>
    <stop arrival="11:41" departure="11:41">Toppe</stop>
    <stop arrival="11:42" departure="11:42">Marikollen</stop>
    <stop arrival="11:42" departure="11:42">Slettestølen</stop>
    <stop arrival="11:43" departure="11:43">Lokketodalen</stop>
    <stop arrival="11:44" departure="11:44">Saudalskleivane</stop>
    <stop arrival="11:46" departure="11:46">Kollbudalen</stop>
    <stop arrival="11:47" departure="11:47">Bakketoppen, Morvik</stop>
    <stop arrival="11:48" departure="11:48">Viddalen</stop>
    <stop arrival="11:50" departure="11:50">Morvikbotn</stop>
    <stop arrival="11:51" departure="11:51">Torvbakken</stop>
    <stop arrival="11:52" departure="11:52">Spondalen</stop>
    <stop arrival="11:53" departure="11:53">Flatevad</stop>
    <stop arrival="11:54" departure="11:54">Åsane Brannstasjon</stop>
    <stop arrival="11:55" departure="11:55">Åsane terminal</stop>
    <stop arrival="12:00" departure="12:00">Eidsvåg</stop>
    <stop arrival="12:02" departure="12:02">Handelshøyskolen</stop>
    <stop arrival="12:04" departure="12:04">Nyhavnsvei (Gamle Bergen)</stop>
    <stop arrival="12:06" departure="12:06">Munkebotten</stop>
    <stop arrival="12:07" departure="12:07">Ludebryggen</stop>
    <stop arrival="12:08" departure="12:08">Sandvikstorget</stop>
    <stop arrival="12:10" departure="12:10">Skutevikstorget</stop>
    <stop arrival="12:11" departure="12:11">Bontelabo</stop>
    <stop arrival="12:12" departure="12:12">Slottsgaten</stop>
    <stop arrival="12:14" departure="12:14">Bryggen</stop>
    <stop arrival="12:15" departure="12:15">Olav Kyrres gate</stop>
    <stop arrival="12:20" departure="12:20">Bergen Busstasjon</stop>
    <stop arrival="12:26" departure="12:26">Danmarksplass/ Ibsens gt.</stop>
    <stop arrival="12:29" departure="12:29">Bjørnsons gate</stop>
    <stop arrival="12:32" departure="12:32">Haukelandsveien</stop>
    <stop arrival="12:33" departure="12:33">Fridalen</stop>
    <stop arrival="12:34" departure="12:34">Langhaugen</stop>
    <stop arrival="12:35" departure="12:35">Landåssvingen</stop>
    <stop arrival="12:36" departure="12:36">Hagerups vei</stop>
    <stop arrival="12:37" departure="12:37">Fageråsen</stop>
    <stop arrival="12:38" departure="12:38">Sletten Shoppingsenter</stop>
    <stop arrival="12:39" departure="12:39">Bergenshallen</stop>
    <stop arrival="12:40" departure="12:40">Johan Hjorts vei</stop>
    <stop arrival="12:42">Sletten (Bergen)</stop>
  </route>
  <route no="90" destination="Støbotn snuplass" url="http://www.web2051.no/bin/tp/zuginfo.exe/on/677571/230734/583000/65644/1/" trafficDays="kjører Lø, ikke 1. Mai">
    <stop departure="11:05" routeNo="90">Sletten (Bergen)</stop>
    <stop arrival="11:07" departure="11:07">Johan Hjorts vei</stop>
    <stop arrival="11:08" departure="11:08">Bergenshallen</stop>
    <stop arrival="11:09" departure="11:09">Sletten Shoppingsenter</stop>
    <stop arrival="11:10" departure="11:10">Fageråsen</stop>
    <stop arrival="11:11" departure="11:11">Hagerups vei</stop>
    <stop arrival="11:12" departure="11:12">Natlandsv. v/Hagerupsvei</stop>
    <stop arrival="11:13" departure="11:13">Langhaugen</stop>
    <stop arrival="11:14" departure="11:14">Fridalen</stop>
    <stop arrival="11:15" departure="11:15">Haukelandsveien</stop>
    <stop arrival="11:16" departure="11:16">Ibsens gate /Haukeland sykehus</stop>
    <stop arrival="11:18" departure="11:18">Bjørnsons gate</stop>
    <stop arrival="11:20" departure="11:20">Årstad VGS</stop>
    <stop arrival="11:21" departure="11:21">Danmarksplass v/Forum kino</stop>
    <stop arrival="11:25" departure="11:25">Bergen Busstasjon</stop>
    <stop arrival="11:28" departure="11:28">Christies gate (Festplassen)</stop>
    <stop arrival="11:31" departure="11:31">Torget (Bergen)</stop>
    <stop arrival="11:32" departure="11:32">Bryggen</stop>
    <stop arrival="11:32" departure="11:32">Slottsgaten</stop>
    <stop arrival="11:33" departure="11:33">Bontelabo</stop>
    <stop arrival="11:34" departure="11:34">Skutevikstorget</stop>
    <stop arrival="11:34" departure="11:34">Sjøgaten</stop>
    <stop arrival="11:35" departure="11:35">Sandvikstorget</stop>
    <stop arrival="11:36" departure="11:36">Ludebryggen</stop>
    <stop arrival="11:36" departure="11:36">Munkebotten</stop>
    <stop arrival="11:38" departure="11:38">Nyhavnsvei (Gamle Bergen)</stop>
    <stop arrival="11:39" departure="11:39">Handelshøyskolen</stop>
    <stop arrival="11:41" departure="11:41">Eidsvåg</stop>
    <stop arrival="11:46" departure="11:46">Åsane terminal</stop>
    <stop arrival="11:47" departure="11:47">Åsane Brannstasjon</stop>
    <stop arrival="11:48" departure="11:48">Flatevad</stop>
    <stop arrival="11:49" departure="11:49">Spondalen</stop>
    <stop arrival="11:49" departure="11:49">Torvbakken</stop>
    <stop arrival="11:50" departure="11:50">Morvikbotn</stop>
    <stop arrival="11:51" departure="11:51">Viddalen</stop>
    <stop arrival="11:52" departure="11:52">Bakketoppen, Morvik</stop>
    <stop arrival="11:54" departure="11:54">Kollbudalen</stop>
    <stop arrival="11:55" departure="11:55">Saudalen</stop>
    <stop arrival="11:56" departure="11:56">Saudalskleivane</stop>
    <stop arrival="11:57" departure="11:57">Lokketodalen</stop>
    <stop arrival="11:58" departure="11:58">Slettestølen</stop>
    <stop arrival="11:59" departure="11:59">Marikollen</stop>
    <stop arrival="12:00" departure="12:00">Toppe</stop>
    <stop arrival="12:01">Støbotn snuplass</stop>
  </route>
  <route no="90" destination="Salhus kai" url="http://www.web2051.no/bin/tp/zuginfo.exe/on/636813/217120/154018/135262/1/" trafficDays="kjører Sø, også 1., 13., 17., 24. Mai">
    <stop departure="11:05" routeNo="90">Sletten (Bergen)</stop>
    <stop arrival="11:07" departure="11:07">Johan Hjorts vei</stop>
    <stop arrival="11:08" departure="11:08">Bergenshallen</stop>
    <stop arrival="11:09" departure="11:09">Sletten Shoppingsenter</stop>
    <stop arrival="11:10" departure="11:10">Fageråsen</stop>
    <stop arrival="11:11" departure="11:11">Hagerups vei</stop>
    <stop arrival="11:12" departure="11:12">Natlandsv. v/Hagerupsvei</stop>
    <stop arrival="11:13" departure="11:13">Langhaugen</stop>
    <stop arrival="11:14" departure="11:14">Fridalen</stop>
    <stop arrival="11:15" departure="11:15">Haukelandsveien</stop>
    <stop arrival="11:16" departure="11:16">Ibsens gate /Haukeland sykehus</stop>
    <stop arrival="11:18" departure="11:18">Bjørnsons gate</stop>
    <stop arrival="11:20" departure="11:20">Årstad VGS</stop>
    <stop arrival="11:22" departure="11:22">Danmarksplass v/Forum kino</stop>
    <stop arrival="11:28" departure="11:28">Bergen Busstasjon</stop>
    <stop arrival="11:30" departure="11:30">Christies gate (Festplassen)</stop>
    <stop arrival="11:33" departure="11:33">Torget (Bergen)</stop>
    <stop arrival="11:34" departure="11:34">Bryggen</stop>
    <stop arrival="11:34" departure="11:34">Slottsgaten</stop>
    <stop arrival="11:35" departure="11:35">Bontelabo</stop>
    <stop arrival="11:36" departure="11:36">Skutevikstorget</stop>
    <stop arrival="11:36" departure="11:36">Sjøgaten</stop>
    <stop arrival="11:37" departure="11:37">Sandvikstorget</stop>
    <stop arrival="11:38" departure="11:38">Ludebryggen</stop>
    <stop arrival="11:38" departure="11:38">Munkebotten</stop>
    <stop arrival="11:40" departure="11:40">Nyhavnsvei (Gamle Bergen)</stop>
    <stop arrival="11:41" departure="11:41">Handelshøyskolen</stop>
    <stop arrival="11:43" departure="11:43">Eidsvåg</stop>
    <stop arrival="11:48" departure="11:48">Åsane terminal</stop>
    <stop arrival="11:49" departure="11:49">Åsane Brannstasjon</stop>
    <stop arrival="11:50" departure="11:50">Flatevad</stop>
    <stop arrival="11:51" departure="11:51">Spondalen</stop>
    <stop arrival="11:51" departure="11:51">Torvbakken</stop>
    <stop arrival="11:52" departure="11:52">Morvikbotn</stop>
    <stop arrival="11:53" departure="11:53">Viddalen</stop>
    <stop arrival="11:54" departure="11:54">Bakketoppen, Morvik</stop>
    <stop arrival="11:56" departure="11:56">Kollbudalen</stop>
    <stop arrival="11:57" departure="11:57">Saudalen</stop>
    <stop arrival="11:58" departure="11:58">Saudalskleivane</stop>
    <stop arrival="11:59" departure="11:59">Lokketodalen</stop>
    <stop arrival="12:00" departure="12:00">Slettestølen</stop>
    <stop arrival="12:01" departure="12:01">Marikollen</stop>
    <stop arrival="12:02" departure="12:02">Toppe</stop>
    <stop arrival="12:03" departure="12:03">Støbotn snuplass</stop>
    <stop arrival="12:04" departure="12:04">Matre</stop>
    <stop arrival="12:05" departure="12:05">Kistebakkane</stop>
    <stop arrival="12:07" departure="12:07">Nygård, Salhus</stop>
    <stop arrival="12:07" departure="12:07">Langeland (Åsane)</stop>
    <stop arrival="12:08">Salhus kai</stop>
  </route>
  <route no="90" destination="Sletten (Bergen)" url="http://www.web2051.no/bin/tp/zuginfo.exe/on/614937/209827/199946/105007/1/" trafficDays="kjører Sø, også 1., 13., 17., 24. Mai">
    <stop departure="11:45" routeNo="90">Støbotn snuplass</stop>
    <stop arrival="11:46" departure="11:46">Toppe</stop>
    <stop arrival="11:47" departure="11:47">Marikollen</stop>
    <stop arrival="11:47" departure="11:47">Slettestølen</stop>
    <stop arrival="11:48" departure="11:48">Lokketodalen</stop>
    <stop arrival="11:49" departure="11:49">Saudalskleivane</stop>
    <stop arrival="11:51" departure="11:51">Kollbudalen</stop>
    <stop arrival="11:52" departure="11:52">Bakketoppen, Morvik</stop>
    <stop arrival="11:53" departure="11:53">Viddalen</stop>
    <stop arrival="11:55" departure="11:55">Morvikbotn</stop>
    <stop arrival="11:56" departure="11:56">Torvbakken</stop>
    <stop arrival="11:57" departure="11:57">Spondalen</stop>
    <stop arrival="11:58" departure="11:58">Flatevad</stop>
    <stop arrival="11:59" departure="11:59">Åsane Brannstasjon</stop>
    <stop arrival="12:00" departure="12:00">Åsane terminal</stop>
    <stop arrival="12:01" departure="12:01">Hesthaugen</stop>
    <stop arrival="12:02" departure="12:02">Stamskaret</stop>
    <stop arrival="12:03" departure="12:03">Tertneskrysset nyevegen</stop>
    <stop arrival="12:05" departure="12:05">Eidsvåg</stop>
    <stop arrival="12:07" departure="12:07">Handelshøyskolen</stop>
    <stop arrival="12:08" departure="12:08">Nyhavnsvei (Gamle Bergen)</stop>
    <stop arrival="12:10" departure="12:10">Munkebotten</stop>
    <stop arrival="12:11" departure="12:11">Ludebryggen</stop>
    <stop arrival="12:12" departure="12:12">Sandvikstorget</stop>
    <stop arrival="12:13" departure="12:13">Skutevikstorget</stop>
    <stop arrival="12:14" departure="12:14">Bontelabo</stop>
    <stop arrival="12:15" departure="12:15">Slottsgaten</stop>
    <stop arrival="12:16" departure="12:16">Bryggen</stop>
    <stop arrival="12:17" departure="12:17">Olav Kyrres gate</stop>
    <stop arrival="12:22" departure="12:22">Bergen Busstasjon</stop>
    <stop arrival="12:27" departure="12:27">Danmarksplass/ Ibsens gt.</stop>
    <stop arrival="12:30" departure="12:30">Bjørnsons gate</stop>
    <stop arrival="12:32" departure="12:32">Haukelandsveien</stop>
    <stop arrival="12:33" departure="12:33">Fridalen</stop>
    <stop arrival="12:34" departure="12:34">Langhaugen</stop>
    <stop arrival="12:35" departure="12:35">Landåssvingen</stop>
    <stop arrival="12:36" departure="12:36">Hagerups vei</stop>
    <stop arrival="12:37" departure="12:37">Fageråsen</stop>
    <stop arrival="12:38" departure="12:38">Sletten Shoppingsenter</stop>
    <stop arrival="12:39" departure="12:39">Bergenshallen</stop>
    <stop arrival="12:40" departure="12:40">Johan Hjorts vei</stop>
    <stop arrival="12:42">Sletten (Bergen)</stop>
  </route>
  <route no="90" destination="Sletten (Bergen)" url="http://www.web2051.no/bin/tp/zuginfo.exe/on/842463/285697/888266/163315/1/" trafficDays="kjører Lø, ikke 1. Mai">
    <stop departure="11:45" routeNo="90">Støbotn snuplass</stop>
    <stop arrival="11:46" departure="11:46">Toppe</stop>
    <stop arrival="11:47" departure="11:47">Marikollen</stop>
    <stop arrival="11:47" departure="11:47">Slettestølen</stop>
    <stop arrival="11:48" departure="11:48">Lokketodalen</stop>
    <stop arrival="11:49" departure="11:49">Saudalskleivane</stop>
    <stop arrival="11:51" departure="11:51">Kollbudalen</stop>
    <stop arrival="11:52" departure="11:52">Bakketoppen, Morvik</stop>
    <stop arrival="11:53" departure="11:53">Viddalen</stop>
    <stop arrival="11:55" departure="11:55">Morvikbotn</stop>
    <stop arrival="11:56" departure="11:56">Torvbakken</stop>
    <stop arrival="11:57" departure="11:57">Spondalen</stop>
    <stop arrival="11:58" departure="11:58">Flatevad</stop>
    <stop arrival="11:59" departure="11:59">Åsane Brannstasjon</stop>
    <stop arrival="12:00" departure="12:00">Åsane terminal</stop>
    <stop arrival="12:05" departure="12:05">Eidsvåg</stop>
    <stop arrival="12:07" departure="12:07">Handelshøyskolen</stop>
    <stop arrival="12:09" departure="12:09">Nyhavnsvei (Gamle Bergen)</stop>
    <stop arrival="12:11" departure="12:11">Munkebotten</stop>
    <stop arrival="12:12" departure="12:12">Ludebryggen</stop>
    <stop arrival="12:13" departure="12:13">Sandvikstorget</stop>
    <stop arrival="12:15" departure="12:15">Skutevikstorget</stop>
    <stop arrival="12:16" departure="12:16">Bontelabo</stop>
    <stop arrival="12:17" departure="12:17">Slottsgaten</stop>
    <stop arrival="12:19" departure="12:19">Bryggen</stop>
    <stop arrival="12:20" departure="12:20">Olav Kyrres gate</stop>
    <stop arrival="12:25" departure="12:25">Bergen Busstasjon</stop>
    <stop arrival="12:30" departure="12:30">Danmarksplass/ Ibsens gt.</stop>
    <stop arrival="12:33" departure="12:33">Bjørnsons gate</stop>
    <stop arrival="12:35" departure="12:35">Haukelandsveien</stop>
    <stop arrival="12:36" departure="12:36">Fridalen</stop>
    <stop arrival="12:37" departure="12:37">Langhaugen</stop>
    <stop arrival="12:38" departure="12:38">Landåssvingen</stop>
    <stop arrival="12:39" departure="12:39">Hagerups vei</stop>
    <stop arrival="12:40" departure="12:40">Fageråsen</stop>
    <stop arrival="12:41" departure="12:41">Sletten Shoppingsenter</stop>
    <stop arrival="12:42" departure="12:42">Bergenshallen</stop>
    <stop arrival="12:43" departure="12:43">Johan Hjorts vei</stop>
    <stop arrival="12:45">Sletten (Bergen)</stop>
  </route>
  <route no="90" destination="Støbotn snuplass" url="http://www.web2051.no/bin/tp/zuginfo.exe/on/829053/281266/682532/64918/1/" trafficDays="kjører Ma - Fr, ikke 13., 17., 24. Mai">
    <stop departure="11:10" routeNo="90">Sletten (Bergen)</stop>
    <stop arrival="11:12" departure="11:12">Johan Hjorts vei</stop>
    <stop arrival="11:13" departure="11:13">Bergenshallen</stop>
    <stop arrival="11:14" departure="11:14">Sletten Shoppingsenter</stop>
    <stop arrival="11:15" departure="11:15">Fageråsen</stop>
    <stop arrival="11:16" departure="11:16">Hagerups vei</stop>
    <stop arrival="11:17" departure="11:17">Natlandsv. v/Hagerupsvei</stop>
    <stop arrival="11:18" departure="11:18">Langhaugen</stop>
    <stop arrival="11:19" departure="11:19">Fridalen</stop>
    <stop arrival="11:20" departure="11:20">Haukelandsveien</stop>
    <stop arrival="11:22" departure="11:22">Ibsens gate /Haukeland sykehus</stop>
    <stop arrival="11:24" departure="11:24">Bjørnsons gate</stop>
    <stop arrival="11:28" departure="11:28">Årstad VGS</stop>
    <stop arrival="11:29" departure="11:29">Danmarksplass v/Forum kino</stop>
    <stop arrival="11:33" departure="11:33">Bergen Busstasjon</stop>
    <stop arrival="11:35" departure="11:35">Christies gate (Festplassen)</stop>
    <stop arrival="11:38" departure="11:38">Torget (Bergen)</stop>
    <stop arrival="11:39" departure="11:39">Bryggen</stop>
    <stop arrival="11:39" departure="11:39">Slottsgaten</stop>
    <stop arrival="11:40" departure="11:40">Bontelabo</stop>
    <stop arrival="11:41" departure="11:41">Skutevikstorget</stop>
    <stop arrival="11:41" departure="11:41">Sjøgaten</stop>
    <stop arrival="11:42" departure="11:42">Sandvikstorget</stop>
    <stop arrival="11:43" departure="11:43">Ludebryggen</stop>
    <stop arrival="11:43" departure="11:43">Munkebotten</stop>
    <stop arrival="11:45" departure="11:45">Nyhavnsvei (Gamle Bergen)</stop>
    <stop arrival="11:46" departure="11:46">Handelshøyskolen</stop>
    <stop arrival="11:48" departure="11:48">Eidsvåg</stop>
    <stop arrival="11:53" departure="11:53">Åsane terminal</stop>
    <stop arrival="11:54" departure="11:54">Åsane Brannstasjon</stop>
    <stop arrival="11:55" departure="11:55">Flatevad</stop>
    <stop arrival="11:56" departure="11:56">Spondalen</stop>
    <stop arrival="11:56" departure="11:56">Torvbakken</stop>
    <stop arrival="11:57" departure="11:57">Morvikbotn</stop>
    <stop arrival="11:58" departure="11:58">Viddalen</stop>
    <stop arrival="11:59" departure="11:59">Bakketoppen, Morvik</stop>
    <stop arrival="12:01" departure="12:01">Kollbudalen</stop>
    <stop arrival="12:02" departure="12:02">Saudalen</stop>
    <stop arrival="12:03" departure="12:03">Saudalskleivane</stop>
    <stop arrival="12:04" departure="12:04">Lokketodalen</stop>
    <stop arrival="12:05" departure="12:05">Slettestølen</stop>
    <stop arrival="12:06" departure="12:06">Marikollen</stop>
    <stop arrival="12:07" departure="12:07">Toppe</stop>
    <stop arrival="12:08">Støbotn snuplass</stop>
  </route>
</routes>
