<?xml version="1.0" encoding="UTF-8"?>
<routes>
  <route no="524" destination="Espeland kai (Fana)" url="http://www.web2051.no/bin/tp/zuginfo.exe/on/508110/174670/159678/89531/1/" trafficDays="kjører Lø, ikke 1. Mai">
    <stop departure="10:50" routeNo="524">Birkelandskrysset Terminal</stop>
    <stop arrival="10:51" departure="10:51">Kokstadskiftet</stop>
    <stop arrival="10:53" departure="10:53">Liland (Flyplassvegen)</stop>
    <stop arrival="10:55" departure="10:55">Flesland Flyplass</stop>
    <stop arrival="10:56" departure="10:56">Lønningen (Fana)</stop>
    <stop arrival="10:56" departure="10:56">Liland (Fana)</stop>
    <stop arrival="10:56" departure="10:56">Liland skole</stop>
    <stop arrival="10:57" departure="10:57">Blomsterdalen</stop>
    <stop arrival="10:58" departure="10:58">Grana</stop>
    <stop arrival="10:59" departure="10:59">Nobi</stop>
    <stop arrival="11:00" departure="11:00">Sommerleiren</stop>
    <stop arrival="11:02" departure="11:02">Slettenskiftet</stop>
    <stop arrival="11:03" departure="11:03">Flesland gård</stop>
    <stop arrival="11:04" departure="11:04">Flesland bruktjern</stop>
    <stop arrival="11:05" departure="11:05">Flesland</stop>
    <stop arrival="11:05" departure="11:05">Flesland snuplass</stop>
    <stop arrival="11:06" departure="11:06">Flesland</stop>
    <stop arrival="11:06" departure="11:06">Flesland bruktjern</stop>
    <stop arrival="11:07" departure="11:07">Flesland gård</stop>
    <stop arrival="11:08" departure="11:08">Slettenskiftet</stop>
    <stop arrival="11:10" departure="11:10">Sommerleiren</stop>
    <stop arrival="11:11" departure="11:11">Nobi</stop>
    <stop arrival="11:13" departure="11:13">Grana</stop>
    <stop arrival="11:14" departure="11:14">Blomsterdalen</stop>
    <stop arrival="11:15" departure="11:15">Ådlandsflaten</stop>
    <stop arrival="11:16" departure="11:16">Ådlandsskiftet</stop>
    <stop arrival="11:17" departure="11:17">E. Espeland</stop>
    <stop arrival="11:18" departure="11:18">Myntevik</stop>
    <stop arrival="11:19" departure="11:19">M. Espeland</stop>
    <stop arrival="11:19" departure="11:19">Wiikskiftet</stop>
    <stop arrival="11:20">Espeland kai (Fana)</stop>
  </route>
  <route no="524" destination="Birkelandskrysset Terminal" url="http://www.web2051.no/bin/tp/zuginfo.exe/on/313332/109745/718080/254596/1/" trafficDays="kjører Lø, ikke 1. Mai">
    <stop departure="11:20" routeNo="524">Espeland kai (Fana)</stop>
    <stop arrival="11:21" departure="11:21">Wiikskiftet</stop>
    <stop arrival="11:21" departure="11:21">M. Espeland</stop>
    <stop arrival="11:22" departure="11:22">Myntevik</stop>
    <stop arrival="11:23" departure="11:23">E. Espeland</stop>
    <stop arrival="11:24" departure="11:24">Ådlandsskiftet</stop>
    <stop arrival="11:25" departure="11:25">Ådlandsflaten</stop>
    <stop arrival="11:26" departure="11:26">Blomsterdalen</stop>
    <stop arrival="11:27" departure="11:27">Grana</stop>
    <stop arrival="11:28" departure="11:28">Nobi</stop>
    <stop arrival="11:29" departure="11:29">Sommerleiren</stop>
    <stop arrival="11:31" departure="11:31">Slettenskiftet</stop>
    <stop arrival="11:33" departure="11:33">Flesland gård</stop>
    <stop arrival="11:34" departure="11:34">Flesland bruktjern</stop>
    <stop arrival="11:34" departure="11:34">Flesland</stop>
    <stop arrival="11:35" departure="11:35">Flesland snuplass</stop>
    <stop arrival="11:36" departure="11:36">Flesland</stop>
    <stop arrival="11:36" departure="11:36">Flesland bruktjern</stop>
    <stop arrival="11:37" departure="11:37">Flesland gård</stop>
    <stop arrival="11:38" departure="11:38">Slettenskiftet</stop>
    <stop arrival="11:40" departure="11:40">Sommerleiren</stop>
    <stop arrival="11:41" departure="11:41">Nobi</stop>
    <stop arrival="11:43" departure="11:43">Grana</stop>
    <stop arrival="11:44" departure="11:44">Blomsterdalen</stop>
    <stop arrival="11:44" departure="11:44">Liland skole</stop>
    <stop arrival="11:44" departure="11:44">Liland (Fana)</stop>
    <stop arrival="11:45" departure="11:45">Lønningen (Fana)</stop>
    <stop arrival="11:45" departure="11:45">Flesland Flyplass</stop>
    <stop arrival="11:47" departure="11:47">Liland (Flyplassvegen)</stop>
    <stop arrival="11:50" departure="11:50">Kokstadskiftet</stop>
    <stop arrival="11:50">Birkelandskrysset Terminal</stop>
  </route>
  <route no="524" destination="Espeland kai (Fana)" url="http://www.web2051.no/bin/tp/zuginfo.exe/on/125049/46992/285616/101125/1/" trafficDays="kjører Ma - Fr, ikke 13., 17., 24. Mai">
    <stop departure="11:20" routeNo="524">Birkelandskrysset Terminal</stop>
    <stop arrival="11:21" departure="11:21">Blomsterdalen</stop>
    <stop arrival="11:23" departure="11:23">Ådlandsflaten</stop>
    <stop arrival="11:24" departure="11:24">Ådlandsskiftet</stop>
    <stop arrival="11:26" departure="11:26">E. Espeland</stop>
    <stop arrival="11:27" departure="11:27">Myntevik</stop>
    <stop arrival="11:28" departure="11:28">M. Espeland</stop>
    <stop arrival="11:29" departure="11:29">Wiikskiftet</stop>
    <stop arrival="11:30">Espeland kai (Fana)</stop>
  </route>
  <route no="524" destination="Birkelandskrysset Terminal" url="http://www.web2051.no/bin/tp/zuginfo.exe/on/35790/17240/246226/111183/1/" trafficDays="kjører Ma - Fr, ikke 13., 17., 24. Mai">
    <stop departure="11:35" routeNo="524">Espeland kai (Fana)</stop>
    <stop arrival="11:36" departure="11:36">Wiikskiftet</stop>
    <stop arrival="11:36" departure="11:36">M. Espeland</stop>
    <stop arrival="11:37" departure="11:37">Myntevik</stop>
    <stop arrival="11:38" departure="11:38">E. Espeland</stop>
    <stop arrival="11:40" departure="11:40">Ådlandsskiftet</stop>
    <stop arrival="11:41" departure="11:41">Ådlandsflaten</stop>
    <stop arrival="11:42" departure="11:42">Blomsterdalen</stop>
    <stop arrival="11:45">Birkelandskrysset Terminal</stop>
  </route>
</routes>
