<?xml version="1.0" encoding="UTF-8"?>
<routes>
  <route no="546" destination="Nesttun terminal" url="http://www.web2051.no/bin/tp/zuginfo.exe/on/477924/164742/780148/230767/1/" trafficDays="kjører Lø, ikke 1. Mai">
    <stop departure="10:40" routeNo="546">Nesttun terminal</stop>
    <stop arrival="10:41" departure="10:41">Nesttun</stop>
    <stop arrival="10:41" departure="10:41">Herredshuset, Nesttun</stop>
    <stop arrival="10:42" departure="10:42">Midtun bro</stop>
    <stop arrival="10:43" departure="10:43">Midttunflaten</stop>
    <stop arrival="10:44" departure="10:44">Ulsmågveien 12-14</stop>
    <stop arrival="10:44" departure="10:44">Ulsmågveien 29</stop>
    <stop arrival="10:45" departure="10:45">Ulsmåg skole</stop>
    <stop arrival="10:46" departure="10:46">Elvaneset 4</stop>
    <stop arrival="10:47" departure="10:47">Elvaneset 3</stop>
    <stop arrival="10:47" departure="10:47">Sørlia</stop>
    <stop arrival="10:49" departure="10:49">Øvsttun</stop>
    <stop arrival="10:50" departure="10:50">Solåsen</stop>
    <stop arrival="10:50" departure="10:50">Øvsttun kapell</stop>
    <stop arrival="10:51" departure="10:51">Dynevoll</stop>
    <stop arrival="10:51" departure="10:51">Elvenes</stop>
    <stop arrival="10:53" departure="10:53">Elvenes 1</stop>
    <stop arrival="10:53" departure="10:53">Elvenes 2</stop>
    <stop arrival="10:54" departure="10:54">Elvaneset 4</stop>
    <stop arrival="10:55" departure="10:55">Elvaneset 5</stop>
    <stop arrival="10:56" departure="10:56">Ulsmåg skole</stop>
    <stop arrival="10:57" departure="10:57">Ulsmågveien 29</stop>
    <stop arrival="10:58" departure="10:58">Ulsmågveien 12-14</stop>
    <stop arrival="11:00" departure="11:00">Midttunflaten</stop>
    <stop arrival="11:01" departure="11:01">Midtun bro</stop>
    <stop arrival="11:03" departure="11:03">Herredshuset, Nesttun</stop>
    <stop arrival="11:04" departure="11:04">Nesttun</stop>
    <stop arrival="11:05">Nesttun terminal</stop>
  </route>
  <route no="22" destination="Birkelundstoppen" url="http://www.web2051.no/bin/tp/zuginfo.exe/on/903258/305091/609394/3611/1/" trafficDays="kjører Sø, også 1., 13., 17., 24. Mai">
    <stop departure="10:59" routeNo="22">Nesttun terminal</stop>
    <stop arrival="11:00" departure="11:00">Nesttun</stop>
    <stop arrival="11:00" departure="11:00">Herredshuset, Nesttun</stop>
    <stop arrival="11:01" departure="11:01">Midtun bro</stop>
    <stop arrival="11:03" departure="11:03">Midttunflaten</stop>
    <stop arrival="11:04" departure="11:04">Sandbrekkeveien</stop>
    <stop arrival="11:04" departure="11:04">Sandalskollen</stop>
    <stop arrival="11:06" departure="11:06">Kringlebotn</stop>
    <stop arrival="11:07" departure="11:07">Kjenndalslia</stop>
    <stop arrival="11:08" departure="11:08">Kjenndalsåsen</stop>
    <stop arrival="11:09" departure="11:09">Sandalsringen snuplass</stop>
    <stop arrival="11:10" departure="11:10">Helldalslia</stop>
    <stop arrival="11:11" departure="11:11">Helldalslia</stop>
    <stop arrival="11:11" departure="11:11">Indre Sædal</stop>
    <stop arrival="11:13" departure="11:13">Rinddalen</stop>
    <stop arrival="11:17" departure="11:17">Merkurvegen (nyeveien)</stop>
    <stop arrival="11:19" departure="11:19">Nattland gård (nyeveien)</stop>
    <stop arrival="11:21">Birkelundstoppen</stop>
  </route>
  <route no="546" destination="Nesttun terminal" url="http://www.web2051.no/bin/tp/zuginfo.exe/on/870927/295754/151866/214377/1/" trafficDays="kjører Ma - Fr, ikke 13., 17., 24. Mai">
    <stop departure="11:05" routeNo="546">Nesttun terminal</stop>
    <stop arrival="11:06" departure="11:06">Nesttun</stop>
    <stop arrival="11:06" departure="11:06">Herredshuset, Nesttun</stop>
    <stop arrival="11:07" departure="11:07">Midtun bro</stop>
    <stop arrival="11:08" departure="11:08">Midttunflaten</stop>
    <stop arrival="11:09" departure="11:09">Ulsmågveien 12-14</stop>
    <stop arrival="11:09" departure="11:09">Ulsmågveien 29</stop>
    <stop arrival="11:10" departure="11:10">Ulsmåg skole</stop>
    <stop arrival="11:11" departure="11:11">Elvaneset 4</stop>
    <stop arrival="11:12" departure="11:12">Elvaneset 3</stop>
    <stop arrival="11:12" departure="11:12">Sørlia</stop>
    <stop arrival="11:14" departure="11:14">Øvsttun</stop>
    <stop arrival="11:15" departure="11:15">Solåsen</stop>
    <stop arrival="11:15" departure="11:15">Øvsttun kapell</stop>
    <stop arrival="11:16" departure="11:16">Dynevoll</stop>
    <stop arrival="11:16" departure="11:16">Elvenes</stop>
    <stop arrival="11:18" departure="11:18">Elvenes 1</stop>
    <stop arrival="11:18" departure="11:18">Elvenes 2</stop>
    <stop arrival="11:19" departure="11:19">Elvaneset 4</stop>
    <stop arrival="11:20" departure="11:20">Elvaneset 5</stop>
    <stop arrival="11:21" departure="11:21">Ulsmåg skole</stop>
    <stop arrival="11:22" departure="11:22">Ulsmågveien 29</stop>
    <stop arrival="11:23" departure="11:23">Ulsmågveien 12-14</stop>
    <stop arrival="11:25" departure="11:25">Midttunflaten</stop>
    <stop arrival="11:26" departure="11:26">Midtun bro</stop>
    <stop arrival="11:28" departure="11:28">Herredshuset, Nesttun</stop>
    <stop arrival="11:29" departure="11:29">Nesttun</stop>
    <stop arrival="11:30">Nesttun terminal</stop>
  </route>
  <route no="22" destination="Birkelundstoppen" url="http://www.web2051.no/bin/tp/zuginfo.exe/on/513252/175140/59580/141298/1/" trafficDays="kjører Ma - Fr, ikke 13., 17., 24. Mai">
    <stop departure="10:45" routeNo="22">Olav Kyrres gate</stop>
    <stop arrival="10:50" departure="10:50">Bergen Busstasjon</stop>
    <stop arrival="10:55" departure="10:55">Danmarksplass</stop>
    <stop arrival="10:56" departure="10:56">Solheimsgaten</stop>
    <stop arrival="10:57" departure="10:57">Reperbanen</stop>
    <stop arrival="10:58" departure="10:58">Fjøsangerveien/ Minde Allè</stop>
    <stop arrival="11:00" departure="11:00">Minde</stop>
    <stop arrival="11:01" departure="11:01">Elvebakken</stop>
    <stop arrival="11:01" departure="11:01">Storetveit</stop>
    <stop arrival="11:01" departure="11:01">Fantoft</stop>
    <stop arrival="11:02" departure="11:02">Nydalen</stop>
    <stop arrival="11:03" departure="11:03">Paradis</stop>
    <stop arrival="11:04" departure="11:04">Tveiteråsskiftet</stop>
    <stop arrival="11:05" departure="11:05">Hopsbro</stop>
    <stop arrival="11:07" departure="11:07">Hopstangen</stop>
    <stop arrival="11:08" departure="11:08">Nesttun terminal</stop>
    <stop arrival="11:09" departure="11:09">Nesttun</stop>
    <stop arrival="11:09" departure="11:09">Herredshuset, Nesttun</stop>
    <stop arrival="11:10" departure="11:10">Midtun bro</stop>
    <stop arrival="11:12" departure="11:12">Midttunflaten</stop>
    <stop arrival="11:13" departure="11:13">Sandbrekkeveien</stop>
    <stop arrival="11:13" departure="11:13">Sandalskollen</stop>
    <stop arrival="11:15" departure="11:15">Kringlebotn</stop>
    <stop arrival="11:16" departure="11:16">Kjenndalslia</stop>
    <stop arrival="11:17" departure="11:17">Kjenndalsåsen</stop>
    <stop arrival="11:18" departure="11:18">Sandalsringen snuplass</stop>
    <stop arrival="11:19" departure="11:19">Helldalslia</stop>
    <stop arrival="11:20" departure="11:20">Helldalslia</stop>
    <stop arrival="11:20" departure="11:20">Indre Sædal</stop>
    <stop arrival="11:21" departure="11:21">Rinddalen</stop>
    <stop arrival="11:23" departure="11:23">Merkurvegen (nyeveien)</stop>
    <stop arrival="11:24" departure="11:24">Nattland gård (nyeveien)</stop>
    <stop arrival="11:25">Birkelundstoppen</stop>
  </route>
  <route no="900" destination="Arna terminal" url="http://www.web2051.no/bin/tp/zuginfo.exe/on/210216/71249/293794/76826/1/" trafficDays="kjører Ma - Fr, ikke 13., 17., 24. Mai">
    <stop departure="11:10" routeNo="900">Nesttun terminal</stop>
    <stop arrival="11:11" departure="11:11">Nesttun</stop>
    <stop arrival="11:11" departure="11:11">Herredshuset, Nesttun</stop>
    <stop arrival="11:12" departure="11:12">Midtun bro</stop>
    <stop arrival="11:13" departure="11:13">Midttunflaten</stop>
    <stop arrival="11:15" departure="11:15">BKK Trafo (Helldal)</stop>
    <stop arrival="11:16" departure="11:16">Helldal (Fana)</stop>
    <stop arrival="11:17" departure="11:17">Helldal, Frank Mohn</stop>
    <stop arrival="11:18" departure="11:18">Helldal skole</stop>
    <stop arrival="11:19" departure="11:19">Grimen</stop>
    <stop arrival="11:20" departure="11:20">Grimen øst</stop>
    <stop arrival="11:21" departure="11:21">Bratland</stop>
    <stop arrival="11:22" departure="11:22">Søylen (Espeland)</stop>
    <stop arrival="11:23" departure="11:23">Haukeland vest (Arna)</stop>
    <stop arrival="11:23" departure="11:23">Haukeland (Arna)</stop>
    <stop arrival="11:24" departure="11:24">Haukeland øst (Arna)</stop>
    <stop arrival="11:24" departure="11:24">Lone vest</stop>
    <stop arrival="11:25" departure="11:25">Lone øst</stop>
    <stop arrival="11:25" departure="11:25">Espelandshallen (Arna)</stop>
    <stop arrival="11:26" departure="11:26">Espeland Janus (Arna)</stop>
    <stop arrival="11:28" departure="11:28">Espelandsmyrane fylkesvn.</stop>
    <stop arrival="11:29" departure="11:29">Sæthre steinindustri</stop>
    <stop arrival="11:30" departure="11:30">Arna busser</stop>
    <stop arrival="11:30" departure="11:30">Arnatveit</stop>
    <stop arrival="11:31" departure="11:31">Hølbekken</stop>
    <stop arrival="11:31" departure="11:31">Stølsvegen vest</stop>
    <stop arrival="11:32" departure="11:32">Stølsvegen</stop>
    <stop arrival="11:33" departure="11:33">Stølsvegen øst</stop>
    <stop arrival="11:35" departure="11:35">Roknetoppen</stop>
    <stop arrival="11:37" departure="11:37">Rokneholo</stop>
    <stop arrival="11:38" departure="11:38">Indre Arna skule</stop>
    <stop arrival="11:41" departure="11:41">Bommane (Åsane)</stop>
    <stop arrival="11:45">Arna terminal</stop>
  </route>
  <route no="900" destination="Nesttun terminal" url="http://www.web2051.no/bin/tp/zuginfo.exe/on/450306/151322/599168/149483/1/" trafficDays="kjører Ma - Fr, ikke 13., 17., 24. Mai">
    <stop departure="10:48" routeNo="900">Arna terminal</stop>
    <stop arrival="10:50" departure="10:50">Bommane (Arnatveitvegen)</stop>
    <stop arrival="10:51" departure="10:51">Indre Arna skule</stop>
    <stop arrival="10:51" departure="10:51">Rokneholo</stop>
    <stop arrival="10:52" departure="10:52">Roknetoppen</stop>
    <stop arrival="10:53" departure="10:53">Stølsvegen øst</stop>
    <stop arrival="10:53" departure="10:53">Stølsvegen</stop>
    <stop arrival="10:56" departure="10:56">Stølsvegen vest</stop>
    <stop arrival="10:56" departure="10:56">Arnatveit</stop>
    <stop arrival="10:57" departure="10:57">Arna busser</stop>
    <stop arrival="10:57" departure="10:57">Sæthre steinindustri</stop>
    <stop arrival="10:59" departure="10:59">Espelandsmyrane fylkesvn.</stop>
    <stop arrival="11:00" departure="11:00">Espeland Janus (Arna)</stop>
    <stop arrival="11:01" departure="11:01">Espelandshallen (Arna)</stop>
    <stop arrival="11:02" departure="11:02">Lone øst</stop>
    <stop arrival="11:03" departure="11:03">Lone vest</stop>
    <stop arrival="11:04" departure="11:04">Haukeland øst (Arna)</stop>
    <stop arrival="11:04" departure="11:04">Haukeland (Arna)</stop>
    <stop arrival="11:05" departure="11:05">Haukeland vest (Arna)</stop>
    <stop arrival="11:06" departure="11:06">Søylen (Espeland)</stop>
    <stop arrival="11:06" departure="11:06">Bratland</stop>
    <stop arrival="11:07" departure="11:07">Grimen øst</stop>
    <stop arrival="11:08" departure="11:08">Grimen</stop>
    <stop arrival="11:09" departure="11:09">Helldal skole</stop>
    <stop arrival="11:10" departure="11:10">Helldal, Frank Mohn</stop>
    <stop arrival="11:10" departure="11:10">Helldal (Fana)</stop>
    <stop arrival="11:12" departure="11:12">BKK Trafo (Helldal)</stop>
    <stop arrival="11:14" departure="11:14">Midttunflaten</stop>
    <stop arrival="11:15" departure="11:15">Midtun bro</stop>
    <stop arrival="11:17" departure="11:17">Herredshuset, Nesttun</stop>
    <stop arrival="11:18" departure="11:18">Nesttun</stop>
    <stop arrival="11:19">Nesttun terminal</stop>
  </route>
  <route no="22" destination="Birkelundstoppen" url="http://www.web2051.no/bin/tp/zuginfo.exe/on/433635/148570/956196/333553/1/" trafficDays="kjører Lø, ikke 1. Mai">
    <stop departure="10:45" routeNo="22">Olav Kyrres gate</stop>
    <stop arrival="10:50" departure="10:50">Bergen Busstasjon</stop>
    <stop arrival="10:54" departure="10:54">Danmarksplass</stop>
    <stop arrival="10:55" departure="10:55">Solheimsgaten</stop>
    <stop arrival="10:56" departure="10:56">Reperbanen</stop>
    <stop arrival="10:58" departure="10:58">Fjøsangerveien/ Minde Allè</stop>
    <stop arrival="11:01" departure="11:01">Minde</stop>
    <stop arrival="11:02" departure="11:02">Elvebakken</stop>
    <stop arrival="11:03" departure="11:03">Storetveit</stop>
    <stop arrival="11:03" departure="11:03">Fantoft</stop>
    <stop arrival="11:04" departure="11:04">Nydalen</stop>
    <stop arrival="11:05" departure="11:05">Paradis</stop>
    <stop arrival="11:06" departure="11:06">Tveiteråsskiftet</stop>
    <stop arrival="11:07" departure="11:07">Hopsbro</stop>
    <stop arrival="11:09" departure="11:09">Hopstangen</stop>
    <stop arrival="11:10" departure="11:10">Nesttun terminal</stop>
    <stop arrival="11:11" departure="11:11">Nesttun</stop>
    <stop arrival="11:11" departure="11:11">Herredshuset, Nesttun</stop>
    <stop arrival="11:12" departure="11:12">Midtun bro</stop>
    <stop arrival="11:14" departure="11:14">Midttunflaten</stop>
    <stop arrival="11:15" departure="11:15">Sandbrekkeveien</stop>
    <stop arrival="11:15" departure="11:15">Sandalskollen</stop>
    <stop arrival="11:17" departure="11:17">Kringlebotn</stop>
    <stop arrival="11:18" departure="11:18">Kjenndalslia</stop>
    <stop arrival="11:19" departure="11:19">Kjenndalsåsen</stop>
    <stop arrival="11:20" departure="11:20">Sandalsringen snuplass</stop>
    <stop arrival="11:21" departure="11:21">Helldalslia</stop>
    <stop arrival="11:22" departure="11:22">Helldalslia</stop>
    <stop arrival="11:22" departure="11:22">Indre Sædal</stop>
    <stop arrival="11:23" departure="11:23">Rinddalen</stop>
    <stop arrival="11:25" departure="11:25">Merkurvegen (nyeveien)</stop>
    <stop arrival="11:26" departure="11:26">Nattland gård (nyeveien)</stop>
    <stop arrival="11:27">Birkelundstoppen</stop>
  </route>
  <route no="22" destination="Bergen Busstasjon" url="http://www.web2051.no/bin/tp/zuginfo.exe/on/937971/316714/907240/140967/1/" trafficDays="kjører Ma - Fr, ikke 13., 17., 24. Mai">
    <stop departure="11:03" routeNo="22">Birkelundstoppen</stop>
    <stop arrival="11:04" departure="11:04">Nattland gård (nyeveien)</stop>
    <stop arrival="11:05" departure="11:05">Merkurvegen (nyeveien)</stop>
    <stop arrival="11:06" departure="11:06">Rinddalen</stop>
    <stop arrival="11:07" departure="11:07">Indre Sædal</stop>
    <stop arrival="11:07" departure="11:07">Helldalslia</stop>
    <stop arrival="11:08" departure="11:08">Helldalslia</stop>
    <stop arrival="11:09" departure="11:09">Helldalsåsen</stop>
    <stop arrival="11:10" departure="11:10">Kjenndalsåsen</stop>
    <stop arrival="11:11" departure="11:11">Kjenndalslia</stop>
    <stop arrival="11:13" departure="11:13">Kringlebotn</stop>
    <stop arrival="11:14" departure="11:14">Sandalskollen</stop>
    <stop arrival="11:15" departure="11:15">Sandbrekkeveien</stop>
    <stop arrival="11:16" departure="11:16">Midttunflaten</stop>
    <stop arrival="11:17" departure="11:17">Midtun bro</stop>
    <stop arrival="11:19" departure="11:19">Herredshuset, Nesttun</stop>
    <stop arrival="11:19" departure="11:19">Nesttun</stop>
    <stop arrival="11:20" departure="11:20">Nesttun terminal</stop>
    <stop arrival="11:22" departure="11:22">Hopsbro</stop>
    <stop arrival="11:24" departure="11:24">Tveiteråsskiftet</stop>
    <stop arrival="11:25" departure="11:25">Paradis</stop>
    <stop arrival="11:27" departure="11:27">Nydalen</stop>
    <stop arrival="11:29" departure="11:29">Fantoft</stop>
    <stop arrival="11:30" departure="11:30">Storetveit</stop>
    <stop arrival="11:30" departure="11:30">Elvebakken</stop>
    <stop arrival="11:31" departure="11:31">Minde</stop>
    <stop arrival="11:34" departure="11:34">Mindemyren</stop>
    <stop arrival="11:35" departure="11:35">Postterminalen</stop>
    <stop arrival="11:36" departure="11:36">Kanalveien v/LBK</stop>
    <stop arrival="11:38" departure="11:38">Danmarksplass v/Forum kino</stop>
    <stop arrival="11:41" departure="11:41">Bergen Busstasjon</stop>
    <stop arrival="11:44" departure="11:44">Christies gate (Festplassen)</stop>
    <stop arrival="11:49">Bergen Busstasjon</stop>
  </route>
  <route no="546" destination="Nesttun terminal" url="http://www.web2051.no/bin/tp/zuginfo.exe/on/150018/55451/905640/402815/1/" trafficDays="kjører Ma - Fr, ikke 13., 17., 24. Mai">
    <stop departure="11:05" routeNo="546">Nesttun terminal</stop>
    <stop arrival="11:06" departure="11:06">Nesttun</stop>
    <stop arrival="11:06" departure="11:06">Herredshuset, Nesttun</stop>
    <stop arrival="11:07" departure="11:07">Midtun bro</stop>
    <stop arrival="11:08" departure="11:08">Midttunflaten</stop>
    <stop arrival="11:09" departure="11:09">Ulsmågveien 12-14</stop>
    <stop arrival="11:09" departure="11:09">Ulsmågveien 29</stop>
    <stop arrival="11:10" departure="11:10">Ulsmåg skole</stop>
    <stop arrival="11:11" departure="11:11">Elvaneset 4</stop>
    <stop arrival="11:12" departure="11:12">Elvaneset 3</stop>
    <stop arrival="11:12" departure="11:12">Sørlia</stop>
    <stop arrival="11:14" departure="11:14">Øvsttun</stop>
    <stop arrival="11:15" departure="11:15">Solåsen</stop>
    <stop arrival="11:15" departure="11:15">Øvsttun kapell</stop>
    <stop arrival="11:16" departure="11:16">Dynevoll</stop>
    <stop arrival="11:16" departure="11:16">Elvenes</stop>
    <stop arrival="11:18" departure="11:18">Elvenes 1</stop>
    <stop arrival="11:18" departure="11:18">Elvenes 2</stop>
    <stop arrival="11:19" departure="11:19">Elvaneset 4</stop>
    <stop arrival="11:20" departure="11:20">Elvaneset 5</stop>
    <stop arrival="11:21" departure="11:21">Ulsmåg skole</stop>
    <stop arrival="11:22" departure="11:22">Ulsmågveien 29</stop>
    <stop arrival="11:23" departure="11:23">Ulsmågveien 12-14</stop>
    <stop arrival="11:25" departure="11:25">Midttunflaten</stop>
    <stop arrival="11:26" departure="11:26">Midtun bro</stop>
    <stop arrival="11:28" departure="11:28">Herredshuset, Nesttun</stop>
    <stop arrival="11:29" departure="11:29">Nesttun</stop>
    <stop arrival="11:30">Nesttun terminal</stop>
  </route>
  <route no="22" destination="Birkelundstoppen" url="http://www.web2051.no/bin/tp/zuginfo.exe/on/513363/175177/842862/250315/1/" trafficDays="kjører Ma - Fr, ikke 13., 17., 24. Mai">
    <stop departure="11:15" routeNo="22">Olav Kyrres gate</stop>
    <stop arrival="11:20" departure="11:20">Bergen Busstasjon</stop>
    <stop arrival="11:25" departure="11:25">Danmarksplass</stop>
    <stop arrival="11:26" departure="11:26">Solheimsgaten</stop>
    <stop arrival="11:27" departure="11:27">Reperbanen</stop>
    <stop arrival="11:28" departure="11:28">Fjøsangerveien/ Minde Allè</stop>
    <stop arrival="11:30" departure="11:30">Minde</stop>
    <stop arrival="11:31" departure="11:31">Elvebakken</stop>
    <stop arrival="11:31" departure="11:31">Storetveit</stop>
    <stop arrival="11:31" departure="11:31">Fantoft</stop>
    <stop arrival="11:32" departure="11:32">Nydalen</stop>
    <stop arrival="11:33" departure="11:33">Paradis</stop>
    <stop arrival="11:34" departure="11:34">Tveiteråsskiftet</stop>
    <stop arrival="11:35" departure="11:35">Hopsbro</stop>
    <stop arrival="11:37" departure="11:37">Hopstangen</stop>
    <stop arrival="11:38" departure="11:38">Nesttun terminal</stop>
    <stop arrival="11:39" departure="11:39">Nesttun</stop>
    <stop arrival="11:39" departure="11:39">Herredshuset, Nesttun</stop>
    <stop arrival="11:40" departure="11:40">Midtun bro</stop>
    <stop arrival="11:42" departure="11:42">Midttunflaten</stop>
    <stop arrival="11:43" departure="11:43">Sandbrekkeveien</stop>
    <stop arrival="11:43" departure="11:43">Sandalskollen</stop>
    <stop arrival="11:45" departure="11:45">Kringlebotn</stop>
    <stop arrival="11:46" departure="11:46">Kjenndalslia</stop>
    <stop arrival="11:47" departure="11:47">Kjenndalsåsen</stop>
    <stop arrival="11:48" departure="11:48">Sandalsringen snuplass</stop>
    <stop arrival="11:49" departure="11:49">Helldalslia</stop>
    <stop arrival="11:50" departure="11:50">Helldalslia</stop>
    <stop arrival="11:50" departure="11:50">Indre Sædal</stop>
    <stop arrival="11:51" departure="11:51">Rinddalen</stop>
    <stop arrival="11:53" departure="11:53">Merkurvegen (nyeveien)</stop>
    <stop arrival="11:54" departure="11:54">Nattland gård (nyeveien)</stop>
    <stop arrival="11:55">Birkelundstoppen</stop>
  </route>
  <route no="900" destination="Arna terminal" url="http://www.web2051.no/bin/tp/zuginfo.exe/on/102069/35165/444884/188419/1/" trafficDays="kjører daglig">
    <stop departure="11:40" routeNo="900">Nesttun terminal</stop>
    <stop arrival="11:41" departure="11:41">Nesttun</stop>
    <stop arrival="11:41" departure="11:41">Herredshuset, Nesttun</stop>
    <stop arrival="11:42" departure="11:42">Midtun bro</stop>
    <stop arrival="11:43" departure="11:43">Midttunflaten</stop>
    <stop arrival="11:45" departure="11:45">BKK Trafo (Helldal)</stop>
    <stop arrival="11:46" departure="11:46">Helldal (Fana)</stop>
    <stop arrival="11:47" departure="11:47">Helldal, Frank Mohn</stop>
    <stop arrival="11:48" departure="11:48">Helldal skole</stop>
    <stop arrival="11:49" departure="11:49">Grimen</stop>
    <stop arrival="11:50" departure="11:50">Grimen øst</stop>
    <stop arrival="11:51" departure="11:51">Bratland</stop>
    <stop arrival="11:52" departure="11:52">Søylen (Espeland)</stop>
    <stop arrival="11:53" departure="11:53">Haukeland vest (Arna)</stop>
    <stop arrival="11:53" departure="11:53">Haukeland (Arna)</stop>
    <stop arrival="11:54" departure="11:54">Haukeland øst (Arna)</stop>
    <stop arrival="11:54" departure="11:54">Lone vest</stop>
    <stop arrival="11:55" departure="11:55">Lone øst</stop>
    <stop arrival="11:55" departure="11:55">Espelandshallen (Arna)</stop>
    <stop arrival="11:56" departure="11:56">Espeland Janus (Arna)</stop>
    <stop arrival="11:58" departure="11:58">Espelandsmyrane fylkesvn.</stop>
    <stop arrival="11:59" departure="11:59">Sæthre steinindustri</stop>
    <stop arrival="12:00" departure="12:00">Arna busser</stop>
    <stop arrival="12:00" departure="12:00">Arnatveit</stop>
    <stop arrival="12:01" departure="12:01">Hølbekken</stop>
    <stop arrival="12:01" departure="12:01">Stølsvegen vest</stop>
    <stop arrival="12:02" departure="12:02">Stølsvegen</stop>
    <stop arrival="12:03" departure="12:03">Stølsvegen øst</stop>
    <stop arrival="12:05" departure="12:05">Roknetoppen</stop>
    <stop arrival="12:07" departure="12:07">Rokneholo</stop>
    <stop arrival="12:08" departure="12:08">Indre Arna skule</stop>
    <stop arrival="12:11" departure="12:11">Bommane (Åsane)</stop>
    <stop arrival="12:15">Arna terminal</stop>
  </route>
  <route no="900" destination="Olav Kyrres gate" url="http://www.web2051.no/bin/tp/zuginfo.exe/on/368544/124030/507860/131082/1/" trafficDays="kjører Lø, ikke 1. Mai">
    <stop departure="11:18" routeNo="900">Arna terminal</stop>
    <stop arrival="11:20" departure="11:20">Bommane (Arnatveitvegen)</stop>
    <stop arrival="11:21" departure="11:21">Indre Arna skule</stop>
    <stop arrival="11:21" departure="11:21">Rokneholo</stop>
    <stop arrival="11:22" departure="11:22">Roknetoppen</stop>
    <stop arrival="11:23" departure="11:23">Stølsvegen øst</stop>
    <stop arrival="11:23" departure="11:23">Stølsvegen</stop>
    <stop arrival="11:26" departure="11:26">Stølsvegen vest</stop>
    <stop arrival="11:26" departure="11:26">Arnatveit</stop>
    <stop arrival="11:27" departure="11:27">Arna busser</stop>
    <stop arrival="11:27" departure="11:27">Sæthre steinindustri</stop>
    <stop arrival="11:29" departure="11:29">Espelandsmyrane fylkesvn.</stop>
    <stop arrival="11:30" departure="11:30">Espeland Janus (Arna)</stop>
    <stop arrival="11:31" departure="11:31">Espelandshallen (Arna)</stop>
    <stop arrival="11:32" departure="11:32">Lone øst</stop>
    <stop arrival="11:33" departure="11:33">Lone vest</stop>
    <stop arrival="11:34" departure="11:34">Haukeland øst (Arna)</stop>
    <stop arrival="11:34" departure="11:34">Haukeland (Arna)</stop>
    <stop arrival="11:35" departure="11:35">Haukeland vest (Arna)</stop>
    <stop arrival="11:36" departure="11:36">Søylen (Espeland)</stop>
    <stop arrival="11:36" departure="11:36">Bratland</stop>
    <stop arrival="11:37" departure="11:37">Grimen øst</stop>
    <stop arrival="11:38" departure="11:38">Grimen</stop>
    <stop arrival="11:39" departure="11:39">Helldal skole</stop>
    <stop arrival="11:40" departure="11:40">Helldal, Frank Mohn</stop>
    <stop arrival="11:40" departure="11:40">Helldal (Fana)</stop>
    <stop arrival="11:42" departure="11:42">BKK Trafo (Helldal)</stop>
    <stop arrival="11:44" departure="11:44">Midttunflaten</stop>
    <stop arrival="11:45" departure="11:45">Midtun bro</stop>
    <stop arrival="11:47" departure="11:47">Herredshuset, Nesttun</stop>
    <stop arrival="11:48" departure="11:48">Nesttun</stop>
    <stop arrival="11:49" departure="11:49">Nesttun terminal</stop>
    <stop arrival="11:51" departure="11:51">Hopsbro</stop>
    <stop arrival="11:53" departure="11:53">Tveiteråsskiftet</stop>
    <stop arrival="11:54" departure="11:54">Paradis</stop>
    <stop arrival="11:55" departure="11:55">Nydalen</stop>
    <stop arrival="11:57" departure="11:57">Fantoft</stop>
    <stop arrival="11:58" departure="11:58">Storetveit</stop>
    <stop arrival="11:59" departure="11:59">Elvebakken</stop>
    <stop arrival="12:01" departure="12:01">Minde</stop>
    <stop arrival="12:02" departure="12:02">Mindemyren</stop>
    <stop arrival="12:03" departure="12:03">Postterminalen</stop>
    <stop arrival="12:03" departure="12:03">Kanalveien v/LBK</stop>
    <stop arrival="12:05" departure="12:05">Danmarksplass v/Forum kino</stop>
    <stop arrival="12:09" departure="12:09">Bergen Busstasjon</stop>
    <stop arrival="12:13" departure="12:13">Christies gate (Festplassen)</stop>
    <stop arrival="12:14">Olav Kyrres gate</stop>
  </route>
  <route no="22" destination="Bergen Busstasjon" url="http://www.web2051.no/bin/tp/zuginfo.exe/on/33210/15094/991780/484821/1/" trafficDays="kjører Lø, ikke 1. Mai">
    <stop departure="11:33" routeNo="22">Birkelundstoppen</stop>
    <stop arrival="11:34" departure="11:34">Nattland gård (nyeveien)</stop>
    <stop arrival="11:35" departure="11:35">Merkurvegen (nyeveien)</stop>
    <stop arrival="11:37" departure="11:37">Rinddalen</stop>
    <stop arrival="11:38" departure="11:38">Indre Sædal</stop>
    <stop arrival="11:38" departure="11:38">Helldalslia</stop>
    <stop arrival="11:38" departure="11:38">Helldalslia</stop>
    <stop arrival="11:39" departure="11:39">Helldalsåsen</stop>
    <stop arrival="11:40" departure="11:40">Kjenndalsåsen</stop>
    <stop arrival="11:41" departure="11:41">Kjenndalslia</stop>
    <stop arrival="11:43" departure="11:43">Kringlebotn</stop>
    <stop arrival="11:44" departure="11:44">Sandalskollen</stop>
    <stop arrival="11:45" departure="11:45">Sandbrekkeveien</stop>
    <stop arrival="11:46" departure="11:46">Midttunflaten</stop>
    <stop arrival="11:47" departure="11:47">Midtun bro</stop>
    <stop arrival="11:49" departure="11:49">Herredshuset, Nesttun</stop>
    <stop arrival="11:49" departure="11:49">Nesttun</stop>
    <stop arrival="11:50" departure="11:50">Nesttun terminal</stop>
    <stop arrival="11:52" departure="11:52">Hopsbro</stop>
    <stop arrival="11:54" departure="11:54">Tveiteråsskiftet</stop>
    <stop arrival="11:55" departure="11:55">Paradis</stop>
    <stop arrival="11:57" departure="11:57">Nydalen</stop>
    <stop arrival="11:59" departure="11:59">Fantoft</stop>
    <stop arrival="12:00" departure="12:00">Storetveit</stop>
    <stop arrival="12:00" departure="12:00">Elvebakken</stop>
    <stop arrival="12:01" departure="12:01">Minde</stop>
    <stop arrival="12:05" departure="12:05">Mindemyren</stop>
    <stop arrival="12:06" departure="12:06">Postterminalen</stop>
    <stop arrival="12:06" departure="12:06">Kanalveien v/LBK</stop>
    <stop arrival="12:08" departure="12:08">Danmarksplass v/Forum kino</stop>
    <stop arrival="12:12" departure="12:12">Bergen Busstasjon</stop>
    <stop arrival="12:15" departure="12:15">Christies gate (Festplassen)</stop>
    <stop arrival="12:20">Bergen Busstasjon</stop>
  </route>
  <route no="22" destination="Bergen Busstasjon" url="http://www.web2051.no/bin/tp/zuginfo.exe/on/342723/118298/241058/6293/1/" trafficDays="kjører Ma - Fr, ikke 13., 17., 24. Mai">
    <stop departure="11:33" routeNo="22">Birkelundstoppen</stop>
    <stop arrival="11:34" departure="11:34">Nattland gård (nyeveien)</stop>
    <stop arrival="11:35" departure="11:35">Merkurvegen (nyeveien)</stop>
    <stop arrival="11:36" departure="11:36">Rinddalen</stop>
    <stop arrival="11:37" departure="11:37">Indre Sædal</stop>
    <stop arrival="11:37" departure="11:37">Helldalslia</stop>
    <stop arrival="11:38" departure="11:38">Helldalslia</stop>
    <stop arrival="11:39" departure="11:39">Helldalsåsen</stop>
    <stop arrival="11:40" departure="11:40">Kjenndalsåsen</stop>
    <stop arrival="11:41" departure="11:41">Kjenndalslia</stop>
    <stop arrival="11:43" departure="11:43">Kringlebotn</stop>
    <stop arrival="11:44" departure="11:44">Sandalskollen</stop>
    <stop arrival="11:45" departure="11:45">Sandbrekkeveien</stop>
    <stop arrival="11:46" departure="11:46">Midttunflaten</stop>
    <stop arrival="11:47" departure="11:47">Midtun bro</stop>
    <stop arrival="11:49" departure="11:49">Herredshuset, Nesttun</stop>
    <stop arrival="11:49" departure="11:49">Nesttun</stop>
    <stop arrival="11:50" departure="11:50">Nesttun terminal</stop>
    <stop arrival="11:52" departure="11:52">Hopsbro</stop>
    <stop arrival="11:54" departure="11:54">Tveiteråsskiftet</stop>
    <stop arrival="11:55" departure="11:55">Paradis</stop>
    <stop arrival="11:57" departure="11:57">Nydalen</stop>
    <stop arrival="11:59" departure="11:59">Fantoft</stop>
    <stop arrival="12:00" departure="12:00">Storetveit</stop>
    <stop arrival="12:00" departure="12:00">Elvebakken</stop>
    <stop arrival="12:01" departure="12:01">Minde</stop>
    <stop arrival="12:04" departure="12:04">Mindemyren</stop>
    <stop arrival="12:05" departure="12:05">Postterminalen</stop>
    <stop arrival="12:06" departure="12:06">Kanalveien v/LBK</stop>
    <stop arrival="12:08" departure="12:08">Danmarksplass v/Forum kino</stop>
    <stop arrival="12:11" departure="12:11">Bergen Busstasjon</stop>
    <stop arrival="12:14" departure="12:14">Christies gate (Festplassen)</stop>
    <stop arrival="12:19">Bergen Busstasjon</stop>
  </route>
  <route no="22" destination="Åsane terminal" url="http://www.web2051.no/bin/tp/zuginfo.exe/on/630984/214335/679008/129176/1/" trafficDays="kjører Sø, også 1., 13., 17., 24. Mai">
    <stop departure="11:35" routeNo="22">Birkelundstoppen</stop>
    <stop arrival="11:37" departure="11:37">Nattland gård (nyeveien)</stop>
    <stop arrival="11:39" departure="11:39">Merkurvegen (nyeveien)</stop>
    <stop arrival="11:42" departure="11:42">Rinddalen</stop>
    <stop arrival="11:43" departure="11:43">Indre Sædal</stop>
    <stop arrival="11:43" departure="11:43">Helldalslia</stop>
    <stop arrival="11:43" departure="11:43">Helldalslia</stop>
    <stop arrival="11:44" departure="11:44">Helldalsåsen</stop>
    <stop arrival="11:45" departure="11:45">Kjenndalsåsen</stop>
    <stop arrival="11:46" departure="11:46">Kjenndalslia</stop>
    <stop arrival="11:48" departure="11:48">Kringlebotn</stop>
    <stop arrival="11:49" departure="11:49">Sandalskollen</stop>
    <stop arrival="11:50" departure="11:50">Sandbrekkeveien</stop>
    <stop arrival="11:51" departure="11:51">Midttunflaten</stop>
    <stop arrival="11:52" departure="11:52">Midtun bro</stop>
    <stop arrival="11:54" departure="11:54">Herredshuset, Nesttun</stop>
    <stop arrival="11:54" departure="11:54">Nesttun</stop>
    <stop arrival="11:55" departure="11:55">Nesttun terminal</stop>
    <stop arrival="11:57" departure="11:57">Hopsbro</stop>
    <stop arrival="11:59" departure="11:59">Tveiteråsskiftet</stop>
    <stop arrival="12:00" departure="12:00">Paradis</stop>
    <stop arrival="12:02" departure="12:02">Nydalen</stop>
    <stop arrival="12:04" departure="12:04">Fantoft</stop>
    <stop arrival="12:05" departure="12:05">Storetveit</stop>
    <stop arrival="12:05" departure="12:05">Elvebakken</stop>
    <stop arrival="12:06" departure="12:06">Minde</stop>
    <stop arrival="12:09" departure="12:09">Mindemyren</stop>
    <stop arrival="12:10" departure="12:10">Postterminalen</stop>
    <stop arrival="12:10" departure="12:10">Kanalveien v/LBK</stop>
    <stop arrival="12:12" departure="12:12">Danmarksplass v/Forum kino</stop>
    <stop arrival="12:17" departure="12:17">Bergen Busstasjon</stop>
    <stop arrival="12:20" departure="12:20">Christies gate (Festplassen)</stop>
    <stop arrival="12:23" departure="12:23">Torget v/DnB</stop>
    <stop arrival="12:24" departure="12:24">Bryggen</stop>
    <stop arrival="12:24" departure="12:24">Slottsgaten</stop>
    <stop arrival="12:25" departure="12:25">Bontelabo</stop>
    <stop arrival="12:26" departure="12:26">Skutevikstorget</stop>
    <stop arrival="12:26" departure="12:26">Sjøgaten</stop>
    <stop arrival="12:27" departure="12:27">Sandvikstorget</stop>
    <stop arrival="12:28" departure="12:28">Ludebryggen</stop>
    <stop arrival="12:28" departure="12:28">Munkebotten</stop>
    <stop arrival="12:30" departure="12:30">Nyhavnsvei (Gamle Bergen)</stop>
    <stop arrival="12:31" departure="12:31">Handelshøyskolen</stop>
    <stop arrival="12:32" departure="12:32">Solbakken</stop>
    <stop arrival="12:33" departure="12:33">Eikeviken</stop>
    <stop arrival="12:35" departure="12:35">Hellebakken</stop>
    <stop arrival="12:35" departure="12:35">Brunestykket</stop>
    <stop arrival="12:36" departure="12:36">Lønborg</stop>
    <stop arrival="12:37" departure="12:37">Nordre Lønborg</stop>
    <stop arrival="12:37" departure="12:37">Fagerbakken</stop>
    <stop arrival="12:38" departure="12:38">Eidsvågneset</stop>
    <stop arrival="12:38" departure="12:38">Trolldalen (Eidsvågneset)</stop>
    <stop arrival="12:38" departure="12:38">Trollbekken</stop>
    <stop arrival="12:39" departure="12:39">Tømmervågen</stop>
    <stop arrival="12:39" departure="12:39">Lillevågen</stop>
    <stop arrival="12:40" departure="12:40">Hagebyen (Eidsvåg)</stop>
    <stop arrival="12:41" departure="12:41">Fabrikkvegen</stop>
    <stop arrival="12:42" departure="12:42">Eidsvåg gamlevegen</stop>
    <stop arrival="12:43" departure="12:43">Selvikvegen</stop>
    <stop arrival="12:44" departure="12:44">Ervik nedre (Sellesvingen)</stop>
    <stop arrival="12:44" departure="12:44">Ervik øvre</stop>
    <stop arrival="12:45" departure="12:45">Åstveitvegen</stop>
    <stop arrival="12:46" departure="12:46">Griggastemma</stop>
    <stop arrival="12:47" departure="12:47">Tertneskrysset gamleveien</stop>
    <stop arrival="12:49" departure="12:49">Stamskaret</stop>
    <stop arrival="12:50" departure="12:50">Hesthaugen</stop>
    <stop arrival="12:51">Åsane terminal</stop>
  </route>
</routes>
