<?xml version="1.0" encoding="UTF-8"?>
<routes>
  <route no="630" destination="Halhjemsmarka" url="http://www.web2051.no/bin/tp/zuginfo.exe/on/581214/199652/909860/261193/1/" trafficDays="kjører Ma - Fr, ikke 13., 17., 24. Mai">
    <stop departure="11:00" routeNo="630">Os - Osøyro</stop>
    <stop arrival="11:01" departure="11:01">Mobergsbakken</stop>
    <stop arrival="11:02" departure="11:02">Moberg</stop>
    <stop arrival="11:03" departure="11:03">Mobergslien</stop>
    <stop arrival="11:04" departure="11:04">Trolldalen (Os)</stop>
    <stop arrival="11:05" departure="11:05">Lekven</stop>
    <stop arrival="11:06" departure="11:06">Lunde (Halhjemsvn.)</stop>
    <stop arrival="11:07" departure="11:07">Nesjabuen</stop>
    <stop arrival="11:08" departure="11:08">Haugland (Os)</stop>
    <stop arrival="11:09" departure="11:09">Halhjem kafe</stop>
    <stop arrival="11:10" departure="11:10">Halhjem</stop>
    <stop arrival="11:11" departure="11:11">Vernøy</stop>
    <stop arrival="11:13" departure="11:13">Auredalen</stop>
    <stop arrival="11:15">Halhjemsmarka</stop>
  </route>
  <route no="630" destination="Halhjemsmarka" url="http://www.web2051.no/bin/tp/zuginfo.exe/on/762411/260051/679898/85813/1/" trafficDays="kjører Ma - Fr, ikke 13., 17., 24. Mai">
    <stop departure="11:00" routeNo="630">Os - Osøyro</stop>
    <stop arrival="11:01" departure="11:01">Mobergsbakken</stop>
    <stop arrival="11:02" departure="11:02">Moberg</stop>
    <stop arrival="11:03" departure="11:03">Mobergslien</stop>
    <stop arrival="11:04" departure="11:04">Trolldalen (Os)</stop>
    <stop arrival="11:05" departure="11:05">Lekven</stop>
    <stop arrival="11:06" departure="11:06">Lunde (Halhjemsvn.)</stop>
    <stop arrival="11:07" departure="11:07">Nesjabuen</stop>
    <stop arrival="11:08" departure="11:08">Haugland (Os)</stop>
    <stop arrival="11:09" departure="11:09">Halhjem kafe</stop>
    <stop arrival="11:10" departure="11:10">Halhjem</stop>
    <stop arrival="11:11" departure="11:11">Vernøy</stop>
    <stop arrival="11:13" departure="11:13">Auredalen</stop>
    <stop arrival="11:15">Halhjemsmarka</stop>
  </route>
  <route no="630" destination="Halhjemsmarka" url="http://www.web2051.no/bin/tp/zuginfo.exe/on/955611/324451/159980/238548/1/" trafficDays="kjører Ma - Fr, ikke 13., 17., 24. Mai">
    <stop departure="11:00" routeNo="630">Os - Osøyro</stop>
    <stop arrival="11:01" departure="11:01">Mobergsbakken</stop>
    <stop arrival="11:02" departure="11:02">Moberg</stop>
    <stop arrival="11:03" departure="11:03">Mobergslien</stop>
    <stop arrival="11:04" departure="11:04">Trolldalen (Os)</stop>
    <stop arrival="11:05" departure="11:05">Lekven</stop>
    <stop arrival="11:06" departure="11:06">Lunde (Halhjemsvn.)</stop>
    <stop arrival="11:07" departure="11:07">Nesjabuen</stop>
    <stop arrival="11:08" departure="11:08">Haugland (Os)</stop>
    <stop arrival="11:09" departure="11:09">Halhjem kafe</stop>
    <stop arrival="11:10" departure="11:10">Halhjem</stop>
    <stop arrival="11:11" departure="11:11">Vernøy</stop>
    <stop arrival="11:13" departure="11:13">Auredalen</stop>
    <stop arrival="11:15">Halhjemsmarka</stop>
  </route>
  <route no="630" destination="Os - Osøyro" url="http://www.web2051.no/bin/tp/zuginfo.exe/on/577056/198239/645046/130171/1/" trafficDays="kjører Lø, ikke 1. Mai">
    <stop departure="10:55" routeNo="630">Halhjemsmarka</stop>
    <stop arrival="10:57" departure="10:57">Auredalen</stop>
    <stop arrival="10:58" departure="10:58">Vernøy</stop>
    <stop arrival="11:00" departure="11:00">Halhjem</stop>
    <stop arrival="11:01" departure="11:01">Halhjem kafe</stop>
    <stop arrival="11:02" departure="11:02">Haugland (Os)</stop>
    <stop arrival="11:03" departure="11:03">Nesjabuen</stop>
    <stop arrival="11:04" departure="11:04">Lekven</stop>
    <stop arrival="11:05" departure="11:05">Trolldalen (Os)</stop>
    <stop arrival="11:07" departure="11:07">Mobergslien</stop>
    <stop arrival="11:08" departure="11:08">Moberg</stop>
    <stop arrival="11:09" departure="11:09">Mobergsbakken</stop>
    <stop arrival="11:10" departure="11:10">Os kai</stop>
    <stop arrival="11:10">Os - Osøyro</stop>
  </route>
  <route no="630" destination="Os - Osøyro" url="http://www.web2051.no/bin/tp/zuginfo.exe/on/985227/334296/496014/80402/1/" trafficDays="kjører Lø, ikke 1. Mai">
    <stop departure="10:55" routeNo="630">Halhjemsmarka</stop>
    <stop arrival="10:57" departure="10:57">Auredalen</stop>
    <stop arrival="10:58" departure="10:58">Vernøy</stop>
    <stop arrival="11:00" departure="11:00">Halhjem</stop>
    <stop arrival="11:01" departure="11:01">Halhjem kafe</stop>
    <stop arrival="11:02" departure="11:02">Haugland (Os)</stop>
    <stop arrival="11:03" departure="11:03">Nesjabuen</stop>
    <stop arrival="11:04" departure="11:04">Lekven</stop>
    <stop arrival="11:05" departure="11:05">Trolldalen (Os)</stop>
    <stop arrival="11:07" departure="11:07">Mobergslien</stop>
    <stop arrival="11:08" departure="11:08">Moberg</stop>
    <stop arrival="11:09" departure="11:09">Mobergsbakken</stop>
    <stop arrival="11:10" departure="11:10">Os kai</stop>
    <stop arrival="11:10">Os - Osøyro</stop>
  </route>
  <route no="630" destination="Os - Osøyro" url="http://www.web2051.no/bin/tp/zuginfo.exe/on/21216/12959/979226/482541/1/" trafficDays="kjører Lø, ikke 1. Mai">
    <stop departure="10:55" routeNo="630">Halhjemsmarka</stop>
    <stop arrival="10:57" departure="10:57">Auredalen</stop>
    <stop arrival="10:58" departure="10:58">Vernøy</stop>
    <stop arrival="11:00" departure="11:00">Halhjem</stop>
    <stop arrival="11:01" departure="11:01">Halhjem kafe</stop>
    <stop arrival="11:02" departure="11:02">Haugland (Os)</stop>
    <stop arrival="11:03" departure="11:03">Nesjabuen</stop>
    <stop arrival="11:04" departure="11:04">Lekven</stop>
    <stop arrival="11:05" departure="11:05">Trolldalen (Os)</stop>
    <stop arrival="11:07" departure="11:07">Mobergslien</stop>
    <stop arrival="11:08" departure="11:08">Moberg</stop>
    <stop arrival="11:09" departure="11:09">Mobergsbakken</stop>
    <stop arrival="11:10" departure="11:10">Os kai</stop>
    <stop arrival="11:10">Os - Osøyro</stop>
  </route>
  <route no="630" destination="Os - Osøyro" url="http://www.web2051.no/bin/tp/zuginfo.exe/on/134181/50594/783750/347149/1/" trafficDays="kjører Sø, også 1., 13., 17., 24. Mai">
    <stop departure="11:00" routeNo="630">Halhjemsmarka</stop>
    <stop arrival="11:02" departure="11:02">Auredalen</stop>
    <stop arrival="11:03" departure="11:03">Vernøy</stop>
    <stop arrival="11:05" departure="11:05">Halhjem</stop>
    <stop arrival="11:06" departure="11:06">Halhjem kafe</stop>
    <stop arrival="11:07" departure="11:07">Haugland (Os)</stop>
    <stop arrival="11:08" departure="11:08">Nesjabuen</stop>
    <stop arrival="11:09" departure="11:09">Lekven</stop>
    <stop arrival="11:10" departure="11:10">Trolldalen (Os)</stop>
    <stop arrival="11:12" departure="11:12">Mobergslien</stop>
    <stop arrival="11:13" departure="11:13">Moberg</stop>
    <stop arrival="11:14" departure="11:14">Mobergsbakken</stop>
    <stop arrival="11:15" departure="11:15">Os kai</stop>
    <stop arrival="11:15">Os - Osøyro</stop>
  </route>
  <route no="612" destination="Os - Osøyro" url="http://www.web2051.no/bin/tp/zuginfo.exe/on/60552/25852/108056/33844/1/" trafficDays="kjører Ma - Fr, ikke 13., 17., 24. Mai">
    <stop departure="10:49" routeNo="612">Os - Osøyro</stop>
    <stop arrival="10:50" departure="10:50">Fjellheim</stop>
    <stop arrival="10:51" departure="10:51">Kuven</stop>
    <stop arrival="10:52" departure="10:52">Flåten (Os)</stop>
    <stop arrival="10:53" departure="10:53">Flåten Senter</stop>
    <stop arrival="10:54" departure="10:54">Tøsdalskiftet</stop>
    <stop arrival="10:56" departure="10:56">Os Vidaregåande skule</stop>
    <stop arrival="10:57" departure="10:57">Ulvensletta</stop>
    <stop arrival="10:58" departure="10:58">Vaksinen</stop>
    <stop arrival="10:59" departure="10:59">Ådnadalen</stop>
    <stop arrival="11:00" departure="11:00">Irgenskryss</stop>
    <stop arrival="11:00" departure="11:00">Hagevik 1</stop>
    <stop arrival="11:01" departure="11:01">Hagevik 2</stop>
    <stop arrival="11:01" departure="11:01">Hagavik (Hovland - Os)</stop>
    <stop arrival="11:01" departure="11:01">Hagavik (Hovland - Os)</stop>
    <stop arrival="11:02" departure="11:02">Hagevik 2</stop>
    <stop arrival="11:02" departure="11:02">Hagevik 1</stop>
    <stop arrival="11:03" departure="11:03">Irgenskryss</stop>
    <stop arrival="11:04" departure="11:04">Nore Neset skule</stop>
    <stop arrival="11:05" departure="11:05">Skeie (Os)</stop>
    <stop arrival="11:06" departure="11:06">Grindevoll snuplass</stop>
    <stop arrival="11:07" departure="11:07">Grindevoll</stop>
    <stop arrival="11:07" departure="11:07">Thuen</stop>
    <stop arrival="11:09" departure="11:09">Thuen Bedehuset</stop>
    <stop arrival="11:12" departure="11:12">Mobergslien</stop>
    <stop arrival="11:13" departure="11:13">Moberg</stop>
    <stop arrival="11:14" departure="11:14">Mobergsbakken</stop>
    <stop arrival="11:15" departure="11:15">Os kai</stop>
    <stop arrival="11:15">Os - Osøyro</stop>
  </route>
  <route no="630" destination="Os - Osøyro" url="http://www.web2051.no/bin/tp/zuginfo.exe/on/17115/11572/865978/427285/1/" trafficDays="kjører Sø, også 1., 13., 17., 24. Mai">
    <stop departure="11:00" routeNo="630">Halhjemsmarka</stop>
    <stop arrival="11:02" departure="11:02">Auredalen</stop>
    <stop arrival="11:03" departure="11:03">Vernøy</stop>
    <stop arrival="11:05" departure="11:05">Halhjem</stop>
    <stop arrival="11:06" departure="11:06">Halhjem kafe</stop>
    <stop arrival="11:07" departure="11:07">Haugland (Os)</stop>
    <stop arrival="11:08" departure="11:08">Nesjabuen</stop>
    <stop arrival="11:09" departure="11:09">Lekven</stop>
    <stop arrival="11:10" departure="11:10">Trolldalen (Os)</stop>
    <stop arrival="11:12" departure="11:12">Mobergslien</stop>
    <stop arrival="11:13" departure="11:13">Moberg</stop>
    <stop arrival="11:14" departure="11:14">Mobergsbakken</stop>
    <stop arrival="11:15" departure="11:15">Os kai</stop>
    <stop arrival="11:15">Os - Osøyro</stop>
  </route>
  <route no="630" destination="Halhjemsmarka" url="http://www.web2051.no/bin/tp/zuginfo.exe/on/759336/259000/860698/177237/1/" trafficDays="kjører Lø, ikke 1. Mai">
    <stop departure="11:10" routeNo="630">Os - Osøyro</stop>
    <stop arrival="11:11" departure="11:11">Mobergsbakken</stop>
    <stop arrival="11:12" departure="11:12">Moberg</stop>
    <stop arrival="11:13" departure="11:13">Mobergslien</stop>
    <stop arrival="11:14" departure="11:14">Trolldalen (Os)</stop>
    <stop arrival="11:15" departure="11:15">Lekven</stop>
    <stop arrival="11:16" departure="11:16">Lunde (Halhjemsvn.)</stop>
    <stop arrival="11:17" departure="11:17">Nesjabuen</stop>
    <stop arrival="11:18" departure="11:18">Haugland (Os)</stop>
    <stop arrival="11:19" departure="11:19">Halhjem kafe</stop>
    <stop arrival="11:20" departure="11:20">Halhjem</stop>
    <stop arrival="11:21" departure="11:21">Vernøy</stop>
    <stop arrival="11:23" departure="11:23">Auredalen</stop>
    <stop arrival="11:25">Halhjemsmarka</stop>
  </route>
  <route no="630" destination="Halhjemsmarka" url="http://www.web2051.no/bin/tp/zuginfo.exe/on/872559/296741/6286/287710/1/" trafficDays="kjører Lø, ikke 1. Mai">
    <stop departure="11:10" routeNo="630">Os - Osøyro</stop>
    <stop arrival="11:11" departure="11:11">Mobergsbakken</stop>
    <stop arrival="11:12" departure="11:12">Moberg</stop>
    <stop arrival="11:13" departure="11:13">Mobergslien</stop>
    <stop arrival="11:14" departure="11:14">Trolldalen (Os)</stop>
    <stop arrival="11:15" departure="11:15">Lekven</stop>
    <stop arrival="11:16" departure="11:16">Lunde (Halhjemsvn.)</stop>
    <stop arrival="11:17" departure="11:17">Nesjabuen</stop>
    <stop arrival="11:18" departure="11:18">Haugland (Os)</stop>
    <stop arrival="11:19" departure="11:19">Halhjem kafe</stop>
    <stop arrival="11:20" departure="11:20">Halhjem</stop>
    <stop arrival="11:21" departure="11:21">Vernøy</stop>
    <stop arrival="11:23" departure="11:23">Auredalen</stop>
    <stop arrival="11:25">Halhjemsmarka</stop>
  </route>
  <route no="612" destination="Os - Osøyro" url="http://www.web2051.no/bin/tp/zuginfo.exe/on/665427/227477/168626/137496/1/" trafficDays="kjører Ma - Fr, ikke 13., 17., 24. Mai">
    <stop departure="10:49" routeNo="612">Os - Osøyro</stop>
    <stop arrival="10:50" departure="10:50">Fjellheim</stop>
    <stop arrival="10:51" departure="10:51">Kuven</stop>
    <stop arrival="10:52" departure="10:52">Flåten (Os)</stop>
    <stop arrival="10:53" departure="10:53">Flåten Senter</stop>
    <stop arrival="10:54" departure="10:54">Tøsdalskiftet</stop>
    <stop arrival="10:56" departure="10:56">Os Vidaregåande skule</stop>
    <stop arrival="10:57" departure="10:57">Ulvensletta</stop>
    <stop arrival="10:58" departure="10:58">Vaksinen</stop>
    <stop arrival="10:59" departure="10:59">Ådnadalen</stop>
    <stop arrival="11:00" departure="11:00">Irgenskryss</stop>
    <stop arrival="11:00" departure="11:00">Hagevik 1</stop>
    <stop arrival="11:01" departure="11:01">Hagevik 2</stop>
    <stop arrival="11:01" departure="11:01">Hagavik (Hovland - Os)</stop>
    <stop arrival="11:01" departure="11:01">Hagavik (Hovland - Os)</stop>
    <stop arrival="11:02" departure="11:02">Hagevik 2</stop>
    <stop arrival="11:02" departure="11:02">Hagevik 1</stop>
    <stop arrival="11:03" departure="11:03">Irgenskryss</stop>
    <stop arrival="11:04" departure="11:04">Nore Neset skule</stop>
    <stop arrival="11:05" departure="11:05">Skeie (Os)</stop>
    <stop arrival="11:06" departure="11:06">Grindevoll snuplass</stop>
    <stop arrival="11:07" departure="11:07">Grindevoll</stop>
    <stop arrival="11:07" departure="11:07">Thuen</stop>
    <stop arrival="11:09" departure="11:09">Thuen Bedehuset</stop>
    <stop arrival="11:12" departure="11:12">Mobergslien</stop>
    <stop arrival="11:13" departure="11:13">Moberg</stop>
    <stop arrival="11:14" departure="11:14">Mobergsbakken</stop>
    <stop arrival="11:15" departure="11:15">Os kai</stop>
    <stop arrival="11:15">Os - Osøyro</stop>
  </route>
  <route no="630" destination="Os - Osøyro" url="http://www.web2051.no/bin/tp/zuginfo.exe/on/929931/315844/22950/298503/1/" trafficDays="kjører Sø, også 1., 13., 17., 24. Mai">
    <stop departure="11:00" routeNo="630">Halhjemsmarka</stop>
    <stop arrival="11:02" departure="11:02">Auredalen</stop>
    <stop arrival="11:03" departure="11:03">Vernøy</stop>
    <stop arrival="11:05" departure="11:05">Halhjem</stop>
    <stop arrival="11:06" departure="11:06">Halhjem kafe</stop>
    <stop arrival="11:07" departure="11:07">Haugland (Os)</stop>
    <stop arrival="11:08" departure="11:08">Nesjabuen</stop>
    <stop arrival="11:09" departure="11:09">Lekven</stop>
    <stop arrival="11:10" departure="11:10">Trolldalen (Os)</stop>
    <stop arrival="11:12" departure="11:12">Mobergslien</stop>
    <stop arrival="11:13" departure="11:13">Moberg</stop>
    <stop arrival="11:14" departure="11:14">Mobergsbakken</stop>
    <stop arrival="11:15" departure="11:15">Os kai</stop>
    <stop arrival="11:15">Os - Osøyro</stop>
  </route>
  <route no="630" destination="Halhjemsmarka" url="http://www.web2051.no/bin/tp/zuginfo.exe/on/807417/275027/486432/25923/1/" trafficDays="kjører Lø, ikke 1. Mai">
    <stop departure="11:10" routeNo="630">Os - Osøyro</stop>
    <stop arrival="11:11" departure="11:11">Mobergsbakken</stop>
    <stop arrival="11:12" departure="11:12">Moberg</stop>
    <stop arrival="11:13" departure="11:13">Mobergslien</stop>
    <stop arrival="11:14" departure="11:14">Trolldalen (Os)</stop>
    <stop arrival="11:15" departure="11:15">Lekven</stop>
    <stop arrival="11:16" departure="11:16">Lunde (Halhjemsvn.)</stop>
    <stop arrival="11:17" departure="11:17">Nesjabuen</stop>
    <stop arrival="11:18" departure="11:18">Haugland (Os)</stop>
    <stop arrival="11:19" departure="11:19">Halhjem kafe</stop>
    <stop arrival="11:20" departure="11:20">Halhjem</stop>
    <stop arrival="11:21" departure="11:21">Vernøy</stop>
    <stop arrival="11:23" departure="11:23">Auredalen</stop>
    <stop arrival="11:25">Halhjemsmarka</stop>
  </route>
  <route no="630" destination="Os - Osøyro" url="http://www.web2051.no/bin/tp/zuginfo.exe/on/533511/183750/338794/8441/1/" trafficDays="kjører Ma - Fr, ikke 13., 17., 24. Mai">
    <stop departure="11:15" routeNo="630">Halhjemsmarka</stop>
    <stop arrival="11:17" departure="11:17">Auredalen</stop>
    <stop arrival="11:18" departure="11:18">Vernøy</stop>
    <stop arrival="11:20" departure="11:20">Halhjem</stop>
    <stop arrival="11:21" departure="11:21">Halhjem kafe</stop>
    <stop arrival="11:22" departure="11:22">Haugland (Os)</stop>
    <stop arrival="11:23" departure="11:23">Nesjabuen</stop>
    <stop arrival="11:24" departure="11:24">Lekven</stop>
    <stop arrival="11:25" departure="11:25">Trolldalen (Os)</stop>
    <stop arrival="11:27" departure="11:27">Mobergslien</stop>
    <stop arrival="11:28" departure="11:28">Moberg</stop>
    <stop arrival="11:29" departure="11:29">Mobergsbakken</stop>
    <stop arrival="11:30" departure="11:30">Os kai</stop>
    <stop arrival="11:30">Os - Osøyro</stop>
  </route>
  <route no="630" destination="Os - Osøyro" url="http://www.web2051.no/bin/tp/zuginfo.exe/on/82728/33489/412554/178702/1/" trafficDays="kjører Ma - Fr, ikke 13., 17., 24. Mai">
    <stop departure="11:15" routeNo="630">Halhjemsmarka</stop>
    <stop arrival="11:17" departure="11:17">Auredalen</stop>
    <stop arrival="11:18" departure="11:18">Vernøy</stop>
    <stop arrival="11:20" departure="11:20">Halhjem</stop>
    <stop arrival="11:21" departure="11:21">Halhjem kafe</stop>
    <stop arrival="11:22" departure="11:22">Haugland (Os)</stop>
    <stop arrival="11:23" departure="11:23">Nesjabuen</stop>
    <stop arrival="11:24" departure="11:24">Lekven</stop>
    <stop arrival="11:25" departure="11:25">Trolldalen (Os)</stop>
    <stop arrival="11:27" departure="11:27">Mobergslien</stop>
    <stop arrival="11:28" departure="11:28">Moberg</stop>
    <stop arrival="11:29" departure="11:29">Mobergsbakken</stop>
    <stop arrival="11:30" departure="11:30">Os kai</stop>
    <stop arrival="11:30">Os - Osøyro</stop>
  </route>
  <route no="630" destination="Os - Osøyro" url="http://www.web2051.no/bin/tp/zuginfo.exe/on/406206/141315/260804/5001/1/" trafficDays="kjører Ma - Fr, ikke 13., 17., 24. Mai">
    <stop departure="11:15" routeNo="630">Halhjemsmarka</stop>
    <stop arrival="11:17" departure="11:17">Auredalen</stop>
    <stop arrival="11:18" departure="11:18">Vernøy</stop>
    <stop arrival="11:20" departure="11:20">Halhjem</stop>
    <stop arrival="11:21" departure="11:21">Halhjem kafe</stop>
    <stop arrival="11:22" departure="11:22">Haugland (Os)</stop>
    <stop arrival="11:23" departure="11:23">Nesjabuen</stop>
    <stop arrival="11:24" departure="11:24">Lekven</stop>
    <stop arrival="11:25" departure="11:25">Trolldalen (Os)</stop>
    <stop arrival="11:27" departure="11:27">Mobergslien</stop>
    <stop arrival="11:28" departure="11:28">Moberg</stop>
    <stop arrival="11:29" departure="11:29">Mobergsbakken</stop>
    <stop arrival="11:30" departure="11:30">Os kai</stop>
    <stop arrival="11:30">Os - Osøyro</stop>
  </route>
  <route no="630" destination="Os - Osøyro" url="http://www.web2051.no/bin/tp/zuginfo.exe/on/173634/63767/578824/231534/1/" trafficDays="kjører Lø, ikke 1. Mai">
    <stop departure="11:25" routeNo="630">Halhjemsmarka</stop>
    <stop arrival="11:27" departure="11:27">Auredalen</stop>
    <stop arrival="11:28" departure="11:28">Vernøy</stop>
    <stop arrival="11:30" departure="11:30">Halhjem</stop>
    <stop arrival="11:31" departure="11:31">Halhjem kafe</stop>
    <stop arrival="11:32" departure="11:32">Haugland (Os)</stop>
    <stop arrival="11:33" departure="11:33">Nesjabuen</stop>
    <stop arrival="11:34" departure="11:34">Lekven</stop>
    <stop arrival="11:35" departure="11:35">Trolldalen (Os)</stop>
    <stop arrival="11:37" departure="11:37">Mobergslien</stop>
    <stop arrival="11:38" departure="11:38">Moberg</stop>
    <stop arrival="11:39" departure="11:39">Mobergsbakken</stop>
    <stop arrival="11:40" departure="11:40">Os kai</stop>
    <stop arrival="11:40">Os - Osøyro</stop>
  </route>
  <route no="630" destination="Os - Osøyro" url="http://www.web2051.no/bin/tp/zuginfo.exe/on/167061/61576/836728/362677/1/" trafficDays="kjører Lø, ikke 1. Mai">
    <stop departure="11:25" routeNo="630">Halhjemsmarka</stop>
    <stop arrival="11:27" departure="11:27">Auredalen</stop>
    <stop arrival="11:28" departure="11:28">Vernøy</stop>
    <stop arrival="11:30" departure="11:30">Halhjem</stop>
    <stop arrival="11:31" departure="11:31">Halhjem kafe</stop>
    <stop arrival="11:32" departure="11:32">Haugland (Os)</stop>
    <stop arrival="11:33" departure="11:33">Nesjabuen</stop>
    <stop arrival="11:34" departure="11:34">Lekven</stop>
    <stop arrival="11:35" departure="11:35">Trolldalen (Os)</stop>
    <stop arrival="11:37" departure="11:37">Mobergslien</stop>
    <stop arrival="11:38" departure="11:38">Moberg</stop>
    <stop arrival="11:39" departure="11:39">Mobergsbakken</stop>
    <stop arrival="11:40" departure="11:40">Os kai</stop>
    <stop arrival="11:40">Os - Osøyro</stop>
  </route>
  <route no="630" destination="Os - Osøyro" url="http://www.web2051.no/bin/tp/zuginfo.exe/on/870567/296078/770702/95162/1/" trafficDays="kjører Lø, ikke 1. Mai">
    <stop departure="11:25" routeNo="630">Halhjemsmarka</stop>
    <stop arrival="11:27" departure="11:27">Auredalen</stop>
    <stop arrival="11:28" departure="11:28">Vernøy</stop>
    <stop arrival="11:30" departure="11:30">Halhjem</stop>
    <stop arrival="11:31" departure="11:31">Halhjem kafe</stop>
    <stop arrival="11:32" departure="11:32">Haugland (Os)</stop>
    <stop arrival="11:33" departure="11:33">Nesjabuen</stop>
    <stop arrival="11:34" departure="11:34">Lekven</stop>
    <stop arrival="11:35" departure="11:35">Trolldalen (Os)</stop>
    <stop arrival="11:37" departure="11:37">Mobergslien</stop>
    <stop arrival="11:38" departure="11:38">Moberg</stop>
    <stop arrival="11:39" departure="11:39">Mobergsbakken</stop>
    <stop arrival="11:40" departure="11:40">Os kai</stop>
    <stop arrival="11:40">Os - Osøyro</stop>
  </route>
  <route no="630" destination="Halhjemsmarka" url="http://www.web2051.no/bin/tp/zuginfo.exe/on/32634/16747/598626/288435/1/" trafficDays="kjører Sø, også 1., 13., 17., 24. Mai">
    <stop departure="11:40" routeNo="630">Os - Osøyro</stop>
    <stop arrival="11:41" departure="11:41">Mobergsbakken</stop>
    <stop arrival="11:42" departure="11:42">Moberg</stop>
    <stop arrival="11:43" departure="11:43">Mobergslien</stop>
    <stop arrival="11:44" departure="11:44">Trolldalen (Os)</stop>
    <stop arrival="11:45" departure="11:45">Lekven</stop>
    <stop arrival="11:46" departure="11:46">Lunde (Halhjemsvn.)</stop>
    <stop arrival="11:47" departure="11:47">Nesjabuen</stop>
    <stop arrival="11:48" departure="11:48">Haugland (Os)</stop>
    <stop arrival="11:49" departure="11:49">Halhjem kafe</stop>
    <stop arrival="11:50" departure="11:50">Halhjem</stop>
    <stop arrival="11:51" departure="11:51">Vernøy</stop>
    <stop arrival="11:53" departure="11:53">Auredalen</stop>
    <stop arrival="11:55">Halhjemsmarka</stop>
  </route>
  <route no="630" destination="Halhjemsmarka" url="http://www.web2051.no/bin/tp/zuginfo.exe/on/659577/225728/113208/163255/1/" trafficDays="kjører Sø, også 1., 13., 17., 24. Mai">
    <stop departure="11:40" routeNo="630">Os - Osøyro</stop>
    <stop arrival="11:41" departure="11:41">Mobergsbakken</stop>
    <stop arrival="11:42" departure="11:42">Moberg</stop>
    <stop arrival="11:43" departure="11:43">Mobergslien</stop>
    <stop arrival="11:44" departure="11:44">Trolldalen (Os)</stop>
    <stop arrival="11:45" departure="11:45">Lekven</stop>
    <stop arrival="11:46" departure="11:46">Lunde (Halhjemsvn.)</stop>
    <stop arrival="11:47" departure="11:47">Nesjabuen</stop>
    <stop arrival="11:48" departure="11:48">Haugland (Os)</stop>
    <stop arrival="11:49" departure="11:49">Halhjem kafe</stop>
    <stop arrival="11:50" departure="11:50">Halhjem</stop>
    <stop arrival="11:51" departure="11:51">Vernøy</stop>
    <stop arrival="11:53" departure="11:53">Auredalen</stop>
    <stop arrival="11:55">Halhjemsmarka</stop>
  </route>
  <route no="612" destination="Os - Osøyro" url="http://www.web2051.no/bin/tp/zuginfo.exe/on/109395/42134/817270/372170/1/" trafficDays="kjører Ma - Fr, ikke 13., 17., 24. Mai">
    <stop departure="11:20" routeNo="612">Os - Osøyro</stop>
    <stop arrival="11:21" departure="11:21">Fjellheim</stop>
    <stop arrival="11:22" departure="11:22">Kuven</stop>
    <stop arrival="11:23" departure="11:23">Flåten (Os)</stop>
    <stop arrival="11:24" departure="11:24">Flåten Senter</stop>
    <stop arrival="11:25" departure="11:25">Tøsdalskiftet</stop>
    <stop arrival="11:27" departure="11:27">Os Vidaregåande skule</stop>
    <stop arrival="11:28" departure="11:28">Ulvensletta</stop>
    <stop arrival="11:29" departure="11:29">Vaksinen</stop>
    <stop arrival="11:30" departure="11:30">Ådnadalen</stop>
    <stop arrival="11:31" departure="11:31">Irgenskryss</stop>
    <stop arrival="11:31" departure="11:31">Hagevik 1</stop>
    <stop arrival="11:32" departure="11:32">Hagevik 2</stop>
    <stop arrival="11:32" departure="11:32">Hagavik (Hovland - Os)</stop>
    <stop arrival="11:32" departure="11:32">Hagavik (Hovland - Os)</stop>
    <stop arrival="11:33" departure="11:33">Hagevik 2</stop>
    <stop arrival="11:33" departure="11:33">Hagevik 1</stop>
    <stop arrival="11:34" departure="11:34">Irgenskryss</stop>
    <stop arrival="11:35" departure="11:35">Nore Neset skule</stop>
    <stop arrival="11:36" departure="11:36">Skeie (Os)</stop>
    <stop arrival="11:37" departure="11:37">Grindevoll snuplass</stop>
    <stop arrival="11:38" departure="11:38">Grindevoll</stop>
    <stop arrival="11:38" departure="11:38">Thuen</stop>
    <stop arrival="11:41" departure="11:41">Thuen Bedehuset</stop>
    <stop arrival="11:44" departure="11:44">Mobergslien</stop>
    <stop arrival="11:45" departure="11:45">Moberg</stop>
    <stop arrival="11:46" departure="11:46">Mobergsbakken</stop>
    <stop arrival="11:47" departure="11:47">Os kai</stop>
    <stop arrival="11:47">Os - Osøyro</stop>
  </route>
  <route no="630" destination="Halhjemsmarka" url="http://www.web2051.no/bin/tp/zuginfo.exe/on/828387/281998/85050/233604/1/" trafficDays="kjører Sø, også 1., 13., 17., 24. Mai">
    <stop departure="11:40" routeNo="630">Os - Osøyro</stop>
    <stop arrival="11:41" departure="11:41">Mobergsbakken</stop>
    <stop arrival="11:42" departure="11:42">Moberg</stop>
    <stop arrival="11:43" departure="11:43">Mobergslien</stop>
    <stop arrival="11:44" departure="11:44">Trolldalen (Os)</stop>
    <stop arrival="11:45" departure="11:45">Lekven</stop>
    <stop arrival="11:46" departure="11:46">Lunde (Halhjemsvn.)</stop>
    <stop arrival="11:47" departure="11:47">Nesjabuen</stop>
    <stop arrival="11:48" departure="11:48">Haugland (Os)</stop>
    <stop arrival="11:49" departure="11:49">Halhjem kafe</stop>
    <stop arrival="11:50" departure="11:50">Halhjem</stop>
    <stop arrival="11:51" departure="11:51">Vernøy</stop>
    <stop arrival="11:53" departure="11:53">Auredalen</stop>
    <stop arrival="11:55">Halhjemsmarka</stop>
  </route>
  <route no="612" destination="Os - Osøyro" url="http://www.web2051.no/bin/tp/zuginfo.exe/on/518892/178633/61274/142327/1/" trafficDays="kjører Ma - Fr, ikke 13., 17., 24. Mai">
    <stop departure="11:20" routeNo="612">Os - Osøyro</stop>
    <stop arrival="11:21" departure="11:21">Fjellheim</stop>
    <stop arrival="11:22" departure="11:22">Kuven</stop>
    <stop arrival="11:23" departure="11:23">Flåten (Os)</stop>
    <stop arrival="11:24" departure="11:24">Flåten Senter</stop>
    <stop arrival="11:25" departure="11:25">Tøsdalskiftet</stop>
    <stop arrival="11:27" departure="11:27">Os Vidaregåande skule</stop>
    <stop arrival="11:28" departure="11:28">Ulvensletta</stop>
    <stop arrival="11:29" departure="11:29">Vaksinen</stop>
    <stop arrival="11:30" departure="11:30">Ådnadalen</stop>
    <stop arrival="11:31" departure="11:31">Irgenskryss</stop>
    <stop arrival="11:31" departure="11:31">Hagevik 1</stop>
    <stop arrival="11:32" departure="11:32">Hagevik 2</stop>
    <stop arrival="11:32" departure="11:32">Hagavik (Hovland - Os)</stop>
    <stop arrival="11:32" departure="11:32">Hagavik (Hovland - Os)</stop>
    <stop arrival="11:33" departure="11:33">Hagevik 2</stop>
    <stop arrival="11:33" departure="11:33">Hagevik 1</stop>
    <stop arrival="11:34" departure="11:34">Irgenskryss</stop>
    <stop arrival="11:35" departure="11:35">Nore Neset skule</stop>
    <stop arrival="11:36" departure="11:36">Skeie (Os)</stop>
    <stop arrival="11:37" departure="11:37">Grindevoll snuplass</stop>
    <stop arrival="11:38" departure="11:38">Grindevoll</stop>
    <stop arrival="11:38" departure="11:38">Thuen</stop>
    <stop arrival="11:41" departure="11:41">Thuen Bedehuset</stop>
    <stop arrival="11:44" departure="11:44">Mobergslien</stop>
    <stop arrival="11:45" departure="11:45">Moberg</stop>
    <stop arrival="11:46" departure="11:46">Mobergsbakken</stop>
    <stop arrival="11:47" departure="11:47">Os kai</stop>
    <stop arrival="11:47">Os - Osøyro</stop>
  </route>
</routes>
