<?xml version="1.0" encoding="UTF-8"?>
<routes>
  <route no="40" destination="Bergen Busstasjon" url="http://www.web2051.no/bin/tp/zuginfo.exe/on/781875/261953/481100/20076/1/" trafficDays="kjører Ma - Fr, ikke 13., 17., 24. Mai">
    <stop departure="11:00" routeNo="40">Loddefjord term.</stop>
    <stop arrival="11:01" departure="11:01">Bjørndalstre krysset</stop>
    <stop arrival="11:02" departure="11:02">Tennebekk</stop>
    <stop arrival="11:06" departure="11:06">Lyngbø Motorvei R555</stop>
    <stop arrival="11:11" departure="11:11">Møhlenpris v/ Industrihuset</stop>
    <stop arrival="11:14" departure="11:14">Nygårdsgaten</stop>
    <stop arrival="11:15">Bergen Busstasjon</stop>
  </route>
  <route no="455" destination="Bergen Busstasjon" url="http://www.web2051.no/bin/tp/zuginfo.exe/on/241248/82595/295474/67321/1/" trafficDays="kjører Ma - Fr, ikke 13., 17., 24. Mai">
    <stop departure="10:05" routeNo="455">Forland kai</stop>
    <stop arrival="10:06" departure="10:06">Forland Bedhus</stop>
    <stop arrival="10:06" departure="10:06">Forland Kleiva</stop>
    <stop arrival="10:07" departure="10:07">Forlandskiftet</stop>
    <stop arrival="10:07" departure="10:07">Stranda Skole</stop>
    <stop arrival="10:07" departure="10:07">Forlandskiftet</stop>
    <stop arrival="10:09" departure="10:09">Kleppe utmark (Sund)</stop>
    <stop arrival="10:10" departure="10:10">Kleppe barnehage (Sund)</stop>
    <stop arrival="10:10" departure="10:10">Kleppe (Sund)</stop>
    <stop arrival="10:11" departure="10:11">Kleppevik (Sund)</stop>
    <stop arrival="10:11" departure="10:11">Høyland Bakeriet (Sund)</stop>
    <stop arrival="10:12" departure="10:12">Høyland (Sund)</stop>
    <stop arrival="10:13" departure="10:13">Høyland grustaket (Sund)</stop>
    <stop arrival="10:14" departure="10:14">Førdestraumen sør (Sund)</stop>
    <stop arrival="10:14" departure="10:14">Førdestraumen (Sund)</stop>
    <stop arrival="10:15" departure="10:15">Førde Melkevik (Sund)</stop>
    <stop arrival="10:16" departure="10:16">Førde (Sund)</stop>
    <stop arrival="10:17" departure="10:17">Førde Stauradalen (Sund)</stop>
    <stop arrival="10:18" departure="10:18">Klokkarvik Børnes</stop>
    <stop arrival="10:19" departure="10:19">Klokkarvik Sund barneskule</stop>
    <stop arrival="10:19" departure="10:19">Klokkarvik Limavåg</stop>
    <stop arrival="10:20" departure="10:20">Klokkarvik</stop>
    <stop arrival="10:21" departure="10:21">Klokkarvik Kyrkjevegen</stop>
    <stop arrival="10:21" departure="10:21">Klokkarvik Stølen</stop>
    <stop arrival="10:21" departure="10:21">Klokkarvik Laksen</stop>
    <stop arrival="10:22" departure="10:22">Sundskogen</stop>
    <stop arrival="10:23" departure="10:23">Skogsvåg Oppedal</stop>
    <stop arrival="10:24" departure="10:24">Skogsvåg Dommedalen</stop>
    <stop arrival="10:25" departure="10:25">Skogsvåg Aurabekken</stop>
    <stop arrival="10:25" departure="10:25">Sangoltskiftet</stop>
    <stop arrival="10:27" departure="10:27">Skogsvåg gamle skule</stop>
    <stop arrival="10:31" departure="10:31">Skoge Kvalvågen (Sund)</stop>
    <stop arrival="10:34" departure="10:34">Skoge (Sund)</stop>
    <stop arrival="10:36" departure="10:36">Skogsskiftet Midtstegen</stop>
    <stop arrival="10:38" departure="10:38">Skogsskiftet Hald Stadion</stop>
    <stop arrival="10:40" departure="10:40">Skogsskiftet term.</stop>
    <stop arrival="10:41" departure="10:41">Trengereid (Fjell)</stop>
    <stop arrival="10:41" departure="10:41">Trengereid Slettebakken (Fjell</stop>
    <stop arrival="10:43" departure="10:43">Dalseide (Fjell)</stop>
    <stop arrival="10:44" departure="10:44">Dala (Fjell)</stop>
    <stop arrival="10:44" departure="10:44">Dala (Fjell)</stop>
    <stop arrival="10:45" departure="10:45">Tellnes skule</stop>
    <stop arrival="10:45" departure="10:45">Tellnesskiftet</stop>
    <stop arrival="10:46" departure="10:46">Tellnes Bruabrekko</stop>
    <stop arrival="10:47" departure="10:47">Tellnesskogen</stop>
    <stop arrival="10:48" departure="10:48">Fjell søre Krossleite</stop>
    <stop arrival="10:48" departure="10:48">Fjell Krossleite</stop>
    <stop arrival="10:49" departure="10:49">Fjell Podlagrinda</stop>
    <stop arrival="10:49" departure="10:49">Fjell Søre</stop>
    <stop arrival="10:50" departure="10:50">Fjell Leite</stop>
    <stop arrival="10:50" departure="10:50">Fjell kyrkje</stop>
    <stop arrival="10:50" departure="10:50">Fjell</stop>
    <stop arrival="10:51" departure="10:51">Fjell Heljedalen</stop>
    <stop arrival="10:52" departure="10:52">Fjell Blommen</stop>
    <stop arrival="10:58" departure="10:58">Bildøy</stop>
    <stop arrival="11:00" departure="11:00">Straume term.</stop>
    <stop arrival="11:03" departure="11:03">Knarrevik</stop>
    <stop arrival="11:05" departure="11:05">Drotningsvik Rv 555</stop>
    <stop arrival="11:06" departure="11:06">Breivikskiftet</stop>
    <stop arrival="11:08" departure="11:08">Frida Fasmer</stop>
    <stop arrival="11:13" departure="11:13">Lyngbø Motorvei R555</stop>
    <stop arrival="11:17" departure="11:17">Møhlenpris v/ Industrihuset</stop>
    <stop arrival="11:19" departure="11:19">Nygårdsgaten</stop>
    <stop arrival="11:20">Bergen Busstasjon</stop>
  </route>
  <route no="444" destination="Bergen Busstasjon" url="http://www.web2051.no/bin/tp/zuginfo.exe/on/745461/250472/384926/56025/1/" trafficDays="kjører Lø, ikke 1. Mai">
    <stop departure="11:00" routeNo="444">Straume term.</stop>
    <stop arrival="11:03" departure="11:03">Knarrevik</stop>
    <stop arrival="11:06" departure="11:06">Drotningsvik Rv 555</stop>
    <stop arrival="11:07" departure="11:07">Breivikskiftet</stop>
    <stop arrival="11:10" departure="11:10">Storavatnet term.</stop>
    <stop arrival="11:11" departure="11:11">Frida Fasmer</stop>
    <stop arrival="11:16" departure="11:16">Lyngbø Motorvei R555</stop>
    <stop arrival="11:20" departure="11:20">Møhlenpris v/ Industrihuset</stop>
    <stop arrival="11:22" departure="11:22">Nygårdsgaten</stop>
    <stop arrival="11:25">Bergen Busstasjon</stop>
  </route>
  <route no="485" destination="Bergen Busstasjon" url="http://www.web2051.no/bin/tp/zuginfo.exe/on/732309/246754/685364/98579/1/" trafficDays="kjører Lø, ikke 1. Mai">
    <stop departure="10:17" routeNo="485">Hanevik</stop>
    <stop arrival="10:18" departure="10:18">Sæterstøl (Askøy)</stop>
    <stop arrival="10:19" departure="10:19">Lærdal (Askøy)</stop>
    <stop arrival="10:21" departure="10:21">Vikøren (Askøy)</stop>
    <stop arrival="10:21" departure="10:21">Solviken (Askøy)</stop>
    <stop arrival="10:23" departure="10:23">Lille Brevik nord (Askøy)</stop>
    <stop arrival="10:23" departure="10:23">Lille Brevik (Askøy)</stop>
    <stop arrival="10:24" departure="10:24">Bakkeland/Tumyr</stop>
    <stop arrival="10:25" departure="10:25">Kirkevik (Askøy)</stop>
    <stop arrival="10:26" departure="10:26">Asketoppen</stop>
    <stop arrival="10:27" departure="10:27">Ask v/Florida (Askøy)</stop>
    <stop arrival="10:28" departure="10:28">Hop skole (Askøy)</stop>
    <stop arrival="10:29" departure="10:29">Hop (Askøy aldershjem)</stop>
    <stop arrival="10:30" departure="10:30">Ellingsen gartneri (Askøy)</stop>
    <stop arrival="10:31" departure="10:31">Blåkors (Askøy)</stop>
    <stop arrival="10:33" departure="10:33">Strømsnes (Askøy)</stop>
    <stop arrival="10:34" departure="10:34">Strømsneshøyden (Askøy)</stop>
    <stop arrival="10:36" departure="10:36">Furuly (Askøy)</stop>
    <stop arrival="10:36" departure="10:36">Olaviken (Askøy)</stop>
    <stop arrival="10:38" departure="10:38">Skogvik (Askøy)</stop>
    <stop arrival="10:40" departure="10:40">Nordre Erdal</stop>
    <stop arrival="10:41" departure="10:41">Erdal skole</stop>
    <stop arrival="10:42" departure="10:42">Djupamyr (Askøy)</stop>
    <stop arrival="10:43" departure="10:43">Olufsen (Askøy)</stop>
    <stop arrival="10:44" departure="10:44">Eideskiftet (Askøy)</stop>
    <stop arrival="10:45" departure="10:45">Nordre Erdal</stop>
    <stop arrival="10:46" departure="10:46">Erdal skole</stop>
    <stop arrival="10:46" departure="10:46">Myren (Askøy)</stop>
    <stop arrival="10:47" departure="10:47">Erdal sør</stop>
    <stop arrival="10:49" departure="10:49">Østerdalen (Askøy)</stop>
    <stop arrival="10:50" departure="10:50">Florvåg Bakervågen</stop>
    <stop arrival="10:52" departure="10:52">Florvåg Øenkrysset</stop>
    <stop arrival="10:52" departure="10:52">Florvåg kai</stop>
    <stop arrival="10:53" departure="10:53">Florvåg ungdomsskole</stop>
    <stop arrival="10:55" departure="10:55">Florvåg verk</stop>
    <stop arrival="10:56" departure="10:56">Strand (Florvåg)</stop>
    <stop arrival="10:57" departure="10:57">Solhålo (Kleppestø)</stop>
    <stop arrival="10:58" departure="10:58">Kleppestø senter</stop>
    <stop arrival="11:00" departure="11:00">Kleppestø term.</stop>
    <stop arrival="11:01" departure="11:01">Kleppestø (Rådhuset)</stop>
    <stop arrival="11:02" departure="11:02">Holmedal (Askøy)</stop>
    <stop arrival="11:03" departure="11:03">Storeklubben (Askøy)</stop>
    <stop arrival="11:06" departure="11:06">Brøstaneset</stop>
    <stop arrival="11:10" departure="11:10">Storavatnet term.</stop>
    <stop arrival="11:11" departure="11:11">Frida Fasmer</stop>
    <stop arrival="11:16" departure="11:16">Lyngbø Motorvei R555</stop>
    <stop arrival="11:20" departure="11:20">Møhlenpris v/ Industrihuset</stop>
    <stop arrival="11:22" departure="11:22">Nygårdsgaten</stop>
    <stop arrival="11:25">Bergen Busstasjon</stop>
  </route>
  <route no="494" destination="Bergen Busstasjon" url="http://www.web2051.no/bin/tp/zuginfo.exe/on/913092/307181/877080/134176/1/" trafficDays="kjører Lø, ikke 1. Mai">
    <stop departure="10:38" routeNo="494">Ravnanger term.</stop>
    <stop arrival="10:38" departure="10:38">Ravnanger</stop>
    <stop arrival="10:39" departure="10:39">Haugland bedehus (Askøy)</stop>
    <stop arrival="10:40" departure="10:40">Haugland skole (Askøy)</stop>
    <stop arrival="10:41" departure="10:41">Haugland sør (Askøy)</stop>
    <stop arrival="10:42" departure="10:42">Fjellveien (Askøy)</stop>
    <stop arrival="10:43" departure="10:43">Haugland Verkstedet (Askøy)</stop>
    <stop arrival="10:44" departure="10:44">Kråvik (Askøy)</stop>
    <stop arrival="10:44" departure="10:44">Pålelva (Askøy)</stop>
    <stop arrival="10:45" departure="10:45">Lavikskiftet (Askøy)</stop>
    <stop arrival="10:46" departure="10:46">Juvik bedehus (Askøy)</stop>
    <stop arrival="10:47" departure="10:47">Juvikflaten (Askøy)</stop>
    <stop arrival="10:48" departure="10:48">Krokåsskiftet (Askøy)</stop>
    <stop arrival="10:50" departure="10:50">Askøy senter</stop>
    <stop arrival="10:51" departure="10:51">Skansen (Askøy)</stop>
    <stop arrival="10:52" departure="10:52">Torvgården (Askøy)</stop>
    <stop arrival="10:53" departure="10:53">Florvågskiftet F216</stop>
    <stop arrival="10:55" departure="10:55">Kleppestø ungdomsskole</stop>
    <stop arrival="10:56" departure="10:56">Askøy Helsetun</stop>
    <stop arrival="10:58" departure="10:58">Kleppestø senter</stop>
    <stop arrival="11:00" departure="11:00">Kleppestø term.</stop>
    <stop arrival="11:01" departure="11:01">Kleppestø (Rådhuset)</stop>
    <stop arrival="11:02" departure="11:02">Holmedal (Askøy)</stop>
    <stop arrival="11:03" departure="11:03">Storeklubben (Askøy)</stop>
    <stop arrival="11:06" departure="11:06">Brøstaneset</stop>
    <stop arrival="11:10" departure="11:10">Storavatnet term.</stop>
    <stop arrival="11:11" departure="11:11">Frida Fasmer</stop>
    <stop arrival="11:16" departure="11:16">Lyngbø Motorvei R555</stop>
    <stop arrival="11:20" departure="11:20">Møhlenpris v/ Industrihuset</stop>
    <stop arrival="11:22" departure="11:22">Nygårdsgaten</stop>
    <stop arrival="11:25">Bergen Busstasjon</stop>
  </route>
  <route no="495" destination="Bergen Busstasjon" url="http://www.web2051.no/bin/tp/zuginfo.exe/on/862587/290382/414116/80471/1/" trafficDays="kjører Ma - Fr, ikke 13., 17., 24. Mai">
    <stop departure="10:13" routeNo="495">Ramsøy snuplass</stop>
    <stop arrival="10:15" departure="10:15">Ramsøy bro</stop>
    <stop arrival="10:16" departure="10:16">Hanøy</stop>
    <stop arrival="10:16" departure="10:16">Hanøy bedehus</stop>
    <stop arrival="10:17" departure="10:17">Hanøy skole</stop>
    <stop arrival="10:18" departure="10:18">Hanøy Skaret</stop>
    <stop arrival="10:18" departure="10:18">Hanøy Steinseidet</stop>
    <stop arrival="10:19" departure="10:19">Hanøy Steinsbruddet</stop>
    <stop arrival="10:19" departure="10:19">Hanøy Langøyvei</stop>
    <stop arrival="10:20" departure="10:20">Kollevåg Friluften</stop>
    <stop arrival="10:22" departure="10:22">Kollevågshøyden</stop>
    <stop arrival="10:23" departure="10:23">Kollevåg Svartevatnet</stop>
    <stop arrival="10:25" departure="10:25">Kollevåg</stop>
    <stop arrival="10:26" departure="10:26">Kollevåg Hendriksen</stop>
    <stop arrival="10:28" departure="10:28">Tveit kirke/skole (Askøy)</stop>
    <stop arrival="10:29" departure="10:29">Tveitevågskiftet</stop>
    <stop arrival="10:30" departure="10:30">Tveitetræet</stop>
    <stop arrival="10:32" departure="10:32">Ravnanger (Jehovas V.)</stop>
    <stop arrival="10:33" departure="10:33">Ravnanger term.</stop>
    <stop arrival="10:33" departure="10:33">Ravnanger</stop>
    <stop arrival="10:34" departure="10:34">Haugland bedehus (Askøy)</stop>
    <stop arrival="10:35" departure="10:35">Haugland skole (Askøy)</stop>
    <stop arrival="10:36" departure="10:36">Haugland sør (Askøy)</stop>
    <stop arrival="10:37" departure="10:37">Fjellveien (Askøy)</stop>
    <stop arrival="10:38" departure="10:38">Haugland Verkstedet (Askøy)</stop>
    <stop arrival="10:39" departure="10:39">Kråvik (Askøy)</stop>
    <stop arrival="10:39" departure="10:39">Pålelva (Askøy)</stop>
    <stop arrival="10:40" departure="10:40">Lavikskiftet (Askøy)</stop>
    <stop arrival="10:41" departure="10:41">Juvik bedehus (Askøy)</stop>
    <stop arrival="10:42" departure="10:42">Juvikflaten (Askøy)</stop>
    <stop arrival="10:43" departure="10:43">Krokåsskiftet (Askøy)</stop>
    <stop arrival="10:45" departure="10:45">Askøy senter</stop>
    <stop arrival="10:47" departure="10:47">Skansen (Askøy)</stop>
    <stop arrival="10:49" departure="10:49">Torvgården (Askøy)</stop>
    <stop arrival="10:51" departure="10:51">Florvågskiftet F216</stop>
    <stop arrival="10:53" departure="10:53">Kleppestø ungdomsskole</stop>
    <stop arrival="10:54" departure="10:54">Askøy Helsetun</stop>
    <stop arrival="10:58" departure="10:58">Kleppestø senter</stop>
    <stop arrival="11:00" departure="11:00">Kleppestø term.</stop>
    <stop arrival="11:01" departure="11:01">Kleppestø (Rådhuset)</stop>
    <stop arrival="11:02" departure="11:02">Holmedal (Askøy)</stop>
    <stop arrival="11:03" departure="11:03">Storeklubben (Askøy)</stop>
    <stop arrival="11:06" departure="11:06">Brøstaneset</stop>
    <stop arrival="11:10" departure="11:10">Storavatnet term.</stop>
    <stop arrival="11:11" departure="11:11">Frida Fasmer</stop>
    <stop arrival="11:16" departure="11:16">Lyngbø Motorvei R555</stop>
    <stop arrival="11:20" departure="11:20">Møhlenpris v/ Industrihuset</stop>
    <stop arrival="11:22" departure="11:22">Nygårdsgaten</stop>
    <stop arrival="11:25">Bergen Busstasjon</stop>
  </route>
  <route no="30" destination="Bergen Busstasjon" url="http://www.web2051.no/bin/tp/zuginfo.exe/on/74934/29276/727008/338526/1/" trafficDays="kjører Sø, også 1., 13., 17., 24. Mai">
    <stop departure="10:50" routeNo="30">Birkelandskrysset Terminal</stop>
    <stop arrival="10:51" departure="10:51">Birkelandsflaten</stop>
    <stop arrival="10:52" departure="10:52">Birkelandsflaten</stop>
    <stop arrival="10:53" departure="10:53">Sandslislusen</stop>
    <stop arrival="10:53" departure="10:53">Sandslisnuplass</stop>
    <stop arrival="10:54" departure="10:54">Sandsligården</stop>
    <stop arrival="10:55" departure="10:55">Statoil (Sandsli)</stop>
    <stop arrival="10:56" departure="10:56">Statoil stasjon Sandsli</stop>
    <stop arrival="10:57" departure="10:57">Hydro Sandsli</stop>
    <stop arrival="10:58" departure="10:58">Petedalsheia</stop>
    <stop arrival="10:59" departure="10:59">Fanatorget</stop>
    <stop arrival="11:03" departure="11:03">Dolvik terminal</stop>
    <stop arrival="11:04" departure="11:04">Søreide skole</stop>
    <stop arrival="11:05" departure="11:05">Søreide v/Hydrostasjonen</stop>
    <stop arrival="11:05" departure="11:05">Straume bro</stop>
    <stop arrival="11:05" departure="11:05">Bergen Motorbåtforening</stop>
    <stop arrival="11:06" departure="11:06">Sementbroen</stop>
    <stop arrival="11:07" departure="11:07">Sandeide terminal</stop>
    <stop arrival="11:09" departure="11:09">Fyllingsdalsveien v/Shell</stop>
    <stop arrival="11:11" departure="11:11">Skarphaugen</stop>
    <stop arrival="11:12" departure="11:12">Oasen Terminal</stop>
    <stop arrival="11:13" departure="11:13">Løvås</stop>
    <stop arrival="11:13" departure="11:13">Nebbeveien</stop>
    <stop arrival="11:13" departure="11:13">Hamregården</stop>
    <stop arrival="11:14" departure="11:14">Sikthaugen</stop>
    <stop arrival="11:17" departure="11:17">Gyldenpris</stop>
    <stop arrival="11:19" departure="11:19">Møhlenpris v/ Industrihuset</stop>
    <stop arrival="11:22" departure="11:22">Nygårdsgaten</stop>
    <stop arrival="11:27">Bergen Busstasjon</stop>
  </route>
  <route no="445" destination="Bergen Busstasjon" url="http://www.web2051.no/bin/tp/zuginfo.exe/on/217653/74583/316942/85920/1/" trafficDays="kjører Ma - Fr, ikke 13., 17., 24. Mai">
    <stop departure="10:45" routeNo="445">Anglevik snuplass</stop>
    <stop arrival="10:46" departure="10:46">Anglevik</stop>
    <stop arrival="10:46" departure="10:46">Våge kryss (Fjell)</stop>
    <stop arrival="10:47" departure="10:47">Vågaleite (Fjell)</stop>
    <stop arrival="10:48" departure="10:48">Foldnes</stop>
    <stop arrival="10:50" departure="10:50">Foldnesvegen</stop>
    <stop arrival="10:52" departure="10:52">Foldnes Grunnavågen</stop>
    <stop arrival="10:54" departure="10:54">Sotraheimen</stop>
    <stop arrival="10:56" departure="10:56">Åttringavegen</stop>
    <stop arrival="10:58" departure="10:58">Storhilleren (Foldnesveg)</stop>
    <stop arrival="11:00" departure="11:00">Straume term.</stop>
    <stop arrival="11:03" departure="11:03">Knarrevik</stop>
    <stop arrival="11:06" departure="11:06">Drotningsvik Rv 555</stop>
    <stop arrival="11:07" departure="11:07">Breivikskiftet</stop>
    <stop arrival="11:10" departure="11:10">Storavatnet term.</stop>
    <stop arrival="11:11" departure="11:11">Frida Fasmer</stop>
    <stop arrival="11:17" departure="11:17">Lyngbø Motorvei R555</stop>
    <stop arrival="11:22" departure="11:22">Møhlenpris v/ Industrihuset</stop>
    <stop arrival="11:24" departure="11:24">Nygårdsgaten</stop>
    <stop arrival="11:25">Bergen Busstasjon</stop>
  </route>
  <route no="30" destination="Bergen Busstasjon" url="http://www.web2051.no/bin/tp/zuginfo.exe/on/33429/15457/58600/18157/1/" trafficDays="kjører Lø, ikke 1. Mai">
    <stop departure="10:50" routeNo="30">Birkelandskrysset Terminal</stop>
    <stop arrival="10:52" departure="10:52">Birkelandsflaten</stop>
    <stop arrival="10:53" departure="10:53">Birkelandsflaten</stop>
    <stop arrival="10:53" departure="10:53">Sandslislusen</stop>
    <stop arrival="10:53" departure="10:53">Sandslisnuplass</stop>
    <stop arrival="10:54" departure="10:54">Sandsligården</stop>
    <stop arrival="10:55" departure="10:55">Statoil (Sandsli)</stop>
    <stop arrival="10:56" departure="10:56">Statoil stasjon Sandsli</stop>
    <stop arrival="10:57" departure="10:57">Hydro Sandsli</stop>
    <stop arrival="10:58" departure="10:58">Petedalsheia</stop>
    <stop arrival="10:59" departure="10:59">Fanatorget</stop>
    <stop arrival="11:03" departure="11:03">Dolvik terminal</stop>
    <stop arrival="11:03" departure="11:03">Dolvikbakken</stop>
    <stop arrival="11:04" departure="11:04">Søreide skole</stop>
    <stop arrival="11:05" departure="11:05">Søreide v/Hydrostasjonen</stop>
    <stop arrival="11:05" departure="11:05">Straume bro</stop>
    <stop arrival="11:05" departure="11:05">Bergen Motorbåtforening</stop>
    <stop arrival="11:06" departure="11:06">Sementbroen</stop>
    <stop arrival="11:07" departure="11:07">Sandeide terminal</stop>
    <stop arrival="11:10" departure="11:10">Fyllingsdalsveien v/Shell</stop>
    <stop arrival="11:14" departure="11:14">Skarphaugen</stop>
    <stop arrival="11:15" departure="11:15">Oasen Terminal</stop>
    <stop arrival="11:16" departure="11:16">Løvås</stop>
    <stop arrival="11:16" departure="11:16">Nebbeveien</stop>
    <stop arrival="11:16" departure="11:16">Hamregården</stop>
    <stop arrival="11:17" departure="11:17">Sikthaugen</stop>
    <stop arrival="11:20" departure="11:20">Gyldenpris</stop>
    <stop arrival="11:22" departure="11:22">Møhlenpris v/ Industrihuset</stop>
    <stop arrival="11:25" departure="11:25">Nygårdsgaten</stop>
    <stop arrival="11:30">Bergen Busstasjon</stop>
  </route>
  <route no="30" destination="Bergen Busstasjon" url="http://www.web2051.no/bin/tp/zuginfo.exe/on/184620/65889/925708/401317/1/" trafficDays="kjører Ma - Fr, ikke 13., 17., 24. Mai">
    <stop departure="10:50" routeNo="30">Birkelandskrysset Terminal</stop>
    <stop arrival="10:52" departure="10:52">Birkelandsflaten</stop>
    <stop arrival="10:53" departure="10:53">Birkelandsflaten</stop>
    <stop arrival="10:53" departure="10:53">Sandslislusen</stop>
    <stop arrival="10:53" departure="10:53">Sandslisnuplass</stop>
    <stop arrival="10:54" departure="10:54">Sandsligården</stop>
    <stop arrival="10:55" departure="10:55">Statoil (Sandsli)</stop>
    <stop arrival="10:55" departure="10:55">Statoil stasjon Sandsli</stop>
    <stop arrival="10:56" departure="10:56">Hydro Sandsli</stop>
    <stop arrival="10:56" departure="10:56">Petedalsheia</stop>
    <stop arrival="10:57" departure="10:57">Fanatorget</stop>
    <stop arrival="11:00" departure="11:00">Regnbueåsen</stop>
    <stop arrival="11:03" departure="11:03">Skranevegen</stop>
    <stop arrival="11:03" departure="11:03">Dolvik terminal</stop>
    <stop arrival="11:03" departure="11:03">Dolvikbakken</stop>
    <stop arrival="11:04" departure="11:04">Søreide skole</stop>
    <stop arrival="11:05" departure="11:05">Søreide v/Hydrostasjonen</stop>
    <stop arrival="11:06" departure="11:06">Straume bro</stop>
    <stop arrival="11:06" departure="11:06">Bergen Motorbåtforening</stop>
    <stop arrival="11:06" departure="11:06">Sementbroen</stop>
    <stop arrival="11:08" departure="11:08">Sandeide terminal</stop>
    <stop arrival="11:10" departure="11:10">Fyllingsdalsveien v/Shell</stop>
    <stop arrival="11:12" departure="11:12">Skarphaugen</stop>
    <stop arrival="11:13" departure="11:13">Oasen Terminal</stop>
    <stop arrival="11:14" departure="11:14">Løvås</stop>
    <stop arrival="11:15" departure="11:15">Nebbeveien</stop>
    <stop arrival="11:15" departure="11:15">Hamregården</stop>
    <stop arrival="11:16" departure="11:16">Sikthaugen</stop>
    <stop arrival="11:21" departure="11:21">Gyldenpris</stop>
    <stop arrival="11:23" departure="11:23">Møhlenpris v/ Industrihuset</stop>
    <stop arrival="11:26" departure="11:26">Nygårdsgaten</stop>
    <stop arrival="11:31">Bergen Busstasjon</stop>
  </route>
  <route no="42" destination="Bergen Busstasjon" url="http://www.web2051.no/bin/tp/zuginfo.exe/on/69621/24715/630010/291800/1/" trafficDays="kjører Lø, ikke 1. Mai">
    <stop departure="10:50" routeNo="42">Bjorøy skole</stop>
    <stop arrival="10:51" departure="10:51">Bjorøy etter X Kai</stop>
    <stop arrival="10:52" departure="10:52">Bjorøy X til kai</stop>
    <stop arrival="10:52" departure="10:52">Bjorøy ved bommen</stop>
    <stop arrival="10:58" departure="10:58">Hillehaugen</stop>
    <stop arrival="10:59" departure="10:59">Hillehaugen</stop>
    <stop arrival="10:59" departure="10:59">Håkonshella Feriehjemmet</stop>
    <stop arrival="11:00" departure="11:00">Lille Kongshaug</stop>
    <stop arrival="11:01" departure="11:01">Storingavika</stop>
    <stop arrival="11:01" departure="11:01">Medhaugflaten</stop>
    <stop arrival="11:02" departure="11:02">Hilleren</stop>
    <stop arrival="11:03" departure="11:03">Skaretoppen</stop>
    <stop arrival="11:03" departure="11:03">Skare (Mathopen skole)</stop>
    <stop arrival="11:04" departure="11:04">Mathopen Sætre</stop>
    <stop arrival="11:05" departure="11:05">Haakonsvern/Mathopen</stop>
    <stop arrival="11:07" departure="11:07">Notaneset</stop>
    <stop arrival="11:10" departure="11:10">Hetlevikstrømmen</stop>
    <stop arrival="11:11" departure="11:11">Hetlevikskiftet</stop>
    <stop arrival="11:15" departure="11:15">Loddefjord term.</stop>
    <stop arrival="11:16" departure="11:16">Bjørndalstre krysset</stop>
    <stop arrival="11:17" departure="11:17">Tennebekk</stop>
    <stop arrival="11:20" departure="11:20">Lyngbø Motorvei R555</stop>
    <stop arrival="11:25" departure="11:25">Møhlenpris v/ Industrihuset</stop>
    <stop arrival="11:27" departure="11:27">Nygårdsgaten</stop>
    <stop arrival="11:30">Bergen Busstasjon</stop>
  </route>
  <route no="32" destination="Bergen Busstasjon" url="http://www.web2051.no/bin/tp/zuginfo.exe/on/669348/224391/166938/139649/1/" trafficDays="kjører Ma - Fr, ikke 13., 17., 24. Mai">
    <stop departure="11:03" routeNo="32">Straume term.</stop>
    <stop arrival="11:06" departure="11:06">Knarrevik</stop>
    <stop arrival="11:09" departure="11:09">Drotningsvik Rv 555</stop>
    <stop arrival="11:10" departure="11:10">Breivikskiftet</stop>
    <stop arrival="11:13" departure="11:13">Storavatnet term.</stop>
    <stop arrival="11:14" departure="11:14">Frida Fasmer</stop>
    <stop arrival="11:15" departure="11:15">Loddefjorddalen</stop>
    <stop arrival="11:18" departure="11:18">Loddefjord term.</stop>
    <stop arrival="11:19" departure="11:19">Bjørndalstre krysset</stop>
    <stop arrival="11:19" departure="11:19">Bjørndalstræ R557</stop>
    <stop arrival="11:20" departure="11:20">Ravnestølen</stop>
    <stop arrival="11:21" departure="11:21">Sætermyr</stop>
    <stop arrival="11:22" departure="11:22">Bjørndalsskogen</stop>
    <stop arrival="11:23" departure="11:23">Kjerreidviken</stop>
    <stop arrival="11:24" departure="11:24">Bjørge</stop>
    <stop arrival="11:24" departure="11:24">Sandeidbråtet</stop>
    <stop arrival="11:24" departure="11:24">Sandeidet barnehage</stop>
    <stop arrival="11:25" departure="11:25">Sandeide terminal</stop>
    <stop arrival="11:27" departure="11:27">Fyllingsdalsveien v/Shell</stop>
    <stop arrival="11:29" departure="11:29">Skarphaugen</stop>
    <stop arrival="11:30" departure="11:30">Oasen Terminal</stop>
    <stop arrival="11:31" departure="11:31">Løvås</stop>
    <stop arrival="11:32" departure="11:32">Nebbeveien</stop>
    <stop arrival="11:32" departure="11:32">Hamregården</stop>
    <stop arrival="11:33" departure="11:33">Sikthaugen</stop>
    <stop arrival="11:38" departure="11:38">Gyldenpris</stop>
    <stop arrival="11:39" departure="11:39">Møhlenpris v/ Industrihuset</stop>
    <stop arrival="11:42" departure="11:42">Nygårdsgaten</stop>
    <stop arrival="11:45">Bergen Busstasjon</stop>
  </route>
  <route no="40" destination="Bergen Busstasjon" url="http://www.web2051.no/bin/tp/zuginfo.exe/on/182748/62245/612992/245582/1/" trafficDays="kjører Ma - Fr, ikke 13., 17., 24. Mai">
    <stop departure="11:30" routeNo="40">Loddefjord term.</stop>
    <stop arrival="11:31" departure="11:31">Bjørndalstre krysset</stop>
    <stop arrival="11:32" departure="11:32">Tennebekk</stop>
    <stop arrival="11:36" departure="11:36">Lyngbø Motorvei R555</stop>
    <stop arrival="11:41" departure="11:41">Møhlenpris v/ Industrihuset</stop>
    <stop arrival="11:44" departure="11:44">Nygårdsgaten</stop>
    <stop arrival="11:45">Bergen Busstasjon</stop>
  </route>
  <route no="468" destination="Bergen Busstasjon" url="http://www.web2051.no/bin/tp/zuginfo.exe/on/683796/230312/762748/153443/1/" trafficDays="kjører Ma - Fr, ikke 13., 17., 24. Mai">
    <stop departure="11:05" routeNo="468">Ågotnes terminal</stop>
    <stop arrival="11:06" departure="11:06">Ågotnes Kryss CCB</stop>
    <stop arrival="11:06" departure="11:06">Ågotnes Maggevarden</stop>
    <stop arrival="11:07" departure="11:07">Ågotnes</stop>
    <stop arrival="11:08" departure="11:08">Ågotnes Vanntanken</stop>
    <stop arrival="11:10" departure="11:10">Spjeldbrekko</stop>
    <stop arrival="11:11" departure="11:11">Spjeld</stop>
    <stop arrival="11:11" departure="11:11">Ormevik</stop>
    <stop arrival="11:12" departure="11:12">Knappskog</stop>
    <stop arrival="11:13" departure="11:13">Fjæreide kryss</stop>
    <stop arrival="11:15" departure="11:15">Knappskog utmark</stop>
    <stop arrival="11:16" departure="11:16">Morlandstø</stop>
    <stop arrival="11:17" departure="11:17">Morland ved bensinstasjon</stop>
    <stop arrival="11:18" departure="11:18">Kolltveit senter</stop>
    <stop arrival="11:19" departure="11:19">Kolltveit kai</stop>
    <stop arrival="11:20" departure="11:20">Kolltveit Bergasletto</stop>
    <stop arrival="11:21" departure="11:21">Kolltveit sør</stop>
    <stop arrival="11:21" departure="11:21">Kolltveit ved skulen</stop>
    <stop arrival="11:22" departure="11:22">Kolltveit kryss</stop>
    <stop arrival="11:23" departure="11:23">Døsjeskiftet</stop>
    <stop arrival="11:24" departure="11:24">Bildøy bro</stop>
    <stop arrival="11:26" departure="11:26">Bildøy</stop>
    <stop arrival="11:30" departure="11:30">Straume term.</stop>
    <stop arrival="11:33" departure="11:33">Knarrevik</stop>
    <stop arrival="11:35" departure="11:35">Drotningsvik Rv 555</stop>
    <stop arrival="11:36" departure="11:36">Breivikskiftet</stop>
    <stop arrival="11:38" departure="11:38">Frida Fasmer</stop>
    <stop arrival="11:43" departure="11:43">Lyngbø Motorvei R555</stop>
    <stop arrival="11:47" departure="11:47">Møhlenpris v/ Industrihuset</stop>
    <stop arrival="11:49" departure="11:49">Nygårdsgaten</stop>
    <stop arrival="11:50">Bergen Busstasjon</stop>
  </route>
  <route no="493" destination="Bergen Busstasjon" url="http://www.web2051.no/bin/tp/zuginfo.exe/on/444099/150819/608872/156404/1/" trafficDays="kjører Lø, ikke 1. Mai">
    <stop departure="11:08" routeNo="493">Krokåsfeltet snuplass</stop>
    <stop arrival="11:08" departure="11:08">Krokåsfeltet Peragjeret</stop>
    <stop arrival="11:08" departure="11:08">Krokåsfeltet Ospedalshaugen</stop>
    <stop arrival="11:08" departure="11:08">Krokåsfeltet Svartadalstjønna</stop>
    <stop arrival="11:10" departure="11:10">Juvikflaten (Askøy)</stop>
    <stop arrival="11:12" departure="11:12">Krokåsskiftet (Askøy)</stop>
    <stop arrival="11:13" departure="11:13">Askøy senter</stop>
    <stop arrival="11:14" departure="11:14">Ø.Kleppe Karisvingen</stop>
    <stop arrival="11:16" departure="11:16">Rossvoll (Askøy)</stop>
    <stop arrival="11:18" departure="11:18">Øvre Kleppe Toppen</stop>
    <stop arrival="11:19" departure="11:19">Øvre Kleppe v/Heimliveg</stop>
    <stop arrival="11:20" departure="11:20">Kyrkjelmyra (Askøy)</stop>
    <stop arrival="11:22" departure="11:22">Florvågskiftet F216</stop>
    <stop arrival="11:24" departure="11:24">Kleppestø ungdomsskole</stop>
    <stop arrival="11:25" departure="11:25">Askøy Helsetun</stop>
    <stop arrival="11:28" departure="11:28">Kleppestø senter</stop>
    <stop arrival="11:30" departure="11:30">Kleppestø term.</stop>
    <stop arrival="11:31" departure="11:31">Kleppestø (Rådhuset)</stop>
    <stop arrival="11:32" departure="11:32">Holmedal (Askøy)</stop>
    <stop arrival="11:33" departure="11:33">Storeklubben (Askøy)</stop>
    <stop arrival="11:36" departure="11:36">Brøstaneset</stop>
    <stop arrival="11:40" departure="11:40">Storavatnet term.</stop>
    <stop arrival="11:41" departure="11:41">Frida Fasmer</stop>
    <stop arrival="11:46" departure="11:46">Lyngbø Motorvei R555</stop>
    <stop arrival="11:50" departure="11:50">Møhlenpris v/ Industrihuset</stop>
    <stop arrival="11:52" departure="11:52">Nygårdsgaten</stop>
    <stop arrival="11:55">Bergen Busstasjon</stop>
  </route>
  <route no="455" destination="Bergen Busstasjon" url="http://www.web2051.no/bin/tp/zuginfo.exe/on/988683/331734/181930/238596/1/" trafficDays="kjører Lø, ikke 1. Mai">
    <stop departure="10:40" routeNo="455">Forland kai</stop>
    <stop arrival="10:41" departure="10:41">Forland Bedhus</stop>
    <stop arrival="10:41" departure="10:41">Forland Kleiva</stop>
    <stop arrival="10:42" departure="10:42">Forlandskiftet</stop>
    <stop arrival="10:42" departure="10:42">Stranda Skole</stop>
    <stop arrival="10:42" departure="10:42">Forlandskiftet</stop>
    <stop arrival="10:44" departure="10:44">Kleppe utmark (Sund)</stop>
    <stop arrival="10:45" departure="10:45">Kleppe barnehage (Sund)</stop>
    <stop arrival="10:45" departure="10:45">Kleppe (Sund)</stop>
    <stop arrival="10:46" departure="10:46">Kleppevik (Sund)</stop>
    <stop arrival="10:46" departure="10:46">Høyland Bakeriet (Sund)</stop>
    <stop arrival="10:47" departure="10:47">Høyland (Sund)</stop>
    <stop arrival="10:48" departure="10:48">Høyland grustaket (Sund)</stop>
    <stop arrival="10:49" departure="10:49">Førdestraumen sør (Sund)</stop>
    <stop arrival="10:49" departure="10:49">Førdestraumen (Sund)</stop>
    <stop arrival="10:50" departure="10:50">Førde Melkevik (Sund)</stop>
    <stop arrival="10:51" departure="10:51">Førde (Sund)</stop>
    <stop arrival="10:52" departure="10:52">Førde Stauradalen (Sund)</stop>
    <stop arrival="10:53" departure="10:53">Klokkarvik Børnes</stop>
    <stop arrival="10:54" departure="10:54">Klokkarvik Sund barneskule</stop>
    <stop arrival="10:54" departure="10:54">Klokkarvik Limavåg</stop>
    <stop arrival="10:55" departure="10:55">Klokkarvik</stop>
    <stop arrival="10:56" departure="10:56">Klokkarvik Kyrkjevegen</stop>
    <stop arrival="10:56" departure="10:56">Klokkarvik Stølen</stop>
    <stop arrival="10:56" departure="10:56">Klokkarvik Laksen</stop>
    <stop arrival="10:57" departure="10:57">Sundskogen</stop>
    <stop arrival="10:58" departure="10:58">Skogsvåg Oppedal</stop>
    <stop arrival="10:59" departure="10:59">Skogsvåg Dommedalen</stop>
    <stop arrival="11:00" departure="11:00">Skogsvåg Aurabekken</stop>
    <stop arrival="11:00" departure="11:00">Sangoltskiftet</stop>
    <stop arrival="11:01" departure="11:01">Skogsvåg gamle skule</stop>
    <stop arrival="11:04" departure="11:04">Skoge Kvalvågen (Sund)</stop>
    <stop arrival="11:06" departure="11:06">Skoge (Sund)</stop>
    <stop arrival="11:08" departure="11:08">Skogsskiftet Midtstegen</stop>
    <stop arrival="11:09" departure="11:09">Skogsskiftet Hald Stadion</stop>
    <stop arrival="11:10" departure="11:10">Skogsskiftet term.</stop>
    <stop arrival="11:11" departure="11:11">Trengereid (Fjell)</stop>
    <stop arrival="11:11" departure="11:11">Trengereid Slettebakken (Fjell</stop>
    <stop arrival="11:13" departure="11:13">Dalseide (Fjell)</stop>
    <stop arrival="11:14" departure="11:14">Dala (Fjell)</stop>
    <stop arrival="11:14" departure="11:14">Dala (Fjell)</stop>
    <stop arrival="11:15" departure="11:15">Tellnes skule</stop>
    <stop arrival="11:15" departure="11:15">Tellnesskiftet</stop>
    <stop arrival="11:16" departure="11:16">Tellnes Bruabrekko</stop>
    <stop arrival="11:17" departure="11:17">Tellnesskogen</stop>
    <stop arrival="11:18" departure="11:18">Fjell søre Krossleite</stop>
    <stop arrival="11:18" departure="11:18">Fjell Krossleite</stop>
    <stop arrival="11:19" departure="11:19">Fjell Podlagrinda</stop>
    <stop arrival="11:19" departure="11:19">Fjell Søre</stop>
    <stop arrival="11:20" departure="11:20">Fjell Leite</stop>
    <stop arrival="11:20" departure="11:20">Fjell kyrkje</stop>
    <stop arrival="11:20" departure="11:20">Fjell</stop>
    <stop arrival="11:21" departure="11:21">Fjell Heljedalen</stop>
    <stop arrival="11:22" departure="11:22">Fjell Blommen</stop>
    <stop arrival="11:28" departure="11:28">Bildøy</stop>
    <stop arrival="11:30" departure="11:30">Straume term.</stop>
    <stop arrival="11:33" departure="11:33">Knarrevik</stop>
    <stop arrival="11:36" departure="11:36">Drotningsvik Rv 555</stop>
    <stop arrival="11:37" departure="11:37">Breivikskiftet</stop>
    <stop arrival="11:40" departure="11:40">Storavatnet term.</stop>
    <stop arrival="11:41" departure="11:41">Frida Fasmer</stop>
    <stop arrival="11:47" departure="11:47">Lyngbø Motorvei R555</stop>
    <stop arrival="11:52" departure="11:52">Møhlenpris v/ Industrihuset</stop>
    <stop arrival="11:54" departure="11:54">Nygårdsgaten</stop>
    <stop arrival="11:55">Bergen Busstasjon</stop>
  </route>
  <route no="465" destination="Bergen Busstasjon" url="http://www.web2051.no/bin/tp/zuginfo.exe/on/668988/225312/517132/35570/1/" trafficDays="kjører Lø, Sø, ikke 1., 16. Mai; også 13., 24. Mai">
    <stop departure="10:55" routeNo="465">Ågotnes terminal</stop>
    <stop arrival="10:56" departure="10:56">Kårtveit (gamleskule)</stop>
    <stop arrival="10:57" departure="10:57">Kårtveit Nordli</stop>
    <stop arrival="10:58" departure="10:58">Kårtveit (Fjell)</stop>
    <stop arrival="10:58" departure="10:58">Kårtveit Eide butikk</stop>
    <stop arrival="10:59" departure="10:59">Kårtveit Eide kryss</stop>
    <stop arrival="10:59" departure="10:59">Kårtveit (Snekkerbua)</stop>
    <stop arrival="11:00" departure="11:00">Kårtveit (Nymark)</stop>
    <stop arrival="11:01" departure="11:01">Sekkingstad Glattkjøringsbane</stop>
    <stop arrival="11:01" departure="11:01">Sekkingstad (Møyvatn)</stop>
    <stop arrival="11:02" departure="11:02">Sekkingstad (Skjenavatne)</stop>
    <stop arrival="11:02" departure="11:02">Sekkingstad (butikken)</stop>
    <stop arrival="11:03" departure="11:03">Sekkingstad (bakketoppen)</stop>
    <stop arrival="11:03" departure="11:03">Sekkingstad (Lillebø)</stop>
    <stop arrival="11:04" departure="11:04">Sekkingstad (Apalvågen)</stop>
    <stop arrival="11:05" departure="11:05">Algrøy kryss</stop>
    <stop arrival="11:05" departure="11:05">Skålevik skule (Fjell)</stop>
    <stop arrival="11:06" departure="11:06">Skålevik Kuaneset (Fjell)</stop>
    <stop arrival="11:07" departure="11:07">Skålevik stølen (Fjell)</stop>
    <stop arrival="11:08" departure="11:08">Skålevik gravplass (Fjell)</stop>
    <stop arrival="11:09" departure="11:09">Skålevik utmark (Fjell)</stop>
    <stop arrival="11:10" departure="11:10">Møvik, Leirvik</stop>
    <stop arrival="11:10" departure="11:10">Møvik (Fjell)</stop>
    <stop arrival="11:11" departure="11:11">Møvik, Åse kryss</stop>
    <stop arrival="11:12" departure="11:12">Møvik Halsvarden (Fjell)</stop>
    <stop arrival="11:13" departure="11:13">Ytre Ulveseth</stop>
    <stop arrival="11:14" departure="11:14">Ulveseth skule</stop>
    <stop arrival="11:15" departure="11:15">Ulveseth</stop>
    <stop arrival="11:16" departure="11:16">Fjell Litlakvilet</stop>
    <stop arrival="11:17" departure="11:17">Fjell Prestasmauet</stop>
    <stop arrival="11:18" departure="11:18">Fjell Kleivane</stop>
    <stop arrival="11:19" departure="11:19">Fjell kyrkje</stop>
    <stop arrival="11:20" departure="11:20">Fjell</stop>
    <stop arrival="11:20" departure="11:20">Fjell Heljedalen</stop>
    <stop arrival="11:21" departure="11:21">Fjell Blommen</stop>
    <stop arrival="11:27" departure="11:27">Bildøy</stop>
    <stop arrival="11:30" departure="11:30">Straume term.</stop>
    <stop arrival="11:33" departure="11:33">Knarrevik</stop>
    <stop arrival="11:36" departure="11:36">Drotningsvik Rv 555</stop>
    <stop arrival="11:37" departure="11:37">Breivikskiftet</stop>
    <stop arrival="11:40" departure="11:40">Storavatnet term.</stop>
    <stop arrival="11:41" departure="11:41">Frida Fasmer</stop>
    <stop arrival="11:47" departure="11:47">Lyngbø Motorvei R555</stop>
    <stop arrival="11:52" departure="11:52">Møhlenpris v/ Industrihuset</stop>
    <stop arrival="11:54" departure="11:54">Nygårdsgaten</stop>
    <stop arrival="11:55">Bergen Busstasjon</stop>
  </route>
  <route no="484" destination="Bergen Busstasjon" url="http://www.web2051.no/bin/tp/zuginfo.exe/on/711027/239571/277906/98057/1/" trafficDays="kjører Ma - Fr, ikke 13., 17., 24. Mai">
    <stop departure="11:12" routeNo="484">Steinrusten snuplass</stop>
    <stop arrival="11:13" departure="11:13">Djupamyr (Askøy)</stop>
    <stop arrival="11:13" departure="11:13">Olufsen (Askøy)</stop>
    <stop arrival="11:14" departure="11:14">Eideskiftet (Askøy)</stop>
    <stop arrival="11:15" departure="11:15">Nordre Erdal</stop>
    <stop arrival="11:16" departure="11:16">Erdal skole</stop>
    <stop arrival="11:16" departure="11:16">Myren (Askøy)</stop>
    <stop arrival="11:17" departure="11:17">Erdal sør</stop>
    <stop arrival="11:19" departure="11:19">Østerdalen (Askøy)</stop>
    <stop arrival="11:20" departure="11:20">Florvåg Bakervågen</stop>
    <stop arrival="11:22" departure="11:22">Florvåg Øenkrysset</stop>
    <stop arrival="11:22" departure="11:22">Florvåg kai</stop>
    <stop arrival="11:23" departure="11:23">Florvåg ungdomsskole</stop>
    <stop arrival="11:25" departure="11:25">Florvåg verk</stop>
    <stop arrival="11:26" departure="11:26">Strand (Florvåg)</stop>
    <stop arrival="11:27" departure="11:27">Solhålo (Kleppestø)</stop>
    <stop arrival="11:28" departure="11:28">Kleppestø senter</stop>
    <stop arrival="11:30" departure="11:30">Kleppestø term.</stop>
    <stop arrival="11:31" departure="11:31">Kleppestø (Rådhuset)</stop>
    <stop arrival="11:32" departure="11:32">Holmedal (Askøy)</stop>
    <stop arrival="11:33" departure="11:33">Storeklubben (Askøy)</stop>
    <stop arrival="11:36" departure="11:36">Brøstaneset</stop>
    <stop arrival="11:40" departure="11:40">Storavatnet term.</stop>
    <stop arrival="11:41" departure="11:41">Frida Fasmer</stop>
    <stop arrival="11:47" departure="11:47">Lyngbø Motorvei R555</stop>
    <stop arrival="11:52" departure="11:52">Møhlenpris v/ Industrihuset</stop>
    <stop arrival="11:54" departure="11:54">Nygårdsgaten</stop>
    <stop arrival="11:55">Bergen Busstasjon</stop>
  </route>
  <route no="30" destination="Bergen Busstasjon" url="http://www.web2051.no/bin/tp/zuginfo.exe/on/349032/120658/992986/380150/1/" trafficDays="kjører Lø, ikke 1. Mai">
    <stop departure="11:20" routeNo="30">Birkelandskrysset Terminal</stop>
    <stop arrival="11:22" departure="11:22">Birkelandsflaten</stop>
    <stop arrival="11:23" departure="11:23">Birkelandsflaten</stop>
    <stop arrival="11:23" departure="11:23">Sandslislusen</stop>
    <stop arrival="11:23" departure="11:23">Sandslisnuplass</stop>
    <stop arrival="11:24" departure="11:24">Sandsligården</stop>
    <stop arrival="11:25" departure="11:25">Statoil (Sandsli)</stop>
    <stop arrival="11:26" departure="11:26">Statoil stasjon Sandsli</stop>
    <stop arrival="11:27" departure="11:27">Hydro Sandsli</stop>
    <stop arrival="11:28" departure="11:28">Petedalsheia</stop>
    <stop arrival="11:29" departure="11:29">Fanatorget</stop>
    <stop arrival="11:33" departure="11:33">Dolvik terminal</stop>
    <stop arrival="11:33" departure="11:33">Dolvikbakken</stop>
    <stop arrival="11:34" departure="11:34">Søreide skole</stop>
    <stop arrival="11:35" departure="11:35">Søreide v/Hydrostasjonen</stop>
    <stop arrival="11:35" departure="11:35">Straume bro</stop>
    <stop arrival="11:35" departure="11:35">Bergen Motorbåtforening</stop>
    <stop arrival="11:36" departure="11:36">Sementbroen</stop>
    <stop arrival="11:37" departure="11:37">Sandeide terminal</stop>
    <stop arrival="11:40" departure="11:40">Fyllingsdalsveien v/Shell</stop>
    <stop arrival="11:44" departure="11:44">Skarphaugen</stop>
    <stop arrival="11:45" departure="11:45">Oasen Terminal</stop>
    <stop arrival="11:46" departure="11:46">Løvås</stop>
    <stop arrival="11:46" departure="11:46">Nebbeveien</stop>
    <stop arrival="11:46" departure="11:46">Hamregården</stop>
    <stop arrival="11:47" departure="11:47">Sikthaugen</stop>
    <stop arrival="11:50" departure="11:50">Gyldenpris</stop>
    <stop arrival="11:52" departure="11:52">Møhlenpris v/ Industrihuset</stop>
    <stop arrival="11:55" departure="11:55">Nygårdsgaten</stop>
    <stop arrival="12:00">Bergen Busstasjon</stop>
  </route>
  <route no="30" destination="Bergen Busstasjon" url="http://www.web2051.no/bin/tp/zuginfo.exe/on/938607/317218/538594/43576/1/" trafficDays="kjører Ma - Fr, ikke 13., 17., 24. Mai">
    <stop departure="11:20" routeNo="30">Birkelandskrysset Terminal</stop>
    <stop arrival="11:22" departure="11:22">Birkelandsflaten</stop>
    <stop arrival="11:23" departure="11:23">Birkelandsflaten</stop>
    <stop arrival="11:23" departure="11:23">Sandslislusen</stop>
    <stop arrival="11:23" departure="11:23">Sandslisnuplass</stop>
    <stop arrival="11:24" departure="11:24">Sandsligården</stop>
    <stop arrival="11:25" departure="11:25">Statoil (Sandsli)</stop>
    <stop arrival="11:25" departure="11:25">Statoil stasjon Sandsli</stop>
    <stop arrival="11:26" departure="11:26">Hydro Sandsli</stop>
    <stop arrival="11:26" departure="11:26">Petedalsheia</stop>
    <stop arrival="11:27" departure="11:27">Fanatorget</stop>
    <stop arrival="11:30" departure="11:30">Regnbueåsen</stop>
    <stop arrival="11:33" departure="11:33">Skranevegen</stop>
    <stop arrival="11:33" departure="11:33">Dolvik terminal</stop>
    <stop arrival="11:33" departure="11:33">Dolvikbakken</stop>
    <stop arrival="11:34" departure="11:34">Søreide skole</stop>
    <stop arrival="11:35" departure="11:35">Søreide v/Hydrostasjonen</stop>
    <stop arrival="11:36" departure="11:36">Straume bro</stop>
    <stop arrival="11:36" departure="11:36">Bergen Motorbåtforening</stop>
    <stop arrival="11:36" departure="11:36">Sementbroen</stop>
    <stop arrival="11:38" departure="11:38">Sandeide terminal</stop>
    <stop arrival="11:40" departure="11:40">Fyllingsdalsveien v/Shell</stop>
    <stop arrival="11:42" departure="11:42">Skarphaugen</stop>
    <stop arrival="11:43" departure="11:43">Oasen Terminal</stop>
    <stop arrival="11:44" departure="11:44">Løvås</stop>
    <stop arrival="11:45" departure="11:45">Nebbeveien</stop>
    <stop arrival="11:45" departure="11:45">Hamregården</stop>
    <stop arrival="11:46" departure="11:46">Sikthaugen</stop>
    <stop arrival="11:51" departure="11:51">Gyldenpris</stop>
    <stop arrival="11:53" departure="11:53">Møhlenpris v/ Industrihuset</stop>
    <stop arrival="11:56" departure="11:56">Nygårdsgaten</stop>
    <stop arrival="12:01">Bergen Busstasjon</stop>
  </route>
  <route no="42" destination="Bergen Busstasjon" url="http://www.web2051.no/bin/tp/zuginfo.exe/on/839139/281178/897506/169040/1/" trafficDays="kjører Ma - Fr, ikke 13., 17., 24. Mai">
    <stop departure="11:20" routeNo="42">Alvøen kai</stop>
    <stop arrival="11:21" departure="11:21">Alvøen nede</stop>
    <stop arrival="11:21" departure="11:21">Alvøen kryss holdepl.</stop>
    <stop arrival="11:22" departure="11:22">Alvøen gård</stop>
    <stop arrival="11:23" departure="11:23">Ørnefjellet</stop>
    <stop arrival="11:24" departure="11:24">Hillehaugen</stop>
    <stop arrival="11:26" departure="11:26">Håkonshella</stop>
    <stop arrival="11:27" departure="11:27">Håkonshella Ungdomshuset</stop>
    <stop arrival="11:28" departure="11:28">Håkonshella Skansen</stop>
    <stop arrival="11:28" departure="11:28">Håkonshella Myren</stop>
    <stop arrival="11:29" departure="11:29">Håkonshella Feriehjemmet</stop>
    <stop arrival="11:30" departure="11:30">Lille Kongshaug</stop>
    <stop arrival="11:31" departure="11:31">Storingavika</stop>
    <stop arrival="11:31" departure="11:31">Medhaugflaten</stop>
    <stop arrival="11:32" departure="11:32">Hilleren</stop>
    <stop arrival="11:33" departure="11:33">Skaretoppen</stop>
    <stop arrival="11:33" departure="11:33">Skare (Mathopen skole)</stop>
    <stop arrival="11:34" departure="11:34">Mathopen Sætre</stop>
    <stop arrival="11:35" departure="11:35">Haakonsvern/Mathopen</stop>
    <stop arrival="11:37" departure="11:37">Notaneset</stop>
    <stop arrival="11:40" departure="11:40">Hetlevikstrømmen</stop>
    <stop arrival="11:41" departure="11:41">Hetlevikskiftet</stop>
    <stop arrival="11:45" departure="11:45">Loddefjord term.</stop>
    <stop arrival="11:46" departure="11:46">Bjørndalstre krysset</stop>
    <stop arrival="11:47" departure="11:47">Tennebekk</stop>
    <stop arrival="11:50" departure="11:50">Lyngbø Motorvei R555</stop>
    <stop arrival="11:55" departure="11:55">Møhlenpris v/ Industrihuset</stop>
    <stop arrival="11:57" departure="11:57">Nygårdsgaten</stop>
    <stop arrival="12:00">Bergen Busstasjon</stop>
  </route>
</routes>
