<?xml version="1.0" encoding="UTF-8"?>
<routes>
  <route no="630" destination="Os - Osøyro" url="http://www.web2051.no/bin/tp/zuginfo.exe/on/261684/93115/724370/274957/1/" trafficDays="kjører Lø, ikke 1. Mai">
    <stop departure="10:55" routeNo="630">Halhjemsmarka</stop>
    <stop arrival="10:57" departure="10:57">Auredalen</stop>
    <stop arrival="10:58" departure="10:58">Vernøy</stop>
    <stop arrival="11:00" departure="11:00">Halhjem</stop>
    <stop arrival="11:01" departure="11:01">Halhjem kafe</stop>
    <stop arrival="11:02" departure="11:02">Haugland (Os)</stop>
    <stop arrival="11:03" departure="11:03">Nesjabuen</stop>
    <stop arrival="11:04" departure="11:04">Lekven</stop>
    <stop arrival="11:05" departure="11:05">Trolldalen (Os)</stop>
    <stop arrival="11:07" departure="11:07">Mobergslien</stop>
    <stop arrival="11:08" departure="11:08">Moberg</stop>
    <stop arrival="11:09" departure="11:09">Mobergsbakken</stop>
    <stop arrival="11:10" departure="11:10">Os kai</stop>
    <stop arrival="11:10">Os - Osøyro</stop>
  </route>
  <route no="630" destination="Halhjemsmarka" url="http://www.web2051.no/bin/tp/zuginfo.exe/on/140100/52614/334754/120678/1/" trafficDays="kjører Ma - Fr, ikke 13., 17., 24. Mai">
    <stop departure="11:00" routeNo="630">Os - Osøyro</stop>
    <stop arrival="11:01" departure="11:01">Mobergsbakken</stop>
    <stop arrival="11:02" departure="11:02">Moberg</stop>
    <stop arrival="11:03" departure="11:03">Mobergslien</stop>
    <stop arrival="11:04" departure="11:04">Trolldalen (Os)</stop>
    <stop arrival="11:05" departure="11:05">Lekven</stop>
    <stop arrival="11:06" departure="11:06">Lunde (Halhjemsvn.)</stop>
    <stop arrival="11:07" departure="11:07">Nesjabuen</stop>
    <stop arrival="11:08" departure="11:08">Haugland (Os)</stop>
    <stop arrival="11:09" departure="11:09">Halhjem kafe</stop>
    <stop arrival="11:10" departure="11:10">Halhjem</stop>
    <stop arrival="11:11" departure="11:11">Vernøy</stop>
    <stop arrival="11:13" departure="11:13">Auredalen</stop>
    <stop arrival="11:15">Halhjemsmarka</stop>
  </route>
  <route no="630" destination="Os - Osøyro" url="http://www.web2051.no/bin/tp/zuginfo.exe/on/26499/14700/444126/213231/1/" trafficDays="kjører Sø, også 1., 13., 17., 24. Mai">
    <stop departure="11:00" routeNo="630">Halhjemsmarka</stop>
    <stop arrival="11:02" departure="11:02">Auredalen</stop>
    <stop arrival="11:03" departure="11:03">Vernøy</stop>
    <stop arrival="11:05" departure="11:05">Halhjem</stop>
    <stop arrival="11:06" departure="11:06">Halhjem kafe</stop>
    <stop arrival="11:07" departure="11:07">Haugland (Os)</stop>
    <stop arrival="11:08" departure="11:08">Nesjabuen</stop>
    <stop arrival="11:09" departure="11:09">Lekven</stop>
    <stop arrival="11:10" departure="11:10">Trolldalen (Os)</stop>
    <stop arrival="11:12" departure="11:12">Mobergslien</stop>
    <stop arrival="11:13" departure="11:13">Moberg</stop>
    <stop arrival="11:14" departure="11:14">Mobergsbakken</stop>
    <stop arrival="11:15" departure="11:15">Os kai</stop>
    <stop arrival="11:15">Os - Osøyro</stop>
  </route>
  <route no="630" destination="Halhjemsmarka" url="http://www.web2051.no/bin/tp/zuginfo.exe/on/348114/121926/429512/98718/1/" trafficDays="kjører Lø, ikke 1. Mai">
    <stop departure="11:10" routeNo="630">Os - Osøyro</stop>
    <stop arrival="11:11" departure="11:11">Mobergsbakken</stop>
    <stop arrival="11:12" departure="11:12">Moberg</stop>
    <stop arrival="11:13" departure="11:13">Mobergslien</stop>
    <stop arrival="11:14" departure="11:14">Trolldalen (Os)</stop>
    <stop arrival="11:15" departure="11:15">Lekven</stop>
    <stop arrival="11:16" departure="11:16">Lunde (Halhjemsvn.)</stop>
    <stop arrival="11:17" departure="11:17">Nesjabuen</stop>
    <stop arrival="11:18" departure="11:18">Haugland (Os)</stop>
    <stop arrival="11:19" departure="11:19">Halhjem kafe</stop>
    <stop arrival="11:20" departure="11:20">Halhjem</stop>
    <stop arrival="11:21" departure="11:21">Vernøy</stop>
    <stop arrival="11:23" departure="11:23">Auredalen</stop>
    <stop arrival="11:25">Halhjemsmarka</stop>
  </route>
  <route no="630" destination="Os - Osøyro" url="http://www.web2051.no/bin/tp/zuginfo.exe/on/751191/256310/501304/256/1/" trafficDays="kjører Ma - Fr, ikke 13., 17., 24. Mai">
    <stop departure="11:15" routeNo="630">Halhjemsmarka</stop>
    <stop arrival="11:17" departure="11:17">Auredalen</stop>
    <stop arrival="11:18" departure="11:18">Vernøy</stop>
    <stop arrival="11:20" departure="11:20">Halhjem</stop>
    <stop arrival="11:21" departure="11:21">Halhjem kafe</stop>
    <stop arrival="11:22" departure="11:22">Haugland (Os)</stop>
    <stop arrival="11:23" departure="11:23">Nesjabuen</stop>
    <stop arrival="11:24" departure="11:24">Lekven</stop>
    <stop arrival="11:25" departure="11:25">Trolldalen (Os)</stop>
    <stop arrival="11:27" departure="11:27">Mobergslien</stop>
    <stop arrival="11:28" departure="11:28">Moberg</stop>
    <stop arrival="11:29" departure="11:29">Mobergsbakken</stop>
    <stop arrival="11:30" departure="11:30">Os kai</stop>
    <stop arrival="11:30">Os - Osøyro</stop>
  </route>
  <route no="630" destination="Os - Osøyro" url="http://www.web2051.no/bin/tp/zuginfo.exe/on/961140/326269/391782/124489/1/" trafficDays="kjører Lø, ikke 1. Mai">
    <stop departure="11:25" routeNo="630">Halhjemsmarka</stop>
    <stop arrival="11:27" departure="11:27">Auredalen</stop>
    <stop arrival="11:28" departure="11:28">Vernøy</stop>
    <stop arrival="11:30" departure="11:30">Halhjem</stop>
    <stop arrival="11:31" departure="11:31">Halhjem kafe</stop>
    <stop arrival="11:32" departure="11:32">Haugland (Os)</stop>
    <stop arrival="11:33" departure="11:33">Nesjabuen</stop>
    <stop arrival="11:34" departure="11:34">Lekven</stop>
    <stop arrival="11:35" departure="11:35">Trolldalen (Os)</stop>
    <stop arrival="11:37" departure="11:37">Mobergslien</stop>
    <stop arrival="11:38" departure="11:38">Moberg</stop>
    <stop arrival="11:39" departure="11:39">Mobergsbakken</stop>
    <stop arrival="11:40" departure="11:40">Os kai</stop>
    <stop arrival="11:40">Os - Osøyro</stop>
  </route>
  <route no="630" destination="Halhjemsmarka" url="http://www.web2051.no/bin/tp/zuginfo.exe/on/460170/159259/403712/48466/1/" trafficDays="kjører Sø, også 1., 13., 17., 24. Mai">
    <stop departure="11:40" routeNo="630">Os - Osøyro</stop>
    <stop arrival="11:41" departure="11:41">Mobergsbakken</stop>
    <stop arrival="11:42" departure="11:42">Moberg</stop>
    <stop arrival="11:43" departure="11:43">Mobergslien</stop>
    <stop arrival="11:44" departure="11:44">Trolldalen (Os)</stop>
    <stop arrival="11:45" departure="11:45">Lekven</stop>
    <stop arrival="11:46" departure="11:46">Lunde (Halhjemsvn.)</stop>
    <stop arrival="11:47" departure="11:47">Nesjabuen</stop>
    <stop arrival="11:48" departure="11:48">Haugland (Os)</stop>
    <stop arrival="11:49" departure="11:49">Halhjem kafe</stop>
    <stop arrival="11:50" departure="11:50">Halhjem</stop>
    <stop arrival="11:51" departure="11:51">Vernøy</stop>
    <stop arrival="11:53" departure="11:53">Auredalen</stop>
    <stop arrival="11:55">Halhjemsmarka</stop>
  </route>
</routes>
