<?xml version="1.0" encoding="UTF-8"?>
<routes>
  <route no="560" destination="Krokeide Yrkesskole" url="http://www.web2051.no/bin/tp/zuginfo.exe/on/780096/265574/576546/28241/1/" trafficDays="kjører Ma - Fr, ikke 13., 17., 24. Mai">
    <stop departure="12:05" routeNo="560">Bergen Busstasjon</stop>
    <stop arrival="12:10" departure="12:10">Danmarksplass</stop>
    <stop arrival="12:11" departure="12:11">Solheimsgaten</stop>
    <stop arrival="12:12" departure="12:12">Reperbanen</stop>
    <stop arrival="12:14" departure="12:14">Fjøsangerveien/ Minde Allè</stop>
    <stop arrival="12:18" departure="12:18">Minde</stop>
    <stop arrival="12:19" departure="12:19">Elvebakken</stop>
    <stop arrival="12:19" departure="12:19">Storetveit</stop>
    <stop arrival="12:19" departure="12:19">Fantoft</stop>
    <stop arrival="12:20" departure="12:20">Nydalen</stop>
    <stop arrival="12:21" departure="12:21">Paradis</stop>
    <stop arrival="12:22" departure="12:22">Tveiteråsskiftet</stop>
    <stop arrival="12:23" departure="12:23">Hopsbro</stop>
    <stop arrival="12:25" departure="12:25">Hopstangen</stop>
    <stop arrival="12:26" departure="12:26">Nesttun terminal</stop>
    <stop arrival="12:28" departure="12:28">Nesttun</stop>
    <stop arrival="12:31" departure="12:31">Skjoldskiftet</stop>
    <stop arrival="12:31" departure="12:31">Nesttunbrekka</stop>
    <stop arrival="12:32" departure="12:32">Mårdalen</stop>
    <stop arrival="12:32" departure="12:32">Skjoldhøgda</stop>
    <stop arrival="12:32" departure="12:32">Skjold skole</stop>
    <stop arrival="12:33" departure="12:33">Lagunen</stop>
    <stop arrival="12:34" departure="12:34">Rådal</stop>
    <stop arrival="12:35" departure="12:35">Sunea</stop>
    <stop arrival="12:35" departure="12:35">Rådalshaug</stop>
    <stop arrival="12:35" departure="12:35">Steinknuseverket</stop>
    <stop arrival="12:36" departure="12:36">Hordnesskiftet Stend</stop>
    <stop arrival="12:37" departure="12:37">Konowskiftet</stop>
    <stop arrival="12:38" departure="12:38">Krykkjehaugen</stop>
    <stop arrival="12:39" departure="12:39">Fana</stop>
    <stop arrival="12:39" departure="12:39">Gaia Fana</stop>
    <stop arrival="12:40" departure="12:40">Vollaskiftet</stop>
    <stop arrival="12:41" departure="12:41">Fossen</stop>
    <stop arrival="12:41" departure="12:41">Saganeset 1</stop>
    <stop arrival="12:41" departure="12:41">Saganeset 2</stop>
    <stop arrival="12:42" departure="12:42">Salbu</stop>
    <stop arrival="12:43" departure="12:43">Rød, Krokeideveien</stop>
    <stop arrival="12:44" departure="12:44">Rød, Krokeideveien</stop>
    <stop arrival="12:45" departure="12:45">Breivik (Fana)</stop>
    <stop arrival="12:46" departure="12:46">Krokeide skole 1</stop>
    <stop arrival="12:46" departure="12:46">Krokeide skole 2</stop>
    <stop arrival="12:47" departure="12:47">Krokeide</stop>
    <stop arrival="12:48" departure="12:48">Krokeide</stop>
    <stop arrival="12:48" departure="12:48">Krokeide krysset</stop>
    <stop arrival="12:49">Krokeide Yrkesskole</stop>
  </route>
  <route no="560" destination="Krokeide Yrkesskole" url="http://www.web2051.no/bin/tp/zuginfo.exe/on/640860/219138/245820/90710/1/" trafficDays="kjører Lø, ikke 1. Mai">
    <stop departure="12:05" routeNo="560">Bergen Busstasjon</stop>
    <stop arrival="12:10" departure="12:10">Danmarksplass</stop>
    <stop arrival="12:11" departure="12:11">Solheimsgaten</stop>
    <stop arrival="12:12" departure="12:12">Reperbanen</stop>
    <stop arrival="12:14" departure="12:14">Fjøsangerveien/ Minde Allè</stop>
    <stop arrival="12:17" departure="12:17">Minde</stop>
    <stop arrival="12:18" departure="12:18">Elvebakken</stop>
    <stop arrival="12:19" departure="12:19">Storetveit</stop>
    <stop arrival="12:19" departure="12:19">Fantoft</stop>
    <stop arrival="12:20" departure="12:20">Nydalen</stop>
    <stop arrival="12:21" departure="12:21">Paradis</stop>
    <stop arrival="12:22" departure="12:22">Tveiteråsskiftet</stop>
    <stop arrival="12:23" departure="12:23">Hopsbro</stop>
    <stop arrival="12:25" departure="12:25">Hopstangen</stop>
    <stop arrival="12:26" departure="12:26">Nesttun terminal</stop>
    <stop arrival="12:28" departure="12:28">Nesttun</stop>
    <stop arrival="12:31" departure="12:31">Skjoldskiftet</stop>
    <stop arrival="12:32" departure="12:32">Nesttunbrekka</stop>
    <stop arrival="12:32" departure="12:32">Mårdalen</stop>
    <stop arrival="12:33" departure="12:33">Skjoldhøgda</stop>
    <stop arrival="12:35" departure="12:35">Skjold skole</stop>
    <stop arrival="12:36" departure="12:36">Lagunen</stop>
    <stop arrival="12:37" departure="12:37">Rådal</stop>
    <stop arrival="12:38" departure="12:38">Sunea</stop>
    <stop arrival="12:38" departure="12:38">Rådalshaug</stop>
    <stop arrival="12:38" departure="12:38">Steinknuseverket</stop>
    <stop arrival="12:39" departure="12:39">Hordnesskiftet Stend</stop>
    <stop arrival="12:40" departure="12:40">Konowskiftet</stop>
    <stop arrival="12:41" departure="12:41">Krykkjehaugen</stop>
    <stop arrival="12:42" departure="12:42">Fana</stop>
    <stop arrival="12:42" departure="12:42">Gaia Fana</stop>
    <stop arrival="12:43" departure="12:43">Vollaskiftet</stop>
    <stop arrival="12:44" departure="12:44">Fossen</stop>
    <stop arrival="12:44" departure="12:44">Saganeset 1</stop>
    <stop arrival="12:44" departure="12:44">Saganeset 2</stop>
    <stop arrival="12:45" departure="12:45">Salbu</stop>
    <stop arrival="12:46" departure="12:46">Rød, Krokeideveien</stop>
    <stop arrival="12:47" departure="12:47">Rød, Krokeideveien</stop>
    <stop arrival="12:48" departure="12:48">Breivik (Fana)</stop>
    <stop arrival="12:49" departure="12:49">Krokeide skole 1</stop>
    <stop arrival="12:49" departure="12:49">Krokeide skole 2</stop>
    <stop arrival="12:50" departure="12:50">Krokeide</stop>
    <stop arrival="12:51" departure="12:51">Krokeide</stop>
    <stop arrival="12:51" departure="12:51">Krokeide krysset</stop>
    <stop arrival="12:52">Krokeide Yrkesskole</stop>
  </route>
  <route no="560" destination="Krokeide Yrkesskole" url="http://www.web2051.no/bin/tp/zuginfo.exe/on/946605/321037/703792/36361/1/" trafficDays="kjører Sø, også 1., 13., 17., 24. Mai">
    <stop departure="12:36" routeNo="560">Lagunen</stop>
    <stop arrival="12:37" departure="12:37">Rådal</stop>
    <stop arrival="12:38" departure="12:38">Sunea</stop>
    <stop arrival="12:38" departure="12:38">Rådalshaug</stop>
    <stop arrival="12:38" departure="12:38">Steinknuseverket</stop>
    <stop arrival="12:39" departure="12:39">Hordnesskiftet Stend</stop>
    <stop arrival="12:41" departure="12:41">Bergheim</stop>
    <stop arrival="12:42" departure="12:42">Bergheim</stop>
    <stop arrival="12:43" departure="12:43">Øvre Titlestad</stop>
    <stop arrival="12:45" departure="12:45">Rydland (Titlestad, Fana)</stop>
    <stop arrival="12:46" departure="12:46">Titlestad</stop>
    <stop arrival="12:47" departure="12:47">Kvernabekkvegen</stop>
    <stop arrival="12:47" departure="12:47">Norheimsveien</stop>
    <stop arrival="12:48" departure="12:49">Fana</stop>
    <stop arrival="12:49" departure="12:49">Gaia Fana</stop>
    <stop arrival="12:50" departure="12:50">Vollaskiftet</stop>
    <stop arrival="12:51" departure="12:51">Fossen</stop>
    <stop arrival="12:51" departure="12:51">Saganeset 1</stop>
    <stop arrival="12:51" departure="12:51">Saganeset 2</stop>
    <stop arrival="12:52" departure="12:52">Salbu</stop>
    <stop arrival="12:53" departure="12:53">Rød, Krokeideveien</stop>
    <stop arrival="12:54" departure="12:54">Rød, Krokeideveien</stop>
    <stop arrival="12:55" departure="12:55">Breivik (Fana)</stop>
    <stop arrival="12:56" departure="12:56">Krokeide skole 1</stop>
    <stop arrival="12:56" departure="12:56">Krokeide skole 2</stop>
    <stop arrival="12:57" departure="12:57">Krokeide</stop>
    <stop arrival="12:58" departure="12:58">Krokeide</stop>
    <stop arrival="12:58" departure="12:58">Krokeide krysset</stop>
    <stop arrival="12:59">Krokeide Yrkesskole</stop>
  </route>
</routes>
