<?xml version="1.0" encoding="UTF-8"?>
<routes>
  <route no="20" destination="Fanahammeren" url="http://www.web2051.no/bin/tp/zuginfo.exe/on/898242/303279/422282/88273/1/" trafficDays="kjører Ma - Fr, ikke 13., 17., 24. Mai">
    <stop departure="11:00" routeNo="20">Lønborglien snuplass</stop>
    <stop arrival="11:00" departure="11:00">Lønborglien 2</stop>
    <stop arrival="11:01" departure="11:01">Lønborglien 1</stop>
    <stop arrival="11:02" departure="11:02">Nordre Lønborg</stop>
    <stop arrival="11:03" departure="11:03">Lønborg</stop>
    <stop arrival="11:03" departure="11:03">Brunestykket</stop>
    <stop arrival="11:04" departure="11:04">Hellebakken</stop>
    <stop arrival="11:05" departure="11:05">Eikeviken</stop>
    <stop arrival="11:06" departure="11:06">Solbakken</stop>
    <stop arrival="11:07" departure="11:07">Handelshøyskolen</stop>
    <stop arrival="11:08" departure="11:08">Nyhavnsvei (Gamle Bergen)</stop>
    <stop arrival="11:10" departure="11:10">Munkebotten</stop>
    <stop arrival="11:11" departure="11:11">Ludebryggen</stop>
    <stop arrival="11:14" departure="11:14">Sandvikstorget</stop>
    <stop arrival="11:16" departure="11:16">Skutevikstorget</stop>
    <stop arrival="11:17" departure="11:17">Bontelabo</stop>
    <stop arrival="11:18" departure="11:18">Slottsgaten</stop>
    <stop arrival="11:19" departure="11:19">Bryggen</stop>
    <stop arrival="11:20" departure="11:20">Olav Kyrres gate</stop>
    <stop arrival="11:25" departure="11:25">Bergen Busstasjon</stop>
    <stop arrival="11:28" departure="11:28">Danmarksplass</stop>
    <stop arrival="11:29" departure="11:29">Solheimsgaten</stop>
    <stop arrival="11:30" departure="11:30">Reperbanen</stop>
    <stop arrival="11:32" departure="11:32">Fjøsangerveien/ Minde Allè</stop>
    <stop arrival="11:33" departure="11:33">Minde</stop>
    <stop arrival="11:34" departure="11:34">Elvebakken</stop>
    <stop arrival="11:34" departure="11:34">Storetveit</stop>
    <stop arrival="11:34" departure="11:34">Fantoft</stop>
    <stop arrival="11:35" departure="11:35">Nydalen</stop>
    <stop arrival="11:36" departure="11:36">Paradis</stop>
    <stop arrival="11:37" departure="11:37">Tveiteråsskiftet</stop>
    <stop arrival="11:38" departure="11:38">Hopsbro</stop>
    <stop arrival="11:40" departure="11:40">Hopstangen</stop>
    <stop arrival="11:41" departure="11:41">Nesttun terminal</stop>
    <stop arrival="11:43" departure="11:43">Nesttun</stop>
    <stop arrival="11:46" departure="11:46">Skjoldskiftet</stop>
    <stop arrival="11:46" departure="11:46">Nesttunbrekka</stop>
    <stop arrival="11:47" departure="11:47">Mårdalen</stop>
    <stop arrival="11:47" departure="11:47">Skjoldhøgda</stop>
    <stop arrival="11:47" departure="11:47">Skjold skole</stop>
    <stop arrival="11:48" departure="11:48">Lagunen</stop>
    <stop arrival="11:49" departure="11:49">Rådal</stop>
    <stop arrival="11:50" departure="11:50">Sunea</stop>
    <stop arrival="11:50" departure="11:50">Rådalshaug</stop>
    <stop arrival="11:50" departure="11:50">Steinknuseverket</stop>
    <stop arrival="11:51" departure="11:51">Hordnesskiftet Stend</stop>
    <stop arrival="11:53" departure="11:53">Bergheim</stop>
    <stop arrival="11:54" departure="11:54">Bergheim</stop>
    <stop arrival="11:55" departure="11:55">Øvre Titlestad</stop>
    <stop arrival="11:57" departure="11:57">Rydland (Titlestad, Fana)</stop>
    <stop arrival="11:58" departure="11:58">Titlestad</stop>
    <stop arrival="11:59" departure="11:59">Kvernabekkvegen</stop>
    <stop arrival="12:00" departure="12:00">Norheimsveien</stop>
    <stop arrival="12:01" departure="12:01">Fana</stop>
    <stop arrival="12:01" departure="12:01">Gaia Fana</stop>
    <stop arrival="12:02" departure="12:02">Vollaskiftet</stop>
    <stop arrival="12:02" departure="12:02">Volladalen</stop>
    <stop arrival="12:03">Fanahammeren</stop>
  </route>
  <route no="20" destination="Fanahammeren" url="http://www.web2051.no/bin/tp/zuginfo.exe/on/322659/111418/598826/191860/1/" trafficDays="kjører Ma - Fr, ikke 13., 17., 24. Mai">
    <stop departure="11:00" routeNo="20">Lønborglien snuplass</stop>
    <stop arrival="11:00" departure="11:00">Lønborglien 2</stop>
    <stop arrival="11:01" departure="11:01">Lønborglien 1</stop>
    <stop arrival="11:02" departure="11:02">Nordre Lønborg</stop>
    <stop arrival="11:03" departure="11:03">Lønborg</stop>
    <stop arrival="11:03" departure="11:03">Brunestykket</stop>
    <stop arrival="11:04" departure="11:04">Hellebakken</stop>
    <stop arrival="11:05" departure="11:05">Eikeviken</stop>
    <stop arrival="11:06" departure="11:06">Solbakken</stop>
    <stop arrival="11:07" departure="11:07">Handelshøyskolen</stop>
    <stop arrival="11:08" departure="11:08">Nyhavnsvei (Gamle Bergen)</stop>
    <stop arrival="11:10" departure="11:10">Munkebotten</stop>
    <stop arrival="11:11" departure="11:11">Ludebryggen</stop>
    <stop arrival="11:14" departure="11:14">Sandvikstorget</stop>
    <stop arrival="11:16" departure="11:16">Skutevikstorget</stop>
    <stop arrival="11:17" departure="11:17">Bontelabo</stop>
    <stop arrival="11:18" departure="11:18">Slottsgaten</stop>
    <stop arrival="11:19" departure="11:19">Bryggen</stop>
    <stop arrival="11:20" departure="11:20">Olav Kyrres gate</stop>
    <stop arrival="11:25" departure="11:25">Bergen Busstasjon</stop>
    <stop arrival="11:28" departure="11:28">Danmarksplass</stop>
    <stop arrival="11:29" departure="11:29">Solheimsgaten</stop>
    <stop arrival="11:30" departure="11:30">Reperbanen</stop>
    <stop arrival="11:32" departure="11:32">Fjøsangerveien/ Minde Allè</stop>
    <stop arrival="11:33" departure="11:33">Minde</stop>
    <stop arrival="11:34" departure="11:34">Elvebakken</stop>
    <stop arrival="11:34" departure="11:34">Storetveit</stop>
    <stop arrival="11:34" departure="11:34">Fantoft</stop>
    <stop arrival="11:35" departure="11:35">Nydalen</stop>
    <stop arrival="11:36" departure="11:36">Paradis</stop>
    <stop arrival="11:37" departure="11:37">Tveiteråsskiftet</stop>
    <stop arrival="11:38" departure="11:38">Hopsbro</stop>
    <stop arrival="11:40" departure="11:40">Hopstangen</stop>
    <stop arrival="11:41" departure="11:41">Nesttun terminal</stop>
    <stop arrival="11:43" departure="11:43">Nesttun</stop>
    <stop arrival="11:46" departure="11:46">Skjoldskiftet</stop>
    <stop arrival="11:46" departure="11:46">Nesttunbrekka</stop>
    <stop arrival="11:47" departure="11:47">Mårdalen</stop>
    <stop arrival="11:47" departure="11:47">Skjoldhøgda</stop>
    <stop arrival="11:47" departure="11:47">Skjold skole</stop>
    <stop arrival="11:48" departure="11:48">Lagunen</stop>
    <stop arrival="11:49" departure="11:49">Rådal</stop>
    <stop arrival="11:50" departure="11:50">Sunea</stop>
    <stop arrival="11:50" departure="11:50">Rådalshaug</stop>
    <stop arrival="11:50" departure="11:50">Steinknuseverket</stop>
    <stop arrival="11:51" departure="11:51">Hordnesskiftet Stend</stop>
    <stop arrival="11:53" departure="11:53">Bergheim</stop>
    <stop arrival="11:54" departure="11:54">Bergheim</stop>
    <stop arrival="11:55" departure="11:55">Øvre Titlestad</stop>
    <stop arrival="11:57" departure="11:57">Rydland (Titlestad, Fana)</stop>
    <stop arrival="11:58" departure="11:58">Titlestad</stop>
    <stop arrival="11:59" departure="11:59">Kvernabekkvegen</stop>
    <stop arrival="12:00" departure="12:00">Norheimsveien</stop>
    <stop arrival="12:01" departure="12:01">Fana</stop>
    <stop arrival="12:01" departure="12:01">Gaia Fana</stop>
    <stop arrival="12:02" departure="12:02">Vollaskiftet</stop>
    <stop arrival="12:02" departure="12:02">Volladalen</stop>
    <stop arrival="12:03">Fanahammeren</stop>
  </route>
  <route no="20" destination="Rådal ved Lagunen" url="http://www.web2051.no/bin/tp/zuginfo.exe/on/519399/176914/755174/204456/1/" trafficDays="kjører Lø, ikke 1. Mai">
    <stop departure="12:03" routeNo="20">Gaia Fana</stop>
    <stop departure="12:05">Fana kirke</stop>
    <stop arrival="12:05" departure="12:05">Norheimsveien</stop>
    <stop arrival="12:06" departure="12:06">Kvernabekkvegen</stop>
    <stop arrival="12:07" departure="12:07">Titlestad</stop>
    <stop arrival="12:07" departure="12:07">Rydland (Titlestad, Fana)</stop>
    <stop arrival="12:08" departure="12:08">Øvre Titlestad</stop>
    <stop arrival="12:09" departure="12:09">Bergheim</stop>
    <stop arrival="12:09" departure="12:09">Bergheim</stop>
    <stop arrival="12:11" departure="12:11">Hordnesskiftet Stend</stop>
    <stop arrival="12:12" departure="12:12">Steinknuseverket</stop>
    <stop arrival="12:12" departure="12:12">Rådalshaug</stop>
    <stop arrival="12:13" departure="12:13">Sunea</stop>
    <stop arrival="12:14" departure="12:14">Rådal</stop>
    <stop arrival="12:15">Rådal ved Lagunen</stop>
  </route>
  <route no="20" destination="Rådal ved Lagunen" url="http://www.web2051.no/bin/tp/zuginfo.exe/on/183096/64813/687380/282660/1/" trafficDays="kjører Lø, ikke 1. Mai">
    <stop departure="12:03" routeNo="20">Gaia Fana</stop>
    <stop departure="12:05">Fana kirke</stop>
    <stop arrival="12:05" departure="12:05">Norheimsveien</stop>
    <stop arrival="12:06" departure="12:06">Kvernabekkvegen</stop>
    <stop arrival="12:07" departure="12:07">Titlestad</stop>
    <stop arrival="12:07" departure="12:07">Rydland (Titlestad, Fana)</stop>
    <stop arrival="12:08" departure="12:08">Øvre Titlestad</stop>
    <stop arrival="12:09" departure="12:09">Bergheim</stop>
    <stop arrival="12:09" departure="12:09">Bergheim</stop>
    <stop arrival="12:11" departure="12:11">Hordnesskiftet Stend</stop>
    <stop arrival="12:12" departure="12:12">Steinknuseverket</stop>
    <stop arrival="12:12" departure="12:12">Rådalshaug</stop>
    <stop arrival="12:13" departure="12:13">Sunea</stop>
    <stop arrival="12:14" departure="12:14">Rådal</stop>
    <stop arrival="12:15">Rådal ved Lagunen</stop>
  </route>
  <route no="566" destination="Sørstraumen" url="http://www.web2051.no/bin/tp/zuginfo.exe/on/422202/146309/877880/298206/1/" trafficDays="kjører To, ikke 13. Mai">
    <stop departure="12:15" routeNo="566">Fana kirke</stop>
    <stop arrival="12:16" departure="12:16">Hamreskiftet</stop>
    <stop arrival="12:17" departure="12:17">Rambergtunet</stop>
    <stop arrival="12:20" departure="12:20">Fanafjell</stop>
    <stop arrival="12:22" departure="12:22">Sædal 1</stop>
    <stop arrival="12:22" departure="12:22">Sædal 2</stop>
    <stop arrival="12:24" departure="12:24">Nordvik 1</stop>
    <stop arrival="12:25" departure="12:25">Nordvik 2</stop>
    <stop arrival="12:25" departure="12:25">Nordvik skole</stop>
    <stop arrival="12:26" departure="12:26">Sagstad (Nordvik, Fana)</stop>
    <stop arrival="12:26" departure="12:26">Sperrevik 1</stop>
    <stop arrival="12:27" departure="12:27">Sperrevik 2</stop>
    <stop arrival="12:27" departure="12:27">Sperrevik 3</stop>
    <stop arrival="12:27" departure="12:27">Nordstrøm</stop>
    <stop arrival="12:28">Sørstraumen</stop>
  </route>
  <route no="20" destination="Lønborglien snuplass" url="http://www.web2051.no/bin/tp/zuginfo.exe/on/978615/330075/730842/39216/1/" trafficDays="kjører Ma - Fr, ikke 13., 17., 24. Mai">
    <stop departure="12:26" routeNo="20">Fanahammeren</stop>
    <stop arrival="12:27" departure="12:27">Volladalen</stop>
    <stop arrival="12:27" departure="12:27">Vollaskiftet</stop>
    <stop arrival="12:28" departure="12:28">Gaia Fana</stop>
    <stop arrival="12:30" departure="12:30">Fana kirke</stop>
    <stop arrival="12:30" departure="12:30">Norheimsveien</stop>
    <stop arrival="12:31" departure="12:31">Kvernabekkvegen</stop>
    <stop arrival="12:32" departure="12:32">Titlestad</stop>
    <stop arrival="12:32" departure="12:32">Rydland (Titlestad, Fana)</stop>
    <stop arrival="12:33" departure="12:33">Øvre Titlestad</stop>
    <stop arrival="12:34" departure="12:34">Bergheim</stop>
    <stop arrival="12:34" departure="12:34">Bergheim</stop>
    <stop arrival="12:36" departure="12:36">Hordnesskiftet Stend</stop>
    <stop arrival="12:38" departure="12:38">Steinknuseverket</stop>
    <stop arrival="12:39" departure="12:39">Rådalshaug</stop>
    <stop arrival="12:41" departure="12:41">Sunea</stop>
    <stop arrival="12:43" departure="12:43">Rådal</stop>
    <stop arrival="12:45" departure="12:45">Rådal ved Lagunen</stop>
    <stop arrival="12:50" departure="12:50">Skjold skole</stop>
    <stop arrival="12:52" departure="12:52">Mårdalen</stop>
    <stop arrival="12:53" departure="12:53">Nesttunbrekka</stop>
    <stop arrival="12:53" departure="12:53">Skjoldskiftet</stop>
    <stop arrival="12:54" departure="12:54">Nesttun</stop>
    <stop arrival="12:55" departure="12:55">Nesttun terminal</stop>
    <stop arrival="12:57" departure="12:57">Hopsbro</stop>
    <stop arrival="12:59" departure="12:59">Tveiteråsskiftet</stop>
    <stop arrival="13:00" departure="13:00">Paradis</stop>
    <stop arrival="13:02" departure="13:02">Nydalen</stop>
    <stop arrival="13:04" departure="13:04">Fantoft</stop>
    <stop arrival="13:05" departure="13:05">Storetveit</stop>
    <stop arrival="13:05" departure="13:05">Elvebakken</stop>
    <stop arrival="13:06" departure="13:06">Minde</stop>
    <stop arrival="13:09" departure="13:09">Mindemyren</stop>
    <stop arrival="13:10" departure="13:10">Postterminalen</stop>
    <stop arrival="13:11" departure="13:11">Kanalveien v/LBK</stop>
    <stop arrival="13:13" departure="13:13">Danmarksplass v/Forum kino</stop>
    <stop arrival="13:18" departure="13:18">Bergen Busstasjon</stop>
    <stop arrival="13:21" departure="13:21">Christies gate (Festplassen)</stop>
    <stop arrival="13:24" departure="13:24">Torget v/DnB</stop>
    <stop arrival="13:25" departure="13:25">Bryggen</stop>
    <stop arrival="13:25" departure="13:25">Slottsgaten</stop>
    <stop arrival="13:26" departure="13:26">Bontelabo</stop>
    <stop arrival="13:27" departure="13:27">Skutevikstorget</stop>
    <stop arrival="13:27" departure="13:27">Sjøgaten</stop>
    <stop arrival="13:28" departure="13:28">Sandvikstorget</stop>
    <stop arrival="13:29" departure="13:29">Ludebryggen</stop>
    <stop arrival="13:29" departure="13:29">Munkebotten</stop>
    <stop arrival="13:31" departure="13:31">Nyhavnsvei (Gamle Bergen)</stop>
    <stop arrival="13:32" departure="13:32">Handelshøyskolen</stop>
    <stop arrival="13:33" departure="13:33">Solbakken</stop>
    <stop arrival="13:34" departure="13:34">Eikeviken</stop>
    <stop arrival="13:36" departure="13:36">Hellebakken</stop>
    <stop arrival="13:36" departure="13:36">Brunestykket</stop>
    <stop arrival="13:37" departure="13:37">Lønborg</stop>
    <stop arrival="13:38" departure="13:38">Nordre Lønborg</stop>
    <stop arrival="13:41" departure="13:41">Lønborglien 1</stop>
    <stop arrival="13:42" departure="13:42">Lønborglien 2</stop>
    <stop arrival="13:44">Lønborglien snuplass</stop>
  </route>
  <route no="20" destination="Lønborglien snuplass" url="http://www.web2051.no/bin/tp/zuginfo.exe/on/368928/126846/495188/124618/1/" trafficDays="kjører Ma - Fr, ikke 13., 17., 24. Mai">
    <stop departure="12:26" routeNo="20">Fanahammeren</stop>
    <stop arrival="12:27" departure="12:27">Volladalen</stop>
    <stop arrival="12:27" departure="12:27">Vollaskiftet</stop>
    <stop arrival="12:28" departure="12:28">Gaia Fana</stop>
    <stop arrival="12:30" departure="12:30">Fana kirke</stop>
    <stop arrival="12:30" departure="12:30">Norheimsveien</stop>
    <stop arrival="12:31" departure="12:31">Kvernabekkvegen</stop>
    <stop arrival="12:32" departure="12:32">Titlestad</stop>
    <stop arrival="12:32" departure="12:32">Rydland (Titlestad, Fana)</stop>
    <stop arrival="12:33" departure="12:33">Øvre Titlestad</stop>
    <stop arrival="12:34" departure="12:34">Bergheim</stop>
    <stop arrival="12:34" departure="12:34">Bergheim</stop>
    <stop arrival="12:36" departure="12:36">Hordnesskiftet Stend</stop>
    <stop arrival="12:38" departure="12:38">Steinknuseverket</stop>
    <stop arrival="12:39" departure="12:39">Rådalshaug</stop>
    <stop arrival="12:41" departure="12:41">Sunea</stop>
    <stop arrival="12:43" departure="12:43">Rådal</stop>
    <stop arrival="12:45" departure="12:45">Rådal ved Lagunen</stop>
    <stop arrival="12:50" departure="12:50">Skjold skole</stop>
    <stop arrival="12:52" departure="12:52">Mårdalen</stop>
    <stop arrival="12:53" departure="12:53">Nesttunbrekka</stop>
    <stop arrival="12:53" departure="12:53">Skjoldskiftet</stop>
    <stop arrival="12:54" departure="12:54">Nesttun</stop>
    <stop arrival="12:55" departure="12:55">Nesttun terminal</stop>
    <stop arrival="12:57" departure="12:57">Hopsbro</stop>
    <stop arrival="12:59" departure="12:59">Tveiteråsskiftet</stop>
    <stop arrival="13:00" departure="13:00">Paradis</stop>
    <stop arrival="13:02" departure="13:02">Nydalen</stop>
    <stop arrival="13:04" departure="13:04">Fantoft</stop>
    <stop arrival="13:05" departure="13:05">Storetveit</stop>
    <stop arrival="13:05" departure="13:05">Elvebakken</stop>
    <stop arrival="13:06" departure="13:06">Minde</stop>
    <stop arrival="13:09" departure="13:09">Mindemyren</stop>
    <stop arrival="13:10" departure="13:10">Postterminalen</stop>
    <stop arrival="13:11" departure="13:11">Kanalveien v/LBK</stop>
    <stop arrival="13:13" departure="13:13">Danmarksplass v/Forum kino</stop>
    <stop arrival="13:18" departure="13:18">Bergen Busstasjon</stop>
    <stop arrival="13:21" departure="13:21">Christies gate (Festplassen)</stop>
    <stop arrival="13:24" departure="13:24">Torget v/DnB</stop>
    <stop arrival="13:25" departure="13:25">Bryggen</stop>
    <stop arrival="13:25" departure="13:25">Slottsgaten</stop>
    <stop arrival="13:26" departure="13:26">Bontelabo</stop>
    <stop arrival="13:27" departure="13:27">Skutevikstorget</stop>
    <stop arrival="13:27" departure="13:27">Sjøgaten</stop>
    <stop arrival="13:28" departure="13:28">Sandvikstorget</stop>
    <stop arrival="13:29" departure="13:29">Ludebryggen</stop>
    <stop arrival="13:29" departure="13:29">Munkebotten</stop>
    <stop arrival="13:31" departure="13:31">Nyhavnsvei (Gamle Bergen)</stop>
    <stop arrival="13:32" departure="13:32">Handelshøyskolen</stop>
    <stop arrival="13:33" departure="13:33">Solbakken</stop>
    <stop arrival="13:34" departure="13:34">Eikeviken</stop>
    <stop arrival="13:36" departure="13:36">Hellebakken</stop>
    <stop arrival="13:36" departure="13:36">Brunestykket</stop>
    <stop arrival="13:37" departure="13:37">Lønborg</stop>
    <stop arrival="13:38" departure="13:38">Nordre Lønborg</stop>
    <stop arrival="13:41" departure="13:41">Lønborglien 1</stop>
    <stop arrival="13:42" departure="13:42">Lønborglien 2</stop>
    <stop arrival="13:44">Lønborglien snuplass</stop>
  </route>
  <route no="20" destination="Fanahammeren" url="http://www.web2051.no/bin/tp/zuginfo.exe/on/271224/94275/926824/373004/1/" trafficDays="kjører Ma - Fr, ikke 13., 17., 24. Mai">
    <stop departure="11:25" routeNo="20">Lønborglien snuplass</stop>
    <stop arrival="11:25" departure="11:25">Lønborglien 2</stop>
    <stop arrival="11:26" departure="11:26">Lønborglien 1</stop>
    <stop arrival="11:27" departure="11:27">Nordre Lønborg</stop>
    <stop arrival="11:28" departure="11:28">Lønborg</stop>
    <stop arrival="11:28" departure="11:28">Brunestykket</stop>
    <stop arrival="11:29" departure="11:29">Hellebakken</stop>
    <stop arrival="11:30" departure="11:30">Eikeviken</stop>
    <stop arrival="11:31" departure="11:31">Solbakken</stop>
    <stop arrival="11:32" departure="11:32">Handelshøyskolen</stop>
    <stop arrival="11:34" departure="11:34">Nyhavnsvei (Gamle Bergen)</stop>
    <stop arrival="11:36" departure="11:36">Munkebotten</stop>
    <stop arrival="11:37" departure="11:37">Ludebryggen</stop>
    <stop arrival="11:42" departure="11:42">Sandvikstorget</stop>
    <stop arrival="11:44" departure="11:44">Skutevikstorget</stop>
    <stop arrival="11:45" departure="11:45">Bontelabo</stop>
    <stop arrival="11:47" departure="11:47">Slottsgaten</stop>
    <stop arrival="11:48" departure="11:48">Bryggen</stop>
    <stop arrival="11:50" departure="11:50">Olav Kyrres gate</stop>
    <stop arrival="11:55" departure="11:55">Bergen Busstasjon</stop>
    <stop arrival="11:58" departure="11:58">Danmarksplass</stop>
    <stop arrival="11:59" departure="11:59">Solheimsgaten</stop>
    <stop arrival="12:00" departure="12:00">Reperbanen</stop>
    <stop arrival="12:02" departure="12:02">Fjøsangerveien/ Minde Allè</stop>
    <stop arrival="12:03" departure="12:03">Minde</stop>
    <stop arrival="12:04" departure="12:04">Elvebakken</stop>
    <stop arrival="12:04" departure="12:04">Storetveit</stop>
    <stop arrival="12:04" departure="12:04">Fantoft</stop>
    <stop arrival="12:05" departure="12:05">Nydalen</stop>
    <stop arrival="12:06" departure="12:06">Paradis</stop>
    <stop arrival="12:07" departure="12:07">Tveiteråsskiftet</stop>
    <stop arrival="12:08" departure="12:08">Hopsbro</stop>
    <stop arrival="12:10" departure="12:10">Hopstangen</stop>
    <stop arrival="12:11" departure="12:11">Nesttun terminal</stop>
    <stop arrival="12:13" departure="12:13">Nesttun</stop>
    <stop arrival="12:16" departure="12:16">Skjoldskiftet</stop>
    <stop arrival="12:16" departure="12:16">Nesttunbrekka</stop>
    <stop arrival="12:17" departure="12:17">Mårdalen</stop>
    <stop arrival="12:17" departure="12:17">Skjoldhøgda</stop>
    <stop arrival="12:17" departure="12:17">Skjold skole</stop>
    <stop arrival="12:18" departure="12:18">Lagunen</stop>
    <stop arrival="12:19" departure="12:19">Rådal</stop>
    <stop arrival="12:20" departure="12:20">Sunea</stop>
    <stop arrival="12:20" departure="12:20">Rådalshaug</stop>
    <stop arrival="12:20" departure="12:20">Steinknuseverket</stop>
    <stop arrival="12:21" departure="12:21">Hordnesskiftet Stend</stop>
    <stop arrival="12:23" departure="12:23">Bergheim</stop>
    <stop arrival="12:24" departure="12:24">Bergheim</stop>
    <stop arrival="12:25" departure="12:25">Øvre Titlestad</stop>
    <stop arrival="12:27" departure="12:27">Rydland (Titlestad, Fana)</stop>
    <stop arrival="12:28" departure="12:28">Titlestad</stop>
    <stop arrival="12:29" departure="12:29">Kvernabekkvegen</stop>
    <stop arrival="12:30" departure="12:30">Norheimsveien</stop>
    <stop arrival="12:31" departure="12:31">Fana</stop>
    <stop arrival="12:31" departure="12:31">Gaia Fana</stop>
    <stop arrival="12:32" departure="12:32">Vollaskiftet</stop>
    <stop arrival="12:32" departure="12:32">Volladalen</stop>
    <stop arrival="12:33">Fanahammeren</stop>
  </route>
  <route no="20" destination="Fanahammeren" url="http://www.web2051.no/bin/tp/zuginfo.exe/on/73695/28432/196638/73754/1/" trafficDays="kjører Ma - Fr, ikke 13., 17., 24. Mai">
    <stop departure="11:25" routeNo="20">Lønborglien snuplass</stop>
    <stop arrival="11:25" departure="11:25">Lønborglien 2</stop>
    <stop arrival="11:26" departure="11:26">Lønborglien 1</stop>
    <stop arrival="11:27" departure="11:27">Nordre Lønborg</stop>
    <stop arrival="11:28" departure="11:28">Lønborg</stop>
    <stop arrival="11:28" departure="11:28">Brunestykket</stop>
    <stop arrival="11:29" departure="11:29">Hellebakken</stop>
    <stop arrival="11:30" departure="11:30">Eikeviken</stop>
    <stop arrival="11:31" departure="11:31">Solbakken</stop>
    <stop arrival="11:32" departure="11:32">Handelshøyskolen</stop>
    <stop arrival="11:34" departure="11:34">Nyhavnsvei (Gamle Bergen)</stop>
    <stop arrival="11:36" departure="11:36">Munkebotten</stop>
    <stop arrival="11:37" departure="11:37">Ludebryggen</stop>
    <stop arrival="11:42" departure="11:42">Sandvikstorget</stop>
    <stop arrival="11:44" departure="11:44">Skutevikstorget</stop>
    <stop arrival="11:45" departure="11:45">Bontelabo</stop>
    <stop arrival="11:47" departure="11:47">Slottsgaten</stop>
    <stop arrival="11:48" departure="11:48">Bryggen</stop>
    <stop arrival="11:50" departure="11:50">Olav Kyrres gate</stop>
    <stop arrival="11:55" departure="11:55">Bergen Busstasjon</stop>
    <stop arrival="11:58" departure="11:58">Danmarksplass</stop>
    <stop arrival="11:59" departure="11:59">Solheimsgaten</stop>
    <stop arrival="12:00" departure="12:00">Reperbanen</stop>
    <stop arrival="12:02" departure="12:02">Fjøsangerveien/ Minde Allè</stop>
    <stop arrival="12:03" departure="12:03">Minde</stop>
    <stop arrival="12:04" departure="12:04">Elvebakken</stop>
    <stop arrival="12:04" departure="12:04">Storetveit</stop>
    <stop arrival="12:04" departure="12:04">Fantoft</stop>
    <stop arrival="12:05" departure="12:05">Nydalen</stop>
    <stop arrival="12:06" departure="12:06">Paradis</stop>
    <stop arrival="12:07" departure="12:07">Tveiteråsskiftet</stop>
    <stop arrival="12:08" departure="12:08">Hopsbro</stop>
    <stop arrival="12:10" departure="12:10">Hopstangen</stop>
    <stop arrival="12:11" departure="12:11">Nesttun terminal</stop>
    <stop arrival="12:13" departure="12:13">Nesttun</stop>
    <stop arrival="12:16" departure="12:16">Skjoldskiftet</stop>
    <stop arrival="12:16" departure="12:16">Nesttunbrekka</stop>
    <stop arrival="12:17" departure="12:17">Mårdalen</stop>
    <stop arrival="12:17" departure="12:17">Skjoldhøgda</stop>
    <stop arrival="12:17" departure="12:17">Skjold skole</stop>
    <stop arrival="12:18" departure="12:18">Lagunen</stop>
    <stop arrival="12:19" departure="12:19">Rådal</stop>
    <stop arrival="12:20" departure="12:20">Sunea</stop>
    <stop arrival="12:20" departure="12:20">Rådalshaug</stop>
    <stop arrival="12:20" departure="12:20">Steinknuseverket</stop>
    <stop arrival="12:21" departure="12:21">Hordnesskiftet Stend</stop>
    <stop arrival="12:23" departure="12:23">Bergheim</stop>
    <stop arrival="12:24" departure="12:24">Bergheim</stop>
    <stop arrival="12:25" departure="12:25">Øvre Titlestad</stop>
    <stop arrival="12:27" departure="12:27">Rydland (Titlestad, Fana)</stop>
    <stop arrival="12:28" departure="12:28">Titlestad</stop>
    <stop arrival="12:29" departure="12:29">Kvernabekkvegen</stop>
    <stop arrival="12:30" departure="12:30">Norheimsveien</stop>
    <stop arrival="12:31" departure="12:31">Fana</stop>
    <stop arrival="12:31" departure="12:31">Gaia Fana</stop>
    <stop arrival="12:32" departure="12:32">Vollaskiftet</stop>
    <stop arrival="12:32" departure="12:32">Volladalen</stop>
    <stop arrival="12:33">Fanahammeren</stop>
  </route>
  <route no="556" destination="Hordnes snuplass" url="http://www.web2051.no/bin/tp/zuginfo.exe/on/227157/81206/452166/150364/1/" trafficDays="kjører Ma - Fr, ikke 13., 17., 24. Mai">
    <stop departure="12:31" routeNo="556">Gaia Fana</stop>
    <stop arrival="12:32" departure="12:32">Fana</stop>
    <stop arrival="12:32" departure="12:32">Krykkjehaugen</stop>
    <stop arrival="12:34" departure="12:34">Konowskiftet</stop>
    <stop arrival="12:35" departure="12:35">Hordnesskiftet</stop>
    <stop arrival="12:36" departure="12:36">Mjelkevika</stop>
    <stop arrival="12:37" departure="12:37">Liland/ Hordnes</stop>
    <stop arrival="12:38" departure="12:38">Troye</stop>
    <stop arrival="12:39" departure="12:39">Hordnes hvilehjem</stop>
    <stop arrival="12:39" departure="12:39">Hordnes</stop>
    <stop arrival="12:40">Hordnes snuplass</stop>
  </route>
  <route no="556" destination="Hordnes snuplass" url="http://www.web2051.no/bin/tp/zuginfo.exe/on/734859/250440/61290/214308/1/" trafficDays="kjører Ma - Fr, ikke 13., 17., 24. Mai">
    <stop departure="12:31" routeNo="556">Gaia Fana</stop>
    <stop arrival="12:32" departure="12:32">Fana</stop>
    <stop arrival="12:32" departure="12:32">Krykkjehaugen</stop>
    <stop arrival="12:34" departure="12:34">Konowskiftet</stop>
    <stop arrival="12:35" departure="12:35">Hordnesskiftet</stop>
    <stop arrival="12:36" departure="12:36">Mjelkevika</stop>
    <stop arrival="12:37" departure="12:37">Liland/ Hordnes</stop>
    <stop arrival="12:38" departure="12:38">Troye</stop>
    <stop arrival="12:39" departure="12:39">Hordnes hvilehjem</stop>
    <stop arrival="12:39" departure="12:39">Hordnes</stop>
    <stop arrival="12:40">Hordnes snuplass</stop>
  </route>
  <route no="560" destination="Krokeide Yrkesskole" url="http://www.web2051.no/bin/tp/zuginfo.exe/on/815817/277481/307474/118202/1/" trafficDays="kjører Ma - Fr, ikke 13., 17., 24. Mai">
    <stop departure="12:05" routeNo="560">Bergen Busstasjon</stop>
    <stop arrival="12:10" departure="12:10">Danmarksplass</stop>
    <stop arrival="12:11" departure="12:11">Solheimsgaten</stop>
    <stop arrival="12:12" departure="12:12">Reperbanen</stop>
    <stop arrival="12:14" departure="12:14">Fjøsangerveien/ Minde Allè</stop>
    <stop arrival="12:18" departure="12:18">Minde</stop>
    <stop arrival="12:19" departure="12:19">Elvebakken</stop>
    <stop arrival="12:19" departure="12:19">Storetveit</stop>
    <stop arrival="12:19" departure="12:19">Fantoft</stop>
    <stop arrival="12:20" departure="12:20">Nydalen</stop>
    <stop arrival="12:21" departure="12:21">Paradis</stop>
    <stop arrival="12:22" departure="12:22">Tveiteråsskiftet</stop>
    <stop arrival="12:23" departure="12:23">Hopsbro</stop>
    <stop arrival="12:25" departure="12:25">Hopstangen</stop>
    <stop arrival="12:26" departure="12:26">Nesttun terminal</stop>
    <stop arrival="12:28" departure="12:28">Nesttun</stop>
    <stop arrival="12:31" departure="12:31">Skjoldskiftet</stop>
    <stop arrival="12:31" departure="12:31">Nesttunbrekka</stop>
    <stop arrival="12:32" departure="12:32">Mårdalen</stop>
    <stop arrival="12:32" departure="12:32">Skjoldhøgda</stop>
    <stop arrival="12:32" departure="12:32">Skjold skole</stop>
    <stop arrival="12:33" departure="12:33">Lagunen</stop>
    <stop arrival="12:34" departure="12:34">Rådal</stop>
    <stop arrival="12:35" departure="12:35">Sunea</stop>
    <stop arrival="12:35" departure="12:35">Rådalshaug</stop>
    <stop arrival="12:35" departure="12:35">Steinknuseverket</stop>
    <stop arrival="12:36" departure="12:36">Hordnesskiftet Stend</stop>
    <stop arrival="12:37" departure="12:37">Konowskiftet</stop>
    <stop arrival="12:38" departure="12:38">Krykkjehaugen</stop>
    <stop arrival="12:39" departure="12:39">Fana</stop>
    <stop arrival="12:39" departure="12:39">Gaia Fana</stop>
    <stop arrival="12:40" departure="12:40">Vollaskiftet</stop>
    <stop arrival="12:41" departure="12:41">Fossen</stop>
    <stop arrival="12:41" departure="12:41">Saganeset 1</stop>
    <stop arrival="12:41" departure="12:41">Saganeset 2</stop>
    <stop arrival="12:42" departure="12:42">Salbu</stop>
    <stop arrival="12:43" departure="12:43">Rød, Krokeideveien</stop>
    <stop arrival="12:44" departure="12:44">Rød, Krokeideveien</stop>
    <stop arrival="12:45" departure="12:45">Breivik (Fana)</stop>
    <stop arrival="12:46" departure="12:46">Krokeide skole 1</stop>
    <stop arrival="12:46" departure="12:46">Krokeide skole 2</stop>
    <stop arrival="12:47" departure="12:47">Krokeide</stop>
    <stop arrival="12:48" departure="12:48">Krokeide</stop>
    <stop arrival="12:48" departure="12:48">Krokeide krysset</stop>
    <stop arrival="12:49">Krokeide Yrkesskole</stop>
  </route>
  <route no="560" destination="Krokeide Yrkesskole" url="http://www.web2051.no/bin/tp/zuginfo.exe/on/304845/107157/264646/30708/1/" trafficDays="kjører Ma - Fr, ikke 13., 17., 24. Mai">
    <stop departure="12:05" routeNo="560">Bergen Busstasjon</stop>
    <stop arrival="12:10" departure="12:10">Danmarksplass</stop>
    <stop arrival="12:11" departure="12:11">Solheimsgaten</stop>
    <stop arrival="12:12" departure="12:12">Reperbanen</stop>
    <stop arrival="12:14" departure="12:14">Fjøsangerveien/ Minde Allè</stop>
    <stop arrival="12:18" departure="12:18">Minde</stop>
    <stop arrival="12:19" departure="12:19">Elvebakken</stop>
    <stop arrival="12:19" departure="12:19">Storetveit</stop>
    <stop arrival="12:19" departure="12:19">Fantoft</stop>
    <stop arrival="12:20" departure="12:20">Nydalen</stop>
    <stop arrival="12:21" departure="12:21">Paradis</stop>
    <stop arrival="12:22" departure="12:22">Tveiteråsskiftet</stop>
    <stop arrival="12:23" departure="12:23">Hopsbro</stop>
    <stop arrival="12:25" departure="12:25">Hopstangen</stop>
    <stop arrival="12:26" departure="12:26">Nesttun terminal</stop>
    <stop arrival="12:28" departure="12:28">Nesttun</stop>
    <stop arrival="12:31" departure="12:31">Skjoldskiftet</stop>
    <stop arrival="12:31" departure="12:31">Nesttunbrekka</stop>
    <stop arrival="12:32" departure="12:32">Mårdalen</stop>
    <stop arrival="12:32" departure="12:32">Skjoldhøgda</stop>
    <stop arrival="12:32" departure="12:32">Skjold skole</stop>
    <stop arrival="12:33" departure="12:33">Lagunen</stop>
    <stop arrival="12:34" departure="12:34">Rådal</stop>
    <stop arrival="12:35" departure="12:35">Sunea</stop>
    <stop arrival="12:35" departure="12:35">Rådalshaug</stop>
    <stop arrival="12:35" departure="12:35">Steinknuseverket</stop>
    <stop arrival="12:36" departure="12:36">Hordnesskiftet Stend</stop>
    <stop arrival="12:37" departure="12:37">Konowskiftet</stop>
    <stop arrival="12:38" departure="12:38">Krykkjehaugen</stop>
    <stop arrival="12:39" departure="12:39">Fana</stop>
    <stop arrival="12:39" departure="12:39">Gaia Fana</stop>
    <stop arrival="12:40" departure="12:40">Vollaskiftet</stop>
    <stop arrival="12:41" departure="12:41">Fossen</stop>
    <stop arrival="12:41" departure="12:41">Saganeset 1</stop>
    <stop arrival="12:41" departure="12:41">Saganeset 2</stop>
    <stop arrival="12:42" departure="12:42">Salbu</stop>
    <stop arrival="12:43" departure="12:43">Rød, Krokeideveien</stop>
    <stop arrival="12:44" departure="12:44">Rød, Krokeideveien</stop>
    <stop arrival="12:45" departure="12:45">Breivik (Fana)</stop>
    <stop arrival="12:46" departure="12:46">Krokeide skole 1</stop>
    <stop arrival="12:46" departure="12:46">Krokeide skole 2</stop>
    <stop arrival="12:47" departure="12:47">Krokeide</stop>
    <stop arrival="12:48" departure="12:48">Krokeide</stop>
    <stop arrival="12:48" departure="12:48">Krokeide krysset</stop>
    <stop arrival="12:49">Krokeide Yrkesskole</stop>
  </route>
  <route no="560" destination="Krokeide Yrkesskole" url="http://www.web2051.no/bin/tp/zuginfo.exe/on/379554/132036/715294/231129/1/" trafficDays="kjører Lø, ikke 1. Mai">
    <stop departure="12:05" routeNo="560">Bergen Busstasjon</stop>
    <stop arrival="12:10" departure="12:10">Danmarksplass</stop>
    <stop arrival="12:11" departure="12:11">Solheimsgaten</stop>
    <stop arrival="12:12" departure="12:12">Reperbanen</stop>
    <stop arrival="12:14" departure="12:14">Fjøsangerveien/ Minde Allè</stop>
    <stop arrival="12:17" departure="12:17">Minde</stop>
    <stop arrival="12:18" departure="12:18">Elvebakken</stop>
    <stop arrival="12:19" departure="12:19">Storetveit</stop>
    <stop arrival="12:19" departure="12:19">Fantoft</stop>
    <stop arrival="12:20" departure="12:20">Nydalen</stop>
    <stop arrival="12:21" departure="12:21">Paradis</stop>
    <stop arrival="12:22" departure="12:22">Tveiteråsskiftet</stop>
    <stop arrival="12:23" departure="12:23">Hopsbro</stop>
    <stop arrival="12:25" departure="12:25">Hopstangen</stop>
    <stop arrival="12:26" departure="12:26">Nesttun terminal</stop>
    <stop arrival="12:28" departure="12:28">Nesttun</stop>
    <stop arrival="12:31" departure="12:31">Skjoldskiftet</stop>
    <stop arrival="12:32" departure="12:32">Nesttunbrekka</stop>
    <stop arrival="12:32" departure="12:32">Mårdalen</stop>
    <stop arrival="12:33" departure="12:33">Skjoldhøgda</stop>
    <stop arrival="12:35" departure="12:35">Skjold skole</stop>
    <stop arrival="12:36" departure="12:36">Lagunen</stop>
    <stop arrival="12:37" departure="12:37">Rådal</stop>
    <stop arrival="12:38" departure="12:38">Sunea</stop>
    <stop arrival="12:38" departure="12:38">Rådalshaug</stop>
    <stop arrival="12:38" departure="12:38">Steinknuseverket</stop>
    <stop arrival="12:39" departure="12:39">Hordnesskiftet Stend</stop>
    <stop arrival="12:40" departure="12:40">Konowskiftet</stop>
    <stop arrival="12:41" departure="12:41">Krykkjehaugen</stop>
    <stop arrival="12:42" departure="12:42">Fana</stop>
    <stop arrival="12:42" departure="12:42">Gaia Fana</stop>
    <stop arrival="12:43" departure="12:43">Vollaskiftet</stop>
    <stop arrival="12:44" departure="12:44">Fossen</stop>
    <stop arrival="12:44" departure="12:44">Saganeset 1</stop>
    <stop arrival="12:44" departure="12:44">Saganeset 2</stop>
    <stop arrival="12:45" departure="12:45">Salbu</stop>
    <stop arrival="12:46" departure="12:46">Rød, Krokeideveien</stop>
    <stop arrival="12:47" departure="12:47">Rød, Krokeideveien</stop>
    <stop arrival="12:48" departure="12:48">Breivik (Fana)</stop>
    <stop arrival="12:49" departure="12:49">Krokeide skole 1</stop>
    <stop arrival="12:49" departure="12:49">Krokeide skole 2</stop>
    <stop arrival="12:50" departure="12:50">Krokeide</stop>
    <stop arrival="12:51" departure="12:51">Krokeide</stop>
    <stop arrival="12:51" departure="12:51">Krokeide krysset</stop>
    <stop arrival="12:52">Krokeide Yrkesskole</stop>
  </route>
  <route no="560" destination="Krokeide Yrkesskole" url="http://www.web2051.no/bin/tp/zuginfo.exe/on/388629/135061/392668/66791/1/" trafficDays="kjører Lø, ikke 1. Mai">
    <stop departure="12:05" routeNo="560">Bergen Busstasjon</stop>
    <stop arrival="12:10" departure="12:10">Danmarksplass</stop>
    <stop arrival="12:11" departure="12:11">Solheimsgaten</stop>
    <stop arrival="12:12" departure="12:12">Reperbanen</stop>
    <stop arrival="12:14" departure="12:14">Fjøsangerveien/ Minde Allè</stop>
    <stop arrival="12:17" departure="12:17">Minde</stop>
    <stop arrival="12:18" departure="12:18">Elvebakken</stop>
    <stop arrival="12:19" departure="12:19">Storetveit</stop>
    <stop arrival="12:19" departure="12:19">Fantoft</stop>
    <stop arrival="12:20" departure="12:20">Nydalen</stop>
    <stop arrival="12:21" departure="12:21">Paradis</stop>
    <stop arrival="12:22" departure="12:22">Tveiteråsskiftet</stop>
    <stop arrival="12:23" departure="12:23">Hopsbro</stop>
    <stop arrival="12:25" departure="12:25">Hopstangen</stop>
    <stop arrival="12:26" departure="12:26">Nesttun terminal</stop>
    <stop arrival="12:28" departure="12:28">Nesttun</stop>
    <stop arrival="12:31" departure="12:31">Skjoldskiftet</stop>
    <stop arrival="12:32" departure="12:32">Nesttunbrekka</stop>
    <stop arrival="12:32" departure="12:32">Mårdalen</stop>
    <stop arrival="12:33" departure="12:33">Skjoldhøgda</stop>
    <stop arrival="12:35" departure="12:35">Skjold skole</stop>
    <stop arrival="12:36" departure="12:36">Lagunen</stop>
    <stop arrival="12:37" departure="12:37">Rådal</stop>
    <stop arrival="12:38" departure="12:38">Sunea</stop>
    <stop arrival="12:38" departure="12:38">Rådalshaug</stop>
    <stop arrival="12:38" departure="12:38">Steinknuseverket</stop>
    <stop arrival="12:39" departure="12:39">Hordnesskiftet Stend</stop>
    <stop arrival="12:40" departure="12:40">Konowskiftet</stop>
    <stop arrival="12:41" departure="12:41">Krykkjehaugen</stop>
    <stop arrival="12:42" departure="12:42">Fana</stop>
    <stop arrival="12:42" departure="12:42">Gaia Fana</stop>
    <stop arrival="12:43" departure="12:43">Vollaskiftet</stop>
    <stop arrival="12:44" departure="12:44">Fossen</stop>
    <stop arrival="12:44" departure="12:44">Saganeset 1</stop>
    <stop arrival="12:44" departure="12:44">Saganeset 2</stop>
    <stop arrival="12:45" departure="12:45">Salbu</stop>
    <stop arrival="12:46" departure="12:46">Rød, Krokeideveien</stop>
    <stop arrival="12:47" departure="12:47">Rød, Krokeideveien</stop>
    <stop arrival="12:48" departure="12:48">Breivik (Fana)</stop>
    <stop arrival="12:49" departure="12:49">Krokeide skole 1</stop>
    <stop arrival="12:49" departure="12:49">Krokeide skole 2</stop>
    <stop arrival="12:50" departure="12:50">Krokeide</stop>
    <stop arrival="12:51" departure="12:51">Krokeide</stop>
    <stop arrival="12:51" departure="12:51">Krokeide krysset</stop>
    <stop arrival="12:52">Krokeide Yrkesskole</stop>
  </route>
  <route no="20" destination="Rådal ved Lagunen" url="http://www.web2051.no/bin/tp/zuginfo.exe/on/490224/167161/555404/114294/1/" trafficDays="kjører Sø, også 1., 13., 17., 24. Mai">
    <stop departure="12:45" routeNo="20">Gaia Fana</stop>
    <stop arrival="12:47" departure="12:47">Fana kirke</stop>
    <stop arrival="12:47" departure="12:47">Norheimsveien</stop>
    <stop arrival="12:48" departure="12:48">Kvernabekkvegen</stop>
    <stop arrival="12:49" departure="12:49">Titlestad</stop>
    <stop arrival="12:49" departure="12:49">Rydland (Titlestad, Fana)</stop>
    <stop arrival="12:50" departure="12:50">Øvre Titlestad</stop>
    <stop arrival="12:51" departure="12:51">Bergheim</stop>
    <stop arrival="12:51" departure="12:51">Bergheim</stop>
    <stop arrival="12:53" departure="12:53">Hordnesskiftet Stend</stop>
    <stop arrival="12:54" departure="12:54">Steinknuseverket</stop>
    <stop arrival="12:54" departure="12:54">Rådalshaug</stop>
    <stop arrival="12:55" departure="12:55">Sunea</stop>
    <stop arrival="12:56" departure="12:56">Rådal</stop>
    <stop arrival="12:57">Rådal ved Lagunen</stop>
  </route>
  <route no="20" destination="Rådal ved Lagunen" url="http://www.web2051.no/bin/tp/zuginfo.exe/on/256185/89148/240392/34801/1/" trafficDays="kjører Sø, også 1., 13., 17., 24. Mai">
    <stop departure="12:45" routeNo="20">Gaia Fana</stop>
    <stop arrival="12:47" departure="12:47">Fana kirke</stop>
    <stop arrival="12:47" departure="12:47">Norheimsveien</stop>
    <stop arrival="12:48" departure="12:48">Kvernabekkvegen</stop>
    <stop arrival="12:49" departure="12:49">Titlestad</stop>
    <stop arrival="12:49" departure="12:49">Rydland (Titlestad, Fana)</stop>
    <stop arrival="12:50" departure="12:50">Øvre Titlestad</stop>
    <stop arrival="12:51" departure="12:51">Bergheim</stop>
    <stop arrival="12:51" departure="12:51">Bergheim</stop>
    <stop arrival="12:53" departure="12:53">Hordnesskiftet Stend</stop>
    <stop arrival="12:54" departure="12:54">Steinknuseverket</stop>
    <stop arrival="12:54" departure="12:54">Rådalshaug</stop>
    <stop arrival="12:55" departure="12:55">Sunea</stop>
    <stop arrival="12:56" departure="12:56">Rådal</stop>
    <stop arrival="12:57">Rådal ved Lagunen</stop>
  </route>
  <route no="560" destination="Krokeide Yrkesskole" url="http://www.web2051.no/bin/tp/zuginfo.exe/on/226566/81024/186500/17728/1/" trafficDays="kjører Sø, også 1., 13., 17., 24. Mai">
    <stop departure="12:36" routeNo="560">Lagunen</stop>
    <stop arrival="12:37" departure="12:37">Rådal</stop>
    <stop arrival="12:38" departure="12:38">Sunea</stop>
    <stop arrival="12:38" departure="12:38">Rådalshaug</stop>
    <stop arrival="12:38" departure="12:38">Steinknuseverket</stop>
    <stop arrival="12:39" departure="12:39">Hordnesskiftet Stend</stop>
    <stop arrival="12:41" departure="12:41">Bergheim</stop>
    <stop arrival="12:42" departure="12:42">Bergheim</stop>
    <stop arrival="12:43" departure="12:43">Øvre Titlestad</stop>
    <stop arrival="12:45" departure="12:45">Rydland (Titlestad, Fana)</stop>
    <stop arrival="12:46" departure="12:46">Titlestad</stop>
    <stop arrival="12:47" departure="12:47">Kvernabekkvegen</stop>
    <stop arrival="12:47" departure="12:47">Norheimsveien</stop>
    <stop arrival="12:48" departure="12:49">Fana</stop>
    <stop arrival="12:49" departure="12:49">Gaia Fana</stop>
    <stop arrival="12:50" departure="12:50">Vollaskiftet</stop>
    <stop arrival="12:51" departure="12:51">Fossen</stop>
    <stop arrival="12:51" departure="12:51">Saganeset 1</stop>
    <stop arrival="12:51" departure="12:51">Saganeset 2</stop>
    <stop arrival="12:52" departure="12:52">Salbu</stop>
    <stop arrival="12:53" departure="12:53">Rød, Krokeideveien</stop>
    <stop arrival="12:54" departure="12:54">Rød, Krokeideveien</stop>
    <stop arrival="12:55" departure="12:55">Breivik (Fana)</stop>
    <stop arrival="12:56" departure="12:56">Krokeide skole 1</stop>
    <stop arrival="12:56" departure="12:56">Krokeide skole 2</stop>
    <stop arrival="12:57" departure="12:57">Krokeide</stop>
    <stop arrival="12:58" departure="12:58">Krokeide</stop>
    <stop arrival="12:58" departure="12:58">Krokeide krysset</stop>
    <stop arrival="12:59">Krokeide Yrkesskole</stop>
  </route>
  <route no="560" destination="Krokeide Yrkesskole" url="http://www.web2051.no/bin/tp/zuginfo.exe/on/527505/181337/276772/37449/1/" trafficDays="kjører Sø, også 1., 13., 17., 24. Mai">
    <stop departure="12:36" routeNo="560">Lagunen</stop>
    <stop arrival="12:37" departure="12:37">Rådal</stop>
    <stop arrival="12:38" departure="12:38">Sunea</stop>
    <stop arrival="12:38" departure="12:38">Rådalshaug</stop>
    <stop arrival="12:38" departure="12:38">Steinknuseverket</stop>
    <stop arrival="12:39" departure="12:39">Hordnesskiftet Stend</stop>
    <stop arrival="12:41" departure="12:41">Bergheim</stop>
    <stop arrival="12:42" departure="12:42">Bergheim</stop>
    <stop arrival="12:43" departure="12:43">Øvre Titlestad</stop>
    <stop arrival="12:45" departure="12:45">Rydland (Titlestad, Fana)</stop>
    <stop arrival="12:46" departure="12:46">Titlestad</stop>
    <stop arrival="12:47" departure="12:47">Kvernabekkvegen</stop>
    <stop arrival="12:47" departure="12:47">Norheimsveien</stop>
    <stop arrival="12:48" departure="12:49">Fana</stop>
    <stop arrival="12:49" departure="12:49">Gaia Fana</stop>
    <stop arrival="12:50" departure="12:50">Vollaskiftet</stop>
    <stop arrival="12:51" departure="12:51">Fossen</stop>
    <stop arrival="12:51" departure="12:51">Saganeset 1</stop>
    <stop arrival="12:51" departure="12:51">Saganeset 2</stop>
    <stop arrival="12:52" departure="12:52">Salbu</stop>
    <stop arrival="12:53" departure="12:53">Rød, Krokeideveien</stop>
    <stop arrival="12:54" departure="12:54">Rød, Krokeideveien</stop>
    <stop arrival="12:55" departure="12:55">Breivik (Fana)</stop>
    <stop arrival="12:56" departure="12:56">Krokeide skole 1</stop>
    <stop arrival="12:56" departure="12:56">Krokeide skole 2</stop>
    <stop arrival="12:57" departure="12:57">Krokeide</stop>
    <stop arrival="12:58" departure="12:58">Krokeide</stop>
    <stop arrival="12:58" departure="12:58">Krokeide krysset</stop>
    <stop arrival="12:59">Krokeide Yrkesskole</stop>
  </route>
</routes>
