<?xml version="1.0" encoding="UTF-8"?>
<routes>
  <route no="459" destination="Tælavåg snuplass" url="http://www.web2051.no/bin/tp/zuginfo.exe/on/511224/172629/492884/76034/1/" trafficDays="kjører Ma - Fr, ikke 13., 17., 24. Mai">
    <stop departure="11:40" routeNo="459">Bergen Busstasjon</stop>
    <stop arrival="11:41" departure="11:41">Olav Kyrres gate</stop>
    <stop arrival="11:43" departure="11:43">Møhlenpris v/ Industrihuset</stop>
    <stop arrival="11:48" departure="11:48">Lyngbø Motorvei R555</stop>
    <stop arrival="11:54" departure="11:54">Frida Fasmer R555</stop>
    <stop arrival="11:55" departure="11:55">Storavatnet term.</stop>
    <stop arrival="11:57" departure="11:57">Breivikskiftet</stop>
    <stop arrival="11:58" departure="11:58">Drotningsvik Rv 555</stop>
    <stop arrival="12:00" departure="12:00">Knarrevik</stop>
    <stop arrival="12:05" departure="12:05">Straume term.</stop>
    <stop arrival="12:06" departure="12:06">Bildøy</stop>
    <stop arrival="12:09" departure="12:09">Fjell Blommen</stop>
    <stop arrival="12:09" departure="12:09">Fjell Heljedalen</stop>
    <stop arrival="12:10" departure="12:10">Fjell</stop>
    <stop arrival="12:10" departure="12:10">Fjell kyrkje</stop>
    <stop arrival="12:10" departure="12:10">Fjell Leite</stop>
    <stop arrival="12:11" departure="12:11">Fjell Søre</stop>
    <stop arrival="12:11" departure="12:11">Fjell Podlagrinda</stop>
    <stop arrival="12:12" departure="12:12">Fjell Krossleite</stop>
    <stop arrival="12:12" departure="12:12">Fjell søre Krossleite</stop>
    <stop arrival="12:13" departure="12:13">Tellnesskogen</stop>
    <stop arrival="12:14" departure="12:14">Tellnes Bruabrekko</stop>
    <stop arrival="12:15" departure="12:15">Tellnesskiftet</stop>
    <stop arrival="12:15" departure="12:15">Tellnes skule</stop>
    <stop arrival="12:17" departure="12:17">Dala (Fjell)</stop>
    <stop arrival="12:17" departure="12:17">Dala (Fjell)</stop>
    <stop arrival="12:18" departure="12:18">Dalseide (Fjell)</stop>
    <stop arrival="12:23" departure="12:23">Trengereid Slettebakken (Fjell</stop>
    <stop arrival="12:24" departure="12:24">Trengereid (Fjell)</stop>
    <stop arrival="12:25" departure="12:25">Skogsskiftet term.</stop>
    <stop arrival="12:28" departure="12:28">Hammersland (Sund)</stop>
    <stop arrival="12:28" departure="12:28">Hammersland (Sund)</stop>
    <stop arrival="12:29" departure="12:29">Eidesjøen Tveitaneset</stop>
    <stop arrival="12:30" departure="12:30">Eidesjøen</stop>
    <stop arrival="12:31" departure="12:31">Pollen skule</stop>
    <stop arrival="12:32" departure="12:32">Kårevik</stop>
    <stop arrival="12:32" departure="12:32">Kårevik</stop>
    <stop arrival="12:33" departure="12:33">Spildepollen</stop>
    <stop arrival="12:34" departure="12:34">Kausland Sund Auto</stop>
    <stop arrival="12:34" departure="12:34">Kausland industri</stop>
    <stop arrival="12:35" departure="12:35">Kausland (brekko)</stop>
    <stop arrival="12:36" departure="12:36">Kausland gard</stop>
    <stop arrival="12:36" departure="12:36">Kausland kyrkje</stop>
    <stop arrival="12:36" departure="12:36">Kausland (Lunde)</stop>
    <stop arrival="12:38" departure="12:38">Glesnes Skule</stop>
    <stop arrival="12:39" departure="12:39">Glesvær (Elva)</stop>
    <stop arrival="12:39" departure="12:39">Glesvær (Slettebergsmauget)</stop>
    <stop arrival="12:39" departure="12:39">Glesvær (Vollakrysset)</stop>
    <stop arrival="12:40" departure="12:40">Glesvær snuplass</stop>
    <stop arrival="12:40" departure="12:40">Glesvær (Vollakrysset)</stop>
    <stop arrival="12:41" departure="12:41">Glesvær (Slettebergsmauget)</stop>
    <stop arrival="12:41" departure="12:41">Glesvær (Elva)</stop>
    <stop arrival="12:41" departure="12:41">Glesnes Skule</stop>
    <stop arrival="12:43" departure="12:43">Kausland (Lunde)</stop>
    <stop arrival="12:43" departure="12:43">Kausland kyrkje</stop>
    <stop arrival="12:44" departure="12:44">Kausland gard</stop>
    <stop arrival="12:44" departure="12:44">Kausland (brekko)</stop>
    <stop arrival="12:45" departure="12:45">Kausland industri</stop>
    <stop arrival="12:45" departure="12:45">Kausland Sund Auto</stop>
    <stop arrival="12:46" departure="12:46">Spildepollen</stop>
    <stop arrival="12:47" departure="12:47">Asphaug</stop>
    <stop arrival="12:49" departure="12:49">Tælavåg gravplass</stop>
    <stop arrival="12:51" departure="12:51">Tælavåg Sælstø</stop>
    <stop arrival="12:51" departure="12:51">Tælavåg Museum (Idrettsplass)</stop>
    <stop arrival="12:52" departure="12:52">Tælavåg Nipa byggefelt</stop>
    <stop arrival="12:52" departure="12:52">Tælavåg Nipa</stop>
    <stop arrival="12:53" departure="12:53">Tælavåg bedehus</stop>
    <stop arrival="12:53" departure="12:53">Tælavåg Telle</stop>
    <stop arrival="12:53" departure="12:53">Tælavåg skule</stop>
    <stop arrival="12:54" departure="12:54">Tælavåg Midttveit</stop>
    <stop arrival="12:54" departure="12:54">Tælavåg Øvretveit (brekko)</stop>
    <stop arrival="12:55" departure="12:55">Tælavåg Øvretveit</stop>
    <stop arrival="12:55">Tælavåg snuplass</stop>
  </route>
  <route no="465" destination="Ågotnes terminal" url="http://www.web2051.no/bin/tp/zuginfo.exe/on/420111/142327/110416/84829/1/" trafficDays="kjører Ma - Fr, ikke 13., 17., 24. Mai">
    <stop departure="12:05" routeNo="465">Straume term.</stop>
    <stop arrival="12:07" departure="12:07">Bildøy</stop>
    <stop arrival="12:11" departure="12:11">Fjell Blommen</stop>
    <stop arrival="12:11" departure="12:11">Fjell Heljedalen</stop>
    <stop arrival="12:12" departure="12:12">Fjell</stop>
    <stop arrival="12:12" departure="12:12">Fjell kyrkje</stop>
    <stop arrival="12:13" departure="12:13">Fjell Kleivane</stop>
    <stop arrival="12:14" departure="12:14">Fjell Prestasmauet</stop>
    <stop arrival="12:14" departure="12:14">Fjell Litlakvilet</stop>
    <stop arrival="12:15" departure="12:15">Ulveseth</stop>
    <stop arrival="12:16" departure="12:16">Ulveseth skule</stop>
    <stop arrival="12:16" departure="12:16">Ytre Ulveseth</stop>
    <stop arrival="12:17" departure="12:17">Møvik Halsvarden (Fjell)</stop>
    <stop arrival="12:18" departure="12:18">Åse kryss (Fjell)</stop>
    <stop arrival="12:18" departure="12:18">Skogtun (Fjell)</stop>
    <stop arrival="12:19" departure="12:19">Skoge (Fjell)</stop>
    <stop arrival="12:20" departure="12:20">Åse snuplass (Fjell)</stop>
    <stop arrival="12:21" departure="12:21">Skoge (Fjell)</stop>
    <stop arrival="12:22" departure="12:22">Skogtun (Fjell)</stop>
    <stop arrival="12:23" departure="12:23">Møvik, Åse kryss</stop>
    <stop arrival="12:24" departure="12:24">Møvik (Fjell)</stop>
    <stop arrival="12:25" departure="12:25">Møvik, Leirvik</stop>
    <stop arrival="12:26" departure="12:26">Skålevik utmark (Fjell)</stop>
    <stop arrival="12:27" departure="12:27">Skålevik gravplass (Fjell)</stop>
    <stop arrival="12:28" departure="12:28">Skålevik stølen (Fjell)</stop>
    <stop arrival="12:29" departure="12:29">Skålevik Kuaneset (Fjell)</stop>
    <stop arrival="12:30" departure="12:30">Skålevik skule (Fjell)</stop>
    <stop arrival="12:30" departure="12:30">Algrøy kryss</stop>
    <stop arrival="12:31" departure="12:31">Sekkingstad (Apalvågen)</stop>
    <stop arrival="12:32" departure="12:32">Sekkingstad (Lillebø)</stop>
    <stop arrival="12:32" departure="12:32">Sekkingstad (bakketoppen)</stop>
    <stop arrival="12:33" departure="12:33">Sekkingstad (butikken)</stop>
    <stop arrival="12:34" departure="12:34">Sekkingstad (Skjenavatne)</stop>
    <stop arrival="12:34" departure="12:34">Sekkingstad (Møyvatn)</stop>
    <stop arrival="12:35" departure="12:35">Sekkingstad Glattkjøringsbane</stop>
    <stop arrival="12:36" departure="12:36">Kårtveit (Nymark)</stop>
    <stop arrival="12:37" departure="12:37">Kårtveit (Snekkerbua)</stop>
    <stop arrival="12:38" departure="12:38">Kårtveit Eide kryss</stop>
    <stop arrival="12:38" departure="12:38">Kårtveit Eide butikk</stop>
    <stop arrival="12:39" departure="12:39">Kårtveit (Fjell)</stop>
    <stop arrival="12:39" departure="12:39">Kårtveit Nordli</stop>
    <stop arrival="12:41" departure="12:41">Kårtveit (gamleskule)</stop>
    <stop arrival="12:42">Ågotnes terminal</stop>
  </route>
  <route no="465" destination="Ågotnes terminal" url="http://www.web2051.no/bin/tp/zuginfo.exe/on/500520/169146/349934/8128/1/" trafficDays="kjører Lø, ikke 1. Mai">
    <stop departure="11:40" routeNo="465">Bergen Busstasjon</stop>
    <stop arrival="11:41" departure="11:41">Olav Kyrres gate</stop>
    <stop arrival="11:43" departure="11:43">Møhlenpris v/ Industrihuset</stop>
    <stop arrival="11:48" departure="11:48">Lyngbø Motorvei R555</stop>
    <stop arrival="11:54" departure="11:54">Frida Fasmer R555</stop>
    <stop arrival="11:55" departure="11:55">Storavatnet term.</stop>
    <stop arrival="11:57" departure="11:57">Breivikskiftet</stop>
    <stop arrival="11:58" departure="11:58">Drotningsvik Rv 555</stop>
    <stop arrival="12:00" departure="12:00">Knarrevik</stop>
    <stop arrival="12:05" departure="12:05">Straume term.</stop>
    <stop arrival="12:07" departure="12:07">Bildøy</stop>
    <stop arrival="12:11" departure="12:11">Fjell Blommen</stop>
    <stop arrival="12:11" departure="12:11">Fjell Heljedalen</stop>
    <stop arrival="12:12" departure="12:12">Fjell</stop>
    <stop arrival="12:12" departure="12:12">Fjell kyrkje</stop>
    <stop arrival="12:13" departure="12:13">Fjell Kleivane</stop>
    <stop arrival="12:14" departure="12:14">Fjell Prestasmauet</stop>
    <stop arrival="12:14" departure="12:14">Fjell Litlakvilet</stop>
    <stop arrival="12:15" departure="12:15">Ulveseth</stop>
    <stop arrival="12:16" departure="12:16">Ulveseth skule</stop>
    <stop arrival="12:16" departure="12:16">Ytre Ulveseth</stop>
    <stop arrival="12:17" departure="12:17">Møvik Halsvarden (Fjell)</stop>
    <stop arrival="12:18" departure="12:18">Møvik, Åse kryss</stop>
    <stop arrival="12:19" departure="12:19">Møvik (Fjell)</stop>
    <stop arrival="12:19" departure="12:19">Møvik, Leirvik</stop>
    <stop arrival="12:20" departure="12:20">Skålevik utmark (Fjell)</stop>
    <stop arrival="12:21" departure="12:21">Skålevik gravplass (Fjell)</stop>
    <stop arrival="12:21" departure="12:21">Skålevik stølen (Fjell)</stop>
    <stop arrival="12:22" departure="12:22">Skålevik Kuaneset (Fjell)</stop>
    <stop arrival="12:23" departure="12:23">Skålevik skule (Fjell)</stop>
    <stop arrival="12:23" departure="12:23">Algrøy kryss</stop>
    <stop arrival="12:24" departure="12:24">Sekkingstad (Apalvågen)</stop>
    <stop arrival="12:25" departure="12:25">Sekkingstad (Lillebø)</stop>
    <stop arrival="12:25" departure="12:25">Sekkingstad (bakketoppen)</stop>
    <stop arrival="12:26" departure="12:26">Sekkingstad (butikken)</stop>
    <stop arrival="12:27" departure="12:27">Sekkingstad (Skjenavatne)</stop>
    <stop arrival="12:27" departure="12:27">Sekkingstad (Møyvatn)</stop>
    <stop arrival="12:28" departure="12:28">Sekkingstad Glattkjøringsbane</stop>
    <stop arrival="12:29" departure="12:29">Kårtveit (Nymark)</stop>
    <stop arrival="12:30" departure="12:30">Kårtveit (Snekkerbua)</stop>
    <stop arrival="12:31" departure="12:31">Kårtveit Eide kryss</stop>
    <stop arrival="12:31" departure="12:31">Kårtveit Eide butikk</stop>
    <stop arrival="12:32" departure="12:32">Kårtveit (Fjell)</stop>
    <stop arrival="12:32" departure="12:32">Kårtveit Nordli</stop>
    <stop arrival="12:34" departure="12:34">Kårtveit (gamleskule)</stop>
    <stop arrival="12:35">Ågotnes terminal</stop>
  </route>
  <route no="466" destination="Ekeren snuplass" url="http://www.web2051.no/bin/tp/zuginfo.exe/on/11853/6286/586218/289158/1/" trafficDays="kjører Ma - Fr, ikke 13., 17., 24. Mai">
    <stop departure="12:05" routeNo="466">Straume term.</stop>
    <stop arrival="12:07" departure="12:07">Bildøy</stop>
    <stop arrival="12:11" departure="12:11">Fjell Blommen</stop>
    <stop arrival="12:11" departure="12:11">Fjell Heljedalen</stop>
    <stop arrival="12:12" departure="12:12">Fjell</stop>
    <stop arrival="12:12" departure="12:12">Fjell kyrkje</stop>
    <stop arrival="12:13" departure="12:13">Fjell Kleivane</stop>
    <stop arrival="12:14" departure="12:14">Fjell Prestasmauet</stop>
    <stop arrival="12:14" departure="12:14">Fjell Litlakvilet</stop>
    <stop arrival="12:15" departure="12:15">Ulveseth</stop>
    <stop arrival="12:15" departure="12:15">Ulveseth skule</stop>
    <stop arrival="12:16" departure="12:16">Ulveseth gard</stop>
    <stop arrival="12:17" departure="12:17">Ulveseth Tveita</stop>
    <stop arrival="12:18" departure="12:18">Ulveset Hovdane</stop>
    <stop arrival="12:18" departure="12:18">Nordvik kryss (Fjell)</stop>
    <stop arrival="12:19" departure="12:19">Nesse Gjerde (Fjell)</stop>
    <stop arrival="12:20" departure="12:20">Nesse gard (Fjell)</stop>
    <stop arrival="12:20" departure="12:20">Nesse (Fjell)</stop>
    <stop arrival="12:20" departure="12:20">Nesse snuplass (Fjell)</stop>
    <stop arrival="12:20" departure="12:20">Nesse (Fjell)</stop>
    <stop arrival="12:21" departure="12:21">Nesse gard (Fjell)</stop>
    <stop arrival="12:21" departure="12:21">Nesse Gjerde (Fjell)</stop>
    <stop arrival="12:22" departure="12:22">Nordvik gard (Fjell)</stop>
    <stop arrival="12:23" departure="12:23">Ekeren nord</stop>
    <stop arrival="12:24" departure="12:24">Ekeren sør</stop>
    <stop arrival="12:25">Ekeren snuplass</stop>
  </route>
  <route no="467" destination="Syltøy snuplass" url="http://www.web2051.no/bin/tp/zuginfo.exe/on/709194/238750/494914/11059/1/" trafficDays="kjører Ma - Fr, ikke 13., 17., 24. Mai">
    <stop departure="12:05" routeNo="467">Straume term.</stop>
    <stop arrival="12:07" departure="12:07">Bildøy</stop>
    <stop arrival="12:11" departure="12:11">Fjell Blommen</stop>
    <stop arrival="12:11" departure="12:11">Fjell Heljedalen</stop>
    <stop arrival="12:12" departure="12:12">Fjell</stop>
    <stop arrival="12:12" departure="12:12">Fjell kyrkje</stop>
    <stop arrival="12:13" departure="12:13">Fjell Kleivane</stop>
    <stop arrival="12:14" departure="12:14">Fjell Prestasmauet</stop>
    <stop arrival="12:14" departure="12:14">Fjell Litlakvilet</stop>
    <stop arrival="12:15" departure="12:15">Ulveseth</stop>
    <stop arrival="12:16" departure="12:16">Ulveseth skule</stop>
    <stop arrival="12:16" departure="12:16">Ytre Ulveseth</stop>
    <stop arrival="12:17" departure="12:17">Møvik Halsvarden (Fjell)</stop>
    <stop arrival="12:18" departure="12:18">Møvik, Åse kryss</stop>
    <stop arrival="12:19" departure="12:19">Møvik (Fjell)</stop>
    <stop arrival="12:19" departure="12:19">Møvik, Leirvik</stop>
    <stop arrival="12:20" departure="12:20">Skålevik utmark (Fjell)</stop>
    <stop arrival="12:21" departure="12:21">Skålevik gravplass (Fjell)</stop>
    <stop arrival="12:21" departure="12:21">Skålevik stølen (Fjell)</stop>
    <stop arrival="12:22" departure="12:22">Skålevik Kuaneset (Fjell)</stop>
    <stop arrival="12:23" departure="12:23">Skålevik skule (Fjell)</stop>
    <stop arrival="12:24" departure="12:24">Algrøy kryss</stop>
    <stop arrival="12:25" departure="12:25">Skålevik Fagerdalan (Fjell)</stop>
    <stop arrival="12:26" departure="12:26">Skålevikneset (Fjell)</stop>
    <stop arrival="12:27" departure="12:27">Langøy kryss (Fjell)</stop>
    <stop arrival="12:29" departure="12:29">Algrøy Porsvika</stop>
    <stop arrival="12:31" departure="12:31">Algrøy Nyo</stop>
    <stop arrival="12:32" departure="12:32">Algrøy byggefelt</stop>
    <stop arrival="12:33" departure="12:33">Algrøy Urhaugen</stop>
    <stop arrival="12:34" departure="12:34">Algrøy skule</stop>
    <stop arrival="12:34" departure="12:34">Algrøy bedehus</stop>
    <stop arrival="12:35" departure="12:35">Algrøy snuplass</stop>
    <stop arrival="12:35" departure="12:35">Algrøy bedehus</stop>
    <stop arrival="12:36" departure="12:36">Algrøy skule</stop>
    <stop arrival="12:36" departure="12:36">Algrøy Urhaugen</stop>
    <stop arrival="12:37" departure="12:37">Algrøy byggefelt</stop>
    <stop arrival="12:38" departure="12:38">Algrøy Nyo</stop>
    <stop arrival="12:39" departure="12:39">Algrøy Porsvika</stop>
    <stop arrival="12:41" departure="12:41">Langøy (Fjell)</stop>
    <stop arrival="12:42" departure="12:42">Vindkjeften</stop>
    <stop arrival="12:45" departure="12:45">Lokøy</stop>
    <stop arrival="12:47" departure="12:47">Flogøy kryss</stop>
    <stop arrival="12:47" departure="12:47">Linevik</stop>
    <stop arrival="12:48" departure="12:48">Flogøy</stop>
    <stop arrival="12:49" departure="12:49">Risholmen (Fjell)</stop>
    <stop arrival="12:49" departure="12:49">Storesund (Fjell)</stop>
    <stop arrival="12:49" departure="12:49">Syltøy (Øyna)</stop>
    <stop arrival="12:50">Syltøy snuplass</stop>
  </route>
  <route no="465" destination="Bergen Busstasjon" url="http://www.web2051.no/bin/tp/zuginfo.exe/on/440949/149284/246614/23676/1/" trafficDays="kjører Ma - Fr, ikke 13., 17., 24. Mai">
    <stop departure="11:55" routeNo="465">Ågotnes terminal</stop>
    <stop arrival="11:56" departure="11:56">Kårtveit (gamleskule)</stop>
    <stop arrival="11:57" departure="11:57">Kårtveit Nordli</stop>
    <stop arrival="11:58" departure="11:58">Kårtveit (Fjell)</stop>
    <stop arrival="11:58" departure="11:58">Kårtveit Eide butikk</stop>
    <stop arrival="11:59" departure="11:59">Kårtveit Eide kryss</stop>
    <stop arrival="11:59" departure="11:59">Kårtveit (Snekkerbua)</stop>
    <stop arrival="12:00" departure="12:00">Kårtveit (Nymark)</stop>
    <stop arrival="12:01" departure="12:01">Sekkingstad Glattkjøringsbane</stop>
    <stop arrival="12:01" departure="12:01">Sekkingstad (Møyvatn)</stop>
    <stop arrival="12:02" departure="12:02">Sekkingstad (Skjenavatne)</stop>
    <stop arrival="12:02" departure="12:02">Sekkingstad (butikken)</stop>
    <stop arrival="12:03" departure="12:03">Sekkingstad (bakketoppen)</stop>
    <stop arrival="12:03" departure="12:03">Sekkingstad (Lillebø)</stop>
    <stop arrival="12:04" departure="12:04">Sekkingstad (Apalvågen)</stop>
    <stop arrival="12:05" departure="12:05">Algrøy kryss</stop>
    <stop arrival="12:05" departure="12:05">Skålevik skule (Fjell)</stop>
    <stop arrival="12:06" departure="12:06">Skålevik Kuaneset (Fjell)</stop>
    <stop arrival="12:07" departure="12:07">Skålevik stølen (Fjell)</stop>
    <stop arrival="12:08" departure="12:08">Skålevik gravplass (Fjell)</stop>
    <stop arrival="12:09" departure="12:09">Skålevik utmark (Fjell)</stop>
    <stop arrival="12:10" departure="12:10">Møvik, Leirvik</stop>
    <stop arrival="12:10" departure="12:10">Møvik (Fjell)</stop>
    <stop arrival="12:11" departure="12:11">Møvik, Åse kryss</stop>
    <stop arrival="12:12" departure="12:12">Møvik Halsvarden (Fjell)</stop>
    <stop arrival="12:13" departure="12:13">Ytre Ulveseth</stop>
    <stop arrival="12:14" departure="12:14">Ulveseth skule</stop>
    <stop arrival="12:15" departure="12:15">Ulveseth</stop>
    <stop arrival="12:16" departure="12:16">Fjell Litlakvilet</stop>
    <stop arrival="12:17" departure="12:17">Fjell Prestasmauet</stop>
    <stop arrival="12:18" departure="12:18">Fjell Kleivane</stop>
    <stop arrival="12:19" departure="12:19">Fjell kyrkje</stop>
    <stop arrival="12:20" departure="12:20">Fjell</stop>
    <stop arrival="12:20" departure="12:20">Fjell Heljedalen</stop>
    <stop arrival="12:21" departure="12:21">Fjell Blommen</stop>
    <stop arrival="12:27" departure="12:27">Bildøy</stop>
    <stop arrival="12:30" departure="12:30">Straume term.</stop>
    <stop arrival="12:33" departure="12:33">Knarrevik</stop>
    <stop arrival="12:35" departure="12:35">Drotningsvik Rv 555</stop>
    <stop arrival="12:36" departure="12:36">Breivikskiftet</stop>
    <stop arrival="12:39" departure="12:39">Frida Fasmer</stop>
    <stop arrival="12:44" departure="12:44">Lyngbø Motorvei R555</stop>
    <stop arrival="12:48" departure="12:48">Møhlenpris v/ Industrihuset</stop>
    <stop arrival="12:49" departure="12:49">Christies gate (Festplassen)</stop>
    <stop arrival="12:49" departure="12:49">Kaigaten/v. Jernbanen</stop>
    <stop arrival="12:50">Bergen Busstasjon</stop>
  </route>
  <route no="465" destination="Bergen Busstasjon" url="http://www.web2051.no/bin/tp/zuginfo.exe/on/19992/8981/591826/289249/1/" trafficDays="kjører Lø, ikke 1. Mai">
    <stop departure="11:55" routeNo="465">Ågotnes terminal</stop>
    <stop arrival="11:56" departure="11:56">Kårtveit (gamleskule)</stop>
    <stop arrival="11:57" departure="11:57">Kårtveit Nordli</stop>
    <stop arrival="11:58" departure="11:58">Kårtveit (Fjell)</stop>
    <stop arrival="11:58" departure="11:58">Kårtveit Eide butikk</stop>
    <stop arrival="11:59" departure="11:59">Kårtveit Eide kryss</stop>
    <stop arrival="11:59" departure="11:59">Kårtveit (Snekkerbua)</stop>
    <stop arrival="12:00" departure="12:00">Kårtveit (Nymark)</stop>
    <stop arrival="12:01" departure="12:01">Sekkingstad Glattkjøringsbane</stop>
    <stop arrival="12:01" departure="12:01">Sekkingstad (Møyvatn)</stop>
    <stop arrival="12:02" departure="12:02">Sekkingstad (Skjenavatne)</stop>
    <stop arrival="12:02" departure="12:02">Sekkingstad (butikken)</stop>
    <stop arrival="12:03" departure="12:03">Sekkingstad (bakketoppen)</stop>
    <stop arrival="12:03" departure="12:03">Sekkingstad (Lillebø)</stop>
    <stop arrival="12:04" departure="12:04">Sekkingstad (Apalvågen)</stop>
    <stop arrival="12:05" departure="12:05">Algrøy kryss</stop>
    <stop arrival="12:05" departure="12:05">Skålevik skule (Fjell)</stop>
    <stop arrival="12:06" departure="12:06">Skålevik Kuaneset (Fjell)</stop>
    <stop arrival="12:07" departure="12:07">Skålevik stølen (Fjell)</stop>
    <stop arrival="12:08" departure="12:08">Skålevik gravplass (Fjell)</stop>
    <stop arrival="12:09" departure="12:09">Skålevik utmark (Fjell)</stop>
    <stop arrival="12:10" departure="12:10">Møvik, Leirvik</stop>
    <stop arrival="12:10" departure="12:10">Møvik (Fjell)</stop>
    <stop arrival="12:11" departure="12:11">Møvik, Åse kryss</stop>
    <stop arrival="12:12" departure="12:12">Møvik Halsvarden (Fjell)</stop>
    <stop arrival="12:13" departure="12:13">Ytre Ulveseth</stop>
    <stop arrival="12:14" departure="12:14">Ulveseth skule</stop>
    <stop arrival="12:15" departure="12:15">Ulveseth</stop>
    <stop arrival="12:16" departure="12:16">Fjell Litlakvilet</stop>
    <stop arrival="12:17" departure="12:17">Fjell Prestasmauet</stop>
    <stop arrival="12:18" departure="12:18">Fjell Kleivane</stop>
    <stop arrival="12:19" departure="12:19">Fjell kyrkje</stop>
    <stop arrival="12:20" departure="12:20">Fjell</stop>
    <stop arrival="12:20" departure="12:20">Fjell Heljedalen</stop>
    <stop arrival="12:21" departure="12:21">Fjell Blommen</stop>
    <stop arrival="12:27" departure="12:27">Bildøy</stop>
    <stop arrival="12:30" departure="12:30">Straume term.</stop>
    <stop arrival="12:33" departure="12:33">Knarrevik</stop>
    <stop arrival="12:36" departure="12:36">Drotningsvik Rv 555</stop>
    <stop arrival="12:37" departure="12:37">Breivikskiftet</stop>
    <stop arrival="12:40" departure="12:40">Storavatnet term.</stop>
    <stop arrival="12:41" departure="12:41">Frida Fasmer</stop>
    <stop arrival="12:47" departure="12:47">Lyngbø Motorvei R555</stop>
    <stop arrival="12:52" departure="12:52">Møhlenpris v/ Industrihuset</stop>
    <stop arrival="12:54" departure="12:54">Nygårdsgaten</stop>
    <stop arrival="12:55">Bergen Busstasjon</stop>
  </route>
  <route no="465" destination="Bergen Busstasjon" url="http://www.web2051.no/bin/tp/zuginfo.exe/on/982431/329795/496804/79075/1/" trafficDays="kjører">
    <stop departure="11:55" routeNo="465">Ågotnes terminal</stop>
    <stop arrival="11:56" departure="11:56">Kårtveit (gamleskule)</stop>
    <stop arrival="11:57" departure="11:57">Kårtveit Nordli</stop>
    <stop arrival="11:58" departure="11:58">Kårtveit (Fjell)</stop>
    <stop arrival="11:58" departure="11:58">Kårtveit Eide butikk</stop>
    <stop arrival="11:59" departure="11:59">Kårtveit Eide kryss</stop>
    <stop arrival="11:59" departure="11:59">Kårtveit (Snekkerbua)</stop>
    <stop arrival="12:00" departure="12:00">Kårtveit (Nymark)</stop>
    <stop arrival="12:01" departure="12:01">Sekkingstad Glattkjøringsbane</stop>
    <stop arrival="12:01" departure="12:01">Sekkingstad (Møyvatn)</stop>
    <stop arrival="12:02" departure="12:02">Sekkingstad (Skjenavatne)</stop>
    <stop arrival="12:02" departure="12:02">Sekkingstad (butikken)</stop>
    <stop arrival="12:03" departure="12:03">Sekkingstad (bakketoppen)</stop>
    <stop arrival="12:03" departure="12:03">Sekkingstad (Lillebø)</stop>
    <stop arrival="12:04" departure="12:04">Sekkingstad (Apalvågen)</stop>
    <stop arrival="12:05" departure="12:05">Algrøy kryss</stop>
    <stop arrival="12:05" departure="12:05">Skålevik skule (Fjell)</stop>
    <stop arrival="12:06" departure="12:06">Skålevik Kuaneset (Fjell)</stop>
    <stop arrival="12:07" departure="12:07">Skålevik stølen (Fjell)</stop>
    <stop arrival="12:08" departure="12:08">Skålevik gravplass (Fjell)</stop>
    <stop arrival="12:09" departure="12:09">Skålevik utmark (Fjell)</stop>
    <stop arrival="12:10" departure="12:10">Møvik, Leirvik</stop>
    <stop arrival="12:10" departure="12:10">Møvik (Fjell)</stop>
    <stop arrival="12:11" departure="12:11">Møvik, Åse kryss</stop>
    <stop arrival="12:12" departure="12:12">Møvik Halsvarden (Fjell)</stop>
    <stop arrival="12:13" departure="12:13">Ytre Ulveseth</stop>
    <stop arrival="12:14" departure="12:14">Ulveseth skule</stop>
    <stop arrival="12:15" departure="12:15">Ulveseth</stop>
    <stop arrival="12:16" departure="12:16">Fjell Litlakvilet</stop>
    <stop arrival="12:17" departure="12:17">Fjell Prestasmauet</stop>
    <stop arrival="12:18" departure="12:18">Fjell Kleivane</stop>
    <stop arrival="12:19" departure="12:19">Fjell kyrkje</stop>
    <stop arrival="12:20" departure="12:20">Fjell</stop>
    <stop arrival="12:20" departure="12:20">Fjell Heljedalen</stop>
    <stop arrival="12:21" departure="12:21">Fjell Blommen</stop>
    <stop arrival="12:27" departure="12:27">Bildøy</stop>
    <stop arrival="12:30" departure="12:30">Straume term.</stop>
    <stop arrival="12:33" departure="12:33">Knarrevik</stop>
    <stop arrival="12:36" departure="12:36">Drotningsvik Rv 555</stop>
    <stop arrival="12:37" departure="12:37">Breivikskiftet</stop>
    <stop arrival="12:40" departure="12:40">Storavatnet term.</stop>
    <stop arrival="12:41" departure="12:41">Frida Fasmer</stop>
    <stop arrival="12:47" departure="12:47">Lyngbø Motorvei R555</stop>
    <stop arrival="12:52" departure="12:52">Møhlenpris v/ Industrihuset</stop>
    <stop arrival="12:54" departure="12:54">Christies gate (Festplassen)</stop>
    <stop arrival="12:55">Bergen Busstasjon</stop>
  </route>
  <route no="455" destination="Forland kai" url="http://www.web2051.no/bin/tp/zuginfo.exe/on/727989/244825/387924/48701/1/" trafficDays="kjører Lø, ikke 1. Mai">
    <stop departure="12:10" routeNo="455">Bergen Busstasjon</stop>
    <stop arrival="12:11" departure="12:11">Olav Kyrres gate</stop>
    <stop arrival="12:13" departure="12:13">Møhlenpris v/ Industrihuset</stop>
    <stop arrival="12:18" departure="12:18">Lyngbø Motorvei R555</stop>
    <stop arrival="12:24" departure="12:24">Frida Fasmer R555</stop>
    <stop arrival="12:25" departure="12:25">Storavatnet term.</stop>
    <stop arrival="12:27" departure="12:27">Breivikskiftet</stop>
    <stop arrival="12:28" departure="12:28">Drotningsvik Rv 555</stop>
    <stop arrival="12:30" departure="12:30">Knarrevik</stop>
    <stop arrival="12:35" departure="12:35">Straume term.</stop>
    <stop arrival="12:36" departure="12:36">Bildøy</stop>
    <stop arrival="12:39" departure="12:39">Fjell Blommen</stop>
    <stop arrival="12:39" departure="12:39">Fjell Heljedalen</stop>
    <stop arrival="12:40" departure="12:40">Fjell</stop>
    <stop arrival="12:40" departure="12:40">Fjell kyrkje</stop>
    <stop arrival="12:40" departure="12:40">Fjell Leite</stop>
    <stop arrival="12:41" departure="12:41">Fjell Søre</stop>
    <stop arrival="12:41" departure="12:41">Fjell Podlagrinda</stop>
    <stop arrival="12:42" departure="12:42">Fjell Krossleite</stop>
    <stop arrival="12:42" departure="12:42">Fjell søre Krossleite</stop>
    <stop arrival="12:43" departure="12:43">Tellnesskogen</stop>
    <stop arrival="12:44" departure="12:44">Tellnes Bruabrekko</stop>
    <stop arrival="12:45" departure="12:45">Tellnesskiftet</stop>
    <stop arrival="12:45" departure="12:45">Tellnes skule</stop>
    <stop arrival="12:47" departure="12:47">Dala (Fjell)</stop>
    <stop arrival="12:47" departure="12:47">Dala (Fjell)</stop>
    <stop arrival="12:48" departure="12:48">Dalseide (Fjell)</stop>
    <stop arrival="12:53" departure="12:53">Trengereid Slettebakken (Fjell</stop>
    <stop arrival="12:54" departure="12:54">Trengereid (Fjell)</stop>
    <stop arrival="12:55" departure="12:55">Skogsskiftet term.</stop>
    <stop arrival="12:56" departure="12:56">Skogsskiftet Midtstegen</stop>
    <stop arrival="12:57" departure="12:57">Skoge (Sund)</stop>
    <stop arrival="12:58" departure="12:58">Skoge Kvalvågen (Sund)</stop>
    <stop arrival="13:00" departure="13:00">Sangoltskiftet</stop>
    <stop arrival="13:01" departure="13:01">Skogsvåg Aurabekken</stop>
    <stop arrival="13:01" departure="13:01">Skogsvåg Dommedalen</stop>
    <stop arrival="13:02" departure="13:02">Skogsvåg Oppedal</stop>
    <stop arrival="13:03" departure="13:03">Sundskogen</stop>
    <stop arrival="13:04" departure="13:04">Klokkarvik Stølen</stop>
    <stop arrival="13:05" departure="13:05">Klokkarvik Kyrkjevegen</stop>
    <stop arrival="13:05" departure="13:05">Klokkarvik</stop>
    <stop arrival="13:05" departure="13:05">Klokkarvik Limavåg</stop>
    <stop arrival="13:06" departure="13:06">Klokkarvik Sund barneskule</stop>
    <stop arrival="13:06" departure="13:06">Klokkarvik Børnes</stop>
    <stop arrival="13:07" departure="13:07">Førde Stauradalen (Sund)</stop>
    <stop arrival="13:07" departure="13:07">Førde (Sund)</stop>
    <stop arrival="13:08" departure="13:08">Førde Melkevik (Sund)</stop>
    <stop arrival="13:09" departure="13:09">Førdestraumen (Sund)</stop>
    <stop arrival="13:09" departure="13:09">Førdestraumen sør (Sund)</stop>
    <stop arrival="13:09" departure="13:09">Høyland grustaket (Sund)</stop>
    <stop arrival="13:10" departure="13:10">Høyland (Sund)</stop>
    <stop arrival="13:11" departure="13:11">Høyland Bakeriet (Sund)</stop>
    <stop arrival="13:11" departure="13:11">Kleppevik (Sund)</stop>
    <stop arrival="13:12" departure="13:12">Kleppe (Sund)</stop>
    <stop arrival="13:12" departure="13:12">Kleppe barnehage (Sund)</stop>
    <stop arrival="13:13" departure="13:13">Kleppe utmark (Sund)</stop>
    <stop arrival="13:15" departure="13:15">Forlandskiftet</stop>
    <stop arrival="13:15" departure="13:15">Stranda Skole</stop>
    <stop arrival="13:16" departure="13:16">Forlandskiftet</stop>
    <stop arrival="13:17" departure="13:17">Forland Kleiva</stop>
    <stop arrival="13:18" departure="13:18">Forland Bedhus</stop>
    <stop arrival="13:20">Forland kai</stop>
  </route>
  <route no="465" destination="Ågotnes terminal" url="http://www.web2051.no/bin/tp/zuginfo.exe/on/52404/19759/975518/470291/1/" trafficDays="kjører Ma - Fr, ikke 13., 17., 24. Mai">
    <stop departure="12:35" routeNo="465">Straume term.</stop>
    <stop arrival="12:37" departure="12:37">Bildøy</stop>
    <stop arrival="12:41" departure="12:41">Fjell Blommen</stop>
    <stop arrival="12:41" departure="12:41">Fjell Heljedalen</stop>
    <stop arrival="12:42" departure="12:42">Fjell</stop>
    <stop arrival="12:42" departure="12:42">Fjell kyrkje</stop>
    <stop arrival="12:43" departure="12:43">Fjell Kleivane</stop>
    <stop arrival="12:44" departure="12:44">Fjell Prestasmauet</stop>
    <stop arrival="12:44" departure="12:44">Fjell Litlakvilet</stop>
    <stop arrival="12:45" departure="12:45">Ulveseth</stop>
    <stop arrival="12:46" departure="12:46">Ulveseth skule</stop>
    <stop arrival="12:46" departure="12:46">Ytre Ulveseth</stop>
    <stop arrival="12:47" departure="12:47">Møvik Halsvarden (Fjell)</stop>
    <stop arrival="12:48" departure="12:48">Møvik, Åse kryss</stop>
    <stop arrival="12:49" departure="12:49">Møvik (Fjell)</stop>
    <stop arrival="12:49" departure="12:49">Møvik, Leirvik</stop>
    <stop arrival="12:50" departure="12:50">Skålevik utmark (Fjell)</stop>
    <stop arrival="12:51" departure="12:51">Skålevik gravplass (Fjell)</stop>
    <stop arrival="12:51" departure="12:51">Skålevik stølen (Fjell)</stop>
    <stop arrival="12:52" departure="12:52">Skålevik Kuaneset (Fjell)</stop>
    <stop arrival="12:53" departure="12:53">Skålevik skule (Fjell)</stop>
    <stop arrival="12:53" departure="12:53">Algrøy kryss</stop>
    <stop arrival="12:54" departure="12:54">Sekkingstad (Apalvågen)</stop>
    <stop arrival="12:55" departure="12:55">Sekkingstad (Lillebø)</stop>
    <stop arrival="12:55" departure="12:55">Sekkingstad (bakketoppen)</stop>
    <stop arrival="12:56" departure="12:56">Sekkingstad (butikken)</stop>
    <stop arrival="12:57" departure="12:57">Sekkingstad (Skjenavatne)</stop>
    <stop arrival="12:57" departure="12:57">Sekkingstad (Møyvatn)</stop>
    <stop arrival="12:58" departure="12:58">Sekkingstad Glattkjøringsbane</stop>
    <stop arrival="12:59" departure="12:59">Kårtveit (Nymark)</stop>
    <stop arrival="13:00" departure="13:00">Kårtveit (Snekkerbua)</stop>
    <stop arrival="13:01" departure="13:01">Kårtveit Eide kryss</stop>
    <stop arrival="13:01" departure="13:01">Kårtveit Eide butikk</stop>
    <stop arrival="13:02" departure="13:02">Kårtveit (Fjell)</stop>
    <stop arrival="13:02" departure="13:02">Kårtveit Nordli</stop>
    <stop arrival="13:04" departure="13:04">Kårtveit (gamleskule)</stop>
    <stop arrival="13:05">Ågotnes terminal</stop>
  </route>
  <route no="455" destination="Straume term." url="http://www.web2051.no/bin/tp/zuginfo.exe/on/730773/245741/774142/143480/1/" trafficDays="kjører Ma - Fr, ikke 13., 17., 24. Mai">
    <stop departure="12:07" routeNo="455">Stranda Skole</stop>
    <stop arrival="12:07" departure="12:07">Forlandskiftet</stop>
    <stop arrival="12:09" departure="12:09">Kleppe utmark (Sund)</stop>
    <stop arrival="12:10" departure="12:10">Kleppe barnehage (Sund)</stop>
    <stop arrival="12:10" departure="12:10">Kleppe (Sund)</stop>
    <stop arrival="12:11" departure="12:11">Kleppevik (Sund)</stop>
    <stop arrival="12:11" departure="12:11">Høyland Bakeriet (Sund)</stop>
    <stop arrival="12:12" departure="12:12">Høyland (Sund)</stop>
    <stop arrival="12:13" departure="12:13">Høyland grustaket (Sund)</stop>
    <stop arrival="12:14" departure="12:14">Førdestraumen sør (Sund)</stop>
    <stop arrival="12:14" departure="12:14">Førdestraumen (Sund)</stop>
    <stop arrival="12:15" departure="12:15">Førde Melkevik (Sund)</stop>
    <stop arrival="12:16" departure="12:16">Førde (Sund)</stop>
    <stop arrival="12:17" departure="12:17">Førde Stauradalen (Sund)</stop>
    <stop arrival="12:18" departure="12:18">Klokkarvik Børnes</stop>
    <stop arrival="12:19" departure="12:19">Klokkarvik Sund barneskule</stop>
    <stop arrival="12:19" departure="12:19">Klokkarvik Limavåg</stop>
    <stop arrival="12:20" departure="12:20">Klokkarvik</stop>
    <stop arrival="12:21" departure="12:21">Klokkarvik Kyrkjevegen</stop>
    <stop arrival="12:21" departure="12:21">Klokkarvik Stølen</stop>
    <stop arrival="12:21" departure="12:21">Klokkarvik Laksen</stop>
    <stop arrival="12:22" departure="12:22">Sundskogen</stop>
    <stop arrival="12:23" departure="12:23">Skogsvåg Oppedal</stop>
    <stop arrival="12:24" departure="12:24">Skogsvåg Dommedalen</stop>
    <stop arrival="12:25" departure="12:25">Skogsvåg Aurabekken</stop>
    <stop arrival="12:25" departure="12:25">Sangoltskiftet</stop>
    <stop arrival="12:27" departure="12:27">Skogsvåg gamle skule</stop>
    <stop arrival="12:31" departure="12:31">Skoge Kvalvågen (Sund)</stop>
    <stop arrival="12:34" departure="12:34">Skoge (Sund)</stop>
    <stop arrival="12:36" departure="12:36">Skogsskiftet Midtstegen</stop>
    <stop arrival="12:38" departure="12:38">Skogsskiftet Hald Stadion</stop>
    <stop arrival="12:40" departure="12:40">Skogsskiftet term.</stop>
    <stop arrival="12:41" departure="12:41">Trengereid (Fjell)</stop>
    <stop arrival="12:41" departure="12:41">Trengereid Slettebakken (Fjell</stop>
    <stop arrival="12:43" departure="12:43">Dalseide (Fjell)</stop>
    <stop arrival="12:44" departure="12:44">Dala (Fjell)</stop>
    <stop arrival="12:44" departure="12:44">Dala (Fjell)</stop>
    <stop arrival="12:45" departure="12:45">Tellnes skule</stop>
    <stop arrival="12:45" departure="12:45">Tellnesskiftet</stop>
    <stop arrival="12:46" departure="12:46">Tellnes Bruabrekko</stop>
    <stop arrival="12:47" departure="12:47">Tellnesskogen</stop>
    <stop arrival="12:48" departure="12:48">Fjell søre Krossleite</stop>
    <stop arrival="12:48" departure="12:48">Fjell Krossleite</stop>
    <stop arrival="12:49" departure="12:49">Fjell Podlagrinda</stop>
    <stop arrival="12:49" departure="12:49">Fjell Søre</stop>
    <stop arrival="12:50" departure="12:50">Fjell Leite</stop>
    <stop arrival="12:50" departure="12:50">Fjell kyrkje</stop>
    <stop arrival="12:50" departure="12:50">Fjell</stop>
    <stop arrival="12:51" departure="12:51">Fjell Heljedalen</stop>
    <stop arrival="12:52" departure="12:52">Fjell Blommen</stop>
    <stop arrival="12:58" departure="12:58">Bildøy</stop>
    <stop arrival="13:00">Straume term.</stop>
  </route>
  <route no="459" destination="Bergen Busstasjon" url="http://www.web2051.no/bin/tp/zuginfo.exe/on/229899/78878/955060/400897/1/" trafficDays="kjører Lø, ikke 1. Mai">
    <stop departure="12:05" routeNo="459">Tælavåg snuplass</stop>
    <stop arrival="12:05" departure="12:05">Tælavåg Øvretveit</stop>
    <stop arrival="12:06" departure="12:06">Tælavåg Øvretveit (brekko)</stop>
    <stop arrival="12:06" departure="12:06">Tælavåg Midttveit</stop>
    <stop arrival="12:07" departure="12:07">Tælavåg skule</stop>
    <stop arrival="12:07" departure="12:07">Tælavåg Telle</stop>
    <stop arrival="12:07" departure="12:07">Tælavåg bedehus</stop>
    <stop arrival="12:08" departure="12:08">Tælavåg Nipa</stop>
    <stop arrival="12:08" departure="12:08">Tælavåg Nipa byggefelt</stop>
    <stop arrival="12:09" departure="12:09">Tælavåg Museum (Idrettsplass)</stop>
    <stop arrival="12:09" departure="12:09">Tælavåg Sælstø</stop>
    <stop arrival="12:11" departure="12:11">Tælavåg gravplass</stop>
    <stop arrival="12:12" departure="12:12">Asphaug</stop>
    <stop arrival="12:14" departure="12:14">Spildepollen</stop>
    <stop arrival="12:15" departure="12:15">Kausland Sund Auto</stop>
    <stop arrival="12:15" departure="12:15">Kausland industri</stop>
    <stop arrival="12:16" departure="12:16">Kausland (brekko)</stop>
    <stop arrival="12:16" departure="12:16">Kausland gard</stop>
    <stop arrival="12:17" departure="12:17">Kausland kyrkje</stop>
    <stop arrival="12:17" departure="12:17">Kausland (Lunde)</stop>
    <stop arrival="12:18" departure="12:18">Glesnes Skule</stop>
    <stop arrival="12:19" departure="12:19">Glesvær (Elva)</stop>
    <stop arrival="12:19" departure="12:19">Glesvær (Slettebergsmauget)</stop>
    <stop arrival="12:20" departure="12:20">Glesvær (Vollakrysset)</stop>
    <stop arrival="12:20" departure="12:20">Glesvær snuplass</stop>
    <stop arrival="12:20" departure="12:20">Glesvær (Vollakrysset)</stop>
    <stop arrival="12:21" departure="12:21">Glesvær (Slettebergsmauget)</stop>
    <stop arrival="12:21" departure="12:21">Glesvær (Elva)</stop>
    <stop arrival="12:22" departure="12:22">Glesnes Skule</stop>
    <stop arrival="12:24" departure="12:24">Kausland (Lunde)</stop>
    <stop arrival="12:24" departure="12:24">Kausland kyrkje</stop>
    <stop arrival="12:24" departure="12:24">Kausland gard</stop>
    <stop arrival="12:25" departure="12:25">Kausland (brekko)</stop>
    <stop arrival="12:25" departure="12:25">Kausland industri</stop>
    <stop arrival="12:26" departure="12:26">Kausland Sund Auto</stop>
    <stop arrival="12:27" departure="12:27">Spildepollen</stop>
    <stop arrival="12:28" departure="12:28">Kårevik</stop>
    <stop arrival="12:28" departure="12:28">Kårevik</stop>
    <stop arrival="12:29" departure="12:29">Pollen skule</stop>
    <stop arrival="12:30" departure="12:30">Eidesjøen</stop>
    <stop arrival="12:32" departure="12:32">Eidesjøen Tveitaneset</stop>
    <stop arrival="12:34" departure="12:34">Hammersland (Sund)</stop>
    <stop arrival="12:35" departure="12:35">Hammersland (Sund)</stop>
    <stop arrival="12:40" departure="12:40">Skogsskiftet term.</stop>
    <stop arrival="12:41" departure="12:41">Trengereid (Fjell)</stop>
    <stop arrival="12:41" departure="12:41">Trengereid Slettebakken (Fjell</stop>
    <stop arrival="12:43" departure="12:43">Dalseide (Fjell)</stop>
    <stop arrival="12:44" departure="12:44">Dala (Fjell)</stop>
    <stop arrival="12:44" departure="12:44">Dala (Fjell)</stop>
    <stop arrival="12:45" departure="12:45">Tellnes skule</stop>
    <stop arrival="12:45" departure="12:45">Tellnesskiftet</stop>
    <stop arrival="12:46" departure="12:46">Tellnes Bruabrekko</stop>
    <stop arrival="12:47" departure="12:47">Tellnesskogen</stop>
    <stop arrival="12:48" departure="12:48">Fjell søre Krossleite</stop>
    <stop arrival="12:48" departure="12:48">Fjell Krossleite</stop>
    <stop arrival="12:49" departure="12:49">Fjell Podlagrinda</stop>
    <stop arrival="12:49" departure="12:49">Fjell Søre</stop>
    <stop arrival="12:50" departure="12:50">Fjell Leite</stop>
    <stop arrival="12:50" departure="12:50">Fjell kyrkje</stop>
    <stop arrival="12:50" departure="12:50">Fjell</stop>
    <stop arrival="12:51" departure="12:51">Fjell Heljedalen</stop>
    <stop arrival="12:52" departure="12:52">Fjell Blommen</stop>
    <stop arrival="12:58" departure="12:58">Bildøy</stop>
    <stop arrival="13:00" departure="13:00">Straume term.</stop>
    <stop arrival="13:03" departure="13:03">Knarrevik</stop>
    <stop arrival="13:06" departure="13:06">Drotningsvik Rv 555</stop>
    <stop arrival="13:07" departure="13:07">Breivikskiftet</stop>
    <stop arrival="13:10" departure="13:10">Storavatnet term.</stop>
    <stop arrival="13:11" departure="13:11">Frida Fasmer</stop>
    <stop arrival="13:17" departure="13:17">Lyngbø Motorvei R555</stop>
    <stop arrival="13:22" departure="13:22">Møhlenpris v/ Industrihuset</stop>
    <stop arrival="13:24" departure="13:24">Nygårdsgaten</stop>
    <stop arrival="13:25">Bergen Busstasjon</stop>
  </route>
  <route no="459" destination="Bergen Busstasjon" url="http://www.web2051.no/bin/tp/zuginfo.exe/on/630660/212466/676432/127996/1/" trafficDays="kjører">
    <stop departure="12:05" routeNo="459">Tælavåg snuplass</stop>
    <stop arrival="12:05" departure="12:05">Tælavåg Øvretveit</stop>
    <stop arrival="12:06" departure="12:06">Tælavåg Øvretveit (brekko)</stop>
    <stop arrival="12:06" departure="12:06">Tælavåg Midttveit</stop>
    <stop arrival="12:07" departure="12:07">Tælavåg skule</stop>
    <stop arrival="12:07" departure="12:07">Tælavåg Telle</stop>
    <stop arrival="12:07" departure="12:07">Tælavåg bedehus</stop>
    <stop arrival="12:08" departure="12:08">Tælavåg Nipa</stop>
    <stop arrival="12:08" departure="12:08">Tælavåg Nipa byggefelt</stop>
    <stop arrival="12:09" departure="12:09">Tælavåg Museum (Idrettsplass)</stop>
    <stop arrival="12:09" departure="12:09">Tælavåg Sælstø</stop>
    <stop arrival="12:11" departure="12:11">Tælavåg gravplass</stop>
    <stop arrival="12:12" departure="12:12">Asphaug</stop>
    <stop arrival="12:14" departure="12:14">Spildepollen</stop>
    <stop arrival="12:15" departure="12:15">Kausland Sund Auto</stop>
    <stop arrival="12:15" departure="12:15">Kausland industri</stop>
    <stop arrival="12:16" departure="12:16">Kausland (brekko)</stop>
    <stop arrival="12:16" departure="12:16">Kausland gard</stop>
    <stop arrival="12:17" departure="12:17">Kausland kyrkje</stop>
    <stop arrival="12:17" departure="12:17">Kausland (Lunde)</stop>
    <stop arrival="12:18" departure="12:18">Glesnes Skule</stop>
    <stop arrival="12:19" departure="12:19">Glesvær (Elva)</stop>
    <stop arrival="12:19" departure="12:19">Glesvær (Slettebergsmauget)</stop>
    <stop arrival="12:20" departure="12:20">Glesvær (Vollakrysset)</stop>
    <stop arrival="12:20" departure="12:20">Glesvær snuplass</stop>
    <stop arrival="12:20" departure="12:20">Glesvær (Vollakrysset)</stop>
    <stop arrival="12:21" departure="12:21">Glesvær (Slettebergsmauget)</stop>
    <stop arrival="12:21" departure="12:21">Glesvær (Elva)</stop>
    <stop arrival="12:22" departure="12:22">Glesnes Skule</stop>
    <stop arrival="12:24" departure="12:24">Kausland (Lunde)</stop>
    <stop arrival="12:24" departure="12:24">Kausland kyrkje</stop>
    <stop arrival="12:24" departure="12:24">Kausland gard</stop>
    <stop arrival="12:25" departure="12:25">Kausland (brekko)</stop>
    <stop arrival="12:25" departure="12:25">Kausland industri</stop>
    <stop arrival="12:26" departure="12:26">Kausland Sund Auto</stop>
    <stop arrival="12:27" departure="12:27">Spildepollen</stop>
    <stop arrival="12:28" departure="12:28">Kårevik</stop>
    <stop arrival="12:28" departure="12:28">Kårevik</stop>
    <stop arrival="12:29" departure="12:29">Pollen skule</stop>
    <stop arrival="12:30" departure="12:30">Eidesjøen</stop>
    <stop arrival="12:32" departure="12:32">Eidesjøen Tveitaneset</stop>
    <stop arrival="12:34" departure="12:34">Hammersland (Sund)</stop>
    <stop arrival="12:35" departure="12:35">Hammersland (Sund)</stop>
    <stop arrival="12:40" departure="12:40">Skogsskiftet term.</stop>
    <stop arrival="12:41" departure="12:41">Trengereid (Fjell)</stop>
    <stop arrival="12:41" departure="12:41">Trengereid Slettebakken (Fjell</stop>
    <stop arrival="12:43" departure="12:43">Dalseide (Fjell)</stop>
    <stop arrival="12:44" departure="12:44">Dala (Fjell)</stop>
    <stop arrival="12:44" departure="12:44">Dala (Fjell)</stop>
    <stop arrival="12:45" departure="12:45">Tellnes skule</stop>
    <stop arrival="12:45" departure="12:45">Tellnesskiftet</stop>
    <stop arrival="12:46" departure="12:46">Tellnes Bruabrekko</stop>
    <stop arrival="12:47" departure="12:47">Tellnesskogen</stop>
    <stop arrival="12:48" departure="12:48">Fjell søre Krossleite</stop>
    <stop arrival="12:48" departure="12:48">Fjell Krossleite</stop>
    <stop arrival="12:49" departure="12:49">Fjell Podlagrinda</stop>
    <stop arrival="12:49" departure="12:49">Fjell Søre</stop>
    <stop arrival="12:50" departure="12:50">Fjell Leite</stop>
    <stop arrival="12:50" departure="12:50">Fjell kyrkje</stop>
    <stop arrival="12:50" departure="12:50">Fjell</stop>
    <stop arrival="12:51" departure="12:51">Fjell Heljedalen</stop>
    <stop arrival="12:52" departure="12:52">Fjell Blommen</stop>
    <stop arrival="12:58" departure="12:58">Bildøy</stop>
    <stop arrival="13:00" departure="13:00">Straume term.</stop>
    <stop arrival="13:03" departure="13:03">Knarrevik</stop>
    <stop arrival="13:06" departure="13:06">Drotningsvik Rv 555</stop>
    <stop arrival="13:07" departure="13:07">Breivikskiftet</stop>
    <stop arrival="13:10" departure="13:10">Storavatnet term.</stop>
    <stop arrival="13:11" departure="13:11">Frida Fasmer</stop>
    <stop arrival="13:17" departure="13:17">Lyngbø Motorvei R555</stop>
    <stop arrival="13:22" departure="13:22">Møhlenpris v/ Industrihuset</stop>
    <stop arrival="13:24" departure="13:24">Christies gate (Festplassen)</stop>
    <stop arrival="13:25">Bergen Busstasjon</stop>
  </route>
  <route no="465" destination="Straume term." url="http://www.web2051.no/bin/tp/zuginfo.exe/on/307152/104684/468998/132116/1/" trafficDays="kjører Ma - Fr, ikke 13., 17., 24. Mai">
    <stop departure="12:25" routeNo="465">Ågotnes terminal</stop>
    <stop arrival="12:26" departure="12:26">Kårtveit (gamleskule)</stop>
    <stop arrival="12:27" departure="12:27">Kårtveit Nordli</stop>
    <stop arrival="12:28" departure="12:28">Kårtveit (Fjell)</stop>
    <stop arrival="12:28" departure="12:28">Kårtveit Eide butikk</stop>
    <stop arrival="12:29" departure="12:29">Kårtveit Eide kryss</stop>
    <stop arrival="12:29" departure="12:29">Kårtveit (Snekkerbua)</stop>
    <stop arrival="12:30" departure="12:30">Kårtveit (Nymark)</stop>
    <stop arrival="12:31" departure="12:31">Sekkingstad Glattkjøringsbane</stop>
    <stop arrival="12:31" departure="12:31">Sekkingstad (Møyvatn)</stop>
    <stop arrival="12:32" departure="12:32">Sekkingstad (Skjenavatne)</stop>
    <stop arrival="12:32" departure="12:32">Sekkingstad (butikken)</stop>
    <stop arrival="12:33" departure="12:33">Sekkingstad (bakketoppen)</stop>
    <stop arrival="12:33" departure="12:33">Sekkingstad (Lillebø)</stop>
    <stop arrival="12:34" departure="12:34">Sekkingstad (Apalvågen)</stop>
    <stop arrival="12:35" departure="12:35">Algrøy kryss</stop>
    <stop arrival="12:35" departure="12:35">Skålevik skule (Fjell)</stop>
    <stop arrival="12:36" departure="12:36">Skålevik Kuaneset (Fjell)</stop>
    <stop arrival="12:37" departure="12:37">Skålevik stølen (Fjell)</stop>
    <stop arrival="12:38" departure="12:38">Skålevik gravplass (Fjell)</stop>
    <stop arrival="12:39" departure="12:39">Skålevik utmark (Fjell)</stop>
    <stop arrival="12:40" departure="12:40">Møvik, Leirvik</stop>
    <stop arrival="12:40" departure="12:40">Møvik (Fjell)</stop>
    <stop arrival="12:41" departure="12:41">Møvik, Åse kryss</stop>
    <stop arrival="12:42" departure="12:42">Møvik Halsvarden (Fjell)</stop>
    <stop arrival="12:43" departure="12:43">Ytre Ulveseth</stop>
    <stop arrival="12:44" departure="12:44">Ulveseth skule</stop>
    <stop arrival="12:45" departure="12:45">Ulveseth</stop>
    <stop arrival="12:46" departure="12:46">Fjell Litlakvilet</stop>
    <stop arrival="12:47" departure="12:47">Fjell Prestasmauet</stop>
    <stop arrival="12:48" departure="12:48">Fjell Kleivane</stop>
    <stop arrival="12:49" departure="12:49">Fjell kyrkje</stop>
    <stop arrival="12:50" departure="12:50">Fjell</stop>
    <stop arrival="12:50" departure="12:50">Fjell Heljedalen</stop>
    <stop arrival="12:51" departure="12:51">Fjell Blommen</stop>
    <stop arrival="12:57" departure="12:57">Bildøy</stop>
    <stop arrival="13:00">Straume term.</stop>
  </route>
  <route no="466" destination="Straume term." url="http://www.web2051.no/bin/tp/zuginfo.exe/on/254373/87136/16772/76406/1/" trafficDays="kjører Ma - Fr, ikke 13., 17., 24. Mai">
    <stop departure="12:30" routeNo="466">Ekeren snuplass</stop>
    <stop arrival="12:31" departure="12:31">Ekeren sør</stop>
    <stop arrival="12:31" departure="12:31">Ekeren nord</stop>
    <stop arrival="12:32" departure="12:32">Nordvik gard (Fjell)</stop>
    <stop arrival="12:34" departure="12:34">Nesse Gjerde (Fjell)</stop>
    <stop arrival="12:34" departure="12:34">Nesse gard (Fjell)</stop>
    <stop arrival="12:35" departure="12:35">Nesse (Fjell)</stop>
    <stop arrival="12:35" departure="12:35">Nesse snuplass (Fjell)</stop>
    <stop arrival="12:35" departure="12:35">Nesse (Fjell)</stop>
    <stop arrival="12:36" departure="12:36">Nesse gard (Fjell)</stop>
    <stop arrival="12:37" departure="12:37">Nesse Gjerde (Fjell)</stop>
    <stop arrival="12:38" departure="12:38">Nordvik kryss (Fjell)</stop>
    <stop arrival="12:39" departure="12:39">Ulveset Hovdane</stop>
    <stop arrival="12:41" departure="12:41">Ulveseth Tveita</stop>
    <stop arrival="12:43" departure="12:43">Ulveseth gard</stop>
    <stop arrival="12:44" departure="12:44">Ulveseth skule</stop>
    <stop arrival="12:45" departure="12:45">Ulveseth</stop>
    <stop arrival="12:46" departure="12:46">Fjell Litlakvilet</stop>
    <stop arrival="12:47" departure="12:47">Fjell Prestasmauet</stop>
    <stop arrival="12:48" departure="12:48">Fjell Kleivane</stop>
    <stop arrival="12:49" departure="12:49">Fjell kyrkje</stop>
    <stop arrival="12:50" departure="12:50">Fjell</stop>
    <stop arrival="12:50" departure="12:50">Fjell Heljedalen</stop>
    <stop arrival="12:51" departure="12:51">Fjell Blommen</stop>
    <stop arrival="12:57" departure="12:57">Bildøy</stop>
    <stop arrival="13:00">Straume term.</stop>
  </route>
</routes>
