<?xml version="1.0" encoding="UTF-8"?>
<routes>
  <route no="45" destination="Straume term." url="http://www.web2051.no/bin/tp/zuginfo.exe/on/664260/223060/325030/58905/1/" trafficDays="kjører Ma - Fr, ikke 13., 17., 24. Mai">
    <stop departure="12:15" routeNo="45">Flesland Flyplass</stop>
    <stop arrival="12:16" departure="12:16">Liland (Flyplassvegen)</stop>
    <stop arrival="12:18" departure="12:18">Birkelandskrysset Terminal</stop>
    <stop arrival="12:20" departure="12:20">Scandic</stop>
    <stop arrival="12:20" departure="12:20">Nera</stop>
    <stop arrival="12:21" departure="12:21">BKK , Kokstad</stop>
    <stop arrival="12:21" departure="12:21">Kokstad Bilhandel</stop>
    <stop arrival="12:22" departure="12:22">Birkelandsflaten</stop>
    <stop arrival="12:22" departure="12:22">Birkelandsflaten</stop>
    <stop arrival="12:22" departure="12:22">Sandslislusen</stop>
    <stop arrival="12:23" departure="12:23">Sandslisnuplass</stop>
    <stop arrival="12:23" departure="12:23">Sandsligården</stop>
    <stop arrival="12:24" departure="12:24">Statoil (Sandsli)</stop>
    <stop arrival="12:25" departure="12:25">Statoil stasjon Sandsli</stop>
    <stop arrival="12:26" departure="12:26">Hydro Sandsli</stop>
    <stop arrival="12:27" departure="12:27">Petedalsheia</stop>
    <stop arrival="12:28" departure="12:28">Fanatorget</stop>
    <stop arrival="12:30" departure="12:30">Regnbueåsen</stop>
    <stop arrival="12:32" departure="12:32">Skranevegen</stop>
    <stop arrival="12:32" departure="12:32">Grimstadskiftet</stop>
    <stop arrival="12:32" departure="12:32">Søreide skole</stop>
    <stop arrival="12:33" departure="12:33">Søreide v/Hydrostasjonen</stop>
    <stop arrival="12:34" departure="12:34">Straume bro</stop>
    <stop arrival="12:35" departure="12:35">Sementbroen</stop>
    <stop arrival="12:37" departure="12:37">Sandeidet barnehage</stop>
    <stop arrival="12:37" departure="12:37">Sandeidbråtet</stop>
    <stop arrival="12:38" departure="12:38">Bjørge</stop>
    <stop arrival="12:39" departure="12:39">Kjerreidviken</stop>
    <stop arrival="12:40" departure="12:40">Bjørndalsskogen</stop>
    <stop arrival="12:41" departure="12:41">Sætermyr</stop>
    <stop arrival="12:42" departure="12:42">Ravnestølen</stop>
    <stop arrival="12:43" departure="12:43">Bjørndalstræ R557</stop>
    <stop arrival="12:45" departure="12:45">Loddefjord term.</stop>
    <stop arrival="12:47" departure="12:47">Loddefjorddalen</stop>
    <stop arrival="12:48" departure="12:48">Frida Fasmer</stop>
    <stop arrival="12:49" departure="12:49">Frida Fasmer R555</stop>
    <stop arrival="12:50" departure="12:50">Storavatnet term.</stop>
    <stop arrival="12:52" departure="12:52">Breivikskiftet</stop>
    <stop arrival="12:54" departure="12:54">Drotningsvik Rv 555</stop>
    <stop arrival="12:56" departure="12:56">Knarrevik</stop>
    <stop arrival="13:00">Straume term.</stop>
  </route>
  <route no="523" destination="Flesland snuplass" url="http://www.web2051.no/bin/tp/zuginfo.exe/on/24381/13418/79682/31715/1/" trafficDays="kjører Ma - Fr, ikke 13., 17., 24. Mai">
    <stop departure="12:20" routeNo="523">Birkelandskrysset Terminal</stop>
    <stop arrival="12:20" departure="12:20">Kokstadskiftet</stop>
    <stop arrival="12:21" departure="12:21">Liland (Flyplassvegen)</stop>
    <stop arrival="12:22" departure="12:22">Flesland Flyplass</stop>
    <stop arrival="12:23" departure="12:23">Lønningen (Fana)</stop>
    <stop arrival="12:23" departure="12:23">Liland (Fana)</stop>
    <stop arrival="12:24" departure="12:24">Liland skole</stop>
    <stop arrival="12:25" departure="12:25">Blomsterdalen</stop>
    <stop arrival="12:26" departure="12:26">Grana</stop>
    <stop arrival="12:28" departure="12:28">Nobi</stop>
    <stop arrival="12:29" departure="12:29">Sommerleiren</stop>
    <stop arrival="12:31" departure="12:31">Slettenskiftet</stop>
    <stop arrival="12:33" departure="12:33">Flesland gård</stop>
    <stop arrival="12:34" departure="12:34">Flesland bruktjern</stop>
    <stop arrival="12:34" departure="12:34">Flesland</stop>
    <stop arrival="12:35">Flesland snuplass</stop>
  </route>
  <route no="409" destination="Flesland kai" url="http://www.web2051.no/bin/tp/zuginfo.exe/on/994791/331605/769274/53040/1/" trafficDays="kjører">
    <stop departure="12:55" routeNo="409">Flesland Flyplass</stop>
    <stop arrival="13:02">Flesland kai</stop>
  </route>
</routes>
