<?xml version="1.0" encoding="UTF-8"?>
<routes>
  <route no="625" destination="Tøsdalskiftet" url="http://www.web2051.no/bin/tp/zuginfo.exe/on/422508/146670/374112/46220/1/" trafficDays="kjører On">
    <stop departure="12:00" routeNo="625">Rød (Lønningdal, Os)</stop>
    <stop arrival="12:01" departure="12:01">Gjemdal</stop>
    <stop arrival="12:01" departure="12:01">Spannstegen</stop>
    <stop arrival="12:02" departure="12:02">Tveit (Hegglandsdalen)</stop>
    <stop arrival="12:03" departure="12:03">Hegglandsdalen skule</stop>
    <stop arrival="12:04" departure="12:04">Handelslaget (Hegglandsdalen)</stop>
    <stop arrival="12:04" departure="12:04">Hegglandsdalen Ungdomshuset</stop>
    <stop arrival="12:05" departure="12:05">Eidskiftet</stop>
    <stop arrival="12:06" departure="12:06">Heggland (Os)</stop>
    <stop arrival="12:06" departure="12:06">Heggland (Os)</stop>
    <stop arrival="12:07" departure="12:07">Heggland (Os)</stop>
    <stop arrival="12:08" departure="12:08">Reset (Haugland, Os)</stop>
    <stop arrival="12:09" departure="12:09">Lien (Hauge, Os)</stop>
    <stop arrival="12:09" departure="12:09">Valla (Os)</stop>
    <stop arrival="12:10" departure="12:10">Valla Bro (Os)</stop>
    <stop arrival="12:11" departure="12:11">Lyssand</stop>
    <stop arrival="12:12" departure="12:12">Hauge  (Os)</stop>
    <stop arrival="12:13" departure="12:13">Solstrandveg</stop>
    <stop arrival="12:15" departure="12:15">Os - Osøyro</stop>
    <stop arrival="12:16" departure="12:16">Fjellheim</stop>
    <stop arrival="12:17" departure="12:17">Kuven</stop>
    <stop arrival="12:18" departure="12:18">Flåten (Os)</stop>
    <stop arrival="12:19" departure="12:19">Flåten Senter</stop>
    <stop arrival="12:20">Tøsdalskiftet</stop>
  </route>
  <route no="625" destination="Solbjørg snuplass" url="http://www.web2051.no/bin/tp/zuginfo.exe/on/145509/54338/108930/5962/1/" trafficDays="kjører Ma, On, Fr, ikke 17., 24. Mai">
    <stop departure="12:15" routeNo="625">Os - Osøyro</stop>
    <stop arrival="12:17" departure="12:17">Solstrandveg</stop>
    <stop arrival="12:18" departure="12:18">Hauge (Os)</stop>
    <stop arrival="12:18" departure="12:18">Lyssand</stop>
    <stop arrival="12:19" departure="12:19">Valla Bro (Os)</stop>
    <stop arrival="12:20" departure="12:20">Valla (Os)</stop>
    <stop arrival="12:21" departure="12:21">Lien (Hauge, Os)</stop>
    <stop arrival="12:22" departure="12:22">Reset (Haugland, Os)</stop>
    <stop arrival="12:23" departure="12:23">Heggland (Os)</stop>
    <stop arrival="12:24" departure="12:24">Heggland (Os)</stop>
    <stop arrival="12:24" departure="12:24">Heggland (Os)</stop>
    <stop arrival="12:25" departure="12:25">Eidskiftet</stop>
    <stop arrival="12:26" departure="12:26">Hegglandsdalen Ungdomshuset</stop>
    <stop arrival="12:26" departure="12:26">Handelslaget (Hegglandsdalen)</stop>
    <stop arrival="12:27" departure="12:27">Hegglandsdalen skule</stop>
    <stop arrival="12:28" departure="12:28">Tveit (Hegglandsdalen)</stop>
    <stop arrival="12:28" departure="12:28">Spannstegen</stop>
    <stop arrival="12:29" departure="12:29">Gjemdal</stop>
    <stop arrival="12:30" departure="12:30">Rød (Lønningdal, Os)</stop>
    <stop arrival="12:33" departure="12:33">Lønningdal sjø (Os)</stop>
    <stop arrival="12:34" departure="12:34">Sandbrekka</stop>
    <stop arrival="12:35" departure="12:35">Bogevik</stop>
    <stop arrival="12:36" departure="12:36">Bogevik</stop>
    <stop arrival="12:37" departure="12:37">Bogstrand</stop>
    <stop arrival="12:37" departure="12:37">Sørbakken</stop>
    <stop arrival="12:38" departure="12:38">Ospeneset</stop>
    <stop arrival="12:39" departure="12:39">Aspenes</stop>
    <stop arrival="12:40" departure="12:40">Aspevik</stop>
    <stop arrival="12:40">Solbjørg snuplass</stop>
  </route>
</routes>
