<?xml version="1.0" encoding="UTF-8"?>
<routes>
  <route no="459" destination="Tælavåg snuplass" url="http://www.web2051.no/bin/tp/zuginfo.exe/on/770568/259106/303116/105298/1/" trafficDays="kjører Sø, ikke 16. Mai; også 13., 24. Mai">
    <stop departure="11:10" routeNo="459">Bergen Busstasjon</stop>
    <stop arrival="11:11" departure="11:11">Olav Kyrres gate</stop>
    <stop arrival="11:13" departure="11:13">Møhlenpris v/ Industrihuset</stop>
    <stop arrival="11:18" departure="11:18">Lyngbø Motorvei R555</stop>
    <stop arrival="11:24" departure="11:24">Frida Fasmer R555</stop>
    <stop arrival="11:25" departure="11:25">Storavatnet term.</stop>
    <stop arrival="11:27" departure="11:27">Breivikskiftet</stop>
    <stop arrival="11:28" departure="11:28">Drotningsvik Rv 555</stop>
    <stop arrival="11:30" departure="11:30">Knarrevik</stop>
    <stop arrival="11:35" departure="11:35">Straume term.</stop>
    <stop arrival="11:36" departure="11:36">Bildøy</stop>
    <stop arrival="11:39" departure="11:39">Fjell Blommen</stop>
    <stop arrival="11:39" departure="11:39">Fjell Heljedalen</stop>
    <stop arrival="11:40" departure="11:40">Fjell</stop>
    <stop arrival="11:40" departure="11:40">Fjell kyrkje</stop>
    <stop arrival="11:40" departure="11:40">Fjell Leite</stop>
    <stop arrival="11:41" departure="11:41">Fjell Søre</stop>
    <stop arrival="11:41" departure="11:41">Fjell Podlagrinda</stop>
    <stop arrival="11:42" departure="11:42">Fjell Krossleite</stop>
    <stop arrival="11:42" departure="11:42">Fjell søre Krossleite</stop>
    <stop arrival="11:43" departure="11:43">Tellnesskogen</stop>
    <stop arrival="11:44" departure="11:44">Tellnes Bruabrekko</stop>
    <stop arrival="11:45" departure="11:45">Tellnesskiftet</stop>
    <stop arrival="11:45" departure="11:45">Tellnes skule</stop>
    <stop arrival="11:47" departure="11:47">Dala (Fjell)</stop>
    <stop arrival="11:47" departure="11:47">Dala (Fjell)</stop>
    <stop arrival="11:48" departure="11:48">Dalseide (Fjell)</stop>
    <stop arrival="11:53" departure="11:53">Trengereid Slettebakken (Fjell</stop>
    <stop arrival="11:54" departure="11:54">Trengereid (Fjell)</stop>
    <stop arrival="11:55" departure="11:55">Skogsskiftet term.</stop>
    <stop arrival="11:58" departure="11:58">Hammersland (Sund)</stop>
    <stop arrival="11:58" departure="11:58">Hammersland (Sund)</stop>
    <stop arrival="11:59" departure="11:59">Eidesjøen Tveitaneset</stop>
    <stop arrival="12:00" departure="12:00">Eidesjøen</stop>
    <stop arrival="12:01" departure="12:01">Pollen skule</stop>
    <stop arrival="12:02" departure="12:02">Kårevik</stop>
    <stop arrival="12:02" departure="12:02">Kårevik</stop>
    <stop arrival="12:03" departure="12:03">Spildepollen</stop>
    <stop arrival="12:04" departure="12:04">Kausland Sund Auto</stop>
    <stop arrival="12:04" departure="12:04">Kausland industri</stop>
    <stop arrival="12:05" departure="12:05">Kausland (brekko)</stop>
    <stop arrival="12:06" departure="12:06">Kausland gard</stop>
    <stop arrival="12:06" departure="12:06">Kausland kyrkje</stop>
    <stop arrival="12:06" departure="12:06">Kausland (Lunde)</stop>
    <stop arrival="12:08" departure="12:08">Glesnes Skule</stop>
    <stop arrival="12:09" departure="12:09">Glesvær (Elva)</stop>
    <stop arrival="12:09" departure="12:09">Glesvær (Slettebergsmauget)</stop>
    <stop arrival="12:09" departure="12:09">Glesvær (Vollakrysset)</stop>
    <stop arrival="12:10" departure="12:10">Glesvær snuplass</stop>
    <stop arrival="12:10" departure="12:10">Glesvær (Vollakrysset)</stop>
    <stop arrival="12:11" departure="12:11">Glesvær (Slettebergsmauget)</stop>
    <stop arrival="12:11" departure="12:11">Glesvær (Elva)</stop>
    <stop arrival="12:11" departure="12:11">Glesnes Skule</stop>
    <stop arrival="12:13" departure="12:13">Kausland (Lunde)</stop>
    <stop arrival="12:13" departure="12:13">Kausland kyrkje</stop>
    <stop arrival="12:14" departure="12:14">Kausland gard</stop>
    <stop arrival="12:14" departure="12:14">Kausland (brekko)</stop>
    <stop arrival="12:15" departure="12:15">Kausland industri</stop>
    <stop arrival="12:15" departure="12:15">Kausland Sund Auto</stop>
    <stop arrival="12:16" departure="12:16">Spildepollen</stop>
    <stop arrival="12:17" departure="12:17">Asphaug</stop>
    <stop arrival="12:19" departure="12:19">Tælavåg gravplass</stop>
    <stop arrival="12:21" departure="12:21">Tælavåg Sælstø</stop>
    <stop arrival="12:21" departure="12:21">Tælavåg Museum (Idrettsplass)</stop>
    <stop arrival="12:22" departure="12:22">Tælavåg Nipa byggefelt</stop>
    <stop arrival="12:22" departure="12:22">Tælavåg Nipa</stop>
    <stop arrival="12:23" departure="12:23">Tælavåg bedehus</stop>
    <stop arrival="12:23" departure="12:23">Tælavåg Telle</stop>
    <stop arrival="12:23" departure="12:23">Tælavåg skule</stop>
    <stop arrival="12:24" departure="12:24">Tælavåg Midttveit</stop>
    <stop arrival="12:24" departure="12:24">Tælavåg Øvretveit (brekko)</stop>
    <stop arrival="12:25" departure="12:25">Tælavåg Øvretveit</stop>
    <stop arrival="12:25">Tælavåg snuplass</stop>
  </route>
  <route no="459" destination="Tælavåg snuplass" url="http://www.web2051.no/bin/tp/zuginfo.exe/on/295173/100641/412222/107720/1/" trafficDays="kjører Sø, ikke 16. Mai; også 13., 24. Mai">
    <stop departure="11:10" routeNo="459">Bergen Busstasjon</stop>
    <stop arrival="11:11" departure="11:11">Olav Kyrres gate</stop>
    <stop arrival="11:13" departure="11:13">Møhlenpris v/ Industrihuset</stop>
    <stop arrival="11:18" departure="11:18">Lyngbø Motorvei R555</stop>
    <stop arrival="11:24" departure="11:24">Frida Fasmer R555</stop>
    <stop arrival="11:25" departure="11:25">Storavatnet term.</stop>
    <stop arrival="11:27" departure="11:27">Breivikskiftet</stop>
    <stop arrival="11:28" departure="11:28">Drotningsvik Rv 555</stop>
    <stop arrival="11:30" departure="11:30">Knarrevik</stop>
    <stop arrival="11:35" departure="11:35">Straume term.</stop>
    <stop arrival="11:36" departure="11:36">Bildøy</stop>
    <stop arrival="11:39" departure="11:39">Fjell Blommen</stop>
    <stop arrival="11:39" departure="11:39">Fjell Heljedalen</stop>
    <stop arrival="11:40" departure="11:40">Fjell</stop>
    <stop arrival="11:40" departure="11:40">Fjell kyrkje</stop>
    <stop arrival="11:40" departure="11:40">Fjell Leite</stop>
    <stop arrival="11:41" departure="11:41">Fjell Søre</stop>
    <stop arrival="11:41" departure="11:41">Fjell Podlagrinda</stop>
    <stop arrival="11:42" departure="11:42">Fjell Krossleite</stop>
    <stop arrival="11:42" departure="11:42">Fjell søre Krossleite</stop>
    <stop arrival="11:43" departure="11:43">Tellnesskogen</stop>
    <stop arrival="11:44" departure="11:44">Tellnes Bruabrekko</stop>
    <stop arrival="11:45" departure="11:45">Tellnesskiftet</stop>
    <stop arrival="11:45" departure="11:45">Tellnes skule</stop>
    <stop arrival="11:47" departure="11:47">Dala (Fjell)</stop>
    <stop arrival="11:47" departure="11:47">Dala (Fjell)</stop>
    <stop arrival="11:48" departure="11:48">Dalseide (Fjell)</stop>
    <stop arrival="11:53" departure="11:53">Trengereid Slettebakken (Fjell</stop>
    <stop arrival="11:54" departure="11:54">Trengereid (Fjell)</stop>
    <stop arrival="11:55" departure="11:55">Skogsskiftet term.</stop>
    <stop arrival="11:58" departure="11:58">Hammersland (Sund)</stop>
    <stop arrival="11:58" departure="11:58">Hammersland (Sund)</stop>
    <stop arrival="11:59" departure="11:59">Eidesjøen Tveitaneset</stop>
    <stop arrival="12:00" departure="12:00">Eidesjøen</stop>
    <stop arrival="12:01" departure="12:01">Pollen skule</stop>
    <stop arrival="12:02" departure="12:02">Kårevik</stop>
    <stop arrival="12:02" departure="12:02">Kårevik</stop>
    <stop arrival="12:03" departure="12:03">Spildepollen</stop>
    <stop arrival="12:04" departure="12:04">Kausland Sund Auto</stop>
    <stop arrival="12:04" departure="12:04">Kausland industri</stop>
    <stop arrival="12:05" departure="12:05">Kausland (brekko)</stop>
    <stop arrival="12:06" departure="12:06">Kausland gard</stop>
    <stop arrival="12:06" departure="12:06">Kausland kyrkje</stop>
    <stop arrival="12:06" departure="12:06">Kausland (Lunde)</stop>
    <stop arrival="12:08" departure="12:08">Glesnes Skule</stop>
    <stop arrival="12:09" departure="12:09">Glesvær (Elva)</stop>
    <stop arrival="12:09" departure="12:09">Glesvær (Slettebergsmauget)</stop>
    <stop arrival="12:09" departure="12:09">Glesvær (Vollakrysset)</stop>
    <stop arrival="12:10" departure="12:10">Glesvær snuplass</stop>
    <stop arrival="12:10" departure="12:10">Glesvær (Vollakrysset)</stop>
    <stop arrival="12:11" departure="12:11">Glesvær (Slettebergsmauget)</stop>
    <stop arrival="12:11" departure="12:11">Glesvær (Elva)</stop>
    <stop arrival="12:11" departure="12:11">Glesnes Skule</stop>
    <stop arrival="12:13" departure="12:13">Kausland (Lunde)</stop>
    <stop arrival="12:13" departure="12:13">Kausland kyrkje</stop>
    <stop arrival="12:14" departure="12:14">Kausland gard</stop>
    <stop arrival="12:14" departure="12:14">Kausland (brekko)</stop>
    <stop arrival="12:15" departure="12:15">Kausland industri</stop>
    <stop arrival="12:15" departure="12:15">Kausland Sund Auto</stop>
    <stop arrival="12:16" departure="12:16">Spildepollen</stop>
    <stop arrival="12:17" departure="12:17">Asphaug</stop>
    <stop arrival="12:19" departure="12:19">Tælavåg gravplass</stop>
    <stop arrival="12:21" departure="12:21">Tælavåg Sælstø</stop>
    <stop arrival="12:21" departure="12:21">Tælavåg Museum (Idrettsplass)</stop>
    <stop arrival="12:22" departure="12:22">Tælavåg Nipa byggefelt</stop>
    <stop arrival="12:22" departure="12:22">Tælavåg Nipa</stop>
    <stop arrival="12:23" departure="12:23">Tælavåg bedehus</stop>
    <stop arrival="12:23" departure="12:23">Tælavåg Telle</stop>
    <stop arrival="12:23" departure="12:23">Tælavåg skule</stop>
    <stop arrival="12:24" departure="12:24">Tælavåg Midttveit</stop>
    <stop arrival="12:24" departure="12:24">Tælavåg Øvretveit (brekko)</stop>
    <stop arrival="12:25" departure="12:25">Tælavåg Øvretveit</stop>
    <stop arrival="12:25">Tælavåg snuplass</stop>
  </route>
  <route no="459" destination="Bergen Busstasjon" url="http://www.web2051.no/bin/tp/zuginfo.exe/on/626232/210989/494832/38672/1/" trafficDays="kjører Lø, ikke 1. Mai">
    <stop departure="12:05" routeNo="459">Tælavåg snuplass</stop>
    <stop arrival="12:05" departure="12:05">Tælavåg Øvretveit</stop>
    <stop arrival="12:06" departure="12:06">Tælavåg Øvretveit (brekko)</stop>
    <stop arrival="12:06" departure="12:06">Tælavåg Midttveit</stop>
    <stop arrival="12:07" departure="12:07">Tælavåg skule</stop>
    <stop arrival="12:07" departure="12:07">Tælavåg Telle</stop>
    <stop arrival="12:07" departure="12:07">Tælavåg bedehus</stop>
    <stop arrival="12:08" departure="12:08">Tælavåg Nipa</stop>
    <stop arrival="12:08" departure="12:08">Tælavåg Nipa byggefelt</stop>
    <stop arrival="12:09" departure="12:09">Tælavåg Museum (Idrettsplass)</stop>
    <stop arrival="12:09" departure="12:09">Tælavåg Sælstø</stop>
    <stop arrival="12:11" departure="12:11">Tælavåg gravplass</stop>
    <stop arrival="12:12" departure="12:12">Asphaug</stop>
    <stop arrival="12:14" departure="12:14">Spildepollen</stop>
    <stop arrival="12:15" departure="12:15">Kausland Sund Auto</stop>
    <stop arrival="12:15" departure="12:15">Kausland industri</stop>
    <stop arrival="12:16" departure="12:16">Kausland (brekko)</stop>
    <stop arrival="12:16" departure="12:16">Kausland gard</stop>
    <stop arrival="12:17" departure="12:17">Kausland kyrkje</stop>
    <stop arrival="12:17" departure="12:17">Kausland (Lunde)</stop>
    <stop arrival="12:18" departure="12:18">Glesnes Skule</stop>
    <stop arrival="12:19" departure="12:19">Glesvær (Elva)</stop>
    <stop arrival="12:19" departure="12:19">Glesvær (Slettebergsmauget)</stop>
    <stop arrival="12:20" departure="12:20">Glesvær (Vollakrysset)</stop>
    <stop arrival="12:20" departure="12:20">Glesvær snuplass</stop>
    <stop arrival="12:20" departure="12:20">Glesvær (Vollakrysset)</stop>
    <stop arrival="12:21" departure="12:21">Glesvær (Slettebergsmauget)</stop>
    <stop arrival="12:21" departure="12:21">Glesvær (Elva)</stop>
    <stop arrival="12:22" departure="12:22">Glesnes Skule</stop>
    <stop arrival="12:24" departure="12:24">Kausland (Lunde)</stop>
    <stop arrival="12:24" departure="12:24">Kausland kyrkje</stop>
    <stop arrival="12:24" departure="12:24">Kausland gard</stop>
    <stop arrival="12:25" departure="12:25">Kausland (brekko)</stop>
    <stop arrival="12:25" departure="12:25">Kausland industri</stop>
    <stop arrival="12:26" departure="12:26">Kausland Sund Auto</stop>
    <stop arrival="12:27" departure="12:27">Spildepollen</stop>
    <stop arrival="12:28" departure="12:28">Kårevik</stop>
    <stop arrival="12:28" departure="12:28">Kårevik</stop>
    <stop arrival="12:29" departure="12:29">Pollen skule</stop>
    <stop arrival="12:30" departure="12:30">Eidesjøen</stop>
    <stop arrival="12:32" departure="12:32">Eidesjøen Tveitaneset</stop>
    <stop arrival="12:34" departure="12:34">Hammersland (Sund)</stop>
    <stop arrival="12:35" departure="12:35">Hammersland (Sund)</stop>
    <stop arrival="12:40" departure="12:40">Skogsskiftet term.</stop>
    <stop arrival="12:41" departure="12:41">Trengereid (Fjell)</stop>
    <stop arrival="12:41" departure="12:41">Trengereid Slettebakken (Fjell</stop>
    <stop arrival="12:43" departure="12:43">Dalseide (Fjell)</stop>
    <stop arrival="12:44" departure="12:44">Dala (Fjell)</stop>
    <stop arrival="12:44" departure="12:44">Dala (Fjell)</stop>
    <stop arrival="12:45" departure="12:45">Tellnes skule</stop>
    <stop arrival="12:45" departure="12:45">Tellnesskiftet</stop>
    <stop arrival="12:46" departure="12:46">Tellnes Bruabrekko</stop>
    <stop arrival="12:47" departure="12:47">Tellnesskogen</stop>
    <stop arrival="12:48" departure="12:48">Fjell søre Krossleite</stop>
    <stop arrival="12:48" departure="12:48">Fjell Krossleite</stop>
    <stop arrival="12:49" departure="12:49">Fjell Podlagrinda</stop>
    <stop arrival="12:49" departure="12:49">Fjell Søre</stop>
    <stop arrival="12:50" departure="12:50">Fjell Leite</stop>
    <stop arrival="12:50" departure="12:50">Fjell kyrkje</stop>
    <stop arrival="12:50" departure="12:50">Fjell</stop>
    <stop arrival="12:51" departure="12:51">Fjell Heljedalen</stop>
    <stop arrival="12:52" departure="12:52">Fjell Blommen</stop>
    <stop arrival="12:58" departure="12:58">Bildøy</stop>
    <stop arrival="13:00" departure="13:00">Straume term.</stop>
    <stop arrival="13:03" departure="13:03">Knarrevik</stop>
    <stop arrival="13:06" departure="13:06">Drotningsvik Rv 555</stop>
    <stop arrival="13:07" departure="13:07">Breivikskiftet</stop>
    <stop arrival="13:10" departure="13:10">Storavatnet term.</stop>
    <stop arrival="13:11" departure="13:11">Frida Fasmer</stop>
    <stop arrival="13:17" departure="13:17">Lyngbø Motorvei R555</stop>
    <stop arrival="13:22" departure="13:22">Møhlenpris v/ Industrihuset</stop>
    <stop arrival="13:24" departure="13:24">Nygårdsgaten</stop>
    <stop arrival="13:25">Bergen Busstasjon</stop>
  </route>
  <route no="459" destination="Bergen Busstasjon" url="http://www.web2051.no/bin/tp/zuginfo.exe/on/662793/223177/270884/85489/1/" trafficDays="kjører">
    <stop departure="12:05" routeNo="459">Tælavåg snuplass</stop>
    <stop arrival="12:05" departure="12:05">Tælavåg Øvretveit</stop>
    <stop arrival="12:06" departure="12:06">Tælavåg Øvretveit (brekko)</stop>
    <stop arrival="12:06" departure="12:06">Tælavåg Midttveit</stop>
    <stop arrival="12:07" departure="12:07">Tælavåg skule</stop>
    <stop arrival="12:07" departure="12:07">Tælavåg Telle</stop>
    <stop arrival="12:07" departure="12:07">Tælavåg bedehus</stop>
    <stop arrival="12:08" departure="12:08">Tælavåg Nipa</stop>
    <stop arrival="12:08" departure="12:08">Tælavåg Nipa byggefelt</stop>
    <stop arrival="12:09" departure="12:09">Tælavåg Museum (Idrettsplass)</stop>
    <stop arrival="12:09" departure="12:09">Tælavåg Sælstø</stop>
    <stop arrival="12:11" departure="12:11">Tælavåg gravplass</stop>
    <stop arrival="12:12" departure="12:12">Asphaug</stop>
    <stop arrival="12:14" departure="12:14">Spildepollen</stop>
    <stop arrival="12:15" departure="12:15">Kausland Sund Auto</stop>
    <stop arrival="12:15" departure="12:15">Kausland industri</stop>
    <stop arrival="12:16" departure="12:16">Kausland (brekko)</stop>
    <stop arrival="12:16" departure="12:16">Kausland gard</stop>
    <stop arrival="12:17" departure="12:17">Kausland kyrkje</stop>
    <stop arrival="12:17" departure="12:17">Kausland (Lunde)</stop>
    <stop arrival="12:18" departure="12:18">Glesnes Skule</stop>
    <stop arrival="12:19" departure="12:19">Glesvær (Elva)</stop>
    <stop arrival="12:19" departure="12:19">Glesvær (Slettebergsmauget)</stop>
    <stop arrival="12:20" departure="12:20">Glesvær (Vollakrysset)</stop>
    <stop arrival="12:20" departure="12:20">Glesvær snuplass</stop>
    <stop arrival="12:20" departure="12:20">Glesvær (Vollakrysset)</stop>
    <stop arrival="12:21" departure="12:21">Glesvær (Slettebergsmauget)</stop>
    <stop arrival="12:21" departure="12:21">Glesvær (Elva)</stop>
    <stop arrival="12:22" departure="12:22">Glesnes Skule</stop>
    <stop arrival="12:24" departure="12:24">Kausland (Lunde)</stop>
    <stop arrival="12:24" departure="12:24">Kausland kyrkje</stop>
    <stop arrival="12:24" departure="12:24">Kausland gard</stop>
    <stop arrival="12:25" departure="12:25">Kausland (brekko)</stop>
    <stop arrival="12:25" departure="12:25">Kausland industri</stop>
    <stop arrival="12:26" departure="12:26">Kausland Sund Auto</stop>
    <stop arrival="12:27" departure="12:27">Spildepollen</stop>
    <stop arrival="12:28" departure="12:28">Kårevik</stop>
    <stop arrival="12:28" departure="12:28">Kårevik</stop>
    <stop arrival="12:29" departure="12:29">Pollen skule</stop>
    <stop arrival="12:30" departure="12:30">Eidesjøen</stop>
    <stop arrival="12:32" departure="12:32">Eidesjøen Tveitaneset</stop>
    <stop arrival="12:34" departure="12:34">Hammersland (Sund)</stop>
    <stop arrival="12:35" departure="12:35">Hammersland (Sund)</stop>
    <stop arrival="12:40" departure="12:40">Skogsskiftet term.</stop>
    <stop arrival="12:41" departure="12:41">Trengereid (Fjell)</stop>
    <stop arrival="12:41" departure="12:41">Trengereid Slettebakken (Fjell</stop>
    <stop arrival="12:43" departure="12:43">Dalseide (Fjell)</stop>
    <stop arrival="12:44" departure="12:44">Dala (Fjell)</stop>
    <stop arrival="12:44" departure="12:44">Dala (Fjell)</stop>
    <stop arrival="12:45" departure="12:45">Tellnes skule</stop>
    <stop arrival="12:45" departure="12:45">Tellnesskiftet</stop>
    <stop arrival="12:46" departure="12:46">Tellnes Bruabrekko</stop>
    <stop arrival="12:47" departure="12:47">Tellnesskogen</stop>
    <stop arrival="12:48" departure="12:48">Fjell søre Krossleite</stop>
    <stop arrival="12:48" departure="12:48">Fjell Krossleite</stop>
    <stop arrival="12:49" departure="12:49">Fjell Podlagrinda</stop>
    <stop arrival="12:49" departure="12:49">Fjell Søre</stop>
    <stop arrival="12:50" departure="12:50">Fjell Leite</stop>
    <stop arrival="12:50" departure="12:50">Fjell kyrkje</stop>
    <stop arrival="12:50" departure="12:50">Fjell</stop>
    <stop arrival="12:51" departure="12:51">Fjell Heljedalen</stop>
    <stop arrival="12:52" departure="12:52">Fjell Blommen</stop>
    <stop arrival="12:58" departure="12:58">Bildøy</stop>
    <stop arrival="13:00" departure="13:00">Straume term.</stop>
    <stop arrival="13:03" departure="13:03">Knarrevik</stop>
    <stop arrival="13:06" departure="13:06">Drotningsvik Rv 555</stop>
    <stop arrival="13:07" departure="13:07">Breivikskiftet</stop>
    <stop arrival="13:10" departure="13:10">Storavatnet term.</stop>
    <stop arrival="13:11" departure="13:11">Frida Fasmer</stop>
    <stop arrival="13:17" departure="13:17">Lyngbø Motorvei R555</stop>
    <stop arrival="13:22" departure="13:22">Møhlenpris v/ Industrihuset</stop>
    <stop arrival="13:24" departure="13:24">Christies gate (Festplassen)</stop>
    <stop arrival="13:25">Bergen Busstasjon</stop>
  </route>
  <route no="459" destination="Bergen Busstasjon" url="http://www.web2051.no/bin/tp/zuginfo.exe/on/959649/322128/973458/166846/1/" trafficDays="kjører Lø, ikke 1. Mai">
    <stop departure="12:05" routeNo="459">Tælavåg snuplass</stop>
    <stop arrival="12:05" departure="12:05">Tælavåg Øvretveit</stop>
    <stop arrival="12:06" departure="12:06">Tælavåg Øvretveit (brekko)</stop>
    <stop arrival="12:06" departure="12:06">Tælavåg Midttveit</stop>
    <stop arrival="12:07" departure="12:07">Tælavåg skule</stop>
    <stop arrival="12:07" departure="12:07">Tælavåg Telle</stop>
    <stop arrival="12:07" departure="12:07">Tælavåg bedehus</stop>
    <stop arrival="12:08" departure="12:08">Tælavåg Nipa</stop>
    <stop arrival="12:08" departure="12:08">Tælavåg Nipa byggefelt</stop>
    <stop arrival="12:09" departure="12:09">Tælavåg Museum (Idrettsplass)</stop>
    <stop arrival="12:09" departure="12:09">Tælavåg Sælstø</stop>
    <stop arrival="12:11" departure="12:11">Tælavåg gravplass</stop>
    <stop arrival="12:12" departure="12:12">Asphaug</stop>
    <stop arrival="12:14" departure="12:14">Spildepollen</stop>
    <stop arrival="12:15" departure="12:15">Kausland Sund Auto</stop>
    <stop arrival="12:15" departure="12:15">Kausland industri</stop>
    <stop arrival="12:16" departure="12:16">Kausland (brekko)</stop>
    <stop arrival="12:16" departure="12:16">Kausland gard</stop>
    <stop arrival="12:17" departure="12:17">Kausland kyrkje</stop>
    <stop arrival="12:17" departure="12:17">Kausland (Lunde)</stop>
    <stop arrival="12:18" departure="12:18">Glesnes Skule</stop>
    <stop arrival="12:19" departure="12:19">Glesvær (Elva)</stop>
    <stop arrival="12:19" departure="12:19">Glesvær (Slettebergsmauget)</stop>
    <stop arrival="12:20" departure="12:20">Glesvær (Vollakrysset)</stop>
    <stop arrival="12:20" departure="12:20">Glesvær snuplass</stop>
    <stop arrival="12:20" departure="12:20">Glesvær (Vollakrysset)</stop>
    <stop arrival="12:21" departure="12:21">Glesvær (Slettebergsmauget)</stop>
    <stop arrival="12:21" departure="12:21">Glesvær (Elva)</stop>
    <stop arrival="12:22" departure="12:22">Glesnes Skule</stop>
    <stop arrival="12:24" departure="12:24">Kausland (Lunde)</stop>
    <stop arrival="12:24" departure="12:24">Kausland kyrkje</stop>
    <stop arrival="12:24" departure="12:24">Kausland gard</stop>
    <stop arrival="12:25" departure="12:25">Kausland (brekko)</stop>
    <stop arrival="12:25" departure="12:25">Kausland industri</stop>
    <stop arrival="12:26" departure="12:26">Kausland Sund Auto</stop>
    <stop arrival="12:27" departure="12:27">Spildepollen</stop>
    <stop arrival="12:28" departure="12:28">Kårevik</stop>
    <stop arrival="12:28" departure="12:28">Kårevik</stop>
    <stop arrival="12:29" departure="12:29">Pollen skule</stop>
    <stop arrival="12:30" departure="12:30">Eidesjøen</stop>
    <stop arrival="12:32" departure="12:32">Eidesjøen Tveitaneset</stop>
    <stop arrival="12:34" departure="12:34">Hammersland (Sund)</stop>
    <stop arrival="12:35" departure="12:35">Hammersland (Sund)</stop>
    <stop arrival="12:40" departure="12:40">Skogsskiftet term.</stop>
    <stop arrival="12:41" departure="12:41">Trengereid (Fjell)</stop>
    <stop arrival="12:41" departure="12:41">Trengereid Slettebakken (Fjell</stop>
    <stop arrival="12:43" departure="12:43">Dalseide (Fjell)</stop>
    <stop arrival="12:44" departure="12:44">Dala (Fjell)</stop>
    <stop arrival="12:44" departure="12:44">Dala (Fjell)</stop>
    <stop arrival="12:45" departure="12:45">Tellnes skule</stop>
    <stop arrival="12:45" departure="12:45">Tellnesskiftet</stop>
    <stop arrival="12:46" departure="12:46">Tellnes Bruabrekko</stop>
    <stop arrival="12:47" departure="12:47">Tellnesskogen</stop>
    <stop arrival="12:48" departure="12:48">Fjell søre Krossleite</stop>
    <stop arrival="12:48" departure="12:48">Fjell Krossleite</stop>
    <stop arrival="12:49" departure="12:49">Fjell Podlagrinda</stop>
    <stop arrival="12:49" departure="12:49">Fjell Søre</stop>
    <stop arrival="12:50" departure="12:50">Fjell Leite</stop>
    <stop arrival="12:50" departure="12:50">Fjell kyrkje</stop>
    <stop arrival="12:50" departure="12:50">Fjell</stop>
    <stop arrival="12:51" departure="12:51">Fjell Heljedalen</stop>
    <stop arrival="12:52" departure="12:52">Fjell Blommen</stop>
    <stop arrival="12:58" departure="12:58">Bildøy</stop>
    <stop arrival="13:00" departure="13:00">Straume term.</stop>
    <stop arrival="13:03" departure="13:03">Knarrevik</stop>
    <stop arrival="13:06" departure="13:06">Drotningsvik Rv 555</stop>
    <stop arrival="13:07" departure="13:07">Breivikskiftet</stop>
    <stop arrival="13:10" departure="13:10">Storavatnet term.</stop>
    <stop arrival="13:11" departure="13:11">Frida Fasmer</stop>
    <stop arrival="13:17" departure="13:17">Lyngbø Motorvei R555</stop>
    <stop arrival="13:22" departure="13:22">Møhlenpris v/ Industrihuset</stop>
    <stop arrival="13:24" departure="13:24">Nygårdsgaten</stop>
    <stop arrival="13:25">Bergen Busstasjon</stop>
  </route>
  <route no="459" destination="Bergen Busstasjon" url="http://www.web2051.no/bin/tp/zuginfo.exe/on/95598/34112/11562/26085/1/" trafficDays="kjører">
    <stop departure="12:05" routeNo="459">Tælavåg snuplass</stop>
    <stop arrival="12:05" departure="12:05">Tælavåg Øvretveit</stop>
    <stop arrival="12:06" departure="12:06">Tælavåg Øvretveit (brekko)</stop>
    <stop arrival="12:06" departure="12:06">Tælavåg Midttveit</stop>
    <stop arrival="12:07" departure="12:07">Tælavåg skule</stop>
    <stop arrival="12:07" departure="12:07">Tælavåg Telle</stop>
    <stop arrival="12:07" departure="12:07">Tælavåg bedehus</stop>
    <stop arrival="12:08" departure="12:08">Tælavåg Nipa</stop>
    <stop arrival="12:08" departure="12:08">Tælavåg Nipa byggefelt</stop>
    <stop arrival="12:09" departure="12:09">Tælavåg Museum (Idrettsplass)</stop>
    <stop arrival="12:09" departure="12:09">Tælavåg Sælstø</stop>
    <stop arrival="12:11" departure="12:11">Tælavåg gravplass</stop>
    <stop arrival="12:12" departure="12:12">Asphaug</stop>
    <stop arrival="12:14" departure="12:14">Spildepollen</stop>
    <stop arrival="12:15" departure="12:15">Kausland Sund Auto</stop>
    <stop arrival="12:15" departure="12:15">Kausland industri</stop>
    <stop arrival="12:16" departure="12:16">Kausland (brekko)</stop>
    <stop arrival="12:16" departure="12:16">Kausland gard</stop>
    <stop arrival="12:17" departure="12:17">Kausland kyrkje</stop>
    <stop arrival="12:17" departure="12:17">Kausland (Lunde)</stop>
    <stop arrival="12:18" departure="12:18">Glesnes Skule</stop>
    <stop arrival="12:19" departure="12:19">Glesvær (Elva)</stop>
    <stop arrival="12:19" departure="12:19">Glesvær (Slettebergsmauget)</stop>
    <stop arrival="12:20" departure="12:20">Glesvær (Vollakrysset)</stop>
    <stop arrival="12:20" departure="12:20">Glesvær snuplass</stop>
    <stop arrival="12:20" departure="12:20">Glesvær (Vollakrysset)</stop>
    <stop arrival="12:21" departure="12:21">Glesvær (Slettebergsmauget)</stop>
    <stop arrival="12:21" departure="12:21">Glesvær (Elva)</stop>
    <stop arrival="12:22" departure="12:22">Glesnes Skule</stop>
    <stop arrival="12:24" departure="12:24">Kausland (Lunde)</stop>
    <stop arrival="12:24" departure="12:24">Kausland kyrkje</stop>
    <stop arrival="12:24" departure="12:24">Kausland gard</stop>
    <stop arrival="12:25" departure="12:25">Kausland (brekko)</stop>
    <stop arrival="12:25" departure="12:25">Kausland industri</stop>
    <stop arrival="12:26" departure="12:26">Kausland Sund Auto</stop>
    <stop arrival="12:27" departure="12:27">Spildepollen</stop>
    <stop arrival="12:28" departure="12:28">Kårevik</stop>
    <stop arrival="12:28" departure="12:28">Kårevik</stop>
    <stop arrival="12:29" departure="12:29">Pollen skule</stop>
    <stop arrival="12:30" departure="12:30">Eidesjøen</stop>
    <stop arrival="12:32" departure="12:32">Eidesjøen Tveitaneset</stop>
    <stop arrival="12:34" departure="12:34">Hammersland (Sund)</stop>
    <stop arrival="12:35" departure="12:35">Hammersland (Sund)</stop>
    <stop arrival="12:40" departure="12:40">Skogsskiftet term.</stop>
    <stop arrival="12:41" departure="12:41">Trengereid (Fjell)</stop>
    <stop arrival="12:41" departure="12:41">Trengereid Slettebakken (Fjell</stop>
    <stop arrival="12:43" departure="12:43">Dalseide (Fjell)</stop>
    <stop arrival="12:44" departure="12:44">Dala (Fjell)</stop>
    <stop arrival="12:44" departure="12:44">Dala (Fjell)</stop>
    <stop arrival="12:45" departure="12:45">Tellnes skule</stop>
    <stop arrival="12:45" departure="12:45">Tellnesskiftet</stop>
    <stop arrival="12:46" departure="12:46">Tellnes Bruabrekko</stop>
    <stop arrival="12:47" departure="12:47">Tellnesskogen</stop>
    <stop arrival="12:48" departure="12:48">Fjell søre Krossleite</stop>
    <stop arrival="12:48" departure="12:48">Fjell Krossleite</stop>
    <stop arrival="12:49" departure="12:49">Fjell Podlagrinda</stop>
    <stop arrival="12:49" departure="12:49">Fjell Søre</stop>
    <stop arrival="12:50" departure="12:50">Fjell Leite</stop>
    <stop arrival="12:50" departure="12:50">Fjell kyrkje</stop>
    <stop arrival="12:50" departure="12:50">Fjell</stop>
    <stop arrival="12:51" departure="12:51">Fjell Heljedalen</stop>
    <stop arrival="12:52" departure="12:52">Fjell Blommen</stop>
    <stop arrival="12:58" departure="12:58">Bildøy</stop>
    <stop arrival="13:00" departure="13:00">Straume term.</stop>
    <stop arrival="13:03" departure="13:03">Knarrevik</stop>
    <stop arrival="13:06" departure="13:06">Drotningsvik Rv 555</stop>
    <stop arrival="13:07" departure="13:07">Breivikskiftet</stop>
    <stop arrival="13:10" departure="13:10">Storavatnet term.</stop>
    <stop arrival="13:11" departure="13:11">Frida Fasmer</stop>
    <stop arrival="13:17" departure="13:17">Lyngbø Motorvei R555</stop>
    <stop arrival="13:22" departure="13:22">Møhlenpris v/ Industrihuset</stop>
    <stop arrival="13:24" departure="13:24">Christies gate (Festplassen)</stop>
    <stop arrival="13:25">Bergen Busstasjon</stop>
  </route>
  <route no="459" destination="Tælavåg snuplass" url="http://www.web2051.no/bin/tp/zuginfo.exe/on/221139/75934/150390/1482/1/" trafficDays="kjører Ma - Fr, ikke 13., 17., 24. Mai">
    <stop departure="11:40" routeNo="459">Bergen Busstasjon</stop>
    <stop arrival="11:41" departure="11:41">Olav Kyrres gate</stop>
    <stop arrival="11:43" departure="11:43">Møhlenpris v/ Industrihuset</stop>
    <stop arrival="11:48" departure="11:48">Lyngbø Motorvei R555</stop>
    <stop arrival="11:54" departure="11:54">Frida Fasmer R555</stop>
    <stop arrival="11:55" departure="11:55">Storavatnet term.</stop>
    <stop arrival="11:57" departure="11:57">Breivikskiftet</stop>
    <stop arrival="11:58" departure="11:58">Drotningsvik Rv 555</stop>
    <stop arrival="12:00" departure="12:00">Knarrevik</stop>
    <stop arrival="12:05" departure="12:05">Straume term.</stop>
    <stop arrival="12:06" departure="12:06">Bildøy</stop>
    <stop arrival="12:09" departure="12:09">Fjell Blommen</stop>
    <stop arrival="12:09" departure="12:09">Fjell Heljedalen</stop>
    <stop arrival="12:10" departure="12:10">Fjell</stop>
    <stop arrival="12:10" departure="12:10">Fjell kyrkje</stop>
    <stop arrival="12:10" departure="12:10">Fjell Leite</stop>
    <stop arrival="12:11" departure="12:11">Fjell Søre</stop>
    <stop arrival="12:11" departure="12:11">Fjell Podlagrinda</stop>
    <stop arrival="12:12" departure="12:12">Fjell Krossleite</stop>
    <stop arrival="12:12" departure="12:12">Fjell søre Krossleite</stop>
    <stop arrival="12:13" departure="12:13">Tellnesskogen</stop>
    <stop arrival="12:14" departure="12:14">Tellnes Bruabrekko</stop>
    <stop arrival="12:15" departure="12:15">Tellnesskiftet</stop>
    <stop arrival="12:15" departure="12:15">Tellnes skule</stop>
    <stop arrival="12:17" departure="12:17">Dala (Fjell)</stop>
    <stop arrival="12:17" departure="12:17">Dala (Fjell)</stop>
    <stop arrival="12:18" departure="12:18">Dalseide (Fjell)</stop>
    <stop arrival="12:23" departure="12:23">Trengereid Slettebakken (Fjell</stop>
    <stop arrival="12:24" departure="12:24">Trengereid (Fjell)</stop>
    <stop arrival="12:25" departure="12:25">Skogsskiftet term.</stop>
    <stop arrival="12:28" departure="12:28">Hammersland (Sund)</stop>
    <stop arrival="12:28" departure="12:28">Hammersland (Sund)</stop>
    <stop arrival="12:29" departure="12:29">Eidesjøen Tveitaneset</stop>
    <stop arrival="12:30" departure="12:30">Eidesjøen</stop>
    <stop arrival="12:31" departure="12:31">Pollen skule</stop>
    <stop arrival="12:32" departure="12:32">Kårevik</stop>
    <stop arrival="12:32" departure="12:32">Kårevik</stop>
    <stop arrival="12:33" departure="12:33">Spildepollen</stop>
    <stop arrival="12:34" departure="12:34">Kausland Sund Auto</stop>
    <stop arrival="12:34" departure="12:34">Kausland industri</stop>
    <stop arrival="12:35" departure="12:35">Kausland (brekko)</stop>
    <stop arrival="12:36" departure="12:36">Kausland gard</stop>
    <stop arrival="12:36" departure="12:36">Kausland kyrkje</stop>
    <stop arrival="12:36" departure="12:36">Kausland (Lunde)</stop>
    <stop arrival="12:38" departure="12:38">Glesnes Skule</stop>
    <stop arrival="12:39" departure="12:39">Glesvær (Elva)</stop>
    <stop arrival="12:39" departure="12:39">Glesvær (Slettebergsmauget)</stop>
    <stop arrival="12:39" departure="12:39">Glesvær (Vollakrysset)</stop>
    <stop arrival="12:40" departure="12:40">Glesvær snuplass</stop>
    <stop arrival="12:40" departure="12:40">Glesvær (Vollakrysset)</stop>
    <stop arrival="12:41" departure="12:41">Glesvær (Slettebergsmauget)</stop>
    <stop arrival="12:41" departure="12:41">Glesvær (Elva)</stop>
    <stop arrival="12:41" departure="12:41">Glesnes Skule</stop>
    <stop arrival="12:43" departure="12:43">Kausland (Lunde)</stop>
    <stop arrival="12:43" departure="12:43">Kausland kyrkje</stop>
    <stop arrival="12:44" departure="12:44">Kausland gard</stop>
    <stop arrival="12:44" departure="12:44">Kausland (brekko)</stop>
    <stop arrival="12:45" departure="12:45">Kausland industri</stop>
    <stop arrival="12:45" departure="12:45">Kausland Sund Auto</stop>
    <stop arrival="12:46" departure="12:46">Spildepollen</stop>
    <stop arrival="12:47" departure="12:47">Asphaug</stop>
    <stop arrival="12:49" departure="12:49">Tælavåg gravplass</stop>
    <stop arrival="12:51" departure="12:51">Tælavåg Sælstø</stop>
    <stop arrival="12:51" departure="12:51">Tælavåg Museum (Idrettsplass)</stop>
    <stop arrival="12:52" departure="12:52">Tælavåg Nipa byggefelt</stop>
    <stop arrival="12:52" departure="12:52">Tælavåg Nipa</stop>
    <stop arrival="12:53" departure="12:53">Tælavåg bedehus</stop>
    <stop arrival="12:53" departure="12:53">Tælavåg Telle</stop>
    <stop arrival="12:53" departure="12:53">Tælavåg skule</stop>
    <stop arrival="12:54" departure="12:54">Tælavåg Midttveit</stop>
    <stop arrival="12:54" departure="12:54">Tælavåg Øvretveit (brekko)</stop>
    <stop arrival="12:55" departure="12:55">Tælavåg Øvretveit</stop>
    <stop arrival="12:55">Tælavåg snuplass</stop>
  </route>
  <route no="459" destination="Tælavåg snuplass" url="http://www.web2051.no/bin/tp/zuginfo.exe/on/171756/59473/578450/231973/1/" trafficDays="kjører Ma - Fr, ikke 13., 17., 24. Mai">
    <stop departure="11:40" routeNo="459">Bergen Busstasjon</stop>
    <stop arrival="11:41" departure="11:41">Olav Kyrres gate</stop>
    <stop arrival="11:43" departure="11:43">Møhlenpris v/ Industrihuset</stop>
    <stop arrival="11:48" departure="11:48">Lyngbø Motorvei R555</stop>
    <stop arrival="11:54" departure="11:54">Frida Fasmer R555</stop>
    <stop arrival="11:55" departure="11:55">Storavatnet term.</stop>
    <stop arrival="11:57" departure="11:57">Breivikskiftet</stop>
    <stop arrival="11:58" departure="11:58">Drotningsvik Rv 555</stop>
    <stop arrival="12:00" departure="12:00">Knarrevik</stop>
    <stop arrival="12:05" departure="12:05">Straume term.</stop>
    <stop arrival="12:06" departure="12:06">Bildøy</stop>
    <stop arrival="12:09" departure="12:09">Fjell Blommen</stop>
    <stop arrival="12:09" departure="12:09">Fjell Heljedalen</stop>
    <stop arrival="12:10" departure="12:10">Fjell</stop>
    <stop arrival="12:10" departure="12:10">Fjell kyrkje</stop>
    <stop arrival="12:10" departure="12:10">Fjell Leite</stop>
    <stop arrival="12:11" departure="12:11">Fjell Søre</stop>
    <stop arrival="12:11" departure="12:11">Fjell Podlagrinda</stop>
    <stop arrival="12:12" departure="12:12">Fjell Krossleite</stop>
    <stop arrival="12:12" departure="12:12">Fjell søre Krossleite</stop>
    <stop arrival="12:13" departure="12:13">Tellnesskogen</stop>
    <stop arrival="12:14" departure="12:14">Tellnes Bruabrekko</stop>
    <stop arrival="12:15" departure="12:15">Tellnesskiftet</stop>
    <stop arrival="12:15" departure="12:15">Tellnes skule</stop>
    <stop arrival="12:17" departure="12:17">Dala (Fjell)</stop>
    <stop arrival="12:17" departure="12:17">Dala (Fjell)</stop>
    <stop arrival="12:18" departure="12:18">Dalseide (Fjell)</stop>
    <stop arrival="12:23" departure="12:23">Trengereid Slettebakken (Fjell</stop>
    <stop arrival="12:24" departure="12:24">Trengereid (Fjell)</stop>
    <stop arrival="12:25" departure="12:25">Skogsskiftet term.</stop>
    <stop arrival="12:28" departure="12:28">Hammersland (Sund)</stop>
    <stop arrival="12:28" departure="12:28">Hammersland (Sund)</stop>
    <stop arrival="12:29" departure="12:29">Eidesjøen Tveitaneset</stop>
    <stop arrival="12:30" departure="12:30">Eidesjøen</stop>
    <stop arrival="12:31" departure="12:31">Pollen skule</stop>
    <stop arrival="12:32" departure="12:32">Kårevik</stop>
    <stop arrival="12:32" departure="12:32">Kårevik</stop>
    <stop arrival="12:33" departure="12:33">Spildepollen</stop>
    <stop arrival="12:34" departure="12:34">Kausland Sund Auto</stop>
    <stop arrival="12:34" departure="12:34">Kausland industri</stop>
    <stop arrival="12:35" departure="12:35">Kausland (brekko)</stop>
    <stop arrival="12:36" departure="12:36">Kausland gard</stop>
    <stop arrival="12:36" departure="12:36">Kausland kyrkje</stop>
    <stop arrival="12:36" departure="12:36">Kausland (Lunde)</stop>
    <stop arrival="12:38" departure="12:38">Glesnes Skule</stop>
    <stop arrival="12:39" departure="12:39">Glesvær (Elva)</stop>
    <stop arrival="12:39" departure="12:39">Glesvær (Slettebergsmauget)</stop>
    <stop arrival="12:39" departure="12:39">Glesvær (Vollakrysset)</stop>
    <stop arrival="12:40" departure="12:40">Glesvær snuplass</stop>
    <stop arrival="12:40" departure="12:40">Glesvær (Vollakrysset)</stop>
    <stop arrival="12:41" departure="12:41">Glesvær (Slettebergsmauget)</stop>
    <stop arrival="12:41" departure="12:41">Glesvær (Elva)</stop>
    <stop arrival="12:41" departure="12:41">Glesnes Skule</stop>
    <stop arrival="12:43" departure="12:43">Kausland (Lunde)</stop>
    <stop arrival="12:43" departure="12:43">Kausland kyrkje</stop>
    <stop arrival="12:44" departure="12:44">Kausland gard</stop>
    <stop arrival="12:44" departure="12:44">Kausland (brekko)</stop>
    <stop arrival="12:45" departure="12:45">Kausland industri</stop>
    <stop arrival="12:45" departure="12:45">Kausland Sund Auto</stop>
    <stop arrival="12:46" departure="12:46">Spildepollen</stop>
    <stop arrival="12:47" departure="12:47">Asphaug</stop>
    <stop arrival="12:49" departure="12:49">Tælavåg gravplass</stop>
    <stop arrival="12:51" departure="12:51">Tælavåg Sælstø</stop>
    <stop arrival="12:51" departure="12:51">Tælavåg Museum (Idrettsplass)</stop>
    <stop arrival="12:52" departure="12:52">Tælavåg Nipa byggefelt</stop>
    <stop arrival="12:52" departure="12:52">Tælavåg Nipa</stop>
    <stop arrival="12:53" departure="12:53">Tælavåg bedehus</stop>
    <stop arrival="12:53" departure="12:53">Tælavåg Telle</stop>
    <stop arrival="12:53" departure="12:53">Tælavåg skule</stop>
    <stop arrival="12:54" departure="12:54">Tælavåg Midttveit</stop>
    <stop arrival="12:54" departure="12:54">Tælavåg Øvretveit (brekko)</stop>
    <stop arrival="12:55" departure="12:55">Tælavåg Øvretveit</stop>
    <stop arrival="12:55">Tælavåg snuplass</stop>
  </route>
  <route no="459" destination="Straume term." url="http://www.web2051.no/bin/tp/zuginfo.exe/on/270831/92533/816304/317875/1/" trafficDays="kjører Sø, også 1., 13., 17., 24. Mai">
    <stop departure="12:35" routeNo="459">Tælavåg snuplass</stop>
    <stop arrival="12:35" departure="12:35">Tælavåg Øvretveit</stop>
    <stop arrival="12:36" departure="12:36">Tælavåg Øvretveit (brekko)</stop>
    <stop arrival="12:36" departure="12:36">Tælavåg Midttveit</stop>
    <stop arrival="12:37" departure="12:37">Tælavåg skule</stop>
    <stop arrival="12:37" departure="12:37">Tælavåg Telle</stop>
    <stop arrival="12:37" departure="12:37">Tælavåg bedehus</stop>
    <stop arrival="12:38" departure="12:38">Tælavåg Nipa</stop>
    <stop arrival="12:38" departure="12:38">Tælavåg Nipa byggefelt</stop>
    <stop arrival="12:39" departure="12:39">Tælavåg Museum (Idrettsplass)</stop>
    <stop arrival="12:39" departure="12:39">Tælavåg Sælstø</stop>
    <stop arrival="12:41" departure="12:41">Tælavåg gravplass</stop>
    <stop arrival="12:42" departure="12:42">Asphaug</stop>
    <stop arrival="12:44" departure="12:44">Spildepollen</stop>
    <stop arrival="12:45" departure="12:45">Kausland Sund Auto</stop>
    <stop arrival="12:45" departure="12:45">Kausland industri</stop>
    <stop arrival="12:46" departure="12:46">Kausland (brekko)</stop>
    <stop arrival="12:46" departure="12:46">Kausland gard</stop>
    <stop arrival="12:47" departure="12:47">Kausland kyrkje</stop>
    <stop arrival="12:47" departure="12:47">Kausland (Lunde)</stop>
    <stop arrival="12:48" departure="12:48">Glesnes Skule</stop>
    <stop arrival="12:49" departure="12:49">Glesvær (Elva)</stop>
    <stop arrival="12:49" departure="12:49">Glesvær (Slettebergsmauget)</stop>
    <stop arrival="12:50" departure="12:50">Glesvær (Vollakrysset)</stop>
    <stop arrival="12:50" departure="12:50">Glesvær snuplass</stop>
    <stop arrival="12:50" departure="12:50">Glesvær (Vollakrysset)</stop>
    <stop arrival="12:51" departure="12:51">Glesvær (Slettebergsmauget)</stop>
    <stop arrival="12:51" departure="12:51">Glesvær (Elva)</stop>
    <stop arrival="12:52" departure="12:52">Glesnes Skule</stop>
    <stop arrival="12:54" departure="12:54">Kausland (Lunde)</stop>
    <stop arrival="12:54" departure="12:54">Kausland kyrkje</stop>
    <stop arrival="12:54" departure="12:54">Kausland gard</stop>
    <stop arrival="12:55" departure="12:55">Kausland (brekko)</stop>
    <stop arrival="12:55" departure="12:55">Kausland industri</stop>
    <stop arrival="12:56" departure="12:56">Kausland Sund Auto</stop>
    <stop arrival="12:57" departure="12:57">Spildepollen</stop>
    <stop arrival="12:58" departure="12:58">Kårevik</stop>
    <stop arrival="12:58" departure="12:58">Kårevik</stop>
    <stop arrival="12:59" departure="12:59">Pollen skule</stop>
    <stop arrival="13:00" departure="13:00">Eidesjøen</stop>
    <stop arrival="13:02" departure="13:02">Eidesjøen Tveitaneset</stop>
    <stop arrival="13:04" departure="13:04">Hammersland (Sund)</stop>
    <stop arrival="13:05" departure="13:05">Hammersland (Sund)</stop>
    <stop arrival="13:10" departure="13:10">Skogsskiftet term.</stop>
    <stop arrival="13:11" departure="13:11">Trengereid (Fjell)</stop>
    <stop arrival="13:11" departure="13:11">Trengereid Slettebakken (Fjell</stop>
    <stop arrival="13:13" departure="13:13">Dalseide (Fjell)</stop>
    <stop arrival="13:14" departure="13:14">Dala (Fjell)</stop>
    <stop arrival="13:14" departure="13:14">Dala (Fjell)</stop>
    <stop arrival="13:15" departure="13:15">Tellnes skule</stop>
    <stop arrival="13:15" departure="13:15">Tellnesskiftet</stop>
    <stop arrival="13:16" departure="13:16">Tellnes Bruabrekko</stop>
    <stop arrival="13:17" departure="13:17">Tellnesskogen</stop>
    <stop arrival="13:18" departure="13:18">Fjell søre Krossleite</stop>
    <stop arrival="13:18" departure="13:18">Fjell Krossleite</stop>
    <stop arrival="13:19" departure="13:19">Fjell Podlagrinda</stop>
    <stop arrival="13:19" departure="13:19">Fjell Søre</stop>
    <stop arrival="13:20" departure="13:20">Fjell Leite</stop>
    <stop arrival="13:20" departure="13:20">Fjell kyrkje</stop>
    <stop arrival="13:20" departure="13:20">Fjell</stop>
    <stop arrival="13:21" departure="13:21">Fjell Heljedalen</stop>
    <stop arrival="13:22" departure="13:22">Fjell Blommen</stop>
    <stop arrival="13:28" departure="13:28">Bildøy</stop>
    <stop arrival="13:30">Straume term.</stop>
  </route>
  <route no="459" destination="Straume term." url="http://www.web2051.no/bin/tp/zuginfo.exe/on/44028/16932/174248/72448/1/" trafficDays="kjører Sø, også 1., 13., 17., 24. Mai">
    <stop departure="12:35" routeNo="459">Tælavåg snuplass</stop>
    <stop arrival="12:35" departure="12:35">Tælavåg Øvretveit</stop>
    <stop arrival="12:36" departure="12:36">Tælavåg Øvretveit (brekko)</stop>
    <stop arrival="12:36" departure="12:36">Tælavåg Midttveit</stop>
    <stop arrival="12:37" departure="12:37">Tælavåg skule</stop>
    <stop arrival="12:37" departure="12:37">Tælavåg Telle</stop>
    <stop arrival="12:37" departure="12:37">Tælavåg bedehus</stop>
    <stop arrival="12:38" departure="12:38">Tælavåg Nipa</stop>
    <stop arrival="12:38" departure="12:38">Tælavåg Nipa byggefelt</stop>
    <stop arrival="12:39" departure="12:39">Tælavåg Museum (Idrettsplass)</stop>
    <stop arrival="12:39" departure="12:39">Tælavåg Sælstø</stop>
    <stop arrival="12:41" departure="12:41">Tælavåg gravplass</stop>
    <stop arrival="12:42" departure="12:42">Asphaug</stop>
    <stop arrival="12:44" departure="12:44">Spildepollen</stop>
    <stop arrival="12:45" departure="12:45">Kausland Sund Auto</stop>
    <stop arrival="12:45" departure="12:45">Kausland industri</stop>
    <stop arrival="12:46" departure="12:46">Kausland (brekko)</stop>
    <stop arrival="12:46" departure="12:46">Kausland gard</stop>
    <stop arrival="12:47" departure="12:47">Kausland kyrkje</stop>
    <stop arrival="12:47" departure="12:47">Kausland (Lunde)</stop>
    <stop arrival="12:48" departure="12:48">Glesnes Skule</stop>
    <stop arrival="12:49" departure="12:49">Glesvær (Elva)</stop>
    <stop arrival="12:49" departure="12:49">Glesvær (Slettebergsmauget)</stop>
    <stop arrival="12:50" departure="12:50">Glesvær (Vollakrysset)</stop>
    <stop arrival="12:50" departure="12:50">Glesvær snuplass</stop>
    <stop arrival="12:50" departure="12:50">Glesvær (Vollakrysset)</stop>
    <stop arrival="12:51" departure="12:51">Glesvær (Slettebergsmauget)</stop>
    <stop arrival="12:51" departure="12:51">Glesvær (Elva)</stop>
    <stop arrival="12:52" departure="12:52">Glesnes Skule</stop>
    <stop arrival="12:54" departure="12:54">Kausland (Lunde)</stop>
    <stop arrival="12:54" departure="12:54">Kausland kyrkje</stop>
    <stop arrival="12:54" departure="12:54">Kausland gard</stop>
    <stop arrival="12:55" departure="12:55">Kausland (brekko)</stop>
    <stop arrival="12:55" departure="12:55">Kausland industri</stop>
    <stop arrival="12:56" departure="12:56">Kausland Sund Auto</stop>
    <stop arrival="12:57" departure="12:57">Spildepollen</stop>
    <stop arrival="12:58" departure="12:58">Kårevik</stop>
    <stop arrival="12:58" departure="12:58">Kårevik</stop>
    <stop arrival="12:59" departure="12:59">Pollen skule</stop>
    <stop arrival="13:00" departure="13:00">Eidesjøen</stop>
    <stop arrival="13:02" departure="13:02">Eidesjøen Tveitaneset</stop>
    <stop arrival="13:04" departure="13:04">Hammersland (Sund)</stop>
    <stop arrival="13:05" departure="13:05">Hammersland (Sund)</stop>
    <stop arrival="13:10" departure="13:10">Skogsskiftet term.</stop>
    <stop arrival="13:11" departure="13:11">Trengereid (Fjell)</stop>
    <stop arrival="13:11" departure="13:11">Trengereid Slettebakken (Fjell</stop>
    <stop arrival="13:13" departure="13:13">Dalseide (Fjell)</stop>
    <stop arrival="13:14" departure="13:14">Dala (Fjell)</stop>
    <stop arrival="13:14" departure="13:14">Dala (Fjell)</stop>
    <stop arrival="13:15" departure="13:15">Tellnes skule</stop>
    <stop arrival="13:15" departure="13:15">Tellnesskiftet</stop>
    <stop arrival="13:16" departure="13:16">Tellnes Bruabrekko</stop>
    <stop arrival="13:17" departure="13:17">Tellnesskogen</stop>
    <stop arrival="13:18" departure="13:18">Fjell søre Krossleite</stop>
    <stop arrival="13:18" departure="13:18">Fjell Krossleite</stop>
    <stop arrival="13:19" departure="13:19">Fjell Podlagrinda</stop>
    <stop arrival="13:19" departure="13:19">Fjell Søre</stop>
    <stop arrival="13:20" departure="13:20">Fjell Leite</stop>
    <stop arrival="13:20" departure="13:20">Fjell kyrkje</stop>
    <stop arrival="13:20" departure="13:20">Fjell</stop>
    <stop arrival="13:21" departure="13:21">Fjell Heljedalen</stop>
    <stop arrival="13:22" departure="13:22">Fjell Blommen</stop>
    <stop arrival="13:28" departure="13:28">Bildøy</stop>
    <stop arrival="13:30">Straume term.</stop>
  </route>
</routes>
