<?xml version="1.0" encoding="UTF-8"?>
<routes>
  <route no="525" destination="Milde" url="http://www.web2051.no/bin/tp/zuginfo.exe/on/733821/249942/913966/212376/1/" trafficDays="kjører Lø, ikke 1. Mai">
    <stop departure="11:25" routeNo="525">Bergen Busstasjon</stop>
    <stop arrival="11:27" departure="11:27">Danmarksplass</stop>
    <stop arrival="11:28" departure="11:28">Solheimsgaten</stop>
    <stop arrival="11:28" departure="11:28">Reperbanen</stop>
    <stop arrival="11:29" departure="11:29">Fjøsangerveien/ Minde Allè</stop>
    <stop arrival="11:30" departure="11:30">Kristianborg</stop>
    <stop arrival="11:30" departure="11:30">Grønnestølsbakken</stop>
    <stop arrival="11:31" departure="11:31">Fjøsanger</stop>
    <stop arrival="11:31" departure="11:31">Langegården</stop>
    <stop arrival="11:32" departure="11:32">Langebekken</stop>
    <stop arrival="11:32" departure="11:32">Kråkenes 1</stop>
    <stop arrival="11:32" departure="11:32">Kråkenes 2 (Kleiva)</stop>
    <stop arrival="11:33" departure="11:33">Bønesskiftet</stop>
    <stop arrival="11:33" departure="11:33">Bøjarnesvegen (Toftegård)</stop>
    <stop arrival="11:33" departure="11:33">Straume (Straumeveien, Fana)</stop>
    <stop arrival="11:36" departure="11:36">Sementbroen</stop>
    <stop arrival="11:38" departure="11:38">Straume bro</stop>
    <stop arrival="11:40" departure="11:40">Søreide v/Hydrostasjonen</stop>
    <stop arrival="11:41" departure="11:41">Søreide skole</stop>
    <stop arrival="11:41" departure="11:41">Dolvik terminal</stop>
    <stop arrival="11:42" departure="11:42">Kokstad Bilhandel</stop>
    <stop arrival="11:44" departure="11:44">BKK , Kokstad</stop>
    <stop arrival="11:46" departure="11:46">Nera</stop>
    <stop arrival="11:47" departure="11:47">Scandic</stop>
    <stop arrival="11:50" departure="11:50">Birkelandskrysset Terminal</stop>
    <stop arrival="11:51" departure="11:51">Blomsterdalen</stop>
    <stop arrival="11:51" departure="11:51">Ådlandsflaten</stop>
    <stop arrival="11:52" departure="11:52">Ådlandsskiftet</stop>
    <stop arrival="11:52" departure="11:52">Kartveitskiftet</stop>
    <stop arrival="11:52" departure="11:52">Heggernesskiftet</stop>
    <stop arrival="11:53" departure="11:53">Ådlandsbro</stop>
    <stop arrival="11:53" departure="11:53">K.Kaland</stop>
    <stop arrival="11:53" departure="11:53">Hjellestadskiftet</stop>
    <stop arrival="11:56" departure="11:56">Seilforeningen</stop>
    <stop arrival="11:59" departure="11:59">Hjellestad post</stop>
    <stop arrival="12:00" departure="12:00">Hjellestad</stop>
    <stop arrival="12:00" departure="12:00">Hjellestad post</stop>
    <stop arrival="12:02" departure="12:02">Seilforeningen</stop>
    <stop arrival="12:04" departure="12:04">Hjellestadskiftet</stop>
    <stop arrival="12:04" departure="12:04">Planteskogen (Milde)</stop>
    <stop arrival="12:06" departure="12:06">Planteskogen (Milde)</stop>
    <stop arrival="12:07" departure="12:07">Grendatunvegen</stop>
    <stop arrival="12:08" departure="12:08">Geilen</stop>
    <stop arrival="12:09" departure="12:09">Fana folkehøgskole (Aboretet)</stop>
    <stop arrival="12:10">Milde</stop>
  </route>
  <route no="525" destination="Milde" url="http://www.web2051.no/bin/tp/zuginfo.exe/on/312591/109561/623868/207739/1/" trafficDays="kjører Ma - Fr, ikke 13., 17., 24. Mai">
    <stop departure="11:20" routeNo="525">Bergen Busstasjon</stop>
    <stop arrival="11:25" departure="11:25">Danmarksplass</stop>
    <stop arrival="11:25" departure="11:25">Solheimsgaten</stop>
    <stop arrival="11:26" departure="11:26">Reperbanen</stop>
    <stop arrival="11:26" departure="11:26">Fjøsangerveien/ Minde Allè</stop>
    <stop arrival="11:26" departure="11:26">Kristianborg</stop>
    <stop arrival="11:27" departure="11:27">Grønnestølsbakken</stop>
    <stop arrival="11:27" departure="11:27">Fjøsanger</stop>
    <stop arrival="11:28" departure="11:28">Langegården</stop>
    <stop arrival="11:29" departure="11:29">Langebekken</stop>
    <stop arrival="11:31" departure="11:31">Kråkenes 1</stop>
    <stop arrival="11:31" departure="11:31">Kråkenes 2 (Kleiva)</stop>
    <stop arrival="11:33" departure="11:33">Bønesskiftet</stop>
    <stop arrival="11:34" departure="11:34">Bøjarnesvegen (Toftegård)</stop>
    <stop arrival="11:35" departure="11:35">Straume (Straumeveien, Fana)</stop>
    <stop arrival="11:37" departure="11:37">Sementbroen</stop>
    <stop arrival="11:38" departure="11:38">Straume bro</stop>
    <stop arrival="11:40" departure="11:40">Søreide v/Hydrostasjonen</stop>
    <stop arrival="11:40" departure="11:40">Søreide skole</stop>
    <stop arrival="11:41" departure="11:41">Grimstadskiftet</stop>
    <stop arrival="11:41" departure="11:41">Dolvik terminal</stop>
    <stop arrival="11:42" departure="11:42">Kokstad Bilhandel</stop>
    <stop arrival="11:44" departure="11:44">BKK , Kokstad</stop>
    <stop arrival="11:46" departure="11:46">Nera</stop>
    <stop arrival="11:47" departure="11:47">Scandic</stop>
    <stop arrival="11:50" departure="11:50">Birkelandskrysset Terminal</stop>
    <stop arrival="11:57" departure="11:57">Blomsterdalen</stop>
    <stop arrival="11:58" departure="11:58">Ådlandsflaten</stop>
    <stop arrival="11:59" departure="11:59">Ådlandsskiftet</stop>
    <stop arrival="12:00" departure="12:00">Kartveitskiftet</stop>
    <stop arrival="12:00" departure="12:00">Heggernesskiftet</stop>
    <stop arrival="12:02" departure="12:02">Ådlandsbro</stop>
    <stop arrival="12:02" departure="12:02">K.Kaland</stop>
    <stop arrival="12:03" departure="12:03">Hjellestadskiftet</stop>
    <stop arrival="12:04" departure="12:04">Seilforeningen</stop>
    <stop arrival="12:05" departure="12:05">Hjellestad post</stop>
    <stop arrival="12:05" departure="12:05">Hjellestad</stop>
    <stop arrival="12:05" departure="12:05">Hjellestad post</stop>
    <stop arrival="12:07" departure="12:07">Seilforeningen</stop>
    <stop arrival="12:09" departure="12:09">Hjellestadskiftet</stop>
    <stop arrival="12:09" departure="12:09">Planteskogen (Milde)</stop>
    <stop arrival="12:11" departure="12:11">Planteskogen (Milde)</stop>
    <stop arrival="12:12" departure="12:12">Grendatunvegen</stop>
    <stop arrival="12:13" departure="12:13">Geilen</stop>
    <stop arrival="12:14" departure="12:14">Fana folkehøgskole (Aboretet)</stop>
    <stop arrival="12:15">Milde</stop>
  </route>
  <route no="525" destination="Bergen Busstasjon" url="http://www.web2051.no/bin/tp/zuginfo.exe/on/143733/53277/423970/164074/1/" trafficDays="kjører Ma - Fr, ikke 13., 17., 24. Mai">
    <stop departure="12:25" routeNo="525">Milde</stop>
    <stop arrival="12:26" departure="12:26">Fana folkehøgskole (Aboretet)</stop>
    <stop arrival="12:27" departure="12:27">Geilen</stop>
    <stop arrival="12:27" departure="12:27">Grendatunvegen</stop>
    <stop arrival="12:28" departure="12:28">Planteskogen (Milde)</stop>
    <stop arrival="12:30" departure="12:30">Hjellestadskiftet</stop>
    <stop arrival="12:31" departure="12:31">Seilforeningen</stop>
    <stop arrival="12:32" departure="12:32">Hjellestad post</stop>
    <stop arrival="12:32" departure="12:32">Hjellestad</stop>
    <stop arrival="12:32" departure="12:32">Hjellestad post</stop>
    <stop arrival="12:34" departure="12:34">Seilforeningen</stop>
    <stop arrival="12:35" departure="12:35">Hjellestadskiftet</stop>
    <stop arrival="12:36" departure="12:36">K.Kaland</stop>
    <stop arrival="12:37" departure="12:37">Ådlandsbro</stop>
    <stop arrival="12:38" departure="12:38">Heggernesskiftet</stop>
    <stop arrival="12:39" departure="12:39">Kartveitskiftet</stop>
    <stop arrival="12:40" departure="12:40">Ådlandsskiftet</stop>
    <stop arrival="12:41" departure="12:41">Ådlandsflaten</stop>
    <stop arrival="12:41" departure="12:41">Blomsterdalen</stop>
    <stop arrival="12:45" departure="12:45">Birkelandskrysset Terminal</stop>
    <stop arrival="12:45" departure="12:45">Scandic</stop>
    <stop arrival="12:45" departure="12:45">Nera</stop>
    <stop arrival="12:46" departure="12:46">BKK , Kokstad</stop>
    <stop arrival="12:46" departure="12:46">Kokstad Bilhandel</stop>
    <stop arrival="12:54" departure="12:54">Dolvik terminal</stop>
    <stop arrival="12:54" departure="12:54">Dolvikbakken</stop>
    <stop arrival="12:55" departure="12:55">Søreide skole</stop>
    <stop arrival="12:56" departure="12:56">Søreide v/Hydrostasjonen</stop>
    <stop arrival="12:58" departure="12:58">Straume bro</stop>
    <stop arrival="12:58" departure="12:58">Bergen Motorbåtforening</stop>
    <stop arrival="13:00" departure="13:00">Straume (Straumeveien, Fana)</stop>
    <stop arrival="13:01" departure="13:01">Bøjarnesvegen (Toftegård)</stop>
    <stop arrival="13:01" departure="13:01">Bønesskiftet</stop>
    <stop arrival="13:03" departure="13:03">Kråkenes 2 (Kleiva)</stop>
    <stop arrival="13:03" departure="13:03">Kråkenes 1</stop>
    <stop arrival="13:04" departure="13:04">Langebekken</stop>
    <stop arrival="13:04" departure="13:04">Langegården</stop>
    <stop arrival="13:05" departure="13:05">Krambua</stop>
    <stop arrival="13:05" departure="13:05">Fjøsanger</stop>
    <stop arrival="13:09" departure="13:09">Kanalveien v/NRK</stop>
    <stop arrival="13:09" departure="13:09">Mindemyren</stop>
    <stop arrival="13:10" departure="13:10">Postterminalen</stop>
    <stop arrival="13:10" departure="13:10">Kanalveien v/LBK</stop>
    <stop arrival="13:11" departure="13:11">Danmarksplass v/Forum kino</stop>
    <stop arrival="13:16" departure="13:16">Bergen Busstasjon</stop>
    <stop arrival="13:19" departure="13:19">Christies gate (Festplassen)</stop>
    <stop arrival="13:24">Bergen Busstasjon</stop>
  </route>
  <route no="525" destination="Bergen Busstasjon" url="http://www.web2051.no/bin/tp/zuginfo.exe/on/40776/18926/412948/192884/1/" trafficDays="kjører Lø, ikke 1. Mai">
    <stop departure="12:32" routeNo="525">Milde</stop>
    <stop arrival="12:33" departure="12:33">Fana folkehøgskole (Aboretet)</stop>
    <stop arrival="12:34" departure="12:34">Geilen</stop>
    <stop arrival="12:34" departure="12:34">Grendatunvegen</stop>
    <stop arrival="12:35" departure="12:35">Planteskogen (Milde)</stop>
    <stop arrival="12:37" departure="12:37">Hjellestadskiftet</stop>
    <stop arrival="12:38" departure="12:38">Seilforeningen</stop>
    <stop arrival="12:39" departure="12:39">Hjellestad post</stop>
    <stop arrival="12:39" departure="12:39">Hjellestad</stop>
    <stop arrival="12:39" departure="12:39">Hjellestad post</stop>
    <stop arrival="12:41" departure="12:41">Seilforeningen</stop>
    <stop arrival="12:42" departure="12:42">Hjellestadskiftet</stop>
    <stop arrival="12:43" departure="12:43">K.Kaland</stop>
    <stop arrival="12:44" departure="12:44">Ådlandsbro</stop>
    <stop arrival="12:44" departure="12:44">Heggernesskiftet</stop>
    <stop arrival="12:46" departure="12:46">Kartveitskiftet</stop>
    <stop arrival="12:46" departure="12:46">Ådlandsskiftet</stop>
    <stop arrival="12:47" departure="12:47">Ådlandsflaten</stop>
    <stop arrival="12:48" departure="12:48">Blomsterdalen</stop>
    <stop arrival="12:50" departure="12:50">Birkelandskrysset Terminal</stop>
    <stop arrival="12:50" departure="12:50">Scandic</stop>
    <stop arrival="12:50" departure="12:50">Nera</stop>
    <stop arrival="12:51" departure="12:51">BKK , Kokstad</stop>
    <stop arrival="12:51" departure="12:51">Kokstad Bilhandel</stop>
    <stop arrival="12:59" departure="12:59">Dolvik terminal</stop>
    <stop arrival="13:00" departure="13:00">Søreide skole</stop>
    <stop arrival="13:01" departure="13:01">Søreide v/Hydrostasjonen</stop>
    <stop arrival="13:03" departure="13:03">Straume bro</stop>
    <stop arrival="13:03" departure="13:03">Bergen Motorbåtforening</stop>
    <stop arrival="13:05" departure="13:05">Straume (Straumeveien, Fana)</stop>
    <stop arrival="13:06" departure="13:06">Bøjarnesvegen (Toftegård)</stop>
    <stop arrival="13:06" departure="13:06">Bønesskiftet</stop>
    <stop arrival="13:08" departure="13:08">Kråkenes 2 (Kleiva)</stop>
    <stop arrival="13:08" departure="13:08">Kråkenes 1</stop>
    <stop arrival="13:09" departure="13:09">Langebekken</stop>
    <stop arrival="13:09" departure="13:09">Langegården</stop>
    <stop arrival="13:10" departure="13:10">Krambua</stop>
    <stop arrival="13:10" departure="13:10">Fjøsanger</stop>
    <stop arrival="13:17" departure="13:17">Kanalveien v/NRK</stop>
    <stop arrival="13:18" departure="13:18">Mindemyren</stop>
    <stop arrival="13:18" departure="13:18">Postterminalen</stop>
    <stop arrival="13:19" departure="13:19">Kanalveien v/LBK</stop>
    <stop arrival="13:20" departure="13:20">Danmarksplass v/Forum kino</stop>
    <stop arrival="13:25" departure="13:25">Bergen Busstasjon</stop>
    <stop arrival="13:28" departure="13:28">Christies gate (Festplassen)</stop>
    <stop arrival="13:33">Bergen Busstasjon</stop>
  </route>
  <route no="525" destination="Bergen Busstasjon" url="http://www.web2051.no/bin/tp/zuginfo.exe/on/594477/203525/785882/194783/1/" trafficDays="kjører Ma - Fr, ikke 13., 17., 24. Mai">
    <stop departure="12:55" routeNo="525">Milde</stop>
    <stop arrival="12:56" departure="12:56">Fana folkehøgskole (Aboretet)</stop>
    <stop arrival="12:57" departure="12:57">Geilen</stop>
    <stop arrival="12:57" departure="12:57">Grendatunvegen</stop>
    <stop arrival="12:58" departure="12:58">Planteskogen (Milde)</stop>
    <stop arrival="13:00" departure="13:00">Hjellestadskiftet</stop>
    <stop arrival="13:01" departure="13:01">Seilforeningen</stop>
    <stop arrival="13:02" departure="13:02">Hjellestad post</stop>
    <stop arrival="13:02" departure="13:02">Hjellestad</stop>
    <stop arrival="13:02" departure="13:02">Hjellestad post</stop>
    <stop arrival="13:04" departure="13:04">Seilforeningen</stop>
    <stop arrival="13:05" departure="13:05">Hjellestadskiftet</stop>
    <stop arrival="13:06" departure="13:06">K.Kaland</stop>
    <stop arrival="13:07" departure="13:07">Ådlandsbro</stop>
    <stop arrival="13:08" departure="13:08">Heggernesskiftet</stop>
    <stop arrival="13:09" departure="13:09">Kartveitskiftet</stop>
    <stop arrival="13:10" departure="13:10">Ådlandsskiftet</stop>
    <stop arrival="13:11" departure="13:11">Ådlandsflaten</stop>
    <stop arrival="13:11" departure="13:11">Blomsterdalen</stop>
    <stop arrival="13:15" departure="13:15">Birkelandskrysset Terminal</stop>
    <stop arrival="13:15" departure="13:15">Scandic</stop>
    <stop arrival="13:15" departure="13:15">Nera</stop>
    <stop arrival="13:16" departure="13:16">BKK , Kokstad</stop>
    <stop arrival="13:16" departure="13:16">Kokstad Bilhandel</stop>
    <stop arrival="13:24" departure="13:24">Dolvik terminal</stop>
    <stop arrival="13:24" departure="13:24">Dolvikbakken</stop>
    <stop arrival="13:25" departure="13:25">Søreide skole</stop>
    <stop arrival="13:26" departure="13:26">Søreide v/Hydrostasjonen</stop>
    <stop arrival="13:28" departure="13:28">Straume bro</stop>
    <stop arrival="13:28" departure="13:28">Bergen Motorbåtforening</stop>
    <stop arrival="13:30" departure="13:30">Straume (Straumeveien, Fana)</stop>
    <stop arrival="13:31" departure="13:31">Bøjarnesvegen (Toftegård)</stop>
    <stop arrival="13:31" departure="13:31">Bønesskiftet</stop>
    <stop arrival="13:33" departure="13:33">Kråkenes 2 (Kleiva)</stop>
    <stop arrival="13:33" departure="13:33">Kråkenes 1</stop>
    <stop arrival="13:34" departure="13:34">Langebekken</stop>
    <stop arrival="13:34" departure="13:34">Langegården</stop>
    <stop arrival="13:35" departure="13:35">Krambua</stop>
    <stop arrival="13:35" departure="13:35">Fjøsanger</stop>
    <stop arrival="13:39" departure="13:39">Kanalveien v/NRK</stop>
    <stop arrival="13:39" departure="13:39">Mindemyren</stop>
    <stop arrival="13:40" departure="13:40">Postterminalen</stop>
    <stop arrival="13:40" departure="13:40">Kanalveien v/LBK</stop>
    <stop arrival="13:41" departure="13:41">Danmarksplass v/Forum kino</stop>
    <stop arrival="13:46" departure="13:46">Bergen Busstasjon</stop>
    <stop arrival="13:49" departure="13:49">Christies gate (Festplassen)</stop>
    <stop arrival="13:54">Bergen Busstasjon</stop>
  </route>
</routes>
