<?xml version="1.0" encoding="UTF-8"?>
<routes>
  <route no="606" destination="Haugsdal snuplass (Samdal)" url="http://www.web2051.no/bin/tp/zuginfo.exe/on/650256/222397/618102/92300/1/" trafficDays="kjører Ma - Fr, ikke 13., 17., 24. Mai">
    <stop departure="12:22" routeNo="606">Kaland (Fana)</stop>
    <stop arrival="12:23" departure="12:23">Austevoll (Fana)</stop>
    <stop arrival="12:24" departure="12:24">Kalandseid</stop>
    <stop arrival="12:24" departure="12:24">Fredheim (Kalandseid)</stop>
    <stop arrival="12:26" departure="12:26">Engevik</stop>
    <stop arrival="12:27" departure="12:27">Sæletun</stop>
    <stop arrival="12:27" departure="12:27">Grustaket</stop>
    <stop arrival="12:28" departure="12:28">Høgli</stop>
    <stop arrival="12:28" departure="12:28">Hauglandslien</stop>
    <stop arrival="12:29" departure="12:29">Hauglandsgrinden</stop>
    <stop arrival="12:29" departure="12:29">Ytre Haugland</stop>
    <stop arrival="12:30" departure="12:30">Indre Haugland</stop>
    <stop arrival="12:30" departure="12:30">Renen</stop>
    <stop arrival="12:31" departure="12:31">Eideskiftet (Fana)</stop>
    <stop arrival="12:31" departure="12:31">Fjelltveit</stop>
    <stop arrival="12:32" departure="12:32">Indre Fjelltveit</stop>
    <stop arrival="12:32" departure="12:32">Samdal sag</stop>
    <stop arrival="12:34" departure="12:34">Hålandskiftet</stop>
    <stop arrival="12:34" departure="12:34">Samdal skole</stop>
    <stop arrival="12:35" departure="12:35">Samdal</stop>
    <stop arrival="12:37" departure="12:37">Haugsdal (Samdal, Fana)</stop>
    <stop arrival="12:38" departure="12:38">Haugsdal (Samdal, Fana)</stop>
    <stop arrival="12:39">Haugsdal snuplass (Samdal)</stop>
  </route>
  <route no="606" destination="Haugsdal snuplass (Samdal)" url="http://www.web2051.no/bin/tp/zuginfo.exe/on/810528/275821/318472/110941/1/" trafficDays="kjører Ma - Fr, ikke 13., 17., 24. Mai">
    <stop departure="12:22" routeNo="606">Kaland (Fana)</stop>
    <stop arrival="12:23" departure="12:23">Austevoll (Fana)</stop>
    <stop arrival="12:24" departure="12:24">Kalandseid</stop>
    <stop arrival="12:24" departure="12:24">Fredheim (Kalandseid)</stop>
    <stop arrival="12:26" departure="12:26">Engevik</stop>
    <stop arrival="12:27" departure="12:27">Sæletun</stop>
    <stop arrival="12:27" departure="12:27">Grustaket</stop>
    <stop arrival="12:28" departure="12:28">Høgli</stop>
    <stop arrival="12:28" departure="12:28">Hauglandslien</stop>
    <stop arrival="12:29" departure="12:29">Hauglandsgrinden</stop>
    <stop arrival="12:29" departure="12:29">Ytre Haugland</stop>
    <stop arrival="12:30" departure="12:30">Indre Haugland</stop>
    <stop arrival="12:30" departure="12:30">Renen</stop>
    <stop arrival="12:31" departure="12:31">Eideskiftet (Fana)</stop>
    <stop arrival="12:31" departure="12:31">Fjelltveit</stop>
    <stop arrival="12:32" departure="12:32">Indre Fjelltveit</stop>
    <stop arrival="12:32" departure="12:32">Samdal sag</stop>
    <stop arrival="12:34" departure="12:34">Hålandskiftet</stop>
    <stop arrival="12:34" departure="12:34">Samdal skole</stop>
    <stop arrival="12:35" departure="12:35">Samdal</stop>
    <stop arrival="12:37" departure="12:37">Haugsdal (Samdal, Fana)</stop>
    <stop arrival="12:38" departure="12:38">Haugsdal (Samdal, Fana)</stop>
    <stop arrival="12:39">Haugsdal snuplass (Samdal)</stop>
  </route>
  <route no="606" destination="Haugsdal snuplass (Samdal)" url="http://www.web2051.no/bin/tp/zuginfo.exe/on/536163/184366/653086/147823/1/" trafficDays="kjører Ma - Fr, ikke 13., 17., 24. Mai">
    <stop departure="12:22" routeNo="606">Kaland (Fana)</stop>
    <stop arrival="12:23" departure="12:23">Austevoll (Fana)</stop>
    <stop arrival="12:24" departure="12:24">Kalandseid</stop>
    <stop arrival="12:24" departure="12:24">Fredheim (Kalandseid)</stop>
    <stop arrival="12:26" departure="12:26">Engevik</stop>
    <stop arrival="12:27" departure="12:27">Sæletun</stop>
    <stop arrival="12:27" departure="12:27">Grustaket</stop>
    <stop arrival="12:28" departure="12:28">Høgli</stop>
    <stop arrival="12:28" departure="12:28">Hauglandslien</stop>
    <stop arrival="12:29" departure="12:29">Hauglandsgrinden</stop>
    <stop arrival="12:29" departure="12:29">Ytre Haugland</stop>
    <stop arrival="12:30" departure="12:30">Indre Haugland</stop>
    <stop arrival="12:30" departure="12:30">Renen</stop>
    <stop arrival="12:31" departure="12:31">Eideskiftet (Fana)</stop>
    <stop arrival="12:31" departure="12:31">Fjelltveit</stop>
    <stop arrival="12:32" departure="12:32">Indre Fjelltveit</stop>
    <stop arrival="12:32" departure="12:32">Samdal sag</stop>
    <stop arrival="12:34" departure="12:34">Hålandskiftet</stop>
    <stop arrival="12:34" departure="12:34">Samdal skole</stop>
    <stop arrival="12:35" departure="12:35">Samdal</stop>
    <stop arrival="12:37" departure="12:37">Haugsdal (Samdal, Fana)</stop>
    <stop arrival="12:38" departure="12:38">Haugsdal (Samdal, Fana)</stop>
    <stop arrival="12:39">Haugsdal snuplass (Samdal)</stop>
  </route>
  <route no="606" destination="Nesttun terminal" url="http://www.web2051.no/bin/tp/zuginfo.exe/on/139566/52168/719314/313135/1/" trafficDays="kjører Ma - Fr, ikke 13., 17., 24. Mai">
    <stop departure="12:40" routeNo="606">Haugsdal snuplass (Samdal)</stop>
    <stop arrival="12:41" departure="12:41">Haugsdal (Samdal, Fana)</stop>
    <stop arrival="12:42" departure="12:42">Haugsdal (Samdal, Fana)</stop>
    <stop departure="12:44">Samdal</stop>
    <stop arrival="12:45" departure="12:45">Samdal skole</stop>
    <stop arrival="12:45" departure="12:45">Hålandskiftet</stop>
    <stop arrival="12:46" departure="12:46">Samdal sag</stop>
    <stop arrival="12:47" departure="12:47">Indre Fjelltveit</stop>
    <stop arrival="12:48" departure="12:48">Fjelltveit</stop>
    <stop arrival="12:48" departure="12:48">Eideskiftet (Fana)</stop>
    <stop arrival="12:49" departure="12:49">Renen</stop>
    <stop arrival="12:49" departure="12:49">Indre Haugland</stop>
    <stop arrival="12:50" departure="12:50">Ytre Haugland</stop>
    <stop arrival="12:50" departure="12:50">Hauglandsgrinden</stop>
    <stop arrival="12:51" departure="12:51">Hauglandslien</stop>
    <stop arrival="12:51" departure="12:51">Høgli</stop>
    <stop arrival="12:52" departure="12:52">Grustaket</stop>
    <stop arrival="12:52" departure="12:52">Sæletun</stop>
    <stop arrival="12:53" departure="12:53">Engevik</stop>
    <stop arrival="12:55" departure="12:55">Fredheim (Kalandseid)</stop>
    <stop arrival="12:55" departure="12:55">Kalandseid</stop>
    <stop arrival="12:56" departure="12:56">Austevoll (Fana)</stop>
    <stop arrival="12:57" departure="12:57">Kaland (Fana)</stop>
    <stop arrival="12:58" departure="12:58">Smådalen (Kaland i Fana)</stop>
    <stop arrival="12:58" departure="12:58">Kaland skole (Fana)</stop>
    <stop arrival="13:00" departure="13:00">Nedre Sandven</stop>
    <stop arrival="13:00" departure="13:00">Sandven</stop>
    <stop arrival="13:01" departure="13:01">Øvre Hatlestad</stop>
    <stop arrival="13:02" departure="13:02">Hatlestadlia</stop>
    <stop arrival="13:02" departure="13:02">Hatlestad terr.</stop>
    <stop arrival="13:03" departure="13:03">Valle (Fana)</stop>
    <stop arrival="13:04" departure="13:04">Kirkebirkeland</stop>
    <stop arrival="13:05" departure="13:05">Lilletvedt</stop>
    <stop arrival="13:07" departure="13:07">Bjørkåsen</stop>
    <stop arrival="13:07" departure="13:07">Elvenes vegkryss</stop>
    <stop arrival="13:08" departure="13:08">Skjoldskiftet</stop>
    <stop arrival="13:09" departure="13:09">Nesttun</stop>
    <stop arrival="13:10">Nesttun terminal</stop>
  </route>
  <route no="606" destination="Nesttun terminal" url="http://www.web2051.no/bin/tp/zuginfo.exe/on/4971/7303/699514/348100/1/" trafficDays="kjører Ma - Fr, ikke 13., 17., 24. Mai">
    <stop departure="12:40" routeNo="606">Haugsdal snuplass (Samdal)</stop>
    <stop arrival="12:41" departure="12:41">Haugsdal (Samdal, Fana)</stop>
    <stop arrival="12:42" departure="12:42">Haugsdal (Samdal, Fana)</stop>
    <stop departure="12:44">Samdal</stop>
    <stop arrival="12:45" departure="12:45">Samdal skole</stop>
    <stop arrival="12:45" departure="12:45">Hålandskiftet</stop>
    <stop arrival="12:46" departure="12:46">Samdal sag</stop>
    <stop arrival="12:47" departure="12:47">Indre Fjelltveit</stop>
    <stop arrival="12:48" departure="12:48">Fjelltveit</stop>
    <stop arrival="12:48" departure="12:48">Eideskiftet (Fana)</stop>
    <stop arrival="12:49" departure="12:49">Renen</stop>
    <stop arrival="12:49" departure="12:49">Indre Haugland</stop>
    <stop arrival="12:50" departure="12:50">Ytre Haugland</stop>
    <stop arrival="12:50" departure="12:50">Hauglandsgrinden</stop>
    <stop arrival="12:51" departure="12:51">Hauglandslien</stop>
    <stop arrival="12:51" departure="12:51">Høgli</stop>
    <stop arrival="12:52" departure="12:52">Grustaket</stop>
    <stop arrival="12:52" departure="12:52">Sæletun</stop>
    <stop arrival="12:53" departure="12:53">Engevik</stop>
    <stop arrival="12:55" departure="12:55">Fredheim (Kalandseid)</stop>
    <stop arrival="12:55" departure="12:55">Kalandseid</stop>
    <stop arrival="12:56" departure="12:56">Austevoll (Fana)</stop>
    <stop arrival="12:57" departure="12:57">Kaland (Fana)</stop>
    <stop arrival="12:58" departure="12:58">Smådalen (Kaland i Fana)</stop>
    <stop arrival="12:58" departure="12:58">Kaland skole (Fana)</stop>
    <stop arrival="13:00" departure="13:00">Nedre Sandven</stop>
    <stop arrival="13:00" departure="13:00">Sandven</stop>
    <stop arrival="13:01" departure="13:01">Øvre Hatlestad</stop>
    <stop arrival="13:02" departure="13:02">Hatlestadlia</stop>
    <stop arrival="13:02" departure="13:02">Hatlestad terr.</stop>
    <stop arrival="13:03" departure="13:03">Valle (Fana)</stop>
    <stop arrival="13:04" departure="13:04">Kirkebirkeland</stop>
    <stop arrival="13:05" departure="13:05">Lilletvedt</stop>
    <stop arrival="13:07" departure="13:07">Bjørkåsen</stop>
    <stop arrival="13:07" departure="13:07">Elvenes vegkryss</stop>
    <stop arrival="13:08" departure="13:08">Skjoldskiftet</stop>
    <stop arrival="13:09" departure="13:09">Nesttun</stop>
    <stop arrival="13:10">Nesttun terminal</stop>
  </route>
  <route no="606" destination="Nesttun terminal" url="http://www.web2051.no/bin/tp/zuginfo.exe/on/959370/325436/854028/107224/1/" trafficDays="kjører Ma - Fr, ikke 13., 17., 24. Mai">
    <stop departure="12:40" routeNo="606">Haugsdal snuplass (Samdal)</stop>
    <stop arrival="12:41" departure="12:41">Haugsdal (Samdal, Fana)</stop>
    <stop arrival="12:42" departure="12:42">Haugsdal (Samdal, Fana)</stop>
    <stop departure="12:44">Samdal</stop>
    <stop arrival="12:45" departure="12:45">Samdal skole</stop>
    <stop arrival="12:45" departure="12:45">Hålandskiftet</stop>
    <stop arrival="12:46" departure="12:46">Samdal sag</stop>
    <stop arrival="12:47" departure="12:47">Indre Fjelltveit</stop>
    <stop arrival="12:48" departure="12:48">Fjelltveit</stop>
    <stop arrival="12:48" departure="12:48">Eideskiftet (Fana)</stop>
    <stop arrival="12:49" departure="12:49">Renen</stop>
    <stop arrival="12:49" departure="12:49">Indre Haugland</stop>
    <stop arrival="12:50" departure="12:50">Ytre Haugland</stop>
    <stop arrival="12:50" departure="12:50">Hauglandsgrinden</stop>
    <stop arrival="12:51" departure="12:51">Hauglandslien</stop>
    <stop arrival="12:51" departure="12:51">Høgli</stop>
    <stop arrival="12:52" departure="12:52">Grustaket</stop>
    <stop arrival="12:52" departure="12:52">Sæletun</stop>
    <stop arrival="12:53" departure="12:53">Engevik</stop>
    <stop arrival="12:55" departure="12:55">Fredheim (Kalandseid)</stop>
    <stop arrival="12:55" departure="12:55">Kalandseid</stop>
    <stop arrival="12:56" departure="12:56">Austevoll (Fana)</stop>
    <stop arrival="12:57" departure="12:57">Kaland (Fana)</stop>
    <stop arrival="12:58" departure="12:58">Smådalen (Kaland i Fana)</stop>
    <stop arrival="12:58" departure="12:58">Kaland skole (Fana)</stop>
    <stop arrival="13:00" departure="13:00">Nedre Sandven</stop>
    <stop arrival="13:00" departure="13:00">Sandven</stop>
    <stop arrival="13:01" departure="13:01">Øvre Hatlestad</stop>
    <stop arrival="13:02" departure="13:02">Hatlestadlia</stop>
    <stop arrival="13:02" departure="13:02">Hatlestad terr.</stop>
    <stop arrival="13:03" departure="13:03">Valle (Fana)</stop>
    <stop arrival="13:04" departure="13:04">Kirkebirkeland</stop>
    <stop arrival="13:05" departure="13:05">Lilletvedt</stop>
    <stop arrival="13:07" departure="13:07">Bjørkåsen</stop>
    <stop arrival="13:07" departure="13:07">Elvenes vegkryss</stop>
    <stop arrival="13:08" departure="13:08">Skjoldskiftet</stop>
    <stop arrival="13:09" departure="13:09">Nesttun</stop>
    <stop arrival="13:10">Nesttun terminal</stop>
  </route>
</routes>
