<?xml version="1.0" encoding="UTF-8"?>
<routes>
  <route no="620" destination="Os - Osøyro" url="http://www.web2051.no/bin/tp/zuginfo.exe/on/674373/230518/219594/114994/1/" trafficDays="kjører Lø, ikke 1. Mai">
    <stop departure="11:15" routeNo="620">Olav Kyrres gate</stop>
    <stop arrival="11:20" departure="11:20">Bergen Busstasjon</stop>
    <stop arrival="11:24" departure="11:24">Danmarksplass</stop>
    <stop arrival="11:25" departure="11:25">Solheimsgaten</stop>
    <stop arrival="11:26" departure="11:26">Reperbanen</stop>
    <stop arrival="11:28" departure="11:28">Fjøsangerveien/ Minde Allè</stop>
    <stop arrival="11:29" departure="11:29">Minde</stop>
    <stop arrival="11:30" departure="11:30">Elvebakken</stop>
    <stop arrival="11:30" departure="11:30">Storetveit</stop>
    <stop arrival="11:30" departure="11:30">Fantoft</stop>
    <stop arrival="11:31" departure="11:31">Nydalen</stop>
    <stop arrival="11:32" departure="11:32">Paradis</stop>
    <stop arrival="11:33" departure="11:33">Tveiteråsskiftet</stop>
    <stop arrival="11:34" departure="11:34">Hopsbro</stop>
    <stop arrival="11:36" departure="11:36">Hopstangen</stop>
    <stop arrival="11:37" departure="11:37">Nesttun terminal</stop>
    <stop arrival="11:37" departure="11:37">Nesttun</stop>
    <stop arrival="11:38" departure="11:38">Skjoldskiftet</stop>
    <stop arrival="11:39" departure="11:39">Elvenes vegkryss</stop>
    <stop arrival="11:39" departure="11:39">Bjørkåsen</stop>
    <stop arrival="11:40" departure="11:40">Lilletvedt</stop>
    <stop arrival="11:41" departure="11:41">Kirkebirkeland</stop>
    <stop arrival="11:42" departure="11:42">Valle (Fana)</stop>
    <stop arrival="11:43" departure="11:43">Hatlestad terr.</stop>
    <stop arrival="11:45" departure="11:45">Øvre Hatlestad</stop>
    <stop arrival="11:47" departure="11:47">Sandven</stop>
    <stop arrival="11:48" departure="11:48">Nedre Sandven</stop>
    <stop arrival="11:49" departure="11:49">Kaland skole (Fana)</stop>
    <stop arrival="11:50" departure="11:50">Kaland (Fana)</stop>
    <stop arrival="11:51" departure="11:51">Austevoll (Fana)</stop>
    <stop arrival="11:52" departure="11:52">Kalandseid</stop>
    <stop arrival="11:52" departure="11:52">Fløysand</stop>
    <stop arrival="11:53" departure="11:53">Bahus</stop>
    <stop arrival="11:54" departure="11:54">Røykenes (Os)</stop>
    <stop arrival="11:55" departure="11:55">Tømmernes</stop>
    <stop arrival="11:56" departure="11:56">Gåssandskiftet</stop>
    <stop arrival="11:56" departure="11:56">Søfteland</stop>
    <stop arrival="11:57" departure="11:57">Søfteland skule</stop>
    <stop arrival="11:58" departure="11:58">Storestraumen</stop>
    <stop arrival="12:00" departure="12:00">Hetleflåttre</stop>
    <stop arrival="12:01" departure="12:01">Hetleflåten</stop>
    <stop arrival="12:02" departure="12:02">Ulvenskiftet</stop>
    <stop arrival="12:02" departure="12:02">Tøsdalskiftet</stop>
    <stop arrival="12:03" departure="12:03">Flåten Senter</stop>
    <stop arrival="12:04" departure="12:04">Flåten (Os)</stop>
    <stop arrival="12:05" departure="12:05">Kuven</stop>
    <stop arrival="12:06" departure="12:06">Fjellheim</stop>
    <stop arrival="12:07">Os - Osøyro</stop>
  </route>
  <route no="620" destination="Bergen Busstasjon" url="http://www.web2051.no/bin/tp/zuginfo.exe/on/310596/109310/897672/345312/1/" trafficDays="kjører Ma - Fr, ikke 13., 17., 24. Mai">
    <stop departure="11:55" routeNo="620">Os - Osøyro</stop>
    <stop arrival="11:56" departure="11:56">Fjellheim</stop>
    <stop arrival="11:57" departure="11:57">Kuven</stop>
    <stop arrival="11:58" departure="11:58">Flåten (Os)</stop>
    <stop arrival="11:59" departure="11:59">Flåten Senter</stop>
    <stop arrival="12:00" departure="12:00">Tøsdalskiftet</stop>
    <stop arrival="12:00" departure="12:00">Ulvenskiftet</stop>
    <stop arrival="12:01" departure="12:01">Hetleflåten</stop>
    <stop arrival="12:02" departure="12:02">Helleflåttre</stop>
    <stop arrival="12:04" departure="12:04">Storestraumen</stop>
    <stop arrival="12:05" departure="12:05">Søfteland skule</stop>
    <stop arrival="12:06" departure="12:06">Søfteland</stop>
    <stop arrival="12:06" departure="12:06">Gåssandskiftet</stop>
    <stop arrival="12:07" departure="12:07">Tømmernes</stop>
    <stop arrival="12:08" departure="12:08">Røykenes (Os)</stop>
    <stop arrival="12:09" departure="12:09">Bahus</stop>
    <stop arrival="12:10" departure="12:10">Fløysand</stop>
    <stop arrival="12:10" departure="12:10">Kalandseid</stop>
    <stop arrival="12:11" departure="12:11">Austevoll (Fana)</stop>
    <stop arrival="12:12" departure="12:12">Kaland (Fana)</stop>
    <stop arrival="12:13" departure="12:13">Smådalen (Kaland i Fana)</stop>
    <stop arrival="12:13" departure="12:13">Kaland skole (Fana)</stop>
    <stop arrival="12:15" departure="12:15">Nedre Sandven</stop>
    <stop arrival="12:15" departure="12:15">Sandven</stop>
    <stop arrival="12:16" departure="12:16">Øvre Hatlestad</stop>
    <stop arrival="12:17" departure="12:17">Hatlestadlia</stop>
    <stop arrival="12:18" departure="12:18">Hatlestad terr.</stop>
    <stop arrival="12:19" departure="12:19">Valle (Fana)</stop>
    <stop arrival="12:20" departure="12:20">Kirkebirkeland</stop>
    <stop arrival="12:21" departure="12:21">Lilletvedt</stop>
    <stop arrival="12:22" departure="12:22">Bjørkåsen</stop>
    <stop arrival="12:23" departure="12:23">Elvenes vegkryss</stop>
    <stop arrival="12:24" departure="12:24">Skjoldskiftet</stop>
    <stop arrival="12:24" departure="12:24">Nesttun</stop>
    <stop arrival="12:25" departure="12:25">Nesttun terminal</stop>
    <stop arrival="12:27" departure="12:27">Hopsbro</stop>
    <stop arrival="12:29" departure="12:29">Tveiteråsskiftet</stop>
    <stop arrival="12:30" departure="12:30">Paradis</stop>
    <stop arrival="12:32" departure="12:32">Nydalen</stop>
    <stop arrival="12:34" departure="12:34">Fantoft</stop>
    <stop arrival="12:35" departure="12:35">Storetveit</stop>
    <stop arrival="12:35" departure="12:35">Elvebakken</stop>
    <stop arrival="12:36" departure="12:36">Minde</stop>
    <stop arrival="12:39" departure="12:39">Mindemyren</stop>
    <stop arrival="12:40" departure="12:40">Postterminalen</stop>
    <stop arrival="12:41" departure="12:41">Kanalveien v/LBK</stop>
    <stop arrival="12:43" departure="12:43">Danmarksplass v/Forum kino</stop>
    <stop arrival="12:48" departure="12:48">Bergen Busstasjon</stop>
    <stop arrival="12:50" departure="12:50">Christies gate (Festplassen)</stop>
    <stop arrival="12:55">Bergen Busstasjon</stop>
  </route>
  <route no="620" destination="Os - Osøyro" url="http://www.web2051.no/bin/tp/zuginfo.exe/on/113517/43622/962472/443397/1/" trafficDays="kjører Ma - Fr, ikke 13., 17., 24. Mai">
    <stop departure="11:30" routeNo="620">Bergen Busstasjon</stop>
    <stop arrival="11:33" departure="11:33">Danmarksplass</stop>
    <stop arrival="11:34" departure="11:34">Solheimsgaten</stop>
    <stop arrival="11:35" departure="11:35">Reperbanen</stop>
    <stop arrival="11:37" departure="11:37">Fjøsangerveien/ Minde Allè</stop>
    <stop arrival="11:38" departure="11:38">Minde</stop>
    <stop arrival="11:39" departure="11:39">Elvebakken</stop>
    <stop arrival="11:39" departure="11:39">Storetveit</stop>
    <stop arrival="11:39" departure="11:39">Fantoft</stop>
    <stop arrival="11:40" departure="11:40">Nydalen</stop>
    <stop arrival="11:41" departure="11:41">Paradis</stop>
    <stop arrival="11:42" departure="11:42">Tveiteråsskiftet</stop>
    <stop arrival="11:43" departure="11:43">Hopsbro</stop>
    <stop arrival="11:45" departure="11:45">Hopstangen</stop>
    <stop arrival="11:46" departure="11:46">Nesttun terminal</stop>
    <stop arrival="11:46" departure="11:46">Nesttun</stop>
    <stop arrival="11:47" departure="11:47">Skjoldskiftet</stop>
    <stop arrival="11:48" departure="11:48">Elvenes vegkryss</stop>
    <stop arrival="11:48" departure="11:48">Bjørkåsen</stop>
    <stop arrival="11:49" departure="11:49">Lilletvedt</stop>
    <stop arrival="11:50" departure="11:50">Kirkebirkeland</stop>
    <stop arrival="11:51" departure="11:51">Valle (Fana)</stop>
    <stop arrival="11:52" departure="11:52">Hatlestad terr.</stop>
    <stop arrival="11:54" departure="11:54">Øvre Hatlestad</stop>
    <stop arrival="11:56" departure="11:56">Sandven</stop>
    <stop arrival="11:57" departure="11:57">Nedre Sandven</stop>
    <stop arrival="11:58" departure="11:58">Kaland skole (Fana)</stop>
    <stop arrival="11:59" departure="11:59">Kaland (Fana)</stop>
    <stop arrival="12:00" departure="12:00">Austevoll (Fana)</stop>
    <stop arrival="12:01" departure="12:01">Kalandseid</stop>
    <stop arrival="12:01" departure="12:01">Fløysand</stop>
    <stop arrival="12:02" departure="12:02">Bahus</stop>
    <stop arrival="12:03" departure="12:03">Røykenes (Os)</stop>
    <stop arrival="12:04" departure="12:04">Tømmernes</stop>
    <stop arrival="12:05" departure="12:05">Gåssandskiftet</stop>
    <stop arrival="12:05" departure="12:05">Søfteland</stop>
    <stop arrival="12:06" departure="12:06">Søfteland skule</stop>
    <stop arrival="12:07" departure="12:07">Storestraumen</stop>
    <stop arrival="12:09" departure="12:09">Hetleflåttre</stop>
    <stop arrival="12:10" departure="12:10">Hetleflåten</stop>
    <stop arrival="12:11" departure="12:11">Ulvenskiftet</stop>
    <stop arrival="12:11" departure="12:11">Tøsdalskiftet</stop>
    <stop arrival="12:12" departure="12:12">Flåten Senter</stop>
    <stop arrival="12:13" departure="12:13">Flåten (Os)</stop>
    <stop arrival="12:14" departure="12:14">Kuven</stop>
    <stop arrival="12:15" departure="12:15">Fjellheim</stop>
    <stop arrival="12:16">Os - Osøyro</stop>
  </route>
  <route no="620" destination="Søfteland skule" url="http://www.web2051.no/bin/tp/zuginfo.exe/on/962973/326771/561028/40479/1/" trafficDays="kjører Fr">
    <stop departure="12:05" routeNo="620">Osbadet</stop>
    <stop arrival="12:08" departure="12:08">Flåten Senter</stop>
    <stop arrival="12:10" departure="12:10">Tøsdalskiftet</stop>
    <stop arrival="12:10" departure="12:10">Ulvenskiftet</stop>
    <stop arrival="12:11" departure="12:11">Hetleflåten</stop>
    <stop arrival="12:12" departure="12:12">Helleflåttre</stop>
    <stop arrival="12:14" departure="12:14">Storestraumen</stop>
    <stop arrival="12:15">Søfteland skule</stop>
  </route>
  <route no="620" destination="Bergen Busstasjon" url="http://www.web2051.no/bin/tp/zuginfo.exe/on/420306/145801/289726/4762/1/" trafficDays="kjører Sø, også 1., 13., 17., 24. Mai">
    <stop departure="12:15" routeNo="620">Os - Osøyro</stop>
    <stop arrival="12:16" departure="12:16">Fjellheim</stop>
    <stop arrival="12:17" departure="12:17">Kuven</stop>
    <stop arrival="12:18" departure="12:18">Flåten (Os)</stop>
    <stop arrival="12:19" departure="12:19">Flåten Senter</stop>
    <stop arrival="12:20" departure="12:20">Tøsdalskiftet</stop>
    <stop arrival="12:20" departure="12:20">Ulvenskiftet</stop>
    <stop arrival="12:21" departure="12:21">Hetleflåten</stop>
    <stop arrival="12:22" departure="12:22">Helleflåttre</stop>
    <stop arrival="12:24" departure="12:24">Storestraumen</stop>
    <stop arrival="12:25" departure="12:25">Søfteland skule</stop>
    <stop arrival="12:26" departure="12:26">Søfteland</stop>
    <stop arrival="12:26" departure="12:26">Gåssandskiftet</stop>
    <stop arrival="12:27" departure="12:27">Tømmernes</stop>
    <stop arrival="12:28" departure="12:28">Røykenes (Os)</stop>
    <stop arrival="12:29" departure="12:29">Bahus</stop>
    <stop arrival="12:30" departure="12:30">Fløysand</stop>
    <stop arrival="12:30" departure="12:30">Kalandseid</stop>
    <stop arrival="12:31" departure="12:31">Austevoll (Fana)</stop>
    <stop arrival="12:32" departure="12:32">Kaland (Fana)</stop>
    <stop arrival="12:33" departure="12:33">Smådalen (Kaland i Fana)</stop>
    <stop arrival="12:33" departure="12:33">Kaland skole (Fana)</stop>
    <stop arrival="12:35" departure="12:35">Nedre Sandven</stop>
    <stop arrival="12:35" departure="12:35">Sandven</stop>
    <stop arrival="12:36" departure="12:36">Øvre Hatlestad</stop>
    <stop arrival="12:37" departure="12:37">Hatlestadlia</stop>
    <stop arrival="12:38" departure="12:38">Hatlestad terr.</stop>
    <stop arrival="12:39" departure="12:39">Valle (Fana)</stop>
    <stop arrival="12:40" departure="12:40">Kirkebirkeland</stop>
    <stop arrival="12:41" departure="12:41">Lilletvedt</stop>
    <stop arrival="12:42" departure="12:42">Bjørkåsen</stop>
    <stop arrival="12:43" departure="12:43">Elvenes vegkryss</stop>
    <stop arrival="12:44" departure="12:44">Skjoldskiftet</stop>
    <stop arrival="12:44" departure="12:44">Nesttun</stop>
    <stop arrival="12:45" departure="12:45">Nesttun terminal</stop>
    <stop arrival="12:47" departure="12:47">Hopsbro</stop>
    <stop arrival="12:49" departure="12:49">Tveiteråsskiftet</stop>
    <stop arrival="12:50" departure="12:50">Paradis</stop>
    <stop arrival="12:52" departure="12:52">Nydalen</stop>
    <stop arrival="12:54" departure="12:54">Fantoft</stop>
    <stop arrival="12:55" departure="12:55">Storetveit</stop>
    <stop arrival="12:55" departure="12:55">Elvebakken</stop>
    <stop arrival="12:56" departure="12:56">Minde</stop>
    <stop arrival="12:59" departure="12:59">Mindemyren</stop>
    <stop arrival="13:00" departure="13:00">Postterminalen</stop>
    <stop arrival="13:00" departure="13:00">Kanalveien v/LBK</stop>
    <stop arrival="13:02" departure="13:02">Danmarksplass v/Forum kino</stop>
    <stop arrival="13:07" departure="13:07">Bergen Busstasjon</stop>
    <stop arrival="13:10" departure="13:10">Christies gate (Festplassen)</stop>
    <stop arrival="13:15">Bergen Busstasjon</stop>
  </route>
  <route no="620" destination="Bergen Busstasjon" url="http://www.web2051.no/bin/tp/zuginfo.exe/on/741696/252957/143668/175402/1/" trafficDays="kjører Lø, ikke 1. Mai">
    <stop departure="12:15" routeNo="620">Os - Osøyro</stop>
    <stop arrival="12:16" departure="12:16">Fjellheim</stop>
    <stop arrival="12:17" departure="12:17">Kuven</stop>
    <stop arrival="12:18" departure="12:18">Flåten (Os)</stop>
    <stop arrival="12:19" departure="12:19">Flåten Senter</stop>
    <stop arrival="12:20" departure="12:20">Tøsdalskiftet</stop>
    <stop arrival="12:20" departure="12:20">Ulvenskiftet</stop>
    <stop arrival="12:21" departure="12:21">Hetleflåten</stop>
    <stop arrival="12:22" departure="12:22">Helleflåttre</stop>
    <stop arrival="12:24" departure="12:24">Storestraumen</stop>
    <stop arrival="12:25" departure="12:25">Søfteland skule</stop>
    <stop arrival="12:26" departure="12:26">Søfteland</stop>
    <stop arrival="12:26" departure="12:26">Gåssandskiftet</stop>
    <stop arrival="12:27" departure="12:27">Tømmernes</stop>
    <stop arrival="12:28" departure="12:28">Røykenes (Os)</stop>
    <stop arrival="12:29" departure="12:29">Bahus</stop>
    <stop arrival="12:30" departure="12:30">Fløysand</stop>
    <stop arrival="12:30" departure="12:30">Kalandseid</stop>
    <stop arrival="12:31" departure="12:31">Austevoll (Fana)</stop>
    <stop arrival="12:32" departure="12:32">Kaland (Fana)</stop>
    <stop arrival="12:33" departure="12:33">Smådalen (Kaland i Fana)</stop>
    <stop arrival="12:33" departure="12:33">Kaland skole (Fana)</stop>
    <stop arrival="12:35" departure="12:35">Nedre Sandven</stop>
    <stop arrival="12:35" departure="12:35">Sandven</stop>
    <stop arrival="12:36" departure="12:36">Øvre Hatlestad</stop>
    <stop arrival="12:37" departure="12:37">Hatlestadlia</stop>
    <stop arrival="12:38" departure="12:38">Hatlestad terr.</stop>
    <stop arrival="12:39" departure="12:39">Valle (Fana)</stop>
    <stop arrival="12:40" departure="12:40">Kirkebirkeland</stop>
    <stop arrival="12:41" departure="12:41">Lilletvedt</stop>
    <stop arrival="12:42" departure="12:42">Bjørkåsen</stop>
    <stop arrival="12:43" departure="12:43">Elvenes vegkryss</stop>
    <stop arrival="12:44" departure="12:44">Skjoldskiftet</stop>
    <stop arrival="12:44" departure="12:44">Nesttun</stop>
    <stop arrival="12:45" departure="12:45">Nesttun terminal</stop>
    <stop arrival="12:47" departure="12:47">Hopsbro</stop>
    <stop arrival="12:49" departure="12:49">Tveiteråsskiftet</stop>
    <stop arrival="12:50" departure="12:50">Paradis</stop>
    <stop arrival="12:52" departure="12:52">Nydalen</stop>
    <stop arrival="12:54" departure="12:54">Fantoft</stop>
    <stop arrival="12:55" departure="12:55">Storetveit</stop>
    <stop arrival="12:55" departure="12:55">Elvebakken</stop>
    <stop arrival="12:56" departure="12:56">Minde</stop>
    <stop arrival="13:00" departure="13:00">Mindemyren</stop>
    <stop arrival="13:01" departure="13:01">Postterminalen</stop>
    <stop arrival="13:01" departure="13:01">Kanalveien v/LBK</stop>
    <stop arrival="13:03" departure="13:03">Danmarksplass v/Forum kino</stop>
    <stop arrival="13:08" departure="13:08">Bergen Busstasjon</stop>
    <stop arrival="13:11" departure="13:11">Christies gate (Festplassen)</stop>
    <stop arrival="13:16">Bergen Busstasjon</stop>
  </route>
  <route no="620" destination="Bergen Busstasjon" url="http://www.web2051.no/bin/tp/zuginfo.exe/on/953754/323703/996156/180160/1/" trafficDays="kjører Ma - Fr, ikke 13., 17., 24. Mai">
    <stop departure="12:15" routeNo="620">Os - Osøyro</stop>
    <stop arrival="12:16" departure="12:16">Fjellheim</stop>
    <stop arrival="12:17" departure="12:17">Kuven</stop>
    <stop arrival="12:18" departure="12:18">Flåten (Os)</stop>
    <stop arrival="12:19" departure="12:19">Flåten Senter</stop>
    <stop arrival="12:20" departure="12:20">Tøsdalskiftet</stop>
    <stop arrival="12:20" departure="12:20">Ulvenskiftet</stop>
    <stop arrival="12:21" departure="12:21">Hetleflåten</stop>
    <stop arrival="12:22" departure="12:22">Helleflåttre</stop>
    <stop arrival="12:24" departure="12:24">Storestraumen</stop>
    <stop arrival="12:25" departure="12:25">Søfteland skule</stop>
    <stop arrival="12:26" departure="12:26">Søfteland</stop>
    <stop arrival="12:26" departure="12:26">Gåssandskiftet</stop>
    <stop arrival="12:27" departure="12:27">Tømmernes</stop>
    <stop arrival="12:28" departure="12:28">Røykenes (Os)</stop>
    <stop arrival="12:29" departure="12:29">Bahus</stop>
    <stop arrival="12:30" departure="12:30">Fløysand</stop>
    <stop arrival="12:30" departure="12:30">Kalandseid</stop>
    <stop arrival="12:31" departure="12:31">Austevoll (Fana)</stop>
    <stop arrival="12:32" departure="12:32">Kaland (Fana)</stop>
    <stop arrival="12:33" departure="12:33">Smådalen (Kaland i Fana)</stop>
    <stop arrival="12:33" departure="12:33">Kaland skole (Fana)</stop>
    <stop arrival="12:35" departure="12:35">Nedre Sandven</stop>
    <stop arrival="12:35" departure="12:35">Sandven</stop>
    <stop arrival="12:36" departure="12:36">Øvre Hatlestad</stop>
    <stop arrival="12:37" departure="12:37">Hatlestadlia</stop>
    <stop arrival="12:38" departure="12:38">Hatlestad terr.</stop>
    <stop arrival="12:39" departure="12:39">Valle (Fana)</stop>
    <stop arrival="12:40" departure="12:40">Kirkebirkeland</stop>
    <stop arrival="12:41" departure="12:41">Lilletvedt</stop>
    <stop arrival="12:42" departure="12:42">Bjørkåsen</stop>
    <stop arrival="12:43" departure="12:43">Elvenes vegkryss</stop>
    <stop arrival="12:44" departure="12:44">Skjoldskiftet</stop>
    <stop arrival="12:44" departure="12:44">Nesttun</stop>
    <stop arrival="12:45" departure="12:45">Nesttun terminal</stop>
    <stop arrival="12:47" departure="12:47">Hopsbro</stop>
    <stop arrival="12:49" departure="12:49">Tveiteråsskiftet</stop>
    <stop arrival="12:50" departure="12:50">Paradis</stop>
    <stop arrival="12:52" departure="12:52">Nydalen</stop>
    <stop arrival="12:54" departure="12:54">Fantoft</stop>
    <stop arrival="12:55" departure="12:55">Storetveit</stop>
    <stop arrival="12:55" departure="12:55">Elvebakken</stop>
    <stop arrival="12:56" departure="12:56">Minde</stop>
    <stop arrival="12:59" departure="12:59">Mindemyren</stop>
    <stop arrival="13:00" departure="13:00">Postterminalen</stop>
    <stop arrival="13:01" departure="13:01">Kanalveien v/LBK</stop>
    <stop arrival="13:03" departure="13:03">Danmarksplass v/Forum kino</stop>
    <stop arrival="13:08" departure="13:08">Bergen Busstasjon</stop>
    <stop arrival="13:11" departure="13:11">Christies gate (Festplassen)</stop>
    <stop arrival="13:16">Bergen Busstasjon</stop>
  </route>
  <route no="620" destination="Os - Osøyro" url="http://www.web2051.no/bin/tp/zuginfo.exe/on/128217/48523/894342/404432/1/" trafficDays="kjører Ma - Fr, ikke 13., 17., 24. Mai">
    <stop departure="11:50" routeNo="620">Bergen Busstasjon</stop>
    <stop arrival="11:53" departure="11:53">Danmarksplass</stop>
    <stop arrival="11:54" departure="11:54">Solheimsgaten</stop>
    <stop arrival="11:55" departure="11:55">Reperbanen</stop>
    <stop arrival="11:57" departure="11:57">Fjøsangerveien/ Minde Allè</stop>
    <stop arrival="11:58" departure="11:58">Minde</stop>
    <stop arrival="11:59" departure="11:59">Elvebakken</stop>
    <stop arrival="11:59" departure="11:59">Storetveit</stop>
    <stop arrival="11:59" departure="11:59">Fantoft</stop>
    <stop arrival="12:00" departure="12:00">Nydalen</stop>
    <stop arrival="12:01" departure="12:01">Paradis</stop>
    <stop arrival="12:02" departure="12:02">Tveiteråsskiftet</stop>
    <stop arrival="12:03" departure="12:03">Hopsbro</stop>
    <stop arrival="12:05" departure="12:05">Hopstangen</stop>
    <stop arrival="12:06" departure="12:06">Nesttun terminal</stop>
    <stop arrival="12:06" departure="12:06">Nesttun</stop>
    <stop arrival="12:07" departure="12:07">Skjoldskiftet</stop>
    <stop arrival="12:08" departure="12:08">Elvenes vegkryss</stop>
    <stop arrival="12:08" departure="12:08">Bjørkåsen</stop>
    <stop arrival="12:09" departure="12:09">Lilletvedt</stop>
    <stop arrival="12:10" departure="12:10">Kirkebirkeland</stop>
    <stop arrival="12:11" departure="12:11">Valle (Fana)</stop>
    <stop arrival="12:12" departure="12:12">Hatlestad terr.</stop>
    <stop arrival="12:14" departure="12:14">Øvre Hatlestad</stop>
    <stop arrival="12:16" departure="12:16">Sandven</stop>
    <stop arrival="12:17" departure="12:17">Nedre Sandven</stop>
    <stop arrival="12:18" departure="12:18">Kaland skole (Fana)</stop>
    <stop arrival="12:19" departure="12:19">Kaland (Fana)</stop>
    <stop arrival="12:20" departure="12:20">Austevoll (Fana)</stop>
    <stop arrival="12:21" departure="12:21">Kalandseid</stop>
    <stop arrival="12:21" departure="12:21">Fløysand</stop>
    <stop arrival="12:22" departure="12:22">Bahus</stop>
    <stop arrival="12:23" departure="12:23">Røykenes (Os)</stop>
    <stop arrival="12:24" departure="12:24">Tømmernes</stop>
    <stop arrival="12:25" departure="12:25">Gåssandskiftet</stop>
    <stop arrival="12:25" departure="12:25">Søfteland</stop>
    <stop arrival="12:26" departure="12:26">Søfteland skule</stop>
    <stop arrival="12:27" departure="12:27">Storestraumen</stop>
    <stop arrival="12:29" departure="12:29">Hetleflåttre</stop>
    <stop arrival="12:30" departure="12:30">Hetleflåten</stop>
    <stop arrival="12:31" departure="12:31">Ulvenskiftet</stop>
    <stop arrival="12:31" departure="12:31">Tøsdalskiftet</stop>
    <stop arrival="12:32" departure="12:32">Flåten Senter</stop>
    <stop arrival="12:33" departure="12:33">Flåten (Os)</stop>
    <stop arrival="12:34" departure="12:34">Kuven</stop>
    <stop arrival="12:35" departure="12:35">Fjellheim</stop>
    <stop arrival="12:36">Os - Osøyro</stop>
  </route>
  <route no="620" destination="Os - Osøyro" url="http://www.web2051.no/bin/tp/zuginfo.exe/on/923256/313478/59520/277993/1/" trafficDays="kjører Lø, ikke 1. Mai">
    <stop departure="11:45" routeNo="620">Olav Kyrres gate</stop>
    <stop arrival="11:50" departure="11:50">Bergen Busstasjon</stop>
    <stop arrival="11:54" departure="11:54">Danmarksplass</stop>
    <stop arrival="11:55" departure="11:55">Solheimsgaten</stop>
    <stop arrival="11:56" departure="11:56">Reperbanen</stop>
    <stop arrival="11:58" departure="11:58">Fjøsangerveien/ Minde Allè</stop>
    <stop arrival="11:59" departure="11:59">Minde</stop>
    <stop arrival="12:00" departure="12:00">Elvebakken</stop>
    <stop arrival="12:00" departure="12:00">Storetveit</stop>
    <stop arrival="12:00" departure="12:00">Fantoft</stop>
    <stop arrival="12:01" departure="12:01">Nydalen</stop>
    <stop arrival="12:02" departure="12:02">Paradis</stop>
    <stop arrival="12:03" departure="12:03">Tveiteråsskiftet</stop>
    <stop arrival="12:04" departure="12:04">Hopsbro</stop>
    <stop arrival="12:06" departure="12:06">Hopstangen</stop>
    <stop arrival="12:07" departure="12:07">Nesttun terminal</stop>
    <stop arrival="12:07" departure="12:07">Nesttun</stop>
    <stop arrival="12:08" departure="12:08">Skjoldskiftet</stop>
    <stop arrival="12:09" departure="12:09">Elvenes vegkryss</stop>
    <stop arrival="12:09" departure="12:09">Bjørkåsen</stop>
    <stop arrival="12:10" departure="12:10">Lilletvedt</stop>
    <stop arrival="12:11" departure="12:11">Kirkebirkeland</stop>
    <stop arrival="12:12" departure="12:12">Valle (Fana)</stop>
    <stop arrival="12:13" departure="12:13">Hatlestad terr.</stop>
    <stop arrival="12:15" departure="12:15">Øvre Hatlestad</stop>
    <stop arrival="12:17" departure="12:17">Sandven</stop>
    <stop arrival="12:18" departure="12:18">Nedre Sandven</stop>
    <stop arrival="12:19" departure="12:19">Kaland skole (Fana)</stop>
    <stop arrival="12:20" departure="12:20">Kaland (Fana)</stop>
    <stop arrival="12:21" departure="12:21">Austevoll (Fana)</stop>
    <stop arrival="12:22" departure="12:22">Kalandseid</stop>
    <stop arrival="12:22" departure="12:22">Fløysand</stop>
    <stop arrival="12:23" departure="12:23">Bahus</stop>
    <stop arrival="12:24" departure="12:24">Røykenes (Os)</stop>
    <stop arrival="12:25" departure="12:25">Tømmernes</stop>
    <stop arrival="12:26" departure="12:26">Gåssandskiftet</stop>
    <stop arrival="12:26" departure="12:26">Søfteland</stop>
    <stop arrival="12:27" departure="12:27">Søfteland skule</stop>
    <stop arrival="12:28" departure="12:28">Storestraumen</stop>
    <stop arrival="12:30" departure="12:30">Hetleflåttre</stop>
    <stop arrival="12:31" departure="12:31">Hetleflåten</stop>
    <stop arrival="12:32" departure="12:32">Ulvenskiftet</stop>
    <stop arrival="12:32" departure="12:32">Tøsdalskiftet</stop>
    <stop arrival="12:33" departure="12:33">Flåten Senter</stop>
    <stop arrival="12:34" departure="12:34">Flåten (Os)</stop>
    <stop arrival="12:35" departure="12:35">Kuven</stop>
    <stop arrival="12:36" departure="12:36">Fjellheim</stop>
    <stop arrival="12:37">Os - Osøyro</stop>
  </route>
  <route no="620" destination="Os - Osøyro" url="http://www.web2051.no/bin/tp/zuginfo.exe/on/548763/188619/9946/177949/1/" trafficDays="kjører Sø, også 1., 13., 17., 24. Mai">
    <stop departure="11:45" routeNo="620">Olav Kyrres gate</stop>
    <stop arrival="11:50" departure="11:50">Bergen Busstasjon</stop>
    <stop arrival="11:54" departure="11:54">Danmarksplass</stop>
    <stop arrival="11:55" departure="11:55">Solheimsgaten</stop>
    <stop arrival="11:56" departure="11:56">Reperbanen</stop>
    <stop arrival="11:58" departure="11:58">Fjøsangerveien/ Minde Allè</stop>
    <stop arrival="11:59" departure="11:59">Minde</stop>
    <stop arrival="12:00" departure="12:00">Elvebakken</stop>
    <stop arrival="12:00" departure="12:00">Storetveit</stop>
    <stop arrival="12:00" departure="12:00">Fantoft</stop>
    <stop arrival="12:01" departure="12:01">Nydalen</stop>
    <stop arrival="12:02" departure="12:02">Paradis</stop>
    <stop arrival="12:03" departure="12:03">Tveiteråsskiftet</stop>
    <stop arrival="12:04" departure="12:04">Hopsbro</stop>
    <stop arrival="12:06" departure="12:06">Hopstangen</stop>
    <stop arrival="12:07" departure="12:07">Nesttun terminal</stop>
    <stop arrival="12:08" departure="12:08">Nesttun</stop>
    <stop arrival="12:08" departure="12:08">Skjoldskiftet</stop>
    <stop arrival="12:09" departure="12:09">Elvenes vegkryss</stop>
    <stop arrival="12:10" departure="12:10">Bjørkåsen</stop>
    <stop arrival="12:11" departure="12:11">Lilletvedt</stop>
    <stop arrival="12:13" departure="12:13">Kirkebirkeland</stop>
    <stop arrival="12:14" departure="12:14">Valle (Fana)</stop>
    <stop arrival="12:15" departure="12:15">Hatlestad terr.</stop>
    <stop arrival="12:17" departure="12:17">Øvre Hatlestad</stop>
    <stop arrival="12:19" departure="12:19">Sandven</stop>
    <stop arrival="12:20" departure="12:20">Nedre Sandven</stop>
    <stop arrival="12:21" departure="12:21">Kaland skole (Fana)</stop>
    <stop arrival="12:23" departure="12:23">Kaland (Fana)</stop>
    <stop arrival="12:24" departure="12:24">Austevoll (Fana)</stop>
    <stop arrival="12:25" departure="12:25">Kalandseid</stop>
    <stop arrival="12:25" departure="12:25">Fløysand</stop>
    <stop arrival="12:26" departure="12:26">Bahus</stop>
    <stop arrival="12:27" departure="12:27">Røykenes (Os)</stop>
    <stop arrival="12:28" departure="12:28">Tømmernes</stop>
    <stop arrival="12:29" departure="12:29">Gåssandskiftet</stop>
    <stop arrival="12:29" departure="12:29">Søfteland</stop>
    <stop arrival="12:30" departure="12:30">Søfteland skule</stop>
    <stop arrival="12:31" departure="12:31">Storestraumen</stop>
    <stop arrival="12:33" departure="12:33">Hetleflåttre</stop>
    <stop arrival="12:34" departure="12:34">Hetleflåten</stop>
    <stop arrival="12:35" departure="12:35">Ulvenskiftet</stop>
    <stop arrival="12:35" departure="12:35">Tøsdalskiftet</stop>
    <stop arrival="12:36" departure="12:36">Flåten Senter</stop>
    <stop arrival="12:37" departure="12:37">Flåten (Os)</stop>
    <stop arrival="12:38" departure="12:38">Kuven</stop>
    <stop arrival="12:39" departure="12:39">Fjellheim</stop>
    <stop arrival="12:40">Os - Osøyro</stop>
  </route>
  <route no="620" destination="Bergen Busstasjon" url="http://www.web2051.no/bin/tp/zuginfo.exe/on/54855/24070/63410/13421/1/" trafficDays="kjører Ma - Fr, ikke 13., 17., 24. Mai">
    <stop departure="12:35" routeNo="620">Os - Osøyro</stop>
    <stop arrival="12:36" departure="12:36">Fjellheim</stop>
    <stop arrival="12:37" departure="12:37">Kuven</stop>
    <stop arrival="12:38" departure="12:38">Flåten (Os)</stop>
    <stop arrival="12:39" departure="12:39">Flåten Senter</stop>
    <stop arrival="12:40" departure="12:40">Tøsdalskiftet</stop>
    <stop arrival="12:40" departure="12:40">Ulvenskiftet</stop>
    <stop arrival="12:41" departure="12:41">Hetleflåten</stop>
    <stop arrival="12:42" departure="12:42">Helleflåttre</stop>
    <stop arrival="12:44" departure="12:44">Storestraumen</stop>
    <stop arrival="12:45" departure="12:45">Søfteland skule</stop>
    <stop arrival="12:46" departure="12:46">Søfteland</stop>
    <stop arrival="12:46" departure="12:46">Gåssandskiftet</stop>
    <stop arrival="12:47" departure="12:47">Tømmernes</stop>
    <stop arrival="12:48" departure="12:48">Røykenes (Os)</stop>
    <stop arrival="12:49" departure="12:49">Bahus</stop>
    <stop arrival="12:50" departure="12:50">Fløysand</stop>
    <stop arrival="12:50" departure="12:50">Kalandseid</stop>
    <stop arrival="12:51" departure="12:51">Austevoll (Fana)</stop>
    <stop arrival="12:52" departure="12:52">Kaland (Fana)</stop>
    <stop arrival="12:53" departure="12:53">Smådalen (Kaland i Fana)</stop>
    <stop arrival="12:53" departure="12:53">Kaland skole (Fana)</stop>
    <stop arrival="12:55" departure="12:55">Nedre Sandven</stop>
    <stop arrival="12:55" departure="12:55">Sandven</stop>
    <stop arrival="12:56" departure="12:56">Øvre Hatlestad</stop>
    <stop arrival="12:57" departure="12:57">Hatlestadlia</stop>
    <stop arrival="12:58" departure="12:58">Hatlestad terr.</stop>
    <stop arrival="12:59" departure="12:59">Valle (Fana)</stop>
    <stop arrival="13:00" departure="13:00">Kirkebirkeland</stop>
    <stop arrival="13:01" departure="13:01">Lilletvedt</stop>
    <stop arrival="13:02" departure="13:02">Bjørkåsen</stop>
    <stop arrival="13:03" departure="13:03">Elvenes vegkryss</stop>
    <stop arrival="13:04" departure="13:04">Skjoldskiftet</stop>
    <stop arrival="13:04" departure="13:04">Nesttun</stop>
    <stop arrival="13:05" departure="13:05">Nesttun terminal</stop>
    <stop arrival="13:07" departure="13:07">Hopsbro</stop>
    <stop arrival="13:09" departure="13:09">Tveiteråsskiftet</stop>
    <stop arrival="13:10" departure="13:10">Paradis</stop>
    <stop arrival="13:12" departure="13:12">Nydalen</stop>
    <stop arrival="13:14" departure="13:14">Fantoft</stop>
    <stop arrival="13:15" departure="13:15">Storetveit</stop>
    <stop arrival="13:15" departure="13:15">Elvebakken</stop>
    <stop arrival="13:16" departure="13:16">Minde</stop>
    <stop arrival="13:19" departure="13:19">Mindemyren</stop>
    <stop arrival="13:20" departure="13:20">Postterminalen</stop>
    <stop arrival="13:21" departure="13:21">Kanalveien v/LBK</stop>
    <stop arrival="13:23" departure="13:23">Danmarksplass v/Forum kino</stop>
    <stop arrival="13:28" departure="13:28">Bergen Busstasjon</stop>
    <stop arrival="13:31" departure="13:31">Christies gate (Festplassen)</stop>
    <stop arrival="13:36">Bergen Busstasjon</stop>
  </route>
  <route no="620" destination="Os - Osøyro" url="http://www.web2051.no/bin/tp/zuginfo.exe/on/458838/158712/809108/251610/1/" trafficDays="kjører Ma - Fr, ikke 13., 17., 24. Mai">
    <stop departure="12:10" routeNo="620">Bergen Busstasjon</stop>
    <stop arrival="12:13" departure="12:13">Danmarksplass</stop>
    <stop arrival="12:14" departure="12:14">Solheimsgaten</stop>
    <stop arrival="12:15" departure="12:15">Reperbanen</stop>
    <stop arrival="12:17" departure="12:17">Fjøsangerveien/ Minde Allè</stop>
    <stop arrival="12:18" departure="12:18">Minde</stop>
    <stop arrival="12:19" departure="12:19">Elvebakken</stop>
    <stop arrival="12:19" departure="12:19">Storetveit</stop>
    <stop arrival="12:19" departure="12:19">Fantoft</stop>
    <stop arrival="12:20" departure="12:20">Nydalen</stop>
    <stop arrival="12:21" departure="12:21">Paradis</stop>
    <stop arrival="12:22" departure="12:22">Tveiteråsskiftet</stop>
    <stop arrival="12:23" departure="12:23">Hopsbro</stop>
    <stop arrival="12:25" departure="12:25">Hopstangen</stop>
    <stop arrival="12:26" departure="12:26">Nesttun terminal</stop>
    <stop arrival="12:26" departure="12:26">Nesttun</stop>
    <stop arrival="12:27" departure="12:27">Skjoldskiftet</stop>
    <stop arrival="12:28" departure="12:28">Elvenes vegkryss</stop>
    <stop arrival="12:28" departure="12:28">Bjørkåsen</stop>
    <stop arrival="12:29" departure="12:29">Lilletvedt</stop>
    <stop arrival="12:30" departure="12:30">Kirkebirkeland</stop>
    <stop arrival="12:31" departure="12:31">Valle (Fana)</stop>
    <stop arrival="12:32" departure="12:32">Hatlestad terr.</stop>
    <stop arrival="12:34" departure="12:34">Øvre Hatlestad</stop>
    <stop arrival="12:36" departure="12:36">Sandven</stop>
    <stop arrival="12:37" departure="12:37">Nedre Sandven</stop>
    <stop arrival="12:38" departure="12:38">Kaland skole (Fana)</stop>
    <stop arrival="12:39" departure="12:39">Kaland (Fana)</stop>
    <stop arrival="12:40" departure="12:40">Austevoll (Fana)</stop>
    <stop arrival="12:41" departure="12:41">Kalandseid</stop>
    <stop arrival="12:41" departure="12:41">Fløysand</stop>
    <stop arrival="12:42" departure="12:42">Bahus</stop>
    <stop arrival="12:43" departure="12:43">Røykenes (Os)</stop>
    <stop arrival="12:44" departure="12:44">Tømmernes</stop>
    <stop arrival="12:45" departure="12:45">Gåssandskiftet</stop>
    <stop arrival="12:45" departure="12:45">Søfteland</stop>
    <stop arrival="12:46" departure="12:46">Søfteland skule</stop>
    <stop arrival="12:47" departure="12:47">Storestraumen</stop>
    <stop arrival="12:49" departure="12:49">Hetleflåttre</stop>
    <stop arrival="12:50" departure="12:50">Hetleflåten</stop>
    <stop arrival="12:51" departure="12:51">Ulvenskiftet</stop>
    <stop arrival="12:51" departure="12:51">Tøsdalskiftet</stop>
    <stop arrival="12:52" departure="12:52">Flåten Senter</stop>
    <stop arrival="12:53" departure="12:53">Flåten (Os)</stop>
    <stop arrival="12:54" departure="12:54">Kuven</stop>
    <stop arrival="12:55" departure="12:55">Fjellheim</stop>
    <stop arrival="12:56">Os - Osøyro</stop>
  </route>
  <route no="620" destination="Bergen Busstasjon" url="http://www.web2051.no/bin/tp/zuginfo.exe/on/892998/303396/716560/60614/1/" trafficDays="kjører Lø, ikke 1. Mai">
    <stop departure="12:50" routeNo="620">Tøsdalskiftet</stop>
    <stop arrival="12:50" departure="12:50">Ulvenskiftet</stop>
    <stop arrival="12:51" departure="12:51">Hetleflåten</stop>
    <stop arrival="12:52" departure="12:52">Helleflåttre</stop>
    <stop arrival="12:54" departure="12:54">Storestraumen</stop>
    <stop arrival="12:55" departure="12:55">Søfteland skule</stop>
    <stop arrival="12:56" departure="12:56">Søfteland</stop>
    <stop arrival="12:56" departure="12:56">Gåssandskiftet</stop>
    <stop arrival="12:57" departure="12:57">Tømmernes</stop>
    <stop arrival="12:58" departure="12:58">Røykenes (Os)</stop>
    <stop arrival="12:59" departure="12:59">Bahus</stop>
    <stop arrival="13:00" departure="13:00">Fløysand</stop>
    <stop arrival="13:00" departure="13:00">Kalandseid</stop>
    <stop arrival="13:01" departure="13:01">Austevoll (Fana)</stop>
    <stop arrival="13:02" departure="13:02">Kaland (Fana)</stop>
    <stop arrival="13:03" departure="13:03">Smådalen (Kaland i Fana)</stop>
    <stop arrival="13:03" departure="13:03">Kaland skole (Fana)</stop>
    <stop arrival="13:05" departure="13:05">Nedre Sandven</stop>
    <stop arrival="13:05" departure="13:05">Sandven</stop>
    <stop arrival="13:06" departure="13:06">Øvre Hatlestad</stop>
    <stop arrival="13:07" departure="13:07">Hatlestadlia</stop>
    <stop arrival="13:08" departure="13:08">Hatlestad terr.</stop>
    <stop arrival="13:09" departure="13:09">Valle (Fana)</stop>
    <stop arrival="13:10" departure="13:10">Kirkebirkeland</stop>
    <stop arrival="13:11" departure="13:11">Lilletvedt</stop>
    <stop arrival="13:12" departure="13:12">Bjørkåsen</stop>
    <stop arrival="13:13" departure="13:13">Elvenes vegkryss</stop>
    <stop arrival="13:14" departure="13:14">Skjoldskiftet</stop>
    <stop arrival="13:14" departure="13:14">Nesttun</stop>
    <stop arrival="13:15" departure="13:15">Nesttun terminal</stop>
    <stop arrival="13:17" departure="13:17">Hopsbro</stop>
    <stop arrival="13:19" departure="13:19">Tveiteråsskiftet</stop>
    <stop arrival="13:20" departure="13:20">Paradis</stop>
    <stop arrival="13:22" departure="13:22">Nydalen</stop>
    <stop arrival="13:24" departure="13:24">Fantoft</stop>
    <stop arrival="13:25" departure="13:25">Storetveit</stop>
    <stop arrival="13:25" departure="13:25">Elvebakken</stop>
    <stop arrival="13:26" departure="13:26">Minde</stop>
    <stop arrival="13:30" departure="13:30">Mindemyren</stop>
    <stop arrival="13:31" departure="13:31">Postterminalen</stop>
    <stop arrival="13:31" departure="13:31">Kanalveien v/LBK</stop>
    <stop arrival="13:33" departure="13:33">Danmarksplass v/Forum kino</stop>
    <stop arrival="13:38" departure="13:38">Bergen Busstasjon</stop>
    <stop arrival="13:41" departure="13:41">Christies gate (Festplassen)</stop>
    <stop arrival="13:46">Bergen Busstasjon</stop>
  </route>
</routes>
