<?xml version="1.0" encoding="UTF-8"?>
<routes>
  <route no="630" destination="Os - Osøyro" url="http://www.web2051.no/bin/tp/zuginfo.exe/on/480813/166138/467642/73552/1/" trafficDays="kjører Sø, også 1., 13., 17., 24. Mai">
    <stop departure="12:00" routeNo="630">Halhjemsmarka</stop>
    <stop arrival="12:02" departure="12:02">Auredalen</stop>
    <stop arrival="12:03" departure="12:03">Vernøy</stop>
    <stop arrival="12:05" departure="12:05">Halhjem</stop>
    <stop arrival="12:06" departure="12:06">Halhjem kafe</stop>
    <stop arrival="12:07" departure="12:07">Haugland (Os)</stop>
    <stop arrival="12:08" departure="12:08">Nesjabuen</stop>
    <stop arrival="12:09" departure="12:09">Lekven</stop>
    <stop arrival="12:10" departure="12:10">Trolldalen (Os)</stop>
    <stop arrival="12:12" departure="12:12">Mobergslien</stop>
    <stop arrival="12:13" departure="12:13">Moberg</stop>
    <stop arrival="12:14" departure="12:14">Mobergsbakken</stop>
    <stop arrival="12:15" departure="12:15">Os kai</stop>
    <stop arrival="12:15">Os - Osøyro</stop>
  </route>
  <route no="630" destination="Halhjemsmarka" url="http://www.web2051.no/bin/tp/zuginfo.exe/on/500544/172754/406394/36350/1/" trafficDays="kjører Ma - Fr, ikke 13., 17., 24. Mai">
    <stop departure="12:10" routeNo="630">Os - Osøyro</stop>
    <stop arrival="12:11" departure="12:11">Mobergsbakken</stop>
    <stop arrival="12:12" departure="12:12">Moberg</stop>
    <stop arrival="12:13" departure="12:13">Mobergslien</stop>
    <stop arrival="12:14" departure="12:14">Trolldalen (Os)</stop>
    <stop arrival="12:15" departure="12:15">Lekven</stop>
    <stop arrival="12:16" departure="12:16">Lunde (Halhjemsvn.)</stop>
    <stop arrival="12:17" departure="12:17">Nesjabuen</stop>
    <stop arrival="12:18" departure="12:18">Haugland (Os)</stop>
    <stop arrival="12:19" departure="12:19">Halhjem kafe</stop>
    <stop arrival="12:20" departure="12:20">Halhjem</stop>
    <stop arrival="12:21" departure="12:21">Vernøy</stop>
    <stop arrival="12:23" departure="12:23">Auredalen</stop>
    <stop arrival="12:25">Halhjemsmarka</stop>
  </route>
  <route no="630" destination="Halhjemsmarka" url="http://www.web2051.no/bin/tp/zuginfo.exe/on/388656/135440/886058/313478/1/" trafficDays="kjører Lø, ikke 1. Mai">
    <stop departure="12:15" routeNo="630">Os - Osøyro</stop>
    <stop arrival="12:16" departure="12:16">Mobergsbakken</stop>
    <stop arrival="12:17" departure="12:17">Moberg</stop>
    <stop arrival="12:18" departure="12:18">Mobergslien</stop>
    <stop arrival="12:19" departure="12:19">Trolldalen (Os)</stop>
    <stop arrival="12:20" departure="12:20">Lekven</stop>
    <stop arrival="12:21" departure="12:21">Lunde (Halhjemsvn.)</stop>
    <stop arrival="12:22" departure="12:22">Nesjabuen</stop>
    <stop arrival="12:23" departure="12:23">Haugland (Os)</stop>
    <stop arrival="12:24" departure="12:24">Halhjem kafe</stop>
    <stop arrival="12:25" departure="12:25">Halhjem</stop>
    <stop arrival="12:26" departure="12:26">Vernøy</stop>
    <stop arrival="12:28" departure="12:28">Auredalen</stop>
    <stop arrival="12:30">Halhjemsmarka</stop>
  </route>
  <route no="630" destination="Os - Osøyro" url="http://www.web2051.no/bin/tp/zuginfo.exe/on/566490/194720/781460/201900/1/" trafficDays="kjører Ma - Lø, ikke 1., 13., 17., 24. Mai">
    <stop departure="12:30" routeNo="630">Halhjemsmarka</stop>
    <stop arrival="12:32" departure="12:32">Auredalen</stop>
    <stop arrival="12:33" departure="12:33">Vernøy</stop>
    <stop arrival="12:35" departure="12:35">Halhjem</stop>
    <stop arrival="12:36" departure="12:36">Halhjem kafe</stop>
    <stop arrival="12:37" departure="12:37">Haugland (Os)</stop>
    <stop arrival="12:38" departure="12:38">Nesjabuen</stop>
    <stop arrival="12:39" departure="12:39">Lekven</stop>
    <stop arrival="12:40" departure="12:40">Trolldalen (Os)</stop>
    <stop arrival="12:42" departure="12:42">Mobergslien</stop>
    <stop arrival="12:43" departure="12:43">Moberg</stop>
    <stop arrival="12:44" departure="12:44">Mobergsbakken</stop>
    <stop arrival="12:45" departure="12:45">Os kai</stop>
    <stop arrival="12:45">Os - Osøyro</stop>
  </route>
  <route no="630" destination="Halhjemsmarka" url="http://www.web2051.no/bin/tp/zuginfo.exe/on/672138/229915/130316/158889/1/" trafficDays="kjører Sø, også 1., 13., 17., 24. Mai">
    <stop departure="12:40" routeNo="630">Os - Osøyro</stop>
    <stop arrival="12:41" departure="12:41">Mobergsbakken</stop>
    <stop arrival="12:42" departure="12:42">Moberg</stop>
    <stop arrival="12:43" departure="12:43">Mobergslien</stop>
    <stop arrival="12:44" departure="12:44">Trolldalen (Os)</stop>
    <stop arrival="12:45" departure="12:45">Lekven</stop>
    <stop arrival="12:46" departure="12:46">Lunde (Halhjemsvn.)</stop>
    <stop arrival="12:47" departure="12:47">Nesjabuen</stop>
    <stop arrival="12:48" departure="12:48">Haugland (Os)</stop>
    <stop arrival="12:49" departure="12:49">Halhjem kafe</stop>
    <stop arrival="12:50" departure="12:50">Halhjem</stop>
    <stop arrival="12:51" departure="12:51">Vernøy</stop>
    <stop arrival="12:53" departure="12:53">Auredalen</stop>
    <stop arrival="12:55">Halhjemsmarka</stop>
  </route>
</routes>
