<?xml version="1.0" encoding="UTF-8"?>
<routes>
  <route no="90" destination="Sletten (Bergen)" url="http://www.web2051.no/bin/tp/zuginfo.exe/on/89091/34545/228084/84346/1/" trafficDays="kjører Sø, også 1., 13., 17., 24. Mai">
    <stop departure="11:45" routeNo="90">Støbotn snuplass</stop>
    <stop arrival="11:46" departure="11:46">Toppe</stop>
    <stop arrival="11:47" departure="11:47">Marikollen</stop>
    <stop arrival="11:47" departure="11:47">Slettestølen</stop>
    <stop arrival="11:48" departure="11:48">Lokketodalen</stop>
    <stop arrival="11:49" departure="11:49">Saudalskleivane</stop>
    <stop arrival="11:51" departure="11:51">Kollbudalen</stop>
    <stop arrival="11:52" departure="11:52">Bakketoppen, Morvik</stop>
    <stop arrival="11:53" departure="11:53">Viddalen</stop>
    <stop arrival="11:55" departure="11:55">Morvikbotn</stop>
    <stop arrival="11:56" departure="11:56">Torvbakken</stop>
    <stop arrival="11:57" departure="11:57">Spondalen</stop>
    <stop arrival="11:58" departure="11:58">Flatevad</stop>
    <stop arrival="11:59" departure="11:59">Åsane Brannstasjon</stop>
    <stop arrival="12:00" departure="12:00">Åsane terminal</stop>
    <stop arrival="12:01" departure="12:01">Hesthaugen</stop>
    <stop arrival="12:02" departure="12:02">Stamskaret</stop>
    <stop arrival="12:03" departure="12:03">Tertneskrysset nyevegen</stop>
    <stop arrival="12:05" departure="12:05">Eidsvåg</stop>
    <stop arrival="12:07" departure="12:07">Handelshøyskolen</stop>
    <stop arrival="12:08" departure="12:08">Nyhavnsvei (Gamle Bergen)</stop>
    <stop arrival="12:10" departure="12:10">Munkebotten</stop>
    <stop arrival="12:11" departure="12:11">Ludebryggen</stop>
    <stop arrival="12:12" departure="12:12">Sandvikstorget</stop>
    <stop arrival="12:13" departure="12:13">Skutevikstorget</stop>
    <stop arrival="12:14" departure="12:14">Bontelabo</stop>
    <stop arrival="12:15" departure="12:15">Slottsgaten</stop>
    <stop arrival="12:16" departure="12:16">Bryggen</stop>
    <stop arrival="12:17" departure="12:17">Olav Kyrres gate</stop>
    <stop arrival="12:22" departure="12:22">Bergen Busstasjon</stop>
    <stop arrival="12:27" departure="12:27">Danmarksplass/ Ibsens gt.</stop>
    <stop arrival="12:30" departure="12:30">Bjørnsons gate</stop>
    <stop arrival="12:32" departure="12:32">Haukelandsveien</stop>
    <stop arrival="12:33" departure="12:33">Fridalen</stop>
    <stop arrival="12:34" departure="12:34">Langhaugen</stop>
    <stop arrival="12:35" departure="12:35">Landåssvingen</stop>
    <stop arrival="12:36" departure="12:36">Hagerups vei</stop>
    <stop arrival="12:37" departure="12:37">Fageråsen</stop>
    <stop arrival="12:38" departure="12:38">Sletten Shoppingsenter</stop>
    <stop arrival="12:39" departure="12:39">Bergenshallen</stop>
    <stop arrival="12:40" departure="12:40">Johan Hjorts vei</stop>
    <stop arrival="12:42">Sletten (Bergen)</stop>
  </route>
  <route no="24" destination="Nesttun terminal" url="http://www.web2051.no/bin/tp/zuginfo.exe/on/350583/121071/491296/128790/1/" trafficDays="kjører Ma - Fr, ikke 13., 17., 24. Mai">
    <stop departure="12:04" routeNo="24">Åsane terminal</stop>
    <stop arrival="12:05" departure="12:05">Hesthaugen</stop>
    <stop arrival="12:06" departure="12:06">Stamskaret</stop>
    <stop arrival="12:07" departure="12:07">Tertneskrysset gamleveien</stop>
    <stop arrival="12:08" departure="12:08">Griggastemma</stop>
    <stop arrival="12:08" departure="12:08">Åstveitvegen</stop>
    <stop arrival="12:09" departure="12:09">Ervik øvre</stop>
    <stop arrival="12:10" departure="12:10">Ervik nedre (Sellesvingen)</stop>
    <stop arrival="12:11" departure="12:11">Selvikvegen</stop>
    <stop arrival="12:12" departure="12:12">Eidsvåg gamlevegen</stop>
    <stop arrival="12:12" departure="12:12">Fabrikkvegen</stop>
    <stop arrival="12:14" departure="12:14">Hagebyen (Eidsvåg)</stop>
    <stop arrival="12:15" departure="12:15">Lillevågen</stop>
    <stop arrival="12:16" departure="12:16">Tømmervågen</stop>
    <stop arrival="12:17" departure="12:17">Trollbekken</stop>
    <stop arrival="12:18" departure="12:18">Trolldalen (Eidsvågneset)</stop>
    <stop arrival="12:20" departure="12:20">Fagerbakken</stop>
    <stop arrival="12:22" departure="12:22">Nordre Lønborg</stop>
    <stop arrival="12:23" departure="12:23">Lønborg</stop>
    <stop arrival="12:23" departure="12:23">Brunestykket</stop>
    <stop arrival="12:24" departure="12:24">Hellebakken</stop>
    <stop arrival="12:25" departure="12:25">Eikeviken</stop>
    <stop arrival="12:26" departure="12:26">Solbakken</stop>
    <stop arrival="12:27" departure="12:27">Handelshøyskolen</stop>
    <stop arrival="12:29" departure="12:29">Nyhavnsvei (Gamle Bergen)</stop>
    <stop arrival="12:31" departure="12:31">Munkebotten</stop>
    <stop arrival="12:32" departure="12:32">Ludebryggen</stop>
    <stop arrival="12:33" departure="12:33">Sandvikstorget</stop>
    <stop arrival="12:35" departure="12:35">Skutevikstorget</stop>
    <stop arrival="12:36" departure="12:36">Bontelabo</stop>
    <stop arrival="12:38" departure="12:38">Slottsgaten</stop>
    <stop arrival="12:39" departure="12:39">Bryggen</stop>
    <stop arrival="12:40" departure="12:40">Olav Kyrres gate</stop>
    <stop arrival="12:45" departure="12:45">Bergen Busstasjon</stop>
    <stop arrival="12:49" departure="12:49">Danmarksplass</stop>
    <stop arrival="12:50" departure="12:50">Solheimsgaten</stop>
    <stop arrival="12:51" departure="12:51">Reperbanen</stop>
    <stop arrival="12:53" departure="12:53">Fjøsangerveien/ Minde Allè</stop>
    <stop arrival="12:57" departure="12:57">Minde</stop>
    <stop arrival="12:58" departure="12:58">Elvebakken</stop>
    <stop arrival="12:58" departure="12:58">Storetveit</stop>
    <stop arrival="12:58" departure="12:58">Fantoft</stop>
    <stop arrival="12:59" departure="12:59">Nydalen</stop>
    <stop arrival="13:00" departure="13:00">Paradis</stop>
    <stop arrival="13:01" departure="13:01">Tveiteråsskiftet</stop>
    <stop arrival="13:02" departure="13:02">Hopsbro</stop>
    <stop arrival="13:04" departure="13:04">Hopstangen</stop>
    <stop arrival="13:05">Nesttun terminal</stop>
  </route>
  <route no="24" destination="Nesttun terminal" url="http://www.web2051.no/bin/tp/zuginfo.exe/on/912582/308370/749260/70436/1/" trafficDays="kjører Lø, ikke 1. Mai">
    <stop departure="12:05" routeNo="24">Åsane terminal</stop>
    <stop arrival="12:06" departure="12:06">Hesthaugen</stop>
    <stop arrival="12:07" departure="12:07">Stamskaret</stop>
    <stop arrival="12:08" departure="12:08">Tertneskrysset gamleveien</stop>
    <stop arrival="12:09" departure="12:09">Griggastemma</stop>
    <stop arrival="12:09" departure="12:09">Åstveitvegen</stop>
    <stop arrival="12:10" departure="12:10">Ervik øvre</stop>
    <stop arrival="12:11" departure="12:11">Ervik nedre (Sellesvingen)</stop>
    <stop arrival="12:12" departure="12:12">Selvikvegen</stop>
    <stop arrival="12:13" departure="12:13">Eidsvåg gamlevegen</stop>
    <stop arrival="12:14" departure="12:14">Fabrikkvegen</stop>
    <stop arrival="12:16" departure="12:16">Hagebyen (Eidsvåg)</stop>
    <stop arrival="12:18" departure="12:18">Lillevågen</stop>
    <stop arrival="12:19" departure="12:19">Tømmervågen</stop>
    <stop arrival="12:19" departure="12:19">Trollbekken</stop>
    <stop arrival="12:20" departure="12:20">Trolldalen (Eidsvågneset)</stop>
    <stop arrival="12:22" departure="12:22">Fagerbakken</stop>
    <stop arrival="12:23" departure="12:23">Nordre Lønborg</stop>
    <stop arrival="12:24" departure="12:24">Lønborg</stop>
    <stop arrival="12:24" departure="12:24">Brunestykket</stop>
    <stop arrival="12:25" departure="12:25">Hellebakken</stop>
    <stop arrival="12:26" departure="12:26">Eikeviken</stop>
    <stop arrival="12:27" departure="12:27">Solbakken</stop>
    <stop arrival="12:28" departure="12:28">Handelshøyskolen</stop>
    <stop arrival="12:30" departure="12:30">Nyhavnsvei (Gamle Bergen)</stop>
    <stop arrival="12:32" departure="12:32">Munkebotten</stop>
    <stop arrival="12:33" departure="12:33">Ludebryggen</stop>
    <stop arrival="12:34" departure="12:34">Sandvikstorget</stop>
    <stop arrival="12:36" departure="12:36">Skutevikstorget</stop>
    <stop arrival="12:37" departure="12:37">Bontelabo</stop>
    <stop arrival="12:39" departure="12:39">Slottsgaten</stop>
    <stop arrival="12:40" departure="12:40">Bryggen</stop>
    <stop arrival="12:41" departure="12:41">Olav Kyrres gate</stop>
    <stop arrival="12:46" departure="12:46">Bergen Busstasjon</stop>
    <stop arrival="12:50" departure="12:50">Danmarksplass</stop>
    <stop arrival="12:51" departure="12:51">Solheimsgaten</stop>
    <stop arrival="12:52" departure="12:52">Reperbanen</stop>
    <stop arrival="12:54" departure="12:54">Fjøsangerveien/ Minde Allè</stop>
    <stop arrival="12:57" departure="12:57">Minde</stop>
    <stop arrival="12:58" departure="12:58">Elvebakken</stop>
    <stop arrival="12:59" departure="12:59">Storetveit</stop>
    <stop arrival="12:59" departure="12:59">Fantoft</stop>
    <stop arrival="13:00" departure="13:00">Nydalen</stop>
    <stop arrival="13:01" departure="13:01">Paradis</stop>
    <stop arrival="13:02" departure="13:02">Tveiteråsskiftet</stop>
    <stop arrival="13:03" departure="13:03">Hopsbro</stop>
    <stop arrival="13:05" departure="13:05">Hopstangen</stop>
    <stop arrival="13:06">Nesttun terminal</stop>
  </route>
  <route no="71" destination="Viddalen" url="http://www.web2051.no/bin/tp/zuginfo.exe/on/787545/267247/679596/77284/1/" trafficDays="kjører Ma - Fr, ikke 13., 17., 24. Mai">
    <stop departure="11:30" routeNo="71">Nipedalen</stop>
    <stop arrival="11:31" departure="11:31">Lyngbøkollen</stop>
    <stop arrival="11:32" departure="11:32">Øvre Lyngbø</stop>
    <stop arrival="11:33" departure="11:33">Nipedalen v/nr.23</stop>
    <stop arrival="11:33" departure="11:33">Nipedalen v/Lyngbøveien</stop>
    <stop arrival="11:34" departure="11:34">Lyngbøveien</stop>
    <stop arrival="11:35" departure="11:35">Nygårdslien</stop>
    <stop arrival="11:35" departure="11:35">Haustbeitet</stop>
    <stop arrival="11:36" departure="11:36">Nygård, Laksevåg</stop>
    <stop arrival="11:38" departure="11:38">Kringsjå</stop>
    <stop arrival="11:39" departure="11:39">Oldernes</stop>
    <stop arrival="11:40" departure="11:40">Vågedalen</stop>
    <stop arrival="11:41" departure="11:41">Fergeveien</stop>
    <stop arrival="11:43" departure="11:43">Jansongården</stop>
    <stop arrival="11:44" departure="11:44">Solveien</stop>
    <stop arrival="11:45" departure="11:45">Gyldenpris</stop>
    <stop arrival="11:48" departure="11:48">Møhlenpris v/ Industrihuset</stop>
    <stop arrival="11:50" departure="11:50">Christies gate (Festplassen)</stop>
    <stop arrival="11:53" departure="11:53">Torget (Bergen)</stop>
    <stop arrival="11:54" departure="11:54">Bryggen</stop>
    <stop arrival="11:54" departure="11:54">Slottsgaten</stop>
    <stop arrival="11:55" departure="11:55">Bontelabo</stop>
    <stop arrival="11:56" departure="11:56">Skutevikstorget</stop>
    <stop arrival="11:56" departure="11:56">Sjøgaten</stop>
    <stop arrival="11:57" departure="11:57">Sandvikstorget</stop>
    <stop arrival="11:58" departure="11:58">Ludebryggen</stop>
    <stop arrival="11:58" departure="11:58">Munkebotten</stop>
    <stop arrival="12:00" departure="12:00">Nyhavnsvei (Gamle Bergen)</stop>
    <stop arrival="12:01" departure="12:01">Handelshøyskolen</stop>
    <stop arrival="12:03" departure="12:03">Eidsvåg</stop>
    <stop arrival="12:06" departure="12:06">Tertneskrysset nyevegen</stop>
    <stop arrival="12:08" departure="12:08">Stamskaret</stop>
    <stop arrival="12:09" departure="12:09">Hesthaugen</stop>
    <stop arrival="12:10" departure="12:10">Åsane terminal</stop>
    <stop arrival="12:12" departure="12:12">Ulsetåsen</stop>
    <stop arrival="12:13" departure="12:13">Haukeberget</stop>
    <stop arrival="12:15" departure="12:15">Botnane</stop>
    <stop arrival="12:16" departure="12:16">Haukedalsvegen</stop>
    <stop arrival="12:17" departure="12:17">Sjøveien</stop>
    <stop arrival="12:18" departure="12:18">Tertitten</stop>
    <stop arrival="12:18" departure="12:18">Kipo</stop>
    <stop arrival="12:19" departure="12:19">Storevarden</stop>
    <stop arrival="12:19" departure="12:19">Nesmyr</stop>
    <stop arrival="12:20" departure="12:20">Bekkjarvik (Åsane)</stop>
    <stop arrival="12:21" departure="12:21">Bekkjarvikkryss (Åsane)</stop>
    <stop arrival="12:22" departure="12:22">Kvernevikstemma</stop>
    <stop arrival="12:22" departure="12:22">Åsane sand + singel</stop>
    <stop arrival="12:23" departure="12:23">Bryggedalen</stop>
    <stop arrival="12:30">Viddalen</stop>
  </route>
  <route no="24" destination="Åsane terminal" url="http://www.web2051.no/bin/tp/zuginfo.exe/on/882054/298192/220724/183656/1/" trafficDays="kjører Lø, ikke 1. Mai">
    <stop departure="11:15" routeNo="24">Nesttun terminal</stop>
    <stop arrival="11:17" departure="11:17">Hopsbro</stop>
    <stop arrival="11:19" departure="11:19">Tveiteråsskiftet</stop>
    <stop arrival="11:20" departure="11:20">Paradis</stop>
    <stop arrival="11:22" departure="11:22">Nydalen</stop>
    <stop arrival="11:24" departure="11:24">Fantoft</stop>
    <stop arrival="11:25" departure="11:25">Storetveit</stop>
    <stop arrival="11:25" departure="11:25">Elvebakken</stop>
    <stop arrival="11:26" departure="11:26">Minde</stop>
    <stop arrival="11:30" departure="11:30">Mindemyren</stop>
    <stop arrival="11:31" departure="11:31">Postterminalen</stop>
    <stop arrival="11:31" departure="11:31">Kanalveien v/LBK</stop>
    <stop arrival="11:33" departure="11:33">Danmarksplass v/Forum kino</stop>
    <stop arrival="11:38" departure="11:38">Bergen Busstasjon</stop>
    <stop arrival="11:41" departure="11:41">Christies gate (Festplassen)</stop>
    <stop arrival="11:44" departure="11:44">Torget v/DnB</stop>
    <stop arrival="11:45" departure="11:45">Bryggen</stop>
    <stop arrival="11:45" departure="11:45">Slottsgaten</stop>
    <stop arrival="11:46" departure="11:46">Bontelabo</stop>
    <stop arrival="11:47" departure="11:47">Skutevikstorget</stop>
    <stop arrival="11:47" departure="11:47">Sjøgaten</stop>
    <stop arrival="11:48" departure="11:48">Sandvikstorget</stop>
    <stop arrival="11:49" departure="11:49">Ludebryggen</stop>
    <stop arrival="11:49" departure="11:49">Munkebotten</stop>
    <stop arrival="11:51" departure="11:51">Nyhavnsvei (Gamle Bergen)</stop>
    <stop arrival="11:52" departure="11:52">Handelshøyskolen</stop>
    <stop arrival="11:53" departure="11:53">Solbakken</stop>
    <stop arrival="11:54" departure="11:54">Eikeviken</stop>
    <stop arrival="11:56" departure="11:56">Hellebakken</stop>
    <stop arrival="11:56" departure="11:56">Brunestykket</stop>
    <stop arrival="11:57" departure="11:57">Lønborg</stop>
    <stop arrival="11:58" departure="11:58">Nordre Lønborg</stop>
    <stop arrival="11:58" departure="11:58">Fagerbakken</stop>
    <stop arrival="11:59" departure="11:59">Eidsvågneset</stop>
    <stop arrival="11:59" departure="11:59">Trolldalen (Eidsvågneset)</stop>
    <stop arrival="11:59" departure="11:59">Trollbekken</stop>
    <stop arrival="12:00" departure="12:00">Tømmervågen</stop>
    <stop arrival="12:00" departure="12:00">Lillevågen</stop>
    <stop arrival="12:01" departure="12:01">Hagebyen (Eidsvåg)</stop>
    <stop arrival="12:02" departure="12:02">Fabrikkvegen</stop>
    <stop arrival="12:03" departure="12:03">Eidsvåg gamlevegen</stop>
    <stop arrival="12:04" departure="12:04">Selvikvegen</stop>
    <stop arrival="12:05" departure="12:05">Ervik nedre (Sellesvingen)</stop>
    <stop arrival="12:05" departure="12:05">Ervik øvre</stop>
    <stop arrival="12:06" departure="12:06">Åstveitvegen</stop>
    <stop arrival="12:07" departure="12:07">Griggastemma</stop>
    <stop arrival="12:08" departure="12:08">Tertneskrysset gamleveien</stop>
    <stop arrival="12:10" departure="12:10">Stamskaret</stop>
    <stop arrival="12:11" departure="12:11">Hesthaugen</stop>
    <stop arrival="12:12">Åsane terminal</stop>
  </route>
  <route no="50" destination="Dolvik terminal" url="http://www.web2051.no/bin/tp/zuginfo.exe/on/347649/116703/385146/76690/1/" trafficDays="kjører Lø, ikke 1. Mai">
    <stop departure="12:10" routeNo="50">Åsane terminal</stop>
    <stop arrival="12:11" departure="12:11">Hesthaugen</stop>
    <stop arrival="12:13" departure="12:13">Stamskaret</stop>
    <stop arrival="12:15" departure="12:15">Tertneskrysset gamleveien</stop>
    <stop arrival="12:16" departure="12:16">Griggastemma</stop>
    <stop arrival="12:17" departure="12:17">Åstveitvegen</stop>
    <stop arrival="12:17" departure="12:17">Ervik øvre</stop>
    <stop arrival="12:18" departure="12:18">Ervik nedre (Sellesvingen)</stop>
    <stop arrival="12:19" departure="12:19">Selvikvegen</stop>
    <stop arrival="12:20" departure="12:20">Eidsvåg</stop>
    <stop arrival="12:22" departure="12:22">Handelshøyskolen</stop>
    <stop arrival="12:24" departure="12:24">Nyhavnsvei (Gamle Bergen)</stop>
    <stop arrival="12:26" departure="12:26">Munkebotten</stop>
    <stop arrival="12:27" departure="12:27">Ludebryggen</stop>
    <stop arrival="12:28" departure="12:28">Sandvikstorget</stop>
    <stop arrival="12:30" departure="12:30">Skutevikstorget</stop>
    <stop arrival="12:31" departure="12:31">Bontelabo</stop>
    <stop arrival="12:33" departure="12:33">Slottsgaten</stop>
    <stop arrival="12:34" departure="12:34">Bryggen</stop>
    <stop arrival="12:35" departure="12:35">Småstrandgaten</stop>
    <stop arrival="12:36" departure="12:36">Nygaten</stop>
    <stop arrival="12:37" departure="12:37">Statsporten (jernbanen)</stop>
    <stop arrival="12:40" departure="12:40">Kalfarlien</stop>
    <stop arrival="12:41" departure="12:41">Kalvedalsveien</stop>
    <stop arrival="12:42" departure="12:42">Svartediksveien</stop>
    <stop arrival="12:43" departure="12:43">Statsarkivet</stop>
    <stop arrival="12:44" departure="12:44">Haraldsplass sykehus</stop>
    <stop arrival="12:45" departure="12:45">Haukeland sykehus nord</stop>
    <stop arrival="12:45" departure="12:45">Haukeland sykehus sør</stop>
    <stop arrival="12:46" departure="12:46">Fridalen</stop>
    <stop arrival="12:46" departure="12:46">Langhaugen</stop>
    <stop arrival="12:47" departure="12:47">Landåssvingen</stop>
    <stop arrival="12:47" departure="12:47">Landåstorget</stop>
    <stop arrival="12:47" departure="12:47">Erleveien</stop>
    <stop arrival="12:48" departure="12:48">Wier-Jenssens vei</stop>
    <stop arrival="12:48" departure="12:48">Mannsverk</stop>
    <stop arrival="12:49" departure="12:49">Bolstad</stop>
    <stop arrival="12:50" departure="12:50">Hans Jægers vei</stop>
    <stop arrival="12:51" departure="12:51">Kolstibotn</stop>
    <stop arrival="12:52" departure="12:52">Knausen</stop>
    <stop arrival="12:53" departure="12:53">Birkelundstoppen</stop>
    <stop arrival="12:54" departure="12:54">Birkelundsbakken</stop>
    <stop arrival="12:54" departure="12:54">Natlandslien</stop>
    <stop arrival="12:54" departure="12:54">Stavkirken</stop>
    <stop arrival="12:55" departure="12:55">Paradis</stop>
    <stop arrival="12:56" departure="12:56">Tveiteråsskiftet</stop>
    <stop arrival="12:57" departure="12:57">Hopsbro</stop>
    <stop arrival="12:59" departure="12:59">Hopstangen</stop>
    <stop arrival="13:00" departure="13:00">Nesttun terminal</stop>
    <stop arrival="13:02" departure="13:02">Nesttun</stop>
    <stop arrival="13:05" departure="13:05">Skjoldskiftet</stop>
    <stop arrival="13:06" departure="13:06">Nesttunbrekka</stop>
    <stop arrival="13:06" departure="13:06">Mårdalen</stop>
    <stop arrival="13:07" departure="13:07">Skjoldhøgda</stop>
    <stop arrival="13:09" departure="13:09">Skjold skole</stop>
    <stop arrival="13:10" departure="13:10">Lagunen</stop>
    <stop arrival="13:11" departure="13:11">Rådal</stop>
    <stop arrival="13:12" departure="13:12">Meyerskiftet</stop>
    <stop arrival="13:15" departure="13:15">Håvardstun</stop>
    <stop arrival="13:16" departure="13:16">Statoil stasjon Sandsli</stop>
    <stop arrival="13:17" departure="13:17">Hydro Sandsli</stop>
    <stop arrival="13:18" departure="13:18">Petedalsheia</stop>
    <stop arrival="13:19" departure="13:19">Fanatorget</stop>
    <stop arrival="13:19" departure="13:19">Regnbueåsen</stop>
    <stop arrival="13:20">Dolvik terminal</stop>
  </route>
  <route no="50" destination="Dolvik terminal" url="http://www.web2051.no/bin/tp/zuginfo.exe/on/509865/170807/892702/276397/1/" trafficDays="kjører Ma - Fr, ikke 13., 17., 24. Mai">
    <stop departure="12:10" routeNo="50">Åsane terminal</stop>
    <stop arrival="12:11" departure="12:11">Hesthaugen</stop>
    <stop arrival="12:12" departure="12:12">Stamskaret</stop>
    <stop arrival="12:13" departure="12:13">Tertneskrysset gamleveien</stop>
    <stop arrival="12:14" departure="12:14">Griggastemma</stop>
    <stop arrival="12:15" departure="12:15">Åstveitvegen</stop>
    <stop arrival="12:15" departure="12:15">Ervik øvre</stop>
    <stop arrival="12:16" departure="12:16">Ervik nedre (Sellesvingen)</stop>
    <stop arrival="12:17" departure="12:17">Selvikvegen</stop>
    <stop arrival="12:18" departure="12:18">Eidsvåg</stop>
    <stop arrival="12:20" departure="12:20">Handelshøyskolen</stop>
    <stop arrival="12:22" departure="12:22">Nyhavnsvei (Gamle Bergen)</stop>
    <stop arrival="12:24" departure="12:24">Munkebotten</stop>
    <stop arrival="12:25" departure="12:25">Ludebryggen</stop>
    <stop arrival="12:26" departure="12:26">Sandvikstorget</stop>
    <stop arrival="12:28" departure="12:28">Skutevikstorget</stop>
    <stop arrival="12:29" departure="12:29">Bontelabo</stop>
    <stop arrival="12:31" departure="12:31">Slottsgaten</stop>
    <stop arrival="12:32" departure="12:32">Bryggen</stop>
    <stop arrival="12:33" departure="12:33">Småstrandgaten</stop>
    <stop arrival="12:34" departure="12:34">Nygaten</stop>
    <stop arrival="12:35" departure="12:35">Statsporten (jernbanen)</stop>
    <stop arrival="12:38" departure="12:38">Kalfarlien</stop>
    <stop arrival="12:39" departure="12:39">Kalvedalsveien</stop>
    <stop arrival="12:40" departure="12:40">Svartediksveien</stop>
    <stop arrival="12:41" departure="12:41">Statsarkivet</stop>
    <stop arrival="12:42" departure="12:42">Haraldsplass sykehus</stop>
    <stop arrival="12:43" departure="12:43">Haukeland sykehus nord</stop>
    <stop arrival="12:44" departure="12:44">Haukeland sykehus sør</stop>
    <stop arrival="12:45" departure="12:45">Fridalen</stop>
    <stop arrival="12:45" departure="12:45">Langhaugen</stop>
    <stop arrival="12:46" departure="12:46">Landåssvingen</stop>
    <stop arrival="12:46" departure="12:46">Landåstorget</stop>
    <stop arrival="12:47" departure="12:47">Erleveien</stop>
    <stop arrival="12:47" departure="12:47">Wier-Jenssens vei</stop>
    <stop arrival="12:48" departure="12:48">Mannsverk</stop>
    <stop arrival="12:48" departure="12:48">Bolstad</stop>
    <stop arrival="12:49" departure="12:49">Hans Jægers vei</stop>
    <stop arrival="12:49" departure="12:49">Kolstibotn</stop>
    <stop arrival="12:49" departure="12:49">Knausen</stop>
    <stop arrival="12:50" departure="12:50">Birkelundstoppen</stop>
    <stop arrival="12:51" departure="12:51">Birkelundsbakken</stop>
    <stop arrival="12:51" departure="12:51">Natlandslien</stop>
    <stop arrival="12:52" departure="12:52">Stavkirken</stop>
    <stop arrival="12:53" departure="12:53">Paradis</stop>
    <stop arrival="12:54" departure="12:54">Tveiteråsskiftet</stop>
    <stop arrival="12:55" departure="12:55">Hopsbro</stop>
    <stop arrival="12:57" departure="12:57">Hopstangen</stop>
    <stop arrival="12:58" departure="12:58">Nesttun terminal</stop>
    <stop arrival="13:00" departure="13:00">Nesttun</stop>
    <stop arrival="13:03" departure="13:03">Skjoldskiftet</stop>
    <stop arrival="13:03" departure="13:03">Nesttunbrekka</stop>
    <stop arrival="13:04" departure="13:04">Mårdalen</stop>
    <stop arrival="13:04" departure="13:04">Skjoldhøgda</stop>
    <stop arrival="13:04" departure="13:04">Skjold skole</stop>
    <stop arrival="13:05" departure="13:05">Lagunen</stop>
    <stop arrival="13:06" departure="13:06">Rådal</stop>
    <stop arrival="13:07" departure="13:07">Meyerskiftet</stop>
    <stop arrival="13:11" departure="13:11">Håvardstun</stop>
    <stop arrival="13:12" departure="13:12">Statoil stasjon Sandsli</stop>
    <stop arrival="13:13" departure="13:13">Hydro Sandsli</stop>
    <stop arrival="13:14" departure="13:14">Petedalsheia</stop>
    <stop arrival="13:15" departure="13:15">Fanatorget</stop>
    <stop arrival="13:20">Dolvik terminal</stop>
  </route>
  <route no="50" destination="Åsane terminal" url="http://www.web2051.no/bin/tp/zuginfo.exe/on/367659/123371/524382/139639/1/" trafficDays="kjører Lø, ikke 1. Mai">
    <stop departure="11:08" routeNo="50">Dolvik terminal</stop>
    <stop arrival="11:08" departure="11:08">Skranevegen</stop>
    <stop arrival="11:09" departure="11:09">Regnbueåsen</stop>
    <stop arrival="11:10" departure="11:10">Fanatorget</stop>
    <stop arrival="11:11" departure="11:11">Petedalsheia</stop>
    <stop arrival="11:12" departure="11:12">Hydro Sandsli</stop>
    <stop arrival="11:15" departure="11:15">Håvardstun</stop>
    <stop arrival="11:18" departure="11:18">Meyer</stop>
    <stop arrival="11:19" departure="11:19">Rådal</stop>
    <stop arrival="11:20" departure="11:20">Rådal ved Lagunen</stop>
    <stop arrival="11:23" departure="11:23">Skjold skole</stop>
    <stop arrival="11:25" departure="11:25">Mårdalen</stop>
    <stop arrival="11:26" departure="11:26">Nesttunbrekka</stop>
    <stop arrival="11:26" departure="11:26">Skjoldskiftet</stop>
    <stop arrival="11:27" departure="11:27">Nesttun</stop>
    <stop arrival="11:28" departure="11:28">Nesttun terminal</stop>
    <stop arrival="11:30" departure="11:30">Hopsbro</stop>
    <stop arrival="11:32" departure="11:32">Tveiteråsskiftet</stop>
    <stop arrival="11:33" departure="11:33">Paradis/50</stop>
    <stop arrival="11:35" departure="11:35">Stavkirken</stop>
    <stop arrival="11:36" departure="11:36">Natlandslien</stop>
    <stop arrival="11:37" departure="11:37">Birkelundsbakken</stop>
    <stop arrival="11:38" departure="11:38">Birkelundstoppen</stop>
    <stop arrival="11:39" departure="11:39">Knausen</stop>
    <stop arrival="11:39" departure="11:39">Kolstibotn</stop>
    <stop arrival="11:40" departure="11:40">H. Jægers vei</stop>
    <stop arrival="11:40" departure="11:40">Bolstad</stop>
    <stop arrival="11:41" departure="11:41">Mannsverk</stop>
    <stop arrival="11:41" departure="11:41">Wiers -Jenssens vei</stop>
    <stop arrival="11:42" departure="11:42">Erleveien</stop>
    <stop arrival="11:42" departure="11:42">Landåstorget</stop>
    <stop arrival="11:43" departure="11:43">Natlandsv. v/Hagerupsvei</stop>
    <stop arrival="11:43" departure="11:43">Langhaugen</stop>
    <stop arrival="11:44" departure="11:44">Fridalen</stop>
    <stop arrival="11:45" departure="11:45">Haukeland sykehus sør</stop>
    <stop arrival="11:46" departure="11:46">Haukeland sykehus nord</stop>
    <stop arrival="11:47" departure="11:47">Haraldsplass sykehus</stop>
    <stop arrival="11:48" departure="11:48">Haukeland skole</stop>
    <stop arrival="11:49" departure="11:49">Svartediksveien</stop>
    <stop arrival="11:50" departure="11:50">Kalvedalsveien</stop>
    <stop arrival="11:51" departure="11:51">Kalfarlien</stop>
    <stop arrival="11:53" departure="11:53">Stadsporten (jernbanen)</stop>
    <stop arrival="11:54" departure="11:54">Kong Oscars gate</stop>
    <stop arrival="11:55" departure="11:55">Allehelgensgate</stop>
    <stop arrival="11:55" departure="11:55">Torget (Bergen)</stop>
    <stop arrival="11:56" departure="11:56">Bryggen</stop>
    <stop arrival="11:57" departure="11:57">Slottsgaten</stop>
    <stop arrival="11:58" departure="11:58">Bontelabo</stop>
    <stop arrival="11:58" departure="11:58">Skutevikstorget</stop>
    <stop arrival="11:59" departure="11:59">Sjøgaten</stop>
    <stop arrival="11:59" departure="11:59">Sandvikstorget</stop>
    <stop arrival="12:00" departure="12:00">Ludebryggen</stop>
    <stop arrival="12:01" departure="12:01">Munkebotten</stop>
    <stop arrival="12:02" departure="12:02">Nyhavnsvei (Gamle Bergen)</stop>
    <stop arrival="12:03" departure="12:03">Handelshøyskolen</stop>
    <stop arrival="12:05" departure="12:05">Eidsvåg gamlevegen</stop>
    <stop arrival="12:06" departure="12:06">Selvikvegen</stop>
    <stop arrival="12:07" departure="12:07">Ervik nedre (Sellesvingen)</stop>
    <stop arrival="12:07" departure="12:07">Ervik øvre</stop>
    <stop arrival="12:08" departure="12:08">Åstveitvegen</stop>
    <stop arrival="12:09" departure="12:09">Griggastemma</stop>
    <stop arrival="12:10" departure="12:10">Tertneskrysset gamleveien</stop>
    <stop arrival="12:12" departure="12:12">Stamskaret</stop>
    <stop arrival="12:13" departure="12:13">Hesthaugen</stop>
    <stop arrival="12:15">Åsane terminal</stop>
  </route>
  <route no="50" destination="Åsane terminal" url="http://www.web2051.no/bin/tp/zuginfo.exe/on/817335/273294/123684/210604/1/" trafficDays="kjører Ma - Fr, ikke 13., 17., 24. Mai">
    <stop departure="11:08" routeNo="50">Dolvik terminal</stop>
    <stop arrival="11:08" departure="11:08">Skranevegen</stop>
    <stop arrival="11:09" departure="11:09">Regnbueåsen</stop>
    <stop arrival="11:10" departure="11:10">Fanatorget</stop>
    <stop arrival="11:11" departure="11:11">Petedalsheia</stop>
    <stop arrival="11:12" departure="11:12">Hydro Sandsli</stop>
    <stop arrival="11:15" departure="11:15">Håvardstun</stop>
    <stop arrival="11:18" departure="11:18">Meyer</stop>
    <stop arrival="11:19" departure="11:19">Rådal</stop>
    <stop arrival="11:20" departure="11:20">Rådal ved Lagunen</stop>
    <stop arrival="11:25" departure="11:25">Skjold skole</stop>
    <stop arrival="11:27" departure="11:27">Mårdalen</stop>
    <stop arrival="11:28" departure="11:28">Nesttunbrekka</stop>
    <stop arrival="11:28" departure="11:28">Skjoldskiftet</stop>
    <stop arrival="11:29" departure="11:29">Nesttun</stop>
    <stop arrival="11:30" departure="11:30">Nesttun terminal</stop>
    <stop arrival="11:32" departure="11:32">Hopsbro</stop>
    <stop arrival="11:34" departure="11:34">Tveiteråsskiftet</stop>
    <stop arrival="11:35" departure="11:35">Paradis/50</stop>
    <stop arrival="11:36" departure="11:36">Stavkirken</stop>
    <stop arrival="11:36" departure="11:36">Natlandslien</stop>
    <stop arrival="11:37" departure="11:37">Birkelundsbakken</stop>
    <stop arrival="11:37" departure="11:37">Birkelundstoppen</stop>
    <stop arrival="11:38" departure="11:38">Knausen</stop>
    <stop arrival="11:38" departure="11:38">Kolstibotn</stop>
    <stop arrival="11:39" departure="11:39">H. Jægers vei</stop>
    <stop arrival="11:39" departure="11:39">Bolstad</stop>
    <stop arrival="11:40" departure="11:40">Mannsverk</stop>
    <stop arrival="11:41" departure="11:41">Wiers -Jenssens vei</stop>
    <stop arrival="11:42" departure="11:42">Erleveien</stop>
    <stop arrival="11:42" departure="11:42">Landåstorget</stop>
    <stop arrival="11:44" departure="11:44">Natlandsv. v/Hagerupsvei</stop>
    <stop arrival="11:44" departure="11:44">Langhaugen</stop>
    <stop arrival="11:45" departure="11:45">Fridalen</stop>
    <stop arrival="11:47" departure="11:47">Haukeland sykehus sør</stop>
    <stop arrival="11:48" departure="11:48">Haukeland sykehus nord</stop>
    <stop arrival="11:49" departure="11:49">Haraldsplass sykehus</stop>
    <stop arrival="11:50" departure="11:50">Haukeland skole</stop>
    <stop arrival="11:51" departure="11:51">Svartediksveien</stop>
    <stop arrival="11:52" departure="11:52">Kalvedalsveien</stop>
    <stop arrival="11:53" departure="11:53">Kalfarlien</stop>
    <stop arrival="11:55" departure="11:55">Stadsporten (jernbanen)</stop>
    <stop arrival="11:56" departure="11:56">Kong Oscars gate</stop>
    <stop arrival="11:57" departure="11:57">Allehelgensgate</stop>
    <stop arrival="11:57" departure="11:57">Torget (Bergen)</stop>
    <stop arrival="11:58" departure="11:58">Bryggen</stop>
    <stop arrival="11:59" departure="11:59">Slottsgaten</stop>
    <stop arrival="12:00" departure="12:00">Bontelabo</stop>
    <stop arrival="12:00" departure="12:00">Skutevikstorget</stop>
    <stop arrival="12:01" departure="12:01">Sjøgaten</stop>
    <stop arrival="12:01" departure="12:01">Sandvikstorget</stop>
    <stop arrival="12:02" departure="12:02">Ludebryggen</stop>
    <stop arrival="12:03" departure="12:03">Munkebotten</stop>
    <stop arrival="12:04" departure="12:04">Nyhavnsvei (Gamle Bergen)</stop>
    <stop arrival="12:05" departure="12:05">Handelshøyskolen</stop>
    <stop arrival="12:07" departure="12:07">Eidsvåg gamlevegen</stop>
    <stop arrival="12:08" departure="12:08">Selvikvegen</stop>
    <stop arrival="12:09" departure="12:09">Ervik nedre (Sellesvingen)</stop>
    <stop arrival="12:09" departure="12:09">Ervik øvre</stop>
    <stop arrival="12:10" departure="12:10">Åstveitvegen</stop>
    <stop arrival="12:11" departure="12:11">Griggastemma</stop>
    <stop arrival="12:12" departure="12:12">Tertneskrysset gamleveien</stop>
    <stop arrival="12:14" departure="12:14">Stamskaret</stop>
    <stop arrival="12:15" departure="12:15">Hesthaugen</stop>
    <stop arrival="12:16">Åsane terminal</stop>
  </route>
  <route no="24" destination="Åsane terminal" url="http://www.web2051.no/bin/tp/zuginfo.exe/on/216318/76318/883194/369491/1/" trafficDays="kjører Ma - Fr, ikke 13., 17., 24. Mai">
    <stop departure="11:15" routeNo="24">Nesttun terminal</stop>
    <stop arrival="11:17" departure="11:17">Hopsbro</stop>
    <stop arrival="11:19" departure="11:19">Tveiteråsskiftet</stop>
    <stop arrival="11:20" departure="11:20">Paradis</stop>
    <stop arrival="11:22" departure="11:22">Nydalen</stop>
    <stop arrival="11:24" departure="11:24">Fantoft</stop>
    <stop arrival="11:25" departure="11:25">Storetveit</stop>
    <stop arrival="11:25" departure="11:25">Elvebakken</stop>
    <stop arrival="11:26" departure="11:26">Minde</stop>
    <stop arrival="11:29" departure="11:29">Mindemyren</stop>
    <stop arrival="11:30" departure="11:30">Postterminalen</stop>
    <stop arrival="11:31" departure="11:31">Kanalveien v/LBK</stop>
    <stop arrival="11:33" departure="11:33">Danmarksplass v/Forum kino</stop>
    <stop arrival="11:38" departure="11:38">Bergen Busstasjon</stop>
    <stop arrival="11:40" departure="11:40">Christies gate (Festplassen)</stop>
    <stop arrival="11:43" departure="11:43">Torget v/DnB</stop>
    <stop arrival="11:44" departure="11:44">Bryggen</stop>
    <stop arrival="11:44" departure="11:44">Slottsgaten</stop>
    <stop arrival="11:45" departure="11:45">Bontelabo</stop>
    <stop arrival="11:46" departure="11:46">Skutevikstorget</stop>
    <stop arrival="11:46" departure="11:46">Sjøgaten</stop>
    <stop arrival="11:47" departure="11:47">Sandvikstorget</stop>
    <stop arrival="11:48" departure="11:48">Ludebryggen</stop>
    <stop arrival="11:48" departure="11:48">Munkebotten</stop>
    <stop arrival="11:50" departure="11:50">Nyhavnsvei (Gamle Bergen)</stop>
    <stop arrival="11:51" departure="11:51">Handelshøyskolen</stop>
    <stop arrival="11:52" departure="11:52">Solbakken</stop>
    <stop arrival="11:53" departure="11:53">Eikeviken</stop>
    <stop arrival="11:55" departure="11:55">Hellebakken</stop>
    <stop arrival="11:55" departure="11:55">Brunestykket</stop>
    <stop arrival="11:56" departure="11:56">Lønborg</stop>
    <stop arrival="11:57" departure="11:57">Nordre Lønborg</stop>
    <stop arrival="11:57" departure="11:57">Fagerbakken</stop>
    <stop arrival="11:58" departure="11:58">Eidsvågneset</stop>
    <stop arrival="11:59" departure="11:59">Trolldalen (Eidsvågneset)</stop>
    <stop arrival="12:00" departure="12:00">Trollbekken</stop>
    <stop arrival="12:00" departure="12:00">Tømmervågen</stop>
    <stop arrival="12:01" departure="12:01">Lillevågen</stop>
    <stop arrival="12:02" departure="12:02">Hagebyen (Eidsvåg)</stop>
    <stop arrival="12:04" departure="12:04">Fabrikkvegen</stop>
    <stop arrival="12:05" departure="12:05">Eidsvåg gamlevegen</stop>
    <stop arrival="12:06" departure="12:06">Selvikvegen</stop>
    <stop arrival="12:07" departure="12:07">Ervik nedre (Sellesvingen)</stop>
    <stop arrival="12:07" departure="12:07">Ervik øvre</stop>
    <stop arrival="12:08" departure="12:08">Åstveitvegen</stop>
    <stop arrival="12:10" departure="12:10">Nedre Åstveit snuplass</stop>
    <stop arrival="12:12" departure="12:12">Griggastemma</stop>
    <stop arrival="12:13" departure="12:13">Tertneskrysset gamleveien</stop>
    <stop arrival="12:15" departure="12:15">Stamskaret</stop>
    <stop arrival="12:16" departure="12:16">Hesthaugen</stop>
    <stop arrival="12:17">Åsane terminal</stop>
  </route>
  <route no="22" destination="Birkelundstoppen" url="http://www.web2051.no/bin/tp/zuginfo.exe/on/462369/158131/408632/50193/1/" trafficDays="kjører Sø, også 1., 13., 17., 24. Mai">
    <stop departure="12:16" routeNo="22">Åsane terminal</stop>
    <stop arrival="12:17" departure="12:17">Hesthaugen</stop>
    <stop arrival="12:18" departure="12:18">Stamskaret</stop>
    <stop arrival="12:19" departure="12:19">Tertneskrysset gamleveien</stop>
    <stop arrival="12:19" departure="12:19">Griggastemma</stop>
    <stop arrival="12:20" departure="12:20">Åstveitvegen</stop>
    <stop arrival="12:20" departure="12:20">Ervik øvre</stop>
    <stop arrival="12:21" departure="12:21">Ervik nedre (Sellesvingen)</stop>
    <stop arrival="12:21" departure="12:21">Selvikvegen</stop>
    <stop arrival="12:22" departure="12:22">Eidsvåg gamlevegen</stop>
    <stop arrival="12:23" departure="12:23">Fabrikkvegen</stop>
    <stop arrival="12:25" departure="12:25">Hagebyen (Eidsvåg)</stop>
    <stop arrival="12:27" departure="12:27">Lillevågen</stop>
    <stop arrival="12:28" departure="12:28">Tømmervågen</stop>
    <stop arrival="12:28" departure="12:28">Trollbekken</stop>
    <stop arrival="12:29" departure="12:29">Trolldalen (Eidsvågneset)</stop>
    <stop arrival="12:31" departure="12:31">Fagerbakken</stop>
    <stop arrival="12:32" departure="12:32">Nordre Lønborg</stop>
    <stop arrival="12:33" departure="12:33">Lønborg</stop>
    <stop arrival="12:33" departure="12:33">Brunestykket</stop>
    <stop arrival="12:34" departure="12:34">Hellebakken</stop>
    <stop arrival="12:35" departure="12:35">Eikeviken</stop>
    <stop arrival="12:36" departure="12:36">Solbakken</stop>
    <stop arrival="12:37" departure="12:37">Handelshøyskolen</stop>
    <stop arrival="12:39" departure="12:39">Nyhavnsvei (Gamle Bergen)</stop>
    <stop arrival="12:41" departure="12:41">Munkebotten</stop>
    <stop arrival="12:42" departure="12:42">Ludebryggen</stop>
    <stop arrival="12:43" departure="12:43">Sandvikstorget</stop>
    <stop arrival="12:45" departure="12:45">Skutevikstorget</stop>
    <stop arrival="12:46" departure="12:46">Bontelabo</stop>
    <stop arrival="12:48" departure="12:48">Slottsgaten</stop>
    <stop arrival="12:49" departure="12:49">Bryggen</stop>
    <stop arrival="12:50" departure="12:50">Olav Kyrres gate</stop>
    <stop arrival="12:57" departure="12:57">Bergen Busstasjon</stop>
    <stop arrival="13:01" departure="13:01">Danmarksplass</stop>
    <stop arrival="13:02" departure="13:02">Solheimsgaten</stop>
    <stop arrival="13:03" departure="13:03">Reperbanen</stop>
    <stop arrival="13:04" departure="13:04">Fjøsangerveien/ Minde Allè</stop>
    <stop arrival="13:07" departure="13:07">Minde</stop>
    <stop arrival="13:08" departure="13:08">Elvebakken</stop>
    <stop arrival="13:09" departure="13:09">Storetveit</stop>
    <stop arrival="13:09" departure="13:09">Fantoft</stop>
    <stop arrival="13:10" departure="13:10">Nydalen</stop>
    <stop arrival="13:11" departure="13:11">Paradis</stop>
    <stop arrival="13:11" departure="13:11">Tveiteråsskiftet</stop>
    <stop arrival="13:12" departure="13:12">Hopsbro</stop>
    <stop arrival="13:12" departure="13:12">Hopstangen</stop>
    <stop arrival="13:13" departure="13:13">Nesttun terminal</stop>
    <stop arrival="13:14" departure="13:14">Nesttun</stop>
    <stop arrival="13:14" departure="13:14">Herredshuset, Nesttun</stop>
    <stop arrival="13:15" departure="13:15">Midtun bro</stop>
    <stop arrival="13:17" departure="13:17">Midttunflaten</stop>
    <stop arrival="13:18" departure="13:18">Sandbrekkeveien</stop>
    <stop arrival="13:18" departure="13:18">Sandalskollen</stop>
    <stop arrival="13:20" departure="13:20">Kringlebotn</stop>
    <stop arrival="13:21" departure="13:21">Kjenndalslia</stop>
    <stop arrival="13:22" departure="13:22">Kjenndalsåsen</stop>
    <stop arrival="13:23" departure="13:23">Sandalsringen snuplass</stop>
    <stop arrival="13:24" departure="13:24">Helldalslia</stop>
    <stop arrival="13:25" departure="13:25">Helldalslia</stop>
    <stop arrival="13:25" departure="13:25">Indre Sædal</stop>
    <stop arrival="13:27" departure="13:27">Rinddalen</stop>
    <stop arrival="13:31" departure="13:31">Merkurvegen (nyeveien)</stop>
    <stop arrival="13:33" departure="13:33">Nattland gård (nyeveien)</stop>
    <stop arrival="13:35">Birkelundstoppen</stop>
  </route>
  <route no="90" destination="Støbotn snuplass" url="http://www.web2051.no/bin/tp/zuginfo.exe/on/610956/208502/169114/119095/1/" trafficDays="kjører Sø, også 1., 13., 17., 24. Mai">
    <stop departure="11:35" routeNo="90">Sletten (Bergen)</stop>
    <stop arrival="11:37" departure="11:37">Johan Hjorts vei</stop>
    <stop arrival="11:38" departure="11:38">Bergenshallen</stop>
    <stop arrival="11:39" departure="11:39">Sletten Shoppingsenter</stop>
    <stop arrival="11:40" departure="11:40">Fageråsen</stop>
    <stop arrival="11:41" departure="11:41">Hagerups vei</stop>
    <stop arrival="11:42" departure="11:42">Natlandsv. v/Hagerupsvei</stop>
    <stop arrival="11:43" departure="11:43">Langhaugen</stop>
    <stop arrival="11:44" departure="11:44">Fridalen</stop>
    <stop arrival="11:45" departure="11:45">Haukelandsveien</stop>
    <stop arrival="11:46" departure="11:46">Ibsens gate /Haukeland sykehus</stop>
    <stop arrival="11:48" departure="11:48">Bjørnsons gate</stop>
    <stop arrival="11:50" departure="11:50">Årstad VGS</stop>
    <stop arrival="11:52" departure="11:52">Danmarksplass v/Forum kino</stop>
    <stop arrival="11:58" departure="11:58">Bergen Busstasjon</stop>
    <stop arrival="12:00" departure="12:00">Christies gate (Festplassen)</stop>
    <stop arrival="12:03" departure="12:03">Torget (Bergen)</stop>
    <stop arrival="12:04" departure="12:04">Bryggen</stop>
    <stop arrival="12:04" departure="12:04">Slottsgaten</stop>
    <stop arrival="12:05" departure="12:05">Bontelabo</stop>
    <stop arrival="12:06" departure="12:06">Skutevikstorget</stop>
    <stop arrival="12:06" departure="12:06">Sjøgaten</stop>
    <stop arrival="12:07" departure="12:07">Sandvikstorget</stop>
    <stop arrival="12:08" departure="12:08">Ludebryggen</stop>
    <stop arrival="12:08" departure="12:08">Munkebotten</stop>
    <stop arrival="12:10" departure="12:10">Nyhavnsvei (Gamle Bergen)</stop>
    <stop arrival="12:11" departure="12:11">Handelshøyskolen</stop>
    <stop arrival="12:13" departure="12:13">Eidsvåg</stop>
    <stop arrival="12:16" departure="12:16">Tertneskrysset nyevegen</stop>
    <stop arrival="12:18" departure="12:18">Stamskaret</stop>
    <stop arrival="12:19" departure="12:19">Hesthaugen</stop>
    <stop arrival="12:20" departure="12:20">Åsane terminal</stop>
    <stop arrival="12:21" departure="12:21">Åsane Brannstasjon</stop>
    <stop arrival="12:22" departure="12:22">Flatevad</stop>
    <stop arrival="12:23" departure="12:23">Spondalen</stop>
    <stop arrival="12:23" departure="12:23">Torvbakken</stop>
    <stop arrival="12:24" departure="12:24">Morvikbotn</stop>
    <stop arrival="12:25" departure="12:25">Viddalen</stop>
    <stop arrival="12:26" departure="12:26">Bakketoppen, Morvik</stop>
    <stop arrival="12:28" departure="12:28">Kollbudalen</stop>
    <stop arrival="12:29" departure="12:29">Saudalen</stop>
    <stop arrival="12:30" departure="12:30">Saudalskleivane</stop>
    <stop arrival="12:31" departure="12:31">Lokketodalen</stop>
    <stop arrival="12:32" departure="12:32">Slettestølen</stop>
    <stop arrival="12:33" departure="12:33">Marikollen</stop>
    <stop arrival="12:34" departure="12:34">Toppe</stop>
    <stop arrival="12:35">Støbotn snuplass</stop>
  </route>
  <route no="71" destination="Nipedalen" url="http://www.web2051.no/bin/tp/zuginfo.exe/on/109188/41096/907532/417371/1/" trafficDays="kjører Lø, ikke 1. Mai">
    <stop departure="12:05" routeNo="71">Viddalen</stop>
    <stop arrival="12:07" departure="12:07">Bryggedalen</stop>
    <stop arrival="12:08" departure="12:08">Åsane sand + singel</stop>
    <stop arrival="12:08" departure="12:08">Kvernevikstemma</stop>
    <stop arrival="12:09" departure="12:09">Tertitten</stop>
    <stop arrival="12:10" departure="12:10">Bekkjarvik (Åsane)</stop>
    <stop arrival="12:11" departure="12:11">Nesmyr</stop>
    <stop arrival="12:11" departure="12:11">Storevarden</stop>
    <stop arrival="12:12" departure="12:12">Kipo</stop>
    <stop arrival="12:12" departure="12:12">Bekkjarvikkryss (Åsane)</stop>
    <stop arrival="12:13" departure="12:13">Sjøveien</stop>
    <stop arrival="12:14" departure="12:14">Haukedalsvegen</stop>
    <stop arrival="12:15" departure="12:15">Botnane</stop>
    <stop arrival="12:16" departure="12:16">Haukeberget</stop>
    <stop arrival="12:17" departure="12:17">Ulsetåsen</stop>
    <stop arrival="12:18" departure="12:18">Åsane Brannstasjon</stop>
    <stop arrival="12:20" departure="12:20">Åsane terminal</stop>
    <stop arrival="12:21" departure="12:21">Hesthaugen</stop>
    <stop arrival="12:22" departure="12:22">Stamskaret</stop>
    <stop arrival="12:23" departure="12:23">Tertneskrysset nyevegen</stop>
    <stop arrival="12:26" departure="12:26">Eidsvåg</stop>
    <stop arrival="12:28" departure="12:28">Handelshøyskolen</stop>
    <stop arrival="12:30" departure="12:30">Nyhavnsvei (Gamle Bergen)</stop>
    <stop arrival="12:32" departure="12:32">Munkebotten</stop>
    <stop arrival="12:33" departure="12:33">Ludebryggen</stop>
    <stop arrival="12:34" departure="12:34">Sandvikstorget</stop>
    <stop arrival="12:36" departure="12:36">Skutevikstorget</stop>
    <stop arrival="12:37" departure="12:37">Bontelabo</stop>
    <stop arrival="12:38" departure="12:38">Slottsgaten</stop>
    <stop arrival="12:40" departure="12:40">Bryggen</stop>
    <stop arrival="12:41" departure="12:41">Olav Kyrres gate</stop>
    <stop arrival="12:44" departure="12:44">Møhlenpris v/ Industrihuset</stop>
    <stop arrival="12:46" departure="12:46">Gyldenpris</stop>
    <stop arrival="12:47" departure="12:47">Solveien</stop>
    <stop arrival="12:48" departure="12:48">Jansongården</stop>
    <stop arrival="12:50" departure="12:50">Fergeveien</stop>
    <stop arrival="12:50" departure="12:50">Vågedalen</stop>
    <stop arrival="12:52" departure="12:52">Oldernes</stop>
    <stop arrival="12:52" departure="12:52">Kringsjå</stop>
    <stop arrival="12:54" departure="12:54">Nygård, Laksevåg</stop>
    <stop arrival="12:54" departure="12:54">Haustbeitet</stop>
    <stop arrival="12:55" departure="12:55">Nygårdslien</stop>
    <stop arrival="12:56" departure="12:56">Lyngbøveien</stop>
    <stop arrival="12:57" departure="12:57">Nipedalen v/Lyngbøveien</stop>
    <stop arrival="12:58" departure="12:58">Nipedalen v/nr. 23</stop>
    <stop arrival="13:00" departure="13:00">Lyngbøkollen</stop>
    <stop arrival="13:01">Nipedalen</stop>
  </route>
  <route no="71" destination="Nipedalen" url="http://www.web2051.no/bin/tp/zuginfo.exe/on/486879/167021/806322/240875/1/" trafficDays="kjører Ma - Fr, ikke 13., 17., 24. Mai">
    <stop departure="12:05" routeNo="71">Viddalen</stop>
    <stop arrival="12:07" departure="12:07">Bryggedalen</stop>
    <stop arrival="12:08" departure="12:08">Åsane sand + singel</stop>
    <stop arrival="12:08" departure="12:08">Kvernevikstemma</stop>
    <stop arrival="12:09" departure="12:09">Tertitten</stop>
    <stop arrival="12:10" departure="12:10">Bekkjarvik (Åsane)</stop>
    <stop arrival="12:11" departure="12:11">Nesmyr</stop>
    <stop arrival="12:11" departure="12:11">Storevarden</stop>
    <stop arrival="12:12" departure="12:12">Kipo</stop>
    <stop arrival="12:12" departure="12:12">Bekkjarvikkryss (Åsane)</stop>
    <stop arrival="12:13" departure="12:13">Sjøveien</stop>
    <stop arrival="12:14" departure="12:14">Haukedalsvegen</stop>
    <stop arrival="12:15" departure="12:15">Botnane</stop>
    <stop arrival="12:16" departure="12:16">Haukeberget</stop>
    <stop arrival="12:17" departure="12:17">Ulsetåsen</stop>
    <stop arrival="12:18" departure="12:18">Åsane Brannstasjon</stop>
    <stop arrival="12:20" departure="12:20">Åsane terminal</stop>
    <stop arrival="12:21" departure="12:21">Hesthaugen</stop>
    <stop arrival="12:22" departure="12:22">Stamskaret</stop>
    <stop arrival="12:23" departure="12:23">Tertneskrysset nyevegen</stop>
    <stop arrival="12:26" departure="12:26">Eidsvåg</stop>
    <stop arrival="12:28" departure="12:28">Handelshøyskolen</stop>
    <stop arrival="12:30" departure="12:30">Nyhavnsvei (Gamle Bergen)</stop>
    <stop arrival="12:32" departure="12:32">Munkebotten</stop>
    <stop arrival="12:33" departure="12:33">Ludebryggen</stop>
    <stop arrival="12:34" departure="12:34">Sandvikstorget</stop>
    <stop arrival="12:36" departure="12:36">Skutevikstorget</stop>
    <stop arrival="12:37" departure="12:37">Bontelabo</stop>
    <stop arrival="12:38" departure="12:38">Slottsgaten</stop>
    <stop arrival="12:40" departure="12:40">Bryggen</stop>
    <stop arrival="12:41" departure="12:41">Olav Kyrres gate</stop>
    <stop arrival="12:44" departure="12:44">Møhlenpris v/ Industrihuset</stop>
    <stop arrival="12:46" departure="12:46">Gyldenpris</stop>
    <stop arrival="12:47" departure="12:47">Solveien</stop>
    <stop arrival="12:48" departure="12:48">Jansongården</stop>
    <stop arrival="12:50" departure="12:50">Fergeveien</stop>
    <stop arrival="12:51" departure="12:51">Vågedalen</stop>
    <stop arrival="12:53" departure="12:53">Oldernes</stop>
    <stop arrival="12:54" departure="12:54">Kringsjå</stop>
    <stop arrival="12:55" departure="12:55">Nygård, Laksevåg</stop>
    <stop arrival="12:56" departure="12:56">Haustbeitet</stop>
    <stop arrival="12:57" departure="12:57">Nygårdslien</stop>
    <stop arrival="12:58" departure="12:58">Lyngbøveien</stop>
    <stop arrival="13:00" departure="13:00">Nipedalen v/Lyngbøveien</stop>
    <stop arrival="13:01" departure="13:01">Nipedalen v/nr. 23</stop>
    <stop arrival="13:03" departure="13:03">Lyngbøkollen</stop>
    <stop arrival="13:05">Nipedalen</stop>
  </route>
  <route no="24" destination="Nesttun terminal" url="http://www.web2051.no/bin/tp/zuginfo.exe/on/320304/110946/523258/154861/1/" trafficDays="kjører Lø, ikke 1. Mai">
    <stop departure="12:34" routeNo="24">Åsane terminal</stop>
    <stop arrival="12:35" departure="12:35">Hesthaugen</stop>
    <stop arrival="12:36" departure="12:36">Stamskaret</stop>
    <stop arrival="12:37" departure="12:37">Tertneskrysset gamleveien</stop>
    <stop arrival="12:38" departure="12:38">Griggastemma</stop>
    <stop arrival="12:38" departure="12:38">Åstveitvegen</stop>
    <stop arrival="12:39" departure="12:39">Ervik øvre</stop>
    <stop arrival="12:40" departure="12:40">Ervik nedre (Sellesvingen)</stop>
    <stop arrival="12:41" departure="12:41">Selvikvegen</stop>
    <stop arrival="12:42" departure="12:42">Eidsvåg gamlevegen</stop>
    <stop arrival="12:43" departure="12:43">Fabrikkvegen</stop>
    <stop arrival="12:45" departure="12:45">Hagebyen (Eidsvåg)</stop>
    <stop arrival="12:47" departure="12:47">Lillevågen</stop>
    <stop arrival="12:48" departure="12:48">Tømmervågen</stop>
    <stop arrival="12:48" departure="12:48">Trollbekken</stop>
    <stop arrival="12:49" departure="12:49">Trolldalen (Eidsvågneset)</stop>
    <stop arrival="12:51" departure="12:51">Fagerbakken</stop>
    <stop arrival="12:52" departure="12:52">Nordre Lønborg</stop>
    <stop arrival="12:53" departure="12:53">Lønborg</stop>
    <stop arrival="12:53" departure="12:53">Brunestykket</stop>
    <stop arrival="12:54" departure="12:54">Hellebakken</stop>
    <stop arrival="12:55" departure="12:55">Eikeviken</stop>
    <stop arrival="12:56" departure="12:56">Solbakken</stop>
    <stop arrival="12:57" departure="12:57">Handelshøyskolen</stop>
    <stop arrival="12:59" departure="12:59">Nyhavnsvei (Gamle Bergen)</stop>
    <stop arrival="13:01" departure="13:01">Munkebotten</stop>
    <stop arrival="13:02" departure="13:02">Ludebryggen</stop>
    <stop arrival="13:03" departure="13:03">Sandvikstorget</stop>
    <stop arrival="13:05" departure="13:05">Skutevikstorget</stop>
    <stop arrival="13:06" departure="13:06">Bontelabo</stop>
    <stop arrival="13:08" departure="13:08">Slottsgaten</stop>
    <stop arrival="13:09" departure="13:09">Bryggen</stop>
    <stop arrival="13:10" departure="13:10">Olav Kyrres gate</stop>
    <stop arrival="13:15" departure="13:15">Bergen Busstasjon</stop>
    <stop arrival="13:19" departure="13:19">Danmarksplass</stop>
    <stop arrival="13:20" departure="13:20">Solheimsgaten</stop>
    <stop arrival="13:21" departure="13:21">Reperbanen</stop>
    <stop arrival="13:23" departure="13:23">Fjøsangerveien/ Minde Allè</stop>
    <stop arrival="13:26" departure="13:26">Minde</stop>
    <stop arrival="13:27" departure="13:27">Elvebakken</stop>
    <stop arrival="13:28" departure="13:28">Storetveit</stop>
    <stop arrival="13:28" departure="13:28">Fantoft</stop>
    <stop arrival="13:29" departure="13:29">Nydalen</stop>
    <stop arrival="13:30" departure="13:30">Paradis</stop>
    <stop arrival="13:31" departure="13:31">Tveiteråsskiftet</stop>
    <stop arrival="13:32" departure="13:32">Hopsbro</stop>
    <stop arrival="13:34" departure="13:34">Hopstangen</stop>
    <stop arrival="13:35">Nesttun terminal</stop>
  </route>
  <route no="24" destination="Nesttun terminal" url="http://www.web2051.no/bin/tp/zuginfo.exe/on/108252/40294/275586/101713/1/" trafficDays="kjører Ma - Fr, ikke 13., 17., 24. Mai">
    <stop departure="12:34" routeNo="24">Åsane terminal</stop>
    <stop arrival="12:35" departure="12:35">Hesthaugen</stop>
    <stop arrival="12:36" departure="12:36">Stamskaret</stop>
    <stop arrival="12:37" departure="12:37">Tertneskrysset gamleveien</stop>
    <stop arrival="12:38" departure="12:38">Griggastemma</stop>
    <stop arrival="12:38" departure="12:38">Åstveitvegen</stop>
    <stop arrival="12:39" departure="12:39">Ervik øvre</stop>
    <stop arrival="12:40" departure="12:40">Ervik nedre (Sellesvingen)</stop>
    <stop arrival="12:41" departure="12:41">Selvikvegen</stop>
    <stop arrival="12:42" departure="12:42">Eidsvåg gamlevegen</stop>
    <stop arrival="12:42" departure="12:42">Fabrikkvegen</stop>
    <stop arrival="12:44" departure="12:44">Hagebyen (Eidsvåg)</stop>
    <stop arrival="12:45" departure="12:45">Lillevågen</stop>
    <stop arrival="12:46" departure="12:46">Tømmervågen</stop>
    <stop arrival="12:47" departure="12:47">Trollbekken</stop>
    <stop arrival="12:48" departure="12:48">Trolldalen (Eidsvågneset)</stop>
    <stop arrival="12:50" departure="12:50">Fagerbakken</stop>
    <stop arrival="12:52" departure="12:52">Nordre Lønborg</stop>
    <stop arrival="12:53" departure="12:53">Lønborg</stop>
    <stop arrival="12:53" departure="12:53">Brunestykket</stop>
    <stop arrival="12:54" departure="12:54">Hellebakken</stop>
    <stop arrival="12:55" departure="12:55">Eikeviken</stop>
    <stop arrival="12:56" departure="12:56">Solbakken</stop>
    <stop arrival="12:57" departure="12:57">Handelshøyskolen</stop>
    <stop arrival="12:59" departure="12:59">Nyhavnsvei (Gamle Bergen)</stop>
    <stop arrival="13:01" departure="13:01">Munkebotten</stop>
    <stop arrival="13:02" departure="13:02">Ludebryggen</stop>
    <stop arrival="13:03" departure="13:03">Sandvikstorget</stop>
    <stop arrival="13:05" departure="13:05">Skutevikstorget</stop>
    <stop arrival="13:06" departure="13:06">Bontelabo</stop>
    <stop arrival="13:08" departure="13:08">Slottsgaten</stop>
    <stop arrival="13:09" departure="13:09">Bryggen</stop>
    <stop arrival="13:10" departure="13:10">Olav Kyrres gate</stop>
    <stop arrival="13:15" departure="13:15">Bergen Busstasjon</stop>
    <stop arrival="13:19" departure="13:19">Danmarksplass</stop>
    <stop arrival="13:20" departure="13:20">Solheimsgaten</stop>
    <stop arrival="13:21" departure="13:21">Reperbanen</stop>
    <stop arrival="13:23" departure="13:23">Fjøsangerveien/ Minde Allè</stop>
    <stop arrival="13:27" departure="13:27">Minde</stop>
    <stop arrival="13:28" departure="13:28">Elvebakken</stop>
    <stop arrival="13:28" departure="13:28">Storetveit</stop>
    <stop arrival="13:28" departure="13:28">Fantoft</stop>
    <stop arrival="13:29" departure="13:29">Nydalen</stop>
    <stop arrival="13:30" departure="13:30">Paradis</stop>
    <stop arrival="13:31" departure="13:31">Tveiteråsskiftet</stop>
    <stop arrival="13:32" departure="13:32">Hopsbro</stop>
    <stop arrival="13:34" departure="13:34">Hopstangen</stop>
    <stop arrival="13:35">Nesttun terminal</stop>
  </route>
  <route no="71" destination="Viddalen" url="http://www.web2051.no/bin/tp/zuginfo.exe/on/161211/58436/308574/100551/1/" trafficDays="kjører Lø, ikke 1. Mai">
    <stop departure="12:00" routeNo="71">Nipedalen</stop>
    <stop arrival="12:01" departure="12:01">Lyngbøkollen</stop>
    <stop arrival="12:02" departure="12:02">Øvre Lyngbø</stop>
    <stop arrival="12:03" departure="12:03">Nipedalen v/nr.23</stop>
    <stop arrival="12:03" departure="12:03">Nipedalen v/Lyngbøveien</stop>
    <stop arrival="12:04" departure="12:04">Lyngbøveien</stop>
    <stop arrival="12:05" departure="12:05">Nygårdslien</stop>
    <stop arrival="12:05" departure="12:05">Haustbeitet</stop>
    <stop arrival="12:06" departure="12:06">Nygård, Laksevåg</stop>
    <stop arrival="12:08" departure="12:08">Kringsjå</stop>
    <stop arrival="12:09" departure="12:09">Oldernes</stop>
    <stop arrival="12:10" departure="12:10">Vågedalen</stop>
    <stop arrival="12:11" departure="12:11">Fergeveien</stop>
    <stop arrival="12:13" departure="12:13">Jansongården</stop>
    <stop arrival="12:14" departure="12:14">Solveien</stop>
    <stop arrival="12:15" departure="12:15">Gyldenpris</stop>
    <stop arrival="12:18" departure="12:18">Møhlenpris v/ Industrihuset</stop>
    <stop arrival="12:20" departure="12:20">Christies gate (Festplassen)</stop>
    <stop arrival="12:23" departure="12:23">Torget (Bergen)</stop>
    <stop arrival="12:24" departure="12:24">Bryggen</stop>
    <stop arrival="12:24" departure="12:24">Slottsgaten</stop>
    <stop arrival="12:25" departure="12:25">Bontelabo</stop>
    <stop arrival="12:26" departure="12:26">Skutevikstorget</stop>
    <stop arrival="12:26" departure="12:26">Sjøgaten</stop>
    <stop arrival="12:27" departure="12:27">Sandvikstorget</stop>
    <stop arrival="12:28" departure="12:28">Ludebryggen</stop>
    <stop arrival="12:28" departure="12:28">Munkebotten</stop>
    <stop arrival="12:30" departure="12:30">Nyhavnsvei (Gamle Bergen)</stop>
    <stop arrival="12:31" departure="12:31">Handelshøyskolen</stop>
    <stop arrival="12:33" departure="12:33">Eidsvåg</stop>
    <stop arrival="12:36" departure="12:36">Tertneskrysset nyevegen</stop>
    <stop arrival="12:38" departure="12:38">Stamskaret</stop>
    <stop arrival="12:39" departure="12:39">Hesthaugen</stop>
    <stop arrival="12:40" departure="12:40">Åsane terminal</stop>
    <stop arrival="12:42" departure="12:42">Ulsetåsen</stop>
    <stop arrival="12:43" departure="12:43">Haukeberget</stop>
    <stop arrival="12:45" departure="12:45">Botnane</stop>
    <stop arrival="12:46" departure="12:46">Haukedalsvegen</stop>
    <stop arrival="12:47" departure="12:47">Sjøveien</stop>
    <stop arrival="12:48" departure="12:48">Tertitten</stop>
    <stop arrival="12:48" departure="12:48">Kipo</stop>
    <stop arrival="12:49" departure="12:49">Storevarden</stop>
    <stop arrival="12:49" departure="12:49">Nesmyr</stop>
    <stop arrival="12:50" departure="12:50">Bekkjarvik (Åsane)</stop>
    <stop arrival="12:51" departure="12:51">Bekkjarvikkryss (Åsane)</stop>
    <stop arrival="12:52" departure="12:52">Kvernevikstemma</stop>
    <stop arrival="12:52" departure="12:52">Åsane sand + singel</stop>
    <stop arrival="12:53" departure="12:53">Bryggedalen</stop>
    <stop arrival="12:55">Viddalen</stop>
  </route>
  <route no="71" destination="Viddalen" url="http://www.web2051.no/bin/tp/zuginfo.exe/on/183984/66060/386268/131808/1/" trafficDays="kjører Ma - Fr, ikke 13., 17., 24. Mai">
    <stop departure="12:00" routeNo="71">Nipedalen</stop>
    <stop arrival="12:01" departure="12:01">Lyngbøkollen</stop>
    <stop arrival="12:02" departure="12:02">Øvre Lyngbø</stop>
    <stop arrival="12:03" departure="12:03">Nipedalen v/nr.23</stop>
    <stop arrival="12:03" departure="12:03">Nipedalen v/Lyngbøveien</stop>
    <stop arrival="12:04" departure="12:04">Lyngbøveien</stop>
    <stop arrival="12:05" departure="12:05">Nygårdslien</stop>
    <stop arrival="12:05" departure="12:05">Haustbeitet</stop>
    <stop arrival="12:06" departure="12:06">Nygård, Laksevåg</stop>
    <stop arrival="12:08" departure="12:08">Kringsjå</stop>
    <stop arrival="12:09" departure="12:09">Oldernes</stop>
    <stop arrival="12:10" departure="12:10">Vågedalen</stop>
    <stop arrival="12:11" departure="12:11">Fergeveien</stop>
    <stop arrival="12:13" departure="12:13">Jansongården</stop>
    <stop arrival="12:14" departure="12:14">Solveien</stop>
    <stop arrival="12:15" departure="12:15">Gyldenpris</stop>
    <stop arrival="12:18" departure="12:18">Møhlenpris v/ Industrihuset</stop>
    <stop arrival="12:20" departure="12:20">Christies gate (Festplassen)</stop>
    <stop arrival="12:23" departure="12:23">Torget (Bergen)</stop>
    <stop arrival="12:24" departure="12:24">Bryggen</stop>
    <stop arrival="12:24" departure="12:24">Slottsgaten</stop>
    <stop arrival="12:25" departure="12:25">Bontelabo</stop>
    <stop arrival="12:26" departure="12:26">Skutevikstorget</stop>
    <stop arrival="12:26" departure="12:26">Sjøgaten</stop>
    <stop arrival="12:27" departure="12:27">Sandvikstorget</stop>
    <stop arrival="12:28" departure="12:28">Ludebryggen</stop>
    <stop arrival="12:28" departure="12:28">Munkebotten</stop>
    <stop arrival="12:30" departure="12:30">Nyhavnsvei (Gamle Bergen)</stop>
    <stop arrival="12:31" departure="12:31">Handelshøyskolen</stop>
    <stop arrival="12:33" departure="12:33">Eidsvåg</stop>
    <stop arrival="12:36" departure="12:36">Tertneskrysset nyevegen</stop>
    <stop arrival="12:38" departure="12:38">Stamskaret</stop>
    <stop arrival="12:39" departure="12:39">Hesthaugen</stop>
    <stop arrival="12:40" departure="12:40">Åsane terminal</stop>
    <stop arrival="12:42" departure="12:42">Ulsetåsen</stop>
    <stop arrival="12:43" departure="12:43">Haukeberget</stop>
    <stop arrival="12:45" departure="12:45">Botnane</stop>
    <stop arrival="12:46" departure="12:46">Haukedalsvegen</stop>
    <stop arrival="12:47" departure="12:47">Sjøveien</stop>
    <stop arrival="12:48" departure="12:48">Tertitten</stop>
    <stop arrival="12:48" departure="12:48">Kipo</stop>
    <stop arrival="12:49" departure="12:49">Storevarden</stop>
    <stop arrival="12:49" departure="12:49">Nesmyr</stop>
    <stop arrival="12:50" departure="12:50">Bekkjarvik (Åsane)</stop>
    <stop arrival="12:51" departure="12:51">Bekkjarvikkryss (Åsane)</stop>
    <stop arrival="12:52" departure="12:52">Kvernevikstemma</stop>
    <stop arrival="12:52" departure="12:52">Åsane sand + singel</stop>
    <stop arrival="12:53" departure="12:53">Bryggedalen</stop>
    <stop arrival="13:00">Viddalen</stop>
  </route>
  <route no="24" destination="Åsane terminal" url="http://www.web2051.no/bin/tp/zuginfo.exe/on/580374/197631/650360/131723/1/" trafficDays="kjører Lø, ikke 1. Mai">
    <stop departure="11:45" routeNo="24">Nesttun terminal</stop>
    <stop arrival="11:47" departure="11:47">Hopsbro</stop>
    <stop arrival="11:49" departure="11:49">Tveiteråsskiftet</stop>
    <stop arrival="11:50" departure="11:50">Paradis</stop>
    <stop arrival="11:52" departure="11:52">Nydalen</stop>
    <stop arrival="11:54" departure="11:54">Fantoft</stop>
    <stop arrival="11:55" departure="11:55">Storetveit</stop>
    <stop arrival="11:55" departure="11:55">Elvebakken</stop>
    <stop arrival="11:56" departure="11:56">Minde</stop>
    <stop arrival="12:00" departure="12:00">Mindemyren</stop>
    <stop arrival="12:01" departure="12:01">Postterminalen</stop>
    <stop arrival="12:01" departure="12:01">Kanalveien v/LBK</stop>
    <stop arrival="12:03" departure="12:03">Danmarksplass v/Forum kino</stop>
    <stop arrival="12:08" departure="12:08">Bergen Busstasjon</stop>
    <stop arrival="12:11" departure="12:11">Christies gate (Festplassen)</stop>
    <stop arrival="12:14" departure="12:14">Torget v/DnB</stop>
    <stop arrival="12:15" departure="12:15">Bryggen</stop>
    <stop arrival="12:15" departure="12:15">Slottsgaten</stop>
    <stop arrival="12:16" departure="12:16">Bontelabo</stop>
    <stop arrival="12:17" departure="12:17">Skutevikstorget</stop>
    <stop arrival="12:17" departure="12:17">Sjøgaten</stop>
    <stop arrival="12:18" departure="12:18">Sandvikstorget</stop>
    <stop arrival="12:19" departure="12:19">Ludebryggen</stop>
    <stop arrival="12:19" departure="12:19">Munkebotten</stop>
    <stop arrival="12:21" departure="12:21">Nyhavnsvei (Gamle Bergen)</stop>
    <stop arrival="12:22" departure="12:22">Handelshøyskolen</stop>
    <stop arrival="12:23" departure="12:23">Solbakken</stop>
    <stop arrival="12:24" departure="12:24">Eikeviken</stop>
    <stop arrival="12:26" departure="12:26">Hellebakken</stop>
    <stop arrival="12:26" departure="12:26">Brunestykket</stop>
    <stop arrival="12:27" departure="12:27">Lønborg</stop>
    <stop arrival="12:28" departure="12:28">Nordre Lønborg</stop>
    <stop arrival="12:28" departure="12:28">Fagerbakken</stop>
    <stop arrival="12:29" departure="12:29">Eidsvågneset</stop>
    <stop arrival="12:29" departure="12:29">Trolldalen (Eidsvågneset)</stop>
    <stop arrival="12:29" departure="12:29">Trollbekken</stop>
    <stop arrival="12:30" departure="12:30">Tømmervågen</stop>
    <stop arrival="12:30" departure="12:30">Lillevågen</stop>
    <stop arrival="12:31" departure="12:31">Hagebyen (Eidsvåg)</stop>
    <stop arrival="12:32" departure="12:32">Fabrikkvegen</stop>
    <stop arrival="12:33" departure="12:33">Eidsvåg gamlevegen</stop>
    <stop arrival="12:34" departure="12:34">Selvikvegen</stop>
    <stop arrival="12:35" departure="12:35">Ervik nedre (Sellesvingen)</stop>
    <stop arrival="12:35" departure="12:35">Ervik øvre</stop>
    <stop arrival="12:36" departure="12:36">Åstveitvegen</stop>
    <stop arrival="12:37" departure="12:37">Griggastemma</stop>
    <stop arrival="12:38" departure="12:38">Tertneskrysset gamleveien</stop>
    <stop arrival="12:40" departure="12:40">Stamskaret</stop>
    <stop arrival="12:41" departure="12:41">Hesthaugen</stop>
    <stop arrival="12:42">Åsane terminal</stop>
  </route>
  <route no="50" destination="Dolvik terminal" url="http://www.web2051.no/bin/tp/zuginfo.exe/on/130851/44437/338750/125759/1/" trafficDays="kjører Lø, ikke 1. Mai">
    <stop departure="12:40" routeNo="50">Åsane terminal</stop>
    <stop arrival="12:41" departure="12:41">Hesthaugen</stop>
    <stop arrival="12:43" departure="12:43">Stamskaret</stop>
    <stop arrival="12:45" departure="12:45">Tertneskrysset gamleveien</stop>
    <stop arrival="12:46" departure="12:46">Griggastemma</stop>
    <stop arrival="12:47" departure="12:47">Åstveitvegen</stop>
    <stop arrival="12:47" departure="12:47">Ervik øvre</stop>
    <stop arrival="12:48" departure="12:48">Ervik nedre (Sellesvingen)</stop>
    <stop arrival="12:49" departure="12:49">Selvikvegen</stop>
    <stop arrival="12:50" departure="12:50">Eidsvåg</stop>
    <stop arrival="12:52" departure="12:52">Handelshøyskolen</stop>
    <stop arrival="12:54" departure="12:54">Nyhavnsvei (Gamle Bergen)</stop>
    <stop arrival="12:56" departure="12:56">Munkebotten</stop>
    <stop arrival="12:57" departure="12:57">Ludebryggen</stop>
    <stop arrival="12:58" departure="12:58">Sandvikstorget</stop>
    <stop arrival="13:00" departure="13:00">Skutevikstorget</stop>
    <stop arrival="13:01" departure="13:01">Bontelabo</stop>
    <stop arrival="13:03" departure="13:03">Slottsgaten</stop>
    <stop arrival="13:04" departure="13:04">Bryggen</stop>
    <stop arrival="13:05" departure="13:05">Småstrandgaten</stop>
    <stop arrival="13:06" departure="13:06">Nygaten</stop>
    <stop arrival="13:07" departure="13:07">Statsporten (jernbanen)</stop>
    <stop arrival="13:10" departure="13:10">Kalfarlien</stop>
    <stop arrival="13:11" departure="13:11">Kalvedalsveien</stop>
    <stop arrival="13:12" departure="13:12">Svartediksveien</stop>
    <stop arrival="13:13" departure="13:13">Statsarkivet</stop>
    <stop arrival="13:14" departure="13:14">Haraldsplass sykehus</stop>
    <stop arrival="13:15" departure="13:15">Haukeland sykehus nord</stop>
    <stop arrival="13:15" departure="13:15">Haukeland sykehus sør</stop>
    <stop arrival="13:16" departure="13:16">Fridalen</stop>
    <stop arrival="13:16" departure="13:16">Langhaugen</stop>
    <stop arrival="13:17" departure="13:17">Landåssvingen</stop>
    <stop arrival="13:17" departure="13:17">Landåstorget</stop>
    <stop arrival="13:17" departure="13:17">Erleveien</stop>
    <stop arrival="13:18" departure="13:18">Wier-Jenssens vei</stop>
    <stop arrival="13:18" departure="13:18">Mannsverk</stop>
    <stop arrival="13:19" departure="13:19">Bolstad</stop>
    <stop arrival="13:20" departure="13:20">Hans Jægers vei</stop>
    <stop arrival="13:21" departure="13:21">Kolstibotn</stop>
    <stop arrival="13:22" departure="13:22">Knausen</stop>
    <stop arrival="13:23" departure="13:23">Birkelundstoppen</stop>
    <stop arrival="13:24" departure="13:24">Birkelundsbakken</stop>
    <stop arrival="13:24" departure="13:24">Natlandslien</stop>
    <stop arrival="13:24" departure="13:24">Stavkirken</stop>
    <stop arrival="13:25" departure="13:25">Paradis</stop>
    <stop arrival="13:26" departure="13:26">Tveiteråsskiftet</stop>
    <stop arrival="13:27" departure="13:27">Hopsbro</stop>
    <stop arrival="13:29" departure="13:29">Hopstangen</stop>
    <stop arrival="13:30" departure="13:30">Nesttun terminal</stop>
    <stop arrival="13:32" departure="13:32">Nesttun</stop>
    <stop arrival="13:35" departure="13:35">Skjoldskiftet</stop>
    <stop arrival="13:36" departure="13:36">Nesttunbrekka</stop>
    <stop arrival="13:36" departure="13:36">Mårdalen</stop>
    <stop arrival="13:37" departure="13:37">Skjoldhøgda</stop>
    <stop arrival="13:39" departure="13:39">Skjold skole</stop>
    <stop arrival="13:40" departure="13:40">Lagunen</stop>
    <stop arrival="13:41" departure="13:41">Rådal</stop>
    <stop arrival="13:42" departure="13:42">Meyerskiftet</stop>
    <stop arrival="13:45" departure="13:45">Håvardstun</stop>
    <stop arrival="13:46" departure="13:46">Statoil stasjon Sandsli</stop>
    <stop arrival="13:47" departure="13:47">Hydro Sandsli</stop>
    <stop arrival="13:48" departure="13:48">Petedalsheia</stop>
    <stop arrival="13:49" departure="13:49">Fanatorget</stop>
    <stop arrival="13:49" departure="13:49">Regnbueåsen</stop>
    <stop arrival="13:50">Dolvik terminal</stop>
  </route>
  <route no="50" destination="Dolvik terminal" url="http://www.web2051.no/bin/tp/zuginfo.exe/on/801144/267901/322156/105971/1/" trafficDays="kjører Ma - Fr, ikke 13., 17., 24. Mai">
    <stop departure="12:40" routeNo="50">Åsane terminal</stop>
    <stop arrival="12:41" departure="12:41">Hesthaugen</stop>
    <stop arrival="12:42" departure="12:42">Stamskaret</stop>
    <stop arrival="12:43" departure="12:43">Tertneskrysset gamleveien</stop>
    <stop arrival="12:44" departure="12:44">Griggastemma</stop>
    <stop arrival="12:45" departure="12:45">Åstveitvegen</stop>
    <stop arrival="12:45" departure="12:45">Ervik øvre</stop>
    <stop arrival="12:46" departure="12:46">Ervik nedre (Sellesvingen)</stop>
    <stop arrival="12:47" departure="12:47">Selvikvegen</stop>
    <stop arrival="12:48" departure="12:48">Eidsvåg</stop>
    <stop arrival="12:50" departure="12:50">Handelshøyskolen</stop>
    <stop arrival="12:52" departure="12:52">Nyhavnsvei (Gamle Bergen)</stop>
    <stop arrival="12:54" departure="12:54">Munkebotten</stop>
    <stop arrival="12:55" departure="12:55">Ludebryggen</stop>
    <stop arrival="12:56" departure="12:56">Sandvikstorget</stop>
    <stop arrival="12:58" departure="12:58">Skutevikstorget</stop>
    <stop arrival="12:59" departure="12:59">Bontelabo</stop>
    <stop arrival="13:01" departure="13:01">Slottsgaten</stop>
    <stop arrival="13:02" departure="13:02">Bryggen</stop>
    <stop arrival="13:03" departure="13:03">Småstrandgaten</stop>
    <stop arrival="13:04" departure="13:04">Nygaten</stop>
    <stop arrival="13:05" departure="13:05">Statsporten (jernbanen)</stop>
    <stop arrival="13:08" departure="13:08">Kalfarlien</stop>
    <stop arrival="13:09" departure="13:09">Kalvedalsveien</stop>
    <stop arrival="13:10" departure="13:10">Svartediksveien</stop>
    <stop arrival="13:11" departure="13:11">Statsarkivet</stop>
    <stop arrival="13:12" departure="13:12">Haraldsplass sykehus</stop>
    <stop arrival="13:13" departure="13:13">Haukeland sykehus nord</stop>
    <stop arrival="13:14" departure="13:14">Haukeland sykehus sør</stop>
    <stop arrival="13:15" departure="13:15">Fridalen</stop>
    <stop arrival="13:15" departure="13:15">Langhaugen</stop>
    <stop arrival="13:16" departure="13:16">Landåssvingen</stop>
    <stop arrival="13:16" departure="13:16">Landåstorget</stop>
    <stop arrival="13:17" departure="13:17">Erleveien</stop>
    <stop arrival="13:17" departure="13:17">Wier-Jenssens vei</stop>
    <stop arrival="13:18" departure="13:18">Mannsverk</stop>
    <stop arrival="13:18" departure="13:18">Bolstad</stop>
    <stop arrival="13:19" departure="13:19">Hans Jægers vei</stop>
    <stop arrival="13:19" departure="13:19">Kolstibotn</stop>
    <stop arrival="13:19" departure="13:19">Knausen</stop>
    <stop arrival="13:20" departure="13:20">Birkelundstoppen</stop>
    <stop arrival="13:21" departure="13:21">Birkelundsbakken</stop>
    <stop arrival="13:21" departure="13:21">Natlandslien</stop>
    <stop arrival="13:22" departure="13:22">Stavkirken</stop>
    <stop arrival="13:23" departure="13:23">Paradis</stop>
    <stop arrival="13:24" departure="13:24">Tveiteråsskiftet</stop>
    <stop arrival="13:25" departure="13:25">Hopsbro</stop>
    <stop arrival="13:27" departure="13:27">Hopstangen</stop>
    <stop arrival="13:28" departure="13:28">Nesttun terminal</stop>
    <stop arrival="13:30" departure="13:30">Nesttun</stop>
    <stop arrival="13:33" departure="13:33">Skjoldskiftet</stop>
    <stop arrival="13:33" departure="13:33">Nesttunbrekka</stop>
    <stop arrival="13:34" departure="13:34">Mårdalen</stop>
    <stop arrival="13:34" departure="13:34">Skjoldhøgda</stop>
    <stop arrival="13:34" departure="13:34">Skjold skole</stop>
    <stop arrival="13:35" departure="13:35">Lagunen</stop>
    <stop arrival="13:36" departure="13:36">Rådal</stop>
    <stop arrival="13:37" departure="13:37">Meyerskiftet</stop>
    <stop arrival="13:41" departure="13:41">Håvardstun</stop>
    <stop arrival="13:42" departure="13:42">Statoil stasjon Sandsli</stop>
    <stop arrival="13:43" departure="13:43">Hydro Sandsli</stop>
    <stop arrival="13:44" departure="13:44">Petedalsheia</stop>
    <stop arrival="13:45" departure="13:45">Fanatorget</stop>
    <stop arrival="13:47">Dolvik terminal</stop>
  </route>
  <route no="50" destination="Åsane terminal" url="http://www.web2051.no/bin/tp/zuginfo.exe/on/80685/27713/569252/257733/1/" trafficDays="kjører Lø, ikke 1. Mai">
    <stop departure="11:38" routeNo="50">Dolvik terminal</stop>
    <stop arrival="11:38" departure="11:38">Skranevegen</stop>
    <stop arrival="11:39" departure="11:39">Regnbueåsen</stop>
    <stop arrival="11:40" departure="11:40">Fanatorget</stop>
    <stop arrival="11:41" departure="11:41">Petedalsheia</stop>
    <stop arrival="11:42" departure="11:42">Hydro Sandsli</stop>
    <stop arrival="11:45" departure="11:45">Håvardstun</stop>
    <stop arrival="11:48" departure="11:48">Meyer</stop>
    <stop arrival="11:49" departure="11:49">Rådal</stop>
    <stop arrival="11:50" departure="11:50">Rådal ved Lagunen</stop>
    <stop arrival="11:53" departure="11:53">Skjold skole</stop>
    <stop arrival="11:55" departure="11:55">Mårdalen</stop>
    <stop arrival="11:56" departure="11:56">Nesttunbrekka</stop>
    <stop arrival="11:56" departure="11:56">Skjoldskiftet</stop>
    <stop arrival="11:57" departure="11:57">Nesttun</stop>
    <stop arrival="11:58" departure="11:58">Nesttun terminal</stop>
    <stop arrival="12:00" departure="12:00">Hopsbro</stop>
    <stop arrival="12:02" departure="12:02">Tveiteråsskiftet</stop>
    <stop arrival="12:03" departure="12:03">Paradis/50</stop>
    <stop arrival="12:05" departure="12:05">Stavkirken</stop>
    <stop arrival="12:06" departure="12:06">Natlandslien</stop>
    <stop arrival="12:07" departure="12:07">Birkelundsbakken</stop>
    <stop arrival="12:08" departure="12:08">Birkelundstoppen</stop>
    <stop arrival="12:09" departure="12:09">Knausen</stop>
    <stop arrival="12:09" departure="12:09">Kolstibotn</stop>
    <stop arrival="12:10" departure="12:10">H. Jægers vei</stop>
    <stop arrival="12:10" departure="12:10">Bolstad</stop>
    <stop arrival="12:11" departure="12:11">Mannsverk</stop>
    <stop arrival="12:11" departure="12:11">Wiers -Jenssens vei</stop>
    <stop arrival="12:12" departure="12:12">Erleveien</stop>
    <stop arrival="12:12" departure="12:12">Landåstorget</stop>
    <stop arrival="12:13" departure="12:13">Natlandsv. v/Hagerupsvei</stop>
    <stop arrival="12:13" departure="12:13">Langhaugen</stop>
    <stop arrival="12:14" departure="12:14">Fridalen</stop>
    <stop arrival="12:15" departure="12:15">Haukeland sykehus sør</stop>
    <stop arrival="12:16" departure="12:16">Haukeland sykehus nord</stop>
    <stop arrival="12:17" departure="12:17">Haraldsplass sykehus</stop>
    <stop arrival="12:18" departure="12:18">Haukeland skole</stop>
    <stop arrival="12:19" departure="12:19">Svartediksveien</stop>
    <stop arrival="12:20" departure="12:20">Kalvedalsveien</stop>
    <stop arrival="12:21" departure="12:21">Kalfarlien</stop>
    <stop arrival="12:23" departure="12:23">Stadsporten (jernbanen)</stop>
    <stop arrival="12:24" departure="12:24">Kong Oscars gate</stop>
    <stop arrival="12:25" departure="12:25">Allehelgensgate</stop>
    <stop arrival="12:25" departure="12:25">Torget (Bergen)</stop>
    <stop arrival="12:26" departure="12:26">Bryggen</stop>
    <stop arrival="12:27" departure="12:27">Slottsgaten</stop>
    <stop arrival="12:28" departure="12:28">Bontelabo</stop>
    <stop arrival="12:28" departure="12:28">Skutevikstorget</stop>
    <stop arrival="12:29" departure="12:29">Sjøgaten</stop>
    <stop arrival="12:29" departure="12:29">Sandvikstorget</stop>
    <stop arrival="12:30" departure="12:30">Ludebryggen</stop>
    <stop arrival="12:31" departure="12:31">Munkebotten</stop>
    <stop arrival="12:32" departure="12:32">Nyhavnsvei (Gamle Bergen)</stop>
    <stop arrival="12:33" departure="12:33">Handelshøyskolen</stop>
    <stop arrival="12:35" departure="12:35">Eidsvåg gamlevegen</stop>
    <stop arrival="12:36" departure="12:36">Selvikvegen</stop>
    <stop arrival="12:37" departure="12:37">Ervik nedre (Sellesvingen)</stop>
    <stop arrival="12:37" departure="12:37">Ervik øvre</stop>
    <stop arrival="12:38" departure="12:38">Åstveitvegen</stop>
    <stop arrival="12:39" departure="12:39">Griggastemma</stop>
    <stop arrival="12:40" departure="12:40">Tertneskrysset gamleveien</stop>
    <stop arrival="12:42" departure="12:42">Stamskaret</stop>
    <stop arrival="12:43" departure="12:43">Hesthaugen</stop>
    <stop arrival="12:45">Åsane terminal</stop>
  </route>
  <route no="24" destination="Åsane terminal" url="http://www.web2051.no/bin/tp/zuginfo.exe/on/856752/289795/994092/211463/1/" trafficDays="kjører Ma - Fr, ikke 13., 17., 24. Mai">
    <stop departure="11:45" routeNo="24">Nesttun terminal</stop>
    <stop arrival="11:47" departure="11:47">Hopsbro</stop>
    <stop arrival="11:49" departure="11:49">Tveiteråsskiftet</stop>
    <stop arrival="11:50" departure="11:50">Paradis</stop>
    <stop arrival="11:52" departure="11:52">Nydalen</stop>
    <stop arrival="11:54" departure="11:54">Fantoft</stop>
    <stop arrival="11:55" departure="11:55">Storetveit</stop>
    <stop arrival="11:55" departure="11:55">Elvebakken</stop>
    <stop arrival="11:56" departure="11:56">Minde</stop>
    <stop arrival="11:59" departure="11:59">Mindemyren</stop>
    <stop arrival="12:00" departure="12:00">Postterminalen</stop>
    <stop arrival="12:01" departure="12:01">Kanalveien v/LBK</stop>
    <stop arrival="12:03" departure="12:03">Danmarksplass v/Forum kino</stop>
    <stop arrival="12:08" departure="12:08">Bergen Busstasjon</stop>
    <stop arrival="12:10" departure="12:10">Christies gate (Festplassen)</stop>
    <stop arrival="12:13" departure="12:13">Torget v/DnB</stop>
    <stop arrival="12:14" departure="12:14">Bryggen</stop>
    <stop arrival="12:14" departure="12:14">Slottsgaten</stop>
    <stop arrival="12:15" departure="12:15">Bontelabo</stop>
    <stop arrival="12:16" departure="12:16">Skutevikstorget</stop>
    <stop arrival="12:16" departure="12:16">Sjøgaten</stop>
    <stop arrival="12:17" departure="12:17">Sandvikstorget</stop>
    <stop arrival="12:18" departure="12:18">Ludebryggen</stop>
    <stop arrival="12:18" departure="12:18">Munkebotten</stop>
    <stop arrival="12:20" departure="12:20">Nyhavnsvei (Gamle Bergen)</stop>
    <stop arrival="12:21" departure="12:21">Handelshøyskolen</stop>
    <stop arrival="12:22" departure="12:22">Solbakken</stop>
    <stop arrival="12:23" departure="12:23">Eikeviken</stop>
    <stop arrival="12:25" departure="12:25">Hellebakken</stop>
    <stop arrival="12:25" departure="12:25">Brunestykket</stop>
    <stop arrival="12:26" departure="12:26">Lønborg</stop>
    <stop arrival="12:27" departure="12:27">Nordre Lønborg</stop>
    <stop arrival="12:27" departure="12:27">Fagerbakken</stop>
    <stop arrival="12:28" departure="12:28">Eidsvågneset</stop>
    <stop arrival="12:29" departure="12:29">Trolldalen (Eidsvågneset)</stop>
    <stop arrival="12:30" departure="12:30">Trollbekken</stop>
    <stop arrival="12:30" departure="12:30">Tømmervågen</stop>
    <stop arrival="12:31" departure="12:31">Lillevågen</stop>
    <stop arrival="12:32" departure="12:32">Hagebyen (Eidsvåg)</stop>
    <stop arrival="12:34" departure="12:34">Fabrikkvegen</stop>
    <stop arrival="12:35" departure="12:35">Eidsvåg gamlevegen</stop>
    <stop arrival="12:36" departure="12:36">Selvikvegen</stop>
    <stop arrival="12:37" departure="12:37">Ervik nedre (Sellesvingen)</stop>
    <stop arrival="12:37" departure="12:37">Ervik øvre</stop>
    <stop arrival="12:38" departure="12:38">Åstveitvegen</stop>
    <stop arrival="12:39" departure="12:39">Griggastemma</stop>
    <stop arrival="12:40" departure="12:40">Tertneskrysset gamleveien</stop>
    <stop arrival="12:42" departure="12:42">Stamskaret</stop>
    <stop arrival="12:43" departure="12:43">Hesthaugen</stop>
    <stop arrival="12:44">Åsane terminal</stop>
  </route>
  <route no="50" destination="Åsane terminal" url="http://www.web2051.no/bin/tp/zuginfo.exe/on/639891/214148/119500/153549/1/" trafficDays="kjører Ma - Fr, ikke 13., 17., 24. Mai">
    <stop departure="11:38" routeNo="50">Dolvik terminal</stop>
    <stop arrival="11:38" departure="11:38">Skranevegen</stop>
    <stop arrival="11:39" departure="11:39">Regnbueåsen</stop>
    <stop arrival="11:40" departure="11:40">Fanatorget</stop>
    <stop arrival="11:41" departure="11:41">Petedalsheia</stop>
    <stop arrival="11:42" departure="11:42">Hydro Sandsli</stop>
    <stop arrival="11:45" departure="11:45">Håvardstun</stop>
    <stop arrival="11:48" departure="11:48">Meyer</stop>
    <stop arrival="11:49" departure="11:49">Rådal</stop>
    <stop arrival="11:50" departure="11:50">Rådal ved Lagunen</stop>
    <stop arrival="11:55" departure="11:55">Skjold skole</stop>
    <stop arrival="11:57" departure="11:57">Mårdalen</stop>
    <stop arrival="11:58" departure="11:58">Nesttunbrekka</stop>
    <stop arrival="11:58" departure="11:58">Skjoldskiftet</stop>
    <stop arrival="11:59" departure="11:59">Nesttun</stop>
    <stop arrival="12:00" departure="12:00">Nesttun terminal</stop>
    <stop arrival="12:02" departure="12:02">Hopsbro</stop>
    <stop arrival="12:04" departure="12:04">Tveiteråsskiftet</stop>
    <stop arrival="12:05" departure="12:05">Paradis/50</stop>
    <stop arrival="12:06" departure="12:06">Stavkirken</stop>
    <stop arrival="12:06" departure="12:06">Natlandslien</stop>
    <stop arrival="12:07" departure="12:07">Birkelundsbakken</stop>
    <stop arrival="12:07" departure="12:07">Birkelundstoppen</stop>
    <stop arrival="12:08" departure="12:08">Knausen</stop>
    <stop arrival="12:08" departure="12:08">Kolstibotn</stop>
    <stop arrival="12:09" departure="12:09">H. Jægers vei</stop>
    <stop arrival="12:09" departure="12:09">Bolstad</stop>
    <stop arrival="12:10" departure="12:10">Mannsverk</stop>
    <stop arrival="12:11" departure="12:11">Wiers -Jenssens vei</stop>
    <stop arrival="12:12" departure="12:12">Erleveien</stop>
    <stop arrival="12:12" departure="12:12">Landåstorget</stop>
    <stop arrival="12:14" departure="12:14">Natlandsv. v/Hagerupsvei</stop>
    <stop arrival="12:14" departure="12:14">Langhaugen</stop>
    <stop arrival="12:15" departure="12:15">Fridalen</stop>
    <stop arrival="12:17" departure="12:17">Haukeland sykehus sør</stop>
    <stop arrival="12:18" departure="12:18">Haukeland sykehus nord</stop>
    <stop arrival="12:19" departure="12:19">Haraldsplass sykehus</stop>
    <stop arrival="12:20" departure="12:20">Haukeland skole</stop>
    <stop arrival="12:21" departure="12:21">Svartediksveien</stop>
    <stop arrival="12:22" departure="12:22">Kalvedalsveien</stop>
    <stop arrival="12:23" departure="12:23">Kalfarlien</stop>
    <stop arrival="12:25" departure="12:25">Stadsporten (jernbanen)</stop>
    <stop arrival="12:26" departure="12:26">Kong Oscars gate</stop>
    <stop arrival="12:27" departure="12:27">Allehelgensgate</stop>
    <stop arrival="12:27" departure="12:27">Torget (Bergen)</stop>
    <stop arrival="12:28" departure="12:28">Bryggen</stop>
    <stop arrival="12:29" departure="12:29">Slottsgaten</stop>
    <stop arrival="12:30" departure="12:30">Bontelabo</stop>
    <stop arrival="12:30" departure="12:30">Skutevikstorget</stop>
    <stop arrival="12:31" departure="12:31">Sjøgaten</stop>
    <stop arrival="12:31" departure="12:31">Sandvikstorget</stop>
    <stop arrival="12:32" departure="12:32">Ludebryggen</stop>
    <stop arrival="12:33" departure="12:33">Munkebotten</stop>
    <stop arrival="12:34" departure="12:34">Nyhavnsvei (Gamle Bergen)</stop>
    <stop arrival="12:35" departure="12:35">Handelshøyskolen</stop>
    <stop arrival="12:37" departure="12:37">Eidsvåg gamlevegen</stop>
    <stop arrival="12:38" departure="12:38">Selvikvegen</stop>
    <stop arrival="12:39" departure="12:39">Ervik nedre (Sellesvingen)</stop>
    <stop arrival="12:39" departure="12:39">Ervik øvre</stop>
    <stop arrival="12:40" departure="12:40">Åstveitvegen</stop>
    <stop arrival="12:41" departure="12:41">Griggastemma</stop>
    <stop arrival="12:42" departure="12:42">Tertneskrysset gamleveien</stop>
    <stop arrival="12:44" departure="12:44">Stamskaret</stop>
    <stop arrival="12:45" departure="12:45">Hesthaugen</stop>
    <stop arrival="12:46">Åsane terminal</stop>
  </route>
  <route no="22" destination="Åsane terminal" url="http://www.web2051.no/bin/tp/zuginfo.exe/on/174093/62038/573952/228945/1/" trafficDays="kjører Sø, også 1., 13., 17., 24. Mai">
    <stop departure="11:35" routeNo="22">Birkelundstoppen</stop>
    <stop arrival="11:37" departure="11:37">Nattland gård (nyeveien)</stop>
    <stop arrival="11:39" departure="11:39">Merkurvegen (nyeveien)</stop>
    <stop arrival="11:42" departure="11:42">Rinddalen</stop>
    <stop arrival="11:43" departure="11:43">Indre Sædal</stop>
    <stop arrival="11:43" departure="11:43">Helldalslia</stop>
    <stop arrival="11:43" departure="11:43">Helldalslia</stop>
    <stop arrival="11:44" departure="11:44">Helldalsåsen</stop>
    <stop arrival="11:45" departure="11:45">Kjenndalsåsen</stop>
    <stop arrival="11:46" departure="11:46">Kjenndalslia</stop>
    <stop arrival="11:48" departure="11:48">Kringlebotn</stop>
    <stop arrival="11:49" departure="11:49">Sandalskollen</stop>
    <stop arrival="11:50" departure="11:50">Sandbrekkeveien</stop>
    <stop arrival="11:51" departure="11:51">Midttunflaten</stop>
    <stop arrival="11:52" departure="11:52">Midtun bro</stop>
    <stop arrival="11:54" departure="11:54">Herredshuset, Nesttun</stop>
    <stop arrival="11:54" departure="11:54">Nesttun</stop>
    <stop arrival="11:55" departure="11:55">Nesttun terminal</stop>
    <stop arrival="11:57" departure="11:57">Hopsbro</stop>
    <stop arrival="11:59" departure="11:59">Tveiteråsskiftet</stop>
    <stop arrival="12:00" departure="12:00">Paradis</stop>
    <stop arrival="12:02" departure="12:02">Nydalen</stop>
    <stop arrival="12:04" departure="12:04">Fantoft</stop>
    <stop arrival="12:05" departure="12:05">Storetveit</stop>
    <stop arrival="12:05" departure="12:05">Elvebakken</stop>
    <stop arrival="12:06" departure="12:06">Minde</stop>
    <stop arrival="12:09" departure="12:09">Mindemyren</stop>
    <stop arrival="12:10" departure="12:10">Postterminalen</stop>
    <stop arrival="12:10" departure="12:10">Kanalveien v/LBK</stop>
    <stop arrival="12:12" departure="12:12">Danmarksplass v/Forum kino</stop>
    <stop arrival="12:17" departure="12:17">Bergen Busstasjon</stop>
    <stop arrival="12:20" departure="12:20">Christies gate (Festplassen)</stop>
    <stop arrival="12:23" departure="12:23">Torget v/DnB</stop>
    <stop arrival="12:24" departure="12:24">Bryggen</stop>
    <stop arrival="12:24" departure="12:24">Slottsgaten</stop>
    <stop arrival="12:25" departure="12:25">Bontelabo</stop>
    <stop arrival="12:26" departure="12:26">Skutevikstorget</stop>
    <stop arrival="12:26" departure="12:26">Sjøgaten</stop>
    <stop arrival="12:27" departure="12:27">Sandvikstorget</stop>
    <stop arrival="12:28" departure="12:28">Ludebryggen</stop>
    <stop arrival="12:28" departure="12:28">Munkebotten</stop>
    <stop arrival="12:30" departure="12:30">Nyhavnsvei (Gamle Bergen)</stop>
    <stop arrival="12:31" departure="12:31">Handelshøyskolen</stop>
    <stop arrival="12:32" departure="12:32">Solbakken</stop>
    <stop arrival="12:33" departure="12:33">Eikeviken</stop>
    <stop arrival="12:35" departure="12:35">Hellebakken</stop>
    <stop arrival="12:35" departure="12:35">Brunestykket</stop>
    <stop arrival="12:36" departure="12:36">Lønborg</stop>
    <stop arrival="12:37" departure="12:37">Nordre Lønborg</stop>
    <stop arrival="12:37" departure="12:37">Fagerbakken</stop>
    <stop arrival="12:38" departure="12:38">Eidsvågneset</stop>
    <stop arrival="12:38" departure="12:38">Trolldalen (Eidsvågneset)</stop>
    <stop arrival="12:38" departure="12:38">Trollbekken</stop>
    <stop arrival="12:39" departure="12:39">Tømmervågen</stop>
    <stop arrival="12:39" departure="12:39">Lillevågen</stop>
    <stop arrival="12:40" departure="12:40">Hagebyen (Eidsvåg)</stop>
    <stop arrival="12:41" departure="12:41">Fabrikkvegen</stop>
    <stop arrival="12:42" departure="12:42">Eidsvåg gamlevegen</stop>
    <stop arrival="12:43" departure="12:43">Selvikvegen</stop>
    <stop arrival="12:44" departure="12:44">Ervik nedre (Sellesvingen)</stop>
    <stop arrival="12:44" departure="12:44">Ervik øvre</stop>
    <stop arrival="12:45" departure="12:45">Åstveitvegen</stop>
    <stop arrival="12:46" departure="12:46">Griggastemma</stop>
    <stop arrival="12:47" departure="12:47">Tertneskrysset gamleveien</stop>
    <stop arrival="12:49" departure="12:49">Stamskaret</stop>
    <stop arrival="12:50" departure="12:50">Hesthaugen</stop>
    <stop arrival="12:51">Åsane terminal</stop>
  </route>
  <route no="71" destination="Nipedalen" url="http://www.web2051.no/bin/tp/zuginfo.exe/on/539673/184619/787664/213949/1/" trafficDays="kjører Ma - Fr, ikke 13., 17., 24. Mai">
    <stop departure="12:35" routeNo="71">Viddalen</stop>
    <stop arrival="12:37" departure="12:37">Bryggedalen</stop>
    <stop arrival="12:38" departure="12:38">Åsane sand + singel</stop>
    <stop arrival="12:38" departure="12:38">Kvernevikstemma</stop>
    <stop arrival="12:39" departure="12:39">Tertitten</stop>
    <stop arrival="12:40" departure="12:40">Bekkjarvik (Åsane)</stop>
    <stop arrival="12:41" departure="12:41">Nesmyr</stop>
    <stop arrival="12:41" departure="12:41">Storevarden</stop>
    <stop arrival="12:42" departure="12:42">Kipo</stop>
    <stop arrival="12:42" departure="12:42">Bekkjarvikkryss (Åsane)</stop>
    <stop arrival="12:43" departure="12:43">Sjøveien</stop>
    <stop arrival="12:44" departure="12:44">Haukedalsvegen</stop>
    <stop arrival="12:45" departure="12:45">Botnane</stop>
    <stop arrival="12:46" departure="12:46">Haukeberget</stop>
    <stop arrival="12:47" departure="12:47">Ulsetåsen</stop>
    <stop arrival="12:48" departure="12:48">Åsane Brannstasjon</stop>
    <stop arrival="12:50" departure="12:50">Åsane terminal</stop>
    <stop arrival="12:51" departure="12:51">Hesthaugen</stop>
    <stop arrival="12:52" departure="12:52">Stamskaret</stop>
    <stop arrival="12:53" departure="12:53">Tertneskrysset nyevegen</stop>
    <stop arrival="12:56" departure="12:56">Eidsvåg</stop>
    <stop arrival="12:58" departure="12:58">Handelshøyskolen</stop>
    <stop arrival="13:00" departure="13:00">Nyhavnsvei (Gamle Bergen)</stop>
    <stop arrival="13:02" departure="13:02">Munkebotten</stop>
    <stop arrival="13:03" departure="13:03">Ludebryggen</stop>
    <stop arrival="13:04" departure="13:04">Sandvikstorget</stop>
    <stop arrival="13:06" departure="13:06">Skutevikstorget</stop>
    <stop arrival="13:07" departure="13:07">Bontelabo</stop>
    <stop arrival="13:08" departure="13:08">Slottsgaten</stop>
    <stop arrival="13:10" departure="13:10">Bryggen</stop>
    <stop arrival="13:11" departure="13:11">Olav Kyrres gate</stop>
    <stop arrival="13:14" departure="13:14">Møhlenpris v/ Industrihuset</stop>
    <stop arrival="13:16" departure="13:16">Gyldenpris</stop>
    <stop arrival="13:17" departure="13:17">Solveien</stop>
    <stop arrival="13:18" departure="13:18">Jansongården</stop>
    <stop arrival="13:20" departure="13:20">Fergeveien</stop>
    <stop arrival="13:21" departure="13:21">Vågedalen</stop>
    <stop arrival="13:23" departure="13:23">Oldernes</stop>
    <stop arrival="13:24" departure="13:24">Kringsjå</stop>
    <stop arrival="13:25" departure="13:25">Nygård, Laksevåg</stop>
    <stop arrival="13:26" departure="13:26">Haustbeitet</stop>
    <stop arrival="13:27" departure="13:27">Nygårdslien</stop>
    <stop arrival="13:28" departure="13:28">Lyngbøveien</stop>
    <stop arrival="13:30" departure="13:30">Nipedalen v/Lyngbøveien</stop>
    <stop arrival="13:31" departure="13:31">Nipedalen v/nr. 23</stop>
    <stop arrival="13:33" departure="13:33">Lyngbøkollen</stop>
    <stop arrival="13:35">Nipedalen</stop>
  </route>
</routes>
