<?xml version="1.0" encoding="UTF-8"?>
<routes>
  <route no="499" destination="Herdla snuplass" url="http://www.web2051.no/bin/tp/zuginfo.exe/on/277812/95548/638430/226612/1/" trafficDays="kjører Ma - Fr, ikke 13., 17., 24. Mai">
    <stop departure="11:35" routeNo="499">Kleppestø term.</stop>
    <stop arrival="11:36" departure="11:36">Kleppestø senter</stop>
    <stop arrival="11:37" departure="11:37">Askøy Helsetun</stop>
    <stop arrival="11:37" departure="11:37">Kleppestø ungdomsskole</stop>
    <stop arrival="11:38" departure="11:38">Florvågskiftet F216</stop>
    <stop arrival="11:38" departure="11:38">Torvgården (Askøy)</stop>
    <stop arrival="11:39" departure="11:39">Skansen (Askøy)</stop>
    <stop arrival="11:39" departure="11:39">Svingen F216 (Askøy)</stop>
    <stop arrival="11:39" departure="11:39">Askøy senter</stop>
    <stop arrival="11:40" departure="11:40">Krokåsskiftet (Askøy)</stop>
    <stop arrival="11:41" departure="11:41">Juvikflaten (Askøy)</stop>
    <stop arrival="11:42" departure="11:42">Juvik bedehus (Askøy)</stop>
    <stop arrival="11:43" departure="11:43">Lavikskiftet (Askøy)</stop>
    <stop arrival="11:44" departure="11:44">Pålelva (Askøy)</stop>
    <stop arrival="11:44" departure="11:44">Kråvik (Askøy)</stop>
    <stop arrival="11:45" departure="11:45">Haugland Verkstedet (Askøy)</stop>
    <stop arrival="11:46" departure="11:46">Fjellveien (Askøy)</stop>
    <stop arrival="11:48" departure="11:48">Haugland skole (Askøy)</stop>
    <stop arrival="11:49" departure="11:49">Haugland bedehus (Askøy)</stop>
    <stop arrival="11:51" departure="11:51">Ravnanger</stop>
    <stop arrival="11:52" departure="11:52">Ravnanger term.</stop>
    <stop arrival="11:53" departure="11:53">Ravnanger nord</stop>
    <stop arrival="11:54" departure="11:54">Heiavatnet (Askøy)</stop>
    <stop arrival="11:56" departure="11:56">Åsebø (Askøy)</stop>
    <stop arrival="11:57" departure="11:57">Kjergardsåsen</stop>
    <stop arrival="11:58" departure="11:58">Kjerrgarden sør</stop>
    <stop arrival="11:59" departure="11:59">Kjerrgarden</stop>
    <stop arrival="11:59" departure="11:59">Kjerrgardskrysset</stop>
    <stop arrival="12:00" departure="12:00">Fromreide</stop>
    <stop arrival="12:00" departure="12:00">Fromreidetoppen</stop>
    <stop arrival="12:01" departure="12:01">Eikevågen</stop>
    <stop arrival="12:02" departure="12:02">Søre Fauskanger</stop>
    <stop arrival="12:03" departure="12:03">Store Fauskanger</stop>
    <stop arrival="12:03" departure="12:03">Lille Fauskanger</stop>
    <stop arrival="12:04" departure="12:04">Hestetræet (Askøy)</stop>
    <stop arrival="12:05" departure="12:05">Ådlandsvik</stop>
    <stop arrival="12:06" departure="12:06">Abbedissen kryss</stop>
    <stop arrival="12:07" departure="12:07">Skråmestø</stop>
    <stop arrival="12:10" departure="12:10">Merkesvik</stop>
    <stop arrival="12:11" departure="12:11">Sannes (Askøy)</stop>
    <stop arrival="12:12" departure="12:12">Guldbrandsøy</stop>
    <stop arrival="12:13" departure="12:13">Herdla Heimdal</stop>
    <stop arrival="12:14" departure="12:14">Herdla Skansen</stop>
    <stop arrival="12:15" departure="12:15">Herdla sør</stop>
    <stop arrival="12:16" departure="12:16">Herdla</stop>
    <stop arrival="12:17" departure="12:17">Herdla</stop>
    <stop arrival="12:17">Herdla snuplass</stop>
  </route>
  <route no="499" destination="Herdla snuplass" url="http://www.web2051.no/bin/tp/zuginfo.exe/on/522099/176977/96576/125746/1/" trafficDays="kjører Ma - Fr, ikke 13., 17., 24. Mai">
    <stop departure="11:35" routeNo="499">Kleppestø term.</stop>
    <stop arrival="11:36" departure="11:36">Kleppestø senter</stop>
    <stop arrival="11:37" departure="11:37">Askøy Helsetun</stop>
    <stop arrival="11:37" departure="11:37">Kleppestø ungdomsskole</stop>
    <stop arrival="11:38" departure="11:38">Florvågskiftet F216</stop>
    <stop arrival="11:38" departure="11:38">Torvgården (Askøy)</stop>
    <stop arrival="11:39" departure="11:39">Skansen (Askøy)</stop>
    <stop arrival="11:39" departure="11:39">Svingen F216 (Askøy)</stop>
    <stop arrival="11:39" departure="11:39">Askøy senter</stop>
    <stop arrival="11:40" departure="11:40">Krokåsskiftet (Askøy)</stop>
    <stop arrival="11:41" departure="11:41">Juvikflaten (Askøy)</stop>
    <stop arrival="11:42" departure="11:42">Juvik bedehus (Askøy)</stop>
    <stop arrival="11:43" departure="11:43">Lavikskiftet (Askøy)</stop>
    <stop arrival="11:44" departure="11:44">Pålelva (Askøy)</stop>
    <stop arrival="11:44" departure="11:44">Kråvik (Askøy)</stop>
    <stop arrival="11:45" departure="11:45">Haugland Verkstedet (Askøy)</stop>
    <stop arrival="11:46" departure="11:46">Fjellveien (Askøy)</stop>
    <stop arrival="11:48" departure="11:48">Haugland skole (Askøy)</stop>
    <stop arrival="11:49" departure="11:49">Haugland bedehus (Askøy)</stop>
    <stop arrival="11:51" departure="11:51">Ravnanger</stop>
    <stop arrival="11:52" departure="11:52">Ravnanger term.</stop>
    <stop arrival="11:53" departure="11:53">Ravnanger nord</stop>
    <stop arrival="11:54" departure="11:54">Heiavatnet (Askøy)</stop>
    <stop arrival="11:56" departure="11:56">Åsebø (Askøy)</stop>
    <stop arrival="11:57" departure="11:57">Kjergardsåsen</stop>
    <stop arrival="11:58" departure="11:58">Kjerrgarden sør</stop>
    <stop arrival="11:59" departure="11:59">Kjerrgarden</stop>
    <stop arrival="11:59" departure="11:59">Kjerrgardskrysset</stop>
    <stop arrival="12:00" departure="12:00">Fromreide</stop>
    <stop arrival="12:00" departure="12:00">Fromreidetoppen</stop>
    <stop arrival="12:01" departure="12:01">Eikevågen</stop>
    <stop arrival="12:02" departure="12:02">Søre Fauskanger</stop>
    <stop arrival="12:03" departure="12:03">Store Fauskanger</stop>
    <stop arrival="12:03" departure="12:03">Lille Fauskanger</stop>
    <stop arrival="12:04" departure="12:04">Hestetræet (Askøy)</stop>
    <stop arrival="12:05" departure="12:05">Ådlandsvik</stop>
    <stop arrival="12:06" departure="12:06">Abbedissen kryss</stop>
    <stop arrival="12:07" departure="12:07">Skråmestø</stop>
    <stop arrival="12:10" departure="12:10">Merkesvik</stop>
    <stop arrival="12:11" departure="12:11">Sannes (Askøy)</stop>
    <stop arrival="12:12" departure="12:12">Guldbrandsøy</stop>
    <stop arrival="12:13" departure="12:13">Herdla Heimdal</stop>
    <stop arrival="12:14" departure="12:14">Herdla Skansen</stop>
    <stop arrival="12:15" departure="12:15">Herdla sør</stop>
    <stop arrival="12:16" departure="12:16">Herdla</stop>
    <stop arrival="12:17" departure="12:17">Herdla</stop>
    <stop arrival="12:17">Herdla snuplass</stop>
  </route>
</routes>
