<?xml version="1.0" encoding="UTF-8"?>
<routes>
  <route no="485" destination="Ravnanger term." url="http://www.web2051.no/bin/tp/zuginfo.exe/on/234579/80832/180958/12286/1/" trafficDays="kjører Ma - Fr, ikke 13., 17., 24. Mai">
    <stop departure="11:35" routeNo="485">Kleppestø term.</stop>
    <stop arrival="11:36" departure="11:36">Kleppestø senter</stop>
    <stop arrival="11:36" departure="11:36">Solhålo (Kleppestø)</stop>
    <stop arrival="11:37" departure="11:37">Strand (Florvåg)</stop>
    <stop arrival="11:37" departure="11:37">Florvåg verk</stop>
    <stop arrival="11:38" departure="11:38">Florvåg ungdomsskole</stop>
    <stop arrival="11:39" departure="11:39">Florvåg Øenkrysset</stop>
    <stop arrival="11:40" departure="11:40">Florvåg Bakervågen</stop>
    <stop arrival="11:41" departure="11:41">Østerdalen (Askøy)</stop>
    <stop arrival="11:42" departure="11:42">Erdal sør</stop>
    <stop arrival="11:43" departure="11:43">Myren (Askøy)</stop>
    <stop arrival="11:43" departure="11:43">Erdal skole</stop>
    <stop arrival="11:44" departure="11:44">Nordre Erdal</stop>
    <stop arrival="11:45" departure="11:45">Eideskiftet (Askøy)</stop>
    <stop arrival="11:45" departure="11:45">Olufsen (Askøy)</stop>
    <stop arrival="11:46" departure="11:46">Djupamyr (Askøy)</stop>
    <stop arrival="11:47" departure="11:47">Erdal skole</stop>
    <stop arrival="11:48" departure="11:48">Nordre Erdal</stop>
    <stop arrival="11:50" departure="11:50">Skogvik (Askøy)</stop>
    <stop arrival="11:51" departure="11:51">Olaviken (Askøy)</stop>
    <stop arrival="11:52" departure="11:52">Furuly (Askøy)</stop>
    <stop arrival="11:53" departure="11:53">Strømsneshøyden (Askøy)</stop>
    <stop arrival="11:54" departure="11:54">Strømsnes (Askøy)</stop>
    <stop arrival="11:55" departure="11:55">Blåkors (Askøy)</stop>
    <stop arrival="11:56" departure="11:56">Ellingsen gartneri (Askøy)</stop>
    <stop arrival="11:57" departure="11:57">Hop (Askøy aldershjem)</stop>
    <stop arrival="11:58" departure="11:58">Hop skole (Askøy)</stop>
    <stop arrival="11:59" departure="11:59">Ask v/Florida (Askøy)</stop>
    <stop arrival="12:00" departure="12:00">Asketoppen</stop>
    <stop arrival="12:00" departure="12:00">Kirkevik (Askøy)</stop>
    <stop arrival="12:01" departure="12:01">Bakkeland/Tumyr</stop>
    <stop arrival="12:02" departure="12:02">Lille Brevik (Askøy)</stop>
    <stop arrival="12:02" departure="12:02">Lille Brevik nord (Askøy)</stop>
    <stop arrival="12:03" departure="12:03">Solviken (Askøy)</stop>
    <stop arrival="12:03" departure="12:03">Vikøren (Askøy)</stop>
    <stop arrival="12:04" departure="12:04">Lærdal (Askøy)</stop>
    <stop arrival="12:05" departure="12:05">Sæterstøl (Askøy)</stop>
    <stop arrival="12:06" departure="12:06">Hanevik</stop>
    <stop arrival="12:08" departure="12:08">Hanevik</stop>
    <stop arrival="12:10" departure="12:10">Åsebøvatnet (Stien)</stop>
    <stop arrival="12:11" departure="12:11">Åsebø (Askøy)</stop>
    <stop arrival="12:16" departure="12:16">Heiavatnet (Askøy)</stop>
    <stop arrival="12:17" departure="12:17">Davanger v/Ingv. Larsen</stop>
    <stop arrival="12:19" departure="12:19">Davanger treindustri</stop>
    <stop arrival="12:20" departure="12:20">Davanger Sladrehjørnet</stop>
    <stop arrival="12:20" departure="12:20">Davanger v/Torgersen</stop>
    <stop arrival="12:21" departure="12:21">Davanger bro</stop>
    <stop arrival="12:22" departure="12:22">Davanger skole</stop>
    <stop arrival="12:23" departure="12:23">Davanger vest</stop>
    <stop arrival="12:24" departure="12:24">Davanger byggefelt</stop>
    <stop arrival="12:25" departure="12:25">Breivik Kinn (Askøy)</stop>
    <stop arrival="12:25" departure="12:25">Breivik (Askøy)</stop>
    <stop arrival="12:26" departure="12:26">Breivik snuplass (Askøy)</stop>
    <stop arrival="12:26" departure="12:26">Breivik (Askøy)</stop>
    <stop arrival="12:27" departure="12:27">Breivik Kinn (Askøy)</stop>
    <stop arrival="12:28" departure="12:28">Davanger byggefelt</stop>
    <stop arrival="12:29" departure="12:29">Davanger vest</stop>
    <stop arrival="12:29" departure="12:29">Davanger skole</stop>
    <stop arrival="12:30" departure="12:30">Davanger bro</stop>
    <stop arrival="12:31" departure="12:31">Davanger v/Torgersen</stop>
    <stop arrival="12:31" departure="12:31">Davanger Sladrehjørnet</stop>
    <stop arrival="12:32" departure="12:32">Davanger treindustri</stop>
    <stop arrival="12:33" departure="12:33">Davanger v/Ingv. Larsen</stop>
    <stop arrival="12:34" departure="12:34">Heiavatnet (Askøy)</stop>
    <stop arrival="12:35" departure="12:35">Ravnanger nord</stop>
    <stop arrival="12:38">Ravnanger term.</stop>
  </route>
  <route no="485" destination="Ravnanger term." url="http://www.web2051.no/bin/tp/zuginfo.exe/on/90702/32846/309578/124555/1/" trafficDays="kjører Ma - Fr, ikke 13., 17., 24. Mai">
    <stop departure="12:05" routeNo="485">Kleppestø term.</stop>
    <stop arrival="12:06" departure="12:06">Kleppestø senter</stop>
    <stop arrival="12:06" departure="12:06">Solhålo (Kleppestø)</stop>
    <stop arrival="12:07" departure="12:07">Strand (Florvåg)</stop>
    <stop arrival="12:07" departure="12:07">Florvåg verk</stop>
    <stop arrival="12:08" departure="12:08">Florvåg ungdomsskole</stop>
    <stop arrival="12:09" departure="12:09">Florvåg Øenkrysset</stop>
    <stop arrival="12:10" departure="12:10">Florvåg Bakervågen</stop>
    <stop arrival="12:11" departure="12:11">Østerdalen (Askøy)</stop>
    <stop arrival="12:12" departure="12:12">Erdal sør</stop>
    <stop arrival="12:13" departure="12:13">Myren (Askøy)</stop>
    <stop arrival="12:13" departure="12:13">Erdal skole</stop>
    <stop arrival="12:14" departure="12:14">Nordre Erdal</stop>
    <stop arrival="12:16" departure="12:16">Skogvik (Askøy)</stop>
    <stop arrival="12:17" departure="12:17">Olaviken (Askøy)</stop>
    <stop arrival="12:17" departure="12:17">Furuly (Askøy)</stop>
    <stop arrival="12:19" departure="12:19">Strømsneshøyden (Askøy)</stop>
    <stop arrival="12:20" departure="12:20">Strømsnes (Askøy)</stop>
    <stop arrival="12:21" departure="12:21">Blåkors (Askøy)</stop>
    <stop arrival="12:21" departure="12:21">Ellingsen gartneri (Askøy)</stop>
    <stop arrival="12:22" departure="12:22">Hop (Askøy aldershjem)</stop>
    <stop arrival="12:23" departure="12:23">Hop skole (Askøy)</stop>
    <stop arrival="12:24" departure="12:24">Ask v/Florida (Askøy)</stop>
    <stop arrival="12:25" departure="12:25">Asketoppen</stop>
    <stop arrival="12:25" departure="12:25">Kirkevik (Askøy)</stop>
    <stop arrival="12:26" departure="12:26">Bakkeland/Tumyr</stop>
    <stop arrival="12:27" departure="12:27">Lille Brevik (Askøy)</stop>
    <stop arrival="12:27" departure="12:27">Lille Brevik nord (Askøy)</stop>
    <stop arrival="12:28" departure="12:28">Solviken (Askøy)</stop>
    <stop arrival="12:28" departure="12:28">Vikøren (Askøy)</stop>
    <stop arrival="12:29" departure="12:29">Lærdal (Askøy)</stop>
    <stop arrival="12:30" departure="12:30">Sæterstøl (Askøy)</stop>
    <stop arrival="12:31" departure="12:31">Hanevik</stop>
    <stop arrival="12:33" departure="12:33">Hanevik</stop>
    <stop arrival="12:35" departure="12:35">Åsebøvatnet (Stien)</stop>
    <stop arrival="12:36" departure="12:36">Åsebø (Askøy)</stop>
    <stop arrival="12:39" departure="12:39">Heiavatnet (Askøy)</stop>
    <stop arrival="12:39" departure="12:39">Ravnanger nord</stop>
    <stop arrival="12:41">Ravnanger term.</stop>
  </route>
  <route no="485" destination="Bergen Busstasjon" url="http://www.web2051.no/bin/tp/zuginfo.exe/on/507282/171714/846714/254263/1/" trafficDays="kjører Ma - Fr, ikke 13., 17., 24. Mai">
    <stop departure="12:41" routeNo="485">Ravnanger term.</stop>
    <stop arrival="12:42" departure="12:42">Ravnanger nord</stop>
    <stop arrival="12:42" departure="12:42">Heiavatnet (Askøy)</stop>
    <stop arrival="12:44" departure="12:44">Åsebø (Askøy)</stop>
    <stop arrival="12:45" departure="12:45">Åsebøvatnet (Stien)</stop>
    <stop arrival="12:46" departure="12:46">Hanevik</stop>
    <stop arrival="12:47" departure="12:47">Hanevik</stop>
    <stop arrival="12:48" departure="12:48">Sæterstøl (Askøy)</stop>
    <stop arrival="12:49" departure="12:49">Lærdal (Askøy)</stop>
    <stop arrival="12:51" departure="12:51">Vikøren (Askøy)</stop>
    <stop arrival="12:51" departure="12:51">Solviken (Askøy)</stop>
    <stop arrival="12:53" departure="12:53">Lille Brevik nord (Askøy)</stop>
    <stop arrival="12:53" departure="12:53">Lille Brevik (Askøy)</stop>
    <stop arrival="12:54" departure="12:54">Bakkeland/Tumyr</stop>
    <stop arrival="12:55" departure="12:55">Kirkevik (Askøy)</stop>
    <stop arrival="12:56" departure="12:56">Asketoppen</stop>
    <stop arrival="12:57" departure="12:57">Ask v/Florida (Askøy)</stop>
    <stop arrival="12:58" departure="12:58">Hop skole (Askøy)</stop>
    <stop arrival="12:59" departure="12:59">Hop (Askøy aldershjem)</stop>
    <stop arrival="13:00" departure="13:00">Ellingsen gartneri (Askøy)</stop>
    <stop arrival="13:01" departure="13:01">Blåkors (Askøy)</stop>
    <stop arrival="13:03" departure="13:03">Strømsnes (Askøy)</stop>
    <stop arrival="13:04" departure="13:04">Strømsneshøyden (Askøy)</stop>
    <stop arrival="13:06" departure="13:06">Furuly (Askøy)</stop>
    <stop arrival="13:06" departure="13:06">Olaviken (Askøy)</stop>
    <stop arrival="13:08" departure="13:08">Skogvik (Askøy)</stop>
    <stop arrival="13:10" departure="13:10">Nordre Erdal</stop>
    <stop arrival="13:11" departure="13:11">Erdal skole</stop>
    <stop arrival="13:12" departure="13:12">Djupamyr (Askøy)</stop>
    <stop arrival="13:13" departure="13:13">Olufsen (Askøy)</stop>
    <stop arrival="13:14" departure="13:14">Eideskiftet (Askøy)</stop>
    <stop arrival="13:15" departure="13:15">Nordre Erdal</stop>
    <stop arrival="13:16" departure="13:16">Erdal skole</stop>
    <stop arrival="13:16" departure="13:16">Myren (Askøy)</stop>
    <stop arrival="13:17" departure="13:17">Erdal sør</stop>
    <stop arrival="13:19" departure="13:19">Østerdalen (Askøy)</stop>
    <stop arrival="13:20" departure="13:20">Florvåg Bakervågen</stop>
    <stop arrival="13:22" departure="13:22">Florvåg Øenkrysset</stop>
    <stop arrival="13:22" departure="13:22">Florvåg kai</stop>
    <stop arrival="13:23" departure="13:23">Florvåg ungdomsskole</stop>
    <stop arrival="13:25" departure="13:25">Florvåg verk</stop>
    <stop arrival="13:26" departure="13:26">Strand (Florvåg)</stop>
    <stop arrival="13:27" departure="13:27">Solhålo (Kleppestø)</stop>
    <stop arrival="13:28" departure="13:28">Kleppestø senter</stop>
    <stop arrival="13:30" departure="13:30">Kleppestø term.</stop>
    <stop arrival="13:31" departure="13:31">Kleppestø (Rådhuset)</stop>
    <stop arrival="13:32" departure="13:32">Holmedal (Askøy)</stop>
    <stop arrival="13:33" departure="13:33">Storeklubben (Askøy)</stop>
    <stop arrival="13:36" departure="13:36">Brøstaneset</stop>
    <stop arrival="13:40" departure="13:40">Storavatnet term.</stop>
    <stop arrival="13:41" departure="13:41">Frida Fasmer</stop>
    <stop arrival="13:46" departure="13:46">Lyngbø Motorvei R555</stop>
    <stop arrival="13:50" departure="13:50">Møhlenpris v/ Industrihuset</stop>
    <stop arrival="13:52" departure="13:52">Nygårdsgaten</stop>
    <stop arrival="13:55">Bergen Busstasjon</stop>
  </route>
</routes>
