<?xml version="1.0" encoding="UTF-8"?>
<routes>
  <route no="612" destination="Os - Osøyro" url="http://www.web2051.no/bin/tp/zuginfo.exe/on/924513/313832/934116/158888/1/" trafficDays="kjører Ma - Fr, ikke 13., 17., 24. Mai">
    <stop departure="12:30" routeNo="612">Os - Osøyro</stop>
    <stop arrival="12:31" departure="12:31">Fjellheim</stop>
    <stop arrival="12:32" departure="12:32">Kuven</stop>
    <stop arrival="12:33" departure="12:33">Flåten (Os)</stop>
    <stop arrival="12:34" departure="12:34">Flåten Senter</stop>
    <stop arrival="12:35" departure="12:35">Tøsdalskiftet</stop>
    <stop arrival="12:37" departure="12:37">Os Vidaregåande skule</stop>
    <stop arrival="12:38" departure="12:38">Ulvensletta</stop>
    <stop arrival="12:39" departure="12:39">Vaksinen</stop>
    <stop arrival="12:40" departure="12:40">Ådnadalen</stop>
    <stop arrival="12:41" departure="12:41">Irgenskryss</stop>
    <stop arrival="12:41" departure="12:41">Hagevik 1</stop>
    <stop arrival="12:42" departure="12:42">Hagevik 2</stop>
    <stop arrival="12:42" departure="12:42">Hagavik (Hovland - Os)</stop>
    <stop arrival="12:42" departure="12:42">Hagavik (Hovland - Os)</stop>
    <stop arrival="12:43" departure="12:43">Hagevik 2</stop>
    <stop arrival="12:43" departure="12:43">Hagevik 1</stop>
    <stop arrival="12:44" departure="12:44">Irgenskryss</stop>
    <stop arrival="12:45" departure="12:45">Nore Neset skule</stop>
    <stop arrival="12:46" departure="12:46">Skeie (Os)</stop>
    <stop arrival="12:47" departure="12:47">Grindevoll snuplass</stop>
    <stop arrival="12:48" departure="12:48">Grindevoll</stop>
    <stop arrival="12:48" departure="12:48">Thuen</stop>
    <stop arrival="12:51" departure="12:51">Thuen Bedehuset</stop>
    <stop arrival="12:54" departure="12:54">Mobergslien</stop>
    <stop arrival="12:55" departure="12:55">Moberg</stop>
    <stop arrival="12:56" departure="12:56">Mobergsbakken</stop>
    <stop arrival="12:57" departure="12:57">Os kai</stop>
    <stop arrival="12:57">Os - Osøyro</stop>
  </route>
  <route no="612" destination="Os - Osøyro" url="http://www.web2051.no/bin/tp/zuginfo.exe/on/479901/165628/877800/278934/1/" trafficDays="kjører Ma - Fr, ikke 13., 17., 24. Mai">
    <stop departure="12:30" routeNo="612">Os - Osøyro</stop>
    <stop arrival="12:31" departure="12:31">Fjellheim</stop>
    <stop arrival="12:32" departure="12:32">Kuven</stop>
    <stop arrival="12:33" departure="12:33">Flåten (Os)</stop>
    <stop arrival="12:34" departure="12:34">Flåten Senter</stop>
    <stop arrival="12:35" departure="12:35">Tøsdalskiftet</stop>
    <stop arrival="12:37" departure="12:37">Os Vidaregåande skule</stop>
    <stop arrival="12:38" departure="12:38">Ulvensletta</stop>
    <stop arrival="12:39" departure="12:39">Vaksinen</stop>
    <stop arrival="12:40" departure="12:40">Ådnadalen</stop>
    <stop arrival="12:41" departure="12:41">Irgenskryss</stop>
    <stop arrival="12:41" departure="12:41">Hagevik 1</stop>
    <stop arrival="12:42" departure="12:42">Hagevik 2</stop>
    <stop arrival="12:42" departure="12:42">Hagavik (Hovland - Os)</stop>
    <stop arrival="12:42" departure="12:42">Hagavik (Hovland - Os)</stop>
    <stop arrival="12:43" departure="12:43">Hagevik 2</stop>
    <stop arrival="12:43" departure="12:43">Hagevik 1</stop>
    <stop arrival="12:44" departure="12:44">Irgenskryss</stop>
    <stop arrival="12:45" departure="12:45">Nore Neset skule</stop>
    <stop arrival="12:46" departure="12:46">Skeie (Os)</stop>
    <stop arrival="12:47" departure="12:47">Grindevoll snuplass</stop>
    <stop arrival="12:48" departure="12:48">Grindevoll</stop>
    <stop arrival="12:48" departure="12:48">Thuen</stop>
    <stop arrival="12:51" departure="12:51">Thuen Bedehuset</stop>
    <stop arrival="12:54" departure="12:54">Mobergslien</stop>
    <stop arrival="12:55" departure="12:55">Moberg</stop>
    <stop arrival="12:56" departure="12:56">Mobergsbakken</stop>
    <stop arrival="12:57" departure="12:57">Os kai</stop>
    <stop arrival="12:57">Os - Osøyro</stop>
  </route>
  <route no="612" destination="Os - Osøyro" url="http://www.web2051.no/bin/tp/zuginfo.exe/on/839172/285385/424974/67238/1/" trafficDays="kjører Ma - Fr, ikke 13., 17., 24. Mai">
    <stop departure="12:30" routeNo="612">Os - Osøyro</stop>
    <stop arrival="12:31" departure="12:31">Fjellheim</stop>
    <stop arrival="12:32" departure="12:32">Kuven</stop>
    <stop arrival="12:33" departure="12:33">Flåten (Os)</stop>
    <stop arrival="12:34" departure="12:34">Flåten Senter</stop>
    <stop arrival="12:35" departure="12:35">Tøsdalskiftet</stop>
    <stop arrival="12:37" departure="12:37">Os Vidaregåande skule</stop>
    <stop arrival="12:38" departure="12:38">Ulvensletta</stop>
    <stop arrival="12:39" departure="12:39">Vaksinen</stop>
    <stop arrival="12:40" departure="12:40">Ådnadalen</stop>
    <stop arrival="12:41" departure="12:41">Irgenskryss</stop>
    <stop arrival="12:41" departure="12:41">Hagevik 1</stop>
    <stop arrival="12:42" departure="12:42">Hagevik 2</stop>
    <stop arrival="12:42" departure="12:42">Hagavik (Hovland - Os)</stop>
    <stop arrival="12:42" departure="12:42">Hagavik (Hovland - Os)</stop>
    <stop arrival="12:43" departure="12:43">Hagevik 2</stop>
    <stop arrival="12:43" departure="12:43">Hagevik 1</stop>
    <stop arrival="12:44" departure="12:44">Irgenskryss</stop>
    <stop arrival="12:45" departure="12:45">Nore Neset skule</stop>
    <stop arrival="12:46" departure="12:46">Skeie (Os)</stop>
    <stop arrival="12:47" departure="12:47">Grindevoll snuplass</stop>
    <stop arrival="12:48" departure="12:48">Grindevoll</stop>
    <stop arrival="12:48" departure="12:48">Thuen</stop>
    <stop arrival="12:51" departure="12:51">Thuen Bedehuset</stop>
    <stop arrival="12:54" departure="12:54">Mobergslien</stop>
    <stop arrival="12:55" departure="12:55">Moberg</stop>
    <stop arrival="12:56" departure="12:56">Mobergsbakken</stop>
    <stop arrival="12:57" departure="12:57">Os kai</stop>
    <stop arrival="12:57">Os - Osøyro</stop>
  </route>
  <route no="612" destination="Os - Osøyro" url="http://www.web2051.no/bin/tp/zuginfo.exe/on/223125/80036/938574/394913/1/" trafficDays="kjører Ma - Fr, ikke 13., 17., 24. Mai">
    <stop departure="12:30" routeNo="612">Os - Osøyro</stop>
    <stop arrival="12:31" departure="12:31">Fjellheim</stop>
    <stop arrival="12:32" departure="12:32">Kuven</stop>
    <stop arrival="12:33" departure="12:33">Flåten (Os)</stop>
    <stop arrival="12:34" departure="12:34">Flåten Senter</stop>
    <stop arrival="12:35" departure="12:35">Tøsdalskiftet</stop>
    <stop arrival="12:37" departure="12:37">Os Vidaregåande skule</stop>
    <stop arrival="12:38" departure="12:38">Ulvensletta</stop>
    <stop arrival="12:39" departure="12:39">Vaksinen</stop>
    <stop arrival="12:40" departure="12:40">Ådnadalen</stop>
    <stop arrival="12:41" departure="12:41">Irgenskryss</stop>
    <stop arrival="12:41" departure="12:41">Hagevik 1</stop>
    <stop arrival="12:42" departure="12:42">Hagevik 2</stop>
    <stop arrival="12:42" departure="12:42">Hagavik (Hovland - Os)</stop>
    <stop arrival="12:42" departure="12:42">Hagavik (Hovland - Os)</stop>
    <stop arrival="12:43" departure="12:43">Hagevik 2</stop>
    <stop arrival="12:43" departure="12:43">Hagevik 1</stop>
    <stop arrival="12:44" departure="12:44">Irgenskryss</stop>
    <stop arrival="12:45" departure="12:45">Nore Neset skule</stop>
    <stop arrival="12:46" departure="12:46">Skeie (Os)</stop>
    <stop arrival="12:47" departure="12:47">Grindevoll snuplass</stop>
    <stop arrival="12:48" departure="12:48">Grindevoll</stop>
    <stop arrival="12:48" departure="12:48">Thuen</stop>
    <stop arrival="12:51" departure="12:51">Thuen Bedehuset</stop>
    <stop arrival="12:54" departure="12:54">Mobergslien</stop>
    <stop arrival="12:55" departure="12:55">Moberg</stop>
    <stop arrival="12:56" departure="12:56">Mobergsbakken</stop>
    <stop arrival="12:57" departure="12:57">Os kai</stop>
    <stop arrival="12:57">Os - Osøyro</stop>
  </route>
</routes>
