<?xml version="1.0" encoding="UTF-8"?>
<routes>
  <route no="31" destination="Varden" url="http://www.web2051.no/bin/tp/zuginfo.exe/on/837591/283593/291678/133358/1/" trafficDays="kjører Sø, også 1., 13., 17., 24. Mai">
    <stop departure="11:25" routeNo="31">Mannsverk vognstasjon</stop>
    <stop arrival="11:25" departure="11:25">Wiers -Jenssens vei</stop>
    <stop arrival="11:26" departure="11:26">Strimmelen</stop>
    <stop arrival="11:27" departure="11:27">Kolstien</stop>
    <stop arrival="11:29" departure="11:29">Kanonhaugen</stop>
    <stop arrival="11:30" departure="11:30">Lægdene</stop>
    <stop arrival="11:30" departure="11:30">Lægdenesvingen</stop>
    <stop arrival="11:31" departure="11:31">Montana</stop>
    <stop arrival="11:31" departure="11:31">Sollien v/nr. 57</stop>
    <stop arrival="11:32" departure="11:32">Sollien v/nr. 87</stop>
    <stop arrival="11:32" departure="11:32">Sollien v/nr. 126</stop>
    <stop arrival="11:32" departure="11:32">Lægdene</stop>
    <stop arrival="11:33" departure="11:33">Lærerskolen, Landås</stop>
    <stop arrival="11:33" departure="11:33">Langhaugen</stop>
    <stop arrival="11:34" departure="11:34">Fridalen</stop>
    <stop arrival="11:34" departure="11:34">Haukeland sykehus sør</stop>
    <stop arrival="11:35" departure="11:35">Haukeland sykehus nord</stop>
    <stop arrival="11:35" departure="11:35">Haraldsplass sykehus</stop>
    <stop arrival="11:36" departure="11:36">Haukeland skole</stop>
    <stop arrival="11:38" departure="11:38">Svartediksveien</stop>
    <stop arrival="11:39" departure="11:39">Kalvedalsveien</stop>
    <stop arrival="11:41" departure="11:41">Kalfarlien</stop>
    <stop arrival="11:42" departure="11:42">Stadsporten (jernbanen)</stop>
    <stop arrival="11:44" departure="11:44">Kong Oscars gate</stop>
    <stop arrival="11:45" departure="11:45">Allehelgensgate</stop>
    <stop arrival="11:50" departure="11:50">Olav Kyrres gate</stop>
    <stop arrival="11:53" departure="11:53">Møhlenpris v/ Industrihuset</stop>
    <stop arrival="11:55" departure="11:55">Gyldenpris</stop>
    <stop arrival="11:58" departure="11:58">Løvstakktunnelen</stop>
    <stop arrival="11:59" departure="11:59">Vestlundveien</stop>
    <stop arrival="12:00" departure="12:00">Storhammeren (Betanien)</stop>
    <stop arrival="12:00" departure="12:00">Vestlund beh.sent.</stop>
    <stop arrival="12:01" departure="12:01">Seljedalen skole</stop>
    <stop arrival="12:01" departure="12:01">Løvåsveien</stop>
    <stop arrival="12:02" departure="12:02">Nebbeveien</stop>
    <stop arrival="12:02" departure="12:02">Løvås</stop>
    <stop arrival="12:03" departure="12:03">Oasen Terminal</stop>
    <stop arrival="12:04" departure="12:04">Skarphaugen</stop>
    <stop arrival="12:05" departure="12:05">St.Hanshaugen</stop>
    <stop arrival="12:06" departure="12:06">Krokatjønnveien</stop>
    <stop arrival="12:06" departure="12:06">Myrholtet</stop>
    <stop arrival="12:07" departure="12:07">Allestadveien</stop>
    <stop arrival="12:07" departure="12:07">Allestadhaugen</stop>
    <stop arrival="12:08" departure="12:08">Hesjaholtet</stop>
    <stop arrival="12:09" departure="12:09">Allestadhaugen</stop>
    <stop arrival="12:09" departure="12:09">Allestadveien</stop>
    <stop arrival="12:10" departure="12:10">Varden skole</stop>
    <stop arrival="12:11" departure="12:11">Vardesvingen</stop>
    <stop arrival="12:11" departure="12:11">Vardeveien</stop>
    <stop arrival="12:12">Varden</stop>
  </route>
  <route no="31" destination="Mannsverk vognstasjon" url="http://www.web2051.no/bin/tp/zuginfo.exe/on/393939/135728/369148/53266/1/" trafficDays="kjører Lø, ikke 1. Mai">
    <stop departure="12:15" routeNo="31">Varden</stop>
    <stop arrival="12:16" departure="12:16">Vardeveien</stop>
    <stop arrival="12:16" departure="12:16">Vardesvingen</stop>
    <stop arrival="12:17" departure="12:17">Varden skole</stop>
    <stop arrival="12:18" departure="12:18">Allestadveien</stop>
    <stop arrival="12:18" departure="12:18">Allestadhaugen</stop>
    <stop arrival="12:19" departure="12:19">Hesjaholtet</stop>
    <stop arrival="12:20" departure="12:20">Allestadhaugen</stop>
    <stop arrival="12:20" departure="12:20">Allestadveien</stop>
    <stop arrival="12:22" departure="12:22">Myrholtet</stop>
    <stop arrival="12:22" departure="12:22">Krokatjønnveien</stop>
    <stop arrival="12:23" departure="12:23">St.Hanshaugen</stop>
    <stop arrival="12:24" departure="12:24">Skarphaugen</stop>
    <stop arrival="12:25" departure="12:25">Oasen Terminal</stop>
    <stop arrival="12:26" departure="12:26">Løvås</stop>
    <stop arrival="12:26" departure="12:26">Nebbeveien</stop>
    <stop arrival="12:27" departure="12:27">Hamregården</stop>
    <stop arrival="12:28" departure="12:28">Sikthaugen</stop>
    <stop arrival="12:32" departure="12:32">Gyldenpris</stop>
    <stop arrival="12:34" departure="12:34">Møhlenpris v/ Industrihuset</stop>
    <stop arrival="12:36" departure="12:36">Nøstet</stop>
    <stop arrival="12:40" departure="12:40">Strandgaten (Svaneapoteket)</stop>
    <stop arrival="12:45" departure="12:45">Småstrandgaten</stop>
    <stop arrival="12:46" departure="12:46">Nygaten</stop>
    <stop arrival="12:47" departure="12:47">Statsporten (jernbanen)</stop>
    <stop arrival="12:50" departure="12:50">Kalfarlien</stop>
    <stop arrival="12:51" departure="12:51">Kalvedalsveien</stop>
    <stop arrival="12:52" departure="12:52">Svartediksveien</stop>
    <stop arrival="12:53" departure="12:53">Statsarkivet</stop>
    <stop arrival="12:54" departure="12:54">Haraldsplass sykehus</stop>
    <stop arrival="12:55" departure="12:55">Haukeland sykehus nord</stop>
    <stop arrival="12:57" departure="12:57">Haukeland sykehus sør</stop>
    <stop arrival="12:58" departure="12:58">Fridalen</stop>
    <stop arrival="12:59" departure="12:59">Langhaugen</stop>
    <stop arrival="13:01" departure="13:01">Lærerskolen, Landås</stop>
    <stop arrival="13:02" departure="13:02">Lægdene</stop>
    <stop arrival="13:03" departure="13:03">Lægdenesvingen</stop>
    <stop arrival="13:03" departure="13:03">Montana</stop>
    <stop arrival="13:04" departure="13:04">Sollien v/nr. 57</stop>
    <stop arrival="13:05" departure="13:05">Sollien v/nr. 87</stop>
    <stop arrival="13:05" departure="13:05">Sollien v/nr. 126</stop>
    <stop arrival="13:06" departure="13:06">Kanonhaugen</stop>
    <stop arrival="13:06" departure="13:06">Kolstien</stop>
    <stop arrival="13:07" departure="13:07">Strimmelen</stop>
    <stop arrival="13:08">Mannsverk vognstasjon</stop>
  </route>
  <route no="31" destination="Mannsverk vognstasjon" url="http://www.web2051.no/bin/tp/zuginfo.exe/on/212463/75265/632960/245667/1/" trafficDays="kjører Ma - Fr, ikke 13., 17., 24. Mai">
    <stop departure="12:15" routeNo="31">Varden</stop>
    <stop arrival="12:16" departure="12:16">Vardeveien</stop>
    <stop arrival="12:16" departure="12:16">Vardesvingen</stop>
    <stop arrival="12:17" departure="12:17">Varden skole</stop>
    <stop arrival="12:18" departure="12:18">Allestadveien</stop>
    <stop arrival="12:18" departure="12:18">Allestadhaugen</stop>
    <stop arrival="12:19" departure="12:19">Hesjaholtet</stop>
    <stop arrival="12:20" departure="12:20">Allestadhaugen</stop>
    <stop arrival="12:20" departure="12:20">Allestadveien</stop>
    <stop arrival="12:22" departure="12:22">Myrholtet</stop>
    <stop arrival="12:22" departure="12:22">Krokatjønnveien</stop>
    <stop arrival="12:23" departure="12:23">St.Hanshaugen</stop>
    <stop arrival="12:24" departure="12:24">Skarphaugen</stop>
    <stop arrival="12:25" departure="12:25">Oasen Terminal</stop>
    <stop arrival="12:26" departure="12:26">Løvås</stop>
    <stop arrival="12:27" departure="12:27">Nebbeveien</stop>
    <stop arrival="12:27" departure="12:27">Hamregården</stop>
    <stop arrival="12:28" departure="12:28">Sikthaugen</stop>
    <stop arrival="12:33" departure="12:33">Gyldenpris</stop>
    <stop arrival="12:34" departure="12:34">Møhlenpris v/ Industrihuset</stop>
    <stop arrival="12:36" departure="12:36">Nøstet</stop>
    <stop arrival="12:40" departure="12:40">Strandgaten (Svaneapoteket)</stop>
    <stop arrival="12:42" departure="12:42">Småstrandgaten</stop>
    <stop arrival="12:43" departure="12:43">Nygaten</stop>
    <stop arrival="12:44" departure="12:44">Statsporten (jernbanen)</stop>
    <stop arrival="12:47" departure="12:47">Kalfarlien</stop>
    <stop arrival="12:48" departure="12:48">Kalvedalsveien</stop>
    <stop arrival="12:49" departure="12:49">Svartediksveien</stop>
    <stop arrival="12:50" departure="12:50">Statsarkivet</stop>
    <stop arrival="12:51" departure="12:51">Haraldsplass sykehus</stop>
    <stop arrival="12:52" departure="12:52">Haukeland sykehus nord</stop>
    <stop arrival="12:54" departure="12:54">Haukeland sykehus sør</stop>
    <stop arrival="12:55" departure="12:55">Fridalen</stop>
    <stop arrival="12:57" departure="12:57">Langhaugen</stop>
    <stop arrival="12:58" departure="12:58">Lærerskolen, Landås</stop>
    <stop arrival="13:00" departure="13:00">Lægdene</stop>
    <stop arrival="13:00" departure="13:00">Lægdenesvingen</stop>
    <stop arrival="13:01" departure="13:01">Montana</stop>
    <stop arrival="13:02" departure="13:02">Sollien v/nr. 57</stop>
    <stop arrival="13:02" departure="13:02">Sollien v/nr. 87</stop>
    <stop arrival="13:03" departure="13:03">Sollien v/nr. 126</stop>
    <stop arrival="13:03" departure="13:03">Kanonhaugen</stop>
    <stop arrival="13:04" departure="13:04">Kolstien</stop>
    <stop arrival="13:04" departure="13:04">Strimmelen</stop>
    <stop arrival="13:05">Mannsverk vognstasjon</stop>
  </route>
  <route no="31" destination="Varden" url="http://www.web2051.no/bin/tp/zuginfo.exe/on/132393/48547/385952/148848/1/" trafficDays="kjører Lø, ikke 1. Mai">
    <stop departure="11:40" routeNo="31">Mannsverk vognstasjon</stop>
    <stop arrival="11:40" departure="11:40">Wiers -Jenssens vei</stop>
    <stop arrival="11:41" departure="11:41">Strimmelen</stop>
    <stop arrival="11:42" departure="11:42">Kolstien</stop>
    <stop arrival="11:44" departure="11:44">Kanonhaugen</stop>
    <stop arrival="11:45" departure="11:45">Lægdene</stop>
    <stop arrival="11:45" departure="11:45">Lægdenesvingen</stop>
    <stop arrival="11:46" departure="11:46">Montana</stop>
    <stop arrival="11:46" departure="11:46">Sollien v/nr. 57</stop>
    <stop arrival="11:47" departure="11:47">Sollien v/nr. 87</stop>
    <stop arrival="11:47" departure="11:47">Sollien v/nr. 126</stop>
    <stop arrival="11:47" departure="11:47">Lægdene</stop>
    <stop arrival="11:48" departure="11:48">Lærerskolen, Landås</stop>
    <stop arrival="11:48" departure="11:48">Langhaugen</stop>
    <stop arrival="11:49" departure="11:49">Fridalen</stop>
    <stop arrival="11:49" departure="11:49">Haukeland sykehus sør</stop>
    <stop arrival="11:50" departure="11:50">Haukeland sykehus nord</stop>
    <stop arrival="11:50" departure="11:50">Haraldsplass sykehus</stop>
    <stop arrival="11:51" departure="11:51">Haukeland skole</stop>
    <stop arrival="11:53" departure="11:53">Svartediksveien</stop>
    <stop arrival="11:54" departure="11:54">Kalvedalsveien</stop>
    <stop arrival="11:56" departure="11:56">Kalfarlien</stop>
    <stop arrival="11:57" departure="11:57">Stadsporten (jernbanen)</stop>
    <stop arrival="11:59" departure="11:59">Kong Oscars gate</stop>
    <stop arrival="12:00" departure="12:00">Allehelgensgate</stop>
    <stop arrival="12:05" departure="12:05">Olav Kyrres gate</stop>
    <stop arrival="12:08" departure="12:08">Møhlenpris v/ Industrihuset</stop>
    <stop arrival="12:10" departure="12:10">Gyldenpris</stop>
    <stop arrival="12:14" departure="12:14">Løvstakktunnelen</stop>
    <stop arrival="12:15" departure="12:15">Sikthaugen</stop>
    <stop arrival="12:16" departure="12:16">Hamregården</stop>
    <stop arrival="12:16" departure="12:16">Nebbeveien</stop>
    <stop arrival="12:17" departure="12:17">Løvås</stop>
    <stop arrival="12:18" departure="12:18">Oasen Terminal</stop>
    <stop arrival="12:19" departure="12:19">Skarphaugen</stop>
    <stop arrival="12:20" departure="12:20">St.Hanshaugen</stop>
    <stop arrival="12:21" departure="12:21">Krokatjønnveien</stop>
    <stop arrival="12:21" departure="12:21">Myrholtet</stop>
    <stop arrival="12:22" departure="12:22">Allestadveien</stop>
    <stop arrival="12:22" departure="12:22">Allestadhaugen</stop>
    <stop arrival="12:23" departure="12:23">Hesjaholtet</stop>
    <stop arrival="12:24" departure="12:24">Allestadhaugen</stop>
    <stop arrival="12:25" departure="12:25">Allestadveien</stop>
    <stop arrival="12:26" departure="12:26">Varden skole</stop>
    <stop arrival="12:27" departure="12:27">Vardesvingen</stop>
    <stop arrival="12:27" departure="12:27">Vardeveien</stop>
    <stop arrival="12:28">Varden</stop>
  </route>
  <route no="31" destination="Mannsverk vognstasjon" url="http://www.web2051.no/bin/tp/zuginfo.exe/on/957930/323708/73176/282722/1/" trafficDays="kjører Sø, også 1., 13., 17., 24. Mai">
    <stop departure="12:20" routeNo="31">Varden</stop>
    <stop arrival="12:21" departure="12:21">Vardeveien</stop>
    <stop arrival="12:21" departure="12:21">Vardesvingen</stop>
    <stop arrival="12:22" departure="12:22">Varden skole</stop>
    <stop arrival="12:23" departure="12:23">Allestadveien</stop>
    <stop arrival="12:23" departure="12:23">Allestadhaugen</stop>
    <stop arrival="12:24" departure="12:24">Hesjaholtet</stop>
    <stop arrival="12:25" departure="12:25">Allestadhaugen</stop>
    <stop arrival="12:25" departure="12:25">Allestadveien</stop>
    <stop arrival="12:27" departure="12:27">Myrholtet</stop>
    <stop arrival="12:27" departure="12:27">Krokatjønnveien</stop>
    <stop arrival="12:28" departure="12:28">St.Hanshaugen</stop>
    <stop arrival="12:29" departure="12:29">Skarphaugen</stop>
    <stop arrival="12:30" departure="12:30">Oasen Terminal</stop>
    <stop arrival="12:31" departure="12:31">Løvås</stop>
    <stop arrival="12:31" departure="12:31">Nebbeveien</stop>
    <stop arrival="12:31" departure="12:31">Hamregården</stop>
    <stop arrival="12:32" departure="12:32">Sikthaugen</stop>
    <stop arrival="12:35" departure="12:35">Gyldenpris</stop>
    <stop arrival="12:37" departure="12:37">Møhlenpris v/ Industrihuset</stop>
    <stop arrival="12:40" departure="12:40">Nøstet</stop>
    <stop arrival="12:45" departure="12:45">Strandgaten (Svaneapoteket)</stop>
    <stop arrival="12:47" departure="12:47">Småstrandgaten</stop>
    <stop arrival="12:48" departure="12:48">Nygaten</stop>
    <stop arrival="12:49" departure="12:49">Statsporten (jernbanen)</stop>
    <stop arrival="12:52" departure="12:52">Kalfarlien</stop>
    <stop arrival="12:53" departure="12:53">Kalvedalsveien</stop>
    <stop arrival="12:54" departure="12:54">Svartediksveien</stop>
    <stop arrival="12:55" departure="12:55">Statsarkivet</stop>
    <stop arrival="12:56" departure="12:56">Haraldsplass sykehus</stop>
    <stop arrival="12:57" departure="12:57">Haukeland sykehus nord</stop>
    <stop arrival="12:59" departure="12:59">Haukeland sykehus sør</stop>
    <stop arrival="13:00" departure="13:00">Fridalen</stop>
    <stop arrival="13:01" departure="13:01">Langhaugen</stop>
    <stop arrival="13:03" departure="13:03">Lærerskolen, Landås</stop>
    <stop arrival="13:04" departure="13:04">Lægdene</stop>
    <stop arrival="13:05" departure="13:05">Lægdenesvingen</stop>
    <stop arrival="13:05" departure="13:05">Montana</stop>
    <stop arrival="13:06" departure="13:06">Sollien v/nr. 57</stop>
    <stop arrival="13:07" departure="13:07">Sollien v/nr. 87</stop>
    <stop arrival="13:07" departure="13:07">Sollien v/nr. 126</stop>
    <stop arrival="13:08" departure="13:08">Kanonhaugen</stop>
    <stop arrival="13:08" departure="13:08">Kolstien</stop>
    <stop arrival="13:09" departure="13:09">Strimmelen</stop>
    <stop arrival="13:10">Mannsverk vognstasjon</stop>
  </route>
  <route no="31" destination="Varden" url="http://www.web2051.no/bin/tp/zuginfo.exe/on/455589/156310/372382/34328/1/" trafficDays="kjører Ma - Fr, ikke 13., 17., 24. Mai">
    <stop departure="11:43" routeNo="31">Mannsverk vognstasjon</stop>
    <stop arrival="11:43" departure="11:43">Wiers -Jenssens vei</stop>
    <stop arrival="11:44" departure="11:44">Strimmelen</stop>
    <stop arrival="11:45" departure="11:45">Kolstien</stop>
    <stop arrival="11:47" departure="11:47">Kanonhaugen</stop>
    <stop arrival="11:48" departure="11:48">Lægdene</stop>
    <stop arrival="11:48" departure="11:48">Lægdenesvingen</stop>
    <stop arrival="11:49" departure="11:49">Montana</stop>
    <stop arrival="11:50" departure="11:50">Sollien v/nr. 57</stop>
    <stop arrival="11:50" departure="11:50">Sollien v/nr. 87</stop>
    <stop arrival="11:51" departure="11:51">Sollien v/nr. 126</stop>
    <stop arrival="11:51" departure="11:51">Lægdene</stop>
    <stop arrival="11:52" departure="11:52">Lærerskolen, Landås</stop>
    <stop arrival="11:53" departure="11:53">Langhaugen</stop>
    <stop arrival="11:53" departure="11:53">Fridalen</stop>
    <stop arrival="11:54" departure="11:54">Haukeland sykehus sør</stop>
    <stop arrival="11:55" departure="11:55">Haukeland sykehus nord</stop>
    <stop arrival="11:55" departure="11:55">Haraldsplass sykehus</stop>
    <stop arrival="11:56" departure="11:56">Haukeland skole</stop>
    <stop arrival="11:58" departure="11:58">Svartediksveien</stop>
    <stop arrival="11:59" departure="11:59">Kalvedalsveien</stop>
    <stop arrival="12:01" departure="12:01">Kalfarlien</stop>
    <stop arrival="12:02" departure="12:02">Stadsporten (jernbanen)</stop>
    <stop arrival="12:04" departure="12:04">Kong Oscars gate</stop>
    <stop arrival="12:05" departure="12:05">Allehelgensgate</stop>
    <stop arrival="12:10" departure="12:10">Olav Kyrres gate</stop>
    <stop arrival="12:13" departure="12:13">Møhlenpris v/ Industrihuset</stop>
    <stop arrival="12:15" departure="12:15">Gyldenpris</stop>
    <stop arrival="12:18" departure="12:18">Løvstakktunnelen</stop>
    <stop arrival="12:19" departure="12:19">Sikthaugen</stop>
    <stop arrival="12:19" departure="12:19">Hamregården</stop>
    <stop arrival="12:20" departure="12:20">Nebbeveien</stop>
    <stop arrival="12:20" departure="12:20">Løvås</stop>
    <stop arrival="12:21" departure="12:21">Oasen Terminal</stop>
    <stop arrival="12:22" departure="12:22">Skarphaugen</stop>
    <stop arrival="12:23" departure="12:23">St.Hanshaugen</stop>
    <stop arrival="12:24" departure="12:24">Krokatjønnveien</stop>
    <stop arrival="12:24" departure="12:24">Myrholtet</stop>
    <stop arrival="12:25" departure="12:25">Allestadveien</stop>
    <stop arrival="12:25" departure="12:25">Allestadhaugen</stop>
    <stop arrival="12:26" departure="12:26">Hesjaholtet</stop>
    <stop arrival="12:27" departure="12:27">Allestadhaugen</stop>
    <stop arrival="12:28" departure="12:28">Allestadveien</stop>
    <stop arrival="12:29" departure="12:29">Varden skole</stop>
    <stop arrival="12:30" departure="12:30">Vardesvingen</stop>
    <stop arrival="12:30" departure="12:30">Vardeveien</stop>
    <stop arrival="12:31">Varden</stop>
  </route>
  <route no="31" destination="Varden" url="http://www.web2051.no/bin/tp/zuginfo.exe/on/732102/248481/907542/209738/1/" trafficDays="kjører Ma - Fr, ikke 13., 17., 24. Mai">
    <stop departure="11:58" routeNo="31">Mannsverk vognstasjon</stop>
    <stop arrival="11:58" departure="11:58">Wiers -Jenssens vei</stop>
    <stop arrival="11:59" departure="11:59">Strimmelen</stop>
    <stop arrival="12:00" departure="12:00">Kolstien</stop>
    <stop arrival="12:02" departure="12:02">Kanonhaugen</stop>
    <stop arrival="12:03" departure="12:03">Lægdene</stop>
    <stop arrival="12:03" departure="12:03">Lægdenesvingen</stop>
    <stop arrival="12:04" departure="12:04">Montana</stop>
    <stop arrival="12:05" departure="12:05">Sollien v/nr. 57</stop>
    <stop arrival="12:05" departure="12:05">Sollien v/nr. 87</stop>
    <stop arrival="12:06" departure="12:06">Sollien v/nr. 126</stop>
    <stop arrival="12:06" departure="12:06">Lægdene</stop>
    <stop arrival="12:07" departure="12:07">Lærerskolen, Landås</stop>
    <stop arrival="12:08" departure="12:08">Langhaugen</stop>
    <stop arrival="12:08" departure="12:08">Fridalen</stop>
    <stop arrival="12:09" departure="12:09">Haukeland sykehus sør</stop>
    <stop arrival="12:10" departure="12:10">Haukeland sykehus nord</stop>
    <stop arrival="12:10" departure="12:10">Haraldsplass sykehus</stop>
    <stop arrival="12:11" departure="12:11">Haukeland skole</stop>
    <stop arrival="12:13" departure="12:13">Svartediksveien</stop>
    <stop arrival="12:14" departure="12:14">Kalvedalsveien</stop>
    <stop arrival="12:16" departure="12:16">Kalfarlien</stop>
    <stop arrival="12:17" departure="12:17">Stadsporten (jernbanen)</stop>
    <stop arrival="12:19" departure="12:19">Kong Oscars gate</stop>
    <stop arrival="12:20" departure="12:20">Allehelgensgate</stop>
    <stop arrival="12:25" departure="12:25">Olav Kyrres gate</stop>
    <stop arrival="12:28" departure="12:28">Møhlenpris v/ Industrihuset</stop>
    <stop arrival="12:30" departure="12:30">Gyldenpris</stop>
    <stop arrival="12:33" departure="12:33">Løvstakktunnelen</stop>
    <stop arrival="12:34" departure="12:34">Sikthaugen</stop>
    <stop arrival="12:34" departure="12:34">Hamregården</stop>
    <stop arrival="12:35" departure="12:35">Nebbeveien</stop>
    <stop arrival="12:35" departure="12:35">Løvås</stop>
    <stop arrival="12:36" departure="12:36">Oasen Terminal</stop>
    <stop arrival="12:37" departure="12:37">Skarphaugen</stop>
    <stop arrival="12:38" departure="12:38">St.Hanshaugen</stop>
    <stop arrival="12:39" departure="12:39">Krokatjønnveien</stop>
    <stop arrival="12:39" departure="12:39">Myrholtet</stop>
    <stop arrival="12:40" departure="12:40">Allestadveien</stop>
    <stop arrival="12:40" departure="12:40">Allestadhaugen</stop>
    <stop arrival="12:41" departure="12:41">Hesjaholtet</stop>
    <stop arrival="12:42" departure="12:42">Allestadhaugen</stop>
    <stop arrival="12:43" departure="12:43">Allestadveien</stop>
    <stop arrival="12:44" departure="12:44">Varden skole</stop>
    <stop arrival="12:45" departure="12:45">Vardesvingen</stop>
    <stop arrival="12:45" departure="12:45">Vardeveien</stop>
    <stop arrival="12:46">Varden</stop>
  </route>
  <route no="31" destination="Mannsverk vognstasjon" url="http://www.web2051.no/bin/tp/zuginfo.exe/on/292305/101850/962862/384002/1/" trafficDays="kjører Lø, ikke 1. Mai">
    <stop departure="12:45" routeNo="31">Varden</stop>
    <stop arrival="12:46" departure="12:46">Vardeveien</stop>
    <stop arrival="12:46" departure="12:46">Vardesvingen</stop>
    <stop arrival="12:47" departure="12:47">Varden skole</stop>
    <stop arrival="12:48" departure="12:48">Allestadveien</stop>
    <stop arrival="12:48" departure="12:48">Allestadhaugen</stop>
    <stop arrival="12:49" departure="12:49">Hesjaholtet</stop>
    <stop arrival="12:50" departure="12:50">Allestadhaugen</stop>
    <stop arrival="12:50" departure="12:50">Allestadveien</stop>
    <stop arrival="12:52" departure="12:52">Myrholtet</stop>
    <stop arrival="12:52" departure="12:52">Krokatjønnveien</stop>
    <stop arrival="12:53" departure="12:53">St.Hanshaugen</stop>
    <stop arrival="12:54" departure="12:54">Skarphaugen</stop>
    <stop arrival="12:55" departure="12:55">Oasen Terminal</stop>
    <stop arrival="12:56" departure="12:56">Løvås</stop>
    <stop arrival="12:56" departure="12:56">Nebbeveien</stop>
    <stop arrival="12:57" departure="12:57">Hamregården</stop>
    <stop arrival="12:58" departure="12:58">Sikthaugen</stop>
    <stop arrival="13:02" departure="13:02">Gyldenpris</stop>
    <stop arrival="13:04" departure="13:04">Møhlenpris v/ Industrihuset</stop>
    <stop arrival="13:06" departure="13:06">Nøstet</stop>
    <stop arrival="13:10" departure="13:10">Strandgaten (Svaneapoteket)</stop>
    <stop arrival="13:15" departure="13:15">Småstrandgaten</stop>
    <stop arrival="13:16" departure="13:16">Nygaten</stop>
    <stop arrival="13:17" departure="13:17">Statsporten (jernbanen)</stop>
    <stop arrival="13:20" departure="13:20">Kalfarlien</stop>
    <stop arrival="13:21" departure="13:21">Kalvedalsveien</stop>
    <stop arrival="13:22" departure="13:22">Svartediksveien</stop>
    <stop arrival="13:23" departure="13:23">Statsarkivet</stop>
    <stop arrival="13:24" departure="13:24">Haraldsplass sykehus</stop>
    <stop arrival="13:25" departure="13:25">Haukeland sykehus nord</stop>
    <stop arrival="13:27" departure="13:27">Haukeland sykehus sør</stop>
    <stop arrival="13:28" departure="13:28">Fridalen</stop>
    <stop arrival="13:29" departure="13:29">Langhaugen</stop>
    <stop arrival="13:31" departure="13:31">Lærerskolen, Landås</stop>
    <stop arrival="13:32" departure="13:32">Lægdene</stop>
    <stop arrival="13:33" departure="13:33">Lægdenesvingen</stop>
    <stop arrival="13:33" departure="13:33">Montana</stop>
    <stop arrival="13:34" departure="13:34">Sollien v/nr. 57</stop>
    <stop arrival="13:35" departure="13:35">Sollien v/nr. 87</stop>
    <stop arrival="13:35" departure="13:35">Sollien v/nr. 126</stop>
    <stop arrival="13:36" departure="13:36">Kanonhaugen</stop>
    <stop arrival="13:36" departure="13:36">Kolstien</stop>
    <stop arrival="13:37" departure="13:37">Strimmelen</stop>
    <stop arrival="13:38">Mannsverk vognstasjon</stop>
  </route>
  <route no="31" destination="Mannsverk vognstasjon" url="http://www.web2051.no/bin/tp/zuginfo.exe/on/339198/117510/361480/67683/1/" trafficDays="kjører Ma - Fr, ikke 13., 17., 24. Mai">
    <stop departure="12:45" routeNo="31">Varden</stop>
    <stop arrival="12:46" departure="12:46">Vardeveien</stop>
    <stop arrival="12:46" departure="12:46">Vardesvingen</stop>
    <stop arrival="12:47" departure="12:47">Varden skole</stop>
    <stop arrival="12:48" departure="12:48">Allestadveien</stop>
    <stop arrival="12:48" departure="12:48">Allestadhaugen</stop>
    <stop arrival="12:49" departure="12:49">Hesjaholtet</stop>
    <stop arrival="12:50" departure="12:50">Allestadhaugen</stop>
    <stop arrival="12:50" departure="12:50">Allestadveien</stop>
    <stop arrival="12:52" departure="12:52">Myrholtet</stop>
    <stop arrival="12:52" departure="12:52">Krokatjønnveien</stop>
    <stop arrival="12:53" departure="12:53">St.Hanshaugen</stop>
    <stop arrival="12:54" departure="12:54">Skarphaugen</stop>
    <stop arrival="12:55" departure="12:55">Oasen Terminal</stop>
    <stop arrival="12:56" departure="12:56">Løvås</stop>
    <stop arrival="12:57" departure="12:57">Nebbeveien</stop>
    <stop arrival="12:57" departure="12:57">Hamregården</stop>
    <stop arrival="12:58" departure="12:58">Sikthaugen</stop>
    <stop arrival="13:03" departure="13:03">Gyldenpris</stop>
    <stop arrival="13:04" departure="13:04">Møhlenpris v/ Industrihuset</stop>
    <stop arrival="13:06" departure="13:06">Nøstet</stop>
    <stop arrival="13:10" departure="13:10">Strandgaten (Svaneapoteket)</stop>
    <stop arrival="13:12" departure="13:12">Småstrandgaten</stop>
    <stop arrival="13:13" departure="13:13">Nygaten</stop>
    <stop arrival="13:14" departure="13:14">Statsporten (jernbanen)</stop>
    <stop arrival="13:17" departure="13:17">Kalfarlien</stop>
    <stop arrival="13:18" departure="13:18">Kalvedalsveien</stop>
    <stop arrival="13:19" departure="13:19">Svartediksveien</stop>
    <stop arrival="13:20" departure="13:20">Statsarkivet</stop>
    <stop arrival="13:21" departure="13:21">Haraldsplass sykehus</stop>
    <stop arrival="13:22" departure="13:22">Haukeland sykehus nord</stop>
    <stop arrival="13:24" departure="13:24">Haukeland sykehus sør</stop>
    <stop arrival="13:25" departure="13:25">Fridalen</stop>
    <stop arrival="13:27" departure="13:27">Langhaugen</stop>
    <stop arrival="13:28" departure="13:28">Lærerskolen, Landås</stop>
    <stop arrival="13:30" departure="13:30">Lægdene</stop>
    <stop arrival="13:30" departure="13:30">Lægdenesvingen</stop>
    <stop arrival="13:31" departure="13:31">Montana</stop>
    <stop arrival="13:32" departure="13:32">Sollien v/nr. 57</stop>
    <stop arrival="13:32" departure="13:32">Sollien v/nr. 87</stop>
    <stop arrival="13:33" departure="13:33">Sollien v/nr. 126</stop>
    <stop arrival="13:33" departure="13:33">Kanonhaugen</stop>
    <stop arrival="13:34" departure="13:34">Kolstien</stop>
    <stop arrival="13:34" departure="13:34">Strimmelen</stop>
    <stop arrival="13:35">Mannsverk vognstasjon</stop>
  </route>
  <route no="31" destination="Varden" url="http://www.web2051.no/bin/tp/zuginfo.exe/on/541179/184809/258772/51011/1/" trafficDays="kjører Lø, ikke 1. Mai">
    <stop departure="12:10" routeNo="31">Mannsverk vognstasjon</stop>
    <stop arrival="12:10" departure="12:10">Wiers -Jenssens vei</stop>
    <stop arrival="12:11" departure="12:11">Strimmelen</stop>
    <stop arrival="12:12" departure="12:12">Kolstien</stop>
    <stop arrival="12:14" departure="12:14">Kanonhaugen</stop>
    <stop arrival="12:15" departure="12:15">Lægdene</stop>
    <stop arrival="12:15" departure="12:15">Lægdenesvingen</stop>
    <stop arrival="12:16" departure="12:16">Montana</stop>
    <stop arrival="12:16" departure="12:16">Sollien v/nr. 57</stop>
    <stop arrival="12:17" departure="12:17">Sollien v/nr. 87</stop>
    <stop arrival="12:17" departure="12:17">Sollien v/nr. 126</stop>
    <stop arrival="12:17" departure="12:17">Lægdene</stop>
    <stop arrival="12:18" departure="12:18">Lærerskolen, Landås</stop>
    <stop arrival="12:18" departure="12:18">Langhaugen</stop>
    <stop arrival="12:19" departure="12:19">Fridalen</stop>
    <stop arrival="12:19" departure="12:19">Haukeland sykehus sør</stop>
    <stop arrival="12:20" departure="12:20">Haukeland sykehus nord</stop>
    <stop arrival="12:20" departure="12:20">Haraldsplass sykehus</stop>
    <stop arrival="12:21" departure="12:21">Haukeland skole</stop>
    <stop arrival="12:23" departure="12:23">Svartediksveien</stop>
    <stop arrival="12:24" departure="12:24">Kalvedalsveien</stop>
    <stop arrival="12:26" departure="12:26">Kalfarlien</stop>
    <stop arrival="12:27" departure="12:27">Stadsporten (jernbanen)</stop>
    <stop arrival="12:29" departure="12:29">Kong Oscars gate</stop>
    <stop arrival="12:30" departure="12:30">Allehelgensgate</stop>
    <stop arrival="12:35" departure="12:35">Olav Kyrres gate</stop>
    <stop arrival="12:38" departure="12:38">Møhlenpris v/ Industrihuset</stop>
    <stop arrival="12:40" departure="12:40">Gyldenpris</stop>
    <stop arrival="12:44" departure="12:44">Løvstakktunnelen</stop>
    <stop arrival="12:45" departure="12:45">Sikthaugen</stop>
    <stop arrival="12:46" departure="12:46">Hamregården</stop>
    <stop arrival="12:46" departure="12:46">Nebbeveien</stop>
    <stop arrival="12:47" departure="12:47">Løvås</stop>
    <stop arrival="12:48" departure="12:48">Oasen Terminal</stop>
    <stop arrival="12:49" departure="12:49">Skarphaugen</stop>
    <stop arrival="12:50" departure="12:50">St.Hanshaugen</stop>
    <stop arrival="12:51" departure="12:51">Krokatjønnveien</stop>
    <stop arrival="12:51" departure="12:51">Myrholtet</stop>
    <stop arrival="12:52" departure="12:52">Allestadveien</stop>
    <stop arrival="12:52" departure="12:52">Allestadhaugen</stop>
    <stop arrival="12:53" departure="12:53">Hesjaholtet</stop>
    <stop arrival="12:54" departure="12:54">Allestadhaugen</stop>
    <stop arrival="12:55" departure="12:55">Allestadveien</stop>
    <stop arrival="12:56" departure="12:56">Varden skole</stop>
    <stop arrival="12:57" departure="12:57">Vardesvingen</stop>
    <stop arrival="12:57" departure="12:57">Vardeveien</stop>
    <stop arrival="12:58">Varden</stop>
  </route>
  <route no="31" destination="Varden" url="http://www.web2051.no/bin/tp/zuginfo.exe/on/212199/75180/431288/144913/1/" trafficDays="kjører Ma - Fr, ikke 13., 17., 24. Mai">
    <stop departure="12:13" routeNo="31">Mannsverk vognstasjon</stop>
    <stop arrival="12:13" departure="12:13">Wiers -Jenssens vei</stop>
    <stop arrival="12:14" departure="12:14">Strimmelen</stop>
    <stop arrival="12:15" departure="12:15">Kolstien</stop>
    <stop arrival="12:17" departure="12:17">Kanonhaugen</stop>
    <stop arrival="12:18" departure="12:18">Lægdene</stop>
    <stop arrival="12:18" departure="12:18">Lægdenesvingen</stop>
    <stop arrival="12:19" departure="12:19">Montana</stop>
    <stop arrival="12:20" departure="12:20">Sollien v/nr. 57</stop>
    <stop arrival="12:20" departure="12:20">Sollien v/nr. 87</stop>
    <stop arrival="12:21" departure="12:21">Sollien v/nr. 126</stop>
    <stop arrival="12:21" departure="12:21">Lægdene</stop>
    <stop arrival="12:22" departure="12:22">Lærerskolen, Landås</stop>
    <stop arrival="12:23" departure="12:23">Langhaugen</stop>
    <stop arrival="12:23" departure="12:23">Fridalen</stop>
    <stop arrival="12:24" departure="12:24">Haukeland sykehus sør</stop>
    <stop arrival="12:25" departure="12:25">Haukeland sykehus nord</stop>
    <stop arrival="12:25" departure="12:25">Haraldsplass sykehus</stop>
    <stop arrival="12:26" departure="12:26">Haukeland skole</stop>
    <stop arrival="12:28" departure="12:28">Svartediksveien</stop>
    <stop arrival="12:29" departure="12:29">Kalvedalsveien</stop>
    <stop arrival="12:31" departure="12:31">Kalfarlien</stop>
    <stop arrival="12:32" departure="12:32">Stadsporten (jernbanen)</stop>
    <stop arrival="12:34" departure="12:34">Kong Oscars gate</stop>
    <stop arrival="12:35" departure="12:35">Allehelgensgate</stop>
    <stop arrival="12:40" departure="12:40">Olav Kyrres gate</stop>
    <stop arrival="12:43" departure="12:43">Møhlenpris v/ Industrihuset</stop>
    <stop arrival="12:45" departure="12:45">Gyldenpris</stop>
    <stop arrival="12:48" departure="12:48">Løvstakktunnelen</stop>
    <stop arrival="12:49" departure="12:49">Sikthaugen</stop>
    <stop arrival="12:49" departure="12:49">Hamregården</stop>
    <stop arrival="12:50" departure="12:50">Nebbeveien</stop>
    <stop arrival="12:50" departure="12:50">Løvås</stop>
    <stop arrival="12:51" departure="12:51">Oasen Terminal</stop>
    <stop arrival="12:52" departure="12:52">Skarphaugen</stop>
    <stop arrival="12:53" departure="12:53">St.Hanshaugen</stop>
    <stop arrival="12:54" departure="12:54">Krokatjønnveien</stop>
    <stop arrival="12:54" departure="12:54">Myrholtet</stop>
    <stop arrival="12:55" departure="12:55">Allestadveien</stop>
    <stop arrival="12:55" departure="12:55">Allestadhaugen</stop>
    <stop arrival="12:56" departure="12:56">Hesjaholtet</stop>
    <stop arrival="12:57" departure="12:57">Allestadhaugen</stop>
    <stop arrival="12:58" departure="12:58">Allestadveien</stop>
    <stop arrival="12:59" departure="12:59">Varden skole</stop>
    <stop arrival="13:00" departure="13:00">Vardesvingen</stop>
    <stop arrival="13:00" departure="13:00">Vardeveien</stop>
    <stop arrival="13:01">Varden</stop>
  </route>
</routes>
