<?xml version="1.0" encoding="UTF-8"?>
<routes>
  <route no="22" destination="Bergen Busstasjon" url="http://www.web2051.no/bin/tp/zuginfo.exe/on/18786/10319/491514/239501/1/" trafficDays="kjører Ma - Fr, ikke 13., 17., 24. Mai">
    <stop departure="12:03" routeNo="22">Birkelundstoppen</stop>
    <stop arrival="12:04" departure="12:04">Nattland gård (nyeveien)</stop>
    <stop arrival="12:05" departure="12:05">Merkurvegen (nyeveien)</stop>
    <stop arrival="12:06" departure="12:06">Rinddalen</stop>
    <stop arrival="12:07" departure="12:07">Indre Sædal</stop>
    <stop arrival="12:07" departure="12:07">Helldalslia</stop>
    <stop arrival="12:08" departure="12:08">Helldalslia</stop>
    <stop arrival="12:09" departure="12:09">Helldalsåsen</stop>
    <stop arrival="12:10" departure="12:10">Kjenndalsåsen</stop>
    <stop arrival="12:11" departure="12:11">Kjenndalslia</stop>
    <stop arrival="12:13" departure="12:13">Kringlebotn</stop>
    <stop arrival="12:14" departure="12:14">Sandalskollen</stop>
    <stop arrival="12:15" departure="12:15">Sandbrekkeveien</stop>
    <stop arrival="12:16" departure="12:16">Midttunflaten</stop>
    <stop arrival="12:17" departure="12:17">Midtun bro</stop>
    <stop arrival="12:19" departure="12:19">Herredshuset, Nesttun</stop>
    <stop arrival="12:19" departure="12:19">Nesttun</stop>
    <stop arrival="12:20" departure="12:20">Nesttun terminal</stop>
    <stop arrival="12:22" departure="12:22">Hopsbro</stop>
    <stop arrival="12:24" departure="12:24">Tveiteråsskiftet</stop>
    <stop arrival="12:25" departure="12:25">Paradis</stop>
    <stop arrival="12:27" departure="12:27">Nydalen</stop>
    <stop arrival="12:29" departure="12:29">Fantoft</stop>
    <stop arrival="12:30" departure="12:30">Storetveit</stop>
    <stop arrival="12:30" departure="12:30">Elvebakken</stop>
    <stop arrival="12:31" departure="12:31">Minde</stop>
    <stop arrival="12:34" departure="12:34">Mindemyren</stop>
    <stop arrival="12:35" departure="12:35">Postterminalen</stop>
    <stop arrival="12:36" departure="12:36">Kanalveien v/LBK</stop>
    <stop arrival="12:38" departure="12:38">Danmarksplass v/Forum kino</stop>
    <stop arrival="12:41" departure="12:41">Bergen Busstasjon</stop>
    <stop arrival="12:44" departure="12:44">Christies gate (Festplassen)</stop>
    <stop arrival="12:49">Bergen Busstasjon</stop>
  </route>
  <route no="22" destination="Birkelundstoppen" url="http://www.web2051.no/bin/tp/zuginfo.exe/on/643710/218626/215078/107037/1/" trafficDays="kjører Ma - Fr, ikke 13., 17., 24. Mai">
    <stop departure="11:45" routeNo="22">Olav Kyrres gate</stop>
    <stop arrival="11:50" departure="11:50">Bergen Busstasjon</stop>
    <stop arrival="11:55" departure="11:55">Danmarksplass</stop>
    <stop arrival="11:56" departure="11:56">Solheimsgaten</stop>
    <stop arrival="11:57" departure="11:57">Reperbanen</stop>
    <stop arrival="11:58" departure="11:58">Fjøsangerveien/ Minde Allè</stop>
    <stop arrival="12:00" departure="12:00">Minde</stop>
    <stop arrival="12:01" departure="12:01">Elvebakken</stop>
    <stop arrival="12:01" departure="12:01">Storetveit</stop>
    <stop arrival="12:01" departure="12:01">Fantoft</stop>
    <stop arrival="12:02" departure="12:02">Nydalen</stop>
    <stop arrival="12:03" departure="12:03">Paradis</stop>
    <stop arrival="12:04" departure="12:04">Tveiteråsskiftet</stop>
    <stop arrival="12:05" departure="12:05">Hopsbro</stop>
    <stop arrival="12:07" departure="12:07">Hopstangen</stop>
    <stop arrival="12:08" departure="12:08">Nesttun terminal</stop>
    <stop arrival="12:09" departure="12:09">Nesttun</stop>
    <stop arrival="12:09" departure="12:09">Herredshuset, Nesttun</stop>
    <stop arrival="12:10" departure="12:10">Midtun bro</stop>
    <stop arrival="12:12" departure="12:12">Midttunflaten</stop>
    <stop arrival="12:13" departure="12:13">Sandbrekkeveien</stop>
    <stop arrival="12:13" departure="12:13">Sandalskollen</stop>
    <stop arrival="12:15" departure="12:15">Kringlebotn</stop>
    <stop arrival="12:16" departure="12:16">Kjenndalslia</stop>
    <stop arrival="12:17" departure="12:17">Kjenndalsåsen</stop>
    <stop arrival="12:18" departure="12:18">Sandalsringen snuplass</stop>
    <stop arrival="12:19" departure="12:19">Helldalslia</stop>
    <stop arrival="12:20" departure="12:20">Helldalslia</stop>
    <stop arrival="12:20" departure="12:20">Indre Sædal</stop>
    <stop arrival="12:21" departure="12:21">Rinddalen</stop>
    <stop arrival="12:23" departure="12:23">Merkurvegen (nyeveien)</stop>
    <stop arrival="12:24" departure="12:24">Nattland gård (nyeveien)</stop>
    <stop arrival="12:25">Birkelundstoppen</stop>
  </route>
  <route no="22" destination="Birkelundstoppen" url="http://www.web2051.no/bin/tp/zuginfo.exe/on/543168/185081/80698/140708/1/" trafficDays="kjører Lø, ikke 1. Mai">
    <stop departure="11:45" routeNo="22">Olav Kyrres gate</stop>
    <stop arrival="11:50" departure="11:50">Bergen Busstasjon</stop>
    <stop arrival="11:54" departure="11:54">Danmarksplass</stop>
    <stop arrival="11:55" departure="11:55">Solheimsgaten</stop>
    <stop arrival="11:56" departure="11:56">Reperbanen</stop>
    <stop arrival="11:58" departure="11:58">Fjøsangerveien/ Minde Allè</stop>
    <stop arrival="12:01" departure="12:01">Minde</stop>
    <stop arrival="12:02" departure="12:02">Elvebakken</stop>
    <stop arrival="12:03" departure="12:03">Storetveit</stop>
    <stop arrival="12:03" departure="12:03">Fantoft</stop>
    <stop arrival="12:04" departure="12:04">Nydalen</stop>
    <stop arrival="12:05" departure="12:05">Paradis</stop>
    <stop arrival="12:06" departure="12:06">Tveiteråsskiftet</stop>
    <stop arrival="12:07" departure="12:07">Hopsbro</stop>
    <stop arrival="12:09" departure="12:09">Hopstangen</stop>
    <stop arrival="12:10" departure="12:10">Nesttun terminal</stop>
    <stop arrival="12:11" departure="12:11">Nesttun</stop>
    <stop arrival="12:11" departure="12:11">Herredshuset, Nesttun</stop>
    <stop arrival="12:12" departure="12:12">Midtun bro</stop>
    <stop arrival="12:14" departure="12:14">Midttunflaten</stop>
    <stop arrival="12:15" departure="12:15">Sandbrekkeveien</stop>
    <stop arrival="12:15" departure="12:15">Sandalskollen</stop>
    <stop arrival="12:17" departure="12:17">Kringlebotn</stop>
    <stop arrival="12:18" departure="12:18">Kjenndalslia</stop>
    <stop arrival="12:19" departure="12:19">Kjenndalsåsen</stop>
    <stop arrival="12:20" departure="12:20">Sandalsringen snuplass</stop>
    <stop arrival="12:21" departure="12:21">Helldalslia</stop>
    <stop arrival="12:22" departure="12:22">Helldalslia</stop>
    <stop arrival="12:22" departure="12:22">Indre Sædal</stop>
    <stop arrival="12:23" departure="12:23">Rinddalen</stop>
    <stop arrival="12:25" departure="12:25">Merkurvegen (nyeveien)</stop>
    <stop arrival="12:26" departure="12:26">Nattland gård (nyeveien)</stop>
    <stop arrival="12:27">Birkelundstoppen</stop>
  </route>
  <route no="22" destination="Birkelundstoppen" url="http://www.web2051.no/bin/tp/zuginfo.exe/on/488682/166900/487626/80919/1/" trafficDays="kjører Sø, også 1., 13., 17., 24. Mai">
    <stop departure="11:16" routeNo="22">Åsane terminal</stop>
    <stop arrival="11:17" departure="11:17">Hesthaugen</stop>
    <stop arrival="11:18" departure="11:18">Stamskaret</stop>
    <stop arrival="11:19" departure="11:19">Tertneskrysset gamleveien</stop>
    <stop arrival="11:19" departure="11:19">Griggastemma</stop>
    <stop arrival="11:20" departure="11:20">Åstveitvegen</stop>
    <stop arrival="11:20" departure="11:20">Ervik øvre</stop>
    <stop arrival="11:21" departure="11:21">Ervik nedre (Sellesvingen)</stop>
    <stop arrival="11:21" departure="11:21">Selvikvegen</stop>
    <stop arrival="11:22" departure="11:22">Eidsvåg gamlevegen</stop>
    <stop arrival="11:23" departure="11:23">Fabrikkvegen</stop>
    <stop arrival="11:25" departure="11:25">Hagebyen (Eidsvåg)</stop>
    <stop arrival="11:27" departure="11:27">Lillevågen</stop>
    <stop arrival="11:28" departure="11:28">Tømmervågen</stop>
    <stop arrival="11:28" departure="11:28">Trollbekken</stop>
    <stop arrival="11:29" departure="11:29">Trolldalen (Eidsvågneset)</stop>
    <stop arrival="11:31" departure="11:31">Fagerbakken</stop>
    <stop arrival="11:32" departure="11:32">Nordre Lønborg</stop>
    <stop arrival="11:33" departure="11:33">Lønborg</stop>
    <stop arrival="11:33" departure="11:33">Brunestykket</stop>
    <stop arrival="11:34" departure="11:34">Hellebakken</stop>
    <stop arrival="11:35" departure="11:35">Eikeviken</stop>
    <stop arrival="11:36" departure="11:36">Solbakken</stop>
    <stop arrival="11:37" departure="11:37">Handelshøyskolen</stop>
    <stop arrival="11:39" departure="11:39">Nyhavnsvei (Gamle Bergen)</stop>
    <stop arrival="11:41" departure="11:41">Munkebotten</stop>
    <stop arrival="11:42" departure="11:42">Ludebryggen</stop>
    <stop arrival="11:43" departure="11:43">Sandvikstorget</stop>
    <stop arrival="11:45" departure="11:45">Skutevikstorget</stop>
    <stop arrival="11:46" departure="11:46">Bontelabo</stop>
    <stop arrival="11:48" departure="11:48">Slottsgaten</stop>
    <stop arrival="11:49" departure="11:49">Bryggen</stop>
    <stop arrival="11:50" departure="11:50">Olav Kyrres gate</stop>
    <stop arrival="11:57" departure="11:57">Bergen Busstasjon</stop>
    <stop arrival="12:01" departure="12:01">Danmarksplass</stop>
    <stop arrival="12:02" departure="12:02">Solheimsgaten</stop>
    <stop arrival="12:03" departure="12:03">Reperbanen</stop>
    <stop arrival="12:04" departure="12:04">Fjøsangerveien/ Minde Allè</stop>
    <stop arrival="12:07" departure="12:07">Minde</stop>
    <stop arrival="12:08" departure="12:08">Elvebakken</stop>
    <stop arrival="12:09" departure="12:09">Storetveit</stop>
    <stop arrival="12:09" departure="12:09">Fantoft</stop>
    <stop arrival="12:10" departure="12:10">Nydalen</stop>
    <stop arrival="12:11" departure="12:11">Paradis</stop>
    <stop arrival="12:12" departure="12:12">Tveiteråsskiftet</stop>
    <stop arrival="12:13" departure="12:13">Hopsbro</stop>
    <stop arrival="12:15" departure="12:15">Hopstangen</stop>
    <stop arrival="12:16" departure="12:16">Nesttun terminal</stop>
    <stop arrival="12:17" departure="12:17">Nesttun</stop>
    <stop arrival="12:17" departure="12:17">Herredshuset, Nesttun</stop>
    <stop arrival="12:18" departure="12:18">Midtun bro</stop>
    <stop arrival="12:20" departure="12:20">Midttunflaten</stop>
    <stop arrival="12:21" departure="12:21">Sandbrekkeveien</stop>
    <stop arrival="12:21" departure="12:21">Sandalskollen</stop>
    <stop arrival="12:23" departure="12:23">Kringlebotn</stop>
    <stop arrival="12:24" departure="12:24">Kjenndalslia</stop>
    <stop arrival="12:25" departure="12:25">Kjenndalsåsen</stop>
    <stop arrival="12:26" departure="12:26">Sandalsringen snuplass</stop>
    <stop arrival="12:27" departure="12:27">Helldalslia</stop>
    <stop arrival="12:28" departure="12:28">Helldalslia</stop>
    <stop arrival="12:28" departure="12:28">Indre Sædal</stop>
    <stop arrival="12:30" departure="12:30">Rinddalen</stop>
    <stop arrival="12:32" departure="12:32">Merkurvegen (nyeveien)</stop>
    <stop arrival="12:33" departure="12:33">Nattland gård (nyeveien)</stop>
    <stop arrival="12:35">Birkelundstoppen</stop>
  </route>
  <route no="22" destination="Bergen Busstasjon" url="http://www.web2051.no/bin/tp/zuginfo.exe/on/612621/208264/411886/1743/1/" trafficDays="kjører Ma - Fr, ikke 13., 17., 24. Mai">
    <stop departure="12:33" routeNo="22">Birkelundstoppen</stop>
    <stop arrival="12:34" departure="12:34">Nattland gård (nyeveien)</stop>
    <stop arrival="12:35" departure="12:35">Merkurvegen (nyeveien)</stop>
    <stop arrival="12:36" departure="12:36">Rinddalen</stop>
    <stop arrival="12:37" departure="12:37">Indre Sædal</stop>
    <stop arrival="12:37" departure="12:37">Helldalslia</stop>
    <stop arrival="12:38" departure="12:38">Helldalslia</stop>
    <stop arrival="12:39" departure="12:39">Helldalsåsen</stop>
    <stop arrival="12:40" departure="12:40">Kjenndalsåsen</stop>
    <stop arrival="12:41" departure="12:41">Kjenndalslia</stop>
    <stop arrival="12:43" departure="12:43">Kringlebotn</stop>
    <stop arrival="12:44" departure="12:44">Sandalskollen</stop>
    <stop arrival="12:45" departure="12:45">Sandbrekkeveien</stop>
    <stop arrival="12:46" departure="12:46">Midttunflaten</stop>
    <stop arrival="12:47" departure="12:47">Midtun bro</stop>
    <stop arrival="12:49" departure="12:49">Herredshuset, Nesttun</stop>
    <stop arrival="12:49" departure="12:49">Nesttun</stop>
    <stop arrival="12:50" departure="12:50">Nesttun terminal</stop>
    <stop arrival="12:52" departure="12:52">Hopsbro</stop>
    <stop arrival="12:54" departure="12:54">Tveiteråsskiftet</stop>
    <stop arrival="12:55" departure="12:55">Paradis</stop>
    <stop arrival="12:57" departure="12:57">Nydalen</stop>
    <stop arrival="12:59" departure="12:59">Fantoft</stop>
    <stop arrival="13:00" departure="13:00">Storetveit</stop>
    <stop arrival="13:00" departure="13:00">Elvebakken</stop>
    <stop arrival="13:01" departure="13:01">Minde</stop>
    <stop arrival="13:04" departure="13:04">Mindemyren</stop>
    <stop arrival="13:05" departure="13:05">Postterminalen</stop>
    <stop arrival="13:06" departure="13:06">Kanalveien v/LBK</stop>
    <stop arrival="13:08" departure="13:08">Danmarksplass v/Forum kino</stop>
    <stop arrival="13:11" departure="13:11">Bergen Busstasjon</stop>
    <stop arrival="13:14" departure="13:14">Christies gate (Festplassen)</stop>
    <stop arrival="13:19">Bergen Busstasjon</stop>
  </route>
  <route no="22" destination="Bergen Busstasjon" url="http://www.web2051.no/bin/tp/zuginfo.exe/on/193908/68660/1560/63858/1/" trafficDays="kjører Lø, ikke 1. Mai">
    <stop departure="12:33" routeNo="22">Birkelundstoppen</stop>
    <stop arrival="12:34" departure="12:34">Nattland gård (nyeveien)</stop>
    <stop arrival="12:35" departure="12:35">Merkurvegen (nyeveien)</stop>
    <stop arrival="12:37" departure="12:37">Rinddalen</stop>
    <stop arrival="12:38" departure="12:38">Indre Sædal</stop>
    <stop arrival="12:38" departure="12:38">Helldalslia</stop>
    <stop arrival="12:38" departure="12:38">Helldalslia</stop>
    <stop arrival="12:39" departure="12:39">Helldalsåsen</stop>
    <stop arrival="12:40" departure="12:40">Kjenndalsåsen</stop>
    <stop arrival="12:41" departure="12:41">Kjenndalslia</stop>
    <stop arrival="12:43" departure="12:43">Kringlebotn</stop>
    <stop arrival="12:44" departure="12:44">Sandalskollen</stop>
    <stop arrival="12:45" departure="12:45">Sandbrekkeveien</stop>
    <stop arrival="12:46" departure="12:46">Midttunflaten</stop>
    <stop arrival="12:47" departure="12:47">Midtun bro</stop>
    <stop arrival="12:49" departure="12:49">Herredshuset, Nesttun</stop>
    <stop arrival="12:49" departure="12:49">Nesttun</stop>
    <stop arrival="12:50" departure="12:50">Nesttun terminal</stop>
    <stop arrival="12:52" departure="12:52">Hopsbro</stop>
    <stop arrival="12:54" departure="12:54">Tveiteråsskiftet</stop>
    <stop arrival="12:55" departure="12:55">Paradis</stop>
    <stop arrival="12:57" departure="12:57">Nydalen</stop>
    <stop arrival="12:59" departure="12:59">Fantoft</stop>
    <stop arrival="13:00" departure="13:00">Storetveit</stop>
    <stop arrival="13:00" departure="13:00">Elvebakken</stop>
    <stop arrival="13:01" departure="13:01">Minde</stop>
    <stop arrival="13:05" departure="13:05">Mindemyren</stop>
    <stop arrival="13:06" departure="13:06">Postterminalen</stop>
    <stop arrival="13:06" departure="13:06">Kanalveien v/LBK</stop>
    <stop arrival="13:08" departure="13:08">Danmarksplass v/Forum kino</stop>
    <stop arrival="13:12" departure="13:12">Bergen Busstasjon</stop>
    <stop arrival="13:15" departure="13:15">Christies gate (Festplassen)</stop>
    <stop arrival="13:20">Bergen Busstasjon</stop>
  </route>
  <route no="22" destination="Åsane terminal" url="http://www.web2051.no/bin/tp/zuginfo.exe/on/344613/118878/780438/275349/1/" trafficDays="kjører Sø, også 1., 13., 17., 24. Mai">
    <stop departure="12:35" routeNo="22">Birkelundstoppen</stop>
    <stop arrival="12:37" departure="12:37">Nattland gård (nyeveien)</stop>
    <stop arrival="12:39" departure="12:39">Merkurvegen (nyeveien)</stop>
    <stop arrival="12:42" departure="12:42">Rinddalen</stop>
    <stop arrival="12:43" departure="12:43">Indre Sædal</stop>
    <stop arrival="12:43" departure="12:43">Helldalslia</stop>
    <stop arrival="12:43" departure="12:43">Helldalslia</stop>
    <stop arrival="12:44" departure="12:44">Helldalsåsen</stop>
    <stop arrival="12:45" departure="12:45">Kjenndalsåsen</stop>
    <stop arrival="12:46" departure="12:46">Kjenndalslia</stop>
    <stop arrival="12:48" departure="12:48">Kringlebotn</stop>
    <stop arrival="12:49" departure="12:49">Sandalskollen</stop>
    <stop arrival="12:50" departure="12:50">Sandbrekkeveien</stop>
    <stop arrival="12:51" departure="12:51">Midttunflaten</stop>
    <stop arrival="12:52" departure="12:52">Midtun bro</stop>
    <stop arrival="12:54" departure="12:54">Herredshuset, Nesttun</stop>
    <stop arrival="12:54" departure="12:54">Nesttun</stop>
    <stop arrival="12:55" departure="12:55">Nesttun terminal</stop>
    <stop arrival="12:57" departure="12:57">Hopsbro</stop>
    <stop arrival="12:59" departure="12:59">Tveiteråsskiftet</stop>
    <stop arrival="13:00" departure="13:00">Paradis</stop>
    <stop arrival="13:02" departure="13:02">Nydalen</stop>
    <stop arrival="13:04" departure="13:04">Fantoft</stop>
    <stop arrival="13:05" departure="13:05">Storetveit</stop>
    <stop arrival="13:05" departure="13:05">Elvebakken</stop>
    <stop arrival="13:06" departure="13:06">Minde</stop>
    <stop arrival="13:09" departure="13:09">Mindemyren</stop>
    <stop arrival="13:10" departure="13:10">Postterminalen</stop>
    <stop arrival="13:10" departure="13:10">Kanalveien v/LBK</stop>
    <stop arrival="13:12" departure="13:12">Danmarksplass v/Forum kino</stop>
    <stop arrival="13:17" departure="13:17">Bergen Busstasjon</stop>
    <stop arrival="13:20" departure="13:20">Christies gate (Festplassen)</stop>
    <stop arrival="13:23" departure="13:23">Torget v/DnB</stop>
    <stop arrival="13:24" departure="13:24">Bryggen</stop>
    <stop arrival="13:24" departure="13:24">Slottsgaten</stop>
    <stop arrival="13:25" departure="13:25">Bontelabo</stop>
    <stop arrival="13:26" departure="13:26">Skutevikstorget</stop>
    <stop arrival="13:26" departure="13:26">Sjøgaten</stop>
    <stop arrival="13:27" departure="13:27">Sandvikstorget</stop>
    <stop arrival="13:28" departure="13:28">Ludebryggen</stop>
    <stop arrival="13:28" departure="13:28">Munkebotten</stop>
    <stop arrival="13:30" departure="13:30">Nyhavnsvei (Gamle Bergen)</stop>
    <stop arrival="13:31" departure="13:31">Handelshøyskolen</stop>
    <stop arrival="13:32" departure="13:32">Solbakken</stop>
    <stop arrival="13:33" departure="13:33">Eikeviken</stop>
    <stop arrival="13:35" departure="13:35">Hellebakken</stop>
    <stop arrival="13:35" departure="13:35">Brunestykket</stop>
    <stop arrival="13:36" departure="13:36">Lønborg</stop>
    <stop arrival="13:37" departure="13:37">Nordre Lønborg</stop>
    <stop arrival="13:37" departure="13:37">Fagerbakken</stop>
    <stop arrival="13:38" departure="13:38">Eidsvågneset</stop>
    <stop arrival="13:38" departure="13:38">Trolldalen (Eidsvågneset)</stop>
    <stop arrival="13:38" departure="13:38">Trollbekken</stop>
    <stop arrival="13:39" departure="13:39">Tømmervågen</stop>
    <stop arrival="13:39" departure="13:39">Lillevågen</stop>
    <stop arrival="13:40" departure="13:40">Hagebyen (Eidsvåg)</stop>
    <stop arrival="13:41" departure="13:41">Fabrikkvegen</stop>
    <stop arrival="13:42" departure="13:42">Eidsvåg gamlevegen</stop>
    <stop arrival="13:43" departure="13:43">Selvikvegen</stop>
    <stop arrival="13:44" departure="13:44">Ervik nedre (Sellesvingen)</stop>
    <stop arrival="13:44" departure="13:44">Ervik øvre</stop>
    <stop arrival="13:45" departure="13:45">Åstveitvegen</stop>
    <stop arrival="13:46" departure="13:46">Griggastemma</stop>
    <stop arrival="13:47" departure="13:47">Tertneskrysset gamleveien</stop>
    <stop arrival="13:49" departure="13:49">Stamskaret</stop>
    <stop arrival="13:50" departure="13:50">Hesthaugen</stop>
    <stop arrival="13:51">Åsane terminal</stop>
  </route>
  <route no="22" destination="Birkelundstoppen" url="http://www.web2051.no/bin/tp/zuginfo.exe/on/383637/131935/559574/151915/1/" trafficDays="kjører Ma - Fr, ikke 13., 17., 24. Mai">
    <stop departure="12:15" routeNo="22">Olav Kyrres gate</stop>
    <stop arrival="12:20" departure="12:20">Bergen Busstasjon</stop>
    <stop arrival="12:25" departure="12:25">Danmarksplass</stop>
    <stop arrival="12:26" departure="12:26">Solheimsgaten</stop>
    <stop arrival="12:27" departure="12:27">Reperbanen</stop>
    <stop arrival="12:28" departure="12:28">Fjøsangerveien/ Minde Allè</stop>
    <stop arrival="12:30" departure="12:30">Minde</stop>
    <stop arrival="12:31" departure="12:31">Elvebakken</stop>
    <stop arrival="12:31" departure="12:31">Storetveit</stop>
    <stop arrival="12:31" departure="12:31">Fantoft</stop>
    <stop arrival="12:32" departure="12:32">Nydalen</stop>
    <stop arrival="12:33" departure="12:33">Paradis</stop>
    <stop arrival="12:34" departure="12:34">Tveiteråsskiftet</stop>
    <stop arrival="12:35" departure="12:35">Hopsbro</stop>
    <stop arrival="12:37" departure="12:37">Hopstangen</stop>
    <stop arrival="12:38" departure="12:38">Nesttun terminal</stop>
    <stop arrival="12:39" departure="12:39">Nesttun</stop>
    <stop arrival="12:39" departure="12:39">Herredshuset, Nesttun</stop>
    <stop arrival="12:40" departure="12:40">Midtun bro</stop>
    <stop arrival="12:42" departure="12:42">Midttunflaten</stop>
    <stop arrival="12:43" departure="12:43">Sandbrekkeveien</stop>
    <stop arrival="12:43" departure="12:43">Sandalskollen</stop>
    <stop arrival="12:45" departure="12:45">Kringlebotn</stop>
    <stop arrival="12:46" departure="12:46">Kjenndalslia</stop>
    <stop arrival="12:47" departure="12:47">Kjenndalsåsen</stop>
    <stop arrival="12:48" departure="12:48">Sandalsringen snuplass</stop>
    <stop arrival="12:49" departure="12:49">Helldalslia</stop>
    <stop arrival="12:50" departure="12:50">Helldalslia</stop>
    <stop arrival="12:50" departure="12:50">Indre Sædal</stop>
    <stop arrival="12:51" departure="12:51">Rinddalen</stop>
    <stop arrival="12:53" departure="12:53">Merkurvegen (nyeveien)</stop>
    <stop arrival="12:54" departure="12:54">Nattland gård (nyeveien)</stop>
    <stop arrival="12:55">Birkelundstoppen</stop>
  </route>
</routes>
