<?xml version="1.0" encoding="UTF-8"?>
<routes>
  <route no="442" destination="Gavelen snuplass" url="http://www.web2051.no/bin/tp/zuginfo.exe/on/207318/71008/772962/317376/1/" trafficDays="kjører Ma - Fr, ikke 13., 17., 24. Mai">
    <stop departure="12:35" routeNo="442">Straume term.</stop>
    <stop arrival="12:37" departure="12:37">Lonavegen (Fjell)</stop>
    <stop arrival="12:37" departure="12:37">Instamyra (Fjell)</stop>
    <stop arrival="12:38" departure="12:38">Straume søre (Fjell)</stop>
    <stop arrival="12:39" departure="12:39">Danielsen skole (Fjell)</stop>
    <stop arrival="12:41" departure="12:41">Storskaret (Fjell)</stop>
    <stop arrival="12:42" departure="12:42">Brattholmen (garasjen)</stop>
    <stop arrival="12:44" departure="12:44">Brattholmen skule</stop>
    <stop arrival="12:45" departure="12:45">Brattholmen snuplass</stop>
    <stop arrival="12:47" departure="12:47">Snekkevik kryss</stop>
    <stop arrival="12:49" departure="12:49">Ebbesvik Holten (Fjell)</stop>
    <stop arrival="12:52" departure="12:52">Ebbesvik (Fjell)</stop>
    <stop arrival="12:54" departure="12:54">Ebbesvik (Fjell)</stop>
    <stop arrival="12:55">Gavelen snuplass</stop>
  </route>
</routes>
