<?xml version="1.0" encoding="UTF-8"?>
<routes>
  <route no="494" destination="Ravnanger term." url="http://www.web2051.no/bin/tp/zuginfo.exe/on/353316/120578/835978/300217/1/" trafficDays="kjører Ma - Fr, ikke 13., 17., 24. Mai">
    <stop departure="11:40" routeNo="494">Bergen Busstasjon</stop>
    <stop arrival="11:43" departure="11:43">Olav Kyrres gate</stop>
    <stop arrival="11:44" departure="11:44">Møhlenpris v/ Industrihuset</stop>
    <stop arrival="11:49" departure="11:49">Lyngbø Motorvei R555</stop>
    <stop arrival="11:54" departure="11:54">Frida Fasmer R555</stop>
    <stop arrival="11:55" departure="11:55">Storavatnet term.</stop>
    <stop arrival="11:58" departure="11:58">Brøstaneset</stop>
    <stop arrival="12:00" departure="12:00">Storeklubben (Askøy)</stop>
    <stop arrival="12:02" departure="12:02">Holmedal (Askøy)</stop>
    <stop arrival="12:05" departure="12:05">Kleppestø term.</stop>
    <stop arrival="12:06" departure="12:06">Kleppestø senter</stop>
    <stop arrival="12:07" departure="12:07">Askøy Helsetun</stop>
    <stop arrival="12:07" departure="12:07">Kleppestø ungdomsskole</stop>
    <stop arrival="12:08" departure="12:08">Florvågskiftet F216</stop>
    <stop arrival="12:08" departure="12:08">Torvgården (Askøy)</stop>
    <stop arrival="12:09" departure="12:09">Skansen (Askøy)</stop>
    <stop arrival="12:09" departure="12:09">Svingen F216 (Askøy)</stop>
    <stop arrival="12:09" departure="12:09">Askøy senter</stop>
    <stop arrival="12:10" departure="12:10">Krokåsskiftet (Askøy)</stop>
    <stop arrival="12:11" departure="12:11">Juvikflaten (Askøy)</stop>
    <stop arrival="12:12" departure="12:12">Juvik bedehus (Askøy)</stop>
    <stop arrival="12:13" departure="12:13">Lavikskiftet (Askøy)</stop>
    <stop arrival="12:14" departure="12:14">Pålelva (Askøy)</stop>
    <stop arrival="12:14" departure="12:14">Kråvik (Askøy)</stop>
    <stop arrival="12:15" departure="12:15">Haugland Verkstedet (Askøy)</stop>
    <stop arrival="12:16" departure="12:16">Fjellveien (Askøy)</stop>
    <stop arrival="12:18" departure="12:18">Haugland skole (Askøy)</stop>
    <stop arrival="12:19" departure="12:19">Haugland bedehus (Askøy)</stop>
    <stop arrival="12:21" departure="12:21">Ravnanger</stop>
    <stop arrival="12:22">Ravnanger term.</stop>
  </route>
  <route no="495" destination="Ramsøy snuplass" url="http://www.web2051.no/bin/tp/zuginfo.exe/on/783543/264047/243242/139561/1/" trafficDays="kjører Lø, ikke 1. Mai">
    <stop departure="11:40" routeNo="495">Bergen Busstasjon</stop>
    <stop arrival="11:43" departure="11:43">Olav Kyrres gate</stop>
    <stop arrival="11:44" departure="11:44">Møhlenpris v/ Industrihuset</stop>
    <stop arrival="11:49" departure="11:49">Lyngbø Motorvei R555</stop>
    <stop arrival="11:54" departure="11:54">Frida Fasmer R555</stop>
    <stop arrival="11:55" departure="11:55">Storavatnet term.</stop>
    <stop arrival="11:58" departure="11:58">Brøstaneset</stop>
    <stop arrival="12:00" departure="12:00">Storeklubben (Askøy)</stop>
    <stop arrival="12:02" departure="12:02">Holmedal (Askøy)</stop>
    <stop arrival="12:05" departure="12:05">Kleppestø term.</stop>
    <stop arrival="12:06" departure="12:06">Kleppestø senter</stop>
    <stop arrival="12:07" departure="12:07">Askøy Helsetun</stop>
    <stop arrival="12:07" departure="12:07">Kleppestø ungdomsskole</stop>
    <stop arrival="12:08" departure="12:08">Florvågskiftet F216</stop>
    <stop arrival="12:08" departure="12:08">Torvgården (Askøy)</stop>
    <stop arrival="12:09" departure="12:09">Skansen (Askøy)</stop>
    <stop arrival="12:09" departure="12:09">Svingen F216 (Askøy)</stop>
    <stop arrival="12:09" departure="12:09">Askøy senter</stop>
    <stop arrival="12:10" departure="12:10">Krokåsskiftet (Askøy)</stop>
    <stop arrival="12:11" departure="12:11">Juvikflaten (Askøy)</stop>
    <stop arrival="12:12" departure="12:12">Juvik bedehus (Askøy)</stop>
    <stop arrival="12:13" departure="12:13">Lavikskiftet (Askøy)</stop>
    <stop arrival="12:14" departure="12:14">Pålelva (Askøy)</stop>
    <stop arrival="12:14" departure="12:14">Kråvik (Askøy)</stop>
    <stop arrival="12:15" departure="12:15">Haugland Verkstedet (Askøy)</stop>
    <stop arrival="12:16" departure="12:16">Fjellveien (Askøy)</stop>
    <stop arrival="12:18" departure="12:18">Haugland skole (Askøy)</stop>
    <stop arrival="12:19" departure="12:19">Haugland bedehus (Askøy)</stop>
    <stop arrival="12:21" departure="12:21">Ravnanger</stop>
    <stop arrival="12:22" departure="12:22">Ravnanger term.</stop>
    <stop arrival="12:23" departure="12:23">Ravnanger (Jehovas V.)</stop>
    <stop arrival="12:24" departure="12:24">Tveitetræet</stop>
    <stop arrival="12:24" departure="12:24">Tveitevågskiftet</stop>
    <stop arrival="12:25" departure="12:25">Tveit kirke/skole (Askøy)</stop>
    <stop arrival="12:26" departure="12:26">Kollevåg Hendriksen</stop>
    <stop arrival="12:27" departure="12:27">Kollevåg</stop>
    <stop arrival="12:28" departure="12:28">Kollevåg Svartevatnet</stop>
    <stop arrival="12:29" departure="12:29">Kollevågshøyden</stop>
    <stop arrival="12:30" departure="12:30">Kollevåg Friluften</stop>
    <stop arrival="12:31" departure="12:31">Hanøy Langøyvei</stop>
    <stop arrival="12:32" departure="12:32">Hanøy Steinsbruddet</stop>
    <stop arrival="12:33" departure="12:33">Hanøy Steinseidet</stop>
    <stop arrival="12:34" departure="12:34">Hanøy Skaret</stop>
    <stop arrival="12:35" departure="12:35">Hanøy skole</stop>
    <stop arrival="12:36" departure="12:36">Hanøy bedehus</stop>
    <stop arrival="12:37" departure="12:37">Hanøy</stop>
    <stop arrival="12:38" departure="12:38">Ramsøy bro</stop>
    <stop arrival="12:42">Ramsøy snuplass</stop>
  </route>
  <route no="496" destination="Bergen Busstasjon" url="http://www.web2051.no/bin/tp/zuginfo.exe/on/220824/76518/276688/64737/1/" trafficDays="kjører Lø, ikke 1. Mai">
    <stop departure="11:56" routeNo="496">Breivik snuplass (Askøy)</stop>
    <stop arrival="11:56" departure="11:56">Breivik (Askøy)</stop>
    <stop arrival="11:57" departure="11:57">Breivik Kinn (Askøy)</stop>
    <stop arrival="11:58" departure="11:58">Davanger byggefelt</stop>
    <stop arrival="11:59" departure="11:59">Davanger vest</stop>
    <stop arrival="11:59" departure="11:59">Davanger skole</stop>
    <stop arrival="12:00" departure="12:00">Davanger bro</stop>
    <stop arrival="12:01" departure="12:01">Davanger v/Torgersen</stop>
    <stop arrival="12:01" departure="12:01">Davanger Sladrehjørnet</stop>
    <stop arrival="12:02" departure="12:02">Davanger treindustri</stop>
    <stop arrival="12:03" departure="12:03">Davanger v/Ingv. Larsen</stop>
    <stop arrival="12:04" departure="12:04">Heiavatnet (Askøy)</stop>
    <stop arrival="12:05" departure="12:05">Ravnanger nord</stop>
    <stop arrival="12:08" departure="12:08">Ravnanger term.</stop>
    <stop arrival="12:08" departure="12:08">Ravnanger</stop>
    <stop arrival="12:09" departure="12:09">Haugland bedehus (Askøy)</stop>
    <stop arrival="12:10" departure="12:10">Haugland skole (Askøy)</stop>
    <stop arrival="12:11" departure="12:11">Haugland sør (Askøy)</stop>
    <stop arrival="12:12" departure="12:12">Fjellveien (Askøy)</stop>
    <stop arrival="12:13" departure="12:13">Haugland Verkstedet (Askøy)</stop>
    <stop arrival="12:14" departure="12:14">Kråvik (Askøy)</stop>
    <stop arrival="12:14" departure="12:14">Pålelva (Askøy)</stop>
    <stop arrival="12:15" departure="12:15">Lavikskiftet (Askøy)</stop>
    <stop arrival="12:16" departure="12:16">Juvik bedehus (Askøy)</stop>
    <stop arrival="12:17" departure="12:17">Juvikflaten (Askøy)</stop>
    <stop arrival="12:18" departure="12:18">Krokåsskiftet (Askøy)</stop>
    <stop arrival="12:20" departure="12:20">Askøy senter</stop>
    <stop arrival="12:21" departure="12:21">Skansen (Askøy)</stop>
    <stop arrival="12:22" departure="12:22">Torvgården (Askøy)</stop>
    <stop arrival="12:23" departure="12:23">Florvågskiftet F216</stop>
    <stop arrival="12:25" departure="12:25">Kleppestø ungdomsskole</stop>
    <stop arrival="12:26" departure="12:26">Askøy Helsetun</stop>
    <stop arrival="12:28" departure="12:28">Kleppestø senter</stop>
    <stop arrival="12:30" departure="12:30">Kleppestø term.</stop>
    <stop arrival="12:31" departure="12:31">Kleppestø (Rådhuset)</stop>
    <stop arrival="12:32" departure="12:32">Holmedal (Askøy)</stop>
    <stop arrival="12:33" departure="12:33">Storeklubben (Askøy)</stop>
    <stop arrival="12:36" departure="12:36">Brøstaneset</stop>
    <stop arrival="12:40" departure="12:40">Storavatnet term.</stop>
    <stop arrival="12:41" departure="12:41">Frida Fasmer</stop>
    <stop arrival="12:47" departure="12:47">Lyngbø Motorvei R555</stop>
    <stop arrival="12:52" departure="12:52">Møhlenpris v/ Industrihuset</stop>
    <stop arrival="12:54" departure="12:54">Nygårdsgaten</stop>
    <stop arrival="12:55">Bergen Busstasjon</stop>
  </route>
  <route no="496" destination="Bergen Busstasjon" url="http://www.web2051.no/bin/tp/zuginfo.exe/on/515976/174904/317758/13113/1/" trafficDays="kjører">
    <stop departure="12:13" routeNo="496">Haugland Verkstedet (Askøy)</stop>
    <stop arrival="12:14" departure="12:14">Kråvik (Askøy)</stop>
    <stop arrival="12:14" departure="12:14">Pålelva (Askøy)</stop>
    <stop arrival="12:15" departure="12:15">Lavikskiftet (Askøy)</stop>
    <stop arrival="12:16" departure="12:16">Juvik bedehus (Askøy)</stop>
    <stop arrival="12:17" departure="12:17">Juvikflaten (Askøy)</stop>
    <stop arrival="12:18" departure="12:18">Krokåsskiftet (Askøy)</stop>
    <stop arrival="12:20" departure="12:20">Askøy senter</stop>
    <stop arrival="12:21" departure="12:21">Skansen (Askøy)</stop>
    <stop arrival="12:22" departure="12:22">Torvgården (Askøy)</stop>
    <stop arrival="12:23" departure="12:23">Florvågskiftet F216</stop>
    <stop arrival="12:25" departure="12:25">Kleppestø ungdomsskole</stop>
    <stop arrival="12:26" departure="12:26">Askøy Helsetun</stop>
    <stop arrival="12:28" departure="12:28">Kleppestø senter</stop>
    <stop arrival="12:30" departure="12:30">Kleppestø term.</stop>
    <stop arrival="12:31" departure="12:31">Kleppestø (Rådhuset)</stop>
    <stop arrival="12:32" departure="12:32">Holmedal (Askøy)</stop>
    <stop arrival="12:33" departure="12:33">Storeklubben (Askøy)</stop>
    <stop arrival="12:36" departure="12:36">Brøstaneset</stop>
    <stop arrival="12:40" departure="12:40">Storavatnet term.</stop>
    <stop arrival="12:41" departure="12:41">Frida Fasmer</stop>
    <stop arrival="12:47" departure="12:47">Lyngbø Motorvei R555</stop>
    <stop arrival="12:52" departure="12:52">Møhlenpris v/ Industrihuset</stop>
    <stop arrival="12:54" departure="12:54">Christies gate (Festplassen)</stop>
    <stop arrival="12:55">Bergen Busstasjon</stop>
  </route>
  <route no="495" destination="Bergen Busstasjon" url="http://www.web2051.no/bin/tp/zuginfo.exe/on/285687/98082/997586/403565/1/" trafficDays="kjører Ma - Fr, ikke 13., 17., 24. Mai">
    <stop departure="12:13" routeNo="495">Ramsøy snuplass</stop>
    <stop arrival="12:15" departure="12:15">Ramsøy bro</stop>
    <stop arrival="12:16" departure="12:16">Hanøy</stop>
    <stop arrival="12:16" departure="12:16">Hanøy bedehus</stop>
    <stop arrival="12:17" departure="12:17">Hanøy skole</stop>
    <stop arrival="12:18" departure="12:18">Hanøy Skaret</stop>
    <stop arrival="12:18" departure="12:18">Hanøy Steinseidet</stop>
    <stop arrival="12:19" departure="12:19">Hanøy Steinsbruddet</stop>
    <stop arrival="12:19" departure="12:19">Hanøy Langøyvei</stop>
    <stop arrival="12:20" departure="12:20">Kollevåg Friluften</stop>
    <stop arrival="12:22" departure="12:22">Kollevågshøyden</stop>
    <stop arrival="12:23" departure="12:23">Kollevåg Svartevatnet</stop>
    <stop arrival="12:25" departure="12:25">Kollevåg</stop>
    <stop arrival="12:26" departure="12:26">Kollevåg Hendriksen</stop>
    <stop arrival="12:28" departure="12:28">Tveit kirke/skole (Askøy)</stop>
    <stop arrival="12:29" departure="12:29">Tveitevågskiftet</stop>
    <stop arrival="12:30" departure="12:30">Tveitetræet</stop>
    <stop arrival="12:32" departure="12:32">Ravnanger (Jehovas V.)</stop>
    <stop arrival="12:33" departure="12:33">Ravnanger term.</stop>
    <stop arrival="12:33" departure="12:33">Ravnanger</stop>
    <stop arrival="12:34" departure="12:34">Haugland bedehus (Askøy)</stop>
    <stop arrival="12:35" departure="12:35">Haugland skole (Askøy)</stop>
    <stop arrival="12:36" departure="12:36">Haugland sør (Askøy)</stop>
    <stop arrival="12:37" departure="12:37">Fjellveien (Askøy)</stop>
    <stop arrival="12:38" departure="12:38">Haugland Verkstedet (Askøy)</stop>
    <stop arrival="12:39" departure="12:39">Kråvik (Askøy)</stop>
    <stop arrival="12:39" departure="12:39">Pålelva (Askøy)</stop>
    <stop arrival="12:40" departure="12:40">Lavikskiftet (Askøy)</stop>
    <stop arrival="12:41" departure="12:41">Juvik bedehus (Askøy)</stop>
    <stop arrival="12:42" departure="12:42">Juvikflaten (Askøy)</stop>
    <stop arrival="12:43" departure="12:43">Krokåsskiftet (Askøy)</stop>
    <stop arrival="12:45" departure="12:45">Askøy senter</stop>
    <stop arrival="12:47" departure="12:47">Skansen (Askøy)</stop>
    <stop arrival="12:49" departure="12:49">Torvgården (Askøy)</stop>
    <stop arrival="12:51" departure="12:51">Florvågskiftet F216</stop>
    <stop arrival="12:53" departure="12:53">Kleppestø ungdomsskole</stop>
    <stop arrival="12:54" departure="12:54">Askøy Helsetun</stop>
    <stop arrival="12:58" departure="12:58">Kleppestø senter</stop>
    <stop arrival="13:00" departure="13:00">Kleppestø term.</stop>
    <stop arrival="13:01" departure="13:01">Kleppestø (Rådhuset)</stop>
    <stop arrival="13:02" departure="13:02">Holmedal (Askøy)</stop>
    <stop arrival="13:03" departure="13:03">Storeklubben (Askøy)</stop>
    <stop arrival="13:06" departure="13:06">Brøstaneset</stop>
    <stop arrival="13:10" departure="13:10">Storavatnet term.</stop>
    <stop arrival="13:11" departure="13:11">Frida Fasmer</stop>
    <stop arrival="13:16" departure="13:16">Lyngbø Motorvei R555</stop>
    <stop arrival="13:20" departure="13:20">Møhlenpris v/ Industrihuset</stop>
    <stop arrival="13:22" departure="13:22">Nygårdsgaten</stop>
    <stop arrival="13:25">Bergen Busstasjon</stop>
  </route>
  <route no="494" destination="Ravnanger term." url="http://www.web2051.no/bin/tp/zuginfo.exe/on/530139/179532/30300/161563/1/" trafficDays="kjører Lø, ikke 1. Mai">
    <stop departure="12:10" routeNo="494">Bergen Busstasjon</stop>
    <stop arrival="12:13" departure="12:13">Olav Kyrres gate</stop>
    <stop arrival="12:14" departure="12:14">Møhlenpris v/ Industrihuset</stop>
    <stop arrival="12:19" departure="12:19">Lyngbø Motorvei R555</stop>
    <stop arrival="12:24" departure="12:24">Frida Fasmer R555</stop>
    <stop arrival="12:25" departure="12:25">Storavatnet term.</stop>
    <stop arrival="12:28" departure="12:28">Brøstaneset</stop>
    <stop arrival="12:30" departure="12:30">Storeklubben (Askøy)</stop>
    <stop arrival="12:32" departure="12:32">Holmedal (Askøy)</stop>
    <stop arrival="12:35" departure="12:35">Kleppestø term.</stop>
    <stop arrival="12:36" departure="12:36">Kleppestø senter</stop>
    <stop arrival="12:37" departure="12:37">Askøy Helsetun</stop>
    <stop arrival="12:37" departure="12:37">Kleppestø ungdomsskole</stop>
    <stop arrival="12:38" departure="12:38">Florvågskiftet F216</stop>
    <stop arrival="12:38" departure="12:38">Torvgården (Askøy)</stop>
    <stop arrival="12:39" departure="12:39">Skansen (Askøy)</stop>
    <stop arrival="12:39" departure="12:39">Svingen F216 (Askøy)</stop>
    <stop arrival="12:39" departure="12:39">Askøy senter</stop>
    <stop arrival="12:40" departure="12:40">Krokåsskiftet (Askøy)</stop>
    <stop arrival="12:41" departure="12:41">Juvikflaten (Askøy)</stop>
    <stop arrival="12:42" departure="12:42">Juvik bedehus (Askøy)</stop>
    <stop arrival="12:43" departure="12:43">Lavikskiftet (Askøy)</stop>
    <stop arrival="12:44" departure="12:44">Pålelva (Askøy)</stop>
    <stop arrival="12:44" departure="12:44">Kråvik (Askøy)</stop>
    <stop arrival="12:45" departure="12:45">Haugland Verkstedet (Askøy)</stop>
    <stop arrival="12:46" departure="12:46">Fjellveien (Askøy)</stop>
    <stop arrival="12:48" departure="12:48">Haugland skole (Askøy)</stop>
    <stop arrival="12:49" departure="12:49">Haugland bedehus (Askøy)</stop>
    <stop arrival="12:51" departure="12:51">Ravnanger</stop>
    <stop arrival="12:52">Ravnanger term.</stop>
  </route>
  <route no="494" destination="Bergen Busstasjon" url="http://www.web2051.no/bin/tp/zuginfo.exe/on/870048/292849/947432/183700/1/" trafficDays="kjører Lø, ikke 1. Mai">
    <stop departure="12:38" routeNo="494">Ravnanger term.</stop>
    <stop arrival="12:38" departure="12:38">Ravnanger</stop>
    <stop arrival="12:39" departure="12:39">Haugland bedehus (Askøy)</stop>
    <stop arrival="12:40" departure="12:40">Haugland skole (Askøy)</stop>
    <stop arrival="12:41" departure="12:41">Haugland sør (Askøy)</stop>
    <stop arrival="12:42" departure="12:42">Fjellveien (Askøy)</stop>
    <stop arrival="12:43" departure="12:43">Haugland Verkstedet (Askøy)</stop>
    <stop arrival="12:44" departure="12:44">Kråvik (Askøy)</stop>
    <stop arrival="12:44" departure="12:44">Pålelva (Askøy)</stop>
    <stop arrival="12:45" departure="12:45">Lavikskiftet (Askøy)</stop>
    <stop arrival="12:46" departure="12:46">Juvik bedehus (Askøy)</stop>
    <stop arrival="12:47" departure="12:47">Juvikflaten (Askøy)</stop>
    <stop arrival="12:48" departure="12:48">Krokåsskiftet (Askøy)</stop>
    <stop arrival="12:50" departure="12:50">Askøy senter</stop>
    <stop arrival="12:51" departure="12:51">Skansen (Askøy)</stop>
    <stop arrival="12:52" departure="12:52">Torvgården (Askøy)</stop>
    <stop arrival="12:53" departure="12:53">Florvågskiftet F216</stop>
    <stop arrival="12:55" departure="12:55">Kleppestø ungdomsskole</stop>
    <stop arrival="12:56" departure="12:56">Askøy Helsetun</stop>
    <stop arrival="12:58" departure="12:58">Kleppestø senter</stop>
    <stop arrival="13:00" departure="13:00">Kleppestø term.</stop>
    <stop arrival="13:01" departure="13:01">Kleppestø (Rådhuset)</stop>
    <stop arrival="13:02" departure="13:02">Holmedal (Askøy)</stop>
    <stop arrival="13:03" departure="13:03">Storeklubben (Askøy)</stop>
    <stop arrival="13:06" departure="13:06">Brøstaneset</stop>
    <stop arrival="13:10" departure="13:10">Storavatnet term.</stop>
    <stop arrival="13:11" departure="13:11">Frida Fasmer</stop>
    <stop arrival="13:16" departure="13:16">Lyngbø Motorvei R555</stop>
    <stop arrival="13:20" departure="13:20">Møhlenpris v/ Industrihuset</stop>
    <stop arrival="13:22" departure="13:22">Nygårdsgaten</stop>
    <stop arrival="13:25">Bergen Busstasjon</stop>
  </route>
  <route no="494" destination="Bergen Busstasjon" url="http://www.web2051.no/bin/tp/zuginfo.exe/on/879843/296115/402860/91851/1/" trafficDays="kjører">
    <stop departure="12:38" routeNo="494">Ravnanger term.</stop>
    <stop arrival="12:38" departure="12:38">Ravnanger</stop>
    <stop arrival="12:39" departure="12:39">Haugland bedehus (Askøy)</stop>
    <stop arrival="12:40" departure="12:40">Haugland skole (Askøy)</stop>
    <stop arrival="12:41" departure="12:41">Haugland sør (Askøy)</stop>
    <stop arrival="12:42" departure="12:42">Fjellveien (Askøy)</stop>
    <stop arrival="12:43" departure="12:43">Haugland Verkstedet (Askøy)</stop>
    <stop arrival="12:44" departure="12:44">Kråvik (Askøy)</stop>
    <stop arrival="12:44" departure="12:44">Pålelva (Askøy)</stop>
    <stop arrival="12:45" departure="12:45">Lavikskiftet (Askøy)</stop>
    <stop arrival="12:46" departure="12:46">Juvik bedehus (Askøy)</stop>
    <stop arrival="12:47" departure="12:47">Juvikflaten (Askøy)</stop>
    <stop arrival="12:48" departure="12:48">Krokåsskiftet (Askøy)</stop>
    <stop arrival="12:50" departure="12:50">Askøy senter</stop>
    <stop arrival="12:51" departure="12:51">Skansen (Askøy)</stop>
    <stop arrival="12:52" departure="12:52">Torvgården (Askøy)</stop>
    <stop arrival="12:53" departure="12:53">Florvågskiftet F216</stop>
    <stop arrival="12:55" departure="12:55">Kleppestø ungdomsskole</stop>
    <stop arrival="12:56" departure="12:56">Askøy Helsetun</stop>
    <stop arrival="12:58" departure="12:58">Kleppestø senter</stop>
    <stop arrival="13:00" departure="13:00">Kleppestø term.</stop>
    <stop arrival="13:01" departure="13:01">Kleppestø (Rådhuset)</stop>
    <stop arrival="13:02" departure="13:02">Holmedal (Askøy)</stop>
    <stop arrival="13:03" departure="13:03">Storeklubben (Askøy)</stop>
    <stop arrival="13:06" departure="13:06">Brøstaneset</stop>
    <stop arrival="13:10" departure="13:10">Storavatnet term.</stop>
    <stop arrival="13:11" departure="13:11">Frida Fasmer</stop>
    <stop arrival="13:16" departure="13:16">Lyngbø Motorvei R555</stop>
    <stop arrival="13:21" departure="13:21">Møhlenpris v/ Industrihuset</stop>
    <stop arrival="13:22" departure="13:22">Christies gate (Festplassen)</stop>
    <stop arrival="13:25">Bergen Busstasjon</stop>
  </route>
  <route no="495" destination="Bergen Busstasjon" url="http://www.web2051.no/bin/tp/zuginfo.exe/on/478872/162515/150444/84402/1/" trafficDays="kjører Sø, ikke 16. Mai; også 13., 24. Mai">
    <stop departure="12:18" routeNo="495">Ramsøy snuplass</stop>
    <stop arrival="12:20" departure="12:20">Ramsøy bro</stop>
    <stop arrival="12:21" departure="12:21">Hanøy</stop>
    <stop arrival="12:21" departure="12:21">Hanøy bedehus</stop>
    <stop arrival="12:22" departure="12:22">Hanøy skole</stop>
    <stop arrival="12:23" departure="12:23">Hanøy Skaret</stop>
    <stop arrival="12:23" departure="12:23">Hanøy Steinseidet</stop>
    <stop arrival="12:24" departure="12:24">Hanøy Steinsbruddet</stop>
    <stop arrival="12:24" departure="12:24">Hanøy Langøyvei</stop>
    <stop arrival="12:25" departure="12:25">Kollevåg Friluften</stop>
    <stop arrival="12:27" departure="12:27">Kollevågshøyden</stop>
    <stop arrival="12:28" departure="12:28">Kollevåg Svartevatnet</stop>
    <stop arrival="12:30" departure="12:30">Kollevåg</stop>
    <stop arrival="12:31" departure="12:31">Kollevåg Hendriksen</stop>
    <stop arrival="12:33" departure="12:33">Tveit kirke/skole (Askøy)</stop>
    <stop arrival="12:34" departure="12:34">Tveitevågskiftet</stop>
    <stop arrival="12:35" departure="12:35">Tveitetræet</stop>
    <stop arrival="12:37" departure="12:37">Ravnanger (Jehovas V.)</stop>
    <stop arrival="12:38" departure="12:38">Ravnanger term.</stop>
    <stop arrival="12:38" departure="12:38">Ravnanger</stop>
    <stop arrival="12:39" departure="12:39">Haugland bedehus (Askøy)</stop>
    <stop arrival="12:40" departure="12:40">Haugland skole (Askøy)</stop>
    <stop arrival="12:41" departure="12:41">Haugland sør (Askøy)</stop>
    <stop arrival="12:42" departure="12:42">Fjellveien (Askøy)</stop>
    <stop arrival="12:43" departure="12:43">Haugland Verkstedet (Askøy)</stop>
    <stop arrival="12:44" departure="12:44">Kråvik (Askøy)</stop>
    <stop arrival="12:44" departure="12:44">Pålelva (Askøy)</stop>
    <stop arrival="12:45" departure="12:45">Lavikskiftet (Askøy)</stop>
    <stop arrival="12:46" departure="12:46">Juvik bedehus (Askøy)</stop>
    <stop arrival="12:47" departure="12:47">Juvikflaten (Askøy)</stop>
    <stop arrival="12:48" departure="12:48">Krokåsskiftet (Askøy)</stop>
    <stop arrival="12:50" departure="12:50">Askøy senter</stop>
    <stop arrival="12:51" departure="12:51">Skansen (Askøy)</stop>
    <stop arrival="12:52" departure="12:52">Torvgården (Askøy)</stop>
    <stop arrival="12:53" departure="12:53">Florvågskiftet F216</stop>
    <stop arrival="12:55" departure="12:55">Kleppestø ungdomsskole</stop>
    <stop arrival="12:56" departure="12:56">Askøy Helsetun</stop>
    <stop arrival="12:58" departure="12:58">Kleppestø senter</stop>
    <stop arrival="13:00" departure="13:00">Kleppestø term.</stop>
    <stop arrival="13:01" departure="13:01">Kleppestø (Rådhuset)</stop>
    <stop arrival="13:02" departure="13:02">Holmedal (Askøy)</stop>
    <stop arrival="13:03" departure="13:03">Storeklubben (Askøy)</stop>
    <stop arrival="13:06" departure="13:06">Brøstaneset</stop>
    <stop arrival="13:10" departure="13:10">Storavatnet term.</stop>
    <stop arrival="13:11" departure="13:11">Frida Fasmer</stop>
    <stop arrival="13:16" departure="13:16">Lyngbø Motorvei R555</stop>
    <stop arrival="13:20" departure="13:20">Møhlenpris v/ Industrihuset</stop>
    <stop arrival="13:22" departure="13:22">Nygårdsgaten</stop>
    <stop arrival="13:25">Bergen Busstasjon</stop>
  </route>
  <route no="495" destination="Bergen Busstasjon" url="http://www.web2051.no/bin/tp/zuginfo.exe/on/787839/265505/142338/191444/1/" trafficDays="kjører 1., 16., 17. Mai">
    <stop departure="12:18" routeNo="495">Ramsøy snuplass</stop>
    <stop arrival="12:20" departure="12:20">Ramsøy bro</stop>
    <stop arrival="12:21" departure="12:21">Hanøy</stop>
    <stop arrival="12:21" departure="12:21">Hanøy bedehus</stop>
    <stop arrival="12:22" departure="12:22">Hanøy skole</stop>
    <stop arrival="12:23" departure="12:23">Hanøy Skaret</stop>
    <stop arrival="12:23" departure="12:23">Hanøy Steinseidet</stop>
    <stop arrival="12:24" departure="12:24">Hanøy Steinsbruddet</stop>
    <stop arrival="12:24" departure="12:24">Hanøy Langøyvei</stop>
    <stop arrival="12:25" departure="12:25">Kollevåg Friluften</stop>
    <stop arrival="12:27" departure="12:27">Kollevågshøyden</stop>
    <stop arrival="12:28" departure="12:28">Kollevåg Svartevatnet</stop>
    <stop arrival="12:30" departure="12:30">Kollevåg</stop>
    <stop arrival="12:31" departure="12:31">Kollevåg Hendriksen</stop>
    <stop arrival="12:33" departure="12:33">Tveit kirke/skole (Askøy)</stop>
    <stop arrival="12:34" departure="12:34">Tveitevågskiftet</stop>
    <stop arrival="12:35" departure="12:35">Tveitetræet</stop>
    <stop arrival="12:37" departure="12:37">Ravnanger (Jehovas V.)</stop>
    <stop arrival="12:38" departure="12:38">Ravnanger term.</stop>
    <stop arrival="12:38" departure="12:38">Ravnanger</stop>
    <stop arrival="12:39" departure="12:39">Haugland bedehus (Askøy)</stop>
    <stop arrival="12:40" departure="12:40">Haugland skole (Askøy)</stop>
    <stop arrival="12:41" departure="12:41">Haugland sør (Askøy)</stop>
    <stop arrival="12:42" departure="12:42">Fjellveien (Askøy)</stop>
    <stop arrival="12:43" departure="12:43">Haugland Verkstedet (Askøy)</stop>
    <stop arrival="12:44" departure="12:44">Kråvik (Askøy)</stop>
    <stop arrival="12:44" departure="12:44">Pålelva (Askøy)</stop>
    <stop arrival="12:45" departure="12:45">Lavikskiftet (Askøy)</stop>
    <stop arrival="12:46" departure="12:46">Juvik bedehus (Askøy)</stop>
    <stop arrival="12:47" departure="12:47">Juvikflaten (Askøy)</stop>
    <stop arrival="12:48" departure="12:48">Krokåsskiftet (Askøy)</stop>
    <stop arrival="12:50" departure="12:50">Askøy senter</stop>
    <stop arrival="12:51" departure="12:51">Skansen (Askøy)</stop>
    <stop arrival="12:52" departure="12:52">Torvgården (Askøy)</stop>
    <stop arrival="12:53" departure="12:53">Florvågskiftet F216</stop>
    <stop arrival="12:55" departure="12:55">Kleppestø ungdomsskole</stop>
    <stop arrival="12:56" departure="12:56">Askøy Helsetun</stop>
    <stop arrival="12:58" departure="12:58">Kleppestø senter</stop>
    <stop arrival="13:00" departure="13:00">Kleppestø term.</stop>
    <stop arrival="13:01" departure="13:01">Kleppestø (Rådhuset)</stop>
    <stop arrival="13:02" departure="13:02">Holmedal (Askøy)</stop>
    <stop arrival="13:03" departure="13:03">Storeklubben (Askøy)</stop>
    <stop arrival="13:06" departure="13:06">Brøstaneset</stop>
    <stop arrival="13:10" departure="13:10">Storavatnet term.</stop>
    <stop arrival="13:11" departure="13:11">Frida Fasmer</stop>
    <stop arrival="13:16" departure="13:16">Lyngbø Motorvei R555</stop>
    <stop arrival="13:21" departure="13:21">Møhlenpris v/ Industrihuset</stop>
    <stop arrival="13:22" departure="13:22">Christies gate (Festplassen)</stop>
    <stop arrival="13:25">Bergen Busstasjon</stop>
  </route>
</routes>
