<?xml version="1.0" encoding="UTF-8"?>
<routes>
  <route no="525" destination="Bergen Busstasjon" url="http://www.web2051.no/bin/tp/zuginfo.exe/on/124653/46873/714674/315786/1/" trafficDays="kjører Sø, også 1., 13., 17., 24. Mai">
    <stop departure="11:28" routeNo="525">Milde</stop>
    <stop arrival="11:29" departure="11:29">Fana folkehøgskole (Aboretet)</stop>
    <stop arrival="11:30" departure="11:30">Geilen</stop>
    <stop arrival="11:30" departure="11:30">Grendatunvegen</stop>
    <stop arrival="11:31" departure="11:31">Planteskogen (Milde)</stop>
    <stop arrival="11:33" departure="11:33">Hjellestadskiftet</stop>
    <stop arrival="11:34" departure="11:34">Seilforeningen</stop>
    <stop arrival="11:35" departure="11:35">Hjellestad post</stop>
    <stop arrival="11:35" departure="11:35">Hjellestad</stop>
    <stop arrival="11:35" departure="11:35">Hjellestad post</stop>
    <stop arrival="11:37" departure="11:37">Seilforeningen</stop>
    <stop arrival="11:38" departure="11:38">Hjellestadskiftet</stop>
    <stop arrival="11:39" departure="11:39">K.Kaland</stop>
    <stop arrival="11:40" departure="11:40">Ådlandsbro</stop>
    <stop arrival="11:40" departure="11:40">Heggernesskiftet</stop>
    <stop arrival="11:41" departure="11:41">Kartveitskiftet</stop>
    <stop arrival="11:42" departure="11:42">Ådlandsskiftet</stop>
    <stop arrival="11:42" departure="11:42">Ådlandsflaten</stop>
    <stop arrival="11:43" departure="11:43">Blomsterdalen</stop>
    <stop arrival="11:45" departure="11:45">Birkelandskrysset Terminal</stop>
    <stop arrival="11:45" departure="11:45">Scandic</stop>
    <stop arrival="11:45" departure="11:45">Nera</stop>
    <stop arrival="11:46" departure="11:46">BKK , Kokstad</stop>
    <stop arrival="11:46" departure="11:46">Kokstad Bilhandel</stop>
    <stop arrival="11:54" departure="11:54">Dolvik terminal</stop>
    <stop arrival="11:55" departure="11:55">Søreide skole</stop>
    <stop arrival="11:56" departure="11:56">Søreide v/Hydrostasjonen</stop>
    <stop arrival="11:58" departure="11:58">Straume bro</stop>
    <stop arrival="11:58" departure="11:58">Bergen Motorbåtforening</stop>
    <stop arrival="12:00" departure="12:00">Straume (Straumeveien, Fana)</stop>
    <stop arrival="12:01" departure="12:01">Bøjarnesvegen (Toftegård)</stop>
    <stop arrival="12:01" departure="12:01">Bønesskiftet</stop>
    <stop arrival="12:03" departure="12:03">Kråkenes 2 (Kleiva)</stop>
    <stop arrival="12:03" departure="12:03">Kråkenes 1</stop>
    <stop arrival="12:04" departure="12:04">Langebekken</stop>
    <stop arrival="12:04" departure="12:04">Langegården</stop>
    <stop arrival="12:05" departure="12:05">Krambua</stop>
    <stop arrival="12:05" departure="12:05">Fjøsanger</stop>
    <stop arrival="12:12" departure="12:12">Kanalveien v/NRK</stop>
    <stop arrival="12:13" departure="12:13">Mindemyren</stop>
    <stop arrival="12:13" departure="12:13">Postterminalen</stop>
    <stop arrival="12:14" departure="12:14">Kanalveien v/LBK</stop>
    <stop arrival="12:15" departure="12:15">Danmarksplass v/Forum kino</stop>
    <stop arrival="12:20" departure="12:20">Bergen Busstasjon</stop>
    <stop arrival="12:23" departure="12:23">Christies gate (Festplassen)</stop>
    <stop arrival="12:28">Bergen Busstasjon</stop>
  </route>
  <route no="525" destination="Bergen Busstasjon" url="http://www.web2051.no/bin/tp/zuginfo.exe/on/246708/87601/511136/173334/1/" trafficDays="kjører Ma - Fr, ikke 13., 17., 24. Mai">
    <stop departure="11:25" routeNo="525">Milde</stop>
    <stop arrival="11:26" departure="11:26">Fana folkehøgskole (Aboretet)</stop>
    <stop arrival="11:27" departure="11:27">Geilen</stop>
    <stop arrival="11:27" departure="11:27">Grendatunvegen</stop>
    <stop arrival="11:28" departure="11:28">Planteskogen (Milde)</stop>
    <stop arrival="11:30" departure="11:30">Hjellestadskiftet</stop>
    <stop arrival="11:31" departure="11:31">Seilforeningen</stop>
    <stop arrival="11:32" departure="11:32">Hjellestad post</stop>
    <stop arrival="11:32" departure="11:32">Hjellestad</stop>
    <stop arrival="11:32" departure="11:32">Hjellestad post</stop>
    <stop arrival="11:34" departure="11:34">Seilforeningen</stop>
    <stop arrival="11:35" departure="11:35">Hjellestadskiftet</stop>
    <stop arrival="11:36" departure="11:36">K.Kaland</stop>
    <stop arrival="11:37" departure="11:37">Ådlandsbro</stop>
    <stop arrival="11:38" departure="11:38">Heggernesskiftet</stop>
    <stop arrival="11:39" departure="11:39">Kartveitskiftet</stop>
    <stop arrival="11:40" departure="11:40">Ådlandsskiftet</stop>
    <stop arrival="11:41" departure="11:41">Ådlandsflaten</stop>
    <stop arrival="11:41" departure="11:41">Blomsterdalen</stop>
    <stop arrival="11:45" departure="11:45">Birkelandskrysset Terminal</stop>
    <stop arrival="11:45" departure="11:45">Scandic</stop>
    <stop arrival="11:45" departure="11:45">Nera</stop>
    <stop arrival="11:46" departure="11:46">BKK , Kokstad</stop>
    <stop arrival="11:46" departure="11:46">Kokstad Bilhandel</stop>
    <stop arrival="11:54" departure="11:54">Dolvik terminal</stop>
    <stop arrival="11:54" departure="11:54">Dolvikbakken</stop>
    <stop arrival="11:55" departure="11:55">Søreide skole</stop>
    <stop arrival="11:56" departure="11:56">Søreide v/Hydrostasjonen</stop>
    <stop arrival="11:58" departure="11:58">Straume bro</stop>
    <stop arrival="11:58" departure="11:58">Bergen Motorbåtforening</stop>
    <stop arrival="12:00" departure="12:00">Straume (Straumeveien, Fana)</stop>
    <stop arrival="12:01" departure="12:01">Bøjarnesvegen (Toftegård)</stop>
    <stop arrival="12:01" departure="12:01">Bønesskiftet</stop>
    <stop arrival="12:03" departure="12:03">Kråkenes 2 (Kleiva)</stop>
    <stop arrival="12:03" departure="12:03">Kråkenes 1</stop>
    <stop arrival="12:04" departure="12:04">Langebekken</stop>
    <stop arrival="12:04" departure="12:04">Langegården</stop>
    <stop arrival="12:05" departure="12:05">Krambua</stop>
    <stop arrival="12:05" departure="12:05">Fjøsanger</stop>
    <stop arrival="12:09" departure="12:09">Kanalveien v/NRK</stop>
    <stop arrival="12:09" departure="12:09">Mindemyren</stop>
    <stop arrival="12:10" departure="12:10">Postterminalen</stop>
    <stop arrival="12:10" departure="12:10">Kanalveien v/LBK</stop>
    <stop arrival="12:11" departure="12:11">Danmarksplass v/Forum kino</stop>
    <stop arrival="12:16" departure="12:16">Bergen Busstasjon</stop>
    <stop arrival="12:18" departure="12:18">Christies gate (Festplassen)</stop>
    <stop arrival="12:23">Bergen Busstasjon</stop>
  </route>
  <route no="525" destination="Bergen Busstasjon" url="http://www.web2051.no/bin/tp/zuginfo.exe/on/375933/130633/381772/65575/1/" trafficDays="kjører Sø, også 1., 13., 17., 24. Mai">
    <stop departure="11:28" routeNo="525">Milde</stop>
    <stop arrival="11:29" departure="11:29">Fana folkehøgskole (Aboretet)</stop>
    <stop arrival="11:30" departure="11:30">Geilen</stop>
    <stop arrival="11:30" departure="11:30">Grendatunvegen</stop>
    <stop arrival="11:31" departure="11:31">Planteskogen (Milde)</stop>
    <stop arrival="11:33" departure="11:33">Hjellestadskiftet</stop>
    <stop arrival="11:34" departure="11:34">Seilforeningen</stop>
    <stop arrival="11:35" departure="11:35">Hjellestad post</stop>
    <stop arrival="11:35" departure="11:35">Hjellestad</stop>
    <stop arrival="11:35" departure="11:35">Hjellestad post</stop>
    <stop arrival="11:37" departure="11:37">Seilforeningen</stop>
    <stop arrival="11:38" departure="11:38">Hjellestadskiftet</stop>
    <stop arrival="11:39" departure="11:39">K.Kaland</stop>
    <stop arrival="11:40" departure="11:40">Ådlandsbro</stop>
    <stop arrival="11:40" departure="11:40">Heggernesskiftet</stop>
    <stop arrival="11:41" departure="11:41">Kartveitskiftet</stop>
    <stop arrival="11:42" departure="11:42">Ådlandsskiftet</stop>
    <stop arrival="11:42" departure="11:42">Ådlandsflaten</stop>
    <stop arrival="11:43" departure="11:43">Blomsterdalen</stop>
    <stop arrival="11:45" departure="11:45">Birkelandskrysset Terminal</stop>
    <stop arrival="11:45" departure="11:45">Scandic</stop>
    <stop arrival="11:45" departure="11:45">Nera</stop>
    <stop arrival="11:46" departure="11:46">BKK , Kokstad</stop>
    <stop arrival="11:46" departure="11:46">Kokstad Bilhandel</stop>
    <stop arrival="11:54" departure="11:54">Dolvik terminal</stop>
    <stop arrival="11:55" departure="11:55">Søreide skole</stop>
    <stop arrival="11:56" departure="11:56">Søreide v/Hydrostasjonen</stop>
    <stop arrival="11:58" departure="11:58">Straume bro</stop>
    <stop arrival="11:58" departure="11:58">Bergen Motorbåtforening</stop>
    <stop arrival="12:00" departure="12:00">Straume (Straumeveien, Fana)</stop>
    <stop arrival="12:01" departure="12:01">Bøjarnesvegen (Toftegård)</stop>
    <stop arrival="12:01" departure="12:01">Bønesskiftet</stop>
    <stop arrival="12:03" departure="12:03">Kråkenes 2 (Kleiva)</stop>
    <stop arrival="12:03" departure="12:03">Kråkenes 1</stop>
    <stop arrival="12:04" departure="12:04">Langebekken</stop>
    <stop arrival="12:04" departure="12:04">Langegården</stop>
    <stop arrival="12:05" departure="12:05">Krambua</stop>
    <stop arrival="12:05" departure="12:05">Fjøsanger</stop>
    <stop arrival="12:12" departure="12:12">Kanalveien v/NRK</stop>
    <stop arrival="12:13" departure="12:13">Mindemyren</stop>
    <stop arrival="12:13" departure="12:13">Postterminalen</stop>
    <stop arrival="12:14" departure="12:14">Kanalveien v/LBK</stop>
    <stop arrival="12:15" departure="12:15">Danmarksplass v/Forum kino</stop>
    <stop arrival="12:20" departure="12:20">Bergen Busstasjon</stop>
    <stop arrival="12:23" departure="12:23">Christies gate (Festplassen)</stop>
    <stop arrival="12:28">Bergen Busstasjon</stop>
  </route>
  <route no="525" destination="Bergen Busstasjon" url="http://www.web2051.no/bin/tp/zuginfo.exe/on/251484/89193/929726/381037/1/" trafficDays="kjører Ma - Fr, ikke 13., 17., 24. Mai">
    <stop departure="11:25" routeNo="525">Milde</stop>
    <stop arrival="11:26" departure="11:26">Fana folkehøgskole (Aboretet)</stop>
    <stop arrival="11:27" departure="11:27">Geilen</stop>
    <stop arrival="11:27" departure="11:27">Grendatunvegen</stop>
    <stop arrival="11:28" departure="11:28">Planteskogen (Milde)</stop>
    <stop arrival="11:30" departure="11:30">Hjellestadskiftet</stop>
    <stop arrival="11:31" departure="11:31">Seilforeningen</stop>
    <stop arrival="11:32" departure="11:32">Hjellestad post</stop>
    <stop arrival="11:32" departure="11:32">Hjellestad</stop>
    <stop arrival="11:32" departure="11:32">Hjellestad post</stop>
    <stop arrival="11:34" departure="11:34">Seilforeningen</stop>
    <stop arrival="11:35" departure="11:35">Hjellestadskiftet</stop>
    <stop arrival="11:36" departure="11:36">K.Kaland</stop>
    <stop arrival="11:37" departure="11:37">Ådlandsbro</stop>
    <stop arrival="11:38" departure="11:38">Heggernesskiftet</stop>
    <stop arrival="11:39" departure="11:39">Kartveitskiftet</stop>
    <stop arrival="11:40" departure="11:40">Ådlandsskiftet</stop>
    <stop arrival="11:41" departure="11:41">Ådlandsflaten</stop>
    <stop arrival="11:41" departure="11:41">Blomsterdalen</stop>
    <stop arrival="11:45" departure="11:45">Birkelandskrysset Terminal</stop>
    <stop arrival="11:45" departure="11:45">Scandic</stop>
    <stop arrival="11:45" departure="11:45">Nera</stop>
    <stop arrival="11:46" departure="11:46">BKK , Kokstad</stop>
    <stop arrival="11:46" departure="11:46">Kokstad Bilhandel</stop>
    <stop arrival="11:54" departure="11:54">Dolvik terminal</stop>
    <stop arrival="11:54" departure="11:54">Dolvikbakken</stop>
    <stop arrival="11:55" departure="11:55">Søreide skole</stop>
    <stop arrival="11:56" departure="11:56">Søreide v/Hydrostasjonen</stop>
    <stop arrival="11:58" departure="11:58">Straume bro</stop>
    <stop arrival="11:58" departure="11:58">Bergen Motorbåtforening</stop>
    <stop arrival="12:00" departure="12:00">Straume (Straumeveien, Fana)</stop>
    <stop arrival="12:01" departure="12:01">Bøjarnesvegen (Toftegård)</stop>
    <stop arrival="12:01" departure="12:01">Bønesskiftet</stop>
    <stop arrival="12:03" departure="12:03">Kråkenes 2 (Kleiva)</stop>
    <stop arrival="12:03" departure="12:03">Kråkenes 1</stop>
    <stop arrival="12:04" departure="12:04">Langebekken</stop>
    <stop arrival="12:04" departure="12:04">Langegården</stop>
    <stop arrival="12:05" departure="12:05">Krambua</stop>
    <stop arrival="12:05" departure="12:05">Fjøsanger</stop>
    <stop arrival="12:09" departure="12:09">Kanalveien v/NRK</stop>
    <stop arrival="12:09" departure="12:09">Mindemyren</stop>
    <stop arrival="12:10" departure="12:10">Postterminalen</stop>
    <stop arrival="12:10" departure="12:10">Kanalveien v/LBK</stop>
    <stop arrival="12:11" departure="12:11">Danmarksplass v/Forum kino</stop>
    <stop arrival="12:16" departure="12:16">Bergen Busstasjon</stop>
    <stop arrival="12:18" departure="12:18">Christies gate (Festplassen)</stop>
    <stop arrival="12:23">Bergen Busstasjon</stop>
  </route>
  <route no="60" destination="Bergvegen" url="http://www.web2051.no/bin/tp/zuginfo.exe/on/461145/158370/148266/79591/1/" trafficDays="kjører Ma - Fr, ikke 13., 17., 24. Mai">
    <stop departure="11:45" routeNo="60">Nordahl Bruns gate</stop>
    <stop arrival="11:50" departure="11:50">Bergen Busstasjon</stop>
    <stop arrival="11:55" departure="11:55">Danmarksplass</stop>
    <stop arrival="11:56" departure="11:56">Solheimsgaten</stop>
    <stop arrival="11:58" departure="11:58">Reperbanen</stop>
    <stop arrival="12:00" departure="12:00">Fjøsangerveien/ Minde Allè</stop>
    <stop arrival="12:02" departure="12:02">Kristianborg</stop>
    <stop arrival="12:04" departure="12:04">Grønnestølsbakken</stop>
    <stop arrival="12:05" departure="12:05">Fjøsanger</stop>
    <stop arrival="12:06" departure="12:06">Langegården</stop>
    <stop arrival="12:08">Bergvegen</stop>
  </route>
  <route no="60" destination="Bergen Busstasjon" url="http://www.web2051.no/bin/tp/zuginfo.exe/on/620880/211580/75882/169020/1/" trafficDays="kjører Sø, også 1., 13., 17., 24. Mai">
    <stop departure="12:00" routeNo="60">Bønes senter</stop>
    <stop arrival="12:01" departure="12:01">Våkleiva</stop>
    <stop arrival="12:01" departure="12:01">Bønes hagesenter</stop>
    <stop arrival="12:03" departure="12:03">Bønes skole</stop>
    <stop arrival="12:04" departure="12:04">Kråkenestoppen</stop>
    <stop arrival="12:05" departure="12:05">Bergvegen</stop>
    <stop arrival="12:06" departure="12:06">Langebekken</stop>
    <stop arrival="12:07" departure="12:07">Langegården</stop>
    <stop arrival="12:07" departure="12:07">Krambua</stop>
    <stop arrival="12:08" departure="12:08">Fjøsanger</stop>
    <stop arrival="12:15" departure="12:15">Kanalveien v/NRK</stop>
    <stop arrival="12:16" departure="12:16">Mindemyren</stop>
    <stop arrival="12:17" departure="12:17">Postterminalen</stop>
    <stop arrival="12:18" departure="12:18">Kanalveien v/LBK</stop>
    <stop arrival="12:21" departure="12:21">Danmarksplass v/Forum kino</stop>
    <stop arrival="12:25" departure="12:25">Bergen Busstasjon</stop>
    <stop arrival="12:25" departure="12:25">Christies gate (Festplassen)</stop>
    <stop arrival="12:30">Bergen Busstasjon</stop>
  </route>
  <route no="60" destination="Bergen Busstasjon" url="http://www.web2051.no/bin/tp/zuginfo.exe/on/179241/64403/982390/431457/1/" trafficDays="kjører Ma - Fr, ikke 13., 17., 24. Mai">
    <stop departure="12:00" routeNo="60">Bønes senter</stop>
    <stop arrival="12:01" departure="12:01">Våkleiva</stop>
    <stop arrival="12:01" departure="12:01">Bønes hagesenter</stop>
    <stop arrival="12:03" departure="12:03">Bønes skole</stop>
    <stop arrival="12:04" departure="12:04">Kråkenestoppen</stop>
    <stop arrival="12:05" departure="12:05">Bergvegen</stop>
    <stop arrival="12:06" departure="12:06">Langebekken</stop>
    <stop arrival="12:07" departure="12:07">Langegården</stop>
    <stop arrival="12:07" departure="12:07">Krambua</stop>
    <stop arrival="12:08" departure="12:08">Fjøsanger</stop>
    <stop arrival="12:12" departure="12:12">Kanalveien v/NRK</stop>
    <stop arrival="12:13" departure="12:13">Mindemyren</stop>
    <stop arrival="12:14" departure="12:14">Postterminalen</stop>
    <stop arrival="12:14" departure="12:14">Kanalveien v/LBK</stop>
    <stop arrival="12:16" departure="12:16">Danmarksplass v/Forum kino</stop>
    <stop arrival="12:19" departure="12:19">Bergen Busstasjon</stop>
    <stop arrival="12:20" departure="12:20">Christies gate (Festplassen)</stop>
    <stop arrival="12:25">Bergen Busstasjon</stop>
  </route>
  <route no="60" destination="Bergen Busstasjon" url="http://www.web2051.no/bin/tp/zuginfo.exe/on/294498/102786/550528/177099/1/" trafficDays="kjører Sø, også 1., 13., 17., 24. Mai">
    <stop departure="12:00" routeNo="60">Bønes senter</stop>
    <stop arrival="12:01" departure="12:01">Våkleiva</stop>
    <stop arrival="12:01" departure="12:01">Bønes hagesenter</stop>
    <stop arrival="12:03" departure="12:03">Bønes skole</stop>
    <stop arrival="12:04" departure="12:04">Kråkenestoppen</stop>
    <stop arrival="12:05" departure="12:05">Bergvegen</stop>
    <stop arrival="12:06" departure="12:06">Langebekken</stop>
    <stop arrival="12:07" departure="12:07">Langegården</stop>
    <stop arrival="12:07" departure="12:07">Krambua</stop>
    <stop arrival="12:08" departure="12:08">Fjøsanger</stop>
    <stop arrival="12:15" departure="12:15">Kanalveien v/NRK</stop>
    <stop arrival="12:16" departure="12:16">Mindemyren</stop>
    <stop arrival="12:17" departure="12:17">Postterminalen</stop>
    <stop arrival="12:18" departure="12:18">Kanalveien v/LBK</stop>
    <stop arrival="12:21" departure="12:21">Danmarksplass v/Forum kino</stop>
    <stop arrival="12:25" departure="12:25">Bergen Busstasjon</stop>
    <stop arrival="12:25" departure="12:25">Christies gate (Festplassen)</stop>
    <stop arrival="12:30">Bergen Busstasjon</stop>
  </route>
  <route no="60" destination="Bergen Busstasjon" url="http://www.web2051.no/bin/tp/zuginfo.exe/on/965238/326402/65838/288836/1/" trafficDays="kjører Ma - Fr, ikke 13., 17., 24. Mai">
    <stop departure="12:00" routeNo="60">Bønes senter</stop>
    <stop arrival="12:01" departure="12:01">Våkleiva</stop>
    <stop arrival="12:01" departure="12:01">Bønes hagesenter</stop>
    <stop arrival="12:03" departure="12:03">Bønes skole</stop>
    <stop arrival="12:04" departure="12:04">Kråkenestoppen</stop>
    <stop arrival="12:05" departure="12:05">Bergvegen</stop>
    <stop arrival="12:06" departure="12:06">Langebekken</stop>
    <stop arrival="12:07" departure="12:07">Langegården</stop>
    <stop arrival="12:07" departure="12:07">Krambua</stop>
    <stop arrival="12:08" departure="12:08">Fjøsanger</stop>
    <stop arrival="12:12" departure="12:12">Kanalveien v/NRK</stop>
    <stop arrival="12:13" departure="12:13">Mindemyren</stop>
    <stop arrival="12:14" departure="12:14">Postterminalen</stop>
    <stop arrival="12:14" departure="12:14">Kanalveien v/LBK</stop>
    <stop arrival="12:16" departure="12:16">Danmarksplass v/Forum kino</stop>
    <stop arrival="12:19" departure="12:19">Bergen Busstasjon</stop>
    <stop arrival="12:20" departure="12:20">Christies gate (Festplassen)</stop>
    <stop arrival="12:25">Bergen Busstasjon</stop>
  </route>
  <route no="525" destination="Bergen Busstasjon" url="http://www.web2051.no/bin/tp/zuginfo.exe/on/342117/119373/256234/14079/1/" trafficDays="kjører Lø, ikke 1. Mai">
    <stop departure="11:32" routeNo="525">Milde</stop>
    <stop arrival="11:33" departure="11:33">Fana folkehøgskole (Aboretet)</stop>
    <stop arrival="11:34" departure="11:34">Geilen</stop>
    <stop arrival="11:34" departure="11:34">Grendatunvegen</stop>
    <stop arrival="11:35" departure="11:35">Planteskogen (Milde)</stop>
    <stop arrival="11:37" departure="11:37">Hjellestadskiftet</stop>
    <stop arrival="11:38" departure="11:38">Seilforeningen</stop>
    <stop arrival="11:39" departure="11:39">Hjellestad post</stop>
    <stop arrival="11:39" departure="11:39">Hjellestad</stop>
    <stop arrival="11:39" departure="11:39">Hjellestad post</stop>
    <stop arrival="11:41" departure="11:41">Seilforeningen</stop>
    <stop arrival="11:42" departure="11:42">Hjellestadskiftet</stop>
    <stop arrival="11:43" departure="11:43">K.Kaland</stop>
    <stop arrival="11:44" departure="11:44">Ådlandsbro</stop>
    <stop arrival="11:44" departure="11:44">Heggernesskiftet</stop>
    <stop arrival="11:46" departure="11:46">Kartveitskiftet</stop>
    <stop arrival="11:46" departure="11:46">Ådlandsskiftet</stop>
    <stop arrival="11:47" departure="11:47">Ådlandsflaten</stop>
    <stop arrival="11:48" departure="11:48">Blomsterdalen</stop>
    <stop arrival="11:50" departure="11:50">Birkelandskrysset Terminal</stop>
    <stop arrival="11:50" departure="11:50">Scandic</stop>
    <stop arrival="11:50" departure="11:50">Nera</stop>
    <stop arrival="11:51" departure="11:51">BKK , Kokstad</stop>
    <stop arrival="11:51" departure="11:51">Kokstad Bilhandel</stop>
    <stop arrival="11:59" departure="11:59">Dolvik terminal</stop>
    <stop arrival="12:00" departure="12:00">Søreide skole</stop>
    <stop arrival="12:01" departure="12:01">Søreide v/Hydrostasjonen</stop>
    <stop arrival="12:03" departure="12:03">Straume bro</stop>
    <stop arrival="12:03" departure="12:03">Bergen Motorbåtforening</stop>
    <stop arrival="12:05" departure="12:05">Straume (Straumeveien, Fana)</stop>
    <stop arrival="12:06" departure="12:06">Bøjarnesvegen (Toftegård)</stop>
    <stop arrival="12:06" departure="12:06">Bønesskiftet</stop>
    <stop arrival="12:08" departure="12:08">Kråkenes 2 (Kleiva)</stop>
    <stop arrival="12:08" departure="12:08">Kråkenes 1</stop>
    <stop arrival="12:09" departure="12:09">Langebekken</stop>
    <stop arrival="12:09" departure="12:09">Langegården</stop>
    <stop arrival="12:10" departure="12:10">Krambua</stop>
    <stop arrival="12:10" departure="12:10">Fjøsanger</stop>
    <stop arrival="12:17" departure="12:17">Kanalveien v/NRK</stop>
    <stop arrival="12:18" departure="12:18">Mindemyren</stop>
    <stop arrival="12:18" departure="12:18">Postterminalen</stop>
    <stop arrival="12:19" departure="12:19">Kanalveien v/LBK</stop>
    <stop arrival="12:20" departure="12:20">Danmarksplass v/Forum kino</stop>
    <stop arrival="12:25" departure="12:25">Bergen Busstasjon</stop>
    <stop arrival="12:28" departure="12:28">Christies gate (Festplassen)</stop>
    <stop arrival="12:33">Bergen Busstasjon</stop>
  </route>
  <route no="525" destination="Bergen Busstasjon" url="http://www.web2051.no/bin/tp/zuginfo.exe/on/414573/143525/725794/224707/1/" trafficDays="kjører Lø, ikke 1. Mai">
    <stop departure="11:32" routeNo="525">Milde</stop>
    <stop arrival="11:33" departure="11:33">Fana folkehøgskole (Aboretet)</stop>
    <stop arrival="11:34" departure="11:34">Geilen</stop>
    <stop arrival="11:34" departure="11:34">Grendatunvegen</stop>
    <stop arrival="11:35" departure="11:35">Planteskogen (Milde)</stop>
    <stop arrival="11:37" departure="11:37">Hjellestadskiftet</stop>
    <stop arrival="11:38" departure="11:38">Seilforeningen</stop>
    <stop arrival="11:39" departure="11:39">Hjellestad post</stop>
    <stop arrival="11:39" departure="11:39">Hjellestad</stop>
    <stop arrival="11:39" departure="11:39">Hjellestad post</stop>
    <stop arrival="11:41" departure="11:41">Seilforeningen</stop>
    <stop arrival="11:42" departure="11:42">Hjellestadskiftet</stop>
    <stop arrival="11:43" departure="11:43">K.Kaland</stop>
    <stop arrival="11:44" departure="11:44">Ådlandsbro</stop>
    <stop arrival="11:44" departure="11:44">Heggernesskiftet</stop>
    <stop arrival="11:46" departure="11:46">Kartveitskiftet</stop>
    <stop arrival="11:46" departure="11:46">Ådlandsskiftet</stop>
    <stop arrival="11:47" departure="11:47">Ådlandsflaten</stop>
    <stop arrival="11:48" departure="11:48">Blomsterdalen</stop>
    <stop arrival="11:50" departure="11:50">Birkelandskrysset Terminal</stop>
    <stop arrival="11:50" departure="11:50">Scandic</stop>
    <stop arrival="11:50" departure="11:50">Nera</stop>
    <stop arrival="11:51" departure="11:51">BKK , Kokstad</stop>
    <stop arrival="11:51" departure="11:51">Kokstad Bilhandel</stop>
    <stop arrival="11:59" departure="11:59">Dolvik terminal</stop>
    <stop arrival="12:00" departure="12:00">Søreide skole</stop>
    <stop arrival="12:01" departure="12:01">Søreide v/Hydrostasjonen</stop>
    <stop arrival="12:03" departure="12:03">Straume bro</stop>
    <stop arrival="12:03" departure="12:03">Bergen Motorbåtforening</stop>
    <stop arrival="12:05" departure="12:05">Straume (Straumeveien, Fana)</stop>
    <stop arrival="12:06" departure="12:06">Bøjarnesvegen (Toftegård)</stop>
    <stop arrival="12:06" departure="12:06">Bønesskiftet</stop>
    <stop arrival="12:08" departure="12:08">Kråkenes 2 (Kleiva)</stop>
    <stop arrival="12:08" departure="12:08">Kråkenes 1</stop>
    <stop arrival="12:09" departure="12:09">Langebekken</stop>
    <stop arrival="12:09" departure="12:09">Langegården</stop>
    <stop arrival="12:10" departure="12:10">Krambua</stop>
    <stop arrival="12:10" departure="12:10">Fjøsanger</stop>
    <stop arrival="12:17" departure="12:17">Kanalveien v/NRK</stop>
    <stop arrival="12:18" departure="12:18">Mindemyren</stop>
    <stop arrival="12:18" departure="12:18">Postterminalen</stop>
    <stop arrival="12:19" departure="12:19">Kanalveien v/LBK</stop>
    <stop arrival="12:20" departure="12:20">Danmarksplass v/Forum kino</stop>
    <stop arrival="12:25" departure="12:25">Bergen Busstasjon</stop>
    <stop arrival="12:28" departure="12:28">Christies gate (Festplassen)</stop>
    <stop arrival="12:33">Bergen Busstasjon</stop>
  </route>
  <route no="60" destination="Bergvegen" url="http://www.web2051.no/bin/tp/zuginfo.exe/on/249081/87648/410792/122370/1/" trafficDays="kjører Sø, også 1., 13., 17., 24. Mai">
    <stop departure="12:07" routeNo="60">Nordahl Bruns gate</stop>
    <stop arrival="12:12" departure="12:12">Bergen Busstasjon</stop>
    <stop arrival="12:17" departure="12:17">Danmarksplass</stop>
    <stop arrival="12:18" departure="12:18">Solheimsgaten</stop>
    <stop arrival="12:20" departure="12:20">Reperbanen</stop>
    <stop arrival="12:21" departure="12:21">Fjøsangerveien/ Minde Allè</stop>
    <stop arrival="12:22" departure="12:22">Kristianborg</stop>
    <stop arrival="12:23" departure="12:23">Grønnestølsbakken</stop>
    <stop arrival="12:24" departure="12:24">Fjøsanger</stop>
    <stop arrival="12:24" departure="12:24">Langegården</stop>
    <stop arrival="12:25">Bergvegen</stop>
  </route>
  <route no="60" destination="Bergvegen" url="http://www.web2051.no/bin/tp/zuginfo.exe/on/124593/46186/533106/225032/1/" trafficDays="kjører Ma - Fr, ikke 13., 17., 24. Mai">
    <stop departure="12:05" routeNo="60">Nordahl Bruns gate</stop>
    <stop arrival="12:10" departure="12:10">Bergen Busstasjon</stop>
    <stop arrival="12:15" departure="12:15">Danmarksplass</stop>
    <stop arrival="12:16" departure="12:16">Solheimsgaten</stop>
    <stop arrival="12:18" departure="12:18">Reperbanen</stop>
    <stop arrival="12:20" departure="12:20">Fjøsangerveien/ Minde Allè</stop>
    <stop arrival="12:22" departure="12:22">Kristianborg</stop>
    <stop arrival="12:24" departure="12:24">Grønnestølsbakken</stop>
    <stop arrival="12:25" departure="12:25">Fjøsanger</stop>
    <stop arrival="12:26" departure="12:26">Langegården</stop>
    <stop arrival="12:28">Bergvegen</stop>
  </route>
  <route no="60" destination="Bergen Busstasjon" url="http://www.web2051.no/bin/tp/zuginfo.exe/on/769776/261248/927656/207246/1/" trafficDays="kjører Ma - Fr, ikke 13., 17., 24. Mai">
    <stop departure="12:20" routeNo="60">Bønes senter</stop>
    <stop arrival="12:21" departure="12:21">Våkleiva</stop>
    <stop arrival="12:21" departure="12:21">Bønes hagesenter</stop>
    <stop arrival="12:23" departure="12:23">Bønes skole</stop>
    <stop arrival="12:24" departure="12:24">Kråkenestoppen</stop>
    <stop arrival="12:25" departure="12:25">Bergvegen</stop>
    <stop arrival="12:26" departure="12:26">Langebekken</stop>
    <stop arrival="12:27" departure="12:27">Langegården</stop>
    <stop arrival="12:27" departure="12:27">Krambua</stop>
    <stop arrival="12:28" departure="12:28">Fjøsanger</stop>
    <stop arrival="12:32" departure="12:32">Kanalveien v/NRK</stop>
    <stop arrival="12:33" departure="12:33">Mindemyren</stop>
    <stop arrival="12:34" departure="12:34">Postterminalen</stop>
    <stop arrival="12:34" departure="12:34">Kanalveien v/LBK</stop>
    <stop arrival="12:36" departure="12:36">Danmarksplass v/Forum kino</stop>
    <stop arrival="12:39" departure="12:39">Bergen Busstasjon</stop>
    <stop arrival="12:40" departure="12:40">Christies gate (Festplassen)</stop>
    <stop arrival="12:45">Bergen Busstasjon</stop>
  </route>
  <route no="60" destination="Bergen Busstasjon" url="http://www.web2051.no/bin/tp/zuginfo.exe/on/356325/123431/777332/269901/1/" trafficDays="kjører Ma - Fr, ikke 13., 17., 24. Mai">
    <stop departure="12:20" routeNo="60">Bønes senter</stop>
    <stop arrival="12:21" departure="12:21">Våkleiva</stop>
    <stop arrival="12:21" departure="12:21">Bønes hagesenter</stop>
    <stop arrival="12:23" departure="12:23">Bønes skole</stop>
    <stop arrival="12:24" departure="12:24">Kråkenestoppen</stop>
    <stop arrival="12:25" departure="12:25">Bergvegen</stop>
    <stop arrival="12:26" departure="12:26">Langebekken</stop>
    <stop arrival="12:27" departure="12:27">Langegården</stop>
    <stop arrival="12:27" departure="12:27">Krambua</stop>
    <stop arrival="12:28" departure="12:28">Fjøsanger</stop>
    <stop arrival="12:32" departure="12:32">Kanalveien v/NRK</stop>
    <stop arrival="12:33" departure="12:33">Mindemyren</stop>
    <stop arrival="12:34" departure="12:34">Postterminalen</stop>
    <stop arrival="12:34" departure="12:34">Kanalveien v/LBK</stop>
    <stop arrival="12:36" departure="12:36">Danmarksplass v/Forum kino</stop>
    <stop arrival="12:39" departure="12:39">Bergen Busstasjon</stop>
    <stop arrival="12:40" departure="12:40">Christies gate (Festplassen)</stop>
    <stop arrival="12:45">Bergen Busstasjon</stop>
  </route>
  <route no="525" destination="Milde" url="http://www.web2051.no/bin/tp/zuginfo.exe/on/214590/76894/991560/424253/1/" trafficDays="kjører Ma - Fr, ikke 13., 17., 24. Mai">
    <stop departure="12:20" routeNo="525">Bergen Busstasjon</stop>
    <stop arrival="12:25" departure="12:25">Danmarksplass</stop>
    <stop arrival="12:25" departure="12:25">Solheimsgaten</stop>
    <stop arrival="12:26" departure="12:26">Reperbanen</stop>
    <stop arrival="12:26" departure="12:26">Fjøsangerveien/ Minde Allè</stop>
    <stop arrival="12:26" departure="12:26">Kristianborg</stop>
    <stop arrival="12:27" departure="12:27">Grønnestølsbakken</stop>
    <stop arrival="12:27" departure="12:27">Fjøsanger</stop>
    <stop arrival="12:28" departure="12:28">Langegården</stop>
    <stop arrival="12:29" departure="12:29">Langebekken</stop>
    <stop arrival="12:31" departure="12:31">Kråkenes 1</stop>
    <stop arrival="12:31" departure="12:31">Kråkenes 2 (Kleiva)</stop>
    <stop arrival="12:33" departure="12:33">Bønesskiftet</stop>
    <stop arrival="12:34" departure="12:34">Bøjarnesvegen (Toftegård)</stop>
    <stop arrival="12:35" departure="12:35">Straume (Straumeveien, Fana)</stop>
    <stop arrival="12:37" departure="12:37">Sementbroen</stop>
    <stop arrival="12:38" departure="12:38">Straume bro</stop>
    <stop arrival="12:40" departure="12:40">Søreide v/Hydrostasjonen</stop>
    <stop arrival="12:40" departure="12:40">Søreide skole</stop>
    <stop arrival="12:41" departure="12:41">Grimstadskiftet</stop>
    <stop arrival="12:41" departure="12:41">Dolvik terminal</stop>
    <stop arrival="12:42" departure="12:42">Kokstad Bilhandel</stop>
    <stop arrival="12:44" departure="12:44">BKK , Kokstad</stop>
    <stop arrival="12:46" departure="12:46">Nera</stop>
    <stop arrival="12:47" departure="12:47">Scandic</stop>
    <stop arrival="12:50" departure="12:50">Birkelandskrysset Terminal</stop>
    <stop arrival="12:57" departure="12:57">Blomsterdalen</stop>
    <stop arrival="12:58" departure="12:58">Ådlandsflaten</stop>
    <stop arrival="12:59" departure="12:59">Ådlandsskiftet</stop>
    <stop arrival="13:00" departure="13:00">Kartveitskiftet</stop>
    <stop arrival="13:00" departure="13:00">Heggernesskiftet</stop>
    <stop arrival="13:02" departure="13:02">Ådlandsbro</stop>
    <stop arrival="13:02" departure="13:02">K.Kaland</stop>
    <stop arrival="13:03" departure="13:03">Hjellestadskiftet</stop>
    <stop arrival="13:04" departure="13:04">Seilforeningen</stop>
    <stop arrival="13:05" departure="13:05">Hjellestad post</stop>
    <stop arrival="13:05" departure="13:05">Hjellestad</stop>
    <stop arrival="13:05" departure="13:05">Hjellestad post</stop>
    <stop arrival="13:07" departure="13:07">Seilforeningen</stop>
    <stop arrival="13:09" departure="13:09">Hjellestadskiftet</stop>
    <stop arrival="13:09" departure="13:09">Planteskogen (Milde)</stop>
    <stop arrival="13:11" departure="13:11">Planteskogen (Milde)</stop>
    <stop arrival="13:12" departure="13:12">Grendatunvegen</stop>
    <stop arrival="13:13" departure="13:13">Geilen</stop>
    <stop arrival="13:14" departure="13:14">Fana folkehøgskole (Aboretet)</stop>
    <stop arrival="13:15">Milde</stop>
  </route>
  <route no="525" destination="Milde" url="http://www.web2051.no/bin/tp/zuginfo.exe/on/772113/262690/310820/101963/1/" trafficDays="kjører Sø, også 1., 13., 17., 24. Mai">
    <stop departure="12:25" routeNo="525">Bergen Busstasjon</stop>
    <stop arrival="12:27" departure="12:27">Danmarksplass</stop>
    <stop arrival="12:27" departure="12:27">Solheimsgaten</stop>
    <stop arrival="12:28" departure="12:28">Reperbanen</stop>
    <stop arrival="12:28" departure="12:28">Fjøsangerveien/ Minde Allè</stop>
    <stop arrival="12:28" departure="12:28">Kristianborg</stop>
    <stop arrival="12:29" departure="12:29">Grønnestølsbakken</stop>
    <stop arrival="12:29" departure="12:29">Fjøsanger</stop>
    <stop arrival="12:30" departure="12:30">Langegården</stop>
    <stop arrival="12:31" departure="12:31">Langebekken</stop>
    <stop arrival="12:31" departure="12:31">Kråkenes 1</stop>
    <stop arrival="12:32" departure="12:32">Kråkenes 2 (Kleiva)</stop>
    <stop arrival="12:33" departure="12:33">Bønesskiftet</stop>
    <stop arrival="12:34" departure="12:34">Bøjarnesvegen (Toftegård)</stop>
    <stop arrival="12:34" departure="12:34">Straume (Straumeveien, Fana)</stop>
    <stop arrival="12:37" departure="12:37">Sementbroen</stop>
    <stop arrival="12:39" departure="12:39">Straume bro</stop>
    <stop arrival="12:42" departure="12:42">Søreide v/Hydrostasjonen</stop>
    <stop arrival="12:43" departure="12:43">Søreide skole</stop>
    <stop arrival="12:43" departure="12:43">Dolvik terminal</stop>
    <stop arrival="12:44" departure="12:44">Kokstad Bilhandel</stop>
    <stop arrival="12:46" departure="12:46">BKK , Kokstad</stop>
    <stop arrival="12:47" departure="12:47">Nera</stop>
    <stop arrival="12:48" departure="12:48">Scandic</stop>
    <stop arrival="12:50" departure="12:50">Birkelandskrysset Terminal</stop>
    <stop arrival="12:51" departure="12:51">Blomsterdalen</stop>
    <stop arrival="12:51" departure="12:51">Ådlandsflaten</stop>
    <stop arrival="12:52" departure="12:52">Ådlandsskiftet</stop>
    <stop arrival="12:52" departure="12:52">Kartveitskiftet</stop>
    <stop arrival="12:52" departure="12:52">Heggernesskiftet</stop>
    <stop arrival="12:53" departure="12:53">Ådlandsbro</stop>
    <stop arrival="12:53" departure="12:53">K.Kaland</stop>
    <stop arrival="12:53" departure="12:53">Hjellestadskiftet</stop>
    <stop arrival="12:56" departure="12:56">Seilforeningen</stop>
    <stop arrival="12:59" departure="12:59">Hjellestad post</stop>
    <stop arrival="13:00" departure="13:00">Hjellestad</stop>
    <stop arrival="13:00" departure="13:00">Hjellestad post</stop>
    <stop arrival="13:02" departure="13:02">Seilforeningen</stop>
    <stop arrival="13:04" departure="13:04">Hjellestadskiftet</stop>
    <stop arrival="13:04" departure="13:04">Planteskogen (Milde)</stop>
    <stop arrival="13:06" departure="13:06">Planteskogen (Milde)</stop>
    <stop arrival="13:07" departure="13:07">Grendatunvegen</stop>
    <stop arrival="13:08" departure="13:08">Geilen</stop>
    <stop arrival="13:09" departure="13:09">Fana folkehøgskole (Aboretet)</stop>
    <stop arrival="13:10">Milde</stop>
  </route>
  <route no="525" destination="Milde" url="http://www.web2051.no/bin/tp/zuginfo.exe/on/787080/267696/102004/211358/1/" trafficDays="kjører Lø, ikke 1. Mai">
    <stop departure="12:25" routeNo="525">Bergen Busstasjon</stop>
    <stop arrival="12:27" departure="12:27">Danmarksplass</stop>
    <stop arrival="12:28" departure="12:28">Solheimsgaten</stop>
    <stop arrival="12:28" departure="12:28">Reperbanen</stop>
    <stop arrival="12:29" departure="12:29">Fjøsangerveien/ Minde Allè</stop>
    <stop arrival="12:30" departure="12:30">Kristianborg</stop>
    <stop arrival="12:30" departure="12:30">Grønnestølsbakken</stop>
    <stop arrival="12:31" departure="12:31">Fjøsanger</stop>
    <stop arrival="12:31" departure="12:31">Langegården</stop>
    <stop arrival="12:32" departure="12:32">Langebekken</stop>
    <stop arrival="12:32" departure="12:32">Kråkenes 1</stop>
    <stop arrival="12:32" departure="12:32">Kråkenes 2 (Kleiva)</stop>
    <stop arrival="12:33" departure="12:33">Bønesskiftet</stop>
    <stop arrival="12:33" departure="12:33">Bøjarnesvegen (Toftegård)</stop>
    <stop arrival="12:33" departure="12:33">Straume (Straumeveien, Fana)</stop>
    <stop arrival="12:36" departure="12:36">Sementbroen</stop>
    <stop arrival="12:38" departure="12:38">Straume bro</stop>
    <stop arrival="12:40" departure="12:40">Søreide v/Hydrostasjonen</stop>
    <stop arrival="12:41" departure="12:41">Søreide skole</stop>
    <stop arrival="12:41" departure="12:41">Dolvik terminal</stop>
    <stop arrival="12:42" departure="12:42">Kokstad Bilhandel</stop>
    <stop arrival="12:44" departure="12:44">BKK , Kokstad</stop>
    <stop arrival="12:46" departure="12:46">Nera</stop>
    <stop arrival="12:47" departure="12:47">Scandic</stop>
    <stop arrival="12:50" departure="12:50">Birkelandskrysset Terminal</stop>
    <stop arrival="12:51" departure="12:51">Blomsterdalen</stop>
    <stop arrival="12:51" departure="12:51">Ådlandsflaten</stop>
    <stop arrival="12:52" departure="12:52">Ådlandsskiftet</stop>
    <stop arrival="12:52" departure="12:52">Kartveitskiftet</stop>
    <stop arrival="12:52" departure="12:52">Heggernesskiftet</stop>
    <stop arrival="12:53" departure="12:53">Ådlandsbro</stop>
    <stop arrival="12:53" departure="12:53">K.Kaland</stop>
    <stop arrival="12:53" departure="12:53">Hjellestadskiftet</stop>
    <stop arrival="12:56" departure="12:56">Seilforeningen</stop>
    <stop arrival="12:59" departure="12:59">Hjellestad post</stop>
    <stop arrival="13:00" departure="13:00">Hjellestad</stop>
    <stop arrival="13:00" departure="13:00">Hjellestad post</stop>
    <stop arrival="13:02" departure="13:02">Seilforeningen</stop>
    <stop arrival="13:04" departure="13:04">Hjellestadskiftet</stop>
    <stop arrival="13:04" departure="13:04">Planteskogen (Milde)</stop>
    <stop arrival="13:06" departure="13:06">Planteskogen (Milde)</stop>
    <stop arrival="13:07" departure="13:07">Grendatunvegen</stop>
    <stop arrival="13:08" departure="13:08">Geilen</stop>
    <stop arrival="13:09" departure="13:09">Fana folkehøgskole (Aboretet)</stop>
    <stop arrival="13:10">Milde</stop>
  </route>
  <route no="60" destination="Bergen Busstasjon" url="http://www.web2051.no/bin/tp/zuginfo.exe/on/33879/15923/28404/2911/1/" trafficDays="kjører Lø, ikke 1. Mai">
    <stop departure="12:25" routeNo="60">Bønes senter</stop>
    <stop arrival="12:26" departure="12:26">Våkleiva</stop>
    <stop arrival="12:26" departure="12:26">Bønes hagesenter</stop>
    <stop arrival="12:28" departure="12:28">Bønes skole</stop>
    <stop arrival="12:29" departure="12:29">Kråkenestoppen</stop>
    <stop arrival="12:30" departure="12:30">Bergvegen</stop>
    <stop arrival="12:31" departure="12:31">Langebekken</stop>
    <stop arrival="12:32" departure="12:32">Langegården</stop>
    <stop arrival="12:32" departure="12:32">Krambua</stop>
    <stop arrival="12:33" departure="12:33">Fjøsanger</stop>
    <stop arrival="12:40" departure="12:40">Kanalveien v/NRK</stop>
    <stop arrival="12:41" departure="12:41">Mindemyren</stop>
    <stop arrival="12:42" departure="12:42">Postterminalen</stop>
    <stop arrival="12:43" departure="12:43">Kanalveien v/LBK</stop>
    <stop arrival="12:45" departure="12:45">Danmarksplass v/Forum kino</stop>
    <stop arrival="12:48" departure="12:48">Bergen Busstasjon</stop>
    <stop arrival="12:50" departure="12:50">Christies gate (Festplassen)</stop>
    <stop arrival="12:55">Bergen Busstasjon</stop>
  </route>
  <route no="60" destination="Bergen Busstasjon" url="http://www.web2051.no/bin/tp/zuginfo.exe/on/578892/197594/358848/13542/1/" trafficDays="kjører Lø, ikke 1. Mai">
    <stop departure="12:25" routeNo="60">Bønes senter</stop>
    <stop arrival="12:26" departure="12:26">Våkleiva</stop>
    <stop arrival="12:26" departure="12:26">Bønes hagesenter</stop>
    <stop arrival="12:28" departure="12:28">Bønes skole</stop>
    <stop arrival="12:29" departure="12:29">Kråkenestoppen</stop>
    <stop arrival="12:30" departure="12:30">Bergvegen</stop>
    <stop arrival="12:31" departure="12:31">Langebekken</stop>
    <stop arrival="12:32" departure="12:32">Langegården</stop>
    <stop arrival="12:32" departure="12:32">Krambua</stop>
    <stop arrival="12:33" departure="12:33">Fjøsanger</stop>
    <stop arrival="12:40" departure="12:40">Kanalveien v/NRK</stop>
    <stop arrival="12:41" departure="12:41">Mindemyren</stop>
    <stop arrival="12:42" departure="12:42">Postterminalen</stop>
    <stop arrival="12:43" departure="12:43">Kanalveien v/LBK</stop>
    <stop arrival="12:45" departure="12:45">Danmarksplass v/Forum kino</stop>
    <stop arrival="12:48" departure="12:48">Bergen Busstasjon</stop>
    <stop arrival="12:50" departure="12:50">Christies gate (Festplassen)</stop>
    <stop arrival="12:55">Bergen Busstasjon</stop>
  </route>
  <route no="60" destination="Bergvegen" url="http://www.web2051.no/bin/tp/zuginfo.exe/on/298062/103985/498106/149700/1/" trafficDays="kjører Lø, ikke 1. Mai">
    <stop departure="12:17" routeNo="60">Nordahl Bruns gate</stop>
    <stop arrival="12:22" departure="12:22">Bergen Busstasjon</stop>
    <stop arrival="12:27" departure="12:27">Danmarksplass</stop>
    <stop arrival="12:28" departure="12:28">Solheimsgaten</stop>
    <stop arrival="12:29" departure="12:29">Reperbanen</stop>
    <stop arrival="12:31" departure="12:31">Fjøsangerveien/ Minde Allè</stop>
    <stop arrival="12:32" departure="12:32">Kristianborg</stop>
    <stop arrival="12:33" departure="12:33">Grønnestølsbakken</stop>
    <stop arrival="12:34" departure="12:34">Fjøsanger</stop>
    <stop arrival="12:34" departure="12:34">Langegården</stop>
    <stop arrival="12:35">Bergvegen</stop>
  </route>
  <route no="60" destination="Bergvegen" url="http://www.web2051.no/bin/tp/zuginfo.exe/on/146286/53417/655826/279162/1/" trafficDays="kjører Ma - Fr, ikke 13., 17., 24. Mai">
    <stop departure="12:25" routeNo="60">Nordahl Bruns gate</stop>
    <stop arrival="12:30" departure="12:30">Bergen Busstasjon</stop>
    <stop arrival="12:35" departure="12:35">Danmarksplass</stop>
    <stop arrival="12:36" departure="12:36">Solheimsgaten</stop>
    <stop arrival="12:38" departure="12:38">Reperbanen</stop>
    <stop arrival="12:40" departure="12:40">Fjøsangerveien/ Minde Allè</stop>
    <stop arrival="12:42" departure="12:42">Kristianborg</stop>
    <stop arrival="12:44" departure="12:44">Grønnestølsbakken</stop>
    <stop arrival="12:45" departure="12:45">Fjøsanger</stop>
    <stop arrival="12:46" departure="12:46">Langegården</stop>
    <stop arrival="12:48">Bergvegen</stop>
  </route>
  <route no="60" destination="Bergen Busstasjon" url="http://www.web2051.no/bin/tp/zuginfo.exe/on/252258/88742/323844/77847/1/" trafficDays="kjører Ma - Fr, ikke 13., 17., 24. Mai">
    <stop departure="12:40" routeNo="60">Bønes senter</stop>
    <stop arrival="12:41" departure="12:41">Våkleiva</stop>
    <stop arrival="12:41" departure="12:41">Bønes hagesenter</stop>
    <stop arrival="12:43" departure="12:43">Bønes skole</stop>
    <stop arrival="12:44" departure="12:44">Kråkenestoppen</stop>
    <stop arrival="12:45" departure="12:45">Bergvegen</stop>
    <stop arrival="12:46" departure="12:46">Langebekken</stop>
    <stop arrival="12:47" departure="12:47">Langegården</stop>
    <stop arrival="12:47" departure="12:47">Krambua</stop>
    <stop arrival="12:48" departure="12:48">Fjøsanger</stop>
    <stop arrival="12:52" departure="12:52">Kanalveien v/NRK</stop>
    <stop arrival="12:53" departure="12:53">Mindemyren</stop>
    <stop arrival="12:54" departure="12:54">Postterminalen</stop>
    <stop arrival="12:54" departure="12:54">Kanalveien v/LBK</stop>
    <stop arrival="12:56" departure="12:56">Danmarksplass v/Forum kino</stop>
    <stop arrival="12:59" departure="12:59">Bergen Busstasjon</stop>
    <stop arrival="13:00" departure="13:00">Christies gate (Festplassen)</stop>
    <stop arrival="13:05">Bergen Busstasjon</stop>
  </route>
  <route no="60" destination="Bergen Busstasjon" url="http://www.web2051.no/bin/tp/zuginfo.exe/on/344637/119535/174836/27472/1/" trafficDays="kjører Ma - Fr, ikke 13., 17., 24. Mai">
    <stop departure="12:40" routeNo="60">Bønes senter</stop>
    <stop arrival="12:41" departure="12:41">Våkleiva</stop>
    <stop arrival="12:41" departure="12:41">Bønes hagesenter</stop>
    <stop arrival="12:43" departure="12:43">Bønes skole</stop>
    <stop arrival="12:44" departure="12:44">Kråkenestoppen</stop>
    <stop arrival="12:45" departure="12:45">Bergvegen</stop>
    <stop arrival="12:46" departure="12:46">Langebekken</stop>
    <stop arrival="12:47" departure="12:47">Langegården</stop>
    <stop arrival="12:47" departure="12:47">Krambua</stop>
    <stop arrival="12:48" departure="12:48">Fjøsanger</stop>
    <stop arrival="12:52" departure="12:52">Kanalveien v/NRK</stop>
    <stop arrival="12:53" departure="12:53">Mindemyren</stop>
    <stop arrival="12:54" departure="12:54">Postterminalen</stop>
    <stop arrival="12:54" departure="12:54">Kanalveien v/LBK</stop>
    <stop arrival="12:56" departure="12:56">Danmarksplass v/Forum kino</stop>
    <stop arrival="12:59" departure="12:59">Bergen Busstasjon</stop>
    <stop arrival="13:00" departure="13:00">Christies gate (Festplassen)</stop>
    <stop arrival="13:05">Bergen Busstasjon</stop>
  </route>
  <route no="512" destination="Bergen Busstasjon" url="http://www.web2051.no/bin/tp/zuginfo.exe/on/580530/198781/461008/36994/1/" trafficDays="kjører Ma - Fr, ikke 13., 17., 24. Mai">
    <stop departure="12:30" routeNo="512">Grimstad (Fana)</stop>
    <stop arrival="12:31" departure="12:31">Grimstad handel (Fana)</stop>
    <stop arrival="12:33" departure="12:33">Ytre Hope</stop>
    <stop arrival="12:35" departure="12:35">Hope (Grimstad, Fana)</stop>
    <stop arrival="12:36" departure="12:36">Ytre Hammersland</stop>
    <stop arrival="12:37" departure="12:37">Hammersland (Grimstadvn.)</stop>
    <stop arrival="12:40" departure="12:40">Søreide skole</stop>
    <stop arrival="12:41" departure="12:41">Søreide v/Hydrostasjonen</stop>
    <stop arrival="12:43" departure="12:43">Straume bro</stop>
    <stop arrival="12:43" departure="12:43">Bergen Motorbåtforening</stop>
    <stop arrival="12:45" departure="12:45">Straume (Straumeveien, Fana)</stop>
    <stop arrival="12:46" departure="12:46">Bøjarnesvegen (Toftegård)</stop>
    <stop arrival="12:46" departure="12:46">Bønesskiftet</stop>
    <stop arrival="12:48" departure="12:48">Kråkenes 2 (Kleiva)</stop>
    <stop arrival="12:48" departure="12:48">Kråkenes 1</stop>
    <stop arrival="12:49" departure="12:49">Langebekken</stop>
    <stop arrival="12:49" departure="12:49">Langegården</stop>
    <stop arrival="12:50" departure="12:50">Krambua</stop>
    <stop arrival="12:50" departure="12:50">Fjøsanger</stop>
    <stop arrival="12:54" departure="12:54">Kanalveien v/NRK</stop>
    <stop arrival="12:55" departure="12:55">Mindemyren</stop>
    <stop arrival="12:56" departure="12:56">Postterminalen</stop>
    <stop arrival="12:56" departure="12:56">Kanalveien v/LBK</stop>
    <stop arrival="12:58" departure="12:58">Danmarksplass v/Forum kino</stop>
    <stop arrival="13:02">Bergen Busstasjon</stop>
  </route>
  <route no="512" destination="Bergen Busstasjon" url="http://www.web2051.no/bin/tp/zuginfo.exe/on/182766/66193/359874/119015/1/" trafficDays="kjører Ma - Fr, ikke 13., 17., 24. Mai">
    <stop departure="12:30" routeNo="512">Grimstad (Fana)</stop>
    <stop arrival="12:31" departure="12:31">Grimstad handel (Fana)</stop>
    <stop arrival="12:33" departure="12:33">Ytre Hope</stop>
    <stop arrival="12:35" departure="12:35">Hope (Grimstad, Fana)</stop>
    <stop arrival="12:36" departure="12:36">Ytre Hammersland</stop>
    <stop arrival="12:37" departure="12:37">Hammersland (Grimstadvn.)</stop>
    <stop arrival="12:40" departure="12:40">Søreide skole</stop>
    <stop arrival="12:41" departure="12:41">Søreide v/Hydrostasjonen</stop>
    <stop arrival="12:43" departure="12:43">Straume bro</stop>
    <stop arrival="12:43" departure="12:43">Bergen Motorbåtforening</stop>
    <stop arrival="12:45" departure="12:45">Straume (Straumeveien, Fana)</stop>
    <stop arrival="12:46" departure="12:46">Bøjarnesvegen (Toftegård)</stop>
    <stop arrival="12:46" departure="12:46">Bønesskiftet</stop>
    <stop arrival="12:48" departure="12:48">Kråkenes 2 (Kleiva)</stop>
    <stop arrival="12:48" departure="12:48">Kråkenes 1</stop>
    <stop arrival="12:49" departure="12:49">Langebekken</stop>
    <stop arrival="12:49" departure="12:49">Langegården</stop>
    <stop arrival="12:50" departure="12:50">Krambua</stop>
    <stop arrival="12:50" departure="12:50">Fjøsanger</stop>
    <stop arrival="12:54" departure="12:54">Kanalveien v/NRK</stop>
    <stop arrival="12:55" departure="12:55">Mindemyren</stop>
    <stop arrival="12:56" departure="12:56">Postterminalen</stop>
    <stop arrival="12:56" departure="12:56">Kanalveien v/LBK</stop>
    <stop arrival="12:58" departure="12:58">Danmarksplass v/Forum kino</stop>
    <stop arrival="13:02">Bergen Busstasjon</stop>
  </route>
</routes>
