<?xml version="1.0" encoding="UTF-8"?>
<routes>
  <route no="31" destination="Varden" url="http://www.web2051.no/bin/tp/zuginfo.exe/on/730485/247942/213630/136681/1/" trafficDays="kjører Ma - Fr, ikke 13., 17., 24. Mai">
    <stop departure="11:58" routeNo="31">Mannsverk vognstasjon</stop>
    <stop arrival="11:58" departure="11:58">Wiers -Jenssens vei</stop>
    <stop arrival="11:59" departure="11:59">Strimmelen</stop>
    <stop arrival="12:00" departure="12:00">Kolstien</stop>
    <stop arrival="12:02" departure="12:02">Kanonhaugen</stop>
    <stop arrival="12:03" departure="12:03">Lægdene</stop>
    <stop arrival="12:03" departure="12:03">Lægdenesvingen</stop>
    <stop arrival="12:04" departure="12:04">Montana</stop>
    <stop arrival="12:05" departure="12:05">Sollien v/nr. 57</stop>
    <stop arrival="12:05" departure="12:05">Sollien v/nr. 87</stop>
    <stop arrival="12:06" departure="12:06">Sollien v/nr. 126</stop>
    <stop arrival="12:06" departure="12:06">Lægdene</stop>
    <stop arrival="12:07" departure="12:07">Lærerskolen, Landås</stop>
    <stop arrival="12:08" departure="12:08">Langhaugen</stop>
    <stop arrival="12:08" departure="12:08">Fridalen</stop>
    <stop arrival="12:09" departure="12:09">Haukeland sykehus sør</stop>
    <stop arrival="12:10" departure="12:10">Haukeland sykehus nord</stop>
    <stop arrival="12:10" departure="12:10">Haraldsplass sykehus</stop>
    <stop arrival="12:11" departure="12:11">Haukeland skole</stop>
    <stop arrival="12:13" departure="12:13">Svartediksveien</stop>
    <stop arrival="12:14" departure="12:14">Kalvedalsveien</stop>
    <stop arrival="12:16" departure="12:16">Kalfarlien</stop>
    <stop arrival="12:17" departure="12:17">Stadsporten (jernbanen)</stop>
    <stop arrival="12:19" departure="12:19">Kong Oscars gate</stop>
    <stop arrival="12:20" departure="12:20">Allehelgensgate</stop>
    <stop arrival="12:25" departure="12:25">Olav Kyrres gate</stop>
    <stop arrival="12:28" departure="12:28">Møhlenpris v/ Industrihuset</stop>
    <stop arrival="12:30" departure="12:30">Gyldenpris</stop>
    <stop arrival="12:33" departure="12:33">Løvstakktunnelen</stop>
    <stop arrival="12:34" departure="12:34">Sikthaugen</stop>
    <stop arrival="12:34" departure="12:34">Hamregården</stop>
    <stop arrival="12:35" departure="12:35">Nebbeveien</stop>
    <stop arrival="12:35" departure="12:35">Løvås</stop>
    <stop arrival="12:36" departure="12:36">Oasen Terminal</stop>
    <stop arrival="12:37" departure="12:37">Skarphaugen</stop>
    <stop arrival="12:38" departure="12:38">St.Hanshaugen</stop>
    <stop arrival="12:39" departure="12:39">Krokatjønnveien</stop>
    <stop arrival="12:39" departure="12:39">Myrholtet</stop>
    <stop arrival="12:40" departure="12:40">Allestadveien</stop>
    <stop arrival="12:40" departure="12:40">Allestadhaugen</stop>
    <stop arrival="12:41" departure="12:41">Hesjaholtet</stop>
    <stop arrival="12:42" departure="12:42">Allestadhaugen</stop>
    <stop arrival="12:43" departure="12:43">Allestadveien</stop>
    <stop arrival="12:44" departure="12:44">Varden skole</stop>
    <stop arrival="12:45" departure="12:45">Vardesvingen</stop>
    <stop arrival="12:45" departure="12:45">Vardeveien</stop>
    <stop arrival="12:46">Varden</stop>
  </route>
  <route no="31" destination="Mannsverk vognstasjon" url="http://www.web2051.no/bin/tp/zuginfo.exe/on/662463/225265/550658/54514/1/" trafficDays="kjører Ma - Fr, ikke 13., 17., 24. Mai">
    <stop departure="11:15" routeNo="31">Varden</stop>
    <stop arrival="11:16" departure="11:16">Vardeveien</stop>
    <stop arrival="11:16" departure="11:16">Vardesvingen</stop>
    <stop arrival="11:17" departure="11:17">Varden skole</stop>
    <stop arrival="11:18" departure="11:18">Allestadveien</stop>
    <stop arrival="11:18" departure="11:18">Allestadhaugen</stop>
    <stop arrival="11:19" departure="11:19">Hesjaholtet</stop>
    <stop arrival="11:20" departure="11:20">Allestadhaugen</stop>
    <stop arrival="11:20" departure="11:20">Allestadveien</stop>
    <stop arrival="11:22" departure="11:22">Myrholtet</stop>
    <stop arrival="11:22" departure="11:22">Krokatjønnveien</stop>
    <stop arrival="11:23" departure="11:23">St.Hanshaugen</stop>
    <stop arrival="11:24" departure="11:24">Skarphaugen</stop>
    <stop arrival="11:25" departure="11:25">Oasen Terminal</stop>
    <stop arrival="11:26" departure="11:26">Løvås</stop>
    <stop arrival="11:27" departure="11:27">Nebbeveien</stop>
    <stop arrival="11:27" departure="11:27">Hamregården</stop>
    <stop arrival="11:28" departure="11:28">Sikthaugen</stop>
    <stop arrival="11:33" departure="11:33">Gyldenpris</stop>
    <stop arrival="11:34" departure="11:34">Møhlenpris v/ Industrihuset</stop>
    <stop arrival="11:36" departure="11:36">Nøstet</stop>
    <stop arrival="11:40" departure="11:40">Strandgaten (Svaneapoteket)</stop>
    <stop arrival="11:42" departure="11:42">Småstrandgaten</stop>
    <stop arrival="11:43" departure="11:43">Nygaten</stop>
    <stop arrival="11:44" departure="11:44">Statsporten (jernbanen)</stop>
    <stop arrival="11:47" departure="11:47">Kalfarlien</stop>
    <stop arrival="11:48" departure="11:48">Kalvedalsveien</stop>
    <stop arrival="11:49" departure="11:49">Svartediksveien</stop>
    <stop arrival="11:50" departure="11:50">Statsarkivet</stop>
    <stop arrival="11:51" departure="11:51">Haraldsplass sykehus</stop>
    <stop arrival="11:52" departure="11:52">Haukeland sykehus nord</stop>
    <stop arrival="11:54" departure="11:54">Haukeland sykehus sør</stop>
    <stop arrival="11:55" departure="11:55">Fridalen</stop>
    <stop arrival="11:57" departure="11:57">Langhaugen</stop>
    <stop arrival="11:58" departure="11:58">Lærerskolen, Landås</stop>
    <stop arrival="12:00" departure="12:00">Lægdene</stop>
    <stop arrival="12:00" departure="12:00">Lægdenesvingen</stop>
    <stop arrival="12:01" departure="12:01">Montana</stop>
    <stop arrival="12:02" departure="12:02">Sollien v/nr. 57</stop>
    <stop arrival="12:02" departure="12:02">Sollien v/nr. 87</stop>
    <stop arrival="12:03" departure="12:03">Sollien v/nr. 126</stop>
    <stop arrival="12:03" departure="12:03">Kanonhaugen</stop>
    <stop arrival="12:04" departure="12:04">Kolstien</stop>
    <stop arrival="12:04" departure="12:04">Strimmelen</stop>
    <stop arrival="12:05">Mannsverk vognstasjon</stop>
  </route>
  <route no="31" destination="Mannsverk vognstasjon" url="http://www.web2051.no/bin/tp/zuginfo.exe/on/904155/305800/211272/195752/1/" trafficDays="kjører Lø, ikke 1. Mai">
    <stop departure="11:15" routeNo="31">Varden</stop>
    <stop arrival="11:16" departure="11:16">Vardeveien</stop>
    <stop arrival="11:16" departure="11:16">Vardesvingen</stop>
    <stop arrival="11:17" departure="11:17">Varden skole</stop>
    <stop arrival="11:18" departure="11:18">Allestadveien</stop>
    <stop arrival="11:18" departure="11:18">Allestadhaugen</stop>
    <stop arrival="11:19" departure="11:19">Hesjaholtet</stop>
    <stop arrival="11:20" departure="11:20">Allestadhaugen</stop>
    <stop arrival="11:20" departure="11:20">Allestadveien</stop>
    <stop arrival="11:22" departure="11:22">Myrholtet</stop>
    <stop arrival="11:22" departure="11:22">Krokatjønnveien</stop>
    <stop arrival="11:23" departure="11:23">St.Hanshaugen</stop>
    <stop arrival="11:24" departure="11:24">Skarphaugen</stop>
    <stop arrival="11:25" departure="11:25">Oasen Terminal</stop>
    <stop arrival="11:26" departure="11:26">Løvås</stop>
    <stop arrival="11:26" departure="11:26">Nebbeveien</stop>
    <stop arrival="11:27" departure="11:27">Hamregården</stop>
    <stop arrival="11:28" departure="11:28">Sikthaugen</stop>
    <stop arrival="11:32" departure="11:32">Gyldenpris</stop>
    <stop arrival="11:34" departure="11:34">Møhlenpris v/ Industrihuset</stop>
    <stop arrival="11:36" departure="11:36">Nøstet</stop>
    <stop arrival="11:40" departure="11:40">Strandgaten (Svaneapoteket)</stop>
    <stop arrival="11:45" departure="11:45">Småstrandgaten</stop>
    <stop arrival="11:46" departure="11:46">Nygaten</stop>
    <stop arrival="11:47" departure="11:47">Statsporten (jernbanen)</stop>
    <stop arrival="11:50" departure="11:50">Kalfarlien</stop>
    <stop arrival="11:51" departure="11:51">Kalvedalsveien</stop>
    <stop arrival="11:52" departure="11:52">Svartediksveien</stop>
    <stop arrival="11:53" departure="11:53">Statsarkivet</stop>
    <stop arrival="11:54" departure="11:54">Haraldsplass sykehus</stop>
    <stop arrival="11:55" departure="11:55">Haukeland sykehus nord</stop>
    <stop arrival="11:57" departure="11:57">Haukeland sykehus sør</stop>
    <stop arrival="11:58" departure="11:58">Fridalen</stop>
    <stop arrival="11:59" departure="11:59">Langhaugen</stop>
    <stop arrival="12:01" departure="12:01">Lærerskolen, Landås</stop>
    <stop arrival="12:02" departure="12:02">Lægdene</stop>
    <stop arrival="12:03" departure="12:03">Lægdenesvingen</stop>
    <stop arrival="12:03" departure="12:03">Montana</stop>
    <stop arrival="12:04" departure="12:04">Sollien v/nr. 57</stop>
    <stop arrival="12:05" departure="12:05">Sollien v/nr. 87</stop>
    <stop arrival="12:05" departure="12:05">Sollien v/nr. 126</stop>
    <stop arrival="12:06" departure="12:06">Kanonhaugen</stop>
    <stop arrival="12:06" departure="12:06">Kolstien</stop>
    <stop arrival="12:07" departure="12:07">Strimmelen</stop>
    <stop arrival="12:08">Mannsverk vognstasjon</stop>
  </route>
  <route no="31" destination="Varden" url="http://www.web2051.no/bin/tp/zuginfo.exe/on/798006/270418/531646/183/1/" trafficDays="kjører Lø, ikke 1. Mai">
    <stop departure="12:10" routeNo="31">Mannsverk vognstasjon</stop>
    <stop arrival="12:10" departure="12:10">Wiers -Jenssens vei</stop>
    <stop arrival="12:11" departure="12:11">Strimmelen</stop>
    <stop arrival="12:12" departure="12:12">Kolstien</stop>
    <stop arrival="12:14" departure="12:14">Kanonhaugen</stop>
    <stop arrival="12:15" departure="12:15">Lægdene</stop>
    <stop arrival="12:15" departure="12:15">Lægdenesvingen</stop>
    <stop arrival="12:16" departure="12:16">Montana</stop>
    <stop arrival="12:16" departure="12:16">Sollien v/nr. 57</stop>
    <stop arrival="12:17" departure="12:17">Sollien v/nr. 87</stop>
    <stop arrival="12:17" departure="12:17">Sollien v/nr. 126</stop>
    <stop arrival="12:17" departure="12:17">Lægdene</stop>
    <stop arrival="12:18" departure="12:18">Lærerskolen, Landås</stop>
    <stop arrival="12:18" departure="12:18">Langhaugen</stop>
    <stop arrival="12:19" departure="12:19">Fridalen</stop>
    <stop arrival="12:19" departure="12:19">Haukeland sykehus sør</stop>
    <stop arrival="12:20" departure="12:20">Haukeland sykehus nord</stop>
    <stop arrival="12:20" departure="12:20">Haraldsplass sykehus</stop>
    <stop arrival="12:21" departure="12:21">Haukeland skole</stop>
    <stop arrival="12:23" departure="12:23">Svartediksveien</stop>
    <stop arrival="12:24" departure="12:24">Kalvedalsveien</stop>
    <stop arrival="12:26" departure="12:26">Kalfarlien</stop>
    <stop arrival="12:27" departure="12:27">Stadsporten (jernbanen)</stop>
    <stop arrival="12:29" departure="12:29">Kong Oscars gate</stop>
    <stop arrival="12:30" departure="12:30">Allehelgensgate</stop>
    <stop arrival="12:35" departure="12:35">Olav Kyrres gate</stop>
    <stop arrival="12:38" departure="12:38">Møhlenpris v/ Industrihuset</stop>
    <stop arrival="12:40" departure="12:40">Gyldenpris</stop>
    <stop arrival="12:44" departure="12:44">Løvstakktunnelen</stop>
    <stop arrival="12:45" departure="12:45">Sikthaugen</stop>
    <stop arrival="12:46" departure="12:46">Hamregården</stop>
    <stop arrival="12:46" departure="12:46">Nebbeveien</stop>
    <stop arrival="12:47" departure="12:47">Løvås</stop>
    <stop arrival="12:48" departure="12:48">Oasen Terminal</stop>
    <stop arrival="12:49" departure="12:49">Skarphaugen</stop>
    <stop arrival="12:50" departure="12:50">St.Hanshaugen</stop>
    <stop arrival="12:51" departure="12:51">Krokatjønnveien</stop>
    <stop arrival="12:51" departure="12:51">Myrholtet</stop>
    <stop arrival="12:52" departure="12:52">Allestadveien</stop>
    <stop arrival="12:52" departure="12:52">Allestadhaugen</stop>
    <stop arrival="12:53" departure="12:53">Hesjaholtet</stop>
    <stop arrival="12:54" departure="12:54">Allestadhaugen</stop>
    <stop arrival="12:55" departure="12:55">Allestadveien</stop>
    <stop arrival="12:56" departure="12:56">Varden skole</stop>
    <stop arrival="12:57" departure="12:57">Vardesvingen</stop>
    <stop arrival="12:57" departure="12:57">Vardeveien</stop>
    <stop arrival="12:58">Varden</stop>
  </route>
  <route no="31" destination="Varden" url="http://www.web2051.no/bin/tp/zuginfo.exe/on/813738/275693/552236/4874/1/" trafficDays="kjører Ma - Fr, ikke 13., 17., 24. Mai">
    <stop departure="12:13" routeNo="31">Mannsverk vognstasjon</stop>
    <stop arrival="12:13" departure="12:13">Wiers -Jenssens vei</stop>
    <stop arrival="12:14" departure="12:14">Strimmelen</stop>
    <stop arrival="12:15" departure="12:15">Kolstien</stop>
    <stop arrival="12:17" departure="12:17">Kanonhaugen</stop>
    <stop arrival="12:18" departure="12:18">Lægdene</stop>
    <stop arrival="12:18" departure="12:18">Lægdenesvingen</stop>
    <stop arrival="12:19" departure="12:19">Montana</stop>
    <stop arrival="12:20" departure="12:20">Sollien v/nr. 57</stop>
    <stop arrival="12:20" departure="12:20">Sollien v/nr. 87</stop>
    <stop arrival="12:21" departure="12:21">Sollien v/nr. 126</stop>
    <stop arrival="12:21" departure="12:21">Lægdene</stop>
    <stop arrival="12:22" departure="12:22">Lærerskolen, Landås</stop>
    <stop arrival="12:23" departure="12:23">Langhaugen</stop>
    <stop arrival="12:23" departure="12:23">Fridalen</stop>
    <stop arrival="12:24" departure="12:24">Haukeland sykehus sør</stop>
    <stop arrival="12:25" departure="12:25">Haukeland sykehus nord</stop>
    <stop arrival="12:25" departure="12:25">Haraldsplass sykehus</stop>
    <stop arrival="12:26" departure="12:26">Haukeland skole</stop>
    <stop arrival="12:28" departure="12:28">Svartediksveien</stop>
    <stop arrival="12:29" departure="12:29">Kalvedalsveien</stop>
    <stop arrival="12:31" departure="12:31">Kalfarlien</stop>
    <stop arrival="12:32" departure="12:32">Stadsporten (jernbanen)</stop>
    <stop arrival="12:34" departure="12:34">Kong Oscars gate</stop>
    <stop arrival="12:35" departure="12:35">Allehelgensgate</stop>
    <stop arrival="12:40" departure="12:40">Olav Kyrres gate</stop>
    <stop arrival="12:43" departure="12:43">Møhlenpris v/ Industrihuset</stop>
    <stop arrival="12:45" departure="12:45">Gyldenpris</stop>
    <stop arrival="12:48" departure="12:48">Løvstakktunnelen</stop>
    <stop arrival="12:49" departure="12:49">Sikthaugen</stop>
    <stop arrival="12:49" departure="12:49">Hamregården</stop>
    <stop arrival="12:50" departure="12:50">Nebbeveien</stop>
    <stop arrival="12:50" departure="12:50">Løvås</stop>
    <stop arrival="12:51" departure="12:51">Oasen Terminal</stop>
    <stop arrival="12:52" departure="12:52">Skarphaugen</stop>
    <stop arrival="12:53" departure="12:53">St.Hanshaugen</stop>
    <stop arrival="12:54" departure="12:54">Krokatjønnveien</stop>
    <stop arrival="12:54" departure="12:54">Myrholtet</stop>
    <stop arrival="12:55" departure="12:55">Allestadveien</stop>
    <stop arrival="12:55" departure="12:55">Allestadhaugen</stop>
    <stop arrival="12:56" departure="12:56">Hesjaholtet</stop>
    <stop arrival="12:57" departure="12:57">Allestadhaugen</stop>
    <stop arrival="12:58" departure="12:58">Allestadveien</stop>
    <stop arrival="12:59" departure="12:59">Varden skole</stop>
    <stop arrival="13:00" departure="13:00">Vardesvingen</stop>
    <stop arrival="13:00" departure="13:00">Vardeveien</stop>
    <stop arrival="13:01">Varden</stop>
  </route>
  <route no="31" destination="Varden" url="http://www.web2051.no/bin/tp/zuginfo.exe/on/52281/21824/211878/88512/1/" trafficDays="kjører Sø, også 1., 13., 17., 24. Mai">
    <stop departure="12:20" routeNo="31">Mannsverk vognstasjon</stop>
    <stop arrival="12:20" departure="12:20">Wiers -Jenssens vei</stop>
    <stop arrival="12:21" departure="12:21">Strimmelen</stop>
    <stop arrival="12:22" departure="12:22">Kolstien</stop>
    <stop arrival="12:24" departure="12:24">Kanonhaugen</stop>
    <stop arrival="12:25" departure="12:25">Lægdene</stop>
    <stop arrival="12:25" departure="12:25">Lægdenesvingen</stop>
    <stop arrival="12:26" departure="12:26">Montana</stop>
    <stop arrival="12:26" departure="12:26">Sollien v/nr. 57</stop>
    <stop arrival="12:27" departure="12:27">Sollien v/nr. 87</stop>
    <stop arrival="12:27" departure="12:27">Sollien v/nr. 126</stop>
    <stop arrival="12:27" departure="12:27">Lægdene</stop>
    <stop arrival="12:28" departure="12:28">Lærerskolen, Landås</stop>
    <stop arrival="12:28" departure="12:28">Langhaugen</stop>
    <stop arrival="12:29" departure="12:29">Fridalen</stop>
    <stop arrival="12:29" departure="12:29">Haukeland sykehus sør</stop>
    <stop arrival="12:30" departure="12:30">Haukeland sykehus nord</stop>
    <stop arrival="12:31" departure="12:31">Haraldsplass sykehus</stop>
    <stop arrival="12:32" departure="12:32">Haukeland skole</stop>
    <stop arrival="12:34" departure="12:34">Svartediksveien</stop>
    <stop arrival="12:36" departure="12:36">Kalvedalsveien</stop>
    <stop arrival="12:38" departure="12:38">Kalfarlien</stop>
    <stop arrival="12:41" departure="12:41">Stadsporten (jernbanen)</stop>
    <stop arrival="12:43" departure="12:43">Kong Oscars gate</stop>
    <stop arrival="12:45" departure="12:45">Allehelgensgate</stop>
    <stop arrival="12:50" departure="12:50">Olav Kyrres gate</stop>
    <stop arrival="12:53" departure="12:53">Møhlenpris v/ Industrihuset</stop>
    <stop arrival="12:55" departure="12:55">Gyldenpris</stop>
    <stop arrival="12:58" departure="12:58">Løvstakktunnelen</stop>
    <stop arrival="12:58" departure="12:58">Sikthaugen</stop>
    <stop arrival="12:59" departure="12:59">Hamregården</stop>
    <stop arrival="12:59" departure="12:59">Nebbeveien</stop>
    <stop arrival="12:59" departure="12:59">Løvås</stop>
    <stop arrival="13:00" departure="13:00">Oasen Terminal</stop>
    <stop arrival="13:01" departure="13:01">Skarphaugen</stop>
    <stop arrival="13:02" departure="13:02">St.Hanshaugen</stop>
    <stop arrival="13:03" departure="13:03">Krokatjønnveien</stop>
    <stop arrival="13:03" departure="13:03">Myrholtet</stop>
    <stop arrival="13:04" departure="13:04">Allestadveien</stop>
    <stop arrival="13:04" departure="13:04">Allestadhaugen</stop>
    <stop arrival="13:05" departure="13:05">Hesjaholtet</stop>
    <stop arrival="13:06" departure="13:06">Allestadhaugen</stop>
    <stop arrival="13:06" departure="13:06">Allestadveien</stop>
    <stop arrival="13:07" departure="13:07">Varden skole</stop>
    <stop arrival="13:08" departure="13:08">Vardesvingen</stop>
    <stop arrival="13:08" departure="13:08">Vardeveien</stop>
    <stop arrival="13:09">Varden</stop>
  </route>
  <route no="31" destination="Varden" url="http://www.web2051.no/bin/tp/zuginfo.exe/on/470640/161327/640780/163513/1/" trafficDays="kjører Ma - Fr, ikke 13., 17., 24. Mai">
    <stop departure="12:28" routeNo="31">Mannsverk vognstasjon</stop>
    <stop arrival="12:28" departure="12:28">Wiers -Jenssens vei</stop>
    <stop arrival="12:29" departure="12:29">Strimmelen</stop>
    <stop arrival="12:30" departure="12:30">Kolstien</stop>
    <stop arrival="12:32" departure="12:32">Kanonhaugen</stop>
    <stop arrival="12:33" departure="12:33">Lægdene</stop>
    <stop arrival="12:33" departure="12:33">Lægdenesvingen</stop>
    <stop arrival="12:34" departure="12:34">Montana</stop>
    <stop arrival="12:35" departure="12:35">Sollien v/nr. 57</stop>
    <stop arrival="12:35" departure="12:35">Sollien v/nr. 87</stop>
    <stop arrival="12:36" departure="12:36">Sollien v/nr. 126</stop>
    <stop arrival="12:36" departure="12:36">Lægdene</stop>
    <stop arrival="12:37" departure="12:37">Lærerskolen, Landås</stop>
    <stop arrival="12:38" departure="12:38">Langhaugen</stop>
    <stop arrival="12:38" departure="12:38">Fridalen</stop>
    <stop arrival="12:39" departure="12:39">Haukeland sykehus sør</stop>
    <stop arrival="12:40" departure="12:40">Haukeland sykehus nord</stop>
    <stop arrival="12:40" departure="12:40">Haraldsplass sykehus</stop>
    <stop arrival="12:41" departure="12:41">Haukeland skole</stop>
    <stop arrival="12:43" departure="12:43">Svartediksveien</stop>
    <stop arrival="12:44" departure="12:44">Kalvedalsveien</stop>
    <stop arrival="12:46" departure="12:46">Kalfarlien</stop>
    <stop arrival="12:47" departure="12:47">Stadsporten (jernbanen)</stop>
    <stop arrival="12:49" departure="12:49">Kong Oscars gate</stop>
    <stop arrival="12:50" departure="12:50">Allehelgensgate</stop>
    <stop arrival="12:55" departure="12:55">Olav Kyrres gate</stop>
    <stop arrival="12:58" departure="12:58">Møhlenpris v/ Industrihuset</stop>
    <stop arrival="13:00" departure="13:00">Gyldenpris</stop>
    <stop arrival="13:03" departure="13:03">Løvstakktunnelen</stop>
    <stop arrival="13:04" departure="13:04">Sikthaugen</stop>
    <stop arrival="13:04" departure="13:04">Hamregården</stop>
    <stop arrival="13:05" departure="13:05">Nebbeveien</stop>
    <stop arrival="13:05" departure="13:05">Løvås</stop>
    <stop arrival="13:06" departure="13:06">Oasen Terminal</stop>
    <stop arrival="13:07" departure="13:07">Skarphaugen</stop>
    <stop arrival="13:08" departure="13:08">St.Hanshaugen</stop>
    <stop arrival="13:09" departure="13:09">Krokatjønnveien</stop>
    <stop arrival="13:09" departure="13:09">Myrholtet</stop>
    <stop arrival="13:10" departure="13:10">Allestadveien</stop>
    <stop arrival="13:10" departure="13:10">Allestadhaugen</stop>
    <stop arrival="13:11" departure="13:11">Hesjaholtet</stop>
    <stop arrival="13:12" departure="13:12">Allestadhaugen</stop>
    <stop arrival="13:13" departure="13:13">Allestadveien</stop>
    <stop arrival="13:14" departure="13:14">Varden skole</stop>
    <stop arrival="13:15" departure="13:15">Vardesvingen</stop>
    <stop arrival="13:15" departure="13:15">Vardeveien</stop>
    <stop arrival="13:16">Varden</stop>
  </route>
  <route no="31" destination="Mannsverk vognstasjon" url="http://www.web2051.no/bin/tp/zuginfo.exe/on/161052/58128/656046/274346/1/" trafficDays="kjører Ma - Fr, ikke 13., 17., 24. Mai">
    <stop departure="11:45" routeNo="31">Varden</stop>
    <stop arrival="11:46" departure="11:46">Vardeveien</stop>
    <stop arrival="11:46" departure="11:46">Vardesvingen</stop>
    <stop arrival="11:47" departure="11:47">Varden skole</stop>
    <stop arrival="11:48" departure="11:48">Allestadveien</stop>
    <stop arrival="11:48" departure="11:48">Allestadhaugen</stop>
    <stop arrival="11:49" departure="11:49">Hesjaholtet</stop>
    <stop arrival="11:50" departure="11:50">Allestadhaugen</stop>
    <stop arrival="11:50" departure="11:50">Allestadveien</stop>
    <stop arrival="11:52" departure="11:52">Myrholtet</stop>
    <stop arrival="11:52" departure="11:52">Krokatjønnveien</stop>
    <stop arrival="11:53" departure="11:53">St.Hanshaugen</stop>
    <stop arrival="11:54" departure="11:54">Skarphaugen</stop>
    <stop arrival="11:55" departure="11:55">Oasen Terminal</stop>
    <stop arrival="11:56" departure="11:56">Løvås</stop>
    <stop arrival="11:57" departure="11:57">Nebbeveien</stop>
    <stop arrival="11:57" departure="11:57">Hamregården</stop>
    <stop arrival="11:58" departure="11:58">Sikthaugen</stop>
    <stop arrival="12:03" departure="12:03">Gyldenpris</stop>
    <stop arrival="12:04" departure="12:04">Møhlenpris v/ Industrihuset</stop>
    <stop arrival="12:06" departure="12:06">Nøstet</stop>
    <stop arrival="12:10" departure="12:10">Strandgaten (Svaneapoteket)</stop>
    <stop arrival="12:12" departure="12:12">Småstrandgaten</stop>
    <stop arrival="12:13" departure="12:13">Nygaten</stop>
    <stop arrival="12:14" departure="12:14">Statsporten (jernbanen)</stop>
    <stop arrival="12:17" departure="12:17">Kalfarlien</stop>
    <stop arrival="12:18" departure="12:18">Kalvedalsveien</stop>
    <stop arrival="12:19" departure="12:19">Svartediksveien</stop>
    <stop arrival="12:20" departure="12:20">Statsarkivet</stop>
    <stop arrival="12:21" departure="12:21">Haraldsplass sykehus</stop>
    <stop arrival="12:22" departure="12:22">Haukeland sykehus nord</stop>
    <stop arrival="12:24" departure="12:24">Haukeland sykehus sør</stop>
    <stop arrival="12:25" departure="12:25">Fridalen</stop>
    <stop arrival="12:27" departure="12:27">Langhaugen</stop>
    <stop arrival="12:28" departure="12:28">Lærerskolen, Landås</stop>
    <stop arrival="12:30" departure="12:30">Lægdene</stop>
    <stop arrival="12:30" departure="12:30">Lægdenesvingen</stop>
    <stop arrival="12:31" departure="12:31">Montana</stop>
    <stop arrival="12:32" departure="12:32">Sollien v/nr. 57</stop>
    <stop arrival="12:32" departure="12:32">Sollien v/nr. 87</stop>
    <stop arrival="12:33" departure="12:33">Sollien v/nr. 126</stop>
    <stop arrival="12:33" departure="12:33">Kanonhaugen</stop>
    <stop arrival="12:34" departure="12:34">Kolstien</stop>
    <stop arrival="12:34" departure="12:34">Strimmelen</stop>
    <stop arrival="12:35">Mannsverk vognstasjon</stop>
  </route>
  <route no="31" destination="Mannsverk vognstasjon" url="http://www.web2051.no/bin/tp/zuginfo.exe/on/309852/107699/620062/206751/1/" trafficDays="kjører Lø, ikke 1. Mai">
    <stop departure="11:45" routeNo="31">Varden</stop>
    <stop arrival="11:46" departure="11:46">Vardeveien</stop>
    <stop arrival="11:46" departure="11:46">Vardesvingen</stop>
    <stop arrival="11:47" departure="11:47">Varden skole</stop>
    <stop arrival="11:48" departure="11:48">Allestadveien</stop>
    <stop arrival="11:48" departure="11:48">Allestadhaugen</stop>
    <stop arrival="11:49" departure="11:49">Hesjaholtet</stop>
    <stop arrival="11:50" departure="11:50">Allestadhaugen</stop>
    <stop arrival="11:50" departure="11:50">Allestadveien</stop>
    <stop arrival="11:52" departure="11:52">Myrholtet</stop>
    <stop arrival="11:52" departure="11:52">Krokatjønnveien</stop>
    <stop arrival="11:53" departure="11:53">St.Hanshaugen</stop>
    <stop arrival="11:54" departure="11:54">Skarphaugen</stop>
    <stop arrival="11:55" departure="11:55">Oasen Terminal</stop>
    <stop arrival="11:56" departure="11:56">Løvås</stop>
    <stop arrival="11:56" departure="11:56">Nebbeveien</stop>
    <stop arrival="11:57" departure="11:57">Hamregården</stop>
    <stop arrival="11:58" departure="11:58">Sikthaugen</stop>
    <stop arrival="12:02" departure="12:02">Gyldenpris</stop>
    <stop arrival="12:04" departure="12:04">Møhlenpris v/ Industrihuset</stop>
    <stop arrival="12:06" departure="12:06">Nøstet</stop>
    <stop arrival="12:10" departure="12:10">Strandgaten (Svaneapoteket)</stop>
    <stop arrival="12:15" departure="12:15">Småstrandgaten</stop>
    <stop arrival="12:16" departure="12:16">Nygaten</stop>
    <stop arrival="12:17" departure="12:17">Statsporten (jernbanen)</stop>
    <stop arrival="12:20" departure="12:20">Kalfarlien</stop>
    <stop arrival="12:21" departure="12:21">Kalvedalsveien</stop>
    <stop arrival="12:22" departure="12:22">Svartediksveien</stop>
    <stop arrival="12:23" departure="12:23">Statsarkivet</stop>
    <stop arrival="12:24" departure="12:24">Haraldsplass sykehus</stop>
    <stop arrival="12:25" departure="12:25">Haukeland sykehus nord</stop>
    <stop arrival="12:27" departure="12:27">Haukeland sykehus sør</stop>
    <stop arrival="12:28" departure="12:28">Fridalen</stop>
    <stop arrival="12:29" departure="12:29">Langhaugen</stop>
    <stop arrival="12:31" departure="12:31">Lærerskolen, Landås</stop>
    <stop arrival="12:32" departure="12:32">Lægdene</stop>
    <stop arrival="12:33" departure="12:33">Lægdenesvingen</stop>
    <stop arrival="12:33" departure="12:33">Montana</stop>
    <stop arrival="12:34" departure="12:34">Sollien v/nr. 57</stop>
    <stop arrival="12:35" departure="12:35">Sollien v/nr. 87</stop>
    <stop arrival="12:35" departure="12:35">Sollien v/nr. 126</stop>
    <stop arrival="12:36" departure="12:36">Kanonhaugen</stop>
    <stop arrival="12:36" departure="12:36">Kolstien</stop>
    <stop arrival="12:37" departure="12:37">Strimmelen</stop>
    <stop arrival="12:38">Mannsverk vognstasjon</stop>
  </route>
  <route no="31" destination="Varden" url="http://www.web2051.no/bin/tp/zuginfo.exe/on/940305/317851/84952/270964/1/" trafficDays="kjører Lø, ikke 1. Mai">
    <stop departure="12:40" routeNo="31">Mannsverk vognstasjon</stop>
    <stop arrival="12:40" departure="12:40">Wiers -Jenssens vei</stop>
    <stop arrival="12:41" departure="12:41">Strimmelen</stop>
    <stop arrival="12:42" departure="12:42">Kolstien</stop>
    <stop arrival="12:44" departure="12:44">Kanonhaugen</stop>
    <stop arrival="12:45" departure="12:45">Lægdene</stop>
    <stop arrival="12:45" departure="12:45">Lægdenesvingen</stop>
    <stop arrival="12:46" departure="12:46">Montana</stop>
    <stop arrival="12:46" departure="12:46">Sollien v/nr. 57</stop>
    <stop arrival="12:47" departure="12:47">Sollien v/nr. 87</stop>
    <stop arrival="12:47" departure="12:47">Sollien v/nr. 126</stop>
    <stop arrival="12:47" departure="12:47">Lægdene</stop>
    <stop arrival="12:48" departure="12:48">Lærerskolen, Landås</stop>
    <stop arrival="12:48" departure="12:48">Langhaugen</stop>
    <stop arrival="12:49" departure="12:49">Fridalen</stop>
    <stop arrival="12:49" departure="12:49">Haukeland sykehus sør</stop>
    <stop arrival="12:50" departure="12:50">Haukeland sykehus nord</stop>
    <stop arrival="12:50" departure="12:50">Haraldsplass sykehus</stop>
    <stop arrival="12:51" departure="12:51">Haukeland skole</stop>
    <stop arrival="12:53" departure="12:53">Svartediksveien</stop>
    <stop arrival="12:54" departure="12:54">Kalvedalsveien</stop>
    <stop arrival="12:56" departure="12:56">Kalfarlien</stop>
    <stop arrival="12:57" departure="12:57">Stadsporten (jernbanen)</stop>
    <stop arrival="12:59" departure="12:59">Kong Oscars gate</stop>
    <stop arrival="13:00" departure="13:00">Allehelgensgate</stop>
    <stop arrival="13:05" departure="13:05">Olav Kyrres gate</stop>
    <stop arrival="13:08" departure="13:08">Møhlenpris v/ Industrihuset</stop>
    <stop arrival="13:10" departure="13:10">Gyldenpris</stop>
    <stop arrival="13:14" departure="13:14">Løvstakktunnelen</stop>
    <stop arrival="13:15" departure="13:15">Sikthaugen</stop>
    <stop arrival="13:16" departure="13:16">Hamregården</stop>
    <stop arrival="13:16" departure="13:16">Nebbeveien</stop>
    <stop arrival="13:17" departure="13:17">Løvås</stop>
    <stop arrival="13:18" departure="13:18">Oasen Terminal</stop>
    <stop arrival="13:19" departure="13:19">Skarphaugen</stop>
    <stop arrival="13:20" departure="13:20">St.Hanshaugen</stop>
    <stop arrival="13:21" departure="13:21">Krokatjønnveien</stop>
    <stop arrival="13:21" departure="13:21">Myrholtet</stop>
    <stop arrival="13:22" departure="13:22">Allestadveien</stop>
    <stop arrival="13:22" departure="13:22">Allestadhaugen</stop>
    <stop arrival="13:23" departure="13:23">Hesjaholtet</stop>
    <stop arrival="13:24" departure="13:24">Allestadhaugen</stop>
    <stop arrival="13:25" departure="13:25">Allestadveien</stop>
    <stop arrival="13:26" departure="13:26">Varden skole</stop>
    <stop arrival="13:27" departure="13:27">Vardesvingen</stop>
    <stop arrival="13:27" departure="13:27">Vardeveien</stop>
    <stop arrival="13:28">Varden</stop>
  </route>
  <route no="31" destination="Varden" url="http://www.web2051.no/bin/tp/zuginfo.exe/on/11106/8149/422090/207347/1/" trafficDays="kjører Ma - Fr, ikke 13., 17., 24. Mai">
    <stop departure="12:43" routeNo="31">Mannsverk vognstasjon</stop>
    <stop arrival="12:43" departure="12:43">Wiers -Jenssens vei</stop>
    <stop arrival="12:44" departure="12:44">Strimmelen</stop>
    <stop arrival="12:45" departure="12:45">Kolstien</stop>
    <stop arrival="12:47" departure="12:47">Kanonhaugen</stop>
    <stop arrival="12:48" departure="12:48">Lægdene</stop>
    <stop arrival="12:48" departure="12:48">Lægdenesvingen</stop>
    <stop arrival="12:49" departure="12:49">Montana</stop>
    <stop arrival="12:50" departure="12:50">Sollien v/nr. 57</stop>
    <stop arrival="12:50" departure="12:50">Sollien v/nr. 87</stop>
    <stop arrival="12:51" departure="12:51">Sollien v/nr. 126</stop>
    <stop arrival="12:51" departure="12:51">Lægdene</stop>
    <stop arrival="12:52" departure="12:52">Lærerskolen, Landås</stop>
    <stop arrival="12:53" departure="12:53">Langhaugen</stop>
    <stop arrival="12:53" departure="12:53">Fridalen</stop>
    <stop arrival="12:54" departure="12:54">Haukeland sykehus sør</stop>
    <stop arrival="12:55" departure="12:55">Haukeland sykehus nord</stop>
    <stop arrival="12:55" departure="12:55">Haraldsplass sykehus</stop>
    <stop arrival="12:56" departure="12:56">Haukeland skole</stop>
    <stop arrival="12:58" departure="12:58">Svartediksveien</stop>
    <stop arrival="12:59" departure="12:59">Kalvedalsveien</stop>
    <stop arrival="13:01" departure="13:01">Kalfarlien</stop>
    <stop arrival="13:02" departure="13:02">Stadsporten (jernbanen)</stop>
    <stop arrival="13:04" departure="13:04">Kong Oscars gate</stop>
    <stop arrival="13:05" departure="13:05">Allehelgensgate</stop>
    <stop arrival="13:10" departure="13:10">Olav Kyrres gate</stop>
    <stop arrival="13:13" departure="13:13">Møhlenpris v/ Industrihuset</stop>
    <stop arrival="13:15" departure="13:15">Gyldenpris</stop>
    <stop arrival="13:18" departure="13:18">Løvstakktunnelen</stop>
    <stop arrival="13:19" departure="13:19">Sikthaugen</stop>
    <stop arrival="13:19" departure="13:19">Hamregården</stop>
    <stop arrival="13:20" departure="13:20">Nebbeveien</stop>
    <stop arrival="13:20" departure="13:20">Løvås</stop>
    <stop arrival="13:21" departure="13:21">Oasen Terminal</stop>
    <stop arrival="13:22" departure="13:22">Skarphaugen</stop>
    <stop arrival="13:23" departure="13:23">St.Hanshaugen</stop>
    <stop arrival="13:24" departure="13:24">Krokatjønnveien</stop>
    <stop arrival="13:24" departure="13:24">Myrholtet</stop>
    <stop arrival="13:25" departure="13:25">Allestadveien</stop>
    <stop arrival="13:25" departure="13:25">Allestadhaugen</stop>
    <stop arrival="13:26" departure="13:26">Hesjaholtet</stop>
    <stop arrival="13:27" departure="13:27">Allestadhaugen</stop>
    <stop arrival="13:28" departure="13:28">Allestadveien</stop>
    <stop arrival="13:29" departure="13:29">Varden skole</stop>
    <stop arrival="13:30" departure="13:30">Vardesvingen</stop>
    <stop arrival="13:30" departure="13:30">Vardeveien</stop>
    <stop arrival="13:31">Varden</stop>
  </route>
</routes>
