<?xml version="1.0" encoding="UTF-8"?>
<routes>
  <route no="567" destination="Os - Osøyro" url="http://www.web2051.no/bin/tp/zuginfo.exe/on/46287/21035/257536/113339/1/" trafficDays="kjører Ma - Fr, ikke 13., 17., 24. Mai">
    <stop departure="12:15" routeNo="567">Lysekloster skule</stop>
    <stop arrival="12:15" departure="12:15">Søvik (Os)</stop>
    <stop arrival="12:15" departure="12:15">Søvik (Os)</stop>
    <stop arrival="12:16" departure="12:16">Søvik (Os)</stop>
    <stop arrival="12:16" departure="12:16">Buena</stop>
    <stop arrival="12:17" departure="12:17">Smeabakken</stop>
    <stop arrival="12:18" departure="12:18">Lysekloster gård</stop>
    <stop arrival="12:18" departure="12:18">Lysekloster ruiner</stop>
    <stop arrival="12:19" departure="12:19">Langedalen</stop>
    <stop arrival="12:20" departure="12:20">Åsen (Os)</stop>
    <stop arrival="12:21" departure="12:21">Åsen (Os)</stop>
    <stop arrival="12:22" departure="12:22">Åsen vegkryss (Os)</stop>
    <stop arrival="12:24" departure="12:24">Ulven leir</stop>
    <stop arrival="12:27" departure="12:27">Os Vidaregåande skule</stop>
    <stop arrival="12:29" departure="12:29">Kolskogen</stop>
    <stop arrival="12:30" departure="12:30">Tøsdalskiftet</stop>
    <stop arrival="12:31" departure="12:31">Flåten Senter</stop>
    <stop arrival="12:32" departure="12:32">Flåten (Os)</stop>
    <stop arrival="12:33" departure="12:33">Kuven</stop>
    <stop arrival="12:34" departure="12:34">Fjellheim</stop>
    <stop arrival="12:35">Os - Osøyro</stop>
  </route>
  <route no="626" destination="Os - Osøyro" url="http://www.web2051.no/bin/tp/zuginfo.exe/on/700329/239296/114354/176267/1/" trafficDays="kjører Ma - Fr, ikke 13., 17., 24. Mai">
    <stop departure="12:30" routeNo="626">Røttingen snuplass</stop>
    <stop arrival="12:31" departure="12:31">Hauane (Røtinga)</stop>
    <stop arrival="12:32" departure="12:32">Bruarøy Ungdomshuset</stop>
    <stop arrival="12:33" departure="12:33">Bruarøy</stop>
    <stop arrival="12:33" departure="12:33">Sundøy</stop>
    <stop arrival="12:35" departure="12:35">Lepsøy kai</stop>
    <stop arrival="12:36" departure="12:36">Lepsøy</stop>
    <stop arrival="12:37" departure="12:37">Blindesund</stop>
    <stop arrival="12:39" departure="12:39">Storumhammeren</stop>
    <stop arrival="12:39" departure="12:39">Storum (Os)</stop>
    <stop arrival="12:40" departure="12:40">Ravneberghaugen</stop>
    <stop arrival="12:40" departure="12:40">Grindevoll</stop>
    <stop arrival="12:40" departure="12:40">Grindevoll snuplass</stop>
    <stop arrival="12:41" departure="12:41">Skeie (Os)</stop>
    <stop arrival="12:41" departure="12:41">Nore Neset skule</stop>
    <stop arrival="12:42" departure="12:42">Irgenskryss</stop>
    <stop arrival="12:43" departure="12:43">Ådnadalen</stop>
    <stop arrival="12:44" departure="12:44">Vaksinen</stop>
    <stop arrival="12:45" departure="12:45">Ulvensletta</stop>
    <stop arrival="12:47" departure="12:47">Os Vidaregåande skule</stop>
    <stop arrival="12:49" departure="12:49">Kolskogen</stop>
    <stop arrival="12:50" departure="12:50">Tøsdalskiftet</stop>
    <stop arrival="12:51" departure="12:51">Flåten Senter</stop>
    <stop arrival="12:52" departure="12:52">Flåten (Os)</stop>
    <stop arrival="12:53" departure="12:53">Kuven</stop>
    <stop arrival="12:54" departure="12:54">Fjellheim</stop>
    <stop arrival="12:55">Os - Osøyro</stop>
  </route>
</routes>
