<?xml version="1.0" encoding="UTF-8"?>
<routes>
  <route no="459" destination="Tælavåg snuplass" url="http://www.web2051.no/bin/tp/zuginfo.exe/on/328410/111691/633296/207178/1/" trafficDays="kjører Ma - Fr, ikke 13., 17., 24. Mai">
    <stop departure="11:40" routeNo="459">Bergen Busstasjon</stop>
    <stop arrival="11:41" departure="11:41">Olav Kyrres gate</stop>
    <stop arrival="11:43" departure="11:43">Møhlenpris v/ Industrihuset</stop>
    <stop arrival="11:48" departure="11:48">Lyngbø Motorvei R555</stop>
    <stop arrival="11:54" departure="11:54">Frida Fasmer R555</stop>
    <stop arrival="11:55" departure="11:55">Storavatnet term.</stop>
    <stop arrival="11:57" departure="11:57">Breivikskiftet</stop>
    <stop arrival="11:58" departure="11:58">Drotningsvik Rv 555</stop>
    <stop arrival="12:00" departure="12:00">Knarrevik</stop>
    <stop arrival="12:05" departure="12:05">Straume term.</stop>
    <stop arrival="12:06" departure="12:06">Bildøy</stop>
    <stop arrival="12:09" departure="12:09">Fjell Blommen</stop>
    <stop arrival="12:09" departure="12:09">Fjell Heljedalen</stop>
    <stop arrival="12:10" departure="12:10">Fjell</stop>
    <stop arrival="12:10" departure="12:10">Fjell kyrkje</stop>
    <stop arrival="12:10" departure="12:10">Fjell Leite</stop>
    <stop arrival="12:11" departure="12:11">Fjell Søre</stop>
    <stop arrival="12:11" departure="12:11">Fjell Podlagrinda</stop>
    <stop arrival="12:12" departure="12:12">Fjell Krossleite</stop>
    <stop arrival="12:12" departure="12:12">Fjell søre Krossleite</stop>
    <stop arrival="12:13" departure="12:13">Tellnesskogen</stop>
    <stop arrival="12:14" departure="12:14">Tellnes Bruabrekko</stop>
    <stop arrival="12:15" departure="12:15">Tellnesskiftet</stop>
    <stop arrival="12:15" departure="12:15">Tellnes skule</stop>
    <stop arrival="12:17" departure="12:17">Dala (Fjell)</stop>
    <stop arrival="12:17" departure="12:17">Dala (Fjell)</stop>
    <stop arrival="12:18" departure="12:18">Dalseide (Fjell)</stop>
    <stop arrival="12:23" departure="12:23">Trengereid Slettebakken (Fjell</stop>
    <stop arrival="12:24" departure="12:24">Trengereid (Fjell)</stop>
    <stop arrival="12:25" departure="12:25">Skogsskiftet term.</stop>
    <stop arrival="12:28" departure="12:28">Hammersland (Sund)</stop>
    <stop arrival="12:28" departure="12:28">Hammersland (Sund)</stop>
    <stop arrival="12:29" departure="12:29">Eidesjøen Tveitaneset</stop>
    <stop arrival="12:30" departure="12:30">Eidesjøen</stop>
    <stop arrival="12:31" departure="12:31">Pollen skule</stop>
    <stop arrival="12:32" departure="12:32">Kårevik</stop>
    <stop arrival="12:32" departure="12:32">Kårevik</stop>
    <stop arrival="12:33" departure="12:33">Spildepollen</stop>
    <stop arrival="12:34" departure="12:34">Kausland Sund Auto</stop>
    <stop arrival="12:34" departure="12:34">Kausland industri</stop>
    <stop arrival="12:35" departure="12:35">Kausland (brekko)</stop>
    <stop arrival="12:36" departure="12:36">Kausland gard</stop>
    <stop arrival="12:36" departure="12:36">Kausland kyrkje</stop>
    <stop arrival="12:36" departure="12:36">Kausland (Lunde)</stop>
    <stop arrival="12:38" departure="12:38">Glesnes Skule</stop>
    <stop arrival="12:39" departure="12:39">Glesvær (Elva)</stop>
    <stop arrival="12:39" departure="12:39">Glesvær (Slettebergsmauget)</stop>
    <stop arrival="12:39" departure="12:39">Glesvær (Vollakrysset)</stop>
    <stop arrival="12:40" departure="12:40">Glesvær snuplass</stop>
    <stop arrival="12:40" departure="12:40">Glesvær (Vollakrysset)</stop>
    <stop arrival="12:41" departure="12:41">Glesvær (Slettebergsmauget)</stop>
    <stop arrival="12:41" departure="12:41">Glesvær (Elva)</stop>
    <stop arrival="12:41" departure="12:41">Glesnes Skule</stop>
    <stop arrival="12:43" departure="12:43">Kausland (Lunde)</stop>
    <stop arrival="12:43" departure="12:43">Kausland kyrkje</stop>
    <stop arrival="12:44" departure="12:44">Kausland gard</stop>
    <stop arrival="12:44" departure="12:44">Kausland (brekko)</stop>
    <stop arrival="12:45" departure="12:45">Kausland industri</stop>
    <stop arrival="12:45" departure="12:45">Kausland Sund Auto</stop>
    <stop arrival="12:46" departure="12:46">Spildepollen</stop>
    <stop arrival="12:47" departure="12:47">Asphaug</stop>
    <stop arrival="12:49" departure="12:49">Tælavåg gravplass</stop>
    <stop arrival="12:51" departure="12:51">Tælavåg Sælstø</stop>
    <stop arrival="12:51" departure="12:51">Tælavåg Museum (Idrettsplass)</stop>
    <stop arrival="12:52" departure="12:52">Tælavåg Nipa byggefelt</stop>
    <stop arrival="12:52" departure="12:52">Tælavåg Nipa</stop>
    <stop arrival="12:53" departure="12:53">Tælavåg bedehus</stop>
    <stop arrival="12:53" departure="12:53">Tælavåg Telle</stop>
    <stop arrival="12:53" departure="12:53">Tælavåg skule</stop>
    <stop arrival="12:54" departure="12:54">Tælavåg Midttveit</stop>
    <stop arrival="12:54" departure="12:54">Tælavåg Øvretveit (brekko)</stop>
    <stop arrival="12:55" departure="12:55">Tælavåg Øvretveit</stop>
    <stop arrival="12:55">Tælavåg snuplass</stop>
  </route>
  <route no="465" destination="Ågotnes terminal" url="http://www.web2051.no/bin/tp/zuginfo.exe/on/275790/94236/298002/57072/1/" trafficDays="kjører Lø, ikke 1. Mai">
    <stop departure="11:40" routeNo="465">Bergen Busstasjon</stop>
    <stop arrival="11:41" departure="11:41">Olav Kyrres gate</stop>
    <stop arrival="11:43" departure="11:43">Møhlenpris v/ Industrihuset</stop>
    <stop arrival="11:48" departure="11:48">Lyngbø Motorvei R555</stop>
    <stop arrival="11:54" departure="11:54">Frida Fasmer R555</stop>
    <stop arrival="11:55" departure="11:55">Storavatnet term.</stop>
    <stop arrival="11:57" departure="11:57">Breivikskiftet</stop>
    <stop arrival="11:58" departure="11:58">Drotningsvik Rv 555</stop>
    <stop arrival="12:00" departure="12:00">Knarrevik</stop>
    <stop arrival="12:05" departure="12:05">Straume term.</stop>
    <stop arrival="12:07" departure="12:07">Bildøy</stop>
    <stop arrival="12:11" departure="12:11">Fjell Blommen</stop>
    <stop arrival="12:11" departure="12:11">Fjell Heljedalen</stop>
    <stop arrival="12:12" departure="12:12">Fjell</stop>
    <stop arrival="12:12" departure="12:12">Fjell kyrkje</stop>
    <stop arrival="12:13" departure="12:13">Fjell Kleivane</stop>
    <stop arrival="12:14" departure="12:14">Fjell Prestasmauet</stop>
    <stop arrival="12:14" departure="12:14">Fjell Litlakvilet</stop>
    <stop arrival="12:15" departure="12:15">Ulveseth</stop>
    <stop arrival="12:16" departure="12:16">Ulveseth skule</stop>
    <stop arrival="12:16" departure="12:16">Ytre Ulveseth</stop>
    <stop arrival="12:17" departure="12:17">Møvik Halsvarden (Fjell)</stop>
    <stop arrival="12:18" departure="12:18">Møvik, Åse kryss</stop>
    <stop arrival="12:19" departure="12:19">Møvik (Fjell)</stop>
    <stop arrival="12:19" departure="12:19">Møvik, Leirvik</stop>
    <stop arrival="12:20" departure="12:20">Skålevik utmark (Fjell)</stop>
    <stop arrival="12:21" departure="12:21">Skålevik gravplass (Fjell)</stop>
    <stop arrival="12:21" departure="12:21">Skålevik stølen (Fjell)</stop>
    <stop arrival="12:22" departure="12:22">Skålevik Kuaneset (Fjell)</stop>
    <stop arrival="12:23" departure="12:23">Skålevik skule (Fjell)</stop>
    <stop arrival="12:23" departure="12:23">Algrøy kryss</stop>
    <stop arrival="12:24" departure="12:24">Sekkingstad (Apalvågen)</stop>
    <stop arrival="12:25" departure="12:25">Sekkingstad (Lillebø)</stop>
    <stop arrival="12:25" departure="12:25">Sekkingstad (bakketoppen)</stop>
    <stop arrival="12:26" departure="12:26">Sekkingstad (butikken)</stop>
    <stop arrival="12:27" departure="12:27">Sekkingstad (Skjenavatne)</stop>
    <stop arrival="12:27" departure="12:27">Sekkingstad (Møyvatn)</stop>
    <stop arrival="12:28" departure="12:28">Sekkingstad Glattkjøringsbane</stop>
    <stop arrival="12:29" departure="12:29">Kårtveit (Nymark)</stop>
    <stop arrival="12:30" departure="12:30">Kårtveit (Snekkerbua)</stop>
    <stop arrival="12:31" departure="12:31">Kårtveit Eide kryss</stop>
    <stop arrival="12:31" departure="12:31">Kårtveit Eide butikk</stop>
    <stop arrival="12:32" departure="12:32">Kårtveit (Fjell)</stop>
    <stop arrival="12:32" departure="12:32">Kårtveit Nordli</stop>
    <stop arrival="12:34" departure="12:34">Kårtveit (gamleskule)</stop>
    <stop arrival="12:35">Ågotnes terminal</stop>
  </route>
  <route no="442" destination="Bergen Busstasjon" url="http://www.web2051.no/bin/tp/zuginfo.exe/on/446595/150797/334362/18316/1/" trafficDays="kjører Lø, ikke 1. Mai">
    <stop departure="11:45" routeNo="442">Brattholmen snuplass</stop>
    <stop arrival="11:46" departure="11:46">Brattholmen skule</stop>
    <stop arrival="11:47" departure="11:47">Brattholmen (garasjen)</stop>
    <stop arrival="11:48" departure="11:48">Storskaret (Fjell)</stop>
    <stop arrival="11:49" departure="11:49">Danielsen skole (Fjell)</stop>
    <stop arrival="11:50" departure="11:50">Straume søre (Fjell)</stop>
    <stop arrival="11:52" departure="11:52">Instamyra (Fjell)</stop>
    <stop arrival="11:56" departure="11:56">Lonavegen (Fjell)</stop>
    <stop arrival="12:00" departure="12:00">Straume term.</stop>
    <stop arrival="12:03" departure="12:03">Knarrevik</stop>
    <stop arrival="12:06" departure="12:06">Drotningsvik Rv 555</stop>
    <stop arrival="12:07" departure="12:07">Breivikskiftet</stop>
    <stop arrival="12:10" departure="12:10">Storavatnet term.</stop>
    <stop arrival="12:11" departure="12:11">Frida Fasmer</stop>
    <stop arrival="12:17" departure="12:17">Lyngbø Motorvei R555</stop>
    <stop arrival="12:22" departure="12:22">Møhlenpris v/ Industrihuset</stop>
    <stop arrival="12:24" departure="12:24">Nygårdsgaten</stop>
    <stop arrival="12:25">Bergen Busstasjon</stop>
  </route>
  <route no="442" destination="Bergen Busstasjon" url="http://www.web2051.no/bin/tp/zuginfo.exe/on/825030/276943/460272/44874/1/" trafficDays="kjører">
    <stop departure="11:45" routeNo="442">Brattholmen snuplass</stop>
    <stop arrival="11:46" departure="11:46">Brattholmen skule</stop>
    <stop arrival="11:47" departure="11:47">Brattholmen (garasjen)</stop>
    <stop arrival="11:48" departure="11:48">Storskaret (Fjell)</stop>
    <stop arrival="11:49" departure="11:49">Danielsen skole (Fjell)</stop>
    <stop arrival="11:50" departure="11:50">Straume søre (Fjell)</stop>
    <stop arrival="11:52" departure="11:52">Instamyra (Fjell)</stop>
    <stop arrival="11:56" departure="11:56">Lonavegen (Fjell)</stop>
    <stop arrival="12:00" departure="12:00">Straume term.</stop>
    <stop arrival="12:03" departure="12:03">Knarrevik</stop>
    <stop arrival="12:06" departure="12:06">Drotningsvik Rv 555</stop>
    <stop arrival="12:07" departure="12:07">Breivikskiftet</stop>
    <stop arrival="12:10" departure="12:10">Storavatnet term.</stop>
    <stop arrival="12:11" departure="12:11">Frida Fasmer</stop>
    <stop arrival="12:17" departure="12:17">Lyngbø Motorvei R555</stop>
    <stop arrival="12:22" departure="12:22">Møhlenpris v/ Industrihuset</stop>
    <stop arrival="12:24" departure="12:24">Christies gate (Festplassen)</stop>
    <stop arrival="12:25">Bergen Busstasjon</stop>
  </route>
  <route no="459" destination="Bergen Busstasjon" url="http://www.web2051.no/bin/tp/zuginfo.exe/on/702234/236327/967056/249450/1/" trafficDays="kjører Ma - Fr, ikke 13., 17., 24. Mai">
    <stop departure="11:05" routeNo="459">Tælavåg snuplass</stop>
    <stop arrival="11:05" departure="11:05">Tælavåg Øvretveit</stop>
    <stop arrival="11:06" departure="11:06">Tælavåg Øvretveit (brekko)</stop>
    <stop arrival="11:06" departure="11:06">Tælavåg Midttveit</stop>
    <stop arrival="11:07" departure="11:07">Tælavåg skule</stop>
    <stop arrival="11:07" departure="11:07">Tælavåg Telle</stop>
    <stop arrival="11:07" departure="11:07">Tælavåg bedehus</stop>
    <stop arrival="11:08" departure="11:08">Tælavåg Nipa</stop>
    <stop arrival="11:08" departure="11:08">Tælavåg Nipa byggefelt</stop>
    <stop arrival="11:09" departure="11:09">Tælavåg Museum (Idrettsplass)</stop>
    <stop arrival="11:09" departure="11:09">Tælavåg Sælstø</stop>
    <stop arrival="11:11" departure="11:11">Tælavåg gravplass</stop>
    <stop arrival="11:12" departure="11:12">Asphaug</stop>
    <stop arrival="11:14" departure="11:14">Spildepollen</stop>
    <stop arrival="11:15" departure="11:15">Kausland Sund Auto</stop>
    <stop arrival="11:15" departure="11:15">Kausland industri</stop>
    <stop arrival="11:16" departure="11:16">Kausland (brekko)</stop>
    <stop arrival="11:16" departure="11:16">Kausland gard</stop>
    <stop arrival="11:17" departure="11:17">Kausland kyrkje</stop>
    <stop arrival="11:17" departure="11:17">Kausland (Lunde)</stop>
    <stop arrival="11:18" departure="11:18">Glesnes Skule</stop>
    <stop arrival="11:19" departure="11:19">Glesvær (Elva)</stop>
    <stop arrival="11:19" departure="11:19">Glesvær (Slettebergsmauget)</stop>
    <stop arrival="11:20" departure="11:20">Glesvær (Vollakrysset)</stop>
    <stop arrival="11:20" departure="11:20">Glesvær snuplass</stop>
    <stop arrival="11:20" departure="11:20">Glesvær (Vollakrysset)</stop>
    <stop arrival="11:21" departure="11:21">Glesvær (Slettebergsmauget)</stop>
    <stop arrival="11:21" departure="11:21">Glesvær (Elva)</stop>
    <stop arrival="11:22" departure="11:22">Glesnes Skule</stop>
    <stop arrival="11:24" departure="11:24">Kausland (Lunde)</stop>
    <stop arrival="11:24" departure="11:24">Kausland kyrkje</stop>
    <stop arrival="11:24" departure="11:24">Kausland gard</stop>
    <stop arrival="11:25" departure="11:25">Kausland (brekko)</stop>
    <stop arrival="11:25" departure="11:25">Kausland industri</stop>
    <stop arrival="11:26" departure="11:26">Kausland Sund Auto</stop>
    <stop arrival="11:27" departure="11:27">Spildepollen</stop>
    <stop arrival="11:28" departure="11:28">Kårevik</stop>
    <stop arrival="11:28" departure="11:28">Kårevik</stop>
    <stop arrival="11:29" departure="11:29">Pollen skule</stop>
    <stop arrival="11:30" departure="11:30">Eidesjøen</stop>
    <stop arrival="11:32" departure="11:32">Eidesjøen Tveitaneset</stop>
    <stop arrival="11:34" departure="11:34">Hammersland (Sund)</stop>
    <stop arrival="11:35" departure="11:35">Hammersland (Sund)</stop>
    <stop arrival="11:40" departure="11:40">Skogsskiftet term.</stop>
    <stop arrival="11:41" departure="11:41">Trengereid (Fjell)</stop>
    <stop arrival="11:41" departure="11:41">Trengereid Slettebakken (Fjell</stop>
    <stop arrival="11:43" departure="11:43">Dalseide (Fjell)</stop>
    <stop arrival="11:44" departure="11:44">Dala (Fjell)</stop>
    <stop arrival="11:44" departure="11:44">Dala (Fjell)</stop>
    <stop arrival="11:45" departure="11:45">Tellnes skule</stop>
    <stop arrival="11:45" departure="11:45">Tellnesskiftet</stop>
    <stop arrival="11:46" departure="11:46">Tellnes Bruabrekko</stop>
    <stop arrival="11:47" departure="11:47">Tellnesskogen</stop>
    <stop arrival="11:48" departure="11:48">Fjell søre Krossleite</stop>
    <stop arrival="11:48" departure="11:48">Fjell Krossleite</stop>
    <stop arrival="11:49" departure="11:49">Fjell Podlagrinda</stop>
    <stop arrival="11:49" departure="11:49">Fjell Søre</stop>
    <stop arrival="11:50" departure="11:50">Fjell Leite</stop>
    <stop arrival="11:50" departure="11:50">Fjell kyrkje</stop>
    <stop arrival="11:50" departure="11:50">Fjell</stop>
    <stop arrival="11:51" departure="11:51">Fjell Heljedalen</stop>
    <stop arrival="11:52" departure="11:52">Fjell Blommen</stop>
    <stop arrival="11:58" departure="11:58">Bildøy</stop>
    <stop arrival="12:00" departure="12:00">Straume term.</stop>
    <stop arrival="12:03" departure="12:03">Knarrevik</stop>
    <stop arrival="12:05" departure="12:05">Drotningsvik Rv 555</stop>
    <stop arrival="12:06" departure="12:06">Breivikskiftet</stop>
    <stop arrival="12:09" departure="12:09">Frida Fasmer</stop>
    <stop arrival="12:13" departure="12:13">Lyngbø Motorvei R555</stop>
    <stop arrival="12:17" departure="12:17">Møhlenpris v/ Industrihuset</stop>
    <stop arrival="12:19" departure="12:19">Nygårdsgaten</stop>
    <stop arrival="12:20">Bergen Busstasjon</stop>
  </route>
  <route no="468" destination="Bergen Busstasjon" url="http://www.web2051.no/bin/tp/zuginfo.exe/on/721089/242763/116092/182317/1/" trafficDays="kjører Lø, ikke 1. Mai">
    <stop departure="11:35" routeNo="468">Ågotnes terminal</stop>
    <stop arrival="11:36" departure="11:36">Ågotnes Kryss CCB</stop>
    <stop arrival="11:36" departure="11:36">Ågotnes Maggevarden</stop>
    <stop arrival="11:37" departure="11:37">Ågotnes</stop>
    <stop arrival="11:38" departure="11:38">Ågotnes Vanntanken</stop>
    <stop arrival="11:40" departure="11:40">Spjeldbrekko</stop>
    <stop arrival="11:41" departure="11:41">Spjeld</stop>
    <stop arrival="11:41" departure="11:41">Ormevik</stop>
    <stop arrival="11:42" departure="11:42">Knappskog</stop>
    <stop arrival="11:43" departure="11:43">Fjæreide kryss</stop>
    <stop arrival="11:45" departure="11:45">Knappskog utmark</stop>
    <stop arrival="11:46" departure="11:46">Morlandstø</stop>
    <stop arrival="11:47" departure="11:47">Morland ved bensinstasjon</stop>
    <stop arrival="11:48" departure="11:48">Kolltveit senter</stop>
    <stop arrival="11:49" departure="11:49">Kolltveit kai</stop>
    <stop arrival="11:50" departure="11:50">Kolltveit Bergasletto</stop>
    <stop arrival="11:51" departure="11:51">Kolltveit sør</stop>
    <stop arrival="11:51" departure="11:51">Kolltveit ved skulen</stop>
    <stop arrival="11:52" departure="11:52">Kolltveit kryss</stop>
    <stop arrival="11:53" departure="11:53">Døsjeskiftet</stop>
    <stop arrival="11:54" departure="11:54">Bildøy bro</stop>
    <stop arrival="11:56" departure="11:56">Bildøy</stop>
    <stop arrival="12:00" departure="12:00">Straume term.</stop>
    <stop arrival="12:03" departure="12:03">Knarrevik</stop>
    <stop arrival="12:06" departure="12:06">Drotningsvik Rv 555</stop>
    <stop arrival="12:07" departure="12:07">Breivikskiftet</stop>
    <stop arrival="12:10" departure="12:10">Storavatnet term.</stop>
    <stop arrival="12:11" departure="12:11">Frida Fasmer</stop>
    <stop arrival="12:17" departure="12:17">Lyngbø Motorvei R555</stop>
    <stop arrival="12:22" departure="12:22">Møhlenpris v/ Industrihuset</stop>
    <stop arrival="12:24" departure="12:24">Nygårdsgaten</stop>
    <stop arrival="12:25">Bergen Busstasjon</stop>
  </route>
  <route no="468" destination="Bergen Busstasjon" url="http://www.web2051.no/bin/tp/zuginfo.exe/on/703350/236851/590350/60725/1/" trafficDays="kjører">
    <stop departure="11:35" routeNo="468">Ågotnes terminal</stop>
    <stop arrival="11:36" departure="11:36">Ågotnes Kryss CCB</stop>
    <stop arrival="11:36" departure="11:36">Ågotnes Maggevarden</stop>
    <stop arrival="11:37" departure="11:37">Ågotnes</stop>
    <stop arrival="11:38" departure="11:38">Ågotnes Vanntanken</stop>
    <stop arrival="11:40" departure="11:40">Spjeldbrekko</stop>
    <stop arrival="11:41" departure="11:41">Spjeld</stop>
    <stop arrival="11:41" departure="11:41">Ormevik</stop>
    <stop arrival="11:42" departure="11:42">Knappskog</stop>
    <stop arrival="11:43" departure="11:43">Fjæreide kryss</stop>
    <stop arrival="11:45" departure="11:45">Knappskog utmark</stop>
    <stop arrival="11:46" departure="11:46">Morlandstø</stop>
    <stop arrival="11:47" departure="11:47">Morland ved bensinstasjon</stop>
    <stop arrival="11:48" departure="11:48">Kolltveit senter</stop>
    <stop arrival="11:49" departure="11:49">Kolltveit kai</stop>
    <stop arrival="11:50" departure="11:50">Kolltveit Bergasletto</stop>
    <stop arrival="11:51" departure="11:51">Kolltveit sør</stop>
    <stop arrival="11:51" departure="11:51">Kolltveit ved skulen</stop>
    <stop arrival="11:52" departure="11:52">Kolltveit kryss</stop>
    <stop arrival="11:53" departure="11:53">Døsjeskiftet</stop>
    <stop arrival="11:54" departure="11:54">Bildøy bro</stop>
    <stop arrival="11:56" departure="11:56">Bildøy</stop>
    <stop arrival="12:00" departure="12:00">Straume term.</stop>
    <stop arrival="12:03" departure="12:03">Knarrevik</stop>
    <stop arrival="12:06" departure="12:06">Drotningsvik Rv 555</stop>
    <stop arrival="12:07" departure="12:07">Breivikskiftet</stop>
    <stop arrival="12:10" departure="12:10">Storavatnet term.</stop>
    <stop arrival="12:11" departure="12:11">Frida Fasmer</stop>
    <stop arrival="12:17" departure="12:17">Lyngbø Motorvei R555</stop>
    <stop arrival="12:22" departure="12:22">Møhlenpris v/ Industrihuset</stop>
    <stop arrival="12:24" departure="12:24">Christies gate (Festplassen)</stop>
    <stop arrival="12:25">Bergen Busstasjon</stop>
  </route>
  <route no="32" destination="Bergen Busstasjon" url="http://www.web2051.no/bin/tp/zuginfo.exe/on/995481/333102/93644/285008/1/" trafficDays="kjører Ma - Fr, ikke 13., 17., 24. Mai">
    <stop departure="12:03" routeNo="32">Straume term.</stop>
    <stop arrival="12:06" departure="12:06">Knarrevik</stop>
    <stop arrival="12:09" departure="12:09">Drotningsvik Rv 555</stop>
    <stop arrival="12:10" departure="12:10">Breivikskiftet</stop>
    <stop arrival="12:13" departure="12:13">Storavatnet term.</stop>
    <stop arrival="12:14" departure="12:14">Frida Fasmer</stop>
    <stop arrival="12:15" departure="12:15">Loddefjorddalen</stop>
    <stop arrival="12:18" departure="12:18">Loddefjord term.</stop>
    <stop arrival="12:19" departure="12:19">Bjørndalstre krysset</stop>
    <stop arrival="12:19" departure="12:19">Bjørndalstræ R557</stop>
    <stop arrival="12:20" departure="12:20">Ravnestølen</stop>
    <stop arrival="12:21" departure="12:21">Sætermyr</stop>
    <stop arrival="12:22" departure="12:22">Bjørndalsskogen</stop>
    <stop arrival="12:23" departure="12:23">Kjerreidviken</stop>
    <stop arrival="12:24" departure="12:24">Bjørge</stop>
    <stop arrival="12:24" departure="12:24">Sandeidbråtet</stop>
    <stop arrival="12:24" departure="12:24">Sandeidet barnehage</stop>
    <stop arrival="12:25" departure="12:25">Sandeide terminal</stop>
    <stop arrival="12:27" departure="12:27">Fyllingsdalsveien v/Shell</stop>
    <stop arrival="12:29" departure="12:29">Skarphaugen</stop>
    <stop arrival="12:30" departure="12:30">Oasen Terminal</stop>
    <stop arrival="12:31" departure="12:31">Løvås</stop>
    <stop arrival="12:32" departure="12:32">Nebbeveien</stop>
    <stop arrival="12:32" departure="12:32">Hamregården</stop>
    <stop arrival="12:33" departure="12:33">Sikthaugen</stop>
    <stop arrival="12:38" departure="12:38">Gyldenpris</stop>
    <stop arrival="12:39" departure="12:39">Møhlenpris v/ Industrihuset</stop>
    <stop arrival="12:42" departure="12:42">Nygårdsgaten</stop>
    <stop arrival="12:45">Bergen Busstasjon</stop>
  </route>
  <route no="445" destination="Anglevik snuplass" url="http://www.web2051.no/bin/tp/zuginfo.exe/on/292956/99668/334416/69556/1/" trafficDays="kjører Ma - Fr, ikke 13., 17., 24. Mai">
    <stop departure="12:10" routeNo="445">Bergen Busstasjon</stop>
    <stop arrival="12:11" departure="12:11">Olav Kyrres gate</stop>
    <stop arrival="12:13" departure="12:13">Møhlenpris v/ Industrihuset</stop>
    <stop arrival="12:18" departure="12:18">Lyngbø Motorvei R555</stop>
    <stop arrival="12:24" departure="12:24">Frida Fasmer R555</stop>
    <stop arrival="12:25" departure="12:25">Storavatnet term.</stop>
    <stop arrival="12:27" departure="12:27">Breivikskiftet</stop>
    <stop arrival="12:28" departure="12:28">Drotningsvik Rv 555</stop>
    <stop arrival="12:30" departure="12:30">Knarrevik</stop>
    <stop arrival="12:35" departure="12:35">Straume term.</stop>
    <stop arrival="12:36" departure="12:36">Storhilleren (Foldnesveg)</stop>
    <stop arrival="12:37" departure="12:37">Åttringavegen</stop>
    <stop arrival="12:38" departure="12:38">Sotraheimen</stop>
    <stop arrival="12:38" departure="12:38">Foldnes Grunnavågen</stop>
    <stop arrival="12:39" departure="12:39">Foldnesvegen</stop>
    <stop arrival="12:40" departure="12:40">Foldnes</stop>
    <stop arrival="12:41" departure="12:41">Vågaleite (Fjell)</stop>
    <stop arrival="12:42" departure="12:42">Våge kryss (Fjell)</stop>
    <stop arrival="12:44" departure="12:44">Anglevik</stop>
    <stop arrival="12:45">Anglevik snuplass</stop>
  </route>
  <route no="455" destination="Forland kai" url="http://www.web2051.no/bin/tp/zuginfo.exe/on/868050/291512/775932/98616/1/" trafficDays="kjører Lø, ikke 1. Mai">
    <stop departure="12:10" routeNo="455">Bergen Busstasjon</stop>
    <stop arrival="12:11" departure="12:11">Olav Kyrres gate</stop>
    <stop arrival="12:13" departure="12:13">Møhlenpris v/ Industrihuset</stop>
    <stop arrival="12:18" departure="12:18">Lyngbø Motorvei R555</stop>
    <stop arrival="12:24" departure="12:24">Frida Fasmer R555</stop>
    <stop arrival="12:25" departure="12:25">Storavatnet term.</stop>
    <stop arrival="12:27" departure="12:27">Breivikskiftet</stop>
    <stop arrival="12:28" departure="12:28">Drotningsvik Rv 555</stop>
    <stop arrival="12:30" departure="12:30">Knarrevik</stop>
    <stop arrival="12:35" departure="12:35">Straume term.</stop>
    <stop arrival="12:36" departure="12:36">Bildøy</stop>
    <stop arrival="12:39" departure="12:39">Fjell Blommen</stop>
    <stop arrival="12:39" departure="12:39">Fjell Heljedalen</stop>
    <stop arrival="12:40" departure="12:40">Fjell</stop>
    <stop arrival="12:40" departure="12:40">Fjell kyrkje</stop>
    <stop arrival="12:40" departure="12:40">Fjell Leite</stop>
    <stop arrival="12:41" departure="12:41">Fjell Søre</stop>
    <stop arrival="12:41" departure="12:41">Fjell Podlagrinda</stop>
    <stop arrival="12:42" departure="12:42">Fjell Krossleite</stop>
    <stop arrival="12:42" departure="12:42">Fjell søre Krossleite</stop>
    <stop arrival="12:43" departure="12:43">Tellnesskogen</stop>
    <stop arrival="12:44" departure="12:44">Tellnes Bruabrekko</stop>
    <stop arrival="12:45" departure="12:45">Tellnesskiftet</stop>
    <stop arrival="12:45" departure="12:45">Tellnes skule</stop>
    <stop arrival="12:47" departure="12:47">Dala (Fjell)</stop>
    <stop arrival="12:47" departure="12:47">Dala (Fjell)</stop>
    <stop arrival="12:48" departure="12:48">Dalseide (Fjell)</stop>
    <stop arrival="12:53" departure="12:53">Trengereid Slettebakken (Fjell</stop>
    <stop arrival="12:54" departure="12:54">Trengereid (Fjell)</stop>
    <stop arrival="12:55" departure="12:55">Skogsskiftet term.</stop>
    <stop arrival="12:56" departure="12:56">Skogsskiftet Midtstegen</stop>
    <stop arrival="12:57" departure="12:57">Skoge (Sund)</stop>
    <stop arrival="12:58" departure="12:58">Skoge Kvalvågen (Sund)</stop>
    <stop arrival="13:00" departure="13:00">Sangoltskiftet</stop>
    <stop arrival="13:01" departure="13:01">Skogsvåg Aurabekken</stop>
    <stop arrival="13:01" departure="13:01">Skogsvåg Dommedalen</stop>
    <stop arrival="13:02" departure="13:02">Skogsvåg Oppedal</stop>
    <stop arrival="13:03" departure="13:03">Sundskogen</stop>
    <stop arrival="13:04" departure="13:04">Klokkarvik Stølen</stop>
    <stop arrival="13:05" departure="13:05">Klokkarvik Kyrkjevegen</stop>
    <stop arrival="13:05" departure="13:05">Klokkarvik</stop>
    <stop arrival="13:05" departure="13:05">Klokkarvik Limavåg</stop>
    <stop arrival="13:06" departure="13:06">Klokkarvik Sund barneskule</stop>
    <stop arrival="13:06" departure="13:06">Klokkarvik Børnes</stop>
    <stop arrival="13:07" departure="13:07">Førde Stauradalen (Sund)</stop>
    <stop arrival="13:07" departure="13:07">Førde (Sund)</stop>
    <stop arrival="13:08" departure="13:08">Førde Melkevik (Sund)</stop>
    <stop arrival="13:09" departure="13:09">Førdestraumen (Sund)</stop>
    <stop arrival="13:09" departure="13:09">Førdestraumen sør (Sund)</stop>
    <stop arrival="13:09" departure="13:09">Høyland grustaket (Sund)</stop>
    <stop arrival="13:10" departure="13:10">Høyland (Sund)</stop>
    <stop arrival="13:11" departure="13:11">Høyland Bakeriet (Sund)</stop>
    <stop arrival="13:11" departure="13:11">Kleppevik (Sund)</stop>
    <stop arrival="13:12" departure="13:12">Kleppe (Sund)</stop>
    <stop arrival="13:12" departure="13:12">Kleppe barnehage (Sund)</stop>
    <stop arrival="13:13" departure="13:13">Kleppe utmark (Sund)</stop>
    <stop arrival="13:15" departure="13:15">Forlandskiftet</stop>
    <stop arrival="13:15" departure="13:15">Stranda Skole</stop>
    <stop arrival="13:16" departure="13:16">Forlandskiftet</stop>
    <stop arrival="13:17" departure="13:17">Forland Kleiva</stop>
    <stop arrival="13:18" departure="13:18">Forland Bedhus</stop>
    <stop arrival="13:20">Forland kai</stop>
  </route>
  <route no="465" destination="Ågotnes terminal" url="http://www.web2051.no/bin/tp/zuginfo.exe/on/520596/175853/571870/112403/1/" trafficDays="kjører Sø, ikke 16. Mai; også 13., 24. Mai">
    <stop departure="12:10" routeNo="465">Bergen Busstasjon</stop>
    <stop arrival="12:11" departure="12:11">Olav Kyrres gate</stop>
    <stop arrival="12:13" departure="12:13">Møhlenpris v/ Industrihuset</stop>
    <stop arrival="12:18" departure="12:18">Lyngbø Motorvei R555</stop>
    <stop arrival="12:24" departure="12:24">Frida Fasmer R555</stop>
    <stop arrival="12:25" departure="12:25">Storavatnet term.</stop>
    <stop arrival="12:27" departure="12:27">Breivikskiftet</stop>
    <stop arrival="12:28" departure="12:28">Drotningsvik Rv 555</stop>
    <stop arrival="12:30" departure="12:30">Knarrevik</stop>
    <stop arrival="12:35" departure="12:35">Straume term.</stop>
    <stop arrival="12:37" departure="12:37">Bildøy</stop>
    <stop arrival="12:41" departure="12:41">Fjell Blommen</stop>
    <stop arrival="12:41" departure="12:41">Fjell Heljedalen</stop>
    <stop arrival="12:42" departure="12:42">Fjell</stop>
    <stop arrival="12:42" departure="12:42">Fjell kyrkje</stop>
    <stop arrival="12:43" departure="12:43">Fjell Kleivane</stop>
    <stop arrival="12:44" departure="12:44">Fjell Prestasmauet</stop>
    <stop arrival="12:44" departure="12:44">Fjell Litlakvilet</stop>
    <stop arrival="12:45" departure="12:45">Ulveseth</stop>
    <stop arrival="12:46" departure="12:46">Ulveseth skule</stop>
    <stop arrival="12:46" departure="12:46">Ytre Ulveseth</stop>
    <stop arrival="12:47" departure="12:47">Møvik Halsvarden (Fjell)</stop>
    <stop arrival="12:48" departure="12:48">Møvik, Åse kryss</stop>
    <stop arrival="12:49" departure="12:49">Møvik (Fjell)</stop>
    <stop arrival="12:49" departure="12:49">Møvik, Leirvik</stop>
    <stop arrival="12:50" departure="12:50">Skålevik utmark (Fjell)</stop>
    <stop arrival="12:51" departure="12:51">Skålevik gravplass (Fjell)</stop>
    <stop arrival="12:51" departure="12:51">Skålevik stølen (Fjell)</stop>
    <stop arrival="12:52" departure="12:52">Skålevik Kuaneset (Fjell)</stop>
    <stop arrival="12:53" departure="12:53">Skålevik skule (Fjell)</stop>
    <stop arrival="12:53" departure="12:53">Algrøy kryss</stop>
    <stop arrival="12:54" departure="12:54">Sekkingstad (Apalvågen)</stop>
    <stop arrival="12:55" departure="12:55">Sekkingstad (Lillebø)</stop>
    <stop arrival="12:55" departure="12:55">Sekkingstad (bakketoppen)</stop>
    <stop arrival="12:56" departure="12:56">Sekkingstad (butikken)</stop>
    <stop arrival="12:57" departure="12:57">Sekkingstad (Skjenavatne)</stop>
    <stop arrival="12:57" departure="12:57">Sekkingstad (Møyvatn)</stop>
    <stop arrival="12:58" departure="12:58">Sekkingstad Glattkjøringsbane</stop>
    <stop arrival="12:59" departure="12:59">Kårtveit (Nymark)</stop>
    <stop arrival="13:00" departure="13:00">Kårtveit (Snekkerbua)</stop>
    <stop arrival="13:01" departure="13:01">Kårtveit Eide kryss</stop>
    <stop arrival="13:01" departure="13:01">Kårtveit Eide butikk</stop>
    <stop arrival="13:02" departure="13:02">Kårtveit (Fjell)</stop>
    <stop arrival="13:02" departure="13:02">Kårtveit Nordli</stop>
    <stop arrival="13:04" departure="13:04">Kårtveit (gamleskule)</stop>
    <stop arrival="13:05">Ågotnes terminal</stop>
  </route>
  <route no="479" destination="Straume term." url="http://www.web2051.no/bin/tp/zuginfo.exe/on/565527/191009/679032/151007/1/" trafficDays="kjører Ma - Fr, ikke 13., 17., 24. Mai">
    <stop departure="12:10" routeNo="479">Bergen Busstasjon</stop>
    <stop arrival="12:11" departure="12:11">Olav Kyrres gate</stop>
    <stop arrival="12:13" departure="12:13">Møhlenpris v/ Industrihuset</stop>
    <stop arrival="12:18" departure="12:18">Lyngbø Motorvei R555</stop>
    <stop arrival="12:24" departure="12:24">Frida Fasmer R555</stop>
    <stop arrival="12:25" departure="12:25">Storavatnet term.</stop>
    <stop arrival="12:27" departure="12:27">Breivikskiftet</stop>
    <stop arrival="12:28" departure="12:28">Drotningsvik Rv 555</stop>
    <stop arrival="12:30" departure="12:30">Knarrevik</stop>
    <stop arrival="12:35">Straume term.</stop>
  </route>
  <route no="441" destination="Hjelteryggen Nordre knappen" url="http://www.web2051.no/bin/tp/zuginfo.exe/on/889194/298249/44670/274064/1/" trafficDays="kjører Ma - Fr, Sø, også 1. Mai">
    <stop departure="12:25" routeNo="441">Storavatnet term.</stop>
    <stop arrival="12:26" departure="12:26">Ørjebekk</stop>
    <stop arrival="12:27" departure="12:27">Øvre Godvik</stop>
    <stop arrival="12:28" departure="12:28">Nedre Godvik</stop>
    <stop arrival="12:28" departure="12:28">Kiplehaugen</stop>
    <stop arrival="12:28" departure="12:28">Breivikskiftet</stop>
    <stop arrival="12:29" departure="12:29">Breivikdalen</stop>
    <stop arrival="12:30" departure="12:30">Stiaberget</stop>
    <stop arrival="12:30" departure="12:30">Drotningsvik v/Hydro</stop>
    <stop arrival="12:31" departure="12:31">Drotningsvik Rv 555</stop>
    <stop arrival="12:33" departure="12:33">Knarrevik</stop>
    <stop arrival="12:34" departure="12:34">Knarrevik under brua</stop>
    <stop arrival="12:35" departure="12:35">Hjelteryggen Svensveien</stop>
    <stop arrival="12:37" departure="12:37">Hjelteryggen Søre Knappen</stop>
    <stop arrival="12:37">Hjelteryggen Nordre knappen</stop>
  </route>
  <route no="444" destination="Bergen Busstasjon" url="http://www.web2051.no/bin/tp/zuginfo.exe/on/572502/192825/864188/241261/1/" trafficDays="kjører Lø, ikke 1. Mai">
    <stop departure="12:30" routeNo="444">Straume term.</stop>
    <stop arrival="12:33" departure="12:33">Knarrevik</stop>
    <stop arrival="12:36" departure="12:36">Drotningsvik Rv 555</stop>
    <stop arrival="12:37" departure="12:37">Breivikskiftet</stop>
    <stop arrival="12:40" departure="12:40">Storavatnet term.</stop>
    <stop arrival="12:41" departure="12:41">Frida Fasmer</stop>
    <stop arrival="12:46" departure="12:46">Lyngbø Motorvei R555</stop>
    <stop arrival="12:50" departure="12:50">Møhlenpris v/ Industrihuset</stop>
    <stop arrival="12:52" departure="12:52">Nygårdsgaten</stop>
    <stop arrival="12:55">Bergen Busstasjon</stop>
  </route>
  <route no="444" destination="Bergen Busstasjon" url="http://www.web2051.no/bin/tp/zuginfo.exe/on/185256/63744/186102/31300/1/" trafficDays="kjører">
    <stop departure="12:30" routeNo="444">Straume term.</stop>
    <stop arrival="12:33" departure="12:33">Knarrevik</stop>
    <stop arrival="12:36" departure="12:36">Drotningsvik Rv 555</stop>
    <stop arrival="12:37" departure="12:37">Breivikskiftet</stop>
    <stop arrival="12:40" departure="12:40">Storavatnet term.</stop>
    <stop arrival="12:41" departure="12:41">Frida Fasmer</stop>
    <stop arrival="12:46" departure="12:46">Lyngbø Motorvei R555</stop>
    <stop arrival="12:51" departure="12:51">Møhlenpris v/ Industrihuset</stop>
    <stop arrival="12:52" departure="12:52">Christies gate (Festplassen)</stop>
    <stop arrival="12:55">Bergen Busstasjon</stop>
  </route>
  <route no="445" destination="Bergen Busstasjon" url="http://www.web2051.no/bin/tp/zuginfo.exe/on/264129/90104/678142/251029/1/" trafficDays="kjører Sø, også 1., 13., 17., 24. Mai">
    <stop departure="12:15" routeNo="445">Anglevik snuplass</stop>
    <stop arrival="12:16" departure="12:16">Anglevik</stop>
    <stop arrival="12:16" departure="12:16">Våge kryss (Fjell)</stop>
    <stop arrival="12:17" departure="12:17">Vågaleite (Fjell)</stop>
    <stop arrival="12:18" departure="12:18">Foldnes</stop>
    <stop arrival="12:20" departure="12:20">Foldnesvegen</stop>
    <stop arrival="12:22" departure="12:22">Foldnes Grunnavågen</stop>
    <stop arrival="12:24" departure="12:24">Sotraheimen</stop>
    <stop arrival="12:26" departure="12:26">Åttringavegen</stop>
    <stop arrival="12:28" departure="12:28">Storhilleren (Foldnesveg)</stop>
    <stop arrival="12:30" departure="12:30">Straume term.</stop>
    <stop arrival="12:33" departure="12:33">Knarrevik</stop>
    <stop arrival="12:36" departure="12:36">Drotningsvik Rv 555</stop>
    <stop arrival="12:37" departure="12:37">Breivikskiftet</stop>
    <stop arrival="12:40" departure="12:40">Storavatnet term.</stop>
    <stop arrival="12:41" departure="12:41">Frida Fasmer</stop>
    <stop arrival="12:47" departure="12:47">Lyngbø Motorvei R555</stop>
    <stop arrival="12:52" departure="12:52">Møhlenpris v/ Industrihuset</stop>
    <stop arrival="12:54" departure="12:54">Christies gate (Festplassen)</stop>
    <stop arrival="12:54" departure="12:54">Kaigaten/v. Jernbanen</stop>
    <stop arrival="12:55">Bergen Busstasjon</stop>
  </route>
  <route no="465" destination="Bergen Busstasjon" url="http://www.web2051.no/bin/tp/zuginfo.exe/on/261333/89412/363590/94684/1/" trafficDays="kjører Ma - Fr, ikke 13., 17., 24. Mai">
    <stop departure="11:55" routeNo="465">Ågotnes terminal</stop>
    <stop arrival="11:56" departure="11:56">Kårtveit (gamleskule)</stop>
    <stop arrival="11:57" departure="11:57">Kårtveit Nordli</stop>
    <stop arrival="11:58" departure="11:58">Kårtveit (Fjell)</stop>
    <stop arrival="11:58" departure="11:58">Kårtveit Eide butikk</stop>
    <stop arrival="11:59" departure="11:59">Kårtveit Eide kryss</stop>
    <stop arrival="11:59" departure="11:59">Kårtveit (Snekkerbua)</stop>
    <stop arrival="12:00" departure="12:00">Kårtveit (Nymark)</stop>
    <stop arrival="12:01" departure="12:01">Sekkingstad Glattkjøringsbane</stop>
    <stop arrival="12:01" departure="12:01">Sekkingstad (Møyvatn)</stop>
    <stop arrival="12:02" departure="12:02">Sekkingstad (Skjenavatne)</stop>
    <stop arrival="12:02" departure="12:02">Sekkingstad (butikken)</stop>
    <stop arrival="12:03" departure="12:03">Sekkingstad (bakketoppen)</stop>
    <stop arrival="12:03" departure="12:03">Sekkingstad (Lillebø)</stop>
    <stop arrival="12:04" departure="12:04">Sekkingstad (Apalvågen)</stop>
    <stop arrival="12:05" departure="12:05">Algrøy kryss</stop>
    <stop arrival="12:05" departure="12:05">Skålevik skule (Fjell)</stop>
    <stop arrival="12:06" departure="12:06">Skålevik Kuaneset (Fjell)</stop>
    <stop arrival="12:07" departure="12:07">Skålevik stølen (Fjell)</stop>
    <stop arrival="12:08" departure="12:08">Skålevik gravplass (Fjell)</stop>
    <stop arrival="12:09" departure="12:09">Skålevik utmark (Fjell)</stop>
    <stop arrival="12:10" departure="12:10">Møvik, Leirvik</stop>
    <stop arrival="12:10" departure="12:10">Møvik (Fjell)</stop>
    <stop arrival="12:11" departure="12:11">Møvik, Åse kryss</stop>
    <stop arrival="12:12" departure="12:12">Møvik Halsvarden (Fjell)</stop>
    <stop arrival="12:13" departure="12:13">Ytre Ulveseth</stop>
    <stop arrival="12:14" departure="12:14">Ulveseth skule</stop>
    <stop arrival="12:15" departure="12:15">Ulveseth</stop>
    <stop arrival="12:16" departure="12:16">Fjell Litlakvilet</stop>
    <stop arrival="12:17" departure="12:17">Fjell Prestasmauet</stop>
    <stop arrival="12:18" departure="12:18">Fjell Kleivane</stop>
    <stop arrival="12:19" departure="12:19">Fjell kyrkje</stop>
    <stop arrival="12:20" departure="12:20">Fjell</stop>
    <stop arrival="12:20" departure="12:20">Fjell Heljedalen</stop>
    <stop arrival="12:21" departure="12:21">Fjell Blommen</stop>
    <stop arrival="12:27" departure="12:27">Bildøy</stop>
    <stop arrival="12:30" departure="12:30">Straume term.</stop>
    <stop arrival="12:33" departure="12:33">Knarrevik</stop>
    <stop arrival="12:35" departure="12:35">Drotningsvik Rv 555</stop>
    <stop arrival="12:36" departure="12:36">Breivikskiftet</stop>
    <stop arrival="12:39" departure="12:39">Frida Fasmer</stop>
    <stop arrival="12:44" departure="12:44">Lyngbø Motorvei R555</stop>
    <stop arrival="12:48" departure="12:48">Møhlenpris v/ Industrihuset</stop>
    <stop arrival="12:49" departure="12:49">Christies gate (Festplassen)</stop>
    <stop arrival="12:49" departure="12:49">Kaigaten/v. Jernbanen</stop>
    <stop arrival="12:50">Bergen Busstasjon</stop>
  </route>
  <route no="465" destination="Bergen Busstasjon" url="http://www.web2051.no/bin/tp/zuginfo.exe/on/497718/168223/168850/81481/1/" trafficDays="kjører Lø, ikke 1. Mai">
    <stop departure="11:55" routeNo="465">Ågotnes terminal</stop>
    <stop arrival="11:56" departure="11:56">Kårtveit (gamleskule)</stop>
    <stop arrival="11:57" departure="11:57">Kårtveit Nordli</stop>
    <stop arrival="11:58" departure="11:58">Kårtveit (Fjell)</stop>
    <stop arrival="11:58" departure="11:58">Kårtveit Eide butikk</stop>
    <stop arrival="11:59" departure="11:59">Kårtveit Eide kryss</stop>
    <stop arrival="11:59" departure="11:59">Kårtveit (Snekkerbua)</stop>
    <stop arrival="12:00" departure="12:00">Kårtveit (Nymark)</stop>
    <stop arrival="12:01" departure="12:01">Sekkingstad Glattkjøringsbane</stop>
    <stop arrival="12:01" departure="12:01">Sekkingstad (Møyvatn)</stop>
    <stop arrival="12:02" departure="12:02">Sekkingstad (Skjenavatne)</stop>
    <stop arrival="12:02" departure="12:02">Sekkingstad (butikken)</stop>
    <stop arrival="12:03" departure="12:03">Sekkingstad (bakketoppen)</stop>
    <stop arrival="12:03" departure="12:03">Sekkingstad (Lillebø)</stop>
    <stop arrival="12:04" departure="12:04">Sekkingstad (Apalvågen)</stop>
    <stop arrival="12:05" departure="12:05">Algrøy kryss</stop>
    <stop arrival="12:05" departure="12:05">Skålevik skule (Fjell)</stop>
    <stop arrival="12:06" departure="12:06">Skålevik Kuaneset (Fjell)</stop>
    <stop arrival="12:07" departure="12:07">Skålevik stølen (Fjell)</stop>
    <stop arrival="12:08" departure="12:08">Skålevik gravplass (Fjell)</stop>
    <stop arrival="12:09" departure="12:09">Skålevik utmark (Fjell)</stop>
    <stop arrival="12:10" departure="12:10">Møvik, Leirvik</stop>
    <stop arrival="12:10" departure="12:10">Møvik (Fjell)</stop>
    <stop arrival="12:11" departure="12:11">Møvik, Åse kryss</stop>
    <stop arrival="12:12" departure="12:12">Møvik Halsvarden (Fjell)</stop>
    <stop arrival="12:13" departure="12:13">Ytre Ulveseth</stop>
    <stop arrival="12:14" departure="12:14">Ulveseth skule</stop>
    <stop arrival="12:15" departure="12:15">Ulveseth</stop>
    <stop arrival="12:16" departure="12:16">Fjell Litlakvilet</stop>
    <stop arrival="12:17" departure="12:17">Fjell Prestasmauet</stop>
    <stop arrival="12:18" departure="12:18">Fjell Kleivane</stop>
    <stop arrival="12:19" departure="12:19">Fjell kyrkje</stop>
    <stop arrival="12:20" departure="12:20">Fjell</stop>
    <stop arrival="12:20" departure="12:20">Fjell Heljedalen</stop>
    <stop arrival="12:21" departure="12:21">Fjell Blommen</stop>
    <stop arrival="12:27" departure="12:27">Bildøy</stop>
    <stop arrival="12:30" departure="12:30">Straume term.</stop>
    <stop arrival="12:33" departure="12:33">Knarrevik</stop>
    <stop arrival="12:36" departure="12:36">Drotningsvik Rv 555</stop>
    <stop arrival="12:37" departure="12:37">Breivikskiftet</stop>
    <stop arrival="12:40" departure="12:40">Storavatnet term.</stop>
    <stop arrival="12:41" departure="12:41">Frida Fasmer</stop>
    <stop arrival="12:47" departure="12:47">Lyngbø Motorvei R555</stop>
    <stop arrival="12:52" departure="12:52">Møhlenpris v/ Industrihuset</stop>
    <stop arrival="12:54" departure="12:54">Nygårdsgaten</stop>
    <stop arrival="12:55">Bergen Busstasjon</stop>
  </route>
  <route no="465" destination="Bergen Busstasjon" url="http://www.web2051.no/bin/tp/zuginfo.exe/on/578052/195002/884708/249670/1/" trafficDays="kjører">
    <stop departure="11:55" routeNo="465">Ågotnes terminal</stop>
    <stop arrival="11:56" departure="11:56">Kårtveit (gamleskule)</stop>
    <stop arrival="11:57" departure="11:57">Kårtveit Nordli</stop>
    <stop arrival="11:58" departure="11:58">Kårtveit (Fjell)</stop>
    <stop arrival="11:58" departure="11:58">Kårtveit Eide butikk</stop>
    <stop arrival="11:59" departure="11:59">Kårtveit Eide kryss</stop>
    <stop arrival="11:59" departure="11:59">Kårtveit (Snekkerbua)</stop>
    <stop arrival="12:00" departure="12:00">Kårtveit (Nymark)</stop>
    <stop arrival="12:01" departure="12:01">Sekkingstad Glattkjøringsbane</stop>
    <stop arrival="12:01" departure="12:01">Sekkingstad (Møyvatn)</stop>
    <stop arrival="12:02" departure="12:02">Sekkingstad (Skjenavatne)</stop>
    <stop arrival="12:02" departure="12:02">Sekkingstad (butikken)</stop>
    <stop arrival="12:03" departure="12:03">Sekkingstad (bakketoppen)</stop>
    <stop arrival="12:03" departure="12:03">Sekkingstad (Lillebø)</stop>
    <stop arrival="12:04" departure="12:04">Sekkingstad (Apalvågen)</stop>
    <stop arrival="12:05" departure="12:05">Algrøy kryss</stop>
    <stop arrival="12:05" departure="12:05">Skålevik skule (Fjell)</stop>
    <stop arrival="12:06" departure="12:06">Skålevik Kuaneset (Fjell)</stop>
    <stop arrival="12:07" departure="12:07">Skålevik stølen (Fjell)</stop>
    <stop arrival="12:08" departure="12:08">Skålevik gravplass (Fjell)</stop>
    <stop arrival="12:09" departure="12:09">Skålevik utmark (Fjell)</stop>
    <stop arrival="12:10" departure="12:10">Møvik, Leirvik</stop>
    <stop arrival="12:10" departure="12:10">Møvik (Fjell)</stop>
    <stop arrival="12:11" departure="12:11">Møvik, Åse kryss</stop>
    <stop arrival="12:12" departure="12:12">Møvik Halsvarden (Fjell)</stop>
    <stop arrival="12:13" departure="12:13">Ytre Ulveseth</stop>
    <stop arrival="12:14" departure="12:14">Ulveseth skule</stop>
    <stop arrival="12:15" departure="12:15">Ulveseth</stop>
    <stop arrival="12:16" departure="12:16">Fjell Litlakvilet</stop>
    <stop arrival="12:17" departure="12:17">Fjell Prestasmauet</stop>
    <stop arrival="12:18" departure="12:18">Fjell Kleivane</stop>
    <stop arrival="12:19" departure="12:19">Fjell kyrkje</stop>
    <stop arrival="12:20" departure="12:20">Fjell</stop>
    <stop arrival="12:20" departure="12:20">Fjell Heljedalen</stop>
    <stop arrival="12:21" departure="12:21">Fjell Blommen</stop>
    <stop arrival="12:27" departure="12:27">Bildøy</stop>
    <stop arrival="12:30" departure="12:30">Straume term.</stop>
    <stop arrival="12:33" departure="12:33">Knarrevik</stop>
    <stop arrival="12:36" departure="12:36">Drotningsvik Rv 555</stop>
    <stop arrival="12:37" departure="12:37">Breivikskiftet</stop>
    <stop arrival="12:40" departure="12:40">Storavatnet term.</stop>
    <stop arrival="12:41" departure="12:41">Frida Fasmer</stop>
    <stop arrival="12:47" departure="12:47">Lyngbø Motorvei R555</stop>
    <stop arrival="12:52" departure="12:52">Møhlenpris v/ Industrihuset</stop>
    <stop arrival="12:54" departure="12:54">Christies gate (Festplassen)</stop>
    <stop arrival="12:55">Bergen Busstasjon</stop>
  </route>
  <route no="441" destination="Hjelteryggen Nordre knappen" url="http://www.web2051.no/bin/tp/zuginfo.exe/on/440139/148564/883388/294982/1/" trafficDays="kjører Ma - Fr, Sø, også 1. Mai">
    <stop departure="12:25" routeNo="441">Storavatnet term.</stop>
    <stop arrival="12:26" departure="12:26">Ørjebekk</stop>
    <stop arrival="12:27" departure="12:27">Øvre Godvik</stop>
    <stop arrival="12:28" departure="12:28">Nedre Godvik</stop>
    <stop arrival="12:28" departure="12:28">Kiplehaugen</stop>
    <stop arrival="12:28" departure="12:28">Breivikskiftet</stop>
    <stop arrival="12:29" departure="12:29">Breivikdalen</stop>
    <stop arrival="12:30" departure="12:30">Stiaberget</stop>
    <stop arrival="12:30" departure="12:30">Drotningsvik v/Hydro</stop>
    <stop arrival="12:31" departure="12:31">Drotningsvik Rv 555</stop>
    <stop arrival="12:33" departure="12:33">Knarrevik</stop>
    <stop arrival="12:34" departure="12:34">Knarrevik under brua</stop>
    <stop arrival="12:35" departure="12:35">Hjelteryggen Svensveien</stop>
    <stop arrival="12:37" departure="12:37">Hjelteryggen Søre Knappen</stop>
    <stop arrival="12:37">Hjelteryggen Nordre knappen</stop>
  </route>
  <route no="70" destination="Bergen Busstasjon" url="http://www.web2051.no/bin/tp/zuginfo.exe/on/811749/272293/137376/201898/1/" trafficDays="kjører Ma - Fr, ikke 13., 17., 24. Mai">
    <stop departure="12:33" routeNo="70">Straume term.</stop>
    <stop arrival="12:36" departure="12:36">Knarrevik</stop>
    <stop arrival="12:39" departure="12:39">Drotningsvik Rv 555</stop>
    <stop arrival="12:40" departure="12:40">Breivikskiftet</stop>
    <stop arrival="12:43" departure="12:43">Storavatnet term.</stop>
    <stop arrival="12:44" departure="12:44">Frida Fasmer</stop>
    <stop arrival="12:45" departure="12:45">Loddefjorddalen</stop>
    <stop arrival="12:48" departure="12:48">Loddefjord term.</stop>
    <stop arrival="12:49" departure="12:49">Bjørndalstre krysset</stop>
    <stop arrival="12:49" departure="12:49">Tennebekk</stop>
    <stop arrival="12:52" departure="12:52">Lyngbøtunet</stop>
    <stop arrival="12:53" departure="12:53">Lyderhornsveien</stop>
    <stop arrival="12:53" departure="12:53">Gravdalsveien</stop>
    <stop arrival="12:54" departure="12:54">Sjøkrigsskoleveien</stop>
    <stop arrival="12:54" departure="12:54">Skjenevik</stop>
    <stop arrival="12:55" departure="12:55">Gravdal</stop>
    <stop arrival="12:56" departure="12:56">Skjenevik</stop>
    <stop arrival="12:57" departure="12:57">Sjøkrigsskoleveien</stop>
    <stop arrival="12:57" departure="12:57">Gravdalsveien</stop>
    <stop arrival="12:58" departure="12:58">Nygård, Laksevåg</stop>
    <stop arrival="13:00" departure="13:00">Kringsjå</stop>
    <stop arrival="13:01" departure="13:01">Oldernes</stop>
    <stop arrival="13:02" departure="13:02">Vågedalen</stop>
    <stop arrival="13:03" departure="13:03">Fergeveien</stop>
    <stop arrival="13:05" departure="13:05">Jansongården</stop>
    <stop arrival="13:07" departure="13:07">Solveien</stop>
    <stop arrival="13:08" departure="13:08">Gyldenpris</stop>
    <stop arrival="13:15" departure="13:15">Christies gate (Festplassen)</stop>
    <stop arrival="13:20">Bergen Busstasjon</stop>
  </route>
  <route no="444" destination="Straume term." url="http://www.web2051.no/bin/tp/zuginfo.exe/on/493110/166346/680272/175766/1/" trafficDays="kjører 17. Mai">
    <stop departure="12:30" routeNo="444">Bergen Busstasjon</stop>
    <stop arrival="12:33" departure="12:33">Olav Kyrres gate</stop>
    <stop arrival="12:34" departure="12:34">Møhlenpris v/ Industrihuset</stop>
    <stop arrival="12:37" departure="12:37">Lyngbø Motorvei R555</stop>
    <stop arrival="12:41" departure="12:41">Frida Fasmer R555</stop>
    <stop arrival="12:42" departure="12:42">Breivikskiftet</stop>
    <stop arrival="12:43" departure="12:43">Drotningsvik Rv 555</stop>
    <stop arrival="12:45" departure="12:45">Knarrevik</stop>
    <stop arrival="12:50">Straume term.</stop>
  </route>
  <route no="441" destination="Storavatnet term." url="http://www.web2051.no/bin/tp/zuginfo.exe/on/87774/31130/23794/17362/1/" trafficDays="kjører Ma - Fr, Sø, også 1. Mai">
    <stop departure="12:50" routeNo="441">Hjelteryggen Nordre Knappen</stop>
    <stop arrival="12:51" departure="12:51">Hjelteryggen Søre Knappen</stop>
    <stop arrival="12:53" departure="12:53">Hjelteryggen Svensveien</stop>
    <stop arrival="12:54" departure="12:54">Knarrevik under brua</stop>
    <stop arrival="12:55" departure="12:55">Knarrevik</stop>
    <stop arrival="12:56" departure="12:56">Drotningsvik Rv 555</stop>
    <stop arrival="12:56" departure="12:56">Drotningsvik v/Hydro</stop>
    <stop arrival="12:57" departure="12:57">Breivika</stop>
    <stop arrival="12:58" departure="12:58">Breivikdalen</stop>
    <stop arrival="13:00" departure="13:00">Breivikskiftet</stop>
    <stop arrival="13:01" departure="13:01">Kiplehaugen</stop>
    <stop arrival="13:02" departure="13:02">Nedre Godvik</stop>
    <stop arrival="13:03" departure="13:03">Øvre Godvik</stop>
    <stop arrival="13:05" departure="13:05">Godviksvingene</stop>
    <stop arrival="13:07" departure="13:07">Ørjebekk</stop>
    <stop arrival="13:10">Storavatnet term.</stop>
  </route>
  <route no="444" destination="Straume term." url="http://www.web2051.no/bin/tp/zuginfo.exe/on/154728/53553/948940/422894/1/" trafficDays="kjører 17. Mai">
    <stop departure="12:40" routeNo="444">Bergen Busstasjon</stop>
    <stop arrival="12:43" departure="12:43">Olav Kyrres gate</stop>
    <stop arrival="12:44" departure="12:44">Møhlenpris v/ Industrihuset</stop>
    <stop arrival="12:47" departure="12:47">Lyngbø Motorvei R555</stop>
    <stop arrival="12:51" departure="12:51">Frida Fasmer R555</stop>
    <stop arrival="12:52" departure="12:52">Breivikskiftet</stop>
    <stop arrival="12:53" departure="12:53">Drotningsvik Rv 555</stop>
    <stop arrival="12:55" departure="12:55">Knarrevik</stop>
    <stop arrival="13:00">Straume term.</stop>
  </route>
  <route no="441" destination="Storavatnet term." url="http://www.web2051.no/bin/tp/zuginfo.exe/on/31860/12492/379792/179277/1/" trafficDays="kjører Ma - Fr, Sø, også 1. Mai">
    <stop departure="12:50" routeNo="441">Hjelteryggen Nordre Knappen</stop>
    <stop arrival="12:51" departure="12:51">Hjelteryggen Søre Knappen</stop>
    <stop arrival="12:53" departure="12:53">Hjelteryggen Svensveien</stop>
    <stop arrival="12:54" departure="12:54">Knarrevik under brua</stop>
    <stop arrival="12:55" departure="12:55">Knarrevik</stop>
    <stop arrival="12:56" departure="12:56">Drotningsvik Rv 555</stop>
    <stop arrival="12:56" departure="12:56">Drotningsvik v/Hydro</stop>
    <stop arrival="12:57" departure="12:57">Breivika</stop>
    <stop arrival="12:58" departure="12:58">Breivikdalen</stop>
    <stop arrival="13:00" departure="13:00">Breivikskiftet</stop>
    <stop arrival="13:01" departure="13:01">Kiplehaugen</stop>
    <stop arrival="13:02" departure="13:02">Nedre Godvik</stop>
    <stop arrival="13:03" departure="13:03">Øvre Godvik</stop>
    <stop arrival="13:05" departure="13:05">Godviksvingene</stop>
    <stop arrival="13:07" departure="13:07">Ørjebekk</stop>
    <stop arrival="13:10">Storavatnet term.</stop>
  </route>
  <route no="45" destination="Straume term." url="http://www.web2051.no/bin/tp/zuginfo.exe/on/84594/29838/38860/8768/1/" trafficDays="kjører Ma - Fr, ikke 13., 17., 24. Mai">
    <stop departure="12:15" routeNo="45">Flesland Flyplass</stop>
    <stop arrival="12:16" departure="12:16">Liland (Flyplassvegen)</stop>
    <stop arrival="12:18" departure="12:18">Birkelandskrysset Terminal</stop>
    <stop arrival="12:20" departure="12:20">Scandic</stop>
    <stop arrival="12:20" departure="12:20">Nera</stop>
    <stop arrival="12:21" departure="12:21">BKK , Kokstad</stop>
    <stop arrival="12:21" departure="12:21">Kokstad Bilhandel</stop>
    <stop arrival="12:22" departure="12:22">Birkelandsflaten</stop>
    <stop arrival="12:22" departure="12:22">Birkelandsflaten</stop>
    <stop arrival="12:22" departure="12:22">Sandslislusen</stop>
    <stop arrival="12:23" departure="12:23">Sandslisnuplass</stop>
    <stop arrival="12:23" departure="12:23">Sandsligården</stop>
    <stop arrival="12:24" departure="12:24">Statoil (Sandsli)</stop>
    <stop arrival="12:25" departure="12:25">Statoil stasjon Sandsli</stop>
    <stop arrival="12:26" departure="12:26">Hydro Sandsli</stop>
    <stop arrival="12:27" departure="12:27">Petedalsheia</stop>
    <stop arrival="12:28" departure="12:28">Fanatorget</stop>
    <stop arrival="12:30" departure="12:30">Regnbueåsen</stop>
    <stop arrival="12:32" departure="12:32">Skranevegen</stop>
    <stop arrival="12:32" departure="12:32">Grimstadskiftet</stop>
    <stop arrival="12:32" departure="12:32">Søreide skole</stop>
    <stop arrival="12:33" departure="12:33">Søreide v/Hydrostasjonen</stop>
    <stop arrival="12:34" departure="12:34">Straume bro</stop>
    <stop arrival="12:35" departure="12:35">Sementbroen</stop>
    <stop arrival="12:37" departure="12:37">Sandeidet barnehage</stop>
    <stop arrival="12:37" departure="12:37">Sandeidbråtet</stop>
    <stop arrival="12:38" departure="12:38">Bjørge</stop>
    <stop arrival="12:39" departure="12:39">Kjerreidviken</stop>
    <stop arrival="12:40" departure="12:40">Bjørndalsskogen</stop>
    <stop arrival="12:41" departure="12:41">Sætermyr</stop>
    <stop arrival="12:42" departure="12:42">Ravnestølen</stop>
    <stop arrival="12:43" departure="12:43">Bjørndalstræ R557</stop>
    <stop arrival="12:45" departure="12:45">Loddefjord term.</stop>
    <stop arrival="12:47" departure="12:47">Loddefjorddalen</stop>
    <stop arrival="12:48" departure="12:48">Frida Fasmer</stop>
    <stop arrival="12:49" departure="12:49">Frida Fasmer R555</stop>
    <stop arrival="12:50" departure="12:50">Storavatnet term.</stop>
    <stop arrival="12:52" departure="12:52">Breivikskiftet</stop>
    <stop arrival="12:54" departure="12:54">Drotningsvik Rv 555</stop>
    <stop arrival="12:56" departure="12:56">Knarrevik</stop>
    <stop arrival="13:00">Straume term.</stop>
  </route>
</routes>
