<?xml version="1.0" encoding="UTF-8"?>
<routes>
  <route no="471" destination="Turøy snuplass" url="http://www.web2051.no/bin/tp/zuginfo.exe/on/693606/233629/655402/96499/1/" trafficDays="kjører Ma - Fr, ikke 13., 17., 24. Mai">
    <stop departure="11:55" routeNo="471">Straume term.</stop>
    <stop arrival="11:56" departure="11:56">Bildøy</stop>
    <stop arrival="11:58" departure="11:58">Bildøy bro</stop>
    <stop arrival="11:58" departure="11:58">Døsjeskiftet</stop>
    <stop arrival="11:58" departure="11:58">Kolltveit kryss</stop>
    <stop arrival="11:59" departure="11:59">Kolltveit ved skulen</stop>
    <stop arrival="11:59" departure="11:59">Kolltveit sør</stop>
    <stop arrival="11:59" departure="11:59">Kolltveit Bergasletto</stop>
    <stop arrival="12:00" departure="12:00">Kolltveit kai</stop>
    <stop arrival="12:00" departure="12:00">Kolltveit senter</stop>
    <stop arrival="12:02" departure="12:02">Morland ved bensinstasjon</stop>
    <stop arrival="12:03" departure="12:03">Morlandstø</stop>
    <stop arrival="12:04" departure="12:04">Knappskog utmark</stop>
    <stop arrival="12:05" departure="12:05">Fjæreide kryss</stop>
    <stop arrival="12:06" departure="12:06">Knappskog</stop>
    <stop arrival="12:08" departure="12:08">Ormevik</stop>
    <stop arrival="12:09" departure="12:09">Spjeld</stop>
    <stop arrival="12:10" departure="12:10">Spjeldbrekko</stop>
    <stop arrival="12:11" departure="12:11">Ågotnes Vanntanken</stop>
    <stop arrival="12:13" departure="12:13">Ågotnes</stop>
    <stop arrival="12:14" departure="12:14">Ågotnes Maggevarden</stop>
    <stop arrival="12:14" departure="12:14">Ågotnes Kryss CCB</stop>
    <stop arrival="12:15" departure="12:15">Ågotnes terminal</stop>
    <stop arrival="12:17" departure="12:17">Angeltveit Polleidet</stop>
    <stop arrival="12:17" departure="12:17">Angeltveit</stop>
    <stop arrival="12:18" departure="12:18">Angeltveit gard</stop>
    <stop arrival="12:19" departure="12:19">Landro utmark</stop>
    <stop arrival="12:20" departure="12:20">Landro skule</stop>
    <stop arrival="12:21" departure="12:21">Landro Buasvingen</stop>
    <stop arrival="12:22" departure="12:22">Landro Avløpet</stop>
    <stop arrival="12:23" departure="12:23">Landro samfunnshus</stop>
    <stop arrival="12:23" departure="12:23">Solsvik ved trelast</stop>
    <stop arrival="12:24" departure="12:24">Solsvik Myra</stop>
    <stop arrival="12:25" departure="12:25">Solsvik Elvebakken</stop>
    <stop arrival="12:25" departure="12:25">Solsvik kai (snuplass)</stop>
    <stop arrival="12:25" departure="12:25">Solsvik Elvebakken</stop>
    <stop arrival="12:26" departure="12:26">Solsvik Myra</stop>
    <stop arrival="12:26" departure="12:26">Solsvik ved trelast</stop>
    <stop arrival="12:27" departure="12:27">Landro samfunnshus</stop>
    <stop arrival="12:28" departure="12:28">Landro Avløpet</stop>
    <stop arrival="12:28" departure="12:28">Landro Buasvingen</stop>
    <stop arrival="12:29" departure="12:29">Landrovågskrysset</stop>
    <stop arrival="12:29" departure="12:29">Landro Vindenesvegen</stop>
    <stop arrival="12:33" departure="12:33">Vindenes Barneshaugen</stop>
    <stop arrival="12:34" departure="12:34">Vindenes</stop>
    <stop arrival="12:34" departure="12:34">Vindenestoppen</stop>
    <stop arrival="12:35" departure="12:35">Vindenes gard</stop>
    <stop arrival="12:35" departure="12:35">Vindenes snuplass</stop>
    <stop arrival="12:35" departure="12:35">Vindenes gard</stop>
    <stop arrival="12:36" departure="12:36">Vindenestoppen</stop>
    <stop arrival="12:37" departure="12:37">Vindenes</stop>
    <stop arrival="12:38" departure="12:38">Vindenes Barneshaugen</stop>
    <stop arrival="12:39" departure="12:39">Vindenes kryss</stop>
    <stop arrival="12:43" departure="12:43">Solsvik Elvebakken R561</stop>
    <stop arrival="12:45" departure="12:45">Misje sør</stop>
    <stop arrival="12:47" departure="12:47">Misje</stop>
    <stop arrival="12:48" departure="12:48">Misje nord</stop>
    <stop arrival="12:55">Turøy snuplass</stop>
  </route>
  <route no="463" destination="Straume term." url="http://www.web2051.no/bin/tp/zuginfo.exe/on/434700/147174/579470/144835/1/" trafficDays="kjører Ma - Fr, ikke 13., 17., 24. Mai">
    <stop departure="11:45" routeNo="463">Vindenes snuplass</stop>
    <stop arrival="11:49" departure="11:49">Landro skule</stop>
    <stop arrival="11:50" departure="11:50">Landro Buasvingen</stop>
    <stop arrival="11:51" departure="11:51">Landro Avløpet</stop>
    <stop arrival="11:52" departure="11:52">Landro samfunnshus</stop>
    <stop arrival="11:53" departure="11:53">Solsvik ved trelast</stop>
    <stop arrival="11:54" departure="11:54">Solsvik Myra</stop>
    <stop arrival="11:54" departure="11:54">Solsvik Elvebakken</stop>
    <stop arrival="11:55" departure="11:55">Solsvik kai (snuplass)</stop>
    <stop arrival="11:56" departure="11:56">Solsvik Elvebakken</stop>
    <stop arrival="11:56" departure="11:56">Solsvik Myra</stop>
    <stop arrival="11:56" departure="11:56">Solsvik ved trelast</stop>
    <stop arrival="11:57" departure="11:57">Landro samfunnshus</stop>
    <stop arrival="11:58" departure="11:58">Landro Avløpet</stop>
    <stop arrival="11:58" departure="11:58">Landro Buasvingen</stop>
    <stop arrival="11:59" departure="11:59">Landrovågskrysset</stop>
    <stop arrival="12:00" departure="12:00">Landro skule</stop>
    <stop arrival="12:01" departure="12:01">Landro utmark</stop>
    <stop arrival="12:02" departure="12:02">Angeltveit gard</stop>
    <stop arrival="12:03" departure="12:03">Angeltveit</stop>
    <stop arrival="12:03" departure="12:03">Angeltveit Polleidet</stop>
    <stop arrival="12:05" departure="12:05">Ågotnes terminal</stop>
    <stop arrival="12:06" departure="12:06">Ågotnes Kryss CCB</stop>
    <stop arrival="12:06" departure="12:06">Ågotnes Maggevarden</stop>
    <stop arrival="12:07" departure="12:07">Ågotnes</stop>
    <stop arrival="12:08" departure="12:08">Ågotnes Vanntanken</stop>
    <stop arrival="12:10" departure="12:10">Spjeldbrekko</stop>
    <stop arrival="12:11" departure="12:11">Spjeld</stop>
    <stop arrival="12:11" departure="12:11">Ormevik</stop>
    <stop arrival="12:12" departure="12:12">Knappskog</stop>
    <stop arrival="12:13" departure="12:13">Fjæreide kryss</stop>
    <stop arrival="12:15" departure="12:15">Knappskog utmark</stop>
    <stop arrival="12:16" departure="12:16">Morlandstø</stop>
    <stop arrival="12:17" departure="12:17">Morland ved bensinstasjon</stop>
    <stop arrival="12:18" departure="12:18">Kolltveit senter</stop>
    <stop arrival="12:19" departure="12:19">Kolltveit kai</stop>
    <stop arrival="12:20" departure="12:20">Kolltveit Bergasletto</stop>
    <stop arrival="12:21" departure="12:21">Kolltveit sør</stop>
    <stop arrival="12:21" departure="12:21">Kolltveit ved skulen</stop>
    <stop arrival="12:22" departure="12:22">Kolltveit kryss</stop>
    <stop arrival="12:23" departure="12:23">Døsjeskiftet</stop>
    <stop arrival="12:24" departure="12:24">Bildøy bro</stop>
    <stop arrival="12:26" departure="12:26">Bildøy</stop>
    <stop arrival="12:30">Straume term.</stop>
  </route>
  <route no="479" destination="Straume term." url="http://www.web2051.no/bin/tp/zuginfo.exe/on/419628/142372/337040/28644/1/" trafficDays="kjører Lø, ikke 1. Mai">
    <stop departure="11:10" routeNo="479">Hellesøy kai</stop>
    <stop arrival="11:11" departure="11:11">Hellesøy (Øygarden)</stop>
    <stop arrival="11:11" departure="11:11">Hellesund (Øygarden)</stop>
    <stop arrival="11:12" departure="11:12">Kalfaret (Øygarden)</stop>
    <stop arrival="11:12" departure="11:12">Svellingen</stop>
    <stop arrival="11:13" departure="11:13">Bakken skule (Øygarden)</stop>
    <stop arrival="11:13" departure="11:13">Hjelme gravplass</stop>
    <stop arrival="11:14" departure="11:14">Hjelme kyrkje</stop>
    <stop arrival="11:14" departure="11:14">Halvardskryss</stop>
    <stop arrival="11:15" departure="11:15">Hjelme kryss</stop>
    <stop arrival="11:16" departure="11:16">Trollvatn (Øygarden)</stop>
    <stop arrival="11:17" departure="11:17">Storhilderen (Øygarden)</stop>
    <stop arrival="11:18" departure="11:18">Stølsnes (Øygarden)</stop>
    <stop arrival="11:18" departure="11:18">Nautnes</stop>
    <stop arrival="11:18" departure="11:18">Nordvik nord (Øygarden)</stop>
    <stop arrival="11:19" departure="11:19">Nordvik sør (Øygarden)</stop>
    <stop arrival="11:19" departure="11:19">Gamle Sturekryss</stop>
    <stop arrival="11:20" departure="11:20">Skjold (Øygarden)</stop>
    <stop arrival="11:22" departure="11:22">Sture oljeterm. kryss</stop>
    <stop arrival="11:25" departure="11:25">Alvheimstre</stop>
    <stop arrival="11:27" departure="11:27">Alvheim skule</stop>
    <stop arrival="11:27" departure="11:27">Dåvøy kryss</stop>
    <stop arrival="11:28" departure="11:28">Alvheim kryss</stop>
    <stop arrival="11:30" departure="11:30">Tjeldstø terminal</stop>
    <stop arrival="11:31" departure="11:31">Tjeldstøstraumen</stop>
    <stop arrival="11:31" departure="11:31">Sauøy (Øygarden)</stop>
    <stop arrival="11:32" departure="11:32">Straumøy (Øygarden)</stop>
    <stop arrival="11:34" departure="11:34">Østlandet (Øygarden)</stop>
    <stop arrival="11:35" departure="11:35">Ovågen Kystmuseum</stop>
    <stop arrival="11:36" departure="11:36">Rossnes (Øygarden)</stop>
    <stop arrival="11:36" departure="11:36">Nålura (Øygarden)</stop>
    <stop arrival="11:37" departure="11:37">Kollsnes Næringspark</stop>
    <stop arrival="11:40" departure="11:40">Dale (Øygarden)</stop>
    <stop arrival="11:40" departure="11:40">Blomvåg terminal</stop>
    <stop arrival="11:41" departure="11:41">Blom (Øygarden)</stop>
    <stop arrival="11:42" departure="11:42">Søre Sæle (Øygarden)</stop>
    <stop arrival="11:42" departure="11:42">Søre Sæle (Butikken) Øygarden</stop>
    <stop arrival="11:44" departure="11:44">Rong Kulturhus</stop>
    <stop arrival="11:45" departure="11:45">Rong senter</stop>
    <stop arrival="11:46" departure="11:46">Rong Arseta</stop>
    <stop arrival="11:46" departure="11:46">Rong Austamarka</stop>
    <stop arrival="11:47" departure="11:47">Rong Raudhammeren</stop>
    <stop arrival="11:49" departure="11:49">Toftøy Stekabakken</stop>
    <stop arrival="11:50" departure="11:50">Torsvik kryss (Øygarden)</stop>
    <stop arrival="11:51" departure="11:51">Toftøy ved fotballbanen</stop>
    <stop arrival="11:52" departure="11:52">Toftøy Hyttegrenda</stop>
    <stop arrival="11:52" departure="11:52">Vik (Øygarden)</stop>
    <stop arrival="11:54" departure="11:54">Stegavika</stop>
    <stop arrival="11:54" departure="11:54">Svelgen bro</stop>
    <stop arrival="11:55" departure="11:55">Misje nord</stop>
    <stop arrival="11:56" departure="11:56">Misje</stop>
    <stop arrival="11:57" departure="11:57">Misje sør</stop>
    <stop arrival="11:58" departure="11:58">Solsvik Elvebakken R561</stop>
    <stop arrival="12:02" departure="12:02">Vindenes kryss</stop>
    <stop arrival="12:05" departure="12:05">Ågotnes terminal</stop>
    <stop arrival="12:06" departure="12:06">Ågotnes Kryss CCB</stop>
    <stop arrival="12:06" departure="12:06">Ågotnes Maggevarden</stop>
    <stop arrival="12:07" departure="12:07">Ågotnes</stop>
    <stop arrival="12:08" departure="12:08">Ågotnes Vanntanken</stop>
    <stop arrival="12:10" departure="12:10">Spjeldbrekko</stop>
    <stop arrival="12:11" departure="12:11">Spjeld</stop>
    <stop arrival="12:11" departure="12:11">Ormevik</stop>
    <stop arrival="12:12" departure="12:12">Knappskog</stop>
    <stop arrival="12:13" departure="12:13">Fjæreide kryss</stop>
    <stop arrival="12:15" departure="12:15">Knappskog utmark</stop>
    <stop arrival="12:16" departure="12:16">Morlandstø</stop>
    <stop arrival="12:17" departure="12:17">Morland ved bensinstasjon</stop>
    <stop arrival="12:18" departure="12:18">Kolltveit senter</stop>
    <stop arrival="12:19" departure="12:19">Kolltveit kai</stop>
    <stop arrival="12:20" departure="12:20">Kolltveit Bergasletto</stop>
    <stop arrival="12:21" departure="12:21">Kolltveit sør</stop>
    <stop arrival="12:21" departure="12:21">Kolltveit ved skulen</stop>
    <stop arrival="12:22" departure="12:22">Kolltveit kryss</stop>
    <stop arrival="12:23" departure="12:23">Døsjeskiftet</stop>
    <stop arrival="12:24" departure="12:24">Bildøy bro</stop>
    <stop arrival="12:26" departure="12:26">Bildøy</stop>
    <stop arrival="12:30">Straume term.</stop>
  </route>
  <route no="468" destination="Ågotnes terminal" url="http://www.web2051.no/bin/tp/zuginfo.exe/on/254730/87320/343092/86636/1/" trafficDays="kjører Lø, ikke 1. Mai">
    <stop departure="12:35" routeNo="468">Straume term.</stop>
    <stop arrival="12:36" departure="12:36">Bildøy</stop>
    <stop arrival="12:38" departure="12:38">Bildøy bro</stop>
    <stop arrival="12:38" departure="12:38">Døsjeskiftet</stop>
    <stop arrival="12:38" departure="12:38">Kolltveit kryss</stop>
    <stop arrival="12:39" departure="12:39">Kolltveit ved skulen</stop>
    <stop arrival="12:39" departure="12:39">Kolltveit sør</stop>
    <stop arrival="12:39" departure="12:39">Kolltveit Bergasletto</stop>
    <stop arrival="12:40" departure="12:40">Kolltveit kai</stop>
    <stop arrival="12:40" departure="12:40">Kolltveit senter</stop>
    <stop arrival="12:42" departure="12:42">Morland ved bensinstasjon</stop>
    <stop arrival="12:43" departure="12:43">Morlandstø</stop>
    <stop arrival="12:44" departure="12:44">Knappskog utmark</stop>
    <stop arrival="12:45" departure="12:45">Fjæreide kryss</stop>
    <stop arrival="12:46" departure="12:46">Knappskog</stop>
    <stop arrival="12:48" departure="12:48">Ormevik</stop>
    <stop arrival="12:49" departure="12:49">Spjeld</stop>
    <stop arrival="12:50" departure="12:50">Spjeldbrekko</stop>
    <stop arrival="12:51" departure="12:51">Ågotnes Vanntanken</stop>
    <stop arrival="12:53" departure="12:53">Ågotnes</stop>
    <stop arrival="12:54" departure="12:54">Ågotnes Maggevarden</stop>
    <stop arrival="12:54" departure="12:54">Ågotnes Kryss CCB</stop>
    <stop arrival="12:55">Ågotnes terminal</stop>
  </route>
  <route no="479" destination="Hellesøy kai" url="http://www.web2051.no/bin/tp/zuginfo.exe/on/396498/134627/964844/350257/1/" trafficDays="kjører Ma - Fr, ikke 13., 17., 24. Mai">
    <stop departure="12:35" routeNo="479">Straume term.</stop>
    <stop arrival="12:36" departure="12:36">Bildøy</stop>
    <stop arrival="12:38" departure="12:38">Bildøy bro</stop>
    <stop arrival="12:38" departure="12:38">Døsjeskiftet</stop>
    <stop arrival="12:38" departure="12:38">Kolltveit kryss</stop>
    <stop arrival="12:39" departure="12:39">Kolltveit ved skulen</stop>
    <stop arrival="12:39" departure="12:39">Kolltveit sør</stop>
    <stop arrival="12:39" departure="12:39">Kolltveit Bergasletto</stop>
    <stop arrival="12:40" departure="12:40">Kolltveit kai</stop>
    <stop arrival="12:40" departure="12:40">Kolltveit senter</stop>
    <stop arrival="12:42" departure="12:42">Morland ved bensinstasjon</stop>
    <stop arrival="12:43" departure="12:43">Morlandstø</stop>
    <stop arrival="12:44" departure="12:44">Knappskog utmark</stop>
    <stop arrival="12:45" departure="12:45">Fjæreide kryss</stop>
    <stop arrival="12:46" departure="12:46">Knappskog</stop>
    <stop arrival="12:48" departure="12:48">Ormevik</stop>
    <stop arrival="12:49" departure="12:49">Spjeld</stop>
    <stop arrival="12:50" departure="12:50">Spjeldbrekko</stop>
    <stop arrival="12:51" departure="12:51">Ågotnes Vanntanken</stop>
    <stop arrival="12:53" departure="12:53">Ågotnes</stop>
    <stop arrival="12:54" departure="12:54">Ågotnes Maggevarden</stop>
    <stop arrival="12:54" departure="12:54">Ågotnes Kryss CCB</stop>
    <stop arrival="12:55" departure="12:55">Ågotnes terminal</stop>
    <stop arrival="12:57" departure="12:57">Vindenes kryss</stop>
    <stop arrival="12:59" departure="12:59">Solsvik Elvebakken R561</stop>
    <stop arrival="13:00" departure="13:00">Misje sør</stop>
    <stop arrival="13:01" departure="13:01">Misje</stop>
    <stop arrival="13:01" departure="13:01">Misje nord</stop>
    <stop arrival="13:02" departure="13:02">Svelgen bro</stop>
    <stop arrival="13:02" departure="13:02">Stegavika</stop>
    <stop arrival="13:03" departure="13:03">Vik (Øygarden)</stop>
    <stop arrival="13:04" departure="13:04">Toftøy Hyttegrenda</stop>
    <stop arrival="13:04" departure="13:04">Toftøy ved fotballbanen</stop>
    <stop arrival="13:05" departure="13:05">Torsvik kryss (Øygarden)</stop>
    <stop arrival="13:06" departure="13:06">Toftøy Stekabakken</stop>
    <stop arrival="13:08" departure="13:08">Rong Raudhammeren</stop>
    <stop arrival="13:09" departure="13:09">Rong Austamarka</stop>
    <stop arrival="13:09" departure="13:09">Rong Arseta</stop>
    <stop arrival="13:10" departure="13:10">Rong senter</stop>
    <stop arrival="13:11" departure="13:11">Rong Kulturhus</stop>
    <stop arrival="13:13" departure="13:13">Søre Sæle (Butikken) Øygarden</stop>
    <stop arrival="13:13" departure="13:13">Søre Sæle (Øygarden)</stop>
    <stop arrival="13:14" departure="13:14">Blom (Øygarden)</stop>
    <stop arrival="13:15" departure="13:15">Blomvåg terminal</stop>
    <stop arrival="13:16" departure="13:16">Dale (Øygarden)</stop>
    <stop arrival="13:18" departure="13:18">Kollsnes Næringspark</stop>
    <stop arrival="13:19" departure="13:19">Nålura (Øygarden)</stop>
    <stop arrival="13:19" departure="13:19">Rossnes (Øygarden)</stop>
    <stop arrival="13:20" departure="13:20">Ovågen Kystmuseum</stop>
    <stop arrival="13:21" departure="13:21">Østlandet (Øygarden)</stop>
    <stop arrival="13:23" departure="13:23">Straumøy (Øygarden)</stop>
    <stop arrival="13:24" departure="13:24">Sauøy (Øygarden)</stop>
    <stop arrival="13:24" departure="13:24">Tjeldstøstraumen</stop>
    <stop arrival="13:25" departure="13:25">Tjeldstø terminal</stop>
    <stop arrival="13:27" departure="13:27">Alvheim kryss</stop>
    <stop arrival="13:28" departure="13:28">Dåvøy kryss</stop>
    <stop arrival="13:28" departure="13:28">Alvheim skule</stop>
    <stop arrival="13:30" departure="13:30">Alvheimstre</stop>
    <stop arrival="13:32" departure="13:32">Sture oljeterm. kryss</stop>
    <stop arrival="13:33" departure="13:33">Skjold (Øygarden)</stop>
    <stop arrival="13:34" departure="13:34">Gamle Sturekryss</stop>
    <stop arrival="13:34" departure="13:34">Nordvik sør (Øygarden)</stop>
    <stop arrival="13:35" departure="13:35">Nordvik nord (Øygarden)</stop>
    <stop arrival="13:35" departure="13:35">Nautnes</stop>
    <stop arrival="13:36" departure="13:36">Stølsnes (Øygarden)</stop>
    <stop arrival="13:36" departure="13:36">Storhilderen (Øygarden)</stop>
    <stop arrival="13:38" departure="13:38">Trollvatn (Øygarden)</stop>
    <stop arrival="13:39" departure="13:39">Hjelme kryss</stop>
    <stop arrival="13:40" departure="13:40">Halvardskryss</stop>
    <stop arrival="13:40" departure="13:40">Hjelme kyrkje</stop>
    <stop arrival="13:41" departure="13:41">Hjelme gravplass</stop>
    <stop arrival="13:41" departure="13:41">Bakken skule (Øygarden)</stop>
    <stop arrival="13:42" departure="13:42">Svellingen</stop>
    <stop arrival="13:43" departure="13:43">Kalfaret (Øygarden)</stop>
    <stop arrival="13:44" departure="13:44">Hellesund (Øygarden)</stop>
    <stop arrival="13:44" departure="13:44">Hellesøy (Øygarden)</stop>
    <stop arrival="13:45">Hellesøy kai</stop>
  </route>
</routes>
