<?xml version="1.0" encoding="UTF-8"?>
<routes>
  <route no="280" destination="Bergen Busstasjon" url="http://www.web2051.no/bin/tp/zuginfo.exe/on/406899/140772/668554/198645/1/" trafficDays="kjører Sø, også 1., 13., 17., 24. Mai">
    <stop departure="12:05" routeNo="280">Klauvarinden</stop>
    <stop arrival="12:06" departure="12:06">Tellevik</stop>
    <stop arrival="12:07" departure="12:07">Falkangervegen</stop>
    <stop arrival="12:08" departure="12:08">Hordvik post</stop>
    <stop arrival="12:09" departure="12:09">Grøvlesvingen</stop>
    <stop arrival="12:10" departure="12:10">Grøvlesvingen</stop>
    <stop arrival="12:10" departure="12:10">Grøvle (Åsane)</stop>
    <stop arrival="12:10" departure="12:10">Hordvikhamnen</stop>
    <stop arrival="12:11" departure="12:11">Ulstein kryss</stop>
    <stop arrival="12:11" departure="12:11">Ulstein</stop>
    <stop arrival="12:12" departure="12:12">Ulstein snuplass</stop>
    <stop arrival="12:13" departure="12:13">Hordvik skole nedre</stop>
    <stop arrival="12:14" departure="12:14">Hordvikhamnen</stop>
    <stop arrival="12:15" departure="12:15">Nesjavegen</stop>
    <stop arrival="12:15" departure="12:15">Langamyrene</stop>
    <stop arrival="12:16" departure="12:16">Tuft (Åsane)</stop>
    <stop arrival="12:17" departure="12:17">Hylkje</stop>
    <stop arrival="12:18" departure="12:18">Almåsvegen</stop>
    <stop arrival="12:19" departure="12:19">Haukåsskogen</stop>
    <stop arrival="12:20" departure="12:20">Myrsæter</stop>
    <stop arrival="12:20" departure="12:20">Haukås barnehage</stop>
    <stop arrival="12:21" departure="12:21">Haukåsvegen</stop>
    <stop arrival="12:23" departure="12:23">Vikaleitet</stop>
    <stop arrival="12:24" departure="12:24">Eikås</stop>
    <stop arrival="12:25" departure="12:25">Vågsbotn</stop>
    <stop arrival="12:26" departure="12:26">Liavegen (Åsane)</stop>
    <stop arrival="12:26" departure="12:26">Domus Nyborg</stop>
    <stop arrival="12:27" departure="12:27">Nyborg</stop>
    <stop arrival="12:28" departure="12:28">Salhuskrysset</stop>
    <stop arrival="12:29" departure="12:29">Litleåskryss</stop>
    <stop arrival="12:29" departure="12:29">Rollandskrysset</stop>
    <stop arrival="12:30" departure="12:30">Åsane terminal</stop>
    <stop arrival="12:35" departure="12:35">Eidsvåg</stop>
    <stop arrival="12:37" departure="12:37">Handelshøyskolen</stop>
    <stop arrival="12:42" departure="12:42">Nyhavnsvei (Gamle Bergen)</stop>
    <stop arrival="12:43" departure="12:43">Munkebotten</stop>
    <stop arrival="12:44" departure="12:44">Ludebryggen</stop>
    <stop arrival="12:45" departure="12:45">Sandvikstorget</stop>
    <stop arrival="12:47" departure="12:47">Skutevikstorget</stop>
    <stop arrival="12:48" departure="12:48">Bontelabo</stop>
    <stop arrival="12:50" departure="12:50">Slottsgaten</stop>
    <stop arrival="12:50" departure="12:50">Bryggen</stop>
    <stop arrival="12:52" departure="12:52">Olav Kyrres gate</stop>
    <stop arrival="12:55">Bergen Busstasjon</stop>
  </route>
  <route no="280" destination="Salhus kai" url="http://www.web2051.no/bin/tp/zuginfo.exe/on/534663/183407/968800/306181/1/" trafficDays="kjører Ma - Fr, ikke 13., 17., 24. Mai">
    <stop departure="12:10" routeNo="280">Bergen Busstasjon</stop>
    <stop arrival="12:11" departure="12:11">Christies gate (Festplassen)</stop>
    <stop arrival="12:13" departure="12:13">Torget (Bergen)</stop>
    <stop arrival="12:14" departure="12:14">Bryggen</stop>
    <stop arrival="12:14" departure="12:14">Slottsgaten</stop>
    <stop arrival="12:16" departure="12:16">Bontelabo</stop>
    <stop arrival="12:16" departure="12:16">Skutevikstorget</stop>
    <stop arrival="12:17" departure="12:17">Sjøgaten</stop>
    <stop arrival="12:18" departure="12:18">Sandvikstorget</stop>
    <stop arrival="12:19" departure="12:19">Ludebryggen</stop>
    <stop arrival="12:20" departure="12:20">Munkebotten</stop>
    <stop arrival="12:21" departure="12:21">Nyhavnsvei (Gamle Bergen)</stop>
    <stop arrival="12:23" departure="12:23">Handelshøyskolen</stop>
    <stop arrival="12:25" departure="12:25">Eidsvåg</stop>
    <stop arrival="12:30" departure="12:30">Åsane terminal</stop>
    <stop arrival="12:31" departure="12:31">Rollandskrysset</stop>
    <stop arrival="12:31" departure="12:31">Litleåskryss</stop>
    <stop arrival="12:32" departure="12:32">Salhuskrysset</stop>
    <stop arrival="12:33" departure="12:33">Nyborg</stop>
    <stop arrival="12:35" departure="12:35">Domus Nyborg</stop>
    <stop arrival="12:36" departure="12:36">Liavegen (Åsane)</stop>
    <stop arrival="12:37" departure="12:37">Vågsbotn</stop>
    <stop arrival="12:37" departure="12:37">Eikås</stop>
    <stop arrival="12:38" departure="12:38">Vikaleitet</stop>
    <stop arrival="12:39" departure="12:39">Haukåsvegen</stop>
    <stop arrival="12:40" departure="12:40">Haukås barnehage</stop>
    <stop arrival="12:40" departure="12:40">Myrsæter</stop>
    <stop arrival="12:41" departure="12:41">Haukåsskogen</stop>
    <stop arrival="12:42" departure="12:42">Almåsvegen</stop>
    <stop arrival="12:43" departure="12:43">Hylkje</stop>
    <stop arrival="12:44" departure="12:44">Tuft (Åsane)</stop>
    <stop arrival="12:45" departure="12:45">Langamyrene</stop>
    <stop arrival="12:45" departure="12:45">Nesjavegen</stop>
    <stop arrival="12:46" departure="12:46">Grøvle (Åsane)</stop>
    <stop arrival="12:46" departure="12:46">Hordvikhamnen</stop>
    <stop arrival="12:47" departure="12:47">Ulstein kryss</stop>
    <stop arrival="12:47" departure="12:47">Ulstein</stop>
    <stop arrival="12:48" departure="12:48">Ulstein snuplass</stop>
    <stop arrival="12:50" departure="12:50">Grøvle (Åsane)</stop>
    <stop arrival="12:50" departure="12:50">Grøvlesvingen</stop>
    <stop arrival="12:51" departure="12:51">Hordvik gård</stop>
    <stop arrival="12:52" departure="12:52">Hordvik skole</stop>
    <stop arrival="12:53" departure="12:53">Falkangervegen</stop>
    <stop arrival="12:54" departure="12:54">Tellevik</stop>
    <stop arrival="12:55" departure="12:55">Klauvarinden</stop>
    <stop arrival="12:57" departure="12:57">Sveisbakken</stop>
    <stop arrival="13:01" departure="13:01">Slettebakken</stop>
    <stop arrival="13:04" departure="13:04">Samhold</stop>
    <stop arrival="13:05">Salhus kai</stop>
  </route>
  <route no="280" destination="Salhus kai" url="http://www.web2051.no/bin/tp/zuginfo.exe/on/499056/171511/256268/38220/1/" trafficDays="kjører Lø, ikke 1. Mai">
    <stop departure="12:10" routeNo="280">Bergen Busstasjon</stop>
    <stop arrival="12:11" departure="12:11">Christies gate (Festplassen)</stop>
    <stop arrival="12:13" departure="12:13">Torget (Bergen)</stop>
    <stop arrival="12:14" departure="12:14">Bryggen</stop>
    <stop arrival="12:14" departure="12:14">Slottsgaten</stop>
    <stop arrival="12:16" departure="12:16">Bontelabo</stop>
    <stop arrival="12:16" departure="12:16">Skutevikstorget</stop>
    <stop arrival="12:17" departure="12:17">Sjøgaten</stop>
    <stop arrival="12:18" departure="12:18">Sandvikstorget</stop>
    <stop arrival="12:19" departure="12:19">Ludebryggen</stop>
    <stop arrival="12:20" departure="12:20">Munkebotten</stop>
    <stop arrival="12:21" departure="12:21">Nyhavnsvei (Gamle Bergen)</stop>
    <stop arrival="12:23" departure="12:23">Handelshøyskolen</stop>
    <stop arrival="12:25" departure="12:25">Eidsvåg</stop>
    <stop arrival="12:30" departure="12:30">Åsane terminal</stop>
    <stop arrival="12:31" departure="12:31">Rollandskrysset</stop>
    <stop arrival="12:31" departure="12:31">Litleåskryss</stop>
    <stop arrival="12:32" departure="12:32">Salhuskrysset</stop>
    <stop arrival="12:33" departure="12:33">Nyborg</stop>
    <stop arrival="12:35" departure="12:35">Domus Nyborg</stop>
    <stop arrival="12:36" departure="12:36">Liavegen (Åsane)</stop>
    <stop arrival="12:37" departure="12:37">Vågsbotn</stop>
    <stop arrival="12:37" departure="12:37">Eikås</stop>
    <stop arrival="12:38" departure="12:38">Vikaleitet</stop>
    <stop arrival="12:39" departure="12:39">Haukåsvegen</stop>
    <stop arrival="12:40" departure="12:40">Haukås barnehage</stop>
    <stop arrival="12:40" departure="12:40">Myrsæter</stop>
    <stop arrival="12:41" departure="12:41">Haukåsskogen</stop>
    <stop arrival="12:42" departure="12:42">Almåsvegen</stop>
    <stop arrival="12:43" departure="12:43">Hylkje</stop>
    <stop arrival="12:44" departure="12:44">Tuft (Åsane)</stop>
    <stop arrival="12:45" departure="12:45">Langamyrene</stop>
    <stop arrival="12:45" departure="12:45">Nesjavegen</stop>
    <stop arrival="12:46" departure="12:46">Grøvle (Åsane)</stop>
    <stop arrival="12:46" departure="12:46">Hordvikhamnen</stop>
    <stop arrival="12:47" departure="12:47">Ulstein kryss</stop>
    <stop arrival="12:47" departure="12:47">Ulstein</stop>
    <stop arrival="12:48" departure="12:48">Ulstein snuplass</stop>
    <stop arrival="12:52" departure="12:52">Grøvle (Åsane)</stop>
    <stop arrival="12:52" departure="12:52">Grøvlesvingen</stop>
    <stop arrival="12:54" departure="12:54">Hordvik gård</stop>
    <stop arrival="12:55" departure="12:55">Hordvik skole</stop>
    <stop arrival="12:55" departure="12:55">Falkangervegen</stop>
    <stop arrival="12:57" departure="12:57">Tellevik</stop>
    <stop arrival="12:58" departure="12:58">Klauvarinden</stop>
    <stop arrival="12:59" departure="12:59">Sveisbakken</stop>
    <stop arrival="13:02" departure="13:02">Slettebakken</stop>
    <stop arrival="13:04" departure="13:04">Samhold</stop>
    <stop arrival="13:05">Salhus kai</stop>
  </route>
  <route no="280" destination="Bergen Busstasjon" url="http://www.web2051.no/bin/tp/zuginfo.exe/on/221418/78966/865330/358860/1/" trafficDays="kjører Lø, ikke 1. Mai">
    <stop departure="12:53" routeNo="280">Salhus kai</stop>
    <stop arrival="12:53" departure="12:53">Samhold</stop>
    <stop arrival="12:55" departure="12:55">Slettebakken</stop>
    <stop arrival="12:57" departure="12:57">Sveisbakken</stop>
    <stop arrival="12:58" departure="12:58">Klauvarinden</stop>
    <stop arrival="12:59" departure="12:59">Tellevik</stop>
    <stop arrival="13:00" departure="13:00">Falkangervegen</stop>
    <stop arrival="13:01" departure="13:01">Hordvik post</stop>
    <stop arrival="13:02" departure="13:02">Grøvlesvingen</stop>
    <stop arrival="13:03" departure="13:03">Grøvlesvingen</stop>
    <stop arrival="13:03" departure="13:03">Grøvle (Åsane)</stop>
    <stop arrival="13:03" departure="13:03">Hordvikhamnen</stop>
    <stop arrival="13:04" departure="13:04">Ulstein kryss</stop>
    <stop arrival="13:04" departure="13:04">Ulstein</stop>
    <stop arrival="13:05" departure="13:05">Ulstein snuplass</stop>
    <stop arrival="13:07" departure="13:07">Hordvik skole nedre</stop>
    <stop arrival="13:09" departure="13:09">Hordvikhamnen</stop>
    <stop arrival="13:10" departure="13:10">Nesjavegen</stop>
    <stop arrival="13:10" departure="13:10">Langamyrene</stop>
    <stop arrival="13:11" departure="13:11">Tuft (Åsane)</stop>
    <stop arrival="13:12" departure="13:12">Hylkje</stop>
    <stop arrival="13:13" departure="13:13">Almåsvegen</stop>
    <stop arrival="13:14" departure="13:14">Haukåsskogen</stop>
    <stop arrival="13:15" departure="13:15">Myrsæter</stop>
    <stop arrival="13:15" departure="13:15">Haukås barnehage</stop>
    <stop arrival="13:16" departure="13:16">Haukåsvegen</stop>
    <stop arrival="13:18" departure="13:18">Vikaleitet</stop>
    <stop arrival="13:19" departure="13:19">Eikås</stop>
    <stop arrival="13:20" departure="13:20">Vågsbotn</stop>
    <stop arrival="13:21" departure="13:21">Liavegen (Åsane)</stop>
    <stop arrival="13:21" departure="13:21">Domus Nyborg</stop>
    <stop arrival="13:22" departure="13:22">Nyborg</stop>
    <stop arrival="13:23" departure="13:23">Salhuskrysset</stop>
    <stop arrival="13:24" departure="13:24">Litleåskryss</stop>
    <stop arrival="13:24" departure="13:24">Rollandskrysset</stop>
    <stop arrival="13:25" departure="13:25">Åsane terminal</stop>
    <stop arrival="13:30" departure="13:30">Eidsvåg</stop>
    <stop arrival="13:32" departure="13:32">Handelshøyskolen</stop>
    <stop arrival="13:37" departure="13:37">Nyhavnsvei (Gamle Bergen)</stop>
    <stop arrival="13:38" departure="13:38">Munkebotten</stop>
    <stop arrival="13:39" departure="13:39">Ludebryggen</stop>
    <stop arrival="13:40" departure="13:40">Sandvikstorget</stop>
    <stop arrival="13:42" departure="13:42">Skutevikstorget</stop>
    <stop arrival="13:43" departure="13:43">Bontelabo</stop>
    <stop arrival="13:45" departure="13:45">Slottsgaten</stop>
    <stop arrival="13:45" departure="13:45">Bryggen</stop>
    <stop arrival="13:47" departure="13:47">Olav Kyrres gate</stop>
    <stop arrival="13:50">Bergen Busstasjon</stop>
  </route>
  <route no="280" destination="Bergen Busstasjon" url="http://www.web2051.no/bin/tp/zuginfo.exe/on/824898/280151/377122/86410/1/" trafficDays="kjører Ma - Fr, ikke 13., 17., 24. Mai">
    <stop departure="12:53" routeNo="280">Salhus kai</stop>
    <stop arrival="12:53" departure="12:53">Samhold</stop>
    <stop arrival="12:55" departure="12:55">Slettebakken</stop>
    <stop arrival="12:57" departure="12:57">Sveisbakken</stop>
    <stop arrival="12:58" departure="12:58">Klauvarinden</stop>
    <stop arrival="12:59" departure="12:59">Tellevik</stop>
    <stop arrival="13:00" departure="13:00">Falkangervegen</stop>
    <stop arrival="13:01" departure="13:01">Hordvik post</stop>
    <stop arrival="13:02" departure="13:02">Grøvlesvingen</stop>
    <stop arrival="13:03" departure="13:03">Grøvlesvingen</stop>
    <stop arrival="13:03" departure="13:03">Grøvle (Åsane)</stop>
    <stop arrival="13:03" departure="13:03">Hordvikhamnen</stop>
    <stop arrival="13:04" departure="13:04">Ulstein kryss</stop>
    <stop arrival="13:04" departure="13:04">Ulstein</stop>
    <stop arrival="13:05" departure="13:05">Ulstein snuplass</stop>
    <stop arrival="13:06" departure="13:06">Hordvik skole nedre</stop>
    <stop arrival="13:07" departure="13:07">Hordvikhamnen</stop>
    <stop arrival="13:08" departure="13:08">Nesjavegen</stop>
    <stop arrival="13:09" departure="13:09">Langamyrene</stop>
    <stop arrival="13:10" departure="13:10">Tuft (Åsane)</stop>
    <stop arrival="13:11" departure="13:11">Hylkje</stop>
    <stop arrival="13:13" departure="13:13">Almåsvegen</stop>
    <stop arrival="13:14" departure="13:14">Haukåsskogen</stop>
    <stop arrival="13:15" departure="13:15">Myrsæter</stop>
    <stop arrival="13:15" departure="13:15">Haukås barnehage</stop>
    <stop arrival="13:16" departure="13:16">Haukåsvegen</stop>
    <stop arrival="13:17" departure="13:17">Vikaleitet</stop>
    <stop arrival="13:18" departure="13:18">Eikås</stop>
    <stop arrival="13:18" departure="13:18">Vågsbotn</stop>
    <stop arrival="13:19" departure="13:19">Liavegen (Åsane)</stop>
    <stop arrival="13:20" departure="13:20">Domus Nyborg</stop>
    <stop arrival="13:22" departure="13:22">Nyborg</stop>
    <stop arrival="13:23" departure="13:23">Salhuskrysset</stop>
    <stop arrival="13:24" departure="13:24">Litleåskryss</stop>
    <stop arrival="13:24" departure="13:24">Rollandskrysset</stop>
    <stop arrival="13:25" departure="13:25">Åsane terminal</stop>
    <stop arrival="13:30" departure="13:30">Eidsvåg</stop>
    <stop arrival="13:32" departure="13:32">Handelshøyskolen</stop>
    <stop arrival="13:37" departure="13:37">Nyhavnsvei (Gamle Bergen)</stop>
    <stop arrival="13:38" departure="13:38">Munkebotten</stop>
    <stop arrival="13:39" departure="13:39">Ludebryggen</stop>
    <stop arrival="13:40" departure="13:40">Sandvikstorget</stop>
    <stop arrival="13:42" departure="13:42">Skutevikstorget</stop>
    <stop arrival="13:43" departure="13:43">Bontelabo</stop>
    <stop arrival="13:45" departure="13:45">Slottsgaten</stop>
    <stop arrival="13:45" departure="13:45">Bryggen</stop>
    <stop arrival="13:47" departure="13:47">Olav Kyrres gate</stop>
    <stop arrival="13:50">Bergen Busstasjon</stop>
  </route>
</routes>
