<?xml version="1.0" encoding="UTF-8"?>
<routes>
  <route no="467" destination="Syltøy snuplass" url="http://www.web2051.no/bin/tp/zuginfo.exe/on/679425/228827/241200/105875/1/" trafficDays="kjører Ma - Fr, ikke 13., 17., 24. Mai">
    <stop departure="12:05" routeNo="467">Straume term.</stop>
    <stop arrival="12:07" departure="12:07">Bildøy</stop>
    <stop arrival="12:11" departure="12:11">Fjell Blommen</stop>
    <stop arrival="12:11" departure="12:11">Fjell Heljedalen</stop>
    <stop arrival="12:12" departure="12:12">Fjell</stop>
    <stop arrival="12:12" departure="12:12">Fjell kyrkje</stop>
    <stop arrival="12:13" departure="12:13">Fjell Kleivane</stop>
    <stop arrival="12:14" departure="12:14">Fjell Prestasmauet</stop>
    <stop arrival="12:14" departure="12:14">Fjell Litlakvilet</stop>
    <stop arrival="12:15" departure="12:15">Ulveseth</stop>
    <stop arrival="12:16" departure="12:16">Ulveseth skule</stop>
    <stop arrival="12:16" departure="12:16">Ytre Ulveseth</stop>
    <stop arrival="12:17" departure="12:17">Møvik Halsvarden (Fjell)</stop>
    <stop arrival="12:18" departure="12:18">Møvik, Åse kryss</stop>
    <stop arrival="12:19" departure="12:19">Møvik (Fjell)</stop>
    <stop arrival="12:19" departure="12:19">Møvik, Leirvik</stop>
    <stop arrival="12:20" departure="12:20">Skålevik utmark (Fjell)</stop>
    <stop arrival="12:21" departure="12:21">Skålevik gravplass (Fjell)</stop>
    <stop arrival="12:21" departure="12:21">Skålevik stølen (Fjell)</stop>
    <stop arrival="12:22" departure="12:22">Skålevik Kuaneset (Fjell)</stop>
    <stop arrival="12:23" departure="12:23">Skålevik skule (Fjell)</stop>
    <stop arrival="12:24" departure="12:24">Algrøy kryss</stop>
    <stop arrival="12:25" departure="12:25">Skålevik Fagerdalan (Fjell)</stop>
    <stop arrival="12:26" departure="12:26">Skålevikneset (Fjell)</stop>
    <stop arrival="12:27" departure="12:27">Langøy kryss (Fjell)</stop>
    <stop arrival="12:29" departure="12:29">Algrøy Porsvika</stop>
    <stop arrival="12:31" departure="12:31">Algrøy Nyo</stop>
    <stop arrival="12:32" departure="12:32">Algrøy byggefelt</stop>
    <stop arrival="12:33" departure="12:33">Algrøy Urhaugen</stop>
    <stop arrival="12:34" departure="12:34">Algrøy skule</stop>
    <stop arrival="12:34" departure="12:34">Algrøy bedehus</stop>
    <stop arrival="12:35" departure="12:35">Algrøy snuplass</stop>
    <stop arrival="12:35" departure="12:35">Algrøy bedehus</stop>
    <stop arrival="12:36" departure="12:36">Algrøy skule</stop>
    <stop arrival="12:36" departure="12:36">Algrøy Urhaugen</stop>
    <stop arrival="12:37" departure="12:37">Algrøy byggefelt</stop>
    <stop arrival="12:38" departure="12:38">Algrøy Nyo</stop>
    <stop arrival="12:39" departure="12:39">Algrøy Porsvika</stop>
    <stop arrival="12:41" departure="12:41">Langøy (Fjell)</stop>
    <stop arrival="12:42" departure="12:42">Vindkjeften</stop>
    <stop arrival="12:45" departure="12:45">Lokøy</stop>
    <stop arrival="12:47" departure="12:47">Flogøy kryss</stop>
    <stop arrival="12:47" departure="12:47">Linevik</stop>
    <stop arrival="12:48" departure="12:48">Flogøy</stop>
    <stop arrival="12:49" departure="12:49">Risholmen (Fjell)</stop>
    <stop arrival="12:49" departure="12:49">Storesund (Fjell)</stop>
    <stop arrival="12:49" departure="12:49">Syltøy (Øyna)</stop>
    <stop arrival="12:50">Syltøy snuplass</stop>
  </route>
</routes>
