<?xml version="1.0" encoding="UTF-8"?>
<routes>
  <route no="280" destination="Bergen Busstasjon" url="http://www.web2051.no/bin/tp/zuginfo.exe/on/624396/213317/180254/118009/1/" trafficDays="kjører Ma - Fr, ikke 13., 17., 24. Mai">
    <stop departure="11:53" routeNo="280">Salhus kai</stop>
    <stop arrival="11:53" departure="11:53">Samhold</stop>
    <stop arrival="11:55" departure="11:55">Slettebakken</stop>
    <stop arrival="11:57" departure="11:57">Sveisbakken</stop>
    <stop arrival="11:58" departure="11:58">Klauvarinden</stop>
    <stop arrival="11:59" departure="11:59">Tellevik</stop>
    <stop arrival="12:00" departure="12:00">Falkangervegen</stop>
    <stop arrival="12:01" departure="12:01">Hordvik post</stop>
    <stop arrival="12:02" departure="12:02">Grøvlesvingen</stop>
    <stop arrival="12:03" departure="12:03">Grøvlesvingen</stop>
    <stop arrival="12:03" departure="12:03">Grøvle (Åsane)</stop>
    <stop arrival="12:03" departure="12:03">Hordvikhamnen</stop>
    <stop arrival="12:04" departure="12:04">Ulstein kryss</stop>
    <stop arrival="12:04" departure="12:04">Ulstein</stop>
    <stop arrival="12:05" departure="12:05">Ulstein snuplass</stop>
    <stop arrival="12:06" departure="12:06">Hordvik skole nedre</stop>
    <stop arrival="12:07" departure="12:07">Hordvikhamnen</stop>
    <stop arrival="12:08" departure="12:08">Nesjavegen</stop>
    <stop arrival="12:09" departure="12:09">Langamyrene</stop>
    <stop arrival="12:10" departure="12:10">Tuft (Åsane)</stop>
    <stop arrival="12:11" departure="12:11">Hylkje</stop>
    <stop arrival="12:13" departure="12:13">Almåsvegen</stop>
    <stop arrival="12:14" departure="12:14">Haukåsskogen</stop>
    <stop arrival="12:15" departure="12:15">Myrsæter</stop>
    <stop arrival="12:15" departure="12:15">Haukås barnehage</stop>
    <stop arrival="12:16" departure="12:16">Haukåsvegen</stop>
    <stop arrival="12:17" departure="12:17">Vikaleitet</stop>
    <stop arrival="12:18" departure="12:18">Eikås</stop>
    <stop arrival="12:18" departure="12:18">Vågsbotn</stop>
    <stop arrival="12:19" departure="12:19">Liavegen (Åsane)</stop>
    <stop arrival="12:20" departure="12:20">Domus Nyborg</stop>
    <stop arrival="12:22" departure="12:22">Nyborg</stop>
    <stop arrival="12:23" departure="12:23">Salhuskrysset</stop>
    <stop arrival="12:24" departure="12:24">Litleåskryss</stop>
    <stop arrival="12:24" departure="12:24">Rollandskrysset</stop>
    <stop arrival="12:25" departure="12:25">Åsane terminal</stop>
    <stop arrival="12:30" departure="12:30">Eidsvåg</stop>
    <stop arrival="12:32" departure="12:32">Handelshøyskolen</stop>
    <stop arrival="12:37" departure="12:37">Nyhavnsvei (Gamle Bergen)</stop>
    <stop arrival="12:38" departure="12:38">Munkebotten</stop>
    <stop arrival="12:39" departure="12:39">Ludebryggen</stop>
    <stop arrival="12:40" departure="12:40">Sandvikstorget</stop>
    <stop arrival="12:42" departure="12:42">Skutevikstorget</stop>
    <stop arrival="12:43" departure="12:43">Bontelabo</stop>
    <stop arrival="12:45" departure="12:45">Slottsgaten</stop>
    <stop arrival="12:45" departure="12:45">Bryggen</stop>
    <stop arrival="12:47" departure="12:47">Olav Kyrres gate</stop>
    <stop arrival="12:50">Bergen Busstasjon</stop>
  </route>
  <route no="280" destination="Bergen Busstasjon" url="http://www.web2051.no/bin/tp/zuginfo.exe/on/919530/311670/299478/156771/1/" trafficDays="kjører Lø, ikke 1. Mai">
    <stop departure="11:53" routeNo="280">Salhus kai</stop>
    <stop arrival="11:53" departure="11:53">Samhold</stop>
    <stop arrival="11:55" departure="11:55">Slettebakken</stop>
    <stop arrival="11:57" departure="11:57">Sveisbakken</stop>
    <stop arrival="11:58" departure="11:58">Klauvarinden</stop>
    <stop arrival="11:59" departure="11:59">Tellevik</stop>
    <stop arrival="12:00" departure="12:00">Falkangervegen</stop>
    <stop arrival="12:01" departure="12:01">Hordvik post</stop>
    <stop arrival="12:02" departure="12:02">Grøvlesvingen</stop>
    <stop arrival="12:03" departure="12:03">Grøvlesvingen</stop>
    <stop arrival="12:03" departure="12:03">Grøvle (Åsane)</stop>
    <stop arrival="12:03" departure="12:03">Hordvikhamnen</stop>
    <stop arrival="12:04" departure="12:04">Ulstein kryss</stop>
    <stop arrival="12:04" departure="12:04">Ulstein</stop>
    <stop arrival="12:05" departure="12:05">Ulstein snuplass</stop>
    <stop arrival="12:07" departure="12:07">Hordvik skole nedre</stop>
    <stop arrival="12:09" departure="12:09">Hordvikhamnen</stop>
    <stop arrival="12:10" departure="12:10">Nesjavegen</stop>
    <stop arrival="12:10" departure="12:10">Langamyrene</stop>
    <stop arrival="12:11" departure="12:11">Tuft (Åsane)</stop>
    <stop arrival="12:12" departure="12:12">Hylkje</stop>
    <stop arrival="12:13" departure="12:13">Almåsvegen</stop>
    <stop arrival="12:14" departure="12:14">Haukåsskogen</stop>
    <stop arrival="12:15" departure="12:15">Myrsæter</stop>
    <stop arrival="12:15" departure="12:15">Haukås barnehage</stop>
    <stop arrival="12:16" departure="12:16">Haukåsvegen</stop>
    <stop arrival="12:18" departure="12:18">Vikaleitet</stop>
    <stop arrival="12:19" departure="12:19">Eikås</stop>
    <stop arrival="12:20" departure="12:20">Vågsbotn</stop>
    <stop arrival="12:21" departure="12:21">Liavegen (Åsane)</stop>
    <stop arrival="12:21" departure="12:21">Domus Nyborg</stop>
    <stop arrival="12:22" departure="12:22">Nyborg</stop>
    <stop arrival="12:23" departure="12:23">Salhuskrysset</stop>
    <stop arrival="12:24" departure="12:24">Litleåskryss</stop>
    <stop arrival="12:24" departure="12:24">Rollandskrysset</stop>
    <stop arrival="12:25" departure="12:25">Åsane terminal</stop>
    <stop arrival="12:30" departure="12:30">Eidsvåg</stop>
    <stop arrival="12:32" departure="12:32">Handelshøyskolen</stop>
    <stop arrival="12:37" departure="12:37">Nyhavnsvei (Gamle Bergen)</stop>
    <stop arrival="12:38" departure="12:38">Munkebotten</stop>
    <stop arrival="12:39" departure="12:39">Ludebryggen</stop>
    <stop arrival="12:40" departure="12:40">Sandvikstorget</stop>
    <stop arrival="12:42" departure="12:42">Skutevikstorget</stop>
    <stop arrival="12:43" departure="12:43">Bontelabo</stop>
    <stop arrival="12:45" departure="12:45">Slottsgaten</stop>
    <stop arrival="12:45" departure="12:45">Bryggen</stop>
    <stop arrival="12:47" departure="12:47">Olav Kyrres gate</stop>
    <stop arrival="12:50">Bergen Busstasjon</stop>
  </route>
  <route no="280" destination="Bergen Busstasjon" url="http://www.web2051.no/bin/tp/zuginfo.exe/on/349113/121510/822906/295083/1/" trafficDays="kjører Sø, også 1., 13., 17., 24. Mai">
    <stop departure="12:05" routeNo="280">Klauvarinden</stop>
    <stop arrival="12:06" departure="12:06">Tellevik</stop>
    <stop arrival="12:07" departure="12:07">Falkangervegen</stop>
    <stop arrival="12:08" departure="12:08">Hordvik post</stop>
    <stop arrival="12:09" departure="12:09">Grøvlesvingen</stop>
    <stop arrival="12:10" departure="12:10">Grøvlesvingen</stop>
    <stop arrival="12:10" departure="12:10">Grøvle (Åsane)</stop>
    <stop arrival="12:10" departure="12:10">Hordvikhamnen</stop>
    <stop arrival="12:11" departure="12:11">Ulstein kryss</stop>
    <stop arrival="12:11" departure="12:11">Ulstein</stop>
    <stop arrival="12:12" departure="12:12">Ulstein snuplass</stop>
    <stop arrival="12:13" departure="12:13">Hordvik skole nedre</stop>
    <stop arrival="12:14" departure="12:14">Hordvikhamnen</stop>
    <stop arrival="12:15" departure="12:15">Nesjavegen</stop>
    <stop arrival="12:15" departure="12:15">Langamyrene</stop>
    <stop arrival="12:16" departure="12:16">Tuft (Åsane)</stop>
    <stop arrival="12:17" departure="12:17">Hylkje</stop>
    <stop arrival="12:18" departure="12:18">Almåsvegen</stop>
    <stop arrival="12:19" departure="12:19">Haukåsskogen</stop>
    <stop arrival="12:20" departure="12:20">Myrsæter</stop>
    <stop arrival="12:20" departure="12:20">Haukås barnehage</stop>
    <stop arrival="12:21" departure="12:21">Haukåsvegen</stop>
    <stop arrival="12:23" departure="12:23">Vikaleitet</stop>
    <stop arrival="12:24" departure="12:24">Eikås</stop>
    <stop arrival="12:25" departure="12:25">Vågsbotn</stop>
    <stop arrival="12:26" departure="12:26">Liavegen (Åsane)</stop>
    <stop arrival="12:26" departure="12:26">Domus Nyborg</stop>
    <stop arrival="12:27" departure="12:27">Nyborg</stop>
    <stop arrival="12:28" departure="12:28">Salhuskrysset</stop>
    <stop arrival="12:29" departure="12:29">Litleåskryss</stop>
    <stop arrival="12:29" departure="12:29">Rollandskrysset</stop>
    <stop arrival="12:30" departure="12:30">Åsane terminal</stop>
    <stop arrival="12:35" departure="12:35">Eidsvåg</stop>
    <stop arrival="12:37" departure="12:37">Handelshøyskolen</stop>
    <stop arrival="12:42" departure="12:42">Nyhavnsvei (Gamle Bergen)</stop>
    <stop arrival="12:43" departure="12:43">Munkebotten</stop>
    <stop arrival="12:44" departure="12:44">Ludebryggen</stop>
    <stop arrival="12:45" departure="12:45">Sandvikstorget</stop>
    <stop arrival="12:47" departure="12:47">Skutevikstorget</stop>
    <stop arrival="12:48" departure="12:48">Bontelabo</stop>
    <stop arrival="12:50" departure="12:50">Slottsgaten</stop>
    <stop arrival="12:50" departure="12:50">Bryggen</stop>
    <stop arrival="12:52" departure="12:52">Olav Kyrres gate</stop>
    <stop arrival="12:55">Bergen Busstasjon</stop>
  </route>
  <route no="280" destination="Ulstein snuplass" url="http://www.web2051.no/bin/tp/zuginfo.exe/on/581058/198876/312866/37253/1/" trafficDays="kjører To, ikke 13. Mai">
    <stop departure="12:35" routeNo="280">Myrsæter</stop>
    <stop arrival="12:36" departure="12:36">Haukåsskogen</stop>
    <stop arrival="12:37" departure="12:37">Almåsvegen</stop>
    <stop arrival="12:38" departure="12:38">Hylkje</stop>
    <stop arrival="12:39" departure="12:39">Tuft (Åsane)</stop>
    <stop arrival="12:40" departure="12:40">Langamyrene</stop>
    <stop arrival="12:40" departure="12:40">Nesjavegen</stop>
    <stop arrival="12:41" departure="12:41">Grøvle (Åsane)</stop>
    <stop arrival="12:41" departure="12:41">Hordvikhamnen</stop>
    <stop arrival="12:42" departure="12:42">Ulstein kryss</stop>
    <stop arrival="12:42" departure="12:42">Ulstein</stop>
    <stop arrival="12:43">Ulstein snuplass</stop>
  </route>
  <route no="280" destination="Salhus kai" url="http://www.web2051.no/bin/tp/zuginfo.exe/on/160176/58578/219174/56197/1/" trafficDays="kjører Ma - Fr, ikke 13., 17., 24. Mai">
    <stop departure="12:10" routeNo="280">Bergen Busstasjon</stop>
    <stop arrival="12:11" departure="12:11">Christies gate (Festplassen)</stop>
    <stop arrival="12:13" departure="12:13">Torget (Bergen)</stop>
    <stop arrival="12:14" departure="12:14">Bryggen</stop>
    <stop arrival="12:14" departure="12:14">Slottsgaten</stop>
    <stop arrival="12:16" departure="12:16">Bontelabo</stop>
    <stop arrival="12:16" departure="12:16">Skutevikstorget</stop>
    <stop arrival="12:17" departure="12:17">Sjøgaten</stop>
    <stop arrival="12:18" departure="12:18">Sandvikstorget</stop>
    <stop arrival="12:19" departure="12:19">Ludebryggen</stop>
    <stop arrival="12:20" departure="12:20">Munkebotten</stop>
    <stop arrival="12:21" departure="12:21">Nyhavnsvei (Gamle Bergen)</stop>
    <stop arrival="12:23" departure="12:23">Handelshøyskolen</stop>
    <stop arrival="12:25" departure="12:25">Eidsvåg</stop>
    <stop arrival="12:30" departure="12:30">Åsane terminal</stop>
    <stop arrival="12:31" departure="12:31">Rollandskrysset</stop>
    <stop arrival="12:31" departure="12:31">Litleåskryss</stop>
    <stop arrival="12:32" departure="12:32">Salhuskrysset</stop>
    <stop arrival="12:33" departure="12:33">Nyborg</stop>
    <stop arrival="12:35" departure="12:35">Domus Nyborg</stop>
    <stop arrival="12:36" departure="12:36">Liavegen (Åsane)</stop>
    <stop arrival="12:37" departure="12:37">Vågsbotn</stop>
    <stop arrival="12:37" departure="12:37">Eikås</stop>
    <stop arrival="12:38" departure="12:38">Vikaleitet</stop>
    <stop arrival="12:39" departure="12:39">Haukåsvegen</stop>
    <stop arrival="12:40" departure="12:40">Haukås barnehage</stop>
    <stop arrival="12:40" departure="12:40">Myrsæter</stop>
    <stop arrival="12:41" departure="12:41">Haukåsskogen</stop>
    <stop arrival="12:42" departure="12:42">Almåsvegen</stop>
    <stop arrival="12:43" departure="12:43">Hylkje</stop>
    <stop arrival="12:44" departure="12:44">Tuft (Åsane)</stop>
    <stop arrival="12:45" departure="12:45">Langamyrene</stop>
    <stop arrival="12:45" departure="12:45">Nesjavegen</stop>
    <stop arrival="12:46" departure="12:46">Grøvle (Åsane)</stop>
    <stop arrival="12:46" departure="12:46">Hordvikhamnen</stop>
    <stop arrival="12:47" departure="12:47">Ulstein kryss</stop>
    <stop arrival="12:47" departure="12:47">Ulstein</stop>
    <stop arrival="12:48" departure="12:48">Ulstein snuplass</stop>
    <stop arrival="12:50" departure="12:50">Grøvle (Åsane)</stop>
    <stop arrival="12:50" departure="12:50">Grøvlesvingen</stop>
    <stop arrival="12:51" departure="12:51">Hordvik gård</stop>
    <stop arrival="12:52" departure="12:52">Hordvik skole</stop>
    <stop arrival="12:53" departure="12:53">Falkangervegen</stop>
    <stop arrival="12:54" departure="12:54">Tellevik</stop>
    <stop arrival="12:55" departure="12:55">Klauvarinden</stop>
    <stop arrival="12:57" departure="12:57">Sveisbakken</stop>
    <stop arrival="13:01" departure="13:01">Slettebakken</stop>
    <stop arrival="13:04" departure="13:04">Samhold</stop>
    <stop arrival="13:05">Salhus kai</stop>
  </route>
  <route no="280" destination="Salhus kai" url="http://www.web2051.no/bin/tp/zuginfo.exe/on/544683/186720/182932/90097/1/" trafficDays="kjører Lø, ikke 1. Mai">
    <stop departure="12:10" routeNo="280">Bergen Busstasjon</stop>
    <stop arrival="12:11" departure="12:11">Christies gate (Festplassen)</stop>
    <stop arrival="12:13" departure="12:13">Torget (Bergen)</stop>
    <stop arrival="12:14" departure="12:14">Bryggen</stop>
    <stop arrival="12:14" departure="12:14">Slottsgaten</stop>
    <stop arrival="12:16" departure="12:16">Bontelabo</stop>
    <stop arrival="12:16" departure="12:16">Skutevikstorget</stop>
    <stop arrival="12:17" departure="12:17">Sjøgaten</stop>
    <stop arrival="12:18" departure="12:18">Sandvikstorget</stop>
    <stop arrival="12:19" departure="12:19">Ludebryggen</stop>
    <stop arrival="12:20" departure="12:20">Munkebotten</stop>
    <stop arrival="12:21" departure="12:21">Nyhavnsvei (Gamle Bergen)</stop>
    <stop arrival="12:23" departure="12:23">Handelshøyskolen</stop>
    <stop arrival="12:25" departure="12:25">Eidsvåg</stop>
    <stop arrival="12:30" departure="12:30">Åsane terminal</stop>
    <stop arrival="12:31" departure="12:31">Rollandskrysset</stop>
    <stop arrival="12:31" departure="12:31">Litleåskryss</stop>
    <stop arrival="12:32" departure="12:32">Salhuskrysset</stop>
    <stop arrival="12:33" departure="12:33">Nyborg</stop>
    <stop arrival="12:35" departure="12:35">Domus Nyborg</stop>
    <stop arrival="12:36" departure="12:36">Liavegen (Åsane)</stop>
    <stop arrival="12:37" departure="12:37">Vågsbotn</stop>
    <stop arrival="12:37" departure="12:37">Eikås</stop>
    <stop arrival="12:38" departure="12:38">Vikaleitet</stop>
    <stop arrival="12:39" departure="12:39">Haukåsvegen</stop>
    <stop arrival="12:40" departure="12:40">Haukås barnehage</stop>
    <stop arrival="12:40" departure="12:40">Myrsæter</stop>
    <stop arrival="12:41" departure="12:41">Haukåsskogen</stop>
    <stop arrival="12:42" departure="12:42">Almåsvegen</stop>
    <stop arrival="12:43" departure="12:43">Hylkje</stop>
    <stop arrival="12:44" departure="12:44">Tuft (Åsane)</stop>
    <stop arrival="12:45" departure="12:45">Langamyrene</stop>
    <stop arrival="12:45" departure="12:45">Nesjavegen</stop>
    <stop arrival="12:46" departure="12:46">Grøvle (Åsane)</stop>
    <stop arrival="12:46" departure="12:46">Hordvikhamnen</stop>
    <stop arrival="12:47" departure="12:47">Ulstein kryss</stop>
    <stop arrival="12:47" departure="12:47">Ulstein</stop>
    <stop arrival="12:48" departure="12:48">Ulstein snuplass</stop>
    <stop arrival="12:52" departure="12:52">Grøvle (Åsane)</stop>
    <stop arrival="12:52" departure="12:52">Grøvlesvingen</stop>
    <stop arrival="12:54" departure="12:54">Hordvik gård</stop>
    <stop arrival="12:55" departure="12:55">Hordvik skole</stop>
    <stop arrival="12:55" departure="12:55">Falkangervegen</stop>
    <stop arrival="12:57" departure="12:57">Tellevik</stop>
    <stop arrival="12:58" departure="12:58">Klauvarinden</stop>
    <stop arrival="12:59" departure="12:59">Sveisbakken</stop>
    <stop arrival="13:02" departure="13:02">Slettebakken</stop>
    <stop arrival="13:04" departure="13:04">Samhold</stop>
    <stop arrival="13:05">Salhus kai</stop>
  </route>
</routes>
