<?xml version="1.0" encoding="UTF-8"?>
<routes>
  <route no="23" destination="Bergen Busstasjon" url="http://www.web2051.no/bin/tp/zuginfo.exe/on/87315/33230/844828/393316/1/" trafficDays="kjører Ma - Fr, ikke 13., 17., 24. Mai">
    <stop departure="11:54" routeNo="23">Birkelandskrysset Terminal</stop>
    <stop arrival="11:55" departure="11:55">Gomarhaug</stop>
    <stop arrival="11:56" departure="11:56">Sandsliskiftet</stop>
    <stop arrival="11:56" departure="11:56">Håvardstun</stop>
    <stop arrival="11:58" departure="11:58">Meyer</stop>
    <stop arrival="11:59" departure="11:59">Rådal</stop>
    <stop arrival="12:00" departure="12:00">Rådal ved Lagunen</stop>
    <stop arrival="12:05" departure="12:05">Skjold skole</stop>
    <stop arrival="12:07" departure="12:07">Mårdalen</stop>
    <stop arrival="12:08" departure="12:08">Nesttunbrekka</stop>
    <stop arrival="12:08" departure="12:08">Skjoldskiftet</stop>
    <stop arrival="12:09" departure="12:09">Nesttun</stop>
    <stop arrival="12:10" departure="12:10">Nesttun terminal</stop>
    <stop arrival="12:12" departure="12:12">Hopsbro</stop>
    <stop arrival="12:14" departure="12:14">Tveiteråsskiftet</stop>
    <stop arrival="12:15" departure="12:15">Paradis</stop>
    <stop arrival="12:17" departure="12:17">Nydalen</stop>
    <stop arrival="12:19" departure="12:19">Fantoft</stop>
    <stop arrival="12:20" departure="12:20">Storetveit</stop>
    <stop arrival="12:20" departure="12:20">Elvebakken</stop>
    <stop arrival="12:21" departure="12:21">Minde</stop>
    <stop arrival="12:24" departure="12:24">Mindemyren</stop>
    <stop arrival="12:25" departure="12:25">Postterminalen</stop>
    <stop arrival="12:26" departure="12:26">Kanalveien v/LBK</stop>
    <stop arrival="12:28" departure="12:28">Danmarksplass v/Forum kino</stop>
    <stop arrival="12:31" departure="12:31">Bergen Busstasjon</stop>
    <stop arrival="12:34" departure="12:34">Christies gate (Festplassen)</stop>
    <stop arrival="12:39">Bergen Busstasjon</stop>
  </route>
  <route no="23" destination="Bergen Busstasjon" url="http://www.web2051.no/bin/tp/zuginfo.exe/on/170790/61029/612070/249107/1/" trafficDays="kjører Lø, ikke 1. Mai">
    <stop departure="11:55" routeNo="23">Birkelandskrysset Terminal</stop>
    <stop arrival="11:57" departure="11:57">Gomarhaug</stop>
    <stop arrival="11:57" departure="11:57">Sandsliskiftet</stop>
    <stop arrival="11:58" departure="11:58">Håvardstun</stop>
    <stop arrival="12:00" departure="12:00">Meyer</stop>
    <stop arrival="12:01" departure="12:01">Rådal</stop>
    <stop arrival="12:02" departure="12:02">Rådal ved Lagunen</stop>
    <stop arrival="12:05" departure="12:05">Skjold skole</stop>
    <stop arrival="12:07" departure="12:07">Mårdalen</stop>
    <stop arrival="12:08" departure="12:08">Nesttunbrekka</stop>
    <stop arrival="12:08" departure="12:08">Skjoldskiftet</stop>
    <stop arrival="12:09" departure="12:09">Nesttun</stop>
    <stop arrival="12:10" departure="12:10">Nesttun terminal</stop>
    <stop arrival="12:12" departure="12:12">Hopsbro</stop>
    <stop arrival="12:14" departure="12:14">Tveiteråsskiftet</stop>
    <stop arrival="12:15" departure="12:15">Paradis</stop>
    <stop arrival="12:17" departure="12:17">Nydalen</stop>
    <stop arrival="12:19" departure="12:19">Fantoft</stop>
    <stop arrival="12:20" departure="12:20">Storetveit</stop>
    <stop arrival="12:20" departure="12:20">Elvebakken</stop>
    <stop arrival="12:21" departure="12:21">Minde</stop>
    <stop arrival="12:25" departure="12:25">Mindemyren</stop>
    <stop arrival="12:26" departure="12:26">Postterminalen</stop>
    <stop arrival="12:26" departure="12:26">Kanalveien v/LBK</stop>
    <stop arrival="12:28" departure="12:28">Danmarksplass v/Forum kino</stop>
    <stop arrival="12:32" departure="12:32">Bergen Busstasjon</stop>
    <stop arrival="12:35" departure="12:35">Christies gate (Festplassen)</stop>
    <stop arrival="12:40">Bergen Busstasjon</stop>
  </route>
  <route no="23" destination="Birkelandskrysset Terminal" url="http://www.web2051.no/bin/tp/zuginfo.exe/on/229194/80525/794260/320733/1/" trafficDays="kjører Ma - Fr, ikke 13., 17., 24. Mai">
    <stop departure="11:30" routeNo="23">Olav Kyrres gate</stop>
    <stop arrival="11:35" departure="11:35">Bergen Busstasjon</stop>
    <stop arrival="11:40" departure="11:40">Danmarksplass</stop>
    <stop arrival="11:41" departure="11:41">Solheimsgaten</stop>
    <stop arrival="11:42" departure="11:42">Reperbanen</stop>
    <stop arrival="11:44" departure="11:44">Fjøsangerveien/ Minde Allè</stop>
    <stop arrival="11:47" departure="11:47">Minde</stop>
    <stop arrival="11:48" departure="11:48">Elvebakken</stop>
    <stop arrival="11:48" departure="11:48">Storetveit</stop>
    <stop arrival="11:48" departure="11:48">Fantoft</stop>
    <stop arrival="11:49" departure="11:49">Nydalen</stop>
    <stop arrival="11:50" departure="11:50">Paradis</stop>
    <stop arrival="11:51" departure="11:51">Tveiteråsskiftet</stop>
    <stop arrival="11:52" departure="11:52">Hopsbro</stop>
    <stop arrival="11:54" departure="11:54">Hopstangen</stop>
    <stop arrival="11:55" departure="11:55">Nesttun terminal</stop>
    <stop arrival="11:57" departure="11:57">Nesttun</stop>
    <stop arrival="12:00" departure="12:00">Skjoldskiftet</stop>
    <stop arrival="12:00" departure="12:00">Nesttunbrekka</stop>
    <stop arrival="12:01" departure="12:01">Mårdalen</stop>
    <stop arrival="12:01" departure="12:01">Skjoldhøgda</stop>
    <stop arrival="12:01" departure="12:01">Skjold skole</stop>
    <stop arrival="12:02" departure="12:02">Lagunen</stop>
    <stop arrival="12:04" departure="12:04">Rådal</stop>
    <stop arrival="12:07" departure="12:07">Meyerskiftet</stop>
    <stop arrival="12:14" departure="12:14">Håvardstun</stop>
    <stop arrival="12:15" departure="12:15">Sandsliskiftet</stop>
    <stop arrival="12:17" departure="12:17">Gomarhaug</stop>
    <stop arrival="12:20">Birkelandskrysset Terminal</stop>
  </route>
  <route no="50" destination="Dolvik terminal" url="http://www.web2051.no/bin/tp/zuginfo.exe/on/444945/149165/838822/271097/1/" trafficDays="kjører Ma - Fr, ikke 13., 17., 24. Mai">
    <stop departure="11:10" routeNo="50">Åsane terminal</stop>
    <stop arrival="11:11" departure="11:11">Hesthaugen</stop>
    <stop arrival="11:12" departure="11:12">Stamskaret</stop>
    <stop arrival="11:13" departure="11:13">Tertneskrysset gamleveien</stop>
    <stop arrival="11:14" departure="11:14">Griggastemma</stop>
    <stop arrival="11:15" departure="11:15">Åstveitvegen</stop>
    <stop arrival="11:15" departure="11:15">Ervik øvre</stop>
    <stop arrival="11:16" departure="11:16">Ervik nedre (Sellesvingen)</stop>
    <stop arrival="11:17" departure="11:17">Selvikvegen</stop>
    <stop arrival="11:18" departure="11:18">Eidsvåg</stop>
    <stop arrival="11:20" departure="11:20">Handelshøyskolen</stop>
    <stop arrival="11:22" departure="11:22">Nyhavnsvei (Gamle Bergen)</stop>
    <stop arrival="11:24" departure="11:24">Munkebotten</stop>
    <stop arrival="11:25" departure="11:25">Ludebryggen</stop>
    <stop arrival="11:26" departure="11:26">Sandvikstorget</stop>
    <stop arrival="11:28" departure="11:28">Skutevikstorget</stop>
    <stop arrival="11:29" departure="11:29">Bontelabo</stop>
    <stop arrival="11:31" departure="11:31">Slottsgaten</stop>
    <stop arrival="11:32" departure="11:32">Bryggen</stop>
    <stop arrival="11:33" departure="11:33">Småstrandgaten</stop>
    <stop arrival="11:34" departure="11:34">Nygaten</stop>
    <stop arrival="11:35" departure="11:35">Statsporten (jernbanen)</stop>
    <stop arrival="11:38" departure="11:38">Kalfarlien</stop>
    <stop arrival="11:39" departure="11:39">Kalvedalsveien</stop>
    <stop arrival="11:40" departure="11:40">Svartediksveien</stop>
    <stop arrival="11:41" departure="11:41">Statsarkivet</stop>
    <stop arrival="11:42" departure="11:42">Haraldsplass sykehus</stop>
    <stop arrival="11:43" departure="11:43">Haukeland sykehus nord</stop>
    <stop arrival="11:44" departure="11:44">Haukeland sykehus sør</stop>
    <stop arrival="11:45" departure="11:45">Fridalen</stop>
    <stop arrival="11:45" departure="11:45">Langhaugen</stop>
    <stop arrival="11:46" departure="11:46">Landåssvingen</stop>
    <stop arrival="11:46" departure="11:46">Landåstorget</stop>
    <stop arrival="11:47" departure="11:47">Erleveien</stop>
    <stop arrival="11:47" departure="11:47">Wier-Jenssens vei</stop>
    <stop arrival="11:48" departure="11:48">Mannsverk</stop>
    <stop arrival="11:48" departure="11:48">Bolstad</stop>
    <stop arrival="11:49" departure="11:49">Hans Jægers vei</stop>
    <stop arrival="11:49" departure="11:49">Kolstibotn</stop>
    <stop arrival="11:49" departure="11:49">Knausen</stop>
    <stop arrival="11:50" departure="11:50">Birkelundstoppen</stop>
    <stop arrival="11:51" departure="11:51">Birkelundsbakken</stop>
    <stop arrival="11:51" departure="11:51">Natlandslien</stop>
    <stop arrival="11:52" departure="11:52">Stavkirken</stop>
    <stop arrival="11:53" departure="11:53">Paradis</stop>
    <stop arrival="11:54" departure="11:54">Tveiteråsskiftet</stop>
    <stop arrival="11:55" departure="11:55">Hopsbro</stop>
    <stop arrival="11:57" departure="11:57">Hopstangen</stop>
    <stop arrival="11:58" departure="11:58">Nesttun terminal</stop>
    <stop arrival="12:00" departure="12:00">Nesttun</stop>
    <stop arrival="12:03" departure="12:03">Skjoldskiftet</stop>
    <stop arrival="12:03" departure="12:03">Nesttunbrekka</stop>
    <stop arrival="12:04" departure="12:04">Mårdalen</stop>
    <stop arrival="12:04" departure="12:04">Skjoldhøgda</stop>
    <stop arrival="12:04" departure="12:04">Skjold skole</stop>
    <stop arrival="12:05" departure="12:05">Lagunen</stop>
    <stop arrival="12:06" departure="12:06">Rådal</stop>
    <stop arrival="12:07" departure="12:07">Meyerskiftet</stop>
    <stop arrival="12:11" departure="12:11">Håvardstun</stop>
    <stop arrival="12:12" departure="12:12">Statoil stasjon Sandsli</stop>
    <stop arrival="12:13" departure="12:13">Hydro Sandsli</stop>
    <stop arrival="12:14" departure="12:14">Petedalsheia</stop>
    <stop arrival="12:15" departure="12:15">Fanatorget</stop>
    <stop arrival="12:17">Dolvik terminal</stop>
  </route>
  <route no="23" destination="Birkelandskrysset Terminal" url="http://www.web2051.no/bin/tp/zuginfo.exe/on/982455/331583/187502/233735/1/" trafficDays="kjører Lø, ikke 1. Mai">
    <stop departure="11:30" routeNo="23">Olav Kyrres gate</stop>
    <stop arrival="11:35" departure="11:35">Bergen Busstasjon</stop>
    <stop arrival="11:39" departure="11:39">Danmarksplass</stop>
    <stop arrival="11:40" departure="11:40">Solheimsgaten</stop>
    <stop arrival="11:41" departure="11:41">Reperbanen</stop>
    <stop arrival="11:43" departure="11:43">Fjøsangerveien/ Minde Allè</stop>
    <stop arrival="11:46" departure="11:46">Minde</stop>
    <stop arrival="11:47" departure="11:47">Elvebakken</stop>
    <stop arrival="11:48" departure="11:48">Storetveit</stop>
    <stop arrival="11:48" departure="11:48">Fantoft</stop>
    <stop arrival="11:49" departure="11:49">Nydalen</stop>
    <stop arrival="11:50" departure="11:50">Paradis</stop>
    <stop arrival="11:51" departure="11:51">Tveiteråsskiftet</stop>
    <stop arrival="11:52" departure="11:52">Hopsbro</stop>
    <stop arrival="11:54" departure="11:54">Hopstangen</stop>
    <stop arrival="11:55" departure="11:55">Nesttun terminal</stop>
    <stop arrival="11:57" departure="11:57">Nesttun</stop>
    <stop arrival="12:00" departure="12:00">Skjoldskiftet</stop>
    <stop arrival="12:01" departure="12:01">Nesttunbrekka</stop>
    <stop arrival="12:01" departure="12:01">Mårdalen</stop>
    <stop arrival="12:02" departure="12:02">Skjoldhøgda</stop>
    <stop arrival="12:04" departure="12:04">Skjold skole</stop>
    <stop arrival="12:05" departure="12:05">Lagunen</stop>
    <stop arrival="12:07" departure="12:07">Rådal</stop>
    <stop arrival="12:09" departure="12:09">Meyerskiftet</stop>
    <stop arrival="12:15" departure="12:15">Håvardstun</stop>
    <stop arrival="12:16" departure="12:16">Sandsliskiftet</stop>
    <stop arrival="12:17" departure="12:17">Gomarhaug</stop>
    <stop arrival="12:20">Birkelandskrysset Terminal</stop>
  </route>
  <route no="50" destination="Dolvik terminal" url="http://www.web2051.no/bin/tp/zuginfo.exe/on/118482/40313/138126/29570/1/" trafficDays="kjører Lø, ikke 1. Mai">
    <stop departure="11:10" routeNo="50">Åsane terminal</stop>
    <stop arrival="11:11" departure="11:11">Hesthaugen</stop>
    <stop arrival="11:13" departure="11:13">Stamskaret</stop>
    <stop arrival="11:15" departure="11:15">Tertneskrysset gamleveien</stop>
    <stop arrival="11:16" departure="11:16">Griggastemma</stop>
    <stop arrival="11:17" departure="11:17">Åstveitvegen</stop>
    <stop arrival="11:17" departure="11:17">Ervik øvre</stop>
    <stop arrival="11:18" departure="11:18">Ervik nedre (Sellesvingen)</stop>
    <stop arrival="11:19" departure="11:19">Selvikvegen</stop>
    <stop arrival="11:20" departure="11:20">Eidsvåg</stop>
    <stop arrival="11:22" departure="11:22">Handelshøyskolen</stop>
    <stop arrival="11:24" departure="11:24">Nyhavnsvei (Gamle Bergen)</stop>
    <stop arrival="11:26" departure="11:26">Munkebotten</stop>
    <stop arrival="11:27" departure="11:27">Ludebryggen</stop>
    <stop arrival="11:28" departure="11:28">Sandvikstorget</stop>
    <stop arrival="11:30" departure="11:30">Skutevikstorget</stop>
    <stop arrival="11:31" departure="11:31">Bontelabo</stop>
    <stop arrival="11:33" departure="11:33">Slottsgaten</stop>
    <stop arrival="11:34" departure="11:34">Bryggen</stop>
    <stop arrival="11:35" departure="11:35">Småstrandgaten</stop>
    <stop arrival="11:36" departure="11:36">Nygaten</stop>
    <stop arrival="11:37" departure="11:37">Statsporten (jernbanen)</stop>
    <stop arrival="11:40" departure="11:40">Kalfarlien</stop>
    <stop arrival="11:41" departure="11:41">Kalvedalsveien</stop>
    <stop arrival="11:42" departure="11:42">Svartediksveien</stop>
    <stop arrival="11:43" departure="11:43">Statsarkivet</stop>
    <stop arrival="11:44" departure="11:44">Haraldsplass sykehus</stop>
    <stop arrival="11:45" departure="11:45">Haukeland sykehus nord</stop>
    <stop arrival="11:45" departure="11:45">Haukeland sykehus sør</stop>
    <stop arrival="11:46" departure="11:46">Fridalen</stop>
    <stop arrival="11:46" departure="11:46">Langhaugen</stop>
    <stop arrival="11:47" departure="11:47">Landåssvingen</stop>
    <stop arrival="11:47" departure="11:47">Landåstorget</stop>
    <stop arrival="11:47" departure="11:47">Erleveien</stop>
    <stop arrival="11:48" departure="11:48">Wier-Jenssens vei</stop>
    <stop arrival="11:48" departure="11:48">Mannsverk</stop>
    <stop arrival="11:49" departure="11:49">Bolstad</stop>
    <stop arrival="11:50" departure="11:50">Hans Jægers vei</stop>
    <stop arrival="11:51" departure="11:51">Kolstibotn</stop>
    <stop arrival="11:52" departure="11:52">Knausen</stop>
    <stop arrival="11:53" departure="11:53">Birkelundstoppen</stop>
    <stop arrival="11:54" departure="11:54">Birkelundsbakken</stop>
    <stop arrival="11:54" departure="11:54">Natlandslien</stop>
    <stop arrival="11:54" departure="11:54">Stavkirken</stop>
    <stop arrival="11:55" departure="11:55">Paradis</stop>
    <stop arrival="11:56" departure="11:56">Tveiteråsskiftet</stop>
    <stop arrival="11:57" departure="11:57">Hopsbro</stop>
    <stop arrival="11:59" departure="11:59">Hopstangen</stop>
    <stop arrival="12:00" departure="12:00">Nesttun terminal</stop>
    <stop arrival="12:02" departure="12:02">Nesttun</stop>
    <stop arrival="12:05" departure="12:05">Skjoldskiftet</stop>
    <stop arrival="12:06" departure="12:06">Nesttunbrekka</stop>
    <stop arrival="12:06" departure="12:06">Mårdalen</stop>
    <stop arrival="12:07" departure="12:07">Skjoldhøgda</stop>
    <stop arrival="12:09" departure="12:09">Skjold skole</stop>
    <stop arrival="12:10" departure="12:10">Lagunen</stop>
    <stop arrival="12:11" departure="12:11">Rådal</stop>
    <stop arrival="12:12" departure="12:12">Meyerskiftet</stop>
    <stop arrival="12:15" departure="12:15">Håvardstun</stop>
    <stop arrival="12:16" departure="12:16">Statoil stasjon Sandsli</stop>
    <stop arrival="12:17" departure="12:17">Hydro Sandsli</stop>
    <stop arrival="12:18" departure="12:18">Petedalsheia</stop>
    <stop arrival="12:19" departure="12:19">Fanatorget</stop>
    <stop arrival="12:19" departure="12:19">Regnbueåsen</stop>
    <stop arrival="12:20">Dolvik terminal</stop>
  </route>
  <route no="20" destination="Lønborglien snuplass" url="http://www.web2051.no/bin/tp/zuginfo.exe/on/384012/131858/173850/41082/1/" trafficDays="kjører Ma - Fr, ikke 13., 17., 24. Mai">
    <stop departure="12:10" routeNo="20">Fana Stadion</stop>
    <stop arrival="12:15" departure="12:15">Rådal ved Lagunen</stop>
    <stop arrival="12:20" departure="12:20">Skjold skole</stop>
    <stop arrival="12:22" departure="12:22">Mårdalen</stop>
    <stop arrival="12:23" departure="12:23">Nesttunbrekka</stop>
    <stop arrival="12:23" departure="12:23">Skjoldskiftet</stop>
    <stop arrival="12:24" departure="12:24">Nesttun</stop>
    <stop arrival="12:25" departure="12:25">Nesttun terminal</stop>
    <stop arrival="12:27" departure="12:27">Hopsbro</stop>
    <stop arrival="12:29" departure="12:29">Tveiteråsskiftet</stop>
    <stop arrival="12:30" departure="12:30">Paradis</stop>
    <stop arrival="12:32" departure="12:32">Nydalen</stop>
    <stop arrival="12:34" departure="12:34">Fantoft</stop>
    <stop arrival="12:35" departure="12:35">Storetveit</stop>
    <stop arrival="12:35" departure="12:35">Elvebakken</stop>
    <stop arrival="12:36" departure="12:36">Minde</stop>
    <stop arrival="12:39" departure="12:39">Mindemyren</stop>
    <stop arrival="12:40" departure="12:40">Postterminalen</stop>
    <stop arrival="12:41" departure="12:41">Kanalveien v/LBK</stop>
    <stop arrival="12:43" departure="12:43">Danmarksplass v/Forum kino</stop>
    <stop arrival="12:48" departure="12:48">Bergen Busstasjon</stop>
    <stop arrival="12:50" departure="12:50">Christies gate (Festplassen)</stop>
    <stop arrival="12:53" departure="12:53">Torget v/DnB</stop>
    <stop arrival="12:54" departure="12:54">Bryggen</stop>
    <stop arrival="12:54" departure="12:54">Slottsgaten</stop>
    <stop arrival="12:55" departure="12:55">Bontelabo</stop>
    <stop arrival="12:56" departure="12:56">Skutevikstorget</stop>
    <stop arrival="12:56" departure="12:56">Sjøgaten</stop>
    <stop arrival="12:57" departure="12:57">Sandvikstorget</stop>
    <stop arrival="12:58" departure="12:58">Ludebryggen</stop>
    <stop arrival="12:58" departure="12:58">Munkebotten</stop>
    <stop arrival="13:00" departure="13:00">Nyhavnsvei (Gamle Bergen)</stop>
    <stop arrival="13:01" departure="13:01">Handelshøyskolen</stop>
    <stop arrival="13:02" departure="13:02">Solbakken</stop>
    <stop arrival="13:03" departure="13:03">Eikeviken</stop>
    <stop arrival="13:05" departure="13:05">Hellebakken</stop>
    <stop arrival="13:05" departure="13:05">Brunestykket</stop>
    <stop arrival="13:06" departure="13:06">Lønborg</stop>
    <stop arrival="13:07" departure="13:07">Nordre Lønborg</stop>
    <stop arrival="13:10" departure="13:10">Lønborglien 1</stop>
    <stop arrival="13:11" departure="13:11">Lønborglien 2</stop>
    <stop arrival="13:13">Lønborglien snuplass</stop>
  </route>
  <route no="20" destination="Lønborglien snuplass" url="http://www.web2051.no/bin/tp/zuginfo.exe/on/36906/16099/149978/62687/1/" trafficDays="kjører Lø, ikke 1. Mai">
    <stop departure="12:17" routeNo="20">Rådal ved Lagunen</stop>
    <stop arrival="12:20" departure="12:20">Skjold skole</stop>
    <stop arrival="12:22" departure="12:22">Mårdalen</stop>
    <stop arrival="12:23" departure="12:23">Nesttunbrekka</stop>
    <stop arrival="12:23" departure="12:23">Skjoldskiftet</stop>
    <stop arrival="12:24" departure="12:24">Nesttun</stop>
    <stop arrival="12:25" departure="12:25">Nesttun terminal</stop>
    <stop arrival="12:27" departure="12:27">Hopsbro</stop>
    <stop arrival="12:29" departure="12:29">Tveiteråsskiftet</stop>
    <stop arrival="12:30" departure="12:30">Paradis</stop>
    <stop arrival="12:32" departure="12:32">Nydalen</stop>
    <stop arrival="12:34" departure="12:34">Fantoft</stop>
    <stop arrival="12:35" departure="12:35">Storetveit</stop>
    <stop arrival="12:35" departure="12:35">Elvebakken</stop>
    <stop arrival="12:36" departure="12:36">Minde</stop>
    <stop arrival="12:40" departure="12:40">Mindemyren</stop>
    <stop arrival="12:41" departure="12:41">Postterminalen</stop>
    <stop arrival="12:41" departure="12:41">Kanalveien v/LBK</stop>
    <stop arrival="12:43" departure="12:43">Danmarksplass v/Forum kino</stop>
    <stop arrival="12:48" departure="12:48">Bergen Busstasjon</stop>
    <stop arrival="12:51" departure="12:51">Christies gate (Festplassen)</stop>
    <stop arrival="12:54" departure="12:54">Torget v/DnB</stop>
    <stop arrival="12:55" departure="12:55">Bryggen</stop>
    <stop arrival="12:55" departure="12:55">Slottsgaten</stop>
    <stop arrival="12:56" departure="12:56">Bontelabo</stop>
    <stop arrival="12:57" departure="12:57">Skutevikstorget</stop>
    <stop arrival="12:57" departure="12:57">Sjøgaten</stop>
    <stop arrival="12:58" departure="12:58">Sandvikstorget</stop>
    <stop arrival="12:59" departure="12:59">Ludebryggen</stop>
    <stop arrival="12:59" departure="12:59">Munkebotten</stop>
    <stop arrival="13:01" departure="13:01">Nyhavnsvei (Gamle Bergen)</stop>
    <stop arrival="13:02" departure="13:02">Handelshøyskolen</stop>
    <stop arrival="13:03" departure="13:03">Solbakken</stop>
    <stop arrival="13:04" departure="13:04">Eikeviken</stop>
    <stop arrival="13:06" departure="13:06">Hellebakken</stop>
    <stop arrival="13:06" departure="13:06">Brunestykket</stop>
    <stop arrival="13:07" departure="13:07">Lønborg</stop>
    <stop arrival="13:08" departure="13:08">Nordre Lønborg</stop>
    <stop arrival="13:09" departure="13:09">Lønborglien 1</stop>
    <stop arrival="13:09" departure="13:09">Lønborglien 2</stop>
    <stop arrival="13:10">Lønborglien snuplass</stop>
  </route>
  <route no="20" destination="Fanahammeren" url="http://www.web2051.no/bin/tp/zuginfo.exe/on/737874/249825/730990/119537/1/" trafficDays="kjører Ma - Fr, ikke 13., 17., 24. Mai">
    <stop departure="11:25" routeNo="20">Lønborglien snuplass</stop>
    <stop arrival="11:25" departure="11:25">Lønborglien 2</stop>
    <stop arrival="11:26" departure="11:26">Lønborglien 1</stop>
    <stop arrival="11:27" departure="11:27">Nordre Lønborg</stop>
    <stop arrival="11:28" departure="11:28">Lønborg</stop>
    <stop arrival="11:28" departure="11:28">Brunestykket</stop>
    <stop arrival="11:29" departure="11:29">Hellebakken</stop>
    <stop arrival="11:30" departure="11:30">Eikeviken</stop>
    <stop arrival="11:31" departure="11:31">Solbakken</stop>
    <stop arrival="11:32" departure="11:32">Handelshøyskolen</stop>
    <stop arrival="11:34" departure="11:34">Nyhavnsvei (Gamle Bergen)</stop>
    <stop arrival="11:36" departure="11:36">Munkebotten</stop>
    <stop arrival="11:37" departure="11:37">Ludebryggen</stop>
    <stop arrival="11:42" departure="11:42">Sandvikstorget</stop>
    <stop arrival="11:44" departure="11:44">Skutevikstorget</stop>
    <stop arrival="11:45" departure="11:45">Bontelabo</stop>
    <stop arrival="11:47" departure="11:47">Slottsgaten</stop>
    <stop arrival="11:48" departure="11:48">Bryggen</stop>
    <stop arrival="11:50" departure="11:50">Olav Kyrres gate</stop>
    <stop arrival="11:55" departure="11:55">Bergen Busstasjon</stop>
    <stop arrival="11:58" departure="11:58">Danmarksplass</stop>
    <stop arrival="11:59" departure="11:59">Solheimsgaten</stop>
    <stop arrival="12:00" departure="12:00">Reperbanen</stop>
    <stop arrival="12:02" departure="12:02">Fjøsangerveien/ Minde Allè</stop>
    <stop arrival="12:03" departure="12:03">Minde</stop>
    <stop arrival="12:04" departure="12:04">Elvebakken</stop>
    <stop arrival="12:04" departure="12:04">Storetveit</stop>
    <stop arrival="12:04" departure="12:04">Fantoft</stop>
    <stop arrival="12:05" departure="12:05">Nydalen</stop>
    <stop arrival="12:06" departure="12:06">Paradis</stop>
    <stop arrival="12:07" departure="12:07">Tveiteråsskiftet</stop>
    <stop arrival="12:08" departure="12:08">Hopsbro</stop>
    <stop arrival="12:10" departure="12:10">Hopstangen</stop>
    <stop arrival="12:11" departure="12:11">Nesttun terminal</stop>
    <stop arrival="12:13" departure="12:13">Nesttun</stop>
    <stop arrival="12:16" departure="12:16">Skjoldskiftet</stop>
    <stop arrival="12:16" departure="12:16">Nesttunbrekka</stop>
    <stop arrival="12:17" departure="12:17">Mårdalen</stop>
    <stop arrival="12:17" departure="12:17">Skjoldhøgda</stop>
    <stop arrival="12:17" departure="12:17">Skjold skole</stop>
    <stop arrival="12:18" departure="12:18">Lagunen</stop>
    <stop arrival="12:19" departure="12:19">Rådal</stop>
    <stop arrival="12:20" departure="12:20">Sunea</stop>
    <stop arrival="12:20" departure="12:20">Rådalshaug</stop>
    <stop arrival="12:20" departure="12:20">Steinknuseverket</stop>
    <stop arrival="12:21" departure="12:21">Hordnesskiftet Stend</stop>
    <stop arrival="12:23" departure="12:23">Bergheim</stop>
    <stop arrival="12:24" departure="12:24">Bergheim</stop>
    <stop arrival="12:25" departure="12:25">Øvre Titlestad</stop>
    <stop arrival="12:27" departure="12:27">Rydland (Titlestad, Fana)</stop>
    <stop arrival="12:28" departure="12:28">Titlestad</stop>
    <stop arrival="12:29" departure="12:29">Kvernabekkvegen</stop>
    <stop arrival="12:30" departure="12:30">Norheimsveien</stop>
    <stop arrival="12:31" departure="12:31">Fana</stop>
    <stop arrival="12:31" departure="12:31">Gaia Fana</stop>
    <stop arrival="12:32" departure="12:32">Vollaskiftet</stop>
    <stop arrival="12:32" departure="12:32">Volladalen</stop>
    <stop arrival="12:33">Fanahammeren</stop>
  </route>
  <route no="50" destination="Åsane terminal" url="http://www.web2051.no/bin/tp/zuginfo.exe/on/526305/176253/433040/41088/1/" trafficDays="kjører Lø, ikke 1. Mai">
    <stop departure="12:08" routeNo="50">Dolvik terminal</stop>
    <stop arrival="12:08" departure="12:08">Skranevegen</stop>
    <stop arrival="12:09" departure="12:09">Regnbueåsen</stop>
    <stop arrival="12:10" departure="12:10">Fanatorget</stop>
    <stop arrival="12:11" departure="12:11">Petedalsheia</stop>
    <stop arrival="12:12" departure="12:12">Hydro Sandsli</stop>
    <stop arrival="12:15" departure="12:15">Håvardstun</stop>
    <stop arrival="12:18" departure="12:18">Meyer</stop>
    <stop arrival="12:19" departure="12:19">Rådal</stop>
    <stop arrival="12:20" departure="12:20">Rådal ved Lagunen</stop>
    <stop arrival="12:23" departure="12:23">Skjold skole</stop>
    <stop arrival="12:25" departure="12:25">Mårdalen</stop>
    <stop arrival="12:26" departure="12:26">Nesttunbrekka</stop>
    <stop arrival="12:26" departure="12:26">Skjoldskiftet</stop>
    <stop arrival="12:27" departure="12:27">Nesttun</stop>
    <stop arrival="12:28" departure="12:28">Nesttun terminal</stop>
    <stop arrival="12:30" departure="12:30">Hopsbro</stop>
    <stop arrival="12:32" departure="12:32">Tveiteråsskiftet</stop>
    <stop arrival="12:33" departure="12:33">Paradis/50</stop>
    <stop arrival="12:35" departure="12:35">Stavkirken</stop>
    <stop arrival="12:36" departure="12:36">Natlandslien</stop>
    <stop arrival="12:37" departure="12:37">Birkelundsbakken</stop>
    <stop arrival="12:38" departure="12:38">Birkelundstoppen</stop>
    <stop arrival="12:39" departure="12:39">Knausen</stop>
    <stop arrival="12:39" departure="12:39">Kolstibotn</stop>
    <stop arrival="12:40" departure="12:40">H. Jægers vei</stop>
    <stop arrival="12:40" departure="12:40">Bolstad</stop>
    <stop arrival="12:41" departure="12:41">Mannsverk</stop>
    <stop arrival="12:41" departure="12:41">Wiers -Jenssens vei</stop>
    <stop arrival="12:42" departure="12:42">Erleveien</stop>
    <stop arrival="12:42" departure="12:42">Landåstorget</stop>
    <stop arrival="12:43" departure="12:43">Natlandsv. v/Hagerupsvei</stop>
    <stop arrival="12:43" departure="12:43">Langhaugen</stop>
    <stop arrival="12:44" departure="12:44">Fridalen</stop>
    <stop arrival="12:45" departure="12:45">Haukeland sykehus sør</stop>
    <stop arrival="12:46" departure="12:46">Haukeland sykehus nord</stop>
    <stop arrival="12:47" departure="12:47">Haraldsplass sykehus</stop>
    <stop arrival="12:48" departure="12:48">Haukeland skole</stop>
    <stop arrival="12:49" departure="12:49">Svartediksveien</stop>
    <stop arrival="12:50" departure="12:50">Kalvedalsveien</stop>
    <stop arrival="12:51" departure="12:51">Kalfarlien</stop>
    <stop arrival="12:53" departure="12:53">Stadsporten (jernbanen)</stop>
    <stop arrival="12:54" departure="12:54">Kong Oscars gate</stop>
    <stop arrival="12:55" departure="12:55">Allehelgensgate</stop>
    <stop arrival="12:55" departure="12:55">Torget (Bergen)</stop>
    <stop arrival="12:56" departure="12:56">Bryggen</stop>
    <stop arrival="12:57" departure="12:57">Slottsgaten</stop>
    <stop arrival="12:58" departure="12:58">Bontelabo</stop>
    <stop arrival="12:58" departure="12:58">Skutevikstorget</stop>
    <stop arrival="12:59" departure="12:59">Sjøgaten</stop>
    <stop arrival="12:59" departure="12:59">Sandvikstorget</stop>
    <stop arrival="13:00" departure="13:00">Ludebryggen</stop>
    <stop arrival="13:01" departure="13:01">Munkebotten</stop>
    <stop arrival="13:02" departure="13:02">Nyhavnsvei (Gamle Bergen)</stop>
    <stop arrival="13:03" departure="13:03">Handelshøyskolen</stop>
    <stop arrival="13:05" departure="13:05">Eidsvåg gamlevegen</stop>
    <stop arrival="13:06" departure="13:06">Selvikvegen</stop>
    <stop arrival="13:07" departure="13:07">Ervik nedre (Sellesvingen)</stop>
    <stop arrival="13:07" departure="13:07">Ervik øvre</stop>
    <stop arrival="13:08" departure="13:08">Åstveitvegen</stop>
    <stop arrival="13:09" departure="13:09">Griggastemma</stop>
    <stop arrival="13:10" departure="13:10">Tertneskrysset gamleveien</stop>
    <stop arrival="13:12" departure="13:12">Stamskaret</stop>
    <stop arrival="13:13" departure="13:13">Hesthaugen</stop>
    <stop arrival="13:15">Åsane terminal</stop>
  </route>
  <route no="50" destination="Åsane terminal" url="http://www.web2051.no/bin/tp/zuginfo.exe/on/346074/116201/750410/259849/1/" trafficDays="kjører Ma - Fr, ikke 13., 17., 24. Mai">
    <stop departure="12:08" routeNo="50">Dolvik terminal</stop>
    <stop arrival="12:08" departure="12:08">Skranevegen</stop>
    <stop arrival="12:09" departure="12:09">Regnbueåsen</stop>
    <stop arrival="12:10" departure="12:10">Fanatorget</stop>
    <stop arrival="12:11" departure="12:11">Petedalsheia</stop>
    <stop arrival="12:12" departure="12:12">Hydro Sandsli</stop>
    <stop arrival="12:15" departure="12:15">Håvardstun</stop>
    <stop arrival="12:18" departure="12:18">Meyer</stop>
    <stop arrival="12:19" departure="12:19">Rådal</stop>
    <stop arrival="12:20" departure="12:20">Rådal ved Lagunen</stop>
    <stop arrival="12:25" departure="12:25">Skjold skole</stop>
    <stop arrival="12:27" departure="12:27">Mårdalen</stop>
    <stop arrival="12:28" departure="12:28">Nesttunbrekka</stop>
    <stop arrival="12:28" departure="12:28">Skjoldskiftet</stop>
    <stop arrival="12:29" departure="12:29">Nesttun</stop>
    <stop arrival="12:30" departure="12:30">Nesttun terminal</stop>
    <stop arrival="12:32" departure="12:32">Hopsbro</stop>
    <stop arrival="12:34" departure="12:34">Tveiteråsskiftet</stop>
    <stop arrival="12:35" departure="12:35">Paradis/50</stop>
    <stop arrival="12:36" departure="12:36">Stavkirken</stop>
    <stop arrival="12:36" departure="12:36">Natlandslien</stop>
    <stop arrival="12:37" departure="12:37">Birkelundsbakken</stop>
    <stop arrival="12:37" departure="12:37">Birkelundstoppen</stop>
    <stop arrival="12:38" departure="12:38">Knausen</stop>
    <stop arrival="12:38" departure="12:38">Kolstibotn</stop>
    <stop arrival="12:39" departure="12:39">H. Jægers vei</stop>
    <stop arrival="12:39" departure="12:39">Bolstad</stop>
    <stop arrival="12:40" departure="12:40">Mannsverk</stop>
    <stop arrival="12:41" departure="12:41">Wiers -Jenssens vei</stop>
    <stop arrival="12:42" departure="12:42">Erleveien</stop>
    <stop arrival="12:42" departure="12:42">Landåstorget</stop>
    <stop arrival="12:44" departure="12:44">Natlandsv. v/Hagerupsvei</stop>
    <stop arrival="12:44" departure="12:44">Langhaugen</stop>
    <stop arrival="12:45" departure="12:45">Fridalen</stop>
    <stop arrival="12:47" departure="12:47">Haukeland sykehus sør</stop>
    <stop arrival="12:48" departure="12:48">Haukeland sykehus nord</stop>
    <stop arrival="12:49" departure="12:49">Haraldsplass sykehus</stop>
    <stop arrival="12:50" departure="12:50">Haukeland skole</stop>
    <stop arrival="12:51" departure="12:51">Svartediksveien</stop>
    <stop arrival="12:52" departure="12:52">Kalvedalsveien</stop>
    <stop arrival="12:53" departure="12:53">Kalfarlien</stop>
    <stop arrival="12:55" departure="12:55">Stadsporten (jernbanen)</stop>
    <stop arrival="12:56" departure="12:56">Kong Oscars gate</stop>
    <stop arrival="12:57" departure="12:57">Allehelgensgate</stop>
    <stop arrival="12:57" departure="12:57">Torget (Bergen)</stop>
    <stop arrival="12:58" departure="12:58">Bryggen</stop>
    <stop arrival="12:59" departure="12:59">Slottsgaten</stop>
    <stop arrival="13:00" departure="13:00">Bontelabo</stop>
    <stop arrival="13:00" departure="13:00">Skutevikstorget</stop>
    <stop arrival="13:01" departure="13:01">Sjøgaten</stop>
    <stop arrival="13:01" departure="13:01">Sandvikstorget</stop>
    <stop arrival="13:02" departure="13:02">Ludebryggen</stop>
    <stop arrival="13:03" departure="13:03">Munkebotten</stop>
    <stop arrival="13:04" departure="13:04">Nyhavnsvei (Gamle Bergen)</stop>
    <stop arrival="13:05" departure="13:05">Handelshøyskolen</stop>
    <stop arrival="13:07" departure="13:07">Eidsvåg gamlevegen</stop>
    <stop arrival="13:08" departure="13:08">Selvikvegen</stop>
    <stop arrival="13:09" departure="13:09">Ervik nedre (Sellesvingen)</stop>
    <stop arrival="13:09" departure="13:09">Ervik øvre</stop>
    <stop arrival="13:10" departure="13:10">Åstveitvegen</stop>
    <stop arrival="13:11" departure="13:11">Griggastemma</stop>
    <stop arrival="13:12" departure="13:12">Tertneskrysset gamleveien</stop>
    <stop arrival="13:16" departure="13:16">Stamskaret</stop>
    <stop arrival="13:17" departure="13:17">Hesthaugen</stop>
    <stop arrival="13:20">Åsane terminal</stop>
  </route>
  <route no="20" destination="Fana" url="http://www.web2051.no/bin/tp/zuginfo.exe/on/677604/229663/774168/161217/1/" trafficDays="kjører Lø, ikke 1. Mai">
    <stop departure="12:25" routeNo="20">Lagunen</stop>
    <stop arrival="12:26" departure="12:26">Rådal</stop>
    <stop arrival="12:27" departure="12:27">Sunea</stop>
    <stop arrival="12:27" departure="12:27">Rådalshaug</stop>
    <stop arrival="12:27" departure="12:27">Steinknuseverket</stop>
    <stop arrival="12:28" departure="12:28">Hordnesskiftet Stend</stop>
    <stop arrival="12:30" departure="12:30">Bergheim</stop>
    <stop arrival="12:31" departure="12:31">Bergheim</stop>
    <stop arrival="12:32" departure="12:32">Øvre Titlestad</stop>
    <stop arrival="12:34" departure="12:34">Rydland (Titlestad, Fana)</stop>
    <stop arrival="12:35" departure="12:35">Titlestad</stop>
    <stop arrival="12:36" departure="12:36">Kvernabekkvegen</stop>
    <stop arrival="12:37" departure="12:37">Norheimsveien</stop>
    <stop arrival="12:38">Fana</stop>
  </route>
  <route no="553" destination="Blomsterdalen" url="http://www.web2051.no/bin/tp/zuginfo.exe/on/22626/12998/512628/248772/1/" trafficDays="kjører Lø, ikke 1. Mai">
    <stop departure="12:25" routeNo="553">Lagunen</stop>
    <stop arrival="12:26" departure="12:26">Rådal</stop>
    <stop arrival="12:27" departure="12:27">Fana stadion</stop>
    <stop arrival="12:28" departure="12:28">Rå</stop>
    <stop arrival="12:29" departure="12:29">Skeie (Fana)</stop>
    <stop arrival="12:30" departure="12:30">Ytre Midttun</stop>
    <stop arrival="12:32" departure="12:32">Tveitane (Fana)</stop>
    <stop arrival="12:34" departure="12:34">Vågsbøskiftet</stop>
    <stop arrival="12:35" departure="12:35">Grimseidåsen</stop>
    <stop arrival="12:35" departure="12:35">Grimseid snuplass</stop>
    <stop arrival="12:35" departure="12:35">Grimseidåsen</stop>
    <stop arrival="12:36" departure="12:36">Vågsbøskiftet</stop>
    <stop arrival="12:38" departure="12:38">Tveitane (Fana)</stop>
    <stop arrival="12:40" departure="12:40">Ytre Midttun</stop>
    <stop arrival="12:40" departure="12:40">Skeie (Fana)</stop>
    <stop arrival="12:41" departure="12:41">Skage</stop>
    <stop arrival="12:42" departure="12:42">Håvardstun</stop>
    <stop arrival="12:43" departure="12:43">Håvardstun</stop>
    <stop arrival="12:44" departure="12:44">Gomarhaug (Skagevn.)</stop>
    <stop arrival="12:44" departure="12:44">Ytre Birkeland</stop>
    <stop arrival="12:45">Blomsterdalen</stop>
  </route>
  <route no="23" destination="Bergen Busstasjon" url="http://www.web2051.no/bin/tp/zuginfo.exe/on/925623/312669/329832/143625/1/" trafficDays="kjører Ma - Fr, ikke 13., 17., 24. Mai">
    <stop departure="12:20" routeNo="23">Birkelandskrysset Terminal</stop>
    <stop arrival="12:21" departure="12:21">Gomarhaug</stop>
    <stop arrival="12:22" departure="12:22">Sandsliskiftet</stop>
    <stop arrival="12:22" departure="12:22">Håvardstun</stop>
    <stop arrival="12:24" departure="12:24">Meyer</stop>
    <stop arrival="12:25" departure="12:25">Rådal</stop>
    <stop arrival="12:26" departure="12:26">Rådal ved Lagunen</stop>
    <stop arrival="12:31" departure="12:31">Skjold skole</stop>
    <stop arrival="12:33" departure="12:33">Mårdalen</stop>
    <stop arrival="12:34" departure="12:34">Nesttunbrekka</stop>
    <stop arrival="12:34" departure="12:34">Skjoldskiftet</stop>
    <stop arrival="12:35" departure="12:35">Nesttun</stop>
    <stop arrival="12:36" departure="12:36">Nesttun terminal</stop>
    <stop arrival="12:38" departure="12:38">Hopsbro</stop>
    <stop arrival="12:40" departure="12:40">Tveiteråsskiftet</stop>
    <stop arrival="12:41" departure="12:41">Paradis</stop>
    <stop arrival="12:43" departure="12:43">Nydalen</stop>
    <stop arrival="12:45" departure="12:45">Fantoft</stop>
    <stop arrival="12:46" departure="12:46">Storetveit</stop>
    <stop arrival="12:46" departure="12:46">Elvebakken</stop>
    <stop arrival="12:47" departure="12:47">Minde</stop>
    <stop arrival="12:50" departure="12:50">Mindemyren</stop>
    <stop arrival="12:51" departure="12:51">Postterminalen</stop>
    <stop arrival="12:52" departure="12:52">Kanalveien v/LBK</stop>
    <stop arrival="12:54" departure="12:54">Danmarksplass v/Forum kino</stop>
    <stop arrival="12:57" departure="12:57">Bergen Busstasjon</stop>
    <stop arrival="13:00" departure="13:00">Christies gate (Festplassen)</stop>
    <stop arrival="13:05">Bergen Busstasjon</stop>
  </route>
  <route no="20" destination="Lønborglien snuplass" url="http://www.web2051.no/bin/tp/zuginfo.exe/on/486246/165834/400118/37977/1/" trafficDays="kjører Sø, også 1., 13., 17., 24. Mai">
    <stop departure="12:27" routeNo="20">Rådal ved Lagunen</stop>
    <stop arrival="12:30" departure="12:30">Skjold skole</stop>
    <stop arrival="12:32" departure="12:32">Mårdalen</stop>
    <stop arrival="12:33" departure="12:33">Nesttunbrekka</stop>
    <stop arrival="12:33" departure="12:33">Skjoldskiftet</stop>
    <stop arrival="12:34" departure="12:34">Nesttun</stop>
    <stop arrival="12:35" departure="12:35">Nesttun terminal</stop>
    <stop arrival="12:37" departure="12:37">Hopsbro</stop>
    <stop arrival="12:39" departure="12:39">Tveiteråsskiftet</stop>
    <stop arrival="12:40" departure="12:40">Paradis</stop>
    <stop arrival="12:42" departure="12:42">Nydalen</stop>
    <stop arrival="12:44" departure="12:44">Fantoft</stop>
    <stop arrival="12:45" departure="12:45">Storetveit</stop>
    <stop arrival="12:45" departure="12:45">Elvebakken</stop>
    <stop arrival="12:46" departure="12:46">Minde</stop>
    <stop arrival="12:49" departure="12:49">Mindemyren</stop>
    <stop arrival="12:50" departure="12:50">Postterminalen</stop>
    <stop arrival="12:50" departure="12:50">Kanalveien v/LBK</stop>
    <stop arrival="12:52" departure="12:52">Danmarksplass v/Forum kino</stop>
    <stop arrival="12:57" departure="12:57">Bergen Busstasjon</stop>
    <stop arrival="13:00" departure="13:00">Christies gate (Festplassen)</stop>
    <stop arrival="13:03" departure="13:03">Torget v/DnB</stop>
    <stop arrival="13:04" departure="13:04">Bryggen</stop>
    <stop arrival="13:04" departure="13:04">Slottsgaten</stop>
    <stop arrival="13:05" departure="13:05">Bontelabo</stop>
    <stop arrival="13:06" departure="13:06">Skutevikstorget</stop>
    <stop arrival="13:06" departure="13:06">Sjøgaten</stop>
    <stop arrival="13:07" departure="13:07">Sandvikstorget</stop>
    <stop arrival="13:08" departure="13:08">Ludebryggen</stop>
    <stop arrival="13:08" departure="13:08">Munkebotten</stop>
    <stop arrival="13:10" departure="13:10">Nyhavnsvei (Gamle Bergen)</stop>
    <stop arrival="13:11" departure="13:11">Handelshøyskolen</stop>
    <stop arrival="13:12" departure="13:12">Solbakken</stop>
    <stop arrival="13:13" departure="13:13">Eikeviken</stop>
    <stop arrival="13:15" departure="13:15">Hellebakken</stop>
    <stop arrival="13:15" departure="13:15">Brunestykket</stop>
    <stop arrival="13:16" departure="13:16">Lønborg</stop>
    <stop arrival="13:17" departure="13:17">Nordre Lønborg</stop>
    <stop arrival="13:18" departure="13:18">Lønborglien 1</stop>
    <stop arrival="13:18" departure="13:18">Lønborglien 2</stop>
    <stop arrival="13:19">Lønborglien snuplass</stop>
  </route>
  <route no="547" destination="Søråshøgda snuplass" url="http://www.web2051.no/bin/tp/zuginfo.exe/on/948174/321512/506348/62884/1/" trafficDays="kjører Ma, On, Fr, ikke 17., 24. Mai">
    <stop departure="12:30" routeNo="547">Rådal ved Lagunen</stop>
    <stop arrival="12:32" departure="12:32">Søråsveien</stop>
    <stop arrival="12:32" departure="12:32">Kilden senter</stop>
    <stop arrival="12:33" departure="12:33">Nordåsgrenda</stop>
    <stop arrival="12:34" departure="12:34">Nordåstræet</stop>
    <stop arrival="12:35" departure="12:35">Nordås</stop>
    <stop arrival="12:36" departure="12:36">Nordåstræet</stop>
    <stop arrival="12:37" departure="12:37">Nordåsgrenda</stop>
    <stop arrival="12:39" departure="12:39">Søråsgrenda</stop>
    <stop arrival="12:40">Søråshøgda snuplass</stop>
  </route>
  <route no="23" destination="Bergen Busstasjon" url="http://www.web2051.no/bin/tp/zuginfo.exe/on/53865/22054/900780/432438/1/" trafficDays="kjører Lø, ikke 1. Mai">
    <stop departure="12:25" routeNo="23">Birkelandskrysset Terminal</stop>
    <stop arrival="12:27" departure="12:27">Gomarhaug</stop>
    <stop arrival="12:27" departure="12:27">Sandsliskiftet</stop>
    <stop arrival="12:28" departure="12:28">Håvardstun</stop>
    <stop arrival="12:30" departure="12:30">Meyer</stop>
    <stop arrival="12:31" departure="12:31">Rådal</stop>
    <stop arrival="12:32" departure="12:32">Rådal ved Lagunen</stop>
    <stop arrival="12:35" departure="12:35">Skjold skole</stop>
    <stop arrival="12:37" departure="12:37">Mårdalen</stop>
    <stop arrival="12:38" departure="12:38">Nesttunbrekka</stop>
    <stop arrival="12:38" departure="12:38">Skjoldskiftet</stop>
    <stop arrival="12:39" departure="12:39">Nesttun</stop>
    <stop arrival="12:40" departure="12:40">Nesttun terminal</stop>
    <stop arrival="12:42" departure="12:42">Hopsbro</stop>
    <stop arrival="12:44" departure="12:44">Tveiteråsskiftet</stop>
    <stop arrival="12:45" departure="12:45">Paradis</stop>
    <stop arrival="12:47" departure="12:47">Nydalen</stop>
    <stop arrival="12:49" departure="12:49">Fantoft</stop>
    <stop arrival="12:50" departure="12:50">Storetveit</stop>
    <stop arrival="12:50" departure="12:50">Elvebakken</stop>
    <stop arrival="12:51" departure="12:51">Minde</stop>
    <stop arrival="12:55" departure="12:55">Mindemyren</stop>
    <stop arrival="12:56" departure="12:56">Postterminalen</stop>
    <stop arrival="12:56" departure="12:56">Kanalveien v/LBK</stop>
    <stop arrival="12:58" departure="12:58">Danmarksplass v/Forum kino</stop>
    <stop arrival="13:02" departure="13:02">Bergen Busstasjon</stop>
    <stop arrival="13:05" departure="13:05">Christies gate (Festplassen)</stop>
    <stop arrival="13:10">Bergen Busstasjon</stop>
  </route>
  <route no="23" destination="Birkelandskrysset Terminal" url="http://www.web2051.no/bin/tp/zuginfo.exe/on/211611/74664/13972/63553/1/" trafficDays="kjører Ma - Fr, ikke 13., 17., 24. Mai">
    <stop departure="12:00" routeNo="23">Olav Kyrres gate</stop>
    <stop arrival="12:05" departure="12:05">Bergen Busstasjon</stop>
    <stop arrival="12:10" departure="12:10">Danmarksplass</stop>
    <stop arrival="12:11" departure="12:11">Solheimsgaten</stop>
    <stop arrival="12:12" departure="12:12">Reperbanen</stop>
    <stop arrival="12:14" departure="12:14">Fjøsangerveien/ Minde Allè</stop>
    <stop arrival="12:17" departure="12:17">Minde</stop>
    <stop arrival="12:18" departure="12:18">Elvebakken</stop>
    <stop arrival="12:18" departure="12:18">Storetveit</stop>
    <stop arrival="12:18" departure="12:18">Fantoft</stop>
    <stop arrival="12:19" departure="12:19">Nydalen</stop>
    <stop arrival="12:20" departure="12:20">Paradis</stop>
    <stop arrival="12:21" departure="12:21">Tveiteråsskiftet</stop>
    <stop arrival="12:22" departure="12:22">Hopsbro</stop>
    <stop arrival="12:24" departure="12:24">Hopstangen</stop>
    <stop arrival="12:25" departure="12:25">Nesttun terminal</stop>
    <stop arrival="12:27" departure="12:27">Nesttun</stop>
    <stop arrival="12:30" departure="12:30">Skjoldskiftet</stop>
    <stop arrival="12:30" departure="12:30">Nesttunbrekka</stop>
    <stop arrival="12:31" departure="12:31">Mårdalen</stop>
    <stop arrival="12:31" departure="12:31">Skjoldhøgda</stop>
    <stop arrival="12:31" departure="12:31">Skjold skole</stop>
    <stop arrival="12:32" departure="12:32">Lagunen</stop>
    <stop arrival="12:34" departure="12:34">Rådal</stop>
    <stop arrival="12:37" departure="12:37">Meyerskiftet</stop>
    <stop arrival="12:44" departure="12:44">Håvardstun</stop>
    <stop arrival="12:45" departure="12:45">Sandsliskiftet</stop>
    <stop arrival="12:47" departure="12:47">Gomarhaug</stop>
    <stop arrival="12:50">Birkelandskrysset Terminal</stop>
  </route>
  <route no="560" destination="Krokeide Yrkesskole" url="http://www.web2051.no/bin/tp/zuginfo.exe/on/926112/314246/555090/31159/1/" trafficDays="kjører Ma - Fr, ikke 13., 17., 24. Mai">
    <stop departure="12:05" routeNo="560">Bergen Busstasjon</stop>
    <stop arrival="12:10" departure="12:10">Danmarksplass</stop>
    <stop arrival="12:11" departure="12:11">Solheimsgaten</stop>
    <stop arrival="12:12" departure="12:12">Reperbanen</stop>
    <stop arrival="12:14" departure="12:14">Fjøsangerveien/ Minde Allè</stop>
    <stop arrival="12:18" departure="12:18">Minde</stop>
    <stop arrival="12:19" departure="12:19">Elvebakken</stop>
    <stop arrival="12:19" departure="12:19">Storetveit</stop>
    <stop arrival="12:19" departure="12:19">Fantoft</stop>
    <stop arrival="12:20" departure="12:20">Nydalen</stop>
    <stop arrival="12:21" departure="12:21">Paradis</stop>
    <stop arrival="12:22" departure="12:22">Tveiteråsskiftet</stop>
    <stop arrival="12:23" departure="12:23">Hopsbro</stop>
    <stop arrival="12:25" departure="12:25">Hopstangen</stop>
    <stop arrival="12:26" departure="12:26">Nesttun terminal</stop>
    <stop arrival="12:28" departure="12:28">Nesttun</stop>
    <stop arrival="12:31" departure="12:31">Skjoldskiftet</stop>
    <stop arrival="12:31" departure="12:31">Nesttunbrekka</stop>
    <stop arrival="12:32" departure="12:32">Mårdalen</stop>
    <stop arrival="12:32" departure="12:32">Skjoldhøgda</stop>
    <stop arrival="12:32" departure="12:32">Skjold skole</stop>
    <stop arrival="12:33" departure="12:33">Lagunen</stop>
    <stop arrival="12:34" departure="12:34">Rådal</stop>
    <stop arrival="12:35" departure="12:35">Sunea</stop>
    <stop arrival="12:35" departure="12:35">Rådalshaug</stop>
    <stop arrival="12:35" departure="12:35">Steinknuseverket</stop>
    <stop arrival="12:36" departure="12:36">Hordnesskiftet Stend</stop>
    <stop arrival="12:37" departure="12:37">Konowskiftet</stop>
    <stop arrival="12:38" departure="12:38">Krykkjehaugen</stop>
    <stop arrival="12:39" departure="12:39">Fana</stop>
    <stop arrival="12:39" departure="12:39">Gaia Fana</stop>
    <stop arrival="12:40" departure="12:40">Vollaskiftet</stop>
    <stop arrival="12:41" departure="12:41">Fossen</stop>
    <stop arrival="12:41" departure="12:41">Saganeset 1</stop>
    <stop arrival="12:41" departure="12:41">Saganeset 2</stop>
    <stop arrival="12:42" departure="12:42">Salbu</stop>
    <stop arrival="12:43" departure="12:43">Rød, Krokeideveien</stop>
    <stop arrival="12:44" departure="12:44">Rød, Krokeideveien</stop>
    <stop arrival="12:45" departure="12:45">Breivik (Fana)</stop>
    <stop arrival="12:46" departure="12:46">Krokeide skole 1</stop>
    <stop arrival="12:46" departure="12:46">Krokeide skole 2</stop>
    <stop arrival="12:47" departure="12:47">Krokeide</stop>
    <stop arrival="12:48" departure="12:48">Krokeide</stop>
    <stop arrival="12:48" departure="12:48">Krokeide krysset</stop>
    <stop arrival="12:49">Krokeide Yrkesskole</stop>
  </route>
  <route no="50" destination="Dolvik terminal" url="http://www.web2051.no/bin/tp/zuginfo.exe/on/223344/75301/543202/197153/1/" trafficDays="kjører Ma - Fr, ikke 13., 17., 24. Mai">
    <stop departure="11:40" routeNo="50">Åsane terminal</stop>
    <stop arrival="11:41" departure="11:41">Hesthaugen</stop>
    <stop arrival="11:42" departure="11:42">Stamskaret</stop>
    <stop arrival="11:43" departure="11:43">Tertneskrysset gamleveien</stop>
    <stop arrival="11:44" departure="11:44">Griggastemma</stop>
    <stop arrival="11:45" departure="11:45">Åstveitvegen</stop>
    <stop arrival="11:45" departure="11:45">Ervik øvre</stop>
    <stop arrival="11:46" departure="11:46">Ervik nedre (Sellesvingen)</stop>
    <stop arrival="11:47" departure="11:47">Selvikvegen</stop>
    <stop arrival="11:48" departure="11:48">Eidsvåg</stop>
    <stop arrival="11:50" departure="11:50">Handelshøyskolen</stop>
    <stop arrival="11:52" departure="11:52">Nyhavnsvei (Gamle Bergen)</stop>
    <stop arrival="11:54" departure="11:54">Munkebotten</stop>
    <stop arrival="11:55" departure="11:55">Ludebryggen</stop>
    <stop arrival="11:56" departure="11:56">Sandvikstorget</stop>
    <stop arrival="11:58" departure="11:58">Skutevikstorget</stop>
    <stop arrival="11:59" departure="11:59">Bontelabo</stop>
    <stop arrival="12:01" departure="12:01">Slottsgaten</stop>
    <stop arrival="12:02" departure="12:02">Bryggen</stop>
    <stop arrival="12:03" departure="12:03">Småstrandgaten</stop>
    <stop arrival="12:04" departure="12:04">Nygaten</stop>
    <stop arrival="12:05" departure="12:05">Statsporten (jernbanen)</stop>
    <stop arrival="12:08" departure="12:08">Kalfarlien</stop>
    <stop arrival="12:09" departure="12:09">Kalvedalsveien</stop>
    <stop arrival="12:10" departure="12:10">Svartediksveien</stop>
    <stop arrival="12:11" departure="12:11">Statsarkivet</stop>
    <stop arrival="12:12" departure="12:12">Haraldsplass sykehus</stop>
    <stop arrival="12:13" departure="12:13">Haukeland sykehus nord</stop>
    <stop arrival="12:14" departure="12:14">Haukeland sykehus sør</stop>
    <stop arrival="12:15" departure="12:15">Fridalen</stop>
    <stop arrival="12:15" departure="12:15">Langhaugen</stop>
    <stop arrival="12:16" departure="12:16">Landåssvingen</stop>
    <stop arrival="12:16" departure="12:16">Landåstorget</stop>
    <stop arrival="12:17" departure="12:17">Erleveien</stop>
    <stop arrival="12:17" departure="12:17">Wier-Jenssens vei</stop>
    <stop arrival="12:18" departure="12:18">Mannsverk</stop>
    <stop arrival="12:18" departure="12:18">Bolstad</stop>
    <stop arrival="12:19" departure="12:19">Hans Jægers vei</stop>
    <stop arrival="12:19" departure="12:19">Kolstibotn</stop>
    <stop arrival="12:19" departure="12:19">Knausen</stop>
    <stop arrival="12:20" departure="12:20">Birkelundstoppen</stop>
    <stop arrival="12:21" departure="12:21">Birkelundsbakken</stop>
    <stop arrival="12:21" departure="12:21">Natlandslien</stop>
    <stop arrival="12:22" departure="12:22">Stavkirken</stop>
    <stop arrival="12:23" departure="12:23">Paradis</stop>
    <stop arrival="12:24" departure="12:24">Tveiteråsskiftet</stop>
    <stop arrival="12:25" departure="12:25">Hopsbro</stop>
    <stop arrival="12:27" departure="12:27">Hopstangen</stop>
    <stop arrival="12:28" departure="12:28">Nesttun terminal</stop>
    <stop arrival="12:30" departure="12:30">Nesttun</stop>
    <stop arrival="12:33" departure="12:33">Skjoldskiftet</stop>
    <stop arrival="12:33" departure="12:33">Nesttunbrekka</stop>
    <stop arrival="12:34" departure="12:34">Mårdalen</stop>
    <stop arrival="12:34" departure="12:34">Skjoldhøgda</stop>
    <stop arrival="12:34" departure="12:34">Skjold skole</stop>
    <stop arrival="12:35" departure="12:35">Lagunen</stop>
    <stop arrival="12:36" departure="12:36">Rådal</stop>
    <stop arrival="12:37" departure="12:37">Meyerskiftet</stop>
    <stop arrival="12:41" departure="12:41">Håvardstun</stop>
    <stop arrival="12:42" departure="12:42">Statoil stasjon Sandsli</stop>
    <stop arrival="12:43" departure="12:43">Hydro Sandsli</stop>
    <stop arrival="12:44" departure="12:44">Petedalsheia</stop>
    <stop arrival="12:45" departure="12:45">Fanatorget</stop>
    <stop arrival="12:47">Dolvik terminal</stop>
  </route>
  <route no="23" destination="Birkelandskrysset Terminal" url="http://www.web2051.no/bin/tp/zuginfo.exe/on/127173/46492/346926/131072/1/" trafficDays="kjører Lø, ikke 1. Mai">
    <stop departure="12:00" routeNo="23">Olav Kyrres gate</stop>
    <stop arrival="12:05" departure="12:05">Bergen Busstasjon</stop>
    <stop arrival="12:09" departure="12:09">Danmarksplass</stop>
    <stop arrival="12:10" departure="12:10">Solheimsgaten</stop>
    <stop arrival="12:11" departure="12:11">Reperbanen</stop>
    <stop arrival="12:13" departure="12:13">Fjøsangerveien/ Minde Allè</stop>
    <stop arrival="12:16" departure="12:16">Minde</stop>
    <stop arrival="12:17" departure="12:17">Elvebakken</stop>
    <stop arrival="12:18" departure="12:18">Storetveit</stop>
    <stop arrival="12:18" departure="12:18">Fantoft</stop>
    <stop arrival="12:19" departure="12:19">Nydalen</stop>
    <stop arrival="12:20" departure="12:20">Paradis</stop>
    <stop arrival="12:21" departure="12:21">Tveiteråsskiftet</stop>
    <stop arrival="12:22" departure="12:22">Hopsbro</stop>
    <stop arrival="12:24" departure="12:24">Hopstangen</stop>
    <stop arrival="12:25" departure="12:25">Nesttun terminal</stop>
    <stop arrival="12:27" departure="12:27">Nesttun</stop>
    <stop arrival="12:30" departure="12:30">Skjoldskiftet</stop>
    <stop arrival="12:31" departure="12:31">Nesttunbrekka</stop>
    <stop arrival="12:31" departure="12:31">Mårdalen</stop>
    <stop arrival="12:32" departure="12:32">Skjoldhøgda</stop>
    <stop arrival="12:34" departure="12:34">Skjold skole</stop>
    <stop arrival="12:35" departure="12:35">Lagunen</stop>
    <stop arrival="12:37" departure="12:37">Rådal</stop>
    <stop arrival="12:39" departure="12:39">Meyerskiftet</stop>
    <stop arrival="12:45" departure="12:45">Håvardstun</stop>
    <stop arrival="12:46" departure="12:46">Sandsliskiftet</stop>
    <stop arrival="12:47" departure="12:47">Gomarhaug</stop>
    <stop arrival="12:50">Birkelandskrysset Terminal</stop>
  </route>
  <route no="556" destination="Hordnes snuplass" url="http://www.web2051.no/bin/tp/zuginfo.exe/on/576519/197648/778626/197140/1/" trafficDays="kjører Lø, ikke 1. Mai">
    <stop departure="12:35" routeNo="556">Lagunen</stop>
    <stop arrival="12:36" departure="12:36">Rådal</stop>
    <stop arrival="12:37" departure="12:37">Sunea</stop>
    <stop arrival="12:37" departure="12:37">Rådalshaug</stop>
    <stop arrival="12:37" departure="12:37">Steinknuseverket</stop>
    <stop arrival="12:38" departure="12:38">Hordnesskiftet</stop>
    <stop arrival="12:39" departure="12:39">Mjelkevika</stop>
    <stop arrival="12:40" departure="12:40">Liland/ Hordnes</stop>
    <stop arrival="12:41" departure="12:41">Troye</stop>
    <stop arrival="12:42" departure="12:42">Hordnes hvilehjem</stop>
    <stop arrival="12:42" departure="12:42">Hordnes</stop>
    <stop arrival="12:43">Hordnes snuplass</stop>
  </route>
  <route no="23" destination="Birkelandskrysset Terminal" url="http://www.web2051.no/bin/tp/zuginfo.exe/on/798183/270144/898072/182975/1/" trafficDays="kjører Sø, også 1., 13., 17., 24. Mai">
    <stop departure="12:05" routeNo="23">Olav Kyrres gate</stop>
    <stop arrival="12:10" departure="12:10">Bergen Busstasjon</stop>
    <stop arrival="12:14" departure="12:14">Danmarksplass</stop>
    <stop arrival="12:15" departure="12:15">Solheimsgaten</stop>
    <stop arrival="12:16" departure="12:16">Reperbanen</stop>
    <stop arrival="12:17" departure="12:17">Fjøsangerveien/ Minde Allè</stop>
    <stop arrival="12:20" departure="12:20">Minde</stop>
    <stop arrival="12:21" departure="12:21">Elvebakken</stop>
    <stop arrival="12:22" departure="12:22">Storetveit</stop>
    <stop arrival="12:22" departure="12:22">Fantoft</stop>
    <stop arrival="12:23" departure="12:23">Nydalen</stop>
    <stop arrival="12:24" departure="12:24">Paradis</stop>
    <stop arrival="12:25" departure="12:25">Tveiteråsskiftet</stop>
    <stop arrival="12:26" departure="12:26">Hopsbro</stop>
    <stop arrival="12:28" departure="12:28">Hopstangen</stop>
    <stop arrival="12:29" departure="12:29">Nesttun terminal</stop>
    <stop arrival="12:31" departure="12:31">Nesttun</stop>
    <stop arrival="12:34" departure="12:34">Skjoldskiftet</stop>
    <stop arrival="12:34" departure="12:34">Nesttunbrekka</stop>
    <stop arrival="12:35" departure="12:35">Mårdalen</stop>
    <stop arrival="12:35" departure="12:35">Skjoldhøgda</stop>
    <stop arrival="12:35" departure="12:35">Skjold skole</stop>
    <stop arrival="12:36" departure="12:36">Lagunen</stop>
    <stop arrival="12:38" departure="12:38">Rådal</stop>
    <stop arrival="12:40" departure="12:40">Meyerskiftet</stop>
    <stop arrival="12:45" departure="12:45">Håvardstun</stop>
    <stop arrival="12:46" departure="12:46">Sandsliskiftet</stop>
    <stop arrival="12:48" departure="12:48">Gomarhaug</stop>
    <stop arrival="12:50">Birkelandskrysset Terminal</stop>
  </route>
  <route no="560" destination="Krokeide Yrkesskole" url="http://www.web2051.no/bin/tp/zuginfo.exe/on/963612/326706/100064/271172/1/" trafficDays="kjører Sø, også 1., 13., 17., 24. Mai">
    <stop departure="12:36" routeNo="560">Lagunen</stop>
    <stop arrival="12:37" departure="12:37">Rådal</stop>
    <stop arrival="12:38" departure="12:38">Sunea</stop>
    <stop arrival="12:38" departure="12:38">Rådalshaug</stop>
    <stop arrival="12:38" departure="12:38">Steinknuseverket</stop>
    <stop arrival="12:39" departure="12:39">Hordnesskiftet Stend</stop>
    <stop arrival="12:41" departure="12:41">Bergheim</stop>
    <stop arrival="12:42" departure="12:42">Bergheim</stop>
    <stop arrival="12:43" departure="12:43">Øvre Titlestad</stop>
    <stop arrival="12:45" departure="12:45">Rydland (Titlestad, Fana)</stop>
    <stop arrival="12:46" departure="12:46">Titlestad</stop>
    <stop arrival="12:47" departure="12:47">Kvernabekkvegen</stop>
    <stop arrival="12:47" departure="12:47">Norheimsveien</stop>
    <stop arrival="12:48" departure="12:49">Fana</stop>
    <stop arrival="12:49" departure="12:49">Gaia Fana</stop>
    <stop arrival="12:50" departure="12:50">Vollaskiftet</stop>
    <stop arrival="12:51" departure="12:51">Fossen</stop>
    <stop arrival="12:51" departure="12:51">Saganeset 1</stop>
    <stop arrival="12:51" departure="12:51">Saganeset 2</stop>
    <stop arrival="12:52" departure="12:52">Salbu</stop>
    <stop arrival="12:53" departure="12:53">Rød, Krokeideveien</stop>
    <stop arrival="12:54" departure="12:54">Rød, Krokeideveien</stop>
    <stop arrival="12:55" departure="12:55">Breivik (Fana)</stop>
    <stop arrival="12:56" departure="12:56">Krokeide skole 1</stop>
    <stop arrival="12:56" departure="12:56">Krokeide skole 2</stop>
    <stop arrival="12:57" departure="12:57">Krokeide</stop>
    <stop arrival="12:58" departure="12:58">Krokeide</stop>
    <stop arrival="12:58" departure="12:58">Krokeide krysset</stop>
    <stop arrival="12:59">Krokeide Yrkesskole</stop>
  </route>
  <route no="560" destination="Krokeide Yrkesskole" url="http://www.web2051.no/bin/tp/zuginfo.exe/on/470439/162331/764720/225547/1/" trafficDays="kjører Lø, ikke 1. Mai">
    <stop departure="12:05" routeNo="560">Bergen Busstasjon</stop>
    <stop arrival="12:10" departure="12:10">Danmarksplass</stop>
    <stop arrival="12:11" departure="12:11">Solheimsgaten</stop>
    <stop arrival="12:12" departure="12:12">Reperbanen</stop>
    <stop arrival="12:14" departure="12:14">Fjøsangerveien/ Minde Allè</stop>
    <stop arrival="12:17" departure="12:17">Minde</stop>
    <stop arrival="12:18" departure="12:18">Elvebakken</stop>
    <stop arrival="12:19" departure="12:19">Storetveit</stop>
    <stop arrival="12:19" departure="12:19">Fantoft</stop>
    <stop arrival="12:20" departure="12:20">Nydalen</stop>
    <stop arrival="12:21" departure="12:21">Paradis</stop>
    <stop arrival="12:22" departure="12:22">Tveiteråsskiftet</stop>
    <stop arrival="12:23" departure="12:23">Hopsbro</stop>
    <stop arrival="12:25" departure="12:25">Hopstangen</stop>
    <stop arrival="12:26" departure="12:26">Nesttun terminal</stop>
    <stop arrival="12:28" departure="12:28">Nesttun</stop>
    <stop arrival="12:31" departure="12:31">Skjoldskiftet</stop>
    <stop arrival="12:32" departure="12:32">Nesttunbrekka</stop>
    <stop arrival="12:32" departure="12:32">Mårdalen</stop>
    <stop arrival="12:33" departure="12:33">Skjoldhøgda</stop>
    <stop arrival="12:35" departure="12:35">Skjold skole</stop>
    <stop arrival="12:36" departure="12:36">Lagunen</stop>
    <stop arrival="12:37" departure="12:37">Rådal</stop>
    <stop arrival="12:38" departure="12:38">Sunea</stop>
    <stop arrival="12:38" departure="12:38">Rådalshaug</stop>
    <stop arrival="12:38" departure="12:38">Steinknuseverket</stop>
    <stop arrival="12:39" departure="12:39">Hordnesskiftet Stend</stop>
    <stop arrival="12:40" departure="12:40">Konowskiftet</stop>
    <stop arrival="12:41" departure="12:41">Krykkjehaugen</stop>
    <stop arrival="12:42" departure="12:42">Fana</stop>
    <stop arrival="12:42" departure="12:42">Gaia Fana</stop>
    <stop arrival="12:43" departure="12:43">Vollaskiftet</stop>
    <stop arrival="12:44" departure="12:44">Fossen</stop>
    <stop arrival="12:44" departure="12:44">Saganeset 1</stop>
    <stop arrival="12:44" departure="12:44">Saganeset 2</stop>
    <stop arrival="12:45" departure="12:45">Salbu</stop>
    <stop arrival="12:46" departure="12:46">Rød, Krokeideveien</stop>
    <stop arrival="12:47" departure="12:47">Rød, Krokeideveien</stop>
    <stop arrival="12:48" departure="12:48">Breivik (Fana)</stop>
    <stop arrival="12:49" departure="12:49">Krokeide skole 1</stop>
    <stop arrival="12:49" departure="12:49">Krokeide skole 2</stop>
    <stop arrival="12:50" departure="12:50">Krokeide</stop>
    <stop arrival="12:51" departure="12:51">Krokeide</stop>
    <stop arrival="12:51" departure="12:51">Krokeide krysset</stop>
    <stop arrival="12:52">Krokeide Yrkesskole</stop>
  </route>
  <route no="20" destination="Nesttun terminal" url="http://www.web2051.no/bin/tp/zuginfo.exe/on/948753/320123/517348/57577/1/" trafficDays="kjører Fr">
    <stop departure="12:35" routeNo="20">Hordnesskiftet Stend</stop>
    <stop arrival="12:36" departure="12:36">Steinknuseverket</stop>
    <stop arrival="12:36" departure="12:36">Rådalshaug</stop>
    <stop arrival="12:37" departure="12:37">Sunea</stop>
    <stop arrival="12:38" departure="12:38">Rådal</stop>
    <stop arrival="12:39" departure="12:39">Rådal ved Lagunen</stop>
    <stop arrival="12:44" departure="12:44">Skjold skole</stop>
    <stop arrival="12:46" departure="12:46">Mårdalen</stop>
    <stop arrival="12:47" departure="12:47">Nesttunbrekka</stop>
    <stop arrival="12:47" departure="12:47">Skjoldskiftet</stop>
    <stop arrival="12:48" departure="12:48">Nesttun</stop>
    <stop arrival="12:49">Nesttun terminal</stop>
  </route>
  <route no="50" destination="Dolvik terminal" url="http://www.web2051.no/bin/tp/zuginfo.exe/on/68163/23540/986250/470406/1/" trafficDays="kjører Lø, ikke 1. Mai">
    <stop departure="11:40" routeNo="50">Åsane terminal</stop>
    <stop arrival="11:41" departure="11:41">Hesthaugen</stop>
    <stop arrival="11:43" departure="11:43">Stamskaret</stop>
    <stop arrival="11:45" departure="11:45">Tertneskrysset gamleveien</stop>
    <stop arrival="11:46" departure="11:46">Griggastemma</stop>
    <stop arrival="11:47" departure="11:47">Åstveitvegen</stop>
    <stop arrival="11:47" departure="11:47">Ervik øvre</stop>
    <stop arrival="11:48" departure="11:48">Ervik nedre (Sellesvingen)</stop>
    <stop arrival="11:49" departure="11:49">Selvikvegen</stop>
    <stop arrival="11:50" departure="11:50">Eidsvåg</stop>
    <stop arrival="11:52" departure="11:52">Handelshøyskolen</stop>
    <stop arrival="11:54" departure="11:54">Nyhavnsvei (Gamle Bergen)</stop>
    <stop arrival="11:56" departure="11:56">Munkebotten</stop>
    <stop arrival="11:57" departure="11:57">Ludebryggen</stop>
    <stop arrival="11:58" departure="11:58">Sandvikstorget</stop>
    <stop arrival="12:00" departure="12:00">Skutevikstorget</stop>
    <stop arrival="12:01" departure="12:01">Bontelabo</stop>
    <stop arrival="12:03" departure="12:03">Slottsgaten</stop>
    <stop arrival="12:04" departure="12:04">Bryggen</stop>
    <stop arrival="12:05" departure="12:05">Småstrandgaten</stop>
    <stop arrival="12:06" departure="12:06">Nygaten</stop>
    <stop arrival="12:07" departure="12:07">Statsporten (jernbanen)</stop>
    <stop arrival="12:10" departure="12:10">Kalfarlien</stop>
    <stop arrival="12:11" departure="12:11">Kalvedalsveien</stop>
    <stop arrival="12:12" departure="12:12">Svartediksveien</stop>
    <stop arrival="12:13" departure="12:13">Statsarkivet</stop>
    <stop arrival="12:14" departure="12:14">Haraldsplass sykehus</stop>
    <stop arrival="12:15" departure="12:15">Haukeland sykehus nord</stop>
    <stop arrival="12:15" departure="12:15">Haukeland sykehus sør</stop>
    <stop arrival="12:16" departure="12:16">Fridalen</stop>
    <stop arrival="12:16" departure="12:16">Langhaugen</stop>
    <stop arrival="12:17" departure="12:17">Landåssvingen</stop>
    <stop arrival="12:17" departure="12:17">Landåstorget</stop>
    <stop arrival="12:17" departure="12:17">Erleveien</stop>
    <stop arrival="12:18" departure="12:18">Wier-Jenssens vei</stop>
    <stop arrival="12:18" departure="12:18">Mannsverk</stop>
    <stop arrival="12:19" departure="12:19">Bolstad</stop>
    <stop arrival="12:20" departure="12:20">Hans Jægers vei</stop>
    <stop arrival="12:21" departure="12:21">Kolstibotn</stop>
    <stop arrival="12:22" departure="12:22">Knausen</stop>
    <stop arrival="12:23" departure="12:23">Birkelundstoppen</stop>
    <stop arrival="12:24" departure="12:24">Birkelundsbakken</stop>
    <stop arrival="12:24" departure="12:24">Natlandslien</stop>
    <stop arrival="12:24" departure="12:24">Stavkirken</stop>
    <stop arrival="12:25" departure="12:25">Paradis</stop>
    <stop arrival="12:26" departure="12:26">Tveiteråsskiftet</stop>
    <stop arrival="12:27" departure="12:27">Hopsbro</stop>
    <stop arrival="12:29" departure="12:29">Hopstangen</stop>
    <stop arrival="12:30" departure="12:30">Nesttun terminal</stop>
    <stop arrival="12:32" departure="12:32">Nesttun</stop>
    <stop arrival="12:35" departure="12:35">Skjoldskiftet</stop>
    <stop arrival="12:36" departure="12:36">Nesttunbrekka</stop>
    <stop arrival="12:36" departure="12:36">Mårdalen</stop>
    <stop arrival="12:37" departure="12:37">Skjoldhøgda</stop>
    <stop arrival="12:39" departure="12:39">Skjold skole</stop>
    <stop arrival="12:40" departure="12:40">Lagunen</stop>
    <stop arrival="12:41" departure="12:41">Rådal</stop>
    <stop arrival="12:42" departure="12:42">Meyerskiftet</stop>
    <stop arrival="12:45" departure="12:45">Håvardstun</stop>
    <stop arrival="12:46" departure="12:46">Statoil stasjon Sandsli</stop>
    <stop arrival="12:47" departure="12:47">Hydro Sandsli</stop>
    <stop arrival="12:48" departure="12:48">Petedalsheia</stop>
    <stop arrival="12:49" departure="12:49">Fanatorget</stop>
    <stop arrival="12:49" departure="12:49">Regnbueåsen</stop>
    <stop arrival="12:50">Dolvik terminal</stop>
  </route>
  <route no="20" destination="Lønborglien snuplass" url="http://www.web2051.no/bin/tp/zuginfo.exe/on/410088/140566/11700/130846/1/" trafficDays="kjører Ma - Fr, ikke 13., 17., 24. Mai">
    <stop departure="12:26" routeNo="20">Fanahammeren</stop>
    <stop arrival="12:27" departure="12:27">Volladalen</stop>
    <stop arrival="12:27" departure="12:27">Vollaskiftet</stop>
    <stop arrival="12:28" departure="12:28">Gaia Fana</stop>
    <stop arrival="12:30" departure="12:30">Fana kirke</stop>
    <stop arrival="12:30" departure="12:30">Norheimsveien</stop>
    <stop arrival="12:31" departure="12:31">Kvernabekkvegen</stop>
    <stop arrival="12:32" departure="12:32">Titlestad</stop>
    <stop arrival="12:32" departure="12:32">Rydland (Titlestad, Fana)</stop>
    <stop arrival="12:33" departure="12:33">Øvre Titlestad</stop>
    <stop arrival="12:34" departure="12:34">Bergheim</stop>
    <stop arrival="12:34" departure="12:34">Bergheim</stop>
    <stop arrival="12:36" departure="12:36">Hordnesskiftet Stend</stop>
    <stop arrival="12:38" departure="12:38">Steinknuseverket</stop>
    <stop arrival="12:39" departure="12:39">Rådalshaug</stop>
    <stop arrival="12:41" departure="12:41">Sunea</stop>
    <stop arrival="12:43" departure="12:43">Rådal</stop>
    <stop arrival="12:45" departure="12:45">Rådal ved Lagunen</stop>
    <stop arrival="12:50" departure="12:50">Skjold skole</stop>
    <stop arrival="12:52" departure="12:52">Mårdalen</stop>
    <stop arrival="12:53" departure="12:53">Nesttunbrekka</stop>
    <stop arrival="12:53" departure="12:53">Skjoldskiftet</stop>
    <stop arrival="12:54" departure="12:54">Nesttun</stop>
    <stop arrival="12:55" departure="12:55">Nesttun terminal</stop>
    <stop arrival="12:57" departure="12:57">Hopsbro</stop>
    <stop arrival="12:59" departure="12:59">Tveiteråsskiftet</stop>
    <stop arrival="13:00" departure="13:00">Paradis</stop>
    <stop arrival="13:02" departure="13:02">Nydalen</stop>
    <stop arrival="13:04" departure="13:04">Fantoft</stop>
    <stop arrival="13:05" departure="13:05">Storetveit</stop>
    <stop arrival="13:05" departure="13:05">Elvebakken</stop>
    <stop arrival="13:06" departure="13:06">Minde</stop>
    <stop arrival="13:09" departure="13:09">Mindemyren</stop>
    <stop arrival="13:10" departure="13:10">Postterminalen</stop>
    <stop arrival="13:11" departure="13:11">Kanalveien v/LBK</stop>
    <stop arrival="13:13" departure="13:13">Danmarksplass v/Forum kino</stop>
    <stop arrival="13:18" departure="13:18">Bergen Busstasjon</stop>
    <stop arrival="13:21" departure="13:21">Christies gate (Festplassen)</stop>
    <stop arrival="13:24" departure="13:24">Torget v/DnB</stop>
    <stop arrival="13:25" departure="13:25">Bryggen</stop>
    <stop arrival="13:25" departure="13:25">Slottsgaten</stop>
    <stop arrival="13:26" departure="13:26">Bontelabo</stop>
    <stop arrival="13:27" departure="13:27">Skutevikstorget</stop>
    <stop arrival="13:27" departure="13:27">Sjøgaten</stop>
    <stop arrival="13:28" departure="13:28">Sandvikstorget</stop>
    <stop arrival="13:29" departure="13:29">Ludebryggen</stop>
    <stop arrival="13:29" departure="13:29">Munkebotten</stop>
    <stop arrival="13:31" departure="13:31">Nyhavnsvei (Gamle Bergen)</stop>
    <stop arrival="13:32" departure="13:32">Handelshøyskolen</stop>
    <stop arrival="13:33" departure="13:33">Solbakken</stop>
    <stop arrival="13:34" departure="13:34">Eikeviken</stop>
    <stop arrival="13:36" departure="13:36">Hellebakken</stop>
    <stop arrival="13:36" departure="13:36">Brunestykket</stop>
    <stop arrival="13:37" departure="13:37">Lønborg</stop>
    <stop arrival="13:38" departure="13:38">Nordre Lønborg</stop>
    <stop arrival="13:41" departure="13:41">Lønborglien 1</stop>
    <stop arrival="13:42" departure="13:42">Lønborglien 2</stop>
    <stop arrival="13:44">Lønborglien snuplass</stop>
  </route>
  <route no="553" destination="Blomsterdalen" url="http://www.web2051.no/bin/tp/zuginfo.exe/on/235671/84022/160080/1484/1/" trafficDays="kjører Ma - Fr, ikke 13., 17., 24. Mai">
    <stop departure="12:45" routeNo="553">Lagunen</stop>
    <stop arrival="12:46" departure="12:46">Rådal</stop>
    <stop arrival="12:47" departure="12:47">Fana stadion</stop>
    <stop arrival="12:48" departure="12:48">Rå</stop>
    <stop arrival="12:49" departure="12:49">Skeie (Fana)</stop>
    <stop arrival="12:50" departure="12:50">Ytre Midttun</stop>
    <stop arrival="12:52" departure="12:52">Tveitane (Fana)</stop>
    <stop arrival="12:54" departure="12:54">Vågsbøskiftet</stop>
    <stop arrival="12:55" departure="12:55">Grimseidåsen</stop>
    <stop arrival="12:55" departure="12:55">Grimseid snuplass</stop>
    <stop arrival="12:55" departure="12:55">Grimseidåsen</stop>
    <stop arrival="12:56" departure="12:56">Vågsbøskiftet</stop>
    <stop arrival="12:58" departure="12:58">Tveitane (Fana)</stop>
    <stop arrival="13:00" departure="13:00">Ytre Midttun</stop>
    <stop arrival="13:00" departure="13:00">Skeie (Fana)</stop>
    <stop arrival="13:01" departure="13:01">Skage</stop>
    <stop arrival="13:02" departure="13:02">Håvardstun</stop>
    <stop arrival="13:03" departure="13:03">Håvardstun</stop>
    <stop arrival="13:04" departure="13:04">Gomarhaug (Skagevn.)</stop>
    <stop arrival="13:04" departure="13:04">Ytre Birkeland</stop>
    <stop arrival="13:05">Blomsterdalen</stop>
  </route>
  <route no="20" destination="Lønborglien snuplass" url="http://www.web2051.no/bin/tp/zuginfo.exe/on/409461/140278/861888/294459/1/" trafficDays="kjører Lø, ikke 1. Mai">
    <stop departure="12:47" routeNo="20">Rådal ved Lagunen</stop>
    <stop arrival="12:50" departure="12:50">Skjold skole</stop>
    <stop arrival="12:52" departure="12:52">Mårdalen</stop>
    <stop arrival="12:53" departure="12:53">Nesttunbrekka</stop>
    <stop arrival="12:53" departure="12:53">Skjoldskiftet</stop>
    <stop arrival="12:54" departure="12:54">Nesttun</stop>
    <stop arrival="12:55" departure="12:55">Nesttun terminal</stop>
    <stop arrival="12:57" departure="12:57">Hopsbro</stop>
    <stop arrival="12:59" departure="12:59">Tveiteråsskiftet</stop>
    <stop arrival="13:00" departure="13:00">Paradis</stop>
    <stop arrival="13:02" departure="13:02">Nydalen</stop>
    <stop arrival="13:04" departure="13:04">Fantoft</stop>
    <stop arrival="13:05" departure="13:05">Storetveit</stop>
    <stop arrival="13:05" departure="13:05">Elvebakken</stop>
    <stop arrival="13:06" departure="13:06">Minde</stop>
    <stop arrival="13:10" departure="13:10">Mindemyren</stop>
    <stop arrival="13:11" departure="13:11">Postterminalen</stop>
    <stop arrival="13:11" departure="13:11">Kanalveien v/LBK</stop>
    <stop arrival="13:13" departure="13:13">Danmarksplass v/Forum kino</stop>
    <stop arrival="13:18" departure="13:18">Bergen Busstasjon</stop>
    <stop arrival="13:21" departure="13:21">Christies gate (Festplassen)</stop>
    <stop arrival="13:24" departure="13:24">Torget v/DnB</stop>
    <stop arrival="13:25" departure="13:25">Bryggen</stop>
    <stop arrival="13:25" departure="13:25">Slottsgaten</stop>
    <stop arrival="13:26" departure="13:26">Bontelabo</stop>
    <stop arrival="13:27" departure="13:27">Skutevikstorget</stop>
    <stop arrival="13:27" departure="13:27">Sjøgaten</stop>
    <stop arrival="13:28" departure="13:28">Sandvikstorget</stop>
    <stop arrival="13:29" departure="13:29">Ludebryggen</stop>
    <stop arrival="13:29" departure="13:29">Munkebotten</stop>
    <stop arrival="13:31" departure="13:31">Nyhavnsvei (Gamle Bergen)</stop>
    <stop arrival="13:32" departure="13:32">Handelshøyskolen</stop>
    <stop arrival="13:33" departure="13:33">Solbakken</stop>
    <stop arrival="13:34" departure="13:34">Eikeviken</stop>
    <stop arrival="13:36" departure="13:36">Hellebakken</stop>
    <stop arrival="13:36" departure="13:36">Brunestykket</stop>
    <stop arrival="13:37" departure="13:37">Lønborg</stop>
    <stop arrival="13:38" departure="13:38">Nordre Lønborg</stop>
    <stop arrival="13:39" departure="13:39">Lønborglien 1</stop>
    <stop arrival="13:39" departure="13:39">Lønborglien 2</stop>
    <stop arrival="13:40">Lønborglien snuplass</stop>
  </route>
  <route no="20" destination="Fana" url="http://www.web2051.no/bin/tp/zuginfo.exe/on/586653/199420/442714/25806/1/" trafficDays="kjører Ma - Fr, ikke 13., 17., 24. Mai">
    <stop departure="12:00" routeNo="20">Lønborglien snuplass</stop>
    <stop arrival="12:00" departure="12:00">Lønborglien 2</stop>
    <stop arrival="12:01" departure="12:01">Lønborglien 1</stop>
    <stop arrival="12:02" departure="12:02">Nordre Lønborg</stop>
    <stop arrival="12:03" departure="12:03">Lønborg</stop>
    <stop arrival="12:03" departure="12:03">Brunestykket</stop>
    <stop arrival="12:04" departure="12:04">Hellebakken</stop>
    <stop arrival="12:05" departure="12:05">Eikeviken</stop>
    <stop arrival="12:06" departure="12:06">Solbakken</stop>
    <stop arrival="12:07" departure="12:07">Handelshøyskolen</stop>
    <stop arrival="12:08" departure="12:08">Nyhavnsvei (Gamle Bergen)</stop>
    <stop arrival="12:10" departure="12:10">Munkebotten</stop>
    <stop arrival="12:11" departure="12:11">Ludebryggen</stop>
    <stop arrival="12:14" departure="12:14">Sandvikstorget</stop>
    <stop arrival="12:16" departure="12:16">Skutevikstorget</stop>
    <stop arrival="12:17" departure="12:17">Bontelabo</stop>
    <stop arrival="12:18" departure="12:18">Slottsgaten</stop>
    <stop arrival="12:19" departure="12:19">Bryggen</stop>
    <stop arrival="12:20" departure="12:20">Olav Kyrres gate</stop>
    <stop arrival="12:25" departure="12:25">Bergen Busstasjon</stop>
    <stop arrival="12:28" departure="12:28">Danmarksplass</stop>
    <stop arrival="12:29" departure="12:29">Solheimsgaten</stop>
    <stop arrival="12:30" departure="12:30">Reperbanen</stop>
    <stop arrival="12:32" departure="12:32">Fjøsangerveien/ Minde Allè</stop>
    <stop arrival="12:33" departure="12:33">Minde</stop>
    <stop arrival="12:34" departure="12:34">Elvebakken</stop>
    <stop arrival="12:34" departure="12:34">Storetveit</stop>
    <stop arrival="12:34" departure="12:34">Fantoft</stop>
    <stop arrival="12:35" departure="12:35">Nydalen</stop>
    <stop arrival="12:36" departure="12:36">Paradis</stop>
    <stop arrival="12:37" departure="12:37">Tveiteråsskiftet</stop>
    <stop arrival="12:38" departure="12:38">Hopsbro</stop>
    <stop arrival="12:40" departure="12:40">Hopstangen</stop>
    <stop arrival="12:41" departure="12:41">Nesttun terminal</stop>
    <stop arrival="12:43" departure="12:43">Nesttun</stop>
    <stop arrival="12:46" departure="12:46">Skjoldskiftet</stop>
    <stop arrival="12:46" departure="12:46">Nesttunbrekka</stop>
    <stop arrival="12:47" departure="12:47">Mårdalen</stop>
    <stop arrival="12:47" departure="12:47">Skjoldhøgda</stop>
    <stop arrival="12:47" departure="12:47">Skjold skole</stop>
    <stop arrival="12:48" departure="12:48">Lagunen</stop>
    <stop arrival="12:49" departure="12:49">Rådal</stop>
    <stop arrival="12:50" departure="12:50">Sunea</stop>
    <stop arrival="12:50" departure="12:50">Rådalshaug</stop>
    <stop arrival="12:50" departure="12:50">Steinknuseverket</stop>
    <stop arrival="12:51" departure="12:51">Hordnesskiftet Stend</stop>
    <stop arrival="12:53" departure="12:53">Bergheim</stop>
    <stop arrival="12:54" departure="12:54">Bergheim</stop>
    <stop arrival="12:55" departure="12:55">Øvre Titlestad</stop>
    <stop arrival="12:57" departure="12:57">Rydland (Titlestad, Fana)</stop>
    <stop arrival="12:58" departure="12:58">Titlestad</stop>
    <stop arrival="13:01" departure="13:01">Kvernabekkvegen</stop>
    <stop arrival="13:02" departure="13:02">Norheimsveien</stop>
    <stop arrival="13:06">Fana</stop>
  </route>
  <route no="50" destination="Åsane terminal" url="http://www.web2051.no/bin/tp/zuginfo.exe/on/309807/104087/38024/84261/1/" trafficDays="kjører Lø, ikke 1. Mai">
    <stop departure="12:38" routeNo="50">Dolvik terminal</stop>
    <stop arrival="12:38" departure="12:38">Skranevegen</stop>
    <stop arrival="12:39" departure="12:39">Regnbueåsen</stop>
    <stop arrival="12:40" departure="12:40">Fanatorget</stop>
    <stop arrival="12:41" departure="12:41">Petedalsheia</stop>
    <stop arrival="12:42" departure="12:42">Hydro Sandsli</stop>
    <stop arrival="12:45" departure="12:45">Håvardstun</stop>
    <stop arrival="12:48" departure="12:48">Meyer</stop>
    <stop arrival="12:49" departure="12:49">Rådal</stop>
    <stop arrival="12:50" departure="12:50">Rådal ved Lagunen</stop>
    <stop arrival="12:53" departure="12:53">Skjold skole</stop>
    <stop arrival="12:55" departure="12:55">Mårdalen</stop>
    <stop arrival="12:56" departure="12:56">Nesttunbrekka</stop>
    <stop arrival="12:56" departure="12:56">Skjoldskiftet</stop>
    <stop arrival="12:57" departure="12:57">Nesttun</stop>
    <stop arrival="12:58" departure="12:58">Nesttun terminal</stop>
    <stop arrival="13:00" departure="13:00">Hopsbro</stop>
    <stop arrival="13:02" departure="13:02">Tveiteråsskiftet</stop>
    <stop arrival="13:03" departure="13:03">Paradis/50</stop>
    <stop arrival="13:05" departure="13:05">Stavkirken</stop>
    <stop arrival="13:06" departure="13:06">Natlandslien</stop>
    <stop arrival="13:07" departure="13:07">Birkelundsbakken</stop>
    <stop arrival="13:08" departure="13:08">Birkelundstoppen</stop>
    <stop arrival="13:09" departure="13:09">Knausen</stop>
    <stop arrival="13:09" departure="13:09">Kolstibotn</stop>
    <stop arrival="13:10" departure="13:10">H. Jægers vei</stop>
    <stop arrival="13:10" departure="13:10">Bolstad</stop>
    <stop arrival="13:11" departure="13:11">Mannsverk</stop>
    <stop arrival="13:11" departure="13:11">Wiers -Jenssens vei</stop>
    <stop arrival="13:12" departure="13:12">Erleveien</stop>
    <stop arrival="13:12" departure="13:12">Landåstorget</stop>
    <stop arrival="13:13" departure="13:13">Natlandsv. v/Hagerupsvei</stop>
    <stop arrival="13:13" departure="13:13">Langhaugen</stop>
    <stop arrival="13:14" departure="13:14">Fridalen</stop>
    <stop arrival="13:15" departure="13:15">Haukeland sykehus sør</stop>
    <stop arrival="13:16" departure="13:16">Haukeland sykehus nord</stop>
    <stop arrival="13:17" departure="13:17">Haraldsplass sykehus</stop>
    <stop arrival="13:18" departure="13:18">Haukeland skole</stop>
    <stop arrival="13:19" departure="13:19">Svartediksveien</stop>
    <stop arrival="13:20" departure="13:20">Kalvedalsveien</stop>
    <stop arrival="13:21" departure="13:21">Kalfarlien</stop>
    <stop arrival="13:23" departure="13:23">Stadsporten (jernbanen)</stop>
    <stop arrival="13:24" departure="13:24">Kong Oscars gate</stop>
    <stop arrival="13:25" departure="13:25">Allehelgensgate</stop>
    <stop arrival="13:25" departure="13:25">Torget (Bergen)</stop>
    <stop arrival="13:26" departure="13:26">Bryggen</stop>
    <stop arrival="13:27" departure="13:27">Slottsgaten</stop>
    <stop arrival="13:28" departure="13:28">Bontelabo</stop>
    <stop arrival="13:28" departure="13:28">Skutevikstorget</stop>
    <stop arrival="13:29" departure="13:29">Sjøgaten</stop>
    <stop arrival="13:29" departure="13:29">Sandvikstorget</stop>
    <stop arrival="13:30" departure="13:30">Ludebryggen</stop>
    <stop arrival="13:31" departure="13:31">Munkebotten</stop>
    <stop arrival="13:32" departure="13:32">Nyhavnsvei (Gamle Bergen)</stop>
    <stop arrival="13:33" departure="13:33">Handelshøyskolen</stop>
    <stop arrival="13:35" departure="13:35">Eidsvåg gamlevegen</stop>
    <stop arrival="13:36" departure="13:36">Selvikvegen</stop>
    <stop arrival="13:37" departure="13:37">Ervik nedre (Sellesvingen)</stop>
    <stop arrival="13:37" departure="13:37">Ervik øvre</stop>
    <stop arrival="13:38" departure="13:38">Åstveitvegen</stop>
    <stop arrival="13:39" departure="13:39">Griggastemma</stop>
    <stop arrival="13:40" departure="13:40">Tertneskrysset gamleveien</stop>
    <stop arrival="13:42" departure="13:42">Stamskaret</stop>
    <stop arrival="13:43" departure="13:43">Hesthaugen</stop>
    <stop arrival="13:45">Åsane terminal</stop>
  </route>
  <route no="50" destination="Åsane terminal" url="http://www.web2051.no/bin/tp/zuginfo.exe/on/493782/165445/52074/138560/1/" trafficDays="kjører Ma - Fr, ikke 13., 17., 24. Mai">
    <stop departure="12:38" routeNo="50">Dolvik terminal</stop>
    <stop arrival="12:38" departure="12:38">Skranevegen</stop>
    <stop arrival="12:39" departure="12:39">Regnbueåsen</stop>
    <stop arrival="12:40" departure="12:40">Fanatorget</stop>
    <stop arrival="12:41" departure="12:41">Petedalsheia</stop>
    <stop arrival="12:42" departure="12:42">Hydro Sandsli</stop>
    <stop arrival="12:45" departure="12:45">Håvardstun</stop>
    <stop arrival="12:48" departure="12:48">Meyer</stop>
    <stop arrival="12:49" departure="12:49">Rådal</stop>
    <stop arrival="12:50" departure="12:50">Rådal ved Lagunen</stop>
    <stop arrival="12:55" departure="12:55">Skjold skole</stop>
    <stop arrival="12:57" departure="12:57">Mårdalen</stop>
    <stop arrival="12:58" departure="12:58">Nesttunbrekka</stop>
    <stop arrival="12:58" departure="12:58">Skjoldskiftet</stop>
    <stop arrival="12:59" departure="12:59">Nesttun</stop>
    <stop arrival="13:00" departure="13:00">Nesttun terminal</stop>
    <stop arrival="13:02" departure="13:02">Hopsbro</stop>
    <stop arrival="13:04" departure="13:04">Tveiteråsskiftet</stop>
    <stop arrival="13:05" departure="13:05">Paradis/50</stop>
    <stop arrival="13:06" departure="13:06">Stavkirken</stop>
    <stop arrival="13:06" departure="13:06">Natlandslien</stop>
    <stop arrival="13:07" departure="13:07">Birkelundsbakken</stop>
    <stop arrival="13:07" departure="13:07">Birkelundstoppen</stop>
    <stop arrival="13:08" departure="13:08">Knausen</stop>
    <stop arrival="13:08" departure="13:08">Kolstibotn</stop>
    <stop arrival="13:09" departure="13:09">H. Jægers vei</stop>
    <stop arrival="13:09" departure="13:09">Bolstad</stop>
    <stop arrival="13:10" departure="13:10">Mannsverk</stop>
    <stop arrival="13:11" departure="13:11">Wiers -Jenssens vei</stop>
    <stop arrival="13:12" departure="13:12">Erleveien</stop>
    <stop arrival="13:12" departure="13:12">Landåstorget</stop>
    <stop arrival="13:14" departure="13:14">Natlandsv. v/Hagerupsvei</stop>
    <stop arrival="13:14" departure="13:14">Langhaugen</stop>
    <stop arrival="13:15" departure="13:15">Fridalen</stop>
    <stop arrival="13:17" departure="13:17">Haukeland sykehus sør</stop>
    <stop arrival="13:18" departure="13:18">Haukeland sykehus nord</stop>
    <stop arrival="13:19" departure="13:19">Haraldsplass sykehus</stop>
    <stop arrival="13:20" departure="13:20">Haukeland skole</stop>
    <stop arrival="13:21" departure="13:21">Svartediksveien</stop>
    <stop arrival="13:22" departure="13:22">Kalvedalsveien</stop>
    <stop arrival="13:23" departure="13:23">Kalfarlien</stop>
    <stop arrival="13:25" departure="13:25">Stadsporten (jernbanen)</stop>
    <stop arrival="13:26" departure="13:26">Kong Oscars gate</stop>
    <stop arrival="13:27" departure="13:27">Allehelgensgate</stop>
    <stop arrival="13:27" departure="13:27">Torget (Bergen)</stop>
    <stop arrival="13:28" departure="13:28">Bryggen</stop>
    <stop arrival="13:29" departure="13:29">Slottsgaten</stop>
    <stop arrival="13:30" departure="13:30">Bontelabo</stop>
    <stop arrival="13:30" departure="13:30">Skutevikstorget</stop>
    <stop arrival="13:31" departure="13:31">Sjøgaten</stop>
    <stop arrival="13:31" departure="13:31">Sandvikstorget</stop>
    <stop arrival="13:32" departure="13:32">Ludebryggen</stop>
    <stop arrival="13:33" departure="13:33">Munkebotten</stop>
    <stop arrival="13:34" departure="13:34">Nyhavnsvei (Gamle Bergen)</stop>
    <stop arrival="13:35" departure="13:35">Handelshøyskolen</stop>
    <stop arrival="13:37" departure="13:37">Eidsvåg gamlevegen</stop>
    <stop arrival="13:38" departure="13:38">Selvikvegen</stop>
    <stop arrival="13:39" departure="13:39">Ervik nedre (Sellesvingen)</stop>
    <stop arrival="13:39" departure="13:39">Ervik øvre</stop>
    <stop arrival="13:40" departure="13:40">Åstveitvegen</stop>
    <stop arrival="13:41" departure="13:41">Griggastemma</stop>
    <stop arrival="13:42" departure="13:42">Tertneskrysset gamleveien</stop>
    <stop arrival="13:44" departure="13:44">Stamskaret</stop>
    <stop arrival="13:45" departure="13:45">Hesthaugen</stop>
    <stop arrival="13:46">Åsane terminal</stop>
  </route>
  <route no="20" destination="Fana Stadion" url="http://www.web2051.no/bin/tp/zuginfo.exe/on/365505/125631/750862/253596/1/" trafficDays="kjører Lø, ikke 1. Mai">
    <stop departure="12:00" routeNo="20">Lønborglien snuplass</stop>
    <stop arrival="12:00" departure="12:00">Lønborglien 2</stop>
    <stop arrival="12:01" departure="12:01">Lønborglien 1</stop>
    <stop arrival="12:02" departure="12:02">Nordre Lønborg</stop>
    <stop arrival="12:03" departure="12:03">Lønborg</stop>
    <stop arrival="12:03" departure="12:03">Brunestykket</stop>
    <stop arrival="12:04" departure="12:04">Hellebakken</stop>
    <stop arrival="12:05" departure="12:05">Eikeviken</stop>
    <stop arrival="12:06" departure="12:06">Solbakken</stop>
    <stop arrival="12:07" departure="12:07">Handelshøyskolen</stop>
    <stop arrival="12:08" departure="12:08">Nyhavnsvei (Gamle Bergen)</stop>
    <stop arrival="12:10" departure="12:10">Munkebotten</stop>
    <stop arrival="12:11" departure="12:11">Ludebryggen</stop>
    <stop arrival="12:14" departure="12:14">Sandvikstorget</stop>
    <stop arrival="12:16" departure="12:16">Skutevikstorget</stop>
    <stop arrival="12:17" departure="12:17">Bontelabo</stop>
    <stop arrival="12:18" departure="12:18">Slottsgaten</stop>
    <stop arrival="12:19" departure="12:19">Bryggen</stop>
    <stop arrival="12:20" departure="12:20">Olav Kyrres gate</stop>
    <stop arrival="12:25" departure="12:25">Bergen Busstasjon</stop>
    <stop arrival="12:29" departure="12:29">Danmarksplass</stop>
    <stop arrival="12:30" departure="12:30">Solheimsgaten</stop>
    <stop arrival="12:31" departure="12:31">Reperbanen</stop>
    <stop arrival="12:33" departure="12:33">Fjøsangerveien/ Minde Allè</stop>
    <stop arrival="12:36" departure="12:36">Minde</stop>
    <stop arrival="12:37" departure="12:37">Elvebakken</stop>
    <stop arrival="12:38" departure="12:38">Storetveit</stop>
    <stop arrival="12:38" departure="12:38">Fantoft</stop>
    <stop arrival="12:39" departure="12:39">Nydalen</stop>
    <stop arrival="12:40" departure="12:40">Paradis</stop>
    <stop arrival="12:41" departure="12:41">Tveiteråsskiftet</stop>
    <stop arrival="12:42" departure="12:42">Hopsbro</stop>
    <stop arrival="12:44" departure="12:44">Hopstangen</stop>
    <stop arrival="12:45" departure="12:45">Nesttun terminal</stop>
    <stop arrival="12:47" departure="12:47">Nesttun</stop>
    <stop arrival="12:50" departure="12:50">Skjold skole</stop>
    <stop arrival="12:55" departure="12:55">Lagunen</stop>
    <stop arrival="12:58">Fana Stadion</stop>
  </route>
  <route no="23" destination="Bergen Busstasjon" url="http://www.web2051.no/bin/tp/zuginfo.exe/on/327654/113300/944132/362850/1/" trafficDays="kjører Sø, også 1., 13., 17., 24. Mai">
    <stop departure="12:51" routeNo="23">Birkelandskrysset Terminal</stop>
    <stop arrival="12:52" departure="12:52">Gomarhaug</stop>
    <stop arrival="12:53" departure="12:53">Sandsliskiftet</stop>
    <stop arrival="12:53" departure="12:53">Håvardstun</stop>
    <stop arrival="12:55" departure="12:55">Meyer</stop>
    <stop arrival="12:56" departure="12:56">Rådal</stop>
    <stop arrival="12:57" departure="12:57">Rådal ved Lagunen</stop>
    <stop arrival="13:00" departure="13:00">Skjold skole</stop>
    <stop arrival="13:02" departure="13:02">Mårdalen</stop>
    <stop arrival="13:03" departure="13:03">Nesttunbrekka</stop>
    <stop arrival="13:03" departure="13:03">Skjoldskiftet</stop>
    <stop arrival="13:04" departure="13:04">Nesttun</stop>
    <stop arrival="13:05" departure="13:05">Nesttun terminal</stop>
    <stop arrival="13:07" departure="13:07">Hopsbro</stop>
    <stop arrival="13:09" departure="13:09">Tveiteråsskiftet</stop>
    <stop arrival="13:10" departure="13:10">Paradis</stop>
    <stop arrival="13:12" departure="13:12">Nydalen</stop>
    <stop arrival="13:14" departure="13:14">Fantoft</stop>
    <stop arrival="13:15" departure="13:15">Storetveit</stop>
    <stop arrival="13:15" departure="13:15">Elvebakken</stop>
    <stop arrival="13:16" departure="13:16">Minde</stop>
    <stop arrival="13:19" departure="13:19">Mindemyren</stop>
    <stop arrival="13:20" departure="13:20">Postterminalen</stop>
    <stop arrival="13:21" departure="13:21">Kanalveien v/LBK</stop>
    <stop arrival="13:23" departure="13:23">Danmarksplass v/Forum kino</stop>
    <stop arrival="13:26" departure="13:26">Bergen Busstasjon</stop>
    <stop arrival="13:29" departure="13:29">Christies gate (Festplassen)</stop>
    <stop arrival="13:34">Bergen Busstasjon</stop>
  </route>
</routes>
