<?xml version="1.0" encoding="UTF-8"?>
<routes>
  <route no="392" destination="Lonevåg terminal" url="http://www.web2051.no/bin/tp/zuginfo.exe/on/273777/92281/289144/53313/1/" trafficDays="kjører Ma - Fr, ikke 13., 17., 24. Mai">
    <stop departure="11:48" routeNo="392">Arna terminal</stop>
    <stop arrival="11:49" departure="11:49">Arna E 16</stop>
    <stop arrival="11:53" departure="11:53">Takvam E16</stop>
    <stop arrival="11:54" departure="11:54">Herland Kvistibru</stop>
    <stop arrival="11:56" departure="11:56">Kvisti (Osterøy)</stop>
    <stop arrival="11:57" departure="11:57">Vikne sør</stop>
    <stop arrival="11:58" departure="11:58">Vikne</stop>
    <stop arrival="11:59" departure="11:59">Vikne nord</stop>
    <stop arrival="12:00" departure="12:00">Leikneset</stop>
    <stop arrival="12:01" departure="12:01">Leikneset</stop>
    <stop arrival="12:02" departure="12:02">Leikneset</stop>
    <stop arrival="12:03" departure="12:03">Haus</stop>
    <stop arrival="12:03" departure="12:03">Åsheimveien</stop>
    <stop arrival="12:04" departure="12:04">Haus</stop>
    <stop arrival="12:06" departure="12:06">Mjeldalen v gml kommunehus</stop>
    <stop arrival="12:07" departure="12:07">Mjeldalen</stop>
    <stop arrival="12:07" departure="12:07">Mjeldalen v Ungdomsshus</stop>
    <stop arrival="12:08" departure="12:08">Mjeldalen Øvre</stop>
    <stop arrival="12:09" departure="12:09">Ambogen vkr</stop>
    <stop arrival="12:09" departure="12:09">Kolabakken</stop>
    <stop arrival="12:10" departure="12:10">Veset</stop>
    <stop arrival="12:11" departure="12:11">Veset</stop>
    <stop arrival="12:11" departure="12:11">Vinåsen</stop>
    <stop arrival="12:12" departure="12:12">Rødland</stop>
    <stop arrival="12:12" departure="12:12">Rolland vkr. (Osterøy)</stop>
    <stop arrival="12:14" departure="12:14">Orrheia, Osterøy</stop>
    <stop arrival="12:14" departure="12:14">Mæle</stop>
    <stop arrival="12:14" departure="12:14">Mæle</stop>
    <stop arrival="12:15" departure="12:15">Ranen (Osterøy)</stop>
    <stop arrival="12:16" departure="12:16">Korsåsen byggefelt (Osterøy)</stop>
    <stop arrival="12:17" departure="12:17">Litunsvingen</stop>
    <stop arrival="12:17" departure="12:17">Hartveit (Osterøy)</stop>
    <stop arrival="12:18" departure="12:18">Hartveit (Osterøy)</stop>
    <stop arrival="12:18" departure="12:18">Seljerinden</stop>
    <stop arrival="12:19" departure="12:19">Presttun</stop>
    <stop arrival="12:20" departure="12:20">Presttun</stop>
    <stop arrival="12:20" departure="12:20">Skistad, Osterøy</stop>
    <stop arrival="12:21" departure="12:21">Solberg (Osterøy)</stop>
    <stop arrival="12:21" departure="12:21">Solberg (Osterøy)</stop>
    <stop arrival="12:22" departure="12:22">Flatevad, Osterøy</stop>
    <stop arrival="12:23" departure="12:23">Flatevad N, Osterøy</stop>
    <stop arrival="12:23" departure="12:23">Nyleitet, Osterøy</stop>
    <stop arrival="12:24" departure="12:24">Hatland v ungdomsskulen</stop>
    <stop arrival="12:25" departure="12:25">Lonevåg v Rådhuset</stop>
    <stop arrival="12:26" departure="12:26">Lonevåg v Coop</stop>
    <stop arrival="12:27">Lonevåg terminal</stop>
  </route>
  <route no="394" destination="Ambogen vkr" url="http://www.web2051.no/bin/tp/zuginfo.exe/on/439686/147629/265226/13949/1/" trafficDays="kjører Lø, ikke 1. Mai">
    <stop departure="12:18" routeNo="394">Arna terminal</stop>
    <stop arrival="12:19" departure="12:19">Bommane (Arna)</stop>
    <stop arrival="12:20" departure="12:20">Beyer (Arna)</stop>
    <stop arrival="12:21" departure="12:21">Seimsmark</stop>
    <stop arrival="12:22" departure="12:22">Garneshøgden</stop>
    <stop arrival="12:23" departure="12:23">Garnes- v Gymnaset</stop>
    <stop arrival="12:24" departure="12:24">Garnes vid.skule</stop>
    <stop arrival="12:25" departure="12:25">Garnesmarka vest</stop>
    <stop arrival="12:25" departure="12:25">Garnesmarka</stop>
    <stop arrival="12:26" departure="12:26">Garnesmarka øst</stop>
    <stop arrival="12:27" departure="12:27">Tunes</stop>
    <stop arrival="12:27" departure="12:27">Tunes skule</stop>
    <stop arrival="12:28" departure="12:28">Tunestveit</stop>
    <stop arrival="12:29" departure="12:29">Tunestveit</stop>
    <stop arrival="12:30" departure="12:30">Takvam rundkøyring</stop>
    <stop arrival="12:30" departure="12:30">Takvam E16</stop>
    <stop arrival="12:31" departure="12:31">Herland Kvistibru</stop>
    <stop arrival="12:33" departure="12:33">Kvisti (Osterøy)</stop>
    <stop arrival="12:34" departure="12:34">Vikne sør</stop>
    <stop arrival="12:35" departure="12:35">Vikne</stop>
    <stop arrival="12:36" departure="12:36">Vikne nord</stop>
    <stop arrival="12:37" departure="12:37">Leikneset</stop>
    <stop arrival="12:38" departure="12:38">Leikneset</stop>
    <stop arrival="12:39" departure="12:39">Leikneset</stop>
    <stop arrival="12:40" departure="12:40">Haus</stop>
    <stop arrival="12:40" departure="12:40">Åsheimveien</stop>
    <stop arrival="12:41" departure="12:41">Haus</stop>
    <stop arrival="12:43" departure="12:43">Mjeldalen v gml kommunehus</stop>
    <stop arrival="12:43" departure="12:43">Mjeldalen</stop>
    <stop arrival="12:43" departure="12:43">Mjeldalen v Ungdomsshus</stop>
    <stop arrival="12:44" departure="12:44">Mjeldalen Øvre</stop>
    <stop arrival="12:45">Ambogen vkr</stop>
  </route>
  <route no="390" destination="Arna terminal" url="http://www.web2051.no/bin/tp/zuginfo.exe/on/872190/291734/768680/93610/1/" trafficDays="kjører Lø, ikke 1. Mai">
    <stop departure="12:23" routeNo="390">Lonevåg terminal</stop>
    <stop arrival="12:24" departure="12:24">Kårvik vkr. (Osterøy)</stop>
    <stop arrival="12:25" departure="12:25">Lone N , Osterøy</stop>
    <stop arrival="12:26" departure="12:26">Lone, Osterøy</stop>
    <stop arrival="12:26" departure="12:26">Lone Bru, Osterøy</stop>
    <stop arrival="12:27" departure="12:27">Revheim</stop>
    <stop arrival="12:28" departure="12:28">Revheim</stop>
    <stop arrival="12:30" departure="12:30">Øyjordsbru</stop>
    <stop arrival="12:30" departure="12:30">Haugsviksvingen</stop>
    <stop arrival="12:31" departure="12:31">Hauge skule (Osterøy)</stop>
    <stop arrival="12:32" departure="12:32">Hauge (Osterøy)</stop>
    <stop arrival="12:33" departure="12:33">Hauge Industrier (Osterøy)</stop>
    <stop arrival="12:34" departure="12:34">Halland S, Osterøy</stop>
    <stop arrival="12:35" departure="12:35">Halland, Osterøy</stop>
    <stop arrival="12:35" departure="12:35">Småland</stop>
    <stop arrival="12:36" departure="12:36">Loftås (Osterøy)</stop>
    <stop arrival="12:37" departure="12:37">Elvikneset</stop>
    <stop arrival="12:38" departure="12:38">Bullabrekka (Osterøy)</stop>
    <stop arrival="12:39" departure="12:39">Valestrand</stop>
    <stop arrival="12:40" departure="12:40">Valestrand</stop>
    <stop arrival="12:40" departure="12:40">Valestrand</stop>
    <stop arrival="12:41" departure="12:41">Bullabrekka (Osterøy)</stop>
    <stop arrival="12:42" departure="12:42">Elvikneset</stop>
    <stop arrival="12:42" departure="12:42">Loftås (Osterøy)</stop>
    <stop arrival="12:43" departure="12:43">Småland</stop>
    <stop arrival="12:43" departure="12:43">Halland, Osterøy</stop>
    <stop arrival="12:44" departure="12:44">Halland S, Osterøy</stop>
    <stop arrival="12:44" departure="12:44">Hauge Industrier (Osterøy)</stop>
    <stop arrival="12:44" departure="12:44">Hauge (Osterøy)</stop>
    <stop arrival="12:47" departure="12:47">Hannisdal nyeveien</stop>
    <stop arrival="12:49" departure="12:49">Rolland (Osterøy)</stop>
    <stop arrival="12:49" departure="12:49">Rødland</stop>
    <stop arrival="12:49" departure="12:49">Vinåsen</stop>
    <stop arrival="12:50" departure="12:50">Veset</stop>
    <stop arrival="12:50" departure="12:50">Veset</stop>
    <stop arrival="12:51" departure="12:51">Kolabakken</stop>
    <stop arrival="12:51" departure="12:51">Ambogen vkr</stop>
    <stop arrival="12:52" departure="12:52">Mjeldalen Øvre</stop>
    <stop arrival="12:53" departure="12:53">Mjeldalen v Ungdomsshus</stop>
    <stop arrival="12:53" departure="12:53">Mjeldalen</stop>
    <stop arrival="12:54" departure="12:54">Mjeldalen v gml kommunehus</stop>
    <stop arrival="12:56" departure="12:56">Haus</stop>
    <stop arrival="12:57" departure="12:57">Åsheimveien</stop>
    <stop arrival="12:57" departure="12:57">Haus</stop>
    <stop arrival="12:57" departure="12:57">Leikneset</stop>
    <stop arrival="12:58" departure="12:58">Leikneset</stop>
    <stop arrival="12:59" departure="12:59">Leikneset</stop>
    <stop arrival="13:01" departure="13:01">Vikne nord</stop>
    <stop arrival="13:03" departure="13:03">Vikne</stop>
    <stop arrival="13:04" departure="13:04">Vikne sør</stop>
    <stop arrival="13:05" departure="13:05">Kvisti (Osterøy)</stop>
    <stop arrival="13:08" departure="13:08">Takvam E16</stop>
    <stop arrival="13:14" departure="13:14">Arna E 16</stop>
    <stop arrival="13:15">Arna terminal</stop>
  </route>
</routes>
