<?xml version="1.0" encoding="UTF-8"?>
<routes>
  <route no="80" destination="Oasen Terminal" url="http://www.web2051.no/bin/tp/zuginfo.exe/on/743088/252462/621096/62855/1/" trafficDays="kjører Sø, også 1., 13., 17., 24. Mai">
    <stop departure="12:00" routeNo="80">Flaktveit snuplass</stop>
    <stop arrival="12:01" departure="12:01">Breimyra</stop>
    <stop arrival="12:02" departure="12:02">Ulvhøyen</stop>
    <stop arrival="12:03" departure="12:03">Træsgrenda (Ulsberglia)</stop>
    <stop arrival="12:04" departure="12:04">Flaktveitsvingane</stop>
    <stop arrival="12:05" departure="12:05">Flaktveitrinden</stop>
    <stop arrival="12:07" departure="12:07">Lid (Åsane)</stop>
    <stop arrival="12:08" departure="12:08">Liakroken</stop>
    <stop arrival="12:09" departure="12:09">Industrihuset</stop>
    <stop arrival="12:10" departure="12:10">Gullgruven</stop>
    <stop arrival="12:12" departure="12:12">Nyborg</stop>
    <stop arrival="12:13" departure="12:13">Salhuskrysset</stop>
    <stop arrival="12:14" departure="12:14">Litleåskryss</stop>
    <stop arrival="12:14" departure="12:14">Rollandskrysset</stop>
    <stop arrival="12:15" departure="12:15">Åsane terminal</stop>
    <stop arrival="12:20" departure="12:20">Eidsvåg</stop>
    <stop arrival="12:22" departure="12:22">Handelshøyskolen</stop>
    <stop arrival="12:23" departure="12:23">Nyhavnsvei (Gamle Bergen)</stop>
    <stop arrival="12:24" departure="12:24">Munkebotten</stop>
    <stop arrival="12:25" departure="12:25">Ludebryggen</stop>
    <stop arrival="12:27" departure="12:27">Sandvikstorget</stop>
    <stop arrival="12:29" departure="12:29">Skutevikstorget</stop>
    <stop arrival="12:29" departure="12:29">Bontelabo</stop>
    <stop arrival="12:30" departure="12:30">Slottsgaten</stop>
    <stop arrival="12:31" departure="12:31">Bryggen</stop>
    <stop arrival="12:32" departure="12:32">Olav Kyrres gate</stop>
    <stop arrival="12:37" departure="12:37">Bergen Busstasjon</stop>
    <stop arrival="12:42" departure="12:42">Gyldenpris</stop>
    <stop arrival="12:46" departure="12:46">Løvstakktunnelen</stop>
    <stop arrival="12:46" departure="12:46">Sikthaugen</stop>
    <stop arrival="12:48" departure="12:48">Lynghaug skole</stop>
    <stop arrival="12:48" departure="12:48">Dag Hammarskjølds vei</stop>
    <stop arrival="12:49" departure="12:49">Træet (Benshaugen)</stop>
    <stop arrival="12:50" departure="12:50">Hjalmar Brantings vei</stop>
    <stop arrival="12:50" departure="12:50">Sælemyr</stop>
    <stop arrival="12:51" departure="12:51">Lyshovden skole</stop>
    <stop arrival="12:51" departure="12:51">Ortustranden</stop>
    <stop arrival="12:52" departure="12:52">Smiberget</stop>
    <stop arrival="12:53" departure="12:53">Torgny Segersteds vei</stop>
    <stop arrival="12:54" departure="12:54">Sælen skole</stop>
    <stop arrival="12:56" departure="12:56">Skarphaugen</stop>
    <stop arrival="12:57">Oasen Terminal</stop>
  </route>
  <route no="80" destination="Oasen Terminal" url="http://www.web2051.no/bin/tp/zuginfo.exe/on/395160/136502/361416/48991/1/" trafficDays="kjører Lø, ikke 1. Mai">
    <stop departure="12:00" routeNo="80">Flaktveit snuplass</stop>
    <stop arrival="12:01" departure="12:01">Breimyra</stop>
    <stop arrival="12:02" departure="12:02">Ulvhøyen</stop>
    <stop arrival="12:03" departure="12:03">Træsgrenda (Ulsberglia)</stop>
    <stop arrival="12:04" departure="12:04">Flaktveitsvingane</stop>
    <stop arrival="12:05" departure="12:05">Flaktveitrinden</stop>
    <stop arrival="12:07" departure="12:07">Lid (Åsane)</stop>
    <stop arrival="12:08" departure="12:08">Liakroken</stop>
    <stop arrival="12:09" departure="12:09">Industrihuset</stop>
    <stop arrival="12:10" departure="12:10">Gullgruven</stop>
    <stop arrival="12:12" departure="12:12">Nyborg</stop>
    <stop arrival="12:13" departure="12:13">Salhuskrysset</stop>
    <stop arrival="12:14" departure="12:14">Litleåskryss</stop>
    <stop arrival="12:14" departure="12:14">Rollandskrysset</stop>
    <stop arrival="12:15" departure="12:15">Åsane terminal</stop>
    <stop arrival="12:20" departure="12:20">Eidsvåg</stop>
    <stop arrival="12:22" departure="12:22">Handelshøyskolen</stop>
    <stop arrival="12:23" departure="12:23">Nyhavnsvei (Gamle Bergen)</stop>
    <stop arrival="12:25" departure="12:25">Munkebotten</stop>
    <stop arrival="12:26" departure="12:26">Ludebryggen</stop>
    <stop arrival="12:29" departure="12:29">Sandvikstorget</stop>
    <stop arrival="12:31" departure="12:31">Skutevikstorget</stop>
    <stop arrival="12:32" departure="12:32">Bontelabo</stop>
    <stop arrival="12:33" departure="12:33">Slottsgaten</stop>
    <stop arrival="12:34" departure="12:34">Bryggen</stop>
    <stop arrival="12:35" departure="12:35">Olav Kyrres gate</stop>
    <stop arrival="12:40" departure="12:40">Bergen Busstasjon</stop>
    <stop arrival="12:45" departure="12:45">Gyldenpris</stop>
    <stop arrival="12:49" departure="12:49">Løvstakktunnelen</stop>
    <stop arrival="12:49" departure="12:49">Sikthaugen</stop>
    <stop arrival="12:51" departure="12:51">Lynghaug skole</stop>
    <stop arrival="12:51" departure="12:51">Dag Hammarskjølds vei</stop>
    <stop arrival="12:52" departure="12:52">Træet (Benshaugen)</stop>
    <stop arrival="12:53" departure="12:53">Hjalmar Brantings vei</stop>
    <stop arrival="12:53" departure="12:53">Sælemyr</stop>
    <stop arrival="12:54" departure="12:54">Lyshovden skole</stop>
    <stop arrival="12:54" departure="12:54">Ortustranden</stop>
    <stop arrival="12:55" departure="12:55">Smiberget</stop>
    <stop arrival="12:56" departure="12:56">Torgny Segersteds vei</stop>
    <stop arrival="12:57" departure="12:57">Sælen skole</stop>
    <stop arrival="12:59" departure="12:59">Skarphaugen</stop>
    <stop arrival="13:00">Oasen Terminal</stop>
  </route>
  <route no="80" destination="Flaktveit snuplass" url="http://www.web2051.no/bin/tp/zuginfo.exe/on/748611/254352/977768/239356/1/" trafficDays="kjører Ma - Fr, ikke 13., 17., 24. Mai">
    <stop departure="11:23" routeNo="80">Oasen Terminal</stop>
    <stop arrival="11:25" departure="11:25">Skarphaugen</stop>
    <stop arrival="11:26" departure="11:26">Sælen skole</stop>
    <stop arrival="11:27" departure="11:27">Torgny Segersteds vei</stop>
    <stop arrival="11:28" departure="11:28">Smiberget</stop>
    <stop arrival="11:29" departure="11:29">Ortustranden</stop>
    <stop arrival="11:29" departure="11:29">Lyshovden skole</stop>
    <stop arrival="11:29" departure="11:29">Sælemyr</stop>
    <stop arrival="11:30" departure="11:30">Hjalmar Brantings vei</stop>
    <stop arrival="11:31" departure="11:31">Træet (Benshaugen)</stop>
    <stop arrival="11:32" departure="11:32">Dag Hammarskjølds vei</stop>
    <stop arrival="11:32" departure="11:32">Lynghaug skole</stop>
    <stop arrival="11:33" departure="11:33">Hamregården</stop>
    <stop arrival="11:34" departure="11:34">Sikthaugen</stop>
    <stop arrival="11:38" departure="11:38">Gyldenpris</stop>
    <stop arrival="11:43" departure="11:43">Bergen Busstasjon</stop>
    <stop arrival="11:45" departure="11:45">Christies gate (Festplassen)</stop>
    <stop arrival="11:48" departure="11:48">Torget (Bergen)</stop>
    <stop arrival="11:49" departure="11:49">Bryggen</stop>
    <stop arrival="11:49" departure="11:49">Slottsgaten</stop>
    <stop arrival="11:50" departure="11:50">Bontelabo</stop>
    <stop arrival="11:51" departure="11:51">Skutevikstorget</stop>
    <stop arrival="11:52" departure="11:52">Sjøgaten</stop>
    <stop arrival="11:52" departure="11:52">Sandvikstorget</stop>
    <stop arrival="11:53" departure="11:53">Ludebryggen</stop>
    <stop arrival="11:53" departure="11:53">Munkebotten</stop>
    <stop arrival="11:55" departure="11:55">Nyhavnsvei (Gamle Bergen)</stop>
    <stop arrival="11:56" departure="11:56">Handelshøyskolen</stop>
    <stop arrival="11:58" departure="11:58">Eidsvåg</stop>
    <stop arrival="12:03" departure="12:03">Åsane terminal</stop>
    <stop arrival="12:04" departure="12:04">Rollandskrysset</stop>
    <stop arrival="12:04" departure="12:04">Litleåskryss</stop>
    <stop arrival="12:05" departure="12:05">Salhuskrysset</stop>
    <stop arrival="12:06" departure="12:06">Nyborg</stop>
    <stop arrival="12:08" departure="12:08">Gullgruven</stop>
    <stop arrival="12:09" departure="12:09">Industrihuset</stop>
    <stop arrival="12:10" departure="12:10">Liakroken</stop>
    <stop arrival="12:11" departure="12:11">Lid (Åsane)</stop>
    <stop arrival="12:13" departure="12:13">Flaktveitrinden</stop>
    <stop arrival="12:14" departure="12:14">Flaktveitsvingane</stop>
    <stop arrival="12:15" departure="12:15">Træsgrenda (Ulsberglia)</stop>
    <stop arrival="12:16" departure="12:16">Ulvhøyen</stop>
    <stop arrival="12:17" departure="12:17">Breimyra</stop>
    <stop arrival="12:18">Flaktveit snuplass</stop>
  </route>
  <route no="80" destination="Flaktveit snuplass" url="http://www.web2051.no/bin/tp/zuginfo.exe/on/992682/335675/254500/203646/1/" trafficDays="kjører Lø, ikke 1. Mai">
    <stop departure="11:24" routeNo="80">Oasen Terminal</stop>
    <stop arrival="11:26" departure="11:26">Skarphaugen</stop>
    <stop arrival="11:27" departure="11:27">Sælen skole</stop>
    <stop arrival="11:28" departure="11:28">Torgny Segersteds vei</stop>
    <stop arrival="11:29" departure="11:29">Smiberget</stop>
    <stop arrival="11:29" departure="11:29">Ortustranden</stop>
    <stop arrival="11:30" departure="11:30">Lyshovden skole</stop>
    <stop arrival="11:30" departure="11:30">Sælemyr</stop>
    <stop arrival="11:31" departure="11:31">Hjalmar Brantings vei</stop>
    <stop arrival="11:32" departure="11:32">Træet (Benshaugen)</stop>
    <stop arrival="11:32" departure="11:32">Dag Hammarskjølds vei</stop>
    <stop arrival="11:33" departure="11:33">Lynghaug skole</stop>
    <stop arrival="11:33" departure="11:33">Hamregården</stop>
    <stop arrival="11:34" departure="11:34">Sikthaugen</stop>
    <stop arrival="11:38" departure="11:38">Gyldenpris</stop>
    <stop arrival="11:43" departure="11:43">Bergen Busstasjon</stop>
    <stop arrival="11:46" departure="11:46">Christies gate (Festplassen)</stop>
    <stop arrival="11:49" departure="11:49">Torget (Bergen)</stop>
    <stop arrival="11:50" departure="11:50">Bryggen</stop>
    <stop arrival="11:50" departure="11:50">Slottsgaten</stop>
    <stop arrival="11:51" departure="11:51">Bontelabo</stop>
    <stop arrival="11:52" departure="11:52">Skutevikstorget</stop>
    <stop arrival="11:53" departure="11:53">Sjøgaten</stop>
    <stop arrival="11:53" departure="11:53">Sandvikstorget</stop>
    <stop arrival="11:54" departure="11:54">Ludebryggen</stop>
    <stop arrival="11:54" departure="11:54">Munkebotten</stop>
    <stop arrival="11:56" departure="11:56">Nyhavnsvei (Gamle Bergen)</stop>
    <stop arrival="11:57" departure="11:57">Handelshøyskolen</stop>
    <stop arrival="11:59" departure="11:59">Eidsvåg</stop>
    <stop arrival="12:04" departure="12:04">Åsane terminal</stop>
    <stop arrival="12:05" departure="12:05">Rollandskrysset</stop>
    <stop arrival="12:05" departure="12:05">Litleåskryss</stop>
    <stop arrival="12:06" departure="12:06">Salhuskrysset</stop>
    <stop arrival="12:07" departure="12:07">Nyborg</stop>
    <stop arrival="12:09" departure="12:09">Gullgruven</stop>
    <stop arrival="12:10" departure="12:10">Industrihuset</stop>
    <stop arrival="12:11" departure="12:11">Liakroken</stop>
    <stop arrival="12:12" departure="12:12">Lid (Åsane)</stop>
    <stop arrival="12:14" departure="12:14">Flaktveitrinden</stop>
    <stop arrival="12:15" departure="12:15">Flaktveitsvingane</stop>
    <stop arrival="12:16" departure="12:16">Træsgrenda (Ulsberglia)</stop>
    <stop arrival="12:17" departure="12:17">Ulvhøyen</stop>
    <stop arrival="12:18" departure="12:18">Breimyra</stop>
    <stop arrival="12:19">Flaktveit snuplass</stop>
  </route>
  <route no="80" destination="Oasen Terminal" url="http://www.web2051.no/bin/tp/zuginfo.exe/on/204198/72878/744354/304125/1/" trafficDays="kjører Ma - Fr, ikke 13., 17., 24. Mai">
    <stop departure="12:10" routeNo="80">Flaktveit snuplass</stop>
    <stop arrival="12:11" departure="12:11">Breimyra</stop>
    <stop arrival="12:12" departure="12:12">Ulvhøyen</stop>
    <stop arrival="12:13" departure="12:13">Træsgrenda (Ulsberglia)</stop>
    <stop arrival="12:14" departure="12:14">Flaktveitsvingane</stop>
    <stop arrival="12:15" departure="12:15">Flaktveitrinden</stop>
    <stop arrival="12:17" departure="12:17">Lid (Åsane)</stop>
    <stop arrival="12:18" departure="12:18">Liakroken</stop>
    <stop arrival="12:19" departure="12:19">Industrihuset</stop>
    <stop arrival="12:20" departure="12:20">Gullgruven</stop>
    <stop arrival="12:22" departure="12:22">Nyborg</stop>
    <stop arrival="12:23" departure="12:23">Salhuskrysset</stop>
    <stop arrival="12:24" departure="12:24">Litleåskryss</stop>
    <stop arrival="12:24" departure="12:24">Rollandskrysset</stop>
    <stop arrival="12:25" departure="12:25">Åsane terminal</stop>
    <stop arrival="12:30" departure="12:30">Eidsvåg</stop>
    <stop arrival="12:32" departure="12:32">Handelshøyskolen</stop>
    <stop arrival="12:33" departure="12:33">Nyhavnsvei (Gamle Bergen)</stop>
    <stop arrival="12:35" departure="12:35">Munkebotten</stop>
    <stop arrival="12:36" departure="12:36">Ludebryggen</stop>
    <stop arrival="12:39" departure="12:39">Sandvikstorget</stop>
    <stop arrival="12:41" departure="12:41">Skutevikstorget</stop>
    <stop arrival="12:42" departure="12:42">Bontelabo</stop>
    <stop arrival="12:43" departure="12:43">Slottsgaten</stop>
    <stop arrival="12:44" departure="12:44">Bryggen</stop>
    <stop arrival="12:45" departure="12:45">Olav Kyrres gate</stop>
    <stop arrival="12:50" departure="12:50">Bergen Busstasjon</stop>
    <stop arrival="12:53" departure="12:53">Gyldenpris</stop>
    <stop arrival="12:57" departure="12:57">Løvstakktunnelen</stop>
    <stop arrival="12:58" departure="12:58">Sikthaugen</stop>
    <stop arrival="13:00" departure="13:00">Lynghaug skole</stop>
    <stop arrival="13:01" departure="13:01">Dag Hammarskjølds vei</stop>
    <stop arrival="13:01" departure="13:01">Træet (Benshaugen)</stop>
    <stop arrival="13:02" departure="13:02">Hjalmar Brantings vei</stop>
    <stop arrival="13:03" departure="13:03">Sælemyr</stop>
    <stop arrival="13:04" departure="13:04">Lyshovden skole</stop>
    <stop arrival="13:04" departure="13:04">Ortustranden</stop>
    <stop arrival="13:05" departure="13:05">Smiberget</stop>
    <stop arrival="13:06" departure="13:06">Torgny Segersteds vei</stop>
    <stop arrival="13:07" departure="13:07">Sælen skole</stop>
    <stop arrival="13:09" departure="13:09">Skarphaugen</stop>
    <stop arrival="13:10">Oasen Terminal</stop>
  </route>
  <route no="80" destination="Flaktveit snuplass" url="http://www.web2051.no/bin/tp/zuginfo.exe/on/20403/11616/588486/287452/1/" trafficDays="kjører Ma - Fr, ikke 13., 17., 24. Mai">
    <stop departure="11:43" routeNo="80">Oasen Terminal</stop>
    <stop arrival="11:45" departure="11:45">Skarphaugen</stop>
    <stop arrival="11:46" departure="11:46">Sælen skole</stop>
    <stop arrival="11:47" departure="11:47">Torgny Segersteds vei</stop>
    <stop arrival="11:48" departure="11:48">Smiberget</stop>
    <stop arrival="11:49" departure="11:49">Ortustranden</stop>
    <stop arrival="11:49" departure="11:49">Lyshovden skole</stop>
    <stop arrival="11:49" departure="11:49">Sælemyr</stop>
    <stop arrival="11:50" departure="11:50">Hjalmar Brantings vei</stop>
    <stop arrival="11:51" departure="11:51">Træet (Benshaugen)</stop>
    <stop arrival="11:52" departure="11:52">Dag Hammarskjølds vei</stop>
    <stop arrival="11:52" departure="11:52">Lynghaug skole</stop>
    <stop arrival="11:53" departure="11:53">Hamregården</stop>
    <stop arrival="11:54" departure="11:54">Sikthaugen</stop>
    <stop arrival="11:58" departure="11:58">Gyldenpris</stop>
    <stop arrival="12:03" departure="12:03">Bergen Busstasjon</stop>
    <stop arrival="12:05" departure="12:05">Christies gate (Festplassen)</stop>
    <stop arrival="12:08" departure="12:08">Torget (Bergen)</stop>
    <stop arrival="12:09" departure="12:09">Bryggen</stop>
    <stop arrival="12:09" departure="12:09">Slottsgaten</stop>
    <stop arrival="12:10" departure="12:10">Bontelabo</stop>
    <stop arrival="12:11" departure="12:11">Skutevikstorget</stop>
    <stop arrival="12:12" departure="12:12">Sjøgaten</stop>
    <stop arrival="12:12" departure="12:12">Sandvikstorget</stop>
    <stop arrival="12:13" departure="12:13">Ludebryggen</stop>
    <stop arrival="12:13" departure="12:13">Munkebotten</stop>
    <stop arrival="12:15" departure="12:15">Nyhavnsvei (Gamle Bergen)</stop>
    <stop arrival="12:16" departure="12:16">Handelshøyskolen</stop>
    <stop arrival="12:18" departure="12:18">Eidsvåg</stop>
    <stop arrival="12:23" departure="12:23">Åsane terminal</stop>
    <stop arrival="12:24" departure="12:24">Rollandskrysset</stop>
    <stop arrival="12:24" departure="12:24">Litleåskryss</stop>
    <stop arrival="12:25" departure="12:25">Salhuskrysset</stop>
    <stop arrival="12:26" departure="12:26">Nyborg</stop>
    <stop arrival="12:28" departure="12:28">Gullgruven</stop>
    <stop arrival="12:29" departure="12:29">Industrihuset</stop>
    <stop arrival="12:30" departure="12:30">Liakroken</stop>
    <stop arrival="12:31" departure="12:31">Lid (Åsane)</stop>
    <stop arrival="12:33" departure="12:33">Flaktveitrinden</stop>
    <stop arrival="12:34" departure="12:34">Flaktveitsvingane</stop>
    <stop arrival="12:35" departure="12:35">Træsgrenda (Ulsberglia)</stop>
    <stop arrival="12:36" departure="12:36">Ulvhøyen</stop>
    <stop arrival="12:37" departure="12:37">Breimyra</stop>
    <stop arrival="12:38">Flaktveit snuplass</stop>
  </route>
  <route no="80" destination="Oasen Terminal" url="http://www.web2051.no/bin/tp/zuginfo.exe/on/408219/140839/938938/333400/1/" trafficDays="kjører Sø, også 1., 13., 17., 24. Mai">
    <stop departure="12:30" routeNo="80">Flaktveit snuplass</stop>
    <stop arrival="12:31" departure="12:31">Breimyra</stop>
    <stop arrival="12:32" departure="12:32">Ulvhøyen</stop>
    <stop arrival="12:33" departure="12:33">Træsgrenda (Ulsberglia)</stop>
    <stop arrival="12:34" departure="12:34">Flaktveitsvingane</stop>
    <stop arrival="12:35" departure="12:35">Flaktveitrinden</stop>
    <stop arrival="12:37" departure="12:37">Lid (Åsane)</stop>
    <stop arrival="12:38" departure="12:38">Liakroken</stop>
    <stop arrival="12:39" departure="12:39">Industrihuset</stop>
    <stop arrival="12:40" departure="12:40">Gullgruven</stop>
    <stop arrival="12:42" departure="12:42">Nyborg</stop>
    <stop arrival="12:43" departure="12:43">Salhuskrysset</stop>
    <stop arrival="12:44" departure="12:44">Litleåskryss</stop>
    <stop arrival="12:44" departure="12:44">Rollandskrysset</stop>
    <stop arrival="12:45" departure="12:45">Åsane terminal</stop>
    <stop arrival="12:50" departure="12:50">Eidsvåg</stop>
    <stop arrival="12:52" departure="12:52">Handelshøyskolen</stop>
    <stop arrival="12:53" departure="12:53">Nyhavnsvei (Gamle Bergen)</stop>
    <stop arrival="12:54" departure="12:54">Munkebotten</stop>
    <stop arrival="12:55" departure="12:55">Ludebryggen</stop>
    <stop arrival="12:57" departure="12:57">Sandvikstorget</stop>
    <stop arrival="12:59" departure="12:59">Skutevikstorget</stop>
    <stop arrival="12:59" departure="12:59">Bontelabo</stop>
    <stop arrival="13:00" departure="13:00">Slottsgaten</stop>
    <stop arrival="13:01" departure="13:01">Bryggen</stop>
    <stop arrival="13:02" departure="13:02">Olav Kyrres gate</stop>
    <stop arrival="13:07" departure="13:07">Bergen Busstasjon</stop>
    <stop arrival="13:12" departure="13:12">Gyldenpris</stop>
    <stop arrival="13:16" departure="13:16">Løvstakktunnelen</stop>
    <stop arrival="13:16" departure="13:16">Sikthaugen</stop>
    <stop arrival="13:18" departure="13:18">Lynghaug skole</stop>
    <stop arrival="13:18" departure="13:18">Dag Hammarskjølds vei</stop>
    <stop arrival="13:19" departure="13:19">Træet (Benshaugen)</stop>
    <stop arrival="13:20" departure="13:20">Hjalmar Brantings vei</stop>
    <stop arrival="13:20" departure="13:20">Sælemyr</stop>
    <stop arrival="13:21" departure="13:21">Lyshovden skole</stop>
    <stop arrival="13:21" departure="13:21">Ortustranden</stop>
    <stop arrival="13:22" departure="13:22">Smiberget</stop>
    <stop arrival="13:23" departure="13:23">Torgny Segersteds vei</stop>
    <stop arrival="13:24" departure="13:24">Sælen skole</stop>
    <stop arrival="13:26" departure="13:26">Skarphaugen</stop>
    <stop arrival="13:27">Oasen Terminal</stop>
  </route>
  <route no="80" destination="Oasen Terminal" url="http://www.web2051.no/bin/tp/zuginfo.exe/on/730560/248302/587210/50089/1/" trafficDays="kjører Lø, ikke 1. Mai">
    <stop departure="12:30" routeNo="80">Flaktveit snuplass</stop>
    <stop arrival="12:31" departure="12:31">Breimyra</stop>
    <stop arrival="12:32" departure="12:32">Ulvhøyen</stop>
    <stop arrival="12:33" departure="12:33">Træsgrenda (Ulsberglia)</stop>
    <stop arrival="12:34" departure="12:34">Flaktveitsvingane</stop>
    <stop arrival="12:35" departure="12:35">Flaktveitrinden</stop>
    <stop arrival="12:37" departure="12:37">Lid (Åsane)</stop>
    <stop arrival="12:38" departure="12:38">Liakroken</stop>
    <stop arrival="12:39" departure="12:39">Industrihuset</stop>
    <stop arrival="12:40" departure="12:40">Gullgruven</stop>
    <stop arrival="12:42" departure="12:42">Nyborg</stop>
    <stop arrival="12:43" departure="12:43">Salhuskrysset</stop>
    <stop arrival="12:44" departure="12:44">Litleåskryss</stop>
    <stop arrival="12:44" departure="12:44">Rollandskrysset</stop>
    <stop arrival="12:45" departure="12:45">Åsane terminal</stop>
    <stop arrival="12:50" departure="12:50">Eidsvåg</stop>
    <stop arrival="12:52" departure="12:52">Handelshøyskolen</stop>
    <stop arrival="12:53" departure="12:53">Nyhavnsvei (Gamle Bergen)</stop>
    <stop arrival="12:55" departure="12:55">Munkebotten</stop>
    <stop arrival="12:56" departure="12:56">Ludebryggen</stop>
    <stop arrival="12:59" departure="12:59">Sandvikstorget</stop>
    <stop arrival="13:01" departure="13:01">Skutevikstorget</stop>
    <stop arrival="13:02" departure="13:02">Bontelabo</stop>
    <stop arrival="13:03" departure="13:03">Slottsgaten</stop>
    <stop arrival="13:04" departure="13:04">Bryggen</stop>
    <stop arrival="13:05" departure="13:05">Olav Kyrres gate</stop>
    <stop arrival="13:10" departure="13:10">Bergen Busstasjon</stop>
    <stop arrival="13:15" departure="13:15">Gyldenpris</stop>
    <stop arrival="13:19" departure="13:19">Løvstakktunnelen</stop>
    <stop arrival="13:19" departure="13:19">Sikthaugen</stop>
    <stop arrival="13:21" departure="13:21">Lynghaug skole</stop>
    <stop arrival="13:21" departure="13:21">Dag Hammarskjølds vei</stop>
    <stop arrival="13:22" departure="13:22">Træet (Benshaugen)</stop>
    <stop arrival="13:23" departure="13:23">Hjalmar Brantings vei</stop>
    <stop arrival="13:23" departure="13:23">Sælemyr</stop>
    <stop arrival="13:24" departure="13:24">Lyshovden skole</stop>
    <stop arrival="13:24" departure="13:24">Ortustranden</stop>
    <stop arrival="13:25" departure="13:25">Smiberget</stop>
    <stop arrival="13:26" departure="13:26">Torgny Segersteds vei</stop>
    <stop arrival="13:27" departure="13:27">Sælen skole</stop>
    <stop arrival="13:29" departure="13:29">Skarphaugen</stop>
    <stop arrival="13:30">Oasen Terminal</stop>
  </route>
  <route no="80" destination="Oasen Terminal" url="http://www.web2051.no/bin/tp/zuginfo.exe/on/202011/72149/654030/259693/1/" trafficDays="kjører Ma - Fr, ikke 13., 17., 24. Mai">
    <stop departure="12:30" routeNo="80">Flaktveit snuplass</stop>
    <stop arrival="12:31" departure="12:31">Breimyra</stop>
    <stop arrival="12:32" departure="12:32">Ulvhøyen</stop>
    <stop arrival="12:33" departure="12:33">Træsgrenda (Ulsberglia)</stop>
    <stop arrival="12:34" departure="12:34">Flaktveitsvingane</stop>
    <stop arrival="12:35" departure="12:35">Flaktveitrinden</stop>
    <stop arrival="12:37" departure="12:37">Lid (Åsane)</stop>
    <stop arrival="12:38" departure="12:38">Liakroken</stop>
    <stop arrival="12:39" departure="12:39">Industrihuset</stop>
    <stop arrival="12:40" departure="12:40">Gullgruven</stop>
    <stop arrival="12:42" departure="12:42">Nyborg</stop>
    <stop arrival="12:43" departure="12:43">Salhuskrysset</stop>
    <stop arrival="12:44" departure="12:44">Litleåskryss</stop>
    <stop arrival="12:44" departure="12:44">Rollandskrysset</stop>
    <stop arrival="12:45" departure="12:45">Åsane terminal</stop>
    <stop arrival="12:50" departure="12:50">Eidsvåg</stop>
    <stop arrival="12:52" departure="12:52">Handelshøyskolen</stop>
    <stop arrival="12:53" departure="12:53">Nyhavnsvei (Gamle Bergen)</stop>
    <stop arrival="12:55" departure="12:55">Munkebotten</stop>
    <stop arrival="12:56" departure="12:56">Ludebryggen</stop>
    <stop arrival="12:59" departure="12:59">Sandvikstorget</stop>
    <stop arrival="13:01" departure="13:01">Skutevikstorget</stop>
    <stop arrival="13:02" departure="13:02">Bontelabo</stop>
    <stop arrival="13:03" departure="13:03">Slottsgaten</stop>
    <stop arrival="13:04" departure="13:04">Bryggen</stop>
    <stop arrival="13:05" departure="13:05">Olav Kyrres gate</stop>
    <stop arrival="13:10" departure="13:10">Bergen Busstasjon</stop>
    <stop arrival="13:13" departure="13:13">Gyldenpris</stop>
    <stop arrival="13:17" departure="13:17">Løvstakktunnelen</stop>
    <stop arrival="13:18" departure="13:18">Sikthaugen</stop>
    <stop arrival="13:20" departure="13:20">Lynghaug skole</stop>
    <stop arrival="13:21" departure="13:21">Dag Hammarskjølds vei</stop>
    <stop arrival="13:21" departure="13:21">Træet (Benshaugen)</stop>
    <stop arrival="13:22" departure="13:22">Hjalmar Brantings vei</stop>
    <stop arrival="13:23" departure="13:23">Sælemyr</stop>
    <stop arrival="13:24" departure="13:24">Lyshovden skole</stop>
    <stop arrival="13:24" departure="13:24">Ortustranden</stop>
    <stop arrival="13:25" departure="13:25">Smiberget</stop>
    <stop arrival="13:26" departure="13:26">Torgny Segersteds vei</stop>
    <stop arrival="13:27" departure="13:27">Sælen skole</stop>
    <stop arrival="13:29" departure="13:29">Skarphaugen</stop>
    <stop arrival="13:30">Oasen Terminal</stop>
  </route>
  <route no="80" destination="Flaktveit snuplass" url="http://www.web2051.no/bin/tp/zuginfo.exe/on/404067/139453/868130/299380/1/" trafficDays="kjører Sø, også 1., 13., 17., 24. Mai">
    <stop departure="11:55" routeNo="80">Oasen Terminal</stop>
    <stop arrival="11:57" departure="11:57">Skarphaugen</stop>
    <stop arrival="11:58" departure="11:58">Sælen skole</stop>
    <stop arrival="11:59" departure="11:59">Torgny Segersteds vei</stop>
    <stop arrival="12:00" departure="12:00">Smiberget</stop>
    <stop arrival="12:00" departure="12:00">Ortustranden</stop>
    <stop arrival="12:01" departure="12:01">Lyshovden skole</stop>
    <stop arrival="12:01" departure="12:01">Sælemyr</stop>
    <stop arrival="12:02" departure="12:02">Hjalmar Brantings vei</stop>
    <stop arrival="12:03" departure="12:03">Træet (Benshaugen)</stop>
    <stop arrival="12:03" departure="12:03">Dag Hammarskjølds vei</stop>
    <stop arrival="12:03" departure="12:03">Lynghaug skole</stop>
    <stop arrival="12:04" departure="12:04">Hamregården</stop>
    <stop arrival="12:04" departure="12:04">Sikthaugen</stop>
    <stop arrival="12:08" departure="12:08">Gyldenpris</stop>
    <stop arrival="12:12" departure="12:12">Bergen Busstasjon</stop>
    <stop arrival="12:15" departure="12:15">Christies gate (Festplassen)</stop>
    <stop arrival="12:18" departure="12:18">Torget (Bergen)</stop>
    <stop arrival="12:19" departure="12:19">Bryggen</stop>
    <stop arrival="12:19" departure="12:19">Slottsgaten</stop>
    <stop arrival="12:20" departure="12:20">Bontelabo</stop>
    <stop arrival="12:21" departure="12:21">Skutevikstorget</stop>
    <stop arrival="12:22" departure="12:22">Sjøgaten</stop>
    <stop arrival="12:22" departure="12:22">Sandvikstorget</stop>
    <stop arrival="12:23" departure="12:23">Ludebryggen</stop>
    <stop arrival="12:23" departure="12:23">Munkebotten</stop>
    <stop arrival="12:25" departure="12:25">Nyhavnsvei (Gamle Bergen)</stop>
    <stop arrival="12:26" departure="12:26">Handelshøyskolen</stop>
    <stop arrival="12:28" departure="12:28">Eidsvåg</stop>
    <stop arrival="12:33" departure="12:33">Åsane terminal</stop>
    <stop arrival="12:34" departure="12:34">Rollandskrysset</stop>
    <stop arrival="12:34" departure="12:34">Litleåskryss</stop>
    <stop arrival="12:35" departure="12:35">Salhuskrysset</stop>
    <stop arrival="12:36" departure="12:36">Nyborg</stop>
    <stop arrival="12:38" departure="12:38">Gullgruven</stop>
    <stop arrival="12:39" departure="12:39">Industrihuset</stop>
    <stop arrival="12:40" departure="12:40">Liakroken</stop>
    <stop arrival="12:41" departure="12:41">Lid (Åsane)</stop>
    <stop arrival="12:43" departure="12:43">Flaktveitrinden</stop>
    <stop arrival="12:44" departure="12:44">Flaktveitsvingane</stop>
    <stop arrival="12:45" departure="12:45">Træsgrenda (Ulsberglia)</stop>
    <stop arrival="12:46" departure="12:46">Ulvhøyen</stop>
    <stop arrival="12:47" departure="12:47">Breimyra</stop>
    <stop arrival="12:48">Flaktveit snuplass</stop>
  </route>
  <route no="80" destination="Flaktveit snuplass" url="http://www.web2051.no/bin/tp/zuginfo.exe/on/150357/54900/420584/160176/1/" trafficDays="kjører Lø, ikke 1. Mai">
    <stop departure="11:54" routeNo="80">Oasen Terminal</stop>
    <stop arrival="11:56" departure="11:56">Skarphaugen</stop>
    <stop arrival="11:57" departure="11:57">Sælen skole</stop>
    <stop arrival="11:58" departure="11:58">Torgny Segersteds vei</stop>
    <stop arrival="11:59" departure="11:59">Smiberget</stop>
    <stop arrival="11:59" departure="11:59">Ortustranden</stop>
    <stop arrival="12:00" departure="12:00">Lyshovden skole</stop>
    <stop arrival="12:00" departure="12:00">Sælemyr</stop>
    <stop arrival="12:01" departure="12:01">Hjalmar Brantings vei</stop>
    <stop arrival="12:02" departure="12:02">Træet (Benshaugen)</stop>
    <stop arrival="12:02" departure="12:02">Dag Hammarskjølds vei</stop>
    <stop arrival="12:03" departure="12:03">Lynghaug skole</stop>
    <stop arrival="12:03" departure="12:03">Hamregården</stop>
    <stop arrival="12:04" departure="12:04">Sikthaugen</stop>
    <stop arrival="12:08" departure="12:08">Gyldenpris</stop>
    <stop arrival="12:13" departure="12:13">Bergen Busstasjon</stop>
    <stop arrival="12:16" departure="12:16">Christies gate (Festplassen)</stop>
    <stop arrival="12:19" departure="12:19">Torget (Bergen)</stop>
    <stop arrival="12:20" departure="12:20">Bryggen</stop>
    <stop arrival="12:20" departure="12:20">Slottsgaten</stop>
    <stop arrival="12:21" departure="12:21">Bontelabo</stop>
    <stop arrival="12:22" departure="12:22">Skutevikstorget</stop>
    <stop arrival="12:23" departure="12:23">Sjøgaten</stop>
    <stop arrival="12:23" departure="12:23">Sandvikstorget</stop>
    <stop arrival="12:24" departure="12:24">Ludebryggen</stop>
    <stop arrival="12:24" departure="12:24">Munkebotten</stop>
    <stop arrival="12:26" departure="12:26">Nyhavnsvei (Gamle Bergen)</stop>
    <stop arrival="12:27" departure="12:27">Handelshøyskolen</stop>
    <stop arrival="12:29" departure="12:29">Eidsvåg</stop>
    <stop arrival="12:34" departure="12:34">Åsane terminal</stop>
    <stop arrival="12:35" departure="12:35">Rollandskrysset</stop>
    <stop arrival="12:35" departure="12:35">Litleåskryss</stop>
    <stop arrival="12:36" departure="12:36">Salhuskrysset</stop>
    <stop arrival="12:37" departure="12:37">Nyborg</stop>
    <stop arrival="12:39" departure="12:39">Gullgruven</stop>
    <stop arrival="12:40" departure="12:40">Industrihuset</stop>
    <stop arrival="12:41" departure="12:41">Liakroken</stop>
    <stop arrival="12:42" departure="12:42">Lid (Åsane)</stop>
    <stop arrival="12:44" departure="12:44">Flaktveitrinden</stop>
    <stop arrival="12:45" departure="12:45">Flaktveitsvingane</stop>
    <stop arrival="12:46" departure="12:46">Træsgrenda (Ulsberglia)</stop>
    <stop arrival="12:47" departure="12:47">Ulvhøyen</stop>
    <stop arrival="12:48" departure="12:48">Breimyra</stop>
    <stop arrival="12:49">Flaktveit snuplass</stop>
  </route>
  <route no="80" destination="Flaktveit snuplass" url="http://www.web2051.no/bin/tp/zuginfo.exe/on/789744/268063/587822/30674/1/" trafficDays="kjører Ma - Fr, ikke 13., 17., 24. Mai">
    <stop departure="12:03" routeNo="80">Oasen Terminal</stop>
    <stop arrival="12:05" departure="12:05">Skarphaugen</stop>
    <stop arrival="12:06" departure="12:06">Sælen skole</stop>
    <stop arrival="12:07" departure="12:07">Torgny Segersteds vei</stop>
    <stop arrival="12:08" departure="12:08">Smiberget</stop>
    <stop arrival="12:09" departure="12:09">Ortustranden</stop>
    <stop arrival="12:09" departure="12:09">Lyshovden skole</stop>
    <stop arrival="12:09" departure="12:09">Sælemyr</stop>
    <stop arrival="12:10" departure="12:10">Hjalmar Brantings vei</stop>
    <stop arrival="12:11" departure="12:11">Træet (Benshaugen)</stop>
    <stop arrival="12:12" departure="12:12">Dag Hammarskjølds vei</stop>
    <stop arrival="12:12" departure="12:12">Lynghaug skole</stop>
    <stop arrival="12:13" departure="12:13">Hamregården</stop>
    <stop arrival="12:14" departure="12:14">Sikthaugen</stop>
    <stop arrival="12:18" departure="12:18">Gyldenpris</stop>
    <stop arrival="12:23" departure="12:23">Bergen Busstasjon</stop>
    <stop arrival="12:25" departure="12:25">Christies gate (Festplassen)</stop>
    <stop arrival="12:28" departure="12:28">Torget (Bergen)</stop>
    <stop arrival="12:29" departure="12:29">Bryggen</stop>
    <stop arrival="12:29" departure="12:29">Slottsgaten</stop>
    <stop arrival="12:30" departure="12:30">Bontelabo</stop>
    <stop arrival="12:31" departure="12:31">Skutevikstorget</stop>
    <stop arrival="12:32" departure="12:32">Sjøgaten</stop>
    <stop arrival="12:32" departure="12:32">Sandvikstorget</stop>
    <stop arrival="12:33" departure="12:33">Ludebryggen</stop>
    <stop arrival="12:33" departure="12:33">Munkebotten</stop>
    <stop arrival="12:35" departure="12:35">Nyhavnsvei (Gamle Bergen)</stop>
    <stop arrival="12:36" departure="12:36">Handelshøyskolen</stop>
    <stop arrival="12:38" departure="12:38">Eidsvåg</stop>
    <stop arrival="12:43" departure="12:43">Åsane terminal</stop>
    <stop arrival="12:44" departure="12:44">Rollandskrysset</stop>
    <stop arrival="12:44" departure="12:44">Litleåskryss</stop>
    <stop arrival="12:45" departure="12:45">Salhuskrysset</stop>
    <stop arrival="12:46" departure="12:46">Nyborg</stop>
    <stop arrival="12:48" departure="12:48">Gullgruven</stop>
    <stop arrival="12:49" departure="12:49">Industrihuset</stop>
    <stop arrival="12:50" departure="12:50">Liakroken</stop>
    <stop arrival="12:51" departure="12:51">Lid (Åsane)</stop>
    <stop arrival="12:53" departure="12:53">Flaktveitrinden</stop>
    <stop arrival="12:54" departure="12:54">Flaktveitsvingane</stop>
    <stop arrival="12:55" departure="12:55">Træsgrenda (Ulsberglia)</stop>
    <stop arrival="12:56" departure="12:56">Ulvhøyen</stop>
    <stop arrival="12:57" departure="12:57">Breimyra</stop>
    <stop arrival="12:58">Flaktveit snuplass</stop>
  </route>
  <route no="80" destination="Oasen Terminal" url="http://www.web2051.no/bin/tp/zuginfo.exe/on/545643/186693/992558/314414/1/" trafficDays="kjører Ma - Fr, ikke 13., 17., 24. Mai">
    <stop departure="12:50" routeNo="80">Flaktveit snuplass</stop>
    <stop arrival="12:51" departure="12:51">Breimyra</stop>
    <stop arrival="12:52" departure="12:52">Ulvhøyen</stop>
    <stop arrival="12:53" departure="12:53">Træsgrenda (Ulsberglia)</stop>
    <stop arrival="12:54" departure="12:54">Flaktveitsvingane</stop>
    <stop arrival="12:55" departure="12:55">Flaktveitrinden</stop>
    <stop arrival="12:57" departure="12:57">Lid (Åsane)</stop>
    <stop arrival="12:58" departure="12:58">Liakroken</stop>
    <stop arrival="12:59" departure="12:59">Industrihuset</stop>
    <stop arrival="13:00" departure="13:00">Gullgruven</stop>
    <stop arrival="13:02" departure="13:02">Nyborg</stop>
    <stop arrival="13:03" departure="13:03">Salhuskrysset</stop>
    <stop arrival="13:04" departure="13:04">Litleåskryss</stop>
    <stop arrival="13:04" departure="13:04">Rollandskrysset</stop>
    <stop arrival="13:05" departure="13:05">Åsane terminal</stop>
    <stop arrival="13:10" departure="13:10">Eidsvåg</stop>
    <stop arrival="13:12" departure="13:12">Handelshøyskolen</stop>
    <stop arrival="13:13" departure="13:13">Nyhavnsvei (Gamle Bergen)</stop>
    <stop arrival="13:15" departure="13:15">Munkebotten</stop>
    <stop arrival="13:16" departure="13:16">Ludebryggen</stop>
    <stop arrival="13:19" departure="13:19">Sandvikstorget</stop>
    <stop arrival="13:21" departure="13:21">Skutevikstorget</stop>
    <stop arrival="13:22" departure="13:22">Bontelabo</stop>
    <stop arrival="13:23" departure="13:23">Slottsgaten</stop>
    <stop arrival="13:24" departure="13:24">Bryggen</stop>
    <stop arrival="13:25" departure="13:25">Olav Kyrres gate</stop>
    <stop arrival="13:30" departure="13:30">Bergen Busstasjon</stop>
    <stop arrival="13:33" departure="13:33">Gyldenpris</stop>
    <stop arrival="13:37" departure="13:37">Løvstakktunnelen</stop>
    <stop arrival="13:38" departure="13:38">Sikthaugen</stop>
    <stop arrival="13:40" departure="13:40">Lynghaug skole</stop>
    <stop arrival="13:41" departure="13:41">Dag Hammarskjølds vei</stop>
    <stop arrival="13:41" departure="13:41">Træet (Benshaugen)</stop>
    <stop arrival="13:42" departure="13:42">Hjalmar Brantings vei</stop>
    <stop arrival="13:43" departure="13:43">Sælemyr</stop>
    <stop arrival="13:44" departure="13:44">Lyshovden skole</stop>
    <stop arrival="13:44" departure="13:44">Ortustranden</stop>
    <stop arrival="13:45" departure="13:45">Smiberget</stop>
    <stop arrival="13:46" departure="13:46">Torgny Segersteds vei</stop>
    <stop arrival="13:47" departure="13:47">Sælen skole</stop>
    <stop arrival="13:49" departure="13:49">Skarphaugen</stop>
    <stop arrival="13:50">Oasen Terminal</stop>
  </route>
</routes>
