<?xml version="1.0" encoding="UTF-8"?>
<routes>
  <route no="630" destination="Halhjemsmarka" url="http://www.web2051.no/bin/tp/zuginfo.exe/on/621003/212907/152070/130967/1/" trafficDays="kjører Ma - Fr, ikke 13., 17., 24. Mai">
    <stop departure="12:10" routeNo="630">Os - Osøyro</stop>
    <stop arrival="12:11" departure="12:11">Mobergsbakken</stop>
    <stop arrival="12:12" departure="12:12">Moberg</stop>
    <stop arrival="12:13" departure="12:13">Mobergslien</stop>
    <stop arrival="12:14" departure="12:14">Trolldalen (Os)</stop>
    <stop arrival="12:15" departure="12:15">Lekven</stop>
    <stop arrival="12:16" departure="12:16">Lunde (Halhjemsvn.)</stop>
    <stop arrival="12:17" departure="12:17">Nesjabuen</stop>
    <stop arrival="12:18" departure="12:18">Haugland (Os)</stop>
    <stop arrival="12:19" departure="12:19">Halhjem kafe</stop>
    <stop arrival="12:20" departure="12:20">Halhjem</stop>
    <stop arrival="12:21" departure="12:21">Vernøy</stop>
    <stop arrival="12:23" departure="12:23">Auredalen</stop>
    <stop arrival="12:25">Halhjemsmarka</stop>
  </route>
  <route no="630" destination="Halhjemsmarka" url="http://www.web2051.no/bin/tp/zuginfo.exe/on/476292/164670/327042/4758/1/" trafficDays="kjører Ma - Fr, ikke 13., 17., 24. Mai">
    <stop departure="12:10" routeNo="630">Os - Osøyro</stop>
    <stop arrival="12:11" departure="12:11">Mobergsbakken</stop>
    <stop arrival="12:12" departure="12:12">Moberg</stop>
    <stop arrival="12:13" departure="12:13">Mobergslien</stop>
    <stop arrival="12:14" departure="12:14">Trolldalen (Os)</stop>
    <stop arrival="12:15" departure="12:15">Lekven</stop>
    <stop arrival="12:16" departure="12:16">Lunde (Halhjemsvn.)</stop>
    <stop arrival="12:17" departure="12:17">Nesjabuen</stop>
    <stop arrival="12:18" departure="12:18">Haugland (Os)</stop>
    <stop arrival="12:19" departure="12:19">Halhjem kafe</stop>
    <stop arrival="12:20" departure="12:20">Halhjem</stop>
    <stop arrival="12:21" departure="12:21">Vernøy</stop>
    <stop arrival="12:23" departure="12:23">Auredalen</stop>
    <stop arrival="12:25">Halhjemsmarka</stop>
  </route>
  <route no="630" destination="Os - Osøyro" url="http://www.web2051.no/bin/tp/zuginfo.exe/on/500091/172564/584786/125698/1/" trafficDays="kjører Sø, også 1., 13., 17., 24. Mai">
    <stop departure="12:00" routeNo="630">Halhjemsmarka</stop>
    <stop arrival="12:02" departure="12:02">Auredalen</stop>
    <stop arrival="12:03" departure="12:03">Vernøy</stop>
    <stop arrival="12:05" departure="12:05">Halhjem</stop>
    <stop arrival="12:06" departure="12:06">Halhjem kafe</stop>
    <stop arrival="12:07" departure="12:07">Haugland (Os)</stop>
    <stop arrival="12:08" departure="12:08">Nesjabuen</stop>
    <stop arrival="12:09" departure="12:09">Lekven</stop>
    <stop arrival="12:10" departure="12:10">Trolldalen (Os)</stop>
    <stop arrival="12:12" departure="12:12">Mobergslien</stop>
    <stop arrival="12:13" departure="12:13">Moberg</stop>
    <stop arrival="12:14" departure="12:14">Mobergsbakken</stop>
    <stop arrival="12:15" departure="12:15">Os kai</stop>
    <stop arrival="12:15">Os - Osøyro</stop>
  </route>
  <route no="630" destination="Os - Osøyro" url="http://www.web2051.no/bin/tp/zuginfo.exe/on/954255/323952/540030/48072/1/" trafficDays="kjører Sø, også 1., 13., 17., 24. Mai">
    <stop departure="12:00" routeNo="630">Halhjemsmarka</stop>
    <stop arrival="12:02" departure="12:02">Auredalen</stop>
    <stop arrival="12:03" departure="12:03">Vernøy</stop>
    <stop arrival="12:05" departure="12:05">Halhjem</stop>
    <stop arrival="12:06" departure="12:06">Halhjem kafe</stop>
    <stop arrival="12:07" departure="12:07">Haugland (Os)</stop>
    <stop arrival="12:08" departure="12:08">Nesjabuen</stop>
    <stop arrival="12:09" departure="12:09">Lekven</stop>
    <stop arrival="12:10" departure="12:10">Trolldalen (Os)</stop>
    <stop arrival="12:12" departure="12:12">Mobergslien</stop>
    <stop arrival="12:13" departure="12:13">Moberg</stop>
    <stop arrival="12:14" departure="12:14">Mobergsbakken</stop>
    <stop arrival="12:15" departure="12:15">Os kai</stop>
    <stop arrival="12:15">Os - Osøyro</stop>
  </route>
  <route no="630" destination="Halhjemsmarka" url="http://www.web2051.no/bin/tp/zuginfo.exe/on/957606/325108/702180/31889/1/" trafficDays="kjører Ma - Fr, ikke 13., 17., 24. Mai">
    <stop departure="12:10" routeNo="630">Os - Osøyro</stop>
    <stop arrival="12:11" departure="12:11">Mobergsbakken</stop>
    <stop arrival="12:12" departure="12:12">Moberg</stop>
    <stop arrival="12:13" departure="12:13">Mobergslien</stop>
    <stop arrival="12:14" departure="12:14">Trolldalen (Os)</stop>
    <stop arrival="12:15" departure="12:15">Lekven</stop>
    <stop arrival="12:16" departure="12:16">Lunde (Halhjemsvn.)</stop>
    <stop arrival="12:17" departure="12:17">Nesjabuen</stop>
    <stop arrival="12:18" departure="12:18">Haugland (Os)</stop>
    <stop arrival="12:19" departure="12:19">Halhjem kafe</stop>
    <stop arrival="12:20" departure="12:20">Halhjem</stop>
    <stop arrival="12:21" departure="12:21">Vernøy</stop>
    <stop arrival="12:23" departure="12:23">Auredalen</stop>
    <stop arrival="12:25">Halhjemsmarka</stop>
  </route>
  <route no="630" destination="Os - Osøyro" url="http://www.web2051.no/bin/tp/zuginfo.exe/on/78549/32050/563550/255594/1/" trafficDays="kjører Sø, også 1., 13., 17., 24. Mai">
    <stop departure="12:00" routeNo="630">Halhjemsmarka</stop>
    <stop arrival="12:02" departure="12:02">Auredalen</stop>
    <stop arrival="12:03" departure="12:03">Vernøy</stop>
    <stop arrival="12:05" departure="12:05">Halhjem</stop>
    <stop arrival="12:06" departure="12:06">Halhjem kafe</stop>
    <stop arrival="12:07" departure="12:07">Haugland (Os)</stop>
    <stop arrival="12:08" departure="12:08">Nesjabuen</stop>
    <stop arrival="12:09" departure="12:09">Lekven</stop>
    <stop arrival="12:10" departure="12:10">Trolldalen (Os)</stop>
    <stop arrival="12:12" departure="12:12">Mobergslien</stop>
    <stop arrival="12:13" departure="12:13">Moberg</stop>
    <stop arrival="12:14" departure="12:14">Mobergsbakken</stop>
    <stop arrival="12:15" departure="12:15">Os kai</stop>
    <stop arrival="12:15">Os - Osøyro</stop>
  </route>
  <route no="630" destination="Halhjemsmarka" url="http://www.web2051.no/bin/tp/zuginfo.exe/on/559374/192346/16148/178385/1/" trafficDays="kjører Lø, ikke 1. Mai">
    <stop departure="12:15" routeNo="630">Os - Osøyro</stop>
    <stop arrival="12:16" departure="12:16">Mobergsbakken</stop>
    <stop arrival="12:17" departure="12:17">Moberg</stop>
    <stop arrival="12:18" departure="12:18">Mobergslien</stop>
    <stop arrival="12:19" departure="12:19">Trolldalen (Os)</stop>
    <stop arrival="12:20" departure="12:20">Lekven</stop>
    <stop arrival="12:21" departure="12:21">Lunde (Halhjemsvn.)</stop>
    <stop arrival="12:22" departure="12:22">Nesjabuen</stop>
    <stop arrival="12:23" departure="12:23">Haugland (Os)</stop>
    <stop arrival="12:24" departure="12:24">Halhjem kafe</stop>
    <stop arrival="12:25" departure="12:25">Halhjem</stop>
    <stop arrival="12:26" departure="12:26">Vernøy</stop>
    <stop arrival="12:28" departure="12:28">Auredalen</stop>
    <stop arrival="12:30">Halhjemsmarka</stop>
  </route>
  <route no="630" destination="Halhjemsmarka" url="http://www.web2051.no/bin/tp/zuginfo.exe/on/390531/136065/207712/26322/1/" trafficDays="kjører Lø, ikke 1. Mai">
    <stop departure="12:15" routeNo="630">Os - Osøyro</stop>
    <stop arrival="12:16" departure="12:16">Mobergsbakken</stop>
    <stop arrival="12:17" departure="12:17">Moberg</stop>
    <stop arrival="12:18" departure="12:18">Mobergslien</stop>
    <stop arrival="12:19" departure="12:19">Trolldalen (Os)</stop>
    <stop arrival="12:20" departure="12:20">Lekven</stop>
    <stop arrival="12:21" departure="12:21">Lunde (Halhjemsvn.)</stop>
    <stop arrival="12:22" departure="12:22">Nesjabuen</stop>
    <stop arrival="12:23" departure="12:23">Haugland (Os)</stop>
    <stop arrival="12:24" departure="12:24">Halhjem kafe</stop>
    <stop arrival="12:25" departure="12:25">Halhjem</stop>
    <stop arrival="12:26" departure="12:26">Vernøy</stop>
    <stop arrival="12:28" departure="12:28">Auredalen</stop>
    <stop arrival="12:30">Halhjemsmarka</stop>
  </route>
  <route no="630" destination="Halhjemsmarka" url="http://www.web2051.no/bin/tp/zuginfo.exe/on/951327/322997/820862/93323/1/" trafficDays="kjører Lø, ikke 1. Mai">
    <stop departure="12:15" routeNo="630">Os - Osøyro</stop>
    <stop arrival="12:16" departure="12:16">Mobergsbakken</stop>
    <stop arrival="12:17" departure="12:17">Moberg</stop>
    <stop arrival="12:18" departure="12:18">Mobergslien</stop>
    <stop arrival="12:19" departure="12:19">Trolldalen (Os)</stop>
    <stop arrival="12:20" departure="12:20">Lekven</stop>
    <stop arrival="12:21" departure="12:21">Lunde (Halhjemsvn.)</stop>
    <stop arrival="12:22" departure="12:22">Nesjabuen</stop>
    <stop arrival="12:23" departure="12:23">Haugland (Os)</stop>
    <stop arrival="12:24" departure="12:24">Halhjem kafe</stop>
    <stop arrival="12:25" departure="12:25">Halhjem</stop>
    <stop arrival="12:26" departure="12:26">Vernøy</stop>
    <stop arrival="12:28" departure="12:28">Auredalen</stop>
    <stop arrival="12:30">Halhjemsmarka</stop>
  </route>
  <route no="630" destination="Halhjemsmarka" url="http://www.web2051.no/bin/tp/zuginfo.exe/on/579687/199098/744940/179242/1/" trafficDays="kjører Sø, også 1., 13., 17., 24. Mai">
    <stop departure="12:40" routeNo="630">Os - Osøyro</stop>
    <stop arrival="12:41" departure="12:41">Mobergsbakken</stop>
    <stop arrival="12:42" departure="12:42">Moberg</stop>
    <stop arrival="12:43" departure="12:43">Mobergslien</stop>
    <stop arrival="12:44" departure="12:44">Trolldalen (Os)</stop>
    <stop arrival="12:45" departure="12:45">Lekven</stop>
    <stop arrival="12:46" departure="12:46">Lunde (Halhjemsvn.)</stop>
    <stop arrival="12:47" departure="12:47">Nesjabuen</stop>
    <stop arrival="12:48" departure="12:48">Haugland (Os)</stop>
    <stop arrival="12:49" departure="12:49">Halhjem kafe</stop>
    <stop arrival="12:50" departure="12:50">Halhjem</stop>
    <stop arrival="12:51" departure="12:51">Vernøy</stop>
    <stop arrival="12:53" departure="12:53">Auredalen</stop>
    <stop arrival="12:55">Halhjemsmarka</stop>
  </route>
  <route no="630" destination="Halhjemsmarka" url="http://www.web2051.no/bin/tp/zuginfo.exe/on/494166/170591/373494/22026/1/" trafficDays="kjører Sø, også 1., 13., 17., 24. Mai">
    <stop departure="12:40" routeNo="630">Os - Osøyro</stop>
    <stop arrival="12:41" departure="12:41">Mobergsbakken</stop>
    <stop arrival="12:42" departure="12:42">Moberg</stop>
    <stop arrival="12:43" departure="12:43">Mobergslien</stop>
    <stop arrival="12:44" departure="12:44">Trolldalen (Os)</stop>
    <stop arrival="12:45" departure="12:45">Lekven</stop>
    <stop arrival="12:46" departure="12:46">Lunde (Halhjemsvn.)</stop>
    <stop arrival="12:47" departure="12:47">Nesjabuen</stop>
    <stop arrival="12:48" departure="12:48">Haugland (Os)</stop>
    <stop arrival="12:49" departure="12:49">Halhjem kafe</stop>
    <stop arrival="12:50" departure="12:50">Halhjem</stop>
    <stop arrival="12:51" departure="12:51">Vernøy</stop>
    <stop arrival="12:53" departure="12:53">Auredalen</stop>
    <stop arrival="12:55">Halhjemsmarka</stop>
  </route>
  <route no="630" destination="Os - Osøyro" url="http://www.web2051.no/bin/tp/zuginfo.exe/on/602487/206719/999178/298760/1/" trafficDays="kjører Ma - Lø, ikke 1., 13., 17., 24. Mai">
    <stop departure="12:30" routeNo="630">Halhjemsmarka</stop>
    <stop arrival="12:32" departure="12:32">Auredalen</stop>
    <stop arrival="12:33" departure="12:33">Vernøy</stop>
    <stop arrival="12:35" departure="12:35">Halhjem</stop>
    <stop arrival="12:36" departure="12:36">Halhjem kafe</stop>
    <stop arrival="12:37" departure="12:37">Haugland (Os)</stop>
    <stop arrival="12:38" departure="12:38">Nesjabuen</stop>
    <stop arrival="12:39" departure="12:39">Lekven</stop>
    <stop arrival="12:40" departure="12:40">Trolldalen (Os)</stop>
    <stop arrival="12:42" departure="12:42">Mobergslien</stop>
    <stop arrival="12:43" departure="12:43">Moberg</stop>
    <stop arrival="12:44" departure="12:44">Mobergsbakken</stop>
    <stop arrival="12:45" departure="12:45">Os kai</stop>
    <stop arrival="12:45">Os - Osøyro</stop>
  </route>
  <route no="630" destination="Os - Osøyro" url="http://www.web2051.no/bin/tp/zuginfo.exe/on/931326/316332/399762/110561/1/" trafficDays="kjører Ma - Lø, ikke 1., 13., 17., 24. Mai">
    <stop departure="12:30" routeNo="630">Halhjemsmarka</stop>
    <stop arrival="12:32" departure="12:32">Auredalen</stop>
    <stop arrival="12:33" departure="12:33">Vernøy</stop>
    <stop arrival="12:35" departure="12:35">Halhjem</stop>
    <stop arrival="12:36" departure="12:36">Halhjem kafe</stop>
    <stop arrival="12:37" departure="12:37">Haugland (Os)</stop>
    <stop arrival="12:38" departure="12:38">Nesjabuen</stop>
    <stop arrival="12:39" departure="12:39">Lekven</stop>
    <stop arrival="12:40" departure="12:40">Trolldalen (Os)</stop>
    <stop arrival="12:42" departure="12:42">Mobergslien</stop>
    <stop arrival="12:43" departure="12:43">Moberg</stop>
    <stop arrival="12:44" departure="12:44">Mobergsbakken</stop>
    <stop arrival="12:45" departure="12:45">Os kai</stop>
    <stop arrival="12:45">Os - Osøyro</stop>
  </route>
  <route no="630" destination="Halhjemsmarka" url="http://www.web2051.no/bin/tp/zuginfo.exe/on/913635/310414/401874/103609/1/" trafficDays="kjører Sø, også 1., 13., 17., 24. Mai">
    <stop departure="12:40" routeNo="630">Os - Osøyro</stop>
    <stop arrival="12:41" departure="12:41">Mobergsbakken</stop>
    <stop arrival="12:42" departure="12:42">Moberg</stop>
    <stop arrival="12:43" departure="12:43">Mobergslien</stop>
    <stop arrival="12:44" departure="12:44">Trolldalen (Os)</stop>
    <stop arrival="12:45" departure="12:45">Lekven</stop>
    <stop arrival="12:46" departure="12:46">Lunde (Halhjemsvn.)</stop>
    <stop arrival="12:47" departure="12:47">Nesjabuen</stop>
    <stop arrival="12:48" departure="12:48">Haugland (Os)</stop>
    <stop arrival="12:49" departure="12:49">Halhjem kafe</stop>
    <stop arrival="12:50" departure="12:50">Halhjem</stop>
    <stop arrival="12:51" departure="12:51">Vernøy</stop>
    <stop arrival="12:53" departure="12:53">Auredalen</stop>
    <stop arrival="12:55">Halhjemsmarka</stop>
  </route>
  <route no="630" destination="Os - Osøyro" url="http://www.web2051.no/bin/tp/zuginfo.exe/on/664497/227389/636800/96901/1/" trafficDays="kjører Ma - Lø, ikke 1., 13., 17., 24. Mai">
    <stop departure="12:30" routeNo="630">Halhjemsmarka</stop>
    <stop arrival="12:32" departure="12:32">Auredalen</stop>
    <stop arrival="12:33" departure="12:33">Vernøy</stop>
    <stop arrival="12:35" departure="12:35">Halhjem</stop>
    <stop arrival="12:36" departure="12:36">Halhjem kafe</stop>
    <stop arrival="12:37" departure="12:37">Haugland (Os)</stop>
    <stop arrival="12:38" departure="12:38">Nesjabuen</stop>
    <stop arrival="12:39" departure="12:39">Lekven</stop>
    <stop arrival="12:40" departure="12:40">Trolldalen (Os)</stop>
    <stop arrival="12:42" departure="12:42">Mobergslien</stop>
    <stop arrival="12:43" departure="12:43">Moberg</stop>
    <stop arrival="12:44" departure="12:44">Mobergsbakken</stop>
    <stop arrival="12:45" departure="12:45">Os kai</stop>
    <stop arrival="12:45">Os - Osøyro</stop>
  </route>
  <route no="612" destination="Os - Osøyro" url="http://www.web2051.no/bin/tp/zuginfo.exe/on/792654/269879/89480/219479/1/" trafficDays="kjører Ma - Fr, ikke 13., 17., 24. Mai">
    <stop departure="12:30" routeNo="612">Os - Osøyro</stop>
    <stop arrival="12:31" departure="12:31">Fjellheim</stop>
    <stop arrival="12:32" departure="12:32">Kuven</stop>
    <stop arrival="12:33" departure="12:33">Flåten (Os)</stop>
    <stop arrival="12:34" departure="12:34">Flåten Senter</stop>
    <stop arrival="12:35" departure="12:35">Tøsdalskiftet</stop>
    <stop arrival="12:37" departure="12:37">Os Vidaregåande skule</stop>
    <stop arrival="12:38" departure="12:38">Ulvensletta</stop>
    <stop arrival="12:39" departure="12:39">Vaksinen</stop>
    <stop arrival="12:40" departure="12:40">Ådnadalen</stop>
    <stop arrival="12:41" departure="12:41">Irgenskryss</stop>
    <stop arrival="12:41" departure="12:41">Hagevik 1</stop>
    <stop arrival="12:42" departure="12:42">Hagevik 2</stop>
    <stop arrival="12:42" departure="12:42">Hagavik (Hovland - Os)</stop>
    <stop arrival="12:42" departure="12:42">Hagavik (Hovland - Os)</stop>
    <stop arrival="12:43" departure="12:43">Hagevik 2</stop>
    <stop arrival="12:43" departure="12:43">Hagevik 1</stop>
    <stop arrival="12:44" departure="12:44">Irgenskryss</stop>
    <stop arrival="12:45" departure="12:45">Nore Neset skule</stop>
    <stop arrival="12:46" departure="12:46">Skeie (Os)</stop>
    <stop arrival="12:47" departure="12:47">Grindevoll snuplass</stop>
    <stop arrival="12:48" departure="12:48">Grindevoll</stop>
    <stop arrival="12:48" departure="12:48">Thuen</stop>
    <stop arrival="12:51" departure="12:51">Thuen Bedehuset</stop>
    <stop arrival="12:54" departure="12:54">Mobergslien</stop>
    <stop arrival="12:55" departure="12:55">Moberg</stop>
    <stop arrival="12:56" departure="12:56">Mobergsbakken</stop>
    <stop arrival="12:57" departure="12:57">Os kai</stop>
    <stop arrival="12:57">Os - Osøyro</stop>
  </route>
  <route no="612" destination="Os - Osøyro" url="http://www.web2051.no/bin/tp/zuginfo.exe/on/261594/92859/861200/343403/1/" trafficDays="kjører Ma - Fr, ikke 13., 17., 24. Mai">
    <stop departure="12:30" routeNo="612">Os - Osøyro</stop>
    <stop arrival="12:31" departure="12:31">Fjellheim</stop>
    <stop arrival="12:32" departure="12:32">Kuven</stop>
    <stop arrival="12:33" departure="12:33">Flåten (Os)</stop>
    <stop arrival="12:34" departure="12:34">Flåten Senter</stop>
    <stop arrival="12:35" departure="12:35">Tøsdalskiftet</stop>
    <stop arrival="12:37" departure="12:37">Os Vidaregåande skule</stop>
    <stop arrival="12:38" departure="12:38">Ulvensletta</stop>
    <stop arrival="12:39" departure="12:39">Vaksinen</stop>
    <stop arrival="12:40" departure="12:40">Ådnadalen</stop>
    <stop arrival="12:41" departure="12:41">Irgenskryss</stop>
    <stop arrival="12:41" departure="12:41">Hagevik 1</stop>
    <stop arrival="12:42" departure="12:42">Hagevik 2</stop>
    <stop arrival="12:42" departure="12:42">Hagavik (Hovland - Os)</stop>
    <stop arrival="12:42" departure="12:42">Hagavik (Hovland - Os)</stop>
    <stop arrival="12:43" departure="12:43">Hagevik 2</stop>
    <stop arrival="12:43" departure="12:43">Hagevik 1</stop>
    <stop arrival="12:44" departure="12:44">Irgenskryss</stop>
    <stop arrival="12:45" departure="12:45">Nore Neset skule</stop>
    <stop arrival="12:46" departure="12:46">Skeie (Os)</stop>
    <stop arrival="12:47" departure="12:47">Grindevoll snuplass</stop>
    <stop arrival="12:48" departure="12:48">Grindevoll</stop>
    <stop arrival="12:48" departure="12:48">Thuen</stop>
    <stop arrival="12:51" departure="12:51">Thuen Bedehuset</stop>
    <stop arrival="12:54" departure="12:54">Mobergslien</stop>
    <stop arrival="12:55" departure="12:55">Moberg</stop>
    <stop arrival="12:56" departure="12:56">Mobergsbakken</stop>
    <stop arrival="12:57" departure="12:57">Os kai</stop>
    <stop arrival="12:57">Os - Osøyro</stop>
  </route>
  <route no="612" destination="Os - Osøyro" url="http://www.web2051.no/bin/tp/zuginfo.exe/on/190164/69049/938952/406089/1/" trafficDays="kjører Ma - Fr, ikke 13., 17., 24. Mai">
    <stop departure="12:30" routeNo="612">Os - Osøyro</stop>
    <stop arrival="12:31" departure="12:31">Fjellheim</stop>
    <stop arrival="12:32" departure="12:32">Kuven</stop>
    <stop arrival="12:33" departure="12:33">Flåten (Os)</stop>
    <stop arrival="12:34" departure="12:34">Flåten Senter</stop>
    <stop arrival="12:35" departure="12:35">Tøsdalskiftet</stop>
    <stop arrival="12:37" departure="12:37">Os Vidaregåande skule</stop>
    <stop arrival="12:38" departure="12:38">Ulvensletta</stop>
    <stop arrival="12:39" departure="12:39">Vaksinen</stop>
    <stop arrival="12:40" departure="12:40">Ådnadalen</stop>
    <stop arrival="12:41" departure="12:41">Irgenskryss</stop>
    <stop arrival="12:41" departure="12:41">Hagevik 1</stop>
    <stop arrival="12:42" departure="12:42">Hagevik 2</stop>
    <stop arrival="12:42" departure="12:42">Hagavik (Hovland - Os)</stop>
    <stop arrival="12:42" departure="12:42">Hagavik (Hovland - Os)</stop>
    <stop arrival="12:43" departure="12:43">Hagevik 2</stop>
    <stop arrival="12:43" departure="12:43">Hagevik 1</stop>
    <stop arrival="12:44" departure="12:44">Irgenskryss</stop>
    <stop arrival="12:45" departure="12:45">Nore Neset skule</stop>
    <stop arrival="12:46" departure="12:46">Skeie (Os)</stop>
    <stop arrival="12:47" departure="12:47">Grindevoll snuplass</stop>
    <stop arrival="12:48" departure="12:48">Grindevoll</stop>
    <stop arrival="12:48" departure="12:48">Thuen</stop>
    <stop arrival="12:51" departure="12:51">Thuen Bedehuset</stop>
    <stop arrival="12:54" departure="12:54">Mobergslien</stop>
    <stop arrival="12:55" departure="12:55">Moberg</stop>
    <stop arrival="12:56" departure="12:56">Mobergsbakken</stop>
    <stop arrival="12:57" departure="12:57">Os kai</stop>
    <stop arrival="12:57">Os - Osøyro</stop>
  </route>
</routes>
