<?xml version="1.0" encoding="UTF-8"?>
<routes>
  <route no="90" destination="Salhus kai" url="http://www.web2051.no/bin/tp/zuginfo.exe/on/197817/70788/131858/10/1/" trafficDays="kjører Sø, også 1., 13., 17., 24. Mai">
    <stop departure="11:05" routeNo="90">Sletten (Bergen)</stop>
    <stop arrival="11:07" departure="11:07">Johan Hjorts vei</stop>
    <stop arrival="11:08" departure="11:08">Bergenshallen</stop>
    <stop arrival="11:09" departure="11:09">Sletten Shoppingsenter</stop>
    <stop arrival="11:10" departure="11:10">Fageråsen</stop>
    <stop arrival="11:11" departure="11:11">Hagerups vei</stop>
    <stop arrival="11:12" departure="11:12">Natlandsv. v/Hagerupsvei</stop>
    <stop arrival="11:13" departure="11:13">Langhaugen</stop>
    <stop arrival="11:14" departure="11:14">Fridalen</stop>
    <stop arrival="11:15" departure="11:15">Haukelandsveien</stop>
    <stop arrival="11:16" departure="11:16">Ibsens gate /Haukeland sykehus</stop>
    <stop arrival="11:18" departure="11:18">Bjørnsons gate</stop>
    <stop arrival="11:20" departure="11:20">Årstad VGS</stop>
    <stop arrival="11:22" departure="11:22">Danmarksplass v/Forum kino</stop>
    <stop arrival="11:28" departure="11:28">Bergen Busstasjon</stop>
    <stop arrival="11:30" departure="11:30">Christies gate (Festplassen)</stop>
    <stop arrival="11:33" departure="11:33">Torget (Bergen)</stop>
    <stop arrival="11:34" departure="11:34">Bryggen</stop>
    <stop arrival="11:34" departure="11:34">Slottsgaten</stop>
    <stop arrival="11:35" departure="11:35">Bontelabo</stop>
    <stop arrival="11:36" departure="11:36">Skutevikstorget</stop>
    <stop arrival="11:36" departure="11:36">Sjøgaten</stop>
    <stop arrival="11:37" departure="11:37">Sandvikstorget</stop>
    <stop arrival="11:38" departure="11:38">Ludebryggen</stop>
    <stop arrival="11:38" departure="11:38">Munkebotten</stop>
    <stop arrival="11:40" departure="11:40">Nyhavnsvei (Gamle Bergen)</stop>
    <stop arrival="11:41" departure="11:41">Handelshøyskolen</stop>
    <stop arrival="11:43" departure="11:43">Eidsvåg</stop>
    <stop arrival="11:48" departure="11:48">Åsane terminal</stop>
    <stop arrival="11:49" departure="11:49">Åsane Brannstasjon</stop>
    <stop arrival="11:50" departure="11:50">Flatevad</stop>
    <stop arrival="11:51" departure="11:51">Spondalen</stop>
    <stop arrival="11:51" departure="11:51">Torvbakken</stop>
    <stop arrival="11:52" departure="11:52">Morvikbotn</stop>
    <stop arrival="11:53" departure="11:53">Viddalen</stop>
    <stop arrival="11:54" departure="11:54">Bakketoppen, Morvik</stop>
    <stop arrival="11:56" departure="11:56">Kollbudalen</stop>
    <stop arrival="11:57" departure="11:57">Saudalen</stop>
    <stop arrival="11:58" departure="11:58">Saudalskleivane</stop>
    <stop arrival="11:59" departure="11:59">Lokketodalen</stop>
    <stop arrival="12:00" departure="12:00">Slettestølen</stop>
    <stop arrival="12:01" departure="12:01">Marikollen</stop>
    <stop arrival="12:02" departure="12:02">Toppe</stop>
    <stop arrival="12:03" departure="12:03">Støbotn snuplass</stop>
    <stop arrival="12:04" departure="12:04">Matre</stop>
    <stop arrival="12:05" departure="12:05">Kistebakkane</stop>
    <stop arrival="12:07" departure="12:07">Nygård, Salhus</stop>
    <stop arrival="12:07" departure="12:07">Langeland (Åsane)</stop>
    <stop arrival="12:08">Salhus kai</stop>
  </route>
  <route no="90" destination="Sletten (Bergen)" url="http://www.web2051.no/bin/tp/zuginfo.exe/on/758772/257843/610248/52209/1/" trafficDays="kjører Ma - Fr, ikke 13., 17., 24. Mai">
    <stop departure="12:00" routeNo="90">Støbotn snuplass</stop>
    <stop arrival="12:01" departure="12:01">Toppe</stop>
    <stop arrival="12:02" departure="12:02">Marikollen</stop>
    <stop arrival="12:02" departure="12:02">Slettestølen</stop>
    <stop arrival="12:03" departure="12:03">Lokketodalen</stop>
    <stop arrival="12:04" departure="12:04">Saudalskleivane</stop>
    <stop arrival="12:06" departure="12:06">Kollbudalen</stop>
    <stop arrival="12:07" departure="12:07">Bakketoppen, Morvik</stop>
    <stop arrival="12:08" departure="12:08">Viddalen</stop>
    <stop arrival="12:10" departure="12:10">Morvikbotn</stop>
    <stop arrival="12:11" departure="12:11">Torvbakken</stop>
    <stop arrival="12:12" departure="12:12">Spondalen</stop>
    <stop arrival="12:13" departure="12:13">Flatevad</stop>
    <stop arrival="12:14" departure="12:14">Åsane Brannstasjon</stop>
    <stop arrival="12:15" departure="12:15">Åsane terminal</stop>
    <stop arrival="12:20" departure="12:20">Eidsvåg</stop>
    <stop arrival="12:22" departure="12:22">Handelshøyskolen</stop>
    <stop arrival="12:24" departure="12:24">Nyhavnsvei (Gamle Bergen)</stop>
    <stop arrival="12:26" departure="12:26">Munkebotten</stop>
    <stop arrival="12:27" departure="12:27">Ludebryggen</stop>
    <stop arrival="12:28" departure="12:28">Sandvikstorget</stop>
    <stop arrival="12:30" departure="12:30">Skutevikstorget</stop>
    <stop arrival="12:31" departure="12:31">Bontelabo</stop>
    <stop arrival="12:32" departure="12:32">Slottsgaten</stop>
    <stop arrival="12:34" departure="12:34">Bryggen</stop>
    <stop arrival="12:35" departure="12:35">Olav Kyrres gate</stop>
    <stop arrival="12:40" departure="12:40">Bergen Busstasjon</stop>
    <stop arrival="12:46" departure="12:46">Danmarksplass/ Ibsens gt.</stop>
    <stop arrival="12:49" departure="12:49">Bjørnsons gate</stop>
    <stop arrival="12:52" departure="12:52">Haukelandsveien</stop>
    <stop arrival="12:53" departure="12:53">Fridalen</stop>
    <stop arrival="12:54" departure="12:54">Langhaugen</stop>
    <stop arrival="12:55" departure="12:55">Landåssvingen</stop>
    <stop arrival="12:56" departure="12:56">Hagerups vei</stop>
    <stop arrival="12:57" departure="12:57">Fageråsen</stop>
    <stop arrival="12:58" departure="12:58">Sletten Shoppingsenter</stop>
    <stop arrival="12:59" departure="12:59">Bergenshallen</stop>
    <stop arrival="13:00" departure="13:00">Johan Hjorts vei</stop>
    <stop arrival="13:02">Sletten (Bergen)</stop>
  </route>
  <route no="90" destination="Støbotn snuplass" url="http://www.web2051.no/bin/tp/zuginfo.exe/on/126450/47065/501972/208839/1/" trafficDays="kjører Ma - Fr, ikke 13., 17., 24. Mai">
    <stop departure="11:10" routeNo="90">Sletten (Bergen)</stop>
    <stop arrival="11:12" departure="11:12">Johan Hjorts vei</stop>
    <stop arrival="11:13" departure="11:13">Bergenshallen</stop>
    <stop arrival="11:14" departure="11:14">Sletten Shoppingsenter</stop>
    <stop arrival="11:15" departure="11:15">Fageråsen</stop>
    <stop arrival="11:16" departure="11:16">Hagerups vei</stop>
    <stop arrival="11:17" departure="11:17">Natlandsv. v/Hagerupsvei</stop>
    <stop arrival="11:18" departure="11:18">Langhaugen</stop>
    <stop arrival="11:19" departure="11:19">Fridalen</stop>
    <stop arrival="11:20" departure="11:20">Haukelandsveien</stop>
    <stop arrival="11:22" departure="11:22">Ibsens gate /Haukeland sykehus</stop>
    <stop arrival="11:24" departure="11:24">Bjørnsons gate</stop>
    <stop arrival="11:28" departure="11:28">Årstad VGS</stop>
    <stop arrival="11:29" departure="11:29">Danmarksplass v/Forum kino</stop>
    <stop arrival="11:33" departure="11:33">Bergen Busstasjon</stop>
    <stop arrival="11:35" departure="11:35">Christies gate (Festplassen)</stop>
    <stop arrival="11:38" departure="11:38">Torget (Bergen)</stop>
    <stop arrival="11:39" departure="11:39">Bryggen</stop>
    <stop arrival="11:39" departure="11:39">Slottsgaten</stop>
    <stop arrival="11:40" departure="11:40">Bontelabo</stop>
    <stop arrival="11:41" departure="11:41">Skutevikstorget</stop>
    <stop arrival="11:41" departure="11:41">Sjøgaten</stop>
    <stop arrival="11:42" departure="11:42">Sandvikstorget</stop>
    <stop arrival="11:43" departure="11:43">Ludebryggen</stop>
    <stop arrival="11:43" departure="11:43">Munkebotten</stop>
    <stop arrival="11:45" departure="11:45">Nyhavnsvei (Gamle Bergen)</stop>
    <stop arrival="11:46" departure="11:46">Handelshøyskolen</stop>
    <stop arrival="11:48" departure="11:48">Eidsvåg</stop>
    <stop arrival="11:53" departure="11:53">Åsane terminal</stop>
    <stop arrival="11:54" departure="11:54">Åsane Brannstasjon</stop>
    <stop arrival="11:55" departure="11:55">Flatevad</stop>
    <stop arrival="11:56" departure="11:56">Spondalen</stop>
    <stop arrival="11:56" departure="11:56">Torvbakken</stop>
    <stop arrival="11:57" departure="11:57">Morvikbotn</stop>
    <stop arrival="11:58" departure="11:58">Viddalen</stop>
    <stop arrival="11:59" departure="11:59">Bakketoppen, Morvik</stop>
    <stop arrival="12:01" departure="12:01">Kollbudalen</stop>
    <stop arrival="12:02" departure="12:02">Saudalen</stop>
    <stop arrival="12:03" departure="12:03">Saudalskleivane</stop>
    <stop arrival="12:04" departure="12:04">Lokketodalen</stop>
    <stop arrival="12:05" departure="12:05">Slettestølen</stop>
    <stop arrival="12:06" departure="12:06">Marikollen</stop>
    <stop arrival="12:07" departure="12:07">Toppe</stop>
    <stop arrival="12:08">Støbotn snuplass</stop>
  </route>
  <route no="90" destination="Sletten (Bergen)" url="http://www.web2051.no/bin/tp/zuginfo.exe/on/214032/76190/98264/22214/1/" trafficDays="kjører Sø, også 1., 13., 17., 24. Mai">
    <stop departure="12:10" routeNo="90">Salhus kai</stop>
    <stop arrival="12:10" departure="12:10">Langeland (Åsane)</stop>
    <stop arrival="12:11" departure="12:11">Nygård, Salhus</stop>
    <stop arrival="12:12" departure="12:12">Ranten</stop>
    <stop arrival="12:13" departure="12:13">Kistebakkane</stop>
    <stop arrival="12:14" departure="12:14">Matre</stop>
    <stop arrival="12:15" departure="12:15">Støbotn snuplass</stop>
    <stop arrival="12:16" departure="12:16">Toppe</stop>
    <stop arrival="12:17" departure="12:17">Marikollen</stop>
    <stop arrival="12:17" departure="12:17">Slettestølen</stop>
    <stop arrival="12:18" departure="12:18">Lokketodalen</stop>
    <stop arrival="12:19" departure="12:19">Saudalskleivane</stop>
    <stop arrival="12:21" departure="12:21">Kollbudalen</stop>
    <stop arrival="12:22" departure="12:22">Bakketoppen, Morvik</stop>
    <stop arrival="12:23" departure="12:23">Viddalen</stop>
    <stop arrival="12:25" departure="12:25">Morvikbotn</stop>
    <stop arrival="12:26" departure="12:26">Torvbakken</stop>
    <stop arrival="12:27" departure="12:27">Spondalen</stop>
    <stop arrival="12:28" departure="12:28">Flatevad</stop>
    <stop arrival="12:29" departure="12:29">Åsane Brannstasjon</stop>
    <stop arrival="12:30" departure="12:30">Åsane terminal</stop>
    <stop arrival="12:35" departure="12:35">Eidsvåg</stop>
    <stop arrival="12:37" departure="12:37">Handelshøyskolen</stop>
    <stop arrival="12:38" departure="12:38">Nyhavnsvei (Gamle Bergen)</stop>
    <stop arrival="12:40" departure="12:40">Munkebotten</stop>
    <stop arrival="12:41" departure="12:41">Ludebryggen</stop>
    <stop arrival="12:42" departure="12:42">Sandvikstorget</stop>
    <stop arrival="12:43" departure="12:43">Skutevikstorget</stop>
    <stop arrival="12:44" departure="12:44">Bontelabo</stop>
    <stop arrival="12:45" departure="12:45">Slottsgaten</stop>
    <stop arrival="12:46" departure="12:46">Bryggen</stop>
    <stop arrival="12:47" departure="12:47">Olav Kyrres gate</stop>
    <stop arrival="12:52" departure="12:52">Bergen Busstasjon</stop>
    <stop arrival="12:57" departure="12:57">Danmarksplass/ Ibsens gt.</stop>
    <stop arrival="13:00" departure="13:00">Bjørnsons gate</stop>
    <stop arrival="13:02" departure="13:02">Haukelandsveien</stop>
    <stop arrival="13:03" departure="13:03">Fridalen</stop>
    <stop arrival="13:04" departure="13:04">Langhaugen</stop>
    <stop arrival="13:05" departure="13:05">Landåssvingen</stop>
    <stop arrival="13:06" departure="13:06">Hagerups vei</stop>
    <stop arrival="13:07" departure="13:07">Fageråsen</stop>
    <stop arrival="13:08" departure="13:08">Sletten Shoppingsenter</stop>
    <stop arrival="13:09" departure="13:09">Bergenshallen</stop>
    <stop arrival="13:10" departure="13:10">Johan Hjorts vei</stop>
    <stop arrival="13:12">Sletten (Bergen)</stop>
  </route>
  <route no="90" destination="Sletten (Bergen)" url="http://www.web2051.no/bin/tp/zuginfo.exe/on/226995/80541/708074/278376/1/" trafficDays="kjører Lø, ikke 1. Mai">
    <stop departure="12:15" routeNo="90">Støbotn snuplass</stop>
    <stop arrival="12:16" departure="12:16">Toppe</stop>
    <stop arrival="12:17" departure="12:17">Marikollen</stop>
    <stop arrival="12:17" departure="12:17">Slettestølen</stop>
    <stop arrival="12:18" departure="12:18">Lokketodalen</stop>
    <stop arrival="12:19" departure="12:19">Saudalskleivane</stop>
    <stop arrival="12:21" departure="12:21">Kollbudalen</stop>
    <stop arrival="12:22" departure="12:22">Bakketoppen, Morvik</stop>
    <stop arrival="12:23" departure="12:23">Viddalen</stop>
    <stop arrival="12:25" departure="12:25">Morvikbotn</stop>
    <stop arrival="12:26" departure="12:26">Torvbakken</stop>
    <stop arrival="12:27" departure="12:27">Spondalen</stop>
    <stop arrival="12:28" departure="12:28">Flatevad</stop>
    <stop arrival="12:29" departure="12:29">Åsane Brannstasjon</stop>
    <stop arrival="12:30" departure="12:30">Åsane terminal</stop>
    <stop arrival="12:35" departure="12:35">Eidsvåg</stop>
    <stop arrival="12:37" departure="12:37">Handelshøyskolen</stop>
    <stop arrival="12:39" departure="12:39">Nyhavnsvei (Gamle Bergen)</stop>
    <stop arrival="12:41" departure="12:41">Munkebotten</stop>
    <stop arrival="12:42" departure="12:42">Ludebryggen</stop>
    <stop arrival="12:43" departure="12:43">Sandvikstorget</stop>
    <stop arrival="12:45" departure="12:45">Skutevikstorget</stop>
    <stop arrival="12:46" departure="12:46">Bontelabo</stop>
    <stop arrival="12:47" departure="12:47">Slottsgaten</stop>
    <stop arrival="12:49" departure="12:49">Bryggen</stop>
    <stop arrival="12:50" departure="12:50">Olav Kyrres gate</stop>
    <stop arrival="12:55" departure="12:55">Bergen Busstasjon</stop>
    <stop arrival="13:00" departure="13:00">Danmarksplass/ Ibsens gt.</stop>
    <stop arrival="13:03" departure="13:03">Bjørnsons gate</stop>
    <stop arrival="13:05" departure="13:05">Haukelandsveien</stop>
    <stop arrival="13:06" departure="13:06">Fridalen</stop>
    <stop arrival="13:07" departure="13:07">Langhaugen</stop>
    <stop arrival="13:08" departure="13:08">Landåssvingen</stop>
    <stop arrival="13:09" departure="13:09">Hagerups vei</stop>
    <stop arrival="13:10" departure="13:10">Fageråsen</stop>
    <stop arrival="13:11" departure="13:11">Sletten Shoppingsenter</stop>
    <stop arrival="13:12" departure="13:12">Bergenshallen</stop>
    <stop arrival="13:13" departure="13:13">Johan Hjorts vei</stop>
    <stop arrival="13:15">Sletten (Bergen)</stop>
  </route>
  <route no="90" destination="Sletten (Bergen)" url="http://www.web2051.no/bin/tp/zuginfo.exe/on/724875/246544/509480/13125/1/" trafficDays="kjører Ma - Fr, ikke 13., 17., 24. Mai">
    <stop departure="12:20" routeNo="90">Støbotn snuplass</stop>
    <stop arrival="12:21" departure="12:21">Toppe</stop>
    <stop arrival="12:22" departure="12:22">Marikollen</stop>
    <stop arrival="12:22" departure="12:22">Slettestølen</stop>
    <stop arrival="12:23" departure="12:23">Lokketodalen</stop>
    <stop arrival="12:24" departure="12:24">Saudalskleivane</stop>
    <stop arrival="12:26" departure="12:26">Kollbudalen</stop>
    <stop arrival="12:27" departure="12:27">Bakketoppen, Morvik</stop>
    <stop arrival="12:28" departure="12:28">Viddalen</stop>
    <stop arrival="12:30" departure="12:30">Morvikbotn</stop>
    <stop arrival="12:31" departure="12:31">Torvbakken</stop>
    <stop arrival="12:32" departure="12:32">Spondalen</stop>
    <stop arrival="12:33" departure="12:33">Flatevad</stop>
    <stop arrival="12:34" departure="12:34">Åsane Brannstasjon</stop>
    <stop arrival="12:35" departure="12:35">Åsane terminal</stop>
    <stop arrival="12:40" departure="12:40">Eidsvåg</stop>
    <stop arrival="12:42" departure="12:42">Handelshøyskolen</stop>
    <stop arrival="12:44" departure="12:44">Nyhavnsvei (Gamle Bergen)</stop>
    <stop arrival="12:46" departure="12:46">Munkebotten</stop>
    <stop arrival="12:47" departure="12:47">Ludebryggen</stop>
    <stop arrival="12:48" departure="12:48">Sandvikstorget</stop>
    <stop arrival="12:50" departure="12:50">Skutevikstorget</stop>
    <stop arrival="12:51" departure="12:51">Bontelabo</stop>
    <stop arrival="12:52" departure="12:52">Slottsgaten</stop>
    <stop arrival="12:54" departure="12:54">Bryggen</stop>
    <stop arrival="12:55" departure="12:55">Olav Kyrres gate</stop>
    <stop arrival="13:00" departure="13:00">Bergen Busstasjon</stop>
    <stop arrival="13:06" departure="13:06">Danmarksplass/ Ibsens gt.</stop>
    <stop arrival="13:09" departure="13:09">Bjørnsons gate</stop>
    <stop arrival="13:12" departure="13:12">Haukelandsveien</stop>
    <stop arrival="13:13" departure="13:13">Fridalen</stop>
    <stop arrival="13:14" departure="13:14">Langhaugen</stop>
    <stop arrival="13:15" departure="13:15">Landåssvingen</stop>
    <stop arrival="13:16" departure="13:16">Hagerups vei</stop>
    <stop arrival="13:17" departure="13:17">Fageråsen</stop>
    <stop arrival="13:18" departure="13:18">Sletten Shoppingsenter</stop>
    <stop arrival="13:19" departure="13:19">Bergenshallen</stop>
    <stop arrival="13:20" departure="13:20">Johan Hjorts vei</stop>
    <stop arrival="13:22">Sletten (Bergen)</stop>
  </route>
  <route no="90" destination="Støbotn snuplass" url="http://www.web2051.no/bin/tp/zuginfo.exe/on/42438/19062/354432/163073/1/" trafficDays="kjører Ma - Fr, ikke 13., 17., 24. Mai">
    <stop departure="11:30" routeNo="90">Sletten (Bergen)</stop>
    <stop arrival="11:32" departure="11:32">Johan Hjorts vei</stop>
    <stop arrival="11:33" departure="11:33">Bergenshallen</stop>
    <stop arrival="11:34" departure="11:34">Sletten Shoppingsenter</stop>
    <stop arrival="11:35" departure="11:35">Fageråsen</stop>
    <stop arrival="11:36" departure="11:36">Hagerups vei</stop>
    <stop arrival="11:37" departure="11:37">Natlandsv. v/Hagerupsvei</stop>
    <stop arrival="11:38" departure="11:38">Langhaugen</stop>
    <stop arrival="11:39" departure="11:39">Fridalen</stop>
    <stop arrival="11:40" departure="11:40">Haukelandsveien</stop>
    <stop arrival="11:42" departure="11:42">Ibsens gate /Haukeland sykehus</stop>
    <stop arrival="11:44" departure="11:44">Bjørnsons gate</stop>
    <stop arrival="11:48" departure="11:48">Årstad VGS</stop>
    <stop arrival="11:49" departure="11:49">Danmarksplass v/Forum kino</stop>
    <stop arrival="11:53" departure="11:53">Bergen Busstasjon</stop>
    <stop arrival="11:55" departure="11:55">Christies gate (Festplassen)</stop>
    <stop arrival="11:58" departure="11:58">Torget (Bergen)</stop>
    <stop arrival="11:59" departure="11:59">Bryggen</stop>
    <stop arrival="11:59" departure="11:59">Slottsgaten</stop>
    <stop arrival="12:00" departure="12:00">Bontelabo</stop>
    <stop arrival="12:01" departure="12:01">Skutevikstorget</stop>
    <stop arrival="12:01" departure="12:01">Sjøgaten</stop>
    <stop arrival="12:02" departure="12:02">Sandvikstorget</stop>
    <stop arrival="12:03" departure="12:03">Ludebryggen</stop>
    <stop arrival="12:03" departure="12:03">Munkebotten</stop>
    <stop arrival="12:05" departure="12:05">Nyhavnsvei (Gamle Bergen)</stop>
    <stop arrival="12:06" departure="12:06">Handelshøyskolen</stop>
    <stop arrival="12:08" departure="12:08">Eidsvåg</stop>
    <stop arrival="12:13" departure="12:13">Åsane terminal</stop>
    <stop arrival="12:14" departure="12:14">Åsane Brannstasjon</stop>
    <stop arrival="12:15" departure="12:15">Flatevad</stop>
    <stop arrival="12:16" departure="12:16">Spondalen</stop>
    <stop arrival="12:16" departure="12:16">Torvbakken</stop>
    <stop arrival="12:17" departure="12:17">Morvikbotn</stop>
    <stop arrival="12:18" departure="12:18">Viddalen</stop>
    <stop arrival="12:19" departure="12:19">Bakketoppen, Morvik</stop>
    <stop arrival="12:21" departure="12:21">Kollbudalen</stop>
    <stop arrival="12:22" departure="12:22">Saudalen</stop>
    <stop arrival="12:23" departure="12:23">Saudalskleivane</stop>
    <stop arrival="12:24" departure="12:24">Lokketodalen</stop>
    <stop arrival="12:25" departure="12:25">Slettestølen</stop>
    <stop arrival="12:26" departure="12:26">Marikollen</stop>
    <stop arrival="12:27" departure="12:27">Toppe</stop>
    <stop arrival="12:28">Støbotn snuplass</stop>
  </route>
  <route no="90" destination="Støbotn snuplass" url="http://www.web2051.no/bin/tp/zuginfo.exe/on/41367/18666/915410/443918/1/" trafficDays="kjører Lø, ikke 1. Mai">
    <stop departure="11:35" routeNo="90">Sletten (Bergen)</stop>
    <stop arrival="11:37" departure="11:37">Johan Hjorts vei</stop>
    <stop arrival="11:38" departure="11:38">Bergenshallen</stop>
    <stop arrival="11:39" departure="11:39">Sletten Shoppingsenter</stop>
    <stop arrival="11:40" departure="11:40">Fageråsen</stop>
    <stop arrival="11:41" departure="11:41">Hagerups vei</stop>
    <stop arrival="11:42" departure="11:42">Natlandsv. v/Hagerupsvei</stop>
    <stop arrival="11:43" departure="11:43">Langhaugen</stop>
    <stop arrival="11:44" departure="11:44">Fridalen</stop>
    <stop arrival="11:45" departure="11:45">Haukelandsveien</stop>
    <stop arrival="11:46" departure="11:46">Ibsens gate /Haukeland sykehus</stop>
    <stop arrival="11:48" departure="11:48">Bjørnsons gate</stop>
    <stop arrival="11:50" departure="11:50">Årstad VGS</stop>
    <stop arrival="11:51" departure="11:51">Danmarksplass v/Forum kino</stop>
    <stop arrival="11:55" departure="11:55">Bergen Busstasjon</stop>
    <stop arrival="11:58" departure="11:58">Christies gate (Festplassen)</stop>
    <stop arrival="12:01" departure="12:01">Torget (Bergen)</stop>
    <stop arrival="12:02" departure="12:02">Bryggen</stop>
    <stop arrival="12:02" departure="12:02">Slottsgaten</stop>
    <stop arrival="12:03" departure="12:03">Bontelabo</stop>
    <stop arrival="12:04" departure="12:04">Skutevikstorget</stop>
    <stop arrival="12:04" departure="12:04">Sjøgaten</stop>
    <stop arrival="12:05" departure="12:05">Sandvikstorget</stop>
    <stop arrival="12:06" departure="12:06">Ludebryggen</stop>
    <stop arrival="12:06" departure="12:06">Munkebotten</stop>
    <stop arrival="12:08" departure="12:08">Nyhavnsvei (Gamle Bergen)</stop>
    <stop arrival="12:09" departure="12:09">Handelshøyskolen</stop>
    <stop arrival="12:11" departure="12:11">Eidsvåg</stop>
    <stop arrival="12:16" departure="12:16">Åsane terminal</stop>
    <stop arrival="12:17" departure="12:17">Åsane Brannstasjon</stop>
    <stop arrival="12:18" departure="12:18">Flatevad</stop>
    <stop arrival="12:19" departure="12:19">Spondalen</stop>
    <stop arrival="12:19" departure="12:19">Torvbakken</stop>
    <stop arrival="12:20" departure="12:20">Morvikbotn</stop>
    <stop arrival="12:21" departure="12:21">Viddalen</stop>
    <stop arrival="12:22" departure="12:22">Bakketoppen, Morvik</stop>
    <stop arrival="12:24" departure="12:24">Kollbudalen</stop>
    <stop arrival="12:25" departure="12:25">Saudalen</stop>
    <stop arrival="12:26" departure="12:26">Saudalskleivane</stop>
    <stop arrival="12:27" departure="12:27">Lokketodalen</stop>
    <stop arrival="12:28" departure="12:28">Slettestølen</stop>
    <stop arrival="12:29" departure="12:29">Marikollen</stop>
    <stop arrival="12:30" departure="12:30">Toppe</stop>
    <stop arrival="12:31">Støbotn snuplass</stop>
  </route>
  <route no="90" destination="Støbotn snuplass" url="http://www.web2051.no/bin/tp/zuginfo.exe/on/18675/11075/972408/479979/1/" trafficDays="kjører Sø, også 1., 13., 17., 24. Mai">
    <stop departure="11:35" routeNo="90">Sletten (Bergen)</stop>
    <stop arrival="11:37" departure="11:37">Johan Hjorts vei</stop>
    <stop arrival="11:38" departure="11:38">Bergenshallen</stop>
    <stop arrival="11:39" departure="11:39">Sletten Shoppingsenter</stop>
    <stop arrival="11:40" departure="11:40">Fageråsen</stop>
    <stop arrival="11:41" departure="11:41">Hagerups vei</stop>
    <stop arrival="11:42" departure="11:42">Natlandsv. v/Hagerupsvei</stop>
    <stop arrival="11:43" departure="11:43">Langhaugen</stop>
    <stop arrival="11:44" departure="11:44">Fridalen</stop>
    <stop arrival="11:45" departure="11:45">Haukelandsveien</stop>
    <stop arrival="11:46" departure="11:46">Ibsens gate /Haukeland sykehus</stop>
    <stop arrival="11:48" departure="11:48">Bjørnsons gate</stop>
    <stop arrival="11:50" departure="11:50">Årstad VGS</stop>
    <stop arrival="11:52" departure="11:52">Danmarksplass v/Forum kino</stop>
    <stop arrival="11:58" departure="11:58">Bergen Busstasjon</stop>
    <stop arrival="12:00" departure="12:00">Christies gate (Festplassen)</stop>
    <stop arrival="12:03" departure="12:03">Torget (Bergen)</stop>
    <stop arrival="12:04" departure="12:04">Bryggen</stop>
    <stop arrival="12:04" departure="12:04">Slottsgaten</stop>
    <stop arrival="12:05" departure="12:05">Bontelabo</stop>
    <stop arrival="12:06" departure="12:06">Skutevikstorget</stop>
    <stop arrival="12:06" departure="12:06">Sjøgaten</stop>
    <stop arrival="12:07" departure="12:07">Sandvikstorget</stop>
    <stop arrival="12:08" departure="12:08">Ludebryggen</stop>
    <stop arrival="12:08" departure="12:08">Munkebotten</stop>
    <stop arrival="12:10" departure="12:10">Nyhavnsvei (Gamle Bergen)</stop>
    <stop arrival="12:11" departure="12:11">Handelshøyskolen</stop>
    <stop arrival="12:13" departure="12:13">Eidsvåg</stop>
    <stop arrival="12:16" departure="12:16">Tertneskrysset nyevegen</stop>
    <stop arrival="12:18" departure="12:18">Stamskaret</stop>
    <stop arrival="12:19" departure="12:19">Hesthaugen</stop>
    <stop arrival="12:20" departure="12:20">Åsane terminal</stop>
    <stop arrival="12:21" departure="12:21">Åsane Brannstasjon</stop>
    <stop arrival="12:22" departure="12:22">Flatevad</stop>
    <stop arrival="12:23" departure="12:23">Spondalen</stop>
    <stop arrival="12:23" departure="12:23">Torvbakken</stop>
    <stop arrival="12:24" departure="12:24">Morvikbotn</stop>
    <stop arrival="12:25" departure="12:25">Viddalen</stop>
    <stop arrival="12:26" departure="12:26">Bakketoppen, Morvik</stop>
    <stop arrival="12:28" departure="12:28">Kollbudalen</stop>
    <stop arrival="12:29" departure="12:29">Saudalen</stop>
    <stop arrival="12:30" departure="12:30">Saudalskleivane</stop>
    <stop arrival="12:31" departure="12:31">Lokketodalen</stop>
    <stop arrival="12:32" departure="12:32">Slettestølen</stop>
    <stop arrival="12:33" departure="12:33">Marikollen</stop>
    <stop arrival="12:34" departure="12:34">Toppe</stop>
    <stop arrival="12:35">Støbotn snuplass</stop>
  </route>
  <route no="90" destination="Sletten (Bergen)" url="http://www.web2051.no/bin/tp/zuginfo.exe/on/756552/257103/659914/77784/1/" trafficDays="kjører Ma - Fr, ikke 13., 17., 24. Mai">
    <stop departure="12:40" routeNo="90">Støbotn snuplass</stop>
    <stop arrival="12:41" departure="12:41">Toppe</stop>
    <stop arrival="12:42" departure="12:42">Marikollen</stop>
    <stop arrival="12:42" departure="12:42">Slettestølen</stop>
    <stop arrival="12:43" departure="12:43">Lokketodalen</stop>
    <stop arrival="12:44" departure="12:44">Saudalskleivane</stop>
    <stop arrival="12:46" departure="12:46">Kollbudalen</stop>
    <stop arrival="12:47" departure="12:47">Bakketoppen, Morvik</stop>
    <stop arrival="12:48" departure="12:48">Viddalen</stop>
    <stop arrival="12:50" departure="12:50">Morvikbotn</stop>
    <stop arrival="12:51" departure="12:51">Torvbakken</stop>
    <stop arrival="12:52" departure="12:52">Spondalen</stop>
    <stop arrival="12:53" departure="12:53">Flatevad</stop>
    <stop arrival="12:54" departure="12:54">Åsane Brannstasjon</stop>
    <stop arrival="12:55" departure="12:55">Åsane terminal</stop>
    <stop arrival="13:00" departure="13:00">Eidsvåg</stop>
    <stop arrival="13:02" departure="13:02">Handelshøyskolen</stop>
    <stop arrival="13:04" departure="13:04">Nyhavnsvei (Gamle Bergen)</stop>
    <stop arrival="13:06" departure="13:06">Munkebotten</stop>
    <stop arrival="13:07" departure="13:07">Ludebryggen</stop>
    <stop arrival="13:08" departure="13:08">Sandvikstorget</stop>
    <stop arrival="13:10" departure="13:10">Skutevikstorget</stop>
    <stop arrival="13:11" departure="13:11">Bontelabo</stop>
    <stop arrival="13:12" departure="13:12">Slottsgaten</stop>
    <stop arrival="13:14" departure="13:14">Bryggen</stop>
    <stop arrival="13:15" departure="13:15">Olav Kyrres gate</stop>
    <stop arrival="13:20" departure="13:20">Bergen Busstasjon</stop>
    <stop arrival="13:26" departure="13:26">Danmarksplass/ Ibsens gt.</stop>
    <stop arrival="13:29" departure="13:29">Bjørnsons gate</stop>
    <stop arrival="13:32" departure="13:32">Haukelandsveien</stop>
    <stop arrival="13:33" departure="13:33">Fridalen</stop>
    <stop arrival="13:34" departure="13:34">Langhaugen</stop>
    <stop arrival="13:35" departure="13:35">Landåssvingen</stop>
    <stop arrival="13:36" departure="13:36">Hagerups vei</stop>
    <stop arrival="13:37" departure="13:37">Fageråsen</stop>
    <stop arrival="13:38" departure="13:38">Sletten Shoppingsenter</stop>
    <stop arrival="13:39" departure="13:39">Bergenshallen</stop>
    <stop arrival="13:40" departure="13:40">Johan Hjorts vei</stop>
    <stop arrival="13:42">Sletten (Bergen)</stop>
  </route>
  <route no="90" destination="Støbotn snuplass" url="http://www.web2051.no/bin/tp/zuginfo.exe/on/750057/254940/916668/208315/1/" trafficDays="kjører Ma - Fr, ikke 13., 17., 24. Mai">
    <stop departure="11:50" routeNo="90">Sletten (Bergen)</stop>
    <stop arrival="11:52" departure="11:52">Johan Hjorts vei</stop>
    <stop arrival="11:53" departure="11:53">Bergenshallen</stop>
    <stop arrival="11:54" departure="11:54">Sletten Shoppingsenter</stop>
    <stop arrival="11:55" departure="11:55">Fageråsen</stop>
    <stop arrival="11:56" departure="11:56">Hagerups vei</stop>
    <stop arrival="11:57" departure="11:57">Natlandsv. v/Hagerupsvei</stop>
    <stop arrival="11:58" departure="11:58">Langhaugen</stop>
    <stop arrival="11:59" departure="11:59">Fridalen</stop>
    <stop arrival="12:00" departure="12:00">Haukelandsveien</stop>
    <stop arrival="12:02" departure="12:02">Ibsens gate /Haukeland sykehus</stop>
    <stop arrival="12:04" departure="12:04">Bjørnsons gate</stop>
    <stop arrival="12:08" departure="12:08">Årstad VGS</stop>
    <stop arrival="12:09" departure="12:09">Danmarksplass v/Forum kino</stop>
    <stop arrival="12:13" departure="12:13">Bergen Busstasjon</stop>
    <stop arrival="12:15" departure="12:15">Christies gate (Festplassen)</stop>
    <stop arrival="12:18" departure="12:18">Torget (Bergen)</stop>
    <stop arrival="12:19" departure="12:19">Bryggen</stop>
    <stop arrival="12:19" departure="12:19">Slottsgaten</stop>
    <stop arrival="12:20" departure="12:20">Bontelabo</stop>
    <stop arrival="12:21" departure="12:21">Skutevikstorget</stop>
    <stop arrival="12:21" departure="12:21">Sjøgaten</stop>
    <stop arrival="12:22" departure="12:22">Sandvikstorget</stop>
    <stop arrival="12:23" departure="12:23">Ludebryggen</stop>
    <stop arrival="12:23" departure="12:23">Munkebotten</stop>
    <stop arrival="12:25" departure="12:25">Nyhavnsvei (Gamle Bergen)</stop>
    <stop arrival="12:26" departure="12:26">Handelshøyskolen</stop>
    <stop arrival="12:28" departure="12:28">Eidsvåg</stop>
    <stop arrival="12:33" departure="12:33">Åsane terminal</stop>
    <stop arrival="12:34" departure="12:34">Åsane Brannstasjon</stop>
    <stop arrival="12:35" departure="12:35">Flatevad</stop>
    <stop arrival="12:36" departure="12:36">Spondalen</stop>
    <stop arrival="12:36" departure="12:36">Torvbakken</stop>
    <stop arrival="12:37" departure="12:37">Morvikbotn</stop>
    <stop arrival="12:38" departure="12:38">Viddalen</stop>
    <stop arrival="12:39" departure="12:39">Bakketoppen, Morvik</stop>
    <stop arrival="12:41" departure="12:41">Kollbudalen</stop>
    <stop arrival="12:42" departure="12:42">Saudalen</stop>
    <stop arrival="12:43" departure="12:43">Saudalskleivane</stop>
    <stop arrival="12:44" departure="12:44">Lokketodalen</stop>
    <stop arrival="12:45" departure="12:45">Slettestølen</stop>
    <stop arrival="12:46" departure="12:46">Marikollen</stop>
    <stop arrival="12:47" departure="12:47">Toppe</stop>
    <stop arrival="12:48">Støbotn snuplass</stop>
  </route>
  <route no="90" destination="Sletten (Bergen)" url="http://www.web2051.no/bin/tp/zuginfo.exe/on/392862/135802/855316/296706/1/" trafficDays="kjører Sø, også 1., 13., 17., 24. Mai">
    <stop departure="12:45" routeNo="90">Støbotn snuplass</stop>
    <stop arrival="12:46" departure="12:46">Toppe</stop>
    <stop arrival="12:47" departure="12:47">Marikollen</stop>
    <stop arrival="12:47" departure="12:47">Slettestølen</stop>
    <stop arrival="12:48" departure="12:48">Lokketodalen</stop>
    <stop arrival="12:49" departure="12:49">Saudalskleivane</stop>
    <stop arrival="12:51" departure="12:51">Kollbudalen</stop>
    <stop arrival="12:52" departure="12:52">Bakketoppen, Morvik</stop>
    <stop arrival="12:53" departure="12:53">Viddalen</stop>
    <stop arrival="12:55" departure="12:55">Morvikbotn</stop>
    <stop arrival="12:56" departure="12:56">Torvbakken</stop>
    <stop arrival="12:57" departure="12:57">Spondalen</stop>
    <stop arrival="12:58" departure="12:58">Flatevad</stop>
    <stop arrival="12:59" departure="12:59">Åsane Brannstasjon</stop>
    <stop arrival="13:00" departure="13:00">Åsane terminal</stop>
    <stop arrival="13:01" departure="13:01">Hesthaugen</stop>
    <stop arrival="13:02" departure="13:02">Stamskaret</stop>
    <stop arrival="13:03" departure="13:03">Tertneskrysset nyevegen</stop>
    <stop arrival="13:05" departure="13:05">Eidsvåg</stop>
    <stop arrival="13:07" departure="13:07">Handelshøyskolen</stop>
    <stop arrival="13:08" departure="13:08">Nyhavnsvei (Gamle Bergen)</stop>
    <stop arrival="13:10" departure="13:10">Munkebotten</stop>
    <stop arrival="13:11" departure="13:11">Ludebryggen</stop>
    <stop arrival="13:12" departure="13:12">Sandvikstorget</stop>
    <stop arrival="13:13" departure="13:13">Skutevikstorget</stop>
    <stop arrival="13:14" departure="13:14">Bontelabo</stop>
    <stop arrival="13:15" departure="13:15">Slottsgaten</stop>
    <stop arrival="13:16" departure="13:16">Bryggen</stop>
    <stop arrival="13:17" departure="13:17">Olav Kyrres gate</stop>
    <stop arrival="13:22" departure="13:22">Bergen Busstasjon</stop>
    <stop arrival="13:27" departure="13:27">Danmarksplass/ Ibsens gt.</stop>
    <stop arrival="13:30" departure="13:30">Bjørnsons gate</stop>
    <stop arrival="13:32" departure="13:32">Haukelandsveien</stop>
    <stop arrival="13:33" departure="13:33">Fridalen</stop>
    <stop arrival="13:34" departure="13:34">Langhaugen</stop>
    <stop arrival="13:35" departure="13:35">Landåssvingen</stop>
    <stop arrival="13:36" departure="13:36">Hagerups vei</stop>
    <stop arrival="13:37" departure="13:37">Fageråsen</stop>
    <stop arrival="13:38" departure="13:38">Sletten Shoppingsenter</stop>
    <stop arrival="13:39" departure="13:39">Bergenshallen</stop>
    <stop arrival="13:40" departure="13:40">Johan Hjorts vei</stop>
    <stop arrival="13:42">Sletten (Bergen)</stop>
  </route>
  <route no="90" destination="Sletten (Bergen)" url="http://www.web2051.no/bin/tp/zuginfo.exe/on/358383/124337/727932/244510/1/" trafficDays="kjører Lø, ikke 1. Mai">
    <stop departure="12:45" routeNo="90">Støbotn snuplass</stop>
    <stop arrival="12:46" departure="12:46">Toppe</stop>
    <stop arrival="12:47" departure="12:47">Marikollen</stop>
    <stop arrival="12:47" departure="12:47">Slettestølen</stop>
    <stop arrival="12:48" departure="12:48">Lokketodalen</stop>
    <stop arrival="12:49" departure="12:49">Saudalskleivane</stop>
    <stop arrival="12:51" departure="12:51">Kollbudalen</stop>
    <stop arrival="12:52" departure="12:52">Bakketoppen, Morvik</stop>
    <stop arrival="12:53" departure="12:53">Viddalen</stop>
    <stop arrival="12:55" departure="12:55">Morvikbotn</stop>
    <stop arrival="12:56" departure="12:56">Torvbakken</stop>
    <stop arrival="12:57" departure="12:57">Spondalen</stop>
    <stop arrival="12:58" departure="12:58">Flatevad</stop>
    <stop arrival="12:59" departure="12:59">Åsane Brannstasjon</stop>
    <stop arrival="13:00" departure="13:00">Åsane terminal</stop>
    <stop arrival="13:05" departure="13:05">Eidsvåg</stop>
    <stop arrival="13:07" departure="13:07">Handelshøyskolen</stop>
    <stop arrival="13:09" departure="13:09">Nyhavnsvei (Gamle Bergen)</stop>
    <stop arrival="13:11" departure="13:11">Munkebotten</stop>
    <stop arrival="13:12" departure="13:12">Ludebryggen</stop>
    <stop arrival="13:13" departure="13:13">Sandvikstorget</stop>
    <stop arrival="13:15" departure="13:15">Skutevikstorget</stop>
    <stop arrival="13:16" departure="13:16">Bontelabo</stop>
    <stop arrival="13:17" departure="13:17">Slottsgaten</stop>
    <stop arrival="13:19" departure="13:19">Bryggen</stop>
    <stop arrival="13:20" departure="13:20">Olav Kyrres gate</stop>
    <stop arrival="13:25" departure="13:25">Bergen Busstasjon</stop>
    <stop arrival="13:30" departure="13:30">Danmarksplass/ Ibsens gt.</stop>
    <stop arrival="13:33" departure="13:33">Bjørnsons gate</stop>
    <stop arrival="13:35" departure="13:35">Haukelandsveien</stop>
    <stop arrival="13:36" departure="13:36">Fridalen</stop>
    <stop arrival="13:37" departure="13:37">Langhaugen</stop>
    <stop arrival="13:38" departure="13:38">Landåssvingen</stop>
    <stop arrival="13:39" departure="13:39">Hagerups vei</stop>
    <stop arrival="13:40" departure="13:40">Fageråsen</stop>
    <stop arrival="13:41" departure="13:41">Sletten Shoppingsenter</stop>
    <stop arrival="13:42" departure="13:42">Bergenshallen</stop>
    <stop arrival="13:43" departure="13:43">Johan Hjorts vei</stop>
    <stop arrival="13:45">Sletten (Bergen)</stop>
  </route>
</routes>
