<?xml version="1.0" encoding="UTF-8"?>
<routes>
  <route no="524" destination="Espeland kai (Fana)" url="http://www.web2051.no/bin/tp/zuginfo.exe/on/841602/285845/854594/146763/1/" trafficDays="kjører Ma - Fr, ikke 13., 17., 24. Mai">
    <stop departure="12:50" routeNo="524">Birkelandskrysset Terminal</stop>
    <stop arrival="12:51" departure="12:51">Blomsterdalen</stop>
    <stop arrival="12:53" departure="12:53">Ådlandsflaten</stop>
    <stop arrival="12:54" departure="12:54">Ådlandsskiftet</stop>
    <stop arrival="12:56" departure="12:56">E. Espeland</stop>
    <stop arrival="12:57" departure="12:57">Myntevik</stop>
    <stop arrival="12:58" departure="12:58">M. Espeland</stop>
    <stop arrival="12:59" departure="12:59">Wiikskiftet</stop>
    <stop arrival="13:00">Espeland kai (Fana)</stop>
  </route>
</routes>
