<?xml version="1.0" encoding="UTF-8"?>
<routes>
  <route no="392" destination="Lonevåg terminal" url="http://www.web2051.no/bin/tp/zuginfo.exe/on/972591/325219/266786/190804/1/" trafficDays="kjører Ma - Fr, ikke 13., 17., 24. Mai">
    <stop departure="11:48" routeNo="392">Arna terminal</stop>
    <stop arrival="11:49" departure="11:49">Arna E 16</stop>
    <stop arrival="11:53" departure="11:53">Takvam E16</stop>
    <stop arrival="11:54" departure="11:54">Herland Kvistibru</stop>
    <stop arrival="11:56" departure="11:56">Kvisti (Osterøy)</stop>
    <stop arrival="11:57" departure="11:57">Vikne sør</stop>
    <stop arrival="11:58" departure="11:58">Vikne</stop>
    <stop arrival="11:59" departure="11:59">Vikne nord</stop>
    <stop arrival="12:00" departure="12:00">Leikneset</stop>
    <stop arrival="12:01" departure="12:01">Leikneset</stop>
    <stop arrival="12:02" departure="12:02">Leikneset</stop>
    <stop arrival="12:03" departure="12:03">Haus</stop>
    <stop arrival="12:03" departure="12:03">Åsheimveien</stop>
    <stop arrival="12:04" departure="12:04">Haus</stop>
    <stop arrival="12:06" departure="12:06">Mjeldalen v gml kommunehus</stop>
    <stop arrival="12:07" departure="12:07">Mjeldalen</stop>
    <stop arrival="12:07" departure="12:07">Mjeldalen v Ungdomsshus</stop>
    <stop arrival="12:08" departure="12:08">Mjeldalen Øvre</stop>
    <stop arrival="12:09" departure="12:09">Ambogen vkr</stop>
    <stop arrival="12:09" departure="12:09">Kolabakken</stop>
    <stop arrival="12:10" departure="12:10">Veset</stop>
    <stop arrival="12:11" departure="12:11">Veset</stop>
    <stop arrival="12:11" departure="12:11">Vinåsen</stop>
    <stop arrival="12:12" departure="12:12">Rødland</stop>
    <stop arrival="12:12" departure="12:12">Rolland vkr. (Osterøy)</stop>
    <stop arrival="12:14" departure="12:14">Orrheia, Osterøy</stop>
    <stop arrival="12:14" departure="12:14">Mæle</stop>
    <stop arrival="12:14" departure="12:14">Mæle</stop>
    <stop arrival="12:15" departure="12:15">Ranen (Osterøy)</stop>
    <stop arrival="12:16" departure="12:16">Korsåsen byggefelt (Osterøy)</stop>
    <stop arrival="12:17" departure="12:17">Litunsvingen</stop>
    <stop arrival="12:17" departure="12:17">Hartveit (Osterøy)</stop>
    <stop arrival="12:18" departure="12:18">Hartveit (Osterøy)</stop>
    <stop arrival="12:18" departure="12:18">Seljerinden</stop>
    <stop arrival="12:19" departure="12:19">Presttun</stop>
    <stop arrival="12:20" departure="12:20">Presttun</stop>
    <stop arrival="12:20" departure="12:20">Skistad, Osterøy</stop>
    <stop arrival="12:21" departure="12:21">Solberg (Osterøy)</stop>
    <stop arrival="12:21" departure="12:21">Solberg (Osterøy)</stop>
    <stop arrival="12:22" departure="12:22">Flatevad, Osterøy</stop>
    <stop arrival="12:23" departure="12:23">Flatevad N, Osterøy</stop>
    <stop arrival="12:23" departure="12:23">Nyleitet, Osterøy</stop>
    <stop arrival="12:24" departure="12:24">Hatland v ungdomsskulen</stop>
    <stop arrival="12:25" departure="12:25">Lonevåg v Rådhuset</stop>
    <stop arrival="12:26" departure="12:26">Lonevåg v Coop</stop>
    <stop arrival="12:27">Lonevåg terminal</stop>
  </route>
</routes>
