<?xml version="1.0" encoding="UTF-8"?>
<routes>
  <route no="5" destination="Mulen" url="http://www.web2051.no/bin/tp/zuginfo.exe/on/19638/10044/436002/211457/1/" trafficDays="kjører Lø, ikke 1. Mai">
    <stop departure="11:45" routeNo="5">Mindeveien endeholdeplass</stop>
    <stop arrival="11:46" departure="11:46">Løbergsv. v/nr. 98</stop>
    <stop arrival="11:46" departure="11:46">Løbergsv. v/kirkegården</stop>
    <stop arrival="11:47" departure="11:47">Lærerbakken</stop>
    <stop arrival="11:49" departure="11:49">Skrivergaten</stop>
    <stop arrival="11:50" departure="11:50">Blekenberg</stop>
    <stop arrival="11:51" departure="11:51">Solheimslien v/høyblokk</stop>
    <stop arrival="11:52" departure="11:52">Solheimslien v/nr. 32</stop>
    <stop arrival="11:53" departure="11:53">Solheimslien</stop>
    <stop arrival="11:53" departure="11:53">Frydenbølien</stop>
    <stop arrival="11:54" departure="11:54">Lien nord (Gyldenpris)</stop>
    <stop arrival="11:55" departure="11:55">Gyldenprisveien</stop>
    <stop arrival="11:58" departure="11:58">Møhlenpris v/ Industrihuset</stop>
    <stop arrival="12:00" departure="12:00">Christies gate (Festplassen)</stop>
    <stop arrival="12:03" departure="12:03">Torget v/DnB</stop>
    <stop arrival="12:06" departure="12:06">Bryggen</stop>
    <stop arrival="12:07" departure="12:07">Sandbrugaten</stop>
    <stop arrival="12:10" departure="12:10">Helgesens gate</stop>
    <stop arrival="12:11" departure="12:11">Ladegårdsgaten</stop>
    <stop arrival="12:12" departure="12:12">Øvre Sandviksvei</stop>
    <stop arrival="12:13" departure="12:13">Prahls vei</stop>
    <stop arrival="12:15">Mulen</stop>
  </route>
  <route no="5" destination="Mindeveien endeholdeplass" url="http://www.web2051.no/bin/tp/zuginfo.exe/on/658809/223105/157636/140785/1/" trafficDays="kjører Lø, ikke 1. Mai">
    <stop departure="12:15" routeNo="5">Mulen</stop>
    <stop arrival="12:16" departure="12:16">Prahls vei</stop>
    <stop arrival="12:17" departure="12:17">Øvre Sandviksvei</stop>
    <stop arrival="12:19" departure="12:19">Ladegårdsgaten</stop>
    <stop arrival="12:19" departure="12:19">Helgesens gate</stop>
    <stop arrival="12:21" departure="12:21">Øvre Dreggsalmenningen</stop>
    <stop arrival="12:23" departure="12:23">Bryggen</stop>
    <stop arrival="12:24" departure="12:24">Torget v/Lido</stop>
    <stop arrival="12:25" departure="12:25">Olav Kyrres gate v/Hagelin</stop>
    <stop arrival="12:29" departure="12:29">Møhlenpris v/ Industrihuset</stop>
    <stop arrival="12:32" departure="12:32">Gyldenpris</stop>
    <stop arrival="12:33" departure="12:33">Gyldenprisveien</stop>
    <stop arrival="12:35" departure="12:35">Lien nord (Gyldenpris)</stop>
    <stop arrival="12:37" departure="12:37">Frydenbølien</stop>
    <stop arrival="12:38" departure="12:38">Solheimslien - nord</stop>
    <stop arrival="12:39" departure="12:39">Solheimslien</stop>
    <stop arrival="12:39" departure="12:39">Solheimslien v/nr. 32</stop>
    <stop arrival="12:41" departure="12:41">Solheimslien v/høyblokk</stop>
    <stop arrival="12:42" departure="12:42">Løvstakkveien</stop>
    <stop arrival="12:43" departure="12:43">Blekenberg</stop>
    <stop arrival="12:44" departure="12:44">Sygnagaten</stop>
    <stop arrival="12:45" departure="12:45">Søre Skogvei v/Løvstaklien</stop>
    <stop arrival="12:46" departure="12:46">Lærerbakken</stop>
    <stop arrival="12:46" departure="12:46">Kristian Bings vei</stop>
    <stop arrival="12:47" departure="12:47">Søndre Skogvei v/Mindeveien</stop>
    <stop arrival="12:47" departure="12:47">Mindeveien v/nr. 73</stop>
    <stop arrival="12:48">Mindeveien endeholdeplass</stop>
  </route>
  <route no="5" destination="Mindeveien endeholdeplass" url="http://www.web2051.no/bin/tp/zuginfo.exe/on/901692/304066/444524/78302/1/" trafficDays="kjører Lø, ikke 1. Mai">
    <stop departure="12:15" routeNo="5">Mulen</stop>
    <stop arrival="12:16" departure="12:16">Prahls vei</stop>
    <stop arrival="12:17" departure="12:17">Øvre Sandviksvei</stop>
    <stop arrival="12:19" departure="12:19">Ladegårdsgaten</stop>
    <stop arrival="12:19" departure="12:19">Helgesens gate</stop>
    <stop arrival="12:21" departure="12:21">Øvre Dreggsalmenningen</stop>
    <stop arrival="12:23" departure="12:23">Bryggen</stop>
    <stop arrival="12:24" departure="12:24">Torget v/Lido</stop>
    <stop arrival="12:25" departure="12:25">Olav Kyrres gate v/Hagelin</stop>
    <stop arrival="12:29" departure="12:29">Møhlenpris v/ Industrihuset</stop>
    <stop arrival="12:32" departure="12:32">Gyldenpris</stop>
    <stop arrival="12:33" departure="12:33">Gyldenprisveien</stop>
    <stop arrival="12:35" departure="12:35">Lien nord (Gyldenpris)</stop>
    <stop arrival="12:37" departure="12:37">Frydenbølien</stop>
    <stop arrival="12:38" departure="12:38">Solheimslien - nord</stop>
    <stop arrival="12:39" departure="12:39">Solheimslien</stop>
    <stop arrival="12:39" departure="12:39">Solheimslien v/nr. 32</stop>
    <stop arrival="12:41" departure="12:41">Solheimslien v/høyblokk</stop>
    <stop arrival="12:42" departure="12:42">Løvstakkveien</stop>
    <stop arrival="12:43" departure="12:43">Blekenberg</stop>
    <stop arrival="12:44" departure="12:44">Sygnagaten</stop>
    <stop arrival="12:45" departure="12:45">Søre Skogvei v/Løvstaklien</stop>
    <stop arrival="12:46" departure="12:46">Lærerbakken</stop>
    <stop arrival="12:46" departure="12:46">Kristian Bings vei</stop>
    <stop arrival="12:47" departure="12:47">Søndre Skogvei v/Mindeveien</stop>
    <stop arrival="12:47" departure="12:47">Mindeveien v/nr. 73</stop>
    <stop arrival="12:48">Mindeveien endeholdeplass</stop>
  </route>
  <route no="5" destination="Mulen" url="http://www.web2051.no/bin/tp/zuginfo.exe/on/197238/69278/33248/49127/1/" trafficDays="kjører Ma - Fr, ikke 13., 17., 24. Mai">
    <stop departure="11:50" routeNo="5">Mindeveien endeholdeplass</stop>
    <stop arrival="11:51" departure="11:51">Løbergsv. v/nr. 98</stop>
    <stop arrival="11:51" departure="11:51">Løbergsv. v/kirkegården</stop>
    <stop arrival="11:52" departure="11:52">Lærerbakken</stop>
    <stop arrival="11:54" departure="11:54">Skrivergaten</stop>
    <stop arrival="11:55" departure="11:55">Blekenberg</stop>
    <stop arrival="11:56" departure="11:56">Solheimslien v/høyblokk</stop>
    <stop arrival="11:57" departure="11:57">Solheimslien v/nr. 32</stop>
    <stop arrival="11:58" departure="11:58">Solheimslien</stop>
    <stop arrival="11:58" departure="11:58">Frydenbølien</stop>
    <stop arrival="11:59" departure="11:59">Lien nord (Gyldenpris)</stop>
    <stop arrival="12:00" departure="12:00">Gyldenprisveien</stop>
    <stop arrival="12:03" departure="12:03">Møhlenpris v/ Industrihuset</stop>
    <stop arrival="12:05" departure="12:05">Christies gate (Festplassen)</stop>
    <stop arrival="12:08" departure="12:08">Torget v/DnB</stop>
    <stop arrival="12:11" departure="12:11">Bryggen</stop>
    <stop arrival="12:12" departure="12:12">Sandbrugaten</stop>
    <stop arrival="12:15" departure="12:15">Helgesens gate</stop>
    <stop arrival="12:16" departure="12:16">Ladegårdsgaten</stop>
    <stop arrival="12:17" departure="12:17">Øvre Sandviksvei</stop>
    <stop arrival="12:18" departure="12:18">Prahls vei</stop>
    <stop arrival="12:20">Mulen</stop>
  </route>
  <route no="5" destination="Mindeveien endeholdeplass" url="http://www.web2051.no/bin/tp/zuginfo.exe/on/534684/181755/746094/194821/1/" trafficDays="kjører Ma - Fr, ikke 13., 17., 24. Mai">
    <stop departure="12:20" routeNo="5">Mulen</stop>
    <stop arrival="12:21" departure="12:21">Prahls vei</stop>
    <stop arrival="12:22" departure="12:22">Øvre Sandviksvei</stop>
    <stop arrival="12:24" departure="12:24">Ladegårdsgaten</stop>
    <stop arrival="12:24" departure="12:24">Helgesens gate</stop>
    <stop arrival="12:26" departure="12:26">Øvre Dreggsalmenningen</stop>
    <stop arrival="12:28" departure="12:28">Bryggen</stop>
    <stop arrival="12:29" departure="12:29">Torget v/Lido</stop>
    <stop arrival="12:30" departure="12:30">Olav Kyrres gate v/Hagelin</stop>
    <stop arrival="12:33" departure="12:33">Møhlenpris v/ Industrihuset</stop>
    <stop arrival="12:35" departure="12:35">Gyldenpris</stop>
    <stop arrival="12:37" departure="12:37">Gyldenprisveien</stop>
    <stop arrival="12:38" departure="12:38">Lien nord (Gyldenpris)</stop>
    <stop arrival="12:40" departure="12:40">Frydenbølien</stop>
    <stop arrival="12:41" departure="12:41">Solheimslien - nord</stop>
    <stop arrival="12:42" departure="12:42">Solheimslien</stop>
    <stop arrival="12:42" departure="12:42">Solheimslien v/nr. 32</stop>
    <stop arrival="12:43" departure="12:43">Solheimslien v/høyblokk</stop>
    <stop arrival="12:44" departure="12:44">Løvstakkveien</stop>
    <stop arrival="12:45" departure="12:45">Blekenberg</stop>
    <stop arrival="12:46" departure="12:46">Sygnagaten</stop>
    <stop arrival="12:47" departure="12:47">Søre Skogvei v/Løvstaklien</stop>
    <stop arrival="12:48" departure="12:48">Lærerbakken</stop>
    <stop arrival="12:48" departure="12:48">Kristian Bings vei</stop>
    <stop arrival="12:49" departure="12:49">Søndre Skogvei v/Mindeveien</stop>
    <stop arrival="12:49" departure="12:49">Mindeveien v/nr. 73</stop>
    <stop arrival="12:50">Mindeveien endeholdeplass</stop>
  </route>
  <route no="5" destination="Mindeveien endeholdeplass" url="http://www.web2051.no/bin/tp/zuginfo.exe/on/32460/14347/770140/374252/1/" trafficDays="kjører Ma - Fr, ikke 13., 17., 24. Mai">
    <stop departure="12:20" routeNo="5">Mulen</stop>
    <stop arrival="12:21" departure="12:21">Prahls vei</stop>
    <stop arrival="12:22" departure="12:22">Øvre Sandviksvei</stop>
    <stop arrival="12:24" departure="12:24">Ladegårdsgaten</stop>
    <stop arrival="12:24" departure="12:24">Helgesens gate</stop>
    <stop arrival="12:26" departure="12:26">Øvre Dreggsalmenningen</stop>
    <stop arrival="12:28" departure="12:28">Bryggen</stop>
    <stop arrival="12:29" departure="12:29">Torget v/Lido</stop>
    <stop arrival="12:30" departure="12:30">Olav Kyrres gate v/Hagelin</stop>
    <stop arrival="12:33" departure="12:33">Møhlenpris v/ Industrihuset</stop>
    <stop arrival="12:35" departure="12:35">Gyldenpris</stop>
    <stop arrival="12:37" departure="12:37">Gyldenprisveien</stop>
    <stop arrival="12:38" departure="12:38">Lien nord (Gyldenpris)</stop>
    <stop arrival="12:40" departure="12:40">Frydenbølien</stop>
    <stop arrival="12:41" departure="12:41">Solheimslien - nord</stop>
    <stop arrival="12:42" departure="12:42">Solheimslien</stop>
    <stop arrival="12:42" departure="12:42">Solheimslien v/nr. 32</stop>
    <stop arrival="12:43" departure="12:43">Solheimslien v/høyblokk</stop>
    <stop arrival="12:44" departure="12:44">Løvstakkveien</stop>
    <stop arrival="12:45" departure="12:45">Blekenberg</stop>
    <stop arrival="12:46" departure="12:46">Sygnagaten</stop>
    <stop arrival="12:47" departure="12:47">Søre Skogvei v/Løvstaklien</stop>
    <stop arrival="12:48" departure="12:48">Lærerbakken</stop>
    <stop arrival="12:48" departure="12:48">Kristian Bings vei</stop>
    <stop arrival="12:49" departure="12:49">Søndre Skogvei v/Mindeveien</stop>
    <stop arrival="12:49" departure="12:49">Mindeveien v/nr. 73</stop>
    <stop arrival="12:50">Mindeveien endeholdeplass</stop>
  </route>
  <route no="5" destination="Mulen" url="http://www.web2051.no/bin/tp/zuginfo.exe/on/562119/190855/532774/79015/1/" trafficDays="kjører Sø, også 1., 13., 17., 24. Mai">
    <stop departure="12:00" routeNo="5">Mindeveien endeholdeplass</stop>
    <stop arrival="12:01" departure="12:01">Løbergsv. v/nr. 98</stop>
    <stop arrival="12:01" departure="12:01">Løbergsv. v/kirkegården</stop>
    <stop arrival="12:02" departure="12:02">Lærerbakken</stop>
    <stop arrival="12:04" departure="12:04">Skrivergaten</stop>
    <stop arrival="12:05" departure="12:05">Blekenberg</stop>
    <stop arrival="12:06" departure="12:06">Solheimslien v/høyblokk</stop>
    <stop arrival="12:07" departure="12:07">Solheimslien v/nr. 32</stop>
    <stop arrival="12:08" departure="12:08">Solheimslien</stop>
    <stop arrival="12:08" departure="12:08">Frydenbølien</stop>
    <stop arrival="12:09" departure="12:09">Lien nord (Gyldenpris)</stop>
    <stop arrival="12:10" departure="12:10">Gyldenprisveien</stop>
    <stop arrival="12:13" departure="12:13">Møhlenpris v/ Industrihuset</stop>
    <stop arrival="12:15" departure="12:15">Christies gate (Festplassen)</stop>
    <stop arrival="12:18" departure="12:18">Torget v/DnB</stop>
    <stop arrival="12:20" departure="12:20">Bryggen</stop>
    <stop arrival="12:20" departure="12:20">Sandbrugaten</stop>
    <stop arrival="12:22" departure="12:22">Helgesens gate</stop>
    <stop arrival="12:22" departure="12:22">Ladegårdsgaten</stop>
    <stop arrival="12:23" departure="12:23">Øvre Sandviksvei</stop>
    <stop arrival="12:24" departure="12:24">Prahls vei</stop>
    <stop arrival="12:25">Mulen</stop>
  </route>
  <route no="5" destination="Mindeveien endeholdeplass" url="http://www.web2051.no/bin/tp/zuginfo.exe/on/362688/124381/971240/364725/1/" trafficDays="kjører Sø, også 1., 13., 17., 24. Mai">
    <stop departure="12:30" routeNo="5">Mulen</stop>
    <stop arrival="12:31" departure="12:31">Prahls vei</stop>
    <stop arrival="12:31" departure="12:31">Øvre Sandviksvei</stop>
    <stop arrival="12:32" departure="12:32">Ladegårdsgaten</stop>
    <stop arrival="12:33" departure="12:33">Helgesens gate</stop>
    <stop arrival="12:34" departure="12:34">Øvre Dreggsalmenningen</stop>
    <stop arrival="12:38" departure="12:38">Bryggen</stop>
    <stop arrival="12:39" departure="12:39">Torget v/Lido</stop>
    <stop arrival="12:40" departure="12:40">Olav Kyrres gate v/Hagelin</stop>
    <stop arrival="12:42" departure="12:42">Møhlenpris v/ Industrihuset</stop>
    <stop arrival="12:44" departure="12:44">Gyldenpris</stop>
    <stop arrival="12:45" departure="12:45">Gyldenprisveien</stop>
    <stop arrival="12:46" departure="12:46">Lien nord (Gyldenpris)</stop>
    <stop arrival="12:47" departure="12:47">Frydenbølien</stop>
    <stop arrival="12:47" departure="12:47">Solheimslien - nord</stop>
    <stop arrival="12:48" departure="12:48">Solheimslien</stop>
    <stop arrival="12:48" departure="12:48">Solheimslien v/nr. 32</stop>
    <stop arrival="12:49" departure="12:49">Solheimslien v/høyblokk</stop>
    <stop arrival="12:49" departure="12:49">Løvstakkveien</stop>
    <stop arrival="12:50" departure="12:50">Blekenberg</stop>
    <stop arrival="12:51" departure="12:51">Sygnagaten</stop>
    <stop arrival="12:52" departure="12:52">Søre Skogvei v/Løvstaklien</stop>
    <stop arrival="12:53" departure="12:53">Lærerbakken</stop>
    <stop arrival="12:53" departure="12:53">Kristian Bings vei</stop>
    <stop arrival="12:54" departure="12:54">Søndre Skogvei v/Mindeveien</stop>
    <stop arrival="12:54" departure="12:54">Mindeveien v/nr. 73</stop>
    <stop arrival="12:55">Mindeveien endeholdeplass</stop>
  </route>
  <route no="5" destination="Mindeveien endeholdeplass" url="http://www.web2051.no/bin/tp/zuginfo.exe/on/325692/112049/658790/220832/1/" trafficDays="kjører Sø, også 1., 13., 17., 24. Mai">
    <stop departure="12:30" routeNo="5">Mulen</stop>
    <stop arrival="12:31" departure="12:31">Prahls vei</stop>
    <stop arrival="12:31" departure="12:31">Øvre Sandviksvei</stop>
    <stop arrival="12:32" departure="12:32">Ladegårdsgaten</stop>
    <stop arrival="12:33" departure="12:33">Helgesens gate</stop>
    <stop arrival="12:34" departure="12:34">Øvre Dreggsalmenningen</stop>
    <stop arrival="12:38" departure="12:38">Bryggen</stop>
    <stop arrival="12:39" departure="12:39">Torget v/Lido</stop>
    <stop arrival="12:40" departure="12:40">Olav Kyrres gate v/Hagelin</stop>
    <stop arrival="12:42" departure="12:42">Møhlenpris v/ Industrihuset</stop>
    <stop arrival="12:44" departure="12:44">Gyldenpris</stop>
    <stop arrival="12:45" departure="12:45">Gyldenprisveien</stop>
    <stop arrival="12:46" departure="12:46">Lien nord (Gyldenpris)</stop>
    <stop arrival="12:47" departure="12:47">Frydenbølien</stop>
    <stop arrival="12:47" departure="12:47">Solheimslien - nord</stop>
    <stop arrival="12:48" departure="12:48">Solheimslien</stop>
    <stop arrival="12:48" departure="12:48">Solheimslien v/nr. 32</stop>
    <stop arrival="12:49" departure="12:49">Solheimslien v/høyblokk</stop>
    <stop arrival="12:49" departure="12:49">Løvstakkveien</stop>
    <stop arrival="12:50" departure="12:50">Blekenberg</stop>
    <stop arrival="12:51" departure="12:51">Sygnagaten</stop>
    <stop arrival="12:52" departure="12:52">Søre Skogvei v/Løvstaklien</stop>
    <stop arrival="12:53" departure="12:53">Lærerbakken</stop>
    <stop arrival="12:53" departure="12:53">Kristian Bings vei</stop>
    <stop arrival="12:54" departure="12:54">Søndre Skogvei v/Mindeveien</stop>
    <stop arrival="12:54" departure="12:54">Mindeveien v/nr. 73</stop>
    <stop arrival="12:55">Mindeveien endeholdeplass</stop>
  </route>
  <route no="5" destination="Mulen" url="http://www.web2051.no/bin/tp/zuginfo.exe/on/166494/58997/435942/162474/1/" trafficDays="kjører Lø, ikke 1. Mai">
    <stop departure="12:10" routeNo="5">Grønnestølen</stop>
    <stop arrival="12:11" departure="12:11">Løbergsalleen</stop>
    <stop arrival="12:12" departure="12:12">Kristianborg</stop>
    <stop arrival="12:13" departure="12:13">Fjøsangerveien/Minde Allé</stop>
    <stop arrival="12:15" departure="12:15">Mindeveien endeholdeplass</stop>
    <stop arrival="12:16" departure="12:16">Løbergsv. v/nr. 98</stop>
    <stop arrival="12:16" departure="12:16">Løbergsv. v/kirkegården</stop>
    <stop arrival="12:17" departure="12:17">Lærerbakken</stop>
    <stop arrival="12:19" departure="12:19">Skrivergaten</stop>
    <stop arrival="12:20" departure="12:20">Blekenberg</stop>
    <stop arrival="12:21" departure="12:21">Solheimslien v/høyblokk</stop>
    <stop arrival="12:22" departure="12:22">Solheimslien v/nr. 32</stop>
    <stop arrival="12:23" departure="12:23">Solheimslien</stop>
    <stop arrival="12:23" departure="12:23">Frydenbølien</stop>
    <stop arrival="12:24" departure="12:24">Lien nord (Gyldenpris)</stop>
    <stop arrival="12:25" departure="12:25">Gyldenprisveien</stop>
    <stop arrival="12:28" departure="12:28">Møhlenpris v/ Industrihuset</stop>
    <stop arrival="12:30" departure="12:30">Christies gate (Festplassen)</stop>
    <stop arrival="12:33" departure="12:33">Torget v/DnB</stop>
    <stop arrival="12:36" departure="12:36">Bryggen</stop>
    <stop arrival="12:37" departure="12:37">Sandbrugaten</stop>
    <stop arrival="12:40" departure="12:40">Helgesens gate</stop>
    <stop arrival="12:41" departure="12:41">Ladegårdsgaten</stop>
    <stop arrival="12:42" departure="12:42">Øvre Sandviksvei</stop>
    <stop arrival="12:43" departure="12:43">Prahls vei</stop>
    <stop arrival="12:45">Mulen</stop>
  </route>
  <route no="5" destination="Mindeveien endeholdeplass" url="http://www.web2051.no/bin/tp/zuginfo.exe/on/803421/271310/975256/219821/1/" trafficDays="kjører Lø, ikke 1. Mai">
    <stop departure="12:45" routeNo="5">Mulen</stop>
    <stop arrival="12:46" departure="12:46">Prahls vei</stop>
    <stop arrival="12:47" departure="12:47">Øvre Sandviksvei</stop>
    <stop arrival="12:49" departure="12:49">Ladegårdsgaten</stop>
    <stop arrival="12:49" departure="12:49">Helgesens gate</stop>
    <stop arrival="12:51" departure="12:51">Øvre Dreggsalmenningen</stop>
    <stop arrival="12:53" departure="12:53">Bryggen</stop>
    <stop arrival="12:54" departure="12:54">Torget v/Lido</stop>
    <stop arrival="12:55" departure="12:55">Olav Kyrres gate v/Hagelin</stop>
    <stop arrival="12:59" departure="12:59">Møhlenpris v/ Industrihuset</stop>
    <stop arrival="13:02" departure="13:02">Gyldenpris</stop>
    <stop arrival="13:04" departure="13:04">Gyldenprisveien</stop>
    <stop arrival="13:06" departure="13:06">Lien nord (Gyldenpris)</stop>
    <stop arrival="13:08" departure="13:08">Frydenbølien</stop>
    <stop arrival="13:10" departure="13:10">Solheimslien - nord</stop>
    <stop arrival="13:10" departure="13:10">Solheimslien</stop>
    <stop arrival="13:11" departure="13:11">Solheimslien v/nr. 32</stop>
    <stop arrival="13:12" departure="13:12">Solheimslien v/høyblokk</stop>
    <stop arrival="13:14" departure="13:14">Løvstakkveien</stop>
    <stop arrival="13:15" departure="13:15">Blekenberg</stop>
    <stop arrival="13:16" departure="13:16">Sygnagaten</stop>
    <stop arrival="13:17" departure="13:17">Søre Skogvei v/Løvstaklien</stop>
    <stop arrival="13:18" departure="13:18">Lærerbakken</stop>
    <stop arrival="13:18" departure="13:18">Kristian Bings vei</stop>
    <stop arrival="13:19" departure="13:19">Søndre Skogvei v/Mindeveien</stop>
    <stop arrival="13:19" departure="13:19">Mindeveien v/nr. 73</stop>
    <stop arrival="13:20">Mindeveien endeholdeplass</stop>
  </route>
  <route no="5" destination="Mindeveien endeholdeplass" url="http://www.web2051.no/bin/tp/zuginfo.exe/on/169623/60044/821600/354259/1/" trafficDays="kjører Lø, ikke 1. Mai">
    <stop departure="12:45" routeNo="5">Mulen</stop>
    <stop arrival="12:46" departure="12:46">Prahls vei</stop>
    <stop arrival="12:47" departure="12:47">Øvre Sandviksvei</stop>
    <stop arrival="12:49" departure="12:49">Ladegårdsgaten</stop>
    <stop arrival="12:49" departure="12:49">Helgesens gate</stop>
    <stop arrival="12:51" departure="12:51">Øvre Dreggsalmenningen</stop>
    <stop arrival="12:53" departure="12:53">Bryggen</stop>
    <stop arrival="12:54" departure="12:54">Torget v/Lido</stop>
    <stop arrival="12:55" departure="12:55">Olav Kyrres gate v/Hagelin</stop>
    <stop arrival="12:59" departure="12:59">Møhlenpris v/ Industrihuset</stop>
    <stop arrival="13:02" departure="13:02">Gyldenpris</stop>
    <stop arrival="13:04" departure="13:04">Gyldenprisveien</stop>
    <stop arrival="13:06" departure="13:06">Lien nord (Gyldenpris)</stop>
    <stop arrival="13:08" departure="13:08">Frydenbølien</stop>
    <stop arrival="13:10" departure="13:10">Solheimslien - nord</stop>
    <stop arrival="13:10" departure="13:10">Solheimslien</stop>
    <stop arrival="13:11" departure="13:11">Solheimslien v/nr. 32</stop>
    <stop arrival="13:12" departure="13:12">Solheimslien v/høyblokk</stop>
    <stop arrival="13:14" departure="13:14">Løvstakkveien</stop>
    <stop arrival="13:15" departure="13:15">Blekenberg</stop>
    <stop arrival="13:16" departure="13:16">Sygnagaten</stop>
    <stop arrival="13:17" departure="13:17">Søre Skogvei v/Løvstaklien</stop>
    <stop arrival="13:18" departure="13:18">Lærerbakken</stop>
    <stop arrival="13:18" departure="13:18">Kristian Bings vei</stop>
    <stop arrival="13:19" departure="13:19">Søndre Skogvei v/Mindeveien</stop>
    <stop arrival="13:19" departure="13:19">Mindeveien v/nr. 73</stop>
    <stop arrival="13:20">Mindeveien endeholdeplass</stop>
  </route>
  <route no="5" destination="Mulen" url="http://www.web2051.no/bin/tp/zuginfo.exe/on/40023/16873/562444/267887/1/" trafficDays="kjører Ma - Fr, ikke 13., 17., 24. Mai">
    <stop departure="12:20" routeNo="5">Mindeveien endeholdeplass</stop>
    <stop arrival="12:21" departure="12:21">Løbergsv. v/nr. 98</stop>
    <stop arrival="12:21" departure="12:21">Løbergsv. v/kirkegården</stop>
    <stop arrival="12:22" departure="12:22">Lærerbakken</stop>
    <stop arrival="12:24" departure="12:24">Skrivergaten</stop>
    <stop arrival="12:25" departure="12:25">Blekenberg</stop>
    <stop arrival="12:26" departure="12:26">Solheimslien v/høyblokk</stop>
    <stop arrival="12:27" departure="12:27">Solheimslien v/nr. 32</stop>
    <stop arrival="12:28" departure="12:28">Solheimslien</stop>
    <stop arrival="12:28" departure="12:28">Frydenbølien</stop>
    <stop arrival="12:29" departure="12:29">Lien nord (Gyldenpris)</stop>
    <stop arrival="12:30" departure="12:30">Gyldenprisveien</stop>
    <stop arrival="12:33" departure="12:33">Møhlenpris v/ Industrihuset</stop>
    <stop arrival="12:35" departure="12:35">Christies gate (Festplassen)</stop>
    <stop arrival="12:38" departure="12:38">Torget v/DnB</stop>
    <stop arrival="12:41" departure="12:41">Bryggen</stop>
    <stop arrival="12:42" departure="12:42">Sandbrugaten</stop>
    <stop arrival="12:45" departure="12:45">Helgesens gate</stop>
    <stop arrival="12:46" departure="12:46">Ladegårdsgaten</stop>
    <stop arrival="12:47" departure="12:47">Øvre Sandviksvei</stop>
    <stop arrival="12:48" departure="12:48">Prahls vei</stop>
    <stop arrival="12:50">Mulen</stop>
  </route>
  <route no="5" destination="Mindeveien endeholdeplass" url="http://www.web2051.no/bin/tp/zuginfo.exe/on/528441/179681/336856/7719/1/" trafficDays="kjører Ma - Fr, ikke 13., 17., 24. Mai">
    <stop departure="12:50" routeNo="5">Mulen</stop>
    <stop arrival="12:51" departure="12:51">Prahls vei</stop>
    <stop arrival="12:52" departure="12:52">Øvre Sandviksvei</stop>
    <stop arrival="12:54" departure="12:54">Ladegårdsgaten</stop>
    <stop arrival="12:54" departure="12:54">Helgesens gate</stop>
    <stop arrival="12:56" departure="12:56">Øvre Dreggsalmenningen</stop>
    <stop arrival="12:58" departure="12:58">Bryggen</stop>
    <stop arrival="12:59" departure="12:59">Torget v/Lido</stop>
    <stop arrival="13:00" departure="13:00">Olav Kyrres gate v/Hagelin</stop>
    <stop arrival="13:04" departure="13:04">Møhlenpris v/ Industrihuset</stop>
    <stop arrival="13:07" departure="13:07">Gyldenpris</stop>
    <stop arrival="13:09" departure="13:09">Gyldenprisveien</stop>
    <stop arrival="13:11" departure="13:11">Lien nord (Gyldenpris)</stop>
    <stop arrival="13:13" departure="13:13">Frydenbølien</stop>
    <stop arrival="13:15" departure="13:15">Solheimslien - nord</stop>
    <stop arrival="13:15" departure="13:15">Solheimslien</stop>
    <stop arrival="13:16" departure="13:16">Solheimslien v/nr. 32</stop>
    <stop arrival="13:17" departure="13:17">Solheimslien v/høyblokk</stop>
    <stop arrival="13:19" departure="13:19">Løvstakkveien</stop>
    <stop arrival="13:20" departure="13:20">Blekenberg</stop>
    <stop arrival="13:21" departure="13:21">Sygnagaten</stop>
    <stop arrival="13:22" departure="13:22">Søre Skogvei v/Løvstaklien</stop>
    <stop arrival="13:23" departure="13:23">Lærerbakken</stop>
    <stop arrival="13:23" departure="13:23">Kristian Bings vei</stop>
    <stop arrival="13:24" departure="13:24">Søndre Skogvei v/Mindeveien</stop>
    <stop arrival="13:24" departure="13:24">Mindeveien v/nr. 73</stop>
    <stop arrival="13:25">Mindeveien endeholdeplass</stop>
  </route>
  <route no="5" destination="Mindeveien endeholdeplass" url="http://www.web2051.no/bin/tp/zuginfo.exe/on/701133/237245/170010/148706/1/" trafficDays="kjører Ma - Fr, ikke 13., 17., 24. Mai">
    <stop departure="12:50" routeNo="5">Mulen</stop>
    <stop arrival="12:51" departure="12:51">Prahls vei</stop>
    <stop arrival="12:52" departure="12:52">Øvre Sandviksvei</stop>
    <stop arrival="12:54" departure="12:54">Ladegårdsgaten</stop>
    <stop arrival="12:54" departure="12:54">Helgesens gate</stop>
    <stop arrival="12:56" departure="12:56">Øvre Dreggsalmenningen</stop>
    <stop arrival="12:58" departure="12:58">Bryggen</stop>
    <stop arrival="12:59" departure="12:59">Torget v/Lido</stop>
    <stop arrival="13:00" departure="13:00">Olav Kyrres gate v/Hagelin</stop>
    <stop arrival="13:04" departure="13:04">Møhlenpris v/ Industrihuset</stop>
    <stop arrival="13:07" departure="13:07">Gyldenpris</stop>
    <stop arrival="13:09" departure="13:09">Gyldenprisveien</stop>
    <stop arrival="13:11" departure="13:11">Lien nord (Gyldenpris)</stop>
    <stop arrival="13:13" departure="13:13">Frydenbølien</stop>
    <stop arrival="13:15" departure="13:15">Solheimslien - nord</stop>
    <stop arrival="13:15" departure="13:15">Solheimslien</stop>
    <stop arrival="13:16" departure="13:16">Solheimslien v/nr. 32</stop>
    <stop arrival="13:17" departure="13:17">Solheimslien v/høyblokk</stop>
    <stop arrival="13:19" departure="13:19">Løvstakkveien</stop>
    <stop arrival="13:20" departure="13:20">Blekenberg</stop>
    <stop arrival="13:21" departure="13:21">Sygnagaten</stop>
    <stop arrival="13:22" departure="13:22">Søre Skogvei v/Løvstaklien</stop>
    <stop arrival="13:23" departure="13:23">Lærerbakken</stop>
    <stop arrival="13:23" departure="13:23">Kristian Bings vei</stop>
    <stop arrival="13:24" departure="13:24">Søndre Skogvei v/Mindeveien</stop>
    <stop arrival="13:24" departure="13:24">Mindeveien v/nr. 73</stop>
    <stop arrival="13:25">Mindeveien endeholdeplass</stop>
  </route>
</routes>
