<?xml version="1.0" encoding="UTF-8"?>
<routes>
  <route no="485" destination="Ravnanger term." url="http://www.web2051.no/bin/tp/zuginfo.exe/on/350142/119326/508816/137694/1/" trafficDays="kjører Ma - Fr, ikke 13., 17., 24. Mai">
    <stop departure="12:05" routeNo="485">Kleppestø term.</stop>
    <stop arrival="12:06" departure="12:06">Kleppestø senter</stop>
    <stop arrival="12:06" departure="12:06">Solhålo (Kleppestø)</stop>
    <stop arrival="12:07" departure="12:07">Strand (Florvåg)</stop>
    <stop arrival="12:07" departure="12:07">Florvåg verk</stop>
    <stop arrival="12:08" departure="12:08">Florvåg ungdomsskole</stop>
    <stop arrival="12:09" departure="12:09">Florvåg Øenkrysset</stop>
    <stop arrival="12:10" departure="12:10">Florvåg Bakervågen</stop>
    <stop arrival="12:11" departure="12:11">Østerdalen (Askøy)</stop>
    <stop arrival="12:12" departure="12:12">Erdal sør</stop>
    <stop arrival="12:13" departure="12:13">Myren (Askøy)</stop>
    <stop arrival="12:13" departure="12:13">Erdal skole</stop>
    <stop arrival="12:14" departure="12:14">Nordre Erdal</stop>
    <stop arrival="12:16" departure="12:16">Skogvik (Askøy)</stop>
    <stop arrival="12:17" departure="12:17">Olaviken (Askøy)</stop>
    <stop arrival="12:17" departure="12:17">Furuly (Askøy)</stop>
    <stop arrival="12:19" departure="12:19">Strømsneshøyden (Askøy)</stop>
    <stop arrival="12:20" departure="12:20">Strømsnes (Askøy)</stop>
    <stop arrival="12:21" departure="12:21">Blåkors (Askøy)</stop>
    <stop arrival="12:21" departure="12:21">Ellingsen gartneri (Askøy)</stop>
    <stop arrival="12:22" departure="12:22">Hop (Askøy aldershjem)</stop>
    <stop arrival="12:23" departure="12:23">Hop skole (Askøy)</stop>
    <stop arrival="12:24" departure="12:24">Ask v/Florida (Askøy)</stop>
    <stop arrival="12:25" departure="12:25">Asketoppen</stop>
    <stop arrival="12:25" departure="12:25">Kirkevik (Askøy)</stop>
    <stop arrival="12:26" departure="12:26">Bakkeland/Tumyr</stop>
    <stop arrival="12:27" departure="12:27">Lille Brevik (Askøy)</stop>
    <stop arrival="12:27" departure="12:27">Lille Brevik nord (Askøy)</stop>
    <stop arrival="12:28" departure="12:28">Solviken (Askøy)</stop>
    <stop arrival="12:28" departure="12:28">Vikøren (Askøy)</stop>
    <stop arrival="12:29" departure="12:29">Lærdal (Askøy)</stop>
    <stop arrival="12:30" departure="12:30">Sæterstøl (Askøy)</stop>
    <stop arrival="12:31" departure="12:31">Hanevik</stop>
    <stop arrival="12:33" departure="12:33">Hanevik</stop>
    <stop arrival="12:35" departure="12:35">Åsebøvatnet (Stien)</stop>
    <stop arrival="12:36" departure="12:36">Åsebø (Askøy)</stop>
    <stop arrival="12:39" departure="12:39">Heiavatnet (Askøy)</stop>
    <stop arrival="12:39" departure="12:39">Ravnanger nord</stop>
    <stop arrival="12:41">Ravnanger term.</stop>
  </route>
  <route no="484" destination="Bergen Busstasjon" url="http://www.web2051.no/bin/tp/zuginfo.exe/on/210804/72867/154632/7048/1/" trafficDays="kjører Sø, ikke 16. Mai; også 13., 24. Mai">
    <stop departure="12:12" routeNo="484">Steinrusten snuplass</stop>
    <stop arrival="12:13" departure="12:13">Djupamyr (Askøy)</stop>
    <stop arrival="12:13" departure="12:13">Olufsen (Askøy)</stop>
    <stop arrival="12:14" departure="12:14">Eideskiftet (Askøy)</stop>
    <stop arrival="12:15" departure="12:15">Nordre Erdal</stop>
    <stop arrival="12:16" departure="12:16">Erdal skole</stop>
    <stop arrival="12:16" departure="12:16">Myren (Askøy)</stop>
    <stop arrival="12:17" departure="12:17">Erdal sør</stop>
    <stop arrival="12:19" departure="12:19">Østerdalen (Askøy)</stop>
    <stop arrival="12:20" departure="12:20">Florvåg Bakervågen</stop>
    <stop arrival="12:22" departure="12:22">Florvåg Øenkrysset</stop>
    <stop arrival="12:22" departure="12:22">Florvåg kai</stop>
    <stop arrival="12:23" departure="12:23">Florvåg ungdomsskole</stop>
    <stop arrival="12:25" departure="12:25">Florvåg verk</stop>
    <stop arrival="12:26" departure="12:26">Strand (Florvåg)</stop>
    <stop arrival="12:27" departure="12:27">Solhålo (Kleppestø)</stop>
    <stop arrival="12:28" departure="12:28">Kleppestø senter</stop>
    <stop arrival="12:30" departure="12:30">Kleppestø term.</stop>
    <stop arrival="12:31" departure="12:31">Kleppestø (Rådhuset)</stop>
    <stop arrival="12:32" departure="12:32">Holmedal (Askøy)</stop>
    <stop arrival="12:33" departure="12:33">Storeklubben (Askøy)</stop>
    <stop arrival="12:36" departure="12:36">Brøstaneset</stop>
    <stop arrival="12:40" departure="12:40">Storavatnet term.</stop>
    <stop arrival="12:41" departure="12:41">Frida Fasmer</stop>
    <stop arrival="12:47" departure="12:47">Lyngbø Motorvei R555</stop>
    <stop arrival="12:52" departure="12:52">Møhlenpris v/ Industrihuset</stop>
    <stop arrival="12:54" departure="12:54">Nygårdsgaten</stop>
    <stop arrival="12:55">Bergen Busstasjon</stop>
  </route>
  <route no="484" destination="Bergen Busstasjon" url="http://www.web2051.no/bin/tp/zuginfo.exe/on/786828/264876/213174/155689/1/" trafficDays="kjører 1., 16., 17. Mai">
    <stop departure="12:12" routeNo="484">Steinrusten snuplass</stop>
    <stop arrival="12:13" departure="12:13">Djupamyr (Askøy)</stop>
    <stop arrival="12:13" departure="12:13">Olufsen (Askøy)</stop>
    <stop arrival="12:14" departure="12:14">Eideskiftet (Askøy)</stop>
    <stop arrival="12:15" departure="12:15">Nordre Erdal</stop>
    <stop arrival="12:16" departure="12:16">Erdal skole</stop>
    <stop arrival="12:16" departure="12:16">Myren (Askøy)</stop>
    <stop arrival="12:17" departure="12:17">Erdal sør</stop>
    <stop arrival="12:18" departure="12:18">Østerdalen (Askøy)</stop>
    <stop arrival="12:19" departure="12:19">Florvåg Bakervågen</stop>
    <stop arrival="12:21" departure="12:21">Florvåg Øenkrysset</stop>
    <stop arrival="12:22" departure="12:22">Florvåg kai</stop>
    <stop arrival="12:22" departure="12:22">Florvåg ungdomsskole</stop>
    <stop arrival="12:24" departure="12:24">Florvåg verk</stop>
    <stop arrival="12:25" departure="12:25">Strand (Florvåg)</stop>
    <stop arrival="12:27" departure="12:27">Solhålo (Kleppestø)</stop>
    <stop arrival="12:28" departure="12:28">Kleppestø senter</stop>
    <stop arrival="12:30" departure="12:30">Kleppestø term.</stop>
    <stop arrival="12:31" departure="12:31">Kleppestø (Rådhuset)</stop>
    <stop arrival="12:32" departure="12:32">Holmedal (Askøy)</stop>
    <stop arrival="12:33" departure="12:33">Storeklubben (Askøy)</stop>
    <stop arrival="12:36" departure="12:36">Brøstaneset</stop>
    <stop arrival="12:40" departure="12:40">Storavatnet term.</stop>
    <stop arrival="12:41" departure="12:41">Frida Fasmer</stop>
    <stop arrival="12:47" departure="12:47">Lyngbø Motorvei R555</stop>
    <stop arrival="12:52" departure="12:52">Møhlenpris v/ Industrihuset</stop>
    <stop arrival="12:54" departure="12:54">Christies gate (Festplassen)</stop>
    <stop arrival="12:55">Bergen Busstasjon</stop>
  </route>
  <route no="485" destination="Bergen Busstasjon" url="http://www.web2051.no/bin/tp/zuginfo.exe/on/5931/4596/821276/408662/1/" trafficDays="kjører Ma - Fr, ikke 13., 17., 24. Mai">
    <stop departure="11:22" routeNo="485">Ravnanger term.</stop>
    <stop arrival="11:24" departure="11:24">Ravnanger nord</stop>
    <stop arrival="11:25" departure="11:25">Heiavatnet (Askøy)</stop>
    <stop arrival="11:26" departure="11:26">Davanger v/Ingv. Larsen</stop>
    <stop arrival="11:27" departure="11:27">Davanger treindustri</stop>
    <stop arrival="11:28" departure="11:28">Davanger Sladrehjørnet</stop>
    <stop arrival="11:28" departure="11:28">Davanger v/Torgersen</stop>
    <stop arrival="11:29" departure="11:29">Davanger bro</stop>
    <stop arrival="11:29" departure="11:29">Davanger skole</stop>
    <stop arrival="11:30" departure="11:30">Davanger vest</stop>
    <stop arrival="11:31" departure="11:31">Davanger byggefelt</stop>
    <stop arrival="11:31" departure="11:31">Breivik Kinn (Askøy)</stop>
    <stop arrival="11:32" departure="11:32">Breivik (Askøy)</stop>
    <stop arrival="11:32" departure="11:32">Breivik snuplass (Askøy)</stop>
    <stop arrival="11:32" departure="11:32">Breivik (Askøy)</stop>
    <stop arrival="11:33" departure="11:33">Breivik Kinn (Askøy)</stop>
    <stop arrival="11:34" departure="11:34">Davanger byggefelt</stop>
    <stop arrival="11:35" departure="11:35">Davanger vest</stop>
    <stop arrival="11:35" departure="11:35">Davanger skole</stop>
    <stop arrival="11:36" departure="11:36">Davanger bro</stop>
    <stop arrival="11:36" departure="11:36">Davanger v/Torgersen</stop>
    <stop arrival="11:37" departure="11:37">Davanger Sladrehjørnet</stop>
    <stop arrival="11:38" departure="11:38">Davanger treindustri</stop>
    <stop arrival="11:39" departure="11:39">Davanger v/Ingv. Larsen</stop>
    <stop arrival="11:40" departure="11:40">Heiavatnet (Askøy)</stop>
    <stop arrival="11:44" departure="11:44">Åsebø (Askøy)</stop>
    <stop arrival="11:45" departure="11:45">Åsebøvatnet (Stien)</stop>
    <stop arrival="11:46" departure="11:46">Hanevik</stop>
    <stop arrival="11:47" departure="11:47">Hanevik</stop>
    <stop arrival="11:48" departure="11:48">Sæterstøl (Askøy)</stop>
    <stop arrival="11:49" departure="11:49">Lærdal (Askøy)</stop>
    <stop arrival="11:51" departure="11:51">Vikøren (Askøy)</stop>
    <stop arrival="11:51" departure="11:51">Solviken (Askøy)</stop>
    <stop arrival="11:53" departure="11:53">Lille Brevik nord (Askøy)</stop>
    <stop arrival="11:53" departure="11:53">Lille Brevik (Askøy)</stop>
    <stop arrival="11:54" departure="11:54">Bakkeland/Tumyr</stop>
    <stop arrival="11:55" departure="11:55">Kirkevik (Askøy)</stop>
    <stop arrival="11:56" departure="11:56">Asketoppen</stop>
    <stop arrival="11:57" departure="11:57">Ask v/Florida (Askøy)</stop>
    <stop arrival="11:57" departure="11:57">Hop skole (Askøy)</stop>
    <stop arrival="11:57" departure="11:57">Hop (Askøy aldershjem)</stop>
    <stop arrival="11:57" departure="11:57">Ellingsen gartneri (Askøy)</stop>
    <stop arrival="11:57" departure="11:57">Strømsnes (Askøy)</stop>
    <stop arrival="11:57" departure="11:57">Strømsneshøyden (Askøy)</stop>
    <stop arrival="11:57" departure="11:57">Furuly (Askøy)</stop>
    <stop arrival="11:57" departure="11:57">Olaviken (Askøy)</stop>
    <stop arrival="11:57" departure="11:57">Skogvik (Askøy)</stop>
    <stop arrival="11:57" departure="11:57">Nordre Erdal</stop>
    <stop arrival="11:57" departure="11:57">Erdal skole</stop>
    <stop arrival="12:12" departure="12:12">Djupamyr (Askøy)</stop>
    <stop arrival="12:13" departure="12:13">Olufsen (Askøy)</stop>
    <stop arrival="12:14" departure="12:14">Eideskiftet (Askøy)</stop>
    <stop arrival="12:15" departure="12:15">Nordre Erdal</stop>
    <stop arrival="12:16" departure="12:16">Erdal skole</stop>
    <stop arrival="12:16" departure="12:16">Myren (Askøy)</stop>
    <stop arrival="12:17" departure="12:17">Erdal sør</stop>
    <stop arrival="12:19" departure="12:19">Østerdalen (Askøy)</stop>
    <stop arrival="12:20" departure="12:20">Florvåg Bakervågen</stop>
    <stop arrival="12:22" departure="12:22">Florvåg Øenkrysset</stop>
    <stop arrival="12:22" departure="12:22">Florvåg kai</stop>
    <stop arrival="12:23" departure="12:23">Florvåg ungdomsskole</stop>
    <stop arrival="12:25" departure="12:25">Florvåg verk</stop>
    <stop arrival="12:26" departure="12:26">Strand (Florvåg)</stop>
    <stop arrival="12:27" departure="12:27">Solhålo (Kleppestø)</stop>
    <stop arrival="12:28" departure="12:28">Kleppestø senter</stop>
    <stop arrival="12:30" departure="12:30">Kleppestø term.</stop>
    <stop arrival="12:31" departure="12:31">Kleppestø (Rådhuset)</stop>
    <stop arrival="12:32" departure="12:32">Holmedal (Askøy)</stop>
    <stop arrival="12:33" departure="12:33">Storeklubben (Askøy)</stop>
    <stop arrival="12:36" departure="12:36">Brøstaneset</stop>
    <stop arrival="12:40" departure="12:40">Storavatnet term.</stop>
    <stop arrival="12:41" departure="12:41">Frida Fasmer</stop>
    <stop arrival="12:46" departure="12:46">Lyngbø Motorvei R555</stop>
    <stop arrival="12:50" departure="12:50">Møhlenpris v/ Industrihuset</stop>
    <stop arrival="12:52" departure="12:52">Nygårdsgaten</stop>
    <stop arrival="12:55">Bergen Busstasjon</stop>
  </route>
  <route no="485" destination="Kleppestø term." url="http://www.web2051.no/bin/tp/zuginfo.exe/on/74910/27601/326440/138250/1/" trafficDays="kjører Lø, ikke 1. Mai">
    <stop departure="12:17" routeNo="485">Hanevik</stop>
    <stop arrival="12:18" departure="12:18">Sæterstøl (Askøy)</stop>
    <stop arrival="12:19" departure="12:19">Lærdal (Askøy)</stop>
    <stop arrival="12:21" departure="12:21">Vikøren (Askøy)</stop>
    <stop arrival="12:21" departure="12:21">Solviken (Askøy)</stop>
    <stop arrival="12:23" departure="12:23">Lille Brevik nord (Askøy)</stop>
    <stop arrival="12:23" departure="12:23">Lille Brevik (Askøy)</stop>
    <stop arrival="12:24" departure="12:24">Bakkeland/Tumyr</stop>
    <stop arrival="12:25" departure="12:25">Kirkevik (Askøy)</stop>
    <stop arrival="12:26" departure="12:26">Asketoppen</stop>
    <stop arrival="12:27" departure="12:27">Ask v/Florida (Askøy)</stop>
    <stop arrival="12:28" departure="12:28">Hop skole (Askøy)</stop>
    <stop arrival="12:29" departure="12:29">Hop (Askøy aldershjem)</stop>
    <stop arrival="12:30" departure="12:30">Ellingsen gartneri (Askøy)</stop>
    <stop arrival="12:31" departure="12:31">Blåkors (Askøy)</stop>
    <stop arrival="12:33" departure="12:33">Strømsnes (Askøy)</stop>
    <stop arrival="12:34" departure="12:34">Strømsneshøyden (Askøy)</stop>
    <stop arrival="12:36" departure="12:36">Furuly (Askøy)</stop>
    <stop arrival="12:36" departure="12:36">Olaviken (Askøy)</stop>
    <stop arrival="12:38" departure="12:38">Skogvik (Askøy)</stop>
    <stop arrival="12:40" departure="12:40">Nordre Erdal</stop>
    <stop arrival="12:41" departure="12:41">Erdal skole</stop>
    <stop arrival="12:42" departure="12:42">Djupamyr (Askøy)</stop>
    <stop arrival="12:43" departure="12:43">Olufsen (Askøy)</stop>
    <stop arrival="12:44" departure="12:44">Eideskiftet (Askøy)</stop>
    <stop arrival="12:45" departure="12:45">Nordre Erdal</stop>
    <stop arrival="12:46" departure="12:46">Erdal skole</stop>
    <stop arrival="12:46" departure="12:46">Myren (Askøy)</stop>
    <stop arrival="12:47" departure="12:47">Erdal sør</stop>
    <stop arrival="12:49" departure="12:49">Østerdalen (Askøy)</stop>
    <stop arrival="12:50" departure="12:50">Florvåg Bakervågen</stop>
    <stop arrival="12:52" departure="12:52">Florvåg Øenkrysset</stop>
    <stop arrival="12:52" departure="12:52">Florvåg kai</stop>
    <stop arrival="12:53" departure="12:53">Florvåg ungdomsskole</stop>
    <stop arrival="12:55" departure="12:55">Florvåg verk</stop>
    <stop arrival="12:56" departure="12:56">Strand (Florvåg)</stop>
    <stop arrival="12:57" departure="12:57">Solhålo (Kleppestø)</stop>
    <stop arrival="12:58" departure="12:58">Kleppestø senter</stop>
    <stop arrival="13:00">Kleppestø term.</stop>
  </route>
  <route no="485" destination="Kleppestø term." url="http://www.web2051.no/bin/tp/zuginfo.exe/on/482460/163452/833900/256130/1/" trafficDays="kjører">
    <stop departure="12:17" routeNo="485">Hanevik</stop>
    <stop arrival="12:18" departure="12:18">Sæterstøl (Askøy)</stop>
    <stop arrival="12:19" departure="12:19">Lærdal (Askøy)</stop>
    <stop arrival="12:21" departure="12:21">Vikøren (Askøy)</stop>
    <stop arrival="12:21" departure="12:21">Solviken (Askøy)</stop>
    <stop arrival="12:23" departure="12:23">Lille Brevik nord (Askøy)</stop>
    <stop arrival="12:23" departure="12:23">Lille Brevik (Askøy)</stop>
    <stop arrival="12:24" departure="12:24">Bakkeland/Tumyr</stop>
    <stop arrival="12:25" departure="12:25">Kirkevik (Askøy)</stop>
    <stop arrival="12:26" departure="12:26">Asketoppen</stop>
    <stop arrival="12:27" departure="12:27">Ask v/Florida (Askøy)</stop>
    <stop arrival="12:28" departure="12:28">Hop skole (Askøy)</stop>
    <stop arrival="12:29" departure="12:29">Hop (Askøy aldershjem)</stop>
    <stop arrival="12:30" departure="12:30">Ellingsen gartneri (Askøy)</stop>
    <stop arrival="12:31" departure="12:31">Blåkors (Askøy)</stop>
    <stop arrival="12:33" departure="12:33">Strømsnes (Askøy)</stop>
    <stop arrival="12:34" departure="12:34">Strømsneshøyden (Askøy)</stop>
    <stop arrival="12:36" departure="12:36">Furuly (Askøy)</stop>
    <stop arrival="12:36" departure="12:36">Olaviken (Askøy)</stop>
    <stop arrival="12:38" departure="12:38">Skogvik (Askøy)</stop>
    <stop arrival="12:40" departure="12:40">Nordre Erdal</stop>
    <stop arrival="12:41" departure="12:41">Erdal skole</stop>
    <stop arrival="12:42" departure="12:42">Djupamyr (Askøy)</stop>
    <stop arrival="12:43" departure="12:43">Olufsen (Askøy)</stop>
    <stop arrival="12:44" departure="12:44">Eideskiftet (Askøy)</stop>
    <stop arrival="12:45" departure="12:45">Nordre Erdal</stop>
    <stop arrival="12:46" departure="12:46">Erdal skole</stop>
    <stop arrival="12:46" departure="12:46">Myren (Askøy)</stop>
    <stop arrival="12:47" departure="12:47">Erdal sør</stop>
    <stop arrival="12:48" departure="12:48">Østerdalen (Askøy)</stop>
    <stop arrival="12:49" departure="12:49">Florvåg Bakervågen</stop>
    <stop arrival="12:51" departure="12:51">Florvåg Øenkrysset</stop>
    <stop arrival="12:52" departure="12:52">Florvåg kai</stop>
    <stop arrival="12:52" departure="12:52">Florvåg ungdomsskole</stop>
    <stop arrival="12:54" departure="12:54">Florvåg verk</stop>
    <stop arrival="12:55" departure="12:55">Strand (Florvåg)</stop>
    <stop arrival="12:57" departure="12:57">Solhålo (Kleppestø)</stop>
    <stop arrival="12:58" departure="12:58">Kleppestø senter</stop>
    <stop arrival="13:00">Kleppestø term.</stop>
  </route>
  <route no="484" destination="Steinrusten snuplass" url="http://www.web2051.no/bin/tp/zuginfo.exe/on/411000/139559/740758/233379/1/" trafficDays="kjører Ma - Lø, ikke 1., 13., 17., 24. Mai">
    <stop departure="12:10" routeNo="484">Bergen Busstasjon</stop>
    <stop arrival="12:13" departure="12:13">Olav Kyrres gate</stop>
    <stop arrival="12:14" departure="12:14">Møhlenpris v/ Industrihuset</stop>
    <stop arrival="12:19" departure="12:19">Lyngbø Motorvei R555</stop>
    <stop arrival="12:24" departure="12:24">Frida Fasmer R555</stop>
    <stop arrival="12:25" departure="12:25">Storavatnet term.</stop>
    <stop arrival="12:28" departure="12:28">Brøstaneset</stop>
    <stop arrival="12:30" departure="12:30">Storeklubben (Askøy)</stop>
    <stop arrival="12:32" departure="12:32">Holmedal (Askøy)</stop>
    <stop arrival="12:35" departure="12:35">Kleppestø term.</stop>
    <stop arrival="12:36" departure="12:36">Kleppestø senter</stop>
    <stop arrival="12:36" departure="12:36">Solhålo (Kleppestø)</stop>
    <stop arrival="12:37" departure="12:37">Strand (Florvåg)</stop>
    <stop arrival="12:37" departure="12:37">Florvåg verk</stop>
    <stop arrival="12:38" departure="12:38">Florvåg ungdomsskole</stop>
    <stop arrival="12:39" departure="12:39">Florvåg Øenkrysset</stop>
    <stop arrival="12:40" departure="12:40">Florvåg Bakervågen</stop>
    <stop arrival="12:41" departure="12:41">Østerdalen (Askøy)</stop>
    <stop arrival="12:42" departure="12:42">Erdal sør</stop>
    <stop arrival="12:43" departure="12:43">Myren (Askøy)</stop>
    <stop arrival="12:43" departure="12:43">Erdal skole</stop>
    <stop arrival="12:44" departure="12:44">Nordre Erdal</stop>
    <stop arrival="12:45" departure="12:45">Eideskiftet (Askøy)</stop>
    <stop arrival="12:46" departure="12:46">Olufsen (Askøy)</stop>
    <stop arrival="12:47" departure="12:47">Djupamyr (Askøy)</stop>
    <stop arrival="12:48">Steinrusten snuplass</stop>
  </route>
  <route no="484" destination="Steinrusten snuplass" url="http://www.web2051.no/bin/tp/zuginfo.exe/on/962181/323297/913320/135934/1/" trafficDays="kjører">
    <stop departure="12:08" routeNo="484">Bergen Busstasjon</stop>
    <stop arrival="12:13" departure="12:13">Olav Kyrres gate</stop>
    <stop arrival="12:14" departure="12:14">Møhlenpris v/ Industrihuset</stop>
    <stop arrival="12:19" departure="12:19">Lyngbø Motorvei R555</stop>
    <stop arrival="12:24" departure="12:24">Frida Fasmer R555</stop>
    <stop arrival="12:25" departure="12:25">Storavatnet term.</stop>
    <stop arrival="12:28" departure="12:28">Brøstaneset</stop>
    <stop arrival="12:30" departure="12:30">Storeklubben (Askøy)</stop>
    <stop arrival="12:32" departure="12:32">Holmedal (Askøy)</stop>
    <stop arrival="12:35" departure="12:35">Kleppestø term.</stop>
    <stop arrival="12:36" departure="12:36">Kleppestø senter</stop>
    <stop arrival="12:36" departure="12:36">Solhålo (Kleppestø)</stop>
    <stop arrival="12:37" departure="12:37">Strand (Florvåg)</stop>
    <stop arrival="12:37" departure="12:37">Florvåg verk</stop>
    <stop arrival="12:38" departure="12:38">Florvåg ungdomsskole</stop>
    <stop arrival="12:39" departure="12:39">Florvåg Øenkrysset</stop>
    <stop arrival="12:40" departure="12:40">Florvåg Bakervågen</stop>
    <stop arrival="12:41" departure="12:41">Østerdalen (Askøy)</stop>
    <stop arrival="12:42" departure="12:42">Erdal sør</stop>
    <stop arrival="12:43" departure="12:43">Myren (Askøy)</stop>
    <stop arrival="12:43" departure="12:43">Erdal skole</stop>
    <stop arrival="12:44" departure="12:44">Nordre Erdal</stop>
    <stop arrival="12:46" departure="12:46">Eideskiftet (Askøy)</stop>
    <stop arrival="12:47" departure="12:47">Olufsen (Askøy)</stop>
    <stop arrival="12:48" departure="12:48">Djupamyr (Askøy)</stop>
    <stop arrival="12:50">Steinrusten snuplass</stop>
  </route>
  <route no="485" destination="Hanevik" url="http://www.web2051.no/bin/tp/zuginfo.exe/on/263916/90634/543908/183982/1/" trafficDays="kjører Sø, ikke 16. Mai; også 13., 24. Mai">
    <stop departure="12:10" routeNo="485">Bergen Busstasjon</stop>
    <stop arrival="12:13" departure="12:13">Olav Kyrres gate</stop>
    <stop arrival="12:14" departure="12:14">Møhlenpris v/ Industrihuset</stop>
    <stop arrival="12:19" departure="12:19">Lyngbø Motorvei R555</stop>
    <stop arrival="12:24" departure="12:24">Frida Fasmer R555</stop>
    <stop arrival="12:25" departure="12:25">Storavatnet term.</stop>
    <stop arrival="12:28" departure="12:28">Brøstaneset</stop>
    <stop arrival="12:30" departure="12:30">Storeklubben (Askøy)</stop>
    <stop arrival="12:32" departure="12:32">Holmedal (Askøy)</stop>
    <stop arrival="12:35" departure="12:35">Kleppestø term.</stop>
    <stop arrival="12:36" departure="12:36">Kleppestø senter</stop>
    <stop arrival="12:36" departure="12:36">Solhålo (Kleppestø)</stop>
    <stop arrival="12:37" departure="12:37">Strand (Florvåg)</stop>
    <stop arrival="12:37" departure="12:37">Florvåg verk</stop>
    <stop arrival="12:38" departure="12:38">Florvåg ungdomsskole</stop>
    <stop arrival="12:39" departure="12:39">Florvåg Øenkrysset</stop>
    <stop arrival="12:40" departure="12:40">Florvåg Bakervågen</stop>
    <stop arrival="12:41" departure="12:41">Østerdalen (Askøy)</stop>
    <stop arrival="12:42" departure="12:42">Erdal sør</stop>
    <stop arrival="12:43" departure="12:43">Myren (Askøy)</stop>
    <stop arrival="12:43" departure="12:43">Erdal skole</stop>
    <stop arrival="12:44" departure="12:44">Nordre Erdal</stop>
    <stop arrival="12:45" departure="12:45">Eideskiftet (Askøy)</stop>
    <stop arrival="12:45" departure="12:45">Olufsen (Askøy)</stop>
    <stop arrival="12:46" departure="12:46">Djupamyr (Askøy)</stop>
    <stop arrival="12:47" departure="12:47">Erdal skole</stop>
    <stop arrival="12:48" departure="12:48">Nordre Erdal</stop>
    <stop arrival="12:50" departure="12:50">Skogvik (Askøy)</stop>
    <stop arrival="12:51" departure="12:51">Olaviken (Askøy)</stop>
    <stop arrival="12:52" departure="12:52">Furuly (Askøy)</stop>
    <stop arrival="12:53" departure="12:53">Strømsneshøyden (Askøy)</stop>
    <stop arrival="12:54" departure="12:54">Strømsnes (Askøy)</stop>
    <stop arrival="12:55" departure="12:55">Blåkors (Askøy)</stop>
    <stop arrival="12:56" departure="12:56">Ellingsen gartneri (Askøy)</stop>
    <stop arrival="12:57" departure="12:57">Hop (Askøy aldershjem)</stop>
    <stop arrival="12:58" departure="12:58">Hop skole (Askøy)</stop>
    <stop arrival="12:59" departure="12:59">Ask v/Florida (Askøy)</stop>
    <stop arrival="13:00" departure="13:00">Asketoppen</stop>
    <stop arrival="13:00" departure="13:00">Kirkevik (Askøy)</stop>
    <stop arrival="13:01" departure="13:01">Bakkeland/Tumyr</stop>
    <stop arrival="13:02" departure="13:02">Lille Brevik (Askøy)</stop>
    <stop arrival="13:02" departure="13:02">Lille Brevik nord (Askøy)</stop>
    <stop arrival="13:03" departure="13:03">Solviken (Askøy)</stop>
    <stop arrival="13:03" departure="13:03">Vikøren (Askøy)</stop>
    <stop arrival="13:04" departure="13:04">Lærdal (Askøy)</stop>
    <stop arrival="13:05" departure="13:05">Sæterstøl (Askøy)</stop>
    <stop arrival="13:06">Hanevik</stop>
  </route>
  <route no="485" destination="Kleppestø term." url="http://www.web2051.no/bin/tp/zuginfo.exe/on/924051/310648/354966/130534/1/" trafficDays="kjører Lø, ikke 1. Mai">
    <stop departure="12:17" routeNo="485">Hanevik</stop>
    <stop arrival="12:18" departure="12:18">Sæterstøl (Askøy)</stop>
    <stop arrival="12:19" departure="12:19">Lærdal (Askøy)</stop>
    <stop arrival="12:21" departure="12:21">Vikøren (Askøy)</stop>
    <stop arrival="12:21" departure="12:21">Solviken (Askøy)</stop>
    <stop arrival="12:23" departure="12:23">Lille Brevik nord (Askøy)</stop>
    <stop arrival="12:23" departure="12:23">Lille Brevik (Askøy)</stop>
    <stop arrival="12:24" departure="12:24">Bakkeland/Tumyr</stop>
    <stop arrival="12:25" departure="12:25">Kirkevik (Askøy)</stop>
    <stop arrival="12:26" departure="12:26">Asketoppen</stop>
    <stop arrival="12:27" departure="12:27">Ask v/Florida (Askøy)</stop>
    <stop arrival="12:28" departure="12:28">Hop skole (Askøy)</stop>
    <stop arrival="12:29" departure="12:29">Hop (Askøy aldershjem)</stop>
    <stop arrival="12:30" departure="12:30">Ellingsen gartneri (Askøy)</stop>
    <stop arrival="12:31" departure="12:31">Blåkors (Askøy)</stop>
    <stop arrival="12:33" departure="12:33">Strømsnes (Askøy)</stop>
    <stop arrival="12:34" departure="12:34">Strømsneshøyden (Askøy)</stop>
    <stop arrival="12:36" departure="12:36">Furuly (Askøy)</stop>
    <stop arrival="12:36" departure="12:36">Olaviken (Askøy)</stop>
    <stop arrival="12:38" departure="12:38">Skogvik (Askøy)</stop>
    <stop arrival="12:40" departure="12:40">Nordre Erdal</stop>
    <stop arrival="12:41" departure="12:41">Erdal skole</stop>
    <stop arrival="12:42" departure="12:42">Djupamyr (Askøy)</stop>
    <stop arrival="12:43" departure="12:43">Olufsen (Askøy)</stop>
    <stop arrival="12:44" departure="12:44">Eideskiftet (Askøy)</stop>
    <stop arrival="12:45" departure="12:45">Nordre Erdal</stop>
    <stop arrival="12:46" departure="12:46">Erdal skole</stop>
    <stop arrival="12:46" departure="12:46">Myren (Askøy)</stop>
    <stop arrival="12:47" departure="12:47">Erdal sør</stop>
    <stop arrival="12:49" departure="12:49">Østerdalen (Askøy)</stop>
    <stop arrival="12:50" departure="12:50">Florvåg Bakervågen</stop>
    <stop arrival="12:52" departure="12:52">Florvåg Øenkrysset</stop>
    <stop arrival="12:52" departure="12:52">Florvåg kai</stop>
    <stop arrival="12:53" departure="12:53">Florvåg ungdomsskole</stop>
    <stop arrival="12:55" departure="12:55">Florvåg verk</stop>
    <stop arrival="12:56" departure="12:56">Strand (Florvåg)</stop>
    <stop arrival="12:57" departure="12:57">Solhålo (Kleppestø)</stop>
    <stop arrival="12:58" departure="12:58">Kleppestø senter</stop>
    <stop arrival="13:00">Kleppestø term.</stop>
  </route>
  <route no="485" destination="Kleppestø term." url="http://www.web2051.no/bin/tp/zuginfo.exe/on/312066/106654/412200/102078/1/" trafficDays="kjører">
    <stop departure="12:17" routeNo="485">Hanevik</stop>
    <stop arrival="12:18" departure="12:18">Sæterstøl (Askøy)</stop>
    <stop arrival="12:19" departure="12:19">Lærdal (Askøy)</stop>
    <stop arrival="12:21" departure="12:21">Vikøren (Askøy)</stop>
    <stop arrival="12:21" departure="12:21">Solviken (Askøy)</stop>
    <stop arrival="12:23" departure="12:23">Lille Brevik nord (Askøy)</stop>
    <stop arrival="12:23" departure="12:23">Lille Brevik (Askøy)</stop>
    <stop arrival="12:24" departure="12:24">Bakkeland/Tumyr</stop>
    <stop arrival="12:25" departure="12:25">Kirkevik (Askøy)</stop>
    <stop arrival="12:26" departure="12:26">Asketoppen</stop>
    <stop arrival="12:27" departure="12:27">Ask v/Florida (Askøy)</stop>
    <stop arrival="12:28" departure="12:28">Hop skole (Askøy)</stop>
    <stop arrival="12:29" departure="12:29">Hop (Askøy aldershjem)</stop>
    <stop arrival="12:30" departure="12:30">Ellingsen gartneri (Askøy)</stop>
    <stop arrival="12:31" departure="12:31">Blåkors (Askøy)</stop>
    <stop arrival="12:33" departure="12:33">Strømsnes (Askøy)</stop>
    <stop arrival="12:34" departure="12:34">Strømsneshøyden (Askøy)</stop>
    <stop arrival="12:36" departure="12:36">Furuly (Askøy)</stop>
    <stop arrival="12:36" departure="12:36">Olaviken (Askøy)</stop>
    <stop arrival="12:38" departure="12:38">Skogvik (Askøy)</stop>
    <stop arrival="12:40" departure="12:40">Nordre Erdal</stop>
    <stop arrival="12:41" departure="12:41">Erdal skole</stop>
    <stop arrival="12:42" departure="12:42">Djupamyr (Askøy)</stop>
    <stop arrival="12:43" departure="12:43">Olufsen (Askøy)</stop>
    <stop arrival="12:44" departure="12:44">Eideskiftet (Askøy)</stop>
    <stop arrival="12:45" departure="12:45">Nordre Erdal</stop>
    <stop arrival="12:46" departure="12:46">Erdal skole</stop>
    <stop arrival="12:46" departure="12:46">Myren (Askøy)</stop>
    <stop arrival="12:47" departure="12:47">Erdal sør</stop>
    <stop arrival="12:48" departure="12:48">Østerdalen (Askøy)</stop>
    <stop arrival="12:49" departure="12:49">Florvåg Bakervågen</stop>
    <stop arrival="12:51" departure="12:51">Florvåg Øenkrysset</stop>
    <stop arrival="12:52" departure="12:52">Florvåg kai</stop>
    <stop arrival="12:52" departure="12:52">Florvåg ungdomsskole</stop>
    <stop arrival="12:54" departure="12:54">Florvåg verk</stop>
    <stop arrival="12:55" departure="12:55">Strand (Florvåg)</stop>
    <stop arrival="12:57" departure="12:57">Solhålo (Kleppestø)</stop>
    <stop arrival="12:58" departure="12:58">Kleppestø senter</stop>
    <stop arrival="13:00">Kleppestø term.</stop>
  </route>
  <route no="485" destination="Hanevik" url="http://www.web2051.no/bin/tp/zuginfo.exe/on/516384/174790/681462/168603/1/" trafficDays="kjører Sø, ikke 16. Mai; også 13., 24. Mai">
    <stop departure="12:10" routeNo="485">Bergen Busstasjon</stop>
    <stop arrival="12:13" departure="12:13">Olav Kyrres gate</stop>
    <stop arrival="12:14" departure="12:14">Møhlenpris v/ Industrihuset</stop>
    <stop arrival="12:19" departure="12:19">Lyngbø Motorvei R555</stop>
    <stop arrival="12:24" departure="12:24">Frida Fasmer R555</stop>
    <stop arrival="12:25" departure="12:25">Storavatnet term.</stop>
    <stop arrival="12:28" departure="12:28">Brøstaneset</stop>
    <stop arrival="12:30" departure="12:30">Storeklubben (Askøy)</stop>
    <stop arrival="12:32" departure="12:32">Holmedal (Askøy)</stop>
    <stop arrival="12:35" departure="12:35">Kleppestø term.</stop>
    <stop arrival="12:36" departure="12:36">Kleppestø senter</stop>
    <stop arrival="12:36" departure="12:36">Solhålo (Kleppestø)</stop>
    <stop arrival="12:37" departure="12:37">Strand (Florvåg)</stop>
    <stop arrival="12:37" departure="12:37">Florvåg verk</stop>
    <stop arrival="12:38" departure="12:38">Florvåg ungdomsskole</stop>
    <stop arrival="12:39" departure="12:39">Florvåg Øenkrysset</stop>
    <stop arrival="12:40" departure="12:40">Florvåg Bakervågen</stop>
    <stop arrival="12:41" departure="12:41">Østerdalen (Askøy)</stop>
    <stop arrival="12:42" departure="12:42">Erdal sør</stop>
    <stop arrival="12:43" departure="12:43">Myren (Askøy)</stop>
    <stop arrival="12:43" departure="12:43">Erdal skole</stop>
    <stop arrival="12:44" departure="12:44">Nordre Erdal</stop>
    <stop arrival="12:45" departure="12:45">Eideskiftet (Askøy)</stop>
    <stop arrival="12:45" departure="12:45">Olufsen (Askøy)</stop>
    <stop arrival="12:46" departure="12:46">Djupamyr (Askøy)</stop>
    <stop arrival="12:47" departure="12:47">Erdal skole</stop>
    <stop arrival="12:48" departure="12:48">Nordre Erdal</stop>
    <stop arrival="12:50" departure="12:50">Skogvik (Askøy)</stop>
    <stop arrival="12:51" departure="12:51">Olaviken (Askøy)</stop>
    <stop arrival="12:52" departure="12:52">Furuly (Askøy)</stop>
    <stop arrival="12:53" departure="12:53">Strømsneshøyden (Askøy)</stop>
    <stop arrival="12:54" departure="12:54">Strømsnes (Askøy)</stop>
    <stop arrival="12:55" departure="12:55">Blåkors (Askøy)</stop>
    <stop arrival="12:56" departure="12:56">Ellingsen gartneri (Askøy)</stop>
    <stop arrival="12:57" departure="12:57">Hop (Askøy aldershjem)</stop>
    <stop arrival="12:58" departure="12:58">Hop skole (Askøy)</stop>
    <stop arrival="12:59" departure="12:59">Ask v/Florida (Askøy)</stop>
    <stop arrival="13:00" departure="13:00">Asketoppen</stop>
    <stop arrival="13:00" departure="13:00">Kirkevik (Askøy)</stop>
    <stop arrival="13:01" departure="13:01">Bakkeland/Tumyr</stop>
    <stop arrival="13:02" departure="13:02">Lille Brevik (Askøy)</stop>
    <stop arrival="13:02" departure="13:02">Lille Brevik nord (Askøy)</stop>
    <stop arrival="13:03" departure="13:03">Solviken (Askøy)</stop>
    <stop arrival="13:03" departure="13:03">Vikøren (Askøy)</stop>
    <stop arrival="13:04" departure="13:04">Lærdal (Askøy)</stop>
    <stop arrival="13:05" departure="13:05">Sæterstøl (Askøy)</stop>
    <stop arrival="13:06">Hanevik</stop>
  </route>
</routes>
