<?xml version="1.0" encoding="UTF-8"?>
<routes>
  <route no="71" destination="Viddalen" url="http://www.web2051.no/bin/tp/zuginfo.exe/on/965796/326631/580180/31843/1/" trafficDays="kjører Lø, ikke 1. Mai">
    <stop departure="12:00" routeNo="71">Nipedalen</stop>
    <stop arrival="12:01" departure="12:01">Lyngbøkollen</stop>
    <stop arrival="12:02" departure="12:02">Øvre Lyngbø</stop>
    <stop arrival="12:03" departure="12:03">Nipedalen v/nr.23</stop>
    <stop arrival="12:03" departure="12:03">Nipedalen v/Lyngbøveien</stop>
    <stop arrival="12:04" departure="12:04">Lyngbøveien</stop>
    <stop arrival="12:05" departure="12:05">Nygårdslien</stop>
    <stop arrival="12:05" departure="12:05">Haustbeitet</stop>
    <stop arrival="12:06" departure="12:06">Nygård, Laksevåg</stop>
    <stop arrival="12:08" departure="12:08">Kringsjå</stop>
    <stop arrival="12:09" departure="12:09">Oldernes</stop>
    <stop arrival="12:10" departure="12:10">Vågedalen</stop>
    <stop arrival="12:11" departure="12:11">Fergeveien</stop>
    <stop arrival="12:13" departure="12:13">Jansongården</stop>
    <stop arrival="12:14" departure="12:14">Solveien</stop>
    <stop arrival="12:15" departure="12:15">Gyldenpris</stop>
    <stop arrival="12:18" departure="12:18">Møhlenpris v/ Industrihuset</stop>
    <stop arrival="12:20" departure="12:20">Christies gate (Festplassen)</stop>
    <stop arrival="12:23" departure="12:23">Torget (Bergen)</stop>
    <stop arrival="12:24" departure="12:24">Bryggen</stop>
    <stop arrival="12:24" departure="12:24">Slottsgaten</stop>
    <stop arrival="12:25" departure="12:25">Bontelabo</stop>
    <stop arrival="12:26" departure="12:26">Skutevikstorget</stop>
    <stop arrival="12:26" departure="12:26">Sjøgaten</stop>
    <stop arrival="12:27" departure="12:27">Sandvikstorget</stop>
    <stop arrival="12:28" departure="12:28">Ludebryggen</stop>
    <stop arrival="12:28" departure="12:28">Munkebotten</stop>
    <stop arrival="12:30" departure="12:30">Nyhavnsvei (Gamle Bergen)</stop>
    <stop arrival="12:31" departure="12:31">Handelshøyskolen</stop>
    <stop arrival="12:33" departure="12:33">Eidsvåg</stop>
    <stop arrival="12:36" departure="12:36">Tertneskrysset nyevegen</stop>
    <stop arrival="12:38" departure="12:38">Stamskaret</stop>
    <stop arrival="12:39" departure="12:39">Hesthaugen</stop>
    <stop arrival="12:40" departure="12:40">Åsane terminal</stop>
    <stop arrival="12:42" departure="12:42">Ulsetåsen</stop>
    <stop arrival="12:43" departure="12:43">Haukeberget</stop>
    <stop arrival="12:45" departure="12:45">Botnane</stop>
    <stop arrival="12:46" departure="12:46">Haukedalsvegen</stop>
    <stop arrival="12:47" departure="12:47">Sjøveien</stop>
    <stop arrival="12:48" departure="12:48">Tertitten</stop>
    <stop arrival="12:48" departure="12:48">Kipo</stop>
    <stop arrival="12:49" departure="12:49">Storevarden</stop>
    <stop arrival="12:49" departure="12:49">Nesmyr</stop>
    <stop arrival="12:50" departure="12:50">Bekkjarvik (Åsane)</stop>
    <stop arrival="12:51" departure="12:51">Bekkjarvikkryss (Åsane)</stop>
    <stop arrival="12:52" departure="12:52">Kvernevikstemma</stop>
    <stop arrival="12:52" departure="12:52">Åsane sand + singel</stop>
    <stop arrival="12:53" departure="12:53">Bryggedalen</stop>
    <stop arrival="12:55">Viddalen</stop>
  </route>
  <route no="71" destination="Viddalen" url="http://www.web2051.no/bin/tp/zuginfo.exe/on/395634/136610/999564/367906/1/" trafficDays="kjører Ma - Fr, ikke 13., 17., 24. Mai">
    <stop departure="12:00" routeNo="71">Nipedalen</stop>
    <stop arrival="12:01" departure="12:01">Lyngbøkollen</stop>
    <stop arrival="12:02" departure="12:02">Øvre Lyngbø</stop>
    <stop arrival="12:03" departure="12:03">Nipedalen v/nr.23</stop>
    <stop arrival="12:03" departure="12:03">Nipedalen v/Lyngbøveien</stop>
    <stop arrival="12:04" departure="12:04">Lyngbøveien</stop>
    <stop arrival="12:05" departure="12:05">Nygårdslien</stop>
    <stop arrival="12:05" departure="12:05">Haustbeitet</stop>
    <stop arrival="12:06" departure="12:06">Nygård, Laksevåg</stop>
    <stop arrival="12:08" departure="12:08">Kringsjå</stop>
    <stop arrival="12:09" departure="12:09">Oldernes</stop>
    <stop arrival="12:10" departure="12:10">Vågedalen</stop>
    <stop arrival="12:11" departure="12:11">Fergeveien</stop>
    <stop arrival="12:13" departure="12:13">Jansongården</stop>
    <stop arrival="12:14" departure="12:14">Solveien</stop>
    <stop arrival="12:15" departure="12:15">Gyldenpris</stop>
    <stop arrival="12:18" departure="12:18">Møhlenpris v/ Industrihuset</stop>
    <stop arrival="12:20" departure="12:20">Christies gate (Festplassen)</stop>
    <stop arrival="12:23" departure="12:23">Torget (Bergen)</stop>
    <stop arrival="12:24" departure="12:24">Bryggen</stop>
    <stop arrival="12:24" departure="12:24">Slottsgaten</stop>
    <stop arrival="12:25" departure="12:25">Bontelabo</stop>
    <stop arrival="12:26" departure="12:26">Skutevikstorget</stop>
    <stop arrival="12:26" departure="12:26">Sjøgaten</stop>
    <stop arrival="12:27" departure="12:27">Sandvikstorget</stop>
    <stop arrival="12:28" departure="12:28">Ludebryggen</stop>
    <stop arrival="12:28" departure="12:28">Munkebotten</stop>
    <stop arrival="12:30" departure="12:30">Nyhavnsvei (Gamle Bergen)</stop>
    <stop arrival="12:31" departure="12:31">Handelshøyskolen</stop>
    <stop arrival="12:33" departure="12:33">Eidsvåg</stop>
    <stop arrival="12:36" departure="12:36">Tertneskrysset nyevegen</stop>
    <stop arrival="12:38" departure="12:38">Stamskaret</stop>
    <stop arrival="12:39" departure="12:39">Hesthaugen</stop>
    <stop arrival="12:40" departure="12:40">Åsane terminal</stop>
    <stop arrival="12:42" departure="12:42">Ulsetåsen</stop>
    <stop arrival="12:43" departure="12:43">Haukeberget</stop>
    <stop arrival="12:45" departure="12:45">Botnane</stop>
    <stop arrival="12:46" departure="12:46">Haukedalsvegen</stop>
    <stop arrival="12:47" departure="12:47">Sjøveien</stop>
    <stop arrival="12:48" departure="12:48">Tertitten</stop>
    <stop arrival="12:48" departure="12:48">Kipo</stop>
    <stop arrival="12:49" departure="12:49">Storevarden</stop>
    <stop arrival="12:49" departure="12:49">Nesmyr</stop>
    <stop arrival="12:50" departure="12:50">Bekkjarvik (Åsane)</stop>
    <stop arrival="12:51" departure="12:51">Bekkjarvikkryss (Åsane)</stop>
    <stop arrival="12:52" departure="12:52">Kvernevikstemma</stop>
    <stop arrival="12:52" departure="12:52">Åsane sand + singel</stop>
    <stop arrival="12:53" departure="12:53">Bryggedalen</stop>
    <stop arrival="13:00">Viddalen</stop>
  </route>
  <route no="70" destination="Bergen Busstasjon" url="http://www.web2051.no/bin/tp/zuginfo.exe/on/636060/213822/665450/120707/1/" trafficDays="kjører Ma - Fr, ikke 13., 17., 24. Mai">
    <stop departure="12:10" routeNo="70">Nipedalen</stop>
    <stop arrival="12:11" departure="12:11">Lyngbøkollen</stop>
    <stop arrival="12:12" departure="12:12">Øvre Lyngbø</stop>
    <stop arrival="12:12" departure="12:12">Nipedalen v/nr.23</stop>
    <stop arrival="12:13" departure="12:13">Kvernhusveien</stop>
    <stop arrival="12:13" departure="12:13">Lyngbøveien v/nr. 146</stop>
    <stop arrival="12:14" departure="12:14">Lyngbø</stop>
    <stop arrival="12:14" departure="12:14">Lyngbøtunet</stop>
    <stop arrival="12:15" departure="12:15">Lyderhornsveien</stop>
    <stop arrival="12:15" departure="12:15">Gravdalsveien</stop>
    <stop arrival="12:16" departure="12:16">Sjøkrigsskoleveien</stop>
    <stop arrival="12:16" departure="12:16">Skjenevik</stop>
    <stop arrival="12:17" departure="12:17">Gravdal</stop>
    <stop arrival="12:18" departure="12:18">Skjenevik</stop>
    <stop arrival="12:19" departure="12:19">Sjøkrigsskoleveien</stop>
    <stop arrival="12:19" departure="12:19">Gravdalsveien (Laksevåg)</stop>
    <stop arrival="12:21" departure="12:21">Nygård, Laksevåg</stop>
    <stop arrival="12:22" departure="12:22">Kringsjå</stop>
    <stop arrival="12:23" departure="12:23">Oldernes</stop>
    <stop arrival="12:24" departure="12:24">Vågedalen</stop>
    <stop arrival="12:25" departure="12:25">Fergeveien</stop>
    <stop arrival="12:27" departure="12:27">Jansongården</stop>
    <stop arrival="12:29" departure="12:29">Solveien</stop>
    <stop arrival="12:30" departure="12:30">Gyldenpris</stop>
    <stop arrival="12:33" departure="12:33">Møhlenpris v/ Industrihuset</stop>
    <stop arrival="12:35" departure="12:35">Christies gate (Festplassen)</stop>
    <stop arrival="12:40">Bergen Busstasjon</stop>
  </route>
  <route no="71" destination="Christies gate (Festplassen)" url="http://www.web2051.no/bin/tp/zuginfo.exe/on/392442/135515/756990/247682/1/" trafficDays="kjører Lø, ikke 1. Mai">
    <stop departure="12:15" routeNo="71">Nipedalen</stop>
    <stop arrival="12:16" departure="12:16">Lyngbøkollen</stop>
    <stop arrival="12:17" departure="12:17">Øvre Lyngbø</stop>
    <stop arrival="12:18" departure="12:18">Nipedalen v/nr.23</stop>
    <stop arrival="12:18" departure="12:18">Nipedalen v/Lyngbøveien</stop>
    <stop arrival="12:19" departure="12:19">Lyngbøveien</stop>
    <stop arrival="12:20" departure="12:20">Nygårdslien</stop>
    <stop arrival="12:20" departure="12:20">Haustbeitet</stop>
    <stop arrival="12:21" departure="12:21">Nygård, Laksevåg</stop>
    <stop arrival="12:23" departure="12:23">Kringsjå</stop>
    <stop arrival="12:24" departure="12:24">Oldernes</stop>
    <stop arrival="12:25" departure="12:25">Vågedalen</stop>
    <stop arrival="12:26" departure="12:26">Fergeveien</stop>
    <stop arrival="12:28" departure="12:28">Jansongården</stop>
    <stop arrival="12:29" departure="12:29">Solveien</stop>
    <stop arrival="12:30" departure="12:30">Gyldenpris</stop>
    <stop arrival="12:33" departure="12:33">Møhlenpris v/ Industrihuset</stop>
    <stop arrival="12:35">Christies gate (Festplassen)</stop>
  </route>
  <route no="70" destination="Bergen Busstasjon" url="http://www.web2051.no/bin/tp/zuginfo.exe/on/642666/215996/774642/173099/1/" trafficDays="kjører Lø, ikke 1. Mai">
    <stop departure="12:25" routeNo="70">Nipedalen</stop>
    <stop arrival="12:26" departure="12:26">Lyngbøkollen</stop>
    <stop arrival="12:27" departure="12:27">Øvre Lyngbø</stop>
    <stop arrival="12:27" departure="12:27">Nipedalen v/nr.23</stop>
    <stop arrival="12:28" departure="12:28">Kvernhusveien</stop>
    <stop arrival="12:28" departure="12:28">Lyngbøveien v/nr. 146</stop>
    <stop arrival="12:29" departure="12:29">Lyngbø</stop>
    <stop arrival="12:29" departure="12:29">Lyngbøtunet</stop>
    <stop arrival="12:30" departure="12:30">Lyderhornsveien</stop>
    <stop arrival="12:30" departure="12:30">Gravdalsveien</stop>
    <stop arrival="12:31" departure="12:31">Sjøkrigsskoleveien</stop>
    <stop arrival="12:31" departure="12:31">Skjenevik</stop>
    <stop arrival="12:32" departure="12:32">Gravdal</stop>
    <stop arrival="12:33" departure="12:33">Skjenevik</stop>
    <stop arrival="12:34" departure="12:34">Sjøkrigsskoleveien</stop>
    <stop arrival="12:34" departure="12:34">Gravdalsveien (Laksevåg)</stop>
    <stop arrival="12:36" departure="12:36">Nygård, Laksevåg</stop>
    <stop arrival="12:37" departure="12:37">Kringsjå</stop>
    <stop arrival="12:38" departure="12:38">Oldernes</stop>
    <stop arrival="12:39" departure="12:39">Vågedalen</stop>
    <stop arrival="12:40" departure="12:40">Fergeveien</stop>
    <stop arrival="12:42" departure="12:42">Jansongården</stop>
    <stop arrival="12:44" departure="12:44">Solveien</stop>
    <stop arrival="12:45" departure="12:45">Gyldenpris</stop>
    <stop arrival="12:48" departure="12:48">Møhlenpris v/ Industrihuset</stop>
    <stop arrival="12:50" departure="12:50">Christies gate (Festplassen)</stop>
    <stop arrival="12:55">Bergen Busstasjon</stop>
  </route>
  <route no="71" destination="Viddalen" url="http://www.web2051.no/bin/tp/zuginfo.exe/on/848202/287466/525416/20029/1/" trafficDays="kjører Ma - Fr, ikke 13., 17., 24. Mai">
    <stop departure="12:30" routeNo="71">Nipedalen</stop>
    <stop arrival="12:31" departure="12:31">Lyngbøkollen</stop>
    <stop arrival="12:32" departure="12:32">Øvre Lyngbø</stop>
    <stop arrival="12:33" departure="12:33">Nipedalen v/nr.23</stop>
    <stop arrival="12:33" departure="12:33">Nipedalen v/Lyngbøveien</stop>
    <stop arrival="12:34" departure="12:34">Lyngbøveien</stop>
    <stop arrival="12:35" departure="12:35">Nygårdslien</stop>
    <stop arrival="12:35" departure="12:35">Haustbeitet</stop>
    <stop arrival="12:36" departure="12:36">Nygård, Laksevåg</stop>
    <stop arrival="12:38" departure="12:38">Kringsjå</stop>
    <stop arrival="12:39" departure="12:39">Oldernes</stop>
    <stop arrival="12:40" departure="12:40">Vågedalen</stop>
    <stop arrival="12:41" departure="12:41">Fergeveien</stop>
    <stop arrival="12:43" departure="12:43">Jansongården</stop>
    <stop arrival="12:44" departure="12:44">Solveien</stop>
    <stop arrival="12:45" departure="12:45">Gyldenpris</stop>
    <stop arrival="12:48" departure="12:48">Møhlenpris v/ Industrihuset</stop>
    <stop arrival="12:50" departure="12:50">Christies gate (Festplassen)</stop>
    <stop arrival="12:53" departure="12:53">Torget (Bergen)</stop>
    <stop arrival="12:54" departure="12:54">Bryggen</stop>
    <stop arrival="12:54" departure="12:54">Slottsgaten</stop>
    <stop arrival="12:55" departure="12:55">Bontelabo</stop>
    <stop arrival="12:56" departure="12:56">Skutevikstorget</stop>
    <stop arrival="12:56" departure="12:56">Sjøgaten</stop>
    <stop arrival="12:57" departure="12:57">Sandvikstorget</stop>
    <stop arrival="12:58" departure="12:58">Ludebryggen</stop>
    <stop arrival="12:58" departure="12:58">Munkebotten</stop>
    <stop arrival="13:00" departure="13:00">Nyhavnsvei (Gamle Bergen)</stop>
    <stop arrival="13:01" departure="13:01">Handelshøyskolen</stop>
    <stop arrival="13:03" departure="13:03">Eidsvåg</stop>
    <stop arrival="13:06" departure="13:06">Tertneskrysset nyevegen</stop>
    <stop arrival="13:08" departure="13:08">Stamskaret</stop>
    <stop arrival="13:09" departure="13:09">Hesthaugen</stop>
    <stop arrival="13:10" departure="13:10">Åsane terminal</stop>
    <stop arrival="13:12" departure="13:12">Ulsetåsen</stop>
    <stop arrival="13:13" departure="13:13">Haukeberget</stop>
    <stop arrival="13:15" departure="13:15">Botnane</stop>
    <stop arrival="13:16" departure="13:16">Haukedalsvegen</stop>
    <stop arrival="13:17" departure="13:17">Sjøveien</stop>
    <stop arrival="13:18" departure="13:18">Tertitten</stop>
    <stop arrival="13:18" departure="13:18">Kipo</stop>
    <stop arrival="13:19" departure="13:19">Storevarden</stop>
    <stop arrival="13:19" departure="13:19">Nesmyr</stop>
    <stop arrival="13:20" departure="13:20">Bekkjarvik (Åsane)</stop>
    <stop arrival="13:21" departure="13:21">Bekkjarvikkryss (Åsane)</stop>
    <stop arrival="13:22" departure="13:22">Kvernevikstemma</stop>
    <stop arrival="13:22" departure="13:22">Åsane sand + singel</stop>
    <stop arrival="13:23" departure="13:23">Bryggedalen</stop>
    <stop arrival="13:30">Viddalen</stop>
  </route>
  <route no="71" destination="Christies gate (Festplassen)" url="http://www.web2051.no/bin/tp/zuginfo.exe/on/764373/259471/827058/158739/1/" trafficDays="kjører Sø, også 1., 13., 17., 24. Mai">
    <stop departure="12:38" routeNo="71">Nipedalen</stop>
    <stop arrival="12:39" departure="12:39">Lyngbøkollen</stop>
    <stop arrival="12:40" departure="12:40">Øvre Lyngbø</stop>
    <stop arrival="12:41" departure="12:41">Nipedalen v/nr.23</stop>
    <stop arrival="12:41" departure="12:41">Nipedalen v/Lyngbøveien</stop>
    <stop arrival="12:42" departure="12:42">Lyngbøveien</stop>
    <stop arrival="12:43" departure="12:43">Nygårdslien</stop>
    <stop arrival="12:43" departure="12:43">Haustbeitet</stop>
    <stop arrival="12:44" departure="12:44">Nygård, Laksevåg</stop>
    <stop arrival="12:46" departure="12:46">Kringsjå</stop>
    <stop arrival="12:47" departure="12:47">Oldernes</stop>
    <stop arrival="12:48" departure="12:48">Vågedalen</stop>
    <stop arrival="12:49" departure="12:49">Fergeveien</stop>
    <stop arrival="12:51" departure="12:51">Jansongården</stop>
    <stop arrival="12:52" departure="12:52">Solveien</stop>
    <stop arrival="12:53" departure="12:53">Gyldenpris</stop>
    <stop arrival="12:56" departure="12:56">Møhlenpris v/ Industrihuset</stop>
    <stop arrival="12:58">Christies gate (Festplassen)</stop>
  </route>
  <route no="71" destination="Christies gate (Festplassen)" url="http://www.web2051.no/bin/tp/zuginfo.exe/on/550896/188366/668776/150756/1/" trafficDays="kjører Ma - Fr, ikke 13., 17., 24. Mai">
    <stop departure="12:45" routeNo="71">Nipedalen</stop>
    <stop arrival="12:46" departure="12:46">Lyngbøkollen</stop>
    <stop arrival="12:47" departure="12:47">Øvre Lyngbø</stop>
    <stop arrival="12:48" departure="12:48">Nipedalen v/nr.23</stop>
    <stop arrival="12:48" departure="12:48">Nipedalen v/Lyngbøveien</stop>
    <stop arrival="12:49" departure="12:49">Lyngbøveien</stop>
    <stop arrival="12:50" departure="12:50">Nygårdslien</stop>
    <stop arrival="12:50" departure="12:50">Haustbeitet</stop>
    <stop arrival="12:51" departure="12:51">Nygård, Laksevåg</stop>
    <stop arrival="12:53" departure="12:53">Kringsjå</stop>
    <stop arrival="12:54" departure="12:54">Oldernes</stop>
    <stop arrival="12:55" departure="12:55">Vågedalen</stop>
    <stop arrival="12:56" departure="12:56">Fergeveien</stop>
    <stop arrival="12:58" departure="12:58">Jansongården</stop>
    <stop arrival="12:59" departure="12:59">Solveien</stop>
    <stop arrival="13:00" departure="13:00">Gyldenpris</stop>
    <stop arrival="13:03" departure="13:03">Møhlenpris v/ Industrihuset</stop>
    <stop arrival="13:05">Christies gate (Festplassen)</stop>
  </route>
</routes>
