<?xml version="1.0" encoding="UTF-8"?>
<routes>
  <route no="479" destination="Straume term." url="http://www.web2051.no/bin/tp/zuginfo.exe/on/952329/319919/17980/308455/1/" trafficDays="kjører Ma - Fr, ikke 13., 17., 24. Mai">
    <stop departure="12:10" routeNo="479">Hellesøy kai</stop>
    <stop arrival="12:11" departure="12:11">Hellesøy (Øygarden)</stop>
    <stop arrival="12:11" departure="12:11">Hellesund (Øygarden)</stop>
    <stop arrival="12:12" departure="12:12">Kalfaret (Øygarden)</stop>
    <stop arrival="12:12" departure="12:12">Svellingen</stop>
    <stop arrival="12:13" departure="12:13">Bakken skule (Øygarden)</stop>
    <stop arrival="12:13" departure="12:13">Hjelme gravplass</stop>
    <stop arrival="12:14" departure="12:14">Hjelme kyrkje</stop>
    <stop arrival="12:14" departure="12:14">Halvardskryss</stop>
    <stop arrival="12:15" departure="12:15">Hjelme kryss</stop>
    <stop arrival="12:16" departure="12:16">Trollvatn (Øygarden)</stop>
    <stop arrival="12:17" departure="12:17">Storhilderen (Øygarden)</stop>
    <stop arrival="12:18" departure="12:18">Stølsnes (Øygarden)</stop>
    <stop arrival="12:18" departure="12:18">Nautnes</stop>
    <stop arrival="12:18" departure="12:18">Nordvik nord (Øygarden)</stop>
    <stop arrival="12:19" departure="12:19">Nordvik sør (Øygarden)</stop>
    <stop arrival="12:19" departure="12:19">Gamle Sturekryss</stop>
    <stop arrival="12:20" departure="12:20">Skjold (Øygarden)</stop>
    <stop arrival="12:22" departure="12:22">Sture oljeterm. kryss</stop>
    <stop arrival="12:25" departure="12:25">Alvheimstre</stop>
    <stop arrival="12:27" departure="12:27">Alvheim skule</stop>
    <stop arrival="12:27" departure="12:27">Dåvøy kryss</stop>
    <stop arrival="12:28" departure="12:28">Alvheim kryss</stop>
    <stop arrival="12:30" departure="12:30">Tjeldstø terminal</stop>
    <stop arrival="12:31" departure="12:31">Tjeldstøstraumen</stop>
    <stop arrival="12:31" departure="12:31">Sauøy (Øygarden)</stop>
    <stop arrival="12:32" departure="12:32">Straumøy (Øygarden)</stop>
    <stop arrival="12:34" departure="12:34">Østlandet (Øygarden)</stop>
    <stop arrival="12:35" departure="12:35">Ovågen Kystmuseum</stop>
    <stop arrival="12:36" departure="12:36">Rossnes (Øygarden)</stop>
    <stop arrival="12:36" departure="12:36">Nålura (Øygarden)</stop>
    <stop arrival="12:37" departure="12:37">Kollsnes Næringspark</stop>
    <stop arrival="12:40" departure="12:40">Dale (Øygarden)</stop>
    <stop arrival="12:40" departure="12:40">Blomvåg terminal</stop>
    <stop arrival="12:41" departure="12:41">Blom (Øygarden)</stop>
    <stop arrival="12:42" departure="12:42">Søre Sæle (Øygarden)</stop>
    <stop arrival="12:42" departure="12:42">Søre Sæle (Butikken) Øygarden</stop>
    <stop arrival="12:44" departure="12:44">Rong Kulturhus</stop>
    <stop arrival="12:45" departure="12:45">Rong senter</stop>
    <stop arrival="12:46" departure="12:46">Rong Arseta</stop>
    <stop arrival="12:46" departure="12:46">Rong Austamarka</stop>
    <stop arrival="12:47" departure="12:47">Rong Raudhammeren</stop>
    <stop arrival="12:49" departure="12:49">Toftøy Stekabakken</stop>
    <stop arrival="12:50" departure="12:50">Torsvik kryss (Øygarden)</stop>
    <stop arrival="12:51" departure="12:51">Toftøy ved fotballbanen</stop>
    <stop arrival="12:51" departure="12:51">Toftøy Hyttegrenda</stop>
    <stop arrival="12:52" departure="12:52">Vik (Øygarden)</stop>
    <stop arrival="12:53" departure="12:53">Stegavika</stop>
    <stop arrival="12:53" departure="12:53">Svelgen bro</stop>
    <stop arrival="12:54" departure="12:54">Misje nord</stop>
    <stop arrival="12:54" departure="12:54">Misje</stop>
    <stop arrival="12:55" departure="12:55">Misje sør</stop>
    <stop arrival="12:57" departure="12:57">Solsvik Elvebakken R561</stop>
    <stop arrival="13:01" departure="13:01">Vindenes kryss</stop>
    <stop arrival="13:05" departure="13:05">Ågotnes terminal</stop>
    <stop arrival="13:06" departure="13:06">Ågotnes Kryss CCB</stop>
    <stop arrival="13:06" departure="13:06">Ågotnes Maggevarden</stop>
    <stop arrival="13:07" departure="13:07">Ågotnes</stop>
    <stop arrival="13:08" departure="13:08">Ågotnes Vanntanken</stop>
    <stop arrival="13:10" departure="13:10">Spjeldbrekko</stop>
    <stop arrival="13:11" departure="13:11">Spjeld</stop>
    <stop arrival="13:11" departure="13:11">Ormevik</stop>
    <stop arrival="13:12" departure="13:12">Knappskog</stop>
    <stop arrival="13:13" departure="13:13">Fjæreide kryss</stop>
    <stop arrival="13:15" departure="13:15">Knappskog utmark</stop>
    <stop arrival="13:16" departure="13:16">Morlandstø</stop>
    <stop arrival="13:17" departure="13:17">Morland ved bensinstasjon</stop>
    <stop arrival="13:18" departure="13:18">Kolltveit senter</stop>
    <stop arrival="13:19" departure="13:19">Kolltveit kai</stop>
    <stop arrival="13:20" departure="13:20">Kolltveit Bergasletto</stop>
    <stop arrival="13:21" departure="13:21">Kolltveit sør</stop>
    <stop arrival="13:21" departure="13:21">Kolltveit ved skulen</stop>
    <stop arrival="13:22" departure="13:22">Kolltveit kryss</stop>
    <stop arrival="13:23" departure="13:23">Døsjeskiftet</stop>
    <stop arrival="13:24" departure="13:24">Bildøy bro</stop>
    <stop arrival="13:26" departure="13:26">Bildøy</stop>
    <stop arrival="13:30">Straume term.</stop>
  </route>
  <route no="479" destination="Hellesøy kai" url="http://www.web2051.no/bin/tp/zuginfo.exe/on/683604/230357/11972/221883/1/" trafficDays="kjører Lø, ikke 1. Mai">
    <stop departure="11:35" routeNo="479">Straume term.</stop>
    <stop arrival="11:36" departure="11:36">Bildøy</stop>
    <stop arrival="11:38" departure="11:38">Bildøy bro</stop>
    <stop arrival="11:38" departure="11:38">Døsjeskiftet</stop>
    <stop arrival="11:38" departure="11:38">Kolltveit kryss</stop>
    <stop arrival="11:39" departure="11:39">Kolltveit ved skulen</stop>
    <stop arrival="11:39" departure="11:39">Kolltveit sør</stop>
    <stop arrival="11:39" departure="11:39">Kolltveit Bergasletto</stop>
    <stop arrival="11:40" departure="11:40">Kolltveit kai</stop>
    <stop arrival="11:40" departure="11:40">Kolltveit senter</stop>
    <stop arrival="11:42" departure="11:42">Morland ved bensinstasjon</stop>
    <stop arrival="11:43" departure="11:43">Morlandstø</stop>
    <stop arrival="11:44" departure="11:44">Knappskog utmark</stop>
    <stop arrival="11:45" departure="11:45">Fjæreide kryss</stop>
    <stop arrival="11:46" departure="11:46">Knappskog</stop>
    <stop arrival="11:48" departure="11:48">Ormevik</stop>
    <stop arrival="11:49" departure="11:49">Spjeld</stop>
    <stop arrival="11:50" departure="11:50">Spjeldbrekko</stop>
    <stop arrival="11:51" departure="11:51">Ågotnes Vanntanken</stop>
    <stop arrival="11:53" departure="11:53">Ågotnes</stop>
    <stop arrival="11:54" departure="11:54">Ågotnes Maggevarden</stop>
    <stop arrival="11:54" departure="11:54">Ågotnes Kryss CCB</stop>
    <stop arrival="11:55" departure="11:55">Ågotnes terminal</stop>
    <stop arrival="11:57" departure="11:57">Vindenes kryss</stop>
    <stop arrival="11:59" departure="11:59">Solsvik Elvebakken R561</stop>
    <stop arrival="12:00" departure="12:00">Misje sør</stop>
    <stop arrival="12:01" departure="12:01">Misje</stop>
    <stop arrival="12:01" departure="12:01">Misje nord</stop>
    <stop arrival="12:02" departure="12:02">Svelgen bro</stop>
    <stop arrival="12:02" departure="12:02">Stegavika</stop>
    <stop arrival="12:03" departure="12:03">Vik (Øygarden)</stop>
    <stop arrival="12:04" departure="12:04">Toftøy Hyttegrenda</stop>
    <stop arrival="12:04" departure="12:04">Toftøy ved fotballbanen</stop>
    <stop arrival="12:05" departure="12:05">Torsvik kryss (Øygarden)</stop>
    <stop arrival="12:06" departure="12:06">Toftøy Stekabakken</stop>
    <stop arrival="12:08" departure="12:08">Rong Raudhammeren</stop>
    <stop arrival="12:09" departure="12:09">Rong Austamarka</stop>
    <stop arrival="12:09" departure="12:09">Rong Arseta</stop>
    <stop arrival="12:10" departure="12:10">Rong senter</stop>
    <stop arrival="12:11" departure="12:11">Rong Kulturhus</stop>
    <stop arrival="12:13" departure="12:13">Søre Sæle (Butikken) Øygarden</stop>
    <stop arrival="12:13" departure="12:13">Søre Sæle (Øygarden)</stop>
    <stop arrival="12:14" departure="12:14">Blom (Øygarden)</stop>
    <stop arrival="12:15" departure="12:15">Blomvåg terminal</stop>
    <stop arrival="12:16" departure="12:16">Dale (Øygarden)</stop>
    <stop arrival="12:18" departure="12:18">Kollsnes Næringspark</stop>
    <stop arrival="12:19" departure="12:19">Nålura (Øygarden)</stop>
    <stop arrival="12:19" departure="12:19">Rossnes (Øygarden)</stop>
    <stop arrival="12:20" departure="12:20">Ovågen Kystmuseum</stop>
    <stop arrival="12:21" departure="12:21">Østlandet (Øygarden)</stop>
    <stop arrival="12:23" departure="12:23">Straumøy (Øygarden)</stop>
    <stop arrival="12:24" departure="12:24">Sauøy (Øygarden)</stop>
    <stop arrival="12:24" departure="12:24">Tjeldstøstraumen</stop>
    <stop arrival="12:25" departure="12:25">Tjeldstø terminal</stop>
    <stop arrival="12:27" departure="12:27">Alvheim kryss</stop>
    <stop arrival="12:28" departure="12:28">Dåvøy kryss</stop>
    <stop arrival="12:28" departure="12:28">Alvheim skule</stop>
    <stop arrival="12:30" departure="12:30">Alvheimstre</stop>
    <stop arrival="12:32" departure="12:32">Sture oljeterm. kryss</stop>
    <stop arrival="12:33" departure="12:33">Skjold (Øygarden)</stop>
    <stop arrival="12:34" departure="12:34">Gamle Sturekryss</stop>
    <stop arrival="12:34" departure="12:34">Nordvik sør (Øygarden)</stop>
    <stop arrival="12:35" departure="12:35">Nordvik nord (Øygarden)</stop>
    <stop arrival="12:35" departure="12:35">Nautnes</stop>
    <stop arrival="12:36" departure="12:36">Stølsnes (Øygarden)</stop>
    <stop arrival="12:36" departure="12:36">Storhilderen (Øygarden)</stop>
    <stop arrival="12:38" departure="12:38">Trollvatn (Øygarden)</stop>
    <stop arrival="12:39" departure="12:39">Hjelme kryss</stop>
    <stop arrival="12:40" departure="12:40">Halvardskryss</stop>
    <stop arrival="12:40" departure="12:40">Hjelme kyrkje</stop>
    <stop arrival="12:41" departure="12:41">Hjelme gravplass</stop>
    <stop arrival="12:41" departure="12:41">Bakken skule (Øygarden)</stop>
    <stop arrival="12:42" departure="12:42">Svellingen</stop>
    <stop arrival="12:43" departure="12:43">Kalfaret (Øygarden)</stop>
    <stop arrival="12:44" departure="12:44">Hellesund (Øygarden)</stop>
    <stop arrival="12:44" departure="12:44">Hellesøy (Øygarden)</stop>
    <stop arrival="12:45">Hellesøy kai</stop>
  </route>
</routes>
